timestamp,flow,single_flow,uflow,dflow,pusch,pdsch,pdcch,conn
2025-07-24 22:00:00,4.59633,5.43301,0.455607,4.14072,0.12425,0.094618,0.113184,20.656
2025-07-24 23:00:00,4.60112,5.42282,0.456402,4.14472,0.124228,0.09457,0.113319,20.6561
2025-07-25 00:00:00,4.60592,5.41263,0.457197,4.14872,0.124207,0.094522,0.113454,20.6561
2025-07-25 01:00:00,4.61071,5.40245,0.457991,4.15272,0.124185,0.094473,0.113589,20.6562
2025-07-25 02:00:00,,,,,,,,
2025-07-25 03:00:00,,,,,,,,
2025-07-25 04:00:00,,,,,,,,
2025-07-25 05:00:00,,,,,,,,
2025-07-25 06:00:00,,,,,,,,
2025-07-25 07:00:00,,,,,,,,
2025-07-25 08:00:00,,,,,,,,
2025-07-25 09:00:00,,,,,,,,
2025-07-25 10:00:00,,,,,,,,
2025-07-25 11:00:00,,,,,,,,
2025-07-25 12:00:00,,,,,,,,
2025-07-25 13:00:00,,,,,,,,
2025-07-25 14:00:00,,,,,,,,
2025-07-25 15:00:00,,,,,,,,
2025-07-25 16:00:00,,,,,,,,
2025-07-25 17:00:00,,,,,,,,
2025-07-25 18:00:00,,,,,,,,
2025-07-25 19:00:00,,,,,,,,
2025-07-25 20:00:00,,,,,,,,
2025-07-25 21:00:00,,,,,,,,
2025-07-25 22:00:00,,,,,,,,
2025-07-25 23:00:00,,,,,,,,
2025-07-26 00:00:00,,,,,,,,
2025-07-26 01:00:00,,,,,,,,
2025-07-26 02:00:00,,,,,,,,
2025-07-26 03:00:00,,,,,,,,
2025-07-26 04:00:00,,,,,,,,
2025-07-26 05:00:00,,,,,,,,
2025-07-26 06:00:00,,,,,,,,
2025-07-26 07:00:00,,,,,,,,
2025-07-26 08:00:00,,,,,,,,
2025-07-26 09:00:00,,,,,,,,
2025-07-26 10:00:00,,,,,,,,
2025-07-26 11:00:00,,,,,,,,
2025-07-26 12:00:00,,,,,,,,
2025-07-26 13:00:00,,,,,,,,
2025-07-26 14:00:00,,,,,,,,
2025-07-26 15:00:00,,,,,,,,
2025-07-26 16:00:00,,,,,,,,
2025-07-26 17:00:00,,,,,,,,
2025-07-26 18:00:00,,,,,,,,
2025-07-26 19:00:00,,,,,,,,
2025-07-26 20:00:00,,,,,,,,
2025-07-26 21:00:00,,,,,,,,
2025-07-26 22:00:00,,,,,,,,
2025-07-26 23:00:00,,,,,,,,
2025-07-27 00:00:00,,,,,,,,
2025-07-27 01:00:00,,,,,,,,
2025-07-27 02:00:00,,,,,,,,
2025-07-27 03:00:00,,,,,,,,
2025-07-27 04:00:00,,,,,,,,
2025-07-27 05:00:00,,,,,,,,
2025-07-27 06:00:00,,,,,,,,
2025-07-27 07:00:00,,,,,,,,
2025-07-27 08:00:00,,,,,,,,
2025-07-27 09:00:00,,,,,,,,
2025-07-27 10:00:00,,,,,,,,
2025-07-27 11:00:00,,,,,,,,
2025-07-27 12:00:00,,,,,,,,
2025-07-27 13:00:00,,,,,,,,
2025-07-27 14:00:00,,,,,,,,
2025-07-27 15:00:00,,,,,,,,
2025-07-27 16:00:00,,,,,,,,
2025-07-27 17:00:00,,,,,,,,
2025-07-27 18:00:00,,,,,,,,
2025-07-27 19:00:00,,,,,,,,
2025-07-27 20:00:00,,,,,,,,
2025-07-27 21:00:00,,,,,,,,
2025-07-27 22:00:00,,,,,,,,
2025-07-27 23:00:00,,,,,,,,
2025-07-28 00:00:00,,,,,,,,
2025-07-28 01:00:00,,,,,,,,
2025-07-28 02:00:00,,,,,,,,
2025-07-28 03:00:00,,,,,,,,
2025-07-28 04:00:00,,,,,,,,
2025-07-28 05:00:00,,,,,,,,
2025-07-28 06:00:00,,,,,,,,
2025-07-28 07:00:00,,,,,,,,
2025-07-28 08:00:00,,,,,,,,
2025-07-28 09:00:00,,,,,,,,
2025-07-28 10:00:00,,,,,,,,
2025-07-28 11:00:00,,,,,,,,
2025-07-28 12:00:00,,,,,,,,
2025-07-28 13:00:00,,,,,,,,
2025-07-28 14:00:00,,,,,,,,
2025-07-28 15:00:00,,,,,,,,
2025-07-28 16:00:00,,,,,,,,
2025-07-28 17:00:00,,,,,,,,
2025-07-28 18:00:00,,,,,,,,
2025-07-28 19:00:00,,,,,,,,
2025-07-28 20:00:00,,,,,,,,
2025-07-28 21:00:00,,,,,,,,
2025-07-28 22:00:00,,,,,,,,
2025-07-28 23:00:00,,,,,,,,
2025-07-29 00:00:00,,,,,,,,
2025-07-29 01:00:00,,,,,,,,
2025-07-29 02:00:00,,,,,,,,
2025-07-29 03:00:00,,,,,,,,
2025-07-29 04:00:00,,,,,,,,
2025-07-29 05:00:00,,,,,,,,
2025-07-29 06:00:00,,,,,,,,
2025-07-29 07:00:00,,,,,,,,
2025-07-29 08:00:00,,,,,,,,
2025-07-29 09:00:00,,,,,,,,
2025-07-29 10:00:00,,,,,,,,
2025-07-29 11:00:00,,,,,,,,
2025-07-29 12:00:00,,,,,,,,
2025-07-29 13:00:00,,,,,,,,
2025-07-29 14:00:00,,,,,,,,
2025-07-29 15:00:00,,,,,,,,
2025-07-29 16:00:00,,,,,,,,
2025-07-29 17:00:00,5.14759,4.26125,0.547009,4.60058,0.121757,0.089083,0.128711,20.663
2025-07-29 18:00:00,5.53592,5.31278,0.370473,5.16545,0.107471,0.093381,0.123675,18.068
2025-07-29 19:00:00,4.12284,4.79401,0.306802,3.81604,0.103334,0.081904,0.099762,12.696
2025-07-29 20:00:00,7.92753,7.24637,0.581263,7.34627,0.143299,0.135345,0.144536,24.243
2025-07-29 21:00:00,6.30092,8.09886,0.598658,5.70226,0.119288,0.114102,0.143158,21.246
2025-07-29 22:00:00,4.92697,4.97674,0.826443,4.10053,0.113722,0.087601,0.117879,19.063
2025-07-29 23:00:00,3.17378,4.30051,0.254817,2.91896,0.090259,0.071415,0.110401,13.158
2025-07-30 00:00:00,2.82647,3.75861,0.172777,2.6537,0.071022,0.071986,0.084757,10.77
2025-07-30 01:00:00,2.59492,3.74988,0.076177,2.51874,0.043605,0.036547,0.05134,5.397
2025-07-30 02:00:00,2.12156,2.72695,0.076996,2.04457,0.064234,0.043106,0.066201,5.802
2025-07-30 03:00:00,0.612188,0.968652,0.027784,0.584404,0.043259,0.021306,0.048926,3.741
2025-07-30 04:00:00,0.225296,0.357613,0.053207,0.172089,0.046073,0.025888,0.051582,2.92
2025-07-30 05:00:00,0.984646,2.17842,0.126103,0.858543,0.039234,0.017163,0.044744,3.041
2025-07-30 06:00:00,1.43131,3.54284,0.087248,1.34406,0.041472,0.025531,0.067733,5.977
2025-07-30 07:00:00,1.95521,2.14858,0.15585,1.79936,0.062594,0.037329,0.091727,8.158
2025-07-30 08:00:00,1.9671,2.91854,0.113357,1.85374,0.085853,0.06966,0.108773,11.451
2025-07-30 09:00:00,3.1061,2.54182,0.313196,2.7929,0.072903,0.053235,0.095215,11.517
2025-07-30 10:00:00,3.49086,3.2263,0.242222,3.24864,0.082824,0.058974,0.125623,14.787
2025-07-30 11:00:00,3.47726,2.2405,0.285543,3.19171,0.085486,0.057177,0.103778,13.68
2025-07-30 12:00:00,3.39402,3.90117,0.239601,3.15442,0.083697,0.058666,0.092348,13.937
2025-07-30 13:00:00,3.77481,5.17097,0.283443,3.49137,0.090475,0.060947,0.10171,17.336
2025-07-30 14:00:00,2.75615,4.60894,0.19549,2.56066,0.0779,0.063471,0.127523,12.825
2025-07-30 15:00:00,2.47094,3.89738,0.196075,2.27486,0.088109,0.061853,0.130561,10.553
2025-07-30 16:00:00,1.30798,1.77714,0.128762,1.17921,0.066067,0.034143,0.092679,8.446
2025-07-30 17:00:00,3.94604,3.89925,0.39679,3.54925,0.107456,0.070613,0.125846,17.421
2025-07-30 18:00:00,4.31243,3.32236,0.337516,3.97491,0.11093,0.085014,0.125171,19.209
2025-07-30 19:00:00,2.88496,2.26094,0.441301,2.44366,0.10726,0.059137,0.098653,13.377
2025-07-30 20:00:00,3.54877,3.95186,0.560863,2.98791,0.128422,0.07484,0.127119,17.931
2025-07-30 21:00:00,4.1217,3.96317,0.478822,3.64288,0.125145,0.107721,0.11666,21.418
2025-07-30 22:00:00,5.18345,5.15253,0.566138,4.61731,0.120347,0.101115,0.11921,22.39
2025-07-30 23:00:00,7.13009,9.84819,0.523821,6.60627,0.112245,0.119517,0.0967,22.669
2025-07-31 00:00:00,2.25837,4.59018,0.1192,2.13917,0.057383,0.046396,0.059194,10.248
2025-07-31 01:00:00,1.87446,3.33534,0.128872,1.74559,0.049847,0.033393,0.057892,5.999
2025-07-31 02:00:00,0.927503,1.43133,0.077953,0.84955,0.043373,0.021207,0.050419,3.815
2025-07-31 03:00:00,0.356505,0.78181,0.01924,0.337265,0.024055,0.008083,0.038175,1.774
2025-07-31 04:00:00,0.443602,0.775528,0.019865,0.423737,0.030748,0.008608,0.038284,2.279
2025-07-31 05:00:00,1.0419,2.1797,0.062322,0.979573,0.048579,0.019245,0.05527,5.755
2025-07-31 06:00:00,1.87696,2.18252,0.090819,1.78615,0.055881,0.033084,0.075746,6.948
2025-07-31 07:00:00,2.06902,2.7224,0.126887,1.94214,0.063389,0.043417,0.084278,7.479
2025-07-31 08:00:00,2.04026,2.69163,0.134699,1.90556,0.060153,0.035585,0.084469,8.317
2025-07-31 09:00:00,3.59641,5.00892,0.158373,3.43803,0.066771,0.040814,0.102411,10.35
2025-07-31 10:00:00,2.34772,2.80828,0.172697,2.17502,0.07654,0.046703,0.116793,10.27
2025-07-31 11:00:00,3.05486,3.03061,0.315871,2.73899,0.089013,0.054477,0.110045,8.918
2025-07-31 12:00:00,3.23859,4.17344,0.223725,3.01486,0.082198,0.078401,0.099189,11.883
2025-07-31 13:00:00,1.6703,2.40677,0.168191,1.50211,0.074671,0.040284,0.090468,9.105
2025-07-31 14:00:00,3.15689,4.12126,0.17462,2.98227,0.075185,0.047358,0.084541,10.607
2025-07-31 15:00:00,3.19868,4.39379,0.206205,2.99247,0.069132,0.051827,0.088868,9.624
2025-07-31 16:00:00,1.82991,2.17329,0.177106,1.65281,0.07615,0.039042,0.085655,10.247
2025-07-31 17:00:00,5.16148,4.83284,0.556545,4.60493,0.098511,0.075375,0.107431,17.225
2025-07-31 18:00:00,5.38972,4.64631,0.514879,4.87484,0.115964,0.091463,0.119405,19.293
2025-07-31 19:00:00,5.25409,5.03265,0.454302,4.79978,0.111042,0.095656,0.116638,16.739
2025-07-31 20:00:00,5.89039,6.36111,0.512564,5.37783,0.134622,0.117736,0.114542,24.609
2025-07-31 21:00:00,5.37734,9.05276,0.392019,4.98532,0.113899,0.110899,0.099301,23.375
2025-07-31 22:00:00,6.82129,10.0907,0.708507,6.11278,0.14368,0.110658,0.109864,29.711
2025-07-31 23:00:00,4.27858,9.95019,0.375168,3.90341,0.088351,0.087065,0.086833,14.296
2025-08-01 00:00:00,3.56897,6.81101,0.258009,3.31096,0.082138,0.046159,0.062318,9.557
2025-08-01 01:00:00,1.46141,4.8391,0.076915,1.38449,0.048737,0.026036,0.048505,5.756
2025-08-01 02:00:00,1.66444,3.46758,0.078911,1.58553,0.064811,0.047413,0.069579,8.375
2025-08-01 03:00:00,0.608703,1.17966,0.041659,0.567044,0.053692,0.028234,0.049995,6.057
2025-08-01 04:00:00,0.746837,1.01472,0.089107,0.65773,0.045939,0.038914,0.048234,2.688
2025-08-01 05:00:00,0.551966,1.25447,0.031696,0.52027,0.027437,0.011166,0.041499,2.56
2025-08-01 06:00:00,1.5612,2.79785,0.071596,1.4896,0.035068,0.026036,0.049911,4.024
2025-08-01 07:00:00,1.47326,2.38392,0.165887,1.30737,0.058489,0.029126,0.070729,5.126
2025-08-01 08:00:00,2.96948,4.17062,0.286303,2.68318,0.082993,0.050819,0.102428,11.378
2025-08-01 09:00:00,1.65723,2.19211,0.128961,1.52827,0.092364,0.034958,0.095807,8.67
2025-08-01 10:00:00,9.60246,7.97547,0.311989,9.29048,0.087504,0.071862,0.102251,12.157
2025-08-01 11:00:00,2.93116,3.11163,0.241741,2.68941,0.078198,0.044628,0.091393,11.926
2025-08-01 12:00:00,1.61541,2.22508,0.194111,1.4213,0.069103,0.036033,0.090169,11.473
2025-08-01 13:00:00,2.49228,3.76478,0.221656,2.27063,0.07768,0.04801,0.100952,11.143
2025-08-01 14:00:00,3.13735,4.96416,0.568041,2.56931,0.113827,0.04712,0.100099,13.605
2025-08-01 15:00:00,2.15276,2.57508,0.261506,1.89126,0.080157,0.039588,0.09114,10.551
2025-08-01 16:00:00,2.73238,3.75327,0.165808,2.56657,0.069863,0.045208,0.086774,10.897
2025-08-01 17:00:00,4.65507,4.85916,0.463397,4.19168,0.123199,0.074519,0.112977,18.01
2025-08-01 18:00:00,5.49844,5.42253,0.458705,5.03974,0.130254,0.100759,0.122028,15.889
2025-08-01 19:00:00,4.05943,3.17639,0.325058,3.73437,0.107997,0.08476,0.122814,20.133
2025-08-01 20:00:00,3.49608,3.77547,0.468173,3.02791,0.131654,0.075608,0.106288,16.207
2025-08-01 21:00:00,4.45632,4.36038,0.334258,4.12206,0.1106,0.081003,0.115125,20.356
2025-08-01 22:00:00,3.51301,5.45499,0.424243,3.08877,0.118386,0.076318,0.108721,20.992
2025-08-01 23:00:00,3.76917,5.87099,0.283892,3.48528,0.097298,0.076948,0.107013,17.196
2025-08-02 00:00:00,4.35744,9.99413,0.333929,4.02351,0.107444,0.087059,0.103913,15.95
2025-08-02 01:00:00,1.54355,3.67513,0.200843,1.34271,0.062885,0.037738,0.068457,6.635
2025-08-02 02:00:00,0.300204,0.617704,0.03206,0.268144,0.058882,0.030735,0.06264,5.431
2025-08-02 03:00:00,0.639065,1.3773,0.037303,0.601762,0.045787,0.025697,0.048267,5.646
2025-08-02 04:00:00,0.716775,1.54478,0.035461,0.681314,0.034646,0.014881,0.044582,3.285
2025-08-02 05:00:00,1.48409,3.80536,0.051959,1.43213,0.033254,0.017487,0.040381,3.91
2025-08-02 06:00:00,1.05769,1.81734,0.06017,0.997523,0.036048,0.016646,0.048627,3.63
2025-08-02 07:00:00,1.49473,1.9262,0.091912,1.40282,0.045555,0.025033,0.060942,5.541
2025-08-02 08:00:00,3.20162,4.54776,0.221911,2.97971,0.075667,0.04521,0.08554,11.087
2025-08-02 09:00:00,4.5602,6.03201,0.241076,4.31912,0.077449,0.066611,0.095576,13.978
2025-08-02 10:00:00,4.04584,6.83418,0.292671,3.75317,0.09893,0.078699,0.103348,15.392
2025-08-02 11:00:00,3.26407,3.44311,0.277723,2.98634,0.091154,0.05459,0.103538,13.645
2025-08-02 12:00:00,7.40865,10.5536,0.36157,7.04708,0.096755,0.114613,0.119999,12.068
2025-08-02 13:00:00,5.72894,7.59807,0.679372,5.04957,0.130531,0.092493,0.105562,14.154
2025-08-02 14:00:00,4.61105,6.68268,0.862093,3.74896,0.151416,0.099516,0.108102,13.807
2025-08-02 15:00:00,2.0969,2.7162,0.329846,1.76706,0.098261,0.047411,0.092959,10.295
2025-08-02 16:00:00,4.03737,4.72759,0.396664,3.6407,0.111986,0.067944,0.117954,15.755
2025-08-02 17:00:00,5.21864,5.12637,0.512375,4.70627,0.120795,0.094849,0.139861,20.95
2025-08-02 18:00:00,5.79207,6.05865,0.724769,5.0673,0.149768,0.106304,0.148512,21.591
2025-08-02 19:00:00,3.51147,5.05976,0.372149,3.13932,0.117333,0.084436,0.112367,16.216
2025-08-02 20:00:00,6.32538,7.28731,0.434365,5.89102,0.115872,0.110027,0.124768,22.639
2025-08-02 21:00:00,4.4599,6.26391,0.415963,4.04394,0.105716,0.088427,0.110774,19.571
2025-08-02 22:00:00,2.95084,4.86938,0.42365,2.52719,0.101968,0.063524,0.090764,15.928
2025-08-02 23:00:00,5.19564,9.27792,0.399638,4.796,0.088026,0.07088,0.075751,15.028
2025-08-03 00:00:00,1.71503,4.53711,0.097043,1.61799,0.056887,0.04597,0.065803,5.74
2025-08-03 01:00:00,1.98102,6.39037,0.081565,1.89945,0.047421,0.039234,0.052417,5.103
2025-08-03 02:00:00,1.4719,1.94182,0.057636,1.41426,0.067799,0.07981,0.091643,6.392
2025-08-03 03:00:00,1.42935,1.66979,0.119311,1.31003,0.067326,0.053256,0.056482,8.551
2025-08-03 04:00:00,1.21546,1.89915,0.058018,1.15744,0.053127,0.032791,0.05782,6.186
2025-08-03 05:00:00,1.16573,1.87416,0.060583,1.10514,0.043808,0.021563,0.048657,5.634
2025-08-03 06:00:00,1.61385,3.16441,0.081836,1.53201,0.042319,0.023886,0.047622,5.7
2025-08-03 07:00:00,1.6886,1.91886,0.097367,1.59123,0.057019,0.031226,0.065709,8.231
2025-08-03 08:00:00,1.80516,2.01021,0.12588,1.67928,0.064021,0.036761,0.074764,8.579
2025-08-03 09:00:00,2.7608,3.83444,0.154634,2.60616,0.074015,0.047209,0.093795,12.411
2025-08-03 10:00:00,2.79531,2.75129,0.233727,2.56158,0.075342,0.056906,0.105187,10.568
2025-08-03 11:00:00,3.74442,3.90043,0.335539,3.40888,0.093531,0.055934,0.102198,13.256
2025-08-03 12:00:00,4.31065,5.3482,0.390275,3.92037,0.107268,0.081841,0.121778,14.348
2025-08-03 13:00:00,4.93794,7.0542,0.319714,4.61822,0.091445,0.080059,0.113909,13.028
2025-08-03 14:00:00,5.81003,6.9498,0.510506,5.29953,0.098143,0.077051,0.113192,15.257
2025-08-03 15:00:00,4.75489,5.70131,0.262717,4.49217,0.096739,0.076907,0.115956,18.046
2025-08-03 16:00:00,3.75042,3.88242,0.300899,3.44952,0.104017,0.061477,0.104421,20.58
2025-08-03 17:00:00,7.37906,7.4087,0.473556,6.90551,0.111371,0.087235,0.115374,20.434
2025-08-03 18:00:00,4.37137,4.44245,0.473865,3.8975,0.10811,0.078035,0.103477,19.725
2025-08-03 19:00:00,4.58452,6.80196,0.391637,4.19289,0.088713,0.089205,0.132134,16.033
2025-08-03 20:00:00,5.97072,7.87693,1.02081,4.94991,0.139733,0.112464,0.153649,25.556
2025-08-03 21:00:00,5.83078,7.21631,0.479063,5.35171,0.121934,0.099012,0.125352,28.009
2025-08-03 22:00:00,6.56371,7.56188,0.904377,5.65934,0.150177,0.115055,0.132542,34.439
2025-08-03 23:00:00,4.47244,5.93162,0.684194,3.78825,0.114898,0.079737,0.08503,15.473
2025-08-04 00:00:00,2.72015,5.86238,0.309915,2.41023,0.074705,0.055545,0.059,8.543
2025-08-04 01:00:00,0.982138,2.49274,0.112176,0.869962,0.044381,0.028488,0.051222,4.633
2025-08-04 02:00:00,0.610032,1.00999,0.033852,0.57618,0.034243,0.028011,0.047404,4.73
2025-08-04 03:00:00,0.218061,0.476114,0.012245,0.205816,0.02121,0.008136,0.037376,2.009
2025-08-04 04:00:00,0.416038,0.800073,0.022704,0.393334,0.021837,0.006687,0.037823,1.854
2025-08-04 05:00:00,0.674928,1.10282,0.041963,0.632965,0.025384,0.00748,0.038092,2.354
2025-08-04 06:00:00,0.920565,1.17719,0.096008,0.824557,0.042034,0.015719,0.048543,4.831
2025-08-04 07:00:00,2.07506,2.49406,0.34548,1.72958,0.07921,0.035187,0.087064,9.451
2025-08-04 08:00:00,3.73918,4.45141,0.257706,3.48148,0.090023,0.068666,0.112604,14.17
2025-08-04 09:00:00,3.7203,4.15212,0.34426,3.37604,0.085183,0.052226,0.089952,14.304
2025-08-04 10:00:00,4.68874,4.53457,0.466097,4.22264,0.094636,0.063746,0.097247,14.335
2025-08-04 11:00:00,3.95397,3.31709,0.248148,3.70582,0.07835,0.055599,0.101586,13.07
2025-08-04 12:00:00,2.48373,2.37905,0.349944,2.13378,0.092243,0.041101,0.080206,9.858
2025-08-04 13:00:00,2.32911,2.70826,0.241629,2.08748,0.074432,0.040588,0.08249,11.096
2025-08-04 14:00:00,3.23306,4.63189,0.217605,3.01546,0.063484,0.044978,0.085772,10.868
2025-08-04 15:00:00,3.09348,4.56265,0.24179,2.85169,0.070257,0.043094,0.094457,11.492
2025-08-04 16:00:00,7.17972,8.27157,0.394648,6.78507,0.093265,0.075665,0.10131,14.754
2025-08-04 17:00:00,6.403,6.13314,0.34991,6.05309,0.093504,0.075432,0.099921,17.615
2025-08-04 18:00:00,5.51907,6.57032,0.596339,4.92273,0.118244,0.08085,0.111377,18.915
2025-08-04 19:00:00,5.80214,6.7624,0.475313,5.32682,0.108626,0.092529,0.100107,20.755
2025-08-04 20:00:00,9.23928,13.124,0.751551,8.48773,0.145329,0.128147,0.126792,25.26
2025-08-04 21:00:00,4.83188,5.07551,0.53743,4.29445,0.141412,0.102267,0.123997,15.894
2025-08-04 22:00:00,4.51232,5.77023,0.61268,3.89964,0.13453,0.089649,0.110978,20.557
2025-08-04 23:00:00,3.27786,7.62294,0.362722,2.91514,0.087229,0.068013,0.081155,11.047
2025-08-05 00:00:00,2.38918,7.32877,0.192813,2.19637,0.060727,0.044906,0.05963,6.257
2025-08-05 01:00:00,1.43512,4.34885,0.068915,1.36621,0.037846,0.025074,0.056087,5.267
2025-08-05 02:00:00,0.979453,3.82598,0.042204,0.937249,0.033217,0.022691,0.044313,3.082
2025-08-05 03:00:00,0.517526,1.84831,0.01873,0.498796,0.019864,0.007653,0.031924,1.623
2025-08-05 04:00:00,1.27118,3.92341,0.046965,1.22422,0.035152,0.022106,0.038103,4.834
2025-08-05 05:00:00,1.93294,3.6748,0.059062,1.87388,0.03405,0.019548,0.039491,4.148
2025-08-05 06:00:00,1.71463,3.16353,0.086645,1.62799,0.046941,0.025019,0.053149,6.725
2025-08-05 07:00:00,3.63722,4.24908,0.505272,3.13194,0.10277,0.063473,0.108871,11.43
2025-08-05 08:00:00,2.60669,3.12553,0.170738,2.43595,0.0646,0.043375,0.091028,8.461
2025-08-05 09:00:00,2.00845,2.7513,0.133167,1.87528,0.077724,0.053378,0.089729,10.843
2025-08-05 10:00:00,2.19306,1.81846,0.150995,2.04207,0.074904,0.044934,0.08885,9.259
2025-08-05 11:00:00,2.99777,2.34201,0.931584,2.06619,0.13134,0.043027,0.096829,12.257
2025-08-05 12:00:00,2.22713,2.28658,0.234432,1.9927,0.081055,0.045324,0.089558,11.509
2025-08-05 13:00:00,2.21848,2.36008,0.210552,2.00793,0.073671,0.054015,0.100405,12.231
2025-08-05 14:00:00,1.30354,1.95727,0.212633,1.09091,0.062966,0.029892,0.077652,10.222
2025-08-05 15:00:00,1.1251,2.2868,0.076841,1.04826,0.072024,0.0393,0.088572,5.512
2025-08-05 16:00:00,2.23207,3.22554,0.150399,2.08167,0.063914,0.044907,0.097389,9.476
2025-08-05 17:00:00,3.65545,3.84784,0.439541,3.21591,0.102017,0.063469,0.10719,18.258
2025-08-05 18:00:00,2.29583,2.87698,0.32991,1.96592,0.11806,0.059353,0.113832,12.136
2025-08-05 19:00:00,3.31635,4.83433,0.565391,2.75096,0.13583,0.08618,0.117848,17.493
2025-08-05 20:00:00,4.12396,6.08253,0.234537,3.88942,0.112272,0.097284,0.138587,14.73
2025-08-05 21:00:00,7.69641,10.6598,0.418451,7.27796,0.121291,0.136698,0.126368,19.586
2025-08-05 22:00:00,2.98581,5.5914,0.161927,2.82388,0.114837,0.087818,0.095566,13.485
2025-08-05 23:00:00,2.20319,4.89597,0.172546,2.03064,0.081021,0.062967,0.080648,8.544
2025-08-06 00:00:00,0.628912,4.13758,0.073972,0.55494,0.106912,0.04807,0.054947,4.739
2025-08-06 01:00:00,2.5949,3.7499,0.0762,2.5187,0.0436,0.0365,0.0513,5.397
2025-08-06 02:00:00,2.1216,2.7269,0.077,2.0446,0.0642,0.0431,0.0662,5.802
2025-08-06 03:00:00,0.6122,0.9687,0.0278,0.5844,0.0433,0.0213,0.0489,3.741
2025-08-06 04:00:00,0.2253,0.3576,0.0532,0.1721,0.0461,0.0259,0.0516,2.92
2025-08-06 05:00:00,0.9846,2.1784,0.1261,0.8585,0.0392,0.0172,0.0447,3.041
2025-08-06 06:00:00,1.4313,3.5428,0.0872,1.3441,0.0415,0.0255,0.0677,5.977
2025-08-06 07:00:00,1.9552,2.1486,0.1559,1.7994,0.0626,0.0373,0.0917,8.158
2025-08-06 08:00:00,1.9671,2.9185,0.1134,1.8537,0.0859,0.0697,0.1088,11.451
2025-08-06 09:00:00,3.1061,2.5418,0.3132,2.7929,0.0729,0.0532,0.0952,11.517
2025-08-06 10:00:00,3.4909,3.2263,0.2422,3.2486,0.0828,0.059,0.1256,14.787
2025-08-06 11:00:00,3.4773,2.2405,0.2855,3.1917,0.0855,0.0572,0.1038,13.68
2025-08-06 12:00:00,3.394,3.9012,0.2396,3.1544,0.0837,0.0587,0.0923,13.937
2025-08-06 13:00:00,3.7748,5.171,0.2834,3.4914,0.0905,0.0609,0.1017,17.336
2025-08-06 14:00:00,2.7561,4.6089,0.1955,2.5607,0.0779,0.0635,0.1275,12.825
2025-08-06 15:00:00,2.4709,3.8974,0.1961,2.2749,0.0881,0.0619,0.1306,10.553
2025-08-06 16:00:00,1.308,1.7771,0.1288,1.1792,0.0661,0.0341,0.0927,8.446
2025-08-06 17:00:00,3.946,3.8992,0.3968,3.5492,0.1075,0.0706,0.1258,17.421
2025-08-06 18:00:00,4.3124,3.3224,0.3375,3.9749,0.1109,0.085,0.1252,19.209
2025-08-06 19:00:00,2.885,2.2609,0.4413,2.4437,0.1073,0.0591,0.0987,13.377
2025-08-06 20:00:00,3.5488,3.9519,0.5609,2.9879,0.1284,0.0748,0.1271,17.931
2025-08-06 21:00:00,4.1217,3.9632,0.4788,3.6429,0.1251,0.1077,0.1167,21.418
2025-08-06 22:00:00,5.1834,5.1525,0.5661,4.6173,0.1203,0.1011,0.1192,22.39
2025-08-06 23:00:00,7.1301,9.8482,0.5238,6.6063,0.1122,0.1195,0.0967,22.669
2025-08-07 00:00:00,2.52213,5.60473,0.142528,2.3796,0.05707,0.039718,0.058443,6.397
2025-08-07 01:00:00,7.9956,28.3532,0.05601,7.93959,0.029559,0.054222,0.039278,2.893
2025-08-07 02:00:00,3.92544,11.1518,0.029828,3.89561,0.027972,0.035821,0.04283,1.933
2025-08-07 03:00:00,0.687117,1.42555,0.036201,0.650916,0.031092,0.03345,0.050302,2.133
2025-08-07 04:00:00,0.864508,1.80263,0.04925,0.815258,0.039846,0.026325,0.052801,3.944
2025-08-07 05:00:00,1.0419,2.1797,0.0623,0.9796,0.0486,0.0192,0.0553,5.755
2025-08-07 06:00:00,1.877,2.1825,0.0908,1.7861,0.0559,0.0331,0.0757,6.948
2025-08-07 07:00:00,2.069,2.7224,0.1269,1.9421,0.0634,0.0434,0.0843,7.479
2025-08-07 08:00:00,2.0403,2.6916,0.1347,1.9056,0.0602,0.0356,0.0845,8.317
2025-08-07 09:00:00,3.5964,5.0089,0.1584,3.438,0.0668,0.0408,0.1024,10.35
2025-08-07 10:00:00,2.3477,2.8083,0.1727,2.175,0.0765,0.0467,0.1168,10.27
2025-08-07 11:00:00,3.0549,3.0306,0.3159,2.739,0.089,0.0545,0.11,8.918
2025-08-07 12:00:00,3.2386,4.1734,0.2237,3.0149,0.0822,0.0784,0.0992,11.883
2025-08-07 13:00:00,1.6703,2.4068,0.1682,1.5021,0.0747,0.0403,0.0905,9.105
2025-08-07 14:00:00,2.99411,5.48372,0.217167,2.77694,0.068666,0.059758,0.082973,10.49
2025-08-07 15:00:00,1.78664,3.884,0.139303,1.64734,0.073601,0.049596,0.099651,9.998
2025-08-07 16:00:00,2.12203,2.23843,0.183302,1.93873,0.073147,0.042689,0.086271,8.155
2025-08-07 17:00:00,3.18791,2.27059,0.55417,2.63374,0.101517,0.057313,0.102246,13.85
2025-08-07 18:00:00,5.3897,4.6463,0.5149,4.8748,0.116,0.0915,0.1194,19.293
2025-08-07 19:00:00,5.2541,5.0326,0.4543,4.7998,0.111,0.0957,0.1166,16.739
2025-08-07 20:00:00,5.8904,6.3611,0.5126,5.3778,0.1346,0.1177,0.1145,24.609
2025-08-07 21:00:00,5.26271,4.96482,0.560546,4.70216,0.1435,0.099324,0.126216,21.919
2025-08-07 22:00:00,3.89854,4.77763,0.468861,3.42968,0.101028,0.067272,0.098757,18.174
2025-08-07 23:00:00,5.42404,9.13139,0.347044,5.077,0.093812,0.089466,0.095364,15.223
2025-08-08 00:00:00,2.21974,3.23577,0.131945,2.08779,0.056808,0.039457,0.06288,7.519
2025-08-08 01:00:00,2.95973,4.85201,0.139491,2.82023,0.048037,0.042307,0.056185,6.599
2025-08-08 02:00:00,1.95667,3.30518,0.086171,1.8705,0.059292,0.043196,0.056084,5.564
2025-08-08 03:00:00,0.224367,0.675803,0.0192,0.205167,0.021806,0.008114,0.038498,1.704
2025-08-08 04:00:00,1.08321,3.58679,0.036591,1.04662,0.022114,0.012038,0.034019,1.548
2025-08-08 05:00:00,0.800736,2.22427,0.035477,0.765259,0.032703,0.018883,0.043206,2.592
2025-08-08 06:00:00,1.2542,2.77477,0.077302,1.1769,0.029438,0.01767,0.046291,3.704
2025-08-08 07:00:00,2.68286,4.17891,0.125017,2.55784,0.050778,0.035657,0.069677,7.339
2025-08-08 08:00:00,2.72294,3.59227,0.239406,2.48354,0.058977,0.040131,0.085116,8.07
2025-08-08 09:00:00,4.51301,6.09867,0.268235,4.24478,0.075419,0.06734,0.091091,13.759
2025-08-08 10:00:00,2.87506,3.66717,0.189741,2.68532,0.068319,0.045868,0.090708,11.041
2025-08-08 11:00:00,2.78307,2.52547,0.194144,2.58892,0.085426,0.063878,0.128379,12.832
2025-08-08 12:00:00,2.13602,3.92651,0.215668,1.92035,0.082709,0.051945,0.102437,12.579
2025-08-08 13:00:00,2.30925,3.6082,0.211487,2.09776,0.061714,0.040425,0.093612,7.219
2025-08-08 14:00:00,1.80811,3.15002,0.119891,1.68822,0.057093,0.0357,0.080489,7.18
2025-08-08 15:00:00,1.90583,3.03476,0.165828,1.74,0.075807,0.048589,0.094207,11.29
2025-08-08 16:00:00,2.85287,3.2567,0.26164,2.59123,0.077743,0.048745,0.094426,12.381
2025-08-08 17:00:00,3.44968,3.19415,0.277378,3.1723,0.102425,0.064451,0.11219,13.284
2025-08-08 18:00:00,3.64535,3.62361,0.349226,3.29612,0.155526,0.082267,0.122354,18.914
2025-08-08 19:00:00,5.96588,4.80344,0.59498,5.3709,0.128766,0.094773,0.122384,21.583
2025-08-08 20:00:00,3.87911,4.65121,0.474139,3.40497,0.131118,0.074921,0.099828,20.133
2025-08-08 21:00:00,3.34954,3.99707,0.406231,2.94331,0.120148,0.069981,0.104987,19.821
2025-08-08 22:00:00,4.52209,6.55376,0.541971,3.98012,0.141482,0.109353,0.106427,21.621
2025-08-08 23:00:00,4.15748,6.64134,0.323371,3.83411,0.08596,0.094663,0.08889,11.933
2025-08-09 00:00:00,4.3574,9.9941,0.3339,4.0235,0.1074,0.0871,0.1039,15.95
2025-08-09 01:00:00,1.5436,3.6751,0.2008,1.3427,0.0629,0.0377,0.0685,6.635
2025-08-09 02:00:00,0.329109,0.744589,0.027531,0.301578,0.0414,0.02979,0.046459,2.285
2025-08-09 03:00:00,0.361614,1.14435,0.012713,0.348901,0.029954,0.019728,0.042359,0.604
2025-08-09 04:00:00,0.324404,0.983041,0.017345,0.307059,0.016705,0.00567,0.034108,1.18
2025-08-09 05:00:00,0.852285,2.73168,0.033534,0.818751,0.034887,0.019223,0.04136,4.2
2025-08-09 06:00:00,1.15674,2.64097,0.046758,1.10998,0.02571,0.015521,0.042576,3.166
2025-08-09 07:00:00,2.38707,4.43694,0.090868,2.29621,0.04217,0.025677,0.056602,4.075
2025-08-09 08:00:00,1.67495,2.56109,0.121981,1.55297,0.04815,0.029716,0.064771,6.139
2025-08-09 09:00:00,1.1398,2.6631,0.100576,1.03923,0.059129,0.032082,0.072399,5.145
2025-08-09 10:00:00,2.59728,3.16742,0.138685,2.4586,0.064362,0.043922,0.089086,8.742
2025-08-09 11:00:00,3.50912,4.09944,0.222032,3.28709,0.081178,0.062686,0.103808,9.309
2025-08-09 12:00:00,2.60684,2.94892,0.267838,2.339,0.089592,0.067806,0.106918,13.967
2025-08-09 13:00:00,2.62353,4.3436,0.239545,2.38399,0.077803,0.054265,0.105212,10.41
2025-08-09 14:00:00,4.41863,7.86233,0.615028,3.8036,0.093044,0.069486,0.104502,16.712
2025-08-09 15:00:00,4.36631,4.29755,0.324753,4.04155,0.081631,0.071196,0.109416,18.53
2025-08-09 16:00:00,7.50985,10.3157,0.369787,7.14007,0.091736,0.111473,0.106173,17.955
2025-08-09 17:00:00,6.7595,12.6582,0.307391,6.45211,0.097563,0.107079,0.102719,14.518
2025-08-09 18:00:00,4.91413,4.82724,0.347714,4.56642,0.100746,0.075151,0.09913,17.306
2025-08-09 19:00:00,5.99271,6.10255,0.697893,5.29481,0.125679,0.079375,0.102058,21.124
2025-08-09 20:00:00,3.27825,4.82096,0.283358,2.9949,0.09278,0.074337,0.105841,15.712
2025-08-09 21:00:00,4.29379,5.42145,0.490349,3.80344,0.113439,0.073018,0.124746,20.884
2025-08-09 22:00:00,4.9897,6.65293,0.441828,4.54787,0.11261,0.07604,0.103612,16.274
2025-08-09 23:00:00,4.29329,6.50498,0.247806,4.04548,0.076677,0.063174,0.073187,13.907
2025-08-10 00:00:00,2.64631,5.75284,0.138003,2.50831,0.058509,0.042837,0.056232,9.215
2025-08-10 01:00:00,1.86058,4.03967,0.092792,1.76778,0.049005,0.03021,0.049685,6.6465
2025-08-10 02:00:00,1.07484,2.3265,0.047581,1.02726,0.039501,0.017583,0.043139,4.078
2025-08-10 03:00:00,0.395584,1.11747,0.019667,0.375917,0.031919,0.013311,0.038889,4.367
2025-08-10 04:00:00,0.179985,0.401753,0.023624,0.156361,0.028065,0.005264,0.034786,4.527
2025-08-10 05:00:00,0.385009,1.33684,0.028381,0.356628,0.024331,0.006494,0.035054,1.837
2025-08-10 06:00:00,1.37283,6.60015,0.054471,1.31836,0.028003,0.019882,0.042628,3.713
2025-08-10 07:00:00,1.05856,3.00728,0.065422,0.99314,0.041509,0.022862,0.057053,5.935
2025-08-10 08:00:00,1.98049,2.88702,0.128707,1.85179,0.065098,0.038619,0.078237,9.555
2025-08-10 09:00:00,2.97626,3.70182,0.224124,2.75214,0.075972,0.049808,0.086868,13.67
2025-08-10 10:00:00,3.11358,6.82803,0.236426,2.87715,0.086376,0.075781,0.095053,14.783
2025-08-10 11:00:00,4.73069,4.72125,0.400076,4.33061,0.111013,0.076969,0.109723,20.011
2025-08-10 12:00:00,2.32651,7.13654,0.314274,2.01224,0.096046,0.065781,0.109757,8.825
2025-08-10 13:00:00,2.0817,3.95761,0.130583,1.95112,0.074799,0.055227,0.094529,9.79
2025-08-10 14:00:00,3.82563,5.48084,0.288367,3.53726,0.09005,0.075322,0.112293,13.149
2025-08-10 15:00:00,7.30359,11.0661,0.289662,7.01393,0.099788,0.117368,0.154583,15.235
2025-08-10 16:00:00,4.12491,5.82615,0.282381,3.84253,0.078931,0.067886,0.106541,13.091
2025-08-10 17:00:00,4.21027,4.59636,0.358979,3.85129,0.098198,0.071912,0.097985,17.44
2025-08-10 18:00:00,6.74758,6.21324,0.588016,6.15957,0.112219,0.085065,0.117945,19.334
2025-08-10 19:00:00,8.99419,9.7763,0.508038,8.48616,0.095537,0.086947,0.085863,14.776
2025-08-10 20:00:00,5.61787,5.39143,0.845419,4.77245,0.131461,0.088755,0.122113,21.943
2025-08-10 21:00:00,4.51363,4.54088,0.873702,3.63993,0.130108,0.086941,0.117505,21.517
2025-08-10 22:00:00,4.4939,6.47536,0.516031,3.97787,0.11083,0.070492,0.085932,18.628
2025-08-10 23:00:00,3.8731,5.45507,0.30174,3.57136,0.092552,0.06841,0.087032,15.797
2025-08-11 00:00:00,3.34111,6.03088,0.188155,3.15295,0.070539,0.057318,0.076054,10.464
2025-08-11 01:00:00,2.36011,4.40319,0.067098,2.29301,0.051815,0.04841,0.054854,6.314
2025-08-11 02:00:00,0.653132,1.05344,0.042452,0.61068,0.028571,0.014278,0.0375,2.673
2025-08-11 03:00:00,0.503187,1.79709,0.022407,0.48078,0.017484,0.007775,0.031493,1.872
2025-08-11 04:00:00,0.761228,1.65484,0.034169,0.727059,0.019348,0.013374,0.034497,1.824
2025-08-11 05:00:00,0.962716,3.85086,0.044179,0.918537,0.02652,0.019415,0.042054,2.712
2025-08-11 06:00:00,1.4167,2.47674,0.071173,1.34552,0.040917,0.02414,0.056292,3.739
2025-08-11 07:00:00,2.12187,2.99699,0.20894,1.91293,0.062897,0.038068,0.077422,8.301
2025-08-11 08:00:00,2.19057,4.22889,0.168696,2.02187,0.068209,0.048779,0.091314,9.779
2025-08-11 09:00:00,2.38595,2.51153,0.25351,2.13244,0.073936,0.041542,0.097165,14.161
2025-08-11 10:00:00,1.439,2.44728,0.123493,1.31551,0.054265,0.032714,0.086649,7.935
2025-08-11 11:00:00,3.2641,2.96198,0.239029,3.02507,0.083531,0.046102,0.091962,10.024
2025-08-11 12:00:00,2.211,3.18587,0.17468,2.03632,0.080933,0.041003,0.093481,11.504
2025-08-11 13:00:00,4.66422,7.31068,0.251997,4.41222,0.083418,0.060068,0.090931,13.366
2025-08-11 14:00:00,4.73071,7.85832,0.168174,4.56253,0.069004,0.04736,0.087145,13.612
2025-08-11 15:00:00,2.81059,5.1288,0.349927,2.46066,0.083127,0.04827,0.083267,12.284
2025-08-11 16:00:00,2.53586,4.14355,0.343687,2.19217,0.092806,0.041928,0.091474,16.278
2025-08-11 17:00:00,4.0994,5.43687,0.598983,3.50042,0.119502,0.067593,0.110951,16.992
2025-08-11 18:00:00,2.95919,3.16829,0.471455,2.48773,0.100383,0.055821,0.122496,14.809
2025-08-11 19:00:00,7.55847,9.91924,0.597219,6.96125,0.116973,0.099565,0.15596,23.946
2025-08-11 20:00:00,6.51609,9.33538,0.521265,5.99483,0.122565,0.098705,0.135687,23.933
2025-08-11 21:00:00,3.75259,5.53479,0.339664,3.41293,0.11222,0.086337,0.100704,18.104
2025-08-11 22:00:00,6.18907,7.06515,1.02669,5.16238,0.15262,0.101359,0.106261,22.941
2025-08-11 23:00:00,4.78432,7.74162,0.664132,4.12019,0.123074,0.084724,0.090058,18.958
2025-08-12 00:00:00,2.96279,10.1465,0.174212,2.78857,0.048965,0.032658,0.057904,4.914
2025-08-12 01:00:00,1.14005,2.28926,0.090968,1.04909,0.043776,0.018119,0.043989,4.75
2025-08-12 02:00:00,0.795121,2.79972,0.036594,0.758527,0.036212,0.018257,0.037863,3.789
2025-08-12 03:00:00,0.635532,1.72699,0.033626,0.601906,0.021545,0.008437,0.033414,1.369
2025-08-12 04:00:00,0.293117,1.29698,0.015803,0.277314,0.017809,0.006208,0.031605,1.177
2025-08-12 05:00:00,0.384165,0.923475,0.026919,0.357246,0.02644,0.009513,0.037836,3.769
2025-08-12 06:00:00,0.684497,1.82047,0.025826,0.658671,0.020773,0.015354,0.044297,3.11
2025-08-12 07:00:00,3.39634,7.28828,0.140202,3.25614,0.053112,0.038953,0.069862,8.059
2025-08-12 08:00:00,3.13,4.49712,0.173685,2.95631,0.060594,0.045721,0.08444,7.699
2025-08-12 09:00:00,3.27131,4.86802,0.288279,2.98303,0.063462,0.042068,0.099349,8.36
2025-08-12 10:00:00,1.65102,1.89337,0.174002,1.47701,0.053344,0.028207,0.082536,7.155
2025-08-12 11:00:00,2.62584,2.59984,0.24561,2.38023,0.079215,0.042549,0.091431,11.239
2025-08-12 12:00:00,2.85922,4.92968,0.201129,2.65809,0.064616,0.040036,0.078765,10.262
2025-08-12 13:00:00,2.32057,5.13401,0.141336,2.17924,0.05573,0.041266,0.080878,7.681
2025-08-12 14:00:00,2.69353,3.78305,0.169906,2.52363,0.07133,0.055645,0.099428,10.039
2025-08-12 15:00:00,3.04113,4.22379,0.234385,2.80674,0.067001,0.050192,0.098355,9.904
2025-08-12 16:00:00,3.71003,4.42724,0.239348,3.47068,0.07201,0.050421,0.104738,10.371
2025-08-12 17:00:00,3.83081,3.77048,0.349646,3.48117,0.104026,0.067723,0.117192,18.304
2025-08-12 18:00:00,6.46954,6.86788,0.501354,5.96819,0.110323,0.105452,0.122373,21.571
2025-08-12 19:00:00,17.0979,17.2706,0.850738,16.2472,0.151408,0.158994,0.125087,24.8
2025-08-12 20:00:00,6.45044,7.48311,0.507246,5.94319,0.120987,0.100742,0.111469,22.704
2025-08-12 21:00:00,7.13066,11.6135,0.626524,6.50413,0.136238,0.102072,0.103891,19.075
2025-08-12 22:00:00,7.47184,10.5534,0.439475,7.03236,0.104295,0.117454,0.115833,22.219
2025-08-12 23:00:00,2.68081,6.20557,0.228588,2.45222,0.078277,0.056264,0.079459,13.673
2025-08-13 00:00:00,2.58016,4.84992,0.120238,2.45992,0.059352,0.038854,0.069064,5.275
2025-08-13 01:00:00,2.69438,4.29042,0.080983,2.6134,0.052566,0.04081,0.061124,7.898
2025-08-13 02:00:00,1.50376,2.53158,0.082326,1.42143,0.051013,0.0484,0.065233,5.265
2025-08-13 03:00:00,0.061921,0.112996,0.007645,0.054276,0.016743,0.002564,0.031852,0.783
2025-08-13 04:00:00,0.161764,0.245098,0.010892,0.150872,0.025331,0.009298,0.037821,1.942
2025-08-13 05:00:00,0.241232,0.443442,0.015496,0.225736,0.019835,0.005329,0.037233,1.866
2025-08-13 06:00:00,1.42972,2.32098,0.047488,1.38224,0.029109,0.017545,0.046187,3.436
2025-08-13 07:00:00,1.17686,1.66694,0.112899,1.06396,0.049412,0.024016,0.069879,5.896
2025-08-13 08:00:00,2.91924,2.60646,0.181583,2.73765,0.074934,0.040749,0.089685,8.11
2025-08-13 09:00:00,1.69118,2.42985,0.134711,1.55647,0.07068,0.036495,0.087783,8.973
2025-08-13 10:00:00,1.62992,2.19666,0.151398,1.47853,0.077961,0.03211,0.092469,9.21
2025-08-13 11:00:00,2.59154,3.28044,0.391772,2.19977,0.093125,0.035227,0.095204,12.212
2025-08-13 12:00:00,2.05413,2.95134,0.256358,1.79777,0.080342,0.041398,0.112037,11.007
2025-08-13 13:00:00,2.65812,4.14037,0.490751,2.16736,0.080385,0.042828,0.097382,9.954
2025-08-13 14:00:00,3.41738,5.22535,0.213131,3.20425,0.074096,0.057795,0.098576,13.17
2025-08-13 15:00:00,2.15667,2.85273,0.198646,1.95802,0.064294,0.037776,0.089781,9.674
2025-08-13 16:00:00,1.95989,3.40259,0.38905,1.57084,0.085801,0.034643,0.093548,12.162
2025-08-13 17:00:00,3.14588,3.0133,0.330962,2.81492,0.102366,0.055369,0.116837,17.636
2025-08-13 18:00:00,4.55397,5.01539,0.56137,3.9926,0.121854,0.076937,0.129024,21.073
2025-08-13 19:00:00,4.77417,5.10061,0.657514,4.11666,0.147694,0.090754,0.123444,25.956
2025-08-13 20:00:00,5.64301,6.48622,0.723487,4.91952,0.143788,0.093248,0.133821,26.447
2025-08-13 21:00:00,3.54488,5.1079,0.431731,3.11315,0.157291,0.083546,0.100791,17.087
2025-08-13 22:00:00,5.21679,8.66577,0.812961,4.40383,0.135681,0.084024,0.088578,21.032
2025-08-13 23:00:00,4.98774,6.75845,0.579673,4.40807,0.10887,0.089918,0.127275,24.495
2025-08-14 00:00:00,4.08751,7.32528,0.631429,3.45608,0.130485,0.072874,0.08681,15.863
2025-08-14 01:00:00,0.661563,2.13408,0.031561,0.630002,0.038425,0.023736,0.051443,4.46
2025-08-14 02:00:00,0.798233,2.03631,0.029423,0.76881,0.029932,0.025316,0.037637,1.722
2025-08-14 03:00:00,0.890186,1.78037,0.037554,0.852632,0.018083,0.013984,0.03164,2.139
2025-08-14 04:00:00,0.217863,0.795121,0.012652,0.205211,0.008567,0.004516,0.026727,0.775
2025-08-14 05:00:00,0.222708,0.70034,0.013694,0.209014,0.011234,0.003556,0.029591,0.932
2025-08-14 06:00:00,0.728574,1.77701,0.042953,0.685621,0.030945,0.028228,0.060219,3.653
2025-08-14 07:00:00,2.19768,2.89931,0.145957,2.05172,0.062689,0.033903,0.073835,8.107
2025-08-14 08:00:00,3.66715,4.27406,0.220858,3.44629,0.071629,0.050718,0.084191,10.927
2025-08-14 09:00:00,4.10024,2.98416,0.528183,3.57206,0.088861,0.059323,0.088915,13.622
2025-08-14 10:00:00,3.10691,4.26773,0.220498,2.88641,0.069121,0.049532,0.095969,11.111
2025-08-14 11:00:00,4.16594,5.81835,0.270631,3.89531,0.077371,0.062363,0.098992,12.719
2025-08-14 12:00:00,3.73326,5.45799,0.304265,3.429,0.084875,0.05969,0.10019,13.406
2025-08-14 13:00:00,4.44437,7.43206,0.766935,3.67744,0.118102,0.080814,0.097902,14.041
2025-08-14 14:00:00,3.76253,5.68358,0.55047,3.21206,0.095485,0.056745,0.092046,12.158
2025-08-14 15:00:00,2.58354,4.73175,0.164876,2.41866,0.066945,0.050758,0.08908,7.616
2025-08-14 16:00:00,2.74803,3.68368,0.227332,2.52069,0.081279,0.059937,0.104156,10.801
2025-08-14 17:00:00,4.31119,5.93827,0.340468,3.97072,0.107549,0.096734,0.110973,13.752
2025-08-14 18:00:00,5.93292,5.55517,0.679333,5.25358,0.123285,0.091407,0.114772,22.018
2025-08-14 19:00:00,5.47873,6.06054,0.757964,4.72077,0.133821,0.0908,0.120352,22.6
2025-08-14 20:00:00,5.62127,6.11007,0.59011,5.03116,0.135288,0.103643,0.14163,24.681
2025-08-14 21:00:00,2.62461,3.02375,0.248322,2.37629,0.143401,0.087732,0.140743,14.611
2025-08-14 22:00:00,6.39007,8.68217,0.699263,5.69081,0.123407,0.099578,0.124407,28.03
2025-08-14 23:00:00,5.86695,10.4767,0.318102,5.54885,0.084576,0.095844,0.091661,16.66
2025-08-15 00:00:00,2.33546,5.14418,0.228827,2.10663,0.070391,0.055151,0.062208,10.034
2025-08-15 01:00:00,0.786499,1.96625,0.044182,0.742317,0.029134,0.018044,0.0413,2.896
2025-08-15 02:00:00,1.57295,4.22836,0.04497,1.52798,0.049249,0.048643,0.062224,6.188
2025-08-15 03:00:00,1.63824,3.37086,0.061835,1.5764,0.035192,0.031915,0.041339,3.638
2025-08-15 04:00:00,1.82062,4.94733,0.059678,1.76094,0.039622,0.030152,0.047647,3.562
2025-08-15 05:00:00,0.658237,2.96504,0.027138,0.631099,0.02511,0.014478,0.035349,2.147
2025-08-15 06:00:00,1.10322,2.82878,0.070865,1.03236,0.038594,0.018825,0.056903,5.054
2025-08-15 07:00:00,1.71188,3.12387,0.191725,1.52015,0.053705,0.030451,0.06535,6.74
2025-08-15 08:00:00,2.45851,3.92734,0.184554,2.27396,0.073177,0.047764,0.091265,8.774
2025-08-15 09:00:00,2.81022,6.92172,0.165885,2.64434,0.079802,0.052516,0.087106,11.617
2025-08-15 10:00:00,2.40133,4.05631,0.229608,2.17173,0.07439,0.044325,0.092199,9.918
2025-08-15 11:00:00,5.135,6.15707,0.275036,4.85996,0.077146,0.066123,0.099104,12.009
2025-08-15 12:00:00,2.52607,4.12757,0.221377,2.3047,0.078043,0.050071,0.107947,12.66
2025-08-15 13:00:00,1.85463,3.24236,0.198006,1.65663,0.073146,0.044103,0.094114,10.514
2025-08-15 14:00:00,3.39091,5.61409,0.352285,3.03862,0.080043,0.046658,0.096734,11.209
2025-08-15 15:00:00,4.13602,7.80381,0.252454,3.88357,0.076464,0.066995,0.13427,12.277
2025-08-15 16:00:00,2.58271,3.98567,0.216146,2.36657,0.084089,0.048009,0.099005,11.5
2025-08-15 17:00:00,4.39763,3.49573,0.692323,3.70531,0.126862,0.074782,0.120581,20.808
2025-08-15 18:00:00,4.96075,5.39212,0.489185,4.47156,0.11719,0.081907,0.117949,18.57
2025-08-15 19:00:00,3.46452,3.95493,0.395399,3.06912,0.109324,0.084724,0.123905,18.127
2025-08-15 20:00:00,4.09822,3.69875,0.706943,3.39128,0.143171,0.07766,0.128381,18.901
2025-08-15 21:00:00,3.61121,3.00433,0.411629,3.19958,0.118286,0.076277,0.119827,18.661
2025-08-15 22:00:00,6.14271,5.54396,0.964263,5.17845,0.155441,0.093647,0.151491,18.984
2025-08-15 23:00:00,5.21353,5.33081,0.796466,4.41706,0.128187,0.093006,0.140526,24.851
2025-08-16 00:00:00,3.04798,4.40459,0.300853,2.74712,0.100397,0.068525,0.093955,13.575
2025-08-16 01:00:00,1.20029,2.4596,0.088728,1.11156,0.063869,0.036575,0.064672,7.407
2025-08-16 02:00:00,1.78157,2.10588,0.071935,1.70964,0.048375,0.042619,0.053354,4.875
2025-08-16 03:00:00,0.825891,1.01461,0.043912,0.781979,0.031513,0.016474,0.036559,3.004
2025-08-16 04:00:00,0.91445,1.8001,0.047668,0.866782,0.03373,0.024007,0.042231,4.721
2025-08-16 05:00:00,0.405086,1.04404,0.038569,0.366517,0.026401,0.015185,0.045068,3.581
2025-08-16 06:00:00,1.29656,2.72388,0.072383,1.22418,0.038347,0.019516,0.047816,4.65
2025-08-16 07:00:00,2.02275,3.23122,0.081011,1.94173,0.045677,0.027988,0.061912,8.075
2025-08-16 08:00:00,2.2488,3.14958,0.133864,2.11494,0.059553,0.037785,0.075468,8.636
2025-08-16 09:00:00,3.54078,4.95908,0.349383,3.1914,0.087595,0.054724,0.109279,11.398
2025-08-16 10:00:00,3.49019,6.25482,0.231474,3.25872,0.073043,0.050103,0.101225,7.639
2025-08-16 11:00:00,2.08734,2.63553,0.177715,1.90962,0.093678,0.053952,0.10109,13.304
2025-08-16 12:00:00,2.73746,4.29069,0.35353,2.38393,0.080423,0.046668,0.092759,12.066
2025-08-16 13:00:00,2.65002,4.41669,0.511267,2.13875,0.100793,0.043248,0.085223,11.477
2025-08-16 14:00:00,3.14085,3.77506,0.441753,2.6991,0.106021,0.046913,0.090824,9.058
2025-08-16 15:00:00,2.54658,2.97497,0.206432,2.34015,0.075745,0.041501,0.090165,10.184
2025-08-16 16:00:00,2.96315,3.34442,0.319674,2.64348,0.09361,0.054911,0.095066,16.2
2025-08-16 17:00:00,5.45761,6.14596,0.462891,4.99472,0.104388,0.07552,0.098029,18.74
2025-08-16 18:00:00,5.27578,5.24431,0.744082,4.5317,0.124392,0.093965,0.113921,18.518
2025-08-16 19:00:00,3.83954,4.59276,0.693896,3.14565,0.142436,0.075811,0.120335,14.395
2025-08-16 20:00:00,5.60776,7.70296,0.516604,5.09115,0.115434,0.094679,0.108197,17.501
2025-08-16 21:00:00,3.61681,4.30572,0.224628,3.39218,0.093304,0.076731,0.102441,18.239
2025-08-16 22:00:00,5.75163,7.15377,0.75523,4.9964,0.120971,0.103621,0.12055,24.24
2025-08-16 23:00:00,4.21118,6.68442,0.231121,3.98006,0.085012,0.058993,0.073533,17.981
2025-08-17 00:00:00,4.25201,7.35642,0.203229,4.04878,0.070516,0.057684,0.060003,15.848
2025-08-17 01:00:00,10.7104,28.4852,1.14906,9.56137,0.110203,0.082621,0.060592,10.522
2025-08-17 02:00:00,4.9732,8.54501,0.103191,4.87,0.048547,0.061329,0.048596,7.596
2025-08-17 03:00:00,0.421022,0.670415,0.02815,0.392872,0.035978,0.028596,0.041735,5.359
2025-08-17 04:00:00,0.359659,0.490001,0.038097,0.321562,0.031917,0.009371,0.038701,2.891
2025-08-17 05:00:00,0.745305,2.64293,0.037313,0.707992,0.041837,0.019835,0.053163,5.05
2025-08-17 06:00:00,1.23474,2.01097,0.1169,1.11784,0.053431,0.019725,0.060682,8
2025-08-17 07:00:00,1.65173,2.74374,0.070875,1.58086,0.043887,0.020183,0.062627,6.419
2025-08-17 08:00:00,2.15582,2.89761,0.114853,2.04097,0.056565,0.042178,0.071689,7.254
2025-08-17 09:00:00,3.00938,4.62981,0.443017,2.56636,0.078804,0.054398,0.088519,11.995
2025-08-17 10:00:00,3.04777,3.81926,0.327495,2.72027,0.093299,0.059171,0.099164,15.675
2025-08-17 11:00:00,2.88433,2.78948,0.279435,2.60489,0.084331,0.045415,0.090835,14.862
2025-08-17 12:00:00,3.09241,3.65533,0.300279,2.79213,0.095981,0.059062,0.088872,11.829
2025-08-17 13:00:00,2.71302,3.4169,0.462603,2.25041,0.107017,0.055824,0.09122,10.887
2025-08-17 14:00:00,2.70021,3.90204,0.289087,2.41113,0.082324,0.046342,0.086436,14.853
2025-08-17 15:00:00,4.41961,6.0049,0.570673,3.84893,0.117757,0.064671,0.09886,18.094
2025-08-17 16:00:00,3.76993,4.05368,0.299,3.47093,0.099034,0.06813,0.104137,19.543
2025-08-17 17:00:00,4.17413,4.83117,0.40847,3.76566,0.117508,0.097683,0.11351,20.549
2025-08-17 18:00:00,4.23376,4.4379,0.521219,3.71254,0.122542,0.087971,0.121374,15.261
2025-08-17 19:00:00,5.10186,7.35139,0.636081,4.46578,0.137904,0.09777,0.11346,23.702
2025-08-17 20:00:00,5.16676,5.16676,0.662639,4.50412,0.128047,0.087188,0.129847,29.85
2025-08-17 21:00:00,3.73023,3.88566,0.864696,2.86554,0.136325,0.078862,0.091309,26.574
2025-08-17 22:00:00,4.55874,5.13372,0.542893,4.01585,0.110483,0.081855,0.117162,14.288
2025-08-17 23:00:00,5.22244,8.47799,0.249308,4.97314,0.090438,0.072485,0.09805,15.015
2025-08-18 00:00:00,5.12174,8.26088,0.471427,4.65032,0.092912,0.069782,0.069319,12.028
2025-08-18 01:00:00,2.58548,3.85893,0.146546,2.43894,0.049733,0.044377,0.05451,5.052
2025-08-18 02:00:00,1.28633,1.49573,0.045136,1.24119,0.035757,0.03782,0.049423,4.199
2025-08-18 03:00:00,2.30126,2.83407,0.053586,2.24768,0.03756,0.038282,0.04094,2.791
2025-08-18 04:00:00,0.225411,0.292743,0.00955,0.215861,0.024823,0.008671,0.034484,1.348
2025-08-18 05:00:00,0.151359,0.447806,0.015225,0.136134,0.015119,0.00309,0.031401,1.089
2025-08-18 06:00:00,2.34803,3.78715,0.079699,2.26834,0.051781,0.027417,0.054393,6.762
2025-08-18 07:00:00,1.84058,2.51446,0.140548,1.70003,0.057004,0.031095,0.068512,7.749
2025-08-18 08:00:00,3.38058,3.86795,0.34097,3.03961,0.067898,0.03572,0.074615,8.892
2025-08-18 09:00:00,3.60062,3.79013,0.730293,2.87033,0.116107,0.055965,0.097765,20.076
2025-08-18 10:00:00,2.81927,3.94856,0.291121,2.52815,0.081452,0.047648,0.094167,14.845
2025-08-18 11:00:00,1.55059,7.9112,0.120572,1.43002,0.118567,0.08298,0.097255,5.181
2025-08-18 12:00:00,2.211,3.1859,0.1747,2.0363,0.0809,0.041,0.0935,11.504
2025-08-18 13:00:00,4.6642,7.3107,0.252,4.4122,0.0834,0.0601,0.0909,13.366
2025-08-18 14:00:00,3.08171,4.8916,0.21407,2.86764,0.074693,0.046178,0.088012,9.707
2025-08-18 15:00:00,3.74051,5.73697,0.240644,3.49986,0.084611,0.055151,0.105475,14.923
2025-08-18 16:00:00,4.15976,5.80971,0.348528,3.81123,0.090256,0.069799,0.107216,14.539
2025-08-18 17:00:00,4.3008,5.24488,0.310859,3.98994,0.111895,0.091496,0.1354,19.833
2025-08-18 18:00:00,3.78905,3.99689,0.385065,3.40398,0.11136,0.071154,0.113191,18.647
2025-08-18 19:00:00,3.63351,5.14661,0.634832,2.99867,0.128625,0.074904,0.105992,19.412
2025-08-18 20:00:00,4.73766,4.58188,0.546521,4.19114,0.115737,0.079397,0.122813,26.637
2025-08-18 21:00:00,3.7526,5.5348,0.3397,3.4129,0.1122,0.0863,0.1007,18.104
2025-08-18 22:00:00,5.30917,6.7719,0.498794,4.81037,0.130145,0.095399,0.11313,19.532
2025-08-18 23:00:00,5.04006,7.09867,0.386062,4.654,0.103477,0.096501,0.116228,22.102
2025-08-19 00:00:00,3.4383,8.8616,0.182942,3.25536,0.077338,0.063767,0.092992,14.548
2025-08-19 01:00:00,5.15083,15.6086,0.144847,5.00598,0.049604,0.05367,0.048229,6.323
2025-08-19 02:00:00,3.77364,9.77628,0.100678,3.67297,0.050518,0.066112,0.050707,4.444
2025-08-19 03:00:00,3.13481,7.79804,0.076063,3.05875,0.03587,0.054095,0.041267,3.776
2025-08-19 04:00:00,0.821792,2.1973,0.046777,0.775015,0.032743,0.013889,0.036724,3.624
2025-08-19 05:00:00,0.86556,1.65183,0.045735,0.819825,0.023672,0.010415,0.034411,2.388
2025-08-19 06:00:00,0.869701,1.88247,0.057384,0.812317,0.034854,0.015721,0.05266,3.486
2025-08-19 07:00:00,1.41902,3.08483,0.133516,1.2855,0.054913,0.03492,0.078281,7.161
2025-08-19 08:00:00,2.22537,3.12552,0.194628,2.03074,0.074608,0.038618,0.097927,10.335
2025-08-19 09:00:00,5.0609,4.57586,0.226258,4.83464,0.079227,0.061728,0.10303,12.722
2025-08-19 10:00:00,2.1803,2.51767,0.144487,2.03581,0.073154,0.039461,0.096873,12.183
2025-08-19 11:00:00,2.99452,3.02476,0.296595,2.69792,0.077163,0.03993,0.097274,10.619
2025-08-19 12:00:00,3.24138,3.56196,0.293645,2.94773,0.078215,0.052969,0.083656,10.86
2025-08-19 13:00:00,2.76031,5.24774,0.238989,2.52132,0.079131,0.045957,0.080715,10.665
2025-08-19 14:00:00,1.41629,3.03925,0.151481,1.26481,0.07701,0.03893,0.088743,8.382
2025-08-19 15:00:00,2.37462,4.33325,0.174937,2.19968,0.0909,0.053791,0.103967,10.463
2025-08-19 16:00:00,3.93273,7.0988,0.511112,3.42162,0.113292,0.068687,0.103928,18.137
2025-08-19 17:00:00,4.43379,5.8648,0.479996,3.95379,0.117897,0.083594,0.119278,19.785
2025-08-19 18:00:00,6.4695,6.8679,0.5014,5.9682,0.1103,0.1055,0.1224,21.571
2025-08-19 19:00:00,17.0979,17.2707,0.8507,16.2472,0.1514,0.159,0.1251,24.8
2025-08-19 20:00:00,6.4504,7.4831,0.5072,5.9432,0.121,0.1007,0.1115,22.704
2025-08-19 21:00:00,7.1307,11.6135,0.6265,6.5041,0.1362,0.1021,0.1039,19.075
2025-08-19 22:00:00,7.4718,10.5534,0.4395,7.0324,0.1043,0.1175,0.1158,22.219
2025-08-19 23:00:00,2.6808,6.2056,0.2286,2.4522,0.0783,0.0563,0.0795,13.673
2025-08-20 00:00:00,2.5802,4.8499,0.1202,2.4599,0.0594,0.0389,0.0691,5.275
2025-08-20 01:00:00,2.6944,4.2904,0.081,2.6134,0.0526,0.0408,0.0611,7.898
2025-08-20 02:00:00,3.47038,9.03746,0.05751,3.41287,0.059111,0.075354,0.057632,5.632
2025-08-20 03:00:00,0.348054,0.649353,0.017064,0.33099,0.038886,0.02952,0.040614,1.525
2025-08-20 04:00:00,0.859105,2.22566,0.045828,0.813277,0.036693,0.020417,0.038831,2.76
2025-08-20 05:00:00,0.579054,1.40547,0.036634,0.54242,0.031102,0.0156,0.038949,2.714
2025-08-20 06:00:00,1.26849,2.92278,0.055547,1.21294,0.047359,0.024468,0.051718,5.793
2025-08-20 07:00:00,2.04674,3.98199,0.127836,1.91891,0.057838,0.035116,0.069719,6.016
2025-08-20 08:00:00,1.84484,2.1653,0.208402,1.63644,0.056852,0.032721,0.074215,8.312
2025-08-20 09:00:00,2.48475,3.19377,0.216801,2.26795,0.077234,0.048395,0.097966,12.514
2025-08-20 10:00:00,2.43684,4.47948,0.130062,2.30678,0.075566,0.049919,0.080811,6.499
2025-08-20 11:00:00,1.88197,3.04526,0.204612,1.67736,0.082894,0.061471,0.102996,10.787
2025-08-20 12:00:00,2.35816,4.22608,0.233851,2.1243,0.090914,0.050428,0.09043,10.893
2025-08-20 13:00:00,2.75367,5.96033,0.618413,2.13526,0.118569,0.04865,0.080379,10.554
2025-08-20 14:00:00,2.96914,4.25378,0.54492,2.42422,0.117478,0.045557,0.109869,12.197
2025-08-20 15:00:00,3.47591,4.14787,0.327693,3.14822,0.104444,0.056681,0.099791,17.095
2025-08-20 16:00:00,1.91804,4.31991,0.227763,1.69028,0.09272,0.048572,0.098038,11.29
2025-08-20 17:00:00,2.58086,3.26691,0.276863,2.30399,0.094291,0.053235,0.09795,13.447
2025-08-20 18:00:00,3.63759,4.62797,0.279636,3.35795,0.093544,0.065349,0.089897,16.086
2025-08-20 19:00:00,4.32679,7.04688,0.340561,3.98623,0.119798,0.096771,0.122623,17.252
2025-08-20 20:00:00,2.75173,4.13172,0.338947,2.41278,0.124638,0.085548,0.118295,16.809
2025-08-20 21:00:00,4.28827,3.90553,0.475737,3.81254,0.127647,0.090889,0.120022,23.657
2025-08-20 22:00:00,8.06739,7.0891,0.64097,7.42642,0.134205,0.119308,0.115944,27.393
2025-08-20 23:00:00,5.1131,10.5208,0.40585,4.70725,0.074055,0.075091,0.085343,16.041
2025-08-21 00:00:00,3.86113,10.9072,0.230801,3.63033,0.074626,0.064946,0.080552,11.235
2025-08-21 01:00:00,2.60405,5.31439,0.386706,2.21734,0.080714,0.042914,0.053243,7.922
2025-08-21 02:00:00,2.91488,3.87617,0.104681,2.8102,0.053473,0.055015,0.068479,7.024
2025-08-21 03:00:00,1.98805,4.09064,0.048546,1.93951,0.048076,0.064216,0.050572,3.479
2025-08-21 04:00:00,0.404095,0.507657,0.021192,0.382903,0.034203,0.014734,0.040365,2.554
2025-08-21 05:00:00,0.691747,1.07749,0.034387,0.65736,0.033075,0.010995,0.039158,3.397
2025-08-21 06:00:00,1.69179,3.27866,0.082943,1.60885,0.044789,0.022346,0.0491,4.125
2025-08-21 07:00:00,1.66283,3.21009,0.135275,1.52755,0.049604,0.026182,0.061912,5.726
2025-08-21 08:00:00,4.34718,6.75028,0.238403,4.10878,0.074122,0.055706,0.082488,10.45
2025-08-21 09:00:00,3.26763,4.65474,0.276663,2.99097,0.063765,0.037258,0.081897,8.923
2025-08-21 10:00:00,3.97953,5.11508,0.317421,3.66211,0.086818,0.058325,0.092967,13.299
2025-08-21 11:00:00,2.93391,3.51787,0.208638,2.72527,0.079635,0.054013,0.086025,8.956
2025-08-21 12:00:00,4.06206,6.74761,0.545834,3.51623,0.110559,0.061153,0.089398,13.901
2025-08-21 13:00:00,3.88368,6.62743,0.545784,3.33789,0.099584,0.057091,0.096156,12.165
2025-08-21 14:00:00,2.1882,4.02242,0.352689,1.83551,0.065016,0.036467,0.088783,9.157
2025-08-21 15:00:00,1.87489,4.02336,0.15792,1.71697,0.07015,0.049102,0.078513,8.475
2025-08-21 16:00:00,3.6322,4.85589,0.263999,3.3682,0.079934,0.067846,0.088274,10.994
2025-08-21 17:00:00,4.94286,5.39614,0.374699,4.56816,0.108296,0.098658,0.102679,20.462
2025-08-21 18:00:00,4.87031,4.63839,0.462698,4.40761,0.10665,0.081546,0.099845,17.868
2025-08-21 19:00:00,3.38173,3.95062,0.405921,2.97581,0.10198,0.069395,0.093668,14.957
2025-08-21 20:00:00,3.36739,3.89745,0.289146,3.07825,0.114598,0.076281,0.10544,13.735
2025-08-21 21:00:00,6.83652,6.51097,0.890009,5.94651,0.15814,0.11273,0.127052,26.19
2025-08-21 22:00:00,4.33901,7.02106,0.508692,3.83032,0.121027,0.082536,0.087906,18.477
2025-08-21 23:00:00,5.38091,8.54113,0.507879,4.87303,0.111648,0.089685,0.088045,18.316
2025-08-22 00:00:00,4.5927,8.79827,0.435593,4.1571,0.097754,0.076694,0.070917,12.972
2025-08-22 01:00:00,2.00951,3.37166,0.420369,1.58914,0.076618,0.034185,0.048817,4.239
2025-08-22 02:00:00,1.10846,1.91114,0.053605,1.05486,0.048493,0.049836,0.047087,2.736
2025-08-22 03:00:00,1.72219,3.13126,0.056664,1.66553,0.053033,0.047045,0.049884,4.893
2025-08-22 04:00:00,0.493751,0.761962,0.026457,0.467294,0.033575,0.013473,0.03566,1.368
2025-08-22 05:00:00,0.234731,0.39517,0.01642,0.218311,0.016651,0.00528,0.031951,1.097
2025-08-22 06:00:00,1.45703,2.09344,0.062325,1.39471,0.035039,0.021202,0.047076,3.743
2025-08-22 07:00:00,2.6874,2.78199,0.305252,2.38215,0.054731,0.038877,0.067332,6.778
2025-08-22 08:00:00,1.72244,2.34665,0.156581,1.56586,0.06412,0.0327,0.077793,9.438
2025-08-22 09:00:00,1.7788,3.0882,0.177412,1.60139,0.072121,0.03384,0.080011,13.35
2025-08-22 10:00:00,1.6419,2.42884,0.152072,1.48982,0.075292,0.037134,0.083701,13.272
2025-08-22 11:00:00,3.68939,3.71914,0.261743,3.42765,0.093597,0.056756,0.09916,17.876
2025-08-22 12:00:00,2.68508,3.58968,0.207938,2.47715,0.086859,0.049585,0.103831,14.339
2025-08-22 13:00:00,2.22477,4.13526,0.191129,2.03364,0.07895,0.04915,0.109055,14.124
2025-08-22 14:00:00,2.31604,4.16553,0.201188,2.11485,0.0884,0.048623,0.140571,15.88
2025-08-22 15:00:00,2.47793,4.14369,0.442991,2.03494,0.102485,0.050196,0.121038,13.683
2025-08-22 16:00:00,3.77063,4.97444,0.513989,3.25664,0.114869,0.069127,0.112136,17.894
2025-08-22 17:00:00,2.75969,3.89786,0.326132,2.43355,0.107452,0.052851,0.095717,16.641
2025-08-22 18:00:00,4.22171,3.81021,0.334239,3.88747,0.106768,0.090014,0.109253,17.272
2025-08-22 19:00:00,3.87428,3.67579,0.564219,3.31006,0.126863,0.076065,0.113123,16.256
2025-08-22 20:00:00,1.90658,2.01541,0.255544,1.65104,0.089386,0.054363,0.108761,11.485
2025-08-22 21:00:00,4.22654,5.62039,0.423299,3.80324,0.101831,0.08707,0.114679,18.896
2025-08-22 22:00:00,4.84685,5.39738,0.434967,4.41188,0.111555,0.098949,0.093326,23.436
2025-08-22 23:00:00,4.82519,7.93618,0.336204,4.48899,0.087559,0.087171,0.077622,19.061
2025-08-23 00:00:00,3.23386,5.08469,0.173166,3.0607,0.062185,0.050193,0.057967,11.009
2025-08-23 01:00:00,1.17476,1.53363,0.055255,1.11951,0.029393,0.024674,0.055939,3.067
2025-08-23 02:00:00,1.09236,1.8641,0.028072,1.06429,0.027413,0.02177,0.038182,1.914
2025-08-23 03:00:00,0.582761,0.733954,0.032495,0.550266,0.021385,0.007818,0.033314,1.919
2025-08-23 04:00:00,0.28065,0.350812,0.028142,0.252508,0.026557,0.006758,0.038554,2.094
2025-08-23 05:00:00,0.232792,0.409845,0.024142,0.20865,0.025447,0.006085,0.037001,3.06
2025-08-23 06:00:00,0.948774,1.23861,0.055471,0.893303,0.040921,0.017569,0.048634,4.038
2025-08-23 07:00:00,2.27113,3.0691,0.197067,2.07407,0.06875,0.032045,0.085835,9.789
2025-08-23 08:00:00,3.5444,4.48658,0.19,3.3544,0.08919,0.060515,0.106079,17.462
2025-08-23 09:00:00,3.39161,6.70278,0.273113,3.11849,0.09611,0.064424,0.097298,16.81
2025-08-23 10:00:00,4.80065,6.63073,0.540538,4.26011,0.118827,0.088926,0.109549,13.366
2025-08-23 11:00:00,3.03687,3.78662,0.195705,2.84117,0.103451,0.080795,0.103884,21.133
2025-08-23 12:00:00,2.18846,3.07368,0.198708,1.98975,0.077021,0.053033,0.110142,13.599
2025-08-23 13:00:00,3.98194,5.87307,0.415402,3.56654,0.110911,0.080391,0.102902,16.118
2025-08-23 14:00:00,4.26379,5.79319,0.497784,3.76601,0.117833,0.07482,0.096511,19.134
2025-08-23 15:00:00,2.35262,4.64945,0.211144,2.14148,0.088437,0.059714,0.092024,11.874
2025-08-23 16:00:00,3.45573,4.93676,0.201301,3.25443,0.08987,0.056513,0.104906,15.554
2025-08-23 17:00:00,5.18921,5.76579,0.688375,4.50084,0.123659,0.093966,0.106076,14.979
2025-08-23 18:00:00,4.06123,4.98922,0.519806,3.54142,0.10067,0.079207,0.105745,22.16
2025-08-23 19:00:00,4.03765,5.35497,0.395677,3.64197,0.099407,0.075662,0.099309,16.713
2025-08-23 20:00:00,4.43978,5.34913,0.429671,4.01011,0.10253,0.081529,0.102881,19.074
2025-08-23 21:00:00,4.56966,4.33554,0.762742,3.80692,0.137688,0.077057,0.124032,23.604
2025-08-23 22:00:00,4.89213,6.64691,0.575745,4.31638,0.127364,0.092181,0.120008,23.848
2025-08-23 23:00:00,6.17217,9.70467,0.705793,5.46638,0.124953,0.08101,0.088578,21.174
2025-08-24 00:00:00,6.20154,12.4529,0.976402,5.22514,0.135138,0.084259,0.086015,14.422
2025-08-24 01:00:00,3.07992,6.63775,0.183586,2.89633,0.069542,0.065526,0.084712,7.581
2025-08-24 02:00:00,0.76164,1.70771,0.03521,0.72643,0.048088,0.039474,0.068514,4.755
2025-08-24 03:00:00,0.547637,0.782337,0.029706,0.517931,0.041552,0.016064,0.04642,3.947
2025-08-24 04:00:00,0.754099,1.02738,0.031752,0.722347,0.04339,0.022263,0.064752,4.696
2025-08-24 05:00:00,0.14863,0.238188,0.016558,0.132072,0.034298,0.019608,0.047934,1.878
2025-08-24 06:00:00,1.00644,1.34911,0.062409,0.94403,0.055596,0.022749,0.061224,6.894
2025-08-24 07:00:00,1.03822,2.08478,0.07716,0.961059,0.057545,0.023931,0.07373,7.928
2025-08-24 08:00:00,1.6223,2.39277,0.146368,1.47593,0.06902,0.035651,0.073151,6.474
2025-08-24 09:00:00,3.00758,4.51588,0.434239,2.57334,0.083505,0.050077,0.09169,11.485
2025-08-24 10:00:00,3.74588,5.96478,0.212781,3.5331,0.095429,0.066779,0.117168,14.812
2025-08-24 11:00:00,4.02904,4.11968,0.310759,3.71829,0.109576,0.078229,0.107114,18.252
2025-08-24 12:00:00,3.55272,5.86257,0.341483,3.21123,0.080509,0.058875,0.089995,14.338
2025-08-24 13:00:00,3.44272,7.26312,0.27807,3.16465,0.08525,0.057823,0.096102,16.653
2025-08-24 14:00:00,2.99318,4.42778,0.189174,2.80401,0.08765,0.066005,0.0924,9.528
2025-08-24 15:00:00,2.01447,3.57176,0.160425,1.85404,0.083208,0.054562,0.093058,10.691
2025-08-24 16:00:00,3.10074,4.16767,0.293274,2.80747,0.094006,0.065039,0.102316,14.896
2025-08-24 17:00:00,2.73781,3.0693,0.295413,2.4424,0.094241,0.05524,0.101684,15.98
2025-08-24 18:00:00,3.42185,3.6953,0.456441,2.96541,0.117021,0.06861,0.095941,19.856
2025-08-24 19:00:00,3.98813,4.49114,0.5065,3.48163,0.120059,0.07625,0.112062,17.797
2025-08-24 20:00:00,4.89294,5.70273,0.444316,4.44862,0.122736,0.076685,0.111042,17.579
2025-08-24 21:00:00,4.70794,7.11168,0.463966,4.24397,0.10732,0.10068,0.107809,18.244
2025-08-24 22:00:00,5.69103,7.18564,0.385278,5.30575,0.105752,0.091637,0.106435,20.157
2025-08-24 23:00:00,4.36945,5.90466,0.412659,3.9568,0.095256,0.066744,0.093651,14.848
2025-08-25 00:00:00,4.54498,6.22601,0.932392,3.61259,0.12959,0.069064,0.084114,13.029
2025-08-25 01:00:00,3.07177,7.56594,0.069756,3.00202,0.044792,0.060806,0.061594,4.941
2025-08-25 02:00:00,3.35997,7.99994,0.094561,3.26541,0.046384,0.073084,0.050888,6.363
2025-08-25 03:00:00,3.47214,5.19782,0.050343,3.42179,0.041533,0.039231,0.051997,3.127
2025-08-25 04:00:00,0.47658,0.807763,0.020566,0.456014,0.024823,0.009469,0.036735,1.192
2025-08-25 05:00:00,0.519993,0.988583,0.019549,0.500444,0.020085,0.008513,0.035608,1.705
2025-08-25 06:00:00,2.09103,3.05707,0.087012,2.00402,0.04069,0.026535,0.052347,4.812
2025-08-25 07:00:00,3.646,4.81002,0.265069,3.38093,0.07273,0.045786,0.084666,8.175
2025-08-25 08:00:00,4.41146,5.23927,0.22929,4.18217,0.081192,0.059122,0.110157,12.4
2025-08-25 09:00:00,2.80906,4.48731,0.334094,2.47496,0.079868,0.046919,0.095764,13.804
2025-08-25 10:00:00,2.28353,3.11107,0.203481,2.08005,0.076689,0.041593,0.091073,15.493
2025-08-25 11:00:00,3.13564,3.62921,0.228719,2.90692,0.077114,0.048832,0.103856,13.538
2025-08-25 12:00:00,3.52765,4.8324,0.317465,3.21018,0.084161,0.044519,0.089918,13.432
2025-08-25 13:00:00,3.37791,6.75583,0.347328,3.03058,0.083515,0.055028,0.10346,16.56
2025-08-25 14:00:00,2.84656,5.33064,0.262618,2.58394,0.071567,0.049982,0.08526,11.19
2025-08-25 15:00:00,2.07796,3.86238,0.351333,1.72663,0.075652,0.041625,0.079396,7.746
2025-08-25 16:00:00,3.38646,6.11274,0.285279,3.10118,0.069761,0.044707,0.084462,12.022
2025-08-25 17:00:00,3.2973,5.31822,0.266856,3.03044,0.079771,0.049233,0.107377,14.357
2025-08-25 18:00:00,3.80459,4.50781,0.810364,2.99423,0.138156,0.058313,0.106039,15.136
2025-08-25 19:00:00,4.64446,5.84944,0.548307,4.09615,0.102773,0.08264,0.102865,21.596
2025-08-25 20:00:00,4.63173,5.96873,0.409691,4.22204,0.118823,0.091331,0.110207,21.557
2025-08-25 21:00:00,5.7828,7.01796,0.478108,5.30469,0.125261,0.098938,0.095146,23.574
2025-08-25 22:00:00,3.38943,7.06132,0.281183,3.10825,0.108989,0.109292,0.08183,11.443
2025-08-25 23:00:00,3.04441,4.80191,0.195368,2.84904,0.079943,0.05876,0.067449,12.172
2025-08-26 00:00:00,1.65528,2.26751,0.15235,1.50293,0.064125,0.044906,0.065406,9.42
2025-08-26 01:00:00,2.96171,6.17024,0.22195,2.73976,0.068802,0.066373,0.066203,6.204
2025-08-26 02:00:00,1.00097,1.42183,0.068103,0.932869,0.053682,0.0222,0.049475,5.104
2025-08-26 03:00:00,1.52081,2.4372,0.064663,1.45615,0.049737,0.032923,0.051011,6.354
2025-08-26 04:00:00,0.729663,1.25804,0.074274,0.655389,0.052853,0.042184,0.056947,7.711
2025-08-26 05:00:00,1.66925,3.19779,0.086384,1.58286,0.054612,0.023124,0.061876,8.691
2025-08-26 06:00:00,2.39706,3.22185,0.123712,2.27334,0.061978,0.032612,0.06545,9.337
2025-08-26 07:00:00,2.41478,2.47416,0.218959,2.19582,0.075675,0.034735,0.079604,12.599
2025-08-26 08:00:00,2.99904,2.32483,0.30941,2.68962,0.09684,0.049275,0.093277,14.31
2025-08-26 09:00:00,5.0609,4.5759,0.2263,4.8346,0.0792,0.0617,0.103,12.722
2025-08-26 10:00:00,2.1803,2.5177,0.1445,2.0358,0.0732,0.0395,0.0969,12.183
2025-08-26 11:00:00,3.58421,3.22321,0.309596,3.27461,0.090345,0.06284,0.10365,18.955
2025-08-26 12:00:00,4.99465,6.58924,0.502097,4.49255,0.106855,0.072489,0.124302,23.727
2025-08-26 13:00:00,3.78736,4.76998,0.42426,3.3631,0.112772,0.060701,0.104208,16.575
2025-08-26 14:00:00,2.35182,3.90668,0.261223,2.0906,0.081688,0.044127,0.087725,17.794
2025-08-26 15:00:00,2.06026,4.20462,0.193541,1.86672,0.068606,0.037896,0.084557,13.62
2025-08-26 16:00:00,3.33845,3.93685,0.314774,3.02368,0.084123,0.055793,0.095283,16.322
2025-08-26 17:00:00,3.00487,2.84552,0.456173,2.54869,0.083827,0.052768,0.096478,17.267
2025-08-26 18:00:00,3.60775,3.60775,0.406964,3.20079,0.107293,0.061436,0.114915,18.233
2025-08-26 19:00:00,2.16216,4.63982,0.179497,1.98266,0.089747,0.050994,0.110301,14.038
2025-08-26 20:00:00,5.10886,5.44655,0.865304,4.24356,0.149959,0.09277,0.123834,21.427
2025-08-26 21:00:00,6.04595,7.85188,0.895325,5.15062,0.149636,0.101692,0.124744,25.603
2025-08-26 22:00:00,4.0984,6.36397,0.435022,3.66337,0.101205,0.073965,0.081153,18.905
2025-08-26 23:00:00,2.65262,6.02868,0.16195,2.49067,0.065328,0.049452,0.059596,7.582
2025-08-27 00:00:00,3.16601,11.9023,0.151347,3.01466,0.042297,0.041667,0.052358,6.378
2025-08-27 01:00:00,1.7527,4.8686,0.099899,1.6528,0.037894,0.028556,0.045993,5.243
2025-08-27 02:00:00,1.21339,3.19313,0.038762,1.17463,0.027637,0.021429,0.042131,2.263
2025-08-27 03:00:00,0.692415,1.94499,0.069785,0.62263,0.028408,0.016293,0.038268,1.743
2025-08-27 04:00:00,0.186492,0.372986,0.010631,0.175861,0.020155,0.006542,0.036137,0.964
2025-08-27 05:00:00,0.652608,1.03589,0.02842,0.624188,0.025257,0.010227,0.04053,2.737
2025-08-27 06:00:00,1.3847,2.24062,0.058447,1.32626,0.038599,0.022127,0.051363,4.476
2025-08-27 07:00:00,2.1336,3.28246,0.154649,1.97895,0.051598,0.034998,0.06652,6.267
2025-08-27 08:00:00,3.00173,4.64665,0.148054,2.85368,0.081139,0.053064,0.084344,12.703
2025-08-27 09:00:00,1.39677,1.80928,0.130698,1.26607,0.081259,0.028683,0.078961,8.307
2025-08-27 10:00:00,1.62521,1.85526,0.427404,1.1978,0.071587,0.029786,0.084608,10.133
2025-08-27 11:00:00,2.63015,2.75697,0.189123,2.44102,0.073614,0.042792,0.084839,10.134
2025-08-27 12:00:00,5.59005,8.73445,0.171417,5.41863,0.082808,0.072689,0.091285,11.972
2025-08-27 13:00:00,3.2791,4.90883,0.249078,3.03002,0.092319,0.05759,0.115859,12.956
2025-08-27 14:00:00,1.99876,2.86356,0.185924,1.81284,0.064603,0.03964,0.083424,6.825
2025-08-27 15:00:00,2.31315,3.54778,0.143867,2.16928,0.060764,0.039986,0.10176,8.695
2025-08-27 16:00:00,2.47228,3.1454,0.16212,2.31016,0.072435,0.046798,0.100686,10.872
2025-08-27 17:00:00,4.88776,6.12502,0.427029,4.46073,0.109483,0.090205,0.117203,18.899
2025-08-27 18:00:00,5.2885,6.41808,0.630882,4.65761,0.14682,0.100177,0.12482,18.824
2025-08-27 19:00:00,5.46598,5.81487,0.816016,4.64996,0.148989,0.085693,0.129522,20.48
2025-08-27 20:00:00,4.91429,5.70104,0.651154,4.26314,0.128181,0.091276,0.107726,18.86
2025-08-27 21:00:00,4.90278,5.79524,0.695471,4.2073,0.189175,0.10915,0.107328,21.248
2025-08-27 22:00:00,5.94992,9.09773,0.604594,5.34532,0.139171,0.097552,0.091458,22.485
2025-08-27 23:00:00,3.61129,6.44874,0.236132,3.37516,0.087652,0.08285,0.088215,10.861
2025-08-28 00:00:00,2.56805,4.5858,0.195399,2.37265,0.065747,0.040585,0.066122,7.342
2025-08-28 01:00:00,1.7707,3.98807,0.084286,1.68641,0.047391,0.034373,0.049796,4.418
2025-08-28 02:00:00,1.25346,2.08216,0.045806,1.20766,0.040894,0.026259,0.045526,2.44
2025-08-28 03:00:00,0.261774,0.671217,0.00838,0.253394,0.032044,0.012977,0.039923,1.253
2025-08-28 04:00:00,0.595617,0.875907,0.011577,0.58404,0.030692,0.008467,0.049187,1.235
2025-08-28 05:00:00,0.460453,1.51465,0.081113,0.37934,0.034387,0.007769,0.038602,1.656
2025-08-28 06:00:00,0.747436,1.70648,0.048563,0.698873,0.033653,0.012949,0.047259,3.04
2025-08-28 07:00:00,1.98495,3.54455,0.11639,1.86856,0.06455,0.043581,0.091859,6.811
2025-08-28 08:00:00,2.3132,3.04368,0.190643,2.12255,0.073275,0.040046,0.084151,10.987
2025-08-28 09:00:00,1.59655,2.19307,0.270436,1.32612,0.070136,0.036119,0.086895,9.552
2025-08-28 10:00:00,2.39342,3.06063,0.207197,2.18622,0.08315,0.052035,0.096054,12.482
2025-08-28 11:00:00,2.16321,3.03821,0.206581,1.95663,0.077745,0.052109,0.090463,12.964
2025-08-28 12:00:00,2.63547,4.74006,0.315005,2.32047,0.082926,0.050597,0.09173,9.648
2025-08-28 13:00:00,2.22732,3.77512,0.154801,2.07252,0.074549,0.039024,0.085181,10.398
2025-08-28 14:00:00,4.68048,8.89826,0.182028,4.49845,0.068505,0.050015,0.090898,10.679
2025-08-28 15:00:00,2.65827,4.46018,0.134335,2.52393,0.065529,0.048358,0.096051,10.424
2025-08-28 16:00:00,2.67835,4.88749,0.289923,2.38842,0.08231,0.043106,0.08318,10.527
2025-08-28 17:00:00,3.17612,3.49024,0.280108,2.89601,0.088349,0.058589,0.100383,13.985
2025-08-28 18:00:00,3.98943,4.98679,0.428885,3.56054,0.104537,0.078479,0.097095,16.383
2025-08-28 19:00:00,3.82084,4.35175,0.335855,3.48498,0.099678,0.065064,0.095847,16.929
2025-08-28 20:00:00,5.95305,8.36103,0.697565,5.25549,0.13046,0.08717,0.106388,21.704
2025-08-28 21:00:00,5.55547,7.46703,0.893378,4.66209,0.123118,0.083847,0.10115,22.093
2025-08-28 22:00:00,3.04763,5.54114,0.398322,2.6493,0.13408,0.075297,0.097034,20.05
2025-08-28 23:00:00,4.52044,8.34029,0.282399,4.23804,0.085835,0.08066,0.083628,13.421
2025-08-29 00:00:00,2.85174,6.82234,0.0998,2.75194,0.047985,0.053207,0.057464,6.209
2025-08-29 01:00:00,1.87342,10.1816,0.051543,1.82188,0.037737,0.050943,0.053413,5.389
2025-08-29 02:00:00,0.52967,1.50474,0.033311,0.496359,0.030092,0.013892,0.041364,2.492
2025-08-29 03:00:00,0.426825,1.58083,0.096633,0.330192,0.025154,0.009435,0.03408,1.858
2025-08-29 04:00:00,0.458388,1.13462,0.027946,0.430442,0.022969,0.009516,0.040312,2.434
2025-08-29 05:00:00,0.619006,1.54751,0.024556,0.59445,0.022021,0.008521,0.043456,1.524
2025-08-29 06:00:00,1.4895,3.31,0.088217,1.40128,0.045734,0.027996,0.059371,7
2025-08-29 07:00:00,1.7575,3.41927,0.152872,1.60463,0.061342,0.028061,0.073498,9.297
2025-08-29 08:00:00,3.48273,6.17506,0.226046,3.25669,0.084487,0.056102,0.089393,13.864
2025-08-29 09:00:00,2.17394,4.04078,0.220134,1.95381,0.079824,0.035933,0.10012,8.941
2025-08-29 10:00:00,1.98574,2.98159,0.15798,1.82776,0.077874,0.032182,0.088992,12.434
2025-08-29 11:00:00,2.84973,2.93786,0.276855,2.57287,0.093127,0.057147,0.103233,16.011
2025-08-29 12:00:00,3.69137,5.5426,0.501162,3.19021,0.111518,0.072183,0.09125,16.074
2025-08-29 13:00:00,1.87283,4.75338,0.128089,1.74474,0.097326,0.080922,0.113196,4.181
2025-08-29 14:00:00,2.316,4.1655,0.2012,2.1148,0.0884,0.0486,0.1406,15.88
2025-08-29 15:00:00,2.4779,4.1437,0.443,2.0349,0.1025,0.0502,0.121,13.683
2025-08-29 16:00:00,3.7706,4.9744,0.514,3.2566,0.1149,0.0691,0.1121,17.894
2025-08-29 17:00:00,2.7597,3.8979,0.3261,2.4336,0.1075,0.0529,0.0957,16.641
2025-08-29 18:00:00,3.63102,4.41194,0.493434,3.13759,0.11971,0.06772,0.100366,19.804
2025-08-29 19:00:00,4.50234,4.92598,0.660767,3.84158,0.131919,0.082541,0.105033,22.967
2025-08-29 20:00:00,3.19143,3.54603,0.426056,2.76537,0.108112,0.067298,0.099199,14.408
2025-08-29 21:00:00,5.22805,6.73718,0.649101,4.57895,0.10793,0.112476,0.102184,21.171
2025-08-29 22:00:00,5.63051,7.65014,0.763062,4.86744,0.127076,0.098572,0.103699,19.28
2025-08-29 23:00:00,6.18149,10.3025,0.360691,5.8208,0.100684,0.110364,0.092077,20.225
2025-08-30 00:00:00,3.3055,9.44428,0.230616,3.07488,0.073889,0.059254,0.066171,11.41
2025-08-30 01:00:00,1.38302,3.42331,0.107164,1.27585,0.052538,0.028312,0.053368,7.176
2025-08-30 02:00:00,0.778463,1.73764,0.070209,0.708254,0.050398,0.028789,0.054817,4.835
2025-08-30 03:00:00,0.796798,1.71724,0.061153,0.735645,0.050808,0.022438,0.052084,6.259
2025-08-30 04:00:00,0.325856,1.24372,0.020705,0.305151,0.029082,0.006582,0.041714,2.912
2025-08-30 05:00:00,0.261191,0.926206,0.023406,0.237785,0.022352,0.006087,0.039016,0.866
2025-08-30 06:00:00,0.245627,1.98086,0.017325,0.228302,0.0342,0.019643,0.0466,2.293
2025-08-30 07:00:00,2.2711,3.0691,0.1971,2.0741,0.0687,0.032,0.0858,9.789
2025-08-30 08:00:00,3.5444,4.4866,0.19,3.3544,0.0892,0.0605,0.1061,17.462
2025-08-30 09:00:00,3.3916,6.7028,0.2731,3.1185,0.0961,0.0644,0.0973,16.81
2025-08-30 10:00:00,4.8006,6.6307,0.5405,4.2601,0.1188,0.0889,0.1095,13.366
2025-08-30 11:00:00,3.0369,3.7866,0.1957,2.8412,0.1035,0.0808,0.1039,21.133
2025-08-30 12:00:00,2.1885,3.0737,0.1987,1.9898,0.077,0.053,0.1101,13.599
2025-08-30 13:00:00,3.9819,5.8731,0.4154,3.5665,0.1109,0.0804,0.1029,16.118
2025-08-30 14:00:00,4.2638,5.7932,0.4978,3.766,0.1178,0.0748,0.0965,19.134
2025-08-30 15:00:00,2.3526,4.6495,0.2111,2.1415,0.0884,0.0597,0.092,11.874
2025-08-30 16:00:00,3.4557,4.9368,0.2013,3.2544,0.0899,0.0565,0.1049,15.554
2025-08-30 17:00:00,5.1892,5.7658,0.6884,4.5008,0.1237,0.094,0.1061,14.979
2025-08-30 18:00:00,4.0612,4.9892,0.5198,3.5414,0.1007,0.0792,0.1057,22.16
2025-08-30 19:00:00,4.0376,5.355,0.3957,3.642,0.0994,0.0757,0.0993,16.713
2025-08-30 20:00:00,4.4398,5.3491,0.4297,4.0101,0.1025,0.0815,0.1029,19.074
2025-08-30 21:00:00,4.5697,4.3355,0.7627,3.8069,0.1377,0.0771,0.124,23.604
2025-08-30 22:00:00,4.8921,6.6469,0.5757,4.3164,0.1274,0.0922,0.12,23.848
2025-08-30 23:00:00,6.1722,9.7047,0.7058,5.4664,0.125,0.081,0.0886,21.174
2025-08-31 00:00:00,6.2015,12.4529,0.9764,5.2251,0.1351,0.0843,0.086,14.422
2025-08-31 01:00:00,3.0799,6.6378,0.1836,2.8963,0.0695,0.0655,0.0847,7.581
2025-08-31 02:00:00,0.7616,1.7077,0.0352,0.7264,0.0481,0.0395,0.0685,4.755
2025-08-31 03:00:00,0.5476,0.7823,0.0297,0.5179,0.0416,0.0161,0.0464,3.947
2025-08-31 04:00:00,0.7541,1.0274,0.0318,0.7223,0.0434,0.0223,0.0648,4.696
2025-08-31 05:00:00,0.1486,0.2382,0.0166,0.1321,0.0343,0.0196,0.0479,1.878
2025-08-31 06:00:00,1.0064,1.3491,0.0624,0.944,0.0556,0.0227,0.0612,6.894
2025-08-31 07:00:00,1.0382,2.0848,0.0772,0.9611,0.0575,0.0239,0.0737,7.928
2025-08-31 08:00:00,1.6223,2.3928,0.1464,1.4759,0.069,0.0357,0.0732,6.474
2025-08-31 09:00:00,3.0076,4.5159,0.4342,2.5733,0.0835,0.0501,0.0917,11.485
2025-08-31 10:00:00,3.7459,5.9648,0.2128,3.5331,0.0954,0.0668,0.1172,14.812
2025-08-31 11:00:00,4.029,4.1197,0.3108,3.7183,0.1096,0.0782,0.1071,18.252
2025-08-31 12:00:00,3.5527,5.8626,0.3415,3.2112,0.0805,0.0589,0.09,14.338
2025-08-31 13:00:00,3.4427,7.2631,0.2781,3.1646,0.0852,0.0578,0.0961,16.653
2025-08-31 14:00:00,2.9932,4.4278,0.1892,2.804,0.0877,0.066,0.0924,9.528
2025-08-31 15:00:00,2.0145,3.5718,0.1604,1.854,0.0832,0.0546,0.0931,10.691
2025-08-31 16:00:00,3.1007,4.1677,0.2933,2.8075,0.094,0.065,0.1023,14.896
2025-08-31 17:00:00,2.7378,3.0693,0.2954,2.4424,0.0942,0.0552,0.1017,15.98
2025-08-31 18:00:00,3.4218,3.6953,0.4564,2.9654,0.117,0.0686,0.0959,19.856
2025-08-31 19:00:00,3.9881,4.4911,0.5065,3.4816,0.1201,0.0762,0.1121,17.797
2025-08-31 20:00:00,4.8929,5.7027,0.4443,4.4486,0.1227,0.0767,0.111,17.579
2025-08-31 21:00:00,4.7079,7.1117,0.464,4.244,0.1073,0.1007,0.1078,18.244
2025-08-31 22:00:00,5.691,7.1856,0.3853,5.3057,0.1058,0.0916,0.1064,20.157
2025-08-31 23:00:00,4.3695,5.9047,0.4127,3.9568,0.0953,0.0667,0.0937,14.848
2025-09-01 00:00:00,4.545,6.226,0.9324,3.6126,0.1296,0.0691,0.0841,13.029
2025-09-01 01:00:00,3.0718,7.5659,0.0698,3.002,0.0448,0.0608,0.0616,4.941
2025-09-01 02:00:00,3.36,7.9999,0.0946,3.2654,0.0464,0.0731,0.0509,6.363
2025-09-01 03:00:00,3.4721,5.1978,0.0503,3.4218,0.0415,0.0392,0.052,3.127
2025-09-01 04:00:00,0.4766,0.8078,0.0206,0.456,0.0248,0.0095,0.0367,1.192
2025-09-01 05:00:00,0.52,0.9886,0.0195,0.5004,0.0201,0.0085,0.0356,1.705
2025-09-01 06:00:00,2.091,3.0571,0.087,2.004,0.0407,0.0265,0.0523,4.812
2025-09-01 07:00:00,3.646,4.81,0.2651,3.3809,0.0727,0.0458,0.0847,8.175
2025-09-01 08:00:00,4.4115,5.2393,0.2293,4.1822,0.0812,0.0591,0.1102,12.4
2025-09-01 09:00:00,2.8091,4.4873,0.3341,2.475,0.0799,0.0469,0.0958,13.804
2025-09-01 10:00:00,2.2835,3.1111,0.2035,2.08,0.0767,0.0416,0.0911,15.493
2025-09-01 11:00:00,2.31049,3.71606,0.212949,2.09754,0.078856,0.043339,0.098736,15.663
2025-09-01 12:00:00,2.33748,4.32102,0.222398,2.11508,0.081013,0.045079,0.106373,15.833
2025-09-01 13:00:00,2.36447,4.92597,0.231847,2.13262,0.083169,0.046818,0.114009,16.003
2025-09-01 14:00:00,3.59592,6.81983,0.377502,3.21842,0.104601,0.059817,0.107763,18.2305
2025-09-01 15:00:00,4.82738,8.71368,0.523157,4.30422,0.126034,0.072817,0.101517,20.458
2025-09-01 16:00:00,2.52579,4.14063,0.293217,2.23257,0.107633,0.054483,0.112076,14.745
2025-09-01 17:00:00,3.21404,4.79707,0.225436,2.9886,0.092767,0.063291,0.099635,14.109
2025-09-01 18:00:00,4.86684,5.7801,0.370943,4.4959,0.114988,0.091172,0.105082,20.004
2025-09-01 19:00:00,5.02712,6.54573,0.627905,4.39921,0.105354,0.083056,0.099205,17.785
2025-09-01 20:00:00,4.36691,6.51778,0.826045,3.54087,0.130896,0.071145,0.088832,19.567
2025-09-01 21:00:00,4.80567,5.88931,0.551504,4.25417,0.128501,0.07881,0.096734,18.042
2025-09-01 22:00:00,6.86925,6.44395,0.459881,6.40937,0.1185,0.115706,0.099012,17.472
2025-09-01 23:00:00,6.13304,9.64314,0.338995,5.79404,0.096198,0.093801,0.076077,16.286
2025-09-02 00:00:00,3.62869,7.55978,0.224014,3.40468,0.051391,0.04941,0.05295,7.956
2025-09-02 01:00:00,1.81469,3.84469,0.521358,1.29334,0.05888,0.029304,0.049263,7.994
2025-09-02 02:00:00,1.16947,2.54232,0.363834,0.805635,0.041425,0.022078,0.041583,5.422
2025-09-02 03:00:00,1.11571,2.17063,0.175402,0.940304,0.033085,0.017095,0.039919,3.812
2025-09-02 04:00:00,0.442955,0.975672,0.031663,0.411292,0.02256,0.006082,0.033385,2.014
2025-09-02 05:00:00,0.282409,0.662933,0.013689,0.26872,0.021034,0.006553,0.037057,1.928
2025-09-02 06:00:00,0.997768,1.16562,0.0523,0.945468,0.035608,0.016637,0.051768,3.791
2025-09-02 07:00:00,1.88825,1.96692,0.125475,1.76277,0.061261,0.032,0.083411,8.297
2025-09-02 08:00:00,2.49417,2.50418,0.214365,2.2798,0.082276,0.043779,0.090544,10.926
2025-09-02 09:00:00,2.27874,2.78574,0.140196,2.13854,0.063118,0.045421,0.085342,8.77
2025-09-02 10:00:00,1.81859,2.08077,0.164271,1.65432,0.070186,0.037471,0.087178,10.357
2025-09-02 11:00:00,1.92834,1.90172,0.205151,1.72319,0.072685,0.042416,0.088247,12.075
2025-09-02 12:00:00,1.90225,2.34846,0.16956,1.73269,0.085062,0.056338,0.111281,8.189
2025-09-02 13:00:00,2.46244,3.48787,0.138902,2.32354,0.080429,0.053406,0.102667,13.492
2025-09-02 14:00:00,2.31536,3.56209,0.174632,2.14073,0.068294,0.045896,0.115728,11.731
2025-09-02 15:00:00,1.98706,3.63931,0.296638,1.69042,0.070715,0.034558,0.078889,8.566
2025-09-02 16:00:00,1.93147,3.25163,0.148711,1.78276,0.066894,0.040912,0.085729,7.54
2025-09-02 17:00:00,3.437,3.74401,0.466897,2.9701,0.101358,0.070655,0.123438,17.55
2025-09-02 18:00:00,3.74789,4.08267,0.384224,3.36366,0.101358,0.072135,0.107773,17.69
2025-09-02 19:00:00,3.11584,3.25925,0.414355,2.70149,0.106452,0.055796,0.099818,14.117
2025-09-02 20:00:00,1.70642,2.14914,0.250627,1.45579,0.084961,0.043153,0.095988,16.24
2025-09-02 21:00:00,4.12888,4.73496,0.468296,3.66059,0.111164,0.074785,0.10878,19.944
2025-09-02 22:00:00,5.75565,6.67708,0.330802,5.42485,0.097847,0.101747,0.102722,17.388
2025-09-02 23:00:00,4.45631,6.57273,0.184531,4.27178,0.075628,0.078861,0.082993,14.302
2025-09-03 00:00:00,3.16952,6.60317,0.25805,2.91147,0.065142,0.043076,0.060852,8.984
2025-09-03 01:00:00,1.8642,3.8358,0.082544,1.78165,0.042189,0.025088,0.051533,4.052
2025-09-03 02:00:00,1.00527,1.38467,0.058011,0.947262,0.048855,0.019743,0.058461,7.02
2025-09-03 03:00:00,0.068076,0.20629,0.012171,0.055905,0.024274,0.003488,0.039455,1.241
2025-09-03 04:00:00,0.151977,0.287834,0.01547,0.136507,0.024124,0.005037,0.043634,1.832
2025-09-03 05:00:00,1.57916,4.2912,0.068698,1.51046,0.04847,0.027556,0.050249,6.958
2025-09-03 06:00:00,2.56095,4.57312,0.091946,2.469,0.051199,0.033448,0.059875,6.144
2025-09-03 07:00:00,2.83654,3.74214,0.112739,2.7238,0.056654,0.040539,0.077043,8.146
2025-09-03 08:00:00,3.12578,3.2765,0.216078,2.9097,0.080128,0.058878,0.095889,12.702
2025-09-03 09:00:00,1.3968,1.8093,0.1307,1.2661,0.0813,0.0287,0.079,8.307
2025-09-03 10:00:00,2.88547,4.04127,0.254685,2.63079,0.083917,0.060723,0.119053,11.144
2025-09-03 11:00:00,1.17953,6.27409,0.048509,1.13102,0.082705,0.051095,0.10422,13.46
2025-09-03 12:00:00,5.59,8.7344,0.1714,5.4186,0.0828,0.0727,0.0913,11.972
2025-09-03 13:00:00,1.7046,4.48579,0.12342,1.58118,0.10088,0.07044,0.099558,15.906
2025-09-03 14:00:00,1.9988,2.8636,0.1859,1.8128,0.0646,0.0396,0.0834,6.825
2025-09-03 15:00:00,2.3132,3.5478,0.1439,2.1693,0.0608,0.04,0.1018,8.695
2025-09-03 16:00:00,2.4723,3.1454,0.1621,2.3102,0.0724,0.0468,0.1007,10.872
2025-09-03 17:00:00,4.8878,6.125,0.427,4.4607,0.1095,0.0902,0.1172,18.899
2025-09-03 18:00:00,5.2885,6.4181,0.6309,4.6576,0.1468,0.1002,0.1248,18.824
2025-09-03 19:00:00,5.466,5.8149,0.816,4.65,0.149,0.0857,0.1295,20.48
2025-09-03 20:00:00,4.9143,5.701,0.6512,4.2631,0.1282,0.0913,0.1077,18.86
2025-09-03 21:00:00,4.9028,5.7952,0.6955,4.2073,0.1892,0.1092,0.1073,21.248
2025-09-03 22:00:00,5.9499,9.0977,0.6046,5.3453,0.1392,0.0976,0.0915,22.485
2025-09-03 23:00:00,3.6113,6.4487,0.2361,3.3752,0.0877,0.0828,0.0882,10.861
2025-09-04 00:00:00,2.5681,4.5858,0.1954,2.3727,0.0657,0.0406,0.0661,7.342
2025-09-04 01:00:00,1.7707,3.9881,0.0843,1.6864,0.0474,0.0344,0.0498,4.418
2025-09-04 02:00:00,1.0613,2.70739,0.032529,1.02877,0.031355,0.022246,0.040796,3.332
2025-09-04 03:00:00,0.705009,1.32024,0.049652,0.655357,0.028412,0.011297,0.03902,2.475
2025-09-04 04:00:00,0.511814,0.891662,0.028589,0.483225,0.032273,0.009586,0.038922,3.256
2025-09-04 05:00:00,0.269351,0.617777,0.022423,0.246928,0.025372,0.006448,0.035161,2.421
2025-09-04 06:00:00,1.83974,3.22761,0.09133,1.74841,0.047597,0.028477,0.052644,4.015
2025-09-04 07:00:00,2.59009,3.71073,0.18376,2.40633,0.065925,0.041358,0.088793,9.993
2025-09-04 08:00:00,3.21334,3.93792,0.174693,3.03865,0.071161,0.046362,0.092012,10.577
2025-09-04 09:00:00,2.01473,2.67916,0.136375,1.87835,0.065291,0.038089,0.085052,9.673
2025-09-04 10:00:00,2.09152,2.42636,0.175051,1.91647,0.074157,0.036732,0.097361,12.713
2025-09-04 11:00:00,4.33105,3.55587,0.298431,4.03262,0.089788,0.060596,0.108206,14.796
2025-09-04 12:00:00,2.82054,4.98328,0.163581,2.65695,0.06389,0.048879,0.091393,11.551
2025-09-04 13:00:00,4.39389,7.08693,0.393001,4.00089,0.091618,0.07839,0.097933,16.214
2025-09-04 14:00:00,3.37109,4.15159,0.214587,3.1565,0.077698,0.05808,0.088077,13.727
2025-09-04 15:00:00,2.29203,3.31218,0.159187,2.13284,0.063768,0.040252,0.090507,8.056
2025-09-04 16:00:00,2.73406,3.40119,0.219644,2.51442,0.076034,0.049426,0.095454,11.0205
2025-09-04 17:00:00,3.1761,3.4902,0.2801,2.896,0.0883,0.0586,0.1004,13.985
2025-09-04 18:00:00,4.02628,3.76993,0.457266,3.56902,0.106116,0.071943,0.109316,19.197
2025-09-04 19:00:00,5.7671,5.84898,0.665788,5.10131,0.117403,0.09351,0.121359,20.1
2025-09-04 20:00:00,6.70988,7.89398,0.819337,5.89055,0.180987,0.12273,0.150227,28.694
2025-09-04 21:00:00,5.5555,7.467,0.8934,4.6621,0.1231,0.0838,0.1011,22.093
2025-09-04 22:00:00,3.0476,5.5411,0.3983,2.6493,0.1341,0.0753,0.097,20.05
2025-09-04 23:00:00,4.5204,8.3403,0.2824,4.238,0.0858,0.0807,0.0836,13.421
2025-09-05 00:00:00,2.8517,6.8223,0.0998,2.7519,0.048,0.0532,0.0575,6.209
2025-09-05 01:00:00,1.8734,10.1816,0.0515,1.8219,0.0377,0.0509,0.0534,5.389
2025-09-05 02:00:00,0.24532,1.20255,0.014589,0.230731,0.021064,0.018003,0.035697,1.805
2025-09-05 03:00:00,0.183213,0.598736,0.009684,0.173529,0.018872,0.005197,0.031466,1.074
2025-09-05 04:00:00,0.426934,1.54686,0.022753,0.404181,0.03275,0.015318,0.037471,2.537
2025-09-05 05:00:00,1.58978,3.51721,0.085546,1.50423,0.069134,0.053118,0.086588,5.779
2025-09-05 06:00:00,1.02319,1.78257,0.057647,0.965545,0.04521,0.028764,0.053882,3.487
2025-09-05 07:00:00,2.50289,3.26749,0.435231,2.06766,0.085726,0.043576,0.078717,7.742
2025-09-05 08:00:00,3.12974,4.0436,0.210979,2.91877,0.082902,0.052356,0.100618,10.803
2025-09-05 09:00:00,2.63555,3.5424,0.555918,2.07963,0.078304,0.044245,0.101843,13.886
2025-09-05 10:00:00,2.10134,2.37709,0.333187,1.76816,0.093427,0.043173,0.100092,17.259
2025-09-05 11:00:00,2.58046,2.8994,0.311043,2.26942,0.097738,0.057391,0.117289,21.927
2025-09-05 12:00:00,2.89602,3.59308,0.328503,2.56752,0.102563,0.057391,0.111761,19.584
2025-09-05 13:00:00,2.35413,3.76059,0.184455,2.16967,0.079553,0.048965,0.105263,14.49
2025-09-05 14:00:00,2.21686,5.10797,0.249426,1.96743,0.097494,0.04974,0.119047,17.36
2025-09-05 15:00:00,4.8952,5.95524,0.366702,4.5285,0.091653,0.068245,0.124636,19.319
2025-09-05 16:00:00,4.74584,6.48339,0.323126,4.42271,0.086025,0.066067,0.109385,17.149
2025-09-05 17:00:00,4.67456,3.99535,0.720745,3.95382,0.128429,0.073803,0.118924,25.24
2025-09-05 18:00:00,7.52952,6.93326,0.524303,7.00522,0.136055,0.118694,0.136733,30.085
2025-09-05 19:00:00,6.22645,6.82725,0.803121,5.42333,0.151162,0.104554,0.116819,20.213
2025-09-05 20:00:00,4.96365,6.23574,0.470796,4.49286,0.118791,0.095222,0.109673,21.825
2025-09-05 21:00:00,3.04364,4.75569,0.289751,2.75389,0.110416,0.097491,0.104905,22.985
2025-09-05 22:00:00,8.85005,9.45519,0.819831,8.03022,0.145431,0.106992,0.095136,21.474
2025-09-05 23:00:00,2.80495,5.43596,0.330531,2.47442,0.088361,0.065786,0.088307,17.383
2025-09-06 00:00:00,3.3055,9.4443,0.2306,3.0749,0.0739,0.0593,0.0662,11.41
2025-09-06 01:00:00,1.383,3.4233,0.1072,1.2759,0.0525,0.0283,0.0534,7.176
2025-09-06 02:00:00,0.706319,1.59081,0.047399,0.65892,0.034552,0.023229,0.042036,4.02
2025-09-06 03:00:00,0.390983,1.46986,0.027179,0.363804,0.026927,0.010631,0.035226,3.479
2025-09-06 04:00:00,0.140878,0.554641,0.011159,0.129719,0.022221,0.007406,0.03314,0.878
2025-09-06 05:00:00,1.24366,6.28111,0.042363,1.2013,0.043723,0.022759,0.046871,4.918
2025-09-06 06:00:00,0.85022,1.52917,0.068267,0.781953,0.055182,0.023554,0.056688,6.308
2025-09-06 07:00:00,1.69179,2.98903,0.168043,1.52375,0.067785,0.02967,0.076454,6.677
2025-09-06 08:00:00,2.28664,3.00873,0.184834,2.10181,0.075811,0.038911,0.082628,10.988
2025-09-06 09:00:00,3.42142,4.20321,0.21918,3.20223,0.088822,0.061688,0.114505,15.436
2025-09-06 10:00:00,2.30174,2.40266,0.167409,2.13434,0.085259,0.051727,0.105868,14.553
2025-09-06 11:00:00,4.19883,3.92414,0.398762,3.80007,0.10445,0.072502,0.112854,18.495
2025-09-06 12:00:00,5.67137,6.62543,0.341186,5.33018,0.101802,0.080951,0.104503,21.197
2025-09-06 13:00:00,2.83684,3.88609,0.246395,2.59045,0.084896,0.053574,0.097906,13.894
2025-09-06 14:00:00,2.74418,2.72782,0.237973,2.50621,0.080662,0.048345,0.091108,14.463
2025-09-06 15:00:00,6.01338,5.68372,0.495723,5.51766,0.119678,0.094998,0.122152,23.976
2025-09-06 16:00:00,4.20037,5.08519,0.604982,3.59539,0.10363,0.061942,0.10421,16.111
2025-09-06 17:00:00,5.51132,5.46758,1.16934,4.34198,0.167371,0.097417,0.118455,20.358
2025-09-06 18:00:00,3.23041,3.56558,0.537158,2.69326,0.146723,0.079767,0.112501,19.589
2025-09-06 19:00:00,4.50128,5.05761,0.480466,4.02081,0.106137,0.08176,0.114843,17.251
2025-09-06 20:00:00,6.01397,6.45276,0.63775,5.37622,0.12975,0.093857,0.13114,24.639
2025-09-06 21:00:00,5.12015,6.82686,0.693,4.42715,0.136534,0.096596,0.107943,18.345
2025-09-06 22:00:00,6.83361,10.3854,0.560405,6.2732,0.121868,0.123856,0.113811,20.93
2025-09-06 23:00:00,4.70459,6.95945,0.371101,4.33349,0.086515,0.106907,0.118783,16.361
2025-09-07 00:00:00,0.945427,2.01154,0.207701,0.737726,0.055731,0.045265,0.084895,9.046
2025-09-07 01:00:00,1.82379,3.59015,0.09898,1.72481,0.047158,0.041884,0.062068,8.072
2025-09-07 02:00:00,0.578656,1.08363,0.031032,0.547624,0.030293,0.019129,0.046903,2.061
2025-09-07 03:00:00,0.12073,0.467946,0.011194,0.109536,0.014718,0.004967,0.033702,1.437
2025-09-07 04:00:00,0.106135,0.469631,0.005487,0.100648,0.009698,0.003203,0.029353,0.458
2025-09-07 05:00:00,0.490893,2.36006,0.029398,0.461495,0.022358,0.011776,0.036473,2.211
2025-09-07 06:00:00,2.75422,6.95511,0.11184,2.64238,0.052012,0.037248,0.061912,8.546
2025-09-07 07:00:00,2.54152,5.16568,0.111634,2.42988,0.052859,0.045879,0.068215,6.168
2025-09-07 08:00:00,3.42388,4.42361,0.168229,3.25565,0.073545,0.06375,0.08985,11.493
2025-09-07 09:00:00,4.6718,5.58828,0.232923,4.43888,0.071455,0.056571,0.084945,11.564
2025-09-07 10:00:00,2.17132,2.36527,0.224637,1.94668,0.08125,0.051717,0.0939,12.29
2025-09-07 11:00:00,3.62107,3.27402,0.266095,3.35498,0.096454,0.070044,0.127141,17.349
2025-09-07 12:00:00,4.65628,4.72239,0.28505,4.37123,0.097983,0.082241,0.126602,19.3
2025-09-07 13:00:00,6.30872,10.0778,0.30558,6.00314,0.095321,0.081157,0.114974,17.455
2025-09-07 14:00:00,3.65175,4.49722,0.426347,3.2254,0.112022,0.068382,0.14168,22.528
2025-09-07 15:00:00,2.92187,3.98075,0.247415,2.67446,0.082568,0.050202,0.102325,8.038
2025-09-07 16:00:00,2.75731,3.53501,0.232247,2.52506,0.085356,0.058056,0.10731,12.084
2025-09-07 17:00:00,2.66389,3.59015,0.212008,2.45188,0.101406,0.06673,0.134129,10.259
2025-09-07 18:00:00,1.93928,2.4799,0.20141,1.73787,0.090978,0.055175,0.113184,12.575
2025-09-07 19:00:00,2.03816,2.9885,0.30576,1.7324,0.108971,0.051071,0.091164,12.808
2025-09-07 20:00:00,4.88695,4.36335,0.855477,4.03147,0.151206,0.080241,0.132057,21.117
2025-09-07 21:00:00,5.19784,7.89945,0.317153,4.88068,0.118961,0.116594,0.109733,16.85
2025-09-07 22:00:00,7.64667,8.08316,0.465982,7.18068,0.118877,0.109656,0.11058,23.114
2025-09-07 23:00:00,4.92817,9.55071,0.317966,4.6102,0.092602,0.09368,0.09278,15.395
2025-09-08 00:00:00,4.545,6.226,0.9324,3.6126,0.1296,0.0691,0.0841,13.029
2025-09-08 01:00:00,3.0718,7.5659,0.0698,3.002,0.0448,0.0608,0.0616,4.941
2025-09-08 02:00:00,1.00423,2.11863,0.046915,0.957314,0.03537,0.02103,0.041119,3.007
2025-09-08 03:00:00,0.604611,1.05701,0.0274,0.577211,0.040196,0.031032,0.044482,1.709
2025-09-08 04:00:00,0.053691,0.102074,0.007278,0.046413,0.022081,0.002557,0.033035,0.897
2025-09-08 05:00:00,0.211149,0.8248,0.015095,0.196054,0.025666,0.009681,0.037477,1.616
2025-09-08 06:00:00,1.34109,2.63995,0.090091,1.251,0.048107,0.021366,0.057992,6.726
2025-09-08 07:00:00,2.34861,3.3361,0.451839,1.89677,0.076653,0.033157,0.078398,8.284
2025-09-08 08:00:00,3.21784,4.32505,0.204964,3.01288,0.072189,0.050294,0.085434,11.006
2025-09-08 09:00:00,4.01146,5.49514,0.535044,3.47641,0.082739,0.049781,0.090676,11.661
2025-09-08 10:00:00,3.29032,4.0224,0.227742,3.06258,0.078082,0.048095,0.10662,14.64
2025-09-08 11:00:00,3.16345,3.28841,0.248942,2.91451,0.081862,0.053653,0.094752,11.818
2025-09-08 12:00:00,2.73166,3.25974,0.233278,2.49838,0.075,0.053165,0.094969,12.107
2025-09-08 13:00:00,2.85302,4.05259,0.288346,2.56468,0.079393,0.053859,0.086652,10.626
2025-09-08 14:00:00,2.19447,3.70687,0.156057,2.03841,0.072227,0.034849,0.100912,9.96
2025-09-08 15:00:00,3.0255,4.17886,0.211763,2.81373,0.081524,0.044913,0.087701,9.151
2025-09-08 16:00:00,3.14302,3.75061,0.268691,2.87432,0.088339,0.050108,0.08978,11.227
2025-09-08 17:00:00,3.96986,3.27006,0.388036,3.58182,0.108747,0.065625,0.113331,17.202
2025-09-08 18:00:00,5.68785,3.70786,0.545491,5.14236,0.128021,0.084485,0.114902,21.029
2025-09-08 19:00:00,3.97235,4.11217,0.452699,3.51965,0.125144,0.091366,0.111253,21.973
2025-09-08 20:00:00,5.05483,5.2436,0.547166,4.50767,0.143526,0.10851,0.126737,24.588
2025-09-08 21:00:00,6.78251,5.37441,0.445933,6.33658,0.133679,0.115901,0.10883,25.478
2025-09-08 22:00:00,10.8043,8.61586,0.579612,10.2247,0.13554,0.138598,0.105674,24.596
2025-09-08 23:00:00,5.25517,14.3584,0.228354,5.02682,0.102907,0.151926,0.087241,20.764
2025-09-09 00:00:00,3.83257,7.95139,0.181712,3.65086,0.06569,0.065804,0.060087,10.366
2025-09-09 01:00:00,1.05117,2.79567,0.061785,0.989385,0.029147,0.018287,0.040885,2.946
2025-09-09 02:00:00,0.120199,0.359877,0.011538,0.108661,0.02019,0.008604,0.037316,1.481
2025-09-09 03:00:00,0.606508,0.994272,0.026738,0.57977,0.027429,0.009828,0.055215,2.279
2025-09-09 04:00:00,0.138832,0.299206,0.008371,0.130461,0.014174,0.003234,0.031234,0.539
2025-09-09 05:00:00,0.153108,0.332845,0.02119,0.131918,0.019918,0.003978,0.034662,1.153
2025-09-09 06:00:00,0.849015,1.50002,0.073394,0.775621,0.037095,0.015568,0.051142,3.701
2025-09-09 07:00:00,1.71592,2.2227,0.138503,1.57742,0.062815,0.030941,0.077092,8.016
2025-09-09 08:00:00,2.82509,3.23978,0.172594,2.6525,0.071629,0.041385,0.08973,10.785
2025-09-09 09:00:00,2.19416,2.59971,0.176505,2.01765,0.068749,0.033257,0.083564,10.654
2025-09-09 10:00:00,1.88528,2.26052,0.170255,1.71502,0.072091,0.033646,0.0966,11.768
2025-09-09 11:00:00,1.91401,1.64152,0.227277,1.68673,0.080164,0.034439,0.103917,15.278
2025-09-09 12:00:00,2.43064,2.6024,0.241957,2.18868,0.08075,0.042913,0.105999,14.622
2025-09-09 13:00:00,3.251,3.63646,0.193838,3.05716,0.079727,0.059931,0.097275,13.321
2025-09-09 14:00:00,7.8806,14.0224,0.292409,7.58819,0.085812,0.109043,0.128309,13.696
2025-09-09 15:00:00,1.72233,2.44649,0.175076,1.54725,0.057662,0.028083,0.078061,8.709
2025-09-09 16:00:00,2.5445,3.28746,0.180347,2.36415,0.056866,0.045829,0.083701,9.28
2025-09-09 17:00:00,4.09861,3.93341,0.38888,3.70973,0.087575,0.065345,0.103992,15.563
2025-09-09 18:00:00,3.13607,3.52368,0.293094,2.84298,0.091326,0.067077,0.111656,11.68
2025-09-09 19:00:00,3.40133,3.361,0.350917,3.05041,0.095453,0.063958,0.096523,14.026
2025-09-09 20:00:00,4.71192,7.80119,0.570327,4.14159,0.114577,0.105498,0.110361,19.826
2025-09-09 21:00:00,4.37786,6.94898,0.306185,4.07167,0.149498,0.115295,0.108803,28.61
2025-09-09 22:00:00,5.20126,11.5072,0.807363,4.3939,0.151352,0.130407,0.108452,29.109
2025-09-09 23:00:00,3.37956,9.4401,0.274719,3.10484,0.106527,0.100667,0.085414,14.654
2025-09-10 00:00:00,3.11067,5.61493,0.183912,2.92676,0.074133,0.061726,0.07066,7.83
2025-09-10 01:00:00,2.46046,7.36665,0.09166,2.3688,0.047998,0.039973,0.047372,5.492
2025-09-10 02:00:00,0.498043,1.52773,0.064441,0.433602,0.045927,0.015907,0.044152,5.813
2025-09-10 03:00:00,0.342626,1.84208,0.020239,0.322387,0.01905,0.008434,0.032548,1.866
2025-09-10 04:00:00,0.185594,0.682333,0.012994,0.1726,0.017465,0.005659,0.031481,1.221
2025-09-10 05:00:00,0.238052,0.967696,0.013253,0.224799,0.02391,0.008284,0.03578,0.876
2025-09-10 06:00:00,1.40019,2.62208,0.060998,1.33919,0.036675,0.021708,0.05774,4.062
2025-09-10 07:00:00,1.71523,2.01792,0.172669,1.54256,0.072816,0.041223,0.08445,7.768
2025-09-10 08:00:00,2.57849,2.76662,0.177897,2.40059,0.070937,0.046952,0.085487,11.277
2025-09-10 09:00:00,4.0445,4.68113,0.196479,3.84802,0.073776,0.053859,0.088992,11.378
2025-09-10 10:00:00,3.18717,3.23243,0.189893,2.99728,0.06951,0.04493,0.090087,11.071
2025-09-10 11:00:00,2.51416,2.01133,0.22983,2.28433,0.074441,0.039627,0.089567,10.894
2025-09-10 12:00:00,3.20929,3.24827,0.177196,3.0321,0.07518,0.055045,0.107349,13.103
2025-09-10 13:00:00,3.94954,5.75734,0.203545,3.74599,0.080503,0.072755,0.122054,19.328
2025-09-10 14:00:00,4.87238,9.47935,0.299166,4.57322,0.080851,0.063889,0.097554,18.536
2025-09-10 15:00:00,2.73425,4.66595,0.221489,2.51276,0.074132,0.046898,0.111111,13.621
2025-09-10 16:00:00,2.5503,4.53791,0.329637,2.22067,0.083893,0.039951,0.092546,11.983
2025-09-10 17:00:00,3.84714,4.63511,0.489801,3.35734,0.088632,0.062749,0.10275,13.259
2025-09-10 18:00:00,3.48607,3.71649,0.325821,3.16025,0.093861,0.056009,0.095484,17.362
2025-09-10 19:00:00,3.46407,3.30542,0.466881,2.99719,0.110519,0.065403,0.101196,18.293
2025-09-10 20:00:00,2.74653,2.97244,0.331672,2.41486,0.106402,0.071957,0.108029,17
2025-09-10 21:00:00,6.6096,9.95421,0.454074,6.15553,0.115217,0.111222,0.108588,21.411
2025-09-10 22:00:00,5.28469,8.89679,0.335509,4.94918,0.101488,0.095814,0.102449,21.072
2025-09-10 23:00:00,2.97939,6.47693,0.332948,2.64644,0.065316,0.055376,0.068399,12.663
2025-09-11 00:00:00,4.77139,12.6227,0.176843,4.59455,0.043377,0.03854,0.052232,6.952
2025-09-11 01:00:00,4.15254,17.5955,0.081762,4.07078,0.035074,0.055189,0.052408,6.705
2025-09-11 02:00:00,0.846706,2.17104,0.041602,0.805104,0.02319,0.015999,0.038091,2.748
2025-09-11 03:00:00,0.375217,1.78675,0.016215,0.359002,0.031356,0.021407,0.050844,1.795
2025-09-11 04:00:00,0.380779,1.18993,0.021764,0.359015,0.024033,0.011977,0.035901,1.642
2025-09-11 05:00:00,0.454799,1.29943,0.042282,0.412517,0.024606,0.023309,0.044779,1.676
2025-09-11 06:00:00,1.36681,3.3175,0.119522,1.24729,0.04898,0.043352,0.060918,4.518
2025-09-11 07:00:00,1.48145,1.84719,0.099623,1.38182,0.062216,0.032404,0.075063,6.607
2025-09-11 08:00:00,3.67952,4.16235,0.258968,3.42055,0.182622,0.061361,0.093233,9.043
2025-09-11 09:00:00,2.36732,4.18254,0.291596,2.07572,0.081498,0.055738,0.091692,13.475
2025-09-11 10:00:00,4.18624,5.1682,0.192714,3.99353,0.085261,0.071996,0.121714,12.064
2025-09-11 11:00:00,3.24941,2.80606,0.205415,3.044,0.0824,0.059911,0.093916,10.097
2025-09-11 12:00:00,3.07507,4.68761,0.262429,2.81264,0.084931,0.046492,0.080792,10.677
2025-09-11 13:00:00,2.05733,2.01699,0.15881,1.89852,0.075018,0.057872,0.086321,12.672
2025-09-11 14:00:00,3.221,2.69766,0.211056,3.00995,0.078828,0.057255,0.095737,12.051
2025-09-11 15:00:00,3.46394,4.68099,0.141055,3.32288,0.068372,0.054782,0.09484,11.132
2025-09-11 16:00:00,3.60742,6.09361,0.135278,3.47214,0.073004,0.062782,0.09657,12.059
2025-09-11 17:00:00,3.45543,3.6996,0.318825,3.1366,0.102086,0.058769,0.110434,18.106
2025-09-11 18:00:00,4.92303,4.92303,0.381939,4.54109,0.104376,0.085952,0.108807,20.534
2025-09-11 19:00:00,2.97994,2.5778,0.613152,2.36679,0.112495,0.066416,0.107099,14.422
2025-09-11 20:00:00,3.70443,4.57338,0.426495,3.27794,0.128271,0.073005,0.105595,20.065
2025-09-11 21:00:00,5.65915,6.91828,0.599627,5.05952,0.121346,0.094369,0.103138,22.374
2025-09-11 22:00:00,4.63107,7.42159,0.571907,4.05917,0.118965,0.114114,0.096722,24.158
2025-09-11 23:00:00,2.38223,4.07915,0.233803,2.14842,0.089215,0.052931,0.072398,17.691
2025-09-12 00:00:00,2.642,6.50739,0.148678,2.49332,0.059497,0.04001,0.057795,10.813
2025-09-12 01:00:00,0.737513,3.0988,0.067636,0.669877,0.04226,0.022053,0.046491,6.579
2025-09-12 02:00:00,0.794421,2.9423,0.059098,0.735323,0.049339,0.024531,0.049157,5.516
2025-09-12 03:00:00,0.490696,1.76509,0.023086,0.46761,0.033479,0.015829,0.039026,1.486
2025-09-12 04:00:00,0.382866,1.38719,0.017466,0.3654,0.034139,0.021599,0.038932,1.643
2025-09-12 05:00:00,0.655794,2.5617,0.032089,0.623705,0.031486,0.019691,0.042395,2.264
2025-09-12 06:00:00,1.39826,3.79962,0.063446,1.33481,0.044159,0.024577,0.061357,5.388
2025-09-12 07:00:00,2.78896,3.71862,0.197341,2.59162,0.069642,0.044411,0.082589,9.112
2025-09-12 08:00:00,2.55019,4.12652,0.137884,2.41231,0.07452,0.058837,0.087584,12.626
2025-09-12 09:00:00,3.9916,5.26596,0.253268,3.73833,0.073887,0.06118,0.093721,13.16
2025-09-12 10:00:00,3.81616,5.32984,0.206187,3.60998,0.063913,0.050533,0.086568,11.087
2025-09-12 11:00:00,2.95117,2.27363,0.314824,2.63635,0.076467,0.046083,0.084261,12.248
2025-09-12 12:00:00,2.82516,2.58714,0.21866,2.6065,0.086929,0.057258,0.100603,16.647
2025-09-12 13:00:00,2.63594,3.76562,0.182319,2.45362,0.079445,0.049954,0.096767,14.2
2025-09-12 14:00:00,2.2169,5.108,0.2494,1.9674,0.0975,0.0497,0.119,17.36
2025-09-12 15:00:00,2.16712,3.96909,0.127845,2.03928,0.081954,0.050752,0.105612,10.875
2025-09-12 16:00:00,2.08538,2.89636,0.395084,1.6903,0.086382,0.038206,0.11522,13.21
2025-09-12 17:00:00,2.58279,3.39841,0.330335,2.25245,0.085949,0.053907,0.120899,13.05
2025-09-12 18:00:00,3.91434,4.37846,0.56233,3.35201,0.110603,0.074908,0.120727,21.336
2025-09-12 19:00:00,3.42036,3.35329,0.496052,2.9243,0.118899,0.057808,0.103587,16.701
2025-09-12 20:00:00,4.80718,4.32301,0.394987,4.4122,0.100394,0.093434,0.124603,24.552
2025-09-12 21:00:00,12.9672,13.4514,0.616551,12.3506,0.132536,0.176318,0.129071,28.488
2025-09-12 22:00:00,7.88609,9.44372,0.473526,7.41252,0.110468,0.121059,0.108685,22.9355
2025-09-12 23:00:00,2.805,5.436,0.3305,2.4744,0.0884,0.0658,0.0883,17.383
2025-09-13 00:00:00,3.3055,9.4443,0.2306,3.0749,0.0739,0.0593,0.0662,11.41
2025-09-13 01:00:00,1.383,3.4233,0.1072,1.2759,0.0525,0.0283,0.0534,7.176
2025-09-13 02:00:00,0.7063,1.5908,0.0474,0.6589,0.0346,0.0232,0.042,4.02
2025-09-13 03:00:00,0.391,1.4699,0.0272,0.3638,0.0269,0.0106,0.0352,3.479
2025-09-13 04:00:00,0.1409,0.5546,0.0112,0.1297,0.0222,0.0074,0.0331,0.878
2025-09-13 05:00:00,1.2437,6.2811,0.0424,1.2013,0.0437,0.0228,0.0469,4.918
2025-09-13 06:00:00,0.8502,1.5292,0.0683,0.782,0.0552,0.0236,0.0567,6.308
2025-09-13 07:00:00,1.6918,2.989,0.168,1.5238,0.0678,0.0297,0.0765,6.677
2025-09-13 08:00:00,2.2866,3.0087,0.1848,2.1018,0.0758,0.0389,0.0826,10.988
2025-09-13 09:00:00,3.4214,4.2032,0.2192,3.2022,0.0888,0.0617,0.1145,15.436
2025-09-13 10:00:00,2.3017,2.4027,0.1674,2.1343,0.0853,0.0517,0.1059,14.553
2025-09-13 11:00:00,4.1988,3.9241,0.3988,3.8001,0.1045,0.0725,0.1129,18.495
2025-09-13 12:00:00,5.6714,6.6254,0.3412,5.3302,0.1018,0.081,0.1045,21.197
2025-09-13 13:00:00,2.8368,3.8861,0.2464,2.5904,0.0849,0.0536,0.0979,13.894
2025-09-13 14:00:00,2.7442,2.7278,0.238,2.5062,0.0807,0.0483,0.0911,14.463
2025-09-13 15:00:00,6.0134,5.6837,0.4957,5.5177,0.1197,0.095,0.1222,23.976
2025-09-13 16:00:00,4.2004,5.0852,0.605,3.5954,0.1036,0.0619,0.1042,16.111
2025-09-13 17:00:00,5.5113,5.4676,1.1693,4.342,0.1674,0.0974,0.1185,20.358
2025-09-13 18:00:00,3.2304,3.5656,0.5372,2.6933,0.1467,0.0798,0.1125,19.589
2025-09-13 19:00:00,4.5013,5.0576,0.4805,4.0208,0.1061,0.0818,0.1148,17.251
2025-09-13 20:00:00,6.014,6.4528,0.6378,5.3762,0.1298,0.0939,0.1311,24.639
2025-09-13 21:00:00,5.1201,6.8269,0.693,4.4271,0.1365,0.0966,0.1079,18.345
2025-09-13 22:00:00,6.8336,10.3854,0.5604,6.2732,0.1219,0.1239,0.1138,20.93
2025-09-13 23:00:00,4.7046,6.9594,0.3711,4.3335,0.0865,0.1069,0.1188,16.361
2025-09-14 00:00:00,0.9454,2.0115,0.2077,0.7377,0.0557,0.0453,0.0849,9.046
2025-09-14 01:00:00,1.8238,3.5901,0.099,1.7248,0.0472,0.0419,0.0621,8.072
2025-09-14 02:00:00,0.5787,1.0836,0.031,0.5476,0.0303,0.0191,0.0469,2.061
2025-09-14 03:00:00,0.1207,0.4679,0.0112,0.1095,0.0147,0.005,0.0337,1.437
2025-09-14 04:00:00,0.1061,0.4696,0.0055,0.1006,0.0097,0.0032,0.0294,0.458
2025-09-14 05:00:00,0.4909,2.3601,0.0294,0.4615,0.0224,0.0118,0.0365,2.211
2025-09-14 06:00:00,2.7542,6.9551,0.1118,2.6424,0.052,0.0372,0.0619,8.546
2025-09-14 07:00:00,2.5415,5.1657,0.1116,2.4299,0.0529,0.0459,0.0682,6.168
2025-09-14 08:00:00,3.4239,4.4236,0.1682,3.2556,0.0735,0.0637,0.0898,11.493
2025-09-14 09:00:00,4.6718,5.5883,0.2329,4.4389,0.0715,0.0566,0.0849,11.564
2025-09-14 10:00:00,2.1713,2.3653,0.2246,1.9467,0.0813,0.0517,0.0939,12.29
2025-09-14 11:00:00,3.6211,3.274,0.2661,3.355,0.0965,0.07,0.1271,17.349
2025-09-14 12:00:00,4.6563,4.7224,0.2851,4.3712,0.098,0.0822,0.1266,19.3
2025-09-14 13:00:00,6.3087,10.0778,0.3056,6.0031,0.0953,0.0812,0.115,17.455
2025-09-14 14:00:00,3.6517,4.4972,0.4263,3.2254,0.112,0.0684,0.1417,22.528
2025-09-14 15:00:00,2.9219,3.9807,0.2474,2.6745,0.0826,0.0502,0.1023,8.038
2025-09-14 16:00:00,2.7573,3.535,0.2322,2.5251,0.0854,0.0581,0.1073,12.084
2025-09-14 17:00:00,2.6639,3.5901,0.212,2.4519,0.1014,0.0667,0.1341,10.259
2025-09-14 18:00:00,1.9393,2.4799,0.2014,1.7379,0.091,0.0552,0.1132,12.575
2025-09-14 19:00:00,2.0382,2.9885,0.3058,1.7324,0.109,0.0511,0.0912,12.808
2025-09-14 20:00:00,4.8869,4.3633,0.8555,4.0315,0.1512,0.0802,0.1321,21.117
2025-09-14 21:00:00,5.1978,7.8994,0.3172,4.8807,0.119,0.1166,0.1097,16.85
2025-09-14 22:00:00,7.6467,8.0832,0.466,7.1807,0.1189,0.1097,0.1106,23.114
2025-09-14 23:00:00,4.9282,9.5507,0.318,4.6102,0.0926,0.0937,0.0928,15.395
2025-09-15 00:00:00,4.545,6.226,0.9324,3.6126,0.1296,0.0691,0.0841,13.029
2025-09-15 01:00:00,3.0718,7.5659,0.0698,3.002,0.0448,0.0608,0.0616,4.941
2025-09-15 02:00:00,1.0042,2.1186,0.0469,0.9573,0.0354,0.021,0.0411,3.007
2025-09-15 03:00:00,0.6046,1.057,0.0274,0.5772,0.0402,0.031,0.0445,1.709
2025-09-15 04:00:00,0.0537,0.1021,0.0073,0.0464,0.0221,0.0026,0.033,0.897
2025-09-15 05:00:00,0.2111,0.8248,0.0151,0.1961,0.0257,0.0097,0.0375,1.616
2025-09-15 06:00:00,1.3411,2.6399,0.0901,1.251,0.0481,0.0214,0.058,6.726
2025-09-15 07:00:00,2.3486,3.3361,0.4518,1.8968,0.0767,0.0332,0.0784,8.284
2025-09-15 08:00:00,3.2178,4.3251,0.205,3.0129,0.0722,0.0503,0.0854,11.006
2025-09-15 09:00:00,4.0115,5.4951,0.535,3.4764,0.0827,0.0498,0.0907,11.661
2025-09-15 10:00:00,3.2903,4.0224,0.2277,3.0626,0.0781,0.0481,0.1066,14.64
2025-09-15 11:00:00,3.1635,3.2884,0.2489,2.9145,0.0819,0.0537,0.0948,11.818
2025-09-15 12:00:00,2.7317,3.2597,0.2333,2.4984,0.075,0.0532,0.095,12.107
2025-09-15 13:00:00,2.853,4.0526,0.2883,2.5647,0.0794,0.0539,0.0867,10.626
2025-09-15 14:00:00,2.1945,3.7069,0.1561,2.0384,0.0722,0.0348,0.1009,9.96
2025-09-15 15:00:00,3.0255,4.1789,0.2118,2.8137,0.0815,0.0449,0.0877,9.151
2025-09-15 16:00:00,3.143,3.7506,0.2687,2.8743,0.0883,0.0501,0.0898,11.227
2025-09-15 17:00:00,3.9699,3.2701,0.388,3.5818,0.1087,0.0656,0.1133,17.202
2025-09-15 18:00:00,5.6879,3.7079,0.5455,5.1424,0.128,0.0845,0.1149,21.029
2025-09-15 19:00:00,3.9724,4.1122,0.4527,3.5197,0.1251,0.0914,0.1113,21.973
2025-09-15 20:00:00,5.0548,5.2436,0.5472,4.5077,0.1435,0.1085,0.1267,24.588
2025-09-15 21:00:00,6.7825,5.3744,0.4459,6.3366,0.1337,0.1159,0.1088,25.478
2025-09-15 22:00:00,10.8043,8.6159,0.5796,10.2247,0.1355,0.1386,0.1057,24.596
2025-09-15 23:00:00,5.2552,14.3584,0.2284,5.0268,0.1029,0.1519,0.0872,20.764
2025-09-16 00:00:00,3.8326,7.9514,0.1817,3.6509,0.0657,0.0658,0.0601,10.366
2025-09-16 01:00:00,1.0512,2.7957,0.0618,0.9894,0.0291,0.0183,0.0409,2.946
2025-09-16 02:00:00,0.1202,0.3599,0.0115,0.1087,0.0202,0.0086,0.0373,1.481
2025-09-16 03:00:00,0.6065,0.9943,0.0267,0.5798,0.0274,0.0098,0.0552,2.279
2025-09-16 04:00:00,0.1388,0.2992,0.0084,0.1305,0.0142,0.0032,0.0312,0.539
2025-09-16 05:00:00,0.1531,0.3328,0.0212,0.1319,0.0199,0.004,0.0347,1.153
2025-09-16 06:00:00,0.849,1.5,0.0734,0.7756,0.0371,0.0156,0.0511,3.701
2025-09-16 07:00:00,1.7159,2.2227,0.1385,1.5774,0.0628,0.0309,0.0771,8.016
2025-09-16 08:00:00,2.8251,3.2398,0.1726,2.6525,0.0716,0.0414,0.0897,10.785
2025-09-16 09:00:00,2.1942,2.5997,0.1765,2.0177,0.0687,0.0333,0.0836,10.654
2025-09-16 10:00:00,1.8853,2.2605,0.1703,1.715,0.0721,0.0336,0.0966,11.768
2025-09-16 11:00:00,1.914,1.6415,0.2273,1.6867,0.0802,0.0344,0.1039,15.278
2025-09-16 12:00:00,2.4306,2.6024,0.242,2.1887,0.0807,0.0429,0.106,14.622
2025-09-16 13:00:00,2.32547,2.64803,0.236319,2.08923,0.087269,0.048918,0.107064,15.1359
2025-09-16 14:00:00,2.22033,2.69367,0.230639,1.98977,0.093839,0.054935,0.108129,15.6497
2025-09-16 15:00:00,2.1152,2.7393,0.224958,1.8903,0.100408,0.060953,0.109193,16.1636
2025-09-16 16:00:00,,,,,,,,
2025-09-16 17:00:00,,,,,,,,
2025-09-16 18:00:00,,,,,,,,
2025-09-16 19:00:00,1.69467,2.92184,0.202236,1.49243,0.126686,0.085024,0.11345,18.219
2025-09-16 20:00:00,3.60809,4.86927,0.262799,3.3453,0.138587,0.103039,0.118232,20.2795
2025-09-16 21:00:00,5.52152,6.81669,0.323362,5.19816,0.150489,0.121054,0.123015,22.34
2025-09-16 22:00:00,3.73225,5.4886,0.273822,3.45843,0.107165,0.09842,0.091242,18.219
2025-09-16 23:00:00,4.98348,11.2241,0.390307,4.59318,0.100172,0.104506,0.111669,15.802
2025-09-17 00:00:00,3.47284,10.2142,0.550954,2.92188,0.096814,0.057196,0.066354,10.397
2025-09-17 01:00:00,1.30818,3.28689,0.035191,1.27299,0.034169,0.018215,0.045484,2.726
2025-09-17 02:00:00,2.90524,4.24743,0.044114,2.86113,0.056516,0.037048,0.065876,7.457
2025-09-17 03:00:00,2.19903,3.10598,0.041599,2.15744,0.058551,0.038679,0.057043,4.289
2025-09-17 04:00:00,0.719338,1.22336,0.027029,0.692309,0.047479,0.018122,0.04641,2.131
2025-09-17 05:00:00,1.67105,4.49207,0.042582,1.62847,0.042784,0.038696,0.045507,4.398
2025-09-17 06:00:00,0.617137,1.66794,0.055757,0.56138,0.045324,0.026579,0.066771,4.807
2025-09-17 07:00:00,2.82699,3.58756,0.176893,2.6501,0.074929,0.048991,0.087703,9.5
2025-09-17 08:00:00,3.51019,2.8217,0.291211,3.21898,0.088901,0.056681,0.101393,15.308
2025-09-17 09:00:00,2.08444,2.67236,0.134448,1.94999,0.069649,0.045482,0.089407,7.158
2025-09-17 10:00:00,2.90902,2.88593,0.308479,2.60054,0.086677,0.054059,0.092152,10.56
2025-09-17 11:00:00,3.01728,2.70366,0.189005,2.82828,0.08967,0.062523,0.113686,13.373
2025-09-17 12:00:00,4.6658,6.18807,0.582242,4.08356,0.127856,0.080182,0.140587,19.574
2025-09-17 13:00:00,6.70849,9.42204,0.332401,6.37609,0.094768,0.10332,0.131301,17.795
2025-09-17 14:00:00,4.01525,5.68732,0.194993,3.82025,0.079519,0.062155,0.110092,14.036
2025-09-17 15:00:00,3.55685,5.96787,0.198257,3.3586,0.087656,0.064652,0.10551,14.701
2025-09-17 16:00:00,3.0355,3.86196,0.202369,2.83313,0.080334,0.062417,0.119487,14.386
2025-09-17 17:00:00,3.3151,5.13173,0.270303,3.0448,0.096547,0.066135,0.128172,13.227
2025-09-17 18:00:00,5.97341,5.5515,0.365448,5.60796,0.11028,0.098993,0.116979,15.147
2025-09-17 19:00:00,5.04687,6.05141,0.368066,4.67881,0.108275,0.098523,0.128244,18.747
2025-09-17 20:00:00,4.95305,5.69316,0.34414,4.60891,0.12479,0.084137,0.124041,18.421
2025-09-17 21:00:00,3.75744,4.62739,0.416771,3.34067,0.106063,0.075041,0.091944,17.224
2025-09-17 22:00:00,4.71326,9.65832,0.340588,4.37268,0.102794,0.089112,0.082553,17.306
2025-09-17 23:00:00,3.08089,7.94044,0.171924,2.90897,0.072359,0.061859,0.073858,12.418
2025-09-18 00:00:00,10.2845,39.5557,0.126213,10.1583,0.049605,0.102408,0.05016,7.708
2025-09-18 01:00:00,1.21972,6.55764,0.038599,1.18112,0.030495,0.025228,0.039589,3.286
2025-09-18 02:00:00,0.514698,0.716849,0.031267,0.483431,0.037018,0.01432,0.046871,2.376
2025-09-18 03:00:00,0.079217,0.095214,0.012335,0.066882,0.032,0.006724,0.057024,1.58
2025-09-18 04:00:00,0.224889,0.286118,0.018618,0.206271,0.048092,0.018046,0.055314,1.716
2025-09-18 05:00:00,0.310541,0.715532,0.025604,0.284937,0.039591,0.024438,0.047524,1.595
2025-09-18 06:00:00,0.824174,1.06208,0.122802,0.701372,0.049438,0.021916,0.057326,3.983
2025-09-18 07:00:00,2.56426,3.57139,0.246159,2.3181,0.079638,0.038376,0.089712,11.629
2025-09-18 08:00:00,2.77005,3.40301,0.465302,2.30475,0.091354,0.04596,0.112519,14.07
2025-09-18 09:00:00,2.97906,3.80954,0.317383,2.66168,0.092327,0.054275,0.105645,10.746
2025-09-18 10:00:00,1.71734,1.73469,0.133372,1.58397,0.066287,0.035836,0.089234,7.86
2025-09-18 11:00:00,2.67918,2.60621,0.254187,2.425,0.077176,0.052219,0.090999,9.793
2025-09-18 12:00:00,2.54233,2.92895,0.398716,2.14362,0.09508,0.047094,0.098027,11.914
2025-09-18 13:00:00,2.16034,2.90368,0.187439,1.9729,0.096841,0.055847,0.107512,13.123
2025-09-18 14:00:00,1.35728,1.87469,0.150091,1.20718,0.065208,0.036594,0.092621,6.661
2025-09-18 15:00:00,1.08031,1.63188,0.082717,0.99759,0.062954,0.031137,0.086517,8.051
2025-09-18 16:00:00,1.66273,2.70803,0.323754,1.33898,0.085166,0.044627,0.096334,8.375
2025-09-18 17:00:00,6.30716,6.76734,0.842446,5.46471,0.141422,0.103342,0.136176,20.552
2025-09-18 18:00:00,4.26125,3.84589,0.442881,3.81837,0.121193,0.087239,0.120643,13.616
2025-09-18 19:00:00,3.01594,2.71706,0.342929,2.67301,0.111891,0.078136,0.104488,15.715
2025-09-18 20:00:00,4.273,3.15583,0.634464,3.63853,0.132465,0.091424,0.129596,22.963
2025-09-18 21:00:00,4.53265,4.89487,0.577688,3.95496,0.133661,0.094559,0.122179,23.462
2025-09-18 22:00:00,5.984,10.5724,0.361129,5.62287,0.114384,0.141656,0.117815,17.122
2025-09-18 23:00:00,2.34491,4.00155,0.256571,2.08834,0.084975,0.061969,0.080084,12.703
2025-09-19 00:00:00,3.19748,9.13566,0.116211,3.08127,0.061189,0.065023,0.059326,8.204
2025-09-19 01:00:00,1.93691,6.45636,0.077603,1.8593,0.047642,0.043523,0.053158,5.398
2025-09-19 02:00:00,1.63968,2.42557,0.185344,1.45434,0.056879,0.031863,0.053037,4.941
2025-09-19 03:00:00,1.28718,2.73867,0.281294,1.00588,0.053394,0.02564,0.043642,3.108
2025-09-19 04:00:00,0.952267,1.31893,0.252126,0.700141,0.047138,0.017498,0.043131,3.574
2025-09-19 05:00:00,0.8796,2.68171,0.036231,0.843369,0.03369,0.012638,0.043912,3.266
2025-09-19 06:00:00,0.83466,2.51403,0.063762,0.770898,0.037108,0.021565,0.062825,3.42
2025-09-19 07:00:00,2.72375,4.52451,0.141109,2.58264,0.062479,0.043171,0.074587,8.261
2025-09-19 08:00:00,2.77658,3.55061,0.233867,2.54271,0.077139,0.04289,0.088702,12.427
2025-09-19 09:00:00,1.79552,2.65609,0.143891,1.65162,0.064725,0.034411,0.081313,8.358
2025-09-19 10:00:00,6.53593,6.42036,0.213542,6.32239,0.087656,0.080546,0.114016,14.822
2025-09-19 11:00:00,2.94696,3.19627,0.214554,2.73241,0.073452,0.054274,0.091576,10.191
2025-09-19 12:00:00,2.8965,3.63882,0.461895,2.43461,0.105454,0.056269,0.1139,16.647
2025-09-19 13:00:00,3.36125,4.57936,0.371036,2.99021,0.092829,0.064613,0.094991,15.349
2025-09-19 14:00:00,4.58499,8.07216,0.329692,4.25529,0.093334,0.06917,0.1164,16.086
2025-09-19 15:00:00,1.67718,2.97371,0.243597,1.43358,0.068459,0.031963,0.097487,9.415
2025-09-19 16:00:00,0.947799,1.85843,0.093179,0.85462,0.062926,0.032888,0.083803,8.523
2025-09-19 17:00:00,4.22124,4.53896,0.540261,3.68097,0.114559,0.064853,0.101849,19.126
2025-09-19 18:00:00,3.67658,5.42268,0.335773,3.3408,0.104305,0.078525,0.106749,14.781
2025-09-19 19:00:00,2.6967,3.28065,0.335388,2.36131,0.114755,0.08087,0.11976,13.95
2025-09-19 20:00:00,3.14827,3.85817,0.327881,2.82038,0.161651,0.100495,0.12734,17.322
2025-09-19 21:00:00,4.75683,4.27772,0.463761,4.29307,0.11311,0.074028,0.102214,15.455
2025-09-19 22:00:00,3.24267,3.57123,0.27025,2.97242,0.106714,0.074178,0.107898,14.514
2025-09-19 23:00:00,3.20193,4.79331,0.249295,2.95264,0.088981,0.067385,0.098572,13.808
2025-09-20 00:00:00,2.94274,7.28402,0.150348,2.7924,0.071694,0.055543,0.065392,9.008
2025-09-20 01:00:00,2.83426,7.82946,0.15978,2.67448,0.074194,0.046307,0.068021,13.043
2025-09-20 02:00:00,2.276,4.44532,0.113899,2.1621,0.069947,0.03695,0.055604,9.492
2025-09-20 03:00:00,1.84859,2.5254,0.097757,1.75084,0.062471,0.039388,0.060575,8.917
2025-09-20 04:00:00,0.132609,0.132609,0.033115,0.099494,0.062055,0.022757,0.056532,5.222
2025-09-20 05:00:00,0.810511,2.22668,0.050112,0.760399,0.041919,0.011289,0.046022,6.172
2025-09-20 06:00:00,1.39562,2.99489,0.051282,1.34434,0.033189,0.018151,0.052649,3.325
2025-09-20 07:00:00,1.58932,2.27696,0.093281,1.49604,0.056186,0.032364,0.076515,6.512
2025-09-20 08:00:00,2.65128,3.16382,0.210118,2.44116,0.076884,0.05072,0.096115,10.286
2025-09-20 09:00:00,3.02077,3.9028,0.248475,2.77229,0.080142,0.055303,0.091817,11.948
2025-09-20 10:00:00,3.70551,5.20437,0.396633,3.30888,0.106444,0.075017,0.101929,17.067
2025-09-20 11:00:00,3.45092,3.83435,0.266587,3.18433,0.088556,0.061271,0.098552,16.694
2025-09-20 12:00:00,3.18427,4.85407,0.441938,2.74233,0.123903,0.059122,0.106749,24.172
2025-09-20 13:00:00,3.52123,3.52123,0.300895,3.22033,0.090723,0.061076,0.09533,16.087
2025-09-20 14:00:00,4.83599,5.47058,0.592204,4.24378,0.105484,0.08645,0.102513,16.354
2025-09-20 15:00:00,4.13974,4.6514,0.279697,3.86004,0.082667,0.065398,0.09496,13.717
2025-09-20 16:00:00,3.47828,3.7003,0.255122,3.22316,0.092256,0.075694,0.111205,15.159
2025-09-20 17:00:00,5.00573,3.94774,0.660646,4.34509,0.143508,0.087321,0.118865,20.273
2025-09-20 18:00:00,6.02265,4.66872,0.704241,5.31841,0.137359,0.099536,0.125483,23.815
2025-09-20 19:00:00,5.5375,3.47396,0.774423,4.76307,0.154254,0.085731,0.119197,20.274
2025-09-20 20:00:00,3.4585,1.73619,0.516021,2.94247,0.126317,0.068705,0.100963,14.709
2025-09-20 21:00:00,9.0261,7.64924,0.913549,8.11255,0.121434,0.110104,0.118401,20.612
2025-09-20 22:00:00,6.35328,7.02797,0.621506,5.73178,0.118387,0.108616,0.119978,23.518
2025-09-20 23:00:00,4.83859,7.6803,0.794334,4.04425,0.111858,0.096954,0.115826,17.975
2025-09-21 00:00:00,5.02679,9.89526,0.209714,4.81708,0.076085,0.083441,0.101772,16.559
2025-09-21 01:00:00,1.51238,3.58383,0.098303,1.41408,0.060675,0.037044,0.092876,8.395
2025-09-21 02:00:00,0.582574,1.10755,0.088601,0.493973,0.057982,0.017901,0.076514,5.676
2025-09-21 03:00:00,0.754265,1.79587,0.048658,0.705607,0.043994,0.025147,0.055872,2.796
2025-09-21 04:00:00,0.893233,1.28338,0.035774,0.857459,0.037863,0.019703,0.047524,2.774
2025-09-21 05:00:00,0.423608,0.74579,0.023567,0.400041,0.030137,0.013161,0.046783,1.87
2025-09-21 06:00:00,0.806053,1.32574,0.043317,0.762736,0.027514,0.010225,0.045119,3.124
2025-09-21 07:00:00,1.23534,2.22183,0.090056,1.14528,0.045987,0.022105,0.062811,4.595
2025-09-21 08:00:00,1.32418,1.67618,0.145328,1.17885,0.068169,0.034708,0.084221,7.273
2025-09-21 09:00:00,1.32465,1.36281,0.141466,1.18318,0.081644,0.041441,0.092129,7.084
2025-09-21 10:00:00,3.32035,3.10313,0.232999,3.08736,0.085093,0.064236,0.098572,12.612
2025-09-21 11:00:00,2.9582,2.2513,0.324998,2.6332,0.090299,0.050487,0.106832,10.911
2025-09-21 12:00:00,2.69074,3.29748,0.536249,2.15449,0.110445,0.049375,0.092062,12.244
2025-09-21 13:00:00,4.27281,6.08663,0.213897,4.05891,0.088206,0.069712,0.123212,11.258
2025-09-21 14:00:00,3.49437,4.21008,0.347446,3.14692,0.098208,0.072975,0.134998,11.444
2025-09-21 15:00:00,4.89601,6.30929,0.350704,4.5453,0.105301,0.094912,0.157898,13.817
2025-09-21 16:00:00,3.93409,4.54283,0.544991,3.3891,0.125722,0.077549,0.116516,16.557
2025-09-21 17:00:00,4.26515,3.86336,0.386606,3.87854,0.099461,0.0694,0.109804,12.669
2025-09-21 18:00:00,3.4865,3.34597,0.410277,3.07623,0.111103,0.06002,0.099589,15.474
2025-09-21 19:00:00,3.46662,2.87448,0.465098,3.00152,0.112987,0.066855,0.101008,13.268
2025-09-21 20:00:00,7.46871,8.93386,0.63966,6.82905,0.134103,0.107634,0.126169,27.448
2025-09-21 21:00:00,3.86141,8.77593,0.425906,3.43551,0.141916,0.099728,0.110864,20.095
2025-09-21 22:00:00,4.56202,9.23487,0.556563,4.00546,0.123194,0.088793,0.097731,16.31
2025-09-21 23:00:00,4.21447,13.0884,0.325904,3.88857,0.083632,0.074171,0.07702,11.298
2025-09-22 00:00:00,1.91536,4.83676,0.232412,1.68295,0.064548,0.032914,0.05476,6.642
2025-09-22 01:00:00,1.51039,5.67814,0.068149,1.44224,0.057467,0.031991,0.053225,4.302
2025-09-22 02:00:00,0.894212,1.76722,0.033034,0.861178,0.039837,0.034185,0.0466,2.861
2025-09-22 03:00:00,0.714688,1.14533,0.0373,0.677388,0.036068,0.015961,0.042103,3.014
2025-09-22 04:00:00,0.136084,0.225304,0.015301,0.120783,0.036932,0.00981,0.049568,1.954
2025-09-22 05:00:00,0.913162,2.01137,0.040112,0.87305,0.04253,0.029335,0.050088,3.183
2025-09-22 06:00:00,0.892284,1.12947,0.061199,0.831085,0.044501,0.026911,0.054234,2.421
2025-09-22 07:00:00,2.63247,3.35775,0.134391,2.49808,0.063385,0.038877,0.075846,8.662
2025-09-22 08:00:00,2.98522,3.887,0.229962,2.75525,0.076914,0.065616,0.099844,11.784
2025-09-22 09:00:00,2.06134,2.2853,0.274373,1.78696,0.071724,0.047239,0.089917,8.803
2025-09-22 10:00:00,3.48583,3.77255,0.354365,3.13147,0.084068,0.051889,0.1106,16.01
2025-09-22 11:00:00,3.15251,2.65363,0.276392,2.87612,0.086884,0.051092,0.108732,16.511
2025-09-22 12:00:00,2.56998,2.4759,0.180771,2.38921,0.088385,0.062092,0.101279,9.869
2025-09-22 13:00:00,4.52421,5.12949,0.411372,4.11284,0.094297,0.066656,0.116427,14.752
2025-09-22 14:00:00,2.68528,4.64581,0.236597,2.44868,0.074918,0.042674,0.100946,11.296
2025-09-22 15:00:00,2.88867,4.36355,0.208246,2.68042,0.070195,0.044258,0.088826,10.127
2025-09-22 16:00:00,3.97584,5.41667,0.227536,3.7483,0.086376,0.056827,0.095925,17.059
2025-09-22 17:00:00,3.67127,4.73102,0.379544,3.29173,0.112752,0.074085,0.10678,22.775
2025-09-22 18:00:00,5.73004,6.18795,2.77618,2.95386,0.178544,0.065752,0.100974,18.796
2025-09-22 19:00:00,4.38281,5.51991,0.7483,3.63451,0.12808,0.084064,0.109484,19.56
2025-09-22 20:00:00,4.05879,5.45536,0.630359,3.42843,0.123698,0.078046,0.106336,21.239
2025-09-22 21:00:00,4.12841,6.29331,0.479869,3.64854,0.159827,0.083189,0.109172,21.747
2025-09-22 22:00:00,5.5028,9.17133,0.423974,5.07882,0.111489,0.106357,0.095553,26.542
2025-09-22 23:00:00,3.00864,7.02953,0.196592,2.81205,0.072017,0.059756,0.074194,13.84
2025-09-23 00:00:00,6.38438,15.961,0.145637,6.23874,0.060176,0.102447,0.070195,10.826
2025-09-23 01:00:00,9.25896,23.9869,0.160136,9.09882,0.069429,0.111799,0.070787,13.508
2025-09-23 02:00:00,3.28864,5.76954,0.054834,3.2338,0.05811,0.050383,0.05439,10.738
2025-09-23 03:00:00,2.38489,2.53173,0.058235,2.32666,0.074348,0.038037,0.064106,11.046
2025-09-23 04:00:00,0.963116,1.05374,0.067418,0.895698,0.076741,0.020045,0.062745,8.694
2025-09-23 05:00:00,0.962772,1.82343,0.235088,0.727684,0.053087,0.015497,0.047745,7.597
2025-09-23 06:00:00,1.6998,3.29418,0.137815,1.56198,0.055962,0.035186,0.074518,8.485
2025-09-23 07:00:00,2.41269,4.15981,0.158402,2.25429,0.068603,0.04788,0.079149,8.451
2025-09-23 08:00:00,1.59352,3.86776,0.150562,1.44295,0.075436,0.048899,0.087426,8.106
2025-09-23 09:00:00,2.17047,3.4672,0.221963,1.9485,0.062752,0.039425,0.091895,7.313
2025-09-23 10:00:00,1.79215,2.09854,0.15262,1.63953,0.065245,0.034261,0.083433,8.216
2025-09-23 11:00:00,1.58897,2.46735,0.375647,1.21333,0.080019,0.051784,0.088235,7.39
2025-09-23 12:00:00,3.0067,5.16615,0.345736,2.66097,0.08195,0.061474,0.087727,10.339
2025-09-23 13:00:00,1.48655,2.24555,0.12937,1.35718,0.065708,0.043281,0.093047,6.834
2025-09-23 14:00:00,1.62705,2.7484,0.156442,1.47061,0.070085,0.034798,0.088168,5.685
2025-09-23 15:00:00,1.5441,2.21853,0.18096,1.36314,0.061198,0.027458,0.083568,5.92
2025-09-23 16:00:00,2.61587,3.47855,0.226429,2.38944,0.073288,0.041883,0.087885,12.629
2025-09-23 17:00:00,4.75908,4.65663,0.719825,4.03925,0.123042,0.080177,0.103784,22.739
2025-09-23 18:00:00,4.76644,4.57432,0.512246,4.2542,0.101123,0.080408,0.111599,18.287
2025-09-23 19:00:00,2.12735,2.89041,0.382675,1.74467,0.097963,0.047527,0.091347,14.283
2025-09-23 20:00:00,3.75043,6.04908,0.324322,3.42611,0.092867,0.076855,0.107094,17.672
2025-09-23 21:00:00,3.1345,5.53799,0.233169,2.90133,0.095947,0.083955,0.105717,12.322
2025-09-23 22:00:00,7.14474,11.2339,0.712712,6.43203,0.12126,0.12067,0.128538,21.458
2025-09-23 23:00:00,3.90448,8.67661,0.396328,3.50815,0.094222,0.068718,0.09385,11.356
2025-09-24 00:00:00,1.53002,3.18755,0.074092,1.45593,0.04881,0.035892,0.051034,4.736
2025-09-24 01:00:00,1.09977,2.11494,0.045562,1.05421,0.054276,0.030646,0.046418,5.923
2025-09-24 02:00:00,0.345921,0.745518,0.023444,0.322477,0.035022,0.013874,0.04108,4.299
2025-09-24 03:00:00,0.207185,0.248424,0.015918,0.191267,0.040455,0.006103,0.050193,4.285
2025-09-24 04:00:00,0.352069,0.807496,0.018281,0.333788,0.042131,0.019883,0.047812,3.972
2025-09-24 05:00:00,0.622032,2.07344,0.059682,0.56235,0.049216,0.020296,0.059424,5.424
2025-09-24 06:00:00,1.41189,4.43992,0.051502,1.36039,0.03671,0.022189,0.056298,3.558
2025-09-24 07:00:00,2.65657,4.25733,0.174413,2.48216,0.060847,0.039974,0.078693,8.74
2025-09-24 08:00:00,3.16467,4.46987,0.181067,2.9836,0.068771,0.060705,0.095436,11.384
2025-09-24 09:00:00,2.34931,2.85804,0.311773,2.03754,0.073938,0.040699,0.085926,8.267
2025-09-24 10:00:00,1.80756,2.46935,0.233545,1.57402,0.079025,0.031587,0.097271,9.068
2025-09-24 11:00:00,2.38856,2.08063,0.172384,2.21618,0.078304,0.04632,0.100987,11.463
2025-09-24 12:00:00,2.92405,3.21324,0.18234,2.74171,0.078257,0.060655,0.10819,13.205
2025-09-24 13:00:00,2.93542,3.97754,0.24251,2.69292,0.093386,0.053081,0.091872,12.321
2025-09-24 14:00:00,1.33646,1.78671,0.136929,1.19953,0.071443,0.030005,0.084991,8.685
2025-09-24 15:00:00,2.32489,3.49082,0.177753,2.14713,0.085562,0.057235,0.093198,7.213
2025-09-24 16:00:00,3.0355,3.862,0.2024,2.8331,0.0803,0.0624,0.1195,14.386
2025-09-24 17:00:00,3.78875,3.35882,0.346927,3.44182,0.105703,0.064034,0.108875,18.066
2025-09-24 18:00:00,3.14187,3.12935,0.352336,2.78954,0.100407,0.059968,0.103588,15.822
2025-09-24 19:00:00,3.18343,3.50598,0.344058,2.83937,0.115279,0.08312,0.124973,16.904
2025-09-24 20:00:00,4.08559,5.31978,0.573703,3.51188,0.126468,0.098904,0.1271,17.448
2025-09-24 21:00:00,5.60698,6.47457,0.845673,4.76131,0.143786,0.097429,0.129268,21.949
2025-09-24 22:00:00,5.21712,6.31613,1.31074,3.90638,0.184123,0.091161,0.110235,20.4
2025-09-24 23:00:00,4.46085,10.8801,0.317847,4.143,0.078222,0.070306,0.078024,14.189
2025-09-25 00:00:00,1.4332,7.02548,0.074575,1.35862,0.049011,0.045234,0.053303,4.611
2025-09-25 01:00:00,0.602306,1.90603,0.0507,0.551606,0.033743,0.013326,0.042956,3.295
2025-09-25 02:00:00,2.53812,4.28737,0.045616,2.4925,0.047774,0.05421,0.056694,5.355
2025-09-25 03:00:00,2.3704,2.8628,0.055083,2.31532,0.047752,0.041506,0.051969,4.129
2025-09-25 04:00:00,0.796608,1.18543,0.04259,0.754018,0.042766,0.017491,0.047338,5.623
2025-09-25 05:00:00,0.539466,1.61517,0.04195,0.497516,0.0482,0.018492,0.045957,7.2
2025-09-25 06:00:00,1.08455,1.3456,0.11532,0.969232,0.042377,0.017768,0.052656,4.169
2025-09-25 07:00:00,2.01822,2.37438,0.156802,1.86142,0.058898,0.036664,0.082226,7.199
2025-09-25 08:00:00,2.32114,2.25792,0.13873,2.18241,0.068998,0.034181,0.096186,9.945
2025-09-25 09:00:00,2.12559,3.82301,0.249505,1.87609,0.081412,0.039984,0.098625,9.177
2025-09-25 10:00:00,2.79496,4.39459,0.133104,2.66186,0.05833,0.055594,0.088092,7.585
2025-09-25 11:00:00,1.08717,1.13247,0.218809,0.868361,0.074956,0.025145,0.088734,7.018
2025-09-25 12:00:00,1.9023,2.31988,0.190656,1.71165,0.06048,0.038016,0.084723,7.515
2025-09-25 13:00:00,1.85169,2.15313,0.173256,1.67843,0.061271,0.033198,0.079904,7.748
2025-09-25 14:00:00,1.82961,2.12745,0.142327,1.68728,0.065696,0.033984,0.083423,7.472
2025-09-25 15:00:00,1.78351,3.86041,0.208754,1.57476,0.067972,0.032511,0.081655,8.587
2025-09-25 16:00:00,1.9993,2.848,0.188395,1.8109,0.079504,0.036232,0.095756,11.676
2025-09-25 17:00:00,3.81436,3.35771,0.479311,3.33505,0.123298,0.067209,0.116849,18.168
2025-09-25 18:00:00,3.81206,3.92187,0.38731,3.42475,0.107168,0.073764,0.119341,18.836
2025-09-25 19:00:00,5.78335,6.19202,0.458191,5.32516,0.104416,0.105184,0.131965,15.124
2025-09-25 20:00:00,3.93183,4.23688,0.332474,3.59936,0.097901,0.099859,0.102895,12.966
2025-09-25 21:00:00,4.07472,4.31644,0.349032,3.72568,0.104693,0.083245,0.097452,13.377
2025-09-25 22:00:00,5.10578,6.6655,0.545544,4.56023,0.096956,0.087488,0.093169,14.004
2025-09-25 23:00:00,2.13005,4.84102,0.204041,1.92601,0.058784,0.048581,0.069941,7.192
2025-09-26 00:00:00,3.15813,17.1638,0.093566,3.06457,0.041385,0.044208,0.048131,6.005
2025-09-26 01:00:00,0.811362,2.83693,0.047145,0.764217,0.039366,0.022259,0.04473,4.946
2025-09-26 02:00:00,3.34741,4.38142,0.047754,3.29965,0.051388,0.059815,0.068618,6.279
2025-09-26 03:00:00,0.394103,0.579563,0.025522,0.368581,0.046277,0.018925,0.060336,3.917
2025-09-26 04:00:00,0.920102,1.44217,0.044188,0.875914,0.043121,0.017643,0.053816,3.991
2025-09-26 05:00:00,0.978539,2.35226,0.027079,0.95146,0.029374,0.013394,0.04511,2.212
2025-09-26 06:00:00,0.523988,1.297,0.031852,0.492136,0.040562,0.032264,0.056828,2.96
2025-09-26 07:00:00,2.63602,3.89943,0.195784,2.44023,0.076791,0.04771,0.09404,9.599
2025-09-26 08:00:00,2.62062,3.32567,0.194456,2.42617,0.077863,0.045153,0.091183,10.476
2025-09-26 09:00:00,1.60342,2.31708,0.133312,1.47011,0.069192,0.036396,0.093781,7.744
2025-09-26 10:00:00,1.32961,1.69593,0.149368,1.18024,0.067872,0.031286,0.090339,7.716
2025-09-26 11:00:00,1.45079,1.46842,0.136975,1.31382,0.068476,0.03784,0.098127,10.279
2025-09-26 12:00:00,3.10469,2.08648,0.208863,2.89582,0.092839,0.055127,0.110128,12.627
2025-09-26 13:00:00,1.64813,1.52041,0.26841,1.37972,0.080909,0.031878,0.082339,9.391
2025-09-26 14:00:00,1.55856,2.08364,0.171268,1.3873,0.066348,0.033654,0.085947,8.532
2025-09-26 15:00:00,1.06389,1.34329,0.159866,0.904021,0.074379,0.031901,0.087538,11.777
2025-09-26 16:00:00,2.36361,2.84773,0.367054,1.99656,0.089575,0.042524,0.094615,12.739
2025-09-26 17:00:00,3.54918,3.14644,0.328436,3.22074,0.105951,0.059868,0.107315,12.406
2025-09-26 18:00:00,4.43166,3.62656,0.508536,3.92312,0.1183,0.078631,0.118084,13.872
2025-09-26 19:00:00,5.45708,5.91874,0.441605,5.01548,0.102873,0.091163,0.109049,19.823
2025-09-26 20:00:00,3.24395,3.54143,0.345332,2.89861,0.126735,0.078123,0.126755,17.737
2025-09-26 21:00:00,3.85843,4.4248,0.355668,3.50276,0.104599,0.076934,0.107564,14.243
2025-09-26 22:00:00,5.89135,6.11136,0.867203,5.02415,0.1093,0.092403,0.11002,24.324
2025-09-26 23:00:00,7.41195,15.004,0.99159,6.42036,0.11318,0.123805,0.124057,20.307
2025-09-27 00:00:00,2.36559,6.12847,0.086983,2.27861,0.041845,0.036441,0.054147,7.106
2025-09-27 01:00:00,1.10977,5.49393,0.047159,1.06261,0.034461,0.023074,0.045702,3.77
2025-09-27 02:00:00,1.67119,4.88653,0.088557,1.58263,0.042644,0.022075,0.049381,3.602
2025-09-27 03:00:00,1.29391,7.43623,0.020238,1.27367,0.02875,0.014101,0.041389,2.807
2025-09-27 04:00:00,0.268984,0.921177,0.01463,0.254354,0.024365,0.005432,0.039345,2.275
2025-09-27 05:00:00,0.779313,3.35911,0.033661,0.745652,0.02142,0.00852,0.040737,2.262
2025-09-27 06:00:00,0.798237,2.81069,0.036805,0.761432,0.025903,0.012739,0.044751,3.269
2025-09-27 07:00:00,1.60936,3.48345,0.10608,1.50328,0.048059,0.028591,0.062181,6.632
2025-09-27 08:00:00,1.96584,2.29655,0.168568,1.79727,0.06473,0.039561,0.078186,8.706
2025-09-27 09:00:00,2.34707,2.69778,0.166409,2.18066,0.078615,0.047516,0.095058,11.615
2025-09-27 10:00:00,2.87711,3.20391,0.266072,2.61104,0.097282,0.052356,0.107153,12.417
2025-09-27 11:00:00,3.95262,3.63962,0.401345,3.55128,0.114333,0.074258,0.108406,17.871
2025-09-27 12:00:00,4.18536,3.62683,0.410657,3.7747,0.103876,0.07199,0.099562,18.87
2025-09-27 13:00:00,1.79213,2.07423,0.171895,1.62024,0.07728,0.043543,0.085614,11.849
2025-09-27 14:00:00,1.78033,2.15537,0.228407,1.55192,0.081621,0.040397,0.089525,9.185
2025-09-27 15:00:00,2.78348,2.67129,0.234848,2.54863,0.090322,0.049739,0.098858,11.734
2025-09-27 16:00:00,4.47149,4.31611,0.381637,4.08985,0.104103,0.083241,0.11455,15.169
2025-09-27 17:00:00,4.77639,5.04904,0.605241,4.17115,0.107125,0.078575,0.107408,17.872
2025-09-27 18:00:00,4.10058,3.74824,0.441384,3.65919,0.106734,0.082678,0.103921,18.742
2025-09-27 19:00:00,3.85713,3.00868,0.62126,3.23587,0.11453,0.078094,0.099183,18.706
2025-09-27 20:00:00,3.25942,4.28871,0.399555,2.85986,0.094681,0.064725,0.093413,15.257
2025-09-27 21:00:00,3.86481,6.61782,0.386516,3.47829,0.100752,0.073166,0.095253,15.043
2025-09-27 22:00:00,4.48008,7.32039,1.24098,3.23909,0.148339,0.075113,0.085715,19.327
2025-09-27 23:00:00,4.22937,6.60839,0.236819,3.99255,0.081954,0.077723,0.089292,11.994
2025-09-28 00:00:00,2.12263,4.78069,0.103328,2.0193,0.062009,0.044238,0.057684,6.471
2025-09-28 01:00:00,2.0602,5.39321,0.08693,1.97327,0.059463,0.047264,0.057774,7.888
2025-09-28 02:00:00,1.91891,2.20565,0.124622,1.79429,0.058106,0.044394,0.063427,6.435
2025-09-28 03:00:00,1.21497,2.16188,0.057469,1.1575,0.043,0.024101,0.046555,3.661
2025-09-28 04:00:00,0.832036,1.34634,0.037494,0.794542,0.040401,0.023497,0.047974,2.456
2025-09-28 05:00:00,0.53796,1.68112,0.030489,0.507471,0.032171,0.010554,0.041131,2.927
2025-09-28 06:00:00,0.749796,2.19238,0.052801,0.696995,0.032663,0.012878,0.048977,3.719
2025-09-28 07:00:00,1.4299,2.57177,0.102059,1.32784,0.054849,0.025769,0.075209,6.397
2025-09-28 08:00:00,2.90741,4.25059,0.177673,2.72973,0.071524,0.048862,0.08982,11.749
2025-09-28 09:00:00,2.20725,2.77991,0.286644,1.9206,0.062181,0.028804,0.095498,8.797
2025-09-28 10:00:00,1.46218,1.83691,0.166386,1.29579,0.071956,0.034691,0.095874,8.291
2025-09-28 11:00:00,2.36955,2.68657,0.306383,2.06317,0.088661,0.038785,0.094654,11.999
2025-09-28 12:00:00,10.8139,12.3447,0.390718,10.4232,0.106734,0.216096,0.145427,12.109
2025-09-28 13:00:00,2.255,2.51674,0.373514,1.88148,0.088135,0.048064,0.087462,12.362
2025-09-28 14:00:00,1.65491,3.43342,0.159648,1.49526,0.067494,0.034797,0.087632,7.367
2025-09-28 15:00:00,2.33028,3.79525,0.30331,2.02697,0.07794,0.040001,0.093324,10.133
2025-09-28 16:00:00,1.78363,2.3285,0.180385,1.60325,0.098743,0.038112,0.095225,11.817
2025-09-28 17:00:00,6.24177,6.55647,0.780833,5.46093,0.117596,0.083667,0.119347,24.687
2025-09-28 18:00:00,3.91446,3.6178,0.551002,3.36345,0.121877,0.07221,0.116907,23.755
2025-09-28 19:00:00,4.13899,4.54575,0.53146,3.60753,0.115372,0.073531,0.116357,21.6818
2025-09-28 20:00:00,4.36352,5.4737,0.511918,3.8516,0.108867,0.074852,0.115807,19.6086
2025-09-28 21:00:00,4.58805,6.40166,0.492376,4.09567,0.102362,0.076173,0.115256,17.5354
2025-09-28 22:00:00,,,,,,,,
2025-09-28 23:00:00,5.03712,8.25757,0.453292,4.58382,0.089353,0.078815,0.114156,13.389
2025-09-29 00:00:00,3.18317,5.89475,0.150265,3.0329,0.052548,0.04993,0.073634,8.55
2025-09-29 01:00:00,0.96907,2.26418,0.048041,0.921029,0.024201,0.013664,0.03938,2.392
2025-09-29 02:00:00,0.692434,2.11108,0.023314,0.66912,0.030618,0.020585,0.043118,1.88
2025-09-29 03:00:00,0.366126,1.47631,0.017756,0.34837,0.021593,0.011415,0.040582,1.332
2025-09-29 04:00:00,0.042536,0.136335,0.009666,0.03287,0.034517,0.013915,0.058138,1.198
2025-09-29 05:00:00,0.245787,0.836007,0.013875,0.231912,0.021497,0.006759,0.035262,1.506
2025-09-29 06:00:00,0.345112,0.43139,0.044801,0.300311,0.031974,0.0143,0.048609,2.929
2025-09-29 07:00:00,1.80062,2.74486,0.140724,1.6599,0.062262,0.040285,0.07638,7.104
2025-09-29 08:00:00,2.72023,2.58577,0.227121,2.49311,0.080485,0.045956,0.095451,11.093
2025-09-29 09:00:00,2.47087,3.51975,0.141045,2.32982,0.063726,0.036969,0.109726,10.267
2025-09-29 10:00:00,3.54393,4.90849,0.296927,3.247,0.089675,0.05432,0.113924,13.908
2025-09-29 11:00:00,2.37272,3.15521,0.172445,2.20027,0.067707,0.03323,0.083145,10.465
2025-09-29 12:00:00,1.85538,2.09885,0.206649,1.64873,0.065567,0.037678,0.080522,8.865
2025-09-29 13:00:00,2.39839,3.22364,0.311725,2.08667,0.078376,0.045575,0.079895,9.075
2025-09-29 14:00:00,9.49287,10.9365,0.384055,9.10882,0.087299,0.095309,0.106381,14.19
2025-09-29 15:00:00,2.03182,2.79096,0.191719,1.8401,0.075523,0.045189,0.099324,8.838
2025-09-29 16:00:00,2.58361,2.76618,0.294156,2.28946,0.092572,0.054761,0.102769,12.9
2025-09-29 17:00:00,5.01947,4.22514,0.547867,4.4716,0.115735,0.081818,0.111368,17.272
2025-09-29 18:00:00,4.41893,3.36296,0.382257,4.03667,0.106995,0.07635,0.107236,21.232
2025-09-29 19:00:00,5.15446,4.24585,0.440409,4.71405,0.113925,0.090308,0.10805,22.483
2025-09-29 20:00:00,4.42833,4.00392,0.483408,3.94492,0.109856,0.085879,0.109074,21.966
2025-09-29 21:00:00,4.71448,3.75956,0.797238,3.91725,0.157848,0.097507,0.141088,22.28
2025-09-29 22:00:00,3.83558,4.06311,0.389385,3.44619,0.101788,0.073682,0.102374,13.422
2025-09-29 23:00:00,3.64273,7.37395,0.665456,2.97728,0.091967,0.067673,0.121404,13.8
2025-09-30 00:00:00,5.51433,16.812,0.464636,5.0497,0.073026,0.067682,0.097443,10.904
2025-09-30 01:00:00,2.16802,5.95609,0.101323,2.06669,0.044055,0.030148,0.04801,6.034
2025-09-30 02:00:00,0.999273,1.32882,0.041704,0.957569,0.036873,0.035852,0.053384,2.954
2025-09-30 03:00:00,0.331218,0.557605,0.025256,0.305962,0.035086,0.018326,0.05264,2.267
2025-09-30 04:00:00,1.31981,1.58251,0.049219,1.27059,0.044375,0.026965,0.051581,3.065
2025-09-30 05:00:00,0.746441,1.11078,0.049908,0.696533,0.034277,0.012782,0.048072,2.852
2025-09-30 06:00:00,2.31001,4.58336,0.086077,2.22394,0.049106,0.057698,0.100244,5.543
2025-09-30 07:00:00,2.20462,2.9395,0.129227,2.0754,0.080477,0.115567,0.128784,7.083
2025-09-30 08:00:00,6.02667,5.94346,0.384232,5.64244,0.130743,0.117806,0.12745,18.496
2025-09-30 09:00:00,8.51245,8.51245,0.806424,7.70602,0.127853,0.187547,0.133975,14.476
2025-09-30 10:00:00,6.44903,6.93444,0.289597,6.15944,0.110261,0.111658,0.127805,14.909
2025-09-30 11:00:00,2.38153,2.63444,0.240672,2.14086,0.079837,0.049174,0.092886,11.039
2025-09-30 12:00:00,2.98981,2.31409,0.484358,2.50545,0.094599,0.055479,0.091948,10.413
2025-09-30 13:00:00,2.31502,2.43687,0.291356,2.02367,0.089018,0.044915,0.090221,12.26
2025-09-30 14:00:00,2.78789,3.3348,0.235147,2.55274,0.078387,0.052432,0.09304,12.117
2025-09-30 15:00:00,3.36427,3.93022,0.348041,3.01623,0.098814,0.059603,0.099401,15.508
2025-09-30 16:00:00,3.98131,3.82819,0.424018,3.5573,0.103314,0.069226,0.114035,19.628
2025-09-30 17:00:00,4.64189,4.00854,0.631031,4.01086,0.132943,0.095951,0.126958,22.978
2025-09-30 18:00:00,6.31668,4.41726,0.674831,5.64185,0.147586,0.097861,0.122664,24.987
2025-09-30 19:00:00,4.47226,4.17968,0.29183,4.18043,0.104988,0.08768,0.107794,18.546
2025-09-30 20:00:00,3.01918,3.20507,0.41932,2.59985,0.1206,0.067835,0.114188,19.557
2025-09-30 21:00:00,3.75864,3.37401,0.629035,3.12961,0.14976,0.082436,0.12554,24.493
2025-09-30 22:00:00,3.58207,3.85999,0.398623,3.18344,0.093033,0.068677,0.103401,16.183
2025-09-30 23:00:00,6.06686,9.97838,0.362672,5.70419,0.095749,0.079274,0.08977,17.02
2025-10-01 00:00:00,2.89095,4.01522,0.164089,2.72687,0.079281,0.058084,0.072679,16.083
2025-10-01 01:00:00,1.19684,1.84129,0.136673,1.06017,0.060684,0.02444,0.055196,9.503
2025-10-01 02:00:00,1.86894,2.83173,0.118049,1.75089,0.074562,0.044569,0.06233,11.974
2025-10-01 03:00:00,1.29,2.04113,0.048811,1.24118,0.053691,0.028834,0.052539,3.599
2025-10-01 04:00:00,0.404646,0.650558,0.021923,0.382723,0.038674,0.011269,0.048453,2.487
2025-10-01 05:00:00,0.826884,2.14219,0.037521,0.789363,0.027002,0.015437,0.040212,2.276
2025-10-01 06:00:00,1.49911,4.11844,0.112941,1.38617,0.037488,0.0219,0.053601,4.62
2025-10-01 07:00:00,1.83236,3.19227,0.144337,1.68803,0.051824,0.033904,0.066762,6.512
2025-10-01 08:00:00,1.56027,3.13307,0.085425,1.47484,0.062087,0.042183,0.0881,8.467
2025-10-01 09:00:00,2.31904,3.63486,0.185391,2.13365,0.06746,0.036155,0.080618,6.044
2025-10-01 10:00:00,4.0304,5.31715,0.325673,3.70473,0.096225,0.068587,0.100644,15.554
2025-10-01 11:00:00,1.84953,2.49262,0.209602,1.63992,0.109148,0.053246,0.095881,13.365
2025-10-01 12:00:00,2.6578,3.39873,0.180903,2.4769,0.087014,0.049514,0.087703,11.317
2025-10-01 13:00:00,2.91858,4.07623,0.242955,2.67562,0.086991,0.053866,0.087023,11.182
2025-10-01 14:00:00,2.45856,3.86565,0.249526,2.20903,0.077536,0.043585,0.09503,11.769
2025-10-01 15:00:00,2.8699,4.44256,0.242961,2.62694,0.090765,0.048901,0.089665,10.64
2025-10-01 16:00:00,1.75033,2.36531,0.141873,1.60846,0.073487,0.054418,0.090959,9.038
2025-10-01 17:00:00,2.57851,2.77259,0.199211,2.3793,0.081356,0.043277,0.084913,10.462
2025-10-01 18:00:00,4.40921,5.33803,0.375116,4.0341,0.093705,0.06294,0.09131,12.734
2025-10-01 19:00:00,2.47221,3.11362,0.262306,2.20991,0.096173,0.063691,0.092689,15.58
2025-10-01 20:00:00,3.82399,4.06808,0.263032,3.56096,0.092765,0.062534,0.094146,13.681
2025-10-01 21:00:00,3.68033,5.169,0.224713,3.45562,0.088552,0.084331,0.085181,13.255
2025-10-01 22:00:00,3.09888,4.95029,0.32137,2.77751,0.081263,0.057243,0.071067,12.582
2025-10-01 23:00:00,2.1209,6.6278,0.29815,1.82275,0.088266,0.047648,0.073586,8.627
2025-10-02 00:00:00,1.03407,3.2114,0.151883,0.882188,0.058494,0.038663,0.057067,7.937
2025-10-02 01:00:00,0.763439,2.74618,0.108283,0.655156,0.070064,0.030232,0.064987,12.237
2025-10-02 02:00:00,0.755101,1.48059,0.080447,0.674654,0.056286,0.022791,0.052664,8.375
2025-10-02 03:00:00,0.546401,1.10162,0.058613,0.487788,0.057051,0.020774,0.053682,6.641
2025-10-02 04:00:00,0.452357,0.727263,0.033907,0.41845,0.051467,0.01337,0.045952,6.113
2025-10-02 05:00:00,0.304811,1.27004,0.037835,0.266976,0.044695,0.013511,0.050481,5.179
2025-10-02 06:00:00,0.612999,1.35619,0.044381,0.568618,0.026741,0.01114,0.040057,3.429
2025-10-02 07:00:00,0.847231,1.5517,0.095525,0.751706,0.052471,0.030815,0.058191,6.453
2025-10-02 08:00:00,1.58395,3.27262,0.097557,1.48639,0.063804,0.039965,0.071515,6.519
2025-10-02 09:00:00,1.96601,3.42511,0.142156,1.82386,0.078388,0.055543,0.085976,8.009
2025-10-02 10:00:00,1.26171,1.69585,0.116882,1.14483,0.072741,0.043382,0.084444,7.559
2025-10-02 11:00:00,2.0149,2.79072,0.133193,1.8817,0.068007,0.035102,0.080102,9.204
2025-10-02 12:00:00,2.11493,4.3697,0.182495,1.93244,0.069177,0.038442,0.084481,9.506
2025-10-02 13:00:00,2.5475,3.93133,0.262134,2.28537,0.076034,0.048138,0.089658,11.712
2025-10-02 14:00:00,2.11919,2.99321,0.193481,1.92571,0.062289,0.038256,0.084476,8.524
2025-10-02 15:00:00,2.44159,3.85109,0.336766,2.10482,0.066829,0.049986,0.079594,10.934
2025-10-02 16:00:00,2.12399,2.94181,0.242069,1.88192,0.085787,0.050298,0.096012,9.13
2025-10-02 17:00:00,2.69652,3.81943,0.247729,2.44879,0.090583,0.047436,0.109612,13.924
2025-10-02 18:00:00,3.13418,4.12393,0.261473,2.87271,0.085811,0.048012,0.096385,12.615
2025-10-02 19:00:00,2.74941,4.24292,0.245455,2.50395,0.097946,0.048491,0.091531,14.768
2025-10-02 20:00:00,3.41579,4.15546,0.457458,2.95833,0.099773,0.047117,0.082866,16.344
2025-10-02 21:00:00,3.98626,7.78566,0.309207,3.67705,0.104697,0.076462,0.104056,25.421
2025-10-02 22:00:00,3.19216,6.04575,0.481701,2.71046,0.109207,0.06153,0.088891,17.9
2025-10-02 23:00:00,4.63435,11.2484,0.280757,4.35359,0.078387,0.089259,0.072174,13.242
2025-10-03 00:00:00,2.31929,7.67975,0.637397,1.68189,0.087451,0.045227,0.051266,7.795
2025-10-03 01:00:00,3.75374,9.72472,0.342528,3.41121,0.089459,0.040475,0.054883,9.872
2025-10-03 02:00:00,1.55781,3.76283,0.059139,1.49867,0.043311,0.027863,0.046519,3.974
2025-10-03 03:00:00,0.614674,2.14921,0.019743,0.594931,0.016624,0.012022,0.03149,1.054
2025-10-03 04:00:00,0.757945,2.1906,0.032007,0.725938,0.026013,0.021035,0.035081,1.523
2025-10-03 05:00:00,0.20718,1.31126,0.028006,0.179174,0.009974,0.003767,0.027709,1.073
2025-10-03 06:00:00,0.524391,3.59172,0.030396,0.493995,0.018593,0.009154,0.035183,2.026
2025-10-03 07:00:00,0.638776,1.70795,0.049866,0.58891,0.037307,0.021056,0.056912,2.965
2025-10-03 08:00:00,1.43947,4.89617,0.195486,1.24399,0.047189,0.031285,0.066834,6.82
2025-10-03 09:00:00,1.58275,4.71058,0.28634,1.29641,0.073639,0.033162,0.072327,8.704
2025-10-03 10:00:00,1.34847,3.70459,0.166886,1.18159,0.053495,0.019454,0.066253,6.201
2025-10-03 11:00:00,8.15133,17.1246,0.181333,7.97,0.063306,0.061939,0.074155,9.606
2025-10-03 12:00:00,1.29623,2.50238,0.14269,1.15354,0.054933,0.02602,0.069782,7.487
2025-10-03 13:00:00,1.45683,2.55583,0.143567,1.31326,0.066538,0.030767,0.073108,8.791
2025-10-03 14:00:00,2.60951,5.90387,0.634507,1.975,0.106565,0.036048,0.079237,10.76
2025-10-03 15:00:00,2.37134,4.63153,0.28835,2.08299,0.082286,0.032488,0.076179,9.747
2025-10-03 16:00:00,2.16386,2.40429,0.367775,1.79609,0.096636,0.038206,0.088805,13.168
2025-10-03 17:00:00,3.11653,5.14279,0.244679,2.87185,0.082327,0.046703,0.082346,13.715
2025-10-03 18:00:00,2.99752,5.78672,0.387753,2.60977,0.092278,0.048786,0.083878,12.274
2025-10-03 19:00:00,3.35629,5.08529,0.362529,2.99376,0.086,0.054724,0.08364,13.399
2025-10-03 20:00:00,3.13243,4.95638,0.663966,2.46846,0.116778,0.058656,0.083389,15.897
2025-10-03 21:00:00,3.46853,8.71489,0.67185,2.79668,0.149224,0.094951,0.09282,11.4
2025-10-03 22:00:00,4.18897,5.26253,0.546003,3.64297,0.134554,0.087854,0.091433,16.359
2025-10-03 23:00:00,2.27221,7.42551,0.118751,2.15345,0.08272,0.0818,0.07144,15.407
2025-10-04 00:00:00,2.3656,6.1285,0.087,2.2786,0.0418,0.0364,0.0541,7.106
2025-10-04 01:00:00,1.1098,5.4939,0.0472,1.0626,0.0345,0.0231,0.0457,3.77
2025-10-04 02:00:00,1.6712,4.8865,0.0886,1.5826,0.0426,0.0221,0.0494,3.602
2025-10-04 03:00:00,1.2939,7.4362,0.0202,1.2737,0.0287,0.0141,0.0414,2.807
2025-10-04 04:00:00,0.269,0.9212,0.0146,0.2544,0.0244,0.0054,0.0393,2.275
2025-10-04 05:00:00,0.7793,3.3591,0.0337,0.7457,0.0214,0.0085,0.0407,2.262
2025-10-04 06:00:00,0.7982,2.8107,0.0368,0.7614,0.0259,0.0127,0.0448,3.269
2025-10-04 07:00:00,1.6094,3.4835,0.1061,1.5033,0.0481,0.0286,0.0622,6.632
2025-10-04 08:00:00,1.9658,2.2965,0.1686,1.7973,0.0647,0.0396,0.0782,8.706
2025-10-04 09:00:00,2.3471,2.6978,0.1664,2.1807,0.0786,0.0475,0.0951,11.615
2025-10-04 10:00:00,2.8771,3.2039,0.2661,2.611,0.0973,0.0524,0.1072,12.417
2025-10-04 11:00:00,3.9526,3.6396,0.4013,3.5513,0.1143,0.0743,0.1084,17.871
2025-10-04 12:00:00,4.1854,3.6268,0.4107,3.7747,0.1039,0.072,0.0996,18.87
2025-10-04 13:00:00,1.7921,2.0742,0.1719,1.6202,0.0773,0.0435,0.0856,11.849
2025-10-04 14:00:00,1.7803,2.1554,0.2284,1.5519,0.0816,0.0404,0.0895,9.185
2025-10-04 15:00:00,2.7835,2.6713,0.2348,2.5486,0.0903,0.0497,0.0989,11.734
2025-10-04 16:00:00,4.4715,4.3161,0.3816,4.0899,0.1041,0.0832,0.1146,15.169
2025-10-04 17:00:00,4.7764,5.049,0.6052,4.1712,0.1071,0.0786,0.1074,17.872
2025-10-04 18:00:00,4.1006,3.7482,0.4414,3.6592,0.1067,0.0827,0.1039,18.742
2025-10-04 19:00:00,3.8571,3.0087,0.6213,3.2359,0.1145,0.0781,0.0992,18.706
2025-10-04 20:00:00,3.2594,4.2887,0.3996,2.8599,0.0947,0.0647,0.0934,15.257
2025-10-04 21:00:00,3.8648,6.6178,0.3865,3.4783,0.1008,0.0732,0.0953,15.043
2025-10-04 22:00:00,4.4801,7.3204,1.241,3.2391,0.1483,0.0751,0.0857,19.327
2025-10-04 23:00:00,4.2294,6.6084,0.2368,3.9926,0.082,0.0777,0.0893,11.994
2025-10-05 00:00:00,2.1226,4.7807,0.1033,2.0193,0.062,0.0442,0.0577,6.471
2025-10-05 01:00:00,2.0602,5.3932,0.0869,1.9733,0.0595,0.0473,0.0578,7.888
2025-10-05 02:00:00,1.9189,2.2056,0.1246,1.7943,0.0581,0.0444,0.0634,6.435
2025-10-05 03:00:00,1.215,2.1619,0.0575,1.1575,0.043,0.0241,0.0466,3.661
2025-10-05 04:00:00,0.832,1.3463,0.0375,0.7945,0.0404,0.0235,0.048,2.456
2025-10-05 05:00:00,0.538,1.6811,0.0305,0.5075,0.0322,0.0106,0.0411,2.927
2025-10-05 06:00:00,0.7498,2.1924,0.0528,0.697,0.0327,0.0129,0.049,3.719
2025-10-05 07:00:00,1.4299,2.5718,0.1021,1.3278,0.0548,0.0258,0.0752,6.397
2025-10-05 08:00:00,2.9074,4.2506,0.1777,2.7297,0.0715,0.0489,0.0898,11.749
2025-10-05 09:00:00,2.2072,2.7799,0.2866,1.9206,0.0622,0.0288,0.0955,8.797
2025-10-05 10:00:00,1.4622,1.8369,0.1664,1.2958,0.072,0.0347,0.0959,8.291
2025-10-05 11:00:00,2.3696,2.6866,0.3064,2.0632,0.0887,0.0388,0.0947,11.999
2025-10-05 12:00:00,10.8139,12.3447,0.3907,10.4232,0.1067,0.2161,0.1454,12.109
2025-10-05 13:00:00,2.255,2.5167,0.3735,1.8815,0.0881,0.0481,0.0875,12.362
2025-10-05 14:00:00,1.6549,3.4334,0.1596,1.4953,0.0675,0.0348,0.0876,7.367
2025-10-05 15:00:00,2.3303,3.7952,0.3033,2.027,0.0779,0.04,0.0933,10.133
2025-10-05 16:00:00,1.7836,2.3285,0.1804,1.6032,0.0987,0.0381,0.0952,11.817
2025-10-05 17:00:00,6.2418,6.5565,0.7808,5.4609,0.1176,0.0837,0.1193,24.687
2025-10-05 18:00:00,4.30682,7.50316,0.49476,3.81205,0.094033,0.066636,0.079997,16.466
2025-10-05 19:00:00,2.78082,4.72929,0.308973,2.47185,0.075487,0.047677,0.074153,12.445
2025-10-05 20:00:00,2.05151,3.08961,0.198542,1.85296,0.067857,0.036944,0.064451,12.455
2025-10-05 21:00:00,2.51815,6.05324,0.220852,2.2973,0.071661,0.053432,0.079925,9.824
2025-10-05 22:00:00,1.20539,2.26577,0.140507,1.06489,0.054779,0.032992,0.06874,6.147
2025-10-05 23:00:00,5.0371,8.2576,0.4533,4.5838,0.0894,0.0788,0.1142,13.389
2025-10-06 00:00:00,3.1832,5.8948,0.1503,3.0329,0.0525,0.0499,0.0736,8.55
2025-10-06 01:00:00,0.9691,2.2642,0.048,0.921,0.0242,0.0137,0.0394,2.392
2025-10-06 02:00:00,0.6924,2.1111,0.0233,0.6691,0.0306,0.0206,0.0431,1.88
2025-10-06 03:00:00,0.3661,1.4763,0.0178,0.3484,0.0216,0.0114,0.0406,1.332
2025-10-06 04:00:00,0.0425,0.1363,0.0097,0.0329,0.0345,0.0139,0.0581,1.198
2025-10-06 05:00:00,0.2458,0.836,0.0139,0.2319,0.0215,0.0068,0.0353,1.506
2025-10-06 06:00:00,0.3451,0.4314,0.0448,0.3003,0.032,0.0143,0.0486,2.929
2025-10-06 07:00:00,1.8006,2.7449,0.1407,1.6599,0.0623,0.0403,0.0764,7.104
2025-10-06 08:00:00,2.7202,2.5858,0.2271,2.4931,0.0805,0.046,0.0955,11.093
2025-10-06 09:00:00,2.4709,3.5198,0.141,2.3298,0.0637,0.037,0.1097,10.267
2025-10-06 10:00:00,3.5439,4.9085,0.2969,3.247,0.0897,0.0543,0.1139,13.908
2025-10-06 11:00:00,2.3727,3.1552,0.1724,2.2003,0.0677,0.0332,0.0831,10.465
2025-10-06 12:00:00,1.8554,2.0988,0.2066,1.6487,0.0656,0.0377,0.0805,8.865
2025-10-06 13:00:00,2.3984,3.2236,0.3117,2.0867,0.0784,0.0456,0.0799,9.075
2025-10-06 14:00:00,9.4929,10.9365,0.3841,9.1088,0.0873,0.0953,0.1064,14.19
2025-10-06 15:00:00,2.0318,2.791,0.1917,1.8401,0.0755,0.0452,0.0993,8.838
2025-10-06 16:00:00,2.5836,2.7662,0.2942,2.2895,0.0926,0.0548,0.1028,12.9
2025-10-06 17:00:00,5.0195,4.2251,0.5479,4.4716,0.1157,0.0818,0.1114,17.272
2025-10-06 18:00:00,4.4189,3.363,0.3823,4.0367,0.107,0.0764,0.1072,21.232
2025-10-06 19:00:00,5.1545,4.2458,0.4404,4.7141,0.1139,0.0903,0.108,22.483
2025-10-06 20:00:00,4.4283,4.0039,0.4834,3.9449,0.1099,0.0859,0.1091,21.966
2025-10-06 21:00:00,4.7145,3.7596,0.7972,3.9172,0.1578,0.0975,0.1411,22.28
2025-10-06 22:00:00,3.8356,4.0631,0.3894,3.4462,0.1018,0.0737,0.1024,13.422
2025-10-06 23:00:00,3.6427,7.374,0.6655,2.9773,0.092,0.0677,0.1214,13.8
2025-10-07 00:00:00,5.5143,16.812,0.4646,5.0497,0.073,0.0677,0.0974,10.904
2025-10-07 01:00:00,2.168,5.9561,0.1013,2.0667,0.0441,0.0301,0.048,6.034
2025-10-07 02:00:00,0.9993,1.3288,0.0417,0.9576,0.0369,0.0359,0.0534,2.954
2025-10-07 03:00:00,0.3312,0.5576,0.0253,0.306,0.0351,0.0183,0.0526,2.267
2025-10-07 04:00:00,1.3198,1.5825,0.0492,1.2706,0.0444,0.027,0.0516,3.065
2025-10-07 05:00:00,0.7464,1.1108,0.0499,0.6965,0.0343,0.0128,0.0481,2.852
2025-10-07 06:00:00,2.31,4.5834,0.0861,2.2239,0.0491,0.0577,0.1002,5.543
2025-10-07 07:00:00,2.2046,2.9395,0.1292,2.0754,0.0805,0.1156,0.1288,7.083
2025-10-07 08:00:00,6.0267,5.9435,0.3842,5.6424,0.1307,0.1178,0.1274,18.496
2025-10-07 09:00:00,8.5124,8.5124,0.8064,7.706,0.1279,0.1875,0.134,14.476
2025-10-07 10:00:00,6.449,6.9344,0.2896,6.1594,0.1103,0.1117,0.1278,14.909
2025-10-07 11:00:00,2.3815,2.6344,0.2407,2.1409,0.0798,0.0492,0.0929,11.039
2025-10-07 12:00:00,2.9898,2.3141,0.4844,2.5055,0.0946,0.0555,0.0919,10.413
2025-10-07 13:00:00,2.315,2.4369,0.2914,2.0237,0.089,0.0449,0.0902,12.26
2025-10-07 14:00:00,2.7879,3.3348,0.2351,2.5527,0.0784,0.0524,0.093,12.117
2025-10-07 15:00:00,3.3643,3.9302,0.348,3.0162,0.0988,0.0596,0.0994,15.508
2025-10-07 16:00:00,3.9813,3.8282,0.424,3.5573,0.1033,0.0692,0.114,19.628
2025-10-07 17:00:00,4.6419,4.0085,0.631,4.0109,0.1329,0.096,0.127,22.978
2025-10-07 18:00:00,6.3167,4.4173,0.6748,5.6419,0.1476,0.0979,0.1227,24.987
2025-10-07 19:00:00,4.4723,4.1797,0.2918,4.1804,0.105,0.0877,0.1078,18.546
2025-10-07 20:00:00,3.0192,3.2051,0.4193,2.5999,0.1206,0.0678,0.1142,19.557
2025-10-07 21:00:00,3.7586,3.374,0.629,3.1296,0.1498,0.0824,0.1255,24.493
2025-10-07 22:00:00,3.5821,3.86,0.3986,3.1834,0.093,0.0687,0.1034,16.183
2025-10-07 23:00:00,5.07662,8.18809,0.33015,4.74646,0.089594,0.099822,0.107969,15.068
2025-10-08 00:00:00,4.56191,11.0726,0.863096,3.69882,0.121042,0.062134,0.079153,12.988
2025-10-08 01:00:00,2.34754,7.33606,0.126911,2.22063,0.061037,0.037852,0.09517,9.788
2025-10-08 02:00:00,2.08427,4.15193,0.146319,1.93795,0.066507,0.053479,0.09354,10.073
2025-10-08 03:00:00,0.738791,1.74243,0.053767,0.685024,0.045895,0.016122,0.071168,5.682
2025-10-08 04:00:00,0.192161,0.50569,0.039771,0.15239,0.03764,0.006371,0.06274,4.904
2025-10-08 05:00:00,0.241853,1.2729,0.033076,0.208777,0.028824,0.005498,0.047776,3.559
2025-10-08 06:00:00,0.999865,2.76206,0.066133,0.933732,0.037624,0.018321,0.050136,3.64
2025-10-08 07:00:00,1.3876,2.78635,0.094633,1.29297,0.052133,0.026007,0.068703,5.11
2025-10-08 08:00:00,2.58324,4.92984,0.155129,2.42811,0.073676,0.053219,0.089791,8.564
2025-10-08 09:00:00,2.48724,3.42595,0.31082,2.17642,0.0727,0.040182,0.085028,9.996
2025-10-08 10:00:00,2.50007,2.79026,0.36166,2.13841,0.096984,0.05661,0.09651,10.945
2025-10-08 11:00:00,2.06168,2.13425,0.221503,1.84018,0.085246,0.044605,0.093613,10.566
2025-10-08 12:00:00,2.54136,3.12975,0.406965,2.13439,0.096403,0.056089,0.116238,16.083
2025-10-08 13:00:00,3.4762,3.99563,0.451011,3.02519,0.114562,0.079436,0.121213,18.387
2025-10-08 14:00:00,3.47541,3.56818,0.266811,3.2086,0.099417,0.075238,0.114653,13.581
2025-10-08 15:00:00,2.61649,2.08319,0.329318,2.28717,0.101712,0.053372,0.110146,14.095
2025-10-08 16:00:00,2.30265,2.3119,0.23253,2.07012,0.099445,0.0614,0.110927,15.313
2025-10-08 17:00:00,3.8194,4.82247,0.38006,3.43934,0.103395,0.089632,0.100771,16.451
2025-10-08 18:00:00,9.0337,11.6715,1.95537,7.07833,0.16652,0.101803,0.120465,16.569
2025-10-08 19:00:00,7.37114,6.43206,1.31746,6.05368,0.14409,0.099903,0.114774,16.186
2025-10-08 20:00:00,5.76337,5.76337,1.36885,4.39452,0.182918,0.099561,0.132354,29.009
2025-10-08 21:00:00,5.14097,6.87295,0.951489,4.18948,0.156494,0.10862,0.134606,25.89
2025-10-08 22:00:00,5.12873,7.54224,0.304069,4.82466,0.101146,0.104539,0.111478,17.933
2025-10-08 23:00:00,3.09136,6.63382,0.151521,2.93984,0.076685,0.061455,0.088372,10.721
2025-10-09 00:00:00,2.8384,4.92777,0.165888,2.67251,0.055457,0.047759,0.062847,8.434
2025-10-09 01:00:00,3.15161,6.27811,0.111031,3.04058,0.059332,0.043471,0.071853,8.821
2025-10-09 02:00:00,0.726617,1.11104,0.023188,0.703429,0.038011,0.016402,0.047778,2.831
2025-10-09 03:00:00,0.134201,0.215064,0.008026,0.126175,0.02316,0.00492,0.03656,1.047
2025-10-09 04:00:00,0.980404,1.65051,0.032,0.948404,0.040529,0.027489,0.045574,3.91
2025-10-09 05:00:00,1.30732,3.63145,0.025183,1.28214,0.035672,0.026328,0.04186,3.159
2025-10-09 06:00:00,1.54251,4.64611,0.043522,1.49899,0.062983,0.026628,0.057616,4.353
2025-10-09 07:00:00,1.18495,1.56326,0.084474,1.10048,0.056038,0.026504,0.079984,5.891
2025-10-09 08:00:00,3.43026,4.97139,0.218791,3.21147,0.07692,0.0592,0.103905,14.669
2025-10-09 09:00:00,1.11347,1.60906,0.117844,0.995627,0.053637,0.021644,0.082293,6.481
2025-10-09 10:00:00,1.26812,1.76127,0.174064,1.09405,0.073655,0.039212,0.09385,8.572
2025-10-09 11:00:00,2.06472,2.05649,0.125487,1.93923,0.068968,0.0513,0.087373,8.763
2025-10-09 12:00:00,2.44298,4.5578,0.133251,2.30973,0.055259,0.041242,0.072256,7.334
2025-10-09 13:00:00,2.00755,4.11383,0.13376,1.87379,0.049976,0.03415,0.071827,7.966
2025-10-09 14:00:00,3.16853,5.6581,0.29784,2.87069,0.086438,0.058764,0.099333,12.099
2025-10-09 15:00:00,2.02058,4.12362,0.130749,1.88983,0.060824,0.042833,0.079745,9.152
2025-10-09 16:00:00,1.59413,2.74851,0.177397,1.41674,0.058002,0.031453,0.078736,8.593
2025-10-09 17:00:00,3.64333,3.68758,0.642676,3.00065,0.103604,0.058774,0.100059,15.368
2025-10-09 18:00:00,5.75224,5.77534,0.501033,5.25121,0.124425,0.096096,0.109105,25.144
2025-10-09 19:00:00,3.93865,4.60123,0.678425,3.26023,0.123119,0.069872,0.116819,21.259
2025-10-09 20:00:00,3.5192,3.3389,0.530843,2.98836,0.122944,0.098861,0.116975,22.237
2025-10-09 21:00:00,4.78315,7.16041,0.602966,4.18019,0.113641,0.088029,0.102573,21.477
2025-10-09 22:00:00,4.67875,6.44456,0.554039,4.12472,0.113593,0.092645,0.090346,21.801
2025-10-09 23:00:00,1.95336,3.34479,0.172829,1.78053,0.069934,0.053374,0.064672,9.679
2025-10-10 00:00:00,1.14927,3.50388,0.096296,1.05298,0.050869,0.050232,0.052635,5.999
2025-10-10 01:00:00,1.09797,3.89352,0.361291,0.736681,0.042659,0.012747,0.038528,2.746
2025-10-10 02:00:00,0.237413,1.01458,0.012838,0.224575,0.015597,0.006142,0.033078,1.366
2025-10-10 03:00:00,0.2584,0.642789,0.01736,0.24104,0.0201,0.00612,0.035749,1.94
2025-10-10 04:00:00,0.345875,1.2716,0.015455,0.33042,0.02162,0.006069,0.036755,1.775
2025-10-10 05:00:00,0.178235,0.582465,0.015103,0.163132,0.018108,0.003797,0.034594,1.582
2025-10-10 06:00:00,1.07081,2.53747,0.085505,0.985304,0.035754,0.013347,0.047033,3.911
2025-10-10 07:00:00,1.96823,3.50218,0.224693,1.74353,0.057301,0.027514,0.067474,5.992
2025-10-10 08:00:00,1.96369,2.61826,0.246577,1.71712,0.066942,0.032623,0.078095,7.798
2025-10-10 09:00:00,1.43083,1.85822,0.110791,1.32004,0.053288,0.034107,0.075363,6.011
2025-10-10 10:00:00,1.41411,2.2662,0.149717,1.26439,0.066921,0.036687,0.084089,8.254
2025-10-10 11:00:00,1.79785,2.87196,0.127645,1.6702,0.057978,0.025664,0.078261,7.835
2025-10-10 12:00:00,1.35138,2.88756,0.146002,1.20538,0.050555,0.02529,0.069734,6.103
2025-10-10 13:00:00,2.032,3.60284,0.196174,1.83583,0.073013,0.040732,0.087496,12.966
2025-10-10 14:00:00,2.65106,3.71296,0.337495,2.31356,0.095916,0.049923,0.096776,16.354
2025-10-10 15:00:00,1.90799,2.24469,0.150467,1.75752,0.077808,0.040273,0.097144,13.094
2025-10-10 16:00:00,2.12335,3.02472,0.165126,1.95822,0.078782,0.039242,0.093706,12.181
2025-10-10 17:00:00,4.5937,4.42553,0.609286,3.98441,0.112551,0.070089,0.113368,24.799
2025-10-10 18:00:00,5.23099,5.47174,0.600535,4.63045,0.121089,0.092321,0.117432,23.955
2025-10-10 19:00:00,5.39802,6.74752,1.08058,4.31743,0.157356,0.095286,0.115672,19.651
2025-10-10 20:00:00,6.83939,7.549,0.785231,6.05416,0.156644,0.103708,0.132404,23.6
2025-10-10 21:00:00,5.06606,6.39654,0.478212,4.58784,0.127771,0.092938,0.128595,20.624
2025-10-10 22:00:00,6.01775,5.7863,0.964802,5.05295,0.163769,0.107863,0.127396,24.721
2025-10-10 23:00:00,2.2622,3.61373,0.185082,2.07712,0.077956,0.092167,0.081391,11.013
2025-10-11 00:00:00,2.13465,5.80069,0.101393,2.03326,0.052712,0.050481,0.055151,5.875
2025-10-11 01:00:00,1.34947,5.27136,0.06143,1.28804,0.038895,0.034635,0.055195,3.911
2025-10-11 02:00:00,0.174467,0.38429,0.012922,0.161545,0.027661,0.014286,0.041222,1.454
2025-10-11 03:00:00,1.63255,5.23255,0.045619,1.58693,0.04143,0.045087,0.045737,2.197
2025-10-11 04:00:00,0.952547,2.83496,0.022542,0.930005,0.040485,0.024006,0.047033,2.409
2025-10-11 05:00:00,0.425169,1.41723,0.021819,0.40335,0.024866,0.008967,0.039182,1.525
2025-10-11 06:00:00,0.305129,0.744214,0.025534,0.279595,0.026895,0.008076,0.045941,1.944
2025-10-11 07:00:00,1.04183,1.39655,0.084663,0.957167,0.062308,0.025708,0.072673,5.612
2025-10-11 08:00:00,2.1297,3.5028,0.182602,1.9471,0.072028,0.047061,0.095556,9.226
2025-10-11 09:00:00,1.67743,2.98475,0.135772,1.54166,0.060545,0.038589,0.099628,7.792
2025-10-11 10:00:00,1.37899,2.23862,0.152543,1.22645,0.117867,0.043945,0.094428,8.261
2025-10-11 11:00:00,1.75418,2.50597,0.160074,1.59411,0.065846,0.045012,0.088932,7.119
2025-10-11 12:00:00,2.33162,3.30258,0.146636,2.18499,0.061978,0.037746,0.07664,6.986
2025-10-11 13:00:00,1.89469,2.6837,0.152005,1.74269,0.068015,0.047827,0.08118,8.593
2025-10-11 14:00:00,1.98254,3.05007,0.300925,1.68162,0.081032,0.042352,0.08934,11.898
2025-10-11 15:00:00,2.08679,3.07786,0.257189,1.8296,0.061362,0.033489,0.083605,8.706
2025-10-11 16:00:00,1.58022,2.35854,0.142181,1.43804,0.064339,0.032328,0.091114,9.38
2025-10-11 17:00:00,4.77972,4.686,0.284147,4.49557,0.097817,0.080059,0.122353,18.69
2025-10-11 18:00:00,3.99092,3.66139,0.380659,3.61026,0.106183,0.075889,0.113635,17.537
2025-10-11 19:00:00,4.45778,4.38758,0.620844,3.83694,0.12525,0.098001,0.109142,19.567
2025-10-11 20:00:00,4.55488,4.94022,0.933587,3.6213,0.147887,0.080817,0.107387,18.904
2025-10-11 21:00:00,4.14694,4.7666,0.417335,3.72961,0.124746,0.099931,0.103149,16.699
2025-10-11 22:00:00,4.37632,5.68353,0.247984,4.12834,0.10653,0.097472,0.104346,17.239
2025-10-11 23:00:00,2.71381,3.9217,0.251062,2.46275,0.091878,0.065008,0.083879,10.123
2025-10-12 00:00:00,2.02816,3.42595,0.112545,1.91562,0.071489,0.047934,0.061597,8.864
2025-10-12 01:00:00,1.63593,2.27845,0.096774,1.53915,0.068216,0.03632,0.056381,9.159
2025-10-12 02:00:00,2.23892,3.30224,0.077,2.16192,0.060464,0.039547,0.05573,7.846
2025-10-12 03:00:00,1.58825,2.21823,0.102546,1.48571,0.068532,0.043912,0.061032,6.487
2025-10-12 04:00:00,0.898144,1.16946,0.049645,0.848499,0.053682,0.028927,0.058317,3.855
2025-10-12 05:00:00,0.370891,1.10384,0.042445,0.328446,0.036718,0.015645,0.044944,3.024
2025-10-12 06:00:00,0.979532,2.63315,0.04371,0.935822,0.036992,0.022727,0.053458,2.836
2025-10-12 07:00:00,2.20303,3.79832,0.109203,2.09382,0.059894,0.027788,0.07254,7.117
2025-10-12 08:00:00,0.872522,1.26087,0.070762,0.80176,0.047905,0.020011,0.07166,4.651
2025-10-12 09:00:00,1.54345,2.36002,0.185193,1.35826,0.071639,0.044138,0.0858,7.884
2025-10-12 10:00:00,3.76462,5.07362,0.389974,3.37465,0.09948,0.06925,0.112134,12.446
2025-10-12 11:00:00,3.70475,5.54604,0.22382,3.48093,0.09473,0.069372,0.112372,13.715
2025-10-12 12:00:00,4.97045,6.32373,0.750018,4.22043,0.128688,0.07334,0.099016,16.136
2025-10-12 13:00:00,3.75784,5.78129,0.405831,3.35201,0.121858,0.079484,0.101113,15.976
2025-10-12 14:00:00,4.26114,5.46299,0.294302,3.96683,0.098052,0.080999,0.110611,14.567
2025-10-12 15:00:00,3.74169,3.32299,0.220345,3.52134,0.094666,0.0746,0.125456,15.178
2025-10-12 16:00:00,4.47185,4.19498,0.251348,4.2205,0.092793,0.084417,0.131641,16.48
2025-10-12 17:00:00,3.95147,4.74936,0.647814,3.30366,0.107783,0.066315,0.109534,15.282
2025-10-12 18:00:00,4.91269,5.63382,0.478592,4.4341,0.113133,0.126769,0.105109,19.683
2025-10-12 19:00:00,6.42848,9.07978,0.368904,6.05958,0.111795,0.103433,0.116358,16.71
2025-10-12 20:00:00,4.71059,5.2928,0.501797,4.20879,0.107846,0.104834,0.150072,17.355
2025-10-12 21:00:00,4.47681,5.38078,0.527053,3.94976,0.143872,0.117909,0.114004,23.163
2025-10-12 22:00:00,3.72344,4.45387,0.328458,3.39498,0.116802,0.089243,0.107405,19.276
2025-10-12 23:00:00,3.1165,5.44842,0.232233,2.88426,0.075408,0.062064,0.076495,10.495
2025-10-13 00:00:00,3.4984,6.80622,0.13663,3.36177,0.070189,0.055444,0.062658,7.938
2025-10-13 01:00:00,3.73903,8.05827,0.106788,3.63225,0.067267,0.056701,0.065399,7.22
2025-10-13 02:00:00,0.674653,1.20905,0.131993,0.54266,0.051629,0.038681,0.059237,2.789
2025-10-13 03:00:00,0.423415,0.857116,0.020496,0.402919,0.032197,0.012615,0.043513,1.99
2025-10-13 04:00:00,0.119228,0.240378,0.009364,0.109864,0.020676,0.008542,0.037554,1.199
2025-10-13 05:00:00,0.553195,2.19522,0.015253,0.537942,0.025717,0.016024,0.037434,2.143
2025-10-13 06:00:00,0.311596,0.790853,0.034748,0.276848,0.026249,0.008512,0.04596,1.783
2025-10-13 07:00:00,2.38184,3.6985,0.186483,2.19535,0.054302,0.033315,0.072126,7.798
2025-10-13 08:00:00,2.03104,2.77464,0.588849,1.44219,0.065985,0.030826,0.078829,8.547
2025-10-13 09:00:00,1.59515,1.70059,0.184199,1.41095,0.063515,0.032873,0.086044,9.951
2025-10-13 10:00:00,1.43088,1.56895,0.261507,1.16938,0.066398,0.035627,0.08205,10.587
2025-10-13 11:00:00,1.70435,2.0387,0.169208,1.53514,0.069143,0.034696,0.089581,10.682
2025-10-13 12:00:00,2.37227,3.04138,0.221779,2.15049,0.082707,0.041582,0.090163,11.384
2025-10-13 13:00:00,3.73573,6.02538,0.334595,3.40114,0.097922,0.057374,0.11195,13.923
2025-10-13 14:00:00,2.57058,4.18661,0.175615,2.39497,0.081884,0.0495,0.108083,13.527
2025-10-13 15:00:00,2.12914,3.1037,0.390517,1.73862,0.087899,0.042858,0.099798,10.932
2025-10-13 16:00:00,2.67506,4.23269,0.473215,2.20184,0.107679,0.064742,0.103418,13.611
2025-10-13 17:00:00,5.26154,4.96372,1.23979,4.02175,0.165506,0.081401,0.124863,23.32
2025-10-13 18:00:00,3.57305,3.85858,0.606751,2.96629,0.109497,0.068662,0.109048,16.296
2025-10-13 19:00:00,4.5488,4.5127,0.706493,3.84231,0.124917,0.067535,0.09964,18.967
2025-10-13 20:00:00,3.88051,3.84209,0.721173,3.15934,0.133209,0.081197,0.114075,18.795
2025-10-13 21:00:00,2.88842,4.92905,0.725901,2.16252,0.168653,0.090499,0.138658,25.164
2025-10-13 22:00:00,3.37882,3.43376,0.339193,3.03962,0.100868,0.071163,0.092967,17.943
2025-10-13 23:00:00,5.22504,11.5598,2.41517,2.80987,0.219163,0.059141,0.067731,8.662
2025-10-14 00:00:00,2.37567,7.51796,0.131423,2.24425,0.055002,0.051084,0.055023,6.644
2025-10-14 01:00:00,2.56891,7.17572,0.132861,2.43605,0.066657,0.060497,0.064243,5.99
2025-10-14 02:00:00,1.57116,2.50184,0.042881,1.52828,0.06738,0.060786,0.070986,5.717
2025-10-14 03:00:00,1.93351,2.47251,0.040902,1.8926,0.05225,0.049043,0.047694,5.73
2025-10-14 04:00:00,2.59538,4.50587,0.051701,2.54368,0.039393,0.032361,0.042036,4.614
2025-10-14 05:00:00,0.365076,1.64449,0.017902,0.347174,0.017082,0.007685,0.032549,1.106
2025-10-14 06:00:00,1.62471,4.36749,0.116201,1.50851,0.043723,0.029325,0.061471,5.905
2025-10-14 07:00:00,2.18068,3.67118,0.170906,2.00977,0.065644,0.039445,0.083009,8.83
2025-10-14 08:00:00,2.82421,3.97777,0.198279,2.62594,0.072291,0.0515,0.099937,10.894
2025-10-14 09:00:00,1.83241,2.28479,0.404097,1.42831,0.087037,0.035116,0.099415,8.473
2025-10-14 10:00:00,2.30594,2.7917,0.179073,2.12687,0.078095,0.046501,0.108189,12.42
2025-10-14 11:00:00,3.09363,3.16971,0.273532,2.8201,0.091621,0.058088,0.112761,14.524
2025-10-14 12:00:00,3.38905,5.10399,0.633503,2.75554,0.099371,0.050835,0.095873,13.764
2025-10-14 13:00:00,3.43598,6.55721,0.425517,3.01046,0.10451,0.065722,0.114086,12.282
2025-10-14 14:00:00,2.85164,3.83285,0.294338,2.5573,0.108526,0.076817,0.104668,11.632
2025-10-14 15:00:00,2.31866,3.54535,0.203327,2.11533,0.07589,0.047825,0.091494,9.01
2025-10-14 16:00:00,2.51069,3.13054,0.285832,2.22486,0.088153,0.058581,0.101773,13.908
2025-10-14 17:00:00,3.84854,4.19231,0.574653,3.27389,0.122932,0.074813,0.125633,19.406
2025-10-14 18:00:00,5.65504,6.60635,0.585699,5.06934,0.136013,0.090877,0.118572,20.104
2025-10-14 19:00:00,5.74484,5.25122,0.5749,5.16993,0.135288,0.136448,0.149551,22.381
2025-10-14 20:00:00,5.11956,5.19225,0.624799,4.49476,0.156523,0.120511,0.14621,19.853
2025-10-14 21:00:00,5.6373,5.08782,0.748133,4.88917,0.090876,0.080026,0.120729,20.3
2025-10-14 22:00:00,6.78831,7.237,0.502856,6.28545,0.090865,0.080013,0.111993,20.012
2025-10-14 23:00:00,4.79429,12.293,0.54428,4.25,0.090855,0.08,0.073329,13.163
2025-10-15 00:00:00,6.01252,21.7845,0.772604,5.23991,0.090844,0.079987,0.075231,16.823
2025-10-15 01:00:00,0.759886,3.1928,0.081714,0.678172,,,0.057205,4.822
2025-10-15 02:00:00,0.56012,1.08973,0.03198,0.52814,,,0.05231,3.316
2025-10-15 03:00:00,0.422976,0.829363,0.053302,0.369674,,,0.065301,2.958
2025-10-15 04:00:00,0.483204,0.844763,0.016637,0.466567,,,0.050734,1.254
2025-10-15 05:00:00,0.418901,1.76009,0.020102,0.398799,,,0.041282,1.818
2025-10-15 06:00:00,0.537955,1.63017,0.029698,0.508257,,,0.046182,1.858
2025-10-15 07:00:00,1.29714,1.87448,0.105785,1.19135,,,0.078174,6.262
2025-10-15 08:00:00,2.54349,4.03728,0.275573,2.26792,,,0.099434,9.088
2025-10-15 09:00:00,2.76218,3.98009,0.176096,2.58609,,,0.099299,9.846
2025-10-15 10:00:00,2.60193,3.86043,0.230023,2.37191,,,0.09998,8.05
2025-10-15 11:00:00,4.5876,5.39717,0.295695,4.2919,,,0.100783,11.189
2025-10-15 12:00:00,4.46683,7.9199,0.20765,4.25918,,,0.091177,15.153
2025-10-15 13:00:00,3.63318,6.44181,0.419239,3.21394,,,0.09575,16.209
2025-10-15 14:00:00,1.94023,2.88724,0.169395,1.77083,,,0.082511,8.61
2025-10-15 15:00:00,2.45806,2.92626,0.191869,2.26619,,,0.09718,8.332
2025-10-15 16:00:00,1.71254,1.59455,0.26981,1.44274,,,0.089959,11.537
2025-10-15 17:00:00,5.1689,4.3146,0.598346,4.57055,,,0.115069,20.932
2025-10-15 18:00:00,4.82857,4.19876,0.595899,4.23267,,,0.125373,19.629
2025-10-15 19:00:00,2.76082,2.34365,0.342828,2.41799,,,0.103427,15.717
2025-10-15 20:00:00,4.3559,3.88227,0.323686,4.03222,,,0.126262,19.278
2025-10-15 21:00:00,6.07292,4.40706,0.841172,5.23175,,,0.130736,25.119
2025-10-15 22:00:00,4.30276,4.14524,0.492962,3.8098,,,0.09559,18.083
2025-10-15 23:00:00,3.38943,7.00295,0.228017,3.16141,,,0.078267,12.763
2025-10-16 00:00:00,2.91051,9.38873,0.142355,2.76815,,,0.061917,8.58
2025-10-16 01:00:00,1.31314,3.08248,0.09471,1.21843,,,0.04578,3.906
2025-10-16 02:00:00,0.49117,2.27393,0.054884,0.436286,,,0.039415,4.549
2025-10-16 03:00:00,0.616013,3.08007,0.041942,0.574071,,,0.040417,4.389
2025-10-16 04:00:00,0.468921,1.93769,0.018069,0.450852,,,0.038927,2.678
2025-10-16 05:00:00,0.407238,1.71109,0.117255,0.289983,,,0.042195,3.342
2025-10-16 06:00:00,0.979708,2.51207,0.060604,0.919104,,,0.059065,3.892
2025-10-16 07:00:00,1.59822,2.50505,0.090802,1.50742,,,0.077086,6.163
2025-10-16 08:00:00,1.78627,2.19443,0.149524,1.63674,,,0.084558,6.999
2025-10-16 09:00:00,1.95809,2.96681,0.174967,1.78313,,,0.087258,8.273
2025-10-16 10:00:00,3.27891,4.38357,0.192123,3.08679,,,0.095949,10.229
2025-10-16 11:00:00,3.33476,3.01516,0.239518,3.09525,,,0.096033,14.051
2025-10-16 12:00:00,3.42822,4.52272,0.473686,2.95454,,,0.091126,12.934
2025-10-16 13:00:00,1.2984,2.54588,0.128393,1.17,,,0.080855,6.18
2025-10-16 14:00:00,1.96411,2.84654,0.130659,1.83345,,,0.092589,8.43
2025-10-16 15:00:00,1.9774,2.987,0.202003,1.77539,,,0.083376,8.689
2025-10-16 16:00:00,2.46641,3.2711,0.189284,2.27713,,,0.089047,9.532
2025-10-16 17:00:00,3.86758,4.48675,0.388093,3.47948,,,0.108059,15.042
2025-10-16 18:00:00,4.49879,4.47196,0.389869,4.10893,,,0.113503,19.473
2025-10-16 19:00:00,3.76321,2.81677,0.329482,3.43372,,,0.109971,20.137
2025-10-16 20:00:00,3.62791,2.90233,0.726459,2.90145,,,0.118472,24.005
2025-10-16 21:00:00,7.7506,8.15852,0.504306,7.24629,,,0.132196,24.181
2025-10-16 22:00:00,6.64283,7.22047,0.298565,6.34427,,,0.102588,20.014
2025-10-16 23:00:00,3.86809,8.09225,0.286429,3.58166,,,0.086652,15.941
2025-10-17 00:00:00,3.09935,10.3312,0.126901,2.97245,,,0.060952,8.03
2025-10-17 01:00:00,1.18235,7.88236,0.059349,1.12301,,,0.044838,4.092
2025-10-17 02:00:00,0.486223,2.92906,0.031851,0.454372,,,0.036111,2.769
2025-10-17 03:00:00,1.15428,5.06264,0.023951,1.13033,,,0.037697,1.744
2025-10-17 04:00:00,1.15363,3.69753,0.028447,1.12518,,,0.041514,2.487
2025-10-17 05:00:00,0.517838,2.00713,0.020792,0.497046,,,0.035425,1.662
2025-10-17 06:00:00,0.921846,2.36371,0.039812,0.882034,,,0.05327,3.26
2025-10-17 07:00:00,1.70912,2.49872,0.159003,1.55012,,,0.068682,6.568
2025-10-17 08:00:00,1.87898,2.66901,0.157677,1.7213,,,0.085605,9.438
2025-10-17 09:00:00,1.70104,1.96425,0.192374,1.50866,,,0.075586,6.293
2025-10-17 10:00:00,2.46594,3.33235,0.141282,2.32466,,,0.080692,9.943
2025-10-17 11:00:00,1.9656,2.83228,0.35167,1.61393,,,0.086758,10.783
2025-10-17 12:00:00,2.83917,4.05596,0.268654,2.57052,,,0.080626,11.649
2025-10-17 13:00:00,2.34098,4.71971,0.156575,2.1844,,,0.079331,8.749
2025-10-17 14:00:00,2.42643,4.9519,0.18166,2.24477,,,0.084523,9.197
2025-10-17 15:00:00,2.23973,3.48867,0.168723,2.071,,,0.087045,10.12
2025-10-17 16:00:00,2.82502,2.54965,0.225089,2.59993,,,0.101271,13.535
2025-10-17 17:00:00,3.94026,4.09591,0.655101,3.28516,,,0.118662,16.524
2025-10-17 18:00:00,3.96005,4.46958,0.501635,3.45842,,,0.10925,16.089
2025-10-17 19:00:00,5.971,4.48273,1.1054,4.8656,,,0.117264,22.356
2025-10-17 20:00:00,4.88303,3.7332,0.749309,4.13372,,,0.138758,20.641
2025-10-17 21:00:00,6.67094,7.42866,0.646299,6.02464,,,0.129217,21.36
2025-10-17 22:00:00,7.80833,8.4689,0.509752,7.29857,,,0.114632,22.352
2025-10-17 23:00:00,2.94634,4.42394,0.199443,2.7469,,,0.084816,12.12
2025-10-18 00:00:00,3.38773,8.73126,0.189517,3.19821,,,0.068173,9.822
2025-10-18 01:00:00,1.40805,2.94571,0.082373,1.32568,,,0.075807,6.45
2025-10-18 02:00:00,1.40323,2.13257,0.046422,1.35681,,,0.061953,5.945
2025-10-18 03:00:00,1.52585,3.97357,0.054726,1.47112,,,0.057505,3.782
2025-10-18 04:00:00,0.311168,0.727027,0.017769,0.293399,,,0.036652,1.602
2025-10-18 05:00:00,0.355112,1.05063,0.018896,0.336216,,,0.036291,1.787
2025-10-18 06:00:00,0.378226,0.909195,0.032646,0.34558,,,0.046711,2.62
2025-10-18 07:00:00,2.30041,4.19783,0.109584,2.19083,,,0.070224,6.236
2025-10-18 08:00:00,2.72397,4.5858,0.464182,2.25978,,,0.078162,8.469
2025-10-18 09:00:00,2.45236,2.60889,0.257409,2.19495,,,0.094317,12.088
2025-10-18 10:00:00,5.19711,7.08054,0.294884,4.90223,,,0.098862,14.793
2025-10-18 11:00:00,3.31275,3.50185,0.458318,2.85443,,,0.090321,13.009
2025-10-18 12:00:00,3.32959,3.84479,0.539873,2.78971,,,0.092707,12.811
2025-10-18 13:00:00,2.2617,2.49636,0.263588,1.99811,,,0.102524,12.119
2025-10-18 14:00:00,2.0467,2.13643,0.215987,1.83071,,,0.100974,10.45
2025-10-18 15:00:00,2.27828,2.8127,0.315371,1.96291,,,0.140447,16.134
2025-10-18 16:00:00,3.94816,4.76831,0.394234,3.55393,,,0.105863,15.182
2025-10-18 17:00:00,4.99788,4.88074,0.489591,4.50829,,,0.125251,18.429
2025-10-18 18:00:00,4.18317,3.40096,0.447172,3.736,,,0.113529,18.336
2025-10-18 19:00:00,4.50219,4.027,0.370759,4.13143,,,0.13039,17.556
2025-10-18 20:00:00,3.55241,2.66297,0.328025,3.22438,,,0.15508,16.69
2025-10-18 21:00:00,4.4512,3.71552,0.80506,3.64614,,,0.126963,19.266
2025-10-18 22:00:00,5.11117,5.40293,0.899663,4.21151,,,0.110077,16.925
2025-10-18 23:00:00,3.32198,4.74568,0.277588,3.04439,,,0.077955,11.921
2025-10-19 00:00:00,2.14955,4.65271,0.181607,1.96794,,,0.060327,6.866
2025-10-19 01:00:00,1.59756,4.36493,0.113047,1.48452,,,0.050689,5.608
2025-10-19 02:00:00,1.28185,2.18746,0.115138,1.16672,,,0.055856,7.31
2025-10-19 03:00:00,1.59249,3.8281,0.105023,1.48747,,,0.042909,6.378
2025-10-19 04:00:00,0.896337,2.16507,0.118971,0.777366,,,0.049735,7.142
2025-10-19 05:00:00,0.761434,2.06911,0.112409,0.649025,,,0.04154,5.546
2025-10-19 06:00:00,0.586726,1.60308,0.08826,0.498466,,,0.058594,3.806
2025-10-19 07:00:00,2.08008,2.8339,0.128184,1.9519,,,0.093878,7.461
2025-10-19 08:00:00,2.8085,4.48643,0.159117,2.64939,,,0.077852,9.211
2025-10-19 09:00:00,3.06492,3.74684,0.190171,2.87475,,,0.090522,7.715
2025-10-19 10:00:00,3.50775,3.2005,0.324976,3.18277,,,0.094904,13.916
2025-10-19 11:00:00,3.33059,2.71663,0.347286,2.9833,,,0.102422,14.724
2025-10-19 12:00:00,2.408,2.64615,0.214361,2.19364,,,0.092021,13.675
2025-10-19 13:00:00,2.86047,3.0824,0.310407,2.55006,,,0.115762,15.219
2025-10-19 14:00:00,3.5781,3.49424,0.346272,3.23183,,,0.135998,14.8
2025-10-19 15:00:00,2.99898,3.01708,0.297077,2.7019,,,0.128264,16.096
2025-10-19 16:00:00,4.62063,4.65789,0.348259,4.27237,,,0.126401,14.458
2025-10-19 17:00:00,2.65507,2.81854,0.326772,2.32829,,,0.090457,12.368
2025-10-19 18:00:00,4.05178,3.68343,0.304348,3.74743,,,0.118098,17.671
2025-10-19 19:00:00,2.46497,3.49146,0.3406,2.12437,,,0.11162,17.5
2025-10-19 20:00:00,2.57386,3.53552,0.317496,2.25636,,,0.093304,12.779
2025-10-19 21:00:00,2.99496,3.59108,0.528581,2.46638,,,0.097029,15.352
2025-10-19 22:00:00,2.92175,4.04675,0.293164,2.62859,,,0.095927,15.805
2025-10-19 23:00:00,1.61801,3.32924,0.102372,1.51564,,,0.063409,6.898
2025-10-20 00:00:00,0.989595,1.88854,0.062643,0.926952,,,0.053423,3.223
2025-10-20 01:00:00,0.967352,2.31424,0.046225,0.921127,,,0.038555,2.817
2025-10-20 02:00:00,0.580005,0.966676,0.031914,0.548091,,,0.055078,3.513
2025-10-20 03:00:00,0.340021,1.04945,0.022036,0.317985,,,0.039379,1.814
2025-10-20 04:00:00,0.898902,3.25689,0.02586,0.873042,,,0.043743,2.63
2025-10-20 05:00:00,1.52481,5.52467,0.039106,1.4857,,,0.04281,4.365
2025-10-20 06:00:00,1.34262,4.01981,0.068821,1.2738,,,0.050421,4.567
2025-10-20 07:00:00,1.59913,2.16684,0.107577,1.49155,,,0.094453,7.567
2025-10-20 08:00:00,1.69835,2.82118,0.135368,1.56298,,,0.075576,5.239
2025-10-20 09:00:00,3.24956,5.19099,0.236084,3.01348,,,0.081011,8.24
2025-10-20 10:00:00,2.20719,3.26508,0.238738,1.96846,,,0.074392,6.679
2025-10-20 11:00:00,1.84268,2.09396,0.279556,1.56313,,,0.083007,7.669
2025-10-20 12:00:00,2.18391,3.75242,0.119594,2.06431,,,0.081486,7.68
2025-10-20 13:00:00,1.06379,1.85329,0.158717,0.905069,,,0.077089,6.106
2025-10-20 14:00:00,1.496,2.50167,0.162204,1.3338,,,0.090532,9.587
2025-10-20 15:00:00,1.29663,3.02951,0.117142,1.17949,,,0.09237,8.493
2025-10-20 16:00:00,1.92746,2.97447,0.184715,1.74274,,,0.085487,9.21
2025-10-20 17:00:00,3.32524,3.47828,0.323567,3.00167,,,0.100675,15.263
2025-10-20 18:00:00,3.21855,3.07701,0.339438,2.87911,,,0.110444,15.003
2025-10-20 19:00:00,3.83223,4.87562,0.458154,3.37408,,,0.113729,14.511
2025-10-20 20:00:00,3.42618,4.81205,0.371599,3.05458,,,0.118111,14.701
2025-10-20 21:00:00,3.3769,4.24234,0.261468,3.11544,,,0.083651,11.428
2025-10-20 22:00:00,5.50156,8.49007,0.32613,5.17543,,,0.081121,17.156
2025-10-20 23:00:00,3.16617,7.29533,0.134904,3.03127,,,0.065027,9.963
2025-10-21 00:00:00,0.61557,1.32096,0.041716,0.573854,,,0.044345,3.195
2025-10-21 01:00:00,0.386464,1.8059,0.016785,0.369679,,,0.034529,1.585
2025-10-21 02:00:00,0.82246,2.04592,0.02215,0.80031,,,0.039256,4.439
2025-10-21 03:00:00,0.406831,1.6017,0.027224,0.379607,,,0.040419,5.435
2025-10-21 04:00:00,0.179975,0.719897,0.015354,0.164621,,,0.038169,4.644
2025-10-21 05:00:00,0.380909,2.60897,0.053026,0.327883,,,0.03741,5.076
2025-10-21 06:00:00,0.628828,2.21419,0.034504,0.594324,,,0.047416,4.764
2025-10-21 07:00:00,1.10163,2.24824,0.124349,0.977286,,,0.079156,6.152
2025-10-21 08:00:00,1.24083,2.25605,0.1717,1.06913,,,0.073135,6.91
2025-10-21 09:00:00,4.0643,7.81595,0.336966,3.72733,,,0.086431,11.07
2025-10-21 10:00:00,2.81341,4.85071,0.211976,2.60144,,,0.086888,10.015
2025-10-21 11:00:00,3.54258,5.03208,0.278385,3.2642,,,0.085573,11.013
2025-10-21 12:00:00,4.33566,7.42407,1.12149,3.21417,,,0.092815,10.903
2025-10-21 13:00:00,2.78762,4.04002,0.221771,2.56584,,,0.091374,10.823
2025-10-21 14:00:00,2.65545,3.56915,0.18101,2.47444,,,0.095241,9.352
2025-10-21 15:00:00,4.30115,7.12111,0.572818,3.72833,,,0.09296,11.06
2025-10-21 16:00:00,2.45788,3.10338,0.16384,2.29404,,,0.088971,11.288
2025-10-21 17:00:00,4.64592,3.88455,0.792605,3.85331,,,0.11363,18.23
2025-10-21 18:00:00,3.57385,3.60995,0.484941,3.08891,,,0.101306,14.813
2025-10-21 19:00:00,3.39607,3.93976,0.293142,3.10293,,,0.091685,12.933
2025-10-21 20:00:00,3.12831,2.73933,0.527698,2.60061,,,0.120254,16.19
2025-10-21 21:00:00,4.80884,5.5787,0.933202,3.87564,,,0.125193,21.228
2025-10-21 22:00:00,4.42119,6.73961,0.668796,3.75239,,,0.110327,17.183
2025-10-21 23:00:00,2.6726,3.72228,0.262609,2.40999,,,0.102894,12.869
2025-10-22 00:00:00,3.27237,4.67481,0.31751,2.95486,,,0.084393,13.074
2025-10-22 01:00:00,0.937485,2.34371,0.057697,0.879788,,,0.063467,9.053
2025-10-22 02:00:00,0.614243,1.10079,0.274611,0.339632,,,0.055522,8.542
2025-10-22 03:00:00,0.178926,0.352217,0.020785,0.158141,,,0.04475,4.861
2025-10-22 04:00:00,0.420055,0.673164,0.033267,0.386788,,,0.043317,6.572
2025-10-22 05:00:00,0.813411,1.92752,0.031678,0.781733,,,0.041157,6.401
2025-10-22 06:00:00,0.624963,0.692863,0.030211,0.594752,,,0.045824,2.942
2025-10-22 07:00:00,2.81664,2.86827,0.225879,2.59076,,,0.076725,7.272
2025-10-22 08:00:00,3.36429,4.54634,0.661716,2.70258,,,0.090191,8.472
2025-10-22 09:00:00,3.48126,4.06689,0.516545,2.96472,,,0.110841,11.751
2025-10-22 10:00:00,1.8074,2.42279,0.137007,1.6704,,,0.083582,7.978
2025-10-22 11:00:00,1.76148,1.99263,0.239369,1.52211,,,0.085949,7.854
2025-10-22 12:00:00,2.37839,3.52877,0.176063,2.20233,,,0.094413,9.454
2025-10-22 13:00:00,1.89094,3.30585,0.148128,1.74282,,,0.087704,7.861
2025-10-22 14:00:00,1.80121,2.69642,0.180149,1.62106,,,0.099384,10.56
2025-10-22 15:00:00,4.79524,7.05183,0.334454,4.46079,,,0.096263,13.535
2025-10-22 16:00:00,3.70615,4.75148,0.377785,3.32836,,,0.095479,11.348
2025-10-22 17:00:00,3.11283,3.91059,0.260475,2.85235,,,0.089984,13.441
2025-10-22 18:00:00,2.96745,3.37979,0.378891,2.58856,,,0.101551,13.689
2025-10-22 19:00:00,3.88611,5.44272,0.453838,3.43227,,,0.102555,14.598
2025-10-22 20:00:00,4.86869,6.37263,0.559886,4.30881,,,0.107049,18.532
2025-10-22 21:00:00,4.60288,8.36887,1.1822,3.42069,,,0.109578,19.87
2025-10-22 22:00:00,5.82796,9.8779,1.99959,3.82837,,,0.137405,18.914
2025-10-22 23:00:00,3.45852,7.71992,0.561647,2.89688,,,0.12636,10.246
2025-10-23 00:00:00,0.851923,3.70401,0.218024,0.633899,,,0.102217,2.546
2025-10-23 01:00:00,0.61043,3.28188,0.064173,0.546257,,,0.088754,2.799
2025-10-23 02:00:00,0.301291,0.991087,0.020142,0.281149,,,0.057732,2.112
2025-10-23 03:00:00,0.183208,0.789699,0.014555,0.168653,,,0.030909,1.512
2025-10-23 04:00:00,0.232701,0.813645,0.014442,0.218259,,,0.033066,2.204
2025-10-23 05:00:00,0.431181,1.30661,0.017569,0.413612,,,0.034308,2.159
2025-10-23 06:00:00,0.910869,2.37205,0.053159,0.85771,,,0.044101,3.401
2025-10-23 07:00:00,2.09446,3.59873,0.144486,1.94997,,,0.08334,8.109
2025-10-23 08:00:00,2.35517,3.34541,0.192449,2.16272,,,0.086765,8.846
2025-10-23 09:00:00,2.00198,3.2083,0.166263,1.83572,,,0.074622,7.009
2025-10-23 10:00:00,1.4758,1.53729,0.109148,1.36665,,,0.082779,7.158
2025-10-23 11:00:00,2.85136,2.7576,0.170673,2.68068,,,0.095119,10.737
2025-10-23 12:00:00,2.10132,2.27909,0.155736,1.94558,,,0.084987,8.996
2025-10-23 13:00:00,1.68646,2.89769,0.160349,1.52611,,,0.070657,6.92
2025-10-23 14:00:00,3.8712,7.44463,0.483647,3.38756,,,0.091273,13.331
2025-10-23 15:00:00,2.95517,4.49114,0.409013,2.54616,,,0.090923,13.731
2025-10-23 16:00:00,1.77126,2.26504,0.253831,1.51743,,,0.093882,9.872
2025-10-23 17:00:00,3.21294,3.78885,0.407969,2.80497,,,0.104161,15.221
2025-10-23 18:00:00,5.41632,6.72,0.668533,4.74779,,,0.115992,19.76
2025-10-23 19:00:00,3.42435,3.97256,0.427207,2.99714,,,0.097191,14.582
2025-10-23 20:00:00,3.15049,4.20066,0.256602,2.89389,,,0.103714,14.237
2025-10-23 21:00:00,6.4977,6.98677,0.482236,6.01546,,,0.107934,15.225
2025-10-23 22:00:00,5.79199,10.4549,0.287274,5.50471,,,0.083982,18.524
2025-10-23 23:00:00,4.44362,11.3358,0.5903,3.85332,,,0.086126,11.319
2025-10-24 00:00:00,2.14149,4.91168,0.147013,1.99448,,,0.05821,6.073
2025-10-24 01:00:00,0.918598,3.95947,0.044458,0.87414,,,0.03678,2.913
2025-10-24 02:00:00,0.257072,0.636314,0.021044,0.236028,,,0.044245,1.806
2025-10-24 03:00:00,0.458033,1.02239,0.026892,0.431141,,,0.041492,1.779
2025-10-24 04:00:00,0.196001,0.415256,0.011574,0.184427,,,0.040355,1.086
2025-10-24 05:00:00,0.627788,1.38891,0.03482,0.592968,,,0.0348,1.893
2025-10-24 06:00:00,0.78596,1.63742,0.047593,0.738367,,,0.045555,2.873
2025-10-24 07:00:00,1.07822,1.69001,0.079329,0.998896,,,0.071751,5.489
2025-10-24 08:00:00,1.70841,3.16373,0.110496,1.59792,,,0.084472,6.793
2025-10-24 09:00:00,2.43391,4.22554,0.286067,2.14784,,,0.085137,9.298
2025-10-24 10:00:00,2.35562,3.6922,0.317589,2.03803,,,0.094203,11.86
2025-10-24 11:00:00,3.16483,3.62939,0.324444,2.84039,,,0.104555,13.116
2025-10-24 12:00:00,4.3234,5.47265,0.893922,3.42948,,,0.095775,14.807
2025-10-24 13:00:00,2.10251,2.88015,0.32318,1.77933,,,0.08967,10.676
2025-10-24 14:00:00,1.42521,1.55931,0.118916,1.30629,,,0.082824,6.843
2025-10-24 15:00:00,2.32854,3.4963,0.164132,2.1644,,,0.09362,8.64
2025-10-24 16:00:00,2.78317,3.98735,0.185545,2.59763,,,0.0917,11.346
2025-10-24 17:00:00,3.79228,3.53758,0.401789,3.39049,,,0.104439,19.399
2025-10-24 18:00:00,4.21004,4.11941,0.414417,3.79562,,,0.106339,17.843
2025-10-24 19:00:00,5.9744,6.01046,1.09227,4.88213,,,0.10757,23.748
2025-10-24 20:00:00,5.69172,5.64655,0.649872,5.04185,,,0.110397,21.309
2025-10-24 21:00:00,3.43034,6.57154,0.751776,2.67857,,,0.10961,21.894
2025-10-24 22:00:00,3.28481,7.67479,0.483201,2.80161,,,0.124023,18.107
2025-10-24 23:00:00,3.53532,8.22169,0.189766,3.34556,,,0.097746,12.193
2025-10-25 00:00:00,1.40227,3.42017,0.154448,1.24782,,,0.057348,6.571
2025-10-25 01:00:00,1.30566,3.50983,0.089993,1.21566,,,0.041752,3.801
2025-10-25 02:00:00,0.34009,1.2596,0.022324,0.317766,,,0.036853,2.649
2025-10-25 03:00:00,0.675515,3.01569,0.102705,0.57281,,,0.038204,2.943
2025-10-25 04:00:00,0.565242,1.33943,0.023662,0.54158,,,0.038654,1.9
2025-10-25 05:00:00,0.97652,2.68275,0.034783,0.941737,,,0.032459,1.738
2025-10-25 06:00:00,1.36055,1.79493,0.063427,1.29713,,,0.050063,3.969
2025-10-25 07:00:00,2.84444,2.99415,0.19171,2.65273,,,0.079521,9.616
2025-10-25 08:00:00,2.32334,5.40311,0.146021,2.17732,,,0.078221,7.907
2025-10-25 09:00:00,2.63482,3.55097,0.412038,2.22278,,,0.086836,10.513
2025-10-25 10:00:00,4.4851,6.55716,0.459685,4.02541,,,0.110989,16.099
2025-10-25 11:00:00,4.95387,5.95417,0.390497,4.56337,,,0.120076,18.908
2025-10-25 12:00:00,11.1276,14.7581,0.366744,10.7608,,,0.100943,14.034
2025-10-25 13:00:00,4.47923,5.13673,0.255405,4.22382,,,0.087796,11.845
2025-10-25 14:00:00,2.2929,2.83775,0.252928,2.03997,,,0.101456,13.584
2025-10-25 15:00:00,3.26599,4.62605,0.200237,3.06575,,,0.106771,17.021
2025-10-25 16:00:00,3.20337,3.45936,0.241985,2.96138,,,0.089551,14.475
2025-10-25 17:00:00,4.80628,4.63927,0.579034,4.22725,,,0.106721,20.328
2025-10-25 18:00:00,3.75577,3.80138,0.675525,3.08024,,,0.108293,15.631
2025-10-25 19:00:00,3.26996,2.86838,0.875971,2.39399,,,0.091917,13.789
2025-10-25 20:00:00,2.71261,2.23444,0.40991,2.3027,,,0.091964,13.745
2025-10-25 21:00:00,2.91297,2.54186,0.525878,2.38709,,,0.102473,11.279
2025-10-25 22:00:00,6.68723,7.68647,0.714394,5.97284,,,0.148005,17.248
2025-10-25 23:00:00,3.47688,4.469,0.211017,3.26586,,,0.098762,10.628
2025-10-26 00:00:00,2.38009,4.23504,0.130689,2.2494,,,0.068104,7.617
2025-10-26 01:00:00,0.885885,2.0602,0.047387,0.838498,,,0.044932,3.483
2025-10-26 02:00:00,0.269011,0.727057,0.02734,0.241671,,,0.045575,3.687
2025-10-26 03:00:00,0.439747,1.37421,0.030627,0.40912,,,0.038128,2.367
2025-10-26 04:00:00,0.298789,1.28788,0.020044,0.278745,,,0.036878,2.5
2025-10-26 05:00:00,0.1965,0.750001,0.013927,0.182573,,,0.032149,1.738
2025-10-26 06:00:00,0.434034,1.64407,0.021521,0.412513,,,0.043942,2.203
2025-10-26 07:00:00,0.923987,2.43154,0.063085,0.860902,,,0.06441,4.117
2025-10-26 08:00:00,1.67345,3.70233,0.350225,1.32323,,,0.070735,4.63
2025-10-26 09:00:00,1.5845,2.74135,0.127779,1.45672,,,0.073277,6.243
2025-10-26 10:00:00,2.57184,3.01859,0.23105,2.34079,,,0.105205,9.677
2025-10-26 11:00:00,3.41588,4.08597,0.187097,3.22878,,,0.099009,14.604
2025-10-26 12:00:00,3.55086,4.93175,0.285453,3.2654,,,0.088809,15.374
2025-10-26 13:00:00,2.33484,3.36432,0.25005,2.08479,,,0.082236,10.335
2025-10-26 14:00:00,2.62917,3.90085,0.294382,2.33479,,,0.097686,12.132
2025-10-26 15:00:00,2.78907,4.41309,0.238376,2.5507,,,0.088105,10.653
2025-10-26 16:00:00,2.34075,3.32492,0.211038,2.12971,,,0.093093,11.905
2025-10-26 17:00:00,4.66913,5.88051,0.602211,4.06692,,,0.094563,15.95
2025-10-26 18:00:00,3.87428,5.66416,0.392844,3.48144,,,0.125887,16.201
2025-10-26 19:00:00,5.83832,6.50148,0.562069,5.27625,,,0.107357,15.711
2025-10-26 20:00:00,5.07443,4.90757,0.579085,4.49534,,,0.11593,18.904
2025-10-26 21:00:00,3.84001,3.67114,0.371914,3.46809,,,0.106026,21.655
2025-10-26 22:00:00,4.21672,5.53376,0.336634,3.88009,,,0.138779,17.708
2025-10-26 23:00:00,3.44616,6.1102,0.309202,3.13695,,,0.097392,14.609
2025-10-27 00:00:00,2.22214,5.26574,0.125877,2.09627,,,0.048432,7.264
2025-10-27 01:00:00,1.5977,3.02595,0.056759,1.54094,,,0.040216,4.102
2025-10-27 02:00:00,0.853519,0.954719,0.048521,0.804998,,,0.040983,3.3
2025-10-27 03:00:00,1.43436,3.67784,0.052343,1.38202,,,0.03852,3.493
2025-10-27 04:00:00,0.572237,1.09205,0.047363,0.524874,,,0.040587,2.932
2025-10-27 05:00:00,0.202082,0.639501,0.01904,0.183042,,,0.042383,1.47
2025-10-27 06:00:00,0.470844,1.33762,0.030056,0.440788,,,0.053387,2.556
2025-10-27 07:00:00,1.0406,1.72858,0.088453,0.952151,,,0.081722,5.886
2025-10-27 08:00:00,4.76668,5.5947,0.342447,4.42423,,,0.093076,12.442
2025-10-27 09:00:00,3.92965,6.61558,0.213035,3.71662,,,0.093213,11.331
2025-10-27 10:00:00,4.95914,6.84964,0.326625,4.63252,,,0.100818,12.717
2025-10-27 11:00:00,3.01135,3.32379,0.167188,2.84417,,,0.089857,8.866
2025-10-27 12:00:00,3.51254,6.11941,0.157262,3.35528,,,0.084016,10.188
2025-10-27 13:00:00,2.42026,3.06362,0.196713,2.22355,,,0.081769,9.676
2025-10-27 14:00:00,1.73938,2.64343,0.127138,1.61224,,,0.081239,7.259
2025-10-27 15:00:00,1.4366,2.8732,0.192307,1.24429,,,0.092829,9.838
2025-10-27 16:00:00,2.13675,3.6714,0.263974,1.87278,,,0.096474,11.481
2025-10-27 17:00:00,2.83514,3.76014,0.271055,2.56409,,,0.090888,11.92
2025-10-27 18:00:00,3.65735,5.39433,0.36751,3.28984,,,0.105742,15.114
2025-10-27 19:00:00,2.97035,5.94071,0.309939,2.66041,,,0.101156,16.407
2025-10-27 20:00:00,4.47662,5.79873,0.362205,4.11441,,,0.088507,16.635
2025-10-27 21:00:00,2.52091,3.68554,0.312798,2.20811,,,0.090756,19.285
2025-10-27 22:00:00,4.17514,7.17378,0.49439,3.68075,,,0.120635,21.522
2025-10-27 23:00:00,2.07295,4.35494,0.204007,1.86895,,,0.084708,11.656
2025-10-28 00:00:00,4.75762,16.9915,0.405937,4.35168,,,0.068553,9.958
2025-10-28 01:00:00,7.30122,19.0136,0.456845,6.84438,,,0.106249,10.364
2025-10-28 02:00:00,0.380262,0.722932,0.013738,0.366524,,,0.039351,1.274
2025-10-28 03:00:00,0.056099,0.15937,0.009563,0.046536,,,0.037582,1.126
2025-10-28 04:00:00,0.151256,0.413268,0.005833,0.145423,,,0.03952,0.725
2025-10-28 05:00:00,0.062089,0.33381,0.008619,0.05347,,,0.030208,0.607
2025-10-28 06:00:00,0.836022,2.00967,0.041816,0.794206,,,0.047989,3.096
2025-10-28 07:00:00,1.20955,2.10723,0.112158,1.09739,,,0.067575,5.944
2025-10-28 08:00:00,2.97375,4.84323,0.308603,2.66514,,,0.08571,8.614
2025-10-28 09:00:00,1.21725,1.94449,0.170074,1.04717,,,0.089641,6.883
2025-10-28 10:00:00,1.54188,2.41674,0.163444,1.37843,,,0.089473,7.84
2025-10-28 11:00:00,3.80361,5.07147,0.318947,3.48466,,,0.093452,10.128
2025-10-28 12:00:00,1.32354,2.33017,0.13462,1.18892,,,0.075381,7.121
2025-10-28 13:00:00,3.64878,5.42973,0.310901,3.33788,,,0.086176,12.358
2025-10-28 14:00:00,2.4474,4.1202,0.115373,2.33202,,,0.087102,9.804
2025-10-28 15:00:00,3.35664,5.70858,0.464318,2.89233,,,0.104938,16.187
2025-10-28 16:00:00,2.56782,3.26695,0.35592,2.2119,,,0.097417,11.606
2025-10-28 17:00:00,3.50812,3.57971,0.218397,3.28972,,,0.099115,14.163
2025-10-28 18:00:00,3.10073,3.06397,0.361535,2.7392,,,0.099736,14.156
2025-10-28 19:00:00,4.38454,5.65018,0.774418,3.61012,,,0.098917,17.482
2025-10-28 20:00:00,2.7508,2.7508,0.397355,2.35345,,,0.091304,14.51
2025-10-28 21:00:00,3.63613,3.95231,0.3471,3.28903,,,0.105698,17.756
2025-10-28 22:00:00,2.22205,3.66674,0.239195,1.98285,,,0.082715,15.611
2025-10-28 23:00:00,1.86364,3.57019,0.300676,1.56296,,,0.06396,7.057
2025-10-29 00:00:00,1.76242,6.99375,0.100711,1.66171,,,0.045937,4.604
2025-10-29 01:00:00,0.53195,1.27261,0.043698,0.488252,,,0.042684,2.853
2025-10-29 02:00:00,0.813879,2.39376,0.049698,0.764181,,,0.042749,2.413
2025-10-29 03:00:00,0.444279,1.3067,0.079506,0.364773,,,0.041343,2.354
2025-10-29 04:00:00,0.396313,0.917395,0.020796,0.375517,,,0.047552,2.408
2025-10-29 05:00:00,0.249422,1.50254,0.014626,0.234796,,,0.032725,1.094
2025-10-29 06:00:00,0.484795,1.09188,0.028507,0.456288,,,0.047863,1.797
2025-10-29 07:00:00,2.80743,4.45624,0.325807,2.48163,,,0.094588,8.888
2025-10-29 08:00:00,3.13706,5.6422,0.289252,2.84781,,,0.0895,9.674
2025-10-29 09:00:00,1.3475,2.75,0.11683,1.23067,,,0.074337,6.132
2025-10-29 10:00:00,1.70444,2.67153,0.254311,1.45013,,,0.081167,7.52
2025-10-29 11:00:00,1.46377,2.53247,0.10596,1.35781,,,0.077436,6.587
2025-10-29 12:00:00,2.01768,3.4198,0.141492,1.87619,,,0.081512,8.663
2025-10-29 13:00:00,2.63664,4.03156,0.134169,2.50247,,,0.090493,8.404
2025-10-29 14:00:00,1.59257,2.84387,0.20351,1.38906,,,0.082509,7.014
2025-10-29 15:00:00,1.6622,3.10113,0.266826,1.39538,,,0.082093,7.386
2025-10-29 16:00:00,2.72953,3.19617,0.442117,2.28741,,,0.096173,10.085
2025-10-29 17:00:00,3.22297,3.81869,0.528765,2.69421,,,0.09871,14.44
2025-10-29 18:00:00,3.51621,4.14648,0.42888,3.08733,,,0.097508,15.343
2025-10-29 19:00:00,4.81211,5.33494,0.43715,4.37496,,,0.094367,14.951
2025-10-29 20:00:00,4.44785,4.68195,0.644899,3.80295,,,0.115714,17.87
2025-10-29 21:00:00,5.96433,7.84781,0.44359,5.52074,,,0.088974,17.339
2025-10-29 22:00:00,3.90368,7.1496,0.904662,2.99902,,,0.074409,12.397
2025-10-29 23:00:00,2.5046,5.19627,0.243802,2.2608,,,0.073364,7.014
2025-10-30 00:00:00,2.07595,4.02316,0.087818,1.98813,,,0.056451,5.471
2025-10-30 01:00:00,0.773147,2.38625,0.041088,0.732059,,,0.05247,3.329
2025-10-30 02:00:00,0.92573,1.8223,0.036844,0.888886,,,0.044396,3.134
2025-10-30 03:00:00,0.259264,0.790437,0.02362,0.235644,,,0.034517,2.203
2025-10-30 04:00:00,0.199549,0.615887,0.024178,0.175371,,,0.036434,2.231
2025-10-30 05:00:00,0.343714,1.16909,0.076151,0.267563,,,0.034184,1.196
2025-10-30 06:00:00,1.41728,3.74942,0.060932,1.35635,,,0.047254,3.621
2025-10-30 07:00:00,1.41131,2.96493,0.137712,1.27359,,,0.067578,6.334
2025-10-30 08:00:00,3.13432,4.23557,0.162935,2.97138,,,0.083125,9.43
2025-10-30 09:00:00,2.5014,3.48384,0.371483,2.12991,,,0.082864,10.08
2025-10-30 10:00:00,3.21969,4.77699,0.194516,3.02517,,,0.079028,8.508
2025-10-30 11:00:00,3.90285,4.75957,0.171186,3.73166,,,0.085358,9.995
2025-10-30 12:00:00,3.54176,5.16292,0.211349,3.33041,,,0.086234,12.275
2025-10-30 13:00:00,3.07823,5.36278,0.212528,2.8657,,,0.083907,10.192
2025-10-30 14:00:00,2.07853,2.74213,0.136989,1.94154,,,0.080054,7.68
2025-10-30 15:00:00,2.19059,3.4882,0.330512,1.86007,,,0.086721,8.484
2025-10-30 16:00:00,1.77964,2.87968,0.307005,1.47264,,,0.089228,10.149
2025-10-30 17:00:00,2.6227,3.05676,0.385388,2.23732,,,0.098825,12.396
2025-10-30 18:00:00,3.07383,3.31232,0.483651,2.59018,,,0.102062,12.778
2025-10-30 19:00:00,3.35239,5.11035,0.389749,2.96264,,,0.101354,16.183
2025-10-30 20:00:00,3.91637,4.54335,0.639406,3.27696,,,0.099593,15.918
2025-10-30 21:00:00,4.11778,6.22022,0.63623,3.48155,,,0.136685,18.114
2025-10-30 22:00:00,3.09893,5.41771,0.286888,2.81204,,,0.126967,16.551
2025-10-30 23:00:00,2.19461,6.9892,0.145885,2.04873,,,0.08209,10.217
2025-10-31 00:00:00,2.89103,9.57295,0.121017,2.77002,,,0.04944,6.566
2025-10-31 01:00:00,1.20547,6.27848,0.066262,1.13921,,,0.044279,5.559
2025-10-31 02:00:00,0.767778,1.76908,0.024161,0.743617,,,0.034479,1.736
2025-10-31 03:00:00,1.01278,3.61709,0.050258,0.962525,,,0.033325,2.48
2025-10-31 04:00:00,0.117572,0.50678,0.012775,0.104797,,,0.037615,0.98
2025-10-31 05:00:00,0.294959,1.65708,0.022033,0.272926,,,0.032255,1.147
2025-10-31 06:00:00,1.11073,3.08536,0.055325,1.0554,,,0.06772,4.427
2025-10-31 07:00:00,1.65774,3.0813,0.153214,1.50453,,,0.095553,8.948
2025-10-31 08:00:00,1.96302,3.62181,0.149251,1.81377,,,0.087177,8.255
2025-10-31 09:00:00,2.30707,3.59356,0.263809,2.04326,,,0.084903,8.686
2025-10-31 10:00:00,2.21318,3.76391,0.213614,1.99956,,,0.080981,9.332
2025-10-31 11:00:00,1.81485,2.45914,0.183098,1.63175,,,0.08626,7.484
2025-10-31 12:00:00,1.49565,3.07748,0.134383,1.36127,,,0.07702,8.745
2025-10-31 13:00:00,1.60797,3.32226,0.10298,1.505,,,0.067656,6.526
2025-10-31 14:00:00,2.5399,4.13664,0.255919,2.28398,,,0.084727,9.847
2025-10-31 15:00:00,3.45921,4.1778,0.371575,3.08764,,,0.095518,12.711
2025-10-31 16:00:00,3.42397,4.41233,0.492877,2.93109,,,0.096223,14.781
2025-10-31 17:00:00,5.56149,5.60635,0.661352,4.90014,,,0.109442,19.134
2025-10-31 18:00:00,4.01819,4.39627,0.501687,3.5165,,,0.099026,17.026
2025-10-31 19:00:00,3.10166,3.62344,0.314433,2.78723,,,0.098672,13.431
2025-10-31 20:00:00,5.93997,6.87497,1.23767,4.7023,,,0.106617,20.531
2025-10-31 21:00:00,3.83129,4.03294,0.906299,2.925,,,0.107143,22.382
2025-10-31 22:00:00,3.80873,5.65094,0.55664,3.2521,,,0.092693,25.609
2025-10-31 23:00:00,5.07742,8.90776,0.248022,4.8294,,,0.081141,17.786
2025-11-01 00:00:00,1.92177,4.00369,0.119681,1.80209,,,0.068595,8.609
2025-11-01 01:00:00,2.08845,4.85686,0.060918,2.02753,,,0.045384,5.093
2025-11-01 02:00:00,1.83453,2.00276,0.07737,1.75716,,,0.068473,6.823
2025-11-01 03:00:00,1.79829,4.611,0.044836,1.75345,,,0.045694,6.525
2025-11-01 04:00:00,4.04858,8.46983,0.087854,3.96073,,,0.058647,9.381
2025-11-01 05:00:00,0.371893,1.16216,0.030544,0.341349,,,0.041398,3.747
2025-11-01 06:00:00,1.36925,3.56577,0.055689,1.31356,,,0.050521,3.213
2025-11-01 07:00:00,0.714443,1.79508,0.051982,0.662461,,,0.058077,2.936
2025-11-01 08:00:00,2.16411,4.70459,0.098026,2.06608,,,0.074625,6.675
2025-11-01 09:00:00,4.38655,9.13865,0.608974,3.77758,,,0.083953,9.471
2025-11-01 10:00:00,3.0979,4.98055,0.19262,2.90528,,,0.087249,8.817
2025-11-01 11:00:00,4.02322,4.1996,0.219416,3.8038,,,0.094359,14.218
2025-11-01 12:00:00,2.63502,3.46712,0.384524,2.25049,,,0.088442,9.528
2025-11-01 13:00:00,4.71584,7.53329,0.176061,4.53978,,,0.083691,10.589
2025-11-01 14:00:00,2.26779,3.63428,0.259435,2.00836,,,0.101409,12.216
2025-11-01 15:00:00,2.68345,3.68606,0.240213,2.44324,,,0.097872,11.345
2025-11-01 16:00:00,2.39046,3.73509,0.270711,2.11974,,,0.09392,15.243
2025-11-01 17:00:00,3.58764,4.41827,0.280898,3.30674,,,0.099863,14.849
2025-11-01 18:00:00,3.57959,5.02752,0.443002,3.13659,,,0.140587,19.405
2025-11-01 19:00:00,3.17056,4.54234,0.301354,2.8692,,,0.092265,15.027
2025-11-01 20:00:00,2.07808,2.35077,0.336097,1.74198,,,0.083955,9.38
2025-11-01 21:00:00,3.32026,4.88273,0.309739,3.01052,,,0.097386,12.435
2025-11-01 22:00:00,4.46754,7.2999,0.363069,4.10447,,,0.095739,17.111
2025-11-01 23:00:00,3.90595,6.36148,0.20013,3.70582,,,0.072313,10.43
2025-11-02 00:00:00,2.66829,4.85144,0.085166,2.58312,,,0.058539,5.843
2025-11-02 01:00:00,0.916997,2.08409,0.080285,0.836712,,,0.043363,2.781
2025-11-02 02:00:00,1.22358,2.52805,0.113935,1.10964,,,0.044055,3.405
2025-11-02 03:00:00,0.879053,1.5422,0.060278,0.818775,,,0.041032,1.512
2025-11-02 04:00:00,1.02404,1.94684,0.038778,0.98526,,,0.046242,2.681
2025-11-02 05:00:00,0.185404,0.639325,0.010169,0.175235,,,0.033341,1.075
2025-11-02 06:00:00,1.01857,1.61678,0.083372,0.935197,,,0.045007,2.728
2025-11-02 07:00:00,1.21292,2.23786,0.086348,1.12657,,,0.059916,3.884
2025-11-02 08:00:00,1.3124,2.31873,0.1154,1.197,,,0.067576,5.203
2025-11-02 09:00:00,2.14009,1.94908,0.145411,1.99468,,,0.088251,8.551
2025-11-02 10:00:00,3.08281,2.80766,0.21797,2.86484,,,0.090167,9.563
2025-11-02 11:00:00,3.28898,3.84226,0.439262,2.84971,,,0.094097,9.874
2025-11-02 12:00:00,2.22652,3.101,0.316453,1.91006,,,0.086073,8.9
2025-11-02 13:00:00,2.24601,3.27406,0.21377,2.03224,,,0.08109,6.642
2025-11-02 14:00:00,4.2078,6.37546,0.5576,3.6502,,,0.112605,12.234
2025-11-02 15:00:00,4.01599,4.86198,0.445405,3.57059,,,0.103225,12.668
2025-11-02 16:00:00,4.54908,5.92328,0.767629,3.78145,,,0.125051,19.423
2025-11-02 17:00:00,3.86966,3.9246,0.529548,3.34011,,,0.093501,15.601
2025-11-02 18:00:00,3.23995,2.81735,0.505742,2.73421,,,0.09466,12.737
2025-11-02 19:00:00,5.44238,5.13432,0.818275,4.6241,,,0.106909,19.617
2025-11-02 20:00:00,3.14289,4.27022,0.78707,2.35582,,,0.103379,16.462
2025-11-02 21:00:00,3.88387,5.76241,0.297127,3.58674,,,0.102536,15.641
2025-11-02 22:00:00,4.88358,7.46724,0.764838,4.11874,,,0.087581,17.851
2025-11-02 23:00:00,2.39973,7.74107,0.153843,2.24589,,,0.075089,10.816
2025-11-03 00:00:00,3.00554,14.4497,0.160992,2.84455,,,0.046899,5.078
2025-11-03 01:00:00,0.736559,1.96941,0.073918,0.662641,,,0.046411,4.467
2025-11-03 02:00:00,1.14671,2.65443,0.050435,1.09628,,,0.039018,4.195
2025-11-03 03:00:00,0.134917,0.313762,0.018733,0.116184,,,0.041637,1.864
2025-11-03 04:00:00,0.917533,2.68284,0.046986,0.870547,,,0.040011,4.477
2025-11-03 05:00:00,0.774045,1.57326,0.03399,0.740055,,,0.038276,4.219
2025-11-03 06:00:00,0.657135,1.84589,0.061181,0.595954,,,0.046917,2.473
2025-11-03 07:00:00,1.67611,3.06979,0.10241,1.5737,,,0.074001,6.384
2025-11-03 08:00:00,1.48626,3.05814,0.15217,1.33409,,,0.076553,6.283
2025-11-03 09:00:00,1.6516,2.92836,0.185708,1.46589,,,0.077502,7.197
2025-11-03 10:00:00,2.07358,2.59847,0.193544,1.88003,,,0.080436,8.707
2025-11-03 11:00:00,2.09374,2.06077,0.148482,1.94526,,,0.077766,8.77
2025-11-03 12:00:00,1.68589,2.40841,0.186485,1.49941,,,0.075015,7.104
2025-11-03 13:00:00,2.28449,2.6319,0.211847,2.07265,,,0.081354,8.797
2025-11-03 14:00:00,2.14234,3.5825,0.172834,1.9695,,,0.074756,6.659
2025-11-03 15:00:00,4.83184,8.30213,0.152607,4.67924,,,0.081883,7.915
2025-11-03 16:00:00,2.34673,3.4309,0.251533,2.0952,,,0.089763,8.72
2025-11-03 17:00:00,2.99159,4.03179,0.324148,2.66744,,,0.093978,11.898
2025-11-03 18:00:00,4.42427,5.22964,0.533179,3.89109,,,0.102834,15.445
2025-11-03 19:00:00,3.53844,4.40105,0.324216,3.21423,,,0.093702,16.004
2025-11-03 20:00:00,4.4676,5.207,0.416778,4.05083,,,0.10913,17.647
2025-11-03 21:00:00,3.40469,5.09685,0.33751,3.06718,,,0.101005,16.303
2025-11-03 22:00:00,2.61032,5.05876,0.294045,2.31627,,,0.085808,12.919
2025-11-03 23:00:00,1.84973,4.44647,0.126469,1.72326,,,0.083136,8.628
2025-11-04 00:00:00,0.804164,3.40747,0.117662,0.686502,,,0.049144,4.793
2025-11-04 01:00:00,0.486158,1.2215,0.020856,0.465302,,,0.043053,2.502
2025-11-04 02:00:00,3.94515,9.04852,0.062055,3.8831,,,0.042704,3.084
2025-11-04 03:00:00,1.02769,3.44863,0.025703,1.00199,,,0.042747,2.632
2025-11-04 04:00:00,0.910036,3.09536,0.032896,0.87714,,,0.033296,2.399
2025-11-04 05:00:00,0.933744,5.69356,0.023609,0.910135,,,0.034098,2.241
2025-11-04 06:00:00,0.693851,2.68935,0.033692,0.660159,,,0.042494,2.141
2025-11-04 07:00:00,1.40546,3.23839,0.074708,1.33075,,,0.066517,4.214
2025-11-04 08:00:00,2.72977,4.26526,0.212908,2.51686,,,0.078017,8.692
2025-11-04 09:00:00,1.61993,2.28159,0.142997,1.47694,,,0.07906,7.029
2025-11-04 10:00:00,2.64047,4.17796,0.378552,2.26192,,,0.123581,13.468
2025-11-04 11:00:00,1.72913,2.11904,0.29363,1.4355,,,0.088317,9.101
2025-11-04 12:00:00,2.32295,4.60902,0.226292,2.09666,,,0.077219,8.852
2025-11-04 13:00:00,1.95278,2.556,0.249502,1.70328,,,0.083422,10.809
2025-11-04 14:00:00,3.73245,4.73661,0.345524,3.38693,,,0.093633,10.599
2025-11-04 15:00:00,2.96118,3.78668,0.281017,2.68016,,,0.089993,11.841
2025-11-04 16:00:00,2.06329,2.78071,0.212571,1.85072,,,0.08135,8.663
2025-11-04 17:00:00,2.40543,2.73344,0.321924,2.0835,,,0.093024,12.869
2025-11-04 18:00:00,6.66499,7.24456,0.976771,5.68822,,,0.109816,17.619
2025-11-04 19:00:00,4.13969,4.75826,0.43892,3.70077,,,0.098416,15.024
2025-11-04 20:00:00,4.3047,5.16152,0.642526,3.66218,,,0.09084,12.06
2025-11-04 21:00:00,4.84565,7.16812,1.13895,3.7067,,,0.103732,16.077
2025-11-04 22:00:00,5.66107,7.77619,0.799413,4.86165,,,0.114878,19.987
2025-11-04 23:00:00,4.21626,10.8109,0.336295,3.87996,,,0.088805,17.071
2025-11-05 00:00:00,2.65743,6.88454,0.11436,2.54307,,,0.05689,8.794
2025-11-05 01:00:00,1.91107,6.00965,0.155577,1.75549,,,0.050622,8.002
2025-11-05 02:00:00,1.85473,4.56829,0.074214,1.78051,,,0.053681,8.051
2025-11-05 03:00:00,0.554425,1.92509,0.034154,0.520271,,,0.036066,3.799
2025-11-05 04:00:00,0.375768,0.722631,0.015512,0.360256,,,0.03296,1.673
2025-11-05 05:00:00,0.191974,0.513295,0.009608,0.182366,,,0.030263,0.915
2025-11-05 06:00:00,0.40516,1.25049,0.063515,0.341645,,,0.044795,1.992
2025-11-05 07:00:00,2.32757,5.84818,0.276479,2.05109,,,0.071442,6.715
2025-11-05 08:00:00,2.47632,4.78054,0.283208,2.19311,,,0.100913,9.129
2025-11-05 09:00:00,3.15726,6.14253,0.285901,2.87136,,,0.086851,12.191
2025-11-05 10:00:00,3.24889,6.39544,0.212781,3.0361,,,0.085096,7.954
2025-11-05 11:00:00,3.61311,3.81936,0.215773,3.39734,,,0.088304,13.414
2025-11-05 12:00:00,3.37835,5.22965,0.279239,3.09912,,,0.080753,13.255
2025-11-05 13:00:00,2.50978,3.70174,0.256975,2.2528,,,0.077816,10.036
2025-11-05 14:00:00,1.73931,1.91133,0.232255,1.50705,,,0.082197,7.816
2025-11-05 15:00:00,2.97053,4.39427,0.297862,2.67267,,,0.098619,10.995
2025-11-05 16:00:00,1.7656,1.98382,0.245722,1.51988,,,0.092467,9.274
2025-11-05 17:00:00,2.14067,2.10696,0.209957,1.93071,,,0.095096,12.404
2025-11-05 18:00:00,2.95059,3.48769,0.399374,2.55122,,,0.093962,14.043
2025-11-05 19:00:00,3.00779,2.74935,0.407823,2.59997,,,0.096146,13.024
2025-11-05 20:00:00,2.68089,3.36795,0.402289,2.2786,,,0.099569,12.939
2025-11-05 21:00:00,4.31584,4.89324,0.666091,3.64974,,,0.099727,17.84
2025-11-05 22:00:00,3.9037,7.1496,0.9047,2.999,,,0.0744,12.397
2025-11-05 23:00:00,2.74336,4.98793,0.119164,2.6242,,,0.074407,8.235
2025-11-06 00:00:00,1.66544,2.24453,0.084212,1.58123,,,0.060239,7.725
2025-11-06 01:00:00,0.244956,0.404217,0.023654,0.221302,,,0.039257,1.797
2025-11-06 02:00:00,0.54313,0.705366,0.042203,0.500927,,,0.045588,2.719
2025-11-06 03:00:00,0.047099,0.065415,0.010616,0.036483,,,0.037283,1.552
2025-11-06 04:00:00,0.144191,0.219804,0.013461,0.13073,,,0.033326,1.603
2025-11-06 05:00:00,0.728712,1.67136,0.039895,0.688817,,,0.035707,2.351
2025-11-06 06:00:00,1.61436,3.16542,0.071372,1.54299,,,0.046171,2.892
2025-11-06 07:00:00,1.58176,2.6188,0.156889,1.42487,,,0.068232,6.713
2025-11-06 08:00:00,1.88112,2.85018,0.219728,1.66139,,,0.079829,8.018
2025-11-06 09:00:00,2.30599,3.27556,0.343022,1.96297,,,0.084643,8.932
2025-11-06 10:00:00,2.2579,3.48442,0.539177,1.71873,,,0.105074,10.254
2025-11-06 11:00:00,2.23751,2.54842,0.475981,1.76153,,,0.099172,10.968
2025-11-06 12:00:00,1.9987,3.15253,0.169894,1.82881,,,0.094063,6.326
2025-11-06 13:00:00,3.21257,5.11556,0.346763,2.86581,,,0.081062,10.841
2025-11-06 14:00:00,2.08247,2.47324,0.308713,1.77375,,,0.085434,8.201
2025-11-06 15:00:00,3.39245,3.70355,0.165583,3.22687,,,0.091941,9.414
2025-11-06 16:00:00,3.00967,4.54633,0.192748,2.81692,,,0.102272,10.445
2025-11-06 17:00:00,2.87406,3.31878,0.230699,2.64336,,,0.096417,12.612
2025-11-06 18:00:00,3.87397,4.36258,0.426457,3.44751,,,0.106707,12.784
2025-11-06 19:00:00,5.05823,5.92298,0.604215,4.45401,,,0.102981,20.681
2025-11-06 20:00:00,4.73466,5.40487,0.443709,4.29095,,,0.122309,21.428
2025-11-06 21:00:00,4.09861,5.61453,0.368479,3.73013,,,0.115733,19.195
2025-11-06 22:00:00,3.55171,5.95924,0.667869,2.88384,,,0.111306,21.088
2025-11-06 23:00:00,6.5641,10.4524,0.317973,6.24613,,,0.094203,17.736
2025-11-07 00:00:00,3.94214,7.16753,0.143025,3.79912,,,0.076597,12.783
2025-11-07 01:00:00,1.12165,2.31746,0.102996,1.01865,,,0.055816,6.628
2025-11-07 02:00:00,1.70003,3.74456,0.087319,1.61271,,,0.048302,8.776
2025-11-07 03:00:00,1.18667,3.24227,0.066194,1.12048,,,0.047014,6.661
2025-11-07 04:00:00,1.13421,2.68771,0.043784,1.09043,,,0.041504,4.829
2025-11-07 05:00:00,0.345062,1.27801,0.023027,0.322035,,,0.033927,3.605
2025-11-07 06:00:00,1.1932,4.38677,0.037057,1.15615,,,0.048505,4.928
2025-11-07 07:00:00,1.63426,2.44649,0.101164,1.53309,,,0.07127,8.442
2025-11-07 08:00:00,3.67912,5.1673,0.360099,3.31902,,,0.087865,13.683
2025-11-07 09:00:00,3.27966,4.50502,0.252559,3.0271,,,0.083568,10.818
2025-11-07 10:00:00,2.64041,3.4926,0.132682,2.50773,,,0.082947,9.673
2025-11-07 11:00:00,2.69385,3.52598,0.186799,2.50705,,,0.08959,9.425
2025-11-07 12:00:00,1.86617,2.2111,0.1219,1.74427,,,0.076792,8.24
2025-11-07 13:00:00,1.78377,2.65442,0.113175,1.6706,,,0.077621,7.75
2025-11-07 14:00:00,2.30188,4.02426,0.241064,2.06081,,,0.082261,9.728
2025-11-07 15:00:00,2.08797,2.67004,0.201057,1.88691,,,0.094779,12.119
2025-11-07 16:00:00,3.794,5.45115,0.942777,2.85122,,,0.11295,13.6
2025-11-07 17:00:00,4.18291,5.22863,0.368968,3.81394,,,0.104614,16.916
2025-11-07 18:00:00,5.49734,6.1907,0.457127,5.04022,,,0.111549,19.42
2025-11-07 19:00:00,6.81279,10.0484,1.15162,5.66116,,,0.138983,24.64
2025-11-07 20:00:00,4.27388,5.63837,0.756654,3.51723,,,0.114943,20.561
2025-11-07 21:00:00,4.40045,7.16686,0.520834,3.87962,,,0.105132,20.626
2025-11-07 22:00:00,5.63851,7.55833,0.362633,5.27588,,,0.113064,20.785
2025-11-07 23:00:00,5.81441,11.0962,0.409261,5.40515,,,0.08238,15.383
2025-11-08 00:00:00,2.81705,5.43833,0.168038,2.64902,,,0.061649,10.092
2025-11-08 01:00:00,1.2776,2.94378,0.07162,1.20598,,,0.051986,6.489
2025-11-08 02:00:00,1.76692,2.12371,0.082322,1.6846,,,0.060478,8.868
2025-11-08 03:00:00,0.165488,0.372719,0.028758,0.13673,,,0.039502,4.441
2025-11-08 04:00:00,0.09033,0.217137,0.01115,0.07918,,,0.031671,0.611
2025-11-08 05:00:00,0.352605,0.773256,0.013769,0.338836,,,0.034708,1.044
2025-11-08 06:00:00,0.176607,0.275089,0.014761,0.161846,,,0.040108,1.225
2025-11-08 07:00:00,1.13846,1.34889,0.113054,1.02541,,,0.055051,4.051
2025-11-08 08:00:00,2.92714,3.1886,0.34322,2.58392,,,0.082952,8.235
2025-11-08 09:00:00,1.41154,1.96048,0.195055,1.21649,,,0.095647,7.215
2025-11-08 10:00:00,3.71664,5.19084,0.269693,3.44695,,,0.104568,13.556
2025-11-08 11:00:00,4.07979,4.55333,0.361279,3.71851,,,0.110474,13.064
2025-11-08 12:00:00,2.82217,3.24388,0.331753,2.49042,,,0.091844,12.761
2025-11-08 13:00:00,3.04296,3.79421,0.221366,2.82159,,,0.096349,15.274
2025-11-08 14:00:00,3.12531,4.55584,0.224987,2.90032,,,0.097948,13.834
2025-11-08 15:00:00,5.95948,6.54887,0.798374,5.1611,,,0.112806,18.366
2025-11-08 16:00:00,5.01733,4.36289,0.639162,4.37817,,,0.118497,21.303
2025-11-08 17:00:00,3.90999,3.44189,0.666399,3.24359,,,0.112894,18.482
2025-11-08 18:00:00,3.63987,3.33933,0.565006,3.07487,,,0.107078,19.155
2025-11-08 19:00:00,9.91924,10.8289,0.523828,9.39541,,,0.122128,17.338
2025-11-08 20:00:00,5.88414,4.57553,0.523371,5.36076,,,0.117589,22.974
2025-11-08 21:00:00,4.35938,4.57918,0.412323,3.94706,,,0.115903,23.088
2025-11-08 22:00:00,3.2879,3.94233,0.469524,2.81838,,,0.083484,18.938
2025-11-08 23:00:00,3.78486,7.39231,0.266887,3.51797,,,0.092606,10.275
2025-11-09 00:00:00,3.36482,13.5678,0.15307,3.21175,,,0.064938,11.355
2025-11-09 01:00:00,1.97194,4.04085,0.093979,1.87796,,,0.052784,7.08
2025-11-09 02:00:00,0.895099,2.63265,0.063873,0.831226,,,0.045204,6.167
2025-11-09 03:00:00,0.669501,3.93824,0.03295,0.636551,,,0.037244,3.626
2025-11-09 04:00:00,0.122626,0.806751,0.008282,0.114344,,,0.030844,1.044
2025-11-09 05:00:00,0.1854,0.6393,0.0102,0.1752,,,0.0333,1.075
2025-11-09 06:00:00,1.0186,1.6168,0.0834,0.9352,,,0.045,2.728
2025-11-09 07:00:00,1.2129,2.2379,0.0863,1.1266,,,0.0599,3.884
2025-11-09 08:00:00,1.3124,2.3187,0.1154,1.197,,,0.0676,5.203
2025-11-09 09:00:00,2.1401,1.9491,0.1454,1.9947,,,0.0883,8.551
2025-11-09 10:00:00,3.0828,2.8077,0.218,2.8648,,,0.0902,9.563
2025-11-09 11:00:00,3.289,3.8423,0.4393,2.8497,,,0.0941,9.874
2025-11-09 12:00:00,2.2265,3.101,0.3165,1.9101,,,0.0861,8.9
2025-11-09 13:00:00,2.246,3.2741,0.2138,2.0322,,,0.0811,6.642
2025-11-09 14:00:00,4.2078,6.3755,0.5576,3.6502,,,0.1126,12.234
2025-11-09 15:00:00,4.016,4.862,0.4454,3.5706,,,0.1032,12.668
2025-11-09 16:00:00,4.5491,5.9233,0.7676,3.7815,,,0.1251,19.423
2025-11-09 17:00:00,3.8697,3.9246,0.5295,3.3401,,,0.0935,15.601
2025-11-09 18:00:00,3.2399,2.8173,0.5057,2.7342,,,0.0947,12.737
2025-11-09 19:00:00,5.4424,5.1343,0.8183,4.6241,,,0.1069,19.617
2025-11-09 20:00:00,3.1429,4.2702,0.7871,2.3558,,,0.1034,16.462
2025-11-09 21:00:00,3.8839,5.7624,0.2971,3.5867,,,0.1025,15.641
2025-11-09 22:00:00,4.8836,7.4672,0.7648,4.1187,,,0.0876,17.851
2025-11-09 23:00:00,2.3997,7.7411,0.1538,2.2459,,,0.0751,10.816
2025-11-10 00:00:00,3.0055,14.4497,0.161,2.8445,,,0.0469,5.078
2025-11-10 01:00:00,0.7366,1.9694,0.0739,0.6626,,,0.0464,4.467
2025-11-10 02:00:00,1.1467,2.6544,0.0504,1.0963,,,0.039,4.195
2025-11-10 03:00:00,0.1349,0.3138,0.0187,0.1162,,,0.0416,1.864
2025-11-10 04:00:00,0.9175,2.6828,0.047,0.8705,,,0.04,4.477
2025-11-10 05:00:00,0.774,1.5733,0.034,0.7401,,,0.0383,4.219
2025-11-10 06:00:00,0.6571,1.8459,0.0612,0.596,,,0.0469,2.473
2025-11-10 07:00:00,1.6761,3.0698,0.1024,1.5737,,,0.074,6.384
2025-11-10 08:00:00,1.76266,3.27008,0.143076,1.61958,,,0.077068,7.0002
2025-11-10 09:00:00,1.84921,3.47036,0.183752,1.66546,,,0.080136,7.6164
2025-11-10 10:00:00,1.93577,3.67065,0.224427,1.71134,,,0.083204,8.2326
2025-11-10 11:00:00,,,,,,,,
2025-11-10 12:00:00,2.10889,4.07121,0.305779,1.80311,,,0.089339,9.465
2025-11-10 13:00:00,1.73926,2.44967,0.206482,1.53278,,,0.087163,8.304
2025-11-10 14:00:00,1.53538,2.36213,0.109779,1.42561,,,0.081901,5.769
2025-11-10 15:00:00,1.88997,3.05821,0.211914,1.67806,,,0.085537,7.375
2025-11-10 16:00:00,2.05424,3.00328,0.139532,1.91471,,,0.090457,8.152
2025-11-10 17:00:00,2.38893,2.79734,0.277839,2.11109,,,0.096053,11.733
2025-11-10 18:00:00,3.21832,3.50579,0.572736,2.64558,,,0.103517,15.454
2025-11-10 19:00:00,5.48583,6.72283,0.34838,5.13745,,,0.107945,22.142
2025-11-10 20:00:00,6.93126,11.2156,0.455427,6.47584,,,0.147098,26.237
2025-11-10 21:00:00,3.20463,5.52523,0.61428,2.59035,,,0.099091,14.319
2025-11-10 22:00:00,7.19199,15.5,0.464654,6.72734,,,0.103174,17.141
2025-11-10 23:00:00,2.20101,5.44806,0.118613,2.0824,,,0.077824,8.661
2025-11-11 00:00:00,1.42446,3.93498,0.074205,1.35025,,,0.048099,5.203
2025-11-11 01:00:00,0.375813,1.3919,0.027417,0.348396,,,0.036893,2.199
2025-11-11 02:00:00,0.731481,0.985824,0.032327,0.699154,,,0.039503,2.716
2025-11-11 03:00:00,0.259566,0.370808,0.017845,0.241721,,,0.03434,1.825
2025-11-11 04:00:00,0.647282,0.986714,0.022788,0.624494,,,0.033919,2.112
2025-11-11 05:00:00,0.060599,0.151499,0.016687,0.043912,,,0.035613,3.631
2025-11-11 06:00:00,1.4876,2.24037,0.085466,1.40214,,,0.049592,4.563
2025-11-11 07:00:00,2.36966,4.04379,0.141962,2.2277,,,0.071849,7.3
2025-11-11 08:00:00,2.31069,3.77563,0.144291,2.1664,,,0.087683,7.539
2025-11-11 09:00:00,2.08164,3.00815,0.124536,1.95711,,,0.083211,6
2025-11-11 10:00:00,2.30309,3.28076,0.137905,2.16519,,,0.089689,9.305
2025-11-11 11:00:00,1.49002,1.641,0.148316,1.34171,,,0.084784,6.301
2025-11-11 12:00:00,3.48026,4.45047,0.172125,3.30814,,,0.087102,11.224
2025-11-11 13:00:00,5.45213,6.56883,0.189077,5.26305,,,0.096092,13.916
2025-11-11 14:00:00,3.96263,6.4538,0.179152,3.78348,,,0.109521,13.365
2025-11-11 15:00:00,1.36905,2.00154,0.167371,1.20168,,,0.088932,7.935
2025-11-11 16:00:00,1.962,2.48354,0.695941,1.26606,,,0.08847,8.853
2025-11-11 17:00:00,2.32173,2.81081,0.218169,2.10356,,,0.099958,11.944
2025-11-11 18:00:00,4.44868,5.70344,0.344611,4.10407,,,0.105412,16.567
2025-11-11 19:00:00,3.71046,3.80171,0.603078,3.10738,,,0.129784,18.373
2025-11-11 20:00:00,2.49215,3.62231,0.295979,2.19617,,,0.132257,18.444
2025-11-11 21:00:00,4.88297,6.10371,0.436774,4.44619,,,0.138331,19.238
2025-11-11 22:00:00,2.67198,6.27226,0.191213,2.48077,,,0.087089,11.577
2025-11-11 23:00:00,3.58901,10.3133,0.132489,3.45652,,,0.081496,10.623
2025-11-12 00:00:00,2.12726,7.59736,0.083289,2.04397,,,0.063601,6.78
2025-11-12 01:00:00,0.219678,0.930833,0.020282,0.199396,,,0.033907,1.888
2025-11-12 02:00:00,1.16135,1.56939,0.040464,1.12088,,,0.045873,3.154
2025-11-12 03:00:00,0.511424,1.22938,0.020268,0.491156,,,0.032381,1.526
2025-11-12 04:00:00,0.822161,4.03019,0.03416,0.788001,,,0.032281,2.312
2025-11-12 05:00:00,0.294836,0.676228,0.024207,0.270629,,,0.032723,1.476
2025-11-12 06:00:00,0.810813,1.25125,0.03534,0.775473,,,0.043261,2.389
2025-11-12 07:00:00,1.68075,2.65103,0.120502,1.56025,,,0.065197,5.053
2025-11-12 08:00:00,2.98902,3.97475,0.21906,2.76995,,,0.104508,10.52
2025-11-12 09:00:00,1.35383,2.07643,0.165267,1.18857,,,0.077925,6.682
2025-11-12 10:00:00,2.11593,2.88274,0.448092,1.66784,,,0.080761,7.731
2025-11-12 11:00:00,2.16567,3.2913,0.137638,2.02804,,,0.08545,7.944
2025-11-12 12:00:00,2.56696,5.11346,0.295372,2.27158,,,0.103663,9.614
2025-11-12 13:00:00,1.41629,2.37632,0.216032,1.20025,,,0.078047,7.155
2025-11-12 14:00:00,0.993391,1.56194,0.065327,0.928064,,,0.088335,5.273
2025-11-12 15:00:00,1.52965,3.22712,0.139451,1.3902,,,0.084003,6.067
2025-11-12 16:00:00,1.9188,2.93395,0.25995,1.65885,,,0.087179,9.922
2025-11-12 17:00:00,3.54896,4.09811,0.388079,3.16088,,,0.104272,15.534
2025-11-12 18:00:00,4.59967,5.98915,0.675962,3.9237,,,0.10385,19.818
2025-11-12 19:00:00,4.16064,4.22829,0.420887,3.73975,,,0.097781,14.378
2025-11-12 20:00:00,3.02037,4.69001,0.448127,2.57224,,,0.114419,17.695
2025-11-12 21:00:00,3.26285,6.71368,0.454564,2.80828,,,0.104176,15.193
2025-11-12 22:00:00,5.29598,9.35685,0.372866,4.92311,,,0.088569,15.022
2025-11-12 23:00:00,4.4998,13.6358,0.436216,4.06359,,,0.094145,15.816
2025-11-13 00:00:00,3.35393,12.5147,0.151441,3.20249,,,0.058516,10.391
2025-11-13 01:00:00,1.61822,10.5079,0.07001,1.54821,,,0.045409,4.965
2025-11-13 02:00:00,1.58436,3.26001,0.049448,1.53492,,,0.039943,3.352
2025-11-13 03:00:00,0.205857,0.735202,0.010862,0.194995,,,0.036218,1.3
2025-11-13 04:00:00,1.76898,6.5036,0.035629,1.73335,,,0.039927,1.816
2025-11-13 05:00:00,1.04587,6.22539,0.034897,1.01097,,,0.054433,2.345
2025-11-13 06:00:00,0.445155,1.49381,0.037184,0.407971,,,0.045198,2.041
2025-11-13 07:00:00,1.30292,2.88258,0.078141,1.22478,,,0.06856,4.291
2025-11-13 08:00:00,2.76813,4.31173,0.130114,2.63801,,,0.089107,7.991
2025-11-13 09:00:00,1.67951,2.98846,0.250086,1.42943,,,0.083052,8.362
2025-11-13 10:00:00,3.83953,5.37749,1.04786,2.79167,,,0.098556,16.566
2025-11-13 11:00:00,2.33639,2.36,0.32147,2.01492,,,0.101413,8.669
2025-11-13 12:00:00,2.2742,3.50957,0.217452,2.05675,,,0.102828,12.683
2025-11-13 13:00:00,2.74547,6.2397,0.237879,2.50759,,,0.087417,10.969
2025-11-13 14:00:00,2.36972,4.95757,0.134,2.23572,,,0.091564,8.449
2025-11-13 15:00:00,1.41685,2.70391,0.151521,1.26533,,,0.090142,7.984
2025-11-13 16:00:00,2.82766,3.93824,0.253737,2.57392,,,0.099734,10.759
2025-11-13 17:00:00,3.36656,4.03665,0.250312,3.11625,,,0.094287,13.466
2025-11-13 18:00:00,2.99632,2.84281,0.373265,2.62306,,,0.100974,14.453
2025-11-13 19:00:00,4.30487,4.40171,0.409679,3.89519,,,0.104009,14.846
2025-11-13 20:00:00,3.77254,4.03913,0.57288,3.19966,,,0.102839,16.707
2025-11-13 21:00:00,5.94208,7.00717,0.399913,5.54216,,,0.115745,20.429
2025-11-13 22:00:00,3.05659,6.97851,0.359325,2.69726,,,0.08713,12.707
2025-11-13 23:00:00,3.11005,7.03631,0.180888,2.92916,,,0.070326,8.234
2025-11-14 00:00:00,2.14948,5.02214,0.1057,2.04378,,,0.054952,6.646
2025-11-14 01:00:00,0.852524,2.18596,0.029963,0.822561,,,0.040087,2.859
2025-11-14 02:00:00,0.450777,0.83477,0.028865,0.421912,,,0.042219,2.441
2025-11-14 03:00:00,0.350076,0.629635,0.016158,0.333918,,,0.032912,1.238
2025-11-14 04:00:00,0.3433,0.6679,0.014837,0.328463,,,0.032787,1.434
2025-11-14 05:00:00,0.399794,1.51437,0.017195,0.382599,,,0.031888,1.336
2025-11-14 06:00:00,0.926185,2.46326,0.061168,0.865017,,,0.055599,3.109
2025-11-14 07:00:00,1.28941,2.04668,0.12658,1.16283,,,0.078272,5.745
2025-11-14 08:00:00,2.01679,3.00117,0.19076,1.82603,,,0.08277,8.011
2025-11-14 09:00:00,0.921211,1.43045,0.140392,0.780819,,,0.075644,5.838
2025-11-14 10:00:00,1.91851,2.69454,0.190486,1.72802,,,0.087121,11.282
2025-11-14 11:00:00,2.8091,2.79235,0.264192,2.54491,,,0.092507,12.225
2025-11-14 12:00:00,3.23699,4.47097,0.158824,3.07816,,,0.091582,10.243
2025-11-14 13:00:00,3.26115,4.63231,0.364644,2.8965,,,0.088506,11.169
2025-11-14 14:00:00,4.56423,7.58178,0.481761,4.08247,,,0.091963,12.07
2025-11-14 15:00:00,3.44825,6.0074,0.121811,3.32644,,,0.092648,9.517
2025-11-14 16:00:00,2.79322,4.63989,0.267762,2.52545,,,0.089364,10.305
2025-11-14 17:00:00,4.06299,5.24935,0.381231,3.68176,,,0.093432,11.883
2025-11-14 18:00:00,3.29737,3.35099,0.441544,2.85583,,,0.099846,17.358
2025-11-14 19:00:00,4.81384,4.74737,1.23428,3.57956,,,0.137016,15.988
2025-11-14 20:00:00,6.10188,6.43659,1.26891,4.83297,,,0.120007,18.678
2025-11-14 21:00:00,4.48704,5.09891,0.525348,3.96169,,,0.11631,23.446
2025-11-14 22:00:00,3.28236,5.43438,0.372895,2.90947,,,0.101126,18.95
2025-11-14 23:00:00,3.28235,5.77879,0.329224,2.95313,,,0.089146,15.969
2025-11-15 00:00:00,2.95824,7.66383,0.392246,2.56599,,,0.073454,9.715
2025-11-15 01:00:00,1.57836,4.56172,0.448209,1.13015,,,0.066386,8.991
2025-11-15 02:00:00,2.49699,4.26108,0.507822,1.98917,,,0.064887,6.94
2025-11-15 03:00:00,1.01744,2.45757,0.427992,0.589444,,,0.081908,5.496
2025-11-15 04:00:00,0.622935,1.99659,0.233403,0.389532,,,0.073771,4.702
2025-11-15 05:00:00,0.566024,2.8021,0.088603,0.477421,,,0.0371,2.27
2025-11-15 06:00:00,1.0653,4.84228,0.24269,0.822611,,,0.048489,5.969
2025-11-15 07:00:00,1.15432,2.23705,0.083907,1.07041,,,0.065134,5.361
2025-11-15 08:00:00,2.65355,4.73849,0.155057,2.4985,,,0.086943,10.157
2025-11-15 09:00:00,2.2628,2.95404,0.360309,1.90249,,,0.098194,9.415
2025-11-15 10:00:00,2.84488,3.76307,0.277115,2.56777,,,0.091009,8.695
2025-11-15 11:00:00,3.19875,2.72003,0.409816,2.78894,,,0.103076,11.45
2025-11-15 12:00:00,2.02593,2.77525,0.205524,1.82041,,,0.098915,11.089
2025-11-15 13:00:00,2.91984,3.22991,0.306218,2.61362,,,0.103294,12.469
2025-11-15 14:00:00,2.92508,3.73097,0.484696,2.44038,,,0.094156,10.927
2025-11-15 15:00:00,2.33207,3.43963,0.203519,2.12855,,,0.093106,12.415
2025-11-15 16:00:00,3.59482,4.79309,0.275861,3.31895,,,0.094631,12.471
2025-11-15 17:00:00,3.18156,4.02729,0.35835,2.82321,,,0.089932,15.386
2025-11-15 18:00:00,3.05999,3.94329,0.364396,2.69559,,,0.101173,15.441
2025-11-15 19:00:00,4.00676,6.05251,0.410126,3.59663,,,0.10068,17.292
2025-11-15 20:00:00,3.12152,4.40893,0.336319,2.7852,,,0.115801,16.421
2025-11-15 21:00:00,4.16667,4.39522,0.569696,3.59697,,,0.112525,18.001
2025-11-15 22:00:00,4.27054,6.03184,0.866044,3.4045,,,0.10845,16.14
2025-11-15 23:00:00,4.14299,10.3059,0.507562,3.63543,,,0.082224,13.469
2025-11-16 00:00:00,2.22366,10.0165,0.131464,2.0922,,,0.052526,5.998
2025-11-16 01:00:00,1.30262,4.14846,0.060011,1.2426,,,0.069715,4.865
2025-11-16 02:00:00,1.23451,1.911,0.045935,1.18857,,,0.049433,3.875
2025-11-16 03:00:00,0.537003,1.58877,0.028063,0.50894,,,0.043544,2.339
2025-11-16 04:00:00,1.08301,5.20675,0.045271,1.03774,,,0.048762,3.398
2025-11-16 05:00:00,1.39906,12.4916,0.047459,1.3516,,,0.066628,6.7
2025-11-16 06:00:00,0.832746,2.66906,0.059327,0.773419,,,0.059651,5.935
2025-11-16 07:00:00,0.931096,2.37525,0.094908,0.836188,,,0.05954,3.284
2025-11-16 08:00:00,2.4447,3.63794,0.893914,1.55078,,,0.078929,6.95
2025-11-16 09:00:00,2.15055,2.89052,0.274803,1.87574,,,0.097398,9.948
2025-11-16 10:00:00,3.43236,3.75532,0.260674,3.17169,,,0.098285,12.622
2025-11-16 11:00:00,3.04767,4.11848,0.271051,2.77662,,,0.089392,11.035
2025-11-16 12:00:00,2.53879,3.55573,0.313166,2.22562,,,0.084573,8.676
2025-11-16 13:00:00,2.63971,2.767,0.177568,2.46215,,,0.100015,9.641
2025-11-16 14:00:00,2.45516,2.50527,0.23591,2.21925,,,0.100885,9.572
2025-11-16 15:00:00,3.79249,3.01469,0.255831,3.53665,,,0.103181,12.998
2025-11-16 16:00:00,2.93247,5.00422,0.205,2.72747,,,0.092249,10.143
2025-11-16 17:00:00,1.88903,2.86216,0.202271,1.68676,,,0.095399,11.392
2025-11-16 18:00:00,3.14121,3.26529,0.277698,2.86351,,,0.128283,13.805
2025-11-16 19:00:00,2.79992,3.21092,0.48017,2.31975,,,0.099521,14.419
2025-11-16 20:00:00,2.7003,3.20701,0.578474,2.12182,,,0.13093,13.179
2025-11-16 21:00:00,2.0942,3.17304,0.182624,1.91158,,,0.091619,11.192
2025-11-16 22:00:00,3.34422,6.4312,0.198511,3.14571,,,0.079419,15.888
2025-11-16 23:00:00,1.63726,3.93573,0.115216,1.52205,,,0.084487,8.616
2025-11-17 00:00:00,1.52032,5.98549,0.096762,1.42355,,,0.062713,7.322
2025-11-17 01:00:00,0.805066,2.79537,0.047898,0.757168,,,0.04186,2.018
2025-11-17 02:00:00,0.585329,1.15222,0.107585,0.477744,,,0.051317,4.416
2025-11-17 03:00:00,1.16334,2.43377,0.039572,1.12377,,,0.053144,5.407
2025-11-17 04:00:00,0.254821,0.416374,0.043382,0.211439,,,0.038383,2.41
2025-11-17 05:00:00,0.219391,0.634081,0.041777,0.177614,,,0.042106,3.56
2025-11-17 06:00:00,2.80028,6.96587,0.092334,2.70795,,,0.049297,3.504
2025-11-17 07:00:00,1.5549,3.28038,0.091627,1.46328,,,0.068864,5.868
2025-11-17 08:00:00,1.04685,2.29572,0.090936,0.955911,,,0.080474,7.701
2025-11-17 09:00:00,1.01069,1.70149,0.137857,0.872829,,,0.079652,6.674
2025-11-17 10:00:00,1.85891,3.1507,0.131971,1.72694,,,0.082286,7.832
2025-11-17 11:00:00,2.15297,3.3021,0.184913,1.96806,,,0.093707,7.537
2025-11-17 12:00:00,2.66289,4.84161,0.277918,2.38497,,,0.089188,9.23
2025-11-17 13:00:00,1.82307,3.47914,0.312392,1.51068,,,0.079083,8.501
2025-11-17 14:00:00,2.34474,3.24756,0.140978,2.20376,,,0.098933,9.738
2025-11-17 15:00:00,2.10933,2.67681,0.194521,1.91481,,,0.088256,8.364
2025-11-17 16:00:00,2.0014,2.73415,0.168014,1.83339,,,0.083877,7.838
2025-11-17 17:00:00,2.93271,3.10012,0.319166,2.61355,,,0.101549,14.305
2025-11-17 18:00:00,3.69297,3.38184,0.439733,3.25323,,,0.115244,11.953
2025-11-17 19:00:00,4.89507,5.56257,0.608192,4.28687,,,0.118798,18.128
2025-11-17 20:00:00,5.4044,7.36294,0.411202,4.99319,,,0.099404,18.746
2025-11-17 21:00:00,4.12699,6.38852,0.382983,3.744,,,0.098604,20.474
2025-11-17 22:00:00,5.09132,11.1652,0.313232,4.77809,,,0.118692,18.968
2025-11-17 23:00:00,1.51739,4.4629,0.113631,1.40376,,,0.073248,11.734
2025-11-18 00:00:00,1.90001,7.60005,0.124972,1.77504,,,0.070684,11.261
2025-11-18 01:00:00,0.708362,2.1863,0.034879,0.673483,,,0.051266,4.093
2025-11-18 02:00:00,0.377491,0.712249,0.068334,0.309157,,,0.043021,2.297
2025-11-18 03:00:00,0.34646,0.921433,0.026841,0.319619,,,0.038564,2.537
2025-11-18 04:00:00,1.17801,3.56974,0.033226,1.14479,,,0.038725,3.12
2025-11-18 05:00:00,0.265417,1.14404,0.012537,0.25288,,,0.033772,2.225
2025-11-18 06:00:00,0.275515,0.8056,0.033025,0.24249,,,0.046641,2.421
2025-11-18 07:00:00,1.56144,3.50099,0.623057,0.938383,,,0.062721,4.02
2025-11-18 08:00:00,3.00688,4.40892,0.537103,2.46978,,,0.097058,9.751
2025-11-18 09:00:00,1.72286,2.48968,0.242782,1.48008,,,0.084505,8.221
2025-11-18 10:00:00,2.10055,3.5244,0.124036,1.97651,,,0.080849,8.756
2025-11-18 11:00:00,1.45629,1.67005,0.328607,1.12768,,,0.085225,6.696
2025-11-18 12:00:00,1.4965,2.87788,0.135178,1.36132,,,0.073704,7.184
2025-11-18 13:00:00,1.4312,2.57411,0.240141,1.19106,,,0.075325,7.667
2025-11-18 14:00:00,1.69635,3.96343,0.202879,1.49347,,,0.073169,5.272
2025-11-18 15:00:00,1.25737,2.69821,0.209108,1.04826,,,0.070414,5.56
2025-11-18 16:00:00,1.84979,2.94553,0.28327,1.56652,,,0.08135,8.772
2025-11-18 17:00:00,2.70312,3.15786,0.825926,1.8772,,,0.102049,13.168
2025-11-18 18:00:00,4.85494,4.96415,0.515239,4.3397,,,0.115156,18.546
2025-11-18 19:00:00,3.00449,3.65509,0.518648,2.48584,,,0.104749,18.651
2025-11-18 20:00:00,3.15381,4.49261,0.397192,2.75662,,,0.110091,21.114
2025-11-18 21:00:00,3.44909,3.88411,0.625841,2.82325,,,0.094008,18.626
2025-11-18 22:00:00,2.65052,4.6016,0.17595,2.47457,,,0.069093,10.349
2025-11-18 23:00:00,1.67521,4.31754,0.117355,1.55785,,,0.067561,8.981
2025-11-19 00:00:00,1.43762,6.91163,0.091219,1.3464,,,0.057474,10.101
2025-11-19 01:00:00,0.778341,4.09654,0.093484,0.684857,,,0.040278,3.919
2025-11-19 02:00:00,0.803619,1.55139,0.042051,0.761568,,,0.044134,3.575
2025-11-19 03:00:00,0.6597,1.02757,0.030497,0.629203,,,0.043074,3.665
2025-11-19 04:00:00,0.308798,0.478016,0.025359,0.283439,,,0.040449,2.825
2025-11-19 05:00:00,0.101913,0.335239,0.010617,0.091296,,,0.033586,1.391
2025-11-19 06:00:00,0.403515,0.858544,0.033261,0.370254,,,0.042659,2.153
2025-11-19 07:00:00,1.53818,2.7566,0.558138,0.980043,,,0.063847,4.537
2025-11-19 08:00:00,2.51245,3.87724,0.437387,2.07506,,,0.083895,8.752
2025-11-19 09:00:00,3.14466,4.10531,0.225206,2.91946,,,0.082234,10.242
2025-11-19 10:00:00,2.2454,2.58686,0.359362,1.88604,,,0.10161,10.086
2025-11-19 11:00:00,1.79536,1.68737,0.200936,1.59442,,,0.088352,7.519
2025-11-19 12:00:00,1.4546,1.86487,0.143519,1.31108,,,0.076656,6.866
2025-11-19 13:00:00,2.10346,2.63592,0.174228,1.92924,,,0.074112,8.33
2025-11-19 14:00:00,1.79052,2.81529,0.460688,1.32984,,,0.086387,9.284
2025-11-19 15:00:00,1.65724,2.38109,0.129502,1.52774,,,0.079766,8.324
2025-11-19 16:00:00,2.78991,3.72982,0.245906,2.544,,,0.081436,9.915
2025-11-19 17:00:00,4.77802,4.56789,0.451552,4.32646,,,0.098966,15.861
2025-11-19 18:00:00,6.09026,5.40876,1.26506,4.8252,,,0.122749,23.342
2025-11-19 19:00:00,4.42076,5.78634,0.410516,4.01025,,,0.100821,16.413
2025-11-19 20:00:00,3.56118,4.21941,0.367399,3.19378,,,0.108784,17.289
2025-11-19 21:00:00,4.29834,4.96344,0.470518,3.82782,,,0.12473,19.959
2025-11-19 22:00:00,3.72281,5.83512,0.440635,3.28217,,,0.081943,14.818
2025-11-19 23:00:00,2.01068,4.0702,0.339136,1.67154,,,0.064013,9.393
2025-11-20 00:00:00,1.48157,4.65904,0.167413,1.31416,,,0.052241,5.174
2025-11-20 01:00:00,1.16901,1.55454,0.065126,1.10389,,,0.042222,4.778
2025-11-20 02:00:00,3.75281,3.45562,1.22374,2.52907,,,0.061011,7.436
2025-11-20 03:00:00,3.32246,5.76816,0.853725,2.46873,,,0.053995,3.879
2025-11-20 04:00:00,2.00429,3.17134,0.687337,1.31695,,,0.04538,4.35
2025-11-20 05:00:00,1.40314,1.90644,0.027118,1.37602,,,0.041331,2.285
2025-11-20 06:00:00,0.729012,0.911264,0.031881,0.697131,,,0.048601,3.223
2025-11-20 07:00:00,1.1417,1.48659,0.123088,1.01861,,,0.064108,4.776
2025-11-20 08:00:00,2.07272,2.57161,0.258615,1.8141,,,0.091802,8.442
2025-11-20 09:00:00,1.22954,1.62209,0.12211,1.10743,,,0.0761,6.381
2025-11-20 10:00:00,1.62188,1.9876,0.174367,1.44751,,,0.09242,8.134
2025-11-20 11:00:00,1.40528,1.45475,0.191164,1.21412,,,0.082014,6.481
2025-11-20 12:00:00,1.63641,1.70815,0.194453,1.44196,,,0.086937,8.614
2025-11-20 13:00:00,2.11617,3.41317,0.178921,1.93725,,,0.091209,11.072
2025-11-20 14:00:00,2.25812,3.31102,0.340666,1.91745,,,0.083432,8.516
2025-11-20 15:00:00,1.98171,2.86374,0.272302,1.70941,,,0.091963,13.305
2025-11-20 16:00:00,2.11652,3.00642,0.336385,1.78014,,,0.095108,13.032
2025-11-20 17:00:00,2.74368,2.51714,0.239113,2.50457,,,0.093042,13.789
2025-11-20 18:00:00,5.00577,4.36043,0.98232,4.02346,,,0.108246,16.485
2025-11-20 19:00:00,5.95804,5.87578,0.263927,5.69411,,,0.106689,14.806
2025-11-20 20:00:00,3.05405,3.77043,0.493093,2.56095,,,0.11839,16.832
2025-11-20 21:00:00,3.50134,4.466,0.687361,2.81398,,,0.100768,14.727
2025-11-20 22:00:00,5.27721,8.70827,0.700768,4.57644,,,0.083709,17.271
2025-11-20 23:00:00,3.31712,7.82341,0.237844,3.07928,,,0.06582,9.739
2025-11-21 00:00:00,2.37728,6.56708,0.177014,2.20027,,,0.057476,7.823
2025-11-21 01:00:00,2.34946,6.15041,0.080533,2.26892,,,0.047966,5.783
2025-11-21 02:00:00,0.55055,0.558366,0.027057,0.523493,,,0.036737,2.561
2025-11-21 03:00:00,0.905109,3.74013,0.120374,0.784735,,,0.034703,3.484
2025-11-21 04:00:00,0.935819,2.96145,0.158502,0.777317,,,0.038331,4.829
2025-11-21 05:00:00,0.509005,0.596026,0.061371,0.447634,,,0.037051,2.885
2025-11-21 06:00:00,0.736083,1.49005,0.043074,0.693009,,,0.047704,3.075
2025-11-21 07:00:00,1.95963,3.52451,0.146056,1.81357,,,0.071853,8.148
2025-11-21 08:00:00,2.35653,3.2018,0.319806,2.03672,,,0.079534,8.538
2025-11-21 09:00:00,2.79637,3.39366,0.211863,2.58451,,,0.082807,8.823
2025-11-21 10:00:00,1.65439,2.57693,0.143496,1.51089,,,0.079918,9.564
2025-11-21 11:00:00,3.26851,3.79177,0.471237,2.79727,,,0.084565,9.225
2025-11-21 12:00:00,2.22685,3.97651,0.232083,1.99476,,,0.083867,10.775
2025-11-21 13:00:00,2.3384,5.21965,0.17511,2.16329,,,0.073057,8.704
2025-11-21 14:00:00,3.37534,5.58831,0.240934,3.1344,,,0.08883,12.395
2025-11-21 15:00:00,2.58948,3.40722,0.28804,2.30145,,,0.086442,9.081
2025-11-21 16:00:00,2.58269,4.59553,0.245554,2.33714,,,0.093541,10.622
2025-11-21 17:00:00,3.40348,3.66755,0.657506,2.74598,,,0.105513,14.554
2025-11-21 18:00:00,3.50593,4.22401,0.476926,3.029,,,0.100208,14.81
2025-11-21 19:00:00,4.34163,5.7429,0.608146,3.73348,,,0.104788,18.083
2025-11-21 20:00:00,4.64537,5.62394,0.465357,4.18001,,,0.135942,25.374
2025-11-21 21:00:00,4.79902,6.21635,0.545577,4.25344,,,0.117102,25.389
2025-11-21 22:00:00,5.43846,9.34442,0.450038,4.98842,,,0.099295,19.173
2025-11-21 23:00:00,3.60521,5.2554,0.244716,3.36049,,,0.069339,12.49
2025-11-22 00:00:00,4.62386,8.31629,0.222843,4.40102,,,0.063931,11.857
2025-11-22 01:00:00,1.50366,3.04385,0.060712,1.44295,,,0.047772,5.388
2025-11-22 02:00:00,0.655326,1.20909,0.031876,0.62345,,,0.042312,2.243
2025-11-22 03:00:00,0.485745,0.843307,0.021575,0.46417,,,0.034178,1.666
2025-11-22 04:00:00,0.514157,1.63744,0.018208,0.495949,,,0.030992,1.227
2025-11-22 05:00:00,0.48146,1.9732,0.028572,0.452888,,,0.036556,2.031
2025-11-22 06:00:00,1.08527,3.17332,0.049854,1.03542,,,0.044685,3.624
2025-11-22 07:00:00,1.68916,4.00275,0.167873,1.52129,,,0.070333,5.723
2025-11-22 08:00:00,2.48385,4.45135,0.161113,2.32274,,,0.0744,7.751
2025-11-22 09:00:00,3.27517,4.30943,0.689065,2.5861,,,0.103389,13.46
2025-11-22 10:00:00,2.40307,3.04187,0.319957,2.08312,,,0.085997,10.619
2025-11-22 11:00:00,2.31733,2.31733,0.216735,2.1006,,,0.087922,10.322
2025-11-22 12:00:00,5.12453,6.74281,1.51554,3.609,,,0.092649,13.662
2025-11-22 13:00:00,4.21004,7.73904,0.297506,3.91254,,,0.089073,15.31
2025-11-22 14:00:00,3.84578,6.18292,0.415762,3.43001,,,0.096712,12.426
2025-11-22 15:00:00,3.82093,6.87218,0.285957,3.53498,,,0.10742,14.416
2025-11-22 16:00:00,5.1554,6.52583,0.403119,4.75228,,,0.114367,19.809
2025-11-22 17:00:00,3.66186,4.36976,0.764666,2.8972,,,0.10902,16.708
2025-11-22 18:00:00,5.31045,4.85416,0.691329,4.61912,,,0.121606,23.506
2025-11-22 19:00:00,5.57841,6.68874,0.628087,4.95032,,,0.122137,16.867
2025-11-22 20:00:00,4.54816,7.26543,1.01098,3.53718,,,0.101172,16.865
2025-11-22 21:00:00,5.99092,9.16043,0.486493,5.50443,,,0.103795,20.647
2025-11-22 22:00:00,7.68822,12.6451,0.32293,7.36529,,,0.092785,12.82
2025-11-22 23:00:00,3.23678,7.35632,0.251777,2.985,,,0.084239,11.819
2025-11-23 00:00:00,3.46118,9.83289,0.542945,2.91823,,,0.065605,9.005
2025-11-23 01:00:00,1.26215,2.02918,0.065392,1.19676,,,0.058507,7.169
2025-11-23 02:00:00,0.647273,0.995806,0.05038,0.596893,,,0.048197,3.729
2025-11-23 03:00:00,0.182962,0.265932,0.014789,0.168173,,,0.036688,2.541
2025-11-23 04:00:00,0.602854,1.35169,0.0253,0.577554,,,0.052937,4.002
2025-11-23 05:00:00,0.214977,0.590596,0.022202,0.192775,,,0.041276,3.571
2025-11-23 06:00:00,1.25741,2.10974,0.062209,1.1952,,,0.046107,4.656
2025-11-23 07:00:00,1.01241,1.35712,0.053713,0.958698,,,0.053314,3.186
2025-11-23 08:00:00,1.8893,3.24623,0.117907,1.7714,,,0.080183,7.15
2025-11-23 09:00:00,2.27196,4.01407,0.249068,2.0229,,,0.077681,7.754
2025-11-23 10:00:00,3.06809,4.80891,0.196074,2.87201,,,0.083736,9.449
2025-11-23 11:00:00,2.19644,2.96816,0.233451,1.96299,,,0.094102,9.498
2025-11-23 12:00:00,2.32737,2.8733,0.206438,2.12093,,,0.084818,11.309
2025-11-23 13:00:00,2.39748,4.00917,0.265388,2.1321,,,0.087856,15.963
2025-11-23 14:00:00,4.28788,5.37328,0.23498,4.0529,,,0.103448,16.252
2025-11-23 15:00:00,4.01625,5.625,0.19275,3.8235,,,0.106551,14.893
2025-11-23 16:00:00,4.13425,5.90607,0.332405,3.80184,,,0.098365,17.534
2025-11-23 17:00:00,2.81693,2.72958,0.377773,2.43915,,,0.096852,12.743
2025-11-23 18:00:00,3.44554,3.5966,0.391572,3.05397,,,0.091256,13.408
2025-11-23 19:00:00,4.01589,4.43255,0.442347,3.57354,,,0.114956,20.782
2025-11-23 20:00:00,5.69057,7.75281,1.03217,4.65839,,,0.099539,17.112
2025-11-23 21:00:00,3.33501,5.06841,0.47466,2.86035,,,0.10674,14.152
2025-11-23 22:00:00,3.38881,6.54209,0.341691,3.04711,,,0.085094,14.43
2025-11-23 23:00:00,2.84392,6.58316,0.182754,2.66117,,,0.074724,10.475
2025-11-24 00:00:00,1.20415,8.60106,0.039317,1.16483,,,0.068437,2.289
2025-11-24 01:00:00,2.17638,5.85047,0.073642,2.10273,,,0.042276,5.96
2025-11-24 02:00:00,1.34019,3.60267,0.040755,1.29944,,,0.037387,2.691
2025-11-24 03:00:00,0.233568,1.22931,0.013202,0.220366,,,0.029294,0.826
2025-11-24 04:00:00,0.520608,1.37728,0.025149,0.495459,,,0.033298,3.18
2025-11-24 05:00:00,0.163752,0.365515,0.019648,0.144104,,,0.032619,2.642
2025-11-24 06:00:00,0.460048,0.70344,0.036933,0.423115,,,0.041825,1.825
2025-11-24 07:00:00,1.10716,1.827,0.143897,0.963263,,,0.067471,4.68
2025-11-24 08:00:00,1.89168,2.61282,0.38605,1.50563,,,0.084067,8.164
2025-11-24 09:00:00,9.73647,17.964,0.302786,9.43368,,,0.077827,5.895
2025-11-24 10:00:00,3.25752,5.27106,0.383545,2.87397,,,0.081665,9.336
2025-11-24 11:00:00,1.98459,2.11127,0.190751,1.79384,,,0.085428,8.284
2025-11-24 12:00:00,1.91272,3.06525,0.165315,1.7474,,,0.076461,6.52
2025-11-24 13:00:00,1.56299,3.52024,0.110369,1.45262,,,0.074679,6.697
2025-11-24 14:00:00,3.05143,6.60482,0.224783,2.82665,,,0.087517,9.486
2025-11-24 15:00:00,2.27463,4.51316,0.132841,2.14179,,,0.086034,9.485
2025-11-24 16:00:00,2.64379,4.27799,0.235522,2.40827,,,0.098063,13.211
2025-11-24 17:00:00,3.5838,4.59461,0.368564,3.21523,,,0.107628,15.219
2025-11-24 18:00:00,5.06839,6.54831,0.422371,4.64602,,,0.113664,19.111
2025-11-24 19:00:00,2.87817,4.38746,0.322164,2.55601,,,0.110773,15.404
2025-11-24 20:00:00,4.47067,6.14103,0.62453,3.84614,,,0.096749,15.177
2025-11-24 21:00:00,3.98642,6.53512,0.317379,3.66904,,,0.081418,11.448
2025-11-24 22:00:00,2.67332,4.50054,0.266753,2.40657,,,0.077574,10.057
2025-11-24 23:00:00,1.87834,5.18878,0.163686,1.71465,,,0.072587,10.819
2025-11-25 00:00:00,1.66307,5.54358,0.123452,1.53962,,,0.075975,6.444
2025-11-25 01:00:00,0.949008,4.2748,0.046289,0.902719,,,0.03981,3.729
2025-11-25 02:00:00,0.495933,2.63794,0.020149,0.475784,,,0.037373,2.598
2025-11-25 03:00:00,0.08349,0.425961,0.01323,0.07026,,,0.034879,2.762
2025-11-25 04:00:00,0.080165,0.742257,0.017876,0.062289,,,0.031084,0.713
2025-11-25 05:00:00,0.102989,0.585163,0.008548,0.094441,,,0.037204,1.637
2025-11-25 06:00:00,0.588361,1.35567,0.060599,0.527762,,,0.046732,3.331
2025-11-25 07:00:00,1.96286,3.94149,0.175361,1.7875,,,0.08507,6.49
2025-11-25 08:00:00,1.93152,3.71447,0.123839,1.80768,,,0.077924,6.962
2025-11-25 09:00:00,2.06737,3.93037,0.182438,1.88494,,,0.079332,7.856
2025-11-25 10:00:00,2.1919,3.84544,0.139874,2.05203,,,0.081618,7.925
2025-11-25 11:00:00,2.7836,3.04551,0.419084,2.36451,,,0.096357,15.564
2025-11-25 12:00:00,1.63049,2.15104,0.267727,1.36276,,,0.080874,7.982
2025-11-25 13:00:00,3.4071,4.75851,0.67011,2.73699,,,0.093409,11.237
2025-11-25 14:00:00,2.84958,3.50934,0.182953,2.66663,,,0.086426,9.389
2025-11-25 15:00:00,1.74852,2.66543,0.168839,1.57968,,,0.079887,8.766
2025-11-25 16:00:00,1.69743,2.31257,0.172378,1.52505,,,0.088506,9.368
2025-11-25 17:00:00,3.14971,3.46122,0.284483,2.86523,,,0.107146,14.655
2025-11-25 18:00:00,4.49552,5.64763,0.673083,3.82243,,,0.148577,14.751
2025-11-25 19:00:00,4.32984,5.53688,0.717237,3.6126,,,0.167869,16.807
2025-11-25 20:00:00,5.1663,7.15555,0.453626,4.71268,,,0.15839,21.553
2025-11-25 21:00:00,4.36984,7.35663,0.541405,3.82843,,,0.16593,20.088
2025-11-25 22:00:00,3.38101,6.78919,0.191033,3.18998,,,0.15078,12.397
2025-11-25 23:00:00,5.01081,16.4829,0.291088,4.71973,,,0.097946,14.274
2025-11-26 00:00:00,2.90103,11.0726,0.149533,2.75149,,,0.060484,9.36
2025-11-26 01:00:00,1.07503,4.71505,0.082678,0.992354,,,0.050297,8.898
2025-11-26 02:00:00,0.836553,2.78851,0.044239,0.792314,,,0.039997,5.781
2025-11-26 03:00:00,0.108522,0.411064,0.022747,0.085775,,,0.033911,4.037
2025-11-26 04:00:00,0.557163,1.85721,0.031858,0.525305,,,0.035056,4.852
2025-11-26 05:00:00,1.13302,4.39154,0.042397,1.09062,,,0.04136,4.982
2025-11-26 06:00:00,1.44142,3.29092,0.14541,1.29601,,,0.048616,6.862
2025-11-26 07:00:00,1.60734,2.96557,0.090605,1.51673,,,0.067564,7.812
2025-11-26 08:00:00,3.1196,4.57419,0.405176,2.71442,,,0.083179,9.082
2025-11-26 09:00:00,3.63643,4.14172,0.315054,3.32138,,,0.08907,13.312
2025-11-26 10:00:00,3.80309,4.62663,0.275422,3.52766,,,0.096025,12.955
2025-11-26 11:00:00,3.6697,3.42323,0.202397,3.46731,,,0.089331,13.461
2025-11-26 12:00:00,2.90138,3.09315,0.217835,2.68354,,,0.085063,12.559
2025-11-26 13:00:00,1.3556,1.96464,0.158776,1.19683,,,0.069325,6.117
2025-11-26 14:00:00,2.73771,3.35503,0.214521,2.52319,,,0.085988,10.432
2025-11-26 15:00:00,2.81373,1.83904,0.231531,2.5822,,,0.096365,11.191
2025-11-26 16:00:00,1.53869,1.2021,0.127622,1.41107,,,0.086212,7.884
2025-11-26 17:00:00,3.79962,3.54442,0.470093,3.32952,,,0.11217,15.475
2025-11-26 18:00:00,4.00389,4.0856,0.394096,3.60979,,,0.131668,19.162
2025-11-26 19:00:00,4.58195,5.39053,0.525497,4.05645,,,0.154785,22.466
2025-11-26 20:00:00,5.07702,9.76351,0.490256,4.58677,,,0.158859,20.996
2025-11-26 21:00:00,5.00271,6.70605,0.380342,4.62237,,,0.156809,20.47
2025-11-26 22:00:00,5.37211,6.29053,1.23215,4.13996,,,0.109373,20.827
2025-11-26 23:00:00,4.74073,8.25911,0.481516,4.25922,,,0.09546,15.966
2025-11-27 00:00:00,3.56275,10.297,0.147281,3.41547,,,0.081492,10.01
2025-11-27 01:00:00,1.34894,3.33896,0.103098,1.24584,,,0.079946,8.931
2025-11-27 02:00:00,0.631121,1.03803,0.039518,0.591603,,,0.052639,4.346
2025-11-27 03:00:00,0.185542,0.653322,0.014219,0.171323,,,0.047497,2.125
2025-11-27 04:00:00,0.079264,0.344623,0.014053,0.065211,,,0.033341,2.542
2025-11-27 05:00:00,0.169855,0.555076,0.02108,0.148775,,,0.036479,3.052
2025-11-27 06:00:00,0.821636,1.64327,0.03988,0.781756,,,0.052961,3.394
2025-11-27 07:00:00,1.57461,2.82188,0.115341,1.45927,,,0.063135,4.612
2025-11-27 08:00:00,1.8909,3.63635,0.162978,1.72792,,,0.074973,7.525
2025-11-27 09:00:00,2.58338,4.8743,0.141868,2.44151,,,0.085155,11.799
2025-11-27 10:00:00,2.39902,3.9072,0.242641,2.15638,,,0.086121,11.91
2025-11-27 11:00:00,1.94512,2.19046,0.221608,1.72352,,,0.083622,9.016
2025-11-27 12:00:00,5.51547,6.26758,0.632921,4.88255,,,0.103629,17.278
2025-11-27 13:00:00,2.43478,4.36341,0.500269,1.93451,,,0.080752,12.461
2025-11-27 14:00:00,1.89104,3.78208,0.140956,1.75008,,,0.080705,9.147
2025-11-27 15:00:00,2.95396,6.28502,0.217608,2.73635,,,0.09347,14.35
2025-11-27 16:00:00,3.53001,4.84892,0.49922,3.03079,,,0.114321,13.315
2025-11-27 17:00:00,2.4841,3.15241,0.336045,2.14805,,,0.113572,13.144
2025-11-27 18:00:00,2.94243,3.82133,0.438912,2.50352,,,0.089339,11.106
2025-11-27 19:00:00,3.1443,4.95947,0.368368,2.77594,,,0.114169,14.717
2025-11-27 20:00:00,3.67685,6.12807,0.63949,3.03735,,,0.151031,17.524
2025-11-27 21:00:00,5.5575,10.6059,0.819467,4.73803,,,0.150166,18.492
2025-11-27 22:00:00,4.28481,9.65047,0.298054,3.98676,,,0.107488,13.742
2025-11-27 23:00:00,1.18544,4.2337,0.102916,1.08252,,,0.09656,12.006
2025-11-28 00:00:00,1.92784,5.73761,0.13208,1.79576,,,0.076446,7.519
2025-11-28 01:00:00,0.097137,0.59961,0.017858,0.079279,,,0.03682,2.556
2025-11-28 02:00:00,0.737238,1.3806,0.058514,0.678724,,,0.045763,3.724
2025-11-28 03:00:00,0.334427,0.819672,0.085157,0.24927,,,0.036716,2.463
2025-11-28 04:00:00,0.135141,0.288763,0.050698,0.084443,,,0.032909,1.474
2025-11-28 05:00:00,0.200168,0.422294,0.048091,0.152077,,,0.031584,2.693
2025-11-28 06:00:00,0.568192,0.863514,0.034881,0.533311,,,0.041049,2.382
2025-11-28 07:00:00,1.25945,1.64419,0.09543,1.16402,,,0.059254,4.076
2025-11-28 08:00:00,1.20052,1.30209,0.129612,1.07091,,,0.075761,6.564
2025-11-28 09:00:00,1.22826,1.40855,0.099385,1.12887,,,0.07485,7.162
2025-11-28 10:00:00,1.02371,1.32949,0.118286,0.905422,,,0.074737,8.043
2025-11-28 11:00:00,1.80093,1.61663,0.195243,1.60568,,,0.085069,9.123
2025-11-28 12:00:00,3.34906,4.32695,0.214332,3.13472,,,0.081795,11.094
2025-11-28 13:00:00,4.28278,6.20692,0.272773,4.01,,,0.079898,12.906
2025-11-28 14:00:00,2.3414,4.19606,0.146534,2.19487,,,0.075627,7.576
2025-11-28 15:00:00,2.82542,5.56186,0.182175,2.64325,,,0.096886,9.828
2025-11-28 16:00:00,2.454,3.89525,0.192315,2.26169,,,0.087162,9.617
2025-11-28 17:00:00,4.90029,5.76505,0.681587,4.2187,,,0.100063,16.666
2025-11-28 18:00:00,3.43944,3.53852,0.532065,2.90737,,,0.109924,18.661
2025-11-28 19:00:00,6.17549,7.35177,0.648327,5.52716,,,0.118952,25.7
2025-11-28 20:00:00,6.66693,7.23094,0.371804,6.29512,,,0.121619,20.821
2025-11-28 21:00:00,6.71764,5.59803,0.569745,6.1479,,,0.110986,26.849
2025-11-28 22:00:00,3.30899,4.92409,0.345755,2.96323,,,0.098717,20.04
2025-11-28 23:00:00,1.8854,2.06732,0.185028,1.70037,,,0.074166,10.772
2025-11-29 00:00:00,2.27465,3.75355,0.119243,2.15541,,,0.069391,10.04
2025-11-29 01:00:00,3.42289,11.1133,0.126558,3.29633,,,0.057323,10.531
2025-11-29 02:00:00,1.0801,1.91506,0.05275,1.02734,,,0.048976,7.534
2025-11-29 03:00:00,1.85029,3.01349,0.085393,1.76489,,,0.060842,8.222
2025-11-29 04:00:00,0.679231,1.24859,0.033722,0.645509,,,0.038421,3.587
2025-11-29 05:00:00,0.156505,0.652105,0.049578,0.106927,,,0.033923,3.449
2025-11-29 06:00:00,0.809674,2.40974,0.046799,0.762875,,,0.044642,3.914
2025-11-29 07:00:00,1.24659,2.28313,0.063426,1.18316,,,0.057214,3.885
2025-11-29 08:00:00,0.770401,0.814378,0.071503,0.698898,,,0.064505,4.798
2025-11-29 09:00:00,1.95385,3.68651,0.163985,1.78987,,,0.076607,9.024
2025-11-29 10:00:00,2.64815,4.1507,0.225489,2.42266,,,0.084094,9.042
2025-11-29 11:00:00,3.13491,3.55432,0.197899,2.93701,,,0.104711,12.486
2025-11-29 12:00:00,2.90955,3.65521,0.246582,2.66296,,,0.096368,13.706
2025-11-29 13:00:00,3.73374,4.55334,0.470981,3.26276,,,0.090238,13.958
2025-11-29 14:00:00,2.98081,4.93511,0.259545,2.72126,,,0.081565,9.477
2025-11-29 15:00:00,2.78489,4.95533,0.417558,2.36734,,,0.08864,12.745
2025-11-29 16:00:00,3.52896,5.22035,0.537384,2.99157,,,0.102569,18.698
2025-11-29 17:00:00,2.5967,2.98471,0.367531,2.22917,,,0.090384,17.203
2025-11-29 18:00:00,3.31018,3.94069,0.407109,2.90307,,,0.122476,16.458
2025-11-29 19:00:00,3.81233,4.34207,0.597133,3.2152,,,0.127688,18.03
2025-11-29 20:00:00,3.43081,3.6654,0.571342,2.85947,,,0.13595,15.233
2025-11-29 21:00:00,3.13981,3.75575,0.452412,2.6874,,,0.122309,17.072
2025-11-29 22:00:00,5.75137,11.982,1.41354,4.33783,,,0.09977,18.39
2025-11-29 23:00:00,3.74012,11.6153,0.442834,3.29729,,,0.086872,13.03
2025-11-30 00:00:00,4.32949,18.6616,0.208248,4.12124,,,0.074503,12.862
2025-11-30 01:00:00,4.56812,17.7059,0.152527,4.41559,,,0.053888,9.415
2025-11-30 02:00:00,0.756763,1.08419,0.065991,0.690772,,,0.053915,8.287
2025-11-30 03:00:00,1.26161,3.26842,0.060073,1.20154,,,0.059445,5.583
2025-11-30 04:00:00,0.749652,2.46596,0.023406,0.726246,,,0.031736,1.801
2025-11-30 05:00:00,0.732436,1.74389,0.020947,0.711489,,,0.034934,3.649
2025-11-30 06:00:00,0.594797,1.06978,0.057565,0.537232,,,0.04861,5.527
2025-11-30 07:00:00,0.868553,1.19307,0.061917,0.806636,,,0.057052,3.647
2025-11-30 08:00:00,1.06341,1.42931,0.195004,0.868404,,,0.065716,7.131
2025-11-30 09:00:00,3.2559,3.23648,0.202469,3.05343,,,0.085362,12.785
2025-11-30 10:00:00,2.84555,2.56819,0.764479,2.08107,,,0.078424,8.79
2025-11-30 11:00:00,2.46863,2.45879,0.264906,2.20372,,,0.078935,11.716
2025-11-30 12:00:00,2.12043,2.52432,0.251133,1.86929,,,0.084868,12.4
2025-11-30 13:00:00,3.29868,4.37491,0.266443,3.03223,,,0.086962,13.503
2025-11-30 14:00:00,3.43502,4.17886,0.254746,3.18028,,,0.087408,10.73
2025-11-30 15:00:00,2.60977,3.84922,0.614338,1.99543,,,0.084122,11.324
2025-11-30 16:00:00,3.0983,3.73289,0.645022,2.45328,,,0.123212,17.179
2025-11-30 17:00:00,7.8415,9.40228,0.600823,7.24068,,,0.090454,17.324
2025-11-30 18:00:00,4.70315,4.8287,1.35303,3.35011,,,0.114035,20.555
2025-11-30 19:00:00,3.86992,4.70794,0.631842,3.23808,,,0.094902,19.172
2025-11-30 20:00:00,3.21662,4.59517,0.237224,2.9794,,,0.090614,16.051
2025-11-30 21:00:00,2.78292,4.56216,0.281343,2.50158,,,0.105385,13.123
2025-11-30 22:00:00,4.55412,11.2171,0.881986,3.67214,,,0.110581,21.284
2025-11-30 23:00:00,4.53044,11.798,0.229046,4.30139,,,0.09279,22.296
2025-12-01 00:00:00,3.99597,11.417,0.171318,3.82465,,,0.063722,14.333
2025-12-01 01:00:00,1.35029,2.71143,0.073646,1.27665,,,0.049562,7.318
2025-12-01 02:00:00,1.17784,1.62685,0.074675,1.10316,,,0.060649,9.552
2025-12-01 03:00:00,0.379478,0.68996,0.030196,0.349282,,,0.037019,3.925
2025-12-01 04:00:00,0.441668,0.947785,0.029757,0.411911,,,0.039215,3.088
2025-12-01 05:00:00,0.331938,1.12904,0.042024,0.289914,,,0.035516,2.615
2025-12-01 06:00:00,0.80813,2.06155,0.046108,0.762022,,,0.045706,2.594
2025-12-01 07:00:00,0.927734,1.94087,0.066776,0.860958,,,0.056955,3.977
2025-12-01 08:00:00,2.51967,3.92471,0.153985,2.36568,,,0.082439,8.021
2025-12-01 09:00:00,1.44804,2.50526,0.117271,1.33077,,,0.07975,7.722
2025-12-01 10:00:00,1.93554,2.99619,0.4023,1.53324,,,0.084655,7.889
2025-12-01 11:00:00,1.95037,2.05735,0.248069,1.7023,,,0.084196,8.012
2025-12-01 12:00:00,2.70309,3.76476,0.256232,2.44686,,,0.086468,9.852
2025-12-01 13:00:00,5.08033,6.95935,0.550741,4.52959,,,0.087632,15.438
2025-12-01 14:00:00,4.78876,8.67528,0.287463,4.50129,,,0.131537,14.091
2025-12-01 15:00:00,3.33865,4.85268,0.229202,3.10944,,,0.096128,11.026
2025-12-01 16:00:00,3.10038,4.2471,0.216358,2.88403,,,0.088488,9.913
2025-12-01 17:00:00,3.76274,5.29964,0.308008,3.45474,,,0.099345,15.673
2025-12-01 18:00:00,5.67614,7.88352,0.503143,5.173,,,0.128516,20.508
2025-12-01 19:00:00,3.6591,5.41287,0.368222,3.29088,,,0.10854,14.032
2025-12-01 20:00:00,3.35054,3.6658,0.269333,3.08121,,,0.116736,9.588
2025-12-01 21:00:00,4.59577,7.36502,0.913954,3.68182,,,0.13489,22.114
2025-12-01 22:00:00,3.30578,6.58523,0.225927,3.07986,,,0.109871,20.707
2025-12-01 23:00:00,3.65849,7.75103,0.220521,3.43797,,,0.09201,15.373
2025-12-02 00:00:00,1.48648,6.88183,0.133768,1.35271,,,0.046312,5.041
2025-12-02 01:00:00,0.860756,4.34725,0.033836,0.82692,,,0.035027,2.155
2025-12-02 02:00:00,0.561298,2.52837,0.028447,0.532851,,,0.034863,2.256
2025-12-02 03:00:00,0.370203,1.55548,0.023358,0.346845,,,0.033785,1.106
2025-12-02 04:00:00,0.124774,0.387495,0.016057,0.108717,,,0.030197,1.362
2025-12-02 05:00:00,0.341069,1.00908,0.020633,0.320436,,,0.033036,1.763
2025-12-02 06:00:00,1.00381,1.90838,0.083673,0.920134,,,0.054248,4.348
2025-12-02 07:00:00,1.23282,2.0547,0.106549,1.12627,,,0.067061,7.816
2025-12-02 08:00:00,2.51422,3.59174,0.358334,2.15588,,,0.074378,8.14
2025-12-02 09:00:00,3.33546,4.43545,0.346819,2.98864,,,0.08947,11.738
2025-12-02 10:00:00,2.7903,3.70066,0.468163,2.32213,,,0.086926,9.394
2025-12-02 11:00:00,2.24518,1.62694,0.174069,2.07111,,,0.0861,10.726
2025-12-02 12:00:00,2.89004,3.20404,0.294418,2.59562,,,0.101711,14.991
2025-12-02 13:00:00,2.4651,4.08129,0.191397,2.2737,,,0.089667,9.935
2025-12-02 14:00:00,3.63246,6.55679,0.769512,2.86295,,,0.085905,7.612
2025-12-02 15:00:00,4.65832,8.08737,0.128427,4.5299,,,0.096287,8.44
2025-12-02 16:00:00,2.06907,3.22284,0.235305,1.83376,,,0.080328,8.934
2025-12-02 17:00:00,4.35096,5.03583,0.643271,3.70769,,,0.124131,16.768
2025-12-02 18:00:00,4.3235,6.67207,0.443099,3.8804,,,0.117303,15.508
2025-12-02 19:00:00,3.42252,5.48482,0.452533,2.96999,,,0.131663,11.116
2025-12-02 20:00:00,5.07113,11.0723,0.95487,4.11626,,,0.146619,20.344
2025-12-02 21:00:00,5.06105,8.2697,1.54948,3.51158,,,0.151841,21.196
2025-12-02 22:00:00,3.37649,6.11683,0.431041,2.94545,,,0.138504,17.31
2025-12-02 23:00:00,3.96461,13.394,0.510855,3.45376,,,0.132035,17.977
2025-12-03 00:00:00,4.38675,19.0728,0.161087,4.22567,,,0.093718,15.746
2025-12-03 01:00:00,3.11017,11.781,0.081348,3.02883,,,0.075407,8.516
2025-12-03 02:00:00,2.0073,5.51456,0.054123,1.95318,,,0.077024,9.864
2025-12-03 03:00:00,0.72205,4.05647,0.094493,0.627557,,,0.045482,3.5
2025-12-03 04:00:00,0.553282,1.80811,0.044377,0.508905,,,0.045892,5.319
2025-12-03 05:00:00,0.204182,0.474841,0.01157,0.192612,,,0.03561,2.115
2025-12-03 06:00:00,1.4258,2.78476,0.051321,1.37448,,,0.054554,3.402
2025-12-03 07:00:00,0.81181,1.16305,0.064552,0.747258,,,0.075863,4.578
2025-12-03 08:00:00,1.73966,2.32575,0.343559,1.3961,,,0.07627,6.399
2025-12-03 09:00:00,1.62557,1.97278,0.246285,1.37929,,,0.080253,7.199
2025-12-03 10:00:00,1.47892,2.07713,0.184341,1.29458,,,0.079182,10.445
2025-12-03 11:00:00,2.19637,2.41891,0.15401,2.04236,,,0.083998,10.368
2025-12-03 12:00:00,1.99836,3.0556,0.319835,1.67853,,,0.082407,6.522
2025-12-03 13:00:00,3.10011,4.57244,0.200483,2.89963,,,0.085184,10.925
2025-12-03 14:00:00,3.1004,6.00854,0.167875,2.93253,,,0.098704,10.299
2025-12-03 15:00:00,2.39588,3.88941,0.168121,2.22775,,,0.084418,8.444
2025-12-03 16:00:00,2.22367,3.56358,0.35202,1.87165,,,0.091818,8.74
2025-12-03 17:00:00,2.60702,3.49466,0.31405,2.29297,,,0.092586,12.214
2025-12-03 18:00:00,3.0916,4.10027,0.448419,2.64318,,,0.100842,11.98
2025-12-03 19:00:00,4.34433,7.02965,0.394486,3.94984,,,0.123463,13.255
2025-12-03 20:00:00,4.08805,7.71331,0.47653,3.61152,,,0.16004,15.023
2025-12-03 21:00:00,4.03945,6.4943,0.49222,3.54723,,,0.165526,17.294
2025-12-03 22:00:00,3.36093,9.23333,0.207351,3.15358,,,0.139783,13.221
2025-12-03 23:00:00,1.86335,6.6548,0.118495,1.74485,,,0.089808,8.34
2025-12-04 00:00:00,2.61587,9.40962,0.070585,2.54529,,,0.060427,4.559
2025-12-04 01:00:00,0.155666,0.403279,0.022771,0.132895,,,0.041783,1.864
2025-12-04 02:00:00,0.422913,1.40037,0.023861,0.399052,,,0.047819,1.949
2025-12-04 03:00:00,0.218956,0.74475,0.015015,0.203941,,,0.040791,1.169
2025-12-04 04:00:00,0.250551,0.808223,0.0167,0.233851,,,0.036524,1.534
2025-12-04 05:00:00,0.084747,0.152423,0.016264,0.068483,,,0.030968,1.577
2025-12-04 06:00:00,0.817729,1.50873,0.046332,0.771397,,,0.043264,3.771
2025-12-04 07:00:00,1.25222,2.1369,0.085664,1.16656,,,0.064665,5.818
2025-12-04 08:00:00,2.49841,3.39458,0.140162,2.35825,,,0.075143,9.824
2025-12-04 09:00:00,2.25956,2.68356,0.147916,2.11164,,,0.078827,9.454
2025-12-04 10:00:00,3.29872,3.14164,0.267975,3.03075,,,0.086293,11.489
2025-12-04 11:00:00,2.99655,2.65181,0.451758,2.54479,,,0.083073,10.845
2025-12-04 12:00:00,3.52787,4.43199,0.613081,2.91479,,,0.089434,12.71
2025-12-04 13:00:00,2.31512,3.25157,0.588491,1.72663,,,0.078608,9.348
2025-12-04 14:00:00,2.2719,4.48991,0.416726,1.85517,,,0.08596,8.433
2025-12-04 15:00:00,3.09979,4.05731,0.253299,2.84649,,,0.085467,11.972
2025-12-04 16:00:00,3.53,4.8489,0.4992,3.0308,,,0.1143,13.315
2025-12-04 17:00:00,6.52266,7.69181,1.31348,5.20918,,,0.10995,20.447
2025-12-04 18:00:00,5.19146,6.97778,0.901884,4.28958,,,0.103055,19.565
2025-12-04 19:00:00,5.92088,9.7383,1.00446,4.91642,,,0.125949,25.184
2025-12-04 20:00:00,4.46218,5.40215,0.582179,3.88,,,0.117239,19.752
2025-12-04 21:00:00,3.39235,6.78469,0.329781,3.06257,,,0.124913,15.371
2025-12-04 22:00:00,3.73983,6.53816,0.226477,3.51335,,,0.08783,18.793
2025-12-04 23:00:00,4.28409,8.85142,0.19935,4.08474,,,0.091083,11.478
2025-12-05 00:00:00,0.724382,3.14949,0.041985,0.682397,,,0.11436,3.186
2025-12-05 01:00:00,0.348573,10.8929,0.019198,0.329375,,,0.12927,1.461
2025-12-05 02:00:00,0.585206,2.45885,0.020772,0.564434,,,0.098512,1.32
2025-12-05 03:00:00,2.34819,10.483,0.071185,2.277,,,0.112533,5.874
2025-12-05 04:00:00,1.49504,8.30578,0.038832,1.45621,,,0.103629,3.563
2025-12-05 05:00:00,0.953579,4.72068,0.027434,0.926145,,,0.099618,2.561
2025-12-05 06:00:00,0.58724,1.65887,0.028443,0.558797,,,0.106697,2.237
2025-12-05 07:00:00,1.77207,2.92421,0.103002,1.66907,,,0.13996,5.693
2025-12-05 08:00:00,2.32139,2.42317,0.135645,2.18575,,,0.156778,9.038
2025-12-05 09:00:00,2.1991,2.80498,0.167092,2.03201,,,0.151674,8.376
2025-12-05 10:00:00,3.21586,3.19668,0.225329,2.99053,,,0.175624,16.489
2025-12-05 11:00:00,3.35556,2.93318,0.227231,3.12833,,,0.160866,12.209
2025-12-05 12:00:00,3.57348,4.24403,0.192848,3.38063,,,0.147169,11.005
2025-12-05 13:00:00,3.65246,4.29702,0.30552,3.34694,,,0.145413,12.528
2025-12-05 14:00:00,1.85783,3.70085,0.144561,1.71327,,,0.140043,8.606
2025-12-05 15:00:00,1.86285,2.97579,0.149356,1.71349,,,0.149023,7.087
2025-12-05 16:00:00,3.4566,3.07527,0.228592,3.22801,0.07787,0.063744,0.158494,13.633
2025-12-05 17:00:00,3.36133,2.81048,0.421915,2.93942,0.103046,0.074518,0.16579,16.618
2025-12-05 18:00:00,6.98127,9.53726,1.08089,5.90038,0.163057,0.097878,0.224964,25.994
2025-12-05 19:00:00,4.73922,5.02036,1.1611,3.57812,0.1734,0.105807,0.233191,30.766
2025-12-05 20:00:00,3.66331,3.46905,0.612752,3.05056,0.134567,0.077481,0.216422,23.846
2025-12-05 21:00:00,3.30556,3.15416,0.430771,2.87479,0.130509,0.091929,0.219919,23.842
2025-12-05 22:00:00,2.87345,4.61969,0.276054,2.59739,0.091738,0.069494,0.208617,19.545
2025-12-05 23:00:00,3.17711,8.40506,0.240845,2.93627,0.075641,0.066125,0.178551,7.06
2025-12-06 00:00:00,2.13815,6.76631,0.279451,1.8587,0.067862,0.053223,0.153752,8.298
2025-12-06 01:00:00,1.93075,6.47904,0.098647,1.83211,0.039645,0.03165,0.144426,5.1
2025-12-06 02:00:00,2.20852,3.09316,0.063774,2.14474,0.035355,0.03254,0.120856,5.923
2025-12-06 03:00:00,0.442486,2.16905,0.01857,0.423916,0.009805,0.007793,0.101482,1.136
2025-12-06 04:00:00,1.52214,8.45633,0.193339,1.3288,0.035141,0.016487,0.152181,6.352
2025-12-06 05:00:00,0.56071,3.01457,0.021687,0.539023,0.016317,0.007393,0.12018,3.286
2025-12-06 06:00:00,0.463164,2.03142,0.02737,0.435794,0.016598,0.007191,0.104943,1.786
2025-12-06 07:00:00,2.03284,5.5542,0.115262,1.91758,0.069738,0.045042,0.137144,6.001
2025-12-06 08:00:00,4.98834,8.2045,0.160705,4.82763,0.065951,0.061841,0.138596,8.531
2025-12-06 09:00:00,1.94295,2.76773,0.174936,1.76801,0.053843,0.033743,0.145434,8.974
2025-12-06 10:00:00,2.41279,3.53781,0.193626,2.21916,0.063416,0.036665,0.14813,13.818
2025-12-06 11:00:00,4.23216,3.98509,0.274774,3.95739,0.072847,0.055752,0.155112,13.661
2025-12-06 12:00:00,6.05368,7.13877,0.459364,5.59432,0.089453,0.073255,0.157325,17.429
2025-12-06 13:00:00,5.94604,7.43256,0.385003,5.56104,0.078881,0.063639,0.159795,14.105
2025-12-06 14:00:00,4.02655,5.57693,0.267434,3.75911,0.089638,0.061677,0.164947,15.665
2025-12-06 15:00:00,3.29957,5.10769,0.252722,3.04684,0.074782,0.048591,0.159073,13.021
2025-12-06 16:00:00,1.58501,1.65796,0.224183,1.36083,0.065223,0.032579,0.150445,10.843
2025-12-06 17:00:00,5.16872,5.29582,0.389717,4.779,0.086182,0.087607,0.175731,18.149
2025-12-06 18:00:00,4.42113,4.65382,0.582566,3.83857,0.111227,0.064779,0.168403,19.237
2025-12-06 19:00:00,5.79812,6.30231,1.16551,4.63262,0.130146,0.09792,0.23718,23.038
2025-12-06 20:00:00,19.2011,20.6908,3.51135,15.6897,0.25436,0.146936,0.262053,29.689
2025-12-06 21:00:00,5.27393,6.93938,1.16049,4.11343,0.182087,0.092308,0.212646,24.228
2025-12-06 22:00:00,4.22065,5.67292,0.40865,3.812,0.116204,0.102474,0.219035,19.447
2025-12-06 23:00:00,2.54737,4.66552,0.110789,2.43658,0.062801,0.061354,0.152545,7.362
2025-12-07 00:00:00,1.82169,4.50914,0.148878,1.67281,0.051332,0.03018,0.138326,8.329
2025-12-07 01:00:00,1.41303,5.69769,0.142354,1.27067,0.046475,0.023189,0.134497,6.295
2025-12-07 02:00:00,1.49749,2.4711,0.266529,1.23096,0.056208,0.021651,0.127814,7.523
2025-12-07 03:00:00,1.27557,2.14022,0.075487,1.20009,0.026747,0.01635,0.117119,4.774
2025-12-07 04:00:00,0.191316,0.382635,0.018428,0.172888,0.017242,0.008177,0.109153,1.709
2025-12-07 05:00:00,0.571203,1.56924,0.032182,0.539021,0.023624,0.013658,0.109979,2.382
2025-12-07 06:00:00,0.167247,0.388946,0.013809,0.153438,0.007438,0.002869,0.099785,1.171
2025-12-07 07:00:00,1.60861,2.03108,0.077697,1.53092,0.029237,0.019221,0.117648,5.039
2025-12-07 08:00:00,2.33763,3.10855,0.129338,2.20829,0.057522,0.038395,0.142296,9.192
2025-12-07 09:00:00,3.05334,3.18056,0.624917,2.42842,0.094598,0.041577,0.152725,10.191
2025-12-07 10:00:00,2.24888,2.29947,0.209775,2.03911,0.065221,0.035411,0.152056,9.602
2025-12-07 11:00:00,2.84007,2.55402,0.320848,2.51923,0.088596,0.052522,0.174423,12.032
2025-12-07 12:00:00,3.86139,4.28092,0.300301,3.56109,0.083329,0.054327,0.157474,12.648
2025-12-07 13:00:00,2.46786,2.2476,0.198926,2.26893,0.068849,0.047082,0.153031,11.963
2025-12-07 14:00:00,3.26918,3.96745,0.326081,2.9431,0.108416,0.052032,0.161285,14.127
2025-12-07 15:00:00,4.05108,4.67792,0.62704,3.42404,0.138745,0.0705,0.182237,15.893
2025-12-07 16:00:00,3.94418,4.43166,0.640161,3.30402,0.099994,0.074716,0.179529,15.936
2025-12-07 17:00:00,3.50618,3.59239,0.623471,2.88271,0.107323,0.066743,0.188532,15.992
2025-12-07 18:00:00,3.28435,3.39994,0.311525,2.97282,0.113448,0.06363,0.181669,15.679
2025-12-07 19:00:00,3.57151,4.82636,0.380329,3.19118,0.100136,0.073725,0.188542,16.611
2025-12-07 20:00:00,5.58613,6.1386,0.725024,4.8611,0.153162,0.112835,0.224853,23.927
2025-12-07 21:00:00,4.89858,6.00315,0.466217,4.43236,0.121416,0.076623,0.171367,19.23
2025-12-07 22:00:00,5.32383,8.2158,0.425022,4.89881,0.097341,0.074791,0.152771,20.038
2025-12-07 23:00:00,2.79653,5.10315,0.307611,2.48892,0.086502,0.048882,0.143821,15.679
2025-12-08 00:00:00,1.38515,2.13758,0.162059,1.22309,0.065678,0.032071,0.131281,15.15
2025-12-08 01:00:00,2.20426,4.46206,0.138758,2.0655,0.050511,0.031748,0.123304,10.63
2025-12-08 02:00:00,0.96182,1.08803,0.067889,0.893931,0.040475,0.021882,0.129325,8.396
2025-12-08 03:00:00,0.368763,0.555367,0.043844,0.324919,0.029972,0.009401,0.112644,4.853
2025-12-08 04:00:00,1.12837,1.7413,0.046793,1.08157,0.03215,0.014434,0.104947,4.533
2025-12-08 05:00:00,0.29314,0.990344,0.0204,0.27274,0.015107,0.006242,0.101821,2.201
2025-12-08 06:00:00,0.42873,0.808923,0.024152,0.404578,0.027614,0.010512,0.116088,2.595
2025-12-08 07:00:00,1.79936,2.8115,0.143003,1.65636,0.037259,0.026182,0.134213,5.053
2025-12-08 08:00:00,2.23508,2.3879,0.145681,2.0894,0.053333,0.035312,0.151614,8.332
2025-12-08 09:00:00,2.04142,2.51406,0.125978,1.91544,0.052233,0.033543,0.148881,8.878
2025-12-08 10:00:00,3.31355,4.383,0.302766,3.01078,0.079961,0.047611,0.164324,13.811
2025-12-08 11:00:00,1.93703,1.55211,0.128652,1.80838,0.051965,0.039361,0.154037,8.961
2025-12-08 12:00:00,1.32849,1.2439,0.108267,1.22022,0.053164,0.02679,0.149676,7.37
2025-12-08 13:00:00,2.33389,2.18939,0.238853,2.09503,0.057277,0.032283,0.144312,9.692
2025-12-08 14:00:00,1.99377,2.68702,0.169182,1.82458,0.060062,0.036899,0.150375,8.273
2025-12-08 15:00:00,2.23467,2.86496,0.212835,2.02184,0.056853,0.03256,0.145107,8.942
2025-12-08 16:00:00,3.50203,2.87523,0.424066,3.07796,0.091723,0.049723,0.163791,16.696
2025-12-08 17:00:00,4.54072,4.68116,1.0194,3.52133,0.106869,0.065312,0.165428,15.106
2025-12-08 18:00:00,7.19466,5.58592,0.977098,6.21756,0.16183,0.123248,0.197349,31.983
2025-12-08 19:00:00,8.19393,5.98972,1.27603,6.9179,0.204006,0.140008,0.22945,35.606
2025-12-08 20:00:00,7.43003,4.21203,0.572296,6.85773,0.160384,0.133997,0.229227,29.375
2025-12-08 21:00:00,5.58825,5.03446,1.03846,4.54979,0.171006,0.098165,0.184968,26.124
2025-12-08 22:00:00,4.05418,4.03803,0.328112,3.72607,0.100642,0.07307,0.151286,14.331
2025-12-08 23:00:00,4.62405,8.79097,0.202526,4.42153,0.055753,0.059417,0.138493,9.907
2025-12-09 00:00:00,4.21941,12.2657,0.103458,4.11596,0.047841,0.05932,0.157657,8.44
2025-12-09 01:00:00,1.11063,2.24824,0.060451,1.05018,0.033339,0.019798,0.111756,3.918
2025-12-09 02:00:00,2.83348,3.31789,0.152422,2.68106,0.032077,0.034844,0.125689,7.313
2025-12-09 03:00:00,1.60363,2.73657,0.098864,1.50477,0.030536,0.018983,0.116462,7.032
2025-12-09 04:00:00,0.107282,0.233222,0.016579,0.090703,0.012305,0.004305,0.099404,2.128
2025-12-09 05:00:00,0.330692,0.791131,0.044086,0.286606,0.031896,0.018752,0.106209,3.388
2025-12-09 06:00:00,0.435762,0.819101,0.024838,0.410924,0.021092,0.013152,0.112084,1.741
2025-12-09 07:00:00,0.941008,1.35592,0.073601,0.867407,0.044983,0.025975,0.140189,5.274
2025-12-09 08:00:00,2.68467,3.02328,0.246953,2.43772,0.057912,0.038872,0.159329,8.557
2025-12-09 09:00:00,1.33569,1.81479,0.109952,1.22573,0.046037,0.030145,0.146552,6.466
2025-12-09 10:00:00,1.96933,2.48652,0.147144,1.82218,0.055071,0.040467,0.148083,7.271
2025-12-09 11:00:00,2.29875,1.839,0.322882,1.97587,0.069097,0.038682,0.160883,11.171
2025-12-09 12:00:00,4.11382,4.80587,0.992567,3.12126,0.125066,0.063688,0.170576,17.048
2025-12-09 13:00:00,4.47616,4.29574,0.704514,3.77165,0.098288,0.07245,0.159405,15.517
2025-12-09 14:00:00,1.60249,2.30906,0.185516,1.41697,0.063492,0.03551,0.152405,7.925
2025-12-09 15:00:00,1.95177,2.65185,0.22987,1.7219,0.056059,0.031133,0.145705,7.031
2025-12-09 16:00:00,1.9447,2.30962,0.357188,1.58751,0.068184,0.032265,0.14984,9.31
2025-12-09 17:00:00,2.30473,2.1825,0.251103,2.05362,0.07156,0.040755,0.160737,11.941
2025-12-09 18:00:00,4.20862,3.98543,0.837036,3.37158,0.129241,0.078307,0.195554,18.021
2025-12-09 19:00:00,4.16098,5.13701,0.299839,3.86114,0.094364,0.07094,0.181243,14.812
2025-12-09 20:00:00,3.27314,3.5195,0.546846,2.72629,0.12063,0.067714,0.184913,18.901
2025-12-09 21:00:00,2.98254,3.87343,0.547737,2.4348,0.111243,0.069344,0.189248,17.689
2025-12-09 22:00:00,5.10488,8.53659,1.60321,3.50168,0.20133,0.091109,0.240332,26.184
2025-12-09 23:00:00,5.24192,10.6978,0.571436,4.67049,0.099442,0.074355,0.18204,19.948
2025-12-10 00:00:00,1.09917,3.19527,0.082034,1.01714,0.040579,0.024817,0.130266,7.273
2025-12-10 01:00:00,0.689613,2.25364,0.301648,0.387965,0.049942,0.012563,0.157052,6.271
2025-12-10 02:00:00,4.07559,6.59481,0.109385,3.96621,0.038051,0.07407,0.154077,8.106
2025-12-10 03:00:00,0.747302,1.14617,0.073192,0.67411,0.032511,0.017837,0.12558,6.237
2025-12-10 04:00:00,0.595873,0.816265,0.086514,0.509359,0.025268,0.008711,0.110556,3.915
2025-12-10 05:00:00,0.398779,1.35639,0.017926,0.380853,0.012066,0.007453,0.100255,1.262
2025-12-10 06:00:00,0.607488,1.48894,0.026382,0.581106,0.02566,0.014446,0.116631,1.828
2025-12-10 07:00:00,1.77358,2.9758,0.215323,1.55825,0.050146,0.02535,0.13649,6.791
2025-12-10 08:00:00,1.40119,2.07276,0.19101,1.21018,0.05185,0.024893,0.142848,8.814
2025-12-10 09:00:00,2.22461,2.57478,0.329369,1.89524,0.062669,0.029299,0.158292,10.411
2025-12-10 10:00:00,2.6566,2.18471,0.274923,2.38168,0.071425,0.040526,0.163082,9.773
2025-12-10 11:00:00,3.48481,2.77453,0.671025,2.81378,0.104112,0.053088,0.169954,12.411
2025-12-10 12:00:00,2.83144,3.01217,0.194388,2.63705,0.07241,0.044387,0.169541,13.282
2025-12-10 13:00:00,2.32321,2.20418,0.442143,1.88107,0.08228,0.042439,0.16885,11.52
2025-12-10 14:00:00,2.33914,2.9836,0.153655,2.18549,0.050124,0.041316,0.159299,9.068
2025-12-10 15:00:00,2.43522,2.98434,0.696846,1.73838,0.097183,0.039079,0.151936,8.853
2025-12-10 16:00:00,2.35478,2.4276,0.221583,2.13319,0.057689,0.032647,0.153819,11.147
2025-12-10 17:00:00,2.31995,2.15209,0.316657,2.00329,0.081047,0.042519,0.164537,13.145
2025-12-10 18:00:00,3.70087,3.38288,0.705461,2.99541,0.109229,0.063629,0.178474,17.213
2025-12-10 19:00:00,4.19379,3.91212,0.676355,3.51744,0.122593,0.07423,0.211589,22.009
2025-12-10 20:00:00,4.59961,4.21209,0.916891,3.68272,0.156282,0.088006,0.229559,23.453
2025-12-10 21:00:00,4.84734,5.31507,0.537928,4.30941,0.133091,0.09534,0.213199,18.474
2025-12-10 22:00:00,2.7612,3.87809,0.335859,2.42534,0.07977,0.060168,0.177841,14.269
2025-12-10 23:00:00,1.56919,2.26109,0.15854,1.41065,0.051235,0.044798,0.134049,6.205
2025-12-11 00:00:00,0.918255,1.71316,0.066203,0.852052,0.049693,0.029157,0.126636,8.772
2025-12-11 01:00:00,1.13709,3.00818,0.049979,1.08711,0.025622,0.017187,0.108,4.413
2025-12-11 02:00:00,0.857097,0.741432,0.043798,0.813299,0.031975,0.014545,0.116603,4.282
2025-12-11 03:00:00,0.333628,0.510134,0.023199,0.310429,0.021542,0.010182,0.111116,2.019
2025-12-11 04:00:00,0.156419,0.248284,0.014375,0.142044,0.012699,0.003109,0.100512,1.165
2025-12-11 05:00:00,0.370037,1.16364,0.025703,0.344334,0.02324,0.011195,0.104014,1.876
2025-12-11 06:00:00,0.873009,1.3556,0.065001,0.808008,0.028776,0.01337,0.115692,4.135
2025-12-11 07:00:00,0.753614,0.83735,0.066207,0.687407,0.039012,0.023272,0.137144,4.359
2025-12-11 08:00:00,2.23445,2.10798,0.244822,1.98963,0.078531,0.039073,0.161259,8.962
2025-12-11 09:00:00,1.83461,1.58156,0.218284,1.61633,0.057206,0.027704,0.151172,7.552
2025-12-11 10:00:00,2.05046,1.60695,0.242211,1.80825,0.071273,0.037636,0.17248,13.549
2025-12-11 11:00:00,2.85738,2.20138,0.397248,2.46014,0.069293,0.047033,0.160507,11.885
2025-12-11 12:00:00,3.76832,3.62339,0.777044,2.99128,0.102501,0.054082,0.162845,14.387
2025-12-11 13:00:00,4.0442,3.57262,1.04063,3.00357,0.120758,0.052772,0.158451,11.499
2025-12-11 14:00:00,2.22589,2.59428,0.190789,2.0351,0.069756,0.03933,0.155165,8.969
2025-12-11 15:00:00,2.12197,2.32672,0.281082,1.84089,0.072904,0.042784,0.168871,8.412
2025-12-11 16:00:00,1.80873,2.49824,0.227925,1.5808,0.074259,0.035055,0.156022,8.015
2025-12-11 17:00:00,2.80711,2.37488,0.511529,2.29558,0.091879,0.046691,0.16136,12.143
2025-12-11 18:00:00,6.21077,4.75556,0.423826,5.78694,0.121496,0.08883,0.186172,20.368
2025-12-11 19:00:00,4.93179,3.91412,0.520532,4.41126,0.113263,0.075894,0.181811,20.124
2025-12-11 20:00:00,4.62919,3.82578,0.350613,4.27858,0.097605,0.075275,0.197012,20.879
2025-12-11 21:00:00,4.93542,4.54459,0.968832,3.96659,0.137466,0.078391,0.2086,22.428
2025-12-11 22:00:00,2.62039,3.5032,0.655456,1.96494,0.119325,0.050889,0.166713,13.29
2025-12-11 23:00:00,2.43692,3.72618,0.840671,1.59625,0.094729,0.040478,0.162705,8.657
2025-12-12 00:00:00,1.0921,2.07623,0.059638,1.03246,0.031146,0.023146,0.114775,4.323
2025-12-12 01:00:00,0.502832,1.02619,0.042544,0.460288,0.040187,0.016631,0.118291,4.067
2025-12-12 02:00:00,1.15624,1.07059,0.062823,1.09342,0.038317,0.016935,0.131922,6.216
2025-12-12 03:00:00,0.116836,0.207892,0.017191,0.099645,0.021533,0.005449,0.111598,2.946
2025-12-12 04:00:00,0.913543,1.2653,0.03893,0.874613,0.032329,0.014303,0.11415,5.147
2025-12-12 05:00:00,1.13223,2.39879,0.048415,1.08382,0.032255,0.01403,0.115547,6.288
2025-12-12 06:00:00,1.08929,1.71272,0.05141,1.03788,0.036129,0.021182,0.118792,5.829
2025-12-12 07:00:00,1.93548,2.65134,0.116395,1.81908,0.050918,0.034944,0.140081,9.292
2025-12-12 08:00:00,3.27108,3.37922,0.34946,2.92162,0.065524,0.033958,0.153563,10.08
2025-12-12 09:00:00,1.81471,1.83675,0.247352,1.56736,0.046583,0.026505,0.149692,7.898
2025-12-12 10:00:00,2.9385,2.55967,0.370143,2.56836,0.081078,0.03965,0.154386,13
2025-12-12 11:00:00,3.05586,2.45253,0.196509,2.85935,0.064424,0.039436,0.15832,10.263
2025-12-12 12:00:00,3.80436,3.39675,0.264672,3.53969,0.068568,0.047167,0.158465,15.106
2025-12-12 13:00:00,4.47305,5.66209,0.217043,4.25601,0.061681,0.054518,0.158037,13.726
2025-12-12 14:00:00,5.24006,7.9155,0.607488,4.63258,0.066407,0.049731,0.160144,10.416
2025-12-12 15:00:00,2.56502,3.19828,0.306906,2.25812,0.060048,0.034497,0.155984,8.859
2025-12-12 16:00:00,2.56194,2.82152,0.256623,2.30532,0.084147,0.048024,0.177643,14.838
2025-12-12 17:00:00,2.87864,2.24193,0.380081,2.49856,0.08663,0.057999,0.185725,14.312
2025-12-12 18:00:00,3.91285,3.25528,0.92926,2.98359,0.149257,0.064203,0.186318,17.371
2025-12-12 19:00:00,4.2849,3.105,0.494922,3.78998,0.109054,0.078958,0.219591,17.524
2025-12-12 20:00:00,3.6452,3.82097,0.933158,2.71205,0.15185,0.066965,0.218368,17.728
2025-12-12 21:00:00,4.2609,4.46636,0.937277,3.32363,0.13475,0.075736,0.191796,15.838
2025-12-12 22:00:00,7.41497,9.06476,0.494502,6.92047,0.116989,0.097027,0.185632,20.992
2025-12-12 23:00:00,3.93848,7.97264,0.48915,3.44933,0.088429,0.068322,0.151783,16.007
2025-12-13 00:00:00,2.14352,3.42415,0.138998,2.00452,0.057419,0.037314,0.136721,7.58
2025-12-13 01:00:00,3.40093,5.48537,0.126087,3.27484,0.052567,0.037245,0.134373,10.206
2025-12-13 02:00:00,0.701009,0.458775,0.040399,0.66061,0.037437,0.019104,0.120278,6.697
2025-12-13 03:00:00,1.07033,1.34464,0.04357,1.02676,0.036165,0.030309,0.117765,5.292
2025-12-13 04:00:00,1.59651,1.57447,0.058545,1.53797,0.028946,0.021283,0.113907,3.997
2025-12-13 05:00:00,1.10339,1.5945,0.03815,1.06524,0.02596,0.018708,0.127352,5.112
2025-12-13 06:00:00,0.285394,0.336548,0.027222,0.258172,0.019747,0.007268,0.107831,2.236
2025-12-13 07:00:00,1.11275,1.77757,0.135029,0.977726,0.037097,0.02938,0.129988,4.025
2025-12-13 08:00:00,2.34626,3.08719,0.327951,2.01831,0.050443,0.027397,0.140594,6.081
2025-12-13 09:00:00,3.48449,3.50552,0.392009,3.09248,0.07277,0.042884,0.168183,9.887
2025-12-13 10:00:00,2.0621,3.93532,0.353264,1.70884,0.087267,0.042681,0.163859,12.157
2025-12-13 11:00:00,2.67069,3.17184,0.342243,2.32845,0.085856,0.044649,0.160439,12.118
2025-12-13 12:00:00,2.88049,2.12739,0.418981,2.4615,0.093628,0.050594,0.164878,12.362
2025-12-13 13:00:00,3.72335,3.90288,0.287869,3.43548,0.075912,0.048602,0.169706,14.187
2025-12-13 14:00:00,4.11922,3.40995,0.270767,3.84845,0.087936,0.065843,0.171336,14.481
2025-12-13 15:00:00,3.44988,4.20717,0.181868,3.26801,0.080744,0.06033,0.161571,14.706
2025-12-13 16:00:00,1.8506,2.22963,0.206394,1.6442,0.082575,0.046332,0.170455,11.26
2025-12-13 17:00:00,4.6107,5.08907,0.290956,4.31974,0.078275,0.050112,0.165007,12.066
2025-12-13 18:00:00,4.70384,4.06907,0.98098,3.72286,0.129305,0.069792,0.193269,22.634
2025-12-13 19:00:00,5.0973,4.76384,0.745062,4.35224,0.133548,0.071735,0.180258,21.153
2025-12-13 20:00:00,3.74388,3.99134,0.822849,2.92103,0.136422,0.058568,0.177073,17.718
2025-12-13 21:00:00,3.17466,3.44323,0.438642,2.73602,0.106745,0.057918,0.172309,22.274
2025-12-13 22:00:00,2.89776,3.49867,0.365898,2.53186,0.093882,0.053402,0.162419,19.4745
2025-12-13 23:00:00,2.62086,3.55411,0.293155,2.3277,0.081019,0.048885,0.152529,16.675
2025-12-14 00:00:00,2.34396,3.60956,0.220412,2.12355,0.068156,0.044369,0.14264,13.8755
2025-12-14 01:00:00,2.06706,3.665,0.147668,1.91939,0.055293,0.039853,0.13275,11.076
2025-12-14 02:00:00,2.42743,2.18687,0.11831,2.30912,0.048792,0.035976,0.130172,9.288
2025-12-14 03:00:00,1.59031,1.94415,0.056536,1.53378,0.034377,0.027599,0.121168,6.464
2025-12-14 04:00:00,0.122074,0.884591,0.003648,0.118426,0.036953,0.018993,0.112352,4.614
2025-12-14 05:00:00,0.622068,2.48827,0.021533,0.600535,0.028578,0.013668,0.110914,4.868
2025-12-14 06:00:00,0.1672,0.3889,0.0138,0.1534,0.0074,0.0029,0.0998,1.171
2025-12-14 07:00:00,1.6086,2.0311,0.0777,1.5309,0.0292,0.0192,0.1176,5.039
2025-12-14 08:00:00,2.3376,3.1085,0.1293,2.2083,0.0575,0.0384,0.1423,9.192
2025-12-14 09:00:00,3.0533,3.1806,0.6249,2.4284,0.0946,0.0416,0.1527,10.191
2025-12-14 10:00:00,2.2489,2.2995,0.2098,2.0391,0.0652,0.0354,0.1521,9.602
2025-12-14 11:00:00,2.8401,2.554,0.3208,2.5192,0.0886,0.0525,0.1744,12.032
2025-12-14 12:00:00,3.8614,4.2809,0.3003,3.5611,0.0833,0.0543,0.1575,12.648
2025-12-14 13:00:00,2.4679,2.2476,0.1989,2.2689,0.0688,0.0471,0.153,11.963
2025-12-14 14:00:00,3.2692,3.9675,0.3261,2.9431,0.1084,0.052,0.1613,14.127
2025-12-14 15:00:00,4.0511,4.6779,0.627,3.424,0.1387,0.0705,0.1822,15.893
2025-12-14 16:00:00,3.9442,4.4317,0.6402,3.304,0.1,0.0747,0.1795,15.936
2025-12-14 17:00:00,3.5062,3.5924,0.6235,2.8827,0.1073,0.0667,0.1885,15.992
2025-12-14 18:00:00,3.2843,3.3999,0.3115,2.9728,0.1134,0.0636,0.1817,15.679
2025-12-14 19:00:00,3.5715,4.8264,0.3803,3.1912,0.1001,0.0737,0.1885,16.611
2025-12-14 20:00:00,5.5861,6.1386,0.725,4.8611,0.1532,0.1128,0.2249,23.927
2025-12-14 21:00:00,4.8986,6.0032,0.4662,4.4324,0.1214,0.0766,0.1714,19.23
2025-12-14 22:00:00,5.3238,8.2158,0.425,4.8988,0.0973,0.0748,0.1528,20.038
2025-12-14 23:00:00,2.7965,5.1032,0.3076,2.4889,0.0865,0.0489,0.1438,15.679
2025-12-15 00:00:00,1.3852,2.1376,0.1621,1.2231,0.0657,0.0321,0.1313,15.15
2025-12-15 01:00:00,2.2043,4.4621,0.1388,2.0655,0.0505,0.0317,0.1233,10.63
2025-12-15 02:00:00,0.9618,1.088,0.0679,0.8939,0.0405,0.0219,0.1293,8.396
2025-12-15 03:00:00,0.3688,0.5554,0.0438,0.3249,0.03,0.0094,0.1126,4.853
2025-12-15 04:00:00,1.1284,1.7413,0.0468,1.0816,0.0322,0.0144,0.1049,4.533
2025-12-15 05:00:00,0.2931,0.9903,0.0204,0.2727,0.0151,0.0062,0.1018,2.201
2025-12-15 06:00:00,0.4287,0.8089,0.0242,0.4046,0.0276,0.0105,0.1161,2.595
2025-12-15 07:00:00,1.7994,2.8115,0.143,1.6564,0.0373,0.0262,0.1342,5.053
2025-12-15 08:00:00,3.04165,3.2427,0.303654,2.738,0.09466,0.044098,0.168263,12.206
2025-12-15 09:00:00,2.1708,2.32919,0.115869,2.05493,0.049648,0.028545,0.147571,7.79
2025-12-15 10:00:00,2.95884,2.46982,0.19586,2.76298,0.065511,0.042672,0.155872,11.345
2025-12-15 11:00:00,4.49172,3.07231,0.304123,4.1876,0.083282,0.069752,0.191209,15.858
2025-12-15 12:00:00,2.85398,2.73895,0.396557,2.45743,0.080637,0.046386,0.156197,12.025
2025-12-15 13:00:00,1.71421,1.67403,0.227335,1.48687,0.05771,0.028467,0.149267,9.526
2025-12-15 14:00:00,3.73392,3.69695,0.84956,2.88436,0.109759,0.049855,0.174666,12.993
2025-12-15 15:00:00,4.76174,5.24421,0.485856,4.27588,0.078031,0.054642,0.160815,11.405
2025-12-15 16:00:00,2.70331,2.34255,0.566198,2.13711,0.0831,0.038531,0.155389,11.518
2025-12-15 17:00:00,4.41268,4.32616,0.923968,3.48872,0.125988,0.062841,0.164659,17.668
2025-12-15 18:00:00,4.32905,3.96433,0.536661,3.79239,0.094491,0.062469,0.179134,16.718
2025-12-15 19:00:00,3.88631,3.28235,0.863848,3.02246,0.124163,0.073138,0.183118,15.213
2025-12-15 20:00:00,5.05225,4.74836,0.854644,4.19761,0.141522,0.083862,0.192788,20.905
2025-12-15 21:00:00,3.58703,5.29061,0.299483,3.28755,0.099942,0.070691,0.190717,16.589
2025-12-15 22:00:00,2.71674,3.74207,0.529437,2.1873,0.10302,0.065477,0.21527,13.553
2025-12-15 23:00:00,2.16396,4.68389,0.386478,1.77748,0.075579,0.045267,0.162873,8.118
2025-12-16 00:00:00,1.7356,3.17875,0.100271,1.63533,0.048706,0.043252,0.155524,6.517
2025-12-16 01:00:00,0.531665,1.23643,0.047409,0.484256,0.021794,0.012848,0.104787,2.684
2025-12-16 02:00:00,0.601207,1.30131,0.031309,0.569898,0.016131,0.008683,0.102395,2.365
2025-12-16 03:00:00,0.582853,1.29523,0.020899,0.561954,0.014672,0.006521,0.099983,2.663
2025-12-16 04:00:00,0.590248,1.31166,0.026296,0.563952,0.014347,0.007063,0.098932,2.104
2025-12-16 05:00:00,0.424863,0.839651,0.020573,0.40429,0.013085,0.005344,0.099439,1.887
2025-12-16 06:00:00,0.723874,1.26995,0.05127,0.672604,0.022501,0.009581,0.1107,2.862
2025-12-16 07:00:00,1.07242,1.67044,0.063064,1.00936,0.03657,0.017656,0.138491,5.692
2025-12-16 08:00:00,3.29653,3.56768,0.192778,3.10376,0.065511,0.046956,0.162613,12.675
2025-12-16 09:00:00,2.35542,1.97934,0.160055,2.19536,0.061889,0.039397,0.156388,9.27
2025-12-16 10:00:00,3.20814,2.4527,0.665966,2.54217,0.094161,0.045073,0.168994,11.998
2025-12-16 11:00:00,3.60723,2.99107,0.75944,2.84779,0.108709,0.061857,0.167605,12.378
2025-12-16 12:00:00,4.50688,4.86704,1.11672,3.39016,0.135577,0.061877,0.170656,17.017
2025-12-16 13:00:00,2.51577,2.67635,0.201093,2.31468,0.060199,0.043711,0.156253,9.274
2025-12-16 14:00:00,4.16312,4.36385,0.682235,3.48088,0.089788,0.056482,0.167034,10.537
2025-12-16 15:00:00,3.87104,5.10691,0.422538,3.4485,0.060796,0.059011,0.187496,12.498
2025-12-16 16:00:00,2.49326,2.91951,0.388569,2.10469,0.081892,0.043008,0.174678,14.805
2025-12-16 17:00:00,2.86507,2.77086,0.278013,2.58706,0.079454,0.056008,0.162776,13.861
2025-12-16 18:00:00,5.41348,4.27605,1.47543,3.93805,0.173337,0.087014,0.198736,23.947
2025-12-16 19:00:00,6.46615,6.24146,1.55663,4.90953,0.15744,0.090312,0.194722,22.575
2025-12-16 20:00:00,6.59453,6.89805,0.622958,5.97158,0.154663,0.129246,0.246986,23.411
2025-12-16 21:00:00,4.41238,4.3948,0.298951,4.11343,0.092946,0.082368,0.176104,21.423
2025-12-16 22:00:00,5.50183,6.20974,0.50189,4.99994,0.103391,0.07937,0.161852,15.791
2025-12-16 23:00:00,4.76348,8.21289,0.3202,4.44328,0.082548,0.068405,0.172873,15.211
2025-12-17 00:00:00,4.86449,10.2195,0.521975,4.34251,0.094397,0.051668,0.194345,12.791
2025-12-17 01:00:00,0.930844,2.0965,0.169593,0.761251,0.034489,0.022888,0.131347,3.78
2025-12-17 02:00:00,0.462865,0.324588,0.034702,0.428163,0.021595,0.008701,0.108842,2.106
2025-12-17 03:00:00,0.624677,0.749014,0.046985,0.577692,0.025374,0.008958,0.112529,3.573
2025-12-17 04:00:00,0.449386,0.651285,0.032165,0.417221,0.025242,0.008629,0.115565,3.684
2025-12-17 05:00:00,0.302024,0.528014,0.035082,0.266942,0.03588,0.008092,0.113644,4.287
2025-12-17 06:00:00,1.51362,3.31935,0.090849,1.42277,0.030518,0.013664,0.119798,4.12
2025-12-17 07:00:00,2.51635,2.61033,0.777512,1.73884,0.096042,0.030834,0.144937,11.661
2025-12-17 08:00:00,2.27773,2.19435,0.217376,2.06036,0.076821,0.04131,0.160094,12.122
2025-12-17 09:00:00,1.24085,1.03924,0.253414,0.987436,0.070767,0.028633,0.154665,9.689
2025-12-17 10:00:00,2.33742,1.50801,0.22299,2.11443,0.063978,0.040353,0.159134,9.643
2025-12-17 11:00:00,5.51771,3.36856,0.374124,5.14359,0.086527,0.067794,0.167562,18.303
2025-12-17 12:00:00,4.28352,3.76408,0.78107,3.50245,0.096816,0.058999,0.168978,14.06
2025-12-17 13:00:00,1.61677,1.48056,0.350005,1.26676,0.071921,0.029883,0.153523,9.561
2025-12-17 14:00:00,1.88504,2.72405,0.258056,1.62698,0.061556,0.036594,0.154632,8.034
2025-12-17 15:00:00,2.58572,3.58133,0.280027,2.30569,0.090385,0.058344,0.172209,14.043
2025-12-17 16:00:00,3.81306,4.3232,0.562049,3.25101,0.099839,0.057786,0.167913,12.579
2025-12-17 17:00:00,3.93829,3.58026,0.31397,3.62432,0.08505,0.065474,0.18647,15.924
2025-12-17 18:00:00,4.32359,3.95933,0.359185,3.96441,0.08514,0.065388,0.181606,17.221
2025-12-17 19:00:00,6.00044,6.88124,2.35705,3.64339,0.131739,0.068967,0.181651,17.2
2025-12-17 20:00:00,4.84643,5.22244,1.17296,3.67347,0.138385,0.086948,0.21293,24.262
2025-12-17 21:00:00,4.19559,4.25516,0.353349,3.84224,0.10452,0.074123,0.216206,21.754
2025-12-17 22:00:00,5.32338,5.06024,0.407689,4.91569,0.103838,0.087462,0.201228,22.384
2025-12-17 23:00:00,2.57855,4.29758,0.283082,2.29546,0.074483,0.048933,0.152939,17.824
2025-12-18 00:00:00,2.90278,8.63922,0.133518,2.76926,0.060108,0.050353,0.136554,12.152
2025-12-18 01:00:00,1.03719,2.26461,0.077322,0.95987,0.031973,0.022887,0.111425,4.161
2025-12-18 02:00:00,0.636611,0.550701,0.04637,0.590241,0.03194,0.015281,0.116112,5.172
2025-12-18 03:00:00,0.582975,0.609807,0.028763,0.554212,0.020225,0.013007,0.123854,3.347
2025-12-18 04:00:00,0.636348,0.78368,0.037724,0.598624,0.022494,0.013381,0.111533,3.692
2025-12-18 05:00:00,0.618706,1.08927,0.030465,0.588241,0.021055,0.010751,0.106205,2.4
2025-12-18 06:00:00,1.0516,2.1032,0.045201,1.0064,0.024657,0.013585,0.11406,2.724
2025-12-18 07:00:00,2.25054,3.88024,0.147947,2.10259,0.054352,0.038623,0.141576,6.56
2025-12-18 08:00:00,2.00165,2.50833,0.171939,1.82971,0.059556,0.032518,0.155772,8.833
2025-12-18 09:00:00,2.56786,2.45494,0.189668,2.3782,0.068027,0.044555,0.173577,10.188
2025-12-18 10:00:00,4.01194,4.1791,0.287899,3.72404,0.086738,0.060175,0.172226,10.178
2025-12-18 11:00:00,4.07328,3.52971,0.414505,3.65878,0.089236,0.061652,0.168659,14.334
2025-12-18 12:00:00,2.88167,3.53145,0.287963,2.5937,0.078423,0.05167,0.160686,11.767
2025-12-18 13:00:00,2.42469,2.7001,0.310444,2.11425,0.065973,0.039079,0.149947,10.16
2025-12-18 14:00:00,1.72153,1.78954,0.240661,1.48087,0.080877,0.046626,0.171584,13.305
2025-12-18 15:00:00,1.98077,2.68397,0.171329,1.80944,0.079815,0.050692,0.166536,14.983
2025-12-18 16:00:00,2.43194,3.29531,0.396334,2.0356,0.082837,0.037597,0.16022,14.465
2025-12-18 17:00:00,3.60315,3.03807,0.511806,3.09134,0.095833,0.05601,0.167666,15.753
2025-12-18 18:00:00,5.53022,5.34838,0.944163,4.58606,0.143084,0.0776,0.198027,19.75
2025-12-18 19:00:00,5.26347,4.84665,0.524234,4.73923,0.134288,0.097184,0.210823,23.439
2025-12-18 20:00:00,4.7701,5.35966,0.343727,4.42637,0.113373,0.08001,0.199987,26.063
2025-12-18 21:00:00,5.43619,6.45628,1.2631,4.17309,0.168269,0.090117,0.216908,24.54
2025-12-18 22:00:00,3.02458,4.18917,0.641676,2.3829,0.124573,0.072096,0.172297,18.565
2025-12-18 23:00:00,1.59621,2.7239,0.133636,1.46257,0.06186,0.053184,0.144274,10.001
2025-12-19 00:00:00,2.18675,4.35607,0.181589,2.00516,0.043884,0.03992,0.11763,5.423
2025-12-19 01:00:00,1.04607,1.79122,0.094564,0.951509,0.038688,0.022295,0.110407,4.443
2025-12-19 02:00:00,0.282261,0.190459,0.030568,0.251693,0.029827,0.010699,0.113741,2.952
2025-12-19 03:00:00,0.137994,0.144649,0.022271,0.115723,0.02313,0.0058,0.110582,1.964
2025-12-19 04:00:00,0.537866,0.753314,0.024457,0.513409,0.024622,0.007899,0.107869,2.148
2025-12-19 05:00:00,0.070268,0.151439,0.006026,0.064242,0.011445,0.002807,0.098077,0.619
2025-12-19 06:00:00,1.1331,1.69625,0.099997,1.0331,0.033192,0.020596,0.126672,3.997
2025-12-19 07:00:00,1.1638,1.9928,0.112658,1.05114,0.043203,0.024135,0.137529,4.56
2025-12-19 08:00:00,2.08746,2.72514,0.21579,1.87167,0.06803,0.040086,0.150054,8.547
2025-12-19 09:00:00,1.71226,1.81384,0.137666,1.5746,0.055631,0.032471,0.152019,7.639
2025-12-19 10:00:00,1.45661,1.31226,0.179919,1.27669,0.049416,0.031673,0.149606,7.046
2025-12-19 11:00:00,2.8633,2.21961,0.303618,2.55968,0.083229,0.045297,0.168176,13.617
2025-12-19 12:00:00,3.32514,2.91168,0.232836,3.09231,0.087868,0.045242,0.170446,15.274
2025-12-19 13:00:00,1.65076,2.02796,0.204376,1.44639,0.06105,0.035614,0.150634,6.776
2025-12-19 14:00:00,2.88441,4.57842,0.562524,2.32188,0.074712,0.052054,0.163399,13.458
2025-12-19 15:00:00,2.92561,3.68465,0.730213,2.1954,0.099043,0.046339,0.168445,16.352
2025-12-19 16:00:00,3.12375,4.078,0.712594,2.41116,0.09399,0.050475,0.164834,13.391
2025-12-19 17:00:00,2.72886,2.91545,0.352926,2.37593,0.080648,0.049779,0.16361,14.881
2025-12-19 18:00:00,3.82935,3.11329,0.452122,3.37723,0.100885,0.079652,0.198803,21.463
2025-12-19 19:00:00,6.75434,6.30069,0.739077,6.01527,0.156397,0.120661,0.235612,23.477
2025-12-19 20:00:00,4.71714,3.69103,0.467389,4.24975,0.118357,0.086755,0.203562,26.407
2025-12-19 21:00:00,3.58091,2.04157,0.324547,3.25636,0.106201,0.072239,0.188123,24.239
2025-12-19 22:00:00,3.97316,3.79843,0.628838,3.34432,0.129855,0.078655,0.172248,23.169
2025-12-19 23:00:00,3.978,5.69914,0.195759,3.78224,0.083101,0.0697,0.145281,18.294
2025-12-20 00:00:00,3.65545,5.87692,0.204163,3.45128,0.069411,0.061791,0.140043,13.897
2025-12-20 01:00:00,0.844267,1.13173,0.041596,0.802671,0.046962,0.024444,0.128587,7.884
2025-12-20 02:00:00,1.50857,0.960872,0.066973,1.4416,0.042911,0.031705,0.130902,7.469
2025-12-20 03:00:00,2.0529,1.84946,0.095353,1.95755,0.059424,0.030741,0.149116,12.725
2025-12-20 04:00:00,0.958566,0.909454,0.051935,0.906631,0.032409,0.015864,0.112065,5.463
2025-12-20 05:00:00,0.303456,0.662568,0.018303,0.285153,0.015614,0.007846,0.102232,2.267
2025-12-20 06:00:00,0.553678,0.951339,0.051673,0.502005,0.022285,0.011321,0.108969,2.963
2025-12-20 07:00:00,0.721709,0.991359,0.046868,0.674841,0.029056,0.011465,0.1224,3.416
2025-12-20 08:00:00,2.35512,3.08262,0.16333,2.19179,0.05346,0.029098,0.14249,7.696
2025-12-20 09:00:00,2.5852,2.54449,0.252335,2.33286,0.062041,0.035413,0.155527,11.445
2025-12-20 10:00:00,2.38815,2.24873,0.257828,2.13032,0.073381,0.048002,0.162623,12.3
2025-12-20 11:00:00,3.29886,2.75824,0.249631,3.04922,0.079872,0.058945,0.162452,14.071
2025-12-20 12:00:00,2.93334,2.43228,0.34552,2.58782,0.085388,0.05654,0.161425,12.476
2025-12-20 13:00:00,2.75046,2.47343,0.919344,1.83112,0.125671,0.058592,0.167089,12.937
2025-12-20 14:00:00,3.98869,4.33553,0.87722,3.11147,0.099363,0.054159,0.16287,12.29
2025-12-20 15:00:00,2.58303,2.77149,0.213607,2.36942,0.055336,0.042961,0.151626,8.464
2025-12-20 16:00:00,2.60007,2.29283,0.410888,2.18918,0.088316,0.054624,0.165025,11.205
2025-12-20 17:00:00,2.68793,2.63007,0.466576,2.22136,0.090313,0.061345,0.173416,17.271
2025-12-20 18:00:00,2.95846,2.30409,0.360678,2.59778,0.100949,0.067801,0.197968,16.71
2025-12-20 19:00:00,4.39163,3.63545,0.514484,3.87714,0.111128,0.084571,0.203508,20.063
2025-12-20 20:00:00,3.88819,4.00019,0.966608,2.92158,0.148251,0.073652,0.191157,20.35
2025-12-20 21:00:00,3.52469,3.83118,0.511764,3.01292,0.131423,0.070781,0.178601,17.401
2025-12-20 22:00:00,3.71877,4.38535,0.522176,3.1966,0.113496,0.066074,0.166299,19.714
2025-12-20 23:00:00,1.78104,2.08065,0.138906,1.64213,0.066578,0.06675,0.155424,14.499
2025-12-21 00:00:00,2.88163,4.67798,0.295701,2.58593,0.063516,0.051339,0.14192,12.127
2025-12-21 01:00:00,1.62427,2.16569,0.095521,1.52875,0.053733,0.035937,0.133194,11.419
2025-12-21 02:00:00,1.33365,0.858201,0.069668,1.26398,0.046377,0.028621,0.129696,8.14
2025-12-21 03:00:00,0.600192,0.591905,0.06338,0.536812,0.031209,0.019402,0.118839,3.957
2025-12-21 04:00:00,0.595803,0.611708,0.035983,0.55982,0.038711,0.024224,0.112568,4.629
2025-12-21 05:00:00,0.751031,1.06078,0.03909,0.711941,0.034776,0.017044,0.107755,5.24
2025-12-21 06:00:00,0.796236,1.1675,0.0599,0.736336,0.039456,0.015845,0.115459,6.861
2025-12-21 07:00:00,1.75347,2.68115,0.312128,1.44135,0.072367,0.032374,0.130551,8.567
2025-12-21 08:00:00,2.27732,2.85378,0.443234,1.83408,0.084881,0.040065,0.142678,7
2025-12-21 09:00:00,2.54243,2.49748,0.154903,2.38753,0.064804,0.04479,0.153298,9.949
2025-12-21 10:00:00,1.9677,1.84241,0.197584,1.77011,0.068306,0.046647,0.169272,10.521
2025-12-21 11:00:00,2.99547,2.51721,0.345532,2.64994,0.080799,0.047516,0.166593,13.69
2025-12-21 12:00:00,2.77887,2.08624,0.366014,2.41286,0.089144,0.050309,0.173327,14.363
2025-12-21 13:00:00,3.42194,3.28401,0.518493,2.90345,0.095767,0.054801,0.182807,16.954
2025-12-21 14:00:00,2.95424,2.99619,0.373171,2.58107,0.090442,0.052438,0.188386,13.794
2025-12-21 15:00:00,4.28118,4.41359,0.289908,3.99127,0.08452,0.064224,0.202636,17.91
2025-12-21 16:00:00,4.50034,3.98967,0.313771,4.18657,0.111793,0.098965,0.220052,25.431
2025-12-21 17:00:00,6.08224,3.5239,0.37105,5.71119,0.107938,0.125675,0.211855,20.901
2025-12-21 18:00:00,4.95987,3.37406,0.558343,4.40152,0.115301,0.078825,0.180958,23.694
2025-12-21 19:00:00,4.3357,3.62516,0.51595,3.81975,0.108779,0.082702,0.199075,26.715
2025-12-21 20:00:00,5.42977,4.45063,0.539843,4.88992,0.109847,0.099153,0.19511,24.679
2025-12-21 21:00:00,8.25977,7.27093,0.564222,7.69555,0.136452,0.15004,0.239469,29.28
2025-12-21 22:00:00,7.78632,6.86582,0.5303,7.25602,0.13131,0.141088,0.233148,27.8783
2025-12-21 23:00:00,7.31286,6.46071,0.496377,6.81648,0.126169,0.132135,0.226827,26.4767
2025-12-22 00:00:00,6.8394,6.0556,0.462455,6.37695,0.121027,0.123182,0.220507,25.075
2025-12-22 01:00:00,,,,,,,,
2025-12-22 02:00:00,,,,,,,,
2025-12-22 03:00:00,,,,,,,,
2025-12-22 04:00:00,,,,,,,,
2025-12-22 05:00:00,,,,,,,,
2025-12-22 06:00:00,,,,,,,,
2025-12-22 07:00:00,,,,,,,,
2025-12-22 08:00:00,,,,,,,,
2025-12-22 09:00:00,2.57828,2.40961,0.157153,2.42113,0.074753,0.042608,0.163619,12.46
2025-12-22 10:00:00,1.91871,1.50134,0.254556,1.66416,0.071186,0.050164,0.16088,9.678
2025-12-22 11:00:00,2.02103,1.66752,0.283255,1.73778,0.062859,0.047738,0.165946,9.214
2025-12-22 12:00:00,2.01364,2.89316,0.408282,1.60536,0.074155,0.041622,0.15293,10.506
2025-12-22 13:00:00,2.9241,4.26253,0.603902,2.3202,0.1077,0.046697,0.15163,11.222
2025-12-22 14:00:00,3.34586,4.71248,0.902482,2.44338,0.131836,0.049024,0.173163,12.282
2025-12-22 15:00:00,2.89146,4.35461,0.145209,2.74625,0.067658,0.051857,0.16902,9.292
2025-12-22 16:00:00,2.75202,3.9769,0.439042,2.31297,0.109029,0.051521,0.180274,16.53
2025-12-22 17:00:00,4.55131,4.26952,0.761696,3.78961,0.130145,0.07685,0.1782,22.108
2025-12-22 18:00:00,4.61594,4.31397,0.892156,3.72379,0.146779,0.085912,0.197747,20.803
2025-12-22 19:00:00,3.16031,3.64931,0.512016,2.64829,0.125008,0.063578,0.20253,18.592
2025-12-22 20:00:00,3.68274,3.82821,0.572388,3.11035,0.150173,0.075627,0.200837,21.768
2025-12-22 21:00:00,4.04967,4.95069,0.464198,3.58547,0.123008,0.08954,0.197243,21.091
2025-12-22 22:00:00,3.1801,4.41681,0.384982,2.79512,0.107666,0.082199,0.173723,18.188
2025-12-22 23:00:00,5.40472,9.93515,0.442134,4.96259,0.116614,0.096429,0.175735,20.807
2025-12-23 00:00:00,2.1132,3.72042,0.178461,1.93474,0.068786,0.041181,0.140653,13.953
2025-12-23 01:00:00,2.73195,4.64618,0.448685,2.28327,0.078697,0.030455,0.129828,12.33
2025-12-23 02:00:00,0.737417,0.728673,0.039771,0.697646,0.035785,0.013888,0.111941,6.173
2025-12-23 03:00:00,0.488384,0.475082,0.031099,0.457285,0.022377,0.008352,0.109815,3.756
2025-12-23 04:00:00,0.653954,0.931559,0.030599,0.623355,0.023107,0.011605,0.105351,4.441
2025-12-23 05:00:00,0.576603,1.14861,0.030001,0.546602,0.025105,0.010401,0.10352,4.694
2025-12-23 06:00:00,1.85191,2.69958,0.195448,1.65647,0.057172,0.032858,0.12398,6.59
2025-12-23 07:00:00,2.24733,2.87382,0.453238,1.79409,0.08152,0.034509,0.141648,8.949
2025-12-23 08:00:00,2.30619,2.35807,0.234221,2.07197,0.066507,0.047625,0.154369,9.219
2025-12-23 09:00:00,2.38981,2.89323,0.121933,2.26788,0.059833,0.0446,0.170756,8.997
2025-12-23 10:00:00,1.90744,2.70176,0.153158,1.75428,0.069541,0.049249,0.15985,12.735
2025-12-23 11:00:00,2.14799,2.37609,0.238039,1.90995,0.074365,0.038765,0.164783,15.607
2025-12-23 12:00:00,1.97805,2.65867,0.257674,1.72038,0.0827,0.033442,0.156373,15.967
2025-12-23 13:00:00,2.37293,2.81821,0.18712,2.18581,0.072811,0.047047,0.176766,13.011
2025-12-23 14:00:00,3.02427,4.34522,0.377112,2.64716,0.067718,0.048142,0.182447,8.528
2025-12-23 15:00:00,3.41363,3.87913,0.318948,3.09468,0.080796,0.053214,0.17297,11.964
2025-12-23 16:00:00,5.27542,4.98622,0.25461,5.02081,0.074778,0.070844,0.181413,13.912
2025-12-23 17:00:00,6.63489,6.79804,0.434773,6.20012,0.09039,0.09917,0.170005,16.171
2025-12-23 18:00:00,9.24428,7.67797,0.923307,8.32097,0.146836,0.134626,0.226522,25.638
2025-12-23 19:00:00,4.70928,4.07377,0.751636,3.95764,0.137981,0.089482,0.210589,17.55
2025-12-23 20:00:00,3.17323,2.49076,0.349031,2.8242,0.105213,0.071862,0.179784,15.718
2025-12-23 21:00:00,4.21426,3.96823,0.451181,3.76308,0.103943,0.077546,0.18495,19.613
2025-12-23 22:00:00,3.16828,4.23566,0.418518,2.74976,0.109796,0.075602,0.198712,15.724
2025-12-23 23:00:00,2.69112,3.18853,0.178731,2.51239,0.081488,0.050424,0.142534,11.237
2025-12-24 00:00:00,2.68253,4.64106,0.18022,2.50231,0.061657,0.039948,0.128783,10.844
2025-12-24 01:00:00,1.50677,2.19007,0.095984,1.41078,0.047118,0.029307,0.13408,8.089
2025-12-24 02:00:00,1.10852,0.6911,0.056354,1.05217,0.040778,0.018907,0.124803,7.009
2025-12-24 03:00:00,2.15753,2.51461,0.084936,2.0726,0.043184,0.026851,0.117256,8.66
2025-12-24 04:00:00,1.20077,1.33419,0.059028,1.14174,0.039215,0.015741,0.120365,6.929
2025-12-24 05:00:00,0.620535,1.12825,0.038382,0.582153,0.031271,0.009741,0.118273,4.824
2025-12-24 06:00:00,0.514234,0.928219,0.038809,0.475425,0.029385,0.008119,0.121584,4.948
2025-12-24 07:00:00,1.78792,2.44252,0.123424,1.6645,0.044859,0.023154,0.141673,8.493
2025-12-24 08:00:00,1.82268,1.95148,0.144467,1.67821,0.057361,0.030853,0.156257,8.537
2025-12-24 09:00:00,2.12966,1.95382,0.237214,1.89245,0.060009,0.039376,0.172137,7.916
2025-12-24 10:00:00,3.75552,4.22919,0.485577,3.26994,0.082679,0.04615,0.154111,10.273
2025-12-24 11:00:00,2.54929,2.326,0.514096,2.0352,0.096594,0.05223,0.171573,14.06
2025-12-24 12:00:00,1.92529,2.24392,0.199831,1.72545,0.06661,0.036074,0.164081,11.465
2025-12-24 13:00:00,2.21633,2.31833,0.371496,1.84483,0.074421,0.042331,0.155945,11.157
2025-12-24 14:00:00,4.02205,5.20991,0.332021,3.69003,0.083909,0.055338,0.186986,13.534
2025-12-24 15:00:00,3.58642,3.43526,0.267903,3.31852,0.075584,0.052091,0.17585,11.519
2025-12-24 16:00:00,3.06208,3.34288,0.187807,2.87427,0.071028,0.051202,0.163965,13.047
2025-12-24 17:00:00,2.80297,2.88372,0.254781,2.54819,0.087559,0.058402,0.165449,16.38
2025-12-24 18:00:00,4.05485,3.48355,0.839655,3.2152,0.192132,0.092196,0.219197,20.781
2025-12-24 19:00:00,6.5413,5.57181,0.705891,5.83541,0.149138,0.10053,0.220535,25.815
2025-12-24 20:00:00,4.77079,5.16319,0.684296,4.08649,0.130897,0.072818,0.208195,20.853
2025-12-24 21:00:00,7.475,9.73307,0.491273,6.98373,0.156941,0.121304,0.229742,17.305
2025-12-24 22:00:00,3.71535,4.26072,0.550702,3.16465,0.193625,0.117027,0.240221,22.091
2025-12-24 23:00:00,2.98684,4.58104,0.916017,2.07082,0.143709,0.064175,0.169704,11.819
2025-12-25 00:00:00,2.96263,5.56885,0.169492,2.79314,0.065741,0.064184,0.145522,10.267
2025-12-25 01:00:00,2.21689,6.37036,0.346024,1.87086,0.062702,0.031858,0.135732,13.438
2025-12-25 02:00:00,0.606554,1.79454,0.037623,0.568931,0.019968,0.008758,0.100017,3.519
2025-12-25 03:00:00,0.853035,2.45125,0.038314,0.814721,0.017059,0.017211,0.049723,2.943
2025-12-25 04:00:00,0.838375,2.32882,0.615693,0.222682,0.046531,0.00737,0.040602,2.866
2025-12-25 05:00:00,0.478036,1.30611,0.027227,0.450809,0.026844,0.012883,0.050033,3.13
2025-12-25 06:00:00,0.732011,1.00276,0.050445,0.681566,0.024952,0.02817,0.052202,3.397
2025-12-25 07:00:00,2.63343,2.75463,0.175384,2.45804,0.051699,0.049894,0.085202,8.134
2025-12-25 08:00:00,2.42317,3.0673,0.107977,2.31519,0.055093,0.057112,0.087619,7.996
2025-12-25 09:00:00,1.69036,1.87402,0.118261,1.5721,0.057545,0.049947,0.090605,8.367
2025-12-25 10:00:00,1.80534,1.72266,0.230964,1.57438,0.067287,0.067383,0.093372,10.726
2025-12-25 11:00:00,3.30635,3.2607,0.196234,3.11011,0.080729,0.103484,0.104111,12.339
2025-12-25 12:00:00,1.69728,2.81007,0.14568,1.5516,0.04751,0.055222,0.078464,7.499
2025-12-25 13:00:00,1.46577,2.19427,0.199094,1.26667,0.052776,0.045148,0.078124,7.363
2025-12-25 14:00:00,1.68379,2.64747,0.151173,1.53261,0.066426,0.064748,0.091106,8.325
2025-12-25 15:00:00,1.22989,1.94603,0.120765,1.10913,0.069345,0.05728,0.096405,6.816
2025-12-25 16:00:00,1.85822,2.46448,0.187298,1.67092,0.078108,0.061605,0.096091,9.097
2025-12-25 17:00:00,2.12892,2.54048,0.297872,1.83105,0.079201,0.058678,0.092519,12.235
2025-12-25 18:00:00,3.60649,4.263,0.348339,3.25815,0.098206,0.105372,0.108781,16.686
2025-12-25 19:00:00,5.61779,7.00472,0.389223,5.22857,0.126106,0.157806,0.125744,17.782
2025-12-25 20:00:00,3.65405,3.9546,0.585931,3.06812,0.136588,0.120335,0.148696,18.443
2025-12-25 21:00:00,4.0793,4.63557,0.38807,3.69123,0.112438,0.123309,0.111764,16.587
2025-12-25 22:00:00,4.12083,4.08003,0.192594,3.92823,0.092392,0.139402,0.10255,14.675
2025-12-25 23:00:00,5.48822,9.73089,0.320633,5.16759,0.076048,0.122573,0.106447,13.393
2025-12-26 00:00:00,0.919808,2.16936,0.04207,0.877738,0.050778,0.055369,0.0554,3.12
2025-12-26 01:00:00,1.12268,3.8982,0.048032,1.07465,0.038947,0.054429,0.048515,2.635
2025-12-26 02:00:00,1.29955,1.05655,0.046075,1.25348,0.030931,0.032822,0.050833,3.509
2025-12-26 03:00:00,0.873912,1.11753,0.112894,0.761018,0.040726,0.015859,0.055249,5.456
2025-12-26 04:00:00,0.557159,0.604292,0.054536,0.502623,0.028055,0.010337,0.042708,3.166
2025-12-26 05:00:00,0.365036,0.997366,0.031796,0.33324,0.020939,0.021258,0.042796,1.611
2025-12-26 06:00:00,0.423592,0.775809,0.034555,0.389037,0.024671,0.021917,0.04674,2.412
2025-12-26 07:00:00,1.15661,1.56722,0.274276,0.882331,0.049882,0.035276,0.083785,5.189
2025-12-26 08:00:00,1.33971,1.54345,0.095044,1.24467,0.056845,0.060977,0.090025,7.015
2025-12-26 09:00:00,2.04214,1.72187,0.118291,1.92385,0.058878,0.068373,0.094711,9.244
2025-12-26 10:00:00,1.5776,1.11255,0.158396,1.4192,0.075393,0.055668,0.096486,8.639
2025-12-26 11:00:00,2.14162,1.23365,0.170861,1.97076,0.072933,0.072526,0.099137,8.843
2025-12-26 12:00:00,3.74745,3.35193,0.252842,3.49461,0.075231,0.087353,0.114889,12.445
2025-12-26 13:00:00,2.37885,2.02974,0.408967,1.96989,0.078238,0.096744,0.11111,16.304
2025-12-26 14:00:00,2.40362,2.37512,0.138358,2.26526,0.057352,0.076714,0.111576,8.327
2025-12-26 15:00:00,2.78028,2.88411,0.353377,2.42691,0.072317,0.066893,0.094037,11.534
2025-12-26 16:00:00,4.15643,4.34773,0.297917,3.85852,0.085165,0.099707,0.104182,16.075
2025-12-26 17:00:00,4.66586,3.44599,0.385831,4.28003,0.101588,0.095578,0.110114,21.117
2025-12-26 18:00:00,6.80216,5.7161,1.2861,5.51606,0.169986,0.162844,0.145009,27.743
2025-12-26 19:00:00,2.28266,2.17396,0.236406,2.04625,0.089259,0.087307,0.12939,17.592
2025-12-26 20:00:00,1.88935,1.68993,0.258971,1.63037,0.092323,0.078656,0.13574,15.763
2025-12-26 21:00:00,3.1512,3.39569,0.346325,2.80488,0.114027,0.123913,0.147328,17.302
2025-12-26 22:00:00,2.98085,3.49046,0.354427,2.62643,0.115595,0.155,0.138163,14.893
2025-12-26 23:00:00,2.3888,4.25053,0.200203,2.18859,0.074658,0.108789,0.084541,9.122
2025-12-27 00:00:00,2.75004,4.74145,0.116243,2.6338,0.066328,0.08904,0.083601,9.214
2025-12-27 01:00:00,0.469666,0.788032,0.041754,0.427912,0.034988,0.055612,0.061992,3.136
2025-12-27 02:00:00,1.68596,1.19572,0.062379,1.62358,0.036221,0.073423,0.078233,6.036
2025-12-27 03:00:00,1.29523,1.89916,0.044116,1.25111,0.023548,0.030563,0.044617,2.994
2025-12-27 04:00:00,1.04075,1.42179,0.029563,1.01119,0.024417,0.017241,0.044917,3.045
2025-12-27 05:00:00,0.620346,1.06589,0.030637,0.589709,0.016358,0.01457,0.036421,1.668
2025-12-27 06:00:00,1.00089,1.43394,0.04601,0.954883,0.024751,0.021965,0.048892,2.855
2025-12-27 07:00:00,1.5351,1.87664,0.106397,1.4287,0.052341,0.055518,0.071559,5.619
2025-12-27 08:00:00,1.89798,2.33742,0.208228,1.68975,0.053273,0.059056,0.082896,6.622
2025-12-27 09:00:00,1.21025,1.16147,0.072145,1.13811,0.048136,0.051687,0.082335,6.187
2025-12-27 10:00:00,3.65204,2.84871,0.306255,3.34579,0.08808,0.100406,0.112328,12.719
2025-12-27 11:00:00,4.07079,2.96273,0.246698,3.82409,0.079865,0.099007,0.105121,11.437
2025-12-27 12:00:00,2.392,2.5339,0.38495,2.00705,0.087073,0.080913,0.108821,12.148
2025-12-27 13:00:00,2.16488,1.96095,0.210708,1.95418,0.070728,0.071051,0.094662,11.438
2025-12-27 14:00:00,2.1041,1.79225,0.164796,1.93931,0.071174,0.075981,0.100445,13.668
2025-12-27 15:00:00,2.16517,1.95765,0.195793,1.96937,0.079349,0.068247,0.105354,16.807
2025-12-27 16:00:00,2.49887,2.21925,0.313614,2.18526,0.088697,0.071391,0.10353,16.945
2025-12-27 17:00:00,17.4426,16.6755,1.06245,16.3801,0.121158,0.164444,0.128352,20.607
2025-12-27 18:00:00,4.96062,4.46099,0.881661,4.07896,0.115193,0.129738,0.158741,24.715
2025-12-27 19:00:00,6.27997,5.79333,0.804988,5.47498,0.119816,0.175872,0.125741,24.186
2025-12-27 20:00:00,2.50875,3.01532,0.322398,2.18635,0.099033,0.093411,0.111001,13.866
2025-12-27 21:00:00,3.07867,4.36072,0.560938,2.51773,0.140546,0.138789,0.122705,14.651
2025-12-27 22:00:00,2.14236,2.22237,0.276925,1.86544,0.080235,0.092825,0.094771,9.956
2025-12-27 23:00:00,1.95069,1.89756,0.145188,1.8055,0.05582,0.076905,0.074765,6.772
2025-12-28 00:00:00,4.39562,4.21036,0.140024,4.25559,0.049691,0.08551,0.060011,8.402
2025-12-28 01:00:00,0.945863,0.786907,0.054007,0.891856,0.044092,0.041707,0.055514,4.934
2025-12-28 02:00:00,1.60478,0.662586,0.055307,1.54947,0.051594,0.039279,0.062154,5.919
2025-12-28 03:00:00,1.78449,0.85464,0.067368,1.71712,0.045581,0.031792,0.057008,3.914
2025-12-28 04:00:00,0.330664,0.139403,0.049901,0.280763,0.044751,0.023805,0.051099,3.691
2025-12-28 05:00:00,0.766769,0.536953,0.036091,0.730678,0.043769,0.023998,0.048209,5.932
2025-12-28 06:00:00,0.906498,0.654984,0.043268,0.86323,0.026044,0.022309,0.047312,2.817
2025-12-28 07:00:00,0.458004,0.352312,0.05438,0.403624,0.03212,0.02304,0.058896,3.034
2025-12-28 08:00:00,2.74031,3.89248,0.170538,2.56977,0.050986,0.052467,0.074932,8.149
2025-12-28 09:00:00,3.08592,2.20108,0.146302,2.93962,0.065284,0.081946,0.095404,9.122
2025-12-28 10:00:00,2.81765,1.64775,0.342822,2.47482,0.091601,0.137574,0.137962,10.643
2025-12-28 11:00:00,1.86564,1.01504,0.240765,1.62488,0.081651,0.06143,0.10427,10.956
2025-12-28 12:00:00,1.93632,1.60557,0.210459,1.72586,0.080491,0.06799,0.103506,12.596
2025-12-28 13:00:00,1.9753,1.83578,0.179248,1.79605,0.077431,0.081413,0.100118,8.617
2025-12-28 14:00:00,2.11276,1.51127,0.240533,1.87223,0.07946,0.070912,0.105965,11.593
2025-12-28 15:00:00,2.39594,2.04781,0.189406,2.20653,0.08177,0.132406,0.111067,10.923
2025-12-28 16:00:00,8.75732,6.77812,0.491721,8.2656,0.112504,0.131596,0.115385,14.781
2025-12-28 17:00:00,2.41821,1.60786,0.279653,2.13856,0.10501,0.101841,0.121293,16.273
2025-12-28 18:00:00,3.99345,2.56979,0.3071,3.68635,0.100713,0.1283,0.121664,16.598
2025-12-28 19:00:00,2.87599,2.27891,0.302065,2.57392,0.081875,0.087668,0.107194,12.033
2025-12-28 20:00:00,2.41844,2.51921,0.423131,1.99531,0.11217,0.111672,0.106786,11.536
2025-12-28 21:00:00,2.92192,2.64188,0.582588,2.33933,0.119823,0.101614,0.116705,16.911
2025-12-28 22:00:00,3.26986,2.77577,0.276523,2.99334,0.096884,0.088969,0.09459,15.92
2025-12-28 23:00:00,4.23801,4.21274,0.349828,3.88818,0.089273,0.105205,0.093393,14.066
2025-12-29 00:00:00,1.35179,0.827292,0.165352,1.18644,0.073086,0.082778,0.079266,8.472
2025-12-29 01:00:00,1.58986,1.29467,0.143046,1.44681,0.059945,0.045817,0.060145,6.228
2025-12-29 02:00:00,0.290437,0.214821,0.034371,0.256066,0.031302,0.025029,0.057429,3.642
2025-12-29 03:00:00,0.78387,0.568845,0.220441,0.563429,0.039551,0.017744,0.056471,4.63
2025-12-29 04:00:00,0.153629,0.141463,0.020254,0.133375,0.021162,0.007308,0.046663,3.632
2025-12-29 05:00:00,0.177308,0.156911,0.029525,0.147783,0.028293,0.013294,0.047127,4.227
2025-12-29 06:00:00,0.429954,0.308874,0.029494,0.40046,0.041087,0.028102,0.058562,2.962
2025-12-29 07:00:00,1.03499,0.445346,0.063727,0.971258,0.038986,0.035258,0.074158,5.276
2025-12-29 08:00:00,3.06684,2.27511,0.815559,2.25129,0.118871,0.061014,0.088431,12.321
2025-12-29 09:00:00,3.75029,3.35446,0.296706,3.45358,0.06656,0.061157,0.08976,10.326
2025-12-29 10:00:00,1.90573,2.02307,0.184674,1.72106,0.065198,0.06311,0.092829,10.313
2025-12-29 11:00:00,2.98158,2.428,0.192297,2.78928,0.07041,0.064709,0.095976,11.953
2025-12-29 12:00:00,2.8712,3.4181,0.239725,2.63148,0.069036,0.070551,0.103432,9.346
2025-12-29 13:00:00,1.58124,2.08058,0.210704,1.37054,0.060467,0.043922,0.078552,6.327
2025-12-29 14:00:00,1.90556,2.1753,0.128138,1.77742,0.057656,0.053077,0.094728,7.936
2025-12-29 15:00:00,0.981926,1.88832,0.06223,0.919696,0.048256,0.063489,0.087567,6.282
2025-12-29 16:00:00,2.60039,3.2183,0.246304,2.35408,0.061641,0.056554,0.092466,8.774
2025-12-29 17:00:00,2.33624,2.6074,0.310203,2.02603,0.07182,0.065092,0.093222,10.633
2025-12-29 18:00:00,4.11286,4.51963,0.672338,3.44053,0.095375,0.087798,0.107743,16.726
2025-12-29 19:00:00,6.09944,5.88749,0.775506,5.32394,0.142869,0.14148,0.12487,21.992
2025-12-29 20:00:00,8.23207,6.9177,2.7421,5.48996,0.478711,0.132846,0.136633,20.079
2025-12-29 21:00:00,10.9907,11.5207,1.06822,9.92251,0.190288,0.19426,0.153333,21.995
2025-12-29 22:00:00,4.63538,7.83003,0.269078,4.3663,0.096542,0.177798,0.136753,15.924
2025-12-29 23:00:00,3.07184,5.70974,0.279946,2.79189,0.079887,0.104762,0.083387,11.163
2025-12-30 00:00:00,1.27325,2.6749,0.078105,1.19515,0.060966,0.082313,0.075543,9.173
2025-12-30 01:00:00,1.04524,1.16917,0.111833,0.933404,0.057278,0.041003,0.060979,8.097
2025-12-30 02:00:00,0.685423,1.18997,0.103507,0.581916,0.045069,0.03462,0.060203,6.851
2025-12-30 03:00:00,0.229521,0.505554,0.058693,0.170828,0.042578,0.018223,0.04751,4.777
2025-12-30 04:00:00,1.24099,2.16956,0.048742,1.19225,0.045366,0.025796,0.051677,7.353
2025-12-30 05:00:00,0.744463,2.17679,0.029628,0.714835,0.028935,0.019655,0.04569,4.396
2025-12-30 06:00:00,1.48035,3.36444,0.080384,1.39997,0.047359,0.051911,0.055976,2.763
2025-12-30 07:00:00,2.142,2.69095,0.100879,2.04112,0.063199,0.0623,0.086901,5.688
2025-12-30 08:00:00,2.88961,3.85282,0.163511,2.7261,0.060489,0.064255,0.105932,11.628
2025-12-30 09:00:00,1.42561,1.41993,0.14189,1.28372,0.05972,0.051322,0.098394,8.224
2025-12-30 10:00:00,2.45608,2.39384,0.176808,2.27927,0.070974,0.077174,0.105353,11.108
2025-12-30 11:00:00,3.92947,3.83737,0.277462,3.652,0.070109,0.084835,0.10314,14.106
2025-12-30 12:00:00,2.68891,2.83043,0.246002,2.44291,0.069714,0.074337,0.103101,10.375
2025-12-30 13:00:00,2.76299,3.14691,0.247925,2.51506,0.064468,0.057188,0.08803,10.439
2025-12-30 14:00:00,2.27208,2.08447,0.114266,2.15781,0.058332,0.062381,0.098277,10.75
2025-12-30 15:00:00,1.94992,2.04394,0.192986,1.75693,0.055145,0.047632,0.095536,8.511
2025-12-30 16:00:00,1.29693,1.35097,0.159719,1.13721,0.069072,0.066015,0.088983,8.297
2025-12-30 17:00:00,2.67467,2.65872,0.62923,2.04544,0.112507,0.071023,0.103777,13.335
2025-12-30 18:00:00,5.50002,3.98552,1.21476,4.28526,0.170787,0.127139,0.130537,25.572
2025-12-30 19:00:00,3.98199,2.28064,0.64177,3.34023,0.137669,0.135148,0.141915,25.025
2025-12-30 20:00:00,5.79775,3.72128,1.0002,4.79755,0.155268,0.142027,0.146952,32.992
2025-12-30 21:00:00,6.55339,4.7835,0.420095,6.13329,0.106625,0.126161,0.114737,22.217
2025-12-30 22:00:00,4.03021,4.82083,0.38224,3.64797,0.104325,0.122786,0.111596,15.887
2025-12-30 23:00:00,2.63392,4.38986,0.272755,2.36116,0.083373,0.090092,0.098011,10.73
2025-12-31 00:00:00,2.73738,5.18443,0.137733,2.59964,0.059236,0.073936,0.083486,10.745
2025-12-31 01:00:00,1.42521,2.55414,0.06739,1.35782,0.061583,0.074042,0.06743,8.327
2025-12-31 02:00:00,0.80239,0.56427,0.04406,0.75833,0.04812,0.061089,0.055619,6.49
2025-12-31 03:00:00,0.627628,0.442616,0.044201,0.583427,0.045404,0.033515,0.065154,3.81
2025-12-31 04:00:00,0.214496,0.138921,0.083489,0.131007,0.040192,0.014145,0.050341,4.17
2025-12-31 05:00:00,0.065788,0.07326,0.0212,0.044588,0.027292,0.008288,0.04334,3.909
2025-12-31 06:00:00,0.50966,1.23107,0.039597,0.470063,0.039233,0.032944,0.051882,4.203
2025-12-31 07:00:00,0.786692,1.11114,0.073832,0.71286,0.043566,0.02683,0.068141,6.857
2025-12-31 08:00:00,2.64988,3.87409,0.195322,2.45456,0.061027,0.061127,0.082746,9.332
2025-12-31 09:00:00,1.36527,1.58752,0.235002,1.13027,0.061675,0.046025,0.08383,7.998
2025-12-31 10:00:00,0.865243,0.946656,0.133456,0.731787,0.054645,0.043629,0.090702,7.748
2025-12-31 11:00:00,3.36909,3.63049,0.304084,3.06501,0.070088,0.06218,0.117614,10.315
2025-12-31 12:00:00,4.11032,3.96749,0.410004,3.70032,0.067404,0.094228,0.118222,11.34
2025-12-31 13:00:00,1.993,2.4727,0.203841,1.78915,0.063478,0.052652,0.089444,7.858
2025-12-31 14:00:00,2.06925,2.20133,0.247526,1.82172,0.061958,0.045699,0.085021,8.596
2025-12-31 15:00:00,4.45519,4.47308,0.354579,4.10061,0.075942,0.082134,0.104674,11.568
2025-12-31 16:00:00,2.63236,2.44189,0.218494,2.41386,0.072112,0.115266,0.101675,10.428
2025-12-31 17:00:00,4.18692,4.6729,0.441373,3.74555,0.093569,0.100082,0.109153,15.434
2025-12-31 18:00:00,3.62486,3.52613,0.448475,3.17639,0.105761,0.086846,0.110948,19.945
2025-12-31 19:00:00,3.28227,3.19287,0.579056,2.70321,0.120362,0.101638,0.143714,18.197
2025-12-31 20:00:00,2.54463,1.96953,0.311698,2.23293,0.103984,0.105326,0.140295,14.914
2025-12-31 21:00:00,1.45901,1.64303,0.192468,1.26654,0.087152,0.073422,0.100968,11.976
2025-12-31 22:00:00,2.74746,2.99288,0.398791,2.34867,0.092278,0.09158,0.102802,11.941
2025-12-31 23:00:00,2.74349,3.32948,0.194442,2.54905,0.082065,0.095575,0.089561,9.347
2026-01-01 00:00:00,2.19588,3.87964,0.203408,1.99247,0.075516,0.096948,0.079674,7.182
2026-01-01 01:00:00,3.23069,5.11185,0.651493,2.5792,0.101548,0.077936,0.098247,12.984
2026-01-01 02:00:00,2.07843,1.75247,0.49429,1.58414,0.090988,0.07013,0.097906,10.587
2026-01-01 03:00:00,0.93152,1.00814,0.333853,0.597667,0.031595,0.030531,0.058783,4.766
2026-01-01 04:00:00,1.01465,0.824919,0.099401,0.915249,0.034037,0.034984,0.068129,4.131
2026-01-01 05:00:00,1.05378,1.55425,0.055305,0.998476,0.029346,0.027372,0.057021,3.939
2026-01-01 06:00:00,0.825858,1.34944,0.044212,0.781646,0.034069,0.022261,0.051759,4.673
2026-01-01 07:00:00,1.59628,1.96104,0.068201,1.52808,0.03945,0.042668,0.061096,4.369
2026-01-01 08:00:00,0.741981,0.791026,0.087667,0.654314,0.052036,0.048742,0.075504,4.279
2026-01-01 09:00:00,2.37879,2.79858,0.166268,2.21252,0.066529,0.071581,0.091434,12.571
2026-01-01 10:00:00,1.74898,1.91774,0.177062,1.57192,0.066327,0.068832,0.100841,11.888
2026-01-01 11:00:00,2.57925,2.07002,0.257697,2.32155,0.072537,0.065502,0.10613,11.121
2026-01-01 12:00:00,2.05746,1.86703,0.217778,1.83969,0.064682,0.056845,0.090383,8.626
2026-01-01 13:00:00,3.24424,2.8761,0.289679,2.95456,0.078075,0.080903,0.119088,15.588
2026-01-01 14:00:00,1.81155,2.50214,0.354936,1.45661,0.073937,0.056331,0.095405,9.343
2026-01-01 15:00:00,1.66644,2.16421,0.187666,1.47877,0.065914,0.055141,0.095016,9.266
2026-01-01 16:00:00,2.85561,2.56338,0.219475,2.63613,0.084635,0.068931,0.098887,11.324
2026-01-01 17:00:00,2.26705,1.97478,0.299838,1.96721,0.084045,0.070511,0.097541,13.6
2026-01-01 18:00:00,4.61417,3.84514,0.846464,3.76771,0.112951,0.091612,0.110181,18.468
2026-01-01 19:00:00,2.94728,3.29674,0.342655,2.60463,0.099976,0.089335,0.138183,15.958
2026-01-01 20:00:00,2.85367,3.23545,0.138659,2.71501,0.071851,0.078932,0.094828,10.983
2026-01-01 21:00:00,4.08777,4.54197,0.412684,3.67509,0.099259,0.085766,0.101907,12.691
2026-01-01 22:00:00,3.20401,3.76942,0.630243,2.57376,0.100879,0.080999,0.109106,12.189
2026-01-01 23:00:00,1.02624,1.71041,0.120351,0.905892,0.04662,0.045514,0.07445,5.393
2026-01-02 00:00:00,1.83405,4.45158,0.112461,1.72159,0.061239,0.052587,0.060104,6.804
2026-01-02 01:00:00,0.980874,2.17972,0.075863,0.905011,0.051067,0.049627,0.060098,4.44
2026-01-02 02:00:00,0.398889,0.43642,0.035198,0.363691,0.037953,0.032884,0.047054,1.922
2026-01-02 03:00:00,0.380077,0.371169,0.017663,0.362414,0.042306,0.019963,0.048865,1.579
2026-01-02 04:00:00,0.260656,0.259618,0.01538,0.245276,0.035628,0.015696,0.044343,1.258
2026-01-02 05:00:00,0.51212,1.10371,0.018112,0.494008,0.027301,0.015718,0.038109,1.166
2026-01-02 06:00:00,0.347899,1.12954,0.014537,0.333362,0.020271,0.013011,0.040751,1.128
2026-01-02 07:00:00,0.828138,1.52231,0.046261,0.781877,0.029973,0.019442,0.053821,4.04
2026-01-02 08:00:00,1.00906,1.27407,0.068924,0.94014,0.035046,0.03182,0.067421,4.172
2026-01-02 09:00:00,1.80574,2.11941,0.20629,1.59945,0.061892,0.052949,0.093419,6.695
2026-01-02 10:00:00,2.12841,1.83484,0.163433,1.96498,0.064266,0.062678,0.10293,9.525
2026-01-02 11:00:00,3.31164,3.50068,0.321642,2.99,0.061183,0.074318,0.107898,12.239
2026-01-02 12:00:00,2.03652,2.22327,0.180073,1.85644,0.052415,0.05528,0.086538,9.086
2026-01-02 13:00:00,2.26166,2.54119,0.167523,2.09414,0.061477,0.050877,0.089534,9.543
2026-01-02 14:00:00,1.86916,2.252,0.167335,1.70182,0.074321,0.067787,0.107447,10.623
2026-01-02 15:00:00,2.76087,2.95597,0.316546,2.44433,0.079298,0.076466,0.12769,13.926
2026-01-02 16:00:00,2.1652,2.60868,0.219913,1.94529,0.07472,0.065433,0.107985,13.371
2026-01-02 17:00:00,3.88361,3.89921,0.491047,3.39256,0.106449,0.084949,0.121875,17.829
2026-01-02 18:00:00,3.2339,3.48481,0.291488,2.94242,0.083203,0.079552,0.102318,14.139
2026-01-02 19:00:00,4.27249,3.92692,0.503182,3.76931,0.110777,0.119343,0.143184,18.784
2026-01-02 20:00:00,2.74261,3.72638,0.400224,2.34239,0.092158,0.082582,0.116743,15.001
2026-01-02 21:00:00,2.15275,2.69094,0.276159,1.87659,0.079266,0.066958,0.077273,10.859
2026-01-02 22:00:00,2.7682,2.99589,0.297854,2.47035,0.073607,0.080881,0.085322,14.888
2026-01-02 23:00:00,3.7729,6.12483,0.300728,3.47217,0.078396,0.068136,0.091068,15.546
2026-01-03 00:00:00,3.73071,6.23865,0.539357,3.19136,0.104125,0.069452,0.095096,12.998
2026-01-03 01:00:00,1.41684,2.50325,0.108193,1.30864,0.046863,0.035946,0.060528,5.912
2026-01-03 02:00:00,1.04694,0.810323,0.041678,1.00526,0.044754,0.057783,0.072577,5.415
2026-01-03 03:00:00,1.28783,0.977106,0.069625,1.2182,0.036682,0.036601,0.063581,5.795
2026-01-03 04:00:00,0.236323,0.308516,0.008735,0.227588,0.013464,0.012456,0.041584,1.032
2026-01-03 05:00:00,0.168685,0.24167,0.01212,0.156565,0.018164,0.010335,0.03931,2.097
2026-01-03 06:00:00,1.11898,2.08764,0.036531,1.08244,0.021827,0.022839,0.04336,2.186
2026-01-03 07:00:00,0.424891,0.829865,0.052459,0.372432,0.027711,0.01711,0.050981,3.226
2026-01-03 08:00:00,1.27727,1.89505,0.131856,1.14541,0.039482,0.032072,0.061195,5.066
2026-01-03 09:00:00,1.809,2.03716,0.097157,1.71184,0.056479,0.059897,0.080908,7.938
2026-01-03 10:00:00,2.11338,2.05983,0.198583,1.9148,0.067002,0.080305,0.092238,8.282
2026-01-03 11:00:00,2.12823,1.52234,0.280788,1.84744,0.077878,0.064591,0.097687,10.131
2026-01-03 12:00:00,2.21276,2.37931,0.20337,2.00939,0.074471,0.082386,0.11026,10.639
2026-01-03 13:00:00,3.13375,3.27114,0.306146,2.8276,0.06331,0.060902,0.090024,10.648
2026-01-03 14:00:00,3.19073,4.05945,0.233919,2.95681,0.084929,0.093246,0.117952,14.702
2026-01-03 15:00:00,6.14701,7.40603,1.96117,4.18584,0.181355,0.099836,0.1442,19.467
2026-01-03 16:00:00,2.57795,2.61455,0.377764,2.20018,0.095546,0.080563,0.119194,14.393
2026-01-03 17:00:00,2.11706,2.0961,0.250621,1.86644,0.085867,0.079573,0.105607,11.363
2026-01-03 18:00:00,3.0833,3.38081,0.336264,2.74703,0.090629,0.078404,0.09712,13.818
2026-01-03 19:00:00,2.93587,3.0839,0.301235,2.63463,0.099972,0.079356,0.099378,17.308
2026-01-03 20:00:00,3.09646,3.56735,0.3532,2.74326,0.101867,0.090238,0.107613,20.357
2026-01-03 21:00:00,2.56876,2.52334,0.295355,2.27341,0.086247,0.071214,0.130731,21.453
2026-01-03 22:00:00,2.91389,3.73576,0.374835,2.53906,0.083717,0.067325,0.073758,9.887
2026-01-03 23:00:00,1.89249,3.34363,0.40022,1.49227,0.117099,0.063047,0.081662,8.526
2026-01-04 00:00:00,1.01561,2.37291,0.075662,0.939945,0.042651,0.048222,0.052979,5.147
2026-01-04 01:00:00,1.58237,4.29991,0.099698,1.48267,0.046948,0.046241,0.054576,3.689
2026-01-04 02:00:00,0.32972,0.389741,0.031361,0.298359,0.03003,0.02104,0.042828,2.174
2026-01-04 03:00:00,0.61033,0.68886,0.036485,0.573845,0.023319,0.015007,0.039851,2.345
2026-01-04 04:00:00,0.686816,0.782251,0.038224,0.648592,0.037973,0.021119,0.044935,2.744
2026-01-04 05:00:00,0.385759,0.616228,0.021586,0.364173,0.030699,0.015161,0.042206,1.865
2026-01-04 06:00:00,0.890378,1.95258,0.049124,0.841254,0.029948,0.019636,0.050102,3.541
2026-01-04 07:00:00,1.22256,2.38782,0.137186,1.08538,0.044652,0.040614,0.06994,4.9
2026-01-04 08:00:00,2.01031,3.41889,0.152654,1.85766,0.06343,0.061589,0.083408,8.546
2026-01-04 09:00:00,1.54168,1.78849,0.127948,1.41373,0.052321,0.051729,0.07809,6.892
2026-01-04 10:00:00,3.05422,3.27706,0.184111,2.87011,0.062531,0.062626,0.081675,9.266
2026-01-04 11:00:00,2.71846,2.27296,0.215603,2.50286,0.057589,0.056744,0.083619,10.364
2026-01-04 12:00:00,3.2112,4.19217,0.282613,2.92859,0.066414,0.06882,0.096307,13.008
2026-01-04 13:00:00,1.79616,2.55136,0.213215,1.58294,0.081321,0.0798,0.090005,10.178
2026-01-04 14:00:00,1.68856,2.10543,0.116931,1.57162,0.046896,0.062506,0.086331,6.074
2026-01-04 15:00:00,3.17341,3.88898,0.56963,2.60378,0.088942,0.071742,0.113204,9.806
2026-01-04 16:00:00,1.56189,1.6977,0.188418,1.37347,0.067839,0.043729,0.085442,10.323
2026-01-04 17:00:00,5.50624,4.8556,0.573638,4.93261,0.098944,0.094426,0.10778,17.161
2026-01-04 18:00:00,3.77945,4.77203,0.584195,3.19525,0.121719,0.093433,0.118066,18.543
2026-01-04 19:00:00,3.78579,4.03603,0.362022,3.42377,0.101455,0.099104,0.11212,18.825
2026-01-04 20:00:00,2.37953,2.49951,0.307528,2.07201,0.092055,0.06539,0.105458,11.966
2026-01-04 21:00:00,4.28573,4.67875,0.880653,3.40508,0.282604,0.122025,0.1458,20.61
2026-01-04 22:00:00,2.70991,3.68194,0.380394,2.32952,0.19048,0.091964,0.113991,12.373
2026-01-04 23:00:00,1.68546,2.33442,0.150812,1.53464,0.06597,0.057965,0.100775,10.484
2026-01-05 00:00:00,0.806746,1.817,0.075719,0.731027,0.042808,0.044354,0.056297,3.738
2026-01-05 01:00:00,0.970941,1.34479,0.05326,0.917681,0.047017,0.061549,0.076729,5.745
2026-01-05 02:00:00,1.21067,1.02948,0.030925,1.17975,0.037654,0.028885,0.058967,3.294
2026-01-05 03:00:00,0.330549,0.248159,0.020914,0.309635,0.038368,0.028744,0.06043,1.847
2026-01-05 04:00:00,1.19081,0.668995,0.032759,1.15805,0.053713,0.04188,0.060972,3.244
2026-01-05 05:00:00,1.13483,1.63051,0.04462,1.09021,0.037454,0.029774,0.051826,4.16
2026-01-05 06:00:00,0.692676,1.39652,0.043813,0.648863,0.019687,0.014037,0.043721,2.807
2026-01-05 07:00:00,1.14705,1.54173,0.145787,1.00126,0.051358,0.049477,0.073708,5.199
2026-01-05 08:00:00,1.96673,3.04447,0.12127,1.84546,0.062421,0.064686,0.100426,8.738
2026-01-05 09:00:00,1.83607,2.63803,0.139823,1.69624,0.067405,0.077562,0.101654,8.265
2026-01-05 10:00:00,0.929397,1.36676,0.235655,0.693742,0.055023,0.03639,0.083746,6.984
2026-01-05 11:00:00,2.33933,3.56605,0.141561,2.19777,0.049429,0.052369,0.082887,7.426
2026-01-05 12:00:00,1.99276,2.46019,0.268947,1.72381,0.075499,0.054815,0.09238,9.971
2026-01-05 13:00:00,1.6295,1.80654,0.224073,1.40543,0.065524,0.057785,0.078898,7.402
2026-01-05 14:00:00,1.49887,1.79291,0.344892,1.15398,0.052879,0.042755,0.088243,6.657
2026-01-05 15:00:00,1.36855,1.61386,0.153681,1.21487,0.048244,0.040025,0.084665,6.664
2026-01-05 16:00:00,2.62851,3.49536,0.256331,2.37218,0.059709,0.063658,0.115369,10.818
2026-01-05 17:00:00,2.04503,2.10828,0.290784,1.75425,0.085113,0.063311,0.097671,12.261
2026-01-05 18:00:00,2.88477,3.00496,0.422284,2.46248,0.112094,0.109063,0.117598,16.472
2026-01-05 19:00:00,4.4236,4.32838,0.876318,3.54729,0.114328,0.117258,0.11599,16.907
2026-01-05 20:00:00,2.68602,2.60779,0.649385,2.03664,0.103414,0.085969,0.116501,15.796
2026-01-05 21:00:00,4.28601,4.2946,0.357756,3.92825,0.109151,0.119833,0.133099,17.876
2026-01-05 22:00:00,1.3304,2.37572,0.133905,1.1965,0.079486,0.090498,0.111333,10.888
2026-01-05 23:00:00,1.70625,3.01458,0.12576,1.58049,0.065184,0.078614,0.098989,7.241
2026-01-06 00:00:00,1.61457,3.06953,0.088993,1.52558,0.08637,0.060634,0.093315,6.213
2026-01-06 01:00:00,0.872277,1.71035,0.055219,0.817058,0.032761,0.046102,0.069532,3.795
2026-01-06 02:00:00,0.278918,0.27132,0.033794,0.245124,0.029692,0.033605,0.050984,2.992
2026-01-06 03:00:00,2.49628,2.09771,0.048986,2.44729,0.044407,0.065369,0.054846,6.897
2026-01-06 04:00:00,2.56164,2.25894,0.048991,2.51265,0.048545,0.042015,0.055742,7.116
2026-01-06 05:00:00,0.589,0.599796,0.019672,0.569328,0.017209,0.014039,0.041459,2.027
2026-01-06 06:00:00,0.786999,1.39046,0.03721,0.749789,0.023872,0.021488,0.046456,2.574
2026-01-06 07:00:00,1.4286,1.79472,0.092262,1.33634,0.044895,0.036258,0.074863,6.762
2026-01-06 08:00:00,1.74976,2.12349,0.122238,1.62752,0.049502,0.046366,0.083228,6.672
2026-01-06 09:00:00,1.95964,2.23703,0.335281,1.62435,0.066438,0.065332,0.090565,7.393
2026-01-06 10:00:00,1.67397,2.14612,0.119245,1.55473,0.049131,0.041242,0.099017,8.733
2026-01-06 11:00:00,2.65941,2.77021,0.170611,2.48879,0.068139,0.062757,0.093806,11.676
2026-01-06 12:00:00,1.3739,1.82699,0.210121,1.16377,0.057702,0.038662,0.083217,7.182
2026-01-06 13:00:00,1.56329,2.49727,0.143857,1.41943,0.060399,0.04966,0.079026,7.682
2026-01-06 14:00:00,2.09694,2.97017,0.231198,1.86574,0.080115,0.062187,0.100314,13.776
2026-01-06 15:00:00,2.1867,3.14181,0.255551,1.93115,0.066698,0.047677,0.084917,8.941
2026-01-06 16:00:00,2.43647,3.18076,0.184776,2.25169,0.072249,0.055382,0.093455,12.003
2026-01-06 17:00:00,2.96417,2.98206,0.421758,2.54241,0.086221,0.077095,0.101657,15.11
2026-01-06 18:00:00,3.6417,3.89071,0.609328,3.03238,0.113826,0.096811,0.113669,14.012
2026-01-06 19:00:00,2.6544,2.45323,0.234266,2.42014,0.094864,0.066627,0.107025,15.603
2026-01-06 20:00:00,3.56925,3.98353,0.304005,3.26524,0.086113,0.082181,0.103408,17.912
2026-01-06 21:00:00,2.35703,2.82617,0.216366,2.14066,0.077385,0.075449,0.09275,11.721
2026-01-06 22:00:00,1.64525,2.99136,0.148714,1.49653,0.070662,0.06578,0.077696,7.53
2026-01-06 23:00:00,1.65038,3.85602,0.091837,1.55854,0.057431,0.071619,0.076552,6.601
2026-01-07 00:00:00,1.49623,4.45305,0.067872,1.42835,0.047847,0.05726,0.073306,5.303
2026-01-07 01:00:00,0.653048,1.87658,0.024276,0.628772,0.017354,0.020384,0.038087,2.165
2026-01-07 02:00:00,0.800748,0.85186,0.050898,0.74985,0.025371,0.025254,0.049324,3.261
2026-01-07 03:00:00,0.450496,0.304801,0.024622,0.425874,0.032134,0.017341,0.054664,3.313
2026-01-07 04:00:00,0.333823,0.236754,0.022548,0.311275,0.024577,0.009668,0.043345,2.614
2026-01-07 05:00:00,0.255946,0.297612,0.016215,0.239731,0.01447,0.008848,0.036496,1.643
2026-01-07 06:00:00,0.960129,1.96748,0.042281,0.917848,0.027471,0.016302,0.045999,3.931
2026-01-07 07:00:00,1.24752,1.31317,0.130902,1.11661,0.044661,0.030382,0.084079,7.149
2026-01-07 08:00:00,2.35364,3.10507,0.165361,2.18828,0.054265,0.046141,0.097562,8.921
2026-01-07 09:00:00,2.32326,2.86116,0.127896,2.19536,0.051774,0.048378,0.08606,8.58
2026-01-07 10:00:00,10.6861,10.9042,0.24113,10.445,0.060609,0.07163,0.09064,8.761
2026-01-07 11:00:00,1.34317,1.39623,0.152196,1.19097,0.061149,0.041172,0.085187,8.021
2026-01-07 12:00:00,1.30621,1.55133,0.133016,1.1732,0.057107,0.046551,0.079632,10.599
2026-01-07 13:00:00,1.62978,2.32825,0.182133,1.44765,0.053927,0.038052,0.086554,8.02
2026-01-07 14:00:00,1.22685,1.88167,0.129414,1.09744,0.042207,0.036535,0.080916,6.45
2026-01-07 15:00:00,3.59386,3.68223,0.522102,3.07176,0.095457,0.077338,0.105875,11.412
2026-01-07 16:00:00,2.377,2.10727,0.184959,2.19204,0.07444,0.062581,0.099835,10.636
2026-01-07 17:00:00,7.03478,7.12022,0.423677,6.6111,0.109369,0.112896,0.105492,13.573
2026-01-07 18:00:00,5.09967,4.53707,1.25953,3.84014,0.198937,0.114916,0.112936,19.59
2026-01-07 19:00:00,3.55567,3.98618,0.432289,3.12338,0.165395,0.140627,0.158886,17.151
2026-01-07 20:00:00,3.18258,3.7093,0.507609,2.67497,0.121533,0.104017,0.120618,15.642
2026-01-07 21:00:00,2.33203,2.57968,0.309117,2.02291,0.120739,0.08998,0.117667,18.556
2026-01-07 22:00:00,2.52188,4.1073,0.328012,2.19387,0.103824,0.099117,0.115094,16.306
2026-01-07 23:00:00,2.90415,7.04892,0.163897,2.74025,0.079156,0.117989,0.083074,8.213
2026-01-08 00:00:00,0.92614,2.72394,0.064233,0.861907,0.033794,0.035733,0.048637,4.602
2026-01-08 01:00:00,1.30712,2.61424,0.064075,1.24305,0.039278,0.041226,0.05315,4.829
2026-01-08 02:00:00,1.23822,1.17701,0.046631,1.19158,0.03659,0.030602,0.053439,4.22
2026-01-08 03:00:00,0.19503,0.16528,0.021415,0.173615,0.023734,0.015138,0.055509,1.54
2026-01-08 04:00:00,0.336565,0.240748,0.01396,0.322605,0.027458,0.01078,0.042476,1.361
2026-01-08 05:00:00,0.361286,0.412427,0.141755,0.219531,0.031318,0.010226,0.05049,1.154
2026-01-08 06:00:00,0.420919,1.06293,0.052373,0.368546,0.022659,0.014598,0.044415,1.397
2026-01-08 07:00:00,1.17781,1.98285,0.064303,1.11351,0.044544,0.046391,0.070474,5.206
2026-01-08 08:00:00,3.22734,5.07444,0.177969,3.04937,0.059435,0.065299,0.092697,8.09
2026-01-08 09:00:00,0.862325,0.838838,0.085449,0.776876,0.049616,0.040421,0.07908,5.019
2026-01-08 10:00:00,2.07921,2.30001,0.200868,1.87834,0.073714,0.066739,0.089612,8.662
2026-01-08 11:00:00,2.16488,1.73468,0.170375,1.9945,0.071107,0.058804,0.101859,11.313
2026-01-08 12:00:00,2.95151,2.15754,0.305224,2.64628,0.098845,0.091331,0.12851,16.679
2026-01-08 13:00:00,3.51243,2.58647,0.416175,3.09625,0.090569,0.074301,0.130463,16.391
2026-01-08 14:00:00,2.66119,2.6039,0.255878,2.40531,0.084737,0.066159,0.102731,11.395
2026-01-08 15:00:00,1.87108,3.21492,0.121293,1.74979,0.059012,0.053818,0.087853,6.649
2026-01-08 16:00:00,1.75894,1.79484,0.180139,1.5788,0.077186,0.048855,0.095729,10.413
2026-01-08 17:00:00,4.77903,3.64256,0.284805,4.49423,0.102913,0.099743,0.106532,17.865
2026-01-08 18:00:00,3.30609,2.16935,0.449665,2.85643,0.118101,0.089676,0.120668,20.789
2026-01-08 19:00:00,4.28147,3.33968,0.458052,3.82341,0.124455,0.126011,0.132296,22.491
2026-01-08 20:00:00,3.27809,2.91645,0.622911,2.65518,0.138383,0.126098,0.140031,18.228
2026-01-08 21:00:00,3.52536,3.73449,0.571643,2.95372,0.121442,0.104816,0.098291,19.503
2026-01-08 22:00:00,3.57947,3.57947,0.838455,2.74102,0.128444,0.091127,0.093633,21.273
2026-01-08 23:00:00,3.71417,7.51857,0.181424,3.53275,0.081637,0.104531,0.093796,17.021
2026-01-09 00:00:00,2.4523,4.78964,0.09516,2.35714,0.062584,0.070144,0.08008,12.28
2026-01-09 01:00:00,1.95181,2.78035,0.081671,1.87014,0.045708,0.057225,0.055816,7.146
2026-01-09 02:00:00,1.13638,0.684569,0.038827,1.09756,0.038796,0.052176,0.051797,5.298
2026-01-09 03:00:00,1.41925,1.03898,0.056517,1.36274,0.051303,0.032082,0.05498,6.097
2026-01-09 04:00:00,0.642363,0.482255,0.038285,0.604078,0.047924,0.027337,0.052758,4.887
2026-01-09 05:00:00,0.250758,0.279239,0.03032,0.220438,0.032898,0.013075,0.044198,3.864
2026-01-09 06:00:00,0.774992,1.3316,0.049397,0.725595,0.036428,0.020821,0.049672,4.949
2026-01-09 07:00:00,0.959218,1.23293,0.143177,0.816041,0.05418,0.030948,0.069484,7.052
2026-01-09 08:00:00,2.1934,2.94021,0.160881,2.03252,0.069837,0.047066,0.087145,12.337
2026-01-09 09:00:00,1.97332,2.52343,0.165188,1.80814,0.062368,0.044983,0.08297,12.617
2026-01-09 10:00:00,2.02865,2.3211,0.191905,1.83674,0.077999,0.04924,0.093631,12.994
2026-01-09 11:00:00,4.02727,4.3491,0.265178,3.76209,0.084571,0.087188,0.09762,16.628
2026-01-09 12:00:00,2.72864,3.03857,0.356638,2.372,0.083088,0.072607,0.093076,13.196
2026-01-09 13:00:00,4.55536,5.82527,0.200712,4.35465,0.070252,0.089142,0.091596,10.891
2026-01-09 14:00:00,1.57564,1.80693,0.329966,1.24568,0.083053,0.049725,0.091229,8.23
2026-01-09 15:00:00,3.01186,4.1948,0.204787,2.80708,0.063087,0.061219,0.088971,11.654
2026-01-09 16:00:00,2.79392,3.13923,0.242811,2.5511,0.068776,0.055774,0.091346,11.723
2026-01-09 17:00:00,2.31909,3.02753,0.207615,2.11147,0.063507,0.059677,0.093965,11.888
2026-01-09 18:00:00,7.52623,8.00662,0.81237,6.71386,0.134048,0.132546,0.115424,21.773
2026-01-09 19:00:00,3.96189,3.78766,0.785153,3.17674,0.142233,0.099818,0.136782,17.738
2026-01-09 20:00:00,3.79299,3.53165,0.461081,3.33191,0.112487,0.10068,0.10406,20.819
2026-01-09 21:00:00,3.71107,2.44149,0.326328,3.38474,0.103226,0.15096,0.124474,17.642
2026-01-09 22:00:00,4.02352,4.90673,0.730701,3.29282,0.161869,0.111307,0.101232,17.174
2026-01-09 23:00:00,2.06103,3.19046,0.415383,1.64565,0.142674,0.078557,0.091739,11.594
2026-01-10 00:00:00,2.2546,4.0405,0.130788,2.12381,0.059449,0.081553,0.070189,10.901
2026-01-10 01:00:00,1.62701,1.77234,0.639826,0.987181,0.086397,0.043523,0.054703,4.998
2026-01-10 02:00:00,0.289494,0.426984,0.021814,0.26768,0.018534,0.025371,0.04567,2.015
2026-01-10 03:00:00,0.155319,0.128789,0.02263,0.132689,0.022612,0.021926,0.046484,1.498
2026-01-10 04:00:00,0.445932,0.448625,0.033106,0.412826,0.032998,0.040709,0.049741,1.89
2026-01-10 05:00:00,0.332894,0.418208,0.027789,0.305105,0.015179,0.018543,0.037713,1.563
2026-01-10 06:00:00,0.432963,1.3446,0.019114,0.413849,0.011827,0.027031,0.045466,1.413
2026-01-10 07:00:00,1.07573,2.50169,0.067376,1.00835,0.027305,0.026278,0.061801,3.875
2026-01-10 08:00:00,1.19447,1.51582,0.105214,1.08925,0.047512,0.039408,0.073553,5.903
2026-01-10 09:00:00,2.19337,2.84854,0.146059,2.04731,0.051751,0.066335,0.081095,8.151
2026-01-10 10:00:00,2.54167,2.53155,0.224458,2.31721,0.069377,0.0606,0.091079,9.491
2026-01-10 11:00:00,3.40276,2.8935,0.317534,3.08522,0.07402,0.075436,0.093201,10.885
2026-01-10 12:00:00,2.8427,2.79243,0.20626,2.63644,0.068632,0.058385,0.095085,9.347
2026-01-10 13:00:00,2.40259,2.06408,0.146901,2.25569,0.050145,0.049998,0.087694,8.211
2026-01-10 14:00:00,3.04263,2.64117,0.172179,2.87045,0.058191,0.066966,0.09274,10.008
2026-01-10 15:00:00,2.29912,2.37023,0.200751,2.09837,0.072117,0.058511,0.101628,9.928
2026-01-10 16:00:00,2.16689,2.51379,0.248036,1.91885,0.073428,0.055718,0.093051,11.156
2026-01-10 17:00:00,2.54219,3.01923,0.245966,2.29622,0.070373,0.057801,0.101401,12.077
2026-01-10 18:00:00,5.12951,6.2708,0.462905,4.66661,0.100716,0.118467,0.123479,15.876
2026-01-10 19:00:00,4.67605,5.42465,0.447153,4.2289,0.103135,0.120664,0.136777,19.65
2026-01-10 20:00:00,3.44141,4.1067,0.275678,3.16574,0.09637,0.10517,0.128179,18.068
2026-01-10 21:00:00,11.2134,13.742,0.352307,10.8611,0.095506,0.191554,0.109767,17.186
2026-01-10 22:00:00,2.70715,2.64887,0.311573,2.39557,0.090611,0.083783,0.101809,22.057
2026-01-10 23:00:00,2.31999,3.65929,0.1948,2.12519,0.077658,0.065059,0.092746,11.44
2026-01-11 00:00:00,1.24801,2.36364,0.124007,1.124,0.048077,0.056829,0.060171,5.419
2026-01-11 01:00:00,1.36149,2.05663,0.054066,1.30743,0.041699,0.043569,0.065681,5.947
2026-01-11 02:00:00,2.03858,1.77268,0.104058,1.93453,0.044576,0.04992,0.062206,5.172
2026-01-11 03:00:00,0.372478,0.305811,0.032978,0.3395,0.041146,0.028134,0.050781,2.539
2026-01-11 04:00:00,0.315755,0.244771,0.030715,0.28504,0.035139,0.018432,0.052125,2.525
2026-01-11 05:00:00,0.634792,0.876784,0.019937,0.614855,0.017077,0.016255,0.035999,2.087
2026-01-11 06:00:00,0.412795,1.32306,0.01697,0.395825,0.025186,0.027772,0.042357,1.723
2026-01-11 07:00:00,0.795223,1.53518,0.046557,0.748666,0.030915,0.025159,0.061002,3.869
2026-01-11 08:00:00,2.51138,4.11701,0.125148,2.38623,0.058828,0.057609,0.081566,7.728
2026-01-11 09:00:00,1.75868,3.11822,0.267207,1.49147,0.059242,0.051284,0.091563,7.244
2026-01-11 10:00:00,2.85291,4.11083,0.134502,2.71841,0.058643,0.063993,0.093622,8.212
2026-01-11 11:00:00,2.92541,2.82922,0.305647,2.61977,0.069519,0.073666,0.110933,11.344
2026-01-11 12:00:00,2.61966,2.63548,0.583293,2.03637,0.085084,0.073078,0.13504,11.493
2026-01-11 13:00:00,1.79987,2.22206,0.149794,1.65008,0.076073,0.050082,0.098053,9.901
2026-01-11 14:00:00,2.90674,3.65168,0.186769,2.71997,0.061406,0.063403,0.095009,12.182
2026-01-11 15:00:00,3.22594,2.94337,0.438725,2.78721,0.092296,0.085471,0.100995,13.823
2026-01-11 16:00:00,3.12274,3.129,0.334769,2.78797,0.073868,0.076082,0.097079,12.507
2026-01-11 17:00:00,7.13783,7.23917,0.469401,6.66842,0.102742,0.13527,0.113097,19.558
2026-01-11 18:00:00,12.1131,14.2173,0.40252,11.7106,0.081329,0.121751,0.088257,14.078
2026-01-11 19:00:00,2.82249,2.75633,0.39544,2.42705,0.100713,0.094228,0.113357,15.962
2026-01-11 20:00:00,2.54198,3.16955,0.212129,2.32985,0.079481,0.079786,0.090355,13.986
2026-01-11 21:00:00,3.20516,4.84163,0.513367,2.69179,0.097336,0.088562,0.106379,13.3
2026-01-11 22:00:00,3.8423,6.34044,0.683902,3.1584,0.12035,0.111322,0.125339,15.084
2026-01-11 23:00:00,3.56269,7.06884,0.671958,2.89073,0.097673,0.073706,0.095216,8.103
2026-01-12 00:00:00,3.67671,6.10748,0.176895,3.49981,0.060264,0.081242,0.08122,9.753
2026-01-12 01:00:00,1.36198,2.22546,0.121472,1.24051,0.044946,0.038145,0.054209,9.507
2026-01-12 02:00:00,0.645656,0.637999,0.037969,0.607687,0.032711,0.018942,0.049037,4.534
2026-01-12 03:00:00,0.814556,0.759847,0.039351,0.775205,0.032005,0.026319,0.050347,4.242
2026-01-12 04:00:00,0.903024,0.823928,0.045226,0.857798,0.027385,0.017814,0.039963,3.367
2026-01-12 05:00:00,0.365028,0.908031,0.020433,0.344595,0.019549,0.009047,0.036519,2.039
2026-01-12 06:00:00,0.406353,0.846568,0.027318,0.379035,0.017804,0.010862,0.041092,1.842
2026-01-12 07:00:00,0.959038,1.4314,0.061013,0.898025,0.030321,0.02518,0.066036,4.378
2026-01-12 08:00:00,2.17116,2.5364,0.139699,2.03146,0.065285,0.051901,0.093647,9.484
2026-01-12 09:00:00,1.64759,2.13418,0.098579,1.54901,0.058116,0.047831,0.093876,9.922
2026-01-12 10:00:00,1.99748,2.08505,0.208465,1.78901,0.066061,0.06784,0.094771,8.714
2026-01-12 11:00:00,1.79713,1.3594,0.171247,1.62588,0.063338,0.047302,0.111913,12.626
2026-01-12 12:00:00,2.39724,2.01111,0.256561,2.14068,0.073979,0.062268,0.112037,12.576
2026-01-12 13:00:00,3.23181,3.08968,0.187705,3.0441,0.062285,0.054845,0.077615,10.414
2026-01-12 14:00:00,3.10431,3.74013,0.193055,2.91125,0.067151,0.064126,0.094254,11.385
2026-01-12 15:00:00,2.05809,2.13052,0.148112,1.90997,0.064601,0.056816,0.08861,9.402
2026-01-12 16:00:00,1.7968,1.82602,0.167485,1.62932,0.054866,0.050913,0.083587,9.202
2026-01-12 17:00:00,2.5428,2.37645,0.561824,1.98098,0.075805,0.059562,0.091684,11.579
2026-01-12 18:00:00,3.405,2.99209,0.283761,3.12124,0.086656,0.103825,0.11107,14.175
2026-01-12 19:00:00,4.38113,4.47054,0.637324,3.74381,0.107543,0.10207,0.106498,15.83
2026-01-12 20:00:00,4.89761,5.65544,0.747985,4.14963,0.122009,0.111304,0.12731,19.969
2026-01-12 21:00:00,4.22963,5.20891,0.343912,3.88572,0.097476,0.104971,0.112555,16.365
2026-01-12 22:00:00,4.58259,6.81933,0.384159,4.19843,0.076145,0.142835,0.096421,11.472
2026-01-12 23:00:00,1.87411,3.67473,0.128316,1.74579,0.052622,0.06428,0.065916,6.94
2026-01-13 00:00:00,1.89207,5.25574,0.08027,1.8118,0.031214,0.050661,0.047295,4.161
2026-01-13 01:00:00,2.9522,5.23439,0.084174,2.86802,0.043472,0.072617,0.081645,8.82
2026-01-13 02:00:00,3.0409,2.66278,0.070672,2.97023,0.047125,0.066966,0.070855,6.545
2026-01-13 03:00:00,0.838553,0.923518,0.041997,0.796556,0.054004,0.039242,0.060938,3.991
2026-01-13 04:00:00,0.274679,0.348577,0.016295,0.258384,0.03713,0.020274,0.047325,1.772
2026-01-13 05:00:00,0.116117,0.252426,0.01781,0.098307,0.026953,0.021901,0.043256,1.83
2026-01-13 06:00:00,0.661061,1.61235,0.201177,0.459884,0.026601,0.01806,0.042127,2.52
2026-01-13 07:00:00,0.664625,1.01625,0.060795,0.60383,0.032268,0.026697,0.06205,4.163
2026-01-13 08:00:00,1.26912,1.81302,0.102565,1.16655,0.047256,0.039302,0.078981,6.741
2026-01-13 09:00:00,3.10902,3.69243,0.210438,2.89858,0.049412,0.046497,0.083844,7.496
2026-01-13 10:00:00,1.72859,1.65257,0.186007,1.54258,0.058625,0.045556,0.080588,7.929
2026-01-13 11:00:00,1.89924,1.51454,0.143723,1.75551,0.060672,0.051408,0.091803,8.966
2026-01-13 12:00:00,1.63268,1.51454,0.25197,1.38071,0.052776,0.046373,0.085179,7.061
2026-01-13 13:00:00,1.82404,2.09179,0.159922,1.66412,0.056946,0.046774,0.080661,8.018
2026-01-13 14:00:00,1.41383,1.48511,0.121786,1.29204,0.053424,0.040403,0.082634,7.634
2026-01-13 15:00:00,1.65201,1.85619,0.264635,1.38738,0.066219,0.043004,0.080524,7.479
2026-01-13 16:00:00,3.2898,4.07153,0.213465,3.07633,0.053784,0.060117,0.091114,8.38
2026-01-13 17:00:00,2.4572,2.33575,0.344806,2.1124,0.085606,0.068654,0.097791,12.08
2026-01-13 18:00:00,3.43818,3.12562,0.378125,3.06006,0.101592,0.091344,0.11123,16.741
2026-01-13 19:00:00,3.4211,2.84145,0.30002,3.12108,0.09377,0.098111,0.100917,10.752
2026-01-13 20:00:00,3.67142,2.56026,0.45389,3.21753,0.101185,0.088815,0.111383,16.367
2026-01-13 21:00:00,3.10405,1.87216,0.41634,2.68771,0.077306,0.084024,0.101348,13.952
2026-01-13 22:00:00,2.82287,2.02501,0.233239,2.58963,0.087165,0.080121,0.091439,12.823
2026-01-13 23:00:00,5.9817,10.1042,0.237871,5.74383,0.080914,0.131069,0.098299,14.586
2026-01-14 00:00:00,9.94427,22.197,0.359837,9.58443,0.090535,0.184636,0.143219,20.147
2026-01-14 01:00:00,4.37824,7.81828,0.108807,4.26943,0.054337,0.086205,0.07559,10.992
2026-01-14 02:00:00,3.91389,4.46791,0.1069,3.80699,0.043479,0.06017,0.052587,8.042
2026-01-14 03:00:00,0.655604,0.70647,0.039458,0.616146,0.031153,0.022375,0.046137,6.091
2026-01-14 04:00:00,0.920483,0.709155,0.040335,0.880148,0.055513,0.045624,0.053184,5.622
2026-01-14 05:00:00,0.232632,0.434016,0.017095,0.215537,0.057174,0.027835,0.041471,1.353
2026-01-14 06:00:00,0.624562,1.3121,0.055941,0.568621,0.033528,0.015987,0.046407,3.182
2026-01-14 07:00:00,0.913936,1.37228,0.132655,0.781281,0.043641,0.040122,0.07205,4.843
2026-01-14 08:00:00,1.88763,2.31896,0.12043,1.7672,0.051516,0.047468,0.07939,7.376
2026-01-14 09:00:00,1.79963,2.67007,0.130907,1.66872,0.045284,0.044264,0.083552,7.054
2026-01-14 10:00:00,2.39356,2.70764,0.145177,2.24838,0.043236,0.043618,0.078958,7.022
2026-01-14 11:00:00,2.79683,2.17483,0.228993,2.56783,0.088478,0.084204,0.105794,10.876
2026-01-14 12:00:00,1.61787,1.57995,0.350747,1.26712,0.084737,0.059938,0.10195,8.78
2026-01-14 13:00:00,1.45922,1.76234,0.177031,1.28219,0.048228,0.053025,0.072292,6.149
2026-01-14 14:00:00,1.97044,1.95093,0.194157,1.77628,0.059003,0.055855,0.091759,8.407
2026-01-14 15:00:00,8.78583,10.5346,0.31309,8.47274,0.075747,0.085895,0.096579,12.778
2026-01-14 16:00:00,3.56357,3.84834,0.303421,3.26015,0.07667,0.061772,0.10772,12.656
2026-01-14 17:00:00,2.18456,2.21109,0.331944,1.85261,0.073359,0.060976,0.087639,10.269
2026-01-14 18:00:00,3.26504,3.1823,0.47039,2.79465,0.092381,0.091306,0.108423,14.344
2026-01-14 19:00:00,4.91627,4.95592,0.985737,3.93054,0.126395,0.108734,0.129311,17.865
2026-01-14 20:00:00,3.58843,3.51118,0.584499,3.00393,0.092918,0.094198,0.114228,17.692
2026-01-14 21:00:00,2.85776,3.56329,0.365948,2.49181,0.091392,0.130675,0.110298,15.365
2026-01-14 22:00:00,2.33912,2.81822,0.227834,2.11129,0.080671,0.120507,0.104548,15.461
2026-01-14 23:00:00,3.46022,6.81146,0.169943,3.29028,0.065829,0.106491,0.091681,12.647
2026-01-15 00:00:00,1.69609,3.68715,0.08794,1.60815,0.047002,0.065114,0.062171,5.128
2026-01-15 01:00:00,3.07731,4.70537,0.073317,3.004,0.040004,0.064721,0.056108,7.312
2026-01-15 02:00:00,1.36121,1.50576,0.05421,1.307,0.045289,0.031866,0.050194,4.849
2026-01-15 03:00:00,1.10984,1.08383,0.046907,1.06293,0.042658,0.024337,0.06106,4.18
2026-01-15 04:00:00,1.13492,0.952117,0.060627,1.0743,0.041151,0.01985,0.051923,5.777
2026-01-15 05:00:00,0.626672,0.809652,0.061791,0.564881,0.019129,0.01242,0.036646,2.504
2026-01-15 06:00:00,0.692152,1.20165,0.045135,0.647017,0.018536,0.013868,0.043159,2.711
2026-01-15 07:00:00,1.0923,1.46029,0.068311,1.02399,0.029911,0.021796,0.05928,4.025
2026-01-15 08:00:00,1.77807,2.02053,0.3338,1.44427,0.060333,0.041704,0.085882,7.419
2026-01-15 09:00:00,2.48811,2.955,0.226517,2.26159,0.064405,0.049302,0.081037,10.109
2026-01-15 10:00:00,3.11579,2.39308,0.38126,2.73453,0.086397,0.064737,0.110322,12.26
2026-01-15 11:00:00,2.82409,2.18245,0.561153,2.26294,0.131009,0.095764,0.103073,13.258
2026-01-15 12:00:00,3.09236,2.51412,0.216872,2.87549,0.078187,0.099145,0.095472,10.547
2026-01-15 13:00:00,2.88098,3.53061,0.263592,2.61739,0.080544,0.075189,0.104114,12.34
2026-01-15 14:00:00,1.47219,1.53354,0.165568,1.30662,0.064117,0.054001,0.104001,9.325
2026-01-15 15:00:00,1.78202,2.07694,0.144098,1.63792,0.045759,0.048998,0.088379,7.707
2026-01-15 16:00:00,2.28594,3.33228,0.267722,2.01822,0.061967,0.058736,0.090145,11.052
2026-01-15 17:00:00,1.93626,1.75705,0.225268,1.711,0.074064,0.059291,0.091364,13.6
2026-01-15 18:00:00,4.18015,3.6286,0.638177,3.54197,0.121737,0.097285,0.132788,20.689
2026-01-15 19:00:00,3.4783,2.5389,0.304094,3.1742,0.100762,0.09664,0.119565,15.892
2026-01-15 20:00:00,4.43253,4.65602,0.644461,3.78807,0.118436,0.119357,0.146492,24.202
2026-01-15 21:00:00,4.23388,3.70742,0.474125,3.75975,0.107053,0.102608,0.126562,19.92
2026-01-15 22:00:00,3.29232,3.51744,0.220114,3.07221,0.083922,0.080111,0.111319,16.724
2026-01-15 23:00:00,2.89572,4.64058,0.153166,2.74255,0.077705,0.087377,0.102543,12.607
2026-01-16 00:00:00,5.69876,12.2291,0.159109,5.53965,0.070895,0.118645,0.091056,13.544
2026-01-16 01:00:00,2.91293,6.68103,0.085362,2.82757,0.052344,0.058768,0.078923,8.873
2026-01-16 02:00:00,1.88961,4.10784,0.068028,1.82158,0.042378,0.042774,0.061039,6.339
2026-01-16 03:00:00,2.4646,7.24882,0.075704,2.3889,0.039599,0.041674,0.052919,5.499
2026-01-16 04:00:00,1.15933,3.49194,0.04471,1.11462,0.025481,0.03778,0.046166,3.396
2026-01-16 05:00:00,1.57719,4.86786,0.052201,1.52499,0.023833,0.025625,0.041159,4.154
2026-01-16 06:00:00,0.849011,1.86187,0.039578,0.809433,0.033018,0.033167,0.049832,3.654
2026-01-16 07:00:00,1.39782,1.61412,0.140475,1.25735,0.049056,0.043962,0.072102,6.337
2026-01-16 08:00:00,2.74469,2.47716,0.191831,2.55286,0.07558,0.081918,0.091424,10.738
2026-01-16 09:00:00,2.01614,1.76855,0.223795,1.79235,0.059508,0.072314,0.087156,8.227
2026-01-16 10:00:00,1.95084,1.54338,0.152207,1.79863,0.081249,0.062829,0.101518,9.126
2026-01-16 11:00:00,3.15581,2.51659,0.213204,2.9426,0.129758,0.094504,0.113917,9.335
2026-01-16 12:00:00,1.65208,1.35195,0.166203,1.48588,0.095236,0.085853,0.107627,8.416
2026-01-16 13:00:00,1.83797,1.73393,0.330706,1.50726,0.052737,0.048815,0.075123,6.921
2026-01-16 14:00:00,2.41871,3.06166,0.189381,2.22933,0.066345,0.05692,0.096251,11.691
2026-01-16 15:00:00,1.61009,2.32672,0.119704,1.49039,0.055327,0.052135,0.100252,9.957
2026-01-16 16:00:00,2.01353,2.40277,0.274483,1.73904,0.077566,0.056216,0.093122,12.255
2026-01-16 17:00:00,2.35316,1.95121,0.302254,2.05091,0.085048,0.060907,0.10025,13.736
2026-01-16 18:00:00,3.23851,3.46736,0.50389,2.73462,0.090216,0.081075,0.095257,13.614
2026-01-16 19:00:00,4.78096,6.03657,0.40996,4.371,0.106639,0.123558,0.115579,18.886
2026-01-16 20:00:00,3.38364,4.57249,0.376657,3.00699,0.105642,0.108847,0.10948,13.93
2026-01-16 21:00:00,3.19588,3.50425,0.268081,2.9278,0.115658,0.090127,0.119714,17.422
2026-01-16 22:00:00,3.53843,4.41201,0.202665,3.33577,0.091523,0.098548,0.096416,13.645
2026-01-16 23:00:00,4.63068,7.69215,0.335457,4.29522,0.099593,0.137692,0.10981,17.464
2026-01-17 00:00:00,2.82386,8.55715,0.114826,2.70903,0.059092,0.086108,0.086558,10.995
2026-01-17 01:00:00,1.6158,3.59065,0.089067,1.52673,0.043771,0.052083,0.05382,6.247
2026-01-17 02:00:00,1.29808,0.660262,0.044235,1.25384,0.051713,0.088906,0.074803,7.038
2026-01-17 03:00:00,1.1376,0.867074,0.036184,1.10142,0.05495,0.059908,0.082024,6.243
2026-01-17 04:00:00,0.743777,0.502553,0.04336,0.700417,0.050664,0.02756,0.049758,2.539
2026-01-17 05:00:00,0.678138,0.784883,0.022745,0.655393,0.024073,0.014884,0.043583,3.053
2026-01-17 06:00:00,1.46727,2.40536,0.060539,1.40673,0.031205,0.0265,0.050276,4.75
2026-01-17 07:00:00,0.659636,1.1105,0.058298,0.601338,0.036279,0.022195,0.063479,4.331
2026-01-17 08:00:00,0.983883,1.44264,0.080536,0.903347,0.046426,0.040479,0.069978,5.308
2026-01-17 09:00:00,1.52086,2.62217,0.115294,1.40557,0.047345,0.046885,0.07364,6.062
2026-01-17 10:00:00,2.08236,1.71529,0.152203,1.93016,0.06566,0.059398,0.084924,6.336
2026-01-17 11:00:00,8.99685,10.4858,0.193287,8.80356,0.066072,0.08964,0.093648,10.776
2026-01-17 12:00:00,2.23136,3.03173,0.193799,2.03756,0.065667,0.062178,0.09994,10.579
2026-01-17 13:00:00,1.46184,2.00251,0.139928,1.32191,0.083781,0.069833,0.097244,7.672
2026-01-17 14:00:00,2.48901,3.39103,0.201318,2.2877,0.078742,0.075128,0.109652,9.194
2026-01-17 15:00:00,3.4617,4.14079,0.264917,3.19679,0.083525,0.095958,0.112776,12.109
2026-01-17 16:00:00,2.30287,2.47089,0.214487,2.08839,0.069618,0.062379,0.097191,13.427
2026-01-17 17:00:00,3.15317,3.78986,0.290758,2.86241,0.080778,0.077805,0.09168,13.571
2026-01-17 18:00:00,4.01565,4.63701,0.363762,3.65189,0.112011,0.100681,0.095777,15.159
2026-01-17 19:00:00,3.82173,4.10057,0.390238,3.43149,0.119587,0.126318,0.138932,14.981
2026-01-17 20:00:00,2.04611,2.03796,0.311568,1.73454,0.087779,0.085101,0.116289,14.185
2026-01-17 21:00:00,3.05113,3.65843,0.467357,2.58377,0.104475,0.113075,0.107913,11.383
2026-01-17 22:00:00,4.17276,4.44857,0.95975,3.21301,0.13243,0.090059,0.089111,12.233
2026-01-17 23:00:00,2.55059,3.35604,0.408271,2.14232,0.085464,0.06915,0.101435,8.923
2026-01-18 00:00:00,2.81583,6.04254,0.192066,2.62376,0.069614,0.057211,0.084656,10.139
2026-01-18 01:00:00,1.825,3.98472,0.064793,1.76021,0.041878,0.057714,0.06501,5.785
2026-01-18 02:00:00,1.63336,1.26814,0.055042,1.57832,0.050163,0.034811,0.068977,5.191
2026-01-18 03:00:00,2.25807,1.57686,0.035012,2.22306,0.044416,0.030149,0.065668,4.12
2026-01-18 04:00:00,1.0446,0.961878,0.04349,1.00111,0.036677,0.022219,0.060996,4.059
2026-01-18 05:00:00,0.48268,0.840905,0.029546,0.453134,0.034617,0.037135,0.071048,3.453
2026-01-18 06:00:00,0.79597,2.4874,0.058139,0.737831,0.025626,0.022258,0.046959,3.146
2026-01-18 07:00:00,1.26117,3.20093,0.107491,1.15368,0.044451,0.037608,0.069486,5.472
2026-01-18 08:00:00,1.33955,2.00532,0.114146,1.22541,0.058419,0.072141,0.080976,6.037
2026-01-18 09:00:00,1.82256,2.00282,0.191093,1.63147,0.076625,0.082622,0.087159,7.067
2026-01-18 10:00:00,2.42055,2.6776,0.167368,2.25318,0.066425,0.077247,0.082559,9.604
2026-01-18 11:00:00,2.27118,2.13456,0.212239,2.05894,0.071251,0.076092,0.088989,10.883
2026-01-18 12:00:00,4.65902,4.60378,0.280512,4.37851,0.065859,0.084893,0.084812,10.831
2026-01-18 13:00:00,3.25155,3.72884,0.200711,3.05084,0.072078,0.079706,0.082715,10.251
2026-01-18 14:00:00,2.42733,3.37129,0.275837,2.15149,0.063251,0.085654,0.093628,9.657
2026-01-18 15:00:00,2.09745,2.02848,0.198962,1.89848,0.063889,0.071421,0.090832,10.01
2026-01-18 16:00:00,2.881,2.7702,0.362204,2.5188,0.075896,0.062628,0.088139,12.095
2026-01-18 17:00:00,3.95093,3.80629,0.392328,3.55861,0.092658,0.096882,0.111748,17.039
2026-01-18 18:00:00,4.09529,3.86348,0.354831,3.74046,0.090046,0.101153,0.120272,16.724
2026-01-18 19:00:00,3.097,4.14037,0.391728,2.70527,0.080691,0.063871,0.087289,13.207
2026-01-18 20:00:00,4.4276,5.00859,0.622375,3.80522,0.137724,0.121577,0.126084,18.817
2026-01-18 21:00:00,5.47627,6.89706,0.498929,4.97734,0.110111,0.150293,0.131649,24.331
2026-01-18 22:00:00,3.02167,4.60621,0.173459,2.84821,0.07593,0.095047,0.090234,13.891
2026-01-18 23:00:00,4.52825,10.9378,1.05294,3.47531,0.108539,0.112005,0.085502,11.651
2026-01-19 00:00:00,4.48275,14.6495,0.252199,4.23055,0.065855,0.092695,0.07819,13.303
2026-01-19 01:00:00,4.10198,10.0539,0.134556,3.96743,0.046378,0.06561,0.054642,8.636
2026-01-19 02:00:00,1.53249,2.16453,0.062716,1.46977,0.038533,0.051649,0.048421,4.206
2026-01-19 03:00:00,0.281356,0.347352,0.020168,0.261188,0.027729,0.013049,0.044017,1.325
2026-01-19 04:00:00,0.741582,1.10354,0.024793,0.716789,0.03125,0.015848,0.042772,2.417
2026-01-19 05:00:00,0.421207,1.07451,0.018908,0.402299,0.023299,0.021714,0.058965,2.358
2026-01-19 06:00:00,0.515654,1.49033,0.034127,0.481527,0.028619,0.022361,0.058206,2.576
2026-01-19 07:00:00,1.14275,2.04062,0.073967,1.06878,0.042551,0.035104,0.066868,4.512
2026-01-19 08:00:00,1.64725,2.65686,0.131181,1.51607,0.051986,0.040553,0.073292,6.078
2026-01-19 09:00:00,1.19927,1.76883,0.127523,1.07175,0.032527,0.021927,0.065671,4.642
2026-01-19 10:00:00,1.18276,1.33494,0.14818,1.03458,0.047944,0.040535,0.088737,8.124
2026-01-19 11:00:00,1.58256,1.32989,0.158307,1.42426,0.055342,0.060685,0.097818,10.205
2026-01-19 12:00:00,1.88812,2.09326,0.298718,1.5894,0.079258,0.066187,0.092434,9.624
2026-01-19 13:00:00,1.8055,2.1753,0.192945,1.61255,0.064184,0.05912,0.083866,9.166
2026-01-19 14:00:00,1.59684,2.0631,0.289592,1.30724,0.065782,0.048845,0.085428,9.44
2026-01-19 15:00:00,2.14594,3.00552,0.319479,1.82646,0.075983,0.076366,0.120525,8.896
2026-01-19 16:00:00,1.55205,1.52162,0.297484,1.25457,0.061646,0.057961,0.087903,9.083
2026-01-19 17:00:00,2.9168,2.3186,0.30897,2.60783,0.071436,0.062007,0.091233,12.171
2026-01-19 18:00:00,2.57879,3.83748,0.36967,2.20912,0.095683,0.070661,0.087348,12.477
2026-01-19 19:00:00,3.12396,4.51439,0.44314,2.68082,0.093125,0.073249,0.111606,17.663
2026-01-19 20:00:00,2.41284,3.47672,0.230232,2.18261,0.082969,0.069014,0.124949,17.416
2026-01-19 21:00:00,3.16832,4.10404,0.544221,2.6241,0.112012,0.092363,0.129787,19.588
2026-01-19 22:00:00,2.8519,5.03869,0.191223,2.66067,0.071882,0.08103,0.11377,14.171
2026-01-19 23:00:00,2.96105,4.93509,0.444523,2.51653,0.074158,0.071795,0.101151,11.913
2026-01-20 00:00:00,1.8099,4.1322,0.093776,1.71613,0.050184,0.052444,0.090474,11.392
2026-01-20 01:00:00,6.4142,15.5684,3.46029,2.95391,0.171901,0.069433,0.129019,16.989
2026-01-20 02:00:00,1.02899,1.04572,0.439883,0.589106,0.045551,0.034335,0.067673,4.625
2026-01-20 03:00:00,0.594551,0.425286,0.035258,0.559293,0.033721,0.017923,0.049288,3.138
2026-01-20 04:00:00,0.412197,0.302197,0.027126,0.385071,0.03155,0.019267,0.048368,4.094
2026-01-20 05:00:00,0.201101,0.227489,0.024914,0.176187,0.021861,0.010962,0.044897,1.546
2026-01-20 06:00:00,0.285447,0.755156,0.028013,0.257434,0.020153,0.010143,0.042161,2.406
2026-01-20 07:00:00,1.05721,1.69424,0.078667,0.978541,0.043022,0.0349,0.063492,4.556
2026-01-20 08:00:00,1.92381,2.92372,0.239513,1.68429,0.054505,0.043808,0.076288,7.247
2026-01-20 09:00:00,1.18649,1.61647,0.174156,1.01233,0.040256,0.029857,0.07288,5.9
2026-01-20 10:00:00,1.44858,1.55095,0.135376,1.31321,0.045564,0.037045,0.077902,6.883
2026-01-20 11:00:00,1.74928,1.50282,0.196766,1.55251,0.047205,0.043397,0.084255,7.693
2026-01-20 12:00:00,2.45475,2.64521,0.497309,1.95745,0.0795,0.054082,0.080946,10.023
2026-01-20 13:00:00,1.9958,2.17408,0.212522,1.78328,0.067183,0.060195,0.086219,9.233
2026-01-20 14:00:00,1.50928,2.0789,0.11228,1.397,0.063164,0.056513,0.085334,6.74
2026-01-20 15:00:00,2.08271,1.94283,0.157333,1.92538,0.066695,0.057672,0.092708,8.622
2026-01-20 16:00:00,3.09065,3.50414,0.257998,2.83265,0.071021,0.059118,0.092002,12.537
2026-01-20 17:00:00,3.63816,4.1249,0.245982,3.39218,0.080676,0.087218,0.093011,14.93
2026-01-20 18:00:00,3.83094,4.57153,0.483101,3.34784,0.095863,0.132372,0.104329,16.62
2026-01-20 19:00:00,3.07066,3.64687,0.344465,2.7262,0.13082,0.139257,0.149705,14.897
2026-01-20 20:00:00,2.48837,3.38094,0.299301,2.18907,0.093141,0.103571,0.108804,12.504
2026-01-20 21:00:00,1.90307,1.76537,0.184483,1.71858,0.087301,0.102098,0.103807,10.459
2026-01-20 22:00:00,2.51497,2.72773,0.175942,2.33902,0.075508,0.091211,0.08984,13.464
2026-01-20 23:00:00,3.27661,3.82781,0.121575,3.15503,0.058466,0.082712,0.068548,10.091
2026-01-21 00:00:00,2.89259,4.51968,0.129348,2.76324,0.04782,0.059574,0.057911,7.977
2026-01-21 01:00:00,1.84638,3.33281,0.085024,1.76136,0.04638,0.056347,0.066261,9.468
2026-01-21 02:00:00,1.01995,0.668382,0.16384,0.856113,0.051604,0.039143,0.057205,6.855
2026-01-21 03:00:00,0.878002,0.590849,0.157953,0.720049,0.059577,0.049583,0.052556,4
2026-01-21 04:00:00,0.614397,0.495481,0.029943,0.584454,0.043523,0.026917,0.04861,1.885
2026-01-21 05:00:00,1.03502,1.24401,0.038105,0.996913,0.04149,0.066411,0.090941,3.894
2026-01-21 06:00:00,0.95463,1.75483,0.035849,0.918781,0.031923,0.034369,0.07112,3.335
2026-01-21 07:00:00,1.96915,2.43104,0.116913,1.85223,0.047399,0.04409,0.075417,6.723
2026-01-21 08:00:00,2.4773,3.27686,0.407258,2.07005,0.057549,0.048281,0.0831,8.694
2026-01-21 09:00:00,1.78111,2.02399,0.392667,1.38844,0.062274,0.056265,0.078937,7.686
2026-01-21 10:00:00,2.00958,1.91388,0.252091,1.75749,0.066282,0.05177,0.102575,7.825
2026-01-21 11:00:00,1.90152,1.58196,0.173167,1.72835,0.058732,0.050521,0.0886,9.288
2026-01-21 12:00:00,1.8529,1.78851,0.187777,1.66512,0.056622,0.047839,0.072464,7.362
2026-01-21 13:00:00,3.10683,3.35511,0.526117,2.58072,0.081056,0.069169,0.105881,11.508
2026-01-21 14:00:00,2.01605,2.30143,0.142532,1.87352,0.065673,0.06015,0.109155,11.496
2026-01-21 15:00:00,1.93566,1.91649,0.254224,1.68143,0.061682,0.049308,0.090863,9.19
2026-01-21 16:00:00,2.26873,2.43426,0.226436,2.04229,0.062155,0.058235,0.100944,11.047
2026-01-21 17:00:00,2.63759,2.26209,0.268506,2.36909,0.086371,0.117946,0.099281,13.484
2026-01-21 18:00:00,4.15104,3.38584,0.411469,3.73957,0.102567,0.106507,0.12823,16.368
2026-01-21 19:00:00,3.75141,2.71055,0.376652,3.37475,0.099867,0.100915,0.103052,17.373
2026-01-21 20:00:00,3.50738,4.02222,0.644707,2.86267,0.123662,0.091295,0.09769,13.95
2026-01-21 21:00:00,4.59539,4.868,1.12767,3.46773,0.129419,0.109334,0.112247,18.418
2026-01-21 22:00:00,3.09797,3.87247,0.855405,2.24257,0.115849,0.072987,0.07348,9.879
2026-01-21 23:00:00,2.75567,5.36122,0.132076,2.62359,0.056835,0.080784,0.064046,8.855
2026-01-22 00:00:00,2.10768,4.6221,0.136784,1.9709,0.042068,0.05458,0.05645,6.653
2026-01-22 01:00:00,0.952772,1.9132,0.040673,0.912099,0.032106,0.055703,0.059803,3.682
2026-01-22 02:00:00,1.0682,1.1687,0.0293,1.0389,0.035093,0.047459,0.049745,3.172
2026-01-22 03:00:00,2.22793,1.54932,0.08435,2.14358,0.055501,0.065414,0.069072,4.947
2026-01-22 04:00:00,0.60075,0.362334,0.02429,0.57646,0.039579,0.02856,0.047701,1.644
2026-01-22 05:00:00,0.194949,0.22616,0.02094,0.174009,0.022102,0.008754,0.037125,1.922
2026-01-22 06:00:00,0.731667,1.06969,0.059691,0.671976,0.034314,0.020602,0.051868,3.321
2026-01-22 07:00:00,1.52828,1.77707,0.064317,1.46396,0.046304,0.051784,0.068082,4.187
2026-01-22 08:00:00,1.19041,1.45173,0.093642,1.09677,0.041654,0.035622,0.072491,6.584
2026-01-22 09:00:00,1.03564,1.02134,0.179565,0.856077,0.042452,0.024371,0.069334,6.137
2026-01-22 10:00:00,2.68814,3.31869,0.123428,2.56471,0.038372,0.038696,0.082981,6.241
2026-01-22 11:00:00,2.73706,2.60673,0.234175,2.50289,0.060059,0.051262,0.10117,10.921
2026-01-22 12:00:00,2.1037,1.77978,0.210053,1.89364,0.061177,0.05331,0.09693,11.133
2026-01-22 13:00:00,1.94212,1.74965,0.21338,1.72874,0.068437,0.070144,0.088538,12.276
2026-01-22 14:00:00,1.67152,1.3883,0.170741,1.50078,0.07417,0.058594,0.122979,14.099
2026-01-22 15:00:00,4.16431,3.17402,0.669788,3.49452,0.094501,0.087644,0.120684,13.929
2026-01-22 16:00:00,3.43501,2.25394,0.364094,3.07091,0.082157,0.0714,0.091296,12.053
2026-01-22 17:00:00,3.11816,2.8041,0.402924,2.71523,0.074005,0.062419,0.089504,12.986
2026-01-22 18:00:00,2.86643,3.22796,0.369906,2.49652,0.088144,0.06374,0.087005,9.348
2026-01-22 19:00:00,3.61418,3.39679,0.473158,3.14103,0.108578,0.083138,0.093116,17.925
2026-01-22 20:00:00,3.14414,4.46611,0.627807,2.51633,0.1147,0.088972,0.087704,16.041
2026-01-22 21:00:00,6.80265,7.13066,1.09073,5.71193,0.147556,0.185295,0.137435,23.562
2026-01-22 22:00:00,6.8993,7.9853,0.631388,6.26791,0.110603,0.156943,0.126346,24.016
2026-01-22 23:00:00,2.66294,4.5755,0.388911,2.27403,0.075227,0.072366,0.081784,12.478
2026-01-23 00:00:00,0.900469,0.841559,0.077448,0.823021,0.055895,0.042479,0.084388,8.951
2026-01-23 01:00:00,0.999011,1.73439,0.061876,0.937135,0.043219,0.04699,0.052859,5.72
2026-01-23 02:00:00,0.749516,1.04099,0.013926,0.73559,0.019109,0.031102,0.040328,1.339
2026-01-23 03:00:00,0.28923,0.311,0.027215,0.262015,0.022579,0.017269,0.04009,1.769
2026-01-23 04:00:00,0.395356,0.442232,0.03532,0.360036,0.026109,0.010959,0.03998,4.577
2026-01-23 05:00:00,0.485238,0.863414,0.028306,0.456932,0.01958,0.010743,0.050796,3.653
2026-01-23 06:00:00,0.980164,1.58603,0.044254,0.93591,0.025677,0.022313,0.057498,4.39
2026-01-23 07:00:00,0.899646,1.06341,0.071654,0.827992,0.040671,0.035244,0.064093,5.055
2026-01-23 08:00:00,1.13149,0.816372,0.137752,0.99374,0.055784,0.042655,0.076053,7.031
2026-01-23 09:00:00,1.13255,1.53462,0.089483,1.04306,0.036522,0.029758,0.070381,5.1
2026-01-23 10:00:00,1.0472,1.12361,0.120849,0.926356,0.050504,0.049561,0.076356,5.947
2026-01-23 11:00:00,2.77189,2.27204,0.210929,2.56096,0.075273,0.080418,0.112087,11.845
2026-01-23 12:00:00,1.4508,1.34333,0.19754,1.25326,0.071743,0.053353,0.097835,11.147
2026-01-23 13:00:00,1.7749,2.16451,0.404447,1.37045,0.067617,0.046819,0.086439,10.844
2026-01-23 14:00:00,1.60588,2.18189,0.133185,1.47269,0.050864,0.045306,0.079682,8.477
2026-01-23 15:00:00,3.1441,4.45339,0.171747,2.97235,0.046168,0.047157,0.085313,7.814
2026-01-23 16:00:00,2.42873,3.59279,0.156326,2.2724,0.056126,0.047761,0.089083,8.664
2026-01-23 17:00:00,2.98801,3.31265,0.273643,2.71437,0.08074,0.081796,0.094006,13.96
2026-01-23 18:00:00,4.00446,4.50953,0.326591,3.67787,0.094221,0.111081,0.100622,14.822
2026-01-23 19:00:00,3.77411,3.89888,0.439711,3.3344,0.097271,0.093499,0.101486,16.128
2026-01-23 20:00:00,2.96264,2.97454,0.472731,2.48991,0.094366,0.070456,0.091121,17.134
2026-01-23 21:00:00,5.85557,7.02107,0.746756,5.10881,0.118618,0.128497,0.112656,24.487
2026-01-23 22:00:00,4.00588,3.90436,0.281241,3.72464,0.079608,0.104311,0.084489,16.606
2026-01-23 23:00:00,1.57738,2.22794,0.158038,1.41934,0.064109,0.068533,0.069493,6.12
2026-01-24 00:00:00,1.17199,2.81727,0.088518,1.08347,0.041563,0.057936,0.052556,4.777
2026-01-24 01:00:00,2.93886,11.6621,0.077266,2.86159,0.045946,0.062108,0.051216,7.6
2026-01-24 02:00:00,1.12275,1.22038,0.049655,1.0731,0.039168,0.037799,0.049818,5.843
2026-01-24 03:00:00,1.17389,0.98812,0.053669,1.12022,0.065723,0.053115,0.054915,5.743
2026-01-24 04:00:00,0.39056,0.299508,0.031535,0.359025,0.065415,0.029003,0.050936,5.056
2026-01-24 05:00:00,0.38423,0.361119,0.018783,0.365447,0.018386,0.008898,0.036189,3.498
2026-01-24 06:00:00,0.474131,0.656689,0.042164,0.431967,0.029086,0.016497,0.044918,4.532
2026-01-24 07:00:00,1.13872,1.99776,0.073526,1.06519,0.03332,0.019102,0.052562,6.051
2026-01-24 08:00:00,2.72103,3.42699,0.21827,2.50276,0.082593,0.075054,0.085574,10.916
2026-01-24 09:00:00,1.75939,2.53515,0.138158,1.62123,0.060066,0.047907,0.089723,10.051
2026-01-24 10:00:00,2.54537,2.67934,0.257433,2.28794,0.064291,0.058264,0.091826,12.49
2026-01-24 11:00:00,3.81369,3.8757,0.401882,3.41181,0.080701,0.077349,0.109469,13.767
2026-01-24 12:00:00,2.62621,2.21434,0.314894,2.31131,0.078125,0.066521,0.093218,10.321
2026-01-24 13:00:00,4.18933,4.47578,0.353681,3.83565,0.083097,0.099206,0.122936,14.59
2026-01-24 14:00:00,4.59784,3.99118,0.159662,4.43818,0.065179,0.085579,0.106659,11.639
2026-01-24 15:00:00,3.00041,3.21932,0.166923,2.83348,0.067077,0.059124,0.091456,9.857
2026-01-24 16:00:00,2.09124,2.43734,0.226876,1.86436,0.076053,0.056073,0.098273,12.156
2026-01-24 17:00:00,1.74698,1.84281,0.216392,1.53059,0.083524,0.070768,0.099342,13.84
2026-01-24 18:00:00,1.92664,1.9305,0.292705,1.63394,0.082872,0.065439,0.09789,12.073
2026-01-24 19:00:00,3.32383,4.3966,0.237483,3.08634,0.079911,0.071133,0.085546,12.341
2026-01-24 20:00:00,1.85072,2.947,0.265044,1.58567,0.080886,0.068976,0.079569,11.678
2026-01-24 21:00:00,3.95009,5.98498,0.419342,3.53075,0.096434,0.087941,0.10014,13.302
2026-01-24 22:00:00,3.42571,4.34735,0.398825,3.02689,0.151298,0.143039,0.155277,19.53
2026-01-24 23:00:00,2.97059,4.29276,0.494252,2.47634,0.140154,0.116261,0.12334,18.444
2026-01-25 00:00:00,1.90886,3.02036,0.223628,1.68524,0.077907,0.095462,0.114377,13.624
2026-01-25 01:00:00,1.58197,2.81489,0.07712,1.50485,0.059533,0.070534,0.088669,8.34
2026-01-25 02:00:00,1.06381,1.19261,0.064807,0.999005,0.031187,0.04447,0.050316,3.08
2026-01-25 03:00:00,0.334269,0.382458,0.013834,0.320435,0.033127,0.041757,0.057501,1.713
2026-01-25 04:00:00,0.570778,0.653065,0.026336,0.544442,0.032663,0.022144,0.050455,1.833
2026-01-25 05:00:00,0.173376,0.473703,0.011874,0.161502,0.012535,0.009052,0.032551,1.496
2026-01-25 06:00:00,0.355604,1.1933,0.013013,0.342591,0.018521,0.015036,0.038375,1.308
2026-01-25 07:00:00,0.211239,0.374538,0.05035,0.160889,0.030735,0.037905,0.059417,2.867
2026-01-25 08:00:00,1.22806,1.76445,0.093834,1.13422,0.05372,0.046258,0.066765,5.965
2026-01-25 09:00:00,1.52382,1.38277,0.134139,1.38968,0.057211,0.071155,0.073868,7.042
2026-01-25 10:00:00,2.20048,1.55401,0.185767,2.01471,0.082877,0.070042,0.119068,11.857
2026-01-25 11:00:00,2.76273,2.36131,0.363962,2.39877,0.079184,0.073516,0.112195,12.103
2026-01-25 12:00:00,2.63475,1.98101,0.383121,2.25163,0.077863,0.068626,0.091346,11.781
2026-01-25 13:00:00,2.69724,2.69185,0.304936,2.3923,0.08023,0.069725,0.097841,13.661
2026-01-25 14:00:00,3.10634,2.65046,0.259481,2.84686,0.0755,0.082552,0.122177,13.465
2026-01-25 15:00:00,1.69653,1.4185,0.136554,1.55998,0.068343,0.078614,0.103556,8.409
2026-01-25 16:00:00,2.16713,2.24806,0.311699,1.85543,0.076572,0.052356,0.086203,10.412
2026-01-25 17:00:00,3.7718,3.36768,0.382301,3.3895,0.096429,0.091898,0.100083,17.187
2026-01-25 18:00:00,3.33241,3.77824,0.361053,2.97136,0.140424,0.097163,0.105708,15.684
2026-01-25 19:00:00,2.6186,4.02861,0.188423,2.43018,0.079857,0.078482,0.083753,11.93
2026-01-25 20:00:00,3.51565,3.75604,0.39349,3.12216,0.109632,0.114427,0.092189,12.627
2026-01-25 21:00:00,5.32989,6.42155,0.329063,5.00082,0.09424,0.111761,0.080455,18.706
2026-01-25 22:00:00,2.18,2.84595,0.329797,1.8502,0.06984,0.073972,0.090081,11.728
2026-01-25 23:00:00,2.67071,3.25696,0.321921,2.34879,0.082027,0.06502,0.098899,13.099
2026-01-26 00:00:00,2.64967,4.8887,0.130009,2.51967,0.086222,0.068131,0.061787,11.212
2026-01-26 01:00:00,2.70964,4.82143,0.08742,2.62222,0.052973,0.06796,0.04934,5.368
2026-01-26 02:00:00,1.21694,1.29187,0.200407,1.01653,0.035613,0.033757,0.051097,5.457
2026-01-26 03:00:00,0.478379,0.558853,0.035151,0.443228,0.025596,0.013651,0.041768,4.214
2026-01-26 04:00:00,0.404748,0.518909,0.023913,0.380835,0.0214,0.009865,0.036732,3.572
2026-01-26 05:00:00,0.029167,0.056525,0.004822,0.024345,0.007571,0.003289,0.029937,0.733
2026-01-26 06:00:00,0.477056,1.56927,0.02123,0.455826,0.016033,0.014037,0.040119,1.264
2026-01-26 07:00:00,0.917142,1.50846,0.100183,0.816959,0.043317,0.031829,0.062923,4.187
2026-01-26 08:00:00,1.99804,2.46064,0.211128,1.78691,0.068381,0.046985,0.092641,10.403
2026-01-26 09:00:00,0.98338,1.15965,0.135796,0.847584,0.041457,0.032472,0.073519,5.932
2026-01-26 10:00:00,1.89889,2.20802,0.228662,1.67023,0.061827,0.048289,0.07974,10.226
2026-01-26 11:00:00,1.80629,2.12505,0.106982,1.69931,0.047466,0.059709,0.079734,7.612
2026-01-26 12:00:00,0.995316,1.37855,0.199588,0.795728,0.050503,0.046632,0.072018,7.36
2026-01-26 13:00:00,2.0547,3.29279,0.24519,1.80951,0.060556,0.052191,0.076684,8.936
2026-01-26 14:00:00,3.31334,3.39482,0.194395,3.11895,0.061989,0.063768,0.09026,10.929
2026-01-26 15:00:00,3.15093,4.89275,0.097688,3.05324,0.050228,0.052529,0.078795,8.55
2026-01-26 16:00:00,2.30429,2.89483,0.321345,1.98294,0.094405,0.051332,0.085699,9.918
2026-01-26 17:00:00,1.56042,1.32464,0.291219,1.2692,0.084814,0.053631,0.094408,11.434
2026-01-26 18:00:00,2.40286,2.33288,0.513243,1.88962,0.092451,0.072653,0.099843,14.924
2026-01-26 19:00:00,1.68955,2.20569,0.399615,1.28994,0.084211,0.051933,0.127877,10.725
2026-01-26 20:00:00,2.13162,3.04516,0.268669,1.86295,0.074289,0.050856,0.115347,12.689
2026-01-26 21:00:00,2.37916,3.78847,0.314309,2.06485,0.101152,0.082421,0.108496,11.811
2026-01-26 22:00:00,3.20929,6.714,0.26657,2.94272,0.086177,0.094172,0.08619,15.435
2026-01-26 23:00:00,2.1836,3.56798,0.1797,2.0039,0.078547,0.076778,0.092982,15.334
2026-01-27 00:00:00,1.44046,3.10444,0.104332,1.33613,0.059794,0.065019,0.062027,10.043
2026-01-27 01:00:00,0.697388,2.29404,0.027308,0.67008,0.033707,0.027016,0.0408,2.757
2026-01-27 02:00:00,0.35993,1.65106,0.027947,0.331983,0.021067,0.01395,0.033653,3.348
2026-01-27 03:00:00,0.617565,2.14432,0.021446,0.596119,0.014194,0.018414,0.034763,2.05
2026-01-27 04:00:00,1.63726,5.88945,0.036049,1.60122,0.011908,0.032509,0.037507,1.262
2026-01-27 05:00:00,0.978467,2.61622,0.078226,0.900241,0.015717,0.03129,0.037524,1.417
2026-01-27 06:00:00,0.216805,0.602236,0.01916,0.197645,0.015003,0.009469,0.039541,1.386
2026-01-27 07:00:00,0.803403,1.02214,0.080344,0.723059,0.038845,0.02866,0.071018,6.159
2026-01-27 08:00:00,1.45591,1.44149,0.129316,1.32659,0.051848,0.044731,0.074876,6.649
2026-01-27 09:00:00,0.970794,1.16682,0.155637,0.815157,0.059427,0.051108,0.083241,8.743
2026-01-27 10:00:00,2.90685,3.57987,0.333329,2.57352,0.074144,0.063424,0.096953,11.425
2026-01-27 11:00:00,1.61765,1.76599,0.139065,1.47858,0.052515,0.044853,0.082511,7.64
2026-01-27 12:00:00,2.9498,3.03477,0.504504,2.4453,0.085637,0.073971,0.104885,10.357
2026-01-27 13:00:00,1.50549,2.17556,0.126155,1.37933,0.070581,0.05446,0.087577,7.06
2026-01-27 14:00:00,2.03946,3.43344,0.193733,1.84573,0.067414,0.0663,0.097448,8.608
2026-01-27 15:00:00,1.92354,2.62778,0.165689,1.75785,0.063139,0.058482,0.089516,9.448
2026-01-27 16:00:00,2.37521,2.84116,0.218684,2.15652,0.067471,0.054401,0.090507,11.627
2026-01-27 17:00:00,2.63937,2.33573,0.303103,2.33627,0.093464,0.094195,0.098438,15.127
2026-01-27 18:00:00,1.96459,1.83264,0.245061,1.71952,0.086336,0.069582,0.09689,12.912
2026-01-27 19:00:00,3.27455,4.40127,0.501859,2.77269,0.102735,0.086797,0.117108,13.807
2026-01-27 20:00:00,4.81479,5.78701,0.450618,4.36417,0.114758,0.100368,0.133563,16.919
2026-01-27 21:00:00,3.17565,5.27516,0.369555,2.80609,0.103381,0.138556,0.117649,14.845
2026-01-27 22:00:00,4.10174,7.76845,0.242052,3.85969,0.076675,0.123235,0.147334,14.698
2026-01-27 23:00:00,3.34267,5.92672,0.169555,3.17312,0.060932,0.076896,0.083033,8.037
2026-01-28 00:00:00,2.25318,5.14425,0.104114,2.14907,0.05193,0.055005,0.069864,6.652
2026-01-28 01:00:00,1.11524,2.01307,0.06436,1.05088,0.046277,0.046874,0.059929,6.967
2026-01-28 02:00:00,1.5427,1.75707,0.06508,1.47762,0.04971,0.063019,0.063749,5.144
2026-01-28 03:00:00,0.820307,0.664755,0.042677,0.77763,0.043034,0.033157,0.052471,3.902
2026-01-28 04:00:00,0.20689,0.223908,0.017374,0.189516,0.032534,0.048196,0.065989,2.683
2026-01-28 05:00:00,0.150009,0.297638,0.023697,0.126312,0.016465,0.006324,0.037037,2.139
2026-01-28 06:00:00,0.20855,0.436295,0.0236,0.18495,0.025751,0.013935,0.045616,2.469
2026-01-28 07:00:00,1.41137,1.83772,0.108477,1.30289,0.045307,0.033392,0.065963,6.217
2026-01-28 08:00:00,2.39101,3.50588,0.118347,2.27266,0.045204,0.040108,0.072108,6.889
2026-01-28 09:00:00,2.04846,2.09027,0.100576,1.94789,0.045562,0.044144,0.073874,6.054
2026-01-28 10:00:00,2.45322,2.27149,0.190706,2.26251,0.050964,0.041078,0.082389,9.032
2026-01-28 11:00:00,3.04754,3.05978,0.14791,2.89963,0.07652,0.064296,0.106873,11.474
2026-01-28 12:00:00,3.93151,3.00115,0.425046,3.50646,0.117354,0.07226,0.092277,14.768
2026-01-28 13:00:00,4.28399,4.2332,0.461142,3.82285,0.09069,0.079216,0.092876,16.157
2026-01-28 14:00:00,3.47368,3.82564,0.184696,3.28898,0.0708,0.080509,0.097934,11.628
2026-01-28 15:00:00,3.78501,3.81554,0.246757,3.53826,0.086089,0.067139,0.103626,14.534
2026-01-28 16:00:00,4.38078,4.70041,0.254753,4.12603,0.083541,0.0819,0.100238,14.392
2026-01-28 17:00:00,6.43083,4.94679,0.442252,5.98858,0.105034,0.12405,0.122895,21.801
2026-01-28 18:00:00,7.68637,5.53773,0.887717,6.79866,0.181408,0.199382,0.142791,27.665
2026-01-28 19:00:00,3.72269,2.93587,0.335207,3.38748,0.141427,0.118479,0.110919,17.366
2026-01-28 20:00:00,3.40571,2.69439,0.587583,2.81813,0.133176,0.088921,0.102523,16.514
2026-01-28 21:00:00,3.75383,3.34566,0.573375,3.18045,0.111639,0.09987,0.112991,20.714
2026-01-28 22:00:00,3.33482,3.85083,0.449103,2.88571,0.137645,0.090219,0.142595,23.191
2026-01-28 23:00:00,4.34166,6.59827,0.308081,4.03358,0.103034,0.106931,0.105596,16.813
2026-01-29 00:00:00,2.3419,3.43387,0.137935,2.20397,0.073406,0.112426,0.064833,9.511
2026-01-29 01:00:00,1.5151,2.33812,0.070877,1.44422,0.053985,0.057211,0.049544,6.436
2026-01-29 02:00:00,0.883031,0.553972,0.0423,0.840731,0.064445,0.042239,0.048764,4.128
2026-01-29 03:00:00,0.837746,0.422251,0.149025,0.688721,0.056885,0.026831,0.049075,2.871
2026-01-29 04:00:00,0.467361,0.209767,0.119236,0.348125,0.03557,0.01924,0.047128,3.058
2026-01-29 05:00:00,0.740889,0.597491,0.027417,0.713472,0.020741,0.012861,0.036935,3.397
2026-01-29 06:00:00,0.646746,0.827042,0.049687,0.597059,0.023441,0.014176,0.041308,2.6
2026-01-29 07:00:00,1.51636,1.12993,0.107126,1.40924,0.059596,0.049885,0.071504,6.76
2026-01-29 08:00:00,3.17353,2.49884,0.232787,2.94074,0.079938,0.099585,0.092185,12.387
2026-01-29 09:00:00,4.70902,4.23473,0.170852,4.53817,0.082423,0.100728,0.08993,11.007
2026-01-29 10:00:00,3.76753,2.66822,0.22246,3.54507,0.095579,0.082587,0.110862,18.759
2026-01-29 11:00:00,3.93751,2.97395,0.412186,3.52532,0.109405,0.074031,0.119285,17.021
2026-01-29 12:00:00,3.85817,2.92729,0.40893,3.44924,0.104,0.083946,0.110941,18.12
2026-01-29 13:00:00,2.63363,2.26257,0.209647,2.42398,0.106148,0.072074,0.11518,15.109
2026-01-29 14:00:00,5.24818,5.59507,0.743434,4.50475,0.128095,0.096954,0.137347,21.212
2026-01-29 15:00:00,2.13812,2.00951,0.186046,1.95207,0.076751,0.084314,0.110038,10.959
2026-01-29 16:00:00,2.32659,2.28545,0.240944,2.08565,0.08215,0.06532,0.095795,13.628
2026-01-29 17:00:00,3.7366,2.80105,0.339323,3.39727,0.106912,0.086893,0.104333,17.133
2026-01-29 18:00:00,4.82254,3.68696,0.665476,4.15707,0.123308,0.097561,0.110832,22.654
2026-01-29 19:00:00,3.64962,2.75235,0.454372,3.19525,0.122439,0.124007,0.126733,19.262
2026-01-29 20:00:00,4.41251,3.43654,0.741917,3.6706,0.128803,0.141223,0.117339,20.646
2026-01-29 21:00:00,4.25779,4.28349,0.538282,3.71951,0.139233,0.1519,0.135367,25.862
2026-01-29 22:00:00,4.85283,5.79096,0.814223,4.03861,0.1263,0.130829,0.142509,28.634
2026-01-29 23:00:00,8.06825,9.02489,2.61509,5.45316,0.200557,0.133517,0.127748,20.263
2026-01-30 00:00:00,3.84493,5.72162,0.30087,3.54406,0.088077,0.105019,0.098614,14.39
2026-01-30 01:00:00,1.64146,2.44993,0.090821,1.55063,0.053062,0.048354,0.055607,7.64
2026-01-30 02:00:00,1.51416,0.87423,0.071816,1.44235,0.066305,0.049874,0.063495,7.138
2026-01-30 03:00:00,2.50903,1.16591,0.081272,2.42776,0.061124,0.044367,0.066032,10.277
2026-01-30 04:00:00,1.04884,0.489653,0.052305,0.996532,0.041483,0.026558,0.04982,5.601
2026-01-30 05:00:00,0.993319,0.725051,0.043371,0.949948,0.039567,0.036814,0.045545,4.503
2026-01-30 06:00:00,0.391205,0.502836,0.04701,0.344195,0.041434,0.033379,0.04963,3.934
2026-01-30 07:00:00,2.84676,2.44148,0.104058,2.74271,0.057399,0.062529,0.071621,8.223
2026-01-30 08:00:00,3.5959,3.69949,0.23633,3.35957,0.07508,0.08055,0.086056,11.992
2026-01-30 09:00:00,2.01762,1.67577,0.161304,1.85632,0.056947,0.048119,0.081211,9.681
2026-01-30 10:00:00,1.92908,1.37791,0.297017,1.63206,0.073719,0.051852,0.088893,10.629
2026-01-30 11:00:00,1.48453,1.10292,0.162569,1.32196,0.072828,0.04762,0.089293,9.646
2026-01-30 12:00:00,1.79002,1.32791,0.365018,1.42501,0.082314,0.053469,0.095539,11.874
2026-01-30 13:00:00,2.01288,1.52955,0.140633,1.87225,0.068818,0.05191,0.080975,8.985
2026-01-30 14:00:00,2.56629,1.99556,0.178556,2.38773,0.072327,0.108346,0.093181,11.029
2026-01-30 15:00:00,3.077,2.60763,0.213275,2.86373,0.081853,0.084196,0.093765,10.637
2026-01-30 16:00:00,2.62484,2.70045,0.331658,2.29318,0.101379,0.073706,0.113093,15.493
2026-01-30 17:00:00,3.3047,2.80534,0.410862,2.89383,0.11212,0.097357,0.107621,16.76
2026-01-30 18:00:00,4.18578,3.10518,0.44206,3.74372,0.123544,0.115475,0.114507,21.019
2026-01-30 19:00:00,4.89377,4.2703,0.433463,4.4603,0.116516,0.103997,0.107941,19.677
2026-01-30 20:00:00,10.0288,8.16677,1.54716,8.48163,0.203612,0.174817,0.141054,25.27
2026-01-30 21:00:00,5.71,5.16275,0.84972,4.86028,0.191826,0.204003,0.139652,27.922
2026-01-30 22:00:00,7.01062,6.79323,1.12003,5.89058,0.164726,0.166964,0.144836,25.727
2026-01-30 23:00:00,6.37233,8.36265,2.26748,4.10485,0.181493,0.126541,0.107408,18.057
2026-01-31 00:00:00,6.0466,11.0744,0.70809,5.33851,0.104061,0.155295,0.107856,13.42
2026-01-31 01:00:00,4.07777,8.25459,0.131029,3.94674,0.075893,0.109257,0.067757,8.605
2026-01-31 02:00:00,3.75928,2.63255,0.135608,3.62367,0.055789,0.060046,0.057005,5.537
2026-01-31 03:00:00,3.16406,1.72334,0.074608,3.08945,0.04613,0.096672,0.089389,6.288
2026-01-31 04:00:00,5.56852,3.07993,0.077553,5.49097,0.03383,0.025478,0.044627,6.358
2026-01-31 05:00:00,0.786327,0.54006,0.037824,0.748503,0.023534,0.013159,0.038113,2.9
2026-01-31 06:00:00,1.41848,2.0264,0.072319,1.34616,0.030409,0.036648,0.047245,3.636
2026-01-31 07:00:00,2.74644,2.90321,0.174962,2.57147,0.063546,0.065441,0.079192,8.271
2026-01-31 08:00:00,1.9499,1.43375,0.181082,1.76882,0.076044,0.066151,0.095564,12.14
2026-01-31 09:00:00,2.41208,1.70827,0.202678,2.2094,0.074153,0.060932,0.096802,12.299
2026-01-31 10:00:00,3.56667,2.22917,0.225053,3.34162,0.085529,0.086737,0.102936,14.818
2026-01-31 11:00:00,3.20279,2.17581,0.189604,3.01318,0.079307,0.07998,0.106993,13.585
2026-01-31 12:00:00,3.59296,2.51961,0.318743,3.27422,0.095589,0.084774,0.110744,15.901
2026-01-31 13:00:00,2.83379,2.38937,0.290298,2.5435,0.085738,0.072695,0.10581,17.853
2026-01-31 14:00:00,3.85892,2.6431,0.394186,3.46473,0.110638,0.098503,0.122019,20.617
2026-01-31 15:00:00,3.88368,2.8431,0.306138,3.57754,0.098235,0.090409,0.107361,18.109
2026-01-31 16:00:00,4.04543,2.87726,0.356833,3.68859,0.092869,0.086429,0.109186,16.939
2026-01-31 17:00:00,4.55779,3.27427,0.39988,4.15791,0.105046,0.104834,0.112367,20.492
2026-01-31 18:00:00,4.39013,3.15837,0.578298,3.81184,0.111673,0.091446,0.095901,17.901
2026-01-31 19:00:00,7.31432,7.44839,0.462712,6.85161,0.118144,0.145798,0.117731,22.713
2026-01-31 20:00:00,18.9704,16.1039,0.536937,18.4334,0.188261,0.224797,0.131104,22.928
2026-01-31 21:00:00,11.5086,7.27475,0.996081,10.5126,0.191577,0.19298,0.124063,27.561
2026-01-31 22:00:00,8.37218,6.85121,0.840966,7.53121,0.168621,0.175039,0.12515,35.32
2026-01-31 23:00:00,4.66956,3.5483,0.677602,3.99196,0.129782,0.126921,0.10915,22.506
2026-02-01 00:00:00,2.49765,2.44868,0.158456,2.3392,0.08486,0.081528,0.07118,13.965
2026-02-01 01:00:00,2.14813,2.59436,0.150116,1.99801,0.082574,0.057876,0.068276,12.856
2026-02-01 02:00:00,1.05574,0.629919,0.094607,0.961136,0.079484,0.057103,0.065394,11.307
2026-02-01 03:00:00,0.719522,0.381912,0.063822,0.6557,0.061041,0.046615,0.059576,9.274
2026-02-01 04:00:00,2.31524,1.29488,0.041316,2.27393,0.050125,0.03743,0.052483,8.197
2026-02-01 05:00:00,0.885641,0.783754,0.059763,0.825878,0.045974,0.02468,0.056858,8.523
2026-02-01 06:00:00,1.29294,1.75196,0.065409,1.22754,0.049283,0.028674,0.052637,8.912
2026-02-01 07:00:00,2.57628,3.09648,0.146322,2.42995,0.060089,0.050421,0.065165,11.484
2026-02-01 08:00:00,1.30587,1.30067,0.138291,1.16758,0.070386,0.06074,0.079435,9.865
2026-02-01 09:00:00,4.02738,3.22707,0.547536,3.47984,0.110012,0.098586,0.09636,15.291
2026-02-01 10:00:00,4.14961,3.10135,0.388279,3.76133,0.113537,0.091643,0.1058,17.041
2026-02-01 11:00:00,2.45476,1.41566,0.266559,2.1882,0.107658,0.063202,0.108857,15.48
2026-02-01 12:00:00,4.13302,2.66303,0.590509,3.54251,0.116172,0.089651,0.110172,17.492
2026-02-01 13:00:00,5.31653,2.99018,0.567371,4.74916,0.132965,0.114566,0.131939,25.562
2026-02-01 14:00:00,4.90711,3.59232,0.767613,4.1395,0.146979,0.111946,0.113607,20.916
2026-02-01 15:00:00,3.8757,2.80442,0.385151,3.49055,0.106077,0.096534,0.109717,19.177
2026-02-01 16:00:00,1.98673,1.24482,0.270861,1.71587,0.097495,0.052351,0.103116,13.239
2026-02-01 17:00:00,3.68221,2.4746,0.427056,3.25516,0.096617,0.116272,0.131902,17.884
2026-02-01 18:00:00,3.43479,2.63,0.463634,2.97115,0.112818,0.084177,0.117267,16.594
2026-02-01 19:00:00,3.3698,2.79884,0.398565,2.97124,0.111035,0.088615,0.105116,15.037
2026-02-01 20:00:00,2.95156,2.06982,0.523464,2.4281,0.122846,0.097359,0.132606,20.118
2026-02-01 21:00:00,6.03896,3.74625,0.725543,5.31342,0.149998,0.141959,0.140393,27.536
2026-02-01 22:00:00,2.97583,3.57672,0.434971,2.54086,0.133449,0.108412,0.092969,20.241
2026-02-01 23:00:00,3.13637,3.30144,0.204263,2.9321,0.094105,0.090723,0.076922,11.359
2026-02-02 00:00:00,2.82456,4.93804,0.148479,2.67608,0.082811,0.079315,0.085565,11.465
2026-02-02 01:00:00,3.86799,5.68822,0.102195,3.76579,0.060744,0.059059,0.060941,11.573
2026-02-02 02:00:00,1.60468,1.04336,0.124059,1.48062,0.134486,0.055089,0.083315,13.286
2026-02-02 03:00:00,1.05348,0.627822,0.107233,0.946251,0.062341,0.031494,0.059943,10.223
2026-02-02 04:00:00,0.733934,0.415591,0.103262,0.630672,0.062507,0.023295,0.055746,10.757
2026-02-02 05:00:00,0.627795,0.470611,0.09244,0.535355,0.051829,0.015614,0.05185,9.962
2026-02-02 06:00:00,0.900773,0.930551,0.119659,0.781114,0.062964,0.026517,0.062089,11.143
2026-02-02 07:00:00,1.82376,1.57221,0.128469,1.69529,0.065079,0.044414,0.074861,12.279
2026-02-02 08:00:00,2.91812,2.01527,0.315979,2.60214,0.084734,0.070402,0.087398,13.992
2026-02-02 09:00:00,3.02785,2.21983,0.195097,2.83276,0.065968,0.06274,0.101094,9.626
2026-02-02 10:00:00,4.37859,3.06195,0.450402,3.92819,0.091222,0.06687,0.114449,13.683
2026-02-02 11:00:00,3.78574,2.36019,0.236349,3.54939,0.082265,0.078054,0.114843,16.055
2026-02-02 12:00:00,2.5475,1.60018,0.524093,2.0234,0.111406,0.065002,0.103244,15.901
2026-02-02 13:00:00,3.29334,2.07389,0.354635,2.9387,0.095979,0.094825,0.100995,16.196
2026-02-02 14:00:00,1.87864,1.27625,0.205275,1.67337,0.074353,0.07972,0.092855,11.105
2026-02-02 15:00:00,2.59762,1.51908,0.267375,2.33024,0.089323,0.065293,0.094564,14.029
2026-02-02 16:00:00,3.0118,2.15129,0.508594,2.50321,0.089885,0.074357,0.0969,14.007
2026-02-02 17:00:00,4.23323,2.49601,0.448661,3.78457,0.122073,0.11359,0.131304,24.952
2026-02-02 18:00:00,5.9275,4.27669,0.802187,5.12531,0.141708,0.140922,0.130101,20.292
2026-02-02 19:00:00,4.70094,2.78491,0.514396,4.18654,0.126598,0.172248,0.140672,19.635
2026-02-02 20:00:00,4.49271,3.54315,0.656452,3.83626,0.163545,0.142539,0.140246,25.31
2026-02-02 21:00:00,6.15194,4.16798,0.827662,5.32428,0.199941,0.197323,0.166949,31.978
2026-02-02 22:00:00,6.51714,4.51325,0.444856,6.07228,0.129205,0.182378,0.150379,31.731
2026-02-02 23:00:00,4.52674,4.9097,0.348643,4.1781,0.137304,0.126441,0.117206,19.646
2026-02-03 00:00:00,4.36734,4.92928,0.23392,4.13342,0.09264,0.090943,0.090244,16.426
2026-02-03 01:00:00,0.941281,1.38018,0.084234,0.857047,0.045961,0.031154,0.048063,9.004
2026-02-03 02:00:00,0.677222,1.53914,0.041451,0.635771,0.026507,0.019911,0.0381,5.363
2026-02-03 03:00:00,0.413297,0.886903,0.036511,0.376786,0.034385,0.014273,0.043653,7.394
2026-02-03 04:00:00,0.451424,0.858222,0.039742,0.411682,0.030941,0.011312,0.042417,7.067
2026-02-03 05:00:00,0.295874,0.459429,0.031913,0.263961,0.032924,0.009972,0.044489,6.915
2026-02-03 06:00:00,0.514798,0.71699,0.040673,0.474125,0.033649,0.015184,0.044614,5.541
2026-02-03 07:00:00,2.66786,2.17963,0.127763,2.5401,0.061454,0.054175,0.073919,10.558
2026-02-03 08:00:00,2.7988,2.23547,0.173169,2.62563,0.075048,0.068636,0.092716,12.403
2026-02-03 09:00:00,1.46396,1.09578,0.173067,1.29089,0.076318,0.051878,0.110239,12.758
2026-02-03 10:00:00,3.00295,2.2113,0.279949,2.723,0.081894,0.071638,0.117102,13.232
2026-02-03 11:00:00,3.97175,2.62682,0.445883,3.52587,0.108172,0.080962,0.117722,16.912
2026-02-03 12:00:00,6.1756,5.21588,0.53344,5.64216,0.10099,0.089124,0.10956,15.156
2026-02-03 13:00:00,3.59075,3.07427,0.799524,2.79123,0.141521,0.078395,0.121018,14.213
2026-02-03 14:00:00,3.9313,3.0428,0.734715,3.19659,0.126292,0.103538,0.12392,13.609
2026-02-03 15:00:00,3.0697,2.43241,0.384244,2.68546,0.09491,0.071485,0.124587,14.949
2026-02-03 16:00:00,5.10445,3.08986,0.81817,4.28628,0.139354,0.092519,0.123672,21.255
2026-02-03 17:00:00,4.97647,2.79891,0.443547,4.53292,0.10687,0.10333,0.112308,20.09
2026-02-03 18:00:00,4.55457,3.49814,0.76819,3.78638,0.153774,0.129206,0.114056,20.222
2026-02-03 19:00:00,3.3061,2.42739,0.580841,2.72526,0.130064,0.090559,0.108762,18.313
2026-02-03 20:00:00,4.45596,3.84798,0.840655,3.61531,0.168684,0.143589,0.155284,27.406
2026-02-03 21:00:00,4.28104,2.65244,0.726015,3.55502,0.16387,0.15134,0.180762,30.898
2026-02-03 22:00:00,3.11448,2.48364,0.364328,2.75015,0.117907,0.133347,0.136577,21.207
2026-02-03 23:00:00,3.52476,2.5249,0.514037,3.01072,0.112045,0.107953,0.104451,18.823
2026-02-04 00:00:00,3.21189,4.38783,0.206605,3.00529,0.078029,0.089234,0.09436,14.284
2026-02-04 01:00:00,1.57621,1.96534,0.141967,1.43424,0.058277,0.045159,0.05978,11.405
2026-02-04 02:00:00,0.783365,0.501515,0.067879,0.715486,0.055027,0.040117,0.057134,8.439
2026-02-04 03:00:00,0.739111,0.368818,0.060637,0.678474,0.049677,0.027729,0.054944,8.78
2026-02-04 04:00:00,0.826028,0.384915,0.059517,0.766511,0.051417,0.024285,0.054558,8.042
2026-02-04 05:00:00,0.841702,0.5368,0.314985,0.526717,0.040302,0.014182,0.04984,7.127
2026-02-04 06:00:00,0.907582,1.19734,0.050016,0.857566,0.034602,0.015093,0.047217,6.988
2026-02-04 07:00:00,1.42279,1.27035,0.115521,1.30726,0.05608,0.035694,0.084826,11.28
2026-02-04 08:00:00,2.75519,2.04088,0.229314,2.52587,0.072041,0.052498,0.094752,12.005
2026-02-04 09:00:00,2.17346,2.07788,0.172736,2.00072,0.061341,0.039498,0.088349,11.949
2026-02-04 10:00:00,1.55358,1.46564,0.147011,1.40657,0.057671,0.043752,0.087561,8.443
2026-02-04 11:00:00,3.41923,2.39442,0.306687,3.11254,0.07503,0.068855,0.103596,13.489
2026-02-04 12:00:00,2.27157,1.50835,0.230996,2.04058,0.070384,0.053067,0.092286,12.289
2026-02-04 13:00:00,3.62412,2.27075,0.285969,3.33815,0.081857,0.068208,0.101522,14.394
2026-02-04 14:00:00,3.00615,2.60499,0.408363,2.59779,0.082167,0.064001,0.098351,12.254
2026-02-04 15:00:00,3.0751,2.13549,0.440994,2.63411,0.09191,0.063345,0.097394,13.717
2026-02-04 16:00:00,3.58424,2.05048,0.308479,3.27576,0.095783,0.084277,0.108694,15.735
2026-02-04 17:00:00,4.81498,2.23329,0.989245,3.82574,0.1433,0.143739,0.135005,19.814
2026-02-04 18:00:00,6.64075,3.68521,1.24651,5.39424,0.172477,0.145315,0.127569,23.073
2026-02-04 19:00:00,4.76838,2.85532,0.368816,4.39956,0.116427,0.137714,0.12767,18.045
2026-02-04 20:00:00,2.97327,1.9769,0.399169,2.5741,0.112539,0.100747,0.121362,17.541
2026-02-04 21:00:00,5.73726,3.79951,0.981707,4.75555,0.137413,0.12727,0.101243,20.339
2026-02-04 22:00:00,6.20085,4.06347,0.771143,5.42971,0.135713,0.138207,0.120295,27.228
2026-02-04 23:00:00,4.71234,3.12075,0.690916,4.02142,0.121694,0.102667,0.126973,23.359
2026-02-05 00:00:00,4.72712,3.67012,0.278717,4.4484,0.077873,0.085605,0.073749,14.985
2026-02-05 01:00:00,1.38701,1.0259,0.087843,1.29917,0.040083,0.030758,0.050695,4.907
2026-02-05 02:00:00,1.99988,0.8123,0.090104,1.90978,0.049755,0.039116,0.056433,5.473
2026-02-05 03:00:00,0.329834,0.146333,0.039616,0.290218,0.045108,0.019564,0.053855,5.287
2026-02-05 04:00:00,1.10233,0.456264,0.051381,1.05095,0.041363,0.029257,0.055036,6.737
2026-02-05 05:00:00,0.192927,0.116081,0.011828,0.181099,0.023689,0.01107,0.042496,1.169
2026-02-05 06:00:00,2.46698,2.02544,0.089443,2.37754,0.043659,0.030715,0.057884,4.34
2026-02-05 07:00:00,1.79276,1.59782,0.101597,1.69116,0.054925,0.046303,0.077347,7.396
2026-02-05 08:00:00,2.82497,2.73208,0.441439,2.38353,0.09497,0.072529,0.098663,16.085
2026-02-05 09:00:00,2.41388,2.33,0.286383,2.12749,0.08563,0.055319,0.086106,14.202
2026-02-05 10:00:00,2.21041,2.0581,0.349282,1.86112,0.098978,0.045186,0.090744,11.542
2026-02-05 11:00:00,5.50755,4.65165,0.321583,5.18597,0.103149,0.099359,0.108565,18.551
2026-02-05 12:00:00,7.6519,5.23386,0.277629,7.37427,0.094352,0.140037,0.107609,14.48
2026-02-05 13:00:00,1.69949,1.46255,0.192967,1.50652,0.076114,0.044682,0.08545,11.295
2026-02-05 14:00:00,2.12187,2.46729,0.205067,1.9168,0.092479,0.063968,0.097726,10.569
2026-02-05 15:00:00,3.4798,3.56537,0.375156,3.10465,0.090449,0.072517,0.088213,9.618
2026-02-05 16:00:00,3.42129,3.69469,0.255914,3.16538,0.099952,0.076991,0.115572,16.301
2026-02-05 17:00:00,7.84632,7.38825,0.707792,7.13853,0.122993,0.115435,0.113757,22.505
2026-02-05 18:00:00,7.16317,6.08079,0.528683,6.63448,0.117345,0.132585,0.117415,26.738
2026-02-05 19:00:00,5.00151,5.3321,0.542569,4.45894,0.124273,0.124962,0.154517,20.919
2026-02-05 20:00:00,4.44012,3.51832,0.49747,3.94265,0.124344,0.122242,0.135767,22.801
2026-02-05 21:00:00,5.40928,5.26195,0.532327,4.87696,0.128588,0.136523,0.139262,22.407
2026-02-05 22:00:00,4.48151,4.11904,0.405277,4.07624,0.110857,0.12379,0.125859,19.435
2026-02-05 23:00:00,4.99065,5.5949,0.517189,4.47346,0.101191,0.093872,0.097678,15.031
2026-02-06 00:00:00,4.73902,9.21989,1.03936,3.69966,0.15922,0.098323,0.097356,12.604
2026-02-06 01:00:00,2.28251,4.7355,0.204077,2.07843,0.050731,0.049133,0.04744,6.678
2026-02-06 02:00:00,0.915977,0.636979,0.072282,0.843695,0.040773,0.029124,0.047137,3.763
2026-02-06 03:00:00,1.6634,1.11339,0.042273,1.62113,0.03343,0.028158,0.046557,3.022
2026-02-06 04:00:00,0.560683,0.349119,0.025117,0.535566,0.03248,0.013676,0.04735,2.128
2026-02-06 05:00:00,0.286003,0.322076,0.015106,0.270897,0.014935,0.005633,0.037989,1.509
2026-02-06 06:00:00,0.733676,1.16827,0.092153,0.641523,0.029914,0.020213,0.04919,3.274
2026-02-06 07:00:00,2.08572,2.36476,0.133866,1.95185,0.048441,0.042614,0.081042,8.803
2026-02-06 08:00:00,3.21984,2.92182,0.376714,2.84313,0.087624,0.054974,0.09382,14.293
2026-02-06 09:00:00,1.38168,1.28648,0.195076,1.1866,0.065729,0.040006,0.087334,8.829
2026-02-06 10:00:00,3.59204,2.42705,0.289749,3.30229,0.091577,0.061968,0.094875,12.47
2026-02-06 11:00:00,4.00567,3.08128,0.260201,3.74547,0.086728,0.072925,0.100677,17.681
2026-02-06 12:00:00,4.21102,2.93655,0.357152,3.85387,0.093472,0.082688,0.109542,17.169
2026-02-06 13:00:00,3.31317,2.67623,0.476225,2.83694,0.077717,0.06074,0.103687,12.845
2026-02-06 14:00:00,3.73737,3.69306,0.508592,3.22878,0.096464,0.082158,0.106066,14.37
2026-02-06 15:00:00,3.4206,2.92859,0.242704,3.17789,0.077058,0.070323,0.09056,9.673
2026-02-06 16:00:00,3.47582,2.74986,0.364025,3.11179,0.091228,0.088473,0.114057,16.34
2026-02-06 17:00:00,3.82402,2.3064,0.423321,3.4007,0.099887,0.085528,0.128064,20.536
2026-02-06 18:00:00,5.1829,3.87362,0.58038,4.60252,0.118049,0.115321,0.12405,23.795
2026-02-06 19:00:00,3.47866,2.99885,0.523302,2.95536,0.114259,0.093996,0.122421,16.742
2026-02-06 20:00:00,4.93888,4.14336,0.380448,4.55844,0.139038,0.12756,0.138955,17.954
2026-02-06 21:00:00,10.3315,8.2257,0.86661,9.46487,0.162769,0.218596,0.179713,24.883
2026-02-06 22:00:00,5.00205,3.62994,0.372255,4.6298,0.120669,0.124389,0.126481,22.076
2026-02-06 23:00:00,4.53361,4.80256,0.534881,3.99873,0.138625,0.12673,0.096771,21.738
2026-02-07 00:00:00,2.01577,2.34939,0.119431,1.89634,0.063536,0.068372,0.063022,8.681
2026-02-07 01:00:00,1.32286,1.62116,0.088572,1.23429,0.041618,0.039983,0.047149,4.505
2026-02-07 02:00:00,1.3176,0.675692,0.052694,1.2649,0.041895,0.034314,0.056465,3.728
2026-02-07 03:00:00,1.48452,0.622703,0.068032,1.41649,0.052776,0.045752,0.056036,5.188
2026-02-07 04:00:00,0.929404,0.407634,0.049245,0.880159,0.047075,0.034981,0.0532,5.12
2026-02-07 05:00:00,0.348941,0.228664,0.024815,0.324126,0.018361,0.009431,0.036327,2.152
2026-02-07 06:00:00,0.822586,0.800182,0.049551,0.773035,0.026277,0.016579,0.041973,3.341
2026-02-07 07:00:00,1.63824,1.44465,0.48322,1.15502,0.059984,0.030511,0.06092,6.635
2026-02-07 08:00:00,4.14117,3.89941,0.190827,3.95034,0.059859,0.061462,0.073553,10.552
2026-02-07 09:00:00,2.5897,2.31223,0.222468,2.36723,0.070228,0.051992,0.08517,11.565
2026-02-07 10:00:00,3.01643,2.27827,0.222706,2.79373,0.087968,0.061829,0.091825,13.255
2026-02-07 11:00:00,2.52285,2.09888,0.25829,2.26456,0.092132,0.06527,0.113532,15.434
2026-02-07 12:00:00,3.1044,2.49952,0.46207,2.64233,0.085976,0.066841,0.092458,13.61
2026-02-07 13:00:00,2.85136,2.41232,0.516487,2.33488,0.107061,0.06208,0.087833,12.971
2026-02-07 14:00:00,4.60316,3.72424,0.659628,3.94353,0.095903,0.090051,0.108337,17.734
2026-02-07 15:00:00,2.69972,2.52783,0.261024,2.4387,0.083618,0.078144,0.11578,14.366
2026-02-07 16:00:00,3.06989,2.45199,0.276485,2.79341,0.086812,0.087087,0.098518,13.637
2026-02-07 17:00:00,3.66227,2.95344,0.48846,3.17381,0.101897,0.079213,0.099561,16.063
2026-02-07 18:00:00,3.85944,3.53429,0.445021,3.41442,0.102251,0.091676,0.106474,17.319
2026-02-07 19:00:00,3.05893,2.22306,0.30644,2.75249,0.10277,0.094693,0.110249,14.799
2026-02-07 20:00:00,3.1255,2.05085,0.301996,2.8235,0.141556,0.095642,0.112167,16.59
2026-02-07 21:00:00,14.3554,13.6458,0.618591,13.7368,0.124035,0.182682,0.13221,22.194
2026-02-07 22:00:00,4.11284,3.41598,0.430997,3.68184,0.115274,0.111861,0.121178,20.895
2026-02-07 23:00:00,5.59849,6.47973,1.14911,4.44938,0.149843,0.130965,0.119341,26.076
2026-02-08 00:00:00,3.79535,5.76802,0.852273,2.94308,0.126208,0.115149,0.098075,17.729
2026-02-08 01:00:00,3.13678,4.44303,0.118471,3.01831,0.054928,0.074733,0.069635,11.191
2026-02-08 02:00:00,0.823922,0.663383,0.047206,0.776716,0.046089,0.033243,0.056265,7.482
2026-02-08 03:00:00,0.334699,0.216774,0.083692,0.251007,0.04419,0.013348,0.050507,6.146
2026-02-08 04:00:00,0.972333,0.637178,0.045534,0.926799,0.0423,0.015408,0.049225,6.146
2026-02-08 05:00:00,0.39493,0.330209,0.04302,0.35191,0.029599,0.013299,0.042572,5.222
2026-02-08 06:00:00,1.03525,1.11078,0.08897,0.946277,0.023834,0.018374,0.040202,3.428
2026-02-08 07:00:00,1.78453,1.93971,0.06227,1.72226,0.035138,0.028394,0.059657,4.846
2026-02-08 08:00:00,2.9989,3.28827,0.492431,2.50647,0.099185,0.04905,0.075114,10.11
2026-02-08 09:00:00,2.91215,2.99604,0.596657,2.31549,0.08843,0.054877,0.087044,10.52
2026-02-08 10:00:00,4.62904,3.59956,0.633422,3.99562,0.102257,0.087714,0.104813,14.898
2026-02-08 11:00:00,4.16981,2.72893,0.286443,3.88336,0.097471,0.082287,0.105123,17.487
2026-02-08 12:00:00,3.44145,2.20323,0.369797,3.07165,0.113557,0.073976,0.107763,17.29
2026-02-08 13:00:00,3.43337,2.52825,0.647045,2.78632,0.172109,0.096964,0.118932,19.742
2026-02-08 14:00:00,2.91963,1.85964,0.359193,2.56044,0.110924,0.075949,0.107539,17.742
2026-02-08 15:00:00,2.3646,1.53346,0.230324,2.13428,0.090302,0.070573,0.106937,12.162
2026-02-08 16:00:00,2.6148,2.44831,0.295294,2.3195,0.101786,0.080943,0.100165,14.006
2026-02-08 17:00:00,2.5558,1.63414,0.348215,2.20758,0.105822,0.076188,0.104785,14.004
2026-02-08 18:00:00,3.75667,2.85461,0.575468,3.1812,0.128907,0.0924,0.106396,19.144
2026-02-08 19:00:00,1.86841,1.54414,0.36125,1.50716,0.095843,0.079382,0.092424,10.047
2026-02-08 20:00:00,3.68596,2.32113,0.947133,2.73883,0.146782,0.081478,0.104756,17.047
2026-02-08 21:00:00,4.97062,3.17409,0.506875,4.46375,0.131076,0.116459,0.120652,29.051
2026-02-08 22:00:00,5.2032,4.07136,0.419686,4.78352,0.113869,0.131168,0.118011,21.553
2026-02-08 23:00:00,4.11265,5.12799,0.331289,3.78136,0.110979,0.11242,0.086851,17.042
2026-02-09 00:00:00,2.13962,4.38448,0.251081,1.88854,0.083675,0.079083,0.070634,8.919
2026-02-09 01:00:00,1.73759,2.46817,0.088725,1.64887,0.060187,0.055603,0.057307,8.095
2026-02-09 02:00:00,2.89296,1.75757,0.082238,2.81072,0.047788,0.063978,0.061054,6.603
2026-02-09 03:00:00,4.27373,2.46751,0.137355,4.13637,0.058608,0.055301,0.068082,8.081
2026-02-09 04:00:00,1.01137,0.604165,0.086188,0.925184,0.050613,0.024107,0.062586,5.987
2026-02-09 05:00:00,0.375198,0.262009,0.017829,0.357369,0.018006,0.008105,0.036283,1.556
2026-02-09 06:00:00,0.820031,1.03279,0.040625,0.779406,0.025141,0.016883,0.043811,2.867
2026-02-09 07:00:00,1.53153,1.37481,0.091496,1.44004,0.055439,0.042392,0.068953,6.453
2026-02-09 08:00:00,4.20386,3.63028,0.303873,3.89999,0.077824,0.067245,0.090289,14.75
2026-02-09 09:00:00,1.62769,1.78867,0.144062,1.48363,0.064709,0.037648,0.077425,9.136
2026-02-09 10:00:00,2.4565,1.74716,0.217121,2.23938,0.098281,0.060584,0.099741,12.045
2026-02-09 11:00:00,2.88933,1.57887,0.217895,2.67144,0.09105,0.074357,0.124803,14.796
2026-02-09 12:00:00,3.62075,2.53199,0.338861,3.28189,0.086912,0.07446,0.104315,14.852
2026-02-09 13:00:00,2.81589,2.71804,0.331556,2.48433,0.078895,0.056948,0.093226,11.738
2026-02-09 14:00:00,3.34787,3.77013,1.29607,2.0518,0.09982,0.061967,0.099501,13.73
2026-02-09 15:00:00,3.27071,2.61657,0.22817,3.04254,0.085266,0.077556,0.107784,16.508
2026-02-09 16:00:00,5.25786,4.34534,0.85405,4.40381,0.114629,0.097565,0.109754,19.526
2026-02-09 17:00:00,7.05926,4.95039,1.14434,5.91493,0.136529,0.112102,0.123045,25.565
2026-02-09 18:00:00,4.61437,4.18727,0.685027,3.92935,0.116071,0.104797,0.114354,25.671
2026-02-09 19:00:00,3.67279,2.72463,0.428107,3.24469,0.102973,0.080501,0.102412,16.091
2026-02-09 20:00:00,3.87713,2.34978,0.633812,3.24332,0.125371,0.127322,0.117108,18.164
2026-02-09 21:00:00,3.95985,2.8653,0.580476,3.37937,0.127841,0.105837,0.101948,17.022
2026-02-09 22:00:00,4.20111,2.87747,0.291084,3.91002,0.117931,0.18034,0.105142,19.184
2026-02-09 23:00:00,9.13802,8.68633,0.733741,8.40428,0.128765,0.236932,0.112323,21.204
2026-02-10 00:00:00,4.69225,8.26101,0.307824,4.38443,0.084443,0.097831,0.091425,17.88
2026-02-10 01:00:00,1.90614,2.26383,0.374025,1.53212,0.077187,0.067604,0.057821,12.476
2026-02-10 02:00:00,1.64276,1.10401,0.117836,1.52493,0.063659,0.059542,0.073058,9.184
2026-02-10 03:00:00,1.25598,0.695451,0.056196,1.19979,0.057181,0.046127,0.066083,8.051
2026-02-10 04:00:00,1.11435,0.553301,0.037154,1.07719,0.051316,0.040399,0.056174,6.864
2026-02-10 05:00:00,1.21349,0.795212,0.062965,1.15053,0.045559,0.030411,0.049518,6.688
2026-02-10 06:00:00,1.78009,1.67617,0.081126,1.69897,0.0589,0.040385,0.060755,8.415
2026-02-10 07:00:00,2.49327,1.92978,0.130821,2.36245,0.06763,0.049816,0.077022,9.929
2026-02-10 08:00:00,3.84958,3.38276,0.229974,3.6196,0.085467,0.073586,0.098797,15.651
2026-02-10 09:00:00,2.8513,2.44957,0.203238,2.64806,0.07207,0.069293,0.096125,13.442
2026-02-10 10:00:00,2.94574,2.78953,0.206263,2.73948,0.073965,0.057788,0.099545,13.509
2026-02-10 11:00:00,3.42193,3.24661,0.316003,3.10592,0.077784,0.071132,0.093586,12.527
2026-02-10 12:00:00,3.65176,3.3564,0.268763,3.383,0.079282,0.059807,0.101399,14.064
2026-02-10 13:00:00,3.14147,3.21214,0.32803,2.81345,0.079351,0.058399,0.09925,13.668
2026-02-10 14:00:00,3.34799,3.25048,0.442083,2.90591,0.09521,0.069858,0.097698,14.828
2026-02-10 15:00:00,2.99994,3.63189,0.372139,2.6278,0.08893,0.073434,0.122632,17.212
2026-02-10 16:00:00,4.01205,4.06078,0.42049,3.59156,0.09006,0.077382,0.134039,19.344
2026-02-10 17:00:00,4.07168,2.98073,0.393406,3.67828,0.108692,0.092748,0.133844,23.897
2026-02-10 18:00:00,4.78455,2.68795,0.475709,4.30884,0.150342,0.103787,0.114173,21.267
2026-02-10 19:00:00,2.38807,1.64922,0.384468,2.0036,0.120309,0.074922,0.093759,13.965
2026-02-10 20:00:00,4.23175,3.12999,0.393819,3.83793,0.107833,0.110875,0.125532,22.043
2026-02-10 21:00:00,4.28386,3.71863,0.678682,3.60518,0.124139,0.100666,0.130714,24.325
2026-02-10 22:00:00,4.98148,4.78989,0.968863,4.01262,0.153562,0.113571,0.135636,21.639
2026-02-10 23:00:00,2.69535,4.22468,0.320017,2.37533,0.088134,0.089665,0.08025,9.445
2026-02-11 00:00:00,2.82008,5.42322,0.236239,2.58384,0.079088,0.117989,0.060486,8.431
2026-02-11 01:00:00,2.41282,4.16004,0.102233,2.31059,0.055346,0.061611,0.071674,9.058
2026-02-11 02:00:00,2.03298,1.56624,0.051303,1.98167,0.047886,0.05407,0.057074,6.435
2026-02-11 03:00:00,11.6092,7.17502,0.155512,11.4537,0.053569,0.057011,0.050423,4.118
2026-02-11 04:00:00,0.747855,0.506677,0.07611,0.671745,0.05478,0.022297,0.050743,6.229
2026-02-11 05:00:00,0.55504,0.487733,0.088955,0.466085,0.034049,0.012902,0.041831,4.581
2026-02-11 06:00:00,2.07409,2.25935,0.117372,1.95672,0.048139,0.035831,0.076053,6.766
2026-02-11 07:00:00,1.9691,1.87177,0.127274,1.84183,0.039547,0.035253,0.064405,5.217
2026-02-11 08:00:00,3.43444,2.95563,0.485818,2.94862,0.087703,0.065339,0.090474,12.227
2026-02-11 09:00:00,3.20991,3.21634,0.139501,3.07041,0.057987,0.065468,0.085651,10.221
2026-02-11 10:00:00,1.73295,1.73643,0.194935,1.53802,0.065636,0.040522,0.0848,9.532
2026-02-11 11:00:00,1.72373,1.45095,0.173121,1.55061,0.067217,0.045576,0.082579,10.208
2026-02-11 12:00:00,2.59124,2.70484,0.506454,2.08478,0.106995,0.065457,0.094266,11.724
2026-02-11 13:00:00,3.00868,3.3579,0.596275,2.4124,0.105195,0.063729,0.092072,12.8
2026-02-11 14:00:00,2.31169,2.07886,0.342061,1.96963,0.076572,0.075703,0.092432,11.527
2026-02-11 15:00:00,2.09343,1.79539,0.355524,1.7379,0.070325,0.044655,0.09025,11.011
2026-02-11 16:00:00,4.33226,3.46581,0.758814,3.57344,0.102289,0.086749,0.101853,15.918
2026-02-11 17:00:00,4.67606,2.73135,0.516885,4.15918,0.126046,0.102903,0.125535,19.878
2026-02-11 18:00:00,4.49916,4.06062,0.637751,3.86141,0.120933,0.093006,0.11748,23.077
2026-02-11 19:00:00,4.17706,4.24498,0.5112,3.66586,0.126507,0.102035,0.122873,21.304
2026-02-11 20:00:00,2.01417,1.87191,0.237014,1.77716,0.083901,0.056779,0.08918,12.445
2026-02-11 21:00:00,2.45888,1.95459,0.465737,1.99314,0.105976,0.06938,0.109272,16.016
2026-02-11 22:00:00,4.95435,4.14243,0.536668,4.41768,0.122565,0.119966,0.143139,22.47
2026-02-11 23:00:00,6.04571,7.67222,0.405435,5.64027,0.105385,0.16149,0.110689,17.554
2026-02-12 00:00:00,4.55257,6.55989,0.230877,4.32169,0.071817,0.094624,0.073892,12.597
2026-02-12 01:00:00,4.87339,5.41488,0.147673,4.72572,0.071138,0.108049,0.063815,11.583
2026-02-12 02:00:00,1.20611,0.814938,0.053868,1.15224,0.047352,0.047497,0.051292,3.394
2026-02-12 03:00:00,2.84941,1.74169,0.081121,2.76829,0.051957,0.060075,0.076271,4.867
2026-02-12 04:00:00,1.17088,0.71745,0.041902,1.12898,0.037789,0.023203,0.045631,3.12
2026-02-12 05:00:00,0.477136,0.572104,0.017604,0.459532,0.017412,0.012739,0.037453,1.411
2026-02-12 06:00:00,0.833533,1.42241,0.049503,0.78403,0.026151,0.02176,0.04405,3.343
2026-02-12 07:00:00,1.12924,1.3223,0.087752,1.04149,0.038985,0.02425,0.061138,5.397
2026-02-12 08:00:00,2.77933,3.12284,0.202485,2.57685,0.060372,0.044406,0.081597,10.16
2026-02-12 09:00:00,2.86155,3.17804,0.216529,2.64502,0.064169,0.051203,0.08583,11.083
2026-02-12 10:00:00,2.94376,3.23324,0.230572,2.71319,0.067967,0.057999,0.090063,12.006
2026-02-12 11:00:00,3.02597,3.28844,0.244616,2.78135,0.071764,0.064796,0.094295,12.929
2026-02-12 12:00:00,,,,,,,,
2026-02-12 13:00:00,,,,,,,,
2026-02-12 14:00:00,,,,,,,,
2026-02-12 15:00:00,3.35482,3.50923,0.300791,3.05403,0.086954,0.091982,0.111226,16.621
2026-02-12 16:00:00,2.20447,2.50508,0.472458,1.73201,0.071197,0.042226,0.085553,11.412
2026-02-12 17:00:00,3.24245,3.01343,0.395292,2.84716,0.086128,0.075503,0.102762,17.919
2026-02-12 18:00:00,5.06057,4.14122,1.08655,3.97402,0.122613,0.085953,0.129764,22.19
2026-02-12 19:00:00,2.31958,1.91701,0.388304,1.93128,0.097533,0.063137,0.09656,14.819
2026-02-12 20:00:00,2.97197,2.37378,0.316215,2.65576,0.086662,0.071507,0.122173,14.509
2026-02-12 21:00:00,3.48911,2.61161,0.554536,2.93458,0.110786,0.080061,0.119355,17.173
2026-02-12 22:00:00,4.92223,3.82161,0.545466,4.37676,0.119893,0.119254,0.127383,24.543
2026-02-12 23:00:00,3.91565,4.19235,0.283929,3.63172,0.090641,0.117645,0.124439,20.967
2026-02-13 00:00:00,5.3643,7.86554,0.447904,4.91639,0.08923,0.107288,0.107839,17.03
2026-02-13 01:00:00,2.37353,2.79239,0.170719,2.20282,0.070922,0.066274,0.067205,10.175
2026-02-13 02:00:00,0.947845,0.520222,0.05836,0.889485,0.052747,0.041908,0.052316,3.956
2026-02-13 03:00:00,0.550684,0.29961,0.035441,0.515243,0.051191,0.027402,0.051123,3.278
2026-02-13 04:00:00,0.847481,0.454657,0.042431,0.80505,0.044401,0.019446,0.045952,2.906
2026-02-13 05:00:00,0.82911,0.740276,0.025851,0.803259,0.027224,0.010753,0.040009,2.889
2026-02-13 06:00:00,0.401148,0.620973,0.02781,0.373338,0.019658,0.011903,0.038381,2.23
2026-02-13 07:00:00,2.26558,2.83197,0.210755,2.05482,0.048625,0.035336,0.063522,7.144
2026-02-13 08:00:00,2.33014,2.16556,0.181609,2.14853,0.059519,0.046518,0.075641,9.03
2026-02-13 09:00:00,2.8382,2.66749,0.250264,2.58794,0.068832,0.049288,0.087456,10.21
2026-02-13 10:00:00,2.87395,3.20039,0.408704,2.46525,0.072097,0.05021,0.105674,10.442
2026-02-13 11:00:00,2.34479,2.08241,0.213036,2.13176,0.063245,0.041645,0.088347,10.93
2026-02-13 12:00:00,2.33415,1.77098,0.280522,2.05363,0.084478,0.050319,0.114751,14.644
2026-02-13 13:00:00,5.30817,5.46108,0.905484,4.40269,0.18943,0.089995,0.108488,15.153
2026-02-13 14:00:00,3.90742,4.18354,0.648445,3.25898,0.131347,0.080099,0.099186,14.032
2026-02-13 15:00:00,2.77201,2.67053,0.166366,2.60565,0.070143,0.06282,0.086431,10.841
2026-02-13 16:00:00,2.54796,3.24995,0.185077,2.36289,0.061779,0.052729,0.077902,9.457
2026-02-13 17:00:00,4.9012,3.98471,0.493154,4.40804,0.108709,0.101827,0.101948,18.491
2026-02-13 18:00:00,6.86427,6.08535,1.08038,5.78389,0.2038,0.10813,0.111547,19.9
2026-02-13 19:00:00,4.37772,4.49458,0.95764,3.42008,0.147661,0.088311,0.123999,15.56
2026-02-13 20:00:00,4.77453,4.89194,0.466771,4.30776,0.088082,0.106422,0.112013,20.43
2026-02-13 21:00:00,3.60609,4.06091,0.586225,3.01986,0.103424,0.076818,0.094831,15.245
2026-02-13 22:00:00,3.74965,4.05806,0.465392,3.28425,0.100189,0.089555,0.117832,18.816
2026-02-13 23:00:00,4.00849,7.18368,0.567933,3.44056,0.096497,0.073161,0.098944,14.595
2026-02-14 00:00:00,3.9062,7.57015,0.138408,3.76779,0.062952,0.088128,0.062646,9.934
2026-02-14 01:00:00,1.7705,2.24682,0.082684,1.68781,0.051717,0.071361,0.059659,6.958
2026-02-14 02:00:00,1.98746,1.06395,0.059226,1.92823,0.048953,0.040282,0.060405,5.069
2026-02-14 03:00:00,0.137531,0.079589,0.016719,0.120812,0.046914,0.022418,0.052569,2.257
2026-02-14 04:00:00,1.76451,0.979197,0.098351,1.66616,0.053323,0.046427,0.050661,5.166
2026-02-14 05:00:00,1.26583,1.56662,0.035052,1.23077,0.054306,0.076638,0.045892,4.389
2026-02-14 06:00:00,0.88856,1.58107,0.031698,0.856862,0.026718,0.022655,0.041195,2.41
2026-02-14 07:00:00,1.67007,2.34561,0.076024,1.59405,0.036204,0.026518,0.050259,5.343
2026-02-14 08:00:00,3.80725,4.19301,0.180628,3.62663,0.067642,0.069483,0.080213,10.678
2026-02-14 09:00:00,3.15878,3.33204,0.277339,2.88144,0.06592,0.046271,0.081449,10.211
2026-02-14 10:00:00,2.59667,3.26215,0.141741,2.45493,0.060531,0.052524,0.081264,10.697
2026-02-14 11:00:00,1.26443,2.05265,0.13732,1.12711,0.067585,0.040605,0.081665,9.367
2026-02-14 12:00:00,1.9375,2.2373,0.245234,1.69227,0.070434,0.054252,0.077977,9.341
2026-02-14 13:00:00,3.21968,4.17057,0.217829,3.00185,0.069565,0.064399,0.095129,12.619
2026-02-14 14:00:00,1.74663,2.05003,0.201693,1.54493,0.065907,0.03787,0.096726,10.539
2026-02-14 15:00:00,2.56726,3.24149,0.241976,2.32528,0.057681,0.043073,0.074224,9.382
2026-02-14 16:00:00,3.50114,4.23867,0.264699,3.23644,0.075756,0.079946,0.095431,11.379
2026-02-14 17:00:00,3.64273,3.4959,0.554449,3.08828,0.093655,0.081884,0.098398,13.936
2026-02-14 18:00:00,3.21918,3.01987,0.204806,3.01438,0.074736,0.077795,0.121549,14.013
2026-02-14 19:00:00,3.30349,3.23238,0.329686,2.97381,0.083431,0.067528,0.099516,14.272
2026-02-14 20:00:00,2.20744,1.79466,0.386381,1.82106,0.082414,0.055776,0.081809,11.761
2026-02-14 21:00:00,2.21108,1.46235,0.212674,1.9984,0.07704,0.059493,0.086953,14.94
2026-02-14 22:00:00,2.32324,2.29116,0.347727,1.97551,0.092656,0.052923,0.0663,9.835
2026-02-14 23:00:00,3.38956,4.73402,0.258979,3.13058,0.075283,0.073186,0.072024,12.466
2026-02-15 00:00:00,1.43951,2.92583,0.078178,1.36133,0.045896,0.036627,0.050024,6.805
2026-02-15 01:00:00,1.27578,1.76701,0.182643,1.09314,0.049046,0.044989,0.046595,4.532
2026-02-15 02:00:00,1.3595,0.949372,0.080402,1.2791,0.046836,0.063301,0.048623,4.787
2026-02-15 03:00:00,1.09355,0.700094,0.041049,1.0525,0.03811,0.030974,0.04481,3.788
2026-02-15 04:00:00,0.574274,0.345532,0.035731,0.538543,0.033981,0.01843,0.041643,3.97
2026-02-15 05:00:00,0.439944,0.402879,0.023105,0.416839,0.022379,0.01441,0.03348,2.278
2026-02-15 06:00:00,0.378652,0.591645,0.019243,0.359409,0.016595,0.009943,0.033532,2.002
2026-02-15 07:00:00,1.44819,1.82391,0.056341,1.39184,0.036225,0.028167,0.045698,3.626
2026-02-15 08:00:00,1.1833,1.36956,0.061404,1.1219,0.033486,0.024424,0.056526,4.673
2026-02-15 09:00:00,0.963992,0.963993,0.088671,0.875321,0.039213,0.02651,0.061622,6.292
2026-02-15 10:00:00,5.97748,5.4539,0.195604,5.78187,0.055559,0.050184,0.075914,10.226
2026-02-15 11:00:00,1.29358,1.12095,0.114108,1.17947,0.049214,0.028134,0.06448,8.931
2026-02-15 12:00:00,1.39028,1.2873,0.134902,1.25538,0.059629,0.040684,0.069189,11.132
2026-02-15 13:00:00,2.37408,2.99758,0.122945,2.25114,0.063605,0.046402,0.067495,8.328
2026-02-15 14:00:00,1.05411,1.40547,0.12596,0.928145,0.048004,0.037682,0.062352,5.153
2026-02-15 15:00:00,0.928514,1.41975,0.175216,0.753298,0.037602,0.023707,0.057486,4.707
2026-02-15 16:00:00,1.72339,2.31638,0.214505,1.50889,0.060783,0.043816,0.069609,8.647
2026-02-15 17:00:00,1.20824,1.65967,0.137841,1.07039,0.050933,0.054421,0.066147,6.33
2026-02-15 18:00:00,1.36907,2.00744,0.129935,1.23914,0.044532,0.034837,0.05693,5.771
2026-02-15 19:00:00,0.947507,1.18735,0.075065,0.872442,0.041908,0.03089,0.053946,4.03
2026-02-15 20:00:00,0.786294,1.46151,0.092871,0.693423,0.035405,0.022649,0.052712,5.382
2026-02-15 21:00:00,0.990551,2.94807,0.1159,0.874651,0.038399,0.02308,0.048247,5.341
2026-02-15 22:00:00,1.63351,2.70449,0.108024,1.52549,0.035551,0.026877,0.042436,5.193
2026-02-15 23:00:00,0.765205,1.89407,0.109434,0.655771,0.031444,0.018044,0.03949,3.446
2026-02-16 00:00:00,0.492299,1.51012,0.077047,0.415252,0.035008,0.038631,0.041524,3.31
2026-02-16 01:00:00,0.364394,0.792162,0.027637,0.336757,0.029453,0.039841,0.036301,2.779
2026-02-16 02:00:00,0.789738,0.89743,0.040085,0.749653,0.037315,0.043463,0.047269,4.872
2026-02-16 03:00:00,0.170248,0.130758,0.014657,0.155591,0.025506,0.023164,0.036727,1.54
2026-02-16 04:00:00,0.401839,0.333754,0.033979,0.36786,0.041925,0.036077,0.045579,1.394
2026-02-16 05:00:00,0.075349,0.113476,0.007546,0.067803,0.009616,0.00343,0.026819,0.526
2026-02-16 06:00:00,0.082536,0.242752,0.008685,0.073851,0.007243,0.007211,0.026958,0.691
2026-02-16 07:00:00,0.817464,2.37635,0.042555,0.774909,0.021081,0.014759,0.036451,3.106
2026-02-16 08:00:00,1.4574,2.84649,0.078434,1.37897,0.03131,0.025689,0.050861,4.655
2026-02-16 09:00:00,0.629467,1.04911,0.061854,0.567613,0.028397,0.018626,0.047058,3.564
2026-02-16 10:00:00,1.0706,1.87168,0.138031,0.932571,0.041164,0.024283,0.05509,5.996
2026-02-16 11:00:00,1.30459,2.7179,0.111223,1.19337,0.043683,0.025263,0.060947,7.079
2026-02-16 12:00:00,0.70727,1.01912,0.066849,0.640421,0.039571,0.033089,0.055549,4.108
2026-02-16 13:00:00,1.41986,1.89314,0.091864,1.32799,0.038211,0.025154,0.050859,5.137
2026-02-16 14:00:00,1.20104,1.79797,0.177483,1.02356,0.052766,0.031068,0.056211,8.05
2026-02-16 15:00:00,0.574687,0.727451,0.097511,0.477176,0.034253,0.019248,0.048076,4.338
2026-02-16 16:00:00,1.12022,1.02397,0.111134,1.00909,0.046965,0.027531,0.058356,6.8
2026-02-16 17:00:00,2.84088,2.23692,0.441424,2.39946,0.078122,0.050835,0.06933,12.707
2026-02-16 18:00:00,2.46508,1.95952,0.418021,2.04706,0.094213,0.050892,0.071823,13.117
2026-02-16 19:00:00,2.76454,1.81878,0.318464,2.44608,0.066494,0.07773,0.085986,12.869
2026-02-16 20:00:00,2.49687,1.38407,0.208129,2.28874,0.083012,0.06319,0.083133,12.202
2026-02-16 21:00:00,3.05812,2.38916,0.768743,2.28938,0.127783,0.065002,0.074861,15.517
2026-02-16 22:00:00,1.57223,2.42628,0.183739,1.38849,0.055791,0.035964,0.059514,10.261
2026-02-16 23:00:00,0.941583,1.36461,0.08297,0.858613,0.043652,0.027269,0.048011,5.556
2026-02-17 00:00:00,0.589208,0.775273,0.040132,0.549076,0.037413,0.021711,0.052056,5.932
2026-02-17 01:00:00,1.27699,2.95599,0.035235,1.24175,0.019212,0.021299,0.032972,2.248
2026-02-17 02:00:00,0.590064,0.307967,0.040871,0.549193,0.028565,0.021468,0.038484,2.689
2026-02-17 03:00:00,0.929434,0.467052,0.052208,0.877226,0.032121,0.014686,0.040294,4.162
2026-02-17 04:00:00,0.307073,0.169093,0.041822,0.265251,0.040054,0.010435,0.042846,5.223
2026-02-17 05:00:00,0.262029,0.202495,0.035183,0.226846,0.041529,0.014747,0.041294,5.077
2026-02-17 06:00:00,0.345471,0.389045,0.023199,0.322272,0.027944,0.016625,0.038206,2.204
2026-02-17 07:00:00,1.23034,1.22544,0.144094,1.08624,0.042438,0.02123,0.045921,3.762
2026-02-17 08:00:00,1.29932,1.06502,0.099053,1.20027,0.047162,0.024794,0.073276,8.093
2026-02-17 09:00:00,2.80499,3.29999,0.136937,2.66806,0.047859,0.035099,0.062779,8.309
2026-02-17 10:00:00,3.01235,2.99438,0.385068,2.62728,0.103267,0.056843,0.104508,13.063
2026-02-17 11:00:00,1.85152,1.64142,0.132686,1.71883,0.048219,0.037234,0.059806,6.627
2026-02-17 12:00:00,0.958081,1.12981,0.086571,0.87151,0.041944,0.025498,0.051246,5.441
2026-02-17 13:00:00,1.58151,1.80537,0.120021,1.46148,0.051179,0.034237,0.069586,7.754
2026-02-17 14:00:00,2.42572,3.81402,0.143853,2.28186,0.040282,0.039775,0.054057,5.856
2026-02-17 15:00:00,2.30362,4.05566,0.151815,2.1518,0.049051,0.044519,0.073058,8.379
2026-02-17 16:00:00,1.73122,3.03723,0.144831,1.58639,0.074443,0.049013,0.072019,7.499
2026-02-17 17:00:00,2.05272,2.60497,0.145316,1.9074,0.060517,0.040639,0.081937,8.431
2026-02-17 18:00:00,1.50586,1.37647,0.187409,1.31845,0.062517,0.03012,0.069566,8.387
2026-02-17 19:00:00,2.05886,1.80285,0.171558,1.8873,0.061537,0.043268,0.081992,9.626
2026-02-17 20:00:00,1.3273,1.52564,0.147295,1.18001,0.062759,0.038812,0.101539,10.768
2026-02-17 21:00:00,1.76365,3.27817,0.155166,1.60849,0.055365,0.036172,0.06802,8.332
2026-02-17 22:00:00,1.01181,2.29956,0.100537,0.911272,0.037501,0.019515,0.040701,6.241
2026-02-17 23:00:00,0.317755,0.882652,0.040557,0.277198,0.019791,0.008521,0.033863,2.459
2026-02-18 00:00:00,0.873375,3.55031,0.054437,0.818938,0.032018,0.02189,0.038097,3.16
2026-02-18 01:00:00,0.663024,2.18099,0.022133,0.640891,0.014446,0.010997,0.027332,1.799
2026-02-18 02:00:00,0.989532,1.03507,0.030619,0.958913,0.021329,0.020578,0.030724,2.775
2026-02-18 03:00:00,0.468708,0.430798,0.029082,0.439626,0.016457,0.007939,0.028183,1.486
2026-02-18 04:00:00,0.097763,0.076258,0.005818,0.091945,0.008731,0.0028,0.026451,0.787
2026-02-18 05:00:00,0.160973,0.284403,0.008706,0.152267,0.011909,0.002381,0.026948,1.45
2026-02-18 06:00:00,0.516514,1.31764,0.034554,0.48196,0.016539,0.008468,0.030283,2.008
2026-02-18 07:00:00,1.59288,6.03364,0.06868,1.5242,0.030475,0.025783,0.042647,3.964
2026-02-18 08:00:00,0.977174,1.87918,0.09309,0.884084,0.036457,0.021831,0.048669,7.245
2026-02-18 09:00:00,1.27349,1.79872,0.156368,1.11712,0.045423,0.025433,0.05181,7.746
2026-02-18 10:00:00,1.78716,2.19554,0.131065,1.6561,0.044634,0.035252,0.057407,9.478
2026-02-18 11:00:00,1.30542,2.95345,0.104504,1.20092,0.046284,0.044118,0.059284,8.916
2026-02-18 12:00:00,0.740581,1.27686,0.102559,0.638022,0.0472,0.065275,0.062834,4.12
2026-02-18 13:00:00,0.511838,1.0196,0.052897,0.458941,0.044839,0.016794,0.066651,4.312
2026-02-18 14:00:00,1.5037,3.05631,0.123433,1.38027,0.049518,0.041858,0.079647,8.205
2026-02-18 15:00:00,0.757795,1.62617,0.078088,0.679707,0.044401,0.019685,0.062862,5.58
2026-02-18 16:00:00,0.942155,1.58612,0.125819,0.816336,0.044543,0.02551,0.072163,8.467
2026-02-18 17:00:00,1.78686,3.80182,0.205298,1.58156,0.072599,0.033849,0.05905,7.966
2026-02-18 18:00:00,1.79389,3.67601,0.271263,1.52263,0.055828,0.029939,0.055251,9.76
2026-02-18 19:00:00,0.800065,1.28215,0.101976,0.698089,0.033485,0.042343,0.047743,3.239
2026-02-18 20:00:00,0.918845,1.3838,0.118384,0.800461,0.036536,0.023684,0.048925,4.799
2026-02-18 21:00:00,1.42182,1.7907,0.308903,1.11292,0.060612,0.032558,0.053305,7.409
2026-02-18 22:00:00,2.39037,4.59686,0.400503,1.98986,0.060509,0.039288,0.053075,8.178
2026-02-18 23:00:00,0.952294,1.85995,0.06793,0.884364,0.029363,0.024479,0.046479,3.197
2026-02-19 00:00:00,0.510971,1.92094,0.044895,0.466076,0.024618,0.018784,0.038271,2.378
2026-02-19 01:00:00,0.822737,2.98093,0.054705,0.768032,0.025092,0.016342,0.031704,2.575
2026-02-19 02:00:00,0.544351,0.786635,0.050115,0.494236,0.033981,0.014017,0.035171,2.774
2026-02-19 03:00:00,0.124197,0.184815,0.007237,0.11696,0.012049,0.0057,0.030102,0.754
2026-02-19 04:00:00,0.279522,0.368761,0.035912,0.24361,0.030265,0.014454,0.060095,2.861
2026-02-19 05:00:00,0.012572,0.03037,0.003118,0.009454,0.005196,0.003133,0.025511,0.321
2026-02-19 06:00:00,0.466301,1.91107,0.0175,0.448801,0.012573,0.009658,0.02848,1.383
2026-02-19 07:00:00,0.246813,0.786026,0.020258,0.226555,0.01306,0.007185,0.032091,1.61
2026-02-19 08:00:00,1.19912,2.78865,0.090283,1.10884,0.028534,0.027768,0.0458,4.482
2026-02-19 09:00:00,0.955812,2.71538,0.070277,0.885535,0.033729,0.025969,0.048788,4.492
2026-02-19 10:00:00,1.58302,3.23066,0.119994,1.46303,0.038624,0.029184,0.052852,5.685
2026-02-19 11:00:00,0.732068,1.63408,0.063439,0.668629,0.031597,0.019384,0.050041,3.901
2026-02-19 12:00:00,0.688245,2.01241,0.134484,0.553761,0.053934,0.021755,0.067756,3.672
2026-02-19 13:00:00,0.832805,1.88417,0.079679,0.753126,0.042406,0.021667,0.059838,3.967
2026-02-19 14:00:00,0.76823,1.68471,0.084183,0.684047,0.03899,0.01621,0.061204,5.811
2026-02-19 15:00:00,0.973318,1.48372,0.070646,0.902672,0.052401,0.032516,0.071384,7.145
2026-02-19 16:00:00,1.12283,1.60404,0.123098,0.999733,0.060493,0.03451,0.079442,7.818
2026-02-19 17:00:00,1.2524,1.79942,0.164719,1.08768,0.052717,0.048252,0.06587,6.965
2026-02-19 18:00:00,1.8601,3.49643,0.172185,1.68792,0.053718,0.052868,0.063576,9.021
2026-02-19 19:00:00,2.32224,3.6861,0.119156,2.20309,0.055896,0.051347,0.074081,10.606
2026-02-19 20:00:00,1.90032,2.47437,0.142927,1.75739,0.052536,0.035931,0.057,9.58
2026-02-19 21:00:00,2.12027,4.56955,0.305121,1.81515,0.058953,0.036984,0.054778,9.041
2026-02-19 22:00:00,1.00321,1.70614,0.126815,0.876393,0.054018,0.039085,0.053017,9.305
2026-02-19 23:00:00,1.23798,3.07957,0.118151,1.11983,0.05108,0.037024,0.059997,9.222
2026-02-20 00:00:00,1.62385,4.05963,0.092001,1.53185,0.049022,0.040648,0.064469,7.341
2026-02-20 01:00:00,0.494276,1.1939,0.082763,0.411513,0.047721,0.036754,0.043337,4.521
2026-02-20 02:00:00,0.904752,0.954379,0.035157,0.869595,0.035513,0.031933,0.0377,3.419
2026-02-20 03:00:00,0.034211,0.028227,0.002681,0.03153,0.019722,0.025357,0.032885,0.425
2026-02-20 04:00:00,0.020871,0.017627,0.004678,0.016193,0.025097,0.027906,0.034212,0.456
2026-02-20 05:00:00,0.032657,0.037622,0.00915,0.023507,0.011861,0.005442,0.030666,1.578
2026-02-20 06:00:00,0.061458,0.167005,0.00954,0.051918,0.019642,0.010376,0.033154,1.69
2026-02-20 07:00:00,0.829526,2.11614,0.031509,0.798017,0.026647,0.021419,0.039235,2.76
2026-02-20 08:00:00,0.7656,1.6359,0.048139,0.717461,0.023786,0.017538,0.04902,2.97
2026-02-20 09:00:00,0.808985,1.33496,0.135044,0.673941,0.031984,0.014785,0.050553,4.205
2026-02-20 10:00:00,1.83962,3.17175,0.098267,1.74135,0.038347,0.03216,0.057483,6.514
2026-02-20 11:00:00,0.699061,0.992986,0.075646,0.623415,0.03412,0.017087,0.056659,4.493
2026-02-20 12:00:00,0.905654,1.17313,0.042434,0.86322,0.028596,0.016628,0.053817,2.758
2026-02-20 13:00:00,1.27914,1.47027,0.127041,1.1521,0.048738,0.02377,0.059466,4.996
2026-02-20 14:00:00,0.612432,1.06695,0.101939,0.510493,0.050151,0.027053,0.0606,6.309
2026-02-20 15:00:00,2.1947,2.76411,0.161641,2.03306,0.059943,0.047663,0.067344,10.027
2026-02-20 16:00:00,2.1213,2.43269,0.304167,1.81714,0.082445,0.04282,0.065524,9.403
2026-02-20 17:00:00,2.13684,2.14974,0.272772,1.86406,0.063201,0.039964,0.07473,11.961
2026-02-20 18:00:00,1.97204,2.63641,0.336623,1.63541,0.07598,0.04678,0.109267,11.197
2026-02-20 19:00:00,2.13423,3.55706,0.182075,1.95216,0.059898,0.043903,0.095333,10.738
2026-02-20 20:00:00,1.55429,2.33377,0.197766,1.35652,0.062812,0.037563,0.064747,11.1
2026-02-20 21:00:00,2.20947,4.16881,0.160121,2.04935,0.072091,0.061983,0.093554,10.622
2026-02-20 22:00:00,1.02965,1.48365,0.092603,0.93705,0.059092,0.046463,0.056618,7.32
2026-02-20 23:00:00,3.76856,7.08376,0.404126,3.36443,0.089942,0.06544,0.068166,6.765
2026-02-21 00:00:00,0.951815,2.61488,0.055036,0.896779,0.049673,0.038841,0.046441,4.392
2026-02-21 01:00:00,2.59045,3.12102,0.091581,2.49886,0.047262,0.058002,0.048156,4.602
2026-02-21 02:00:00,0.862865,1.00567,0.065653,0.797212,0.046665,0.039315,0.053661,3.741
2026-02-21 03:00:00,0.296894,0.197404,0.014384,0.28251,0.04175,0.017555,0.043331,1.436
2026-02-21 04:00:00,0.101668,0.060734,0.012978,0.08869,0.036887,0.012164,0.041354,1.074
2026-02-21 05:00:00,0.298706,0.299305,0.017878,0.280828,0.018176,0.013668,0.032401,1.691
2026-02-21 06:00:00,0.124152,0.307306,0.017327,0.106825,0.016581,0.008256,0.032975,1.329
2026-02-21 07:00:00,0.588439,1.42135,0.056404,0.532035,0.03605,0.024428,0.045137,2.914
2026-02-21 08:00:00,0.842749,1.54917,0.065141,0.777608,0.034796,0.023723,0.050275,3.565
2026-02-21 09:00:00,1.49687,2.20777,0.067701,1.42917,0.036193,0.029468,0.057922,4.727
2026-02-21 10:00:00,1.39231,1.93915,0.127275,1.26504,0.049373,0.033751,0.0672,5.995
2026-02-21 11:00:00,0.80306,0.951494,0.07696,0.7261,0.045455,0.034884,0.070929,4.591
2026-02-21 12:00:00,2.24602,4.0396,0.406594,1.83942,0.071673,0.038813,0.085727,9.461
2026-02-21 13:00:00,1.10199,1.79477,0.095549,1.00644,0.038594,0.023703,0.057283,4.353
2026-02-21 14:00:00,1.28542,1.78036,0.161457,1.12396,0.049781,0.025503,0.062172,5.506
2026-02-21 15:00:00,2.19058,3.0008,0.19884,1.99174,0.054498,0.045303,0.070925,9.196
2026-02-21 16:00:00,2.09091,3.03911,0.19224,1.89867,0.064576,0.048125,0.082931,10.554
2026-02-21 17:00:00,2.19125,3.06898,0.360033,1.83122,0.080339,0.045571,0.070999,9.539
2026-02-21 18:00:00,1.91599,3.61507,0.60163,1.31436,0.11509,0.060142,0.114495,17.242
2026-02-21 19:00:00,2.23917,3.1361,0.558896,1.68028,0.10021,0.05837,0.10307,11.931
2026-02-21 20:00:00,1.59669,2.24254,0.188017,1.40868,0.062825,0.05095,0.080154,8.932
2026-02-21 21:00:00,1.39955,2.03423,0.12956,1.26999,0.06627,0.044337,0.067608,8.265
2026-02-21 22:00:00,3.33867,3.01324,0.278579,3.0601,0.073967,0.081515,0.082364,10.828
2026-02-21 23:00:00,1.56736,1.69628,0.148129,1.41923,0.066924,0.05871,0.064677,7.681
2026-02-22 00:00:00,1.22607,2.03667,0.072888,1.15319,0.049048,0.049237,0.052387,5.526
2026-02-22 01:00:00,1.14218,1.96928,0.068475,1.07371,0.045406,0.048238,0.043841,3.916
2026-02-22 02:00:00,0.810782,0.60147,0.052708,0.758074,0.040245,0.034655,0.043405,2.875
2026-02-22 03:00:00,0.190172,0.114424,0.012147,0.178025,0.021352,0.009321,0.037386,1.548
2026-02-22 04:00:00,0.317664,0.205474,0.022403,0.295261,0.030076,0.009955,0.03943,3.551
2026-02-22 05:00:00,0.103536,0.109214,0.008861,0.094675,0.013149,0.005312,0.031746,1.189
2026-02-22 06:00:00,0.111535,0.278838,0.009575,0.10196,0.011415,0.005704,0.031143,1.035
2026-02-22 07:00:00,1.71148,2.93062,0.061795,1.64968,0.031337,0.023147,0.046029,4.782
2026-02-22 08:00:00,2.32415,3.76077,0.091682,2.23247,0.038697,0.037006,0.053277,6.447
2026-02-22 09:00:00,1.41683,2.21379,0.074783,1.34204,0.041089,0.034591,0.058281,5.418
2026-02-22 10:00:00,1.30188,1.77369,0.119311,1.18257,0.046593,0.034313,0.062116,6.479
2026-02-22 11:00:00,1.30588,1.51144,0.118334,1.18755,0.043139,0.027144,0.063261,6.15
2026-02-22 12:00:00,1.18261,1.45284,0.100006,1.0826,0.039933,0.029103,0.065076,4.978
2026-02-22 13:00:00,1.59136,1.49845,0.187605,1.40375,0.055863,0.046855,0.066543,6.492
2026-02-22 14:00:00,1.2252,1.39228,0.127597,1.09761,0.063238,0.045061,0.074364,7.382
2026-02-22 15:00:00,1.92795,2.02943,0.177611,1.75034,0.05536,0.04235,0.070549,8.664
2026-02-22 16:00:00,2.0223,2.4365,0.184664,1.83763,0.066078,0.038115,0.082324,10.476
2026-02-22 17:00:00,2.41726,3.23163,0.200812,2.21645,0.067447,0.058361,0.078835,11.551
2026-02-22 18:00:00,4.31051,5.30851,0.232988,4.07753,0.064386,0.08226,0.084243,11.634
2026-02-22 19:00:00,2.02176,2.6121,0.177909,1.84386,0.06171,0.050311,0.079223,10.05
2026-02-22 20:00:00,1.57501,1.97866,0.12544,1.44957,0.059107,0.04086,0.067709,8.032
2026-02-22 21:00:00,2.4086,3.67164,0.225546,2.18305,0.08683,0.069285,0.081868,10.238
2026-02-22 22:00:00,1.84306,2.99199,0.211379,1.63169,0.081345,0.057976,0.069299,10.372
2026-02-22 23:00:00,1.77259,3.29477,0.168746,1.60384,0.064061,0.054241,0.062258,8.617
2026-02-23 00:00:00,1.91026,3.06132,0.100552,1.80971,0.052988,0.061268,0.052883,7.997
2026-02-23 01:00:00,2.36504,4.36355,0.058998,2.30605,0.048275,0.080855,0.07109,6.758
2026-02-23 02:00:00,2.32607,2.01566,0.042988,2.28308,0.059371,0.072932,0.086409,6.116
2026-02-23 03:00:00,1.17316,0.815827,0.023635,1.14952,0.030969,0.041289,0.066435,3.529
2026-02-23 04:00:00,0.358849,0.222611,0.025066,0.333783,0.025296,0.011894,0.038561,2.183
2026-02-23 05:00:00,0.173707,0.130606,0.0113,0.162407,0.018202,0.006328,0.035188,1.578
2026-02-23 06:00:00,0.435265,0.840283,0.029071,0.406194,0.028449,0.015168,0.037843,2.434
2026-02-23 07:00:00,0.591818,0.786993,0.037712,0.554106,0.022189,0.011461,0.0426,2.529
2026-02-23 08:00:00,1.16868,1.47189,0.092648,1.07603,0.041974,0.030404,0.06678,5.295
2026-02-23 09:00:00,1.18214,1.69848,0.082501,1.09964,0.045752,0.039529,0.062708,5.235
2026-02-23 10:00:00,2.45255,3.37817,0.157706,2.29484,0.066153,0.056825,0.07989,10.533
2026-02-23 11:00:00,3.08001,4.01043,0.312815,2.7672,0.086436,0.074626,0.093774,14.149
2026-02-23 12:00:00,3.23921,4.15284,0.39054,2.84867,0.077571,0.056753,0.087449,12.949
2026-02-23 13:00:00,1.65271,2.03536,0.172612,1.4801,0.064587,0.041193,0.07533,10.12
2026-02-23 14:00:00,2.35825,2.28513,0.257285,2.10097,0.066788,0.055477,0.078676,10.096
2026-02-23 15:00:00,3.0571,3.25917,0.234047,2.82305,0.071506,0.070052,0.08183,13.506
2026-02-23 16:00:00,3.88789,4.31031,0.432817,3.45508,0.093604,0.085602,0.104952,16.958
2026-02-23 17:00:00,2.06626,2.15684,0.261037,1.80522,0.075274,0.049207,0.086227,12.59
2026-02-23 18:00:00,2.85811,2.94044,0.50061,2.3575,0.104267,0.05721,0.08662,12.992
2026-02-23 19:00:00,2.93161,2.91993,0.532081,2.39953,0.106604,0.068875,0.104385,15.204
2026-02-23 20:00:00,4.15219,4.00019,0.278041,3.87415,0.114022,0.094242,0.095415,17.444
2026-02-23 21:00:00,3.31558,2.83868,0.233065,3.08252,0.150795,0.078298,0.089528,15.081
2026-02-23 22:00:00,4.21047,4.64732,0.550602,3.65987,0.147428,0.0862,0.100666,18.01
2026-02-23 23:00:00,3.45735,4.68475,0.468818,2.98853,0.095971,0.074899,0.106742,13.546
2026-02-24 00:00:00,2.11948,3.29111,0.708195,1.41128,0.108482,0.067039,0.103116,9.479
2026-02-24 01:00:00,1.60567,1.91151,0.33336,1.27231,0.070934,0.039793,0.072447,9.757
2026-02-24 02:00:00,1.26178,0.801639,0.227948,1.03383,0.070801,0.043449,0.056193,9.172
2026-02-24 03:00:00,2.33412,1.35547,0.301468,2.03265,0.076956,0.045207,0.057952,10.649
2026-02-24 04:00:00,1.44269,0.711387,0.068526,1.37417,0.043424,0.019989,0.046063,6.529
2026-02-24 05:00:00,0.5344,0.312514,0.048709,0.485691,0.033823,0.012711,0.040931,5.883
2026-02-24 06:00:00,0.627124,0.762924,0.063278,0.563846,0.0283,0.014388,0.041345,4.302
2026-02-24 07:00:00,1.72789,1.58814,0.120503,1.60739,0.044144,0.030946,0.066005,7.614
2026-02-24 08:00:00,1.31959,1.15551,0.160601,1.15899,0.051066,0.037605,0.075583,7.878
2026-02-24 09:00:00,1.53771,1.85713,0.101864,1.43584,0.046411,0.034699,0.070888,6.863
2026-02-24 10:00:00,1.80902,2.41847,0.293807,1.51521,0.058914,0.044184,0.079009,10.234
2026-02-24 11:00:00,1.55358,1.89461,0.171719,1.38186,0.052816,0.033646,0.081984,8.101
2026-02-24 12:00:00,2.71578,2.94553,0.271303,2.44448,0.068515,0.04656,0.084983,10.627
2026-02-24 13:00:00,1.99363,2.76125,0.142619,1.85101,0.064572,0.03893,0.078065,11.762
2026-02-24 14:00:00,2.96944,2.66556,0.222725,2.74671,0.067356,0.054238,0.087148,12.01
2026-02-24 15:00:00,2.0898,2.29144,0.205093,1.8847,0.070504,0.048872,0.100417,12.049
2026-02-24 16:00:00,1.39274,1.37351,0.125113,1.26763,0.050821,0.032121,0.076198,7.756
2026-02-24 17:00:00,2.23567,1.84766,0.240881,1.99479,0.06785,0.045815,0.082231,11.175
2026-02-24 18:00:00,2.59414,2.62565,0.446625,2.14752,0.082984,0.066306,0.097758,15.148
2026-02-24 19:00:00,2.39016,2.33414,0.360461,2.0297,0.076698,0.052236,0.088288,10.194
2026-02-24 20:00:00,1.57719,1.72183,0.223159,1.35403,0.081522,0.058731,0.098945,12.093
2026-02-24 21:00:00,4.75774,6.11534,0.956376,3.80136,0.142307,0.112302,0.133243,22.154
2026-02-24 22:00:00,4.56854,4.65228,0.375763,4.19277,0.107701,0.111476,0.104344,21.086
2026-02-24 23:00:00,3.78775,5.72168,0.284961,3.50279,0.091729,0.092406,0.094676,15.206
2026-02-25 00:00:00,3.58066,5.47501,0.172507,3.40815,0.067507,0.100945,0.06733,11.585
2026-02-25 01:00:00,1.13588,1.86211,0.064584,1.0713,0.057039,0.033524,0.05868,5.873
2026-02-25 02:00:00,1.22607,0.771115,0.058075,1.168,0.053164,0.052422,0.055545,4.998
2026-02-25 03:00:00,0.319235,0.169987,0.023111,0.296124,0.054154,0.035311,0.058437,1.66
2026-02-25 04:00:00,0.792394,0.367189,0.034999,0.757395,0.053841,0.039462,0.06003,3.197
2026-02-25 05:00:00,0.209052,0.197965,0.009815,0.199237,0.02323,0.01186,0.039656,1.146
2026-02-25 06:00:00,0.294721,0.502937,0.021209,0.273512,0.024757,0.011924,0.041061,1.834
2026-02-25 07:00:00,1.00118,1.06736,0.085153,0.916028,0.040009,0.024812,0.065458,4.493
2026-02-25 08:00:00,1.99621,1.62823,0.222411,1.7738,0.068515,0.039573,0.111501,11.052
2026-02-25 09:00:00,2.31464,2.4416,0.199603,2.11504,0.085164,0.049327,0.092387,11.14
2026-02-25 10:00:00,2.0268,1.72347,0.210048,1.81676,0.072635,0.058949,0.096196,8.924
2026-02-25 11:00:00,3.18705,2.81045,0.190903,2.99615,0.071445,0.068631,0.095085,11.552
2026-02-25 12:00:00,3.36011,3.30719,0.330953,3.02916,0.092571,0.074112,0.095647,13.996
2026-02-25 13:00:00,2.81899,2.84746,0.41171,2.40728,0.091302,0.067065,0.123727,14.229
2026-02-25 14:00:00,4.21129,3.82844,0.519517,3.69177,0.102272,0.072872,0.112617,16.546
2026-02-25 15:00:00,3.63208,3.73671,0.576507,3.05558,0.093254,0.080032,0.121828,15.023
2026-02-25 16:00:00,3.25176,3.69519,0.333537,2.91823,0.086436,0.068638,0.105443,15.038
2026-02-25 17:00:00,3.81879,3.16125,0.288786,3.53,0.094331,0.08518,0.112511,19.976
2026-02-25 18:00:00,3.95375,2.94178,0.510597,3.44315,0.1078,0.106089,0.108023,22.061
2026-02-25 19:00:00,2.82303,2.42112,0.393275,2.42976,0.091767,0.083198,0.101816,16.126
2026-02-25 20:00:00,4.87092,3.83537,0.847281,4.02364,0.12856,0.115172,0.108643,22.936
2026-02-25 21:00:00,5.53386,4.52113,0.368225,5.16564,0.112372,0.108525,0.110379,18.949
2026-02-25 22:00:00,4.10086,4.91709,0.460954,3.6399,0.116681,0.105304,0.139915,25.075
2026-02-25 23:00:00,3.91766,4.16772,0.45367,3.46399,0.105647,0.091139,0.102615,15.262
2026-02-26 00:00:00,5.33723,6.87788,0.232054,5.10518,0.078333,0.09869,0.091009,10.757
2026-02-26 01:00:00,1.39952,1.69845,0.14481,1.25471,0.057613,0.032486,0.051295,6.6
2026-02-26 02:00:00,0.970268,0.640865,0.0638,0.906468,0.047541,0.02249,0.04858,5.963
2026-02-26 03:00:00,0.396537,0.221035,0.274843,0.121694,0.042469,0.012842,0.04732,2.295
2026-02-26 04:00:00,0.602871,0.331978,0.031086,0.571785,0.039609,0.01662,0.047498,2.444
2026-02-26 05:00:00,0.186224,0.187726,0.01631,0.169914,0.023914,0.006718,0.038497,1.262
2026-02-26 06:00:00,1.15992,2.02782,0.034484,1.12543,0.032489,0.026515,0.045523,2.436
2026-02-26 07:00:00,1.52087,1.73615,0.10472,1.41615,0.050043,0.029568,0.070062,6.659
2026-02-26 08:00:00,2.25582,2.52329,0.185379,2.07044,0.06496,0.046746,0.088196,10.919
2026-02-26 09:00:00,2.42934,2.57345,0.139102,2.29024,0.066162,0.064522,0.08543,10.523
2026-02-26 10:00:00,2.80206,2.91882,0.367233,2.43483,0.079847,0.057292,0.100613,16.77
2026-02-26 11:00:00,3.00706,3.199,0.389175,2.61789,0.081541,0.073607,0.097442,14.235
2026-02-26 12:00:00,2.32043,1.3382,0.156658,2.16377,0.067403,0.058142,0.092507,11.659
2026-02-26 13:00:00,3.00518,2.236,0.318399,2.68678,0.098546,0.05832,0.099586,11.763
2026-02-26 14:00:00,2.63985,2.04323,0.200257,2.43959,0.074105,0.049778,0.090951,11.986
2026-02-26 15:00:00,1.99393,1.3118,0.141713,1.85221,0.050201,0.037364,0.087403,8.254
2026-02-26 16:00:00,3.02219,3.15469,0.199271,2.82292,0.074755,0.056669,0.101926,13.267
2026-02-26 17:00:00,4.72194,3.67181,0.641895,4.08005,0.103641,0.081926,0.119252,19.095
2026-02-26 18:00:00,5.01255,4.29157,0.686701,4.32585,0.106148,0.085599,0.104851,21.983
2026-02-26 19:00:00,3.27983,2.64077,0.364017,2.91581,0.095132,0.069204,0.106865,14.769
2026-02-26 20:00:00,5.14554,5.1047,0.29077,4.85477,0.085463,0.0851,0.10779,18.062
2026-02-26 21:00:00,4.44084,4.15809,0.435634,4.00521,0.095438,0.097983,0.097975,18.233
2026-02-26 22:00:00,4.16263,3.57614,0.276094,3.88653,0.100489,0.11746,0.099194,15.892
2026-02-26 23:00:00,3.69712,3.20375,0.174221,3.5229,0.077796,0.094615,0.084423,10.897
2026-02-27 00:00:00,1.61606,1.83643,0.103256,1.5128,0.060118,0.062988,0.065216,8.553
2026-02-27 01:00:00,1.32574,1.36956,0.10143,1.22431,0.051265,0.039291,0.053797,6.564
2026-02-27 02:00:00,1.43467,0.979965,0.064881,1.36979,0.06421,0.03911,0.063337,7.243
2026-02-27 03:00:00,0.174442,0.096804,0.021189,0.153253,0.048713,0.017128,0.052164,4.306
2026-02-27 04:00:00,0.503108,0.271363,0.034123,0.468985,0.039864,0.018124,0.049932,5.005
2026-02-27 05:00:00,0.531009,0.434541,0.017433,0.513576,0.030036,0.012488,0.042166,3.91
2026-02-27 06:00:00,0.721642,0.747041,0.038179,0.683463,0.02953,0.02382,0.046734,3.26
2026-02-27 07:00:00,1.73287,1.47856,0.386014,1.34686,0.058368,0.033413,0.068696,5.873
2026-02-27 08:00:00,2.95931,2.33753,0.244878,2.71444,0.070645,0.057443,0.086399,13.219
2026-02-27 09:00:00,2.14568,1.97577,0.183352,1.96233,0.053699,0.041489,0.090156,9.193
2026-02-27 10:00:00,2.22421,1.89456,0.213071,2.01114,0.071176,0.047491,0.111829,11.91
2026-02-27 11:00:00,1.90981,1.65208,0.147325,1.76248,0.064398,0.058629,0.093294,10.422
2026-02-27 12:00:00,1.94158,1.778,0.187992,1.75359,0.06572,0.04489,0.090005,10.905
2026-02-27 13:00:00,1.55517,1.84262,0.131596,1.42358,0.063086,0.047157,0.113265,10.923
2026-02-27 14:00:00,1.47845,1.61755,0.470591,1.00785,0.089967,0.039374,0.094495,6.676
2026-02-27 15:00:00,5.38951,5.66125,1.38788,4.00163,0.178331,0.091103,0.134886,16.772
2026-02-27 16:00:00,3.28121,2.99928,0.436928,2.84428,0.099684,0.066976,0.091239,13.546
2026-02-27 17:00:00,3.81764,3.4769,0.250197,3.56744,0.083828,0.080264,0.10121,15.315
2026-02-27 18:00:00,6.52041,5.35338,0.515052,6.00536,0.10574,0.119894,0.112738,21.756
2026-02-27 19:00:00,4.24141,3.42049,0.413837,3.82758,0.112684,0.118698,0.121658,21.664
2026-02-27 20:00:00,6.11378,4.32988,0.67896,5.43482,0.110696,0.104991,0.102614,24.261
2026-02-27 21:00:00,4.51129,4.90358,0.578197,3.9331,0.153862,0.132983,0.143496,29.393
2026-02-27 22:00:00,9.04879,6.7832,0.574958,8.47383,0.138844,0.22624,0.196195,31.234
2026-02-27 23:00:00,6.50258,6.84483,0.364891,6.13769,0.11507,0.151155,0.123427,15.817
2026-02-28 00:00:00,3.98384,3.37613,0.258859,3.72498,0.095169,0.11393,0.084245,12.022
2026-02-28 01:00:00,3.64733,3.50705,0.206379,3.44096,0.065634,0.091071,0.067519,10.928
2026-02-28 02:00:00,1.6279,0.887621,0.06226,1.56564,0.048151,0.03666,0.052204,4.776
2026-02-28 03:00:00,0.817231,0.392145,0.039592,0.777639,0.032262,0.020292,0.046787,2.893
2026-02-28 04:00:00,1.28642,0.75229,0.138938,1.14748,0.03731,0.019879,0.049783,5.003
2026-02-28 05:00:00,0.179704,0.258194,0.016772,0.162932,0.016292,0.006825,0.036472,1.783
2026-02-28 06:00:00,1.01707,1.52714,0.064496,0.952577,0.034991,0.024726,0.048526,4.159
2026-02-28 07:00:00,1.64976,1.78933,0.103463,1.5463,0.058651,0.045079,0.069377,6.894
2026-02-28 08:00:00,2.47721,2.26851,0.22439,2.25282,0.077585,0.063746,0.090938,11.958
2026-02-28 09:00:00,2.46887,1.97194,0.30618,2.16269,0.080708,0.0625,0.09628,12.621
2026-02-28 10:00:00,2.57959,1.8747,0.185763,2.39383,0.068097,0.053402,0.084551,10.601
2026-02-28 11:00:00,3.71864,3.74108,0.252003,3.46663,0.097215,0.077597,0.128294,18.59
2026-02-28 12:00:00,2.94022,2.34468,0.267967,2.67226,0.086042,0.061267,0.128281,17.369
2026-02-28 13:00:00,3.54951,2.51738,0.320279,3.22923,0.093947,0.082595,0.14149,18.827
2026-02-28 14:00:00,3.33829,2.47368,0.29779,3.0405,0.089861,0.079559,0.133391,17.6178
2026-02-28 15:00:00,3.12707,2.42998,0.275301,2.85177,0.085775,0.076523,0.125292,16.4086
2026-02-28 16:00:00,2.91585,2.38628,0.252812,2.66304,0.081689,0.073487,0.117193,15.1995
2026-02-28 17:00:00,,,,,,,,
2026-02-28 18:00:00,,,,,,,,
2026-02-28 19:00:00,,,,,,,,
2026-02-28 20:00:00,,,,,,,,
2026-02-28 21:00:00,,,,,,,,
2026-02-28 22:00:00,,,,,,,,
2026-02-28 23:00:00,,,,,,,,
2026-03-01 00:00:00,1.2261,2.0367,0.0729,1.1532,0.049,0.0492,0.0524,5.526
2026-03-01 01:00:00,1.1422,1.9693,0.0685,1.0737,0.0454,0.0482,0.0438,3.916
2026-03-01 02:00:00,0.8108,0.6015,0.0527,0.7581,0.0402,0.0347,0.0434,2.875
2026-03-01 03:00:00,0.1902,0.1144,0.0121,0.178,0.0214,0.0093,0.0374,1.548
2026-03-01 04:00:00,0.3177,0.2055,0.0224,0.2953,0.0301,0.01,0.0394,3.551
2026-03-01 05:00:00,0.1035,0.1092,0.0089,0.0947,0.0131,0.0053,0.0317,1.189
2026-03-01 06:00:00,0.1115,0.2788,0.0096,0.102,0.0114,0.0057,0.0311,1.035
2026-03-01 07:00:00,1.7115,2.9306,0.0618,1.6497,0.0313,0.0231,0.046,4.782
2026-03-01 08:00:00,2.3242,3.7608,0.0917,2.2325,0.0387,0.037,0.0533,6.447
2026-03-01 09:00:00,1.4168,2.2138,0.0748,1.342,0.0411,0.0346,0.0583,5.418
2026-03-01 10:00:00,1.3019,1.7737,0.1193,1.1826,0.0466,0.0343,0.0621,6.479
2026-03-01 11:00:00,1.3059,1.5114,0.1183,1.1876,0.0431,0.0271,0.0633,6.15
2026-03-01 12:00:00,1.1826,1.4528,0.1,1.0826,0.0399,0.0291,0.0651,4.978
2026-03-01 13:00:00,1.5914,1.4985,0.1876,1.4038,0.0559,0.0469,0.0665,6.492
2026-03-01 14:00:00,1.2252,1.3923,0.1276,1.0976,0.0632,0.0451,0.0744,7.382
2026-03-01 15:00:00,1.928,2.0294,0.1776,1.7503,0.0554,0.0424,0.0705,8.664
2026-03-01 16:00:00,2.0223,2.4365,0.1847,1.8376,0.0661,0.0381,0.0823,10.476
2026-03-01 17:00:00,3.57971,2.7836,0.380461,3.19925,0.101452,0.084854,0.102056,15.946
2026-03-01 18:00:00,4.72061,4.09065,0.690292,4.03032,0.156089,0.100938,0.109555,21.75
2026-03-01 19:00:00,5.83553,4.83875,0.739102,5.09643,0.139783,0.118198,0.118351,21.724
2026-03-01 20:00:00,5.89871,5.97036,1.1367,4.76202,0.119775,0.118535,0.1023,20.308
2026-03-01 21:00:00,4.96868,3.76415,0.387542,4.58113,0.121229,0.11633,0.106671,21.703
2026-03-01 22:00:00,5.06472,4.01325,0.445447,4.61927,0.125386,0.126399,0.125734,25.786
2026-03-01 23:00:00,7.16116,6.11021,0.55316,6.608,0.115572,0.151883,0.10775,26.758
2026-03-02 00:00:00,4.07258,4.36972,0.17372,3.89886,0.077175,0.084355,0.088706,15.565
2026-03-02 01:00:00,2.55712,3.03696,0.220758,2.33636,0.065016,0.053416,0.069763,11.304
2026-03-02 02:00:00,1.47029,0.891088,0.198601,1.27169,0.070819,0.038052,0.090537,11.569
2026-03-02 03:00:00,0.747169,0.326845,0.044217,0.702952,0.053637,0.015845,0.052756,7.906
2026-03-02 04:00:00,0.583114,0.23859,0.033585,0.549529,0.047133,0.013308,0.04765,5.17
2026-03-02 05:00:00,0.089237,0.065809,0.006482,0.082755,0.013314,0.003598,0.034525,0.967
2026-03-02 06:00:00,0.628348,0.872707,0.053497,0.574851,0.024691,0.016225,0.042103,2.733
2026-03-02 07:00:00,2.71658,2.52001,0.143751,2.57283,0.058893,0.052436,0.079762,8.567
2026-03-02 08:00:00,3.87633,3.75613,0.302811,3.57351,0.081997,0.0798,0.094926,15.025
2026-03-02 09:00:00,4.71435,4.89041,0.494411,4.21994,0.100599,0.087801,0.111857,19.228
2026-03-02 10:00:00,3.64975,3.04146,0.37132,3.27843,0.092139,0.075855,0.101249,14.074
2026-03-02 11:00:00,3.64843,2.87278,0.202861,3.44557,0.077409,0.070106,0.088959,13.47
2026-03-02 12:00:00,4.58301,3.44587,0.525062,4.05795,0.11428,0.097967,0.101393,16.18
2026-03-02 13:00:00,3.57914,3.1015,0.36868,3.21046,0.088517,0.090608,0.098521,14.466
2026-03-02 14:00:00,3.14784,2.63638,0.231986,2.91586,0.082394,0.061609,0.092742,12.602
2026-03-02 15:00:00,3.67617,3.11012,0.365662,3.3105,0.121744,0.079876,0.10908,15.419
2026-03-02 16:00:00,3.77424,3.54056,0.262251,3.51199,0.09548,0.082036,0.118885,15.9
2026-03-02 17:00:00,4.91037,4.0052,0.361224,4.54915,0.127774,0.106551,0.124013,19.653
2026-03-02 18:00:00,6.13809,4.90262,0.965206,5.17288,0.146014,0.120061,0.133793,21.264
2026-03-02 19:00:00,3.64806,3.21132,1.07958,2.56848,0.15823,0.093419,0.115841,15.615
2026-03-02 20:00:00,3.52813,3.46575,0.369082,3.15905,0.120831,0.103294,0.10892,18.89
2026-03-02 21:00:00,4.03658,3.12913,0.578071,3.45851,0.153371,0.123542,0.119628,18.984
2026-03-02 22:00:00,4.20602,4.94826,0.295966,3.91005,0.157444,0.12862,0.148,19.935
2026-03-02 23:00:00,4.46188,5.48142,0.310397,4.15148,0.161507,0.133685,0.121083,18.258
2026-03-03 00:00:00,2.49114,2.83084,0.132902,2.35824,0.064165,0.072909,0.073022,7.861
2026-03-03 01:00:00,1.46068,2.63661,0.04457,1.41611,0.045681,0.055013,0.052135,6.956
2026-03-03 02:00:00,2.71557,1.60684,0.101994,2.61357,0.056445,0.050092,0.062496,7.283
2026-03-03 03:00:00,0.964214,0.433939,0.033855,0.930359,0.043427,0.036164,0.051297,2.988
2026-03-03 04:00:00,0.567841,0.25858,0.030991,0.53685,0.033885,0.015904,0.049827,3.262
2026-03-03 05:00:00,0.342302,0.263715,0.024566,0.317736,0.020102,0.009571,0.039496,1.938
2026-03-03 06:00:00,0.619776,0.887933,0.042718,0.577058,0.026296,0.012873,0.041539,2.429
2026-03-03 07:00:00,1.65655,1.47906,0.11231,1.54424,0.059019,0.047654,0.07274,7.575
2026-03-03 08:00:00,3.03089,2.79088,0.164109,2.86678,0.077526,0.070473,0.089118,11.94
2026-03-03 09:00:00,3.90094,4.05503,0.397323,3.50361,0.08816,0.07685,0.100221,13.672
2026-03-03 10:00:00,2.11146,2.99923,0.194374,1.91709,0.066181,0.046158,0.105518,10.181
2026-03-03 11:00:00,3.96304,5.28405,0.19557,3.76747,0.078438,0.074241,0.10923,13.574
2026-03-03 12:00:00,3.45013,3.57157,0.282455,3.16768,0.08757,0.081137,0.105023,16.313
2026-03-03 13:00:00,2.62457,3.58548,0.337675,2.28689,0.084918,0.056342,0.095519,12.862
2026-03-03 14:00:00,1.88984,3.25834,0.212554,1.67728,0.075039,0.056226,0.092381,12.032
2026-03-03 15:00:00,2.69255,2.4931,0.2281,2.46445,0.075901,0.054193,0.082533,11.422
2026-03-03 16:00:00,2.98237,2.25937,0.221097,2.76127,0.095697,0.070619,0.100924,13.477
2026-03-03 17:00:00,13.2311,11.6062,0.988851,12.2423,0.120275,0.194017,0.163209,17.592
2026-03-03 18:00:00,4.6668,4.05104,0.584065,4.08274,0.115442,0.095913,0.12821,20.55
2026-03-03 19:00:00,4.94348,4.14027,0.666044,4.27744,0.109355,0.085108,0.088987,19.593
2026-03-03 20:00:00,5.28815,4.22376,0.581752,4.70639,0.118868,0.121669,0.133252,25.008
2026-03-03 21:00:00,7.52781,6.62659,0.868331,6.65948,0.127319,0.137884,0.13596,28.745
2026-03-03 22:00:00,3.84695,3.60877,0.630964,3.21599,0.115831,0.091696,0.086178,20.124
2026-03-03 23:00:00,5.13876,3.72914,0.410497,4.72826,0.101685,0.096747,0.101352,18.076
2026-03-04 00:00:00,3.8946,5.59569,0.196597,3.69801,0.078343,0.075761,0.067919,12.675
2026-03-04 01:00:00,1.56823,1.54658,0.082133,1.4861,0.055664,0.043949,0.058899,6.296
2026-03-04 02:00:00,1.43665,0.886819,0.07848,1.35817,0.054409,0.038349,0.052392,6.092
2026-03-04 03:00:00,1.65526,0.83179,0.1003,1.55496,0.056745,0.045047,0.089094,7.25
2026-03-04 04:00:00,1.37417,0.701106,0.030931,1.34324,0.048828,0.034347,0.088903,6.722
2026-03-04 05:00:00,1.29782,2.18488,0.028998,1.26882,0.037175,0.027131,0.080174,5.333
2026-03-04 06:00:00,1.70127,2.35634,0.096428,1.60484,0.056103,0.044312,0.128355,10.372
2026-03-04 07:00:00,2.17103,2.41226,0.110475,2.06056,0.05847,0.049338,0.095666,8.541
2026-03-04 08:00:00,1.98092,2.50749,0.181628,1.79929,0.064937,0.045883,0.080313,8.443
2026-03-04 09:00:00,1.85987,2.20364,0.264147,1.59573,0.060074,0.04169,0.082444,9.935
2026-03-04 10:00:00,3.08996,3.56808,0.161989,2.92797,0.062067,0.050798,0.088539,9.804
2026-03-04 11:00:00,2.82256,2.43324,0.210079,2.61248,0.102077,0.065217,0.09203,11.886
2026-03-04 12:00:00,2.84551,1.96785,0.220504,2.625,0.080324,0.06654,0.093579,14.437
2026-03-04 13:00:00,3.69142,2.42537,0.272732,3.41869,0.09189,0.079308,0.099928,13.455
2026-03-04 14:00:00,3.02952,2.03597,0.197196,2.83232,0.076526,0.066273,0.101538,11.89
2026-03-04 15:00:00,2.58428,1.54748,0.226753,2.35753,0.075685,0.060455,0.09834,11.678
2026-03-04 16:00:00,3.55535,2.33291,0.270185,3.28517,0.078981,0.075953,0.102656,13.225
2026-03-04 17:00:00,4.96075,2.55709,0.399942,4.56081,0.114405,0.115609,0.11977,19.917
2026-03-04 18:00:00,5.46466,3.80018,0.607693,4.85697,0.125551,0.109468,0.128278,24.074
2026-03-04 19:00:00,13.1336,9.23598,0.876863,12.2567,0.159704,0.194874,0.147435,25.764
2026-03-04 20:00:00,6.7889,5.12756,0.435911,6.35298,0.115308,0.136295,0.128176,20.027
2026-03-04 21:00:00,5.48207,4.39268,0.66893,4.81313,0.133842,0.133616,0.114915,29.188
2026-03-04 22:00:00,6.83468,6.22466,0.839607,5.99507,0.146864,0.17478,0.114583,23.205
2026-03-04 23:00:00,8.21167,9.26825,0.458446,7.75322,0.117639,0.215331,0.135829,25.216
2026-03-05 00:00:00,4.89942,6.06143,0.257965,4.64145,0.078773,0.13319,0.093183,14.827
2026-03-05 01:00:00,1.58716,2.8546,0.057483,1.52968,0.039907,0.05105,0.050538,4.438
2026-03-05 02:00:00,1.33839,0.935936,0.050637,1.28775,0.047214,0.036402,0.050096,4.843
2026-03-05 03:00:00,0.822475,0.509588,0.030858,0.791617,0.035322,0.026926,0.052063,3.076
2026-03-05 04:00:00,0.745921,0.475715,0.039643,0.706278,0.043135,0.030618,0.057306,3.03
2026-03-05 05:00:00,0.229177,0.278804,0.02546,0.203717,0.017519,0.006402,0.043606,2.264
2026-03-05 06:00:00,1.7468,2.00782,0.091063,1.65574,0.039752,0.028095,0.049219,6.679
2026-03-05 07:00:00,3.51365,3.62232,0.240339,3.27331,0.065922,0.061419,0.075464,10.264
2026-03-05 08:00:00,2.33323,3.02231,0.195472,2.13775,0.065467,0.049524,0.08229,9.103
2026-03-05 09:00:00,2.26909,2.38349,0.216997,2.05209,0.079678,0.058096,0.085119,10.093
2026-03-05 10:00:00,4.47093,4.47989,0.465381,4.00555,0.088838,0.080583,0.111192,12.219
2026-03-05 11:00:00,3.77084,3.98609,0.690164,3.08068,0.101584,0.093869,0.114742,14.751
2026-03-05 12:00:00,2.08596,1.63991,0.186963,1.899,0.07124,0.06571,0.09284,10.847
2026-03-05 13:00:00,5.29819,5.16393,0.553124,4.74507,0.115014,0.11576,0.122057,16.598
2026-03-05 14:00:00,3.73723,4.43852,0.3336,3.40363,0.09049,0.097352,0.128268,14.706
2026-03-05 15:00:00,3.0284,3.21486,0.217922,2.81048,0.087824,0.071113,0.107715,12.305
2026-03-05 16:00:00,4.42898,4.33364,0.561911,3.86707,0.109905,0.086937,0.114295,15.941
2026-03-05 17:00:00,5.73906,4.90518,0.869282,4.86978,0.144741,0.114725,0.132029,25.318
2026-03-05 18:00:00,5.18511,3.85223,0.643975,4.54113,0.134913,0.11288,0.129535,25.192
2026-03-05 19:00:00,3.91196,3.54987,0.490077,3.42188,0.097431,0.108204,0.116001,17.889
2026-03-05 20:00:00,5.41168,3.90453,0.702518,4.70916,0.128946,0.14207,0.124918,21.624
2026-03-05 21:00:00,3.82106,2.71768,0.314913,3.50615,0.132163,0.103707,0.113112,23.054
2026-03-05 22:00:00,6.8745,4.37309,0.573126,6.30137,0.124343,0.14092,0.120068,27.243
2026-03-05 23:00:00,5.27761,3.11915,0.401736,4.87587,0.114108,0.109398,0.111712,21.096
2026-03-06 00:00:00,4.40128,3.48754,0.293026,4.10825,0.086563,0.114436,0.088702,13.535
2026-03-06 01:00:00,0.836126,0.59132,0.044588,0.791538,0.041344,0.036058,0.058466,4.151
2026-03-06 02:00:00,0.908336,0.368942,0.026129,0.882207,0.054018,0.038297,0.062324,3.371
2026-03-06 03:00:00,0.286489,0.123914,0.015979,0.27051,0.051437,0.048683,0.06584,2.377
2026-03-06 04:00:00,0.423601,0.177091,0.025013,0.398588,0.046219,0.018977,0.059257,2.588
2026-03-06 05:00:00,0.228592,0.134624,0.019178,0.209414,0.025395,0.014984,0.056076,2.441
2026-03-06 06:00:00,0.436827,0.332947,0.029744,0.407083,0.028719,0.019937,0.058948,2.724
2026-03-06 07:00:00,1.38612,0.970669,0.098219,1.2879,0.060927,0.036087,0.088244,7.864
2026-03-06 08:00:00,3.54799,2.44689,0.169204,3.37879,0.077383,0.067264,0.107174,11.874
2026-03-06 09:00:00,2.54517,1.66351,0.121583,2.42359,0.075229,0.056724,0.109375,10.15
2026-03-06 10:00:00,4.61988,2.92028,0.205652,4.41423,0.083657,0.06792,0.120382,12.185
2026-03-06 11:00:00,2.60537,1.5867,0.234475,2.37089,0.074934,0.065111,0.119754,12.308
2026-03-06 12:00:00,3.86596,2.68843,0.467597,3.39837,0.101502,0.07316,0.108896,14.994
2026-03-06 13:00:00,2.94925,1.79832,0.392115,2.55713,0.110463,0.069851,0.102665,13.701
2026-03-06 14:00:00,2.27833,1.40211,0.271246,2.00708,0.111539,0.066659,0.10623,11.4495
2026-03-06 15:00:00,1.60741,1.00589,0.150377,1.45703,0.112616,0.063466,0.109796,9.198
2026-03-06 16:00:00,3.88985,2.76268,0.239434,3.65042,0.107729,0.07597,0.112176,10.97
2026-03-06 17:00:00,5.56871,3.69768,0.389617,5.17909,0.11867,0.107585,0.125749,20.675
2026-03-06 18:00:00,4.71496,4.59548,0.464808,4.25016,0.126789,0.127298,0.121639,21.189
2026-03-06 19:00:00,2.76545,1.97815,0.364295,2.40116,0.104107,0.099622,0.114494,14.502
2026-03-06 20:00:00,5.9056,4.31696,1.22062,4.68498,0.179337,0.141385,0.122808,24.473
2026-03-06 21:00:00,5.06047,4.08762,0.646177,4.4143,0.13459,0.109687,0.120498,25.179
2026-03-06 22:00:00,5.73782,4.42733,0.698827,5.03899,0.141649,0.130211,0.107518,20.466
2026-03-06 23:00:00,3.5602,2.29987,0.407585,3.15261,0.103824,0.107785,0.086006,12.313
2026-03-07 00:00:00,3.64735,3.26824,0.184152,3.4632,0.06535,0.069044,0.067983,9.783
2026-03-07 01:00:00,3.04022,3.96895,0.238376,2.80184,0.068516,0.078746,0.072351,8.899
2026-03-07 02:00:00,1.47576,1.05111,0.069369,1.40639,0.047586,0.06497,0.060621,4.21
2026-03-07 03:00:00,2.08989,1.31771,0.055477,2.03441,0.045577,0.051847,0.055147,3.886
2026-03-07 04:00:00,1.18301,0.681454,0.038496,1.14451,0.02817,0.025055,0.047226,2.643
2026-03-07 05:00:00,0.257291,0.202911,0.017544,0.239747,0.020504,0.017217,0.041182,1.475
2026-03-07 06:00:00,1.02039,1.39398,0.074176,0.946215,0.029896,0.026537,0.05075,3.5
2026-03-07 07:00:00,1.64485,1.59076,0.08641,1.55844,0.05007,0.041548,0.066517,6.095
2026-03-07 08:00:00,2.18013,1.94308,0.153409,2.02672,0.077056,0.069519,0.084818,9.561
2026-03-07 09:00:00,2.19916,1.47992,0.173754,2.02541,0.075361,0.058052,0.093545,13.359
2026-03-07 10:00:00,1.70008,1.35572,0.214194,1.48588,0.09275,0.054874,0.110512,14.416
2026-03-07 11:00:00,3.00608,2.69285,0.286291,2.71979,0.094979,0.06984,0.115162,16.219
2026-03-07 12:00:00,4.31208,4.02998,0.358388,3.9537,0.097207,0.084806,0.119812,18.022
2026-03-07 13:00:00,4.97297,3.45345,0.425229,4.54774,0.11884,0.106019,0.117557,20.785
2026-03-07 14:00:00,3.60167,2.73268,0.318906,3.28276,0.108907,0.08752,0.120431,15.516
2026-03-07 15:00:00,2.93256,2.22501,0.295796,2.63677,0.1082,0.070141,0.099399,12.373
2026-03-07 16:00:00,3.36754,2.86355,0.254009,3.11353,0.083599,0.070082,0.096659,14.221
2026-03-07 17:00:00,3.40036,2.43579,0.456723,2.94364,0.110815,0.076744,0.10578,17.461
2026-03-07 18:00:00,4.44611,3.47896,0.304778,4.14133,0.106033,0.106823,0.119426,16.741
2026-03-07 19:00:00,4.25329,3.05992,0.568388,3.68491,0.125531,0.090701,0.116009,19.775
2026-03-07 20:00:00,6.01919,4.06153,0.588211,5.43098,0.132743,0.152475,0.147824,26.906
2026-03-07 21:00:00,6.77033,5.09814,0.422763,6.34757,0.123725,0.178021,0.128799,27.171
2026-03-07 22:00:00,6.66168,4.70457,0.356983,6.30469,0.108912,0.188416,0.139729,24.038
2026-03-07 23:00:00,5.60148,6.01017,0.401266,5.20021,0.104997,0.177026,0.109959,17.451
2026-03-08 00:00:00,3.28923,4.54314,0.310932,2.9783,0.083908,0.091334,0.075807,13.372
2026-03-08 01:00:00,1.64856,2.53625,0.149797,1.49876,0.047593,0.050003,0.050385,5.609
2026-03-08 02:00:00,1.29334,1.15066,0.193087,1.10026,0.070192,0.05875,0.062835,7.349
2026-03-08 03:00:00,0.905943,0.548392,0.064167,0.841776,0.046526,0.042101,0.071039,4.952
2026-03-08 04:00:00,0.917086,0.625569,0.082343,0.834743,0.048841,0.041939,0.055893,7.87
2026-03-08 05:00:00,1.16127,1.09257,0.084936,1.07633,0.053281,0.042295,0.058975,7.46733
2026-03-08 06:00:00,1.40545,1.55957,0.087529,1.31792,0.057721,0.04265,0.062058,7.06467
2026-03-08 07:00:00,1.64963,2.02657,0.090122,1.55951,0.06216,0.043006,0.06514,6.662
2026-03-08 08:00:00,1.7244,1.59372,0.169552,1.55485,0.057323,0.045224,0.077663,7.54
2026-03-08 09:00:00,3.40763,2.28088,0.33652,3.07111,0.101543,0.066853,0.098245,12.516
2026-03-08 10:00:00,4.99963,3.68161,0.343363,4.65626,0.114618,0.118268,0.118013,18.439
2026-03-08 11:00:00,4.42461,2.69464,0.403753,4.02085,0.117326,0.102223,0.122274,19.666
2026-03-08 12:00:00,3.82323,2.93643,0.331949,3.49128,0.101649,0.088094,0.116676,15.379
2026-03-08 13:00:00,2.76445,2.02375,0.292739,2.47171,0.098469,0.076691,0.108813,16.765
2026-03-08 14:00:00,3.63641,2.55008,0.309602,3.32681,0.095276,0.083642,0.112912,15.659
2026-03-08 15:00:00,3.66651,1.82414,0.588805,3.07771,0.122826,0.082509,0.115876,17.392
2026-03-08 16:00:00,3.70157,1.90802,0.365164,3.3364,0.12561,0.096287,0.113388,20.339
2026-03-08 17:00:00,4.27422,2.13072,0.469131,3.80509,0.135737,0.109431,0.128788,20.557
2026-03-08 18:00:00,5.28617,2.51483,0.632558,4.65362,0.130183,0.116116,0.137366,22.499
2026-03-08 19:00:00,4.55628,2.47087,0.387374,4.16891,0.132689,0.107337,0.124838,20.143
2026-03-08 20:00:00,6.13984,3.15835,0.609898,5.52994,0.157079,0.134583,0.123298,25.787
2026-03-08 21:00:00,4.73761,2.56642,0.456246,4.28137,0.116246,0.107151,0.113741,20.733
2026-03-08 22:00:00,5.82983,4.71669,0.762308,5.06752,0.170818,0.113504,0.09919,20.604
2026-03-08 23:00:00,8.51322,9.71829,0.882793,7.63042,0.140143,0.170091,0.123296,25.445
2026-03-09 00:00:00,4.2439,6.58991,0.224877,4.01903,0.066729,0.08272,0.065773,10.819
2026-03-09 01:00:00,2.71556,5.10443,0.098113,2.61744,0.043046,0.045587,0.048699,5.471
2026-03-09 02:00:00,1.11458,0.747037,0.061436,1.05314,0.048499,0.039429,0.05688,4.299
2026-03-09 03:00:00,0.422369,0.20132,0.073839,0.34853,0.0529,0.030653,0.061825,2.279
2026-03-09 04:00:00,0.314723,0.17012,0.01987,0.294853,0.037117,0.027736,0.05425,1.766
2026-03-09 05:00:00,0.312808,0.309099,0.024021,0.288787,0.02253,0.012357,0.040963,2.631
2026-03-09 06:00:00,0.901412,1.07311,0.067429,0.833983,0.035189,0.017395,0.060746,5.123
2026-03-09 07:00:00,1.72587,1.93483,0.152391,1.57348,0.058335,0.040092,0.083148,7.322
2026-03-09 08:00:00,2.07097,2.33744,0.162456,1.90852,0.068625,0.058878,0.094556,10.182
2026-03-09 09:00:00,2.91567,2.60328,0.290416,2.62525,0.089784,0.065544,0.096118,11.688
2026-03-09 10:00:00,2.38078,2.7878,0.240741,2.14004,0.078849,0.049276,0.095922,11.204
2026-03-09 11:00:00,4.70191,3.87947,0.971371,3.73054,0.096043,0.079934,0.115397,16.01
2026-03-09 12:00:00,2.89966,2.22366,0.246457,2.6532,0.092219,0.062956,0.105432,12.893
2026-03-09 13:00:00,3.42143,2.70682,0.338309,3.08312,0.081775,0.065626,0.107046,12.323
2026-03-09 14:00:00,2.80476,2.32182,0.232062,2.5727,0.084955,0.065404,0.105202,14.624
2026-03-09 15:00:00,1.5185,1.16988,0.168555,1.34994,0.064785,0.051327,0.097153,9.625
2026-03-09 16:00:00,4.2821,3.82331,0.607534,3.67457,0.095404,0.087954,0.101853,15.573
2026-03-09 17:00:00,2.68571,2.02848,0.273152,2.41256,0.086026,0.064441,0.100513,14.84
2026-03-09 18:00:00,4.02699,2.39702,0.332813,3.69417,0.111763,0.092983,0.111159,19.025
2026-03-09 19:00:00,4.57623,2.79038,0.453286,4.12294,0.140425,0.128234,0.153549,19.952
2026-03-09 20:00:00,6.00865,3.09405,0.8871,5.12155,0.164981,0.129262,0.140535,26.194
2026-03-09 21:00:00,4.73726,3.01352,0.332521,4.40474,0.123185,0.115593,0.128302,22.474
2026-03-09 22:00:00,4.04625,2.53207,0.443031,3.60322,0.112998,0.11086,0.102643,17.479
2026-03-09 23:00:00,4.62557,4.59798,0.788094,3.83747,0.116444,0.093509,0.101507,16.565
2026-03-10 00:00:00,3.04008,3.29013,0.340353,2.69973,0.077144,0.077761,0.070064,10.167
2026-03-10 01:00:00,1.41576,1.71816,0.140333,1.27543,0.06023,0.041489,0.057287,7.865
2026-03-10 02:00:00,0.815133,0.532766,0.040862,0.774271,0.044222,0.031731,0.056115,4.889
2026-03-10 03:00:00,0.63398,0.335084,0.019236,0.614744,0.033974,0.038929,0.056922,2.954
2026-03-10 04:00:00,0.637962,0.33158,0.027126,0.610836,0.046756,0.032845,0.063209,2.672
2026-03-10 05:00:00,0.351817,0.259835,0.026654,0.325163,0.024764,0.012488,0.046303,2.407
2026-03-10 06:00:00,1.79725,2.71488,0.071649,1.7256,0.041361,0.039002,0.070662,5.53
2026-03-10 07:00:00,2.10901,1.93133,0.270042,1.83897,0.0757,0.054059,0.090117,8.793
2026-03-10 08:00:00,5.06245,5.24063,0.460414,4.60203,0.107151,0.084112,0.105637,15.147
2026-03-10 09:00:00,3.59735,3.65338,0.321374,3.27598,0.087967,0.066746,0.101082,12.522
2026-03-10 10:00:00,2.13225,2.06614,0.182334,1.94992,0.068783,0.049381,0.096528,9.897
2026-03-10 11:00:00,4.81702,2.99939,0.337505,4.47952,0.076636,0.075477,0.119003,12.949
2026-03-10 12:00:00,2.29564,2.98136,0.17156,2.12408,0.067463,0.04951,0.094219,10.428
2026-03-10 13:00:00,2.98209,3.55857,0.241528,2.74056,0.076061,0.058156,0.103115,11.066
2026-03-10 14:00:00,2.53763,2.91012,0.360906,2.17672,0.068148,0.051759,0.097256,10.925
2026-03-10 15:00:00,2.28883,2.03632,0.227646,2.06118,0.072774,0.060667,0.130174,13.512
2026-03-10 16:00:00,3.2719,2.44028,0.316198,2.95571,0.098936,0.078648,0.124549,16.3045
2026-03-10 17:00:00,4.25498,2.84424,0.40475,3.85023,0.125099,0.096628,0.118924,19.097
2026-03-10 18:00:00,6.04366,4.10575,0.906272,5.13739,0.127923,0.139919,0.148557,22.842
2026-03-10 19:00:00,4.96243,3.00753,0.552189,4.41024,0.142836,0.111231,0.15603,25.468
2026-03-10 20:00:00,4.38123,2.91305,0.53289,3.84834,0.139062,0.136257,0.138376,21.219
2026-03-10 21:00:00,4.88523,3.23097,0.564965,4.32027,0.135229,0.124063,0.121274,22.423
2026-03-10 22:00:00,3.44409,3.71931,0.493869,2.95022,0.13348,0.08821,0.110047,16.777
2026-03-10 23:00:00,7.37661,7.26045,0.41346,6.96315,0.104035,0.125184,0.098693,15.67
2026-03-11 00:00:00,2.06823,2.73575,0.162388,1.90584,0.063661,0.051543,0.068223,9.683
2026-03-11 01:00:00,3.14268,4.30503,0.108843,3.03383,0.045982,0.056283,0.053748,7.242
2026-03-11 02:00:00,2.0568,1.11419,0.094548,1.96226,0.060142,0.054939,0.064574,6.616
2026-03-11 03:00:00,1.77629,0.808874,0.063161,1.71313,0.063836,0.065717,0.066729,5.03
2026-03-11 04:00:00,0.665534,0.319048,0.041859,0.623675,0.04683,0.030165,0.053937,3.481
2026-03-11 05:00:00,0.493873,0.368563,0.044318,0.449555,0.029881,0.016188,0.047971,3.809
2026-03-11 06:00:00,0.854844,0.841381,0.120193,0.734651,0.04815,0.025409,0.060025,6.955
2026-03-11 07:00:00,2.45126,2.02919,0.170679,2.28058,0.066353,0.052065,0.088733,10.046
2026-03-11 08:00:00,2.504,2.37122,0.173679,2.33033,0.091151,0.072432,0.106271,10.573
2026-03-11 09:00:00,2.77334,2.77334,0.292002,2.48134,0.075471,0.057082,0.09902,9.54
2026-03-11 10:00:00,3.99607,3.319,0.233365,3.76271,0.086307,0.082034,0.135243,14.03
2026-03-11 11:00:00,4.13493,2.79387,0.252436,3.88249,0.086351,0.078796,0.116212,12.177
2026-03-11 12:00:00,5.87832,3.66936,0.226653,5.65166,0.0736,0.101845,0.112456,14.612
2026-03-11 13:00:00,6.10564,4.61151,0.365358,5.74028,0.093396,0.12222,0.10375,15.84
2026-03-11 14:00:00,5.1332,3.83647,0.214087,4.91911,0.092291,0.11516,0.114009,15.891
2026-03-11 15:00:00,4.27169,3.75368,0.34482,3.92687,0.094452,0.089292,0.142614,18.241
2026-03-11 16:00:00,3.87214,3.2539,0.34313,3.52901,0.098321,0.079336,0.117811,14.697
2026-03-11 17:00:00,4.38706,2.74191,0.431688,3.95537,0.114321,0.097807,0.141159,22.175
2026-03-11 18:00:00,3.8203,2.25786,0.573572,3.24673,0.120289,0.09333,0.119919,20.054
2026-03-11 19:00:00,3.76275,2.58431,0.368,3.39475,0.159901,0.121312,0.115796,18.015
2026-03-11 20:00:00,3.79494,2.55724,0.409812,3.38513,0.149113,0.127428,0.130009,19.102
2026-03-11 21:00:00,5.25367,4.09164,0.499917,4.75375,0.137067,0.145216,0.135189,28.953
2026-03-11 22:00:00,9.0128,9.23442,0.494787,8.51801,0.115214,0.167304,0.136009,24.552
2026-03-11 23:00:00,13.0644,13.752,0.635028,12.4294,0.138263,0.175832,0.107881,18.848
2026-03-12 00:00:00,3.27582,3.32908,0.223984,3.05183,0.073911,0.075551,0.073766,11.451
2026-03-12 01:00:00,3.01049,3.08452,0.138429,2.87206,0.054999,0.080439,0.067767,8.639
2026-03-12 02:00:00,2.67942,2.0803,0.090073,2.58935,0.055703,0.06781,0.066256,8.747
2026-03-12 03:00:00,2.26596,1.45814,0.103426,2.16253,0.054896,0.052186,0.063733,6.854
2026-03-12 04:00:00,0.729833,0.498521,0.04019,0.689643,0.060421,0.026389,0.06226,5.545
2026-03-12 05:00:00,0.45454,0.355109,0.026328,0.428212,0.029667,0.012116,0.049417,4.061
2026-03-12 06:00:00,1.35574,1.71179,0.181081,1.17466,0.049423,0.030287,0.071411,4.521
2026-03-12 07:00:00,2.42711,2.41263,0.163691,2.26342,0.068447,0.052286,0.085924,10.069
2026-03-12 08:00:00,2.36609,2.34731,0.268401,2.09769,0.086469,0.062213,0.131726,15.444
2026-03-12 09:00:00,2.28614,2.13658,0.171375,2.11476,0.068584,0.050855,0.119805,13.007
2026-03-12 10:00:00,2.35687,1.8413,0.2073,2.14957,0.070901,0.051525,0.104254,11.939
2026-03-12 11:00:00,2.82959,2.2457,0.343427,2.48616,0.0853,0.062449,0.103459,11.981
2026-03-12 12:00:00,2.74968,3.0084,0.500256,2.24943,0.108854,0.056332,0.094805,11.304
2026-03-12 13:00:00,2.25196,2.08129,0.206157,2.0458,0.073364,0.051481,0.108786,12.357
2026-03-12 14:00:00,2.02217,2.30316,0.175535,1.84664,0.073891,0.046201,0.126368,13.206
2026-03-12 15:00:00,3.76221,3.04386,0.157513,3.6047,0.06901,0.060235,0.109739,10.288
2026-03-12 16:00:00,3.92312,3.21567,0.233344,3.68977,0.090587,0.07548,0.116648,18.036
2026-03-12 17:00:00,4.40505,2.63776,0.625752,3.7793,0.109831,0.106122,0.149039,22.21
2026-03-12 18:00:00,5.13838,3.00139,0.754732,4.38365,0.128635,0.129266,0.149079,22.086
2026-03-12 19:00:00,3.73222,2.53203,0.301706,3.43051,0.11352,0.113496,0.157742,19.517
2026-03-12 20:00:00,3.30777,1.88585,0.424368,2.88341,0.127557,0.114269,0.135393,17.028
2026-03-12 21:00:00,4.33496,2.62407,0.733038,3.60193,0.122989,0.11138,0.141075,23.33
2026-03-12 22:00:00,4.68622,3.25432,0.378797,4.30743,0.114981,0.111774,0.133553,23.302
2026-03-12 23:00:00,5.95233,4.15086,0.740855,5.21148,0.128887,0.135783,0.112028,19.464
2026-03-13 00:00:00,2.77392,2.51261,0.165205,2.60872,0.069396,0.085038,0.072155,11.308
2026-03-13 01:00:00,2.25493,2.2238,0.087938,2.16699,0.05224,0.047769,0.060189,8.641
2026-03-13 02:00:00,0.514486,0.283621,0.050267,0.464219,0.047401,0.018978,0.054207,5.632
2026-03-13 03:00:00,0.341343,0.161774,0.031909,0.309434,0.050601,0.022709,0.055601,3.949
2026-03-13 04:00:00,0.174605,0.091129,0.020565,0.15404,0.054752,0.02994,0.057245,3.124
2026-03-13 05:00:00,0.899594,0.593399,0.049518,0.850076,0.036949,0.027653,0.048776,4.607
2026-03-13 06:00:00,0.621547,0.478849,0.06388,0.557667,0.038628,0.017018,0.058993,2.897
2026-03-13 07:00:00,2.38222,1.39311,0.140676,2.24154,0.067253,0.051209,0.08615,8.886
2026-03-13 08:00:00,3.32039,2.05979,0.251433,3.06896,0.078703,0.065768,0.098545,14.276
2026-03-13 09:00:00,2.84402,1.76648,0.189402,2.65462,0.09063,0.064839,0.101715,12.112
2026-03-13 10:00:00,2.1417,1.26728,0.187001,1.9547,0.080648,0.060758,0.111458,12.306
2026-03-13 11:00:00,2.15941,1.20368,0.220341,1.93907,0.07773,0.06329,0.108819,12.169
2026-03-13 12:00:00,3.64324,2.43532,0.384114,3.25913,0.106483,0.114213,0.127365,15.452
2026-03-13 13:00:00,2.95243,2.86088,0.447656,2.50478,0.074371,0.073795,0.100995,13.284
2026-03-13 14:00:00,1.59292,1.31213,0.258553,1.33437,0.089042,0.054923,0.109833,14.218
2026-03-13 15:00:00,1.29888,0.950867,0.209357,1.08953,0.075518,0.051487,0.092667,10.806
2026-03-13 16:00:00,2.87594,2.18869,0.345635,2.5303,0.094646,0.070157,0.113377,14.871
2026-03-13 17:00:00,4.15091,2.45907,0.351573,3.79934,0.116413,0.107287,0.120373,19.522
2026-03-13 18:00:00,7.27009,3.17194,1.0155,6.25459,0.166441,0.178363,0.144911,33.122
2026-03-13 19:00:00,5.27416,2.19027,0.66457,4.60959,0.138741,0.146824,0.13873,26.063
2026-03-13 20:00:00,5.34186,3.16086,0.444398,4.89746,0.126964,0.197989,0.156959,25.986
2026-03-13 21:00:00,7.2306,4.33489,0.635541,6.59506,0.139784,0.177599,0.125544,27.458
2026-03-13 22:00:00,4.97149,4.04186,0.42965,4.54184,0.127384,0.12475,0.123989,19.037
2026-03-13 23:00:00,5.33441,6.38088,0.687488,4.64692,0.134434,0.145003,0.118043,21.943
2026-03-14 00:00:00,4.46749,5.55658,0.352653,4.11484,0.098254,0.108174,0.076453,17.054
2026-03-14 01:00:00,4.23495,6.98837,0.15505,4.0799,0.068569,0.068704,0.065312,11.347
2026-03-14 02:00:00,2.796,2.47433,0.082982,2.71302,0.049843,0.059135,0.065712,7.873
2026-03-14 03:00:00,0.861316,0.509052,0.081164,0.780152,0.04285,0.051107,0.051462,3.23
2026-03-14 04:00:00,0.703467,0.495399,0.040985,0.662482,0.035295,0.022742,0.048366,3.348
2026-03-14 05:00:00,0.977443,1.11326,0.036393,0.94105,0.033615,0.020258,0.052165,4.233
2026-03-14 06:00:00,0.929239,1.32748,0.07417,0.855069,0.036489,0.023671,0.052198,3.676
2026-03-14 07:00:00,3.11939,2.76541,0.187843,2.93154,0.067014,0.054648,0.082721,7.135
2026-03-14 08:00:00,4.63514,3.18348,0.275015,4.36013,0.086849,0.089838,0.1087,13.873
2026-03-14 09:00:00,2.93167,2.6129,0.20365,2.72802,0.081226,0.113319,0.123165,12.172
2026-03-14 10:00:00,3.1273,2.02545,0.261754,2.86554,0.099675,0.090476,0.131635,16.494
2026-03-14 11:00:00,4.4509,2.73733,0.434949,4.01595,0.109326,0.094328,0.115036,18.093
2026-03-14 12:00:00,3.08945,2.29188,0.319941,2.76951,0.096646,0.067785,0.102083,16.618
2026-03-14 13:00:00,3.03811,2.32628,0.246468,2.79165,0.092908,0.076759,0.112705,15.216
2026-03-14 14:00:00,3.07721,2.56434,0.448723,2.62848,0.108357,0.097545,0.112136,16.386
2026-03-14 15:00:00,4.59905,3.32782,0.390378,4.20867,0.109029,0.125851,0.119761,22.871
2026-03-14 16:00:00,3.69828,2.653,0.32215,3.37613,0.102963,0.107876,0.116483,20.056
2026-03-14 17:00:00,4.23246,2.48384,0.622081,3.61038,0.11333,0.116637,0.113441,18.82
2026-03-14 18:00:00,5.28408,3.43568,0.535128,4.74895,0.120706,0.122432,0.125306,21.484
2026-03-14 19:00:00,3.9965,3.39838,0.429027,3.56747,0.108817,0.103034,0.110957,14.972
2026-03-14 20:00:00,4.81586,3.58323,0.47979,4.33607,0.12447,0.113078,0.12302,20.208
2026-03-14 21:00:00,8.4489,6.41039,0.448378,8.00052,0.136807,0.178824,0.151387,31.451
2026-03-14 22:00:00,7.83305,6.32718,0.493765,7.33928,0.137727,0.209857,0.137781,27.365
2026-03-14 23:00:00,10.3659,12.0254,0.79681,9.56912,0.133394,0.178587,0.105902,25.84
2026-03-15 00:00:00,4.46463,5.53925,0.308484,4.15615,0.085617,0.112741,0.075683,20.333
2026-03-15 01:00:00,2.93121,3.04068,0.14037,2.79084,0.064485,0.074293,0.063138,10.939
2026-03-15 02:00:00,1.07831,0.612674,0.066895,1.01141,0.056592,0.042219,0.073279,6.218
2026-03-15 03:00:00,0.572675,0.318861,0.053636,0.519039,0.039101,0.020175,0.054124,5.462
2026-03-15 04:00:00,1.13656,0.637085,0.049921,1.08664,0.04125,0.034115,0.049738,6.322
2026-03-15 05:00:00,1.28581,1.02211,0.047659,1.23815,0.026903,0.021695,0.046312,4.541
2026-03-15 06:00:00,0.690348,0.756961,0.05983,0.630518,0.032777,0.0175,0.049427,4.901
2026-03-15 07:00:00,1.97406,2.10904,0.137669,1.83639,0.055243,0.048339,0.07678,7.759
2026-03-15 08:00:00,2.96898,2.39821,0.243624,2.72536,0.075109,0.0603,0.090497,11.313
2026-03-15 09:00:00,2.49354,1.87203,0.212435,2.2811,0.083225,0.080695,0.106854,10.185
2026-03-15 10:00:00,6.08276,3.88923,0.303751,5.77901,0.108173,0.123443,0.116593,17.975
2026-03-15 11:00:00,4.70263,2.73091,0.635328,4.0673,0.108119,0.093208,0.108618,20.071
2026-03-15 12:00:00,2.75901,2.29918,0.245599,2.51341,0.100677,0.065391,0.099346,13.902
2026-03-15 13:00:00,4.83384,3.27496,0.433559,4.40028,0.116882,0.10474,0.115773,18.086
2026-03-15 14:00:00,5.44704,3.29724,1.02871,4.41833,0.170055,0.122612,0.130669,21.819
2026-03-15 15:00:00,4.08337,2.34138,0.691958,3.39141,0.144992,0.096067,0.137867,17.443
2026-03-15 16:00:00,2.54072,1.92771,0.20692,2.3338,0.096069,0.082924,0.113009,15.674
2026-03-15 17:00:00,6.31112,3.22654,1.03505,5.27607,0.168246,0.131561,0.138117,23.678
2026-03-15 18:00:00,4.8286,2.61855,0.651166,4.17743,0.144158,0.133523,0.124351,21.031
2026-03-15 19:00:00,5.55416,3.67338,0.404148,5.15001,0.118366,0.137502,0.148003,25.913
2026-03-15 20:00:00,4.79937,3.16581,0.37188,4.42749,0.113906,0.106729,0.137433,24.153
2026-03-15 21:00:00,3.88791,3.07102,0.57142,3.31649,0.120711,0.131261,0.1206,25.371
2026-03-15 22:00:00,4.41953,2.87356,0.604438,3.81509,0.12919,0.117523,0.10859,19.551
2026-03-15 23:00:00,4.12881,3.59652,0.768501,3.36031,0.150852,0.104895,0.100361,13.643
2026-03-16 00:00:00,3.09489,2.68654,0.19018,2.90471,0.074736,0.070678,0.082767,11.107
2026-03-16 01:00:00,3.08711,3.76476,0.256306,2.8308,0.059962,0.05711,0.077649,8.422
2026-03-16 02:00:00,7.95882,5.43635,0.175101,7.78372,0.059426,0.131448,0.074761,8.997
2026-03-16 03:00:00,0.835211,0.454908,0.035017,0.800194,0.044987,0.038814,0.059338,3.523
2026-03-16 04:00:00,1.65808,0.799461,0.06684,1.59124,0.058844,0.049874,0.065982,4.857
2026-03-16 05:00:00,0.844415,0.536477,0.044599,0.799816,0.028425,0.020584,0.044718,3.812
2026-03-16 06:00:00,0.982957,0.862243,0.063885,0.919072,0.034816,0.025018,0.055717,4.236
2026-03-16 07:00:00,1.48471,1.27334,0.138227,1.34648,0.056104,0.041794,0.078864,8.275
2026-03-16 08:00:00,4.63769,3.96383,0.394193,4.24349,0.083663,0.089163,0.120695,17.733
2026-03-16 09:00:00,1.73038,1.27047,0.158962,1.57142,0.074271,0.054563,0.116729,13.147
2026-03-16 10:00:00,3.8441,2.57648,0.220139,3.62396,0.083173,0.087367,0.117531,15.022
2026-03-16 11:00:00,4.07336,2.10837,0.726599,3.34676,0.148384,0.074516,0.109417,15.217
2026-03-16 12:00:00,3.7887,2.57384,0.263628,3.52507,0.082951,0.068742,0.108795,13.551
2026-03-16 13:00:00,2.09251,1.78542,0.210846,1.88167,0.086175,0.060773,0.114383,10.814
2026-03-16 14:00:00,3.28918,2.75015,0.732539,2.55664,0.125281,0.062901,0.098904,11.561
2026-03-16 15:00:00,2.6259,2.14534,0.203046,2.42286,0.081973,0.063262,0.105371,13.307
2026-03-16 16:00:00,4.76978,3.51754,0.267782,4.50199,0.092947,0.085573,0.118912,14.931
2026-03-16 17:00:00,5.62878,3.95279,0.522282,5.1065,0.116932,0.11286,0.127313,19.228
2026-03-16 18:00:00,4.83481,3.60269,0.444871,4.38994,0.11593,0.109111,0.134329,24.138
2026-03-16 19:00:00,5.52646,4.27745,0.750775,4.77569,0.152551,0.14238,0.155345,25.03
2026-03-16 20:00:00,6.19682,4.1478,0.564282,5.63253,0.145212,0.157132,0.14114,27.923
2026-03-16 21:00:00,4.9622,3.35284,0.794548,4.16765,0.138179,0.126108,0.13539,25.108
2026-03-16 22:00:00,5.01756,4.1813,0.761005,4.25655,0.128893,0.108941,0.122225,20.852
2026-03-16 23:00:00,5.70186,4.84852,1.1562,4.54566,0.143378,0.131714,0.102499,17.95
2026-03-17 00:00:00,3.54598,3.99322,0.16558,3.3804,0.065604,0.08491,0.085985,8.647
2026-03-17 01:00:00,2.40502,2.3765,0.082415,2.3226,0.042501,0.050937,0.055472,5.855
2026-03-17 02:00:00,1.36383,0.856675,0.047566,1.31626,0.049771,0.041605,0.059419,6.244
2026-03-17 03:00:00,1.54342,0.619846,0.053934,1.48948,0.041403,0.029754,0.052606,4.257
2026-03-17 04:00:00,0.751811,0.325741,0.060173,0.691638,0.048243,0.022298,0.056216,4.761
2026-03-17 05:00:00,0.97975,0.7838,0.038833,0.940917,0.026814,0.019864,0.043845,2.912
2026-03-17 06:00:00,2.16234,3.91728,0.101886,2.06045,0.048015,0.041406,0.063818,6.562
2026-03-17 07:00:00,2.27082,1.8892,0.147537,2.12328,0.059547,0.044468,0.0797,6.899
2026-03-17 08:00:00,2.81162,2.43219,0.195052,2.61656,0.082349,0.066223,0.100064,12.061
2026-03-17 09:00:00,1.69135,1.18942,0.135956,1.5554,0.073629,0.05587,0.098036,9.662
2026-03-17 10:00:00,3.02419,2.19145,0.270724,2.75347,0.084022,0.067475,0.097633,11.086
2026-03-17 11:00:00,4.51576,3.01856,0.353834,4.16192,0.103496,0.082453,0.122268,19.395
2026-03-17 12:00:00,3.60008,3.0101,0.272953,3.32712,0.088029,0.06645,0.098625,14.881
2026-03-17 13:00:00,2.49398,2.23475,0.208507,2.28547,0.076572,0.055742,0.096472,12.413
2026-03-17 14:00:00,2.11882,1.5979,0.180389,1.93843,0.078545,0.053265,0.099073,11.754
2026-03-17 15:00:00,2.15008,1.89268,0.190542,1.95954,0.085635,0.059833,0.102916,13.117
2026-03-17 16:00:00,2.74974,1.89116,0.224097,2.52565,0.087883,0.08318,0.107415,13.353
2026-03-17 17:00:00,4.80912,2.6222,0.488655,4.32047,0.127129,0.108432,0.129231,18.921
2026-03-17 18:00:00,4.94691,3.12305,0.843719,4.10319,0.135404,0.116548,0.115142,18.607
2026-03-17 19:00:00,5.5659,4.0158,0.459414,5.10649,0.120898,0.132986,0.14102,22.635
2026-03-17 20:00:00,12.8044,8.66333,0.861982,11.9424,0.15983,0.223213,0.147075,32.619
2026-03-17 21:00:00,6.94658,4.58218,0.82206,6.12452,0.16482,0.179254,0.131203,31.021
2026-03-17 22:00:00,6.9839,5.25106,0.570628,6.41328,0.134463,0.163549,0.138178,32.784
2026-03-17 23:00:00,9.49081,11.2986,0.344772,9.14604,0.09689,0.149308,0.116877,19.518
2026-03-18 00:00:00,7.38942,6.58594,0.644049,6.74537,0.110421,0.123331,0.093315,19.304
2026-03-18 01:00:00,7.64558,6.4793,0.269885,7.37569,0.079843,0.115937,0.076347,12.805
2026-03-18 02:00:00,2.35623,1.39093,0.067886,2.28835,0.050106,0.075771,0.060968,5.473
2026-03-18 03:00:00,1.28758,0.685612,0.04269,1.24489,0.039166,0.033065,0.052597,4.119
2026-03-18 04:00:00,1.02961,0.586995,0.042844,0.986762,0.032305,0.024284,0.047621,3.6295
2026-03-18 05:00:00,0.771635,0.488378,0.042999,0.728636,0.025443,0.015503,0.042645,3.14
2026-03-18 06:00:00,1.94827,1.66804,0.248022,1.70025,0.056721,0.035151,0.069829,7.316
2026-03-18 07:00:00,2.58794,1.81228,0.209879,2.37806,0.068488,0.05911,0.095367,8.428
2026-03-18 08:00:00,2.66851,1.93091,0.261884,2.40663,0.086979,0.065639,0.103113,14.141
2026-03-18 09:00:00,4.93583,4.09272,0.284613,4.65121,0.093596,0.0966,0.122867,16.75
2026-03-18 10:00:00,3.13054,2.22655,0.213458,2.91708,0.091938,0.075152,0.107745,14.802
2026-03-18 11:00:00,3.18227,2.19467,0.263045,2.91923,0.084066,0.0685,0.109419,13.93
2026-03-18 12:00:00,2.65726,2.00699,0.240699,2.41656,0.105388,0.071203,0.100177,13.207
2026-03-18 13:00:00,2.90386,2.48194,0.297699,2.60616,0.103931,0.076571,0.110319,12.906
2026-03-18 14:00:00,2.93552,2.00788,0.212646,2.72288,0.079787,0.062958,0.107722,13.061
2026-03-18 15:00:00,2.90417,2.84165,0.348973,2.5552,0.090629,0.069669,0.1114,15.801
2026-03-18 16:00:00,3.74462,3.02473,0.415638,3.32898,0.107141,0.077944,0.110292,18.248
2026-03-18 17:00:00,2.66391,1.52572,0.444027,2.21989,0.106423,0.077799,0.115067,15.554
2026-03-18 18:00:00,5.4989,2.69819,0.463805,5.0351,0.129729,0.12304,0.124835,20.287
2026-03-18 19:00:00,11.809,6.70967,1.13323,10.6758,0.165501,0.185223,0.134911,25.432
2026-03-18 20:00:00,6.93297,4.76821,2.32749,4.60548,0.272642,0.14951,0.156071,30.616
2026-03-18 21:00:00,6.09673,3.69947,0.786094,5.31064,0.171925,0.167409,0.16367,32.081
2026-03-18 22:00:00,6.91706,5.00511,0.661829,6.25523,0.141621,0.147159,0.12049,29.49
2026-03-18 23:00:00,5.08559,4.2808,0.569191,4.5164,0.139435,0.12564,0.097469,17.36
2026-03-19 00:00:00,11.5298,10.8977,0.293674,11.2361,0.085263,0.141827,0.08599,12.107
2026-03-19 01:00:00,2.58207,2.48754,0.116008,2.46606,0.056635,0.075857,0.069449,10.287
2026-03-19 02:00:00,1.91982,1.12931,0.062588,1.85724,0.055037,0.050726,0.06397,8.185
2026-03-19 03:00:00,5.68525,3.1868,0.143387,5.54186,0.066521,0.060731,0.060514,8.98
2026-03-19 04:00:00,0.862983,0.460503,0.053466,0.809517,0.048514,0.025509,0.057548,5.039
2026-03-19 05:00:00,1.15213,0.701665,0.052378,1.09976,0.034828,0.020537,0.048119,4.915
2026-03-19 06:00:00,1.03466,0.942312,0.084888,0.94977,0.034499,0.02515,0.056773,4.544
2026-03-19 07:00:00,1.63407,1.48551,0.171567,1.4625,0.064226,0.051976,0.081605,7.439
2026-03-19 08:00:00,3.11297,2.62477,0.293815,2.81916,0.097377,0.078374,0.099183,12.745
2026-03-19 09:00:00,3.56181,3.00322,0.267399,3.29441,0.086057,0.076959,0.097316,10.628
2026-03-19 10:00:00,7.38011,6.181,0.28367,7.09644,0.096913,0.101079,0.11057,16.411
2026-03-19 11:00:00,3.86288,2.61713,0.265715,3.59717,0.096457,0.092995,0.104688,15.553
2026-03-19 12:00:00,2.02737,1.49954,0.22654,1.80083,0.079877,0.056912,0.10148,12.091
2026-03-19 13:00:00,2.39205,1.80125,0.308883,2.08317,0.100942,0.062391,0.099556,12.789
2026-03-19 14:00:00,3.42047,2.87919,0.212796,3.20768,0.07736,0.078302,0.102147,10.936
2026-03-19 15:00:00,2.7638,2.15922,0.427147,2.33665,0.109643,0.082071,0.108547,14.976
2026-03-19 16:00:00,2.83979,2.14162,0.555025,2.28476,0.095533,0.069868,0.097982,12.51
2026-03-19 17:00:00,4.57014,2.84212,0.548308,4.02183,0.127412,0.096724,0.117567,18.632
2026-03-19 18:00:00,5.68583,3.32504,0.780463,4.90536,0.143032,0.123154,0.133189,23.681
2026-03-19 19:00:00,3.0316,1.8418,0.310259,2.72134,0.109219,0.095606,0.109905,15.666
2026-03-19 20:00:00,5.33179,3.35333,0.523904,4.80789,0.138908,0.136672,0.141205,22.776
2026-03-19 21:00:00,5.57676,4.04699,1.08525,4.49151,0.158988,0.132309,0.127828,22.073
2026-03-19 22:00:00,12.2838,11.7661,0.806136,11.4777,0.139057,0.191974,0.134075,23.873
2026-03-19 23:00:00,7.19866,7.74049,0.701302,6.49735,0.139139,0.113196,0.082472,17.138
2026-03-20 00:00:00,5.24311,6.52129,0.261454,4.98166,0.076433,0.092057,0.080765,13.279
2026-03-20 01:00:00,2.98388,3.39078,0.109553,2.87433,0.056677,0.072823,0.061105,6.262
2026-03-20 02:00:00,1.8652,2.48693,0.086884,1.77832,0.05081,0.046444,0.058039,4.845
2026-03-20 03:00:00,0.369292,0.444931,0.020102,0.34919,0.030315,0.013963,0.048855,1.654
2026-03-20 04:00:00,0.186898,0.286655,0.02105,0.165848,0.016561,0.008845,0.036586,1.626
2026-03-20 05:00:00,0.991234,1.41605,0.042113,0.949121,0.020544,0.018188,0.039641,2.27
2026-03-20 06:00:00,2.15674,2.53139,0.121344,2.0354,0.047935,0.037343,0.06862,6.641
2026-03-20 07:00:00,2.33405,1.7709,0.1416,2.19245,0.067288,0.058379,0.089499,9.731
2026-03-20 08:00:00,2.88307,2.16122,0.290127,2.59294,0.089707,0.068394,0.101926,13.034
2026-03-20 09:00:00,1.85353,1.64612,0.165437,1.68809,0.080352,0.064869,0.098914,11.72
2026-03-20 10:00:00,4.70131,4.337,0.302255,4.39905,0.089016,0.088446,0.104668,15.293
2026-03-20 11:00:00,1.90808,1.29625,0.326499,1.58158,0.096403,0.058596,0.105173,12.586
2026-03-20 12:00:00,1.51235,1.16156,0.223126,1.28923,0.080427,0.051497,0.09515,9.857
2026-03-20 13:00:00,2.4077,2.37446,0.332499,2.0752,0.094622,0.060838,0.108091,14.523
2026-03-20 14:00:00,2.69372,2.59511,0.359127,2.3346,0.076607,0.066022,0.104464,10.574
2026-03-20 15:00:00,2.2484,1.84598,0.173323,2.07508,0.077963,0.059948,0.097771,11.005
2026-03-20 16:00:00,2.99114,1.81943,0.368346,2.62279,0.097743,0.080815,0.111137,14.772
2026-03-20 17:00:00,4.77764,2.85062,0.639251,4.13839,0.124118,0.117538,0.131305,22.182
2026-03-20 18:00:00,3.8939,1.8247,0.43232,3.46158,0.118293,0.108596,0.118559,19.678
2026-03-20 19:00:00,4.65548,2.63916,0.613017,4.04246,0.154918,0.119008,0.133571,26.407
2026-03-20 20:00:00,5.59767,2.73859,0.711664,4.886,0.121672,0.132497,0.138848,29.036
2026-03-20 21:00:00,6.73732,3.73052,0.721895,6.01543,0.137344,0.142021,0.145517,33.24
2026-03-20 22:00:00,7.78587,4.82396,0.997003,6.78887,0.154986,0.163697,0.129314,34.314
2026-03-20 23:00:00,6.67585,6.33383,0.585139,6.09072,0.134916,0.152445,0.106207,29.609
2026-03-21 00:00:00,3.39904,2.78154,0.205131,3.19391,0.09144,0.098692,0.093646,16.372
2026-03-21 01:00:00,5.48784,4.78869,0.177967,5.30987,0.058995,0.094277,0.074489,8.529
2026-03-21 02:00:00,3.20456,1.42806,0.102384,3.10217,0.058083,0.091906,0.098891,10.044
2026-03-21 03:00:00,1.95322,0.690185,0.051606,1.90162,0.047512,0.041805,0.088682,7.468
2026-03-21 04:00:00,1.43957,0.67019,0.068183,1.37139,0.050338,0.045718,0.074754,4.892
2026-03-21 05:00:00,2.30782,1.74835,0.089911,2.21791,0.035637,0.039044,0.049223,4.994
2026-03-21 06:00:00,1.53866,1.69084,0.091931,1.44673,0.036932,0.021864,0.052661,5.122
2026-03-21 07:00:00,2.8092,3.18504,0.122969,2.68624,0.058387,0.066899,0.080677,8.482
2026-03-21 08:00:00,3.91437,3.37446,0.276186,3.63818,0.102151,0.10727,0.108648,14.498
2026-03-21 09:00:00,4.75871,3.48369,0.561471,4.19724,0.142172,0.101257,0.111388,20.278
2026-03-21 10:00:00,4.61917,3.29941,0.446882,4.17229,0.126052,0.116868,0.122483,20.018
2026-03-21 11:00:00,4.60048,2.97959,0.433237,4.16725,0.105704,0.098613,0.113455,17.475
2026-03-21 12:00:00,4.7884,3.45207,0.47219,4.31621,0.106549,0.107708,0.113273,17.9185
2026-03-21 13:00:00,4.97632,3.92454,0.511142,4.46518,0.107394,0.116802,0.113091,18.362
2026-03-21 14:00:00,5.13579,3.7162,0.353047,4.78274,0.10203,0.119687,0.117624,19.25
2026-03-21 15:00:00,3.12365,2.09641,0.306828,2.81682,0.0995,0.091733,0.106543,14.515
2026-03-21 16:00:00,4.86695,2.99689,0.291279,4.57567,0.102736,0.115908,0.129965,18.528
2026-03-21 17:00:00,4.51894,2.5705,0.389726,4.12921,0.113231,0.102764,0.118533,20.425
2026-03-21 18:00:00,5.57683,3.04745,0.802849,4.77398,0.13803,0.149529,0.142991,29.403
2026-03-21 19:00:00,4.7258,2.87807,0.425776,4.30002,0.124367,0.12335,0.139506,21.497
2026-03-21 20:00:00,4.55891,3.03522,0.588919,3.96999,0.147493,0.119028,0.136624,15.491
2026-03-21 21:00:00,5.30069,3.17407,0.768295,4.5324,0.154434,0.143409,0.145307,25.221
2026-03-21 22:00:00,4.08865,2.27653,0.314983,3.77366,0.114328,0.134196,0.106604,17.015
2026-03-21 23:00:00,6.38121,5.30034,0.343639,6.03757,0.110054,0.14443,0.100628,18.5815
2026-03-22 00:00:00,8.67376,8.32415,0.372295,8.30147,0.10578,0.154664,0.094652,20.148
2026-03-22 01:00:00,8.12354,7.50789,0.276949,7.84659,0.093159,0.189635,0.085773,17.269
2026-03-22 02:00:00,4.8941,2.54107,0.199981,4.69411,0.076872,0.136115,0.076872,11.682
2026-03-22 03:00:00,0.628439,0.309271,0.04257,0.585869,0.058655,0.084526,0.067701,3.804
2026-03-22 04:00:00,0.176603,0.088567,0.029127,0.147476,0.046091,0.020058,0.055821,3.015
2026-03-22 05:00:00,0.651354,0.57744,0.040204,0.61115,0.025779,0.014868,0.042566,3.157
2026-03-22 06:00:00,1.40071,1.93468,0.051543,1.34917,0.038007,0.031253,0.053521,4.232
2026-03-22 07:00:00,0.952951,1.06119,0.117417,0.835534,0.057244,0.037664,0.079993,7.484
2026-03-22 08:00:00,2.34432,2.01057,0.14812,2.1962,0.096981,0.064519,0.089904,9.504
2026-03-22 09:00:00,2.94824,1.74246,0.310791,2.63745,0.103021,0.082057,0.120116,14.327
2026-03-22 10:00:00,3.0894,1.80245,0.260543,2.82886,0.107154,0.083444,0.115219,14.404
2026-03-22 11:00:00,3.65926,1.92188,0.358048,3.30121,0.101013,0.096756,0.111025,17.077
2026-03-22 12:00:00,4.90197,3.33014,0.423032,4.47894,0.120522,0.11411,0.120441,21.456
2026-03-22 13:00:00,5.54175,3.20332,0.486589,5.05516,0.140528,0.103538,0.127503,20.564
2026-03-22 14:00:00,3.71776,1.98811,0.594141,3.12362,0.143766,0.108759,0.133608,19.926
2026-03-22 15:00:00,4.40976,2.16589,0.60911,3.80065,0.127828,0.106313,0.130997,22.171
2026-03-22 16:00:00,3.81318,2.24833,0.414252,3.39892,0.118524,0.10352,0.131584,18.068
2026-03-22 17:00:00,4.37953,2.8587,0.392935,3.98659,0.116126,0.109005,0.113566,17.391
2026-03-22 18:00:00,7.4769,4.49333,0.403479,7.07343,0.108621,0.131509,0.119327,19.644
2026-03-22 19:00:00,3.16289,1.72083,0.555327,2.60757,0.115262,0.080754,0.110652,18.02
2026-03-22 20:00:00,4.49976,2.55668,0.644058,3.8557,0.162184,0.133239,0.134904,27.156
2026-03-22 21:00:00,6.78468,4.44606,0.723318,6.06136,0.146608,0.186523,0.14665,33.488
2026-03-22 22:00:00,5.98706,3.51766,0.603955,5.38311,0.138808,0.140749,0.133419,29.829
2026-03-22 23:00:00,4.56865,4.3511,0.308199,4.26046,0.09906,0.135113,0.10295,18.272
2026-03-23 00:00:00,5.21187,5.09968,1.02425,4.18762,0.147157,0.104152,0.097697,16.277
2026-03-23 01:00:00,6.42707,5.3738,1.44218,4.98488,0.165235,0.102169,0.086648,13.366
2026-03-23 02:00:00,2.02207,0.864131,0.082824,1.93924,0.068762,0.069646,0.078802,7.064
2026-03-23 03:00:00,0.866007,0.2663,0.0632,0.802807,0.048663,0.028704,0.065976,4.118
2026-03-23 04:00:00,1.03588,0.389721,0.046303,0.989576,0.045711,0.026856,0.061378,4.385
2026-03-23 05:00:00,1.50497,0.76472,0.06337,1.4416,0.040239,0.041859,0.050096,5.148
2026-03-23 06:00:00,2.00063,1.43312,0.102639,1.89799,0.046254,0.040397,0.059867,6.541
2026-03-23 07:00:00,2.73076,1.80129,0.299141,2.43162,0.065118,0.04962,0.08354,8.757
2026-03-23 08:00:00,3.90722,2.56716,0.360524,3.5467,0.089942,0.074379,0.107384,15.227
2026-03-23 09:00:00,2.14274,1.50052,0.253454,1.88928,0.086891,0.056012,0.112039,11.579
2026-03-23 10:00:00,3.80354,2.7246,0.239132,3.5644,0.092566,0.067552,0.108563,13.798
2026-03-23 11:00:00,3.45298,1.98904,0.405848,3.04713,0.104755,0.082849,0.110284,16.613
2026-03-23 12:00:00,3.52232,3.79561,0.256414,3.26591,0.08809,0.075992,0.10108,15.871
2026-03-23 13:00:00,2.73963,1.92661,0.209399,2.53024,0.086408,0.070938,0.100154,11.838
2026-03-23 14:00:00,3.54777,2.95156,0.591469,2.9563,0.110192,0.071778,0.110486,15.538
2026-03-23 15:00:00,2.38815,1.85993,0.337091,2.05106,0.103755,0.068138,0.109835,13.232
2026-03-23 16:00:00,3.69532,3.33513,0.291659,3.40366,0.093422,0.084058,0.124066,16.781
2026-03-23 17:00:00,4.6319,2.77359,0.530601,4.1013,0.129489,0.12003,0.139159,23.78
2026-03-23 18:00:00,6.18709,3.17939,1.39536,4.79173,0.189324,0.126537,0.147579,27.411
2026-03-23 19:00:00,5.78492,2.8302,0.656825,5.12809,0.158381,0.143064,0.149267,26.794
2026-03-23 20:00:00,7.63348,4.22673,0.734489,6.89899,0.157251,0.172559,0.152978,30.999
2026-03-23 21:00:00,7.81821,4.08475,0.686353,7.13185,0.13839,0.188007,0.146388,26.255
2026-03-23 22:00:00,4.91688,4.1249,0.535159,4.38172,0.142683,0.13842,0.129199,21.09
2026-03-23 23:00:00,6.41737,5.9641,0.793765,5.62361,0.133775,0.132305,0.137767,21.445
2026-03-24 00:00:00,4.45165,5.55069,0.684708,3.76695,0.117909,0.130097,0.111137,14.461
2026-03-24 01:00:00,2.0899,2.04491,0.067848,2.02205,0.063083,0.050813,0.102447,8.223
2026-03-24 02:00:00,2.8367,0.689523,0.078803,2.75789,0.070461,0.062044,0.086805,8.079
2026-03-24 03:00:00,1.33983,0.586613,0.041102,1.29872,0.069957,0.04989,0.112903,6.782
2026-03-24 04:00:00,0.488729,0.253753,0.051939,0.43679,0.057002,0.022498,0.074628,4.65
2026-03-24 05:00:00,0.35846,0.293339,0.036148,0.322312,0.026609,0.010056,0.049561,3.546
2026-03-24 06:00:00,1.19038,1.32559,0.091447,1.09893,0.047901,0.034061,0.065929,5.808
2026-03-24 07:00:00,2.31159,1.40779,0.139436,2.17216,0.073679,0.065331,0.090096,8.581
2026-03-24 08:00:00,2.81084,1.67911,0.202515,2.60832,0.09163,0.08794,0.112861,14.186
2026-03-24 09:00:00,3.22244,1.8435,0.284098,2.93835,0.10051,0.067609,0.117516,12.763
2026-03-24 10:00:00,3.08981,2.15168,0.302272,2.78753,0.102346,0.08731,0.144702,16.219
2026-03-24 11:00:00,6.01924,3.69732,0.459042,5.5602,0.121813,0.122759,0.124316,18.505
2026-03-24 12:00:00,2.44643,1.74247,0.350828,2.0956,0.083939,0.062217,0.10006,13.633
2026-03-24 13:00:00,4.43506,3.44872,0.296036,4.13902,0.095201,0.096846,0.118108,15.258
2026-03-24 14:00:00,3.60919,3.06903,0.415672,3.19351,0.112753,0.087544,0.106288,14.821
2026-03-24 15:00:00,3.55941,2.61337,0.215823,3.34359,0.082314,0.075389,0.101513,13.691
2026-03-24 16:00:00,2.90127,2.04892,0.372127,2.52914,0.086744,0.067006,0.110744,13.712
2026-03-24 17:00:00,3.42447,2.44955,0.349129,3.07534,0.101465,0.082098,0.129268,16.771
2026-03-24 18:00:00,5.11682,3.21408,0.707017,4.40981,0.148974,0.111124,0.12681,21.595
2026-03-24 19:00:00,5.48746,3.48631,0.566379,4.92108,0.141499,0.157395,0.162818,22.077
2026-03-24 20:00:00,4.6261,2.95409,0.405176,4.22093,0.133632,0.122389,0.122795,14.797
2026-03-24 21:00:00,3.2403,2.13459,0.30502,2.93528,0.109156,0.10546,0.101928,15.294
2026-03-24 22:00:00,3.54218,2.44288,0.290304,3.25187,0.10228,0.107172,0.102413,14.836
2026-03-24 23:00:00,4.04729,3.65279,0.336628,3.71067,0.108407,0.125141,0.109663,18.584
2026-03-25 00:00:00,5.65724,4.97121,0.378503,5.27874,0.103545,0.108584,0.106817,21.276
2026-03-25 01:00:00,2.65975,2.75907,0.141105,2.51864,0.067974,0.065445,0.066308,10.306
2026-03-25 02:00:00,1.10129,0.593364,0.059697,1.04159,0.057063,0.040968,0.065248,6.774
2026-03-25 03:00:00,0.83791,0.504157,0.043993,0.793917,0.043958,0.036865,0.0633,3.269
2026-03-25 04:00:00,1.81398,1.20131,0.057854,1.75613,0.058289,0.048399,0.072837,3.815
2026-03-25 05:00:00,0.586692,0.506643,0.07934,0.507352,0.029004,0.013956,0.047331,2.205
2026-03-25 06:00:00,1.90592,1.88332,0.093525,1.81239,0.05262,0.044213,0.077461,6.12
2026-03-25 07:00:00,2.22537,1.36526,0.156173,2.06919,0.066836,0.053166,0.093029,8.736
2026-03-25 08:00:00,4.15516,2.82664,0.387831,3.76733,0.103867,0.085326,0.108738,15.906
2026-03-25 09:00:00,4.06431,2.39077,0.30813,3.75618,0.108247,0.107565,0.121319,13.314
2026-03-25 10:00:00,3.55291,1.98265,0.20421,3.3487,0.099092,0.089199,0.12707,14.943
2026-03-25 11:00:00,2.23742,1.14038,0.236276,2.00115,0.096198,0.082424,0.114705,15.088
2026-03-25 12:00:00,3.81956,2.29817,0.321854,3.4977,0.102487,0.092934,0.12682,17.67
2026-03-25 13:00:00,4.32215,3.99459,0.16164,4.16051,0.087066,0.078405,0.119945,12.607
2026-03-25 14:00:00,2.27535,0.938675,0.232305,2.04304,0.095162,0.080577,0.110204,14.668
2026-03-25 15:00:00,3.29729,2.15791,0.201787,3.0955,0.083816,0.088465,0.115767,12.797
2026-03-25 16:00:00,4.03702,2.21328,0.460847,3.57617,0.12096,0.100689,0.124465,17.175
2026-03-25 17:00:00,3.24348,1.92149,0.264779,2.9787,0.109282,0.091858,0.125044,17.546
2026-03-25 18:00:00,4.39593,1.9213,0.58025,3.81568,0.133728,0.115048,0.136425,21.387
2026-03-25 19:00:00,3.9441,1.77662,0.460079,3.48402,0.136644,0.12429,0.127371,20.205
2026-03-25 20:00:00,4.23773,2.15113,0.473147,3.76459,0.119653,0.099924,0.109993,19.856
2026-03-25 21:00:00,4.80962,2.74522,0.440771,4.36885,0.134125,0.150507,0.131583,25.755
2026-03-25 22:00:00,7.77668,5.2759,0.636364,7.14031,0.147911,0.197679,0.172141,32.108
2026-03-25 23:00:00,9.47278,7.35464,0.390009,9.08277,0.129224,0.188502,0.152846,27.18
2026-03-26 00:00:00,4.92503,4.51837,0.389684,4.53535,0.107525,0.120131,0.09427,18.454
2026-03-26 01:00:00,2.925,2.37419,0.1036,2.8214,0.050077,0.074916,0.059282,6.773
2026-03-26 02:00:00,2.21204,0.918621,0.073594,2.13844,0.069291,0.07267,0.078904,6.961
2026-03-26 03:00:00,0.71857,0.313786,0.053267,0.665303,0.072282,0.034192,0.064253,4.528
2026-03-26 04:00:00,1.05079,0.482457,0.05699,0.993802,0.064031,0.024158,0.057549,5.339
2026-03-26 05:00:00,1.85426,1.70428,0.085615,1.76864,0.047953,0.037793,0.055156,6.242
2026-03-26 06:00:00,1.32185,1.23307,0.087302,1.23455,0.045618,0.036749,0.067824,6.045
2026-03-26 07:00:00,1.95786,1.08891,0.139747,1.81811,0.067723,0.053035,0.09426,9.174
2026-03-26 08:00:00,3.02854,1.61264,0.283047,2.7455,0.09786,0.097623,0.105426,12.718
2026-03-26 09:00:00,2.11646,0.978032,0.278246,1.83822,0.083833,0.050344,0.100281,10.765
2026-03-26 10:00:00,3.4174,1.87152,0.199343,3.21806,0.094302,0.081764,0.124952,14.754
2026-03-26 11:00:00,3.53553,1.86473,0.243625,3.2919,0.093185,0.082185,0.114462,15.615
2026-03-26 12:00:00,2.26539,1.41058,0.273516,1.99188,0.081074,0.063232,0.104304,11.283
2026-03-26 13:00:00,1.84435,1.14414,0.167368,1.67699,0.082179,0.054244,0.096359,9.48
2026-03-26 14:00:00,2.54948,1.58747,0.243352,2.30613,0.092534,0.070982,0.115782,10.843
2026-03-26 15:00:00,3.09633,1.74147,0.302529,2.7938,0.095905,0.076991,0.111028,13.235
2026-03-26 16:00:00,3.52636,2.036,0.31113,3.21523,0.103401,0.110148,0.126481,18.653
2026-03-26 17:00:00,5.54053,3.19523,0.73261,4.80792,0.145642,0.121579,0.135087,23.053
2026-03-26 18:00:00,5.61254,3.05029,1.17336,4.43917,0.169101,0.116872,0.121636,23.604
2026-03-26 19:00:00,4.67497,2.67447,0.439273,4.2357,0.131333,0.123837,0.129603,23.644
2026-03-26 20:00:00,4.97428,3.06298,0.689829,4.28445,0.172244,0.148549,0.158187,26.861
2026-03-26 21:00:00,7.26083,5.05629,1.30812,5.9527,0.193743,0.169167,0.169979,31.488
2026-03-26 22:00:00,8.04324,6.15868,0.977327,7.06591,0.156435,0.193556,0.143834,24.163
2026-03-26 23:00:00,5.83711,5.52757,0.511928,5.32518,0.12337,0.158399,0.104132,16.342
2026-03-27 00:00:00,5.26393,7.56312,0.346208,4.91772,0.09607,0.124431,0.087088,11.67
2026-03-27 01:00:00,2.98848,3.78288,0.337113,2.65136,0.079788,0.076888,0.067508,9.496
2026-03-27 02:00:00,1.76581,3.22228,0.075215,1.6906,0.036569,0.038841,0.047078,4.392
2026-03-27 03:00:00,0.398938,0.482974,0.025824,0.373114,0.017591,0.009884,0.037731,1.975
2026-03-27 04:00:00,0.363773,0.447996,0.018568,0.345205,0.012131,0.006695,0.033874,1.093
2026-03-27 05:00:00,0.59167,0.726864,0.036396,0.555274,0.021894,0.013614,0.038469,2.918
2026-03-27 06:00:00,1.62387,1.8453,0.075784,1.54808,0.04274,0.032404,0.059908,5.852
2026-03-27 07:00:00,1.7446,1.71375,0.09627,1.64833,0.05098,0.04815,0.077996,6.203
2026-03-27 08:00:00,2.66387,1.81216,0.21057,2.4533,0.092847,0.092412,0.103282,11.159
2026-03-27 09:00:00,3.60283,2.27451,0.472323,3.13051,0.08946,0.090247,0.10694,11.431
2026-03-27 10:00:00,2.77281,1.65245,0.588832,2.18398,0.088551,0.075252,0.115545,12.684
2026-03-27 11:00:00,3.90159,1.7325,0.553928,3.34766,0.147471,0.095324,0.119274,17.143
2026-03-27 12:00:00,3.96098,2.06086,0.483415,3.47756,0.13272,0.088822,0.125825,17.035
2026-03-27 13:00:00,2.59343,1.77632,0.218848,2.37458,0.080831,0.055919,0.095195,11.73
2026-03-27 14:00:00,2.56618,1.91506,0.498557,2.06762,0.083872,0.057406,0.099167,12.891
2026-03-27 15:00:00,2.61127,1.74784,0.163172,2.4481,0.062621,0.054733,0.097581,10.369
2026-03-27 16:00:00,3.45722,2.49079,0.309075,3.14814,0.094401,0.088413,0.130632,18.334
2026-03-27 17:00:00,8.16692,4.36734,0.524623,7.6423,0.124852,0.139358,0.127629,23.27
2026-03-27 18:00:00,5.06704,2.83075,0.633019,4.43402,0.137086,0.137421,0.133783,22.005
2026-03-27 19:00:00,6.04911,3.4409,1.27576,4.77335,0.169569,0.137759,0.171264,25.165
2026-03-27 20:00:00,3.90697,2.3536,0.587084,3.31989,0.136305,0.093129,0.130237,21.811
2026-03-27 21:00:00,7.18325,4.75083,0.455793,6.72746,0.123225,0.118416,0.111883,15.791
2026-03-27 22:00:00,4.12467,2.96312,0.399357,3.72531,0.140769,0.121501,0.105097,15.835
2026-03-27 23:00:00,5.21528,4.7498,0.872988,4.34229,0.159679,0.145231,0.118896,20.474
2026-03-28 00:00:00,3.78006,4.60982,0.175387,3.60467,0.07736,0.104182,0.08162,12.652
2026-03-28 01:00:00,3.37438,4.27137,0.140398,3.23398,0.06088,0.131245,0.070249,6.907
2026-03-28 02:00:00,1.59144,1.05955,0.101069,1.49037,0.060721,0.040363,0.06,8.117
2026-03-28 03:00:00,0.951246,0.449125,0.092908,0.858338,0.061524,0.029315,0.065532,7.739
2026-03-28 04:00:00,0.962445,0.527656,0.044563,0.917882,0.125303,0.026468,0.052276,3.847
2026-03-28 05:00:00,1.73382,1.72006,0.076924,1.6569,0.03785,0.027989,0.048984,4.98
2026-03-28 06:00:00,1.41845,1.5026,0.084116,1.33433,0.058438,0.038491,0.063069,5.518
2026-03-28 07:00:00,3.13985,2.99605,0.131931,3.00792,0.069102,0.078999,0.082529,8.13
2026-03-28 08:00:00,3.07023,2.08576,0.215493,2.85474,0.077873,0.077437,0.096678,11.59
2026-03-28 09:00:00,4.39253,2.79423,0.250913,4.14162,0.100581,0.102044,0.113775,16.738
2026-03-28 10:00:00,5.04849,3.22381,0.396165,4.65232,0.113926,0.10635,0.133256,20.044
2026-03-28 11:00:00,4.88997,2.96362,0.890021,3.99995,0.156418,0.101271,0.12632,17.428
2026-03-28 12:00:00,3.5182,2.47065,0.377981,3.14022,0.105288,0.127006,0.123815,17.539
2026-03-28 13:00:00,4.06758,2.43276,0.385264,3.68232,0.121404,0.093545,0.136116,19.168
2026-03-28 14:00:00,3.34337,2.2744,0.393819,2.94955,0.102004,0.103726,0.112725,17.088
2026-03-28 15:00:00,3.27751,2.28239,0.333079,2.94443,0.104681,0.089496,0.10972,12.926
2026-03-28 16:00:00,4.71621,2.38916,0.311241,4.40497,0.108284,0.121014,0.122829,18.095
2026-03-28 17:00:00,4.00256,2.52051,0.373838,3.62873,0.114336,0.090137,0.154227,23.624
2026-03-28 18:00:00,3.15412,2.36796,0.395937,2.75819,0.114034,0.1001,0.129091,18.901
2026-03-28 19:00:00,3.48107,1.81306,0.372456,3.10861,0.136047,0.109161,0.124629,18.848
2026-03-28 20:00:00,3.91813,2.26744,0.657894,3.26024,0.133938,0.097987,0.111061,19.55
2026-03-28 21:00:00,4.61375,2.62443,0.787512,3.82623,0.14829,0.131047,0.135448,23.811
2026-03-28 22:00:00,3.5181,2.44993,0.506542,3.01155,0.145789,0.138758,0.141414,20.943
2026-03-28 23:00:00,3.33185,2.64853,0.380685,2.95117,0.11587,0.104967,0.108272,17.163
2026-03-29 00:00:00,3.45688,2.74356,0.402188,3.05469,0.110738,0.092237,0.077817,14.692
2026-03-29 01:00:00,2.76923,1.97239,0.136342,2.63289,0.060452,0.057582,0.060718,7.831
2026-03-29 02:00:00,1.74647,0.76066,0.076412,1.67006,0.080337,0.119071,0.096236,8.484
2026-03-29 03:00:00,1.60121,0.597019,0.081776,1.51943,0.066865,0.054387,0.074237,6.886
2026-03-29 04:00:00,0.896364,0.367966,0.051341,0.845023,0.049496,0.030941,0.057154,4.549
2026-03-29 05:00:00,1.72861,1.00151,0.071338,1.65727,0.038543,0.029287,0.048908,5.242
2026-03-29 06:00:00,4.17902,4.31717,0.086096,4.09292,0.041161,0.062051,0.056881,4.992
2026-03-29 07:00:00,1.40132,1.19976,0.088482,1.31284,0.044236,0.035616,0.069408,5.66
2026-03-29 08:00:00,5.3113,3.89391,0.685435,4.62586,0.119638,0.075863,0.094023,10.943
2026-03-29 09:00:00,3.55498,2.4585,0.239158,3.31583,0.091226,0.075775,0.108203,13.226
2026-03-29 10:00:00,3.14209,1.90661,0.242527,2.89957,0.094544,0.071992,0.117219,15.294
2026-03-29 11:00:00,4.38994,2.24435,0.504907,3.88503,0.12214,0.088758,0.120495,19.6
2026-03-29 12:00:00,3.84681,2.21846,0.62556,3.22125,0.116565,0.079285,0.116098,17.997
2026-03-29 13:00:00,6.94679,5.26272,1.31384,5.63295,0.163659,0.13403,0.150606,21.902
2026-03-29 14:00:00,3.86052,3.04457,0.373459,3.48706,0.102602,0.101802,0.122797,15.735
2026-03-29 15:00:00,5.00019,3.52623,0.431189,4.569,0.105121,0.10237,0.110177,15.887
2026-03-29 16:00:00,5.04289,3.11289,0.390946,4.65194,0.106048,0.104961,0.120885,20.582
2026-03-29 17:00:00,3.73953,2.12232,0.435808,3.30372,0.134062,0.083549,0.123521,17.862
2026-03-29 18:00:00,5.18856,3.0307,0.656819,4.53174,0.142429,0.126277,0.149814,23.307
2026-03-29 19:00:00,4.24794,2.15413,0.573396,3.67455,0.131639,0.125257,0.139072,23.448
2026-03-29 20:00:00,5.04938,2.58677,0.676027,4.37336,0.138423,0.122736,0.118936,25.058
2026-03-29 21:00:00,5.13087,3.78383,0.652274,4.4786,0.136498,0.146006,0.138636,25.043
2026-03-29 22:00:00,3.90936,2.84938,0.6944,3.21496,0.137672,0.11951,0.125348,19.638
2026-03-29 23:00:00,3.90574,3.14979,0.984298,2.92144,0.131233,0.100854,0.10229,13.446
2026-03-30 00:00:00,3.16441,3.50821,0.1448,3.01961,0.071026,0.072555,0.073763,9.018
2026-03-30 01:00:00,1.21198,1.27577,0.09223,1.11975,0.051166,0.050126,0.057422,5.156
2026-03-30 02:00:00,1.44315,0.777559,0.090591,1.35256,0.062435,0.053737,0.06699,5.137
2026-03-30 03:00:00,0.379907,0.182647,0.031108,0.348799,0.04448,0.02962,0.060751,2.969
2026-03-30 04:00:00,0.331834,0.14988,0.034783,0.297051,0.052053,0.029502,0.068322,4.576
2026-03-30 05:00:00,0.499821,0.376371,0.02953,0.470291,0.022745,0.011085,0.042571,2.386
2026-03-30 06:00:00,1.16337,1.1122,0.078042,1.08532,0.034526,0.030729,0.062137,5.176
2026-03-30 07:00:00,1.84606,1.6222,0.164466,1.68159,0.057112,0.041717,0.079268,7.976
2026-03-30 08:00:00,4.34986,3.1294,0.290803,4.05906,0.089541,0.087745,0.104521,14.643
2026-03-30 09:00:00,4.21837,2.94991,0.415234,3.80314,0.119304,0.094916,0.140344,18.598
2026-03-30 10:00:00,2.11425,1.41138,0.249291,1.86496,0.095687,0.057695,0.120368,16.447
2026-03-30 11:00:00,2.69879,2.05075,0.338374,2.36042,0.091749,0.063105,0.104161,17.425
2026-03-30 12:00:00,2.41546,2.10773,0.201373,2.21409,0.09138,0.071255,0.109627,14.579
2026-03-30 13:00:00,2.83577,2.49627,0.243598,2.59217,0.088483,0.071397,0.113493,15.652
2026-03-30 14:00:00,1.70885,1.63997,0.192476,1.51637,0.067707,0.049851,0.094365,11.36
2026-03-30 15:00:00,2.10186,1.89357,0.363395,1.73846,0.086202,0.052713,0.098267,10.048
2026-03-30 16:00:00,4.45073,3.29196,0.711954,3.73877,0.12176,0.080302,0.112747,17.048
2026-03-30 17:00:00,4.63087,2.52501,0.362753,4.26812,0.112229,0.11079,0.12189,22.725
2026-03-30 18:00:00,4.08838,1.95429,0.704059,3.38432,0.14413,0.097345,0.121709,22.568
2026-03-30 19:00:00,4.84494,2.59365,0.728336,4.1166,0.148696,0.107613,0.125179,23.529
2026-03-30 20:00:00,4.54792,2.29925,0.75001,3.79791,0.149256,0.111742,0.132577,24.556
2026-03-30 21:00:00,5.95265,4.58602,0.563654,5.38899,0.147447,0.154297,0.1365,21.897
2026-03-30 22:00:00,6.39928,5.6933,0.642815,5.75646,0.136055,0.181571,0.118609,19.404
2026-03-30 23:00:00,4.72176,4.0426,0.432015,4.28974,0.118188,0.114365,0.105807,18.22
2026-03-31 00:00:00,1.91991,1.95511,0.118334,1.80158,0.063083,0.049412,0.069227,10.353
2026-03-31 01:00:00,2.27431,2.18264,0.131296,2.14302,0.060271,0.051988,0.069439,7.903
2026-03-31 02:00:00,1.1864,0.534414,0.063847,1.12255,0.048403,0.034583,0.070215,4.243
2026-03-31 03:00:00,0.845907,0.366829,0.056399,0.789508,0.053581,0.026678,0.062332,5.545
2026-03-31 04:00:00,1.1562,0.564553,0.069809,1.08639,0.047872,0.022609,0.054281,5.653
2026-03-31 05:00:00,0.843269,0.688944,0.334471,0.508798,0.092523,0.011887,0.065474,6.121
2026-03-31 06:00:00,1.07011,1.24143,0.10004,0.970074,0.047084,0.026429,0.060392,5.379
2026-03-31 07:00:00,1.81147,1.35589,0.143369,1.6681,0.062933,0.048037,0.088852,8.639
2026-03-31 08:00:00,6.28858,3.90595,0.285323,6.00325,0.098488,0.107861,0.106166,14.516
2026-03-31 09:00:00,2.51001,1.67111,0.273641,2.23637,0.088841,0.080816,0.107377,12.529
2026-03-31 10:00:00,3.03464,1.89665,0.203382,2.83126,0.106239,0.101891,0.124032,14.134
2026-03-31 11:00:00,3.78143,2.60788,0.258923,3.52251,0.108855,0.105806,0.126728,15.059
2026-03-31 12:00:00,3.47924,2.6438,0.371026,3.10821,0.10452,0.090295,0.131071,16.167
2026-03-31 13:00:00,4.04517,3.28876,0.703304,3.34187,0.129237,0.077856,0.104697,17.028
2026-03-31 14:00:00,3.99372,3.25752,0.251499,3.74222,0.087755,0.083622,0.102123,15.275
2026-03-31 15:00:00,2.39067,1.59378,0.276081,2.11459,0.091393,0.086506,0.10567,13.634
2026-03-31 16:00:00,3.42295,2.74275,0.29973,3.12322,0.093895,0.089139,0.109153,14.564
2026-03-31 17:00:00,4.13173,2.95124,0.933227,3.1985,0.142993,0.094689,0.120735,17.048
2026-03-31 18:00:00,4.60709,3.0673,0.927156,3.67993,0.161651,0.107855,0.131032,22.274
2026-03-31 19:00:00,5.48668,3.63356,0.941188,4.54549,0.147454,0.119179,0.175316,25.104
2026-03-31 20:00:00,6.9734,4.08279,0.845335,6.12807,0.168873,0.166473,0.160333,25.727
2026-03-31 21:00:00,5.21277,3.96107,0.47634,4.73643,0.128234,0.126142,0.125575,22.639
2026-03-31 22:00:00,6.26256,4.80996,0.73164,5.53092,0.14331,0.167267,0.146704,26.334
2026-03-31 23:00:00,4.56058,5.11276,0.357402,4.20318,0.105256,0.134045,0.127238,18.585
2026-04-01 00:00:00,3.82246,4.39363,0.282925,3.53953,0.093805,0.111165,0.118317,15.88
2026-04-01 01:00:00,1.36514,1.60228,0.085271,1.27987,0.058478,0.041941,0.056867,6.874
2026-04-01 02:00:00,1.1126,0.511303,0.119612,0.992984,0.067307,0.047973,0.077937,6.055
2026-04-01 03:00:00,1.1585,0.479511,0.099998,1.0585,0.069945,0.035039,0.092081,9.638
2026-04-01 04:00:00,0.438338,0.208534,0.049442,0.388896,0.059783,0.032143,0.065926,7.672
2026-04-01 05:00:00,0.702704,0.588529,0.084701,0.618003,0.043286,0.020978,0.051103,6.729
2026-04-01 06:00:00,0.930662,0.949654,0.059232,0.87143,0.051279,0.024446,0.061646,7.842
2026-04-01 07:00:00,2.28978,1.58572,0.199217,2.09057,0.07681,0.065913,0.091645,10.027
2026-04-01 08:00:00,2.62983,1.79388,0.215573,2.41425,0.084207,0.058587,0.094547,11.383
2026-04-01 09:00:00,3.57889,2.4648,0.429638,3.14925,0.097697,0.078605,0.107527,13.566
2026-04-01 10:00:00,3.26496,2.05085,0.517031,2.74793,0.114592,0.075612,0.111157,14.768
2026-04-01 11:00:00,3.54081,1.92018,0.277028,3.26378,0.095899,0.083025,0.112784,16.923
2026-04-01 12:00:00,4.63096,2.705,0.454654,4.17631,0.105349,0.104099,0.10832,17.524
2026-04-01 13:00:00,3.77947,2.07435,0.312719,3.46675,0.097886,0.084506,0.103415,17.756
2026-04-01 14:00:00,3.12734,1.89996,0.220932,2.90641,0.093383,0.078038,0.106772,13.471
2026-04-01 15:00:00,2.03541,1.34085,0.247935,1.78748,0.090173,0.060368,0.111142,12.639
2026-04-01 16:00:00,3.1721,1.7662,0.381378,2.79072,0.103687,0.109368,0.115888,15.522
2026-04-01 17:00:00,3.71843,1.93467,0.366627,3.35181,0.117528,0.109391,0.128051,18.19
2026-04-01 18:00:00,4.05248,2.02624,0.651929,3.40055,0.144583,0.08973,0.115365,19.931
2026-04-01 19:00:00,4.23451,1.92303,0.774616,3.4599,0.159221,0.121811,0.135432,21.759
2026-04-01 20:00:00,4.63126,2.00314,0.456204,4.17505,0.126842,0.123231,0.135386,23.009
2026-04-01 21:00:00,3.91778,1.7259,0.506574,3.41121,0.15144,0.141787,0.130905,23.181
2026-04-01 22:00:00,7.43065,6.05101,0.601722,6.82892,0.158179,0.207756,0.118258,26.078
2026-04-01 23:00:00,5.42192,4.55623,0.439973,4.98194,0.111683,0.133113,0.100909,17.64
2026-04-02 00:00:00,2.06316,2.65188,0.101731,1.96143,0.067072,0.100645,0.077241,7.963
2026-04-02 01:00:00,2.02504,2.0791,0.377903,1.64714,0.114073,0.076932,0.081473,9.174
2026-04-02 02:00:00,1.32782,0.649616,0.192081,1.13574,0.077628,0.067586,0.063114,6.434
2026-04-02 03:00:00,0.656151,0.261832,0.146601,0.50955,0.074068,0.053366,0.063462,7.71
2026-04-02 04:00:00,0.791735,0.356317,0.143619,0.648116,0.05889,0.065304,0.05792,6.31
2026-04-02 05:00:00,0.225452,0.148911,0.026123,0.199329,0.022232,0.02372,0.041729,2.024
2026-04-02 06:00:00,2.01896,1.79623,0.108961,1.91,0.044053,0.031198,0.062599,5.86
2026-04-02 07:00:00,2.35637,1.47273,0.152005,2.20436,0.069944,0.050134,0.089341,9.013
2026-04-02 08:00:00,3.71999,2.12328,0.494713,3.22528,0.109297,0.08696,0.121352,15.951
2026-04-02 09:00:00,3.52111,2.21175,0.249656,3.27146,0.09118,0.076042,0.108999,12.85
2026-04-02 10:00:00,4.81876,2.53086,0.575845,4.24291,0.106158,0.133817,0.111684,15.595
2026-04-02 11:00:00,3.30994,1.90665,0.248978,3.06096,0.09028,0.079988,0.102455,14.006
2026-04-02 12:00:00,3.43737,2.54998,0.293214,3.14416,0.153461,0.09166,0.134643,16.776
2026-04-02 13:00:00,3.66055,2.76477,0.278207,3.38234,0.087567,0.080507,0.118608,14.192
2026-04-02 14:00:00,2.97375,2.24943,0.234207,2.73954,0.092103,0.073705,0.102042,11.544
2026-04-02 15:00:00,2.07301,1.45169,0.210674,1.86234,0.087426,0.079084,0.107427,12.702
2026-04-02 16:00:00,4.30037,3.27773,0.517339,3.78304,0.109111,0.093718,0.12841,17.405
2026-04-02 17:00:00,6.16883,4.09617,0.557907,5.61092,0.109545,0.122993,0.124189,20.728
2026-04-02 18:00:00,3.82561,2.17364,0.458956,3.36665,0.10735,0.093133,0.115466,19.023
2026-04-02 19:00:00,5.09035,2.60243,0.35943,4.73092,0.129439,0.103546,0.118706,17.377
2026-04-02 20:00:00,5.81079,3.58691,0.518124,5.29267,0.129848,0.14428,0.134489,24.618
2026-04-02 21:00:00,5.09687,3.63025,0.608984,4.48789,0.150395,0.141185,0.120972,22.636
2026-04-02 22:00:00,5.30791,4.96066,0.942258,4.36565,0.160877,0.141105,0.123438,24.229
2026-04-02 23:00:00,5.52441,4.69763,0.463387,5.06102,0.127793,0.164593,0.113552,19.322
2026-04-03 00:00:00,4.62782,4.23793,0.180872,4.44695,0.085093,0.118253,0.099893,14.653
2026-04-03 01:00:00,1.26169,1.6689,0.075476,1.18621,0.047548,0.036366,0.057044,7.3
2026-04-03 02:00:00,0.663579,0.807274,0.031494,0.632085,0.024711,0.024684,0.037747,3.563
2026-04-03 03:00:00,0.611559,0.664738,0.030929,0.58063,0.024329,0.016547,0.038564,1.777
2026-04-03 04:00:00,0.572337,0.670185,0.036655,0.535682,0.021784,0.012996,0.037772,2.378
2026-04-03 05:00:00,0.489702,0.70158,0.041243,0.448459,0.024993,0.020577,0.039681,2.344
2026-04-03 06:00:00,1.30058,1.3353,0.1668,1.13378,0.038952,0.030539,0.063158,6.197
2026-04-03 07:00:00,2.37463,1.65595,0.19872,2.17591,0.068312,0.050016,0.082435,8.575
2026-04-03 08:00:00,2.97085,1.53453,0.331902,2.63895,0.10377,0.068542,0.113564,14.436
2026-04-03 09:00:00,1.87592,0.967966,0.190918,1.685,0.093429,0.063852,0.112236,12.237
2026-04-03 10:00:00,2.14029,1.24436,0.169073,1.97122,0.083704,0.057227,0.104799,14.089
2026-04-03 11:00:00,3.34822,2.00492,0.325814,3.0224,0.090165,0.078931,0.106192,17.202
2026-04-03 12:00:00,4.72297,3.80885,0.556573,4.16639,0.097287,0.098073,0.109306,18.277
2026-04-03 13:00:00,2.68386,2.23655,0.418456,2.2654,0.093976,0.058105,0.101213,14.627
2026-04-03 14:00:00,2.38749,1.5149,0.290055,2.09743,0.086792,0.059028,0.112208,13.333
2026-04-03 15:00:00,4.22962,2.40593,0.532897,3.69673,0.119276,0.096368,0.1113,15.161
2026-04-03 16:00:00,4.5278,2.63551,0.355186,4.17262,0.107556,0.113444,0.136498,19.207
2026-04-03 17:00:00,5.41826,2.57277,0.400395,5.01786,0.125002,0.126267,0.136972,24.72
2026-04-03 18:00:00,4.92126,2.64868,0.652175,4.26908,0.146803,0.126174,0.134491,25.697
2026-04-03 19:00:00,4.00983,2.27314,0.53656,3.47327,0.135947,0.107396,0.126876,26.749
2026-04-03 20:00:00,5.23796,3.38807,0.540635,4.69733,0.12236,0.158984,0.124332,30.19
2026-04-03 21:00:00,6.86103,4.33694,0.624585,6.23645,0.150645,0.198613,0.160531,33.077
2026-04-03 22:00:00,7.28511,5.79102,0.482885,6.80222,0.137692,0.210181,0.134751,26.052
2026-04-03 23:00:00,6.63971,6.32353,0.453934,6.18577,0.128067,0.162147,0.117493,22.784
2026-04-04 00:00:00,4.18177,4.50622,0.182581,3.99919,0.082489,0.106807,0.077606,15.576
2026-04-04 01:00:00,2.79318,2.50285,0.323658,2.46952,0.097818,0.080992,0.076848,16.484
2026-04-04 02:00:00,1.6488,0.903945,0.122154,1.52664,0.065721,0.06915,0.067086,12.285
2026-04-04 03:00:00,1.85301,0.968134,0.115644,1.73736,0.076059,0.047355,0.069231,10.546
2026-04-04 04:00:00,1.11053,0.669802,0.08543,1.0251,0.058974,0.034298,0.061587,8.033
2026-04-04 05:00:00,1.00449,0.911517,0.076647,0.927845,0.051085,0.027287,0.049927,7.624
2026-04-04 06:00:00,2.35928,2.22994,0.42473,1.93455,0.083203,0.045187,0.057701,9.325
2026-04-04 07:00:00,2.1102,1.48606,0.200811,1.90939,0.072019,0.048181,0.073064,11.535
2026-04-04 08:00:00,4.32041,3.35436,0.38158,3.93883,0.104179,0.087191,0.094953,17.402
2026-04-04 09:00:00,6.07475,3.79672,0.668413,5.40634,0.14831,0.115809,0.119993,22.909
2026-04-04 10:00:00,4.40453,2.50827,0.473573,3.93095,0.105967,0.109883,0.120318,18.859
2026-04-04 11:00:00,4.29704,2.50411,0.402576,3.89447,0.114486,0.091901,0.111236,17.589
2026-04-04 12:00:00,4.96207,2.93614,0.386419,4.57566,0.113342,0.111604,0.136266,19.911
2026-04-04 13:00:00,3.51697,1.83366,0.517706,2.99926,0.115728,0.094648,0.111355,19.305
2026-04-04 14:00:00,3.2196,1.91871,0.51935,2.70025,0.11928,0.080434,0.104461,17.828
2026-04-04 15:00:00,3.79519,2.21423,0.361122,3.43407,0.103209,0.09464,0.10619,19.043
2026-04-04 16:00:00,3.59793,2.17266,0.340986,3.25694,0.100394,0.104662,0.110556,17.756
2026-04-04 17:00:00,4.20276,2.51662,0.518372,3.68438,0.122436,0.098616,0.105848,18.955
2026-04-04 18:00:00,4.59556,3.01151,0.481702,4.11385,0.122248,0.113157,0.112553,21.787
2026-04-04 19:00:00,4.83597,2.90973,0.611911,4.22406,0.1272,0.115319,0.130657,18.727
2026-04-04 20:00:00,6.98185,3.93565,0.916128,6.06572,0.151504,0.144695,0.130176,21.487
2026-04-04 21:00:00,3.22852,2.02797,0.376864,2.85166,0.105913,0.097938,0.115966,17.491
2026-04-04 22:00:00,4.55502,3.13706,0.334484,4.22053,0.109796,0.126584,0.113146,18.354
2026-04-04 23:00:00,4.60158,3.56712,0.261646,4.33994,0.11124,0.130558,0.099517,13.914
2026-04-05 00:00:00,3.80309,3.16397,0.218303,3.58479,0.078523,0.138177,0.074744,9.872
2026-04-05 01:00:00,1.60651,1.57193,0.085715,1.5208,0.05271,0.063957,0.05651,6.13
2026-04-05 02:00:00,0.837615,0.610507,0.076196,0.761419,0.055944,0.054016,0.061743,5.353
2026-04-05 03:00:00,0.77941,0.468395,0.057571,0.721839,0.066192,0.032949,0.062095,4.69
2026-04-05 04:00:00,1.39947,0.977281,0.058001,1.34146,0.0537,0.033042,0.050932,4.278
2026-04-05 05:00:00,0.74395,0.648041,0.046607,0.697343,0.032378,0.020065,0.047285,4.549
2026-04-05 06:00:00,1.23784,1.93412,0.100852,1.13699,0.038231,0.023586,0.048629,5.412
2026-04-05 07:00:00,1.58886,1.81792,0.090598,1.49826,0.050924,0.043004,0.064161,6.059
2026-04-05 08:00:00,6.13825,4.98235,0.21632,5.92193,0.089172,0.08224,0.095957,14.479
2026-04-05 09:00:00,4.23243,2.44649,0.277073,3.95536,0.108392,0.103004,0.110408,17.292
2026-04-05 10:00:00,5.07468,2.9232,0.37229,4.70239,0.106446,0.119966,0.127519,17.095
2026-04-05 11:00:00,3.62883,2.0341,0.260191,3.36864,0.096437,0.086678,0.100487,14.677
2026-04-05 12:00:00,3.65655,2.70056,0.373266,3.28329,0.100976,0.078575,0.100196,17.185
2026-04-05 13:00:00,4.04785,2.51419,0.330332,3.71752,0.097501,0.089237,0.107521,16.525
2026-04-05 14:00:00,3.49963,2.18727,0.274501,3.22513,0.090446,0.081108,0.100098,13.382
2026-04-05 15:00:00,3.69579,2.174,0.30585,3.38994,0.089324,0.095683,0.095031,11.305
2026-04-05 16:00:00,2.92023,1.95989,0.375961,2.54427,0.110254,0.087137,0.118273,14.921
2026-04-05 17:00:00,4.3479,2.61292,0.36348,3.98442,0.108605,0.112488,0.127218,20.145
2026-04-05 18:00:00,5.56983,3.64996,0.805625,4.76421,0.143524,0.114597,0.131384,26.505
2026-04-05 19:00:00,3.81835,2.20459,0.339767,3.47858,0.110243,0.092566,0.110453,19.173
2026-04-05 20:00:00,7.64305,6.27508,0.412987,7.23006,0.121941,0.161512,0.125868,20.421
2026-04-05 21:00:00,5.75307,3.41226,0.624234,5.12884,0.127143,0.144969,0.123697,21.81
2026-04-05 22:00:00,4.17943,3.95031,0.363722,3.81571,0.124704,0.11992,0.10884,18.089
2026-04-05 23:00:00,6.89856,7.17106,1.05153,5.84703,0.124692,0.116724,0.113115,14.429
2026-04-06 00:00:00,4.40072,4.53682,1.05449,3.34623,0.115853,0.08565,0.115087,14.682
2026-04-06 01:00:00,1.8042,2.08819,0.136678,1.66752,0.065202,0.062097,0.061339,7.631
2026-04-06 02:00:00,1.28247,0.707767,0.062458,1.22001,0.04834,0.057155,0.05795,4.372
2026-04-06 03:00:00,0.544707,0.24339,0.02438,0.520327,0.043197,0.023998,0.046685,2.764
2026-04-06 04:00:00,3.87042,2.16709,0.084465,3.78595,0.050254,0.065817,0.061913,5.969
2026-04-06 05:00:00,0.588216,0.482145,0.032728,0.555488,0.02127,0.013844,0.037418,2.341
2026-04-06 06:00:00,0.71604,0.939684,0.038113,0.677927,0.02765,0.018344,0.049162,2.72
2026-04-06 07:00:00,1.86439,1.56408,0.122561,1.74183,0.05063,0.042858,0.082208,5.559
2026-04-06 08:00:00,2.81433,2.18165,0.471662,2.34267,0.08383,0.05962,0.098456,10.37
2026-04-06 09:00:00,2.90207,1.91935,0.438822,2.46325,0.100837,0.069327,0.101396,13.303
2026-04-06 10:00:00,6.24525,4.09256,0.401468,5.84378,0.115355,0.118215,0.117848,15.842
2026-04-06 11:00:00,4.98525,3.6125,0.594551,4.3907,0.12969,0.100823,0.10766,16.898
2026-04-06 12:00:00,2.60267,1.77778,0.333775,2.2689,0.086674,0.0637,0.097999,13.816
2026-04-06 13:00:00,3.11044,2.47253,0.37122,2.73922,0.094348,0.069053,0.10626,12.92
2026-04-06 14:00:00,4.01953,2.95989,1.15807,2.86145,0.137933,0.073966,0.104254,14.223
2026-04-06 15:00:00,4.10601,2.741,0.312084,3.79393,0.102052,0.090496,0.113297,17.282
2026-04-06 16:00:00,4.58558,2.9854,0.417895,4.16768,0.112956,0.108207,0.113334,17.471
2026-04-06 17:00:00,4.07431,2.84122,0.83567,3.23864,0.144748,0.102991,0.111921,18.626
2026-04-06 18:00:00,6.13755,3.50317,0.825257,5.31229,0.138025,0.120114,0.129972,25.794
2026-04-06 19:00:00,14.0106,9.7431,0.586128,13.4245,0.111881,0.135225,0.114368,17.173
2026-04-06 20:00:00,4.26156,3.16139,0.950853,3.31071,0.135059,0.113498,0.130076,24.499
2026-04-06 21:00:00,3.50476,2.03528,0.509786,2.99497,0.14652,0.094392,0.10855,19.356
2026-04-06 22:00:00,6.62562,4.98917,0.764474,5.86114,0.139616,0.126936,0.105562,24.726
2026-04-06 23:00:00,7.67232,6.31987,0.476483,7.19584,0.105497,0.145728,0.108166,20.471
2026-04-07 00:00:00,2.72101,2.56216,0.158281,2.56273,0.072944,0.076103,0.089635,9.252
2026-04-07 01:00:00,1.29741,0.884999,0.079518,1.21789,0.063258,0.037409,0.08225,8.576
2026-04-07 02:00:00,0.898389,0.435266,0.115647,0.782742,0.069204,0.031138,0.08097,12.579
2026-04-07 03:00:00,0.607442,0.288983,0.054309,0.553133,0.056961,0.034736,0.0709,9.096
2026-04-07 04:00:00,0.383264,0.207843,0.032211,0.351053,0.056092,0.033089,0.068026,8.538
2026-04-07 05:00:00,0.761705,0.600714,0.056075,0.70563,0.051388,0.020067,0.056187,7.313
2026-04-07 06:00:00,1.65577,1.45243,0.070342,1.58543,0.049348,0.029673,0.061639,7.889
2026-04-07 07:00:00,4.97105,3.01276,0.221419,4.74963,0.078116,0.083725,0.094252,15.208
2026-04-07 08:00:00,3.67864,2.91032,0.214881,3.46376,0.082072,0.075033,0.103567,15.228
2026-04-07 09:00:00,2.58698,1.43562,0.283935,2.30304,0.088129,0.066761,0.110935,17.638
2026-04-07 10:00:00,2.80195,1.84581,0.290513,2.51143,0.08535,0.074384,0.128086,18.733
2026-04-07 11:00:00,5.46748,2.97793,0.492035,4.97544,0.098721,0.100531,0.130929,20.862
2026-04-07 12:00:00,6.61248,3.61733,0.832181,5.78029,0.117113,0.126326,0.139932,24.655
2026-04-07 13:00:00,4.84501,3.15842,1.09441,3.75061,0.136291,0.097901,0.12127,17.969
2026-04-07 14:00:00,4.27942,3.42902,0.319716,3.9597,0.095412,0.101547,0.116727,13.934
2026-04-07 15:00:00,2.92098,1.86525,0.258016,2.66296,0.083251,0.070899,0.103706,11.56
2026-04-07 16:00:00,2.66346,1.89166,0.215236,2.44822,0.085188,0.065753,0.102728,11.857
2026-04-07 17:00:00,3.67977,2.83495,0.364196,3.31558,0.118669,0.082455,0.107813,18.844
2026-04-07 18:00:00,6.43621,4.76051,0.829245,5.60696,0.18964,0.139122,0.137701,24.77
2026-04-07 19:00:00,6.189,4.15369,0.662108,5.5269,0.156896,0.141106,0.12187,23.545
2026-04-07 20:00:00,2.80264,1.91437,0.290425,2.51221,0.107317,0.105969,0.117157,20.796
2026-04-07 21:00:00,5.86448,3.50328,0.37556,5.48892,0.100939,0.113936,0.12149,23.685
2026-04-07 22:00:00,6.3187,4.29844,0.880672,5.43803,0.142346,0.157335,0.126415,22.798
2026-04-07 23:00:00,7.76591,5.89219,0.317013,7.44889,0.091739,0.111807,0.103916,14.148
2026-04-08 00:00:00,2.79676,1.82795,0.132861,2.6639,0.063763,0.066388,0.068056,10.048
2026-04-08 01:00:00,2.22038,1.36555,0.138748,2.08163,0.076771,0.0613,0.07431,10.753
2026-04-08 02:00:00,1.66967,0.77659,0.069519,1.60015,0.064879,0.067538,0.083292,8.541
2026-04-08 03:00:00,0.717124,0.332927,0.036634,0.68049,0.056999,0.028583,0.065902,5.695
2026-04-08 04:00:00,0.2751,0.121404,0.026805,0.248295,0.044611,0.026568,0.050413,3.107
2026-04-08 05:00:00,1.35189,0.931053,0.058552,1.29334,0.036998,0.027162,0.045185,4.863
2026-04-08 06:00:00,1.56691,1.21654,0.090662,1.47625,0.038581,0.028597,0.054024,4.975
2026-04-08 07:00:00,2.71583,1.52062,0.196324,2.51951,0.072435,0.054677,0.084089,10.126
2026-04-08 08:00:00,2.83939,1.56699,0.311682,2.5277,0.094792,0.068741,0.098339,12.76
2026-04-08 09:00:00,1.65258,1.0526,0.232129,1.42045,0.071381,0.04757,0.097896,9.387
2026-04-08 10:00:00,3.35974,1.7159,0.246833,3.11291,0.087641,0.076034,0.106257,14.039
2026-04-08 11:00:00,4.23325,2.18209,0.489165,3.74409,0.0881,0.07425,0.109117,16.734
2026-04-08 12:00:00,5.11442,2.57783,0.399721,4.7147,0.120672,0.10502,0.129856,23.08
2026-04-08 13:00:00,2.53919,1.54829,0.237444,2.30174,0.087884,0.057364,0.109395,14.102
2026-04-08 14:00:00,2.41886,1.51748,0.356535,2.06232,0.099531,0.058299,0.109521,12.411
2026-04-08 15:00:00,3.07008,2.14092,0.272085,2.79799,0.085086,0.070926,0.106009,13.169
2026-04-08 16:00:00,3.40176,1.67245,0.316507,3.08525,0.098107,0.089692,0.108362,17.856
2026-04-08 17:00:00,5.97917,3.29976,0.474378,5.50479,0.133818,0.143783,0.12513,21.977
2026-04-08 18:00:00,7.81763,3.18827,0.913104,6.90452,0.168468,0.179964,0.154544,31.429
2026-04-08 19:00:00,6.86464,3.63979,0.494992,6.36965,0.147018,0.140768,0.1262,20.978
2026-04-08 20:00:00,5.63829,3.32055,0.41528,5.22301,0.109796,0.125752,0.111194,21.141
2026-04-08 21:00:00,6.08292,4.66481,0.64419,5.43873,0.134828,0.139298,0.134425,23.776
2026-04-08 22:00:00,6.14584,4.64889,0.815276,5.33056,0.169788,0.156226,0.133107,24.687
2026-04-08 23:00:00,5.95481,4.95409,0.597603,5.35721,0.131047,0.144274,0.105554,16.961
2026-04-09 00:00:00,2.13879,1.54985,0.130755,2.00803,0.070089,0.079915,0.078437,10.983
2026-04-09 01:00:00,2.05981,2.26353,0.362051,1.69776,0.114659,0.055637,0.081208,12.272
2026-04-09 02:00:00,2.01943,0.954362,0.497361,1.52207,0.125449,0.052155,0.098622,12.753
2026-04-09 03:00:00,0.84782,0.344362,0.276028,0.571792,0.087842,0.035554,0.070746,10.237
2026-04-09 04:00:00,2.24289,1.05004,0.656462,1.58643,0.127315,0.038353,0.057202,12.876
2026-04-09 05:00:00,0.459588,0.370636,0.064505,0.395083,0.037411,0.012843,0.050275,7.394
2026-04-09 06:00:00,1.17977,0.921692,0.081452,1.09831,0.039727,0.031406,0.069867,5.339
2026-04-09 07:00:00,2.23253,1.3148,0.152807,2.07973,0.061313,0.050154,0.078637,8.53
2026-04-09 08:00:00,3.08433,2.00803,0.254815,2.82951,0.081421,0.065485,0.094864,13.535
2026-04-09 09:00:00,5.74185,3.10706,0.988328,4.75352,0.144657,0.113744,0.131717,19.366
2026-04-09 10:00:00,4.5939,3.27668,0.306875,4.28702,0.093744,0.098238,0.122449,17.425
2026-04-09 11:00:00,3.91607,2.58316,0.267178,3.64889,0.083622,0.076477,0.113092,16.736
2026-04-09 12:00:00,2.54849,1.40956,0.325844,2.22265,0.080355,0.059709,0.092547,15.685
2026-04-09 13:00:00,3.70574,1.95039,0.516243,3.1895,0.100237,0.088256,0.121576,17.322
2026-04-09 14:00:00,3.39556,2.11958,0.261206,3.13436,0.077028,0.070637,0.107,13.518
2026-04-09 15:00:00,2.49352,1.97272,0.250112,2.24341,0.080458,0.07226,0.110607,15.263
2026-04-09 16:00:00,3.37186,2.65501,0.276119,3.09574,0.08455,0.072753,0.103724,14.484
2026-04-09 17:00:00,4.86936,3.07409,0.387876,4.48149,0.103364,0.115285,0.126475,20.667
2026-04-09 18:00:00,5.07223,2.43623,0.60651,4.46572,0.113715,0.117149,0.11467,21.69
2026-04-09 19:00:00,4.34097,2.32885,0.756887,3.58409,0.121789,0.102511,0.11612,21.511
2026-04-09 20:00:00,6.18414,3.69865,0.73404,5.4501,0.151518,0.139408,0.155609,32.322
2026-04-09 21:00:00,4.85246,2.79198,0.580108,4.27235,0.144041,0.133925,0.124937,22.16
2026-04-09 22:00:00,6.64516,4.87897,0.428684,6.21648,0.113822,0.177328,0.117922,23.08
2026-04-09 23:00:00,7.64485,7.66017,0.236609,7.40824,0.090815,0.116703,0.08882,12.65
2026-04-10 00:00:00,3.06807,3.77841,0.593411,2.47466,0.100731,0.080358,0.100188,13.581
2026-04-10 01:00:00,2.19724,2.15416,0.352514,1.84473,0.074063,0.06829,0.09715,12.213
2026-04-10 02:00:00,0.951199,1.05924,0.048354,0.902845,0.034447,0.029527,0.049362,4.18
2026-04-10 03:00:00,0.360371,0.266941,0.021546,0.338825,0.021818,0.012546,0.039873,2.764
2026-04-10 04:00:00,4.34452,5.31116,0.177159,4.16737,0.028397,0.028163,0.037411,4.511
2026-04-10 05:00:00,0.603072,0.698,0.121757,0.481315,0.024428,0.014211,0.041709,3.909
2026-04-10 06:00:00,1.30994,1.24757,0.072954,1.23699,0.040377,0.02874,0.055869,4.934
2026-04-10 07:00:00,2.49158,1.41889,0.197133,2.29445,0.071721,0.05704,0.08149,10.964
2026-04-10 08:00:00,2.70927,1.66622,0.193547,2.51572,0.07467,0.062811,0.093403,12.34
2026-04-10 09:00:00,5.4195,2.79933,0.326021,5.09348,0.102412,0.105344,0.120332,17.463
2026-04-10 10:00:00,3.63693,2.10959,0.264739,3.37219,0.100912,0.077031,0.111389,14.785
2026-04-10 11:00:00,3.20164,2.05233,0.335168,2.86647,0.080531,0.064359,0.111821,12.67
2026-04-10 12:00:00,1.73599,1.45636,0.435971,1.30001,0.093204,0.04798,0.092199,9.635
2026-04-10 13:00:00,3.64732,2.28243,0.265522,3.3818,0.088437,0.082769,0.111627,13.435
2026-04-10 14:00:00,2.29371,1.35242,0.269756,2.02395,0.097576,0.064344,0.102648,10.915
2026-04-10 15:00:00,2.98759,2.01864,0.336772,2.65082,0.104738,0.074711,0.121549,15.138
2026-04-10 16:00:00,3.37872,1.82831,0.494752,2.88397,0.120071,0.091223,0.109125,14.848
2026-04-10 17:00:00,4.36744,2.21024,0.491023,3.87642,0.115373,0.097867,0.111994,17.639
2026-04-10 18:00:00,4.99746,2.78565,0.590126,4.40733,0.126899,0.120897,0.12419,21.94
2026-04-10 19:00:00,5.87366,3.52138,0.582455,5.2912,0.141743,0.133659,0.129735,19.298
2026-04-10 20:00:00,3.26668,2.10753,0.36012,2.90656,0.108096,0.096048,0.110805,17.722
2026-04-10 21:00:00,5.04868,3.30844,0.69355,4.35513,0.143673,0.135718,0.130545,27.901
2026-04-10 22:00:00,4.52306,3.65943,0.456122,4.06693,0.123905,0.136162,0.123577,25.595
2026-04-10 23:00:00,5.21546,4.35347,0.500928,4.71453,0.124744,0.148281,0.110697,21.998
2026-04-11 00:00:00,4.3901,3.72042,0.167477,4.22262,0.074877,0.120633,0.082864,12.053
2026-04-11 01:00:00,3.21015,2.66624,0.101941,3.10821,0.053885,0.094727,0.078509,8.429
2026-04-11 02:00:00,3.45851,1.55649,0.429071,3.02944,0.103479,0.116754,0.097871,11.515
2026-04-11 03:00:00,1.09758,0.429749,0.062742,1.03484,0.068477,0.045669,0.080737,7.043
2026-04-11 04:00:00,0.761167,0.319282,0.410301,0.350866,0.075504,0.017326,0.05555,6.951
2026-04-11 05:00:00,1.64579,1.21371,0.08265,1.56314,0.034947,0.023386,0.044986,4.568
2026-04-11 06:00:00,1.14209,1.0877,0.077848,1.06424,0.041077,0.024975,0.064953,6.063
2026-04-11 07:00:00,2.4111,1.96664,0.14956,2.26154,0.054279,0.048474,0.074226,7.642
2026-04-11 08:00:00,3.84758,2.1543,0.269701,3.57788,0.097207,0.082448,0.096398,17.691
2026-04-11 09:00:00,2.67928,1.41015,0.164362,2.51492,0.084774,0.080035,0.105608,11.239
2026-04-11 10:00:00,3.99737,2.40516,0.314131,3.68324,0.105321,0.113264,0.119082,18.371
2026-04-11 11:00:00,7.03747,4.72949,0.468643,6.56883,0.109634,0.126638,0.1308,23.476
2026-04-11 12:00:00,5.20756,3.73035,0.35302,4.85454,0.105337,0.117665,0.11592,24.803
2026-04-11 13:00:00,3.76865,2.2868,0.307952,3.4607,0.098134,0.097031,0.117176,16.686
2026-04-11 14:00:00,5.41918,3.97301,0.301549,5.11763,0.096733,0.12201,0.124613,16.093
2026-04-11 15:00:00,6.02313,4.78786,0.550691,5.47244,0.114654,0.133256,0.107832,16.207
2026-04-11 16:00:00,6.15341,4.40789,0.353741,5.79967,0.107147,0.112417,0.111581,16.777
2026-04-11 17:00:00,6.34921,3.63227,0.599594,5.74962,0.119705,0.132361,0.130159,24.457
2026-04-11 18:00:00,5.10467,2.84224,0.549105,4.55556,0.12724,0.13252,0.120689,20.267
2026-04-11 19:00:00,11.5706,6.23417,2.12279,9.44783,0.249362,0.201354,0.155222,23.622
2026-04-11 20:00:00,5.27036,2.84884,0.406695,4.86366,0.12026,0.125119,0.121663,18.826
2026-04-11 21:00:00,4.33937,2.35069,0.470703,3.86867,0.12359,0.136325,0.113727,21.533
2026-04-11 22:00:00,5.12195,3.90393,0.411162,4.71079,0.120588,0.13463,0.122904,25.296
2026-04-11 23:00:00,3.3179,2.90534,0.337254,2.98065,0.091746,0.094804,0.090848,15.616
2026-04-12 00:00:00,4.53411,6.04548,0.221718,4.31239,0.088939,0.130176,0.080967,17.05
2026-04-12 01:00:00,2.51801,3.21175,0.238875,2.27914,0.077087,0.090789,0.073402,8.584
2026-04-12 02:00:00,2.40726,1.22945,0.075388,2.33187,0.065278,0.076066,0.081083,11.066
2026-04-12 03:00:00,2.07548,0.829528,0.080405,1.99507,0.056218,0.058947,0.071038,8.049
2026-04-12 04:00:00,1.24851,0.70697,0.072317,1.17619,0.060159,0.035028,0.056551,6.249
2026-04-12 05:00:00,0.97788,0.724355,0.056451,0.921429,0.034493,0.026467,0.045603,5.04
2026-04-12 06:00:00,1.61781,1.66099,0.090396,1.52741,0.051275,0.038042,0.054463,7.201
2026-04-12 07:00:00,1.97057,1.41564,0.124435,1.84613,0.066458,0.044505,0.098126,10.396
2026-04-12 08:00:00,1.82112,1.23885,0.159959,1.66116,0.064366,0.04728,0.091932,9.066
2026-04-12 09:00:00,2.57102,1.4759,0.205384,2.36564,0.082739,0.065445,0.096356,11.611
2026-04-12 10:00:00,3.98584,2.60172,0.31802,3.66782,0.09463,0.086718,0.103277,15.792
2026-04-12 11:00:00,6.1852,3.53845,0.700553,5.48465,0.136498,0.123301,0.122128,20.781
2026-04-12 12:00:00,3.95336,2.51167,0.412306,3.54106,0.112385,0.096672,0.109844,17.237
2026-04-12 13:00:00,3.75009,2.53727,0.429531,3.32056,0.100032,0.087278,0.110638,15.358
2026-04-12 14:00:00,4.76464,3.23246,0.344596,4.42005,0.10263,0.100635,0.129187,18.134
2026-04-12 15:00:00,8.46135,5.54479,0.353774,8.10758,0.103805,0.109082,0.103186,19.577
2026-04-12 16:00:00,8.22258,5.13912,0.336721,7.88586,0.129221,0.126238,0.125181,17.845
2026-04-12 17:00:00,3.54585,2.39261,0.301123,3.24472,0.110295,0.216953,0.116429,14.496
2026-04-12 18:00:00,4.16485,2.59008,0.477144,3.68771,0.1231,0.118785,0.123461,19.36
2026-04-12 19:00:00,1.94252,1.44748,0.216765,1.72576,0.088325,0.063585,0.101953,12.794
2026-04-12 20:00:00,3.21609,1.9951,0.421868,2.79422,0.115454,0.083747,0.121807,17.803
2026-04-12 21:00:00,4.83063,3.80965,0.581881,4.24875,0.139503,0.109191,0.123156,19.582
2026-04-12 22:00:00,6.01781,5.28806,0.541178,5.47663,0.125599,0.127285,0.117536,21.265
2026-04-12 23:00:00,5.62317,7.83171,0.678626,4.94454,0.109764,0.137045,0.129434,18.525
2026-04-13 00:00:00,2.40079,2.56494,0.121414,2.27937,0.085675,0.097277,0.090849,10.963
2026-04-13 01:00:00,1.22789,1.33466,0.080723,1.14716,0.061086,0.054556,0.069012,6.906
2026-04-13 02:00:00,2.06592,0.95116,0.098617,1.9673,0.073174,0.085404,0.090227,8.06
2026-04-13 03:00:00,2.57119,1.06247,0.098068,2.47312,0.06437,0.064114,0.072656,9.6
2026-04-13 04:00:00,0.676419,0.269275,0.049451,0.626968,0.064369,0.082346,0.071546,7.398
2026-04-13 05:00:00,0.535082,0.370043,0.052577,0.482505,0.039226,0.023936,0.097795,6.49
2026-04-13 06:00:00,1.74672,1.46536,0.137225,1.60949,0.0559,0.056685,0.081046,8.963
2026-04-13 07:00:00,3.26826,2.2855,0.261711,3.00655,0.075123,0.062037,0.095328,11.885
2026-04-13 08:00:00,2.3851,1.40963,0.179157,2.20594,0.074601,0.058401,0.092342,11.681
2026-04-13 09:00:00,2.83604,1.92144,0.293971,2.54207,0.095575,0.066275,0.116389,15.087
2026-04-13 10:00:00,3.58004,2.77093,0.297471,3.28257,0.092697,0.072431,0.124915,15.626
2026-04-13 11:00:00,3.53249,2.4129,0.274611,3.25787,0.074032,0.051855,0.093691,12.179
2026-04-13 12:00:00,3.40578,2.83815,0.424592,2.98118,0.092588,0.069883,0.098217,12.296
2026-04-13 13:00:00,2.92913,2.81106,0.305947,2.62318,0.073684,0.061453,0.095884,13.21
2026-04-13 14:00:00,2.84703,2.70117,0.22196,2.62507,0.086712,0.067484,0.101611,10.848
2026-04-13 15:00:00,2.41274,2.26761,0.196385,2.21636,0.08955,0.07395,0.097952,11.086
2026-04-13 16:00:00,4.0117,2.90703,0.282773,3.72893,0.096736,0.093242,0.12093,17.075
2026-04-13 17:00:00,4.27725,3.09497,0.464933,3.81231,0.111122,0.104687,0.131243,21.635
2026-04-13 18:00:00,4.5314,2.60126,0.668667,3.86273,0.124458,0.113227,0.13456,20.563
2026-04-13 19:00:00,3.09944,1.74715,0.429009,2.67044,0.122557,0.09177,0.107277,17.487
2026-04-13 20:00:00,3.07156,1.85257,0.385934,2.68563,0.113251,0.100694,0.105117,16.666
2026-04-13 21:00:00,4.87592,3.99012,1.21129,3.66463,0.166477,0.126058,0.110145,22.719
2026-04-13 22:00:00,5.06173,5.17559,0.536444,4.52528,0.11674,0.112622,0.097117,19.018
2026-04-13 23:00:00,2.93925,2.67691,0.288837,2.65041,0.100346,0.086571,0.087481,12.4
2026-04-14 00:00:00,3.28047,4.2938,0.158505,3.12196,0.075609,0.079076,0.076391,13.094
2026-04-14 01:00:00,1.75285,2.03347,0.068412,1.68443,0.051535,0.043903,0.065608,8.527
2026-04-14 02:00:00,0.810674,0.949269,0.053142,0.757532,0.032799,0.020984,0.04305,3.967
2026-04-14 03:00:00,0.662424,0.895169,0.054059,0.608365,0.02244,0.008661,0.035693,2.811
2026-04-14 04:00:00,0.64432,0.828174,0.078284,0.566036,0.02447,0.009446,0.035323,2.119
2026-04-14 05:00:00,0.444038,0.685245,0.078312,0.365726,0.027521,0.010015,0.037301,2.777
2026-04-14 06:00:00,1.75229,1.8215,0.156496,1.59579,0.044545,0.038078,0.068527,6.5
2026-04-14 07:00:00,2.86611,2.00708,0.190514,2.6756,0.076702,0.06542,0.098952,11.973
2026-04-14 08:00:00,3.62596,2.76369,0.282437,3.34352,0.09077,0.080618,0.110582,15.975
2026-04-14 09:00:00,4.82574,3.41283,0.408725,4.41701,0.103163,0.092378,0.114687,17.169
2026-04-14 10:00:00,4.4311,3.58504,0.317185,4.11392,0.091046,0.075487,0.115792,14.933
2026-04-14 11:00:00,2.17119,1.64733,0.323849,1.84734,0.084268,0.057582,0.10041,11.996
2026-04-14 12:00:00,5.79638,5.14776,0.321368,5.47501,0.094643,0.106154,0.113722,22.222
2026-04-14 13:00:00,4.12341,3.45344,0.177957,3.94546,0.083703,0.082012,0.112787,17.438
2026-04-14 14:00:00,4.13228,2.78831,0.340691,3.79159,0.103745,0.106169,0.116699,15.384
2026-04-14 15:00:00,3.08718,1.95639,0.472535,2.61464,0.109162,0.084018,0.115455,15.476
2026-04-14 16:00:00,3.87883,2.73929,0.310038,3.56879,0.104053,0.102996,0.144046,18.095
2026-04-14 17:00:00,3.6798,2.835,0.3642,3.3156,0.1187,0.0825,0.1078,18.844
2026-04-14 18:00:00,6.4362,4.7605,0.8292,5.607,0.1896,0.1391,0.1377,24.77
2026-04-14 19:00:00,6.189,4.1537,0.6621,5.5269,0.1569,0.1411,0.1219,23.545
2026-04-14 20:00:00,2.8026,1.9144,0.2904,2.5122,0.1073,0.106,0.1172,20.796
2026-04-14 21:00:00,5.8645,3.5033,0.3756,5.4889,0.1009,0.1139,0.1215,23.685
2026-04-14 22:00:00,6.3187,4.2984,0.8807,5.438,0.1423,0.1573,0.1264,22.798
2026-04-14 23:00:00,7.7659,5.8922,0.317,7.4489,0.0917,0.1118,0.1039,14.148
2026-04-15 00:00:00,2.7968,1.8279,0.1329,2.6639,0.0638,0.0664,0.0681,10.048
2026-04-15 01:00:00,2.2204,1.3655,0.1387,2.0816,0.0768,0.0613,0.0743,10.753
2026-04-15 02:00:00,1.6697,0.7766,0.0695,1.6002,0.0649,0.0675,0.0833,8.541
2026-04-15 03:00:00,0.7171,0.3329,0.0366,0.6805,0.057,0.0286,0.0659,5.695
2026-04-15 04:00:00,0.2751,0.1214,0.0268,0.2483,0.0446,0.0266,0.0504,3.107
2026-04-15 05:00:00,1.3519,0.9311,0.0586,1.2933,0.037,0.0272,0.0452,4.863
2026-04-15 06:00:00,1.5669,1.2165,0.0907,1.4762,0.0386,0.0286,0.054,4.975
2026-04-15 07:00:00,2.7158,1.5206,0.1963,2.5195,0.0724,0.0547,0.0841,10.126
2026-04-15 08:00:00,2.8394,1.567,0.3117,2.5277,0.0948,0.0687,0.0983,12.76
2026-04-15 09:00:00,1.6526,1.0526,0.2321,1.4205,0.0714,0.0476,0.0979,9.387
2026-04-15 10:00:00,3.3597,1.7159,0.2468,3.1129,0.0876,0.076,0.1063,14.039
2026-04-15 11:00:00,4.2333,2.1821,0.4892,3.7441,0.0881,0.0742,0.1091,16.734
2026-04-15 12:00:00,5.1144,2.5778,0.3997,4.7147,0.1207,0.105,0.1299,23.08
2026-04-15 13:00:00,2.5392,1.5483,0.2374,2.3017,0.0879,0.0574,0.1094,14.102
2026-04-15 14:00:00,2.4189,1.5175,0.3565,2.0623,0.0995,0.0583,0.1095,12.411
2026-04-15 15:00:00,3.0701,2.1409,0.2721,2.798,0.0851,0.0709,0.106,13.169
2026-04-15 16:00:00,3.4018,1.6724,0.3165,3.0853,0.0981,0.0897,0.1084,17.856
2026-04-15 17:00:00,5.9792,3.2998,0.4744,5.5048,0.1338,0.1438,0.1251,21.977
2026-04-15 18:00:00,7.8176,3.1883,0.9131,6.9045,0.1685,0.18,0.1545,31.429
2026-04-15 19:00:00,6.8646,3.6398,0.495,6.3696,0.147,0.1408,0.1262,20.978
2026-04-15 20:00:00,5.6383,3.3206,0.4153,5.223,0.1098,0.1258,0.1112,21.141
2026-04-15 21:00:00,6.0829,4.6648,0.6442,5.4387,0.1348,0.1393,0.1344,23.776
2026-04-15 22:00:00,6.1458,4.6489,0.8153,5.3306,0.1698,0.1562,0.1331,24.687
2026-04-15 23:00:00,5.9548,4.9541,0.5976,5.3572,0.131,0.1443,0.1056,16.961
2026-04-16 00:00:00,2.1388,1.5498,0.1308,2.008,0.0701,0.0799,0.0784,10.983
2026-04-16 01:00:00,2.0598,2.2635,0.3621,1.6978,0.1147,0.0556,0.0812,12.272
2026-04-16 02:00:00,2.0194,0.9544,0.4974,1.5221,0.1254,0.0522,0.0986,12.753
2026-04-16 03:00:00,0.8478,0.3444,0.276,0.5718,0.0878,0.0356,0.0707,10.237
2026-04-16 04:00:00,2.2429,1.05,0.6565,1.5864,0.1273,0.0384,0.0572,12.876
2026-04-16 05:00:00,0.4596,0.3706,0.0645,0.3951,0.0374,0.0128,0.0503,7.394
2026-04-16 06:00:00,1.1798,0.9217,0.0815,1.0983,0.0397,0.0314,0.0699,5.339
2026-04-16 07:00:00,2.2325,1.3148,0.1528,2.0797,0.0613,0.0502,0.0786,8.53
2026-04-16 08:00:00,3.0843,2.008,0.2548,2.8295,0.0814,0.0655,0.0949,13.535
2026-04-16 09:00:00,5.7419,3.1071,0.9883,4.7535,0.1447,0.1137,0.1317,19.366
2026-04-16 10:00:00,4.5939,3.2767,0.3069,4.287,0.0937,0.0982,0.1224,17.425
2026-04-16 11:00:00,3.9161,2.5832,0.2672,3.6489,0.0836,0.0765,0.1131,16.736
2026-04-16 12:00:00,2.5485,1.4096,0.3258,2.2226,0.0804,0.0597,0.0925,15.685
2026-04-16 13:00:00,3.7057,1.9504,0.5162,3.1895,0.1002,0.0883,0.1216,17.322
2026-04-16 14:00:00,3.3956,2.1196,0.2612,3.1344,0.077,0.0706,0.107,13.518
2026-04-16 15:00:00,2.4935,1.9727,0.2501,2.2434,0.0805,0.0723,0.1106,15.263
2026-04-16 16:00:00,3.3719,2.655,0.2761,3.0957,0.0846,0.0728,0.1037,14.484
2026-04-16 17:00:00,4.8694,3.0741,0.3879,4.4815,0.1034,0.1153,0.1265,20.667
2026-04-16 18:00:00,5.0722,2.4362,0.6065,4.4657,0.1137,0.1171,0.1147,21.69
2026-04-16 19:00:00,4.341,2.3288,0.7569,3.5841,0.1218,0.1025,0.1161,21.511
2026-04-16 20:00:00,6.1841,3.6987,0.734,5.4501,0.1515,0.1394,0.1556,32.322
2026-04-16 21:00:00,4.8525,2.792,0.5801,4.2724,0.144,0.1339,0.1249,22.16
2026-04-16 22:00:00,6.6452,4.879,0.4287,6.2165,0.1138,0.1773,0.1179,23.08
2026-04-16 23:00:00,7.6448,7.6602,0.2366,7.4082,0.0908,0.1167,0.0888,12.65
2026-04-17 00:00:00,3.0681,3.7784,0.5934,2.4747,0.1007,0.0804,0.1002,13.581
2026-04-17 01:00:00,2.1972,2.1542,0.3525,1.8447,0.0741,0.0683,0.0972,12.213
2026-04-17 02:00:00,0.9512,1.0592,0.0484,0.9028,0.0344,0.0295,0.0494,4.18
2026-04-17 03:00:00,0.3604,0.2669,0.0215,0.3388,0.0218,0.0125,0.0399,2.764
2026-04-17 04:00:00,4.3445,5.3112,0.1772,4.1674,0.0284,0.0282,0.0374,4.511
2026-04-17 05:00:00,0.6031,0.698,0.1218,0.4813,0.0244,0.0142,0.0417,3.909
2026-04-17 06:00:00,1.3099,1.2476,0.073,1.237,0.0404,0.0287,0.0559,4.934
2026-04-17 07:00:00,2.4916,1.4189,0.1971,2.2944,0.0717,0.057,0.0815,10.964
2026-04-17 08:00:00,2.7093,1.6662,0.1935,2.5157,0.0747,0.0628,0.0934,12.34
2026-04-17 09:00:00,5.4195,2.7993,0.326,5.0935,0.1024,0.1053,0.1203,17.463
2026-04-17 10:00:00,3.6369,2.1096,0.2647,3.3722,0.1009,0.077,0.1114,14.785
2026-04-17 11:00:00,3.2016,2.0523,0.3352,2.8665,0.0805,0.0644,0.1118,12.67
2026-04-17 12:00:00,1.736,1.4564,0.436,1.3,0.0932,0.048,0.0922,9.635
2026-04-17 13:00:00,3.6473,2.2824,0.2655,3.3818,0.0884,0.0828,0.1116,13.435
2026-04-17 14:00:00,2.2937,1.3524,0.2698,2.024,0.0976,0.0643,0.1026,10.915
2026-04-17 15:00:00,2.9876,2.0186,0.3368,2.6508,0.1047,0.0747,0.1215,15.138
2026-04-17 16:00:00,3.3787,1.8283,0.4948,2.884,0.1201,0.0912,0.1091,14.848
2026-04-17 17:00:00,4.3674,2.2102,0.491,3.8764,0.1154,0.0979,0.112,17.639
2026-04-17 18:00:00,4.9975,2.7857,0.5901,4.4073,0.1269,0.1209,0.1242,21.94
2026-04-17 19:00:00,5.8737,3.5214,0.5825,5.2912,0.1417,0.1337,0.1297,19.298
2026-04-17 20:00:00,3.2667,2.1075,0.3601,2.9066,0.1081,0.096,0.1108,17.722
2026-04-17 21:00:00,5.0487,3.3084,0.6936,4.3551,0.1437,0.1357,0.1305,27.901
2026-04-17 22:00:00,4.5231,3.6594,0.4561,4.0669,0.1239,0.1362,0.1236,25.595
2026-04-17 23:00:00,5.2155,4.3535,0.5009,4.7145,0.1247,0.1483,0.1107,21.998
2026-04-18 00:00:00,4.3901,3.7204,0.1675,4.2226,0.0749,0.1206,0.0829,12.053
2026-04-18 01:00:00,3.2102,2.6662,0.1019,3.1082,0.0539,0.0947,0.0785,8.429
2026-04-18 02:00:00,3.4585,1.5565,0.4291,3.0294,0.1035,0.1168,0.0979,11.515
2026-04-18 03:00:00,1.0976,0.4297,0.0627,1.0348,0.0685,0.0457,0.0807,7.043
2026-04-18 04:00:00,0.7612,0.3193,0.4103,0.3509,0.0755,0.0173,0.0555,6.951
2026-04-18 05:00:00,1.6458,1.2137,0.0827,1.5631,0.0349,0.0234,0.045,4.568
2026-04-18 06:00:00,1.1421,1.0877,0.0778,1.0642,0.0411,0.025,0.065,6.063
2026-04-18 07:00:00,2.4111,1.9666,0.1496,2.2615,0.0543,0.0485,0.0742,7.642
2026-04-18 08:00:00,3.8476,2.1543,0.2697,3.5779,0.0972,0.0824,0.0964,17.691
2026-04-18 09:00:00,2.6793,1.4101,0.1644,2.5149,0.0848,0.08,0.1056,11.239
2026-04-18 10:00:00,3.9974,2.4052,0.3141,3.6832,0.1053,0.1133,0.1191,18.371
2026-04-18 11:00:00,7.0375,4.7295,0.4686,6.5688,0.1096,0.1266,0.1308,23.476
2026-04-18 12:00:00,5.2076,3.7303,0.353,4.8545,0.1053,0.1177,0.1159,24.803
2026-04-18 13:00:00,3.7687,2.2868,0.308,3.4607,0.0981,0.097,0.1172,16.686
2026-04-18 14:00:00,5.4192,3.973,0.3015,5.1176,0.0967,0.122,0.1246,16.093
2026-04-18 15:00:00,6.0231,4.7879,0.5507,5.4724,0.1147,0.1333,0.1078,16.207
2026-04-18 16:00:00,6.1534,4.4079,0.3537,5.7997,0.1071,0.1124,0.1116,16.777
2026-04-18 17:00:00,6.3492,3.6323,0.5996,5.7496,0.1197,0.1324,0.1302,24.457
2026-04-18 18:00:00,5.1047,2.8422,0.5491,4.5556,0.1272,0.1325,0.1207,20.267
2026-04-18 19:00:00,11.5706,6.2342,2.1228,9.4478,0.2494,0.2014,0.1552,23.622
2026-04-18 20:00:00,5.2704,2.8488,0.4067,4.8637,0.1203,0.1251,0.1217,18.826
2026-04-18 21:00:00,4.3394,2.3507,0.4707,3.8687,0.1236,0.1363,0.1137,21.533
2026-04-18 22:00:00,5.122,3.9039,0.4112,4.7108,0.1206,0.1346,0.1229,25.296
2026-04-18 23:00:00,3.3179,2.9053,0.3373,2.9806,0.0917,0.0948,0.0908,15.616
2026-04-19 00:00:00,4.5341,6.0455,0.2217,4.3124,0.0889,0.1302,0.081,17.05
2026-04-19 01:00:00,2.518,3.2117,0.2389,2.2791,0.0771,0.0908,0.0734,8.584
2026-04-19 02:00:00,2.4073,1.2295,0.0754,2.3319,0.0653,0.0761,0.0811,11.066
2026-04-19 03:00:00,2.0755,0.8295,0.0804,1.9951,0.0562,0.0589,0.071,8.049
2026-04-19 04:00:00,1.2485,0.707,0.0723,1.1762,0.0602,0.035,0.0566,6.249
2026-04-19 05:00:00,0.9779,0.7244,0.0565,0.9214,0.0345,0.0265,0.0456,5.04
2026-04-19 06:00:00,1.6178,1.661,0.0904,1.5274,0.0513,0.038,0.0545,7.201
2026-04-19 07:00:00,1.9706,1.4156,0.1244,1.8461,0.0665,0.0445,0.0981,10.396
2026-04-19 08:00:00,1.8211,1.2389,0.16,1.6612,0.0644,0.0473,0.0919,9.066
2026-04-19 09:00:00,2.571,1.4759,0.2054,2.3656,0.0827,0.0654,0.0964,11.611
2026-04-19 10:00:00,3.9858,2.6017,0.318,3.6678,0.0946,0.0867,0.1033,15.792
2026-04-19 11:00:00,6.1852,3.5384,0.7006,5.4847,0.1365,0.1233,0.1221,20.781
2026-04-19 12:00:00,3.9534,2.5117,0.4123,3.5411,0.1124,0.0967,0.1098,17.237
2026-04-19 13:00:00,3.7501,2.5373,0.4295,3.3206,0.1,0.0873,0.1106,15.358
2026-04-19 14:00:00,4.7646,3.2325,0.3446,4.42,0.1026,0.1006,0.1292,18.134
2026-04-19 15:00:00,8.4614,5.5448,0.3538,8.1076,0.1038,0.1091,0.1032,19.577
2026-04-19 16:00:00,8.2226,5.1391,0.3367,7.8859,0.1292,0.1262,0.1252,17.845
2026-04-19 17:00:00,3.5458,2.3926,0.3011,3.2447,0.1103,0.217,0.1164,14.496
2026-04-19 18:00:00,4.1648,2.5901,0.4771,3.6877,0.1231,0.1188,0.1235,19.36
2026-04-19 19:00:00,1.9425,1.4475,0.2168,1.7258,0.0883,0.0636,0.102,12.794
2026-04-19 20:00:00,3.2161,1.9951,0.4219,2.7942,0.1155,0.0837,0.1218,17.803
2026-04-19 21:00:00,4.8306,3.8096,0.5819,4.2488,0.1395,0.1092,0.1232,19.582
2026-04-19 22:00:00,6.0178,5.2881,0.5412,5.4766,0.1256,0.1273,0.1175,21.265
2026-04-19 23:00:00,5.6232,7.8317,0.6786,4.9445,0.1098,0.137,0.1294,18.525
2026-04-20 00:00:00,2.4008,2.5649,0.1214,2.2794,0.0857,0.0973,0.0908,10.963
2026-04-20 01:00:00,1.2279,1.3347,0.0807,1.1472,0.0611,0.0546,0.069,6.906
2026-04-20 02:00:00,2.0659,0.9512,0.0986,1.9673,0.0732,0.0854,0.0902,8.06
2026-04-20 03:00:00,2.5712,1.0625,0.0981,2.4731,0.0644,0.0641,0.0727,9.6
2026-04-20 04:00:00,0.6764,0.2693,0.0495,0.627,0.0644,0.0823,0.0715,7.398
2026-04-20 05:00:00,0.5351,0.37,0.0526,0.4825,0.0392,0.0239,0.0978,6.49
2026-04-20 06:00:00,1.7467,1.4654,0.1372,1.6095,0.0559,0.0567,0.081,8.963
2026-04-20 07:00:00,3.2683,2.2855,0.2617,3.0066,0.0751,0.062,0.0953,11.885
2026-04-20 08:00:00,2.3851,1.4096,0.1792,2.2059,0.0746,0.0584,0.0923,11.681
2026-04-20 09:00:00,2.836,1.9214,0.294,2.5421,0.0956,0.0663,0.1164,15.087
2026-04-20 10:00:00,3.58,2.7709,0.2975,3.2826,0.0927,0.0724,0.1249,15.626
2026-04-20 11:00:00,3.5325,2.4129,0.2746,3.2579,0.074,0.0519,0.0937,12.179
2026-04-20 12:00:00,3.4058,2.8381,0.4246,2.9812,0.0926,0.0699,0.0982,12.296
2026-04-20 13:00:00,2.9291,2.8111,0.3059,2.6232,0.0737,0.0615,0.0959,13.21
2026-04-20 14:00:00,2.847,2.7012,0.222,2.6251,0.0867,0.0675,0.1016,10.848
2026-04-20 15:00:00,2.4127,2.2676,0.1964,2.2164,0.0896,0.074,0.098,11.086
2026-04-20 16:00:00,4.0117,2.907,0.2828,3.7289,0.0967,0.0932,0.1209,17.075
2026-04-20 17:00:00,4.2772,3.095,0.4649,3.8123,0.1111,0.1047,0.1312,21.635
2026-04-20 18:00:00,4.5314,2.6013,0.6687,3.8627,0.1245,0.1132,0.1346,20.563
2026-04-20 19:00:00,3.0994,1.7472,0.429,2.6704,0.1226,0.0918,0.1073,17.487
2026-04-20 20:00:00,3.0716,1.8526,0.3859,2.6856,0.1133,0.1007,0.1051,16.666
2026-04-20 21:00:00,4.8759,3.9901,1.2113,3.6646,0.1665,0.1261,0.1101,22.719
2026-04-20 22:00:00,5.0617,5.1756,0.5364,4.5253,0.1167,0.1126,0.0971,19.018
2026-04-20 23:00:00,2.9392,2.6769,0.2888,2.6504,0.1003,0.0866,0.0875,12.4
2026-04-21 00:00:00,3.2805,4.2938,0.1585,3.122,0.0756,0.0791,0.0764,13.094
2026-04-21 01:00:00,1.7528,2.0335,0.0684,1.6844,0.0515,0.0439,0.0656,8.527
2026-04-21 02:00:00,0.8107,0.9493,0.0531,0.7575,0.0328,0.021,0.043,3.967
2026-04-21 03:00:00,0.6624,0.8952,0.0541,0.6084,0.0224,0.0087,0.0357,2.811
2026-04-21 04:00:00,0.6443,0.8282,0.0783,0.566,0.0245,0.0094,0.0353,2.119
2026-04-21 05:00:00,0.444,0.6852,0.0783,0.3657,0.0275,0.01,0.0373,2.777
2026-04-21 06:00:00,1.7523,1.8215,0.1565,1.5958,0.0445,0.0381,0.0685,6.5
2026-04-21 07:00:00,2.8661,2.0071,0.1905,2.6756,0.0767,0.0654,0.099,11.973
2026-04-21 08:00:00,3.626,2.7637,0.2824,3.3435,0.0908,0.0806,0.1106,15.975
2026-04-21 09:00:00,4.8257,3.4128,0.4087,4.417,0.1032,0.0924,0.1147,17.169
2026-04-21 10:00:00,4.4311,3.585,0.3172,4.1139,0.091,0.0755,0.1158,14.933
2026-04-21 11:00:00,2.1712,1.6473,0.3238,1.8473,0.0843,0.0576,0.1004,11.996
2026-04-21 12:00:00,5.7964,5.1478,0.3214,5.475,0.0946,0.1062,0.1137,22.222
2026-04-21 13:00:00,4.1234,3.4534,0.178,3.9455,0.0837,0.082,0.1128,17.438
2026-04-21 14:00:00,4.1323,2.7883,0.3407,3.7916,0.1037,0.1062,0.1167,15.384
2026-04-21 15:00:00,3.0872,1.9564,0.4725,2.6146,0.1092,0.084,0.1155,15.476
2026-04-21 16:00:00,3.8788,2.7393,0.31,3.5688,0.1041,0.103,0.144,18.095
2026-04-21 17:00:00,3.6798,2.835,0.3642,3.3156,0.1187,0.0825,0.1078,18.844
2026-04-21 18:00:00,6.4362,4.7605,0.8292,5.607,0.1896,0.1391,0.1377,24.77
2026-04-21 19:00:00,6.189,4.1537,0.6621,5.5269,0.1569,0.1411,0.1219,23.545
2026-04-21 20:00:00,2.8026,1.9144,0.2904,2.5122,0.1073,0.106,0.1172,20.796
2026-04-21 21:00:00,5.8645,3.5033,0.3756,5.4889,0.1009,0.1139,0.1215,23.685
2026-04-21 22:00:00,6.3187,4.2984,0.8807,5.438,0.1423,0.1573,0.1264,22.798
2026-04-21 23:00:00,7.7659,5.8922,0.317,7.4489,0.0917,0.1118,0.1039,14.148
2026-04-22 00:00:00,2.7968,1.8279,0.1329,2.6639,0.0638,0.0664,0.0681,10.048
2026-04-22 01:00:00,2.2204,1.3655,0.1387,2.0816,0.0768,0.0613,0.0743,10.753
2026-04-22 02:00:00,1.6697,0.7766,0.0695,1.6002,0.0649,0.0675,0.0833,8.541
2026-04-22 03:00:00,0.7171,0.3329,0.0366,0.6805,0.057,0.0286,0.0659,5.695
2026-04-22 04:00:00,0.2751,0.1214,0.0268,0.2483,0.0446,0.0266,0.0504,3.107
2026-04-22 05:00:00,1.3519,0.9311,0.0586,1.2933,0.037,0.0272,0.0452,4.863
2026-04-22 06:00:00,1.5669,1.2165,0.0907,1.4762,0.0386,0.0286,0.054,4.975
2026-04-22 07:00:00,2.7158,1.5206,0.1963,2.5195,0.0724,0.0547,0.0841,10.126
2026-04-22 08:00:00,2.8394,1.567,0.3117,2.5277,0.0948,0.0687,0.0983,12.76
2026-04-22 09:00:00,1.6526,1.0526,0.2321,1.4205,0.0714,0.0476,0.0979,9.387
2026-04-22 10:00:00,3.3597,1.7159,0.2468,3.1129,0.0876,0.076,0.1063,14.039
2026-04-22 11:00:00,4.2333,2.1821,0.4892,3.7441,0.0881,0.0742,0.1091,16.734
2026-04-22 12:00:00,5.1144,2.5778,0.3997,4.7147,0.1207,0.105,0.1299,23.08
2026-04-22 13:00:00,2.5392,1.5483,0.2374,2.3017,0.0879,0.0574,0.1094,14.102
2026-04-22 14:00:00,2.4189,1.5175,0.3565,2.0623,0.0995,0.0583,0.1095,12.411
2026-04-22 15:00:00,3.0701,2.1409,0.2721,2.798,0.0851,0.0709,0.106,13.169
2026-04-22 16:00:00,3.4018,1.6724,0.3165,3.0853,0.0981,0.0897,0.1084,17.856
2026-04-22 17:00:00,5.9792,3.2998,0.4744,5.5048,0.1338,0.1438,0.1251,21.977
2026-04-22 18:00:00,7.8176,3.1883,0.9131,6.9045,0.1685,0.18,0.1545,31.429
2026-04-22 19:00:00,6.8646,3.6398,0.495,6.3696,0.147,0.1408,0.1262,20.978
2026-04-22 20:00:00,5.6383,3.3206,0.4153,5.223,0.1098,0.1258,0.1112,21.141
2026-04-22 21:00:00,6.0829,4.6648,0.6442,5.4387,0.1348,0.1393,0.1344,23.776
2026-04-22 22:00:00,6.1458,4.6489,0.8153,5.3306,0.1698,0.1562,0.1331,24.687
2026-04-22 23:00:00,5.9548,4.9541,0.5976,5.3572,0.131,0.1443,0.1056,16.961
2026-04-23 00:00:00,2.1388,1.5498,0.1308,2.008,0.0701,0.0799,0.0784,10.983
2026-04-23 01:00:00,2.0598,2.2635,0.3621,1.6978,0.1147,0.0556,0.0812,12.272
2026-04-23 02:00:00,2.0194,0.9544,0.4974,1.5221,0.1254,0.0522,0.0986,12.753
2026-04-23 03:00:00,0.8478,0.3444,0.276,0.5718,0.0878,0.0356,0.0707,10.237
2026-04-23 04:00:00,2.2429,1.05,0.6565,1.5864,0.1273,0.0384,0.0572,12.876
2026-04-23 05:00:00,0.4596,0.3706,0.0645,0.3951,0.0374,0.0128,0.0503,7.394
2026-04-23 06:00:00,1.1798,0.9217,0.0815,1.0983,0.0397,0.0314,0.0699,5.339
2026-04-23 07:00:00,2.2325,1.3148,0.1528,2.0797,0.0613,0.0502,0.0786,8.53
2026-04-23 08:00:00,3.0843,2.008,0.2548,2.8295,0.0814,0.0655,0.0949,13.535
2026-04-23 09:00:00,5.7419,3.1071,0.9883,4.7535,0.1447,0.1137,0.1317,19.366
2026-04-23 10:00:00,4.5939,3.2767,0.3069,4.287,0.0937,0.0982,0.1224,17.425
2026-04-23 11:00:00,3.9161,2.5832,0.2672,3.6489,0.0836,0.0765,0.1131,16.736
2026-04-23 12:00:00,2.5485,1.4096,0.3258,2.2226,0.0804,0.0597,0.0925,15.685
2026-04-23 13:00:00,3.7057,1.9504,0.5162,3.1895,0.1002,0.0883,0.1216,17.322
2026-04-23 14:00:00,3.3956,2.1196,0.2612,3.1344,0.077,0.0706,0.107,13.518
2026-04-23 15:00:00,2.4935,1.9727,0.2501,2.2434,0.0805,0.0723,0.1106,15.263
2026-04-23 16:00:00,3.3719,2.655,0.2761,3.0957,0.0846,0.0728,0.1037,14.484
2026-04-23 17:00:00,4.8694,3.0741,0.3879,4.4815,0.1034,0.1153,0.1265,20.667
2026-04-23 18:00:00,5.0722,2.4362,0.6065,4.4657,0.1137,0.1171,0.1147,21.69
2026-04-23 19:00:00,4.341,2.3288,0.7569,3.5841,0.1218,0.1025,0.1161,21.511
2026-04-23 20:00:00,6.1841,3.6987,0.734,5.4501,0.1515,0.1394,0.1556,32.322
2026-04-23 21:00:00,4.8525,2.792,0.5801,4.2724,0.144,0.1339,0.1249,22.16
2026-04-23 22:00:00,6.6452,4.879,0.4287,6.2165,0.1138,0.1773,0.1179,23.08
2026-04-23 23:00:00,7.6448,7.6602,0.2366,7.4082,0.0908,0.1167,0.0888,12.65
2026-04-24 00:00:00,3.0681,3.7784,0.5934,2.4747,0.1007,0.0804,0.1002,13.581
2026-04-24 01:00:00,2.1972,2.1542,0.3525,1.8447,0.0741,0.0683,0.0972,12.213
2026-04-24 02:00:00,0.9512,1.0592,0.0484,0.9028,0.0344,0.0295,0.0494,4.18
2026-04-24 03:00:00,0.3604,0.2669,0.0215,0.3388,0.0218,0.0125,0.0399,2.764
2026-04-24 04:00:00,4.3445,5.3112,0.1772,4.1674,0.0284,0.0282,0.0374,4.511
2026-04-24 05:00:00,0.6031,0.698,0.1218,0.4813,0.0244,0.0142,0.0417,3.909
2026-04-24 06:00:00,1.3099,1.2476,0.073,1.237,0.0404,0.0287,0.0559,4.934
2026-04-24 07:00:00,2.4916,1.4189,0.1971,2.2944,0.0717,0.057,0.0815,10.964
2026-04-24 08:00:00,2.7093,1.6662,0.1935,2.5157,0.0747,0.0628,0.0934,12.34
2026-04-24 09:00:00,5.4195,2.7993,0.326,5.0935,0.1024,0.1053,0.1203,17.463
2026-04-24 10:00:00,3.6369,2.1096,0.2647,3.3722,0.1009,0.077,0.1114,14.785
2026-04-24 11:00:00,3.2016,2.0523,0.3352,2.8665,0.0805,0.0644,0.1118,12.67
2026-04-24 12:00:00,1.736,1.4564,0.436,1.3,0.0932,0.048,0.0922,9.635
2026-04-24 13:00:00,3.6473,2.2824,0.2655,3.3818,0.0884,0.0828,0.1116,13.435
2026-04-24 14:00:00,2.2937,1.3524,0.2698,2.024,0.0976,0.0643,0.1026,10.915
2026-04-24 15:00:00,2.9876,2.0186,0.3368,2.6508,0.1047,0.0747,0.1215,15.138
2026-04-24 16:00:00,3.3787,1.8283,0.4948,2.884,0.1201,0.0912,0.1091,14.848
2026-04-24 17:00:00,4.3674,2.2102,0.491,3.8764,0.1154,0.0979,0.112,17.639
2026-04-24 18:00:00,4.9975,2.7857,0.5901,4.4073,0.1269,0.1209,0.1242,21.94
2026-04-24 19:00:00,5.8737,3.5214,0.5825,5.2912,0.1417,0.1337,0.1297,19.298
2026-04-24 20:00:00,3.2667,2.1075,0.3601,2.9066,0.1081,0.096,0.1108,17.722
2026-04-24 21:00:00,5.0487,3.3084,0.6936,4.3551,0.1437,0.1357,0.1305,27.901
2026-04-24 22:00:00,4.5231,3.6594,0.4561,4.0669,0.1239,0.1362,0.1236,25.595
2026-04-24 23:00:00,5.2155,4.3535,0.5009,4.7145,0.1247,0.1483,0.1107,21.998
2026-04-25 00:00:00,4.3901,3.7204,0.1675,4.2226,0.0749,0.1206,0.0829,12.053
2026-04-25 01:00:00,3.2102,2.6662,0.1019,3.1082,0.0539,0.0947,0.0785,8.429
2026-04-25 02:00:00,3.4585,1.5565,0.4291,3.0294,0.1035,0.1168,0.0979,11.515
2026-04-25 03:00:00,1.0976,0.4297,0.0627,1.0348,0.0685,0.0457,0.0807,7.043
2026-04-25 04:00:00,0.7612,0.3193,0.4103,0.3509,0.0755,0.0173,0.0555,6.951
2026-04-25 05:00:00,1.6458,1.2137,0.0827,1.5631,0.0349,0.0234,0.045,4.568
2026-04-25 06:00:00,1.1421,1.0877,0.0778,1.0642,0.0411,0.025,0.065,6.063
2026-04-25 07:00:00,2.4111,1.9666,0.1496,2.2615,0.0543,0.0485,0.0742,7.642
2026-04-25 08:00:00,3.8476,2.1543,0.2697,3.5779,0.0972,0.0824,0.0964,17.691
2026-04-25 09:00:00,2.6793,1.4101,0.1644,2.5149,0.0848,0.08,0.1056,11.239
2026-04-25 10:00:00,3.9974,2.4052,0.3141,3.6832,0.1053,0.1133,0.1191,18.371
2026-04-25 11:00:00,7.0375,4.7295,0.4686,6.5688,0.1096,0.1266,0.1308,23.476
2026-04-25 12:00:00,5.2076,3.7303,0.353,4.8545,0.1053,0.1177,0.1159,24.803
2026-04-25 13:00:00,3.7687,2.2868,0.308,3.4607,0.0981,0.097,0.1172,16.686
2026-04-25 14:00:00,5.4192,3.973,0.3015,5.1176,0.0967,0.122,0.1246,16.093
2026-04-25 15:00:00,6.0231,4.7879,0.5507,5.4724,0.1147,0.1333,0.1078,16.207
2026-04-25 16:00:00,6.1534,4.4079,0.3537,5.7997,0.1071,0.1124,0.1116,16.777
2026-04-25 17:00:00,6.3492,3.6323,0.5996,5.7496,0.1197,0.1324,0.1302,24.457
2026-04-25 18:00:00,5.1047,2.8422,0.5491,4.5556,0.1272,0.1325,0.1207,20.267
2026-04-25 19:00:00,11.5706,6.2342,2.1228,9.4478,0.2494,0.2014,0.1552,23.622
2026-04-25 20:00:00,5.2704,2.8488,0.4067,4.8637,0.1203,0.1251,0.1217,18.826
2026-04-25 21:00:00,4.3394,2.3507,0.4707,3.8687,0.1236,0.1363,0.1137,21.533
2026-04-25 22:00:00,5.122,3.9039,0.4112,4.7108,0.1206,0.1346,0.1229,25.296
2026-04-25 23:00:00,3.3179,2.9053,0.3373,2.9806,0.0917,0.0948,0.0908,15.616
2026-04-26 00:00:00,4.5341,6.0455,0.2217,4.3124,0.0889,0.1302,0.081,17.05
2026-04-26 01:00:00,2.518,3.2117,0.2389,2.2791,0.0771,0.0908,0.0734,8.584
2026-04-26 02:00:00,2.4073,1.2295,0.0754,2.3319,0.0653,0.0761,0.0811,11.066
2026-04-26 03:00:00,2.0755,0.8295,0.0804,1.9951,0.0562,0.0589,0.071,8.049
2026-04-26 04:00:00,1.2485,0.707,0.0723,1.1762,0.0602,0.035,0.0566,6.249
2026-04-26 05:00:00,0.9779,0.7244,0.0565,0.9214,0.0345,0.0265,0.0456,5.04
2026-04-26 06:00:00,1.6178,1.661,0.0904,1.5274,0.0513,0.038,0.0545,7.201
2026-04-26 07:00:00,1.9706,1.4156,0.1244,1.8461,0.0665,0.0445,0.0981,10.396
2026-04-26 08:00:00,1.8211,1.2389,0.16,1.6612,0.0644,0.0473,0.0919,9.066
2026-04-26 09:00:00,2.571,1.4759,0.2054,2.3656,0.0827,0.0654,0.0964,11.611
2026-04-26 10:00:00,3.9858,2.6017,0.318,3.6678,0.0946,0.0867,0.1033,15.792
2026-04-26 11:00:00,6.1852,3.5384,0.7006,5.4847,0.1365,0.1233,0.1221,20.781
2026-04-26 12:00:00,3.9534,2.5117,0.4123,3.5411,0.1124,0.0967,0.1098,17.237
2026-04-26 13:00:00,3.7501,2.5373,0.4295,3.3206,0.1,0.0873,0.1106,15.358
2026-04-26 14:00:00,4.7646,3.2325,0.3446,4.42,0.1026,0.1006,0.1292,18.134
2026-04-26 15:00:00,8.4614,5.5448,0.3538,8.1076,0.1038,0.1091,0.1032,19.577
2026-04-26 16:00:00,8.2226,5.1391,0.3367,7.8859,0.1292,0.1262,0.1252,17.845
2026-04-26 17:00:00,3.5458,2.3926,0.3011,3.2447,0.1103,0.217,0.1164,14.496
2026-04-26 18:00:00,4.1648,2.5901,0.4771,3.6877,0.1231,0.1188,0.1235,19.36
2026-04-26 19:00:00,1.9425,1.4475,0.2168,1.7258,0.0883,0.0636,0.102,12.794
2026-04-26 20:00:00,3.2161,1.9951,0.4219,2.7942,0.1155,0.0837,0.1218,17.803
2026-04-26 21:00:00,4.8306,3.8096,0.5819,4.2488,0.1395,0.1092,0.1232,19.582
2026-04-26 22:00:00,6.0178,5.2881,0.5412,5.4766,0.1256,0.1273,0.1175,21.265
2026-04-26 23:00:00,5.6232,7.8317,0.6786,4.9445,0.1098,0.137,0.1294,18.525
2026-04-27 00:00:00,2.4008,2.5649,0.1214,2.2794,0.0857,0.0973,0.0908,10.963
2026-04-27 01:00:00,1.2279,1.3347,0.0807,1.1472,0.0611,0.0546,0.069,6.906
2026-04-27 02:00:00,2.0659,0.9512,0.0986,1.9673,0.0732,0.0854,0.0902,8.06
2026-04-27 03:00:00,2.5712,1.0625,0.0981,2.4731,0.0644,0.0641,0.0727,9.6
2026-04-27 04:00:00,0.6764,0.2693,0.0495,0.627,0.0644,0.0823,0.0715,7.398
2026-04-27 05:00:00,0.5351,0.37,0.0526,0.4825,0.0392,0.0239,0.0978,6.49
2026-04-27 06:00:00,1.7467,1.4654,0.1372,1.6095,0.0559,0.0567,0.081,8.963
2026-04-27 07:00:00,3.2683,2.2855,0.2617,3.0066,0.0751,0.062,0.0953,11.885
2026-04-27 08:00:00,2.3851,1.4096,0.1792,2.2059,0.0746,0.0584,0.0923,11.681
2026-04-27 09:00:00,2.836,1.9214,0.294,2.5421,0.0956,0.0663,0.1164,15.087
2026-04-27 10:00:00,3.58,2.7709,0.2975,3.2826,0.0927,0.0724,0.1249,15.626
2026-04-27 11:00:00,3.5325,2.4129,0.2746,3.2579,0.074,0.0519,0.0937,12.179
2026-04-27 12:00:00,3.4058,2.8381,0.4246,2.9812,0.0926,0.0699,0.0982,12.296
2026-04-27 13:00:00,2.9291,2.8111,0.3059,2.6232,0.0737,0.0615,0.0959,13.21
2026-04-27 14:00:00,2.847,2.7012,0.222,2.6251,0.0867,0.0675,0.1016,10.848
2026-04-27 15:00:00,2.4127,2.2676,0.1964,2.2164,0.0896,0.074,0.098,11.086
2026-04-27 16:00:00,4.0117,2.907,0.2828,3.7289,0.0967,0.0932,0.1209,17.075
2026-04-27 17:00:00,4.2772,3.095,0.4649,3.8123,0.1111,0.1047,0.1312,21.635
2026-04-27 18:00:00,4.5314,2.6013,0.6687,3.8627,0.1245,0.1132,0.1346,20.563
2026-04-27 19:00:00,3.0994,1.7472,0.429,2.6704,0.1226,0.0918,0.1073,17.487
2026-04-27 20:00:00,3.0716,1.8526,0.3859,2.6856,0.1133,0.1007,0.1051,16.666
2026-04-27 21:00:00,4.8759,3.9901,1.2113,3.6646,0.1665,0.1261,0.1101,22.719
2026-04-27 22:00:00,5.0617,5.1756,0.5364,4.5253,0.1167,0.1126,0.0971,19.018
2026-04-27 23:00:00,2.9392,2.6769,0.2888,2.6504,0.1003,0.0866,0.0875,12.4
2026-04-28 00:00:00,3.2805,4.2938,0.1585,3.122,0.0756,0.0791,0.0764,13.094
2026-04-28 01:00:00,1.7528,2.0335,0.0684,1.6844,0.0515,0.0439,0.0656,8.527
2026-04-28 02:00:00,0.8107,0.9493,0.0531,0.7575,0.0328,0.021,0.043,3.967
2026-04-28 03:00:00,0.6624,0.8952,0.0541,0.6084,0.0224,0.0087,0.0357,2.811
2026-04-28 04:00:00,0.6443,0.8282,0.0783,0.566,0.0245,0.0094,0.0353,2.119
2026-04-28 05:00:00,0.444,0.6852,0.0783,0.3657,0.0275,0.01,0.0373,2.777
2026-04-28 06:00:00,1.7523,1.8215,0.1565,1.5958,0.0445,0.0381,0.0685,6.5
2026-04-28 07:00:00,2.8661,2.0071,0.1905,2.6756,0.0767,0.0654,0.099,11.973
2026-04-28 08:00:00,3.626,2.7637,0.2824,3.3435,0.0908,0.0806,0.1106,15.975
2026-04-28 09:00:00,4.8257,3.4128,0.4087,4.417,0.1032,0.0924,0.1147,17.169
2026-04-28 10:00:00,4.4311,3.585,0.3172,4.1139,0.091,0.0755,0.1158,14.933
2026-04-28 11:00:00,2.1712,1.6473,0.3238,1.8473,0.0843,0.0576,0.1004,11.996
2026-04-28 12:00:00,5.7964,5.1478,0.3214,5.475,0.0946,0.1062,0.1137,22.222
2026-04-28 13:00:00,4.1234,3.4534,0.178,3.9455,0.0837,0.082,0.1128,17.438
2026-04-28 14:00:00,4.1323,2.7883,0.3407,3.7916,0.1037,0.1062,0.1167,15.384
2026-04-28 15:00:00,3.0872,1.9564,0.4725,2.6146,0.1092,0.084,0.1155,15.476
2026-04-28 16:00:00,3.8788,2.7393,0.31,3.5688,0.1041,0.103,0.144,18.095
2026-04-28 17:00:00,3.6798,2.835,0.3642,3.3156,0.1187,0.0825,0.1078,18.844
2026-04-28 18:00:00,6.4362,4.7605,0.8292,5.607,0.1896,0.1391,0.1377,24.77
2026-04-28 19:00:00,6.189,4.1537,0.6621,5.5269,0.1569,0.1411,0.1219,23.545
2026-04-28 20:00:00,2.8026,1.9144,0.2904,2.5122,0.1073,0.106,0.1172,20.796
2026-04-28 21:00:00,5.8645,3.5033,0.3756,5.4889,0.1009,0.1139,0.1215,23.685
2026-04-28 22:00:00,6.3187,4.2984,0.8807,5.438,0.1423,0.1573,0.1264,22.798
2026-04-28 23:00:00,7.7659,5.8922,0.317,7.4489,0.0917,0.1118,0.1039,14.148
2026-04-29 00:00:00,2.7968,1.8279,0.1329,2.6639,0.0638,0.0664,0.0681,10.048
2026-04-29 01:00:00,2.2204,1.3655,0.1387,2.0816,0.0768,0.0613,0.0743,10.753
2026-04-29 02:00:00,1.6697,0.7766,0.0695,1.6002,0.0649,0.0675,0.0833,8.541
2026-04-29 03:00:00,0.7171,0.3329,0.0366,0.6805,0.057,0.0286,0.0659,5.695
2026-04-29 04:00:00,0.2751,0.1214,0.0268,0.2483,0.0446,0.0266,0.0504,3.107
2026-04-29 05:00:00,1.3519,0.9311,0.0586,1.2933,0.037,0.0272,0.0452,4.863
2026-04-29 06:00:00,1.5669,1.2165,0.0907,1.4762,0.0386,0.0286,0.054,4.975
2026-04-29 07:00:00,2.7158,1.5206,0.1963,2.5195,0.0724,0.0547,0.0841,10.126
2026-04-29 08:00:00,2.8394,1.567,0.3117,2.5277,0.0948,0.0687,0.0983,12.76
2026-04-29 09:00:00,1.6526,1.0526,0.2321,1.4205,0.0714,0.0476,0.0979,9.387
2026-04-29 10:00:00,3.3597,1.7159,0.2468,3.1129,0.0876,0.076,0.1063,14.039
2026-04-29 11:00:00,4.2333,2.1821,0.4892,3.7441,0.0881,0.0742,0.1091,16.734
2026-04-29 12:00:00,5.1144,2.5778,0.3997,4.7147,0.1207,0.105,0.1299,23.08
2026-04-29 13:00:00,2.5392,1.5483,0.2374,2.3017,0.0879,0.0574,0.1094,14.102
2026-04-29 14:00:00,2.4189,1.5175,0.3565,2.0623,0.0995,0.0583,0.1095,12.411
2026-04-29 15:00:00,3.0701,2.1409,0.2721,2.798,0.0851,0.0709,0.106,13.169
2026-04-29 16:00:00,3.4018,1.6724,0.3165,3.0853,0.0981,0.0897,0.1084,17.856
2026-04-29 17:00:00,5.9792,3.2998,0.4744,5.5048,0.1338,0.1438,0.1251,21.977
2026-04-29 18:00:00,7.8176,3.1883,0.9131,6.9045,0.1685,0.18,0.1545,31.429
2026-04-29 19:00:00,6.8646,3.6398,0.495,6.3696,0.147,0.1408,0.1262,20.978
2026-04-29 20:00:00,5.6383,3.3206,0.4153,5.223,0.1098,0.1258,0.1112,21.141
2026-04-29 21:00:00,6.0829,4.6648,0.6442,5.4387,0.1348,0.1393,0.1344,23.776
2026-04-29 22:00:00,6.1458,4.6489,0.8153,5.3306,0.1698,0.1562,0.1331,24.687
2026-04-29 23:00:00,5.9548,4.9541,0.5976,5.3572,0.131,0.1443,0.1056,16.961
2026-04-30 00:00:00,2.1388,1.5498,0.1308,2.008,0.0701,0.0799,0.0784,10.983
2026-04-30 01:00:00,2.0598,2.2635,0.3621,1.6978,0.1147,0.0556,0.0812,12.272
2026-04-30 02:00:00,2.0194,0.9544,0.4974,1.5221,0.1254,0.0522,0.0986,12.753
2026-04-30 03:00:00,0.8478,0.3444,0.276,0.5718,0.0878,0.0356,0.0707,10.237
2026-04-30 04:00:00,2.2429,1.05,0.6565,1.5864,0.1273,0.0384,0.0572,12.876
2026-04-30 05:00:00,0.4596,0.3706,0.0645,0.3951,0.0374,0.0128,0.0503,7.394
2026-04-30 06:00:00,1.1798,0.9217,0.0815,1.0983,0.0397,0.0314,0.0699,5.339
2026-04-30 07:00:00,2.2325,1.3148,0.1528,2.0797,0.0613,0.0502,0.0786,8.53
2026-04-30 08:00:00,3.0843,2.008,0.2548,2.8295,0.0814,0.0655,0.0949,13.535
2026-04-30 09:00:00,5.7419,3.1071,0.9883,4.7535,0.1447,0.1137,0.1317,19.366
2026-04-30 10:00:00,4.5939,3.2767,0.3069,4.287,0.0937,0.0982,0.1224,17.425
2026-04-30 11:00:00,3.9161,2.5832,0.2672,3.6489,0.0836,0.0765,0.1131,16.736
2026-04-30 12:00:00,2.5485,1.4096,0.3258,2.2226,0.0804,0.0597,0.0925,15.685
2026-04-30 13:00:00,3.7057,1.9504,0.5162,3.1895,0.1002,0.0883,0.1216,17.322
2026-04-30 14:00:00,3.3956,2.1196,0.2612,3.1344,0.077,0.0706,0.107,13.518
2026-04-30 15:00:00,2.4935,1.9727,0.2501,2.2434,0.0805,0.0723,0.1106,15.263
2026-04-30 16:00:00,3.3719,2.655,0.2761,3.0957,0.0846,0.0728,0.1037,14.484
2026-04-30 17:00:00,4.8694,3.0741,0.3879,4.4815,0.1034,0.1153,0.1265,20.667
2026-04-30 18:00:00,5.0722,2.4362,0.6065,4.4657,0.1137,0.1171,0.1147,21.69
2026-04-30 19:00:00,4.341,2.3288,0.7569,3.5841,0.1218,0.1025,0.1161,21.511
2026-04-30 20:00:00,6.1841,3.6987,0.734,5.4501,0.1515,0.1394,0.1556,32.322
2026-04-30 21:00:00,4.8525,2.792,0.5801,4.2724,0.144,0.1339,0.1249,22.16
2026-04-30 22:00:00,6.6452,4.879,0.4287,6.2165,0.1138,0.1773,0.1179,23.08
2026-04-30 23:00:00,7.6448,7.6602,0.2366,7.4082,0.0908,0.1167,0.0888,12.65
