timestamp,flow,single_flow,uflow,dflow,pusch,pdsch,pdcch,conn
2025-07-24 22:00:00,25.1329,3.69602,0.926755,24.2062,0.088194,0.178282,0.009423,53.387
2025-07-24 23:00:00,25.1439,3.67876,0.941413,24.2025,0.089496,0.178589,0.00947,53.7407
2025-07-25 00:00:00,25.1548,3.66149,0.956071,24.1988,0.090798,0.178895,0.009517,54.0945
2025-07-25 01:00:00,25.1658,3.64423,0.97073,24.1951,0.0921,0.179202,0.009564,54.4482
2025-07-25 02:00:00,,,,,,,,
2025-07-25 03:00:00,,,,,,,,
2025-07-25 04:00:00,,,,,,,,
2025-07-25 05:00:00,,,,,,,,
2025-07-25 06:00:00,,,,,,,,
2025-07-25 07:00:00,,,,,,,,
2025-07-25 08:00:00,,,,,,,,
2025-07-25 09:00:00,,,,,,,,
2025-07-25 10:00:00,,,,,,,,
2025-07-25 11:00:00,,,,,,,,
2025-07-25 12:00:00,,,,,,,,
2025-07-25 13:00:00,,,,,,,,
2025-07-25 14:00:00,,,,,,,,
2025-07-25 15:00:00,,,,,,,,
2025-07-25 16:00:00,,,,,,,,
2025-07-25 17:00:00,,,,,,,,
2025-07-25 18:00:00,,,,,,,,
2025-07-25 19:00:00,,,,,,,,
2025-07-25 20:00:00,,,,,,,,
2025-07-25 21:00:00,,,,,,,,
2025-07-25 22:00:00,,,,,,,,
2025-07-25 23:00:00,,,,,,,,
2025-07-26 00:00:00,,,,,,,,
2025-07-26 01:00:00,,,,,,,,
2025-07-26 02:00:00,,,,,,,,
2025-07-26 03:00:00,,,,,,,,
2025-07-26 04:00:00,,,,,,,,
2025-07-26 05:00:00,,,,,,,,
2025-07-26 06:00:00,,,,,,,,
2025-07-26 07:00:00,,,,,,,,
2025-07-26 08:00:00,,,,,,,,
2025-07-26 09:00:00,,,,,,,,
2025-07-26 10:00:00,,,,,,,,
2025-07-26 11:00:00,,,,,,,,
2025-07-26 12:00:00,,,,,,,,
2025-07-26 13:00:00,,,,,,,,
2025-07-26 14:00:00,,,,,,,,
2025-07-26 15:00:00,,,,,,,,
2025-07-26 16:00:00,,,,,,,,
2025-07-26 17:00:00,,,,,,,,
2025-07-26 18:00:00,,,,,,,,
2025-07-26 19:00:00,,,,,,,,
2025-07-26 20:00:00,,,,,,,,
2025-07-26 21:00:00,,,,,,,,
2025-07-26 22:00:00,,,,,,,,
2025-07-26 23:00:00,,,,,,,,
2025-07-27 00:00:00,,,,,,,,
2025-07-27 01:00:00,,,,,,,,
2025-07-27 02:00:00,,,,,,,,
2025-07-27 03:00:00,,,,,,,,
2025-07-27 04:00:00,,,,,,,,
2025-07-27 05:00:00,,,,,,,,
2025-07-27 06:00:00,,,,,,,,
2025-07-27 07:00:00,,,,,,,,
2025-07-27 08:00:00,,,,,,,,
2025-07-27 09:00:00,,,,,,,,
2025-07-27 10:00:00,,,,,,,,
2025-07-27 11:00:00,,,,,,,,
2025-07-27 12:00:00,,,,,,,,
2025-07-27 13:00:00,,,,,,,,
2025-07-27 14:00:00,,,,,,,,
2025-07-27 15:00:00,,,,,,,,
2025-07-27 16:00:00,,,,,,,,
2025-07-27 17:00:00,,,,,,,,
2025-07-27 18:00:00,,,,,,,,
2025-07-27 19:00:00,,,,,,,,
2025-07-27 20:00:00,,,,,,,,
2025-07-27 21:00:00,,,,,,,,
2025-07-27 22:00:00,,,,,,,,
2025-07-27 23:00:00,,,,,,,,
2025-07-28 00:00:00,,,,,,,,
2025-07-28 01:00:00,,,,,,,,
2025-07-28 02:00:00,,,,,,,,
2025-07-28 03:00:00,,,,,,,,
2025-07-28 04:00:00,,,,,,,,
2025-07-28 05:00:00,,,,,,,,
2025-07-28 06:00:00,,,,,,,,
2025-07-28 07:00:00,,,,,,,,
2025-07-28 08:00:00,,,,,,,,
2025-07-28 09:00:00,,,,,,,,
2025-07-28 10:00:00,,,,,,,,
2025-07-28 11:00:00,,,,,,,,
2025-07-28 12:00:00,,,,,,,,
2025-07-28 13:00:00,,,,,,,,
2025-07-28 14:00:00,,,,,,,,
2025-07-28 15:00:00,,,,,,,,
2025-07-28 16:00:00,,,,,,,,
2025-07-28 17:00:00,,,,,,,,
2025-07-28 18:00:00,,,,,,,,
2025-07-28 19:00:00,,,,,,,,
2025-07-28 20:00:00,,,,,,,,
2025-07-28 21:00:00,,,,,,,,
2025-07-28 22:00:00,,,,,,,,
2025-07-28 23:00:00,,,,,,,,
2025-07-29 00:00:00,,,,,,,,
2025-07-29 01:00:00,,,,,,,,
2025-07-29 02:00:00,,,,,,,,
2025-07-29 03:00:00,,,,,,,,
2025-07-29 04:00:00,,,,,,,,
2025-07-29 05:00:00,,,,,,,,
2025-07-29 06:00:00,,,,,,,,
2025-07-29 07:00:00,,,,,,,,
2025-07-29 08:00:00,,,,,,,,
2025-07-29 09:00:00,,,,,,,,
2025-07-29 10:00:00,,,,,,,,
2025-07-29 11:00:00,,,,,,,,
2025-07-29 12:00:00,,,,,,,,
2025-07-29 13:00:00,,,,,,,,
2025-07-29 14:00:00,,,,,,,,
2025-07-29 15:00:00,,,,,,,,
2025-07-29 16:00:00,,,,,,,,
2025-07-29 17:00:00,26.393,1.71094,2.61245,23.7806,0.237915,0.213552,0.014793,94.067
2025-07-29 18:00:00,22.7532,2.24967,1.9901,20.7631,0.178974,0.201953,0.014233,81.753
2025-07-29 19:00:00,21.0089,2.3163,2.57289,18.436,0.199794,0.200722,0.013506,71.978
2025-07-29 20:00:00,20.4102,2.62409,2.09233,18.3179,0.165962,0.188988,0.013946,74.163
2025-07-29 21:00:00,17.8979,2.5301,1.22588,16.672,0.108989,0.172407,0.011899,64.17
2025-07-29 22:00:00,11.7524,1.79371,0.844273,10.9081,0.089236,0.121527,0.00776,39.204
2025-07-29 23:00:00,10.5507,1.90722,1.79887,8.75188,0.139124,0.088155,0.006064,29.757
2025-07-30 00:00:00,5.40449,1.18884,0.37195,5.03254,0.042137,0.041507,0.003859,13.422
2025-07-30 01:00:00,3.4405,0.872781,0.13827,3.30224,0.02528,0.02823,0.003311,9.919
2025-07-30 02:00:00,1.99579,0.541452,0.098454,1.89734,0.018652,0.013723,0.002714,5.757
2025-07-30 03:00:00,0.698156,0.201779,0.055107,0.643049,0.015687,0.008566,0.002464,3.499
2025-07-30 04:00:00,1.80143,0.492732,0.083081,1.71835,0.017513,0.012407,0.00274,6.641
2025-07-30 05:00:00,5.59718,1.22263,0.321116,5.27606,0.038873,0.036513,0.003709,12.813
2025-07-30 06:00:00,10.685,1.45098,0.522721,10.1623,0.069171,0.080583,0.005929,29.654
2025-07-30 07:00:00,25.6845,1.74962,1.38514,24.2993,0.147475,0.195553,0.011636,73.233
2025-07-30 08:00:00,34.3748,1.46613,2.29262,32.0822,0.269678,0.341227,0.020093,156.443
2025-07-30 09:00:00,58.4711,1.49191,4.47644,53.9946,0.368147,0.415833,0.023744,237.305
2025-07-30 10:00:00,64.3735,1.55619,6.26818,58.1053,0.43769,0.471498,0.026097,273.095
2025-07-30 11:00:00,53.0262,1.54803,4.62587,48.4004,0.380328,0.401532,0.022428,224.969
2025-07-30 12:00:00,41.8281,1.72075,4.00993,37.8182,0.353534,0.342416,0.019956,169.938
2025-07-30 13:00:00,49.1729,1.78564,3.54854,45.6243,0.299364,0.379096,0.02226,181.108
2025-07-30 14:00:00,56.8239,1.78422,4.29883,52.525,0.374539,0.452211,0.024221,217.104
2025-07-30 15:00:00,51.8235,1.68094,3.69964,48.1239,0.360263,0.411541,0.023287,192.779
2025-07-30 16:00:00,41.744,1.53211,2.91889,38.8251,0.276544,0.346777,0.020065,153.846
2025-07-30 17:00:00,26.1012,1.47548,2.477,23.6242,0.217325,0.223917,0.015362,98.7
2025-07-30 18:00:00,22.5627,1.83825,1.79841,20.7643,0.175464,0.189487,0.013582,82.669
2025-07-30 19:00:00,17.0567,1.65086,1.85633,15.2004,0.186973,0.159881,0.01315,70.237
2025-07-30 20:00:00,17.3334,1.80782,1.92049,15.4129,0.177325,0.155852,0.012667,68.354
2025-07-30 21:00:00,15.2112,2.24686,1.07619,14.135,0.119124,0.136132,0.011029,58.914
2025-07-30 22:00:00,11.3974,1.74006,0.673577,10.7238,0.081955,0.103911,0.006664,34.516
2025-07-30 23:00:00,7.12939,1.3391,0.30606,6.82333,0.055806,0.068067,0.005169,20.837
2025-07-31 00:00:00,5.10697,1.3115,0.209688,4.89728,0.042868,0.04358,0.004358,17.392
2025-07-31 01:00:00,3.82672,1.07372,0.137247,3.68948,0.029236,0.024206,0.003327,11.175
2025-07-31 02:00:00,1.06006,0.303742,0.104045,0.956015,0.018007,0.009666,0.003068,7.215
2025-07-31 03:00:00,0.853573,0.250904,0.054492,0.799081,0.013331,0.008194,0.003004,5.626
2025-07-31 04:00:00,1.97413,0.558611,0.078299,1.89583,0.0216,0.01925,0.002952,6.098
2025-07-31 05:00:00,4.53997,0.926524,0.251877,4.28809,0.044422,0.038416,0.004048,13.312
2025-07-31 06:00:00,9.53877,1.38123,0.578517,8.96025,0.083282,0.076055,0.005686,30.741
2025-07-31 07:00:00,19.2709,1.3377,1.07044,18.2005,0.114763,0.141619,0.010454,55.331
2025-07-31 08:00:00,39.5684,1.56088,2.73339,36.835,0.246839,0.303755,0.018137,130.247
2025-07-31 09:00:00,47.7253,1.5982,2.83463,44.8907,0.266375,0.348541,0.020653,170.301
2025-07-31 10:00:00,47.0282,1.55558,3.10344,43.9248,0.298476,0.358943,0.020838,178.269
2025-07-31 11:00:00,48.2145,1.93136,3.15197,45.0625,0.281572,0.352641,0.019974,120.387
2025-07-31 12:00:00,50.3325,2.95518,3.98213,46.3504,0.299044,0.349634,0.018732,133.504
2025-07-31 13:00:00,41.5951,2.07229,2.86085,38.7342,0.24217,0.313367,0.01856,143.463
2025-07-31 14:00:00,42.8483,1.68694,2.8002,40.0481,0.25834,0.335438,0.020585,159.418
2025-07-31 15:00:00,40.4454,1.58213,3.06113,37.3843,0.258678,0.327285,0.020061,163.575
2025-07-31 16:00:00,37.2497,1.57464,2.75725,34.4924,0.255534,0.297178,0.01939,143.738
2025-07-31 17:00:00,40.5002,2.03131,3.27189,37.2284,0.313238,0.324525,0.019666,138.894
2025-07-31 18:00:00,25.7455,2.36501,2.28232,23.4632,0.231094,0.204871,0.014772,86.82
2025-07-31 19:00:00,28.4437,3.53601,3.03558,25.4081,0.23739,0.242873,0.015346,90.686
2025-07-31 20:00:00,19.3851,2.71576,1.74438,17.6407,0.149734,0.174295,0.013326,80.224
2025-07-31 21:00:00,17.205,2.66662,1.17417,16.0308,0.111063,0.160265,0.010107,64.38
2025-07-31 22:00:00,10.5972,1.69718,0.622565,9.97463,0.080694,0.108023,0.008237,42.246
2025-07-31 23:00:00,7.94458,1.41212,0.568334,7.37625,0.068442,0.085475,0.005998,27.274
2025-08-01 00:00:00,2.25233,0.596171,0.152152,2.10018,0.02991,0.024074,0.003727,11.625
2025-08-01 01:00:00,1.77607,0.514504,0.094509,1.68156,0.018317,0.014348,0.002822,6.625
2025-08-01 02:00:00,0.96836,0.262428,0.044099,0.924261,0.011555,0.007791,0.002501,4.743
2025-08-01 03:00:00,3.30728,0.930579,0.128292,3.17898,0.027914,0.023509,0.003149,8.148
2025-08-01 04:00:00,2.03025,0.532593,0.149021,1.88122,0.028362,0.014969,0.002964,7.062
2025-08-01 05:00:00,3.44882,0.749417,0.25124,3.19758,0.036663,0.025349,0.003536,12.417
2025-08-01 06:00:00,8.46862,1.36108,0.56345,7.90517,0.070676,0.06827,0.005659,20.106
2025-08-01 07:00:00,19.3831,1.38174,1.6289,17.7542,0.14691,0.162552,0.010797,54.454
2025-08-01 08:00:00,39.4012,1.58658,3.28868,36.1125,0.251899,0.30091,0.017637,124.384
2025-08-01 09:00:00,49.676,1.79829,3.15863,46.5174,0.271535,0.376114,0.020189,167.003
2025-08-01 10:00:00,47.6033,1.6737,2.92258,44.6808,0.251209,0.346335,0.019905,162.428
2025-08-01 11:00:00,39.9291,1.67123,2.97145,36.9577,0.26692,0.303462,0.018117,139.236
2025-08-01 12:00:00,34.6288,2.11332,2.8937,31.7351,0.24664,0.280951,0.017289,119.624
2025-08-01 13:00:00,34.9521,1.71032,2.94564,32.0065,0.242992,0.298522,0.016795,122.644
2025-08-01 14:00:00,34.9734,1.35043,2.80839,32.165,0.240828,0.281981,0.017201,136.874
2025-08-01 15:00:00,37.3968,1.5608,3.51517,33.8816,0.335103,0.295164,0.018751,144.472
2025-08-01 16:00:00,35.7346,1.65545,2.46346,33.2711,0.227755,0.276679,0.0167,120.794
2025-08-01 17:00:00,23.6348,1.53912,2.42117,21.2136,0.20347,0.192139,0.014109,88.97
2025-08-01 18:00:00,19.2423,2.06285,2.07435,17.168,0.159691,0.1768,0.011058,55.704
2025-08-01 19:00:00,22.8856,3.2891,2.33391,20.5516,0.177345,0.187185,0.011331,79.009
2025-08-01 20:00:00,14.7548,1.98424,1.32057,13.4342,0.111634,0.125561,0.008831,60.421
2025-08-01 21:00:00,15.309,2.52957,1.25214,14.0568,0.110963,0.134743,0.008334,54.598
2025-08-01 22:00:00,12.6599,2.30683,0.549661,12.1102,0.068278,0.094869,0.006092,34.428
2025-08-01 23:00:00,5.67688,1.17631,0.43391,5.24297,0.059722,0.043124,0.004411,17.645
2025-08-02 00:00:00,3.83149,0.977422,0.214506,3.61699,0.040182,0.037956,0.003905,14.705
2025-08-02 01:00:00,3.17803,0.801319,0.12314,3.05489,0.024288,0.023464,0.003259,10.172
2025-08-02 02:00:00,1.07384,0.38851,0.039632,1.03421,0.013103,0.011317,0.002559,5.025
2025-08-02 03:00:00,1.77066,0.5614,0.086527,1.68413,0.017954,0.015487,0.0026,5.879
2025-08-02 04:00:00,2.55701,0.742454,0.114296,2.44272,0.015752,0.016257,0.002804,7.359
2025-08-02 05:00:00,3.70071,0.91966,0.206454,3.49426,0.032556,0.024399,0.003479,11.743
2025-08-02 06:00:00,7.72669,1.31945,0.451438,7.27525,0.053143,0.053182,0.005136,24.95
2025-08-02 07:00:00,25.5125,1.95318,1.52302,23.9894,0.13131,0.182959,0.009806,71.227
2025-08-02 08:00:00,47.1565,1.71628,3.6205,43.536,0.295443,0.330456,0.017372,142.122
2025-08-02 09:00:00,62.7675,2.02046,5.09823,57.6693,0.362893,0.441184,0.022875,198.602
2025-08-02 10:00:00,46.2911,1.9941,3.28844,43.0026,0.354751,0.439097,0.022711,210.157
2025-08-02 11:00:00,47.7991,1.9622,3.57969,44.2195,0.299498,0.355072,0.019546,162.982
2025-08-02 12:00:00,37.7755,2.45647,3.63256,34.143,0.25767,0.287059,0.013952,115.731
2025-08-02 13:00:00,39.9022,2.33237,2.52684,37.3753,0.219788,0.306424,0.015746,122.974
2025-08-02 14:00:00,46.6704,2.25548,3.28692,43.3834,0.253417,0.353714,0.018132,149.272
2025-08-02 15:00:00,53.5763,3.18489,3.73316,49.8431,0.287365,0.374025,0.018755,149.107
2025-08-02 16:00:00,39.4332,2.61389,2.55261,36.8806,0.224088,0.287897,0.014969,108.198
2025-08-02 17:00:00,21.2328,2.37823,1.39001,19.8428,0.121657,0.159623,0.009796,69.439
2025-08-02 18:00:00,17.1596,2.6695,1.05905,16.1005,0.099974,0.129547,0.00855,58.059
2025-08-02 19:00:00,21.4076,3.549,1.83088,19.5767,0.141848,0.158222,0.008696,58.807
2025-08-02 20:00:00,15.3581,2.47711,1.13689,14.2212,0.096646,0.159101,0.007659,46.885
2025-08-02 21:00:00,13.5239,2.71128,1.28157,12.2423,0.105722,0.143763,0.007302,45.839
2025-08-02 22:00:00,11.5705,2.62251,0.847916,10.7226,0.08022,0.096683,0.006198,35.681
2025-08-02 23:00:00,8.84402,2.43771,0.63249,8.21153,0.066203,0.074473,0.005354,26.616
2025-08-03 00:00:00,5.37377,1.80086,0.337388,5.03638,0.049639,0.044517,0.004206,17.475
2025-08-03 01:00:00,2.67017,1.09974,0.150901,2.51927,0.028633,0.016294,0.002869,7.604
2025-08-03 02:00:00,1.8365,1.15795,0.057827,1.77867,0.014978,0.015635,0.00247,4.393
2025-08-03 03:00:00,0.858005,0.302754,0.049138,0.808867,0.011395,0.006932,0.002341,4.005
2025-08-03 04:00:00,0.940654,0.467057,0.043059,0.897595,0.014181,0.0091,0.002341,4.137
2025-08-03 05:00:00,2.03238,0.719173,0.085716,1.94667,0.01999,0.016149,0.002898,6.627
2025-08-03 06:00:00,4.03364,0.980943,0.219129,3.81451,0.034454,0.026841,0.003803,12.794
2025-08-03 07:00:00,22.1363,2.24097,1.28656,20.8497,0.110244,0.152864,0.009005,56.83
2025-08-03 08:00:00,45.9946,2.06996,3.11838,42.8762,0.244464,0.321132,0.017767,130.925
2025-08-03 09:00:00,48.8928,2.47483,3.64229,45.2505,0.354532,0.456912,0.022646,180.558
2025-08-03 10:00:00,61.6745,2.28576,3.88706,57.7874,0.320283,0.448406,0.025514,195.578
2025-08-03 11:00:00,53.2847,2.3105,4.1438,49.1409,0.322951,0.37829,0.021768,166.504
2025-08-03 12:00:00,39.9933,2.58823,3.0505,36.9428,0.232937,0.287543,0.017214,116.093
2025-08-03 13:00:00,41.832,2.11273,2.50309,39.329,0.22303,0.31894,0.018715,132.661
2025-08-03 14:00:00,51.1773,2.38389,3.43483,47.7425,0.258457,0.370547,0.020606,157.084
2025-08-03 15:00:00,53.3883,2.82777,3.82095,49.5674,0.295169,0.376443,0.020611,160.781
2025-08-03 16:00:00,47.6241,2.66862,3.13396,44.4902,0.254936,0.337492,0.019597,145.103
2025-08-03 17:00:00,30.5177,2.84044,2.27083,28.2469,0.190938,0.236427,0.016688,102.722
2025-08-03 18:00:00,19.9362,2.58643,2.24928,17.687,0.171702,0.147993,0.011598,67.549
2025-08-03 19:00:00,18.9741,3.03682,1.1884,17.7857,0.118294,0.160626,0.011301,64.649
2025-08-03 20:00:00,19.5052,3.39102,1.78256,17.7226,0.152315,0.162094,0.012433,70.343
2025-08-03 21:00:00,16.1466,2.65221,1.51875,14.6279,0.129731,0.144394,0.010473,56.013
2025-08-03 22:00:00,11.6138,2.23257,0.945603,10.6682,0.092208,0.097837,0.007958,40.75
2025-08-03 23:00:00,8.14146,1.8052,0.744909,7.39656,0.064262,0.058901,0.006184,27.949
2025-08-04 00:00:00,3.86743,1.07908,0.17462,3.69281,0.035322,0.027599,0.003931,13.79
2025-08-04 01:00:00,4.43805,1.59413,0.163506,4.27455,0.027322,0.029423,0.003507,8.859
2025-08-04 02:00:00,3.01412,0.960524,0.098526,2.9156,0.017996,0.020924,0.003387,9.527
2025-08-04 03:00:00,1.77469,0.586868,0.055427,1.71926,0.018091,0.012973,0.002798,7.02
2025-08-04 04:00:00,1.1901,0.429949,0.058146,1.13195,0.011605,0.008913,0.002458,5.119
2025-08-04 05:00:00,3.31346,0.930225,0.20037,3.11309,0.03131,0.026794,0.003758,11.368
2025-08-04 06:00:00,10.204,1.65167,0.57146,9.63255,0.074928,0.090412,0.007005,34.491
2025-08-04 07:00:00,19.5913,1.42565,1.13451,18.4568,0.122859,0.154372,0.011125,66.275
2025-08-04 08:00:00,35.3485,1.39222,2.42789,32.9206,0.211186,0.268614,0.016907,119.386
2025-08-04 09:00:00,54.7547,1.75732,3.63556,51.1191,0.29969,0.396241,0.021713,183.626
2025-08-04 10:00:00,64.6964,2.05203,4.67607,60.0203,0.365123,0.455019,0.025207,223.924
2025-08-04 11:00:00,58.0584,2.05182,4.67368,53.3847,0.34016,0.397501,0.022414,186.511
2025-08-04 12:00:00,42.6791,1.97241,3.05556,39.6235,0.262287,0.324169,0.018562,147.805
2025-08-04 13:00:00,44.9298,1.72528,3.44899,41.4808,0.291607,0.333651,0.018753,147.936
2025-08-04 14:00:00,58.562,2.04977,4.28733,54.2747,0.3248,0.408764,0.021373,179.16
2025-08-04 15:00:00,49.9174,1.72402,3.59937,46.318,0.304254,0.366898,0.020716,172.643
2025-08-04 16:00:00,41.0451,1.59225,2.99948,38.0456,0.258041,0.323027,0.019246,148.106
2025-08-04 17:00:00,29.218,1.56029,2.20848,27.0095,0.215625,0.243861,0.015869,110.565
2025-08-04 18:00:00,22.6491,1.75847,2.10272,20.5464,0.197751,0.198643,0.014077,91.136
2025-08-04 19:00:00,21.3882,2.03542,1.99414,19.3941,0.170743,0.185082,0.012917,80.935
2025-08-04 20:00:00,25.2395,2.61224,1.98836,23.2511,0.20277,0.222849,0.013755,86.679
2025-08-04 21:00:00,17.83,2.17758,1.59954,16.2305,0.160622,0.157196,0.0105,51.861
2025-08-04 22:00:00,11.9717,1.5941,0.816873,11.1548,0.102473,0.115786,0.006813,38.29
2025-08-04 23:00:00,11.9246,1.96,0.404255,11.5204,0.058882,0.08672,0.005364,24.505
2025-08-05 00:00:00,5.35392,1.18136,0.236483,5.11744,0.03558,0.041131,0.003737,8.999
2025-08-05 01:00:00,3.39461,0.849078,0.140194,3.25442,0.02587,0.021516,0.003467,10.188
2025-08-05 02:00:00,3.35373,0.930558,0.116847,3.23688,0.024934,0.022285,0.003086,9.532
2025-08-05 03:00:00,2.556,0.758007,0.072432,2.48357,0.018326,0.016014,0.002694,5.055
2025-08-05 04:00:00,2.33386,0.633856,0.103909,2.22995,0.028248,0.021537,0.003242,10.496
2025-08-05 05:00:00,6.17946,1.25803,0.316125,5.86334,0.045877,0.0482,0.004505,18.818
2025-08-05 06:00:00,10.3155,1.36232,0.546099,9.76936,0.072006,0.087078,0.006529,30.192
2025-08-05 07:00:00,25.2102,1.49972,1.46896,23.7413,0.146002,0.199239,0.012922,80.555
2025-08-05 08:00:00,39.8777,1.41954,2.63925,37.2384,0.238929,0.320392,0.019613,139.027
2025-08-05 09:00:00,43.7241,1.69106,3.96894,39.7552,0.315851,0.392803,0.021351,189.712
2025-08-05 10:00:00,72.4044,1.97233,4.74995,67.6545,0.378976,0.465106,0.024862,248.033
2025-08-05 11:00:00,67.5186,2.12203,4.71047,62.8082,0.388827,0.468634,0.025839,224.36
2025-08-05 12:00:00,55.0479,2.40006,3.56396,51.4839,0.3068,0.402101,0.021521,160.021
2025-08-05 13:00:00,41.9277,1.64681,3.28151,38.6462,0.254218,0.326719,0.018966,155
2025-08-05 14:00:00,43.3495,1.51149,3.10826,40.2412,0.256792,0.352394,0.020819,160.542
2025-08-05 15:00:00,32.67,1.6021,3.29751,29.3725,0.338877,0.34488,0.019677,113.39
2025-08-05 16:00:00,35.5943,1.37941,2.85782,32.7364,0.271825,0.283585,0.018505,136.306
2025-08-05 17:00:00,28.4742,1.43867,2.08209,26.3921,0.20803,0.225352,0.015944,107.153
2025-08-05 18:00:00,16.7974,1.52593,1.58247,15.2149,0.203913,0.2024,0.014303,69.843
2025-08-05 19:00:00,16.2475,1.92689,1.9467,14.3008,0.266587,0.190106,0.014035,87.814
2025-08-05 20:00:00,14.8973,1.94889,1.57392,13.3234,0.179314,0.19553,0.01525,62.875
2025-08-05 21:00:00,18.036,2.02697,1.48433,16.5517,0.130945,0.171895,0.012718,57.89
2025-08-05 22:00:00,7.14392,1.16731,0.508982,6.63493,0.080556,0.102097,0.00772,34.691
2025-08-05 23:00:00,7.21819,1.54631,0.444119,6.77407,0.100467,0.081002,0.006104,22.927
2025-08-06 00:00:00,1.56622,1.1284,0.082779,1.48344,0.06481,0.077039,0.005194,19.9
2025-08-06 01:00:00,3.4405,0.8728,0.1383,3.3022,0.0253,0.0282,0.0033,9.919
2025-08-06 02:00:00,1.9958,0.5415,0.0985,1.8973,0.0187,0.0137,0.0027,5.757
2025-08-06 03:00:00,0.6982,0.2018,0.0551,0.643,0.0157,0.0086,0.0025,3.499
2025-08-06 04:00:00,1.8014,0.4927,0.0831,1.7183,0.0175,0.0124,0.0027,6.641
2025-08-06 05:00:00,5.5972,1.2226,0.3211,5.2761,0.0389,0.0365,0.0037,12.813
2025-08-06 06:00:00,10.685,1.451,0.5227,10.1623,0.0692,0.0806,0.0059,29.654
2025-08-06 07:00:00,25.6845,1.7496,1.3851,24.2993,0.1475,0.1956,0.0116,73.233
2025-08-06 08:00:00,34.3748,1.4661,2.2926,32.0822,0.2697,0.3412,0.0201,156.443
2025-08-06 09:00:00,58.4711,1.4919,4.4764,53.9946,0.3681,0.4158,0.0237,237.305
2025-08-06 10:00:00,64.3735,1.5562,6.2682,58.1053,0.4377,0.4715,0.0261,273.095
2025-08-06 11:00:00,53.0262,1.548,4.6259,48.4004,0.3803,0.4015,0.0224,224.969
2025-08-06 12:00:00,41.8281,1.7208,4.0099,37.8182,0.3535,0.3424,0.02,169.938
2025-08-06 13:00:00,49.1729,1.7856,3.5485,45.6243,0.2994,0.3791,0.0223,181.108
2025-08-06 14:00:00,56.8239,1.7842,4.2988,52.525,0.3745,0.4522,0.0242,217.104
2025-08-06 15:00:00,51.8235,1.6809,3.6996,48.1239,0.3603,0.4115,0.0233,192.779
2025-08-06 16:00:00,41.744,1.5321,2.9189,38.8251,0.2765,0.3468,0.0201,153.846
2025-08-06 17:00:00,26.1012,1.4755,2.477,23.6242,0.2173,0.2239,0.0154,98.7
2025-08-06 18:00:00,22.5627,1.8383,1.7984,20.7643,0.1755,0.1895,0.0136,82.669
2025-08-06 19:00:00,17.0567,1.6509,1.8563,15.2004,0.187,0.1599,0.0131,70.237
2025-08-06 20:00:00,17.3334,1.8078,1.9205,15.4129,0.1773,0.1559,0.0127,68.354
2025-08-06 21:00:00,15.2112,2.2469,1.0762,14.135,0.1191,0.1361,0.011,58.914
2025-08-06 22:00:00,11.3974,1.7401,0.6736,10.7238,0.082,0.1039,0.0067,34.516
2025-08-06 23:00:00,7.1294,1.3391,0.3061,6.8233,0.0558,0.0681,0.0052,20.837
2025-08-07 00:00:00,7.63339,1.42787,0.437936,7.19545,0.050275,0.066901,0.00517,21.52
2025-08-07 01:00:00,5.33741,1.06791,0.302409,5.035,0.046777,0.036951,0.003649,8.759
2025-08-07 02:00:00,3.68853,0.772628,0.220957,3.46757,0.03407,0.027032,0.003422,8.341
2025-08-07 03:00:00,2.81443,0.553803,0.149979,2.66445,0.031695,0.024035,0.003543,8.144
2025-08-07 04:00:00,3.67721,0.740152,0.20094,3.47627,0.038047,0.031218,0.003771,10.728
2025-08-07 05:00:00,4.54,0.9265,0.2519,4.2881,0.0444,0.0384,0.004,13.312
2025-08-07 06:00:00,9.5388,1.3812,0.5785,8.9603,0.0833,0.0761,0.0057,30.741
2025-08-07 07:00:00,19.2709,1.3377,1.0704,18.2005,0.1148,0.1416,0.0105,55.331
2025-08-07 08:00:00,39.5684,1.5609,2.7334,36.835,0.2468,0.3038,0.0181,130.247
2025-08-07 09:00:00,47.7253,1.5982,2.8346,44.8907,0.2664,0.3485,0.0207,170.301
2025-08-07 10:00:00,47.0282,1.5556,3.1034,43.9248,0.2985,0.3589,0.0208,178.269
2025-08-07 11:00:00,48.2145,1.9314,3.152,45.0625,0.2816,0.3526,0.02,120.387
2025-08-07 12:00:00,50.3325,2.9552,3.9821,46.3504,0.299,0.3496,0.0187,133.504
2025-08-07 13:00:00,41.5951,2.0723,2.8609,38.7342,0.2422,0.3134,0.0186,143.463
2025-08-07 14:00:00,54.1889,1.9031,3.52275,50.6662,0.27274,0.368479,0.020681,186.159
2025-08-07 15:00:00,42.1355,1.99638,2.80518,39.3303,0.298273,0.400683,0.021699,183.258
2025-08-07 16:00:00,54.9112,1.97168,3.79716,51.114,0.32945,0.392243,0.021834,180.738
2025-08-07 17:00:00,41.901,2.04355,3.32749,38.5735,0.283397,0.305381,0.019624,145.948
2025-08-07 18:00:00,25.7455,2.365,2.2823,23.4632,0.2311,0.2049,0.0148,86.82
2025-08-07 19:00:00,28.4437,3.536,3.0356,25.4081,0.2374,0.2429,0.0153,90.686
2025-08-07 20:00:00,19.3851,2.7158,1.7444,17.6407,0.1497,0.1743,0.0133,80.224
2025-08-07 21:00:00,18.4127,2.08808,2.05241,16.3603,0.144056,0.148226,0.009626,70.528
2025-08-07 22:00:00,15.3987,1.91812,0.921142,14.4775,0.097939,0.13397,0.007774,54.042
2025-08-07 23:00:00,13.5573,2.15195,0.621687,12.9356,0.073395,0.126628,0.006964,39.671
2025-08-08 00:00:00,9.53441,2.162,0.342934,9.19148,0.051665,0.081124,0.005148,30.068
2025-08-08 01:00:00,6.78829,1.73614,0.256976,6.53132,0.040224,0.05346,0.004375,17.078
2025-08-08 02:00:00,0.944894,0.277584,0.061833,0.883061,0.015027,0.008516,0.002519,5.392
2025-08-08 03:00:00,1.99198,0.5295,0.117617,1.87436,0.022284,0.015964,0.002746,6.653
2025-08-08 04:00:00,1.99436,0.47712,0.170236,1.82413,0.02412,0.016694,0.00317,9.064
2025-08-08 05:00:00,5.38863,1.06034,0.329727,5.05891,0.041872,0.04132,0.00464,18.641
2025-08-08 06:00:00,15.3042,2.07318,0.979368,14.3248,0.095516,0.113454,0.007465,45.59
2025-08-08 07:00:00,22.1911,1.46302,1.42965,20.7614,0.141297,0.175656,0.011702,81.423
2025-08-08 08:00:00,43.411,1.58481,3.23133,40.1796,0.265864,0.3146,0.019422,145.096
2025-08-08 09:00:00,57.3333,1.84434,4.87891,52.4543,0.359411,0.395997,0.023752,202.819
2025-08-08 10:00:00,53.8891,1.64839,4.20055,49.6885,0.32127,0.380461,0.022606,203.107
2025-08-08 11:00:00,46.76,1.76426,3.64778,43.1122,0.293895,0.34309,0.021033,167.554
2025-08-08 12:00:00,27.1349,2.21618,2.33014,24.8048,0.269085,0.317073,0.019717,134.421
2025-08-08 13:00:00,38.7714,1.97029,3.38511,35.3863,0.266419,0.302313,0.019007,109.85
2025-08-08 14:00:00,45.4945,1.86315,2.80392,42.6906,0.233185,0.337113,0.020157,161.801
2025-08-08 15:00:00,31.5301,1.64614,2.84187,28.6882,0.300241,0.314174,0.019154,152.893
2025-08-08 16:00:00,35.2084,1.56663,3.07101,32.1374,0.247679,0.269932,0.017517,129.999
2025-08-08 17:00:00,26.6623,1.85309,3.10504,23.5573,0.250711,0.207746,0.014719,72.689
2025-08-08 18:00:00,19.7589,2.04206,2.47195,17.287,0.188892,0.150618,0.010761,68.698
2025-08-08 19:00:00,22.687,2.25025,2.63991,20.0471,0.201668,0.182671,0.013036,79.455
2025-08-08 20:00:00,20.7019,2.48343,2.22418,18.4777,0.181084,0.180059,0.01283,78.352
2025-08-08 21:00:00,19.2249,2.91286,2.18179,17.0431,0.17123,0.163588,0.010402,64.161
2025-08-08 22:00:00,13.7657,2.14286,1.2104,12.5553,0.099672,0.116439,0.008356,55.987
2025-08-08 23:00:00,10.2863,1.8329,0.673178,9.61307,0.073203,0.08993,0.006184,23.855
2025-08-09 00:00:00,3.8315,0.9774,0.2145,3.617,0.0402,0.038,0.0039,14.705
2025-08-09 01:00:00,3.178,0.8013,0.1231,3.0549,0.0243,0.0235,0.0033,10.172
2025-08-09 02:00:00,3.93919,1.2143,0.169039,3.77015,0.03361,0.028154,0.003459,8.693
2025-08-09 03:00:00,3.34729,0.905161,0.166223,3.18106,0.029258,0.025278,0.003262,7.247
2025-08-09 04:00:00,3.51516,0.861981,0.162578,3.35258,0.027034,0.024225,0.003312,10.178
2025-08-09 05:00:00,3.31135,0.730337,0.207535,3.10381,0.030438,0.023541,0.003507,9.86
2025-08-09 06:00:00,10.5852,1.61902,0.581089,10.0041,0.064438,0.080817,0.005438,29.936
2025-08-09 07:00:00,24.4213,1.78102,1.49381,22.9275,0.146882,0.18715,0.010357,68
2025-08-09 08:00:00,48.295,1.7028,2.90148,45.3935,0.246085,0.350245,0.019023,158.587
2025-08-09 09:00:00,49.9038,2.01209,3.69646,46.2073,0.354908,0.462024,0.022996,173.238
2025-08-09 10:00:00,77.2208,2.39,5.22533,71.9955,0.382024,0.510746,0.026687,251.168
2025-08-09 11:00:00,61.3954,2.18505,4.9029,56.4925,0.376313,0.446065,0.023002,137.545
2025-08-09 12:00:00,36.5782,2.16439,3.90854,32.6697,0.275674,0.277302,0.015409,122.458
2025-08-09 13:00:00,40.0661,2.06569,2.41164,37.6545,0.214845,0.29864,0.016211,91.681
2025-08-09 14:00:00,51.1545,2.29949,2.72367,48.4309,0.223626,0.359223,0.019074,146.083
2025-08-09 15:00:00,41.4501,2.33023,2.82264,38.6274,0.244845,0.290803,0.016934,119.399
2025-08-09 16:00:00,30.4501,1.89366,2.37318,28.0769,0.191609,0.234459,0.014375,101.782
2025-08-09 17:00:00,12.7059,1.78154,1.00766,11.6983,0.147786,0.169107,0.011453,46.946
2025-08-09 18:00:00,16.7807,2.36414,1.63294,15.1477,0.133507,0.135695,0.008854,54.165
2025-08-09 19:00:00,15.5904,2.17865,1.34993,14.2405,0.113543,0.12898,0.00831,50.358
2025-08-09 20:00:00,13.0955,2.11627,1.41224,11.6832,0.134594,0.129834,0.00952,50.235
2025-08-09 21:00:00,12.3541,2.5867,1.29154,11.0625,0.103872,0.13181,0.008901,51.334
2025-08-09 22:00:00,11.5652,2.22837,0.819123,10.7461,0.095039,0.108397,0.007967,28.984
2025-08-09 23:00:00,6.18209,1.25499,0.498033,5.68406,0.072665,0.068734,0.005495,22.5
2025-08-10 00:00:00,2.68057,0.621942,0.145939,2.53463,0.037758,0.058952,0.004085,9.012
2025-08-10 01:00:00,2.48302,0.65168,0.142137,2.34089,0.034622,0.038698,0.003716,8.203
2025-08-10 02:00:00,2.28548,0.681418,0.138336,2.14714,0.031486,0.018443,0.003347,7.394
2025-08-10 03:00:00,2.00148,0.790473,0.109999,1.89148,0.025738,0.022332,0.003692,10.425
2025-08-10 04:00:00,3.85107,1.17339,0.129583,3.72148,0.022335,0.023327,0.00318,9.622
2025-08-10 05:00:00,3.96496,1.08689,0.160755,3.8042,0.029071,0.030114,0.003535,8.214
2025-08-10 06:00:00,7.39266,1.73374,0.40081,6.99185,0.061856,0.075771,0.005576,20.291
2025-08-10 07:00:00,20.5691,2.21889,1.02052,19.5486,0.116815,0.177284,0.009109,63.876
2025-08-10 08:00:00,42.5475,2.06923,2.71269,39.8348,0.225012,0.307665,0.0175,134.492
2025-08-10 09:00:00,66.3666,2.64789,4.44888,61.9177,0.334732,0.453734,0.024687,189.69
2025-08-10 10:00:00,57.1801,2.93713,4.14162,53.0385,0.399896,0.505421,0.028763,221.148
2025-08-10 11:00:00,58.1231,2.57433,4.75017,53.373,0.360178,0.392543,0.021511,167.862
2025-08-10 12:00:00,21.4249,2.13268,2.23685,19.1881,0.249649,0.2351,0.014978,71.909
2025-08-10 13:00:00,27.8638,1.99483,2.24034,25.6234,0.232737,0.256296,0.015967,119.04
2025-08-10 14:00:00,49.1456,2.28075,3.58007,45.5655,0.265253,0.346075,0.018318,140.206
2025-08-10 15:00:00,34.0657,2.48873,2.13838,31.9273,0.255142,0.323317,0.017295,94.96
2025-08-10 16:00:00,31.3876,2.15723,2.26389,29.1237,0.185468,0.227547,0.013722,96.884
2025-08-10 17:00:00,19.7002,1.92686,1.20293,18.4973,0.126639,0.167368,0.00996,67.811
2025-08-10 18:00:00,16.6183,2.42886,1.73173,14.8866,0.15326,0.150659,0.009554,60.277
2025-08-10 19:00:00,12.7041,1.86606,1.52559,11.1786,0.125083,0.118892,0.008737,49.983
2025-08-10 20:00:00,14.6148,2.56489,1.60195,13.0128,0.131633,0.121873,0.008068,48.873
2025-08-10 21:00:00,14.057,2.7606,1.40809,12.6489,0.126936,0.13657,0.007694,48.577
2025-08-10 22:00:00,10.8372,2.18844,0.814039,10.0231,0.076148,0.103105,0.006428,39.127
2025-08-10 23:00:00,7.51777,1.4934,0.364483,7.15329,0.052405,0.059512,0.004813,21.852
2025-08-11 00:00:00,5.24149,1.39402,0.204225,5.03727,0.029022,0.036433,0.003743,12.28
2025-08-11 01:00:00,2.93826,0.936946,0.081758,2.85651,0.014793,0.016582,0.002666,5.515
2025-08-11 02:00:00,2.46225,0.910594,0.07509,2.38716,0.015699,0.021477,0.003086,7.215
2025-08-11 03:00:00,1.9577,0.875537,0.08727,1.87043,0.021393,0.021092,0.002951,6.561
2025-08-11 04:00:00,2.89472,1.0907,0.098831,2.79588,0.025576,0.025561,0.003633,8.05
2025-08-11 05:00:00,2.83476,1.03761,0.114419,2.72034,0.029029,0.026733,0.003501,8.429
2025-08-11 06:00:00,13.445,2.32934,0.551911,12.8931,0.06719,0.110748,0.006003,23.345
2025-08-11 07:00:00,19.5885,1.33056,1.43413,18.1543,0.159795,0.158492,0.0102,66.865
2025-08-11 08:00:00,24.7801,1.22022,1.92637,22.8538,0.22825,0.252091,0.015991,118.539
2025-08-11 09:00:00,50.5128,1.54294,3.34426,47.1686,0.272544,0.382285,0.020481,185.16
2025-08-11 10:00:00,61.8857,1.84733,4.35776,57.5279,0.35058,0.433586,0.023627,236.405
2025-08-11 11:00:00,49.0099,1.70032,3.62923,45.3807,0.281067,0.343658,0.019722,126.519
2025-08-11 12:00:00,40.6705,1.9402,3.16457,37.5059,0.256823,0.301592,0.017369,131.1
2025-08-11 13:00:00,42.5129,1.75877,3.19537,39.3176,0.286654,0.321664,0.018595,152.828
2025-08-11 14:00:00,44.2175,1.50134,3.35738,40.8601,0.289538,0.337258,0.020189,172.203
2025-08-11 15:00:00,42.7546,1.54304,3.50474,39.2498,0.280072,0.34776,0.020455,170.142
2025-08-11 16:00:00,41.0957,1.70465,3.36538,37.7303,0.26632,0.327287,0.019046,137.418
2025-08-11 17:00:00,32.6708,1.75933,2.65259,30.0182,0.247368,0.271948,0.016622,124.662
2025-08-11 18:00:00,29.9349,2.15887,3.04265,26.8922,0.220201,0.233329,0.014838,96.112
2025-08-11 19:00:00,19.3725,1.77177,2.2457,17.1268,0.183408,0.167902,0.013033,76.701
2025-08-11 20:00:00,23.0105,2.59595,2.3319,20.6786,0.204453,0.211639,0.013055,82.068
2025-08-11 21:00:00,15.6088,2.55631,1.24901,14.3598,0.151149,0.17952,0.012547,82.279
2025-08-11 22:00:00,16.6934,2.05534,1.19004,15.5034,0.111686,0.149542,0.009479,59.342
2025-08-11 23:00:00,12.713,1.79867,0.646554,12.0665,0.082392,0.106628,0.006244,37.386
2025-08-12 00:00:00,7.69931,1.35599,0.302448,7.39686,0.047114,0.059384,0.004407,15.405
2025-08-12 01:00:00,5.36098,1.06369,0.175207,5.18577,0.040136,0.04894,0.004145,18.065
2025-08-12 02:00:00,1.98118,0.54428,0.08981,1.89137,0.028174,0.021926,0.003362,13.595
2025-08-12 03:00:00,1.94646,0.401331,0.379573,1.56688,0.020999,0.014765,0.002996,6.496
2025-08-12 04:00:00,4.79033,0.830788,0.224735,4.56559,0.032315,0.042129,0.003727,11.568
2025-08-12 05:00:00,3.94756,0.773729,0.226734,3.72083,0.039194,0.04573,0.004175,17.134
2025-08-12 06:00:00,9.82561,1.5621,0.516741,9.30887,0.079053,0.105401,0.007342,40.975
2025-08-12 07:00:00,25.313,1.58682,1.5238,23.7892,0.145,0.196547,0.012853,83.979
2025-08-12 08:00:00,43.4517,1.59105,2.76038,40.6913,0.242378,0.332342,0.018751,114.192
2025-08-12 09:00:00,59.5035,1.83755,6.26499,53.2385,0.409689,0.417068,0.023122,170.565
2025-08-12 10:00:00,59.8391,1.72378,4.28833,55.5508,0.334634,0.423687,0.022439,217.576
2025-08-12 11:00:00,47.2467,1.5626,3.29166,43.9551,0.284469,0.352428,0.020013,173.615
2025-08-12 12:00:00,47.8019,2.16533,3.84575,43.9561,0.313349,0.360925,0.020527,166.001
2025-08-12 13:00:00,50.0592,1.93817,3.41193,46.6472,0.28348,0.371757,0.019871,163.833
2025-08-12 14:00:00,46.5184,1.56849,3.84557,42.6728,0.267839,0.36274,0.021239,167.252
2025-08-12 15:00:00,51.6316,1.85846,4.00561,47.626,0.308428,0.39919,0.021671,165.718
2025-08-12 16:00:00,48.5042,1.71696,3.82275,44.6814,0.314893,0.362997,0.02089,157.178
2025-08-12 17:00:00,38.8809,1.66257,3.71269,35.1682,0.32717,0.314102,0.0196,140.396
2025-08-12 18:00:00,32.8549,1.88,3.3795,29.4754,0.27522,0.257888,0.016592,111.371
2025-08-12 19:00:00,25.2917,2.11894,2.4638,22.8279,0.208167,0.212736,0.014875,90.668
2025-08-12 20:00:00,23.5507,2.37742,2.9462,20.6045,0.238019,0.220073,0.015177,93.216
2025-08-12 21:00:00,18.3699,2.28028,1.23561,17.1343,0.12826,0.186128,0.01217,73.912
2025-08-12 22:00:00,10.8251,1.35044,0.880139,9.94497,0.077587,0.113561,0.007711,46.061
2025-08-12 23:00:00,5.32681,0.963257,0.398728,4.92808,0.068421,0.067765,0.00548,31.235
2025-08-13 00:00:00,3.22504,0.531308,0.143385,3.08165,0.029709,0.030726,0.00382,7.53
2025-08-13 01:00:00,1.41582,0.258174,0.107335,1.30849,0.028101,0.013359,0.00328,9.334
2025-08-13 02:00:00,2.6069,0.46853,0.114283,2.49262,0.025956,0.021444,0.003229,5.92
2025-08-13 03:00:00,1.67989,0.383361,0.099599,1.58029,0.029251,0.017723,0.003509,7.552
2025-08-13 04:00:00,3.8992,0.636293,0.220648,3.67856,0.032507,0.029503,0.004047,8.314
2025-08-13 05:00:00,3.10305,0.590832,0.159318,2.94373,0.037361,0.033499,0.004214,12.822
2025-08-13 06:00:00,9.10656,1.04842,0.528767,8.57779,0.064286,0.071301,0.005862,30.194
2025-08-13 07:00:00,23.2175,1.35584,1.71105,21.5064,0.162351,0.190344,0.012913,82.715
2025-08-13 08:00:00,48.6329,1.59599,3.21824,45.4146,0.278781,0.365537,0.02012,131.827
2025-08-13 09:00:00,46.512,1.85825,2.89738,43.6146,0.318411,0.45007,0.02325,216.903
2025-08-13 10:00:00,78.9379,2.18604,4.49112,74.4467,0.350945,0.5192,0.024599,231.068
2025-08-13 11:00:00,57.5812,1.96242,3.37014,54.2111,0.28572,0.411776,0.022388,184.586
2025-08-13 12:00:00,47.9811,2.48787,3.83589,44.1452,0.335252,0.375917,0.021779,171.217
2025-08-13 13:00:00,77.4096,3.04188,8.97213,68.4375,0.443806,0.464565,0.02223,172.036
2025-08-13 14:00:00,47.6199,1.55276,3.74035,43.8796,0.304008,0.356475,0.021299,175.678
2025-08-13 15:00:00,49.4193,1.87422,4.04286,45.3765,0.338937,0.385263,0.024033,186.726
2025-08-13 16:00:00,43.0426,1.70899,3.13205,39.9105,0.279556,0.359311,0.020868,155.815
2025-08-13 17:00:00,34.0653,1.90971,2.91187,31.1535,0.259657,0.284968,0.018446,116.99
2025-08-13 18:00:00,22.999,1.67047,2.39847,20.6005,0.222903,0.195752,0.014988,83.356
2025-08-13 19:00:00,19.6321,1.87043,2.35256,17.2795,0.225853,0.190497,0.014934,86.902
2025-08-13 20:00:00,21.6888,2.47759,1.89817,19.7907,0.167284,0.201599,0.014438,83.664
2025-08-13 21:00:00,12.9216,2.15791,1.05036,11.8712,0.132507,0.179908,0.012888,44.961
2025-08-13 22:00:00,17.4423,2.29806,1.85649,15.5858,0.140476,0.149164,0.010534,60.939
2025-08-13 23:00:00,14.0659,1.92684,0.995819,13.0701,0.0904,0.112973,0.007178,40.739
2025-08-14 00:00:00,5.73866,1.06706,0.297021,5.44164,0.044462,0.047257,0.004706,17.323
2025-08-14 01:00:00,3.69681,0.972845,0.130981,3.56583,0.037246,0.038509,0.003868,12.473
2025-08-14 02:00:00,1.61412,0.464361,0.069646,1.54447,0.031048,0.025825,0.003501,5.983
2025-08-14 03:00:00,0.974839,0.24371,0.098159,0.87668,0.024889,0.014132,0.00313,7.139
2025-08-14 04:00:00,1.84633,0.396719,0.10486,1.74147,0.02746,0.016285,0.00317,8.486
2025-08-14 05:00:00,4.36535,0.755512,0.225403,4.13994,0.043406,0.037974,0.004731,16.071
2025-08-14 06:00:00,11.3505,1.67708,0.612956,10.7376,0.081507,0.102186,0.007153,40.62
2025-08-14 07:00:00,26.9189,1.53349,1.93049,24.9884,0.167606,0.204563,0.013082,69.86
2025-08-14 08:00:00,44.2457,1.46247,2.98809,41.2576,0.2575,0.335434,0.019206,119.874
2025-08-14 09:00:00,67.4741,1.89215,5.51717,61.957,0.384918,0.455214,0.025062,248.472
2025-08-14 10:00:00,63.3864,1.74878,5.34091,58.0455,0.396511,0.458767,0.026234,260.359
2025-08-14 11:00:00,57.6949,1.9551,4.32888,53.366,0.34008,0.41356,0.023455,188.609
2025-08-14 12:00:00,43.3936,2.00007,3.2271,40.1665,0.287294,0.341185,0.020394,151.072
2025-08-14 13:00:00,49.4404,2.08697,4.60831,44.8321,0.377984,0.35524,0.022052,174.006
2025-08-14 14:00:00,57.8804,2.08188,4.47002,53.4104,0.348845,0.418891,0.02334,185.547
2025-08-14 15:00:00,46.6402,1.70831,3.81204,42.8282,0.291481,0.371987,0.022205,129.643
2025-08-14 16:00:00,39.22,1.57043,3.33256,35.8874,0.2866,0.329317,0.02161,157
2025-08-14 17:00:00,25.9456,2.13264,2.35868,23.587,0.271394,0.278614,0.01898,96.287
2025-08-14 18:00:00,28.4728,2.40074,4.47094,24.0018,0.335481,0.234629,0.01784,107.685
2025-08-14 19:00:00,26.5893,2.50842,3.20976,23.3795,0.25737,0.239276,0.016118,107.684
2025-08-14 20:00:00,23.6773,2.56692,2.16706,21.5102,0.185836,0.241265,0.015603,98.478
2025-08-14 21:00:00,16.5788,2.84176,1.93071,14.6481,0.249943,0.229222,0.014737,65.071
2025-08-14 22:00:00,15.8055,2.11303,1.08218,14.7233,0.110574,0.138966,0.00939,54.725
2025-08-14 23:00:00,11.4508,1.61007,1.03435,10.4164,0.116033,0.103569,0.006002,36.92
2025-08-15 00:00:00,2.27684,0.505963,0.106779,2.17006,0.033149,0.033771,0.003887,14.337
2025-08-15 01:00:00,3.65591,0.657064,0.238894,3.41701,0.035431,0.032061,0.003654,12.921
2025-08-15 02:00:00,1.69709,0.41677,0.087105,1.60998,0.032394,0.030585,0.003433,10.291
2025-08-15 03:00:00,2.20978,0.434653,0.083743,2.12604,0.021219,0.013353,0.002853,6.165
2025-08-15 04:00:00,4.20439,0.903782,0.165814,4.03858,0.028519,0.027159,0.003453,11.117
2025-08-15 05:00:00,3.96588,1.08595,0.188071,3.77781,0.037913,0.036748,0.004343,13.274
2025-08-15 06:00:00,11.8307,1.47588,0.61272,11.2179,0.073935,0.094881,0.008708,37.806
2025-08-15 07:00:00,31.2997,1.89213,1.63404,29.6656,0.157183,0.224294,0.013377,85.842
2025-08-15 08:00:00,48.5582,1.66181,3.43735,45.1208,0.311693,0.349865,0.021438,165.458
2025-08-15 09:00:00,49.6884,1.94186,3.74866,45.9398,0.390621,0.446106,0.024885,225.35
2025-08-15 10:00:00,74.7463,2.05754,6.21642,68.5298,0.449568,0.518102,0.028473,271.338
2025-08-15 11:00:00,58.0444,2.0125,4.6152,53.4292,0.35714,0.408895,0.024205,203.7
2025-08-15 12:00:00,39.1585,2.62351,2.59001,36.5685,0.309223,0.369382,0.020225,150.469
2025-08-15 13:00:00,41.1658,1.85632,3.79532,37.3705,0.285802,0.315674,0.020331,143.734
2025-08-15 14:00:00,52.62,1.80601,4.77795,47.8421,0.360687,0.391981,0.022779,182.905
2025-08-15 15:00:00,54.9907,1.99531,4.75668,50.2341,0.356571,0.401543,0.022635,182.639
2025-08-15 16:00:00,28.7015,1.64516,3.01936,25.6822,0.306919,0.306193,0.020668,101.103
2025-08-15 17:00:00,34.2835,1.7856,3.78173,30.5018,0.291384,0.294271,0.019136,131.296
2025-08-15 18:00:00,31.0274,2.63659,4.54493,26.4825,0.308834,0.250486,0.016176,110.609
2025-08-15 19:00:00,28.9614,2.97468,3.64992,25.3115,0.263329,0.251728,0.018703,108.567
2025-08-15 20:00:00,24.3972,2.66462,2.93191,21.4653,0.22698,0.208927,0.014697,90.368
2025-08-15 21:00:00,20.4778,2.33925,1.65014,18.8276,0.171726,0.178335,0.012851,69.473
2025-08-15 22:00:00,18.272,2.1711,1.1281,17.1439,0.104975,0.169788,0.011153,37.457
2025-08-15 23:00:00,11.8587,1.51996,0.647092,11.2116,0.073796,0.120071,0.007071,34.086
2025-08-16 00:00:00,6.19349,1.31553,0.234051,5.95944,0.062175,0.096268,0.005652,16.824
2025-08-16 01:00:00,4.59551,1.27229,0.167577,4.42794,0.044288,0.054941,0.005341,12.453
2025-08-16 02:00:00,6.37672,1.26172,0.188014,6.1887,0.035725,0.043217,0.00518,14.922
2025-08-16 03:00:00,3.34497,0.647747,0.146239,3.19873,0.03414,0.035996,0.004065,9.922
2025-08-16 04:00:00,2.88005,0.871158,0.162715,2.71733,0.035158,0.033469,0.004223,9.145
2025-08-16 05:00:00,3.98977,0.879192,0.218473,3.7713,0.043185,0.042817,0.005029,18.604
2025-08-16 06:00:00,7.91499,1.21321,0.349062,7.56592,0.058932,0.07667,0.007198,27.44
2025-08-16 07:00:00,23.733,1.48313,1.38063,22.3524,0.139563,0.195179,0.011727,70.724
2025-08-16 08:00:00,52.5499,1.92646,4.9245,47.6254,0.333979,0.367583,0.021237,159.988
2025-08-16 09:00:00,70.0562,2.18176,4.27777,65.7784,0.343626,0.474862,0.025512,235.354
2025-08-16 10:00:00,72.7157,2.17191,5.6698,67.0459,0.412997,0.475034,0.026579,197.575
2025-08-16 11:00:00,38.4459,1.98605,2.84445,35.6014,0.404654,0.390715,0.022684,182.136
2025-08-16 12:00:00,39.3317,2.44114,3.07935,36.2523,0.253253,0.291853,0.017795,121.28
2025-08-16 13:00:00,44.1042,2.26664,3.41966,40.6846,0.273516,0.327238,0.018643,109.431
2025-08-16 14:00:00,49.3512,1.92088,3.59292,45.7583,0.282687,0.355677,0.020405,115.12
2025-08-16 15:00:00,47.5136,1.97627,3.22469,44.2889,0.266185,0.341316,0.019761,159.126
2025-08-16 16:00:00,37.4893,1.88029,3.03319,34.4561,0.260027,0.285257,0.017649,128.861
2025-08-16 17:00:00,21.081,1.65134,2.81798,18.263,0.224777,0.177424,0.014195,79.642
2025-08-16 18:00:00,17.5191,1.85938,1.76273,15.7563,0.140075,0.158795,0.012812,64.081
2025-08-16 19:00:00,24.8268,2.97683,2.00153,22.8252,0.189088,0.221461,0.016115,64.908
2025-08-16 20:00:00,21.1882,2.61196,2.71707,18.4711,0.194099,0.188764,0.015273,82.465
2025-08-16 21:00:00,17.5063,2.05424,1.77003,15.7362,0.159438,0.159151,0.013585,64.384
2025-08-16 22:00:00,16.4097,2.06308,0.967126,15.4426,0.10137,0.136089,0.010662,49.424
2025-08-16 23:00:00,8.61793,1.24537,0.500881,8.11705,0.0665,0.081929,0.007403,30.942
2025-08-17 00:00:00,7.71871,1.33311,0.282434,7.43628,0.045774,0.061286,0.005566,18.268
2025-08-17 01:00:00,4.50015,0.975326,0.217834,4.28232,0.037667,0.036411,0.003979,13.611
2025-08-17 02:00:00,2.3538,0.587568,0.126976,2.22682,0.030414,0.027932,0.00354,10.032
2025-08-17 03:00:00,0.626858,0.213362,0.043839,0.583019,0.021582,0.010594,0.002979,4.687
2025-08-17 04:00:00,1.94831,0.501625,0.094477,1.85383,0.027277,0.016903,0.00342,6.426
2025-08-17 05:00:00,4.43422,1.38569,0.174228,4.25999,0.037996,0.042167,0.00454,11.821
2025-08-17 06:00:00,13.1512,1.88846,0.473051,12.6782,0.066115,0.106634,0.007586,29.738
2025-08-17 07:00:00,22.0067,1.74712,1.17145,20.8353,0.115527,0.170047,0.009901,63.685
2025-08-17 08:00:00,44.1212,1.81107,2.68562,41.4356,0.231494,0.321643,0.017881,142.021
2025-08-17 09:00:00,59.5968,2.10843,3.91411,55.6827,0.315987,0.421613,0.023983,186.963
2025-08-17 10:00:00,65.0125,2.1809,4.15066,60.8618,0.325369,0.444667,0.025196,206.299
2025-08-17 11:00:00,62.9553,2.42192,4.76105,58.1943,0.35155,0.441332,0.023617,203.214
2025-08-17 12:00:00,40.5273,2.42998,2.79011,37.7372,0.24624,0.310584,0.019786,99.726
2025-08-17 13:00:00,46.3061,2.76455,3.87092,42.4352,0.328831,0.361352,0.023128,115.684
2025-08-17 14:00:00,41.0457,2.35489,3.19286,37.8528,0.267229,0.329839,0.01989,142.532
2025-08-17 15:00:00,53.0355,2.96586,3.29553,49.74,0.254883,0.383781,0.020791,145.225
2025-08-17 16:00:00,37.4543,2.59128,2.33543,35.1189,0.219941,0.294769,0.018024,120.401
2025-08-17 17:00:00,24.0845,2.22964,2.08857,21.9959,0.163289,0.201835,0.012892,89.695
2025-08-17 18:00:00,16.7738,2.01803,1.69665,15.0772,0.178384,0.167283,0.012993,50.905
2025-08-17 19:00:00,13.8933,2.50059,1.52958,12.3637,0.174166,0.156985,0.014036,70.444
2025-08-17 20:00:00,14.9246,2.39023,1.35152,13.5731,0.143484,0.151987,0.013834,71.598
2025-08-17 21:00:00,12.9788,2.53988,0.798701,12.1801,0.114558,0.159949,0.011421,67.623
2025-08-17 22:00:00,15.5582,2.17902,0.945542,14.6126,0.109857,0.136837,0.008802,29.208
2025-08-17 23:00:00,7.63318,1.13286,0.390453,7.24273,0.056698,0.065753,0.005175,24.174
2025-08-18 00:00:00,7.99138,1.47117,0.342497,7.64888,0.052465,0.058388,0.004734,19.827
2025-08-18 01:00:00,3.56877,0.694583,0.1645,3.40427,0.027617,0.022426,0.003287,7.922
2025-08-18 02:00:00,2.91585,0.554554,0.147363,2.76848,0.027411,0.022368,0.003461,11.714
2025-08-18 03:00:00,3.90628,0.792028,0.143506,3.76277,0.025414,0.036192,0.00379,10.611
2025-08-18 04:00:00,3.08288,0.666425,0.091393,2.99149,0.013796,0.028839,0.003222,9.204
2025-08-18 05:00:00,5.61414,1.08339,0.206736,5.4074,0.030948,0.051165,0.004464,13.972
2025-08-18 06:00:00,11.0154,1.38628,0.458416,10.557,0.062014,0.084658,0.006417,31.861
2025-08-18 07:00:00,25.5291,1.5307,1.99415,23.535,0.163453,0.197089,0.013773,79.041
2025-08-18 08:00:00,43.2944,1.3974,3.04499,40.2494,0.305224,0.335145,0.020572,155.857
2025-08-18 09:00:00,57.3515,1.48849,4.32822,53.0233,0.377636,0.432442,0.024429,232.254
2025-08-18 10:00:00,65.5528,1.63931,4.88208,60.6707,0.403425,0.458913,0.025913,251.647
2025-08-18 11:00:00,16.3699,1.72898,1.25855,15.1114,0.461581,0.46877,0.026137,64.555
2025-08-18 12:00:00,40.6705,1.9402,3.1646,37.506,0.2568,0.3016,0.0174,131.1
2025-08-18 13:00:00,42.5129,1.7588,3.1954,39.3176,0.2867,0.3217,0.0186,152.828
2025-08-18 14:00:00,51.7547,1.52534,3.89555,47.8592,0.380197,0.372745,0.022966,196.025
2025-08-18 15:00:00,56.2846,1.77778,4.01588,52.2687,0.358909,0.420865,0.023103,192.307
2025-08-18 16:00:00,46.0904,1.58452,3.54951,42.5409,0.339769,0.37812,0.022583,179.934
2025-08-18 17:00:00,34.933,1.76376,3.22485,31.7082,0.287364,0.279815,0.019051,138.958
2025-08-18 18:00:00,25.7844,2.00127,2.64617,23.1382,0.221751,0.230721,0.01637,97.488
2025-08-18 19:00:00,26.9544,2.27118,3.10472,23.8497,0.250353,0.223185,0.017313,99.592
2025-08-18 20:00:00,25.338,2.67844,2.02155,23.3165,0.174853,0.229605,0.019248,89.807
2025-08-18 21:00:00,15.6088,2.5563,1.249,14.3598,0.1511,0.1795,0.0125,82.279
2025-08-18 22:00:00,14.9534,2.13681,1.24789,13.7055,0.107806,0.147264,0.012939,42.034
2025-08-18 23:00:00,10.0532,1.622,0.552515,9.50065,0.06885,0.107325,0.008918,39.413
2025-08-19 00:00:00,6.05006,1.20711,0.262095,5.78797,0.052623,0.060054,0.006539,22.501
2025-08-19 01:00:00,2.13653,0.461056,0.121676,2.01486,0.028894,0.019065,0.00355,8.913
2025-08-19 02:00:00,2.76594,0.625496,0.211461,2.55448,0.026737,0.016559,0.003065,5.27
2025-08-19 03:00:00,1.94857,0.5109,0.083074,1.8655,0.020272,0.016029,0.002956,6.068
2025-08-19 04:00:00,2.35738,0.625963,0.099267,2.25811,0.028543,0.025203,0.00383,7.652
2025-08-19 05:00:00,4.30625,0.899009,0.179733,4.12652,0.042553,0.044155,0.005034,13.088
2025-08-19 06:00:00,7.72863,1.43495,0.413893,7.31474,0.065327,0.077644,0.006861,30.047
2025-08-19 07:00:00,22.5832,1.39214,1.31454,21.2687,0.13586,0.204121,0.013816,74.872
2025-08-19 08:00:00,43.8472,1.43894,3.38848,40.4588,0.295195,0.339825,0.020589,151.512
2025-08-19 09:00:00,60.4765,1.66254,4.1623,56.3142,0.366262,0.441496,0.025054,233.499
2025-08-19 10:00:00,66.2344,1.80436,5.17945,61.055,0.431423,0.470084,0.026076,256.651
2025-08-19 11:00:00,54.625,1.68982,4.99069,49.6343,0.43429,0.405957,0.022992,217.697
2025-08-19 12:00:00,44.9729,1.87716,3.53281,41.4401,0.301973,0.347308,0.021269,158.793
2025-08-19 13:00:00,41.4066,1.63572,3.03524,38.3714,0.242965,0.311069,0.019869,158.328
2025-08-19 14:00:00,32.04,1.31301,2.47967,29.5603,0.270884,0.325008,0.020257,171.143
2025-08-19 15:00:00,37.5519,1.63368,3.06507,34.4868,0.316918,0.368008,0.022223,148.369
2025-08-19 16:00:00,49.2483,1.61512,3.94145,45.3068,0.338853,0.368291,0.023151,188.093
2025-08-19 17:00:00,33.3087,1.50473,2.96487,30.3438,0.265785,0.269153,0.019294,145.275
2025-08-19 18:00:00,32.8549,1.88,3.3795,29.4754,0.2752,0.2579,0.0166,111.371
2025-08-19 19:00:00,25.2917,2.1189,2.4638,22.8279,0.2082,0.2127,0.0149,90.668
2025-08-19 20:00:00,23.5507,2.3774,2.9462,20.6045,0.238,0.2201,0.0152,93.216
2025-08-19 21:00:00,18.3699,2.2803,1.2356,17.1343,0.1283,0.1861,0.0122,73.912
2025-08-19 22:00:00,10.8251,1.3504,0.8801,9.945,0.0776,0.1136,0.0077,46.061
2025-08-19 23:00:00,5.3268,0.9633,0.3987,4.9281,0.0684,0.0678,0.0055,31.235
2025-08-20 00:00:00,3.225,0.5313,0.1434,3.0817,0.0297,0.0307,0.0038,7.53
2025-08-20 01:00:00,1.4158,0.2582,0.1073,1.3085,0.0281,0.0134,0.0033,9.334
2025-08-20 02:00:00,1.13302,0.324276,0.055755,1.07726,0.022709,0.017452,0.003019,6.504
2025-08-20 03:00:00,0.882708,0.194173,0.041861,0.840847,0.012676,0.009956,0.002781,3.89
2025-08-20 04:00:00,1.48342,0.305986,0.086625,1.39679,0.020059,0.016768,0.003219,7.097
2025-08-20 05:00:00,4.38652,0.872419,0.328541,4.05798,0.04243,0.037356,0.004181,10.897
2025-08-20 06:00:00,8.82103,1.13673,0.582305,8.23873,0.10565,0.082464,0.006426,30.607
2025-08-20 07:00:00,23.6794,1.49491,1.63692,22.0425,0.154184,0.194077,0.011959,60.098
2025-08-20 08:00:00,46.4684,1.48338,3.79129,42.6771,0.310505,0.369588,0.020919,166.076
2025-08-20 09:00:00,70.8417,1.86918,5.4941,65.3476,0.437587,0.518382,0.028285,285.291
2025-08-20 10:00:00,77.9244,1.94238,5.77009,72.1543,0.474811,0.558547,0.030125,226.575
2025-08-20 11:00:00,55.0189,2.11693,3.62725,51.3917,0.445361,0.525852,0.027485,266.884
2025-08-20 12:00:00,48.4575,2.0429,4.43273,44.0248,0.365721,0.369405,0.022082,170.174
2025-08-20 13:00:00,50.8038,1.80245,4.40844,46.3954,0.327934,0.370573,0.022508,178.851
2025-08-20 14:00:00,50.8011,1.53071,3.70462,47.0965,0.336342,0.391921,0.022132,196.463
2025-08-20 15:00:00,56.1149,1.74987,4.43095,51.6839,0.371848,0.415892,0.022399,210.636
2025-08-20 16:00:00,31.27,1.57405,2.56239,28.7076,0.33051,0.345316,0.020203,165.918
2025-08-20 17:00:00,33.8313,1.7282,3.20178,30.6295,0.247742,0.271998,0.016981,89.124
2025-08-20 18:00:00,22.6556,1.71816,2.22052,20.4351,0.191085,0.181972,0.013553,83.045
2025-08-20 19:00:00,15.1831,1.90599,1.75866,13.4244,0.17047,0.187556,0.014906,64.547
2025-08-20 20:00:00,14.7406,2.13138,2.37442,12.3662,0.237083,0.180996,0.014638,57.542
2025-08-20 21:00:00,16.9527,2.27309,1.9004,15.0523,0.15603,0.164293,0.014197,70.943
2025-08-20 22:00:00,11.4861,1.71435,0.824843,10.6613,0.088742,0.113268,0.00904,47.071
2025-08-20 23:00:00,11.0995,2.01297,1.01296,10.0866,0.118379,0.103846,0.008438,39.515
2025-08-21 00:00:00,5.81812,1.18495,0.323717,5.4944,0.051594,0.064927,0.005417,18.706
2025-08-21 01:00:00,4.12629,0.981983,0.259641,3.86665,0.040381,0.036977,0.004049,13.541
2025-08-21 02:00:00,2.1821,0.521784,0.126924,2.05517,0.02991,0.020455,0.003305,9.204
2025-08-21 03:00:00,2.48507,0.789915,0.115799,2.36927,0.029159,0.023697,0.003572,7.535
2025-08-21 04:00:00,3.55819,0.853282,0.151603,3.40658,0.025191,0.024894,0.003795,10.227
2025-08-21 05:00:00,5.45839,0.981371,0.329033,5.12935,0.04353,0.04167,0.004535,16.906
2025-08-21 06:00:00,11.5968,1.75656,0.527136,11.0697,0.077813,0.112703,0.00847,33.877
2025-08-21 07:00:00,26.196,1.62405,1.8364,24.3596,0.176132,0.195282,0.013461,78.254
2025-08-21 08:00:00,50.979,1.62085,3.39002,47.589,0.277326,0.389987,0.020393,164.362
2025-08-21 09:00:00,67.2662,1.8002,4.51994,62.7462,0.383388,0.451524,0.026163,251.461
2025-08-21 10:00:00,71.6251,1.98408,5.23805,66.3871,0.395987,0.479885,0.025003,259.689
2025-08-21 11:00:00,43.616,1.85964,3.21653,40.3995,0.340724,0.404841,0.022293,150.16
2025-08-21 12:00:00,41.8003,2.05488,3.2378,38.5625,0.276016,0.325655,0.01818,137.847
2025-08-21 13:00:00,37.9065,1.58644,2.61584,35.2906,0.22792,0.303475,0.018531,138.3
2025-08-21 14:00:00,47.1912,1.54401,3.88272,43.3085,0.308806,0.370399,0.022901,135.439
2025-08-21 15:00:00,37.312,1.79713,2.61978,34.6922,0.28518,0.372337,0.02203,178.317
2025-08-21 16:00:00,41.3513,1.58653,3.83013,37.5212,0.330927,0.328237,0.020883,168.503
2025-08-21 17:00:00,31.1275,1.73181,2.60485,28.5227,0.22191,0.25875,0.017111,127.417
2025-08-21 18:00:00,24.9591,2.18174,2.63127,22.3279,0.190213,0.211519,0.015462,87.006
2025-08-21 19:00:00,20.3372,2.22507,3.00501,17.3322,0.243343,0.187743,0.016168,88.49
2025-08-21 20:00:00,16.8157,1.95487,1.37778,15.438,0.140082,0.178511,0.015234,57.881
2025-08-21 21:00:00,15.7172,2.20748,1.12433,14.5929,0.107401,0.16763,0.014456,70.834
2025-08-21 22:00:00,16.3805,2.44048,0.91517,15.4653,0.096559,0.143454,0.009251,54.121
2025-08-21 23:00:00,8.07503,1.26926,0.583838,7.49119,0.069941,0.059914,0.005271,24.143
2025-08-22 00:00:00,3.25914,0.878001,0.136669,3.12247,0.035518,0.033659,0.006465,9.638
2025-08-22 01:00:00,4.03561,0.90444,0.161166,3.87445,0.029291,0.030832,0.006685,7.328
2025-08-22 02:00:00,3.98344,1.01102,0.140988,3.84245,0.027818,0.02683,0.006381,8.764
2025-08-22 03:00:00,4.88457,1.26412,0.142235,4.74233,0.027834,0.031667,0.007033,9.855
2025-08-22 04:00:00,2.78474,0.65554,0.111139,2.6736,0.020707,0.016995,0.005589,6.009
2025-08-22 05:00:00,7.06536,1.60503,0.288048,6.77731,0.039221,0.052714,0.010339,15.912
2025-08-22 06:00:00,9.62627,1.48462,0.621857,9.00442,0.070849,0.07881,0.013334,28.839
2025-08-22 07:00:00,23.4337,1.62893,1.42165,22.0121,0.129642,0.18028,0.022431,69.833
2025-08-22 08:00:00,48.9423,1.71631,3.30717,45.6351,0.262411,0.361538,0.039571,158.526
2025-08-22 09:00:00,56.4107,1.73475,3.74448,52.6662,0.305081,0.406348,0.046377,209.376
2025-08-22 10:00:00,64.4098,1.95075,4.7464,59.6634,0.360992,0.454271,0.0513,249.618
2025-08-22 11:00:00,54.5393,1.99631,4.93924,49.6,0.380509,0.3977,0.045939,192.674
2025-08-22 12:00:00,42.841,2.37058,3.17362,39.6674,0.28553,0.34049,0.041094,141.984
2025-08-22 13:00:00,45.0343,2.38252,3.64064,41.3937,0.304511,0.347618,0.039173,153.264
2025-08-22 14:00:00,41.0889,1.89158,2.90082,38.1881,0.244241,0.339695,0.040119,162.252
2025-08-22 15:00:00,40.1273,1.84223,2.6376,37.4897,0.221178,0.312341,0.038864,144.192
2025-08-22 16:00:00,32.5267,1.79487,2.26509,30.2616,0.215475,0.24561,0.031127,106.358
2025-08-22 17:00:00,18.7991,1.67103,1.55553,17.2436,0.155626,0.169974,0.023844,69.956
2025-08-22 18:00:00,19.3905,2.31999,1.80639,17.5841,0.13114,0.179906,0.020939,64.327
2025-08-22 19:00:00,18.643,2.41928,2.1813,16.4617,0.146174,0.160317,0.02213,63.123
2025-08-22 20:00:00,15.79,1.86291,1.65969,14.1303,0.166001,0.157925,0.022911,62.572
2025-08-22 21:00:00,18.052,2.53753,1.95928,16.0927,0.184173,0.175262,0.023576,52.125
2025-08-22 22:00:00,15.2088,2.5998,1.56113,13.6477,0.205441,0.131341,0.016721,45.206
2025-08-22 23:00:00,6.63795,1.36135,0.410513,6.22744,0.054183,0.051715,0.011051,21.445
2025-08-23 00:00:00,5.52779,1.47329,0.6859,4.84189,0.052703,0.038106,0.008701,16.318
2025-08-23 01:00:00,1.95573,0.558461,0.116728,1.839,0.02429,0.015163,0.006706,9.381
2025-08-23 02:00:00,1.61361,0.71084,0.078691,1.53492,0.023593,0.019775,0.006506,7.777
2025-08-23 03:00:00,3.4192,1.03864,0.141557,3.27764,0.027944,0.02549,0.007092,10.046
2025-08-23 04:00:00,3.67005,1.16362,0.164114,3.50593,0.022856,0.027796,0.006454,7.572
2025-08-23 05:00:00,3.92097,1.26157,0.151068,3.76991,0.026811,0.028655,0.007843,9.807
2025-08-23 06:00:00,7.603,1.59058,0.403152,7.19985,0.05374,0.062224,0.010681,16.747
2025-08-23 07:00:00,24.6413,2.10934,1.40606,23.2352,0.131859,0.187897,0.021766,68.136
2025-08-23 08:00:00,49.4707,2.20694,2.79167,46.679,0.240537,0.363113,0.038327,138.556
2025-08-23 09:00:00,44.7814,2.34139,3.18047,41.601,0.333343,0.442425,0.039175,190.256
2025-08-23 10:00:00,60.7955,2.58726,3.74497,57.0506,0.286196,0.433752,0.022551,130.91
2025-08-23 11:00:00,30.6034,2.18721,2.43853,28.1649,0.266536,0.310393,0.019518,139.696
2025-08-23 12:00:00,31.2118,2.28524,3.29104,27.9208,0.239379,0.255481,0.014938,105.654
2025-08-23 13:00:00,38.7934,2.54683,3.02802,35.7654,0.221023,0.314799,0.018279,118.576
2025-08-23 14:00:00,38.4095,2.11181,2.31154,36.098,0.190665,0.310467,0.017249,116.59
2025-08-23 15:00:00,26.6871,2.13326,2.13186,24.5552,0.217881,0.276334,0.017553,123.724
2025-08-23 16:00:00,28.3448,1.76956,1.9268,26.418,0.167211,0.233121,0.013394,98.773
2025-08-23 17:00:00,22.2963,2.26634,1.57547,20.7208,0.140329,0.191055,0.011738,52.387
2025-08-23 18:00:00,19.7902,2.68451,1.67667,18.1135,0.14196,0.175602,0.01323,65.62
2025-08-23 19:00:00,23.9089,3.66702,2.24765,21.6613,0.169462,0.192947,0.012108,56.429
2025-08-23 20:00:00,18.9655,3.16936,1.89909,17.0664,0.159204,0.181217,0.013315,71.418
2025-08-23 21:00:00,15.9511,2.68085,1.2223,14.7288,0.113311,0.146808,0.010418,50.723
2025-08-23 22:00:00,11.2667,2.1526,0.942301,10.3244,0.082956,0.104186,0.006765,40.204
2025-08-23 23:00:00,10.0072,2.35352,0.947885,9.0593,0.127933,0.103191,0.005877,26.891
2025-08-24 00:00:00,3.61731,1.01496,0.617777,2.99953,0.087938,0.037558,0.004613,13.894
2025-08-24 01:00:00,2.50949,0.766491,0.122145,2.38735,0.031552,0.021517,0.003499,9.535
2025-08-24 02:00:00,1.10142,0.448827,0.047934,1.05349,0.024204,0.014249,0.003173,6.209
2025-08-24 03:00:00,1.11252,0.447514,0.065671,1.04685,0.025445,0.016399,0.003014,5.791
2025-08-24 04:00:00,2.68022,1.01293,0.119833,2.56038,0.037058,0.024405,0.003461,11.422
2025-08-24 05:00:00,2.30048,0.779296,0.092255,2.20823,0.027067,0.027829,0.003489,10.956
2025-08-24 06:00:00,7.62241,1.36848,0.476512,7.1459,0.054038,0.058354,0.00552,21.618
2025-08-24 07:00:00,22.4172,1.9592,1.30491,21.1123,0.122543,0.178011,0.01001,67.935
2025-08-24 08:00:00,51.8782,2.27496,3.15426,48.724,0.260249,0.37167,0.01944,118.362
2025-08-24 09:00:00,68.0258,2.63625,3.95839,64.0675,0.320733,0.466172,0.025378,203.011
2025-08-24 10:00:00,60.8767,2.11834,4.06396,56.8127,0.329156,0.442188,0.026112,158.21
2025-08-24 11:00:00,52.4322,2.18613,3.59731,48.8349,0.295192,0.395131,0.022501,170.647
2025-08-24 12:00:00,32.7769,2.39178,3.39051,29.3864,0.235842,0.254405,0.01525,109.774
2025-08-24 13:00:00,41.7818,2.31503,3.24086,38.5409,0.260998,0.307186,0.018335,132.114
2025-08-24 14:00:00,49.415,2.44823,2.79079,46.6242,0.235571,0.36915,0.020806,118.833
2025-08-24 15:00:00,32.4916,2.14268,2.27446,30.2171,0.240707,0.337769,0.018593,109.74
2025-08-24 16:00:00,39.0075,2.34139,2.3676,36.6399,0.196956,0.287223,0.016678,120.692
2025-08-24 17:00:00,20.8466,1.91499,4.16934,16.6773,0.326362,0.168344,0.011822,69.789
2025-08-24 18:00:00,17.4493,2.25327,4.36076,13.0886,0.251266,0.139784,0.008477,49.639
2025-08-24 19:00:00,15.401,2.10224,2.19456,13.2065,0.158433,0.138111,0.010459,62.813
2025-08-24 20:00:00,15.2936,2.46352,1.99574,13.2978,0.143601,0.138901,0.011496,58.981
2025-08-24 21:00:00,9.92317,2.53142,0.881568,9.0416,0.117385,0.129549,0.009054,30.288
2025-08-24 22:00:00,9.24589,1.78768,0.863045,8.38284,0.076339,0.0852,0.006143,30.755
2025-08-24 23:00:00,15.0102,3.04713,0.691849,14.3183,0.059284,0.089213,0.00496,21.104
2025-08-25 00:00:00,5.36874,1.44166,0.232914,5.13582,0.039558,0.044865,0.004375,15.847
2025-08-25 01:00:00,4.06159,1.62985,0.19111,3.87048,0.048936,0.045327,0.004242,10.221
2025-08-25 02:00:00,1.33737,0.539261,0.085245,1.25212,0.031425,0.022301,0.003157,7.535
2025-08-25 03:00:00,2.14381,0.643015,0.087945,2.05587,0.019376,0.015109,0.002674,5.806
2025-08-25 04:00:00,2.17028,0.627612,0.112469,2.05781,0.022713,0.017968,0.003153,6.328
2025-08-25 05:00:00,3.81716,0.937876,0.199089,3.61807,0.031403,0.025206,0.003714,12.149
2025-08-25 06:00:00,9.12059,1.79186,0.468639,8.65195,0.059468,0.072907,0.005618,25.982
2025-08-25 07:00:00,19.0333,1.59944,1.23882,17.7945,0.125609,0.15574,0.01053,62.687
2025-08-25 08:00:00,34.0134,1.46534,2.51936,31.494,0.216834,0.270597,0.017222,120.87
2025-08-25 09:00:00,44.6282,1.62533,3.81828,40.8099,0.322098,0.364927,0.021841,169.685
2025-08-25 10:00:00,50.628,1.74555,3.47565,47.1524,0.299316,0.403601,0.022407,188.091
2025-08-25 11:00:00,45.7684,1.76726,3.3548,42.4136,0.279963,0.369057,0.021565,177.218
2025-08-25 12:00:00,39.7587,2.2027,4.42945,35.3293,0.310425,0.324907,0.01819,135.051
2025-08-25 13:00:00,40.1931,2.00885,2.87329,37.3198,0.264663,0.331897,0.018598,144.384
2025-08-25 14:00:00,43.5267,1.69735,3.26192,40.2648,0.264867,0.346851,0.018997,124.512
2025-08-25 15:00:00,31.0863,1.63561,3.04515,28.0412,0.322264,0.335742,0.020037,126.334
2025-08-25 16:00:00,42.0089,1.98118,3.74007,38.2688,0.299162,0.325737,0.018379,140.587
2025-08-25 17:00:00,24.9243,1.53324,2.24678,22.6776,0.208708,0.229939,0.014977,99.901
2025-08-25 18:00:00,20.2073,1.85797,2.09923,18.1081,0.180703,0.18201,0.013258,54.996
2025-08-25 19:00:00,21.4069,2.75436,2.50931,18.8976,0.186557,0.175022,0.013179,73.309
2025-08-25 20:00:00,19.726,3.36852,2.28046,17.4456,0.202052,0.186428,0.014073,74.588
2025-08-25 21:00:00,23.9098,4.50109,1.33271,22.5771,0.137245,0.20172,0.010949,62.254
2025-08-25 22:00:00,6.75242,1.46283,0.509976,6.24244,0.100536,0.102532,0.007569,22.463
2025-08-25 23:00:00,4.59497,0.796632,0.265959,4.32901,0.04306,0.045696,0.004465,15.12
2025-08-26 00:00:00,2.94606,0.788139,0.155758,2.79031,0.027517,0.027334,0.003873,10.911
2025-08-26 01:00:00,3.69683,0.840571,0.154529,3.5423,0.036236,0.032088,0.004119,10.229
2025-08-26 02:00:00,3.47516,0.919841,0.230425,3.24473,0.036133,0.029539,0.003688,9.065
2025-08-26 03:00:00,2.48044,0.742201,0.078681,2.40176,0.026462,0.021307,0.003313,8.152
2025-08-26 04:00:00,3.32715,1.36807,0.161966,3.16518,0.036643,0.033288,0.003594,12.613
2025-08-26 05:00:00,5.7165,1.45458,0.254986,5.46151,0.04656,0.048997,0.004772,20.03
2025-08-26 06:00:00,12.1551,1.82619,0.792737,11.3624,0.091392,0.091866,0.00698,27.974
2025-08-26 07:00:00,23.2194,1.55106,1.84561,21.3738,0.151923,0.173871,0.011215,73.219
2025-08-26 08:00:00,44.8255,1.68847,3.01039,41.8151,0.244586,0.323033,0.018201,137.489
2025-08-26 09:00:00,60.4765,1.6625,4.1623,56.3142,0.3663,0.4415,0.0251,233.499
2025-08-26 10:00:00,66.2344,1.8044,5.1795,61.055,0.4314,0.4701,0.0261,256.651
2025-08-26 11:00:00,54.5941,2.17524,4.38908,50.205,0.3208,0.414609,0.022284,173.434
2025-08-26 12:00:00,42.4227,2.27199,4.55243,37.8703,0.317665,0.326818,0.018628,138.765
2025-08-26 13:00:00,48.0191,2.01541,5.30166,42.7174,0.380802,0.363311,0.021577,120.036
2025-08-26 14:00:00,40.7703,1.59147,3.54642,37.2238,0.287083,0.332822,0.02022,151.928
2025-08-26 15:00:00,44.2048,1.77088,4.17131,40.0334,0.301375,0.343647,0.020293,151.746
2025-08-26 16:00:00,40.1934,1.87434,3.65356,36.5399,0.289337,0.311538,0.018876,134.974
2025-08-26 17:00:00,28.2262,1.85821,3.32429,24.9019,0.239065,0.228215,0.01564,100.848
2025-08-26 18:00:00,22.7778,1.94251,2.51241,20.2654,0.199469,0.197359,0.013908,86.633
2025-08-26 19:00:00,12.7391,1.90534,1.16509,11.574,0.159618,0.177615,0.013039,71.294
2025-08-26 20:00:00,18.352,2.29515,1.77481,16.5772,0.143764,0.170938,0.012704,73.311
2025-08-26 21:00:00,18.5463,2.79144,1.52135,17.025,0.131713,0.182184,0.011482,60.795
2025-08-26 22:00:00,13.5591,1.96508,0.733884,12.8252,0.085121,0.134347,0.007691,39.415
2025-08-26 23:00:00,9.51257,1.64464,0.956578,8.55599,0.125622,0.086839,0.00659,16.57
2025-08-27 00:00:00,5.96302,1.39977,0.656146,5.30688,0.056523,0.053712,0.004815,16.021
2025-08-27 01:00:00,2.99205,0.807353,0.110012,2.88204,0.025213,0.023913,0.003978,9.319
2025-08-27 02:00:00,1.92674,0.646124,0.09268,1.83406,0.025704,0.022787,0.0039,7.31
2025-08-27 03:00:00,1.04636,0.335371,0.065685,0.980671,0.020002,0.016381,0.003428,7.492
2025-08-27 04:00:00,0.717159,0.264439,0.049717,0.667442,0.01164,0.00916,0.002802,4.27
2025-08-27 05:00:00,4.30924,0.961456,0.263277,4.04597,0.039904,0.035391,0.004162,15.338
2025-08-27 06:00:00,9.07949,1.39513,0.536005,8.54348,0.067572,0.078833,0.005961,29.693
2025-08-27 07:00:00,23.7958,1.60306,1.33281,22.463,0.134294,0.185225,0.01271,76.918
2025-08-27 08:00:00,34.9981,1.74189,2.95069,32.0474,0.272611,0.316897,0.019094,137.605
2025-08-27 09:00:00,56.9732,1.78454,3.76257,53.2106,0.293667,0.411076,0.023387,187.607
2025-08-27 10:00:00,57.3198,1.71145,3.9913,53.3285,0.3313,0.448015,0.025478,212.77
2025-08-27 11:00:00,46.9969,1.66032,3.91053,43.0864,0.313696,0.371752,0.023161,174.851
2025-08-27 12:00:00,40.2359,2.02231,3.66649,36.5694,0.287464,0.30952,0.019879,135.068
2025-08-27 13:00:00,41.0822,1.84291,2.8761,38.2061,0.236632,0.315608,0.01889,137.404
2025-08-27 14:00:00,45.3872,1.61624,2.77744,42.6097,0.241508,0.352843,0.020816,110.866
2025-08-27 15:00:00,43.2582,1.7426,3.7816,39.4766,0.319318,0.345103,0.020054,153.736
2025-08-27 16:00:00,36.1335,1.60708,2.63933,33.4942,0.234438,0.313425,0.019049,136.731
2025-08-27 17:00:00,24.7488,1.58059,2.77868,21.9701,0.217361,0.211227,0.014951,90.021
2025-08-27 18:00:00,30.0586,2.67711,4.97781,25.0807,0.291367,0.233799,0.014321,61.855
2025-08-27 19:00:00,22.8269,2.56251,2.18833,20.6385,0.154919,0.187904,0.013373,74.878
2025-08-27 20:00:00,17.801,2.2335,1.95597,15.845,0.14628,0.163403,0.01241,72.152
2025-08-27 21:00:00,16.5291,2.28808,1.31269,15.2164,0.118418,0.150272,0.011724,67.861
2025-08-27 22:00:00,8.83376,1.23342,1.32305,7.51071,0.107044,0.081188,0.007516,34.859
2025-08-27 23:00:00,5.14381,0.842418,0.35872,4.78509,0.053938,0.048264,0.004583,14.717
2025-08-28 00:00:00,4.23438,0.877773,0.226313,4.00807,0.042887,0.037853,0.004135,13.943
2025-08-28 01:00:00,4.50132,1.03957,0.150104,4.35122,0.029219,0.028905,0.003769,10.157
2025-08-28 02:00:00,2.98195,0.681433,0.200435,2.78151,0.031089,0.021175,0.003348,8.68
2025-08-28 03:00:00,3.26764,0.974834,0.162964,3.10468,0.032419,0.027859,0.003825,10.412
2025-08-28 04:00:00,1.86079,0.462882,0.1097,1.75109,0.022684,0.01304,0.002917,5.557
2025-08-28 05:00:00,4.61365,1.00253,0.1943,4.41935,0.033095,0.03492,0.004214,10.179
2025-08-28 06:00:00,9.55598,1.39422,0.531298,9.02468,0.062015,0.071646,0.006214,29.107
2025-08-28 07:00:00,18.4315,1.35346,1.4239,17.0076,0.125786,0.139065,0.010384,48.769
2025-08-28 08:00:00,34.9094,1.5611,2.00738,32.902,0.182726,0.269735,0.016404,113.866
2025-08-28 09:00:00,49.945,1.90878,3.00988,46.9351,0.255826,0.376686,0.021195,166.536
2025-08-28 10:00:00,49.6953,1.69273,4.14658,45.5487,0.308893,0.380445,0.021247,171.343
2025-08-28 11:00:00,43.5225,1.73369,4.30438,39.2181,0.308925,0.320271,0.01996,146.322
2025-08-28 12:00:00,38.2895,2.10822,4.03337,34.2561,0.294686,0.277146,0.017552,117.485
2025-08-28 13:00:00,34.0646,1.70579,3.66486,30.3997,0.279649,0.276385,0.018072,118.457
2025-08-28 14:00:00,35.787,1.63381,3.28823,32.4988,0.265887,0.296465,0.0185,136.783
2025-08-28 15:00:00,36.1264,1.63631,2.47206,33.6544,0.224478,0.302855,0.01777,131.285
2025-08-28 16:00:00,37.3668,1.79476,2.65477,34.712,0.228567,0.289837,0.017174,120.274
2025-08-28 17:00:00,26.0061,1.95212,3.01533,22.9908,0.22177,0.213782,0.015995,95.675
2025-08-28 18:00:00,21.1969,2.44768,2.90962,18.2873,0.19751,0.172779,0.013271,78.964
2025-08-28 19:00:00,19.3599,2.65933,2.81273,16.5472,0.205818,0.173518,0.014346,77.852
2025-08-28 20:00:00,15.7821,2.31886,1.37058,14.4115,0.143977,0.151535,0.011421,64.701
2025-08-28 21:00:00,15.0417,2.28945,1.56388,13.4778,0.137069,0.154357,0.011225,61.422
2025-08-28 22:00:00,4.40217,1.00004,0.481434,3.92073,0.078361,0.077351,0.006758,31.966
2025-08-28 23:00:00,5.12123,0.990184,0.274513,4.84672,0.042823,0.049174,0.004962,19.444
2025-08-29 00:00:00,4.96095,1.76546,0.215007,4.74594,0.036235,0.041185,0.004048,15.865
2025-08-29 01:00:00,2.16908,1.10217,0.079464,2.08961,0.027408,0.023477,0.003508,11.094
2025-08-29 02:00:00,1.88259,1.01982,0.063912,1.81868,0.022501,0.021845,0.003374,9.013
2025-08-29 03:00:00,1.35997,0.492387,0.055366,1.30461,0.012706,0.008465,0.002375,4.078
2025-08-29 04:00:00,2.0002,0.897757,0.117434,1.88277,0.019933,0.017628,0.002881,7.139
2025-08-29 05:00:00,2.92579,0.86154,0.12016,2.80563,0.023124,0.019795,0.00311,6.926
2025-08-29 06:00:00,8.62915,2.29499,0.627922,8.00123,0.072012,0.080439,0.005491,29.722
2025-08-29 07:00:00,18.3342,1.6571,1.72578,16.6084,0.149356,0.146142,0.009012,57.205
2025-08-29 08:00:00,29.9064,1.34835,2.5682,27.3382,0.218565,0.243506,0.014602,85.612
2025-08-29 09:00:00,39.2138,1.54763,2.85127,36.3625,0.250663,0.320813,0.019989,119.207
2025-08-29 10:00:00,47.5911,1.89924,3.4395,44.1516,0.271114,0.359879,0.019759,156.166
2025-08-29 11:00:00,35.8859,1.75224,2.58815,33.2978,0.213173,0.279164,0.016404,118.895
2025-08-29 12:00:00,30.4467,1.99991,2.4742,27.9725,0.209874,0.23677,0.015309,100.11
2025-08-29 13:00:00,14.8181,2.10784,1.63604,13.1821,0.201033,0.247595,0.012836,26.29
2025-08-29 14:00:00,41.0889,1.8916,2.9008,38.1881,0.2442,0.3397,0.0401,162.252
2025-08-29 15:00:00,40.1273,1.8422,2.6376,37.4897,0.2212,0.3123,0.0389,144.192
2025-08-29 16:00:00,32.5267,1.7949,2.2651,30.2616,0.2155,0.2456,0.0311,106.358
2025-08-29 17:00:00,18.7991,1.671,1.5555,17.2436,0.1556,0.17,0.0238,69.956
2025-08-29 18:00:00,14.659,1.76374,1.50331,13.1557,0.144878,0.135111,0.015961,57.8625
2025-08-29 19:00:00,10.5188,1.85648,1.45111,9.06772,0.134155,0.100222,0.008122,45.769
2025-08-29 20:00:00,11.0749,2.06545,1.87283,9.20211,0.105401,0.10127,0.007938,46.963
2025-08-29 21:00:00,14.5597,3.34245,1.1846,13.3751,0.08947,0.130393,0.007938,47.018
2025-08-29 22:00:00,9.91846,2.10493,1.18976,8.7287,0.100751,0.075439,0.005896,27.776
2025-08-29 23:00:00,8.97571,2.35955,0.595581,8.38013,0.086367,0.083555,0.005673,26.712
2025-08-30 00:00:00,5.67221,1.86586,0.259096,5.41312,0.038057,0.041764,0.004552,14.609
2025-08-30 01:00:00,3.70291,1.56241,0.123526,3.57938,0.027506,0.025122,0.00364,8.143
2025-08-30 02:00:00,2.11394,0.702305,0.097447,2.01649,0.025799,0.017944,0.003315,6.405
2025-08-30 03:00:00,1.57483,0.708745,0.106387,1.46844,0.024875,0.01448,0.003109,5.734
2025-08-30 04:00:00,2.0449,1.02245,0.520834,1.52407,0.035244,0.013178,0.003073,8.142
2025-08-30 05:00:00,2.94032,0.947879,0.159141,2.78118,0.03221,0.022822,0.00372,6.606
2025-08-30 06:00:00,1.17521,0.961713,0.083588,1.09163,0.044887,0.050332,0.004808,11.648
2025-08-30 07:00:00,24.6413,2.1093,1.4061,23.2352,0.1319,0.1879,0.0218,68.136
2025-08-30 08:00:00,49.4707,2.2069,2.7917,46.679,0.2405,0.3631,0.0383,138.556
2025-08-30 09:00:00,44.7814,2.3414,3.1805,41.601,0.3333,0.4424,0.0392,190.256
2025-08-30 10:00:00,60.7955,2.5873,3.745,57.0506,0.2862,0.4338,0.0226,130.91
2025-08-30 11:00:00,30.6034,2.1872,2.4385,28.1649,0.2665,0.3104,0.0195,139.696
2025-08-30 12:00:00,31.2118,2.2852,3.291,27.9208,0.2394,0.2555,0.0149,105.654
2025-08-30 13:00:00,38.7934,2.5468,3.028,35.7654,0.221,0.3148,0.0183,118.576
2025-08-30 14:00:00,38.4095,2.1118,2.3115,36.098,0.1907,0.3105,0.0172,116.59
2025-08-30 15:00:00,26.6871,2.1333,2.1319,24.5552,0.2179,0.2763,0.0176,123.724
2025-08-30 16:00:00,28.3448,1.7696,1.9268,26.418,0.1672,0.2331,0.0134,98.773
2025-08-30 17:00:00,22.2963,2.2663,1.5755,20.7208,0.1403,0.1911,0.0117,52.387
2025-08-30 18:00:00,19.7902,2.6845,1.6767,18.1135,0.142,0.1756,0.0132,65.62
2025-08-30 19:00:00,23.9089,3.667,2.2477,21.6613,0.1695,0.1929,0.0121,56.429
2025-08-30 20:00:00,18.9655,3.1694,1.8991,17.0664,0.1592,0.1812,0.0133,71.418
2025-08-30 21:00:00,15.9511,2.6809,1.2223,14.7288,0.1133,0.1468,0.0104,50.723
2025-08-30 22:00:00,11.2667,2.1526,0.9423,10.3244,0.083,0.1042,0.0068,40.204
2025-08-30 23:00:00,10.0072,2.3535,0.9479,9.0593,0.1279,0.1032,0.0059,26.891
2025-08-31 00:00:00,3.6173,1.015,0.6178,2.9995,0.0879,0.0376,0.0046,13.894
2025-08-31 01:00:00,2.5095,0.7665,0.1221,2.3873,0.0316,0.0215,0.0035,9.535
2025-08-31 02:00:00,1.1014,0.4488,0.0479,1.0535,0.0242,0.0142,0.0032,6.209
2025-08-31 03:00:00,1.1125,0.4475,0.0657,1.0468,0.0254,0.0164,0.003,5.791
2025-08-31 04:00:00,2.6802,1.0129,0.1198,2.5604,0.0371,0.0244,0.0035,11.422
2025-08-31 05:00:00,2.3005,0.7793,0.0923,2.2082,0.0271,0.0278,0.0035,10.956
2025-08-31 06:00:00,7.6224,1.3685,0.4765,7.1459,0.054,0.0584,0.0055,21.618
2025-08-31 07:00:00,22.4172,1.9592,1.3049,21.1123,0.1225,0.178,0.01,67.935
2025-08-31 08:00:00,51.8782,2.275,3.1543,48.724,0.2602,0.3717,0.0194,118.362
2025-08-31 09:00:00,68.0258,2.6363,3.9584,64.0675,0.3207,0.4662,0.0254,203.011
2025-08-31 10:00:00,60.8767,2.1183,4.064,56.8127,0.3292,0.4422,0.0261,158.21
2025-08-31 11:00:00,52.4322,2.1861,3.5973,48.8349,0.2952,0.3951,0.0225,170.647
2025-08-31 12:00:00,32.7769,2.3918,3.3905,29.3864,0.2358,0.2544,0.0152,109.774
2025-08-31 13:00:00,41.7818,2.315,3.2409,38.5409,0.261,0.3072,0.0183,132.114
2025-08-31 14:00:00,49.415,2.4482,2.7908,46.6242,0.2356,0.3692,0.0208,118.833
2025-08-31 15:00:00,32.4916,2.1427,2.2745,30.2171,0.2407,0.3378,0.0186,109.74
2025-08-31 16:00:00,39.0075,2.3414,2.3676,36.6399,0.197,0.2872,0.0167,120.692
2025-08-31 17:00:00,20.8466,1.915,4.1693,16.6773,0.3264,0.1683,0.0118,69.789
2025-08-31 18:00:00,17.4493,2.2533,4.3608,13.0886,0.2513,0.1398,0.0085,49.639
2025-08-31 19:00:00,15.401,2.1022,2.1946,13.2065,0.1584,0.1381,0.0105,62.813
2025-08-31 20:00:00,15.2936,2.4635,1.9957,13.2978,0.1436,0.1389,0.0115,58.981
2025-08-31 21:00:00,9.9232,2.5314,0.8816,9.0416,0.1174,0.1295,0.0091,30.288
2025-08-31 22:00:00,9.2459,1.7877,0.863,8.3828,0.0763,0.0852,0.0061,30.755
2025-08-31 23:00:00,15.0102,3.0471,0.6918,14.3183,0.0593,0.0892,0.005,21.104
2025-09-01 00:00:00,5.3687,1.4417,0.2329,5.1358,0.0396,0.0449,0.0044,15.847
2025-09-01 01:00:00,4.0616,1.6299,0.1911,3.8705,0.0489,0.0453,0.0042,10.221
2025-09-01 02:00:00,1.3374,0.5393,0.0852,1.2521,0.0314,0.0223,0.0032,7.535
2025-09-01 03:00:00,2.1438,0.643,0.0879,2.0559,0.0194,0.0151,0.0027,5.806
2025-09-01 04:00:00,2.1703,0.6276,0.1125,2.0578,0.0227,0.018,0.0032,6.328
2025-09-01 05:00:00,3.8172,0.9379,0.1991,3.6181,0.0314,0.0252,0.0037,12.149
2025-09-01 06:00:00,9.1206,1.7919,0.4686,8.6519,0.0595,0.0729,0.0056,25.982
2025-09-01 07:00:00,19.0333,1.5994,1.2388,17.7945,0.1256,0.1557,0.0105,62.687
2025-09-01 08:00:00,34.0134,1.4653,2.5194,31.494,0.2168,0.2706,0.0172,120.87
2025-09-01 09:00:00,44.6282,1.6253,3.8183,40.8099,0.3221,0.3649,0.0218,169.685
2025-09-01 10:00:00,50.628,1.7456,3.4756,47.1524,0.2993,0.4036,0.0224,188.091
2025-09-01 11:00:00,46.7769,1.73741,3.15615,43.6207,0.276237,0.374039,0.020551,166.532
2025-09-01 12:00:00,42.9257,1.72923,2.83669,40.0891,0.253174,0.344478,0.018702,144.972
2025-09-01 13:00:00,39.0746,1.72104,2.51724,36.5574,0.230111,0.314918,0.016853,123.413
2025-09-01 14:00:00,44.1346,1.80745,3.14333,40.9913,0.285303,0.342501,0.018751,144.764
2025-09-01 15:00:00,49.1946,1.89385,3.76943,45.4252,0.340496,0.370084,0.020648,166.116
2025-09-01 16:00:00,38.899,1.72256,2.583,36.316,0.227253,0.317336,0.018478,131.627
2025-09-01 17:00:00,30.0372,1.85989,3.01815,27.0191,0.256457,0.247605,0.014497,97.074
2025-09-01 18:00:00,24.9536,2.36213,2.72852,22.2251,0.213378,0.203586,0.011798,75.558
2025-09-01 19:00:00,14.3737,1.75547,1.9119,12.4618,0.153195,0.123948,0.009098,57.376
2025-09-01 20:00:00,10.943,1.60643,1.86126,9.08173,0.146476,0.10807,0.008493,49.197
2025-09-01 21:00:00,9.59212,1.68047,0.865584,8.72654,0.081059,0.094737,0.007294,42.084
2025-09-01 22:00:00,6.69853,1.24601,0.389331,6.3092,0.052159,0.058297,0.006044,17.929
2025-09-01 23:00:00,3.95787,0.940557,0.413868,3.544,0.04124,0.030173,0.004201,14.687
2025-09-02 00:00:00,1.99514,0.669062,0.183287,1.81185,0.023832,0.017042,0.003175,7.508
2025-09-02 01:00:00,1.85261,0.769357,0.077948,1.77466,0.015863,0.01232,0.002691,5.275
2025-09-02 02:00:00,1.997,0.916058,0.079399,1.91761,0.016564,0.014856,0.002958,6.72
2025-09-02 03:00:00,1.16355,0.518056,0.047837,1.11572,0.011837,0.009865,0.002679,4.279
2025-09-02 04:00:00,2.93347,1.26661,0.138845,2.79462,0.026053,0.021719,0.003481,8.531
2025-09-02 05:00:00,2.81062,0.87832,0.126089,2.68453,0.027137,0.022511,0.003364,8.654
2025-09-02 06:00:00,5.32255,0.988587,0.347034,4.97552,0.052971,0.049993,0.005156,20.061
2025-09-02 07:00:00,18.4518,1.42353,1.09475,17.3571,0.11552,0.155728,0.008947,56.871
2025-09-02 08:00:00,32.899,1.40438,2.1158,30.7832,0.204248,0.250105,0.015649,106.718
2025-09-02 09:00:00,53.256,1.82196,4.04673,49.2092,0.290626,0.384565,0.021433,170.383
2025-09-02 10:00:00,50.598,1.64493,4.18549,46.4125,0.393752,0.381315,0.021993,180.217
2025-09-02 11:00:00,35.2265,1.39522,3.33719,31.8893,0.297008,0.289612,0.018891,142.442
2025-09-02 12:00:00,33.847,1.80594,2.78276,31.0642,0.242125,0.25895,0.01646,94.926
2025-09-02 13:00:00,37.4478,1.70512,3.32697,34.1208,0.270104,0.282688,0.01766,139.457
2025-09-02 14:00:00,37.197,1.58542,3.12034,34.0767,0.473573,0.319306,0.0189,143.345
2025-09-02 15:00:00,36.0459,1.5958,2.72577,33.3201,0.241654,0.288882,0.01727,131.914
2025-09-02 16:00:00,33.2812,1.60981,3.14628,30.1349,0.276432,0.268273,0.016083,116.778
2025-09-02 17:00:00,24.6982,1.59261,2.64089,22.0573,0.237342,0.198746,0.014296,87.472
2025-09-02 18:00:00,16.693,1.58589,1.99863,14.6944,0.153035,0.143447,0.011614,62.324
2025-09-02 19:00:00,16.4343,1.81035,1.91651,14.5178,0.191768,0.152712,0.010704,65.61
2025-09-02 20:00:00,15.3291,1.76562,2.00469,13.3244,0.189802,0.142349,0.011226,64.128
2025-09-02 21:00:00,14.8889,1.95136,1.70666,13.1822,0.142259,0.144902,0.01011,56.426
2025-09-02 22:00:00,12.5012,2.06494,1.14778,11.3534,0.099142,0.123021,0.007346,42.445
2025-09-02 23:00:00,6.01115,1.20175,0.528316,5.48284,0.060535,0.06158,0.004974,23.657
2025-09-03 00:00:00,3.49024,0.82668,0.11858,3.37166,0.025911,0.030328,0.003474,8.871
2025-09-03 01:00:00,2.43743,0.700009,0.093447,2.34398,0.016943,0.017357,0.002867,4.753
2025-09-03 02:00:00,1.7245,0.521944,0.104714,1.61979,0.020044,0.014568,0.003186,5.937
2025-09-03 03:00:00,1.98083,0.696985,0.156291,1.82454,0.025826,0.021685,0.003741,7.028
2025-09-03 04:00:00,1.75257,0.454269,0.093897,1.65867,0.018801,0.014593,0.002847,6.064
2025-09-03 05:00:00,2.69688,0.593242,0.139908,2.55697,0.033089,0.024312,0.003809,9.958
2025-09-03 06:00:00,7.59236,1.10386,0.415544,7.17682,0.054431,0.061037,0.00533,23.114
2025-09-03 07:00:00,26.4318,1.81387,1.66474,24.767,0.141298,0.219203,0.014019,77.813
2025-09-03 08:00:00,54.6613,2.14661,3.4668,51.1945,0.329961,0.438922,0.022275,173.172
2025-09-03 09:00:00,56.9732,1.7845,3.7626,53.2106,0.2937,0.4111,0.0234,187.607
2025-09-03 10:00:00,66.7643,2.31338,4.27881,62.4855,0.342353,0.510225,0.028423,197.923
2025-09-03 11:00:00,14.3966,1.96997,1.35779,13.0388,0.336031,0.371227,0.022267,176.549
2025-09-03 12:00:00,40.2359,2.0223,3.6665,36.5694,0.2875,0.3095,0.0199,135.068
2025-09-03 13:00:00,23.6684,2.31047,2.07758,21.5908,0.317451,0.337117,0.019271,160.594
2025-09-03 14:00:00,45.3872,1.6162,2.7774,42.6097,0.2415,0.3528,0.0208,110.866
2025-09-03 15:00:00,43.2582,1.7426,3.7816,39.4766,0.3193,0.3451,0.0201,153.736
2025-09-03 16:00:00,36.1335,1.6071,2.6393,33.4942,0.2344,0.3134,0.019,136.731
2025-09-03 17:00:00,24.7488,1.5806,2.7787,21.9701,0.2174,0.2112,0.015,90.021
2025-09-03 18:00:00,30.0586,2.6771,4.9778,25.0807,0.2914,0.2338,0.0143,61.855
2025-09-03 19:00:00,22.8269,2.5625,2.1883,20.6385,0.1549,0.1879,0.0134,74.878
2025-09-03 20:00:00,17.801,2.2335,1.956,15.845,0.1463,0.1634,0.0124,72.152
2025-09-03 21:00:00,16.5291,2.2881,1.3127,15.2164,0.1184,0.1503,0.0117,67.861
2025-09-03 22:00:00,8.8338,1.2334,1.3231,7.5107,0.107,0.0812,0.0075,34.859
2025-09-03 23:00:00,5.1438,0.8424,0.3587,4.7851,0.0539,0.0483,0.0046,14.717
2025-09-04 00:00:00,4.2344,0.8778,0.2263,4.0081,0.0429,0.0379,0.0041,13.943
2025-09-04 01:00:00,4.5013,1.0396,0.1501,4.3512,0.0292,0.0289,0.0038,10.157
2025-09-04 02:00:00,2.04832,0.577317,0.110357,1.93796,0.022364,0.015285,0.003061,7.129
2025-09-04 03:00:00,2.29835,0.568898,0.124676,2.17367,0.023069,0.016977,0.002972,7.561
2025-09-04 04:00:00,2.14647,0.561902,0.106375,2.04009,0.016602,0.015386,0.003343,7.687
2025-09-04 05:00:00,2.32796,0.566965,0.153951,2.17401,0.026662,0.015674,0.003408,9.866
2025-09-04 06:00:00,8.726,1.29504,0.527617,8.19838,0.065581,0.072406,0.005617,22.459
2025-09-04 07:00:00,18.459,1.38063,1.20541,17.2536,0.128318,0.143872,0.009914,65.316
2025-09-04 08:00:00,36.7593,1.47675,2.24888,34.5105,0.198013,0.285685,0.016924,118.326
2025-09-04 09:00:00,47.4048,1.48149,4.1618,43.243,0.317219,0.352347,0.021708,178.654
2025-09-04 10:00:00,50.3121,1.5538,3.96983,46.3423,0.305876,0.372993,0.021898,190.878
2025-09-04 11:00:00,40.0492,1.59508,2.72595,37.3232,0.239421,0.285487,0.017822,139.52
2025-09-04 12:00:00,31.0647,1.71932,2.44365,28.621,0.209646,0.240677,0.015563,109.817
2025-09-04 13:00:00,35.2401,1.71953,3.06701,32.1731,0.240732,0.279883,0.017021,117.48
2025-09-04 14:00:00,40.4008,1.68014,3.30667,37.0941,0.269584,0.315196,0.018196,133.801
2025-09-04 15:00:00,40.1284,1.83017,2.76731,37.3611,0.251786,0.30211,0.018727,95.26
2025-09-04 16:00:00,33.0672,1.89114,2.8913,30.1759,0.236793,0.257955,0.017364,95.4675
2025-09-04 17:00:00,26.0061,1.9521,3.0153,22.9908,0.2218,0.2138,0.016,95.675
2025-09-04 18:00:00,17.7097,1.99884,1.75627,15.9535,0.146471,0.146576,0.01069,68.34
2025-09-04 19:00:00,19.9903,2.30941,2.32518,17.6651,0.187093,0.161814,0.01214,74.67
2025-09-04 20:00:00,20.1242,2.73947,1.8966,18.2276,0.16533,0.167694,0.011148,68.932
2025-09-04 21:00:00,15.0417,2.2895,1.5639,13.4778,0.1371,0.1544,0.0112,61.422
2025-09-04 22:00:00,4.4022,1,0.4814,3.9207,0.0784,0.0774,0.0068,31.966
2025-09-04 23:00:00,5.1212,0.9902,0.2745,4.8467,0.0428,0.0492,0.005,19.444
2025-09-05 00:00:00,4.961,1.7655,0.215,4.7459,0.0362,0.0412,0.004,15.865
2025-09-05 01:00:00,2.1691,1.1022,0.0795,2.0896,0.0274,0.0235,0.0035,11.094
2025-09-05 02:00:00,2.18638,1.07175,0.100034,2.08635,0.032162,0.029171,0.003539,11.694
2025-09-05 03:00:00,3.88526,0.967446,0.137096,3.74817,0.030635,0.02853,0.003547,9.867
2025-09-05 04:00:00,1.80627,0.5379,0.069753,1.73652,0.020429,0.015126,0.003176,5.015
2025-09-05 05:00:00,3.398,0.879856,0.172659,3.22535,0.034232,0.026247,0.003847,10.497
2025-09-05 06:00:00,10.3318,1.64677,0.814941,9.5169,0.076746,0.075444,0.006457,29.653
2025-09-05 07:00:00,23.7814,1.87966,1.44709,22.3344,0.133148,0.171316,0.011985,57.026
2025-09-05 08:00:00,36.7563,1.55787,2.56278,34.1935,0.222185,0.281045,0.016903,92.387
2025-09-05 09:00:00,48.3841,1.75191,3.03568,45.3485,0.255388,0.361124,0.020632,160.832
2025-09-05 10:00:00,49.9746,1.86961,3.58097,46.3937,0.30475,0.366891,0.0222,174.941
2025-09-05 11:00:00,45.7349,2.13835,2.76225,42.9727,0.257,0.352915,0.020754,155.639
2025-09-05 12:00:00,38.5483,2.496,2.81111,35.7371,0.220699,0.297928,0.01699,116.078
2025-09-05 13:00:00,37.9951,2.06002,2.6527,35.3424,0.212627,0.289392,0.017252,126.028
2025-09-05 14:00:00,34.9712,1.9463,2.48007,32.4911,0.241268,0.330903,0.019109,131.07
2025-09-05 15:00:00,43.1861,2.05452,3.10264,40.0835,0.268428,0.304133,0.018232,139.988
2025-09-05 16:00:00,34.5437,2.1107,2.82124,31.7225,0.239977,0.250519,0.016435,108.208
2025-09-05 17:00:00,20.3594,1.67788,1.92541,18.434,0.169758,0.185596,0.013669,80.189
2025-09-05 18:00:00,20.1705,2.44373,1.92562,18.2449,0.159232,0.185589,0.013405,72.431
2025-09-05 19:00:00,16.5461,2.286,1.00738,15.5387,0.101501,0.148615,0.008907,39.154
2025-09-05 20:00:00,14.8915,2.09621,1.05323,13.8382,0.107212,0.133497,0.008508,52.505
2025-09-05 21:00:00,10.5308,2.0488,0.824772,9.70607,0.115582,0.140683,0.008431,50.176
2025-09-05 22:00:00,14.3903,2.1338,0.855985,13.5344,0.095481,0.124191,0.00686,39.037
2025-09-05 23:00:00,8.4941,1.55855,0.545891,7.94821,0.068045,0.073907,0.005662,28.139
2025-09-06 00:00:00,5.6722,1.8659,0.2591,5.4131,0.0381,0.0418,0.0046,14.609
2025-09-06 01:00:00,3.7029,1.5624,0.1235,3.5794,0.0275,0.0251,0.0036,8.143
2025-09-06 02:00:00,3.93665,1.29071,0.128971,3.80768,0.028579,0.026361,0.003248,8.998
2025-09-06 03:00:00,5.66573,1.78617,0.161043,5.50469,0.032525,0.034811,0.003256,9.897
2025-09-06 04:00:00,2.3928,1.11605,0.062729,2.33007,0.021345,0.021421,0.003132,5.743
2025-09-06 05:00:00,3.4951,1.16893,0.158515,3.33659,0.035047,0.02889,0.0038,10.16
2025-09-06 06:00:00,7.34557,1.68708,0.406663,6.9389,0.053897,0.052373,0.005054,24.228
2025-09-06 07:00:00,16.2046,1.56476,1.14003,15.0646,0.125518,0.137137,0.008923,42.341
2025-09-06 08:00:00,38.1258,1.69223,2.45852,35.6673,0.206481,0.274377,0.01606,123.864
2025-09-06 09:00:00,55.312,2.17302,4.05927,51.2527,0.301793,0.386692,0.021794,177.927
2025-09-06 10:00:00,48.9936,2.12941,4.40473,44.5888,0.300202,0.359463,0.020713,163.662
2025-09-06 11:00:00,38.0517,1.97446,2.25014,35.8016,0.203595,0.289844,0.017127,123.032
2025-09-06 12:00:00,27.8284,2.21493,2.38389,25.4445,0.196961,0.219963,0.011813,84.188
2025-09-06 13:00:00,29.103,1.86223,2.28837,26.8146,0.190858,0.218404,0.012243,90.289
2025-09-06 14:00:00,33.6797,1.98513,2.52325,31.1565,0.197457,0.2553,0.01632,111.396
2025-09-06 15:00:00,36.0802,2.4163,2.23382,33.8464,0.194999,0.280535,0.017665,118.75
2025-09-06 16:00:00,26.8621,2.02794,2.22548,24.6367,0.20564,0.212451,0.014945,93.729
2025-09-06 17:00:00,15.1012,1.62343,1.25342,13.8478,0.127713,0.122816,0.009704,52.881
2025-09-06 18:00:00,9.495,2.12226,0.653205,8.84179,0.098121,0.108643,0.009146,47.17
2025-09-06 19:00:00,11.6509,1.98753,1.86087,9.79002,0.21476,0.116136,0.009919,34.875
2025-09-06 20:00:00,15.1219,3.39818,0.99347,14.1284,0.109679,0.132918,0.010367,47.254
2025-09-06 21:00:00,12.5356,2.61158,0.553266,11.9823,0.069793,0.103518,0.007614,26.519
2025-09-06 22:00:00,12.5307,3.16112,0.587984,11.9427,0.07435,0.09809,0.008193,27.968
2025-09-06 23:00:00,6.27026,1.90008,0.381669,5.88859,0.059759,0.062313,0.006175,27.163
2025-09-07 00:00:00,2.48063,1.08136,0.124555,2.35608,0.037714,0.031674,0.004388,15.279
2025-09-07 01:00:00,2.93126,1.10032,0.124482,2.80678,0.028474,0.024721,0.003629,10.531
2025-09-07 02:00:00,0.686199,0.279624,0.043471,0.642728,0.010568,0.006011,0.002425,3.098
2025-09-07 03:00:00,1.28847,0.726308,0.066245,1.22222,0.018673,0.01417,0.003048,5.795
2025-09-07 04:00:00,0.72361,0.311901,0.053734,0.669876,0.021126,0.006911,0.002891,7.168
2025-09-07 05:00:00,1.58249,0.627472,0.122143,1.46034,0.020984,0.014956,0.003019,6.192
2025-09-07 06:00:00,4.23856,0.969036,0.198694,4.03987,0.035714,0.036997,0.004502,14.227
2025-09-07 07:00:00,19.391,1.54362,1.25353,18.1375,0.124905,0.155423,0.009693,52.859
2025-09-07 08:00:00,49.439,2.17219,3.16821,46.2707,0.290347,0.369443,0.020368,148.279
2025-09-07 09:00:00,61.1932,2.23676,3.57063,57.6225,0.297777,0.451138,0.026051,193.343
2025-09-07 10:00:00,66.4219,2.53075,4.06319,62.3587,0.348279,0.476859,0.027369,197.651
2025-09-07 11:00:00,61.9727,2.83161,4.3178,57.6549,0.322099,0.433679,0.024742,186.922
2025-09-07 12:00:00,39.7233,2.57108,2.71398,37.0093,0.206582,0.301466,0.017056,122.519
2025-09-07 13:00:00,45.5794,2.45579,2.94425,42.6352,0.24736,0.340735,0.017597,129.06
2025-09-07 14:00:00,39.478,2.08481,2.69398,36.784,0.220743,0.314007,0.019457,133.401
2025-09-07 15:00:00,46.5396,2.68766,2.34721,44.1924,0.200997,0.353386,0.018365,87.348
2025-09-07 16:00:00,27.0356,1.89644,1.90069,25.1349,0.179677,0.247134,0.015343,94.746
2025-09-07 17:00:00,18.1223,2.00157,1.51355,16.6087,0.149269,0.167507,0.009965,43.807
2025-09-07 18:00:00,9.09366,1.67471,0.877891,8.21577,0.11117,0.130156,0.00816,44.373
2025-09-07 19:00:00,11.7258,2.73967,1.7258,9.99999,0.155663,0.145692,0.00869,49.635
2025-09-07 20:00:00,10.0816,1.82505,1.69413,8.38744,0.143629,0.110052,0.008364,50.436
2025-09-07 21:00:00,6.70473,1.68207,0.586061,6.11867,0.094397,0.106575,0.008322,30.791
2025-09-07 22:00:00,8.98371,2.01519,0.609845,8.37386,0.080396,0.085978,0.006736,33.681
2025-09-07 23:00:00,9.25798,2.42229,0.503063,8.75492,0.064463,0.088108,0.005967,26.526
2025-09-08 00:00:00,5.3687,1.4417,0.2329,5.1358,0.0396,0.0449,0.0044,15.847
2025-09-08 01:00:00,4.0616,1.6299,0.1911,3.8705,0.0489,0.0453,0.0042,10.221
2025-09-08 02:00:00,2.26794,0.669009,0.11189,2.15605,0.028367,0.027693,0.003295,7.173
2025-09-08 03:00:00,1.43932,0.416711,0.061638,1.37768,0.024732,0.020073,0.003078,4.801
2025-09-08 04:00:00,1.58546,0.475829,0.066448,1.51902,0.017255,0.011201,0.002657,5.259
2025-09-08 05:00:00,2.13307,0.757482,0.118689,2.01438,0.027184,0.023208,0.003243,8.843
2025-09-08 06:00:00,4.65431,0.804132,0.337784,4.31653,0.04987,0.04097,0.004674,17.466
2025-09-08 07:00:00,15.6205,1.13719,1.02703,14.5935,0.112571,0.141005,0.009472,59.257
2025-09-08 08:00:00,31.7821,1.35151,3.19048,28.5917,0.261263,0.262431,0.016868,114.048
2025-09-08 09:00:00,52.4481,1.88027,6.02692,46.4212,0.30529,0.368268,0.020903,161.093
2025-09-08 10:00:00,46.6537,1.50719,4.63818,42.0155,0.292276,0.352022,0.021019,176.893
2025-09-08 11:00:00,42.8633,1.637,3.35215,39.5111,0.285348,0.333942,0.019339,155.844
2025-09-08 12:00:00,30.798,1.5936,2.39927,28.3987,0.239207,0.2631,0.016015,115.841
2025-09-08 13:00:00,78.3912,3.31969,3.92696,74.4643,0.304242,0.417154,0.019237,143.172
2025-09-08 14:00:00,46.7199,1.66809,3.32516,43.3948,0.264064,0.356961,0.020174,164.731
2025-09-08 15:00:00,44.3265,1.61141,3.71829,40.6083,0.2497,0.318042,0.018513,113.487
2025-09-08 16:00:00,38.1623,1.59702,3.61564,34.5467,0.295319,0.303629,0.017875,133.266
2025-09-08 17:00:00,25.4215,1.44572,2.99026,22.4312,0.244837,0.242085,0.016096,106.054
2025-09-08 18:00:00,21.414,1.70765,1.74749,19.6665,0.177081,0.192948,0.013476,83.014
2025-09-08 19:00:00,15.6444,2.23684,1.87661,13.7678,0.184582,0.191417,0.012566,73.603
2025-09-08 20:00:00,20.0741,3.05635,1.64271,18.4314,0.208119,0.211484,0.012606,78.994
2025-09-08 21:00:00,11.8515,1.6868,0.926603,10.9249,0.103632,0.1321,0.009574,60.457
2025-09-08 22:00:00,9.21051,1.69186,1.29371,7.91681,0.082806,0.096077,0.006638,41.979
2025-09-08 23:00:00,2.14959,0.566874,0.109517,2.04007,0.037631,0.033474,0.004257,15.961
2025-09-09 00:00:00,2.44283,0.581348,0.128389,2.31444,0.027467,0.019221,0.003389,9.927
2025-09-09 01:00:00,1.51139,0.366665,0.084483,1.42691,0.020239,0.012225,0.002918,4.592
2025-09-09 02:00:00,1.17637,0.356909,0.079631,1.09674,0.02197,0.013657,0.002924,5.003
2025-09-09 03:00:00,1.17011,0.288488,0.084958,1.08515,0.020719,0.009114,0.002817,5.15
2025-09-09 04:00:00,3.13074,0.846147,0.126721,3.00402,0.022104,0.02063,0.00312,6.518
2025-09-09 05:00:00,2.5611,0.581803,0.1895,2.3716,0.031696,0.021682,0.003461,10.452
2025-09-09 06:00:00,7.64603,1.21558,0.590991,7.05504,0.069034,0.068906,0.005982,29.387
2025-09-09 07:00:00,19.9497,1.33194,1.25148,18.6982,0.125897,0.165917,0.011021,63.455
2025-09-09 08:00:00,38.1486,1.42921,2.85863,35.29,0.225799,0.288432,0.016623,125.63
2025-09-09 09:00:00,52.7885,1.56922,3.34903,49.4395,0.30692,0.387243,0.020912,189.566
2025-09-09 10:00:00,57.0197,1.6652,5.12073,51.8989,0.396492,0.397098,0.022268,218.357
2025-09-09 11:00:00,41.6575,1.50813,3.34353,38.3139,0.287952,0.323749,0.019729,154.003
2025-09-09 12:00:00,32.684,1.69207,2.47637,30.2076,0.225025,0.262973,0.016163,119.901
2025-09-09 13:00:00,32.193,1.34216,2.37703,29.816,0.238683,0.272029,0.016743,131.898
2025-09-09 14:00:00,35.8614,1.28452,2.84141,33.0199,0.260171,0.306956,0.018473,149.129
2025-09-09 15:00:00,39.4806,1.3934,2.69109,36.7895,0.244505,0.320961,0.018631,152.533
2025-09-09 16:00:00,30.4742,1.23588,2.30627,28.168,0.214957,0.244844,0.017376,126.267
2025-09-09 17:00:00,21.9244,1.45368,1.80259,20.1218,0.182757,0.196349,0.014418,92.757
2025-09-09 18:00:00,15.4467,1.28359,1.89545,13.5512,0.174612,0.147094,0.011891,49.221
2025-09-09 19:00:00,17.9139,1.61474,2.35761,15.5563,0.188659,0.162765,0.013802,75.108
2025-09-09 20:00:00,23.3291,2.4362,3.86927,19.4598,0.238592,0.190269,0.012551,73.322
2025-09-09 21:00:00,9.99284,1.91801,0.723373,9.26947,0.138016,0.137968,0.009591,57.988
2025-09-09 22:00:00,11.5769,2.87552,2.3922,9.18466,0.183103,0.126144,0.009508,58.193
2025-09-09 23:00:00,7.21514,2.26606,0.901149,6.31399,0.100661,0.081228,0.006239,36.965
2025-09-10 00:00:00,4.25864,1.07433,0.718748,3.53989,0.056119,0.034472,0.004179,10.085
2025-09-10 01:00:00,2.93344,0.891624,0.207181,2.72626,0.031991,0.019983,0.003318,7.262
2025-09-10 02:00:00,2.49795,0.737729,0.094767,2.40318,0.01911,0.017975,0.003443,7.63
2025-09-10 03:00:00,3.09572,1.04798,0.120651,2.97507,0.020958,0.01973,0.003115,6.808
2025-09-10 04:00:00,3.57764,1.18858,0.088,3.48964,0.021515,0.021101,0.003042,8.153
2025-09-10 05:00:00,2.18243,0.669868,0.104611,2.07782,0.033181,0.026768,0.00372,10.736
2025-09-10 06:00:00,7.35837,1.16948,0.438466,6.9199,0.075667,0.069606,0.005951,27.725
2025-09-10 07:00:00,13.351,1.13955,0.860632,12.4904,0.124669,0.143435,0.010409,48.877
2025-09-10 08:00:00,28.2236,1.22254,2.6156,25.608,0.219759,0.236492,0.016965,113.987
2025-09-10 09:00:00,46.1293,1.56838,4.18013,41.9491,0.317133,0.347701,0.019897,163.811
2025-09-10 10:00:00,53.9069,1.79129,3.66663,50.2403,0.281461,0.404943,0.021759,179.702
2025-09-10 11:00:00,37.699,1.48421,3.50665,34.1924,0.300207,0.306915,0.018629,140.77
2025-09-10 12:00:00,30.9031,1.70754,2.3031,28.6,0.210478,0.26584,0.016253,109.936
2025-09-10 13:00:00,34.0565,1.50933,2.20401,31.8525,0.203525,0.266688,0.016349,125.599
2025-09-10 14:00:00,46.0298,1.74885,2.89897,43.1308,0.24997,0.357433,0.020678,156.964
2025-09-10 15:00:00,35.7922,1.33662,2.40057,33.3916,0.217212,0.291364,0.018359,147.611
2025-09-10 16:00:00,33.4806,1.47987,2.50982,30.9708,0.237134,0.282052,0.017654,128.269
2025-09-10 17:00:00,29.7813,1.77354,2.08409,27.6972,0.196801,0.226512,0.014852,100.682
2025-09-10 18:00:00,19.3411,1.67834,2.68193,16.6592,0.238347,0.17974,0.013461,78.816
2025-09-10 19:00:00,19.6616,1.98401,1.67313,17.9884,0.151262,0.175647,0.013568,73.21
2025-09-10 20:00:00,15.3367,2.30697,1.36301,13.9737,0.177989,0.18502,0.012934,73.891
2025-09-10 21:00:00,19.4216,2.62596,2.02603,17.3956,0.190055,0.174896,0.012686,80.482
2025-09-10 22:00:00,13.4286,1.73631,1.33997,12.0887,0.118277,0.13627,0.008607,54.648
2025-09-10 23:00:00,6.69697,1.0262,0.379097,6.31788,0.052209,0.066894,0.005798,26.913
2025-09-11 00:00:00,7.71051,1.52623,0.424518,7.28599,0.053506,0.074513,0.00518,25.953
2025-09-11 01:00:00,5.661,1.13857,0.479464,5.18153,0.056184,0.083633,0.004563,19.006
2025-09-11 02:00:00,2.22221,0.54042,0.165906,2.0563,0.025864,0.021445,0.003528,8.306
2025-09-11 03:00:00,1.66583,0.490237,0.092563,1.57326,0.027243,0.015463,0.003147,8.036
2025-09-11 04:00:00,2.31093,0.520479,0.167188,2.14374,0.026502,0.018336,0.003391,8.357
2025-09-11 05:00:00,5.81011,1.06882,0.24985,5.56026,0.037912,0.037537,0.004302,15.32
2025-09-11 06:00:00,8.95739,1.13385,0.427419,8.52997,0.057249,0.063909,0.005745,27.641
2025-09-11 07:00:00,25.9392,1.64903,1.41734,24.5219,0.133657,0.181631,0.011708,74.505
2025-09-11 08:00:00,34.029,1.18321,2.42388,31.6051,0.23079,0.275964,0.017265,98.861
2025-09-11 09:00:00,36.0205,1.47661,2.75645,33.264,0.285745,0.366227,0.020734,176.759
2025-09-11 10:00:00,60.6339,1.80781,4.00956,56.6243,0.347785,0.435406,0.024066,163.348
2025-09-11 11:00:00,46.1582,1.57429,3.07619,43.082,0.258891,0.343909,0.020377,121.804
2025-09-11 12:00:00,33.0297,1.51318,2.07188,30.9579,0.200867,0.262425,0.016864,126.221
2025-09-11 13:00:00,38.0323,1.645,2.54462,35.4877,0.21759,0.293794,0.017017,126.906
2025-09-11 14:00:00,39.0055,1.57776,2.96826,36.0372,0.246725,0.306128,0.018138,136.267
2025-09-11 15:00:00,41.3147,1.67442,3.04026,38.2745,0.262716,0.310276,0.018301,145.035
2025-09-11 16:00:00,34.1219,1.54272,3.01665,31.1052,0.240301,0.269222,0.017296,128.898
2025-09-11 17:00:00,28.526,1.84635,2.2662,26.2598,0.189974,0.229555,0.015706,101.446
2025-09-11 18:00:00,26.1445,2.45534,2.80097,23.3435,0.209927,0.205236,0.014235,83.937
2025-09-11 19:00:00,21.1337,2.22976,3.20645,17.9272,0.215504,0.170265,0.01352,58.48
2025-09-11 20:00:00,15.5467,1.86456,1.8475,13.6992,0.155426,0.139464,0.010807,70.378
2025-09-11 21:00:00,11.5359,1.36068,1.03691,10.499,0.094523,0.104535,0.008056,53.753
2025-09-11 22:00:00,11.0073,1.53305,0.673872,10.3335,0.075009,0.095765,0.007212,44.847
2025-09-11 23:00:00,7.21833,1.28945,0.529972,6.68836,0.061333,0.058735,0.005156,26.094
2025-09-12 00:00:00,6.48252,1.50616,0.35817,6.12436,0.046708,0.047377,0.004652,21.165
2025-09-12 01:00:00,3.74943,0.953569,0.203859,3.54557,0.038057,0.02812,0.003769,14.037
2025-09-12 02:00:00,3.22646,0.921846,0.136933,3.08953,0.034206,0.026505,0.003616,13.933
2025-09-12 03:00:00,2.70699,0.698039,0.135306,2.57169,0.033032,0.023655,0.003597,12.892
2025-09-12 04:00:00,2.56141,0.662206,0.171799,2.38961,0.044148,0.023281,0.003838,12.239
2025-09-12 05:00:00,3.14839,0.701826,0.160178,2.98821,0.027027,0.025801,0.003536,11.187
2025-09-12 06:00:00,10.798,1.68508,1.20751,9.59052,0.102971,0.081368,0.006607,31.924
2025-09-12 07:00:00,22.4769,1.45162,1.38997,21.087,0.134611,0.175948,0.011496,74.166
2025-09-12 08:00:00,31.3033,1.49591,2.38876,28.9146,0.221897,0.280952,0.016823,127.243
2025-09-12 09:00:00,51.847,1.57762,3.59436,48.2526,0.288181,0.380716,0.021105,176.009
2025-09-12 10:00:00,59.9903,1.80379,4.00735,55.983,0.316439,0.409663,0.02203,204.401
2025-09-12 11:00:00,46.6621,1.67452,4.03898,42.6231,0.313721,0.349304,0.022676,178.314
2025-09-12 12:00:00,37.3174,1.9753,3.55572,33.7617,0.254934,0.29088,0.0172,121.639
2025-09-12 13:00:00,44.3293,1.93443,4.26033,40.069,0.298554,0.327233,0.018445,152.398
2025-09-12 14:00:00,34.9712,1.9463,2.4801,32.4911,0.2413,0.3309,0.0191,131.07
2025-09-12 15:00:00,32.5541,1.79144,2.29562,30.2585,0.251051,0.320241,0.01938,114.441
2025-09-12 16:00:00,37.1413,1.79288,2.93356,34.2077,0.259398,0.285821,0.017336,122.403
2025-09-12 17:00:00,13.0335,1.53914,1.02432,12.0092,0.140352,0.16357,0.013282,52.368
2025-09-12 18:00:00,10.0823,1.51933,0.943314,9.13897,0.109456,0.115666,0.008831,53.118
2025-09-12 19:00:00,13.4838,1.8481,1.3561,12.1277,0.122461,0.12607,0.009796,56.63
2025-09-12 20:00:00,19.7563,3.08981,3.33622,16.42,0.248937,0.166705,0.013444,68.709
2025-09-12 21:00:00,20.4058,3.55254,2.02423,18.3815,0.161523,0.171634,0.012221,68.022
2025-09-12 22:00:00,14.4499,2.55557,1.28506,13.1649,0.114761,0.122767,0.00896,48.0805
2025-09-12 23:00:00,8.4941,1.5586,0.5459,7.9482,0.068,0.0739,0.0057,28.139
2025-09-13 00:00:00,5.6722,1.8659,0.2591,5.4131,0.0381,0.0418,0.0046,14.609
2025-09-13 01:00:00,3.7029,1.5624,0.1235,3.5794,0.0275,0.0251,0.0036,8.143
2025-09-13 02:00:00,3.9367,1.2907,0.129,3.8077,0.0286,0.0264,0.0032,8.998
2025-09-13 03:00:00,5.6657,1.7862,0.161,5.5047,0.0325,0.0348,0.0033,9.897
2025-09-13 04:00:00,2.3928,1.116,0.0627,2.3301,0.0213,0.0214,0.0031,5.743
2025-09-13 05:00:00,3.4951,1.1689,0.1585,3.3366,0.035,0.0289,0.0038,10.16
2025-09-13 06:00:00,7.3456,1.6871,0.4067,6.9389,0.0539,0.0524,0.0051,24.228
2025-09-13 07:00:00,16.2046,1.5648,1.14,15.0646,0.1255,0.1371,0.0089,42.341
2025-09-13 08:00:00,38.1258,1.6922,2.4585,35.6673,0.2065,0.2744,0.0161,123.864
2025-09-13 09:00:00,55.312,2.173,4.0593,51.2527,0.3018,0.3867,0.0218,177.927
2025-09-13 10:00:00,48.9936,2.1294,4.4047,44.5888,0.3002,0.3595,0.0207,163.662
2025-09-13 11:00:00,38.0517,1.9745,2.2501,35.8016,0.2036,0.2898,0.0171,123.032
2025-09-13 12:00:00,27.8284,2.2149,2.3839,25.4445,0.197,0.22,0.0118,84.188
2025-09-13 13:00:00,29.103,1.8622,2.2884,26.8146,0.1909,0.2184,0.0122,90.289
2025-09-13 14:00:00,33.6797,1.9851,2.5233,31.1565,0.1975,0.2553,0.0163,111.396
2025-09-13 15:00:00,36.0802,2.4163,2.2338,33.8464,0.195,0.2805,0.0177,118.75
2025-09-13 16:00:00,26.8622,2.0279,2.2255,24.6367,0.2056,0.2125,0.0149,93.729
2025-09-13 17:00:00,15.1012,1.6234,1.2534,13.8478,0.1277,0.1228,0.0097,52.881
2025-09-13 18:00:00,9.495,2.1223,0.6532,8.8418,0.0981,0.1086,0.0091,47.17
2025-09-13 19:00:00,11.6509,1.9875,1.8609,9.79,0.2148,0.1161,0.0099,34.875
2025-09-13 20:00:00,15.1219,3.3982,0.9935,14.1284,0.1097,0.1329,0.0104,47.254
2025-09-13 21:00:00,12.5356,2.6116,0.5533,11.9823,0.0698,0.1035,0.0076,26.519
2025-09-13 22:00:00,12.5307,3.1611,0.588,11.9427,0.0744,0.0981,0.0082,27.968
2025-09-13 23:00:00,6.2703,1.9001,0.3817,5.8886,0.0598,0.0623,0.0062,27.163
2025-09-14 00:00:00,2.4806,1.0814,0.1246,2.3561,0.0377,0.0317,0.0044,15.279
2025-09-14 01:00:00,2.9313,1.1003,0.1245,2.8068,0.0285,0.0247,0.0036,10.531
2025-09-14 02:00:00,0.6862,0.2796,0.0435,0.6427,0.0106,0.006,0.0024,3.098
2025-09-14 03:00:00,1.2885,0.7263,0.0662,1.2222,0.0187,0.0142,0.003,5.795
2025-09-14 04:00:00,0.7236,0.3119,0.0537,0.6699,0.0211,0.0069,0.0029,7.168
2025-09-14 05:00:00,1.5825,0.6275,0.1221,1.4603,0.021,0.015,0.003,6.192
2025-09-14 06:00:00,4.2386,0.969,0.1987,4.0399,0.0357,0.037,0.0045,14.227
2025-09-14 07:00:00,19.391,1.5436,1.2535,18.1375,0.1249,0.1554,0.0097,52.859
2025-09-14 08:00:00,49.439,2.1722,3.1682,46.2707,0.2903,0.3694,0.0204,148.279
2025-09-14 09:00:00,61.1932,2.2368,3.5706,57.6225,0.2978,0.4511,0.0261,193.343
2025-09-14 10:00:00,66.4219,2.5307,4.0632,62.3587,0.3483,0.4769,0.0274,197.651
2025-09-14 11:00:00,61.9727,2.8316,4.3178,57.6549,0.3221,0.4337,0.0247,186.922
2025-09-14 12:00:00,39.7233,2.5711,2.714,37.0093,0.2066,0.3015,0.0171,122.519
2025-09-14 13:00:00,45.5794,2.4558,2.9442,42.6352,0.2474,0.3407,0.0176,129.06
2025-09-14 14:00:00,39.478,2.0848,2.694,36.784,0.2207,0.314,0.0195,133.401
2025-09-14 15:00:00,46.5396,2.6877,2.3472,44.1924,0.201,0.3534,0.0184,87.348
2025-09-14 16:00:00,27.0356,1.8964,1.9007,25.1349,0.1797,0.2471,0.0153,94.746
2025-09-14 17:00:00,18.1223,2.0016,1.5135,16.6087,0.1493,0.1675,0.01,43.807
2025-09-14 18:00:00,9.0937,1.6747,0.8779,8.2158,0.1112,0.1302,0.0082,44.373
2025-09-14 19:00:00,11.7258,2.7397,1.7258,10,0.1557,0.1457,0.0087,49.635
2025-09-14 20:00:00,10.0816,1.8251,1.6941,8.3874,0.1436,0.1101,0.0084,50.436
2025-09-14 21:00:00,6.7047,1.6821,0.5861,6.1187,0.0944,0.1066,0.0083,30.791
2025-09-14 22:00:00,8.9837,2.0152,0.6098,8.3739,0.0804,0.086,0.0067,33.681
2025-09-14 23:00:00,9.258,2.4223,0.5031,8.7549,0.0645,0.0881,0.006,26.526
2025-09-15 00:00:00,5.3687,1.4417,0.2329,5.1358,0.0396,0.0449,0.0044,15.847
2025-09-15 01:00:00,4.0616,1.6299,0.1911,3.8705,0.0489,0.0453,0.0042,10.221
2025-09-15 02:00:00,2.2679,0.669,0.1119,2.1561,0.0284,0.0277,0.0033,7.173
2025-09-15 03:00:00,1.4393,0.4167,0.0616,1.3777,0.0247,0.0201,0.0031,4.801
2025-09-15 04:00:00,1.5855,0.4758,0.0664,1.519,0.0173,0.0112,0.0027,5.259
2025-09-15 05:00:00,2.1331,0.7575,0.1187,2.0144,0.0272,0.0232,0.0032,8.843
2025-09-15 06:00:00,4.6543,0.8041,0.3378,4.3165,0.0499,0.041,0.0047,17.466
2025-09-15 07:00:00,15.6205,1.1372,1.027,14.5935,0.1126,0.141,0.0095,59.257
2025-09-15 08:00:00,31.7821,1.3515,3.1905,28.5917,0.2613,0.2624,0.0169,114.048
2025-09-15 09:00:00,52.4481,1.8803,6.0269,46.4212,0.3053,0.3683,0.0209,161.093
2025-09-15 10:00:00,46.6537,1.5072,4.6382,42.0155,0.2923,0.352,0.021,176.893
2025-09-15 11:00:00,42.8633,1.637,3.3521,39.5111,0.2853,0.3339,0.0193,155.844
2025-09-15 12:00:00,30.798,1.5936,2.3993,28.3987,0.2392,0.2631,0.016,115.841
2025-09-15 13:00:00,78.3912,3.3197,3.927,74.4643,0.3042,0.4172,0.0192,143.172
2025-09-15 14:00:00,46.7199,1.6681,3.3252,43.3948,0.2641,0.357,0.0202,164.731
2025-09-15 15:00:00,44.3265,1.6114,3.7183,40.6083,0.2497,0.318,0.0185,113.487
2025-09-15 16:00:00,38.1623,1.597,3.6156,34.5467,0.2953,0.3036,0.0179,133.266
2025-09-15 17:00:00,25.4215,1.4457,2.9903,22.4312,0.2448,0.2421,0.0161,106.054
2025-09-15 18:00:00,21.414,1.7077,1.7475,19.6665,0.1771,0.1929,0.0135,83.014
2025-09-15 19:00:00,15.6444,2.2368,1.8766,13.7678,0.1846,0.1914,0.0126,73.603
2025-09-15 20:00:00,20.0741,3.0564,1.6427,18.4314,0.2081,0.2115,0.0126,78.994
2025-09-15 21:00:00,11.8515,1.6868,0.9266,10.9249,0.1036,0.1321,0.0096,60.457
2025-09-15 22:00:00,9.2105,1.6919,1.2937,7.9168,0.0828,0.0961,0.0066,41.979
2025-09-15 23:00:00,2.1496,0.5669,0.1095,2.0401,0.0376,0.0335,0.0043,15.961
2025-09-16 00:00:00,2.4428,0.5813,0.1284,2.3144,0.0275,0.0192,0.0034,9.927
2025-09-16 01:00:00,1.5114,0.3667,0.0845,1.4269,0.0202,0.0122,0.0029,4.592
2025-09-16 02:00:00,1.1764,0.3569,0.0796,1.0967,0.022,0.0137,0.0029,5.003
2025-09-16 03:00:00,1.1701,0.2885,0.085,1.0852,0.0207,0.0091,0.0028,5.15
2025-09-16 04:00:00,3.1307,0.8461,0.1267,3.004,0.0221,0.0206,0.0031,6.518
2025-09-16 05:00:00,2.5611,0.5818,0.1895,2.3716,0.0317,0.0217,0.0035,10.452
2025-09-16 06:00:00,7.646,1.2156,0.591,7.055,0.069,0.0689,0.006,29.387
2025-09-16 07:00:00,19.9497,1.3319,1.2515,18.6982,0.1259,0.1659,0.011,63.455
2025-09-16 08:00:00,38.1486,1.4292,2.8586,35.29,0.2258,0.2884,0.0166,125.63
2025-09-16 09:00:00,52.7885,1.5692,3.349,49.4395,0.3069,0.3872,0.0209,189.566
2025-09-16 10:00:00,57.0197,1.6652,5.1207,51.8989,0.3965,0.3971,0.0223,218.357
2025-09-16 11:00:00,41.6575,1.5081,3.3435,38.3139,0.288,0.3237,0.0197,154.003
2025-09-16 12:00:00,32.684,1.6921,2.4764,30.2076,0.225,0.263,0.0162,119.901
2025-09-16 13:00:00,29.6719,1.90762,2.2695,27.4024,0.215805,0.250846,0.015497,112.997
2025-09-16 14:00:00,26.6599,2.12315,2.06259,24.5973,0.20661,0.238692,0.014793,106.093
2025-09-16 15:00:00,23.6478,2.33867,1.85568,21.7921,0.197415,0.226537,0.01409,99.1886
2025-09-16 16:00:00,,,,,,,,
2025-09-16 17:00:00,,,,,,,,
2025-09-16 18:00:00,,,,,,,,
2025-09-16 19:00:00,11.5996,3.20077,1.02806,10.5715,0.160634,0.177921,0.011276,71.572
2025-09-16 20:00:00,13.3194,2.66247,1.17699,12.1424,0.134188,0.156727,0.009814,64.254
2025-09-16 21:00:00,15.0391,2.12417,1.32592,13.7132,0.107742,0.135534,0.008352,56.936
2025-09-16 22:00:00,11.4627,1.79609,1.29343,10.1692,0.102188,0.102994,0.006738,37.511
2025-09-16 23:00:00,13.2231,2.24348,0.773366,12.4497,0.070693,0.111102,0.005971,32.817
2025-09-17 00:00:00,5.88817,1.28788,0.230715,5.65745,0.03886,0.047094,0.004087,16.572
2025-09-17 01:00:00,4.18145,1.06833,0.152487,4.02897,0.027544,0.026935,0.003329,9.841
2025-09-17 02:00:00,1.943,0.522592,0.088591,1.85441,0.018992,0.016239,0.002993,6.145
2025-09-17 03:00:00,3.21804,0.877327,0.153543,3.06449,0.029761,0.025627,0.003429,8.252
2025-09-17 04:00:00,4.17055,1.11751,0.162377,4.00817,0.035939,0.053994,0.003886,12.836
2025-09-17 05:00:00,2.58256,0.784496,0.124077,2.45849,0.028874,0.027582,0.003766,12.304
2025-09-17 06:00:00,4.85046,0.879664,0.285652,4.56481,0.055585,0.058183,0.006056,24.823
2025-09-17 07:00:00,24.4599,1.69884,1.43595,23.024,0.137288,0.191747,0.011977,78.288
2025-09-17 08:00:00,51.0288,1.69858,3.00731,48.0215,0.263051,0.375837,0.020725,162.315
2025-09-17 09:00:00,61.285,1.79133,4.96148,56.3236,0.37979,0.443191,0.023665,178.596
2025-09-17 10:00:00,71.7833,2.12439,4.69986,67.0834,0.381186,0.509327,0.025237,260.1
2025-09-17 11:00:00,62.5471,2.20874,4.00063,58.5465,0.342718,0.463779,0.024409,220.132
2025-09-17 12:00:00,38.6891,2.10221,3.15215,35.5369,0.25908,0.297168,0.017699,131.201
2025-09-17 13:00:00,50.9525,2.20841,3.19072,47.7618,0.256815,0.370291,0.019737,155.5
2025-09-17 14:00:00,47.4025,1.71711,3.12091,44.2816,0.278679,0.390826,0.022272,173.323
2025-09-17 15:00:00,43.0351,1.63981,3.33469,39.7004,0.284747,0.345677,0.019892,158.894
2025-09-17 16:00:00,40.4535,1.78303,2.76834,37.6851,0.250228,0.321018,0.017185,139.785
2025-09-17 17:00:00,14.4879,1.47957,1.19122,13.2967,0.162861,0.18589,0.010984,48.655
2025-09-17 18:00:00,15.9688,1.82793,1.79003,14.1787,0.157619,0.135523,0.00994,46.626
2025-09-17 19:00:00,15.9602,1.9516,1.39753,14.5627,0.13635,0.1548,0.009923,58.967
2025-09-17 20:00:00,13.0389,1.84529,1.40027,11.6386,0.125527,0.122887,0.009703,60.88
2025-09-17 21:00:00,10.3548,1.52142,0.636059,9.71875,0.126602,0.113129,0.009239,47.213
2025-09-17 22:00:00,9.40067,1.47763,0.470349,8.93032,0.064661,0.099848,0.006732,25.077
2025-09-17 23:00:00,7.03295,1.53357,0.34125,6.6917,0.065462,0.073855,0.005442,24.638
2025-09-18 00:00:00,4.41454,1.23587,0.212453,4.20209,0.041967,0.04709,0.004209,16.697
2025-09-18 01:00:00,0.930611,0.365807,0.037581,0.89303,0.018576,0.010676,0.002764,6.372
2025-09-18 02:00:00,1.2178,0.424616,0.063156,1.15464,0.019503,0.01429,0.002703,4.983
2025-09-18 03:00:00,2.71854,0.831359,0.139047,2.5795,0.040661,0.031112,0.003448,11.072
2025-09-18 04:00:00,3.14144,0.921785,0.129847,3.0116,0.030662,0.028686,0.003837,11.359
2025-09-18 05:00:00,4.13753,0.974454,0.164416,3.97312,0.030775,0.031794,0.00378,11.784
2025-09-18 06:00:00,8.21723,1.31266,0.397636,7.81959,0.054706,0.063763,0.006096,24.894
2025-09-18 07:00:00,18.3008,1.42463,0.944102,17.3567,0.097173,0.156678,0.009599,56.761
2025-09-18 08:00:00,35.0361,1.33807,3.04892,31.9871,0.234771,0.272347,0.01644,113.682
2025-09-18 09:00:00,44.0607,1.43698,3.08498,40.9758,0.273424,0.333554,0.020174,159.046
2025-09-18 10:00:00,54.213,1.8129,4.99518,49.2178,0.329044,0.400094,0.02176,173.518
2025-09-18 11:00:00,34.8453,1.34103,2.61172,32.2336,0.23323,0.287791,0.018093,132.612
2025-09-18 12:00:00,32.1408,1.66809,2.81164,29.3291,0.213409,0.261087,0.014791,110.253
2025-09-18 13:00:00,32.9757,1.47187,2.39467,30.5811,0.197157,0.260694,0.014944,111.931
2025-09-18 14:00:00,37.393,1.3963,2.68236,34.7107,0.231026,0.307488,0.018933,140.041
2025-09-18 15:00:00,42.2613,1.722,3.85106,38.4102,0.289175,0.312478,0.017689,135.705
2025-09-18 16:00:00,28.0436,1.70852,1.96838,26.0752,0.226434,0.324039,0.017695,91.185
2025-09-18 17:00:00,20.1512,1.36139,1.93612,18.2151,0.170228,0.187958,0.01193,83.743
2025-09-18 18:00:00,16.41,1.76186,1.87472,14.5353,0.154506,0.1602,0.011056,43.147
2025-09-18 19:00:00,13.437,1.89147,2.11646,11.3205,0.175813,0.1302,0.010701,56.787
2025-09-18 20:00:00,11.5835,1.64867,1.90054,9.683,0.169818,0.1226,0.009584,49.848
2025-09-18 21:00:00,10.1489,1.76995,0.914058,9.23486,0.104588,0.105677,0.008139,43.632
2025-09-18 22:00:00,6.91051,1.67406,0.702986,6.20752,0.08922,0.081621,0.006816,25.066
2025-09-18 23:00:00,3.88109,0.803539,0.254792,3.6263,0.046717,0.035572,0.004581,15.808
2025-09-19 00:00:00,5.77365,1.49887,0.201815,5.57184,0.037133,0.045337,0.004361,12.945
2025-09-19 01:00:00,3.40785,1.09366,0.136668,3.27118,0.027468,0.025979,0.003428,9.374
2025-09-19 02:00:00,1.92855,0.650218,0.095904,1.83264,0.020369,0.016521,0.002978,6.512
2025-09-19 03:00:00,1.78743,0.524173,0.083687,1.70374,0.017377,0.013423,0.002792,6.072
2025-09-19 04:00:00,1.32678,0.408995,0.110323,1.21646,0.01617,0.012334,0.00309,7.083
2025-09-19 05:00:00,1.97707,0.504869,0.126301,1.85076,0.01857,0.016018,0.003569,9.082
2025-09-19 06:00:00,5.45533,0.902901,0.351786,5.10354,0.044575,0.043415,0.005477,19.658
2025-09-19 07:00:00,14.0082,1.26222,1.00583,13.0023,0.101784,0.112802,0.008543,46.511
2025-09-19 08:00:00,27.8771,1.35378,2.33075,25.5463,0.188281,0.222837,0.014474,99.942
2025-09-19 09:00:00,41.2313,1.68718,3.64694,37.5843,0.277619,0.319478,0.018762,143.464
2025-09-19 10:00:00,48.7837,1.91459,2.9656,45.8181,0.254969,0.376629,0.021602,166.235
2025-09-19 11:00:00,37.6075,1.69985,2.93228,34.6752,0.241832,0.313298,0.019131,143.797
2025-09-19 12:00:00,31.6154,2.03681,2.26652,29.3489,0.202755,0.279929,0.015487,119.036
2025-09-19 13:00:00,31.2711,1.79554,2.41938,28.8517,0.202839,0.283477,0.014981,109.897
2025-09-19 14:00:00,31.0098,1.4226,2.02543,28.9844,0.182915,0.250277,0.01526,109.194
2025-09-19 15:00:00,37.5882,1.72218,3.17269,34.4155,0.249192,0.29826,0.018778,125.388
2025-09-19 16:00:00,19.0243,1.42248,1.45439,17.5699,0.179614,0.225417,0.012881,97.294
2025-09-19 17:00:00,17.8177,1.77396,1.60443,16.2133,0.13914,0.152212,0.011777,65.933
2025-09-19 18:00:00,11.1958,2.12605,1.40176,9.79402,0.147045,0.124948,0.010498,39.405
2025-09-19 19:00:00,17.0819,2.87573,1.44672,15.6351,0.130694,0.153218,0.010036,54.377
2025-09-19 20:00:00,12.9144,3.13609,1.15195,11.7625,0.146236,0.168889,0.01122,59.853
2025-09-19 21:00:00,13.5066,2.52742,1.14932,12.3572,0.158812,0.139545,0.009907,44.005
2025-09-19 22:00:00,11.8642,2.40848,0.641824,11.2224,0.087139,0.117329,0.007341,36.064
2025-09-19 23:00:00,7.51387,2.01444,0.486245,7.02762,0.066978,0.068393,0.005394,25.26
2025-09-20 00:00:00,3.00447,0.987015,0.193763,2.81071,0.032227,0.025386,0.003792,7.151
2025-09-20 01:00:00,2.27001,0.883271,0.108361,2.16165,0.021118,0.016632,0.002947,6.565
2025-09-20 02:00:00,1.45232,0.680563,0.059423,1.3929,0.014685,0.010995,0.002553,4.764
2025-09-20 03:00:00,2.07778,0.824516,0.095875,1.98191,0.010931,0.015384,0.003051,5.756
2025-09-20 04:00:00,2.56108,1.02198,0.092692,2.46839,0.022501,0.02493,0.003029,7.46
2025-09-20 05:00:00,3.35622,1.11502,0.136614,3.21961,0.027127,0.028153,0.003904,10.468
2025-09-20 06:00:00,7.37233,1.51756,0.41216,6.96017,0.049225,0.062481,0.005283,18.93
2025-09-20 07:00:00,18.1072,1.81253,1.00538,17.1018,0.097739,0.1301,0.00897,50.037
2025-09-20 08:00:00,37.4556,1.8462,2.38385,35.0718,0.192785,0.274272,0.015808,119.203
2025-09-20 09:00:00,62.6947,2.33326,3.83346,58.8612,0.267683,0.42596,0.024144,194.183
2025-09-20 10:00:00,73.4999,2.89894,4.89115,68.6087,0.349889,0.490934,0.026821,219.067
2025-09-20 11:00:00,56.8519,2.76813,4.50061,52.3513,0.310776,0.388872,0.022315,168.831
2025-09-20 12:00:00,31.0981,2.03442,3.00534,28.0927,0.219981,0.247346,0.014818,102.496
2025-09-20 13:00:00,31.7678,1.57813,2.3863,29.3815,0.20554,0.250211,0.016332,109.392
2025-09-20 14:00:00,36.4868,1.71219,2.4526,34.0342,0.21494,0.282673,0.017789,129.602
2025-09-20 15:00:00,44.128,2.0729,2.70517,41.4228,0.233477,0.332576,0.019565,144.324
2025-09-20 16:00:00,33.551,1.84022,2.33532,31.2157,0.198095,0.272259,0.015132,108.254
2025-09-20 17:00:00,21.4979,1.77845,4.62401,16.8739,0.284278,0.177342,0.012142,74.845
2025-09-20 18:00:00,13.8848,2.11529,1.99087,11.8939,0.162418,0.124806,0.010082,55.038
2025-09-20 19:00:00,13.7848,2.48196,1.27912,12.5057,0.113549,0.126518,0.009511,49.049
2025-09-20 20:00:00,11.3875,2.22065,1.14291,10.2446,0.095508,0.108421,0.009055,48.023
2025-09-20 21:00:00,12.3633,2.60061,2.23549,10.1278,0.154008,0.115729,0.009393,45.724
2025-09-20 22:00:00,9.86149,2.50419,1.47138,8.39011,0.111902,0.092915,0.007227,34.154
2025-09-20 23:00:00,7.50919,2.33495,0.744895,6.76429,0.081672,0.072005,0.005386,24.288
2025-09-21 00:00:00,4.16761,1.30892,0.192578,3.97504,0.034588,0.035025,0.003875,12.439
2025-09-21 01:00:00,4.54681,1.40768,0.161297,4.38551,0.032849,0.03199,0.003697,12.741
2025-09-21 02:00:00,3.23771,1.10051,0.110996,3.12671,0.028887,0.025644,0.003417,11.787
2025-09-21 03:00:00,1.16042,0.595699,0.04022,1.1202,0.014645,0.01152,0.002698,3.8
2025-09-21 04:00:00,2.81813,1.02927,0.104543,2.71359,0.022621,0.017784,0.00324,7.444
2025-09-21 05:00:00,1.55326,0.524397,0.064192,1.48907,0.017457,0.011938,0.002696,5.437
2025-09-21 06:00:00,3.65205,0.757373,0.201437,3.45062,0.029878,0.028446,0.004985,13.007
2025-09-21 07:00:00,19.5094,1.46908,1.3875,18.1219,0.124697,0.144052,0.009409,65.556
2025-09-21 08:00:00,46.4832,1.68101,3.42077,43.0625,0.266598,0.333364,0.018871,150.023
2025-09-21 09:00:00,71.6609,2.23201,4.77725,66.8836,0.358344,0.502827,0.027572,250.648
2025-09-21 10:00:00,84.0195,2.53514,5.95497,78.0645,0.412522,0.588755,0.032078,283.676
2025-09-21 11:00:00,73.914,2.70114,4.60424,69.3098,0.343426,0.521164,0.027942,245.258
2025-09-21 12:00:00,38.258,1.9897,2.72362,35.5343,0.224646,0.315767,0.018139,128.806
2025-09-21 13:00:00,39.0096,2.00254,3.5263,35.4833,0.28568,0.320434,0.01905,97.083
2025-09-21 14:00:00,53.6934,2.38447,3.42739,50.266,0.291812,0.415903,0.022257,131.924
2025-09-21 15:00:00,55.1552,2.72156,3.30779,51.8474,0.24914,0.383035,0.020284,156.57
2025-09-21 16:00:00,29.999,2.58389,1.73891,28.2601,0.197988,0.299199,0.01716,116.722
2025-09-21 17:00:00,20.1638,2.14098,1.90532,18.2585,0.157342,0.175471,0.011398,44.319
2025-09-21 18:00:00,15.4921,2.46454,1.80268,13.6894,0.155474,0.140032,0.009145,49.129
2025-09-21 19:00:00,11.9012,2.34646,1.31538,10.5859,0.135895,0.111864,0.009002,34.862
2025-09-21 20:00:00,13.1432,2.73134,1.33445,11.8088,0.12131,0.122716,0.008756,44.824
2025-09-21 21:00:00,6.67709,2.29453,0.38779,6.2893,0.07423,0.098649,0.007301,31.965
2025-09-21 22:00:00,7.1057,1.77642,0.306641,6.79906,0.066563,0.083043,0.005676,21.31
2025-09-21 23:00:00,6.48402,1.80714,0.317663,6.16635,0.054984,0.083079,0.005476,21.197
2025-09-22 00:00:00,5.05056,1.81414,0.237821,4.81273,0.041358,0.055168,0.004309,15.347
2025-09-22 01:00:00,2.74999,0.905793,0.15832,2.59167,0.030116,0.021278,0.003331,7.588
2025-09-22 02:00:00,1.48596,0.557375,0.074514,1.41145,0.01348,0.010659,0.002511,4.519
2025-09-22 03:00:00,1.11747,0.456858,0.062177,1.0553,0.011754,0.009247,0.002715,4.236
2025-09-22 04:00:00,1.36065,0.663085,0.154735,1.20592,0.015763,0.009569,0.00251,4.178
2025-09-22 05:00:00,2.21516,0.818611,0.088376,2.12679,0.017053,0.016868,0.002815,6.41
2025-09-22 06:00:00,3.22313,0.708691,0.195041,3.02809,0.038605,0.03322,0.004935,10.734
2025-09-22 07:00:00,15.6423,1.39888,1.05028,14.592,0.101145,0.131395,0.008846,50.619
2025-09-22 08:00:00,26.4738,1.27683,1.57405,24.8998,0.15232,0.224039,0.013324,89.401
2025-09-22 09:00:00,37.6807,1.38522,2.63556,35.0451,0.234995,0.302412,0.018683,136.263
2025-09-22 10:00:00,41.7029,1.48314,2.46577,39.2371,0.218571,0.33106,0.019896,148.8
2025-09-22 11:00:00,37.8248,1.65608,2.34331,35.4815,0.217164,0.293938,0.018358,133.288
2025-09-22 12:00:00,33.6275,1.98626,2.11438,31.5131,0.193609,0.272886,0.016165,115.116
2025-09-22 13:00:00,29.3565,1.46125,2.42181,26.9347,0.213821,0.245364,0.01529,110.542
2025-09-22 14:00:00,35.7345,1.45879,2.31405,33.4205,0.210814,0.292314,0.017017,120.958
2025-09-22 15:00:00,44.5844,1.77797,2.66901,41.9154,0.256097,0.359972,0.020002,153.579
2025-09-22 16:00:00,35.7174,1.70684,2.67801,33.0394,0.23372,0.309467,0.018268,126.731
2025-09-22 17:00:00,16.3435,1.61369,2.3127,14.0308,0.218828,0.202693,0.014384,89.171
2025-09-22 18:00:00,20.9629,2.13951,2.47174,18.4912,0.201395,0.189456,0.013254,76.115
2025-09-22 19:00:00,19.5446,2.72133,2.2538,17.2908,0.174034,0.180094,0.012168,67.132
2025-09-22 20:00:00,20.5549,3.39526,2.37545,18.1795,0.176339,0.197302,0.012472,75.345
2025-09-22 21:00:00,13.641,2.19733,1.83378,11.8073,0.146432,0.138834,0.009212,54.513
2025-09-22 22:00:00,10.1574,1.80159,1.32991,8.82744,0.123008,0.099516,0.006898,40.58
2025-09-22 23:00:00,7.00695,1.37769,0.343223,6.66373,0.057754,0.069812,0.005546,22.102
2025-09-23 00:00:00,5.40571,1.14722,0.231501,5.17421,0.045585,0.062807,0.004591,15.322
2025-09-23 01:00:00,2.94439,0.770783,0.133763,2.81063,0.034513,0.036449,0.003754,12.313
2025-09-23 02:00:00,2.05368,0.595961,0.07394,1.97974,0.027227,0.036229,0.003675,7.999
2025-09-23 03:00:00,1.98022,0.626651,0.059249,1.92097,0.019039,0.021656,0.003277,7.345
2025-09-23 04:00:00,2.48631,0.6945,0.088805,2.39751,0.022507,0.027373,0.003687,8.89
2025-09-23 05:00:00,2.94271,0.759214,0.129294,2.81342,0.023236,0.033322,0.003465,10.203
2025-09-23 06:00:00,11.6907,2.00596,0.492463,11.1983,0.061051,0.098711,0.00613,31.562
2025-09-23 07:00:00,21.5365,1.68201,1.23709,20.2994,0.128152,0.193517,0.011914,72.586
2025-09-23 08:00:00,26.8725,1.477,1.93345,24.9391,0.211632,0.273017,0.016682,92.129
2025-09-23 09:00:00,47.9533,1.70192,3.14206,44.8112,0.273504,0.369016,0.021311,133.532
2025-09-23 10:00:00,54.9711,1.77934,4.17922,50.7918,0.379269,0.415275,0.023475,194.058
2025-09-23 11:00:00,47.1167,1.78014,4.23669,42.88,0.389205,0.364898,0.022046,171.601
2025-09-23 12:00:00,44.3961,2.25247,4.75346,39.6427,0.326224,0.336438,0.019116,144.867
2025-09-23 13:00:00,45.3347,1.95374,3.51133,41.8233,0.294201,0.34912,0.019889,159.281
2025-09-23 14:00:00,46.506,1.43245,3.74575,42.7602,0.332095,0.383322,0.022763,145.899
2025-09-23 15:00:00,60.735,1.99301,4.10863,56.6264,0.329414,0.452834,0.022772,135
2025-09-23 16:00:00,39.9461,1.69507,2.69661,37.2495,0.246261,0.327698,0.018701,131.268
2025-09-23 17:00:00,21.9929,1.60931,2.68041,19.3125,0.209861,0.189866,0.014154,89.493
2025-09-23 18:00:00,22.0876,2.23695,2.10052,19.9871,0.171497,0.200527,0.014406,90.143
2025-09-23 19:00:00,21.1406,2.57373,2.56033,18.5803,0.231027,0.217646,0.014585,84.742
2025-09-23 20:00:00,17.9969,2.60371,1.95906,16.0378,0.166393,0.191746,0.013934,74.024
2025-09-23 21:00:00,16.0206,2.42003,1.87062,14.15,0.166908,0.177139,0.011134,59.462
2025-09-23 22:00:00,10.9103,1.71062,0.777476,10.1328,0.094188,0.13155,0.008902,40.47
2025-09-23 23:00:00,6.24341,1.22708,0.338942,5.90447,0.05498,0.073208,0.005936,14.799
2025-09-24 00:00:00,3.1795,1.003,0.153906,3.02559,0.039414,0.04686,0.004925,10.459
2025-09-24 01:00:00,2.06243,0.506988,0.114333,1.94809,0.021349,0.017084,0.003033,7.046
2025-09-24 02:00:00,3.56784,0.91624,0.140103,3.42774,0.025829,0.023004,0.003474,8.217
2025-09-24 03:00:00,3.15296,0.879243,0.095511,3.05745,0.017466,0.019471,0.002942,6.541
2025-09-24 04:00:00,2.59327,1.05418,0.061857,2.53141,0.023548,0.020817,0.003016,6.336
2025-09-24 05:00:00,4.35635,1.13152,0.144413,4.21193,0.02262,0.027393,0.003854,9.549
2025-09-24 06:00:00,7.60531,1.42262,0.419562,7.18574,0.061399,0.075757,0.005486,20.928
2025-09-24 07:00:00,22.8274,1.79207,1.24258,21.5848,0.1222,0.172942,0.01013,64.31
2025-09-24 08:00:00,39.8804,1.66085,2.34402,37.5363,0.206736,0.296681,0.01698,118.073
2025-09-24 09:00:00,49.2425,1.68132,3.41106,45.8314,0.260181,0.353926,0.020273,160.822
2025-09-24 10:00:00,52.3636,1.67531,3.40299,48.9606,0.275005,0.390893,0.021183,176.081
2025-09-24 11:00:00,46.8945,1.81536,3.21053,43.6839,0.278208,0.364408,0.020766,158.138
2025-09-24 12:00:00,35.0937,2.01456,2.8684,32.2253,0.236084,0.27879,0.016178,106.462
2025-09-24 13:00:00,39.9721,1.80412,2.88609,37.0861,0.237854,0.321186,0.017765,128.306
2025-09-24 14:00:00,36.8607,1.46203,2.7769,34.0838,0.239512,0.316506,0.018785,134.885
2025-09-24 15:00:00,45.149,1.96556,3.18593,41.9631,0.264249,0.359467,0.020562,111.06
2025-09-24 16:00:00,40.4535,1.783,2.7683,37.6851,0.2502,0.321,0.0172,139.785
2025-09-24 17:00:00,22.5324,1.47656,1.81914,20.7132,0.165582,0.235886,0.013643,85.686
2025-09-24 18:00:00,18.4888,1.67108,2.10458,16.3842,0.177705,0.186576,0.013348,76.246
2025-09-24 19:00:00,21.8917,2.55267,1.72598,20.1658,0.176647,0.199632,0.012954,71.412
2025-09-24 20:00:00,17.2463,2.25148,2.16121,15.0851,0.179334,0.169039,0.010861,64.605
2025-09-24 21:00:00,16.0806,2.19681,1.68554,14.3951,0.143516,0.166613,0.01046,61.972
2025-09-24 22:00:00,12.7063,1.78109,0.91687,11.7894,0.108242,0.118038,0.006924,40.726
2025-09-24 23:00:00,8.55351,1.52578,0.446305,8.1072,0.062669,0.078047,0.005149,26.117
2025-09-25 00:00:00,6.82997,1.34026,0.365576,6.46439,0.045285,0.054236,0.004977,14.595
2025-09-25 01:00:00,5.27414,1.16222,0.360647,4.9135,0.044435,0.04117,0.004515,13.863
2025-09-25 02:00:00,2.12107,0.839031,0.0989,2.02217,0.028468,0.022596,0.003481,8.895
2025-09-25 03:00:00,1.49776,0.424054,0.060717,1.43704,0.014171,0.010738,0.002677,4.921
2025-09-25 04:00:00,5.92268,1.67307,0.180853,5.74183,0.030255,0.038155,0.003857,12.353
2025-09-25 05:00:00,8.55217,2.00004,0.322034,8.23014,0.047333,0.060884,0.004721,16.213
2025-09-25 06:00:00,11.943,1.91517,0.616871,11.3261,0.065994,0.090542,0.006503,31.213
2025-09-25 07:00:00,21.4058,1.49211,1.27822,20.1276,0.125472,0.180051,0.011912,69.207
2025-09-25 08:00:00,38.193,1.43077,2.36132,35.8317,0.2147,0.300996,0.018914,126.166
2025-09-25 09:00:00,43.1412,1.32963,3.19995,39.9412,0.28326,0.359193,0.02238,176.423
2025-09-25 10:00:00,54.2615,1.5852,3.7225,50.539,0.34323,0.439091,0.02706,212.888
2025-09-25 11:00:00,53.3943,1.95727,3.8972,49.4971,0.289835,0.393773,0.02164,163.125
2025-09-25 12:00:00,42.0153,2.22303,3.27061,38.7447,0.263638,0.321599,0.019028,136.636
2025-09-25 13:00:00,36.6095,1.70929,3.17332,33.4362,0.228786,0.292277,0.017857,126.746
2025-09-25 14:00:00,39.4046,1.3774,3.38602,36.0186,0.282054,0.334062,0.020029,147.312
2025-09-25 15:00:00,34.7381,1.67251,2.26117,32.4769,0.248471,0.344167,0.020918,161.362
2025-09-25 16:00:00,35.2067,1.39598,2.80886,32.3978,0.242001,0.282303,0.018013,140.884
2025-09-25 17:00:00,28.3899,1.77814,1.93635,26.4535,0.180223,0.231383,0.015109,98.238
2025-09-25 18:00:00,16.4013,1.43821,2.43884,13.9625,0.191332,0.13946,0.011668,73.045
2025-09-25 19:00:00,22.1783,2.76124,2.92822,19.2501,0.226551,0.193368,0.013649,78.23
2025-09-25 20:00:00,21.6192,3.00016,1.75621,19.863,0.142206,0.164022,0.00979,63.614
2025-09-25 21:00:00,15.5133,2.66277,1.11105,14.4022,0.09884,0.127847,0.008189,50.516
2025-09-25 22:00:00,14.6074,2.91914,0.919278,13.6881,0.094882,0.123432,0.007443,45.968
2025-09-25 23:00:00,9.29834,1.94363,0.635081,8.66326,0.067968,0.083895,0.006515,33.982
2025-09-26 00:00:00,3.09917,0.777125,0.201525,2.89765,0.042039,0.025971,0.004052,17.165
2025-09-26 01:00:00,3.43489,0.793644,0.126742,3.30815,0.02561,0.02394,0.003593,10.257
2025-09-26 02:00:00,3.29116,0.79999,0.122732,3.16843,0.026057,0.021549,0.003586,10.313
2025-09-26 03:00:00,2.0412,0.449011,0.100663,1.94054,0.021444,0.014158,0.002945,8.249
2025-09-26 04:00:00,2.83451,0.652212,0.13317,2.70134,0.030606,0.021337,0.003649,9.867
2025-09-26 05:00:00,2.20598,0.468362,0.121329,2.08466,0.025977,0.018429,0.003653,8.938
2025-09-26 06:00:00,8.84336,1.24836,0.512968,8.33039,0.062352,0.068619,0.005492,29.011
2025-09-26 07:00:00,19.353,1.51931,1.41599,17.937,0.127815,0.152562,0.010157,63.959
2025-09-26 08:00:00,40.3915,1.57361,2.79454,37.5969,0.231393,0.310161,0.018046,136.828
2025-09-26 09:00:00,55.3503,1.86039,5.61835,49.7319,0.385062,0.386234,0.022158,185.277
2025-09-26 10:00:00,56.8344,2.0117,4.98984,51.8446,0.374566,0.411718,0.022894,194.227
2025-09-26 11:00:00,44.5216,1.85507,4.24235,40.2792,0.277871,0.345049,0.020509,155.947
2025-09-26 12:00:00,35.2819,2.1089,2.04395,33.238,0.187624,0.282795,0.015892,106.218
2025-09-26 13:00:00,26.8225,1.51986,2.24099,24.5815,0.19092,0.241034,0.015218,100.036
2025-09-26 14:00:00,30.9985,1.49983,2.23326,28.7652,0.200273,0.263309,0.016723,116.265
2025-09-26 15:00:00,26.8155,1.3736,2.28991,24.5256,0.20203,0.229906,0.014462,103.873
2025-09-26 16:00:00,28.316,1.66349,2.09916,26.2168,0.170945,0.248486,0.016915,99.369
2025-09-26 17:00:00,15.8547,1.4416,1.39121,14.4635,0.131615,0.154485,0.011818,45.88
2025-09-26 18:00:00,11.9972,1.52482,1.28873,10.7085,0.120923,0.119106,0.01091,38.948
2025-09-26 19:00:00,10.2994,1.36887,1.22717,9.0722,0.117404,0.116264,0.009693,48.346
2025-09-26 20:00:00,12.229,1.96167,1.48684,10.7422,0.124748,0.123912,0.010425,57.37
2025-09-26 21:00:00,11.4187,2.21637,1.1844,10.2343,0.139395,0.129411,0.009203,39.311
2025-09-26 22:00:00,8.56181,1.80097,0.829669,7.73214,0.091776,0.105142,0.006844,34.07
2025-09-26 23:00:00,4.23966,0.88919,0.298091,3.94157,0.051641,0.050312,0.005042,17.791
2025-09-27 00:00:00,4.86626,1.41874,0.2698,4.59646,0.047324,0.043128,0.004388,18.007
2025-09-27 01:00:00,3.07499,1.07819,0.140014,2.93497,0.028689,0.024042,0.003832,10.932
2025-09-27 02:00:00,2.41804,0.931449,0.101131,2.31691,0.020153,0.017333,0.003199,7.111
2025-09-27 03:00:00,3.47087,1.28361,0.151085,3.31978,0.028231,0.022951,0.003135,9.212
2025-09-27 04:00:00,2.18135,0.82815,0.08622,2.09513,0.023003,0.019704,0.003046,6.351
2025-09-27 05:00:00,2.17788,0.68573,0.117742,2.06014,0.025024,0.017721,0.003851,9.386
2025-09-27 06:00:00,8.95433,1.95424,0.584415,8.36992,0.058704,0.065868,0.00544,27.725
2025-09-27 07:00:00,21.0009,2.06458,1.29542,19.7055,0.128847,0.174502,0.009809,63.05
2025-09-27 08:00:00,40.8932,1.98491,2.72298,38.1702,0.240611,0.308934,0.01815,134.568
2025-09-27 09:00:00,57.9882,2.22211,4.7494,53.2388,0.337437,0.444223,0.024184,202.57
2025-09-27 10:00:00,71.4513,2.45639,5.23281,66.2185,0.366833,0.508235,0.028204,239.315
2025-09-27 11:00:00,61.3308,2.51562,3.79494,57.5358,0.297285,0.438945,0.025705,192.904
2025-09-27 12:00:00,27.5981,1.93237,1.93466,25.6634,0.170342,0.225801,0.013918,88.706
2025-09-27 13:00:00,33.8326,2.08663,2.5558,31.2768,0.198999,0.269098,0.014881,105.734
2025-09-27 14:00:00,36.3538,1.87179,2.56994,33.7839,0.212278,0.28146,0.017151,124.877
2025-09-27 15:00:00,37.251,2.08292,2.80044,34.4505,0.221988,0.287606,0.018032,137.417
2025-09-27 16:00:00,35.0375,2.26458,2.55222,32.4853,0.251133,0.269991,0.016823,110.417
2025-09-27 17:00:00,22.0515,2.34292,2.05138,20.0001,0.166401,0.181337,0.013477,81.499
2025-09-27 18:00:00,18.4439,2.52242,2.03347,16.4104,0.172323,0.165644,0.011971,67.201
2025-09-27 19:00:00,17.6708,3.08822,1.67292,15.9979,0.157444,0.169415,0.01134,65.747
2025-09-27 20:00:00,17.3086,3.38853,1.68939,15.6192,0.144523,0.157268,0.009302,61.481
2025-09-27 21:00:00,13.211,2.82891,1.01838,12.1927,0.097809,0.130546,0.008443,54.614
2025-09-27 22:00:00,9.14432,2.13652,0.628713,8.51561,0.070044,0.089407,0.006786,40.408
2025-09-27 23:00:00,3.10102,0.687587,0.202806,2.89821,0.045772,0.035087,0.004914,20.428
2025-09-28 00:00:00,2.85494,0.77244,0.177796,2.67714,0.037351,0.026113,0.003898,13.405
2025-09-28 01:00:00,1.17182,0.337116,0.086754,1.08506,0.019327,0.009868,0.002848,6.304
2025-09-28 02:00:00,1.6004,0.506775,0.056037,1.54436,0.01611,0.01324,0.003277,5.831
2025-09-28 03:00:00,2.24971,0.764168,0.070832,2.17888,0.018421,0.018904,0.00403,7.224
2025-09-28 04:00:00,1.20978,0.402454,0.092515,1.11726,0.017657,0.00964,0.002708,5.025
2025-09-28 05:00:00,3.55224,1.02785,0.168087,3.38415,0.026879,0.024172,0.003695,7.671
2025-09-28 06:00:00,8.29461,1.80083,0.427129,7.86749,0.060284,0.068105,0.006561,26.918
2025-09-28 07:00:00,19.5776,1.68743,1.16758,18.41,0.124063,0.160457,0.010041,66.804
2025-09-28 08:00:00,35.6822,1.54095,2.4238,33.2584,0.196486,0.276619,0.016826,118.886
2025-09-28 09:00:00,56.649,1.97797,5.72479,50.9242,0.384462,0.395447,0.022402,190.326
2025-09-28 10:00:00,54.4136,1.76267,4.3531,50.0605,0.300405,0.388103,0.021581,187.94
2025-09-28 11:00:00,43.0959,1.73187,3.6969,39.399,0.305128,0.325165,0.02019,162.363
2025-09-28 12:00:00,32.1056,1.78702,3.4664,28.6392,0.291273,0.269453,0.017937,121.868
2025-09-28 13:00:00,38.9625,1.9421,3.07402,35.8885,0.22041,0.309706,0.017679,122.769
2025-09-28 14:00:00,34.7927,1.91632,3.97198,30.8207,0.319641,0.336277,0.020485,122.434
2025-09-28 15:00:00,49.8605,2.03845,11.8237,38.0369,0.537892,0.310275,0.020071,142.311
2025-09-28 16:00:00,35.1958,1.72107,3.05778,32.138,0.248055,0.29477,0.018014,127.286
2025-09-28 17:00:00,21.9794,1.6088,2.3041,19.6753,0.200076,0.195722,0.013856,86.745
2025-09-28 18:00:00,17.8711,1.6468,1.74891,16.1222,0.161185,0.174634,0.013534,71.512
2025-09-28 19:00:00,15.266,1.53572,1.46838,13.7976,0.139212,0.149082,0.011867,61.3562
2025-09-28 20:00:00,12.6609,1.42463,1.18785,11.4731,0.117239,0.123529,0.0102,51.2004
2025-09-28 21:00:00,10.0558,1.31354,0.907324,9.14852,0.095266,0.097977,0.008533,41.0446
2025-09-28 22:00:00,,,,,,,,
2025-09-28 23:00:00,4.84566,1.09136,0.346265,4.4994,0.05132,0.046873,0.0052,20.733
2025-09-29 00:00:00,3.73791,1.00051,0.142258,3.59565,0.035755,0.032934,0.003846,12.776
2025-09-29 01:00:00,2.10581,0.505961,0.116069,1.98974,0.023542,0.019491,0.003487,9.646
2025-09-29 02:00:00,0.814635,0.192222,0.070338,0.744297,0.016045,0.007942,0.002778,5.914
2025-09-29 03:00:00,0.661758,0.175999,0.06926,0.592498,0.017683,0.006681,0.002682,5.807
2025-09-29 04:00:00,1.65595,0.585555,0.091129,1.56482,0.02722,0.016349,0.003456,8.873
2025-09-29 05:00:00,3.09539,0.991478,0.139448,2.95595,0.038647,0.035146,0.004765,10.599
2025-09-29 06:00:00,7.88549,1.32797,0.456339,7.42915,0.063879,0.066467,0.006129,27.622
2025-09-29 07:00:00,21.105,1.47794,1.52357,19.5814,0.141325,0.185372,0.012472,73.253
2025-09-29 08:00:00,35.1639,1.30682,2.41863,32.7453,0.213969,0.281111,0.017308,127.575
2025-09-29 09:00:00,49.6406,1.5886,3.56864,46.072,0.298037,0.372087,0.021465,187.339
2025-09-29 10:00:00,59.456,1.77184,4.65431,54.8017,0.350884,0.437681,0.025768,233.44
2025-09-29 11:00:00,49.2661,1.71277,4.22157,45.0445,0.312741,0.353212,0.021496,175.357
2025-09-29 12:00:00,39.7575,1.89322,3.15346,36.6041,0.243907,0.309613,0.019297,146.522
2025-09-29 13:00:00,41.6677,1.7828,3.06158,38.6062,0.250193,0.344246,0.020784,158.452
2025-09-29 14:00:00,53.7958,1.93121,3.07844,50.7173,0.257566,0.407132,0.023666,184.611
2025-09-29 15:00:00,53.1325,1.84899,4.26785,48.8647,0.341726,0.386951,0.023844,178.703
2025-09-29 16:00:00,43.2641,1.65903,3.70283,39.5612,0.301834,0.341882,0.022585,162.331
2025-09-29 17:00:00,33.9122,1.60966,2.76165,31.1506,0.244303,0.278549,0.01858,126.012
2025-09-29 18:00:00,30.4775,1.87485,2.54082,27.9367,0.203433,0.255728,0.016433,105.961
2025-09-29 19:00:00,34.0614,2.54989,5.23482,28.8266,0.352931,0.239014,0.016437,107.533
2025-09-29 20:00:00,20.3803,2.03843,2.2242,18.1561,0.180239,0.174,0.013767,84.512
2025-09-29 21:00:00,17.9539,2.29766,1.99619,15.9577,0.193025,0.165907,0.013362,82.049
2025-09-29 22:00:00,13.917,2.11312,1.10697,12.81,0.142836,0.137397,0.010534,62.51
2025-09-29 23:00:00,9.68045,1.52544,4.14182,5.53863,0.265026,0.133187,0.007162,33.735
2025-09-30 00:00:00,7.61512,1.56432,4.10362,3.5115,0.200644,0.046017,0.004667,20.032
2025-09-30 01:00:00,7.21955,1.42679,4.54593,2.67362,0.205509,0.028296,0.003953,14.126
2025-09-30 02:00:00,2.72369,0.606611,1.12564,1.59805,0.078156,0.020377,0.003501,11.142
2025-09-30 03:00:00,4.52615,0.980111,0.140782,4.38537,0.027051,0.037808,0.003843,15.184
2025-09-30 04:00:00,9.2852,2.29718,0.218904,9.0663,0.041169,0.065926,0.004023,12.451
2025-09-30 05:00:00,11.7075,2.57648,0.287961,11.4195,0.045214,0.084218,0.00473,21.36
2025-09-30 06:00:00,8.32546,1.15503,0.501005,7.82446,0.064212,0.068756,0.005938,29.635
2025-09-30 07:00:00,17.5983,1.47835,1.38772,16.2106,0.140737,0.166506,0.012564,62.288
2025-09-30 08:00:00,48.0945,1.73551,3.43057,44.6639,0.275029,0.357799,0.019758,148.474
2025-09-30 09:00:00,60.0108,1.92824,5.41999,54.5908,0.356521,0.445037,0.02482,204.183
2025-09-30 10:00:00,60.698,1.81177,4.25817,56.4398,0.323039,0.438986,0.025704,213.985
2025-09-30 11:00:00,46.3783,1.62423,3.9735,42.4048,0.293518,0.364335,0.021851,174.097
2025-09-30 12:00:00,34.4416,1.61728,3.61614,30.8254,0.265801,0.272031,0.018292,128.137
2025-09-30 13:00:00,33.1647,1.44534,2.41824,30.7465,0.221892,0.284168,0.017937,131.216
2025-09-30 14:00:00,56.683,2.13319,3.18751,53.4955,0.244467,0.365922,0.019666,152.811
2025-09-30 15:00:00,36.4746,1.45712,3.25972,33.2148,0.248576,0.277103,0.018269,138.63
2025-09-30 16:00:00,31.7697,1.37116,2.51047,29.2593,0.214909,0.249743,0.017151,124.255
2025-09-30 17:00:00,23.4776,1.37087,2.30459,21.173,0.180975,0.214415,0.015036,95.414
2025-09-30 18:00:00,18.9464,1.52572,2.27164,16.6747,0.180857,0.170208,0.013577,79.456
2025-09-30 19:00:00,20.7413,1.84498,2.64387,18.0974,0.191334,0.181777,0.014377,93.844
2025-09-30 20:00:00,22.064,2.32791,2.53034,19.5336,0.209187,0.199063,0.015036,83.948
2025-09-30 21:00:00,13.9713,1.83014,1.33723,12.634,0.127948,0.137421,0.011734,60.052
2025-09-30 22:00:00,13.2962,2.1797,0.965984,12.3302,0.101496,0.125494,0.008855,48.27
2025-09-30 23:00:00,13.6689,2.2541,1.58656,12.0823,0.133822,0.114977,0.008161,42.185
2025-10-01 00:00:00,6.496,1.30128,0.284884,6.21112,0.043631,0.050743,0.005016,18.925
2025-10-01 01:00:00,2.32498,0.464068,0.118292,2.20669,0.025983,0.021444,0.003322,9.798
2025-10-01 02:00:00,2.51714,0.562614,0.116591,2.40055,0.027213,0.019,0.003189,7.463
2025-10-01 03:00:00,2.87687,0.60085,0.130377,2.74649,0.023055,0.021387,0.00322,9.625
2025-10-01 04:00:00,3.18067,0.69538,0.142639,3.03803,0.030629,0.023788,0.003678,12.574
2025-10-01 05:00:00,3.31522,0.629073,0.15101,3.16421,0.029509,0.027089,0.003533,10.572
2025-10-01 06:00:00,11.0186,1.43285,0.616564,10.402,0.07048,0.075079,0.005567,29.568
2025-10-01 07:00:00,20.5513,1.45034,1.53622,19.0151,0.13126,0.159431,0.010251,73.002
2025-10-01 08:00:00,31.3434,1.68567,1.864,29.4794,0.205327,0.301862,0.017371,132.683
2025-10-01 09:00:00,58.0909,2.293,3,55.0909,0.246908,0.442289,0.021964,129.928
2025-10-01 10:00:00,53.5183,2.1743,3.74587,49.7725,0.297321,0.40068,0.024129,184.691
2025-10-01 11:00:00,31.1393,2.09326,2.17507,28.9643,0.251174,0.320962,0.018609,149.916
2025-10-01 12:00:00,28.01,1.86634,1.85674,26.1533,0.162565,0.234926,0.015027,103.507
2025-10-01 13:00:00,38.2252,2.31724,2.0737,36.1515,0.176742,0.291112,0.015643,115.236
2025-10-01 14:00:00,128.169,7.15471,6.98682,121.183,0.321905,0.575828,0.017841,116.781
2025-10-01 15:00:00,41.9744,2.46184,2.77661,39.1978,0.22023,0.299955,0.016611,119.463
2025-10-01 16:00:00,28.9269,1.99111,2.61968,26.3072,0.268326,0.238401,0.015565,101.189
2025-10-01 17:00:00,23.7606,2.53419,1.59764,22.1629,0.148287,0.192715,0.013121,73.446
2025-10-01 18:00:00,17.107,2.14427,1.48038,15.6266,0.12666,0.155248,0.010967,62.413
2025-10-01 19:00:00,15.2192,2.10268,1.21623,14.003,0.128218,0.148669,0.009501,56.983
2025-10-01 20:00:00,16.9538,2.51615,1.51368,15.4401,0.173255,0.172245,0.01073,68.501
2025-10-01 21:00:00,16.0613,2.7807,0.896495,15.1648,0.108831,0.16738,0.0098,61.027
2025-10-01 22:00:00,12.7057,2.80727,0.950456,11.7553,0.105976,0.128559,0.007981,45.459
2025-10-01 23:00:00,2.79271,0.744324,0.191162,2.60154,0.048255,0.042298,0.005466,16.9
2025-10-02 00:00:00,5.29413,1.34779,0.452319,4.84182,0.058747,0.052997,0.005003,18.547
2025-10-02 01:00:00,4.28164,1.23747,0.642881,3.63876,0.065508,0.040779,0.003741,11.278
2025-10-02 02:00:00,3.92089,1.11962,0.284684,3.63621,0.036661,0.03319,0.003435,10.232
2025-10-02 03:00:00,2.56222,0.798198,0.102534,2.45968,0.023863,0.018423,0.002887,7.25
2025-10-02 04:00:00,2.68986,0.808252,0.128417,2.56145,0.025281,0.023523,0.003175,8.658
2025-10-02 05:00:00,2.23159,0.625446,0.13483,2.09676,0.026569,0.022929,0.003427,10.255
2025-10-02 06:00:00,6.17685,1.09869,0.3359,5.84095,0.05144,0.052658,0.004748,20.616
2025-10-02 07:00:00,17.4256,1.79831,1.20052,16.2251,0.101422,0.139832,0.008123,51.732
2025-10-02 08:00:00,20.6617,1.72324,1.3243,19.3374,0.141908,0.211701,0.012552,93.739
2025-10-02 09:00:00,42.2959,2.1737,3.73157,38.5644,0.267917,0.325573,0.017958,123.907
2025-10-02 10:00:00,51.4221,2.51085,4.3292,47.0929,0.316216,0.364699,0.020639,149.116
2025-10-02 11:00:00,37.749,2.18,2.64915,35.0998,0.221645,0.275389,0.017042,122.332
2025-10-02 12:00:00,25.3859,2.13148,2.05632,23.3296,0.193333,0.207101,0.012193,90.131
2025-10-02 13:00:00,23.8812,1.81634,1.61359,22.2676,0.136831,0.193415,0.011279,82.355
2025-10-02 14:00:00,26.7487,1.94338,1.88626,24.8624,0.156974,0.216655,0.012669,93.79
2025-10-02 15:00:00,26.4758,1.95769,2.11573,24.3601,0.156703,0.199283,0.011651,89.685
2025-10-02 16:00:00,19.9721,1.82594,1.6062,18.3659,0.156884,0.166947,0.010756,60.36
2025-10-02 17:00:00,17.4615,2.04706,1.42674,16.0347,0.120255,0.150461,0.009099,59.235
2025-10-02 18:00:00,17.2616,2.60592,1.43068,15.8309,0.127801,0.14429,0.009063,59.964
2025-10-02 19:00:00,14.2689,2.50157,0.935068,13.3339,0.09274,0.127612,0.008666,55.624
2025-10-02 20:00:00,13.3567,2.3441,1.113,12.2437,0.098388,0.122529,0.008832,56.386
2025-10-02 21:00:00,13.5715,2.90361,0.897275,12.6742,0.082487,0.116753,0.007629,49.224
2025-10-02 22:00:00,9.5089,2.19402,0.602057,8.90685,0.066804,0.084979,0.006657,40.034
2025-10-02 23:00:00,5.40258,1.49325,0.339582,5.06299,0.048726,0.051889,0.004834,24.183
2025-10-03 00:00:00,5.98462,2.08523,0.271913,5.7127,0.044405,0.049506,0.004703,21.183
2025-10-03 01:00:00,3.56221,1.31836,0.173481,3.38873,0.033835,0.030306,0.003729,11.9
2025-10-03 02:00:00,1.92172,0.702383,0.094809,1.82691,0.017856,0.01411,0.002788,6.36
2025-10-03 03:00:00,1.34014,0.488388,0.067488,1.27265,0.013348,0.010378,0.00245,5.112
2025-10-03 04:00:00,2.00547,0.611796,0.09132,1.91415,0.019071,0.01699,0.002952,7.495
2025-10-03 05:00:00,5.62773,1.71892,0.191925,5.43581,0.039847,0.051101,0.004531,14.288
2025-10-03 06:00:00,7.16965,1.51067,0.346348,6.82331,0.045026,0.056986,0.005059,22.541
2025-10-03 07:00:00,15.5783,1.53601,1.0772,14.5011,0.105057,0.12192,0.008263,53.059
2025-10-03 08:00:00,23.3343,1.90019,1.66659,21.6677,0.162616,0.22239,0.013795,98.475
2025-10-03 09:00:00,24.4155,1.8134,1.72906,22.6865,0.181626,0.245787,0.015656,104.187
2025-10-03 10:00:00,38.3103,2.30646,2.19276,36.1175,0.19697,0.288288,0.016963,117.692
2025-10-03 11:00:00,30.1647,1.92377,2.88292,27.2818,0.233254,0.256107,0.01539,98.789
2025-10-03 12:00:00,27.9341,2.45423,2.10819,25.8259,0.175665,0.2329,0.014256,91.955
2025-10-03 13:00:00,24.8997,1.788,1.54412,23.3556,0.141167,0.197627,0.012118,88.019
2025-10-03 14:00:00,32.2499,2.17875,1.85992,30.3899,0.169757,0.270078,0.016032,113.037
2025-10-03 15:00:00,28.704,2.24882,2.39804,26.3059,0.180886,0.239513,0.014983,107.637
2025-10-03 16:00:00,22.7614,1.85142,1.99002,20.7714,0.16628,0.179463,0.012046,85.701
2025-10-03 17:00:00,18.0254,2.26053,1.12454,16.9009,0.107634,0.142586,0.009023,56.595
2025-10-03 18:00:00,12.0272,1.99987,1.47109,10.5561,0.123197,0.1018,0.00805,49.29
2025-10-03 19:00:00,11.5323,2.50051,1.44132,10.091,0.131391,0.108414,0.00811,45.168
2025-10-03 20:00:00,12.7761,3.3835,1.82563,10.9505,0.138864,0.121441,0.008217,48.705
2025-10-03 21:00:00,7.64243,2.63896,0.94444,6.69799,0.09978,0.102593,0.008342,34.451
2025-10-03 22:00:00,8.59743,2.60844,0.740341,7.85709,0.087839,0.077011,0.007448,31.593
2025-10-03 23:00:00,4.75438,3.08326,0.223036,4.53135,0.054195,0.067212,0.005999,20.89
2025-10-04 00:00:00,4.8663,1.4187,0.2698,4.5965,0.0473,0.0431,0.0044,18.007
2025-10-04 01:00:00,3.075,1.0782,0.14,2.935,0.0287,0.024,0.0038,10.932
2025-10-04 02:00:00,2.418,0.9314,0.1011,2.3169,0.0202,0.0173,0.0032,7.111
2025-10-04 03:00:00,3.4709,1.2836,0.1511,3.3198,0.0282,0.023,0.0031,9.212
2025-10-04 04:00:00,2.1813,0.8282,0.0862,2.0951,0.023,0.0197,0.003,6.351
2025-10-04 05:00:00,2.1779,0.6857,0.1177,2.0601,0.025,0.0177,0.0039,9.386
2025-10-04 06:00:00,8.9543,1.9542,0.5844,8.3699,0.0587,0.0659,0.0054,27.725
2025-10-04 07:00:00,21.0009,2.0646,1.2954,19.7055,0.1288,0.1745,0.0098,63.05
2025-10-04 08:00:00,40.8932,1.9849,2.723,38.1702,0.2406,0.3089,0.0181,134.568
2025-10-04 09:00:00,57.9882,2.2221,4.7494,53.2388,0.3374,0.4442,0.0242,202.57
2025-10-04 10:00:00,71.4513,2.4564,5.2328,66.2185,0.3668,0.5082,0.0282,239.315
2025-10-04 11:00:00,61.3308,2.5156,3.7949,57.5358,0.2973,0.4389,0.0257,192.904
2025-10-04 12:00:00,27.5981,1.9324,1.9347,25.6634,0.1703,0.2258,0.0139,88.706
2025-10-04 13:00:00,33.8326,2.0866,2.5558,31.2768,0.199,0.2691,0.0149,105.734
2025-10-04 14:00:00,36.3538,1.8718,2.5699,33.7839,0.2123,0.2815,0.0172,124.877
2025-10-04 15:00:00,37.251,2.0829,2.8004,34.4505,0.222,0.2876,0.018,137.417
2025-10-04 16:00:00,35.0375,2.2646,2.5522,32.4853,0.2511,0.27,0.0168,110.417
2025-10-04 17:00:00,22.0515,2.3429,2.0514,20.0001,0.1664,0.1813,0.0135,81.499
2025-10-04 18:00:00,18.4439,2.5224,2.0335,16.4104,0.1723,0.1656,0.012,67.201
2025-10-04 19:00:00,17.6708,3.0882,1.6729,15.9979,0.1574,0.1694,0.0113,65.747
2025-10-04 20:00:00,17.3086,3.3885,1.6894,15.6192,0.1445,0.1573,0.0093,61.481
2025-10-04 21:00:00,13.211,2.8289,1.0184,12.1927,0.0978,0.1305,0.0084,54.614
2025-10-04 22:00:00,9.1443,2.1365,0.6287,8.5156,0.07,0.0894,0.0068,40.408
2025-10-04 23:00:00,3.101,0.6876,0.2028,2.8982,0.0458,0.0351,0.0049,20.428
2025-10-05 00:00:00,2.8549,0.7724,0.1778,2.6771,0.0374,0.0261,0.0039,13.405
2025-10-05 01:00:00,1.1718,0.3371,0.0868,1.0851,0.0193,0.0099,0.0028,6.304
2025-10-05 02:00:00,1.6004,0.5068,0.056,1.5444,0.0161,0.0132,0.0033,5.831
2025-10-05 03:00:00,2.2497,0.7642,0.0708,2.1789,0.0184,0.0189,0.004,7.224
2025-10-05 04:00:00,1.2098,0.4025,0.0925,1.1173,0.0177,0.0096,0.0027,5.025
2025-10-05 05:00:00,3.5522,1.0278,0.1681,3.3842,0.0269,0.0242,0.0037,7.671
2025-10-05 06:00:00,8.2946,1.8008,0.4271,7.8675,0.0603,0.0681,0.0066,26.918
2025-10-05 07:00:00,19.5776,1.6874,1.1676,18.41,0.1241,0.1605,0.01,66.804
2025-10-05 08:00:00,35.6822,1.5409,2.4238,33.2584,0.1965,0.2766,0.0168,118.886
2025-10-05 09:00:00,56.649,1.978,5.7248,50.9242,0.3845,0.3954,0.0224,190.326
2025-10-05 10:00:00,54.4136,1.7627,4.3531,50.0605,0.3004,0.3881,0.0216,187.94
2025-10-05 11:00:00,43.0959,1.7319,3.6969,39.399,0.3051,0.3252,0.0202,162.363
2025-10-05 12:00:00,32.1056,1.787,3.4664,28.6392,0.2913,0.2695,0.0179,121.868
2025-10-05 13:00:00,38.9625,1.9421,3.074,35.8885,0.2204,0.3097,0.0177,122.769
2025-10-05 14:00:00,34.7927,1.9163,3.972,30.8207,0.3196,0.3363,0.0205,122.434
2025-10-05 15:00:00,49.8605,2.0385,11.8237,38.0369,0.5379,0.3103,0.0201,142.311
2025-10-05 16:00:00,35.1958,1.7211,3.0578,32.138,0.2481,0.2948,0.018,127.286
2025-10-05 17:00:00,21.9794,1.6088,2.3041,19.6753,0.2001,0.1957,0.0139,86.745
2025-10-05 18:00:00,8.49037,2.03508,0.904791,7.58558,0.091276,0.122084,0.008375,31.42
2025-10-05 19:00:00,7.15255,1.88523,0.931174,6.22138,0.076094,0.066596,0.006389,27.565
2025-10-05 20:00:00,6.46576,2.1227,0.738656,5.7271,0.075885,0.06692,0.006145,26.9
2025-10-05 21:00:00,6.66875,2.17933,0.841049,5.82771,0.080206,0.058126,0.00552,24.947
2025-10-05 22:00:00,4.9247,2.07443,0.314782,4.60992,0.046292,0.043054,0.004809,18.938
2025-10-05 23:00:00,4.8457,1.0914,0.3463,4.4994,0.0513,0.0469,0.0052,20.733
2025-10-06 00:00:00,3.7379,1.0005,0.1423,3.5957,0.0358,0.0329,0.0038,12.776
2025-10-06 01:00:00,2.1058,0.506,0.1161,1.9897,0.0235,0.0195,0.0035,9.646
2025-10-06 02:00:00,0.8146,0.1922,0.0703,0.7443,0.016,0.0079,0.0028,5.914
2025-10-06 03:00:00,0.6618,0.176,0.0693,0.5925,0.0177,0.0067,0.0027,5.807
2025-10-06 04:00:00,1.656,0.5856,0.0911,1.5648,0.0272,0.0163,0.0035,8.873
2025-10-06 05:00:00,3.0954,0.9915,0.1394,2.9559,0.0386,0.0351,0.0048,10.599
2025-10-06 06:00:00,7.8855,1.328,0.4563,7.4292,0.0639,0.0665,0.0061,27.622
2025-10-06 07:00:00,21.105,1.4779,1.5236,19.5814,0.1413,0.1854,0.0125,73.253
2025-10-06 08:00:00,35.1639,1.3068,2.4186,32.7453,0.214,0.2811,0.0173,127.575
2025-10-06 09:00:00,49.6406,1.5886,3.5686,46.072,0.298,0.3721,0.0215,187.339
2025-10-06 10:00:00,59.456,1.7718,4.6543,54.8017,0.3509,0.4377,0.0258,233.44
2025-10-06 11:00:00,49.2661,1.7128,4.2216,45.0445,0.3127,0.3532,0.0215,175.357
2025-10-06 12:00:00,39.7575,1.8932,3.1535,36.6041,0.2439,0.3096,0.0193,146.522
2025-10-06 13:00:00,41.6677,1.7828,3.0616,38.6062,0.2502,0.3442,0.0208,158.452
2025-10-06 14:00:00,53.7958,1.9312,3.0784,50.7173,0.2576,0.4071,0.0237,184.611
2025-10-06 15:00:00,53.1325,1.849,4.2678,48.8647,0.3417,0.387,0.0238,178.703
2025-10-06 16:00:00,43.2641,1.659,3.7028,39.5612,0.3018,0.3419,0.0226,162.331
2025-10-06 17:00:00,33.9122,1.6097,2.7616,31.1506,0.2443,0.2785,0.0186,126.012
2025-10-06 18:00:00,30.4775,1.8748,2.5408,27.9367,0.2034,0.2557,0.0164,105.961
2025-10-06 19:00:00,34.0614,2.5499,5.2348,28.8266,0.3529,0.239,0.0164,107.533
2025-10-06 20:00:00,20.3803,2.0384,2.2242,18.1561,0.1802,0.174,0.0138,84.512
2025-10-06 21:00:00,17.9539,2.2977,1.9962,15.9577,0.193,0.1659,0.0134,82.049
2025-10-06 22:00:00,13.917,2.1131,1.107,12.81,0.1428,0.1374,0.0105,62.51
2025-10-06 23:00:00,9.6805,1.5254,4.1418,5.5386,0.265,0.1332,0.0072,33.735
2025-10-07 00:00:00,7.6151,1.5643,4.1036,3.5115,0.2006,0.046,0.0047,20.032
2025-10-07 01:00:00,7.2196,1.4268,4.5459,2.6736,0.2055,0.0283,0.004,14.126
2025-10-07 02:00:00,2.7237,0.6066,1.1256,1.598,0.0782,0.0204,0.0035,11.142
2025-10-07 03:00:00,4.5262,0.9801,0.1408,4.3854,0.0271,0.0378,0.0038,15.184
2025-10-07 04:00:00,9.2852,2.2972,0.2189,9.0663,0.0412,0.0659,0.004,12.451
2025-10-07 05:00:00,11.7075,2.5765,0.288,11.4195,0.0452,0.0842,0.0047,21.36
2025-10-07 06:00:00,8.3255,1.155,0.501,7.8245,0.0642,0.0688,0.0059,29.635
2025-10-07 07:00:00,17.5983,1.4784,1.3877,16.2106,0.1407,0.1665,0.0126,62.288
2025-10-07 08:00:00,48.0945,1.7355,3.4306,44.6639,0.275,0.3578,0.0198,148.474
2025-10-07 09:00:00,60.0108,1.9282,5.42,54.5908,0.3565,0.445,0.0248,204.183
2025-10-07 10:00:00,60.698,1.8118,4.2582,56.4398,0.323,0.439,0.0257,213.985
2025-10-07 11:00:00,46.3783,1.6242,3.9735,42.4048,0.2935,0.3643,0.0219,174.097
2025-10-07 12:00:00,34.4416,1.6173,3.6161,30.8254,0.2658,0.272,0.0183,128.137
2025-10-07 13:00:00,33.1647,1.4453,2.4182,30.7465,0.2219,0.2842,0.0179,131.216
2025-10-07 14:00:00,56.683,2.1332,3.1875,53.4955,0.2445,0.3659,0.0197,152.811
2025-10-07 15:00:00,36.4746,1.4571,3.2597,33.2148,0.2486,0.2771,0.0183,138.63
2025-10-07 16:00:00,31.7697,1.3712,2.5105,29.2593,0.2149,0.2497,0.0172,124.255
2025-10-07 17:00:00,23.4776,1.3709,2.3046,21.173,0.181,0.2144,0.015,95.414
2025-10-07 18:00:00,18.9464,1.5257,2.2716,16.6747,0.1809,0.1702,0.0136,79.456
2025-10-07 19:00:00,20.7413,1.845,2.6439,18.0974,0.1913,0.1818,0.0144,93.844
2025-10-07 20:00:00,22.064,2.3279,2.5303,19.5336,0.2092,0.1991,0.015,83.948
2025-10-07 21:00:00,13.9713,1.8301,1.3372,12.634,0.1279,0.1374,0.0117,60.052
2025-10-07 22:00:00,13.2962,2.1797,0.966,12.3302,0.1015,0.1255,0.0089,48.27
2025-10-07 23:00:00,5.58508,2.01628,0.514567,5.07052,0.054872,0.048632,0.005879,20.468
2025-10-08 00:00:00,3.57732,1.18611,0.406066,3.17125,0.040643,0.03352,0.004207,12.056
2025-10-08 01:00:00,7.10904,2.88049,0.231374,6.87767,0.029476,0.051987,0.00347,8.737
2025-10-08 02:00:00,2.29969,0.934076,0.080739,2.21896,0.013031,0.014622,0.002604,4.314
2025-10-08 03:00:00,2.96906,1.2988,0.079311,2.88975,0.01604,0.017249,0.002598,4.982
2025-10-08 04:00:00,1.90827,0.920089,0.050818,1.85745,0.011066,0.013134,0.002295,3.217
2025-10-08 05:00:00,3.35196,1.39086,0.124893,3.22707,0.023051,0.023434,0.003125,7.555
2025-10-08 06:00:00,3.34846,0.962202,0.186936,3.16153,0.032363,0.029195,0.004201,13.167
2025-10-08 07:00:00,12.2203,1.40206,0.85381,11.3665,0.090843,0.104113,0.007051,39.233
2025-10-08 08:00:00,25.7048,1.37887,1.94893,23.7559,0.175916,0.205848,0.013998,95.293
2025-10-08 09:00:00,41.7039,1.6635,2.93531,38.7686,0.233809,0.337993,0.02065,150.586
2025-10-08 10:00:00,52.0678,2.03724,3.66067,48.4072,0.279557,0.393592,0.02123,169.225
2025-10-08 11:00:00,39.8612,1.95936,2.8801,36.9811,0.22719,0.319013,0.01875,136.187
2025-10-08 12:00:00,25.7174,2.11701,2.17745,23.5399,0.187484,0.208537,0.012467,86.148
2025-10-08 13:00:00,29.5247,1.97834,2.56146,26.9633,0.20001,0.235956,0.014295,100.598
2025-10-08 14:00:00,32.6215,1.84407,2.35982,30.2617,0.19821,0.261933,0.016914,111.414
2025-10-08 15:00:00,38.9809,2.0792,2.72673,36.2542,0.221878,0.314037,0.017348,120.547
2025-10-08 16:00:00,31.2624,2.03161,2.2581,29.0043,0.203079,0.284989,0.015528,114.762
2025-10-08 17:00:00,17.8016,1.91662,1.48659,16.315,0.154094,0.162164,0.010324,65.369
2025-10-08 18:00:00,13.676,1.93163,1.39654,12.2794,0.148125,0.147629,0.008826,53.258
2025-10-08 19:00:00,14.8297,2.66529,1.43282,13.3969,0.119753,0.145694,0.009996,57.19
2025-10-08 20:00:00,12.1281,1.9593,1.23046,10.8976,0.128333,0.128181,0.00882,51.327
2025-10-08 21:00:00,6.89008,1.41248,0.664803,6.22528,0.085769,0.079511,0.006706,31.313
2025-10-08 22:00:00,6.53183,1.53329,0.981285,5.55054,0.084663,0.064424,0.006169,28.104
2025-10-08 23:00:00,7.68476,1.97653,1.0394,6.64536,0.10029,0.067863,0.005655,22.449
2025-10-09 00:00:00,3.80527,1.09725,0.495744,3.30953,0.057212,0.039348,0.0042,11.574
2025-10-09 01:00:00,3.48222,1.08819,0.495332,2.98689,0.043652,0.028823,0.003667,9.946
2025-10-09 02:00:00,1.29191,0.361475,0.095711,1.1962,0.022554,0.013466,0.003056,5.861
2025-10-09 03:00:00,2.09526,0.576571,0.098194,1.99706,0.019691,0.016234,0.00295,5.782
2025-10-09 04:00:00,3.17951,0.852872,0.134517,3.04499,0.025668,0.02508,0.003562,8.346
2025-10-09 05:00:00,3.12662,0.845031,0.126776,2.99984,0.026235,0.029585,0.003603,8.943
2025-10-09 06:00:00,4.63259,0.856301,0.253061,4.37953,0.039545,0.039557,0.005007,15.296
2025-10-09 07:00:00,11.7774,1.00542,0.780481,10.997,0.109913,0.108861,0.008744,47.976
2025-10-09 08:00:00,30.2131,1.38111,2.12901,28.0841,0.18914,0.228986,0.014699,102.756
2025-10-09 09:00:00,40.2116,1.4167,3.77644,36.4352,0.316905,0.317129,0.020025,155.651
2025-10-09 10:00:00,49.6605,1.5651,3.24495,46.4156,0.275245,0.392749,0.022237,189.447
2025-10-09 11:00:00,50.2443,1.70239,4.50725,45.7371,0.334376,0.38212,0.023175,189.051
2025-10-09 12:00:00,41.0498,1.7871,3.06053,37.9893,0.23824,0.329223,0.019031,145.416
2025-10-09 13:00:00,40.8419,1.7083,3.35557,37.4864,0.262248,0.318906,0.01888,143.648
2025-10-09 14:00:00,43.3259,1.53073,3.69334,39.6326,0.27793,0.3562,0.020208,152.119
2025-10-09 15:00:00,45.7892,1.71624,3.12779,42.6614,0.276435,0.348477,0.020837,162.898
2025-10-09 16:00:00,41.8918,1.72921,3.35064,38.5411,0.27788,0.320737,0.020407,144.671
2025-10-09 17:00:00,25.1387,1.53303,2.71584,22.4229,0.205094,0.210224,0.012622,94.079
2025-10-09 18:00:00,23.4817,2.29852,1.5839,21.8978,0.142563,0.198418,0.011337,78.308
2025-10-09 19:00:00,16.5424,2.03223,1.79558,14.7468,0.165528,0.151106,0.011117,66.526
2025-10-09 20:00:00,18.0454,2.58679,1.9089,16.1365,0.177865,0.1687,0.01144,73.595
2025-10-09 21:00:00,17.0688,2.85432,1.68448,15.3844,0.144196,0.156345,0.009702,63.11
2025-10-09 22:00:00,14.691,2.42425,1.33016,13.3608,0.11558,0.144805,0.008288,46.331
2025-10-09 23:00:00,12.7334,2.36944,0.687847,12.0455,0.090652,0.122915,0.006747,27.417
2025-10-10 00:00:00,4.82214,1.0433,0.261867,4.56027,0.052103,0.044412,0.004264,14.31
2025-10-10 01:00:00,2.29073,0.528792,0.105656,2.18507,0.023931,0.018407,0.003205,7.609
2025-10-10 02:00:00,1.61061,0.441263,0.109607,1.501,0.017998,0.01295,0.002964,5.738
2025-10-10 03:00:00,0.984913,0.264904,0.056967,0.927946,0.015803,0.006929,0.002652,4.453
2025-10-10 04:00:00,1.97079,0.509511,0.272993,1.6978,0.028912,0.017133,0.003517,8.226
2025-10-10 05:00:00,4.70386,1.10731,0.226367,4.4775,0.033128,0.034892,0.003621,11.161
2025-10-10 06:00:00,5.97686,1.07189,0.356739,5.62012,0.04768,0.04632,0.005172,20.699
2025-10-10 07:00:00,13.2472,1.15294,0.804967,12.4423,0.088657,0.115967,0.008275,42.718
2025-10-10 08:00:00,26.4058,1.27085,1.9097,24.4961,0.176425,0.202975,0.01357,90.276
2025-10-10 09:00:00,34.1765,1.33325,2.58704,31.5894,0.213767,0.26615,0.018092,134.734
2025-10-10 10:00:00,41.7151,1.48579,3.27759,38.4375,0.25244,0.32909,0.020663,162.817
2025-10-10 11:00:00,36.7343,1.53661,3.5726,33.1617,0.2657,0.290123,0.019071,132.914
2025-10-10 12:00:00,32.4842,1.79968,2.56721,29.917,0.207373,0.267526,0.014357,110.854
2025-10-10 13:00:00,32.5121,1.64902,2.63265,29.8795,0.220232,0.267344,0.015679,116.536
2025-10-10 14:00:00,42.4326,1.7645,2.75256,39.6801,0.23098,0.344129,0.019351,139.345
2025-10-10 15:00:00,28.6026,1.33383,2.74035,25.8622,0.215082,0.246304,0.014903,117.499
2025-10-10 16:00:00,21.9375,1.18197,2.29171,19.6457,0.195471,0.200161,0.012911,99.495
2025-10-10 17:00:00,14.0782,1.14179,1.50332,12.5749,0.145714,0.134662,0.009891,64.59
2025-10-10 18:00:00,13.6222,1.53542,1.92908,11.6931,0.164334,0.130517,0.011009,60.08
2025-10-10 19:00:00,12.8651,1.63761,2.90595,9.95912,0.233099,0.126857,0.010012,56.468
2025-10-10 20:00:00,12.993,1.70556,1.41305,11.5799,0.144725,0.122979,0.008818,54.781
2025-10-10 21:00:00,12.381,1.81009,1.06499,11.3161,0.089167,0.117869,0.007985,47.667
2025-10-10 22:00:00,7.5925,1.21015,0.671495,6.92101,0.079061,0.072311,0.006597,27.308
2025-10-10 23:00:00,5.95414,1.16246,0.372314,5.58183,0.055502,0.053424,0.004917,22.679
2025-10-11 00:00:00,3.07015,0.828427,0.145717,2.92443,0.023911,0.01958,0.003368,10.644
2025-10-11 01:00:00,2.74518,0.866533,0.14921,2.59597,0.027357,0.02107,0.003251,7.896
2025-10-11 02:00:00,2.48666,0.851596,0.094995,2.39167,0.020591,0.018919,0.002967,7.556
2025-10-11 03:00:00,3.70641,1.47196,0.2072,3.49921,0.029043,0.03072,0.003215,8.957
2025-10-11 04:00:00,3.96054,1.25811,0.194372,3.76617,0.026227,0.027054,0.003032,7.685
2025-10-11 05:00:00,1.54409,0.411319,0.075364,1.46873,0.020353,0.012391,0.002872,6.144
2025-10-11 06:00:00,4.52851,0.78702,0.232146,4.29637,0.036132,0.03441,0.004817,15.742
2025-10-11 07:00:00,12.2296,1.0984,0.726008,11.5036,0.08559,0.09938,0.008272,43.428
2025-10-11 08:00:00,24.8568,1.2411,1.62277,23.234,0.154761,0.208365,0.013378,93.964
2025-10-11 09:00:00,39.6286,1.75317,3.43079,36.1978,0.278896,0.294917,0.018918,136.333
2025-10-11 10:00:00,43.0989,1.75099,4.382,38.7169,0.309214,0.300386,0.019399,148.574
2025-10-11 11:00:00,38.3995,1.88362,2.63395,35.7656,0.228519,0.292172,0.01859,126.579
2025-10-11 12:00:00,28.3584,2.11851,2.66595,25.6924,0.200797,0.235734,0.012762,91.706
2025-10-11 13:00:00,26.4867,1.58622,1.87083,24.6159,0.155529,0.202684,0.012529,91.811
2025-10-11 14:00:00,36.7715,1.7103,2.81872,33.9528,0.222216,0.283057,0.01836,128.81
2025-10-11 15:00:00,36.7053,1.87444,2.39302,34.3122,0.205534,0.263603,0.017809,125.78
2025-10-11 16:00:00,26.8571,1.66298,2.35175,24.5053,0.208727,0.217382,0.01462,106.422
2025-10-11 17:00:00,18.6677,2.05275,1.41718,17.2505,0.127011,0.164376,0.010794,62.032
2025-10-11 18:00:00,16.6401,2.58708,1.81623,14.8239,0.144161,0.135553,0.009514,50.541
2025-10-11 19:00:00,21.3131,3.38949,9.23743,12.0757,0.351523,0.119019,0.0096,50.205
2025-10-11 20:00:00,22.6111,3.65994,10.4995,12.1116,0.39668,0.128355,0.00979,47.427
2025-10-11 21:00:00,16.9515,2.93379,6.0204,10.9311,0.277009,0.121289,0.009378,46.123
2025-10-11 22:00:00,9.35793,2.1048,0.739383,8.61855,0.078049,0.08837,0.007904,32.736
2025-10-11 23:00:00,6.13862,1.43426,0.293669,5.84495,0.053303,0.062429,0.005696,21.479
2025-10-12 00:00:00,4.7598,1.17236,0.340873,4.41892,0.04259,0.038528,0.004382,15.199
2025-10-12 01:00:00,1.71285,0.457737,0.335378,1.37747,0.025107,0.012248,0.003038,6.219
2025-10-12 02:00:00,1.55251,0.47623,0.158864,1.39365,0.019574,0.011786,0.002844,5.142
2025-10-12 03:00:00,1.35381,0.407039,0.078695,1.27512,0.01899,0.01555,0.002921,4.824
2025-10-12 04:00:00,1.34323,0.429971,0.079103,1.26413,0.015772,0.009685,0.002588,4.109
2025-10-12 05:00:00,2.83528,0.803651,0.123284,2.712,0.019593,0.019871,0.003604,8.712
2025-10-12 06:00:00,4.82914,1.08618,0.219605,4.60953,0.038708,0.037221,0.004402,10.057
2025-10-12 07:00:00,17.2305,1.77123,1.14321,16.0873,0.10562,0.131104,0.008946,48.453
2025-10-12 08:00:00,41.0893,1.72456,3.34719,37.7421,0.247377,0.307463,0.019457,137.869
2025-10-12 09:00:00,58.2476,1.94899,3.95012,54.2975,0.3089,0.415633,0.026985,202.701
2025-10-12 10:00:00,69.9461,2.29889,5.03737,64.9087,0.366646,0.49642,0.028572,226.441
2025-10-12 11:00:00,54.4185,2.06006,4.58151,49.837,0.34757,0.397649,0.022491,182.019
2025-10-12 12:00:00,43.8879,2.66893,4.55183,39.3361,0.322498,0.313839,0.018156,137.28
2025-10-12 13:00:00,43.7979,2.05624,4.4859,39.312,0.326945,0.333167,0.020224,151.078
2025-10-12 14:00:00,52.7293,2.13825,3.98842,48.7409,0.294079,0.396089,0.02362,188.466
2025-10-12 15:00:00,57.7758,2.36747,4.66666,53.1091,0.322981,0.428275,0.022818,183.743
2025-10-12 16:00:00,49.8512,2.20933,4.4545,45.3967,0.347409,0.366594,0.020395,163.45
2025-10-12 17:00:00,30.6029,2.20546,2.43151,28.1714,0.209493,0.248927,0.014289,104.11
2025-10-12 18:00:00,22.6449,2.55528,1.74195,20.9029,0.165639,0.192048,0.011366,82.055
2025-10-12 19:00:00,21.84,2.92213,2.09841,19.7416,0.17748,0.1949,0.011842,78.534
2025-10-12 20:00:00,20.8335,3.1244,2.86376,17.9698,0.208357,0.186198,0.01148,78.471
2025-10-12 21:00:00,15.1629,2.53221,1.60839,13.5545,0.149585,0.1512,0.00951,63.531
2025-10-12 22:00:00,14.1505,2.52777,1.34385,12.8066,0.116447,0.140237,0.008004,53.619
2025-10-12 23:00:00,8.27938,1.59219,0.855811,7.42357,0.0741,0.083982,0.005923,33.876
2025-10-13 00:00:00,6.50957,1.42816,0.381387,6.12818,0.061929,0.057104,0.004933,21.842
2025-10-13 01:00:00,3.02452,0.773929,0.218395,2.80612,0.036155,0.024498,0.003714,11.544
2025-10-13 02:00:00,2.10677,0.649837,0.166866,1.9399,0.017913,0.016376,0.00311,7.338
2025-10-13 03:00:00,2.86116,0.742388,1.05741,1.80375,0.063418,0.014829,0.00323,7.293
2025-10-13 04:00:00,3.50919,0.967785,0.176416,3.33277,0.02442,0.025845,0.003591,10.197
2025-10-13 05:00:00,3.05097,0.671428,0.141835,2.90914,0.026892,0.021647,0.00379,8.714
2025-10-13 06:00:00,10.0512,1.51831,0.656864,9.39431,0.056689,0.073277,0.005621,30.478
2025-10-13 07:00:00,16.4311,1.24252,1.19575,15.2354,0.113627,0.137583,0.009571,66.465
2025-10-13 08:00:00,32.0711,1.39318,2.4512,29.6199,0.20688,0.251437,0.015341,116.082
2025-10-13 09:00:00,45.3256,1.57217,3.07664,42.2489,0.248846,0.341434,0.020477,166.858
2025-10-13 10:00:00,61.9281,1.93055,5.43749,56.4907,0.360149,0.434938,0.02482,234.272
2025-10-13 11:00:00,47.8972,1.76625,5.27031,42.6268,0.350795,0.347961,0.02213,176.105
2025-10-13 12:00:00,44.2899,2.3541,3.60989,40.68,0.305722,0.345403,0.020288,153.011
2025-10-13 13:00:00,39.9376,1.73145,3.41181,36.5258,0.25916,0.322213,0.020646,147.374
2025-10-13 14:00:00,45.1744,1.67077,4.01535,41.159,0.311047,0.346492,0.022361,176.574
2025-10-13 15:00:00,48.8856,1.89965,3.57673,45.3089,0.289801,0.394587,0.021361,179.419
2025-10-13 16:00:00,38.5778,1.61969,3.26333,35.3145,0.256847,0.310499,0.019702,153.939
2025-10-13 17:00:00,30.7586,1.91404,2.67334,28.0853,0.231541,0.259519,0.018014,122.315
2025-10-13 18:00:00,29.3169,2.35932,3.86917,25.4477,0.288754,0.247055,0.017621,105.673
2025-10-13 19:00:00,25.1505,2.33827,1.82745,23.323,0.177518,0.223189,0.014512,93.308
2025-10-13 20:00:00,26.518,3.15165,3.09272,23.4252,0.252104,0.234081,0.015383,92.866
2025-10-13 21:00:00,14.2769,2.69987,1.67079,12.6061,0.171679,0.177239,0.010894,70.98
2025-10-13 22:00:00,11.6429,1.53115,1.81989,9.82297,0.170147,0.111795,0.007971,49.665
2025-10-13 23:00:00,7.49331,1.13604,0.480948,7.01236,0.06885,0.071595,0.005755,29.056
2025-10-14 00:00:00,8.91583,1.65414,0.426917,8.48891,0.057261,0.069445,0.004937,22.847
2025-10-14 01:00:00,6.38862,1.35237,0.272197,6.11642,0.04888,0.04971,0.004286,18.813
2025-10-14 02:00:00,3.41488,0.727499,0.146926,3.26796,0.028473,0.024814,0.004053,9.851
2025-10-14 03:00:00,2.59438,0.538925,0.125151,2.46923,0.030467,0.023153,0.004147,8.993
2025-10-14 04:00:00,5.12435,1.03064,0.24146,4.88289,0.035737,0.041953,0.004399,15.742
2025-10-14 05:00:00,8.0643,1.58434,0.343671,7.72063,0.046801,0.059326,0.005409,21.179
2025-10-14 06:00:00,13.7401,1.99769,0.771679,12.9685,0.083719,0.103269,0.007386,39.848
2025-10-14 07:00:00,22.1337,1.51124,1.9253,20.2084,0.145981,0.174564,0.01133,72.802
2025-10-14 08:00:00,36.5231,1.33374,2.96144,33.5617,0.242004,0.275714,0.017409,133.422
2025-10-14 09:00:00,49.7917,1.64906,4.04809,45.7436,0.318794,0.383897,0.023012,187.497
2025-10-14 10:00:00,58.7975,1.90382,4.58343,54.214,0.364443,0.443905,0.025289,230.585
2025-10-14 11:00:00,55.4448,2.17978,4.20967,51.2352,0.339935,0.402668,0.023932,198.085
2025-10-14 12:00:00,46.0487,2.46355,3.14479,42.9039,0.264168,0.356417,0.019439,145.185
2025-10-14 13:00:00,46.3806,1.95123,3.85697,42.5237,0.296418,0.362754,0.022732,163.469
2025-10-14 14:00:00,49.5866,1.78781,3.53205,46.0545,0.295134,0.379999,0.021835,175.04
2025-10-14 15:00:00,38.9189,1.50592,3.9866,34.9323,0.298049,0.316374,0.020426,152.074
2025-10-14 16:00:00,38.0119,1.63015,3.61772,34.3942,0.293511,0.294924,0.019826,131.946
2025-10-14 17:00:00,29.7442,1.75172,3.33201,26.4122,0.251677,0.233841,0.016372,95.928
2025-10-14 18:00:00,25.2618,1.98131,3.32556,21.9362,0.227499,0.212719,0.016106,94.561
2025-10-14 19:00:00,24.78,2.35552,2.36211,22.4179,0.198513,0.212715,0.015494,84.938
2025-10-14 20:00:00,22.7493,2.50102,2.65073,20.0985,0.215943,0.199131,0.015694,83.6
2025-10-14 21:00:00,20.7241,2.56677,2.57772,18.1464,0.155544,0.147893,0.012604,77.071
2025-10-14 22:00:00,13.5482,2.03121,1.12078,12.4274,0.155605,0.14794,0.009341,47.964
2025-10-14 23:00:00,12.0779,1.94365,0.679952,11.3979,0.155666,0.147987,0.007317,36.383
2025-10-15 00:00:00,7.73315,1.41997,0.344998,7.38815,0.155727,0.148034,0.004915,24.426
2025-10-15 01:00:00,5.30811,1.1728,0.284319,5.02379,,,0.004308,13.895
2025-10-15 02:00:00,4.0695,1.02558,0.161328,3.90817,,,0.004209,11.982
2025-10-15 03:00:00,1.76567,0.463675,0.123015,1.64266,,,0.003945,11.287
2025-10-15 04:00:00,2.58402,0.642471,0.213712,2.37031,,,0.003607,8.419
2025-10-15 05:00:00,7.01729,1.35836,0.302697,6.7146,,,0.004922,18.302
2025-10-15 06:00:00,9.78914,1.23165,0.723723,9.06541,,,0.006876,29.919
2025-10-15 07:00:00,23.8835,1.57087,2.31977,21.5638,,,0.012756,77.54
2025-10-15 08:00:00,41.6202,1.62706,2.85353,38.7667,,,0.018664,137.314
2025-10-15 09:00:00,57.0045,1.76233,4.22622,52.7783,,,0.024027,204.396
2025-10-15 10:00:00,63.5865,1.83173,4.64863,58.9379,,,0.025674,233.159
2025-10-15 11:00:00,63.4871,2.07001,4.31487,59.1723,,,0.025728,211.997
2025-10-15 12:00:00,52.8967,2.32513,3.39948,49.4972,,,0.023367,158.06
2025-10-15 13:00:00,49.8952,1.94614,4.19022,45.705,,,0.022206,160.356
2025-10-15 14:00:00,51.1667,1.73282,3.57142,47.5953,,,0.023554,180.681
2025-10-15 15:00:00,59.8004,2.29825,4.25696,55.5435,,,0.024221,184.134
2025-10-15 16:00:00,46.4779,1.96657,4.34229,42.1356,,,0.021538,158.202
2025-10-15 17:00:00,33.032,1.98796,2.92861,30.1034,,,0.016772,110.694
2025-10-15 18:00:00,28.4853,2.37814,2.5136,25.9717,,,0.015572,96.268
2025-10-15 19:00:00,23.7968,2.45479,2.94455,20.8522,,,0.016561,90.8
2025-10-15 20:00:00,20.6757,2.24297,3.16057,17.5151,,,0.015402,78.973
2025-10-15 21:00:00,14.1386,2.04196,1.56533,12.5732,,,0.011297,62.229
2025-10-15 22:00:00,17.1951,2.62922,1.77573,15.4194,,,0.012567,53.91
2025-10-15 23:00:00,9.1338,1.6109,0.765494,8.3683,,,0.008235,28.912
2025-10-16 00:00:00,5.1365,1.09661,0.293467,4.84303,,,0.005208,19.841
2025-10-16 01:00:00,2.27508,0.566503,0.140728,2.13435,,,0.003393,10.432
2025-10-16 02:00:00,1.77172,0.516535,0.115762,1.65595,,,0.003049,8.529
2025-10-16 03:00:00,1.41136,0.383105,0.107723,1.30364,,,0.003099,9.019
2025-10-16 04:00:00,2.75333,0.584819,0.137046,2.61628,,,0.00347,11.33
2025-10-16 05:00:00,4.79575,1.09243,0.266684,4.52907,,,0.004296,14.946
2025-10-16 06:00:00,11.6558,1.58712,0.684637,10.9712,,,0.007214,36.482
2025-10-16 07:00:00,22.7569,1.61971,1.45615,21.3007,,,0.01074,68.373
2025-10-16 08:00:00,37.7221,1.43332,2.6132,35.1089,,,0.018271,123.874
2025-10-16 09:00:00,52.4043,1.80431,3.45224,48.952,,,0.021562,175.944
2025-10-16 10:00:00,56.9732,1.81756,4.09825,52.8749,,,0.02415,199.461
2025-10-16 11:00:00,47.5067,1.91544,3.65924,43.8474,,,0.021269,162.261
2025-10-16 12:00:00,40.0079,1.93724,3.40495,36.603,,,0.018402,136.544
2025-10-16 13:00:00,34.5126,1.97463,3.71591,30.7967,,,0.018399,145.761
2025-10-16 14:00:00,48.0652,1.81091,3.46501,44.6002,,,0.019798,149.343
2025-10-16 15:00:00,34.2236,1.36262,3.12938,31.0942,,,0.018629,128.565
2025-10-16 16:00:00,35.637,1.57728,3.03281,32.6042,,,0.016861,121.421
2025-10-16 17:00:00,30.3743,1.99962,2.39955,27.9747,,,0.015249,98.823
2025-10-16 18:00:00,25.7175,2.28356,4.79766,20.9198,,,0.014783,85.287
2025-10-16 19:00:00,25.0738,2.55959,2.45633,22.6174,,,0.014833,88.636
2025-10-16 20:00:00,23.2136,3.17299,2.73728,20.4763,,,0.014594,90.301
2025-10-16 21:00:00,17.8512,2.56189,1.58402,16.2672,,,0.010788,61.829
2025-10-16 22:00:00,18.4724,2.8065,1.07526,17.3971,,,0.008884,50.675
2025-10-16 23:00:00,14.8769,2.86204,0.625908,14.251,,,0.008245,37.711
2025-10-17 00:00:00,6.12476,1.46036,0.304577,5.82018,,,0.005756,20.784
2025-10-17 01:00:00,5.90137,1.5941,0.277546,5.62383,,,0.005511,19.161
2025-10-17 02:00:00,5.43481,1.55636,0.160065,5.27474,,,0.003932,11.508
2025-10-17 03:00:00,3.00497,0.696239,0.140844,2.86412,,,0.003264,8.371
2025-10-17 04:00:00,3.30758,0.863598,0.122667,3.18491,,,0.003505,8.842
2025-10-17 05:00:00,4.18563,0.986245,0.171375,4.01425,,,0.00378,11.393
2025-10-17 06:00:00,8.78094,1.3406,0.44467,8.33627,,,0.005435,24.289
2025-10-17 07:00:00,22.6874,1.87097,1.5541,21.1333,,,0.010669,66.021
2025-10-17 08:00:00,33.5364,1.43612,3.4262,30.1102,,,0.015507,113.288
2025-10-17 09:00:00,43.5218,1.6385,4.32888,39.1929,,,0.020126,162.536
2025-10-17 10:00:00,60.5001,2.05489,5.46075,55.0393,,,0.023265,192.371
2025-10-17 11:00:00,48.1731,1.9359,4.3656,43.8075,,,0.021529,165.411
2025-10-17 12:00:00,44.5208,2.29182,4.24863,40.2722,,,0.018882,152.312
2025-10-17 13:00:00,57.0016,2.91598,2.8014,54.2002,,,0.019716,145.328
2025-10-17 14:00:00,42.419,1.88966,3.81912,38.5999,,,0.019516,147.812
2025-10-17 15:00:00,39.6141,1.94377,3.22984,36.3842,,,0.018718,137.649
2025-10-17 16:00:00,31.5153,1.63224,2.57856,28.9368,,,0.016893,122.435
2025-10-17 17:00:00,27.9948,2.01344,2.35103,25.6438,,,0.012784,94.854
2025-10-17 18:00:00,26.4199,2.58057,2.97898,23.4409,,,0.01287,90.352
2025-10-17 19:00:00,17.7403,2.00727,2.15027,15.59,,,0.010563,72.038
2025-10-17 20:00:00,19.0829,2.60766,1.90739,17.1755,,,0.010634,66.884
2025-10-17 21:00:00,16.5928,2.60811,1.79311,14.7997,,,0.009349,58.073
2025-10-17 22:00:00,14.3693,2.87846,0.994773,13.3745,,,0.008941,47.945
2025-10-17 23:00:00,8.13631,1.88515,0.730882,7.40542,,,0.006837,31.249
2025-10-18 00:00:00,5.82414,1.698,0.227593,5.59655,,,0.005301,20.866
2025-10-18 01:00:00,5.61907,2.28789,0.235888,5.38318,,,0.004721,15.132
2025-10-18 02:00:00,4.77097,1.54002,0.819935,3.95104,,,0.004151,14.042
2025-10-18 03:00:00,3.26583,0.967941,0.14861,3.11722,,,0.003974,14.397
2025-10-18 04:00:00,2.16642,0.68471,0.091322,2.0751,,,0.003301,7.87
2025-10-18 05:00:00,1.5484,0.35384,0.110681,1.43772,,,0.003067,8.679
2025-10-18 06:00:00,7.31248,1.29608,0.392286,6.92019,,,0.005265,25.364
2025-10-18 07:00:00,21.7764,1.61044,1.55303,20.2233,,,0.009724,65.118
2025-10-18 08:00:00,42.0696,1.48519,3.38675,38.6828,,,0.017482,141.973
2025-10-18 09:00:00,76.499,2.18856,6.20255,70.2965,,,0.025803,251.975
2025-10-18 10:00:00,81.0056,2.28739,6.52676,74.4789,,,0.028068,285.056
2025-10-18 11:00:00,58.183,1.85841,5.06912,53.1139,,,0.023422,204.992
2025-10-18 12:00:00,39.007,1.68076,4.40049,34.6065,,,0.018947,138.606
2025-10-18 13:00:00,41.2853,1.58814,3.2646,38.0207,,,0.018086,142.625
2025-10-18 14:00:00,48.1399,1.64042,3.43177,44.7081,,,0.019068,165.695
2025-10-18 15:00:00,51.4294,1.94912,4.57456,46.8548,,,0.02022,161.149
2025-10-18 16:00:00,44.5451,1.85806,3.23596,41.3091,,,0.018989,147.061
2025-10-18 17:00:00,25.7868,1.71136,1.71093,24.0759,,,0.013231,94.684
2025-10-18 18:00:00,15.1674,1.76242,1.61781,13.5495,,,0.009339,55.129
2025-10-18 19:00:00,15.1352,1.88718,2.58736,12.5478,,,0.009219,60.109
2025-10-18 20:00:00,15.5117,2.13955,1.84385,13.6679,,,0.009183,62.002
2025-10-18 21:00:00,14.0331,2.12688,1.33732,12.6958,,,0.008785,53.954
2025-10-18 22:00:00,16.4639,3.46025,1.19941,15.2644,,,0.007148,42.088
2025-10-18 23:00:00,10.6185,2.57231,0.767453,9.85103,,,0.00595,29.922
2025-10-19 00:00:00,5.91053,1.50933,0.319852,5.59068,,,0.004606,19.395
2025-10-19 01:00:00,5.05789,1.71454,0.192223,4.86567,,,0.003894,14.395
2025-10-19 02:00:00,2.80849,0.959185,0.130667,2.67783,,,0.003335,10.857
2025-10-19 03:00:00,3.95613,1.37175,0.145571,3.81056,,,0.003149,9.297
2025-10-19 04:00:00,2.02187,0.722094,0.090197,1.93167,,,0.002973,7.593
2025-10-19 05:00:00,2.87762,0.796243,0.159205,2.71842,,,0.003402,11.333
2025-10-19 06:00:00,7.98471,1.66835,0.609453,7.37526,,,0.005128,22.858
2025-10-19 07:00:00,24.3897,2.35467,1.20927,23.1804,,,0.009037,57.531
2025-10-19 08:00:00,45.1099,1.91566,3.33034,41.7796,,,0.018368,143.506
2025-10-19 09:00:00,62.18,2.1839,4.10603,58.074,,,0.023383,138.022
2025-10-19 10:00:00,63.4246,1.91061,4.87827,58.5464,,,0.024933,206.551
2025-10-19 11:00:00,56.0098,1.93899,4.56865,51.4411,,,0.022855,192.194
2025-10-19 12:00:00,43.1652,2.32196,3.49808,39.6672,,,0.019141,140.071
2025-10-19 13:00:00,47.8375,2.39907,3.86382,43.9737,,,0.020785,146.24
2025-10-19 14:00:00,53.6966,2.25124,4.79089,48.9057,,,0.023119,162.838
2025-10-19 15:00:00,43.6326,2.41812,3.86811,39.7645,,,0.019511,134.048
2025-10-19 16:00:00,38.1558,2.7192,2.48312,35.6727,,,0.016857,111.456
2025-10-19 17:00:00,22.1601,2.34152,1.78408,20.3761,,,0.01144,69.419
2025-10-19 18:00:00,17.5103,2.26993,2.33929,15.171,,,0.009638,56.424
2025-10-19 19:00:00,13.9788,2.02709,1.52242,12.4564,,,0.009775,54.5
2025-10-19 20:00:00,13.6715,2.32746,1.16437,12.5071,,,0.008892,57.155
2025-10-19 21:00:00,15.7367,3.11495,1.86286,13.8739,,,0.009518,53.474
2025-10-19 22:00:00,11.9014,2.31544,0.944433,10.957,,,0.007412,37.733
2025-10-19 23:00:00,12.7704,2.99353,5.61282,7.15757,,,0.005917,29.03
2025-10-20 00:00:00,4.23266,1.25673,0.197947,4.03471,,,0.00392,14.927
2025-10-20 01:00:00,1.1445,0.406428,0.093276,1.05122,,,0.002826,5.363
2025-10-20 02:00:00,1.11513,0.371215,0.083426,1.0317,,,0.002987,7.532
2025-10-20 03:00:00,1.05754,0.340484,0.06618,0.991364,,,0.002842,7.094
2025-10-20 04:00:00,1.57475,0.471201,0.083499,1.49126,,,0.002906,6.792
2025-10-20 05:00:00,3.30168,0.99809,0.158754,3.14293,,,0.003859,9.378
2025-10-20 06:00:00,6.74054,1.26988,0.357375,6.38317,,,0.006266,21.43
2025-10-20 07:00:00,19.9015,1.59928,1.22635,18.6751,,,0.010751,63.077
2025-10-20 08:00:00,29.4594,1.28824,1.70141,27.7579,,,0.015482,80.933
2025-10-20 09:00:00,42.2008,1.42831,3.3817,38.8191,,,0.020066,158.081
2025-10-20 10:00:00,58.805,1.87552,4.07529,54.7297,,,0.022962,194.921
2025-10-20 11:00:00,52.669,1.79733,4.04875,48.6202,,,0.023196,190.177
2025-10-20 12:00:00,43.8366,2.21935,3.25274,40.5838,,,0.018031,137.386
2025-10-20 13:00:00,43.4114,1.89802,4.04182,39.3696,,,0.019349,147.742
2025-10-20 14:00:00,48.6556,1.82353,3.86685,44.7887,,,0.020246,163.238
2025-10-20 15:00:00,33.2356,1.71565,2.28743,30.9481,,,0.019852,147.486
2025-10-20 16:00:00,39.4018,1.53841,2.65356,36.7483,,,0.018457,145.394
2025-10-20 17:00:00,26.5819,1.39802,2.89637,23.6855,,,0.016976,110.074
2025-10-20 18:00:00,21.585,1.6089,3.52864,18.0564,,,0.0123,79.205
2025-10-20 19:00:00,16.9767,1.57659,1.94356,15.0331,,,0.011859,69.274
2025-10-20 20:00:00,14.5628,1.8752,1.417,13.1458,,,0.012006,73.021
2025-10-20 21:00:00,14.39,1.99197,1.53594,12.854,,,0.009074,45.812
2025-10-20 22:00:00,13.7443,2.07429,1.38886,12.3554,,,0.00756,43.288
2025-10-20 23:00:00,10.5403,1.84464,0.662548,9.87773,,,0.005856,30.529
2025-10-21 00:00:00,4.54455,1.16647,0.232825,4.31173,,,0.004684,20.195
2025-10-21 01:00:00,2.13628,0.556613,0.141124,1.99516,,,0.003532,10.755
2025-10-21 02:00:00,2.99959,0.85556,0.381983,2.61761,,,0.003377,9.989
2025-10-21 03:00:00,2.28163,0.639111,0.143044,2.13858,,,0.003101,8.903
2025-10-21 04:00:00,3.27753,0.996209,0.193023,3.08451,,,0.003587,10.615
2025-10-21 05:00:00,2.04917,0.481477,0.114384,1.93478,,,0.003156,7.805
2025-10-21 06:00:00,6.46112,1.00079,0.363713,6.09741,,,0.005145,23.555
2025-10-21 07:00:00,18.322,1.37946,1.02544,17.2965,,,0.009829,58.948
2025-10-21 08:00:00,34.8461,1.31773,2.35593,32.4901,,,0.016406,123.137
2025-10-21 09:00:00,51.5486,1.63005,4.65043,46.8982,,,0.020541,177.337
2025-10-21 10:00:00,93.8625,2.8209,5.21248,88.65,,,0.023524,224.366
2025-10-21 11:00:00,50.4793,1.67327,6.15701,44.3223,,,0.021251,190.907
2025-10-21 12:00:00,42.6015,2.15551,6.47184,36.1297,,,0.0183,138.713
2025-10-21 13:00:00,47.4272,1.94661,4.52322,42.904,,,0.021651,159.323
2025-10-21 14:00:00,44.9929,1.48954,4.47822,40.5147,,,0.022621,185.328
2025-10-21 15:00:00,52.0951,1.8664,3.58082,48.5142,,,0.021711,173.443
2025-10-21 16:00:00,37.3327,1.50961,4.12057,33.2121,,,0.019454,143.69
2025-10-21 17:00:00,25.4204,1.53672,2.00123,23.4192,,,0.014613,94.66
2025-10-21 18:00:00,21.0435,1.61006,2.19724,18.8462,,,0.013137,81.486
2025-10-21 19:00:00,23.1787,2.09837,2.91489,20.2638,,,0.014002,87.046
2025-10-21 20:00:00,25.941,2.68097,2.85048,23.0905,,,0.013355,79.877
2025-10-21 21:00:00,18.549,2.18018,2.27914,16.2699,,,0.011171,72.531
2025-10-21 22:00:00,18.1629,2.41978,1.16652,16.9964,,,0.008425,53.823
2025-10-21 23:00:00,10.1864,1.47501,0.764408,9.42202,,,0.006582,35.109
2025-10-22 00:00:00,6.63544,1.33295,0.444586,6.19086,,,0.004979,18.453
2025-10-22 01:00:00,3.89594,0.971556,0.147025,3.74891,,,0.003753,9.926
2025-10-22 02:00:00,3.36481,0.909898,0.126318,3.23849,,,0.003729,8.938
2025-10-22 03:00:00,1.99219,0.572469,0.077543,1.91465,,,0.002753,4.508
2025-10-22 04:00:00,1.93775,0.455084,0.095361,1.84239,,,0.002854,6.428
2025-10-22 05:00:00,3.61207,0.723571,0.194576,3.41749,,,0.00376,13.344
2025-10-22 06:00:00,8.79025,1.19791,0.489125,8.30112,,,0.006162,30.454
2025-10-22 07:00:00,20.5814,1.37045,1.06812,19.5133,,,0.010584,69.44
2025-10-22 08:00:00,38.3599,1.52185,2.51378,35.8461,,,0.018517,99.973
2025-10-22 09:00:00,54.5503,1.88638,3.83442,50.7159,,,0.022665,173.954
2025-10-22 10:00:00,65.5552,2.07782,4.75652,60.7987,,,0.024748,218.572
2025-10-22 11:00:00,45.4614,1.71384,3.66446,41.7969,,,0.02072,165.601
2025-10-22 12:00:00,31.7415,1.51482,2.22086,29.5206,,,0.016548,118.812
2025-10-22 13:00:00,43.7693,1.71108,4.31725,39.4521,,,0.01987,162.736
2025-10-22 14:00:00,53.2251,1.7216,5.91196,47.3131,,,0.022012,183.024
2025-10-22 15:00:00,43.8847,1.44805,4.02338,39.8613,,,0.02128,172.012
2025-10-22 16:00:00,47.5534,1.78691,2.65618,44.8972,,,0.018631,146.695
2025-10-22 17:00:00,25.9721,1.40389,3.01887,22.9532,,,0.0154,111.438
2025-10-22 18:00:00,23.8247,1.74976,2.93576,20.889,,,0.013911,95.391
2025-10-22 19:00:00,21.4958,1.84324,2.78577,18.7101,,,0.013373,90.886
2025-10-22 20:00:00,23.5284,2.51425,3.13736,20.391,,,0.01375,93.865
2025-10-22 21:00:00,18.2825,2.22361,1.66631,16.6162,,,0.011109,73.562
2025-10-22 22:00:00,16.22,2.2044,1.69717,14.5228,,,0.010366,54.836
2025-10-22 23:00:00,9.42541,1.49372,0.848535,8.57687,,,0.006961,35.542
2025-10-23 00:00:00,8.02864,1.56993,0.338552,7.69009,,,0.005061,21.609
2025-10-23 01:00:00,7.01448,1.6622,0.23716,6.77731,,,0.004297,18.635
2025-10-23 02:00:00,6.59204,1.56358,0.24964,6.3424,,,0.004145,17.829
2025-10-23 03:00:00,5.90218,1.412,0.240891,5.66129,,,0.00397,17.845
2025-10-23 04:00:00,5.88603,1.20221,0.272264,5.61376,,,0.003997,17.036
2025-10-23 05:00:00,6.86972,1.31302,0.256073,6.61365,,,0.004638,18.96
2025-10-23 06:00:00,10.3027,1.29921,0.78421,9.5185,,,0.005907,33.038
2025-10-23 07:00:00,20.3729,1.30679,1.45508,18.9178,,,0.011703,71.641
2025-10-23 08:00:00,31.4825,1.23161,2.73372,28.7488,,,0.015711,118.147
2025-10-23 09:00:00,51.1697,1.68754,4.00278,47.1669,,,0.022034,192.53
2025-10-23 10:00:00,56.0847,1.73917,4.98013,51.1046,,,0.023214,205.841
2025-10-23 11:00:00,53.4169,1.9653,4.79125,48.6257,,,0.021172,172.813
2025-10-23 12:00:00,51.7887,2.61533,3.56694,48.2217,,,0.018277,144.523
2025-10-23 13:00:00,45.7895,1.98171,3.84385,41.9456,,,0.019772,156.256
2025-10-23 14:00:00,44.1528,1.64039,3.41234,40.7404,,,0.020145,161.188
2025-10-23 15:00:00,50.9637,2.10056,3.27616,47.6875,,,0.02082,163.094
2025-10-23 16:00:00,42.379,1.86085,3.48748,38.8915,,,0.02004,152.277
2025-10-23 17:00:00,20.4257,1.61137,2.05697,18.3688,,,0.017469,119.142
2025-10-23 18:00:00,27.3157,2.20822,2.29383,25.0219,,,0.015151,88.35
2025-10-23 19:00:00,22.65,2.21278,2.29335,20.3567,,,0.014319,96.423
2025-10-23 20:00:00,15.9904,1.66914,1.67287,14.3175,,,0.012374,84.196
2025-10-23 21:00:00,16.4287,1.81854,0.993795,15.4349,,,0.011049,66.97
2025-10-23 22:00:00,13.8797,1.75116,0.749677,13.13,,,0.00823,44.916
2025-10-23 23:00:00,9.15429,1.43349,0.480155,8.67414,,,0.007361,30.555
2025-10-24 00:00:00,6.78302,1.40319,0.440582,6.34244,,,0.004546,16.589
2025-10-24 01:00:00,2.21357,0.50446,0.126741,2.08683,,,0.003749,9.533
2025-10-24 02:00:00,2.40265,0.52759,0.172794,2.22985,,,0.003247,9.925
2025-10-24 03:00:00,3.47542,0.749983,0.155602,3.31982,,,0.003631,11.702
2025-10-24 04:00:00,4.64142,1.02324,0.200342,4.44107,,,0.003479,12.831
2025-10-24 05:00:00,4.72359,0.826669,0.168129,4.55546,,,0.003387,10.99
2025-10-24 06:00:00,8.87223,1.20187,0.471441,8.40079,,,0.005536,29.239
2025-10-24 07:00:00,18.3189,1.24924,1.47659,16.8423,,,0.010166,61.978
2025-10-24 08:00:00,34.059,1.22611,2.73193,31.3271,,,0.016124,130.442
2025-10-24 09:00:00,57.5878,1.90486,4.95462,52.6331,,,0.021271,183.732
2025-10-24 10:00:00,55.0785,1.96864,4.79556,50.2829,,,0.021257,190.333
2025-10-24 11:00:00,36.2823,1.54973,2.99507,33.2872,,,0.017974,136.579
2025-10-24 12:00:00,42.1224,2.37496,3.01102,39.1113,,,0.01701,120.65
2025-10-24 13:00:00,34.8745,1.65801,2.55667,32.3178,,,0.016691,125.416
2025-10-24 14:00:00,37.3996,1.43514,2.64773,34.7519,,,0.018294,144.477
2025-10-24 15:00:00,41.4696,1.64575,2.81943,38.6502,,,0.019239,151.574
2025-10-24 16:00:00,27.9954,1.33146,2.05171,25.9437,,,0.015801,118.278
2025-10-24 17:00:00,18.0381,1.36034,1.86176,16.1764,,,0.012536,78.504
2025-10-24 18:00:00,16.2347,1.74154,1.29264,14.942,,,0.01059,61.409
2025-10-24 19:00:00,16.8134,2.21287,2.23458,14.5788,,,0.011994,68.349
2025-10-24 20:00:00,12.0269,1.53053,1.31583,10.7111,,,0.009078,52.462
2025-10-24 21:00:00,8.11322,1.51479,0.57824,7.53498,,,0.008747,44.535
2025-10-24 22:00:00,7.4761,1.19733,0.549253,6.92685,,,0.007566,30.43
2025-10-24 23:00:00,5.21931,0.894943,0.252267,4.96704,,,0.00678,19.914
2025-10-25 00:00:00,3.50465,0.792191,0.320904,3.18375,,,0.005232,10.56
2025-10-25 01:00:00,1.96862,0.475511,0.126812,1.8418,,,0.002918,6.559
2025-10-25 02:00:00,1.48296,0.509257,0.066852,1.4161,,,0.002813,6.48
2025-10-25 03:00:00,1.83473,0.504601,0.074118,1.76061,,,0.002714,6.013
2025-10-25 04:00:00,1.56562,0.457515,0.053416,1.5122,,,0.002459,4.502
2025-10-25 05:00:00,4.98361,1.12041,0.178704,4.8049,,,0.003443,10.557
2025-10-25 06:00:00,8.09604,1.31216,0.444361,7.65168,,,0.005479,23.332
2025-10-25 07:00:00,16.3023,1.44294,1.19807,15.1043,,,0.008251,53.991
2025-10-25 08:00:00,39.4709,1.68076,2.68919,36.7817,,,0.016461,129.354
2025-10-25 09:00:00,55.3659,2.06666,3.66668,51.6992,,,0.022479,186.945
2025-10-25 10:00:00,69.2966,2.57016,4.20771,65.0889,,,0.026166,205.972
2025-10-25 11:00:00,48.262,2.03792,3.45905,44.8029,,,0.021501,163.578
2025-10-25 12:00:00,34.2301,2.29301,2.85115,31.379,,,0.014576,111.813
2025-10-25 13:00:00,33.7408,2.05236,2.0618,31.679,,,0.015587,112.042
2025-10-25 14:00:00,34.7485,1.67189,2.46664,32.2819,,,0.016784,121.833
2025-10-25 15:00:00,35.5634,2.5659,2.30378,33.2596,,,0.018632,139.352
2025-10-25 16:00:00,39.8504,2.39341,3.0632,36.7871,,,0.015163,107.088
2025-10-25 17:00:00,17.3785,1.66653,1.68218,15.6964,,,0.012494,71.315
2025-10-25 18:00:00,12.4863,1.49214,1.57438,10.9119,,,0.009358,55.644
2025-10-25 19:00:00,15.0823,2.08723,1.41375,13.6686,,,0.010425,66.815
2025-10-25 20:00:00,13.742,2.25427,1.57545,12.1666,,,0.009478,63.751
2025-10-25 21:00:00,15.3401,2.9637,1.61876,13.7213,,,0.010361,44.042
2025-10-25 22:00:00,13.9327,3.01444,0.891121,13.0416,,,0.007949,47.388
2025-10-25 23:00:00,12.2275,3.18757,1.3534,10.8741,,,0.006546,38.839
2025-10-26 00:00:00,8.8641,2.65233,0.333523,8.53057,,,0.004809,19.822
2025-10-26 01:00:00,3.63474,1.34024,0.243424,3.39131,,,0.003835,12.714
2025-10-26 02:00:00,2.27249,0.84291,0.134193,2.13829,,,0.003182,9.225
2025-10-26 03:00:00,2.93508,0.963587,0.147691,2.78739,,,0.003064,8.413
2025-10-26 04:00:00,3.58089,1.08119,0.219726,3.36116,,,0.003388,10.594
2025-10-26 05:00:00,2.59283,0.611228,0.143441,2.44939,,,0.00307,8.382
2025-10-26 06:00:00,3.62255,0.819582,0.182712,3.43984,,,0.004528,17.073
2025-10-26 07:00:00,17.7675,1.39945,1.16449,16.603,,,0.008317,57.022
2025-10-26 08:00:00,44.5954,1.84645,2.88018,41.7152,,,0.01675,139.145
2025-10-26 09:00:00,58.6206,2.17904,3.80874,54.8118,,,0.023041,192.34
2025-10-26 10:00:00,67.2117,2.32872,4.57621,62.6355,,,0.024717,230.883
2025-10-26 11:00:00,53.2321,2.05736,3.5881,49.644,,,0.020967,177.345
2025-10-26 12:00:00,34.2323,1.76728,2.72729,31.505,,,0.014298,111.009
2025-10-26 13:00:00,33.5058,1.64891,3.0377,30.4681,,,0.016353,122.003
2025-10-26 14:00:00,44.8331,2.04232,3.93339,40.8997,,,0.018084,141.289
2025-10-26 15:00:00,48.5,2.34277,3.37647,45.1236,,,0.020105,143.387
2025-10-26 16:00:00,30.4648,1.81187,2.45887,28.006,,,0.013952,105.761
2025-10-26 17:00:00,20.607,1.94773,2.38926,18.2178,,,0.009968,68.474
2025-10-26 18:00:00,16.6369,2.17761,1.52438,15.1126,,,0.009858,55.424
2025-10-26 19:00:00,17.7506,2.70837,1.68719,16.0635,,,0.009001,55.947
2025-10-26 20:00:00,15.2909,2.31821,1.04964,14.2413,,,0.009514,51.738
2025-10-26 21:00:00,14.4923,2.63688,0.918529,13.5738,,,0.007862,46.863
2025-10-26 22:00:00,11.0754,2.0137,1.08661,9.98875,,,0.006593,38.507
2025-10-26 23:00:00,8.90364,1.93137,0.723734,8.1799,,,0.005934,28.613
2025-10-27 00:00:00,5.67275,1.78613,0.688801,4.98395,,,0.005226,15.997
2025-10-27 01:00:00,4.34873,1.36839,0.232128,4.1166,,,0.004049,13.091
2025-10-27 02:00:00,2.27923,0.596345,0.218021,2.06121,,,0.003431,10.61
2025-10-27 03:00:00,2.57137,0.757624,0.122382,2.44899,,,0.002937,7.2
2025-10-27 04:00:00,3.63361,0.968447,0.143741,3.48987,,,0.003359,8.761
2025-10-27 05:00:00,4.69309,1.27668,0.193552,4.49954,,,0.003422,10.752
2025-10-27 06:00:00,8.64327,1.60955,0.462573,8.1807,,,0.005859,25.379
2025-10-27 07:00:00,16.3281,1.30291,1.19402,15.1341,,,0.009706,56.095
2025-10-27 08:00:00,24.5301,1.11653,1.6572,22.8729,,,0.0137,93.564
2025-10-27 09:00:00,34.4559,1.3011,2.61471,31.8412,,,0.017381,133.124
2025-10-27 10:00:00,37.1026,1.30194,2.50604,34.5966,,,0.019653,152.035
2025-10-27 11:00:00,37.0636,1.51083,2.89421,34.1694,,,0.018099,134.484
2025-10-27 12:00:00,32.7831,1.73437,2.69791,30.0852,,,0.016617,118.308
2025-10-27 13:00:00,33.298,1.56255,2.3831,30.9149,,,0.016447,124.394
2025-10-27 14:00:00,36.9828,1.38109,3.16169,33.8212,,,0.017532,142.204
2025-10-27 15:00:00,42.402,1.57301,3.08784,39.3142,,,0.020149,151.294
2025-10-27 16:00:00,28.7112,1.23798,2.72565,25.9856,,,0.017557,126.339
2025-10-27 17:00:00,24.3026,1.3482,2.34819,21.9544,,,0.015338,99.319
2025-10-27 18:00:00,23.1528,1.69171,3.28788,19.8649,,,0.014259,89.055
2025-10-27 19:00:00,12.9698,1.88624,1.31762,11.6521,,,0.013061,71.25
2025-10-27 20:00:00,16.7109,1.75868,1.9215,14.7894,,,0.010724,62.761
2025-10-27 21:00:00,13.9207,1.96012,1.54343,12.3773,,,0.008257,47.396
2025-10-27 22:00:00,10.8728,1.69464,0.738074,10.1347,,,0.006714,36.343
2025-10-27 23:00:00,2.75707,0.542516,0.207692,2.54937,,,0.004099,12.06
2025-10-28 00:00:00,3.21288,0.977152,0.140745,3.07213,,,0.003529,10.347
2025-10-28 01:00:00,2.74965,0.958065,0.129385,2.62026,,,0.003199,9.148
2025-10-28 02:00:00,1.64394,0.591345,0.090416,1.55353,,,0.003021,8.328
2025-10-28 03:00:00,2.40315,0.78126,0.123493,2.27966,,,0.003309,10.148
2025-10-28 04:00:00,2.16541,0.660991,0.179986,1.98542,,,0.003155,10.319
2025-10-28 05:00:00,6.13784,1.50364,0.334422,5.80342,,,0.004603,18.783
2025-10-28 06:00:00,10.929,1.75088,0.536706,10.3923,,,0.006756,32.496
2025-10-28 07:00:00,29.2664,2.05754,1.29905,27.9674,,,0.010408,67.778
2025-10-28 08:00:00,35.3537,1.31075,2.65124,32.7024,,,0.016538,120.067
2025-10-28 09:00:00,55.6363,1.71178,4.64349,50.9928,,,0.021558,180.617
2025-10-28 10:00:00,56.6274,1.7189,4.64207,51.9853,,,0.02216,185.202
2025-10-28 11:00:00,51.3143,1.74741,3.40684,47.9075,,,0.02178,147.136
2025-10-28 12:00:00,42.1249,2.03837,3.48438,38.6405,,,0.018406,131.603
2025-10-28 13:00:00,33.5612,1.47069,2.49294,31.0682,,,0.01784,122.11
2025-10-28 14:00:00,45.3938,1.70014,4.4455,40.9483,,,0.020691,148.449
2025-10-28 15:00:00,38.7761,1.41158,2.76968,36.0064,,,0.01944,138.645
2025-10-28 16:00:00,36.2632,1.46791,2.8289,33.4343,,,0.017669,123.654
2025-10-28 17:00:00,24.6982,1.39333,1.84403,22.8541,,,0.01591,98.639
2025-10-28 18:00:00,26.2077,2.04174,2.43703,23.7707,,,0.017001,92.626
2025-10-28 19:00:00,23.4733,1.91901,1.81064,21.6627,,,0.01439,95.845
2025-10-28 20:00:00,18.0473,1.77213,2.04166,16.0057,,,0.012468,82.72
2025-10-28 21:00:00,17.1823,1.83414,1.50909,15.6732,,,0.010477,68.19
2025-10-28 22:00:00,14.8339,1.82324,0.915773,13.9181,,,0.008135,53.039
2025-10-28 23:00:00,6.91976,1.14112,0.738012,6.18174,,,0.005047,23.487
2025-10-29 00:00:00,3.01796,0.636969,0.170203,2.84776,,,0.003584,10.127
2025-10-29 01:00:00,3.89579,0.949729,0.225063,3.67073,,,0.003707,12.909
2025-10-29 02:00:00,3.14268,0.796422,0.215733,2.92695,,,0.00337,10.564
2025-10-29 03:00:00,3.98609,1.0779,0.20726,3.77883,,,0.003705,11.902
2025-10-29 04:00:00,3.81909,0.909739,0.203345,3.61574,,,0.004018,13.328
2025-10-29 05:00:00,4.43207,0.953955,0.258091,4.17398,,,0.004333,18.482
2025-10-29 06:00:00,9.86649,1.43826,0.576501,9.28998,,,0.006722,28.223
2025-10-29 07:00:00,28.9466,1.89889,1.55787,27.3888,,,0.012677,68.621
2025-10-29 08:00:00,34.5436,1.31967,2.67217,31.8714,,,0.017212,119.872
2025-10-29 09:00:00,52.7606,1.57213,3.87085,48.8898,,,0.021345,182.03
2025-10-29 10:00:00,63.6937,1.81443,4.53291,59.1608,,,0.024398,235.269
2025-10-29 11:00:00,55.5682,1.96049,4.38403,51.1842,,,0.022696,173.636
2025-10-29 12:00:00,39.4311,1.93936,3.375,36.0561,,,0.01863,129.228
2025-10-29 13:00:00,42.4636,1.70797,2.61856,39.845,,,0.019474,143.187
2025-10-29 14:00:00,43.0008,1.58546,3.16028,39.8406,,,0.020103,145.197
2025-10-29 15:00:00,40.2744,1.60969,3.45828,36.8162,,,0.020884,146.294
2025-10-29 16:00:00,35.1178,1.71742,2.85179,32.266,,,0.017505,120.38
2025-10-29 17:00:00,27.015,1.67712,2.95071,24.0643,,,0.014562,93.552
2025-10-29 18:00:00,26.1493,2.14444,2.39593,23.7534,,,0.014344,87.518
2025-10-29 19:00:00,26.2772,2.38753,2.16703,24.1101,,,0.014908,86.865
2025-10-29 20:00:00,22.6637,2.58777,2.97336,19.6903,,,0.014347,86.18
2025-10-29 21:00:00,16.6685,1.94001,1.33531,15.3332,,,0.009544,57.361
2025-10-29 22:00:00,8.54107,1.0817,0.572946,7.96812,,,0.006145,34.872
2025-10-29 23:00:00,7.19599,1.1697,0.60385,6.59214,,,0.005298,27.664
2025-10-30 00:00:00,3.53989,0.634844,0.230297,3.30959,,,0.003917,11.746
2025-10-30 01:00:00,2.33074,0.481161,0.103079,2.22766,,,0.003388,10.52
2025-10-30 02:00:00,2.63827,0.604277,0.127914,2.51036,,,0.003656,10.632
2025-10-30 03:00:00,2.58698,0.605283,0.120123,2.46686,,,0.003701,11.579
2025-10-30 04:00:00,4.65961,0.984286,0.184307,4.47531,,,0.003755,13.931
2025-10-30 05:00:00,5.11334,1.15062,0.21999,4.89335,,,0.004022,14.842
2025-10-30 06:00:00,12.028,1.74927,0.647056,11.381,,,0.006621,39.472
2025-10-30 07:00:00,23.0471,1.59165,1.36311,21.684,,,0.011828,64.541
2025-10-30 08:00:00,45.0029,1.68185,3.41563,41.5873,,,0.019103,134.634
2025-10-30 09:00:00,44.173,1.44158,3.3229,40.8501,,,0.020875,167.361
2025-10-30 10:00:00,52.1443,1.53321,3.85175,48.2926,,,0.02306,189.55
2025-10-30 11:00:00,45.7815,1.62958,3.42405,42.3575,,,0.021402,159.882
2025-10-30 12:00:00,51.134,2.28583,3.63262,47.5014,,,0.020304,160.919
2025-10-30 13:00:00,42.4377,1.81808,3.52469,38.913,,,0.019342,141.836
2025-10-30 14:00:00,47.1681,1.64912,4.23094,42.9372,,,0.020836,153.941
2025-10-30 15:00:00,45.5644,1.71941,3.48575,42.0786,,,0.020206,153.632
2025-10-30 16:00:00,45.6886,1.8991,3.04647,42.6421,,,0.019591,143.241
2025-10-30 17:00:00,40.4551,2.48985,2.71014,37.745,,,0.017977,115.144
2025-10-30 18:00:00,26.1947,2.39922,2.46484,23.7299,,,0.014639,67.971
2025-10-30 19:00:00,26.8864,2.5778,2.57221,24.3142,,,0.014587,97.272
2025-10-30 20:00:00,25.0651,2.70565,3.14676,21.9184,,,0.015022,96.763
2025-10-30 21:00:00,20.1797,2.38927,2.46063,17.7191,,,0.011655,71.014
2025-10-30 22:00:00,12.7305,1.46766,1.02929,11.7012,,,0.007401,56.841
2025-10-30 23:00:00,16.0901,2.43126,1.07275,15.0173,,,0.007226,48.106
2025-10-31 00:00:00,11.2401,2.03551,0.950626,10.2895,,,0.005634,32.476
2025-10-31 01:00:00,6.23837,1.16736,0.204044,6.03433,,,0.004217,18.282
2025-10-31 02:00:00,4.93917,0.917039,0.157582,4.78159,,,0.003865,14.223
2025-10-31 03:00:00,4.28619,0.822685,0.12335,4.16284,,,0.003549,12.261
2025-10-31 04:00:00,5.54735,0.989892,0.196456,5.3509,,,0.004284,16.519
2025-10-31 05:00:00,11.0645,1.98146,0.489221,10.5753,,,0.005163,24.026
2025-10-31 06:00:00,14.3123,1.87089,1.11699,13.1953,,,0.007042,37.646
2025-10-31 07:00:00,32.109,2.26119,3.98707,28.1219,,,0.012688,79.138
2025-10-31 08:00:00,42.8082,1.83647,2.58751,40.2207,,,0.01818,125.799
2025-10-31 09:00:00,64.4735,2.40375,3.60338,60.8701,,,0.021444,170.843
2025-10-31 10:00:00,59.036,2.06738,3.81651,55.2195,,,0.024363,193.239
2025-10-31 11:00:00,45.4283,1.98898,3.20628,42.2221,,,0.02088,147.179
2025-10-31 12:00:00,39.8246,2.22832,3.74408,36.0805,,,0.018262,129.965
2025-10-31 13:00:00,39.8975,1.87912,3.01572,36.8818,,,0.018422,135.526
2025-10-31 14:00:00,44.8454,1.70062,3.18378,41.6616,,,0.021492,161.605
2025-10-31 15:00:00,50.9254,2.15658,2.94838,47.977,,,0.022537,154.317
2025-10-31 16:00:00,31.1858,1.6958,2.15888,29.0269,,,0.016525,108.514
2025-10-31 17:00:00,21.4013,1.71981,1.7311,19.6702,,,0.012695,73.816
2025-10-31 18:00:00,22.2082,2.62322,3.0657,19.1425,,,0.012891,68.144
2025-10-31 19:00:00,20.9673,2.62748,3.14827,17.8191,,,0.013632,70.662
2025-10-31 20:00:00,20.5589,3.25197,3.55299,17.006,,,0.013527,77.345
2025-10-31 21:00:00,19.782,2.76827,2.35991,17.4221,,,0.01145,67.321
2025-10-31 22:00:00,14.407,2.26525,0.715286,13.6917,,,0.008507,51.515
2025-10-31 23:00:00,14.8512,2.77696,0.601111,14.2501,,,0.006419,37.388
2025-11-01 00:00:00,8.20954,1.81466,0.265284,7.94425,,,0.004872,22.816
2025-11-01 01:00:00,1.7578,0.486925,0.115526,1.64227,,,0.003893,14.048
2025-11-01 02:00:00,3.41532,1.10385,0.135613,3.2797,,,0.003417,11.473
2025-11-01 03:00:00,4.52742,1.32536,0.172424,4.35499,,,0.00356,10.693
2025-11-01 04:00:00,4.60636,1.24496,0.25342,4.35294,,,0.003691,13.049
2025-11-01 05:00:00,2.03196,0.503959,0.110155,1.92181,,,0.002868,6.668
2025-11-01 06:00:00,5.26901,0.925037,0.270649,4.99836,,,0.004933,18.16
2025-11-01 07:00:00,21.1293,1.98285,1.35096,19.7783,,,0.010036,60.362
2025-11-01 08:00:00,40.8868,1.97903,3.29688,37.59,,,0.018935,121.699
2025-11-01 09:00:00,62.3948,2.40109,4.50513,57.8897,,,0.023992,181.303
2025-11-01 10:00:00,57.0145,2.05576,3.93213,53.0824,,,0.023353,179.537
2025-11-01 11:00:00,45.7718,2.07394,3.59748,42.1743,,,0.020678,142.426
2025-11-01 12:00:00,36.5785,2.42402,4.08758,32.491,,,0.018304,112.15
2025-11-01 13:00:00,39.2065,2.15113,2.7644,36.4421,,,0.018099,118.513
2025-11-01 14:00:00,40.9215,2.12535,2.84762,38.0739,,,0.019227,130.663
2025-11-01 15:00:00,41.8281,2.34568,2.95254,38.8756,,,0.019676,123.871
2025-11-01 16:00:00,36.4864,2.25698,2.88603,33.6004,,,0.017413,118.495
2025-11-01 17:00:00,24.8887,2.18092,2.2672,22.6215,,,0.014319,88.928
2025-11-01 18:00:00,18.0568,2.1055,1.25338,16.8034,,,0.01224,64.811
2025-11-01 19:00:00,16.8252,2.01789,1.88842,14.9368,,,0.011224,63.816
2025-11-01 20:00:00,15.1773,2.10679,2.00639,13.1709,,,0.010022,59.895
2025-11-01 21:00:00,20.6016,3.78288,1.42191,19.1796,,,0.011384,67.509
2025-11-01 22:00:00,17.289,3.37018,1.35941,15.9296,,,0.009298,45.985
2025-11-01 23:00:00,13.6476,3.11164,0.570794,13.0768,,,0.006766,35.655
2025-11-02 00:00:00,3.48144,1.01916,0.155523,3.32592,,,0.003478,11.235
2025-11-02 01:00:00,5.08113,1.95278,0.178405,4.90273,,,0.003621,12.165
2025-11-02 02:00:00,3.46663,1.27262,0.144276,3.32235,,,0.003706,10.404
2025-11-02 03:00:00,3.00403,1.0309,0.159774,2.84426,,,0.003778,10.447
2025-11-02 04:00:00,3.15088,1.13832,0.144665,3.00621,,,0.003277,9.991
2025-11-02 05:00:00,2.83136,0.872799,0.13444,2.69692,,,0.0038,11.367
2025-11-02 06:00:00,4.47047,0.911969,0.27506,4.19541,,,0.005164,15.624
2025-11-02 07:00:00,24.3072,2.25861,1.17811,23.1291,,,0.010077,61.793
2025-11-02 08:00:00,44.1392,1.70211,2.974,41.1652,,,0.018177,141.525
2025-11-02 09:00:00,72.0158,2.21424,5.3113,66.7045,,,0.025595,225.43
2025-11-02 10:00:00,69.9827,2.23916,4.80571,65.177,,,0.026342,234.695
2025-11-02 11:00:00,58.981,2.37043,4.87847,54.1025,,,0.022449,185.355
2025-11-02 12:00:00,29.5224,2.23485,3.22602,26.2963,,,0.013045,99.619
2025-11-02 13:00:00,35.807,1.73702,2.99799,32.809,,,0.016677,94.344
2025-11-02 14:00:00,56.2259,2.02674,4.63152,51.5944,,,0.021918,169.079
2025-11-02 15:00:00,47.1904,1.99571,3.21293,43.9775,,,0.020734,155.113
2025-11-02 16:00:00,38.8874,2.2473,3.26652,35.6208,,,0.019976,128.528
2025-11-02 17:00:00,27.1568,2.35043,2.80005,24.3568,,,0.014144,88.636
2025-11-02 18:00:00,19.7287,2.24598,2.72109,17.0076,,,0.012583,76.931
2025-11-02 19:00:00,18.8915,2.53373,2.47055,16.4209,,,0.012348,70.224
2025-11-02 20:00:00,15.7863,2.29385,1.88995,13.8963,,,0.009627,65.195
2025-11-02 21:00:00,12.7219,2.02966,1.64548,11.0764,,,0.009131,47.388
2025-11-02 22:00:00,11.4552,2.0463,0.714231,10.7409,,,0.006897,35.379
2025-11-02 23:00:00,4.5688,0.9123,0.280207,4.28859,,,0.004657,15.48
2025-11-03 00:00:00,1.83949,0.40464,0.118588,1.72091,,,0.003307,8.038
2025-11-03 01:00:00,1.40062,0.365889,0.123322,1.2773,,,0.003134,5.868
2025-11-03 02:00:00,0.4641,0.133669,0.048233,0.415867,,,0.002676,3.654
2025-11-03 03:00:00,0.803937,0.224438,0.033803,0.770134,,,0.002519,3.224
2025-11-03 04:00:00,1.7972,0.490501,0.147906,1.64929,,,0.002991,5.748
2025-11-03 05:00:00,3.16797,0.788837,0.114135,3.05383,,,0.003601,8.735
2025-11-03 06:00:00,8.10003,1.36135,0.383991,7.71604,,,0.005989,22.75
2025-11-03 07:00:00,18.1522,1.27959,3.70931,14.4429,,,0.009137,54.693
2025-11-03 08:00:00,41.2701,1.60822,11.5514,29.7187,,,0.014381,105.115
2025-11-03 09:00:00,44.3791,1.4326,3.79187,40.5872,,,0.020716,165.932
2025-11-03 10:00:00,47.8388,1.40496,3.59948,44.2393,,,0.021848,180.378
2025-11-03 11:00:00,42.7152,1.42822,3.74798,38.9672,,,0.020437,163.344
2025-11-03 12:00:00,38.475,2.0014,4.41593,34.059,,,0.018893,136.951
2025-11-03 13:00:00,36.4377,1.63589,3.2606,33.1771,,,0.019273,135.985
2025-11-03 14:00:00,34.2511,1.21717,3.0218,31.2293,,,0.01847,137.661
2025-11-03 15:00:00,38.5835,1.38203,2.49134,36.0922,,,0.019347,146.323
2025-11-03 16:00:00,31.6394,1.295,2.49944,29.14,,,0.017721,122.786
2025-11-03 17:00:00,29.9332,1.49129,4.20269,25.7305,,,0.016296,112.139
2025-11-03 18:00:00,24.5031,1.59567,2.32453,22.1786,,,0.0149,102.161
2025-11-03 19:00:00,23.5457,1.89671,2.49758,21.0481,,,0.014272,89.138
2025-11-03 20:00:00,20.1169,1.85272,1.66293,18.4539,,,0.012003,71.738
2025-11-03 21:00:00,15.568,1.6597,1.45007,14.118,,,0.009262,58.988
2025-11-03 22:00:00,10.9602,1.284,1.15332,9.80689,,,0.007559,42.398
2025-11-03 23:00:00,6.53271,0.964096,0.76574,5.76697,,,0.005338,25.344
2025-11-04 00:00:00,4.04816,0.729924,0.928,3.12016,,,0.004448,18.6
2025-11-04 01:00:00,4.74254,1.08277,0.630063,4.11247,,,0.003733,13.275
2025-11-04 02:00:00,3.2696,0.698633,0.320614,2.94899,,,0.003305,9.411
2025-11-04 03:00:00,2.38756,0.582333,0.260788,2.12677,,,0.003092,8.76
2025-11-04 04:00:00,3.62231,0.835017,0.778634,2.84367,,,0.003454,8.816
2025-11-04 05:00:00,4.49456,0.79297,0.242188,4.25237,,,0.004475,14.367
2025-11-04 06:00:00,9.76569,1.13952,0.692507,9.07319,,,0.00737,33.097
2025-11-04 07:00:00,17.5137,1.15222,1.391,16.1227,,,0.009766,56.046
2025-11-04 08:00:00,31.8228,1.26131,2.61315,29.2096,,,0.01669,118.641
2025-11-04 09:00:00,55.6954,1.7466,3.42212,52.2733,,,0.021284,184.332
2025-11-04 10:00:00,56.1917,1.59382,3.94,52.2517,,,0.023199,208.902
2025-11-04 11:00:00,54.2738,1.84429,3.82118,50.4526,,,0.022818,182.765
2025-11-04 12:00:00,37.5136,1.78347,3.16602,34.3475,,,0.018338,133.113
2025-11-04 13:00:00,43.688,1.62542,3.30656,40.3814,,,0.019553,151.466
2025-11-04 14:00:00,46.5504,1.5522,3.63595,42.9145,,,0.0204,163.686
2025-11-04 15:00:00,39.6638,1.43981,3.77772,35.886,,,0.019498,152.342
2025-11-04 16:00:00,37.6428,1.56207,3.35653,34.2863,,,0.019721,147.456
2025-11-04 17:00:00,28.2036,1.52915,3.34335,24.8603,,,0.017929,122.45
2025-11-04 18:00:00,24.6048,1.64559,3.07068,21.5341,,,0.015644,103.348
2025-11-04 19:00:00,21.6199,1.74947,3.02729,18.5926,,,0.014651,91.957
2025-11-04 20:00:00,20.34,1.96636,3.47765,16.8624,,,0.011834,78.985
2025-11-04 21:00:00,13.8216,1.61392,0.981752,12.8399,,,0.009283,57.419
2025-11-04 22:00:00,9.89271,1.18789,1.02624,8.86646,,,0.006192,31.717
2025-11-04 23:00:00,3.33205,0.46576,0.51456,2.81749,,,0.004442,14.529
2025-11-05 00:00:00,2.22853,0.432388,0.113554,2.11497,,,0.003447,6.914
2025-11-05 01:00:00,1.97945,0.38302,0.142828,1.83662,,,0.003432,8.795
2025-11-05 02:00:00,2.70736,0.589068,0.126191,2.58116,,,0.0036,7.377
2025-11-05 03:00:00,4.032,0.874241,0.173126,3.85887,,,0.003642,10.825
2025-11-05 04:00:00,2.1823,0.485387,0.111664,2.07063,,,0.003184,7.415
2025-11-05 05:00:00,3.71441,0.649146,0.179131,3.53528,,,0.003628,11.053
2025-11-05 06:00:00,5.30077,0.6593,0.295866,5.0049,,,0.00558,15.79
2025-11-05 07:00:00,19.3831,1.30123,1.10198,18.2811,,,0.009791,62.872
2025-11-05 08:00:00,35.0667,1.32798,3.34138,31.7254,,,0.015779,121.82
2025-11-05 09:00:00,50.9195,1.61342,3.306,47.6135,,,0.020546,175.191
2025-11-05 10:00:00,40.1989,1.6933,3.21193,36.987,,,0.022169,140.836
2025-11-05 11:00:00,43.9084,1.59899,2.64026,41.2681,,,0.019361,148.219
2025-11-05 12:00:00,28.9462,1.55491,3.1483,25.7979,,,0.014166,102.212
2025-11-05 13:00:00,38.9875,1.85496,2.39463,36.5929,,,0.01591,117.262
2025-11-05 14:00:00,51.5053,1.98113,2.87297,48.6324,,,0.019267,145.337
2025-11-05 15:00:00,42.2917,1.75382,3.12602,39.1657,,,0.018281,137.961
2025-11-05 16:00:00,28.1277,1.30863,2.8783,25.2494,,,0.014805,105.801
2025-11-05 17:00:00,19.5979,1.34453,1.26331,18.3346,,,0.010807,73.423
2025-11-05 18:00:00,19.0711,1.84798,1.58273,17.4884,,,0.010132,67.472
2025-11-05 19:00:00,14.4279,1.62733,1.16977,13.2582,,,0.0094,56.89
2025-11-05 20:00:00,15.9288,1.96458,1.24473,14.6841,,,0.009124,54.994
2025-11-05 21:00:00,10.7061,1.25954,1.11109,9.59499,,,0.007226,40.898
2025-11-05 22:00:00,8.5411,1.0817,0.5729,7.9681,,,0.0061,34.872
2025-11-05 23:00:00,6.87158,1.18516,1.42233,5.44925,,,0.004854,19.492
2025-11-06 00:00:00,6.06563,1.34195,0.22652,5.83911,,,0.004087,14.535
2025-11-06 01:00:00,2.54622,0.634969,0.151974,2.39425,,,0.003052,8.683
2025-11-06 02:00:00,2.17315,0.578274,0.104658,2.0685,,,0.002993,7.435
2025-11-06 03:00:00,2.96839,0.827773,0.118727,2.84967,,,0.003094,8.895
2025-11-06 04:00:00,3.27126,0.896235,0.176619,3.09464,,,0.003112,8.422
2025-11-06 05:00:00,3.71051,0.894531,0.190924,3.51959,,,0.003323,7.946
2025-11-06 06:00:00,9.4299,1.40955,0.529489,8.90042,,,0.005247,27.884
2025-11-06 07:00:00,19.722,1.40771,2.04403,17.678,,,0.009446,62.435
2025-11-06 08:00:00,34.3292,1.37725,2.59104,31.7382,,,0.016851,125.581
2025-11-06 09:00:00,56.1757,1.56044,4.95845,51.2172,,,0.023262,238.066
2025-11-06 10:00:00,65.2737,1.61986,5.78887,59.4848,,,0.024865,251.115
2025-11-06 11:00:00,52.1068,1.53599,3.48205,48.6247,,,0.021295,194.926
2025-11-06 12:00:00,35.8592,1.74006,2.71457,33.1446,,,0.016426,91.243
2025-11-06 13:00:00,36.9834,1.60937,2.59046,34.3929,,,0.016485,135.748
2025-11-06 14:00:00,45.9916,1.4246,3.34329,42.6483,,,0.020599,185.439
2025-11-06 15:00:00,55.9511,1.7023,4.23363,51.7175,,,0.022147,194.859
2025-11-06 16:00:00,42.5416,1.58089,3.69134,38.8503,,,0.018484,148.416
2025-11-06 17:00:00,20.3003,1.23002,1.64349,18.6568,,,0.012833,85.696
2025-11-06 18:00:00,22.0026,1.70457,2.84093,19.1616,,,0.012946,87.611
2025-11-06 19:00:00,22.0224,1.90539,2.82985,19.1926,,,0.013794,87.82
2025-11-06 20:00:00,24.6966,2.49259,1.7923,22.9043,,,0.011906,77.092
2025-11-06 21:00:00,14.229,1.6374,1.38673,12.8423,,,0.009191,65.856
2025-11-06 22:00:00,11.4837,1.53484,1.4851,9.99856,,,0.007829,42.645
2025-11-06 23:00:00,9.7144,1.60834,0.921753,8.79265,,,0.006157,29.925
2025-11-07 00:00:00,8.31877,1.72446,1.00517,7.3136,,,0.004353,17.252
2025-11-07 01:00:00,6.36282,1.66653,0.314531,6.04829,,,0.003878,11.13
2025-11-07 02:00:00,6.89554,1.6418,0.202486,6.69306,,,0.003807,12.85
2025-11-07 03:00:00,2.72931,0.571464,0.497329,2.23198,,,0.003064,8.43
2025-11-07 04:00:00,3.0522,0.6124,0.118334,2.93387,,,0.002994,7.118
2025-11-07 05:00:00,3.00703,0.600686,0.125527,2.88151,,,0.003266,9.715
2025-11-07 06:00:00,8.35057,1.36715,0.406686,7.94389,,,0.005776,32.399
2025-11-07 07:00:00,18.828,1.31261,1.49046,17.3376,,,0.00978,59.36
2025-11-07 08:00:00,37.4683,1.41155,3.20813,34.2601,,,0.017902,135.132
2025-11-07 09:00:00,58.011,1.61447,4.77037,53.2406,,,0.022973,232.929
2025-11-07 10:00:00,68.6701,1.80246,6.70932,61.9608,,,0.025488,273.725
2025-11-07 11:00:00,60.245,1.88395,4.83577,55.4092,,,0.023407,231.969
2025-11-07 12:00:00,43.6221,1.74908,4.70147,38.9206,,,0.019646,157.916
2025-11-07 13:00:00,45.8311,1.79814,3.75153,42.0796,,,0.019464,159.322
2025-11-07 14:00:00,54.1227,1.76687,4.05689,50.0658,,,0.023115,196.042
2025-11-07 15:00:00,50.091,1.82176,4.4154,45.6756,,,0.021598,173.057
2025-11-07 16:00:00,26.6269,1.22943,1.95652,24.6704,,,0.015971,109.928
2025-11-07 17:00:00,25.3375,1.57964,2.33852,22.999,,,0.015203,102.933
2025-11-07 18:00:00,21.8079,1.87999,2.77835,19.0295,,,0.013847,86.211
2025-11-07 19:00:00,19.1871,2.0045,2.54992,16.6372,,,0.013421,81.331
2025-11-07 20:00:00,18.6085,2.07267,2.09129,16.5172,,,0.011623,71.265
2025-11-07 21:00:00,16.6155,2.2054,1.66578,14.9497,,,0.009719,64.285
2025-11-07 22:00:00,11.6846,1.5967,1.21978,10.4649,,,0.006759,45.479
2025-11-07 23:00:00,8.39034,1.36784,0.685206,7.70514,,,0.005288,26.15
2025-11-08 00:00:00,4.96547,1.03104,0.329525,4.63595,,,0.004153,15.325
2025-11-08 01:00:00,1.60642,0.374458,0.095635,1.51079,,,0.003321,8.64
2025-11-08 02:00:00,2.08769,0.49331,0.123515,1.96417,,,0.003647,9.102
2025-11-08 03:00:00,3.355,0.840854,0.137766,3.21724,,,0.003511,9.51
2025-11-08 04:00:00,5.03778,1.12955,0.136569,4.90121,,,0.003285,8.859
2025-11-08 05:00:00,2.65143,0.546011,0.165134,2.4863,,,0.003215,9.25
2025-11-08 06:00:00,8.12685,1.25881,0.44,7.68685,,,0.005742,30.36
2025-11-08 07:00:00,21.7828,1.73679,1.52813,20.2547,,,0.009563,69.19
2025-11-08 08:00:00,48.6757,1.90303,2.78988,45.8858,,,0.019118,150.356
2025-11-08 09:00:00,67.5278,2.13291,5.05809,62.4697,,,0.025,215.814
2025-11-08 10:00:00,66.7636,2.0202,4.50849,62.2551,,,0.026902,232.481
2025-11-08 11:00:00,60.2479,2.18226,4.87765,55.3702,,,0.024245,189.964
2025-11-08 12:00:00,41.9791,2.17666,3.56572,38.4134,,,0.018024,146.71
2025-11-08 13:00:00,45.724,2.24335,2.96564,42.7584,,,0.017195,135.054
2025-11-08 14:00:00,45.2526,1.88836,3.96484,41.2877,,,0.019145,153.786
2025-11-08 15:00:00,50.9238,2.22006,3.65094,47.2728,,,0.020493,159.475
2025-11-08 16:00:00,36.5001,1.89651,2.68617,33.814,,,0.016109,118.99
2025-11-08 17:00:00,21.2823,1.6575,2.05112,19.2312,,,0.011659,82.854
2025-11-08 18:00:00,16.9013,1.67506,1.58294,15.3184,,,0.01071,64.154
2025-11-08 19:00:00,11.8028,1.84304,1.3864,10.4164,,,0.009608,44.607
2025-11-08 20:00:00,17.4266,2.34987,1.76383,15.6628,,,0.009799,61.866
2025-11-08 21:00:00,17.0468,2.37486,1.8359,15.2109,,,0.008704,62.55
2025-11-08 22:00:00,12.2019,1.92095,0.951174,11.2507,,,0.007279,43.926
2025-11-08 23:00:00,7.09565,1.39678,0.368764,6.72689,,,0.005392,15.385
2025-11-09 00:00:00,2.3807,0.542053,0.12483,2.25587,,,0.003594,11.794
2025-11-09 01:00:00,2.3121,0.665162,0.119469,2.19264,,,0.003386,10.978
2025-11-09 02:00:00,2.49972,0.640297,0.16839,2.33133,,,0.003793,14.388
2025-11-09 03:00:00,2.80818,0.697858,0.127308,2.68087,,,0.003849,9.279
2025-11-09 04:00:00,2.19864,1.1633,0.083904,2.11474,,,0.003588,5.131
2025-11-09 05:00:00,2.8314,0.8728,0.1344,2.6969,,,0.0038,11.367
2025-11-09 06:00:00,4.4705,0.912,0.2751,4.1954,,,0.0052,15.624
2025-11-09 07:00:00,24.3072,2.2586,1.1781,23.1291,,,0.0101,61.793
2025-11-09 08:00:00,44.1392,1.7021,2.974,41.1652,,,0.0182,141.525
2025-11-09 09:00:00,72.0158,2.2142,5.3113,66.7045,,,0.0256,225.43
2025-11-09 10:00:00,69.9827,2.2392,4.8057,65.177,,,0.0263,234.695
2025-11-09 11:00:00,58.981,2.3704,4.8785,54.1025,,,0.0224,185.355
2025-11-09 12:00:00,29.5224,2.2348,3.226,26.2963,,,0.013,99.619
2025-11-09 13:00:00,35.807,1.737,2.998,32.809,,,0.0167,94.344
2025-11-09 14:00:00,56.2259,2.0267,4.6315,51.5944,,,0.0219,169.079
2025-11-09 15:00:00,47.1904,1.9957,3.2129,43.9775,,,0.0207,155.113
2025-11-09 16:00:00,38.8874,2.2473,3.2665,35.6208,,,0.02,128.528
2025-11-09 17:00:00,27.1568,2.3504,2.8,24.3568,,,0.0141,88.636
2025-11-09 18:00:00,19.7287,2.246,2.7211,17.0076,,,0.0126,76.931
2025-11-09 19:00:00,18.8915,2.5337,2.4706,16.4209,,,0.0123,70.224
2025-11-09 20:00:00,15.7863,2.2939,1.8899,13.8963,,,0.0096,65.195
2025-11-09 21:00:00,12.7219,2.0297,1.6455,11.0764,,,0.0091,47.388
2025-11-09 22:00:00,11.4552,2.0463,0.7142,10.7409,,,0.0069,35.379
2025-11-09 23:00:00,4.5688,0.9123,0.2802,4.2886,,,0.0047,15.48
2025-11-10 00:00:00,1.8395,0.4046,0.1186,1.7209,,,0.0033,8.038
2025-11-10 01:00:00,1.4006,0.3659,0.1233,1.2773,,,0.0031,5.868
2025-11-10 02:00:00,0.4641,0.1337,0.0482,0.4159,,,0.0027,3.654
2025-11-10 03:00:00,0.8039,0.2244,0.0338,0.7701,,,0.0025,3.224
2025-11-10 04:00:00,1.7972,0.4905,0.1479,1.6493,,,0.003,5.748
2025-11-10 05:00:00,3.168,0.7888,0.1141,3.0538,,,0.0036,8.735
2025-11-10 06:00:00,8.1,1.3613,0.384,7.716,,,0.006,22.75
2025-11-10 07:00:00,18.1522,1.2796,3.7093,14.4429,,,0.0091,54.693
2025-11-10 08:00:00,19.9558,1.36949,3.41194,16.5438,,,0.010795,69.5944
2025-11-10 09:00:00,21.7593,1.45937,3.11457,18.6448,,,0.01249,84.4958
2025-11-10 10:00:00,23.5629,1.54926,2.81721,20.7457,,,0.014185,99.3972
2025-11-10 11:00:00,,,,,,,,
2025-11-10 12:00:00,27.1701,1.72904,2.22248,24.9476,,,0.017575,129.2
2025-11-10 13:00:00,39.43,1.72984,2.63175,36.7982,,,0.017716,140.327
2025-11-10 14:00:00,32.2157,1.18153,2.88283,29.3329,,,0.017195,131.68
2025-11-10 15:00:00,41.5556,1.65877,2.56701,38.9886,,,0.018484,142.759
2025-11-10 16:00:00,34.6058,1.42552,2.5062,32.0996,,,0.018445,135.545
2025-11-10 17:00:00,30.4213,1.57639,3.76622,26.655,,,0.016833,116.658
2025-11-10 18:00:00,21.3516,1.53146,3.44505,17.9065,,,0.014569,94.352
2025-11-10 19:00:00,18.644,1.59405,2.66159,15.9824,,,0.013577,90.082
2025-11-10 20:00:00,14.5269,1.55169,2.2308,12.2961,,,0.010768,68.372
2025-11-10 21:00:00,10.6225,1.25739,0.909405,9.71306,,,0.008446,46.524
2025-11-10 22:00:00,10.8732,1.40444,0.867461,10.0057,,,0.00772,41.078
2025-11-10 23:00:00,10.7052,1.72888,0.425195,10.28,,,0.005598,23.529
2025-11-11 00:00:00,7.34267,1.35624,0.220537,7.12213,,,0.004268,17.036
2025-11-11 01:00:00,2.83548,0.591216,0.128002,2.70747,,,0.003241,9.475
2025-11-11 02:00:00,1.9831,0.434319,0.126094,1.85701,,,0.00302,9.037
2025-11-11 03:00:00,2.66475,0.557946,0.125231,2.53952,,,0.003162,9.265
2025-11-11 04:00:00,1.39833,0.269532,0.091661,1.30667,,,0.003333,9.494
2025-11-11 05:00:00,2.07611,0.42163,0.124272,1.95183,,,0.003926,11.346
2025-11-11 06:00:00,6.32663,0.921712,0.474131,5.8525,,,0.00577,27.065
2025-11-11 07:00:00,16.499,1.15799,0.970421,15.5285,,,0.009407,56.411
2025-11-11 08:00:00,39.0331,1.52414,2.5236,36.5095,,,0.017259,129.665
2025-11-11 09:00:00,50.9438,1.67976,3.81853,47.1253,,,0.021782,191.259
2025-11-11 10:00:00,55.3304,1.70101,3.62172,51.7087,,,0.022708,194.446
2025-11-11 11:00:00,47.4107,1.70554,3.89531,43.5154,,,0.021283,166.931
2025-11-11 12:00:00,45.9454,2.07447,4.17414,41.7713,,,0.018808,133.785
2025-11-11 13:00:00,34.8184,1.3914,3.19556,31.6229,,,0.017577,131.28
2025-11-11 14:00:00,41.8172,1.49604,3.27029,38.5469,,,0.019504,155.048
2025-11-11 15:00:00,31.4266,1.24128,2.47415,28.9525,,,0.018443,133.801
2025-11-11 16:00:00,30.0525,1.29805,3.41475,26.6377,,,0.017641,131.784
2025-11-11 17:00:00,19.7447,1.20233,2.27007,17.4746,,,0.014051,87.534
2025-11-11 18:00:00,20.5638,1.8253,2.94101,17.6228,,,0.013418,81.566
2025-11-11 19:00:00,14.6777,1.44636,2.38781,12.2899,,,0.011699,68.665
2025-11-11 20:00:00,14.8779,1.63349,2.44004,12.4378,,,0.012135,65.479
2025-11-11 21:00:00,15.5953,2.11893,2.25502,13.3403,,,0.010701,61.917
2025-11-11 22:00:00,13.4993,2.06095,1.85409,11.6452,,,0.008759,48.67
2025-11-11 23:00:00,9.24553,1.70205,0.652347,8.59319,,,0.006589,35.805
2025-11-12 00:00:00,6.67701,1.52722,0.331613,6.34539,,,0.004914,21.448
2025-11-12 01:00:00,5.00079,1.12478,0.221757,4.77904,,,0.004126,14.105
2025-11-12 02:00:00,6.68843,1.67882,0.195039,6.49339,,,0.003927,11.415
2025-11-12 03:00:00,6.44759,1.59831,0.159658,6.28793,,,0.003859,11.467
2025-11-12 04:00:00,5.8208,1.42109,0.172638,5.64816,,,0.003772,12.492
2025-11-12 05:00:00,2.55416,0.586894,0.163019,2.39114,,,0.00386,9.182
2025-11-12 06:00:00,9.77061,1.56832,0.468069,9.30254,,,0.006523,28.24
2025-11-12 07:00:00,18.7998,1.4279,1.2652,17.5346,,,0.010196,65.009
2025-11-12 08:00:00,28.67,1.14625,1.97281,26.6972,,,0.015528,113.132
2025-11-12 09:00:00,46.5647,1.58588,3.04758,43.5171,,,0.01882,159.815
2025-11-12 10:00:00,46.7423,1.39546,3.99191,42.7504,,,0.021776,179.059
2025-11-12 11:00:00,41.7525,1.45307,3.69261,38.0599,,,0.020041,168.313
2025-11-12 12:00:00,36.5197,1.76954,2.52396,33.9957,,,0.016885,127.306
2025-11-12 13:00:00,38.9698,1.75098,2.75712,36.2127,,,0.017219,133.049
2025-11-12 14:00:00,36.021,1.56845,2.45951,33.5615,,,0.017549,130.395
2025-11-12 15:00:00,41.1907,1.81377,5.00926,36.1814,,,0.018421,136.931
2025-11-12 16:00:00,33.1683,1.48073,2.55611,30.6121,,,0.018487,136.933
2025-11-12 17:00:00,30.7895,1.86377,2.71768,28.0718,,,0.016033,110.933
2025-11-12 18:00:00,25.3377,2.10621,3.88511,21.4526,,,0.015047,109.119
2025-11-12 19:00:00,22.3868,2.20517,2.59918,19.7877,,,0.013528,83.078
2025-11-12 20:00:00,23.4904,2.82745,2.39333,21.0971,,,0.013392,87.873
2025-11-12 21:00:00,13.6886,1.89646,1.19909,12.4895,,,0.009219,59.03
2025-11-12 22:00:00,10.8691,1.56615,0.759483,10.1096,,,0.007456,50.256
2025-11-12 23:00:00,16.3161,2.87357,9.15499,7.16112,,,0.006223,36.127
2025-11-13 00:00:00,2.6873,0.542451,0.187847,2.49945,,,0.004044,14.7
2025-11-13 01:00:00,2.07181,0.468312,0.12456,1.94725,,,0.003184,7.759
2025-11-13 02:00:00,2.36294,0.542955,0.096572,2.26637,,,0.003104,7.167
2025-11-13 03:00:00,3.3523,0.744956,0.145635,3.20667,,,0.003737,10.991
2025-11-13 04:00:00,1.2446,0.272581,0.065541,1.17906,,,0.003225,5.89
2025-11-13 05:00:00,1.82279,0.420578,0.115147,1.70764,,,0.003117,7.504
2025-11-13 06:00:00,7.96345,1.18293,0.49711,7.46634,,,0.005341,27.227
2025-11-13 07:00:00,18.5539,1.31625,1.35899,17.1949,,,0.010131,59.957
2025-11-13 08:00:00,33.8312,1.30915,2.50289,31.3283,,,0.0164,122.061
2025-11-13 09:00:00,48.3918,1.58807,3.05857,45.3332,,,0.021175,176.52
2025-11-13 10:00:00,53.1934,1.65043,4.32992,48.8635,,,0.022248,193.52
2025-11-13 11:00:00,46.7623,1.74226,3.52285,43.2394,,,0.02022,156.185
2025-11-13 12:00:00,31.7664,1.81876,3.62131,28.1451,,,0.01633,116.798
2025-11-13 13:00:00,34.8541,1.74062,3.68362,31.1705,,,0.017038,128.7
2025-11-13 14:00:00,37.516,1.52628,3.11067,34.4054,,,0.017902,139.944
2025-11-13 15:00:00,42.9652,1.6744,3.06222,39.903,,,0.0197,156.78
2025-11-13 16:00:00,36.4693,1.69074,3.53979,32.9295,,,0.018597,131.963
2025-11-13 17:00:00,26.2172,1.52213,2.44877,23.7684,,,0.014674,103.943
2025-11-13 18:00:00,23.7691,1.85783,2.60902,21.1601,,,0.013823,89.736
2025-11-13 19:00:00,26.8977,2.72575,3.48715,23.4105,,,0.012852,85.959
2025-11-13 20:00:00,24.165,2.60511,2.97694,21.1881,,,0.012861,87.786
2025-11-13 21:00:00,16.6362,2.20816,2.06373,14.5725,,,0.009627,63.944
2025-11-13 22:00:00,14.4178,1.96428,0.870327,13.5475,,,0.008387,45.458
2025-11-13 23:00:00,7.97145,1.37962,0.821553,7.1499,,,0.006535,37.387
2025-11-14 00:00:00,7.94169,1.65936,0.312675,7.62902,,,0.005011,22.303
2025-11-14 01:00:00,4.85365,1.16227,0.177981,4.67567,,,0.003822,12.647
2025-11-14 02:00:00,1.22369,0.338223,0.106703,1.11699,,,0.002821,5.122
2025-11-14 03:00:00,2.20835,0.568869,0.120415,2.08793,,,0.003324,7.683
2025-11-14 04:00:00,2.44124,0.622766,0.170402,2.27084,,,0.003815,11.689
2025-11-14 05:00:00,3.71824,0.840091,0.340076,3.37817,,,0.004413,15.739
2025-11-14 06:00:00,9.66491,1.47511,0.758671,8.90624,,,0.00571,26.195
2025-11-14 07:00:00,19.333,1.41863,1.02113,18.3119,,,0.009207,57.987
2025-11-14 08:00:00,38.4042,1.5595,2.82443,35.5797,,,0.017054,134.345
2025-11-14 09:00:00,60.4443,1.98882,5.71178,54.7326,,,0.022823,196.207
2025-11-14 10:00:00,60.5234,1.92725,4.86786,55.6556,,,0.024292,217.055
2025-11-14 11:00:00,54.5147,2.09077,4.18452,50.3302,,,0.022063,176.532
2025-11-14 12:00:00,35.9085,1.84772,2.8588,33.0497,,,0.014928,118.378
2025-11-14 13:00:00,41.1191,1.84061,2.5878,38.5313,,,0.018342,143.576
2025-11-14 14:00:00,44.6722,1.67525,3.79614,40.8761,,,0.021041,171.428
2025-11-14 15:00:00,41.6141,1.72701,3.0004,38.6137,,,0.018934,145.24
2025-11-14 16:00:00,31.0746,1.38788,3.06071,28.0139,,,0.016824,124.44
2025-11-14 17:00:00,26.7472,1.90697,2.29822,24.449,,,0.013576,91.617
2025-11-14 18:00:00,20.6983,2.14047,2.43045,18.2679,,,0.011463,77.173
2025-11-14 19:00:00,25.8993,3.13096,2.80694,23.0924,,,0.011866,82.37
2025-11-14 20:00:00,21.9075,2.94932,2.4565,19.451,,,0.010352,72.989
2025-11-14 21:00:00,19.4158,2.84023,1.81179,17.6041,,,0.010341,69.163
2025-11-14 22:00:00,14.1521,1.95416,0.999039,13.153,,,0.007911,49.377
2025-11-14 23:00:00,7.59928,1.40571,0.680246,6.91904,,,0.005277,23.325
2025-11-15 00:00:00,6.02601,1.42123,0.242765,5.78324,,,0.004495,17.497
2025-11-15 01:00:00,5.91847,1.64952,0.262567,5.6559,,,0.00445,14.298
2025-11-15 02:00:00,3.71386,1.20973,0.557693,3.15617,,,0.003484,10.938
2025-11-15 03:00:00,2.90925,0.910848,0.142507,2.76674,,,0.003322,10.493
2025-11-15 04:00:00,3.28073,0.858381,0.145827,3.13491,,,0.003239,9.684
2025-11-15 05:00:00,4.76891,1.32617,0.200806,4.56811,,,0.003919,13.425
2025-11-15 06:00:00,10.086,1.86917,0.53669,9.54935,,,0.005688,31.847
2025-11-15 07:00:00,22.4239,1.81982,1.92218,20.5017,,,0.009169,67.933
2025-11-15 08:00:00,50.4583,1.96949,3.80706,46.6513,,,0.020123,156.115
2025-11-15 09:00:00,66.8332,2.24363,4.52956,62.3037,,,0.025406,221.439
2025-11-15 10:00:00,71.7845,2.2328,5.48488,66.2996,,,0.027165,240.937
2025-11-15 11:00:00,54.3771,1.93844,5.47835,48.8988,,,0.023921,190.79
2025-11-15 12:00:00,46.7473,2.35384,7.1164,39.6309,,,0.018822,145.568
2025-11-15 13:00:00,47.506,1.95241,5.10936,42.3967,,,0.020677,159.864
2025-11-15 14:00:00,49.0532,1.89732,3.59832,45.4549,,,0.020331,170.281
2025-11-15 15:00:00,45.594,1.97496,3.32465,42.2693,,,0.019816,156.323
2025-11-15 16:00:00,38.0157,2.05158,3.37884,34.6369,,,0.017,124.675
2025-11-15 17:00:00,26.1343,2.13935,2.7289,23.4054,,,0.012175,88.363
2025-11-15 18:00:00,23.6655,2.59775,3.66376,20.0017,,,0.010967,74.755
2025-11-15 19:00:00,20.6689,2.96116,2.15098,18.5179,,,0.011364,82.34
2025-11-15 20:00:00,19.1569,2.73514,1.87916,17.2778,,,0.010005,76.464
2025-11-15 21:00:00,21.1272,3.49672,2.30156,18.8256,,,0.010373,71.692
2025-11-15 22:00:00,12.8199,2.41612,1.06541,11.7545,,,0.008068,48.983
2025-11-15 23:00:00,8.17559,1.9013,0.575557,7.60003,,,0.006766,36.602
2025-11-16 00:00:00,7.06539,1.95501,0.302285,6.76311,,,0.005187,21.226
2025-11-16 01:00:00,3.69732,1.13834,0.138745,3.55857,,,0.00418,11.42
2025-11-16 02:00:00,3.1747,1.0682,0.136111,3.03859,,,0.003374,9.323
2025-11-16 03:00:00,2.4666,0.868522,0.110727,2.35588,,,0.003224,7.845
2025-11-16 04:00:00,3.686,1.06965,0.136087,3.54991,,,0.003845,9.406
2025-11-16 05:00:00,5.07284,1.27522,0.203794,4.86905,,,0.004295,15.365
2025-11-16 06:00:00,7.54688,1.27653,0.356208,7.19067,,,0.005219,23.276
2025-11-16 07:00:00,19.8742,1.74549,1.36558,18.5086,,,0.008641,58.399
2025-11-16 08:00:00,49.1558,2.34634,3.84116,45.3147,,,0.01894,147.001
2025-11-16 09:00:00,65.8616,2.59032,4.60475,61.2569,,,0.022905,183.936
2025-11-16 10:00:00,53.9668,2.12736,4.13416,49.8326,,,0.021459,178.506
2025-11-16 11:00:00,43.1241,2.26945,3.89347,39.2306,,,0.018542,141.305
2025-11-16 12:00:00,30.5243,2.73614,2.83558,27.6888,,,0.013328,90.647
2025-11-16 13:00:00,36.2706,2.24419,3.03663,33.234,,,0.015642,112.043
2025-11-16 14:00:00,47.7496,2.5805,3.43768,44.3119,,,0.018751,135.826
2025-11-16 15:00:00,46.316,2.62562,3.92709,42.3889,,,0.01884,140.57
2025-11-16 16:00:00,31.009,2.01961,3.22196,27.7871,,,0.013752,102.78
2025-11-16 17:00:00,25.9286,2.7322,2.29182,23.6368,,,0.011557,83.103
2025-11-16 18:00:00,22.3673,2.88387,4.37769,17.9896,,,0.011363,73.122
2025-11-16 19:00:00,19.7474,2.95089,3.15411,16.5933,,,0.011412,66.412
2025-11-16 20:00:00,15.4212,2.53138,1.6932,13.728,,,0.009169,57.837
2025-11-16 21:00:00,16.6742,3.17482,1.08055,15.5936,,,0.008423,57.74
2025-11-16 22:00:00,11.5358,2.56579,0.702742,10.833,,,0.007286,44.418
2025-11-16 23:00:00,8.25396,2.04104,0.348275,7.90568,,,0.005594,22.673
2025-11-17 00:00:00,3.89159,1.19889,0.171726,3.71987,,,0.004224,13.667
2025-11-17 01:00:00,3.187,1.02674,0.144853,3.04215,,,0.003438,7.584
2025-11-17 02:00:00,1.98818,0.645514,0.07724,1.91094,,,0.003071,8.098
2025-11-17 03:00:00,1.96863,0.579349,0.101096,1.86753,,,0.003041,8.48
2025-11-17 04:00:00,1.27198,0.384053,0.052804,1.21918,,,0.002671,5.215
2025-11-17 05:00:00,4.2732,1.16499,0.202258,4.07094,,,0.003818,12.346
2025-11-17 06:00:00,5.86049,1.24585,0.348545,5.51195,,,0.004867,20.738
2025-11-17 07:00:00,16.5222,1.31798,1.04492,15.4773,,,0.008767,58.741
2025-11-17 08:00:00,30.182,1.34405,2.50319,27.6788,,,0.014818,103.827
2025-11-17 09:00:00,42.7864,1.52297,3.3481,39.4383,,,0.018977,153.49
2025-11-17 10:00:00,45.6516,1.46253,3.12618,42.5254,,,0.021114,167.531
2025-11-17 11:00:00,36.8069,1.32171,3.27866,33.5282,,,0.018907,145.286
2025-11-17 12:00:00,35.9548,1.87323,3.08733,32.8675,,,0.018244,135.893
2025-11-17 13:00:00,33.7014,1.50897,2.18608,31.5153,,,0.01716,126.105
2025-11-17 14:00:00,36.4712,1.34392,2.54299,33.9282,,,0.018175,138.343
2025-11-17 15:00:00,42.6029,1.70452,2.79869,39.8042,,,0.019451,146.364
2025-11-17 16:00:00,35.3769,1.62324,2.32234,33.0546,,,0.017442,119.543
2025-11-17 17:00:00,24.1451,1.57832,2.89669,21.2484,,,0.014701,89.249
2025-11-17 18:00:00,20.5544,2.09825,3.60381,16.9506,,,0.013757,58.008
2025-11-17 19:00:00,18.1448,1.86215,2.52373,15.6211,,,0.01337,71.441
2025-11-17 20:00:00,17.9483,2.24018,2.18027,15.7681,,,0.012782,77.07
2025-11-17 21:00:00,18.6694,2.72945,2.05317,16.6162,,,0.011854,69.387
2025-11-17 22:00:00,12.9034,1.92016,1.16973,11.7337,,,0.007482,46.494
2025-11-17 23:00:00,7.97278,1.3652,0.796752,7.17603,,,0.005666,29.882
2025-11-18 00:00:00,4.77295,1.09021,0.226577,4.54637,,,0.004221,16.964
2025-11-18 01:00:00,2.69442,0.705714,0.13153,2.56289,,,0.003475,8.565
2025-11-18 02:00:00,1.87601,0.468534,0.081268,1.79474,,,0.003145,7.092
2025-11-18 03:00:00,2.27088,0.550916,0.126317,2.14456,,,0.003035,7.33
2025-11-18 04:00:00,1.83145,0.539614,0.085587,1.74586,,,0.002791,7.31
2025-11-18 05:00:00,2.41208,0.599126,0.186755,2.22532,,,0.004053,14.529
2025-11-18 06:00:00,8.36684,1.31803,0.60174,7.76509,,,0.005785,32.17
2025-11-18 07:00:00,18.526,1.345,1.5311,16.9949,,,0.00954,66.76
2025-11-18 08:00:00,33.0542,1.30145,2.94448,30.1097,,,0.016837,122.505
2025-11-18 09:00:00,47.9597,1.57918,4.50883,43.4508,,,0.021857,189.61
2025-11-18 10:00:00,53.091,1.66283,4.10887,48.9821,,,0.022276,194.232
2025-11-18 11:00:00,46.7681,1.80711,4.14556,42.6225,,,0.019962,159.274
2025-11-18 12:00:00,31.1066,1.60841,2.09333,29.0133,,,0.016054,112.699
2025-11-18 13:00:00,39.2584,1.83932,2.78859,36.4699,,,0.016241,126.926
2025-11-18 14:00:00,44.1836,1.77644,6.0734,38.1102,,,0.018762,152.806
2025-11-18 15:00:00,32.038,1.36844,2.7372,29.3008,,,0.017478,127.722
2025-11-18 16:00:00,30.7031,1.32102,2.22081,28.4823,,,0.01722,124.541
2025-11-18 17:00:00,24.2444,1.20093,2.90555,21.3389,,,0.015554,109.993
2025-11-18 18:00:00,18.3672,1.50922,2.53064,15.8366,,,0.01349,84.553
2025-11-18 19:00:00,22.8992,2.23712,2.42606,20.4731,,,0.013081,89.322
2025-11-18 20:00:00,17.2334,1.91738,1.77141,15.462,,,0.012789,74.649
2025-11-18 21:00:00,17.6616,2.23169,1.43149,16.2301,,,0.010512,61.206
2025-11-18 22:00:00,10.6621,1.36658,0.966709,9.69538,,,0.006254,39.892
2025-11-18 23:00:00,9.91564,1.65481,0.82881,9.08684,,,0.005186,25.728
2025-11-19 00:00:00,5.29223,1.28953,0.228265,5.06396,,,0.003938,14.387
2025-11-19 01:00:00,2.53652,0.664705,0.111925,2.42459,,,0.002974,7.469
2025-11-19 02:00:00,1.18674,0.319877,0.070133,1.11661,,,0.002544,3.037
2025-11-19 03:00:00,2.09867,0.580707,0.107506,1.99117,,,0.003062,5.763
2025-11-19 04:00:00,2.88321,0.750836,0.16068,2.72253,,,0.003282,9.699
2025-11-19 05:00:00,3.23138,0.668746,0.154845,3.07653,,,0.00364,9.211
2025-11-19 06:00:00,5.49194,0.822393,0.401719,5.09022,,,0.005323,21.089
2025-11-19 07:00:00,15.7137,1.09825,1.1705,14.5432,,,0.009547,55.956
2025-11-19 08:00:00,31.8668,1.38732,3.12491,28.7418,,,0.015548,103.84
2025-11-19 09:00:00,33.6165,1.21271,2.72286,30.8936,,,0.017861,140.023
2025-11-19 10:00:00,43.1896,1.56077,3.40031,39.7893,,,0.020166,164.506
2025-11-19 11:00:00,38.4893,1.67214,4.33018,34.1591,,,0.019223,141.607
2025-11-19 12:00:00,30.9458,1.86601,2.77848,28.1674,,,0.017687,115.703
2025-11-19 13:00:00,37.3336,1.90633,2.45492,34.8786,,,0.01668,119.126
2025-11-19 14:00:00,35.4773,1.55794,2.73157,32.7458,,,0.017064,123.668
2025-11-19 15:00:00,40.6314,1.91585,2.7188,37.9126,,,0.017429,142.273
2025-11-19 16:00:00,38.8835,1.68239,2.45795,36.4255,,,0.015824,131.145
2025-11-19 17:00:00,27.0245,1.39546,3.37111,23.6534,,,0.015813,109.185
2025-11-19 18:00:00,15.0684,1.53196,2.15806,12.9103,,,0.010264,60.599
2025-11-19 19:00:00,12.6929,1.50461,1.93862,10.7542,,,0.00972,59.72
2025-11-19 20:00:00,13.6531,1.70069,1.29958,12.3535,,,0.009126,53.675
2025-11-19 21:00:00,11.0016,1.74628,0.978449,10.0231,,,0.007825,47.894
2025-11-19 22:00:00,21.2141,3.47316,0.633768,20.5803,,,0.007383,35.43
2025-11-19 23:00:00,10.3652,2.15671,0.544504,9.82065,,,0.005997,34.751
2025-11-20 00:00:00,5.95171,1.3701,0.282299,5.66941,,,0.004311,15.949
2025-11-20 01:00:00,3.925,1.18081,0.173591,3.75141,,,0.003718,13.195
2025-11-20 02:00:00,3.76997,1.14938,0.162179,3.60779,,,0.003725,8.531
2025-11-20 03:00:00,4.14613,1.28762,0.14087,4.00526,,,0.003582,9.762
2025-11-20 04:00:00,4.30747,1.29587,0.151453,4.15602,,,0.004818,9.564
2025-11-20 05:00:00,4.21297,1.10287,0.187877,4.02509,,,0.003981,12.488
2025-11-20 06:00:00,5.79837,1.09486,0.32932,5.46905,,,0.005272,20.983
2025-11-20 07:00:00,19.1192,1.59168,0.944745,18.1745,,,0.00864,53.429
2025-11-20 08:00:00,35.4292,1.45154,1.97923,33.4499,,,0.016591,115.045
2025-11-20 09:00:00,42.1264,1.48594,2.74842,39.378,,,0.019678,155.498
2025-11-20 10:00:00,46.1076,1.67154,3.48283,42.6248,,,0.021635,169.65
2025-11-20 11:00:00,37.1465,1.56935,3.28174,33.8647,,,0.018149,137.515
2025-11-20 12:00:00,37.4816,2.15684,3.46652,34.0151,,,0.016646,120.596
2025-11-20 13:00:00,36.1743,1.79918,2.51965,33.6546,,,0.016431,122.295
2025-11-20 14:00:00,41.1944,1.76195,3.83288,37.3615,,,0.018938,143.234
2025-11-20 15:00:00,38.3082,1.64498,2.56175,35.7464,,,0.018202,132.186
2025-11-20 16:00:00,32.4069,1.67824,2.18685,30.2201,,,0.015914,113.673
2025-11-20 17:00:00,21.5665,1.57834,2.56627,19.0002,,,0.011467,80.958
2025-11-20 18:00:00,16.1259,1.67629,1.93481,14.1911,,,0.010744,68.112
2025-11-20 19:00:00,17.2315,2.07959,2.37778,14.8537,,,0.0113,81.535
2025-11-20 20:00:00,16.7647,2.4734,1.56159,15.2031,,,0.009392,73.646
2025-11-20 21:00:00,11.0816,1.71701,0.938927,10.1427,,,0.008158,47.35
2025-11-20 22:00:00,10.4335,1.60861,0.610991,9.82248,,,0.006675,38.241
2025-11-20 23:00:00,9.11598,1.7239,0.424366,8.69162,,,0.005829,27.668
2025-11-21 00:00:00,5.99108,1.30411,0.262645,5.72844,,,0.004853,16.825
2025-11-21 01:00:00,3.8772,1.0417,0.159187,3.71801,,,0.003936,10.16
2025-11-21 02:00:00,2.62045,0.701782,0.112679,2.50778,,,0.003592,8.056
2025-11-21 03:00:00,2.35435,0.603989,0.201966,2.15238,,,0.003508,9.154
2025-11-21 04:00:00,1.27862,0.406168,0.074488,1.20413,,,0.002646,5.044
2025-11-21 05:00:00,1.33462,0.38506,0.115457,1.21916,,,0.002968,5.263
2025-11-21 06:00:00,6.27981,1.09941,0.347571,5.93224,,,0.005064,21.227
2025-11-21 07:00:00,18.2529,1.53308,0.998346,17.2545,,,0.008741,57.87
2025-11-21 08:00:00,37.2358,1.74358,2.70904,34.5268,,,0.017601,122.027
2025-11-21 09:00:00,53.1516,2.18677,4.84227,48.3093,,,0.024336,180.252
2025-11-21 10:00:00,49.289,1.87811,4.27771,45.0113,,,0.023719,193.374
2025-11-21 11:00:00,54.3241,2.44527,6.01216,48.312,,,0.022599,169.234
2025-11-21 12:00:00,37.3214,2.49808,3.87932,33.442,,,0.017443,125.655
2025-11-21 13:00:00,42.7829,2.27617,2.79209,39.9908,,,0.017159,137.247
2025-11-21 14:00:00,41.2113,1.79382,3.34435,37.867,,,0.018495,144.752
2025-11-21 15:00:00,36.94,1.7787,3.1833,33.7567,,,0.017967,126.824
2025-11-21 16:00:00,29.2012,1.8285,2.11128,27.0899,,,0.01356,96.913
2025-11-21 17:00:00,17.2688,1.56222,1.58944,15.6794,,,0.01181,73.433
2025-11-21 18:00:00,13.4395,1.7463,2.08764,11.3519,,,0.009108,58.999
2025-11-21 19:00:00,12.5209,1.89424,2.04623,10.4747,,,0.008498,52.286
2025-11-21 20:00:00,12.8547,1.87386,1.11791,11.7368,,,0.008623,58.389
2025-11-21 21:00:00,13.5878,1.98362,1.51446,12.0733,,,0.009034,54.569
2025-11-21 22:00:00,10.9052,1.81814,0.81515,10.09,,,0.006922,44.391
2025-11-21 23:00:00,6.02841,0.980547,0.637458,5.39095,,,0.004986,22.985
2025-11-22 00:00:00,3.98712,0.842232,0.177741,3.80938,,,0.003908,13.44
2025-11-22 01:00:00,3.49783,0.869243,0.164167,3.33367,,,0.003789,13.308
2025-11-22 02:00:00,2.35672,0.582481,0.108314,2.2484,,,0.003458,10.597
2025-11-22 03:00:00,1.75221,0.405603,0.092209,1.66,,,0.003211,10.351
2025-11-22 04:00:00,1.65936,0.399268,0.087424,1.57194,,,0.003072,8.85
2025-11-22 05:00:00,2.14336,0.456033,0.110243,2.03311,,,0.003294,10.952
2025-11-22 06:00:00,3.91504,0.715467,0.221584,3.69345,,,0.003907,13.018
2025-11-22 07:00:00,17.897,1.47543,1.8528,16.0442,,,0.009076,56.433
2025-11-22 08:00:00,44.9404,1.84303,3.40224,41.5381,,,0.018309,145.436
2025-11-22 09:00:00,65.8955,2.16306,4.86529,61.0303,,,0.026995,243.246
2025-11-22 10:00:00,70.9279,2.31881,4.91633,66.0116,,,0.029194,249.421
2025-11-22 11:00:00,59.0112,2.36423,5.03053,53.9807,,,0.023767,187.546
2025-11-22 12:00:00,30.4388,2.05946,3.27543,27.1634,,,0.014133,109.195
2025-11-22 13:00:00,37.8824,2.15535,3.38605,34.4963,,,0.016082,121.285
2025-11-22 14:00:00,49.9887,2.47175,5.84708,44.1416,,,0.019139,143.78
2025-11-22 15:00:00,46.5203,2.62767,3.00411,43.5162,,,0.019525,141.515
2025-11-22 16:00:00,27.6033,1.93409,2.28249,25.3208,,,0.01348,104.963
2025-11-22 17:00:00,16.89,1.80874,1.64389,15.2461,,,0.010789,72.639
2025-11-22 18:00:00,17.6882,2.32128,1.55183,16.1364,,,0.010054,66.878
2025-11-22 19:00:00,15.7625,2.41756,2.28697,13.4755,,,0.009661,58.339
2025-11-22 20:00:00,15.2995,2.76363,1.60248,13.697,,,0.010689,61.377
2025-11-22 21:00:00,24.3216,4.28196,1.96569,22.3559,,,0.011268,57.985
2025-11-22 22:00:00,11.2413,2.29508,0.708284,10.533,,,0.006766,30.768
2025-11-22 23:00:00,7.16789,1.86858,0.339507,6.82838,,,0.004956,21.531
2025-11-23 00:00:00,3.96841,1.20914,0.144195,3.82421,,,0.003666,11.544
2025-11-23 01:00:00,1.56979,0.538706,0.083603,1.48619,,,0.002632,4.828
2025-11-23 02:00:00,1.82057,0.662025,0.098703,1.72186,,,0.002963,7.854
2025-11-23 03:00:00,2.66415,0.887459,0.105456,2.5587,,,0.003054,8.555
2025-11-23 04:00:00,2.12165,0.661776,0.063367,2.05829,,,0.002797,5.769
2025-11-23 05:00:00,2.74646,0.943802,0.185566,2.5609,,,0.00386,9.581
2025-11-23 06:00:00,6.26064,1.49633,0.290269,5.97037,,,0.004754,18.976
2025-11-23 07:00:00,17.624,1.72853,1.02665,16.5974,,,0.008223,52.286
2025-11-23 08:00:00,48.1374,2.21037,2.76456,45.3729,,,0.018104,138.324
2025-11-23 09:00:00,76.6376,2.7246,4.76237,71.8752,,,0.027479,234.608
2025-11-23 10:00:00,79.072,2.76186,5.02158,74.0505,,,0.030722,252.581
2025-11-23 11:00:00,50.7764,2.37317,3.39112,47.3853,,,0.021649,169.729
2025-11-23 12:00:00,31.6496,2.39046,3.37804,28.2716,,,0.013312,105.504
2025-11-23 13:00:00,40.1192,2.34423,3.06141,37.0578,,,0.018024,125.497
2025-11-23 14:00:00,46.7359,2.40065,3.1605,43.5754,,,0.018917,134.621
2025-11-23 15:00:00,44.1417,2.3832,3.67139,40.4703,,,0.018226,136.038
2025-11-23 16:00:00,28.3486,1.89775,1.95323,26.3953,,,0.01384,92.538
2025-11-23 17:00:00,20.672,1.86435,2.60939,18.0626,,,0.010532,69.996
2025-11-23 18:00:00,14.0109,1.71828,1.28026,12.7306,,,0.009496,54.815
2025-11-23 19:00:00,13.7431,1.88986,1.73124,12.0118,,,0.009214,59.188
2025-11-23 20:00:00,13.0863,1.82057,1.65717,11.4291,,,0.009969,59.538
2025-11-23 21:00:00,12.6757,1.80103,0.967028,11.7086,,,0.007835,44.367
2025-11-23 22:00:00,17.063,3.03829,1.37367,15.6894,,,0.008847,48.784
2025-11-23 23:00:00,10.2772,2.30225,0.545264,9.73197,,,0.005891,32.423
2025-11-24 00:00:00,2.18774,2.26006,0.078725,2.10902,,,0.005219,13.396
2025-11-24 01:00:00,9.3085,1.72635,0.380616,8.92788,,,0.004517,28.139
2025-11-24 02:00:00,2.48445,0.726871,0.125496,2.35895,,,0.003068,6.64
2025-11-24 03:00:00,1.97319,0.692347,0.077528,1.89566,,,0.002722,5.299
2025-11-24 04:00:00,0.951668,0.3309,0.043211,0.908457,,,0.002768,3.616
2025-11-24 05:00:00,3.62459,0.971741,0.163376,3.46122,,,0.003783,10.553
2025-11-24 06:00:00,7.49716,1.45802,0.32676,7.1704,,,0.005588,20.385
2025-11-24 07:00:00,14.8295,1.28017,0.872361,13.9571,,,0.009125,49.28
2025-11-24 08:00:00,28.9561,1.26967,2.09049,26.8656,,,0.015135,105.643
2025-11-24 09:00:00,45.9664,1.55755,3.00209,42.9643,,,0.02052,167.16
2025-11-24 10:00:00,58.6807,1.92547,3.88099,54.7997,,,0.023911,202.253
2025-11-24 11:00:00,50.2636,1.8096,3.38774,46.8759,,,0.020669,174.24
2025-11-24 12:00:00,38.2624,1.80381,3.46181,34.8006,,,0.017171,136.823
2025-11-24 13:00:00,43.3173,1.87977,3.72625,39.5911,,,0.018759,146.192
2025-11-24 14:00:00,40.7168,1.43248,3.33047,37.3863,,,0.019147,156.1
2025-11-24 15:00:00,45.4503,1.66766,3.98896,41.4614,,,0.020501,162.779
2025-11-24 16:00:00,37.5411,1.53517,3.03661,34.5045,,,0.017233,133.921
2025-11-24 17:00:00,31.2866,1.63718,2.95898,28.3276,,,0.016174,114.635
2025-11-24 18:00:00,29.0581,2.3415,3.8602,25.1979,,,0.015086,97.631
2025-11-24 19:00:00,16.0377,1.80401,1.6415,14.3962,,,0.010685,62.999
2025-11-24 20:00:00,15.3141,2.08355,1.73971,13.5744,,,0.009309,66.213
2025-11-24 21:00:00,14.5777,2.19809,1.33285,13.2449,,,0.009609,55.924
2025-11-24 22:00:00,11.187,1.88143,2.35982,8.82717,,,0.006555,34.077
2025-11-24 23:00:00,6.20983,1.39798,0.870824,5.33901,,,0.005606,24.429
2025-11-25 00:00:00,2.98505,0.728772,0.159874,2.82517,,,0.004069,9.38
2025-11-25 01:00:00,2.40213,0.759208,0.13278,2.26935,,,0.003701,12.82
2025-11-25 02:00:00,2.64646,0.813296,0.110069,2.5364,,,0.003598,12.226
2025-11-25 03:00:00,4.8933,1.41507,0.184405,4.70889,,,0.003704,13.199
2025-11-25 04:00:00,2.12431,0.664677,0.10659,2.01772,,,0.003205,10.736
2025-11-25 05:00:00,2.51002,0.762459,0.151667,2.35835,,,0.003706,12.147
2025-11-25 06:00:00,6.03189,1.01718,0.465052,5.56684,,,0.005341,21.663
2025-11-25 07:00:00,13.9564,1.04967,1.06289,12.8935,,,0.009114,51.499
2025-11-25 08:00:00,33.5414,1.45214,2.11228,31.4292,,,0.015722,117.429
2025-11-25 09:00:00,47.407,1.72251,3.17923,44.2277,,,0.020786,163.621
2025-11-25 10:00:00,61.7013,2.03581,4.90873,56.7926,,,0.02295,187.84
2025-11-25 11:00:00,47.0553,1.78226,3.91128,43.144,,,0.020964,166.549
2025-11-25 12:00:00,32.4185,1.7686,3.99865,28.4199,,,0.016427,115.882
2025-11-25 13:00:00,38.232,1.99333,3.61921,34.6128,,,0.017686,134.982
2025-11-25 14:00:00,36.5702,1.71482,2.4136,34.1566,,,0.016859,133.484
2025-11-25 15:00:00,36.4668,1.72371,2.37827,34.0885,,,0.016202,129.712
2025-11-25 16:00:00,32.6814,1.6408,4.36891,28.3125,,,0.015517,116.58
2025-11-25 17:00:00,22.4678,1.51074,2.9233,19.5445,,,0.013853,92.118
2025-11-25 18:00:00,18.2122,1.79963,1.99811,16.2141,,,0.012069,69.451
2025-11-25 19:00:00,15.6198,1.7425,2.04743,13.5723,,,0.011453,68.802
2025-11-25 20:00:00,18.8269,2.59467,2.20618,16.6207,,,0.010602,77.587
2025-11-25 21:00:00,20.9543,3.54556,2.95114,18.0031,,,0.010482,70.603
2025-11-25 22:00:00,15.5911,2.67888,2.20755,13.3835,,,0.008007,41.875
2025-11-25 23:00:00,9.63518,2.20082,0.425862,9.20932,,,0.006162,27.047
2025-11-26 00:00:00,4.84093,1.25413,0.228307,4.61262,,,0.006456,15.873
2025-11-26 01:00:00,4.02847,0.959616,0.215356,3.81311,,,0.007993,14.553
2025-11-26 02:00:00,4.9369,1.26587,0.210389,4.72651,,,0.0086,15.717
2025-11-26 03:00:00,3.01035,0.687294,0.152839,2.85751,,,0.007728,11.746
2025-11-26 04:00:00,1.53991,0.354166,0.081564,1.45835,,,0.006398,6.116
2025-11-26 05:00:00,2.31366,0.523926,0.100341,2.21332,,,0.007785,7.797
2025-11-26 06:00:00,7.07248,1.07126,0.288665,6.78382,,,0.011425,20.021
2025-11-26 07:00:00,16.7833,1.27166,1.23261,15.5507,,,0.01937,53.059
2025-11-26 08:00:00,34.0723,1.41496,2.51232,31.56,,,0.032869,110.787
2025-11-26 09:00:00,53.6215,1.81842,3.53579,50.0858,,,0.048065,193.126
2025-11-26 10:00:00,59.6106,1.88129,4.66625,54.9444,,,0.047964,220.676
2025-11-26 11:00:00,52.9171,2.08977,4.70372,48.2134,,,0.046494,189.497
2025-11-26 12:00:00,31.6915,1.82786,2.72648,28.965,,,0.034715,122.982
2025-11-26 13:00:00,40.6567,1.91074,2.64916,38.0075,,,0.040415,146.798
2025-11-26 14:00:00,41.4913,1.62418,2.99427,38.497,,,0.039979,151.745
2025-11-26 15:00:00,45.8019,1.81236,3.92739,41.8745,,,0.039928,153.417
2025-11-26 16:00:00,37.0874,1.66386,2.66889,34.4185,,,0.03741,138.198
2025-11-26 17:00:00,23.9746,1.46401,2.18414,21.7905,,,0.028478,98.276
2025-11-26 18:00:00,19.1363,1.78378,2.72973,16.4066,,,0.027565,80.589
2025-11-26 19:00:00,16.1787,1.86348,1.48808,14.6906,,,0.026231,81.042
2025-11-26 20:00:00,19.0158,2.61565,2.16515,16.8506,,,0.024597,86.184
2025-11-26 21:00:00,15.3191,1.95396,1.34143,13.9777,,,0.019261,67.686
2025-11-26 22:00:00,17.731,2.46128,1.415,16.316,,,0.017364,50.316
2025-11-26 23:00:00,9.67483,1.3486,0.49301,9.18182,,,0.013141,26.536
2025-11-27 00:00:00,5.05836,0.897827,0.284797,4.77356,,,0.010157,18.402
2025-11-27 01:00:00,2.83546,0.583188,0.150954,2.6845,,,0.007629,9.282
2025-11-27 02:00:00,3.43731,0.749523,0.141207,3.2961,,,0.00719,10.281
2025-11-27 03:00:00,1.55853,0.332452,0.069885,1.48865,,,0.006522,8.3
2025-11-27 04:00:00,2.3363,0.555468,0.14582,2.19048,,,0.00733,10.676
2025-11-27 05:00:00,3.85021,0.815722,0.164749,3.68546,,,0.008225,12.349
2025-11-27 06:00:00,8.00409,1.12988,0.478397,7.5257,,,0.01291,26.327
2025-11-27 07:00:00,19.1685,1.42581,1.13177,18.0368,,,0.021023,68.17
2025-11-27 08:00:00,31.8923,1.37847,2.20058,29.6917,,,0.030052,109.683
2025-11-27 09:00:00,48.4531,1.78701,3.91643,44.5366,,,0.042575,165.152
2025-11-27 10:00:00,59.2043,2.04153,4.34787,54.8565,,,0.04735,193.055
2025-11-27 11:00:00,46.6014,1.89452,4.28787,42.3136,,,0.042507,153.125
2025-11-27 12:00:00,33.2193,1.87046,2.7273,30.4921,,,0.034861,125.927
2025-11-27 13:00:00,33.7884,1.68487,2.73171,31.0567,,,0.036149,124.564
2025-11-27 14:00:00,42.0561,1.86105,3.5545,38.5016,,,0.041227,142.62
2025-11-27 15:00:00,36.8959,1.63851,2.95586,33.9401,,,0.037341,143.619
2025-11-27 16:00:00,42.7431,1.817,3.4327,39.3104,,,0.036806,145.344
2025-11-27 17:00:00,28.3222,1.76749,2.58827,25.7339,,,0.032278,106.253
2025-11-27 18:00:00,21.7124,2.01153,2.69552,19.0169,,,0.029382,91.033
2025-11-27 19:00:00,23.292,2.5478,2.42474,20.8673,,,0.033741,92.153
2025-11-27 20:00:00,23.1095,2.96199,1.91818,21.1913,,,0.029007,87.803
2025-11-27 21:00:00,23.2478,3.10467,1.53594,21.7118,,,0.024862,70.207
2025-11-27 22:00:00,19.5027,2.93362,1.6701,17.8326,,,0.01919,57.284
2025-11-27 23:00:00,10.9886,1.79084,1.10573,9.88285,,,0.014992,43.689
2025-11-28 00:00:00,8.11154,1.56111,0.803944,7.30759,,,0.011212,26.586
2025-11-28 01:00:00,4.36379,0.988177,0.249954,4.11384,,,0.008493,13.82
2025-11-28 02:00:00,3.22273,0.832316,0.19181,3.03092,,,0.007399,10.115
2025-11-28 03:00:00,3.23164,0.968138,0.159922,3.07172,,,0.007104,8.466
2025-11-28 04:00:00,3.39944,0.919763,0.173009,3.22643,,,0.007511,8.789
2025-11-28 05:00:00,4.91868,1.02047,0.351508,4.56717,,,0.009889,15.703
2025-11-28 06:00:00,11.4509,1.73656,0.717539,10.7334,,,0.013761,32.249
2025-11-28 07:00:00,22.9904,1.60368,1.47465,21.5157,,,0.024123,71.826
2025-11-28 08:00:00,39.1125,1.5993,2.47146,36.6411,,,0.037676,128.061
2025-11-28 09:00:00,60.1244,2.21225,4.0858,56.0386,,,0.044796,176.884
2025-11-28 10:00:00,61.1046,2.25096,4.56212,56.5425,,,0.048501,192.275
2025-11-28 11:00:00,50.4078,2.00668,3.76876,46.6391,,,0.044203,165.274
2025-11-28 12:00:00,34.0633,1.7562,2.84911,31.2142,,,0.034693,115.554
2025-11-28 13:00:00,38.3444,1.72941,2.97315,35.3713,,,0.034717,125.611
2025-11-28 14:00:00,50.7859,1.77635,3.68493,47.101,,,0.04299,162.767
2025-11-28 15:00:00,47.8041,1.79404,3.54611,44.258,,,0.037381,158.117
2025-11-28 16:00:00,36.086,1.51278,3.11399,32.972,,,0.018869,128.863
2025-11-28 17:00:00,26.266,1.51564,3.14185,23.1242,,,0.016115,97.605
2025-11-28 18:00:00,18.3084,1.36589,2.14417,16.1642,,,0.014079,75.583
2025-11-28 19:00:00,21.2612,1.82468,2.94408,18.3171,,,0.014685,84.739
2025-11-28 20:00:00,19.6617,2.30231,1.57856,18.0832,,,0.013363,76.454
2025-11-28 21:00:00,19.9046,2.41326,1.71929,18.1853,,,0.010873,68.243
2025-11-28 22:00:00,14.8239,2.13355,1.65963,13.1643,,,0.00886,52.259
2025-11-28 23:00:00,11.134,1.91306,1.18524,9.94877,,,0.006712,33.194
2025-11-29 00:00:00,6.98126,1.52429,0.356871,6.62439,,,0.004959,18.951
2025-11-29 01:00:00,4.2384,0.96723,0.410764,3.82764,,,0.004374,17.302
2025-11-29 02:00:00,4.08217,1.02208,0.124263,3.9579,,,0.0039,11.922
2025-11-29 03:00:00,2.81808,0.671291,0.190354,2.62772,,,0.003398,8.82
2025-11-29 04:00:00,4.41211,1.03183,0.147076,4.26503,,,0.004123,10.53
2025-11-29 05:00:00,4.1541,0.801332,0.219801,3.9343,,,0.004134,14.421
2025-11-29 06:00:00,10.0512,1.57443,0.483521,9.56763,,,0.005792,27.858
2025-11-29 07:00:00,20.1689,1.61222,1.03667,19.1322,,,0.008688,58.505
2025-11-29 08:00:00,44.0478,1.59513,3.40808,40.6397,,,0.01813,135.522
2025-11-29 09:00:00,69.1902,2.30051,4.46903,64.7212,,,0.024404,203.577
2025-11-29 10:00:00,61.8169,2.04909,4.63961,57.1772,,,0.025423,197.911
2025-11-29 11:00:00,58.0139,2.17232,3.98625,54.0277,,,0.023078,187.916
2025-11-29 12:00:00,33.7863,1.85009,2.92321,30.8631,,,0.016749,109.14
2025-11-29 13:00:00,36.9509,1.75672,2.50055,34.4503,,,0.017401,116.204
2025-11-29 14:00:00,46.4093,2.01727,3.56251,42.8468,,,0.019066,131.86
2025-11-29 15:00:00,45.4686,2.13889,3.59789,41.8707,,,0.020704,143.71
2025-11-29 16:00:00,36.9397,2.0168,3.26168,33.678,,,0.018771,117.394
2025-11-29 17:00:00,16.698,1.23928,1.91458,14.7834,,,0.011169,68.26
2025-11-29 18:00:00,19.0397,1.96488,2.66905,16.3706,,,0.012094,68.716
2025-11-29 19:00:00,21.9995,2.63467,2.63677,19.3627,,,0.011118,68.759
2025-11-29 20:00:00,22.1578,3.16721,2.94991,19.2079,,,0.011116,67.55
2025-11-29 21:00:00,17.0311,2.72323,1.59313,15.4379,,,0.009249,59.946
2025-11-29 22:00:00,12.9658,2.16313,1.32968,11.6361,,,0.008181,44.939
2025-11-29 23:00:00,8.58599,1.56621,0.868463,7.71753,,,0.006707,32.368
2025-11-30 00:00:00,4.16782,1.09679,0.229093,3.93873,,,0.004921,19.091
2025-11-30 01:00:00,2.96628,0.781012,0.114711,2.85157,,,0.003635,11.671
2025-11-30 02:00:00,2.45915,0.741154,0.15911,2.30004,,,0.004028,17.065
2025-11-30 03:00:00,3.12845,0.841435,0.127326,3.00113,,,0.003751,14.734
2025-11-30 04:00:00,2.57776,0.657928,0.161494,2.41627,,,0.004279,16.289
2025-11-30 05:00:00,3.16709,0.869603,0.150832,3.01626,,,0.004285,10.844
2025-11-30 06:00:00,6.84122,1.36117,0.332529,6.5087,,,0.005727,20.606
2025-11-30 07:00:00,17.2886,1.41803,1.24959,16.0391,,,0.0092,62.033
2025-11-30 08:00:00,37.0907,1.56659,2.57929,34.5114,,,0.017162,127.515
2025-11-30 09:00:00,65.7328,2.30044,5.25017,60.4827,,,0.023626,196.285
2025-11-30 10:00:00,73.0147,2.57348,5.28664,67.7281,,,0.026531,215.465
2025-11-30 11:00:00,66.6207,2.71633,5.31497,61.3057,,,0.024089,182.566
2025-11-30 12:00:00,36.8241,2.36537,3.24607,33.5781,,,0.016303,121.691
2025-11-30 13:00:00,41.3523,2.19912,3.04615,38.3062,,,0.018789,146.409
2025-11-30 14:00:00,53.1236,2.4064,6.38955,46.7341,,,0.021893,165.57
2025-11-30 15:00:00,53.7036,2.45918,5.44516,48.2584,,,0.021278,173.992
2025-11-30 16:00:00,39.9174,1.87794,3.43909,36.4783,,,0.01912,136.298
2025-11-30 17:00:00,30.4335,2.34284,4.70076,25.7327,,,0.015384,100.891
2025-11-30 18:00:00,21.2563,2.23374,2.13325,19.1231,,,0.012342,76.762
2025-11-30 19:00:00,21.7108,2.49263,2.10614,19.6047,,,0.01198,67.581
2025-11-30 20:00:00,18.8948,2.53281,1.23424,17.6605,,,0.012371,72.243
2025-11-30 21:00:00,18.5517,2.92521,2.40952,16.1421,,,0.010771,69.944
2025-11-30 22:00:00,14.1938,2.50685,1.89063,12.3031,,,0.00914,50.013
2025-11-30 23:00:00,13.7867,2.64214,1.0445,12.7422,,,0.008058,42.899
2025-12-01 00:00:00,5.78412,1.29747,0.28147,5.50265,,,0.004903,21.736
2025-12-01 01:00:00,1.98922,0.487794,0.113407,1.87582,,,0.003574,9.612
2025-12-01 02:00:00,2.5713,0.625621,0.104594,2.46671,,,0.003622,9.221
2025-12-01 03:00:00,4.14404,1.01669,0.156896,3.98714,,,0.003811,11.065
2025-12-01 04:00:00,3.84101,0.982355,0.129082,3.71192,,,0.004727,10.539
2025-12-01 05:00:00,4.10517,0.993508,0.244596,3.86058,,,0.005084,13.267
2025-12-01 06:00:00,7.68094,1.3585,0.833439,6.8475,,,0.006583,23.193
2025-12-01 07:00:00,19.9322,1.51438,1.224,18.7082,,,0.009951,58.335
2025-12-01 08:00:00,32.5182,1.24153,2.5998,29.9184,,,0.01657,118.785
2025-12-01 09:00:00,51.9869,1.54677,4.44066,47.5463,,,0.023414,193.333
2025-12-01 10:00:00,56.5425,1.65658,5.27779,51.2647,,,0.024473,208.798
2025-12-01 11:00:00,53.5168,1.69143,5.13322,48.3836,,,0.022844,185.433
2025-12-01 12:00:00,44.6312,2.05163,4.64763,39.9836,,,0.021171,156.731
2025-12-01 13:00:00,48.6007,2.07376,3.516,45.0847,,,0.019974,151.176
2025-12-01 14:00:00,45.5026,1.52847,5.24808,40.2545,,,0.021762,176.814
2025-12-01 15:00:00,53.6889,1.78463,7.10825,46.5807,,,0.023041,178.464
2025-12-01 16:00:00,40.3683,1.45945,3.82663,36.5417,,,0.01966,150.298
2025-12-01 17:00:00,37.7949,1.74459,4.79327,33.0016,,,0.019435,137.295
2025-12-01 18:00:00,37.089,2.45362,4.59829,32.4907,,,0.017356,116.617
2025-12-01 19:00:00,26.0759,2.28575,3.33319,22.7427,,,0.016097,107.693
2025-12-01 20:00:00,22.5976,2.48928,2.38574,20.2119,,,0.013897,59.911
2025-12-01 21:00:00,21.7609,2.98258,1.40045,20.3605,,,0.013264,70.271
2025-12-01 22:00:00,12.4697,1.78189,0.973564,11.4961,,,0.008258,43.837
2025-12-01 23:00:00,8.84364,1.41725,0.565065,8.27858,,,0.006337,26.636
2025-12-02 00:00:00,3.45099,0.736762,0.215227,3.23577,,,0.004345,16.023
2025-12-02 01:00:00,3.26073,0.757254,0.305356,2.95538,,,0.003479,11.298
2025-12-02 02:00:00,4.29778,1.1473,0.3765,3.92128,,,0.003645,10.57
2025-12-02 03:00:00,2.56121,0.63459,0.154618,2.40659,,,0.003642,8.906
2025-12-02 04:00:00,2.51298,0.652384,0.200007,2.31297,,,0.003149,6.908
2025-12-02 05:00:00,3.78237,0.910976,0.162037,3.62033,,,0.003918,11.009
2025-12-02 06:00:00,8.42978,1.30856,0.417512,8.01227,,,0.007818,27.556
2025-12-02 07:00:00,20.1337,1.44659,1.95186,18.1818,,,0.012407,68.009
2025-12-02 08:00:00,38.9192,1.58854,3.68024,35.2389,,,0.017875,124.421
2025-12-02 09:00:00,56.4835,1.55842,5.58884,50.8947,,,0.02329,220.993
2025-12-02 10:00:00,64.2077,1.65723,5.10957,59.0981,,,0.024034,232.49
2025-12-02 11:00:00,61.5888,2.094,4.34301,57.2458,,,0.024099,198.013
2025-12-02 12:00:00,43.596,1.99524,3.39281,40.2032,,,0.020389,152.827
2025-12-02 13:00:00,50.692,2.12599,3.1191,47.5729,,,0.02089,162.673
2025-12-02 14:00:00,43.4544,1.70436,3.24277,40.2117,,,0.021013,158.058
2025-12-02 15:00:00,46.8796,1.92004,3.16072,43.7189,,,0.022015,149.088
2025-12-02 16:00:00,32.8447,1.48672,2.71209,30.1326,,,0.018485,122.393
2025-12-02 17:00:00,28.0518,1.76649,3.29135,24.7605,,,0.016536,99.737
2025-12-02 18:00:00,26.932,2.15422,4.0937,22.8383,,,0.015946,89.397
2025-12-02 19:00:00,21.5649,1.79707,2.48302,19.0819,,,0.014745,88.509
2025-12-02 20:00:00,24.7945,2.55245,2.04042,22.7541,,,0.015396,90.677
2025-12-02 21:00:00,24.7717,3.02684,2.21761,22.554,,,0.014162,81.784
2025-12-02 22:00:00,19.8253,2.34065,1.07054,18.7548,,,0.009547,56.661
2025-12-02 23:00:00,11.9526,1.79038,0.725348,11.2272,,,0.006901,38.477
2025-12-03 00:00:00,6.47712,1.1946,0.300644,6.17647,,,0.005148,20.441
2025-12-03 01:00:00,5.03682,1.02709,0.200137,4.83668,,,0.00459,16.016
2025-12-03 02:00:00,3.49375,0.802054,0.170258,3.32349,,,0.004292,13.937
2025-12-03 03:00:00,2.03853,0.41249,0.122814,1.91571,,,0.003573,10.08
2025-12-03 04:00:00,3.26484,0.630765,0.170501,3.09434,,,0.004129,12.926
2025-12-03 05:00:00,4.44283,0.811328,0.218707,4.22412,,,0.004579,17.682
2025-12-03 06:00:00,10.3817,1.30097,0.533528,9.8482,,,0.007036,33.371
2025-12-03 07:00:00,20.241,1.39478,1.45129,18.7897,,,0.011941,63.835
2025-12-03 08:00:00,36.7768,1.52766,2.555,34.2218,,,0.017909,125.91
2025-12-03 09:00:00,51.2226,1.8299,4.56191,46.6607,,,0.023007,188.018
2025-12-03 10:00:00,52.9455,1.80639,4.3329,48.6125,,,0.024951,193.751
2025-12-03 11:00:00,34.7316,1.52145,2.84811,31.8835,,,0.020344,148.457
2025-12-03 12:00:00,30.5618,1.67774,3.80204,26.7597,,,0.018037,118.395
2025-12-03 13:00:00,38.0658,1.7331,11.1686,26.8972,,,0.016024,119.754
2025-12-03 14:00:00,34.9431,1.43339,3.33589,31.6073,,,0.018519,135.245
2025-12-03 15:00:00,30.8475,1.40766,3.28697,27.5606,,,0.01767,129.064
2025-12-03 16:00:00,44.0976,2.07479,4.56511,39.5325,,,0.01832,116.26
2025-12-03 17:00:00,20.1475,1.44344,3.22223,16.9253,,,0.015048,85.941
2025-12-03 18:00:00,19.0635,1.81834,2.19741,16.8661,,,0.012238,76.588
2025-12-03 19:00:00,23.2102,2.56353,2.4835,20.7267,,,0.013321,82.574
2025-12-03 20:00:00,16.0513,2.01195,2.38778,13.6635,,,0.011168,74.371
2025-12-03 21:00:00,18.3251,2.56367,1.42609,16.899,,,0.010325,73.088
2025-12-03 22:00:00,13.6827,1.92605,1.37365,12.309,,,0.008579,44.263
2025-12-03 23:00:00,6.44347,1.2714,0.354505,6.08896,,,0.005144,25.79
2025-12-04 00:00:00,5.59176,1.39934,0.173377,5.41838,,,0.00433,14.65
2025-12-04 01:00:00,2.85819,0.752154,0.192914,2.66527,,,0.003573,10.2
2025-12-04 02:00:00,1.98059,0.510461,0.111094,1.86949,,,0.003117,7.175
2025-12-04 03:00:00,3.97779,1.0904,0.142281,3.83551,,,0.003844,7.175
2025-12-04 04:00:00,2.23333,0.680477,0.094541,2.13879,,,0.003863,7.38
2025-12-04 05:00:00,3.50508,0.932696,0.147414,3.35766,,,0.003622,9.771
2025-12-04 06:00:00,7.91582,1.26209,0.465858,7.44996,,,0.005592,23.529
2025-12-04 07:00:00,17.5852,1.44592,2.37647,15.2088,,,0.010007,57.022
2025-12-04 08:00:00,27.0473,1.1933,2.04222,25.005,,,0.015695,99.219
2025-12-04 09:00:00,42.5933,1.61989,3.50717,39.0861,,,0.02068,153.601
2025-12-04 10:00:00,47.9478,1.74622,5.48132,42.4665,,,0.023748,181.413
2025-12-04 11:00:00,44.6542,1.7866,4.1296,40.5246,,,0.022413,161.068
2025-12-04 12:00:00,35.1832,1.96818,3.74049,31.4427,,,0.017685,123.975
2025-12-04 13:00:00,32.4732,1.57713,2.75687,29.7163,,,0.016457,117.178
2025-12-04 14:00:00,39.6764,1.61247,3.29471,36.3817,,,0.019078,141.372
2025-12-04 15:00:00,47.1142,2.07845,3.0574,44.0568,,,0.02048,148.144
2025-12-04 16:00:00,42.7431,1.817,3.4327,39.3104,,,0.0368,145.344
2025-12-04 17:00:00,27.8011,1.73345,3.13936,24.6618,,,0.016988,105.299
2025-12-04 18:00:00,24.5711,2.30801,2.53024,22.0408,,,0.014556,88.894
2025-12-04 19:00:00,18.2235,2.15103,2.04867,16.1749,,,0.012156,74.564
2025-12-04 20:00:00,19.4649,2.9139,2.65884,16.806,,,0.01209,78.659
2025-12-04 21:00:00,14.891,2.12123,1.73915,13.1519,,,0.010122,63.696
2025-12-04 22:00:00,9.19691,1.37514,0.955836,8.24107,,,0.00725,42.417
2025-12-04 23:00:00,5.89797,1.07666,0.354655,5.54332,,,0.005248,25.635
2025-12-05 00:00:00,3.0656,1.60503,0.127536,2.93806,,,0.008307,9.264
2025-12-05 01:00:00,0.589305,0.544644,0.021839,0.567466,,,0.017109,2.27
2025-12-05 02:00:00,1.96656,0.66393,0.101139,1.86542,,,0.0166,7.948
2025-12-05 03:00:00,0.794785,0.1948,0.057253,0.737532,,,0.015566,5.599
2025-12-05 04:00:00,0.927351,0.238026,0.05949,0.867861,,,0.015827,5.589
2025-12-05 05:00:00,1.04281,0.219262,0.066637,0.976173,,,0.015619,5.59
2025-12-05 06:00:00,5.368,0.865248,0.264659,5.10334,,,0.020392,17.361
2025-12-05 07:00:00,16.5837,1.30642,1.02532,15.5584,,,0.028577,50.848
2025-12-05 08:00:00,32.3341,1.47227,2.57486,29.7592,,,0.038908,110.126
2025-12-05 09:00:00,49.0022,1.84858,2.93926,46.063,,,0.044411,147.719
2025-12-05 10:00:00,54.1465,1.96596,3.80978,50.3367,,,0.049224,178.086
2025-12-05 11:00:00,35.7829,1.47279,3.25136,32.5316,,,0.043483,137.154
2025-12-05 12:00:00,28.0526,1.60374,2.72111,25.3315,,,0.038325,106.425
2025-12-05 13:00:00,33.234,1.8521,2.33108,30.9029,,,0.040572,114.895
2025-12-05 14:00:00,29.9082,1.39902,2.69716,27.2111,,,0.039181,108.961
2025-12-05 15:00:00,28.5641,1.4292,2.10654,26.4575,,,0.039856,119.543
2025-12-05 16:00:00,25.8423,1.31099,2.48721,23.3551,0.231746,0.206172,0.041036,121.374
2025-12-05 17:00:00,19.8977,1.30289,2.24121,17.6565,0.227843,0.159061,0.037095,95.793
2025-12-05 18:00:00,17.2825,1.56289,1.67962,15.6028,0.160514,0.142312,0.034331,68.426
2025-12-05 19:00:00,16.7708,1.86467,2.84438,13.9264,0.204294,0.136998,0.034919,76.361
2025-12-05 20:00:00,17.1198,2.06861,2.08579,15.034,0.165346,0.132857,0.031055,65.685
2025-12-05 21:00:00,15.501,1.97515,1.40701,14.094,0.131273,0.119342,0.030441,61.116
2025-12-05 22:00:00,11.9248,1.60108,1.5189,10.4059,0.1355,0.095307,0.026654,51.401
2025-12-05 23:00:00,7.58033,1.23137,0.398768,7.18157,0.058299,0.056217,0.021108,19.392
2025-12-06 00:00:00,5.3548,0.905138,0.34133,5.01347,0.054844,0.040091,0.019905,21.289
2025-12-06 01:00:00,3.40775,0.631533,0.216747,3.19101,0.037029,0.022396,0.017584,12.601
2025-12-06 02:00:00,3.2115,0.62118,0.098589,3.11291,0.028014,0.019802,0.016468,9.007
2025-12-06 03:00:00,3.39136,0.727447,0.24042,3.15094,0.036292,0.020277,0.016367,6.888
2025-12-06 04:00:00,2.22209,0.452934,0.235762,1.98633,0.034664,0.015989,0.016293,9.485
2025-12-06 05:00:00,4.2799,0.768936,1.02368,3.25621,0.075597,0.02317,0.017203,11.778
2025-12-06 06:00:00,6.91139,0.874196,0.459175,6.45222,0.061089,0.0496,0.020689,24.294
2025-12-06 07:00:00,20.6366,1.47912,1.57495,19.0617,0.144297,0.131158,0.029879,55.684
2025-12-06 08:00:00,46.0398,1.92426,4.61309,41.4267,0.338061,0.297491,0.04634,154.728
2025-12-06 09:00:00,83.9376,2.87576,6.45396,77.4836,0.441741,0.51627,0.035899,244.171
2025-12-06 10:00:00,76.1323,2.48198,6.50584,69.6264,0.430866,0.499114,0.030365,257.939
2025-12-06 11:00:00,62.9476,2.34163,4.48276,58.4649,0.347633,0.426407,0.027246,205.986
2025-12-06 12:00:00,35.2948,2.00447,3.12768,32.1671,0.254204,0.246274,0.02019,125.857
2025-12-06 13:00:00,38.5929,1.73717,3.78248,34.8104,0.298119,0.286708,0.02192,137.694
2025-12-06 14:00:00,61.2356,2.31287,4.32134,56.9142,0.318569,0.390108,0.026316,184.62
2025-12-06 15:00:00,41.9647,1.74446,3.71425,38.2504,0.274209,0.296622,0.024083,154.443
2025-12-06 16:00:00,41.3834,1.85726,2.93744,38.446,0.223761,0.280505,0.021656,126.727
2025-12-06 17:00:00,28.2957,2.12367,3.17566,25.1201,0.233749,0.207147,0.019027,94.182
2025-12-06 18:00:00,19.9688,2.08225,2.44219,17.5266,0.184084,0.15568,0.016325,71.634
2025-12-06 19:00:00,20.5966,2.33893,2.52909,18.0675,0.198078,0.162033,0.016939,75.941
2025-12-06 20:00:00,18.6416,2.34308,1.54519,17.0964,0.136772,0.140905,0.015565,71.221
2025-12-06 21:00:00,14.1391,1.97419,1.28503,12.8541,0.106501,0.112642,0.014499,62.979
2025-12-06 22:00:00,9.81937,1.40077,0.994367,8.825,0.087862,0.074222,0.01194,42.156
2025-12-06 23:00:00,9.53262,1.63118,0.452822,9.07979,0.065064,0.07332,0.011063,23.755
2025-12-07 00:00:00,4.79238,0.920549,0.206029,4.58635,0.042586,0.035833,0.00935,14.424
2025-12-07 01:00:00,4.93616,0.993991,0.211429,4.72473,0.033045,0.029763,0.008893,10.285
2025-12-07 02:00:00,2.43202,0.52324,0.128125,2.30389,0.028889,0.017404,0.008325,8.241
2025-12-07 03:00:00,2.82295,0.559443,0.120273,2.70268,0.02738,0.019454,0.008216,8.471
2025-12-07 04:00:00,1.75188,0.360617,0.091495,1.66038,0.025276,0.014424,0.008101,6.655
2025-12-07 05:00:00,2.41825,0.503173,0.10978,2.30847,0.027036,0.016776,0.008303,9.188
2025-12-07 06:00:00,5.77513,0.900394,0.335108,5.44002,0.052859,0.039992,0.009838,19.515
2025-12-07 07:00:00,22.1584,1.93693,1.45334,20.7051,0.128519,0.137949,0.013671,60.199
2025-12-07 08:00:00,50.2157,2.2243,3.61304,46.6027,0.262393,0.320863,0.0222,154.03
2025-12-07 09:00:00,62.1949,2.32922,4.42997,57.7649,0.342896,0.433274,0.027372,207.119
2025-12-07 10:00:00,72.4087,2.63803,5.98065,66.4281,0.403018,0.473075,0.030587,226.484
2025-12-07 11:00:00,58.1309,2.53625,6.86889,51.262,0.397577,0.379939,0.026487,171.322
2025-12-07 12:00:00,30.8031,2.18834,4.43755,26.3655,0.295089,0.20947,0.019704,94.507
2025-12-07 13:00:00,29.5603,1.74273,2.41088,27.1494,0.210345,0.212874,0.018415,105.582
2025-12-07 14:00:00,34.8695,1.89446,2.53367,32.3358,0.209837,0.238059,0.019281,106.981
2025-12-07 15:00:00,41.4541,2.41969,2.75084,38.7032,0.224846,0.283894,0.021033,120.494
2025-12-07 16:00:00,27.9543,1.80794,2.78675,25.1676,0.214738,0.194666,0.01858,102.743
2025-12-07 17:00:00,28.6673,2.46029,2.35373,26.3136,0.209466,0.198738,0.018256,85.353
2025-12-07 18:00:00,22.6441,2.81784,3.01644,19.6277,0.244324,0.165815,0.017224,79.023
2025-12-07 19:00:00,22.0535,3.37106,3.40765,18.6458,0.239043,0.159768,0.016927,82.504
2025-12-07 20:00:00,17.8733,2.76249,2.44347,15.4299,0.190463,0.137163,0.01547,71.071
2025-12-07 21:00:00,17.2874,3.07387,1.31023,15.9772,0.120356,0.139471,0.015284,65.895
2025-12-07 22:00:00,13.1241,2.47624,0.739301,12.3848,0.087173,0.098277,0.012086,37.926
2025-12-07 23:00:00,7.98179,1.77215,0.401143,7.58064,0.059578,0.057271,0.010946,23.485
2025-12-08 00:00:00,9.04594,2.29011,0.27777,8.76817,0.045741,0.055976,0.009761,15.65
2025-12-08 01:00:00,3.00425,0.735974,0.148652,2.85559,0.032204,0.024178,0.008532,11.057
2025-12-08 02:00:00,1.74422,0.43935,0.108876,1.63535,0.019982,0.013469,0.007921,6.371
2025-12-08 03:00:00,3.09425,0.722618,0.126571,2.96768,0.027452,0.020079,0.008159,7.08
2025-12-08 04:00:00,3.27376,0.840719,0.127963,3.1458,0.024972,0.019907,0.008196,6.68
2025-12-08 05:00:00,4.3428,0.995142,0.168229,4.17457,0.025351,0.026607,0.008497,8.687
2025-12-08 06:00:00,7.64214,1.3735,0.523134,7.119,0.056315,0.047777,0.010148,18.901
2025-12-08 07:00:00,22.0431,1.69876,1.60724,20.4359,0.144553,0.147709,0.015164,65.987
2025-12-08 08:00:00,34.9942,1.46714,2.7547,32.2395,0.239177,0.25832,0.021298,124.065
2025-12-08 09:00:00,43.9963,1.47184,3.24788,40.7484,0.272434,0.325696,0.024711,177.064
2025-12-08 10:00:00,53.8549,1.7482,4.68401,49.1709,0.330426,0.378591,0.026896,190.952
2025-12-08 11:00:00,42.3576,1.56266,3.456,38.9016,0.300183,0.307953,0.024982,161.917
2025-12-08 12:00:00,36.9004,1.85934,3.03258,33.8679,0.256326,0.274549,0.022295,137.182
2025-12-08 13:00:00,38.3779,1.67399,3.79869,34.5792,0.285675,0.273321,0.022037,139.593
2025-12-08 14:00:00,45.0996,1.62826,3.41716,41.6824,0.259804,0.319566,0.023619,154.389
2025-12-08 15:00:00,46.8824,1.75919,3.08647,43.7959,0.255233,0.324864,0.022854,155.485
2025-12-08 16:00:00,39.9418,1.6418,3.04902,36.8928,0.238636,0.273665,0.021521,139.3
2025-12-08 17:00:00,29.2187,1.71935,3.48326,25.7354,0.246664,0.208817,0.019219,105.077
2025-12-08 18:00:00,23.4677,1.86192,3.25455,20.2131,0.233534,0.165714,0.017948,82.719
2025-12-08 19:00:00,19.6659,1.83416,2.32615,17.3397,0.190765,0.150852,0.017197,79.792
2025-12-08 20:00:00,21.1076,2.3605,2.13618,18.9714,0.156868,0.150423,0.016049,75.815
2025-12-08 21:00:00,21.5814,2.78758,2.10897,19.4725,0.166999,0.159225,0.015077,70.843
2025-12-08 22:00:00,17.4856,2.42923,1.48066,16.0049,0.129223,0.123182,0.013486,55.263
2025-12-08 23:00:00,12.4928,1.82004,1.27342,11.2193,0.104484,0.090023,0.011858,36.337
2025-12-09 00:00:00,5.7591,1.07808,0.344453,5.41465,0.058279,0.046645,0.010565,16.458
2025-12-09 01:00:00,4.32757,1.0967,0.297318,4.03025,0.043104,0.030745,0.009216,10.097
2025-12-09 02:00:00,3.53404,0.975177,0.132753,3.40129,0.02837,0.024905,0.008472,8.363
2025-12-09 03:00:00,1.58687,0.457839,0.047977,1.53889,0.017233,0.009923,0.007734,5.17
2025-12-09 04:00:00,2.42448,0.745536,0.161803,2.26268,0.032144,0.015596,0.008433,9.076
2025-12-09 05:00:00,6.82353,1.68899,0.487126,6.3364,0.062161,0.040257,0.009639,17.989
2025-12-09 06:00:00,9.11799,1.38782,0.5217,8.59629,0.069218,0.057801,0.010984,25.475
2025-12-09 07:00:00,22.173,1.46744,1.52997,20.643,0.142214,0.149527,0.015049,66.507
2025-12-09 08:00:00,40.9469,1.465,2.6489,38.298,0.237806,0.298426,0.021637,140.378
2025-12-09 09:00:00,61.3436,1.74103,4.35964,56.9839,0.339768,0.403167,0.026832,242.154
2025-12-09 10:00:00,76.2755,2.19447,5.10715,71.1683,0.382858,0.47034,0.028077,244.509
2025-12-09 11:00:00,58.3447,1.93374,5.02742,53.3173,0.390945,0.397146,0.026483,202.383
2025-12-09 12:00:00,42.3241,1.92522,3.51918,38.8049,0.268822,0.293094,0.022579,144.777
2025-12-09 13:00:00,44.4029,1.74211,3.12147,41.2814,0.267223,0.323946,0.023257,155.165
2025-12-09 14:00:00,44.2374,1.62315,3.56456,40.6729,0.272115,0.323992,0.023563,159.247
2025-12-09 15:00:00,43.9227,1.74103,4.62241,39.3003,0.344388,0.303991,0.023889,158.781
2025-12-09 16:00:00,30.9282,1.30378,3.32737,27.6009,0.261245,0.240329,0.020575,125.255
2025-12-09 17:00:00,28.8178,1.68861,3.37046,25.4474,0.233633,0.205447,0.019175,103.113
2025-12-09 18:00:00,22.4707,1.99882,3.65088,18.8198,0.250071,0.158669,0.01742,88.427
2025-12-09 19:00:00,22.4056,2.31128,3.22202,19.1835,0.230321,0.162224,0.019669,88.626
2025-12-09 20:00:00,17.9737,2.03876,2.16453,15.8091,0.183789,0.145635,0.017767,82.615
2025-12-09 21:00:00,16.6108,2.02177,2.45861,14.1522,0.197687,0.126821,0.015086,65.867
2025-12-09 22:00:00,14.826,2.10836,2.51542,12.3106,0.187454,0.109793,0.013531,53.271
2025-12-09 23:00:00,9.0514,1.5649,0.831576,8.21982,0.087016,0.072499,0.011394,30.924
2025-12-10 00:00:00,4.89111,0.979398,0.289449,4.60166,0.05284,0.039617,0.009868,19.071
2025-12-10 01:00:00,2.64613,0.558964,0.16613,2.48,0.034609,0.021645,0.008731,10.053
2025-12-10 02:00:00,2.54488,0.499388,0.14384,2.40104,0.03232,0.024375,0.009281,9.626
2025-12-10 03:00:00,2.88319,0.62245,0.232634,2.65055,0.033594,0.017378,0.008282,9.734
2025-12-10 04:00:00,3.03733,0.699523,0.291839,2.74549,0.043492,0.021213,0.008751,12.297
2025-12-10 05:00:00,2.573,0.581601,0.19588,2.37712,0.03686,0.019122,0.008534,10.8
2025-12-10 06:00:00,5.91644,0.994026,0.427859,5.48858,0.056749,0.042456,0.010936,21.2
2025-12-10 07:00:00,17.0912,1.35839,1.09575,15.9955,0.116291,0.126238,0.014501,54.097
2025-12-10 08:00:00,40.1821,1.72293,3.89772,36.2844,0.277063,0.284527,0.021209,126.181
2025-12-10 09:00:00,50.6051,1.69645,3.70642,46.8987,0.284494,0.353642,0.024828,172.55
2025-12-10 10:00:00,61.9659,2.02967,4.84899,57.1169,0.344145,0.43735,0.028358,204.679
2025-12-10 11:00:00,49.8091,1.90562,5.43701,44.3721,0.378156,0.344486,0.024341,165.057
2025-12-10 12:00:00,41.0497,2.1987,3.75745,37.2923,0.278472,0.287864,0.021126,135.351
2025-12-10 13:00:00,39.8135,1.83557,3.40643,36.4071,0.265308,0.294844,0.022884,147.682
2025-12-10 14:00:00,44.1558,1.80095,4.50307,39.6527,0.375078,0.322767,0.025436,156.736
2025-12-10 15:00:00,38.5591,1.69521,3.43854,35.1206,0.280777,0.291726,0.023077,143.342
2025-12-10 16:00:00,34.0236,1.66586,3.53075,30.4928,0.278307,0.243136,0.022051,132.681
2025-12-10 17:00:00,27.7939,1.89927,2.90632,24.8876,0.228714,0.208505,0.018796,100.635
2025-12-10 18:00:00,21.5861,2.18439,2.91804,18.6681,0.24062,0.149565,0.017896,74.792
2025-12-10 19:00:00,17.3255,1.95548,2.16268,15.1628,0.186106,0.13651,0.017,75.451
2025-12-10 20:00:00,17.0136,1.96871,2.60234,14.4113,0.187564,0.140097,0.016955,74.42
2025-12-10 21:00:00,17.1031,2.45946,2.4761,14.627,0.197882,0.130882,0.015587,66.886
2025-12-10 22:00:00,12.1539,2.07687,1.98645,10.1674,0.14882,0.089743,0.012826,44.769
2025-12-10 23:00:00,12.7753,2.32025,5.19026,7.58505,0.188538,0.067797,0.011754,30.804
2025-12-11 00:00:00,6.17018,1.27483,0.241004,5.92918,0.042913,0.046936,0.010116,17.849
2025-12-11 01:00:00,3.58754,0.870341,0.173121,3.41442,0.032178,0.023952,0.008694,10.709
2025-12-11 02:00:00,2.0414,0.492854,0.154054,1.88735,0.038203,0.0237,0.009284,10.029
2025-12-11 03:00:00,2.27268,0.556482,0.131363,2.14131,0.028229,0.01603,0.008337,8.403
2025-12-11 04:00:00,2.51631,0.666749,0.105181,2.41113,0.025539,0.016913,0.00848,8.016
2025-12-11 05:00:00,1.90406,0.421253,0.102979,1.80108,0.026145,0.020572,0.008665,7.275
2025-12-11 06:00:00,6.47133,0.984681,0.353893,6.11743,0.054604,0.045404,0.010872,21.279
2025-12-11 07:00:00,19.9821,1.46604,1.51048,18.4716,0.140162,0.135428,0.015321,59.361
2025-12-11 08:00:00,34.3199,1.4275,3.4427,30.8772,0.272562,0.242026,0.020421,117.466
2025-12-11 09:00:00,57.3993,1.96654,4.34133,53.0579,0.337635,0.36792,0.025821,184.565
2025-12-11 10:00:00,63.8804,2.05774,5.57474,58.3056,0.386048,0.431046,0.029831,225.901
2025-12-11 11:00:00,50.1612,2.02901,4.65027,45.511,0.302714,0.345567,0.025324,176.649
2025-12-11 12:00:00,37.6269,2.14081,3.19343,34.4335,0.244635,0.26706,0.021429,140.617
2025-12-11 13:00:00,39.6712,1.91223,2.44623,37.225,0.20922,0.272205,0.020757,130.661
2025-12-11 14:00:00,37.5691,1.53569,2.88218,34.6869,0.244418,0.266376,0.022576,144.301
2025-12-11 15:00:00,46.1047,2.08826,4.14511,41.9596,0.337752,0.325094,0.025894,157.094
2025-12-11 16:00:00,32.1936,1.63519,3.32777,28.8659,0.2725,0.230781,0.021735,119.38
2025-12-11 17:00:00,32.4389,2.22275,7.02999,25.4089,0.372842,0.214459,0.019779,104.432
2025-12-11 18:00:00,23.6297,2.52994,4.64275,18.9869,0.295808,0.166552,0.018441,85.929
2025-12-11 19:00:00,23.38,2.54907,2.98458,20.3955,0.220331,0.182074,0.019835,110.869
2025-12-11 20:00:00,16.4061,2.19802,2.69896,13.7071,0.180419,0.124413,0.016071,75.98
2025-12-11 21:00:00,15.7497,2.37266,3.34671,12.403,0.22592,0.115488,0.014624,65.067
2025-12-11 22:00:00,12.7315,2.1741,1.34365,11.3879,0.109662,0.094073,0.012448,50.765
2025-12-11 23:00:00,7.7861,1.27809,1.08072,6.70538,0.086688,0.058937,0.011421,33.165
2025-12-12 00:00:00,3.82916,0.715195,0.238437,3.59072,0.04853,0.030597,0.009736,16.875
2025-12-12 01:00:00,1.92671,0.375432,0.108711,1.818,0.027831,0.016308,0.008413,9.255
2025-12-12 02:00:00,1.73047,0.352869,0.109047,1.62142,0.027098,0.012714,0.008245,7.778
2025-12-12 03:00:00,1.41447,0.252044,0.191225,1.22325,0.025253,0.008834,0.008199,8.376
2025-12-12 04:00:00,1.60954,0.286089,0.094984,1.51455,0.024662,0.012066,0.008167,7.689
2025-12-12 05:00:00,2.63187,0.47387,0.169004,2.46287,0.036727,0.022086,0.008936,12.234
2025-12-12 06:00:00,8.39304,1.34504,0.829579,7.56346,0.075039,0.056236,0.010933,28.305
2025-12-12 07:00:00,20.3283,1.65729,1.97546,18.3528,0.153482,0.131422,0.014949,60.659
2025-12-12 08:00:00,31.381,1.41598,2.97618,28.4049,0.224697,0.221874,0.019735,111.836
2025-12-12 09:00:00,53.5585,1.88972,4.36036,49.1981,0.317082,0.35117,0.026357,189.322
2025-12-12 10:00:00,54.5647,1.88844,4.48429,50.0804,0.33726,0.39075,0.028714,211.357
2025-12-12 11:00:00,48.035,1.92865,3.54373,44.4913,0.290488,0.346844,0.02611,176.822
2025-12-12 12:00:00,43.7671,2.65609,5.12744,38.6397,0.363147,0.302633,0.022812,142.47
2025-12-12 13:00:00,41.8353,2.23622,3.02009,38.8152,0.247641,0.315264,0.021929,146.587
2025-12-12 14:00:00,49.6768,2.21061,5.6398,44.037,0.438964,0.340952,0.024351,164.531
2025-12-12 15:00:00,41.2626,1.96022,3.93188,37.3307,0.287526,0.293625,0.023427,142.773
2025-12-12 16:00:00,38.3512,2.08001,4.81904,33.5322,0.342372,0.270353,0.021713,124.474
2025-12-12 17:00:00,29.2112,2.42981,3.49534,25.7159,0.250005,0.222183,0.019113,97.217
2025-12-12 18:00:00,22.3642,2.44364,2.75746,19.6067,0.224044,0.175111,0.018481,89.028
2025-12-12 19:00:00,22.1777,2.70657,2.94213,19.2355,0.238918,0.178834,0.01877,80.086
2025-12-12 20:00:00,16.6904,2.09732,2.12888,14.5616,0.15774,0.150726,0.016899,73.506
2025-12-12 21:00:00,13.5762,1.61429,1.50523,12.0709,0.156128,0.128572,0.015171,55.149
2025-12-12 22:00:00,14.8481,2.22744,2.26044,12.5876,0.167445,0.118077,0.014226,52.464
2025-12-12 23:00:00,9.02087,1.72088,0.401934,8.61893,0.064243,0.072379,0.011577,25.231
2025-12-13 00:00:00,4.82365,0.886049,0.344204,4.47945,0.049356,0.038428,0.01058,16.346
2025-12-13 01:00:00,1.2742,0.2875,0.135524,1.13867,0.03121,0.015334,0.008931,9.547
2025-12-13 02:00:00,3.43131,0.915992,0.586314,2.84499,0.045698,0.023207,0.00901,12.616
2025-12-13 03:00:00,4.57098,1.18297,1.89736,2.67363,0.130665,0.021007,0.008917,12.877
2025-12-13 04:00:00,1.7327,0.448188,0.105859,1.62684,0.021225,0.009006,0.007885,7.728
2025-12-13 05:00:00,1.70492,0.458065,0.136038,1.56888,0.025053,0.014539,0.008367,9.142
2025-12-13 06:00:00,4.97534,0.948768,0.292004,4.68334,0.047261,0.035127,0.009992,18.35
2025-12-13 07:00:00,13.5026,1.45691,1.0302,12.4724,0.104694,0.094594,0.01341,49.217
2025-12-13 08:00:00,31.5032,1.56003,2.66816,28.8351,0.223799,0.224947,0.019219,111.405
2025-12-13 09:00:00,53.0578,1.96307,4.58003,48.4777,0.342488,0.389674,0.027043,180.594
2025-12-13 10:00:00,41.3625,2.09409,3.41578,37.9467,0.356789,0.397292,0.027427,193.131
2025-12-13 11:00:00,44.7017,1.96009,5.3621,39.3396,0.353837,0.315769,0.023648,159.473
2025-12-13 12:00:00,38.7105,2.29301,4.8815,33.829,0.343638,0.284933,0.022146,133.687
2025-12-13 13:00:00,43.7488,2.34101,3.93622,39.8126,0.292685,0.342384,0.024002,151.385
2025-12-13 14:00:00,52.3623,2.2607,5.47504,46.8872,0.322736,0.358657,0.024797,180.37
2025-12-13 15:00:00,49.334,2.53645,4.98534,44.3487,0.336246,0.338844,0.023598,158.812
2025-12-13 16:00:00,31.5938,2.21618,2.84601,28.7478,0.241578,0.228485,0.019557,111.982
2025-12-13 17:00:00,20.5157,2.17927,3.53086,16.9848,0.241142,0.152689,0.017104,79.559
2025-12-13 18:00:00,19.3094,2.26159,5.19902,14.1104,0.260213,0.146532,0.01839,73.44
2025-12-13 19:00:00,20.9746,3.09087,3.00583,17.9688,0.220769,0.164437,0.017525,71.378
2025-12-13 20:00:00,23.1223,4.28826,1.83228,21.29,0.142595,0.164992,0.015283,63.934
2025-12-13 21:00:00,15.3744,2.88125,1.40488,13.9695,0.121468,0.126357,0.014495,52.064
2025-12-13 22:00:00,12.1772,2.31442,1.17667,11.0006,0.10421,0.099293,0.012998,41.4288
2025-12-13 23:00:00,8.98013,1.74759,0.94847,8.03166,0.086952,0.072228,0.0115,30.7935
2025-12-14 00:00:00,5.78301,1.18076,0.720265,5.06274,0.069694,0.045164,0.010002,20.1582
2025-12-14 01:00:00,2.58589,0.613935,0.49206,2.09383,0.052435,0.0181,0.008504,9.523
2025-12-14 02:00:00,1.69815,0.427745,0.066803,1.63135,0.023053,0.016627,0.008157,5.293
2025-12-14 03:00:00,1.16911,0.313099,0.079392,1.08972,0.023144,0.012905,0.007927,5.238
2025-12-14 04:00:00,0.205842,0.210473,0.022029,0.183813,0.021513,0.013929,0.008092,4.313
2025-12-14 05:00:00,0.999846,0.571994,0.137651,0.862195,0.029916,0.015052,0.00839,8.384
2025-12-14 06:00:00,5.7751,0.9004,0.3351,5.44,0.0529,0.04,0.0098,19.515
2025-12-14 07:00:00,22.1585,1.9369,1.4533,20.7051,0.1285,0.1379,0.0137,60.199
2025-12-14 08:00:00,50.2157,2.2243,3.613,46.6027,0.2624,0.3209,0.0222,154.03
2025-12-14 09:00:00,62.1949,2.3292,4.43,57.7649,0.3429,0.4333,0.0274,207.119
2025-12-14 10:00:00,72.4087,2.638,5.9807,66.4281,0.403,0.4731,0.0306,226.484
2025-12-14 11:00:00,58.1309,2.5363,6.8689,51.262,0.3976,0.3799,0.0265,171.322
2025-12-14 12:00:00,30.8031,2.1883,4.4376,26.3655,0.2951,0.2095,0.0197,94.507
2025-12-14 13:00:00,29.5603,1.7427,2.4109,27.1494,0.2103,0.2129,0.0184,105.582
2025-12-14 14:00:00,34.8695,1.8945,2.5337,32.3358,0.2098,0.2381,0.0193,106.981
2025-12-14 15:00:00,41.4541,2.4197,2.7508,38.7032,0.2248,0.2839,0.021,120.494
2025-12-14 16:00:00,27.9543,1.8079,2.7867,25.1676,0.2147,0.1947,0.0186,102.743
2025-12-14 17:00:00,28.6673,2.4603,2.3537,26.3136,0.2095,0.1987,0.0183,85.353
2025-12-14 18:00:00,22.6441,2.8178,3.0164,19.6277,0.2443,0.1658,0.0172,79.023
2025-12-14 19:00:00,22.0535,3.3711,3.4076,18.6458,0.239,0.1598,0.0169,82.504
2025-12-14 20:00:00,17.8733,2.7625,2.4435,15.4299,0.1905,0.1372,0.0155,71.071
2025-12-14 21:00:00,17.2874,3.0739,1.3102,15.9772,0.1204,0.1395,0.0153,65.895
2025-12-14 22:00:00,13.1241,2.4762,0.7393,12.3848,0.0872,0.0983,0.0121,37.926
2025-12-14 23:00:00,7.9818,1.7722,0.4011,7.5806,0.0596,0.0573,0.0109,23.485
2025-12-15 00:00:00,9.0459,2.2901,0.2778,8.7682,0.0457,0.056,0.0098,15.65
2025-12-15 01:00:00,3.0042,0.736,0.1487,2.8556,0.0322,0.0242,0.0085,11.057
2025-12-15 02:00:00,1.7442,0.4394,0.1089,1.6353,0.02,0.0135,0.0079,6.371
2025-12-15 03:00:00,3.0942,0.7226,0.1266,2.9677,0.0275,0.0201,0.0082,7.08
2025-12-15 04:00:00,3.2738,0.8407,0.128,3.1458,0.025,0.0199,0.0082,6.68
2025-12-15 05:00:00,4.3428,0.9951,0.1682,4.1746,0.0254,0.0266,0.0085,8.687
2025-12-15 06:00:00,7.6421,1.3735,0.5231,7.119,0.0563,0.0478,0.0101,18.901
2025-12-15 07:00:00,22.0431,1.6988,1.6072,20.4359,0.1446,0.1477,0.0152,65.987
2025-12-15 08:00:00,35.4619,1.55371,3.22503,32.2369,0.236074,0.253907,0.021609,115.976
2025-12-15 09:00:00,50.3603,1.80051,3.9134,46.4469,0.30825,0.349294,0.025367,179.1
2025-12-15 10:00:00,54.4437,1.86426,4.29709,50.1466,0.330254,0.375068,0.027339,202.056
2025-12-15 11:00:00,57.4593,2.10813,5.25938,52.2,0.361744,0.38668,0.02727,194.181
2025-12-15 12:00:00,44.3489,2.18554,3.8952,40.4537,0.305572,0.30252,0.023153,149.264
2025-12-15 13:00:00,51.7407,2.21227,4.00801,47.7326,0.294209,0.354623,0.024133,160.845
2025-12-15 14:00:00,47.591,1.73652,3.60967,43.9813,0.277512,0.342582,0.024371,167.99
2025-12-15 15:00:00,54.6544,2.10923,3.8902,50.7642,0.312393,0.398571,0.025911,162.425
2025-12-15 16:00:00,35.8906,1.70211,3.48386,32.4067,0.286849,0.2768,0.022896,134.899
2025-12-15 17:00:00,28.2297,1.76259,2.83263,25.3971,0.230741,0.223692,0.019124,110.393
2025-12-15 18:00:00,27.9343,2.53764,2.16445,25.7699,0.20041,0.206208,0.017973,86.81
2025-12-15 19:00:00,24.7308,3.05848,5.13533,19.5955,0.38754,0.180489,0.019561,96.875
2025-12-15 20:00:00,17.2285,2.30327,3.49842,13.73,0.241426,0.140086,0.017442,83.225
2025-12-15 21:00:00,20.3852,3.17823,2.40466,17.9805,0.172195,0.156636,0.016921,83.792
2025-12-15 22:00:00,11.1737,1.80512,1.18587,9.9878,0.118401,0.103735,0.014135,56.039
2025-12-15 23:00:00,7.27928,1.19254,0.423776,6.8555,0.063384,0.061028,0.012233,33.423
2025-12-16 00:00:00,6.29194,1.26395,0.242192,6.04975,0.049223,0.044086,0.009803,16.386
2025-12-16 01:00:00,1.49936,0.580248,0.086855,1.4125,0.028777,0.019007,0.008385,6.701
2025-12-16 02:00:00,2.44612,0.6324,0.114338,2.33179,0.024399,0.015946,0.016175,6.521
2025-12-16 03:00:00,1.31411,0.346365,0.05799,1.25612,0.022521,0.015186,0.016083,4.932
2025-12-16 04:00:00,1.81382,0.462473,0.068157,1.74566,0.024846,0.014493,0.016212,6.532
2025-12-16 05:00:00,4.3061,0.92804,0.257605,4.0485,0.041789,0.031487,0.019416,17.022
2025-12-16 06:00:00,10.3104,1.65762,0.475869,9.83454,0.065847,0.066165,0.022103,31.146
2025-12-16 07:00:00,14.2063,1.07509,0.871144,13.3351,0.098501,0.1057,0.027793,54.517
2025-12-16 08:00:00,34.0906,1.46061,2.18217,31.9085,0.202392,0.225245,0.039614,106.032
2025-12-16 09:00:00,49.0125,1.723,4.01282,44.9997,0.316744,0.330655,0.052013,171.986
2025-12-16 10:00:00,56.0072,1.87604,4.94572,51.0615,0.36057,0.364414,0.055003,201.862
2025-12-16 11:00:00,48.0114,1.79939,4.34134,43.6701,0.324326,0.31968,0.050058,174.85
2025-12-16 12:00:00,35.9842,1.76082,3.70203,32.2821,0.308412,0.252222,0.043115,138.298
2025-12-16 13:00:00,36.9955,1.74672,3.23899,33.7565,0.250533,0.243178,0.042565,133.641
2025-12-16 14:00:00,42.6464,1.7438,4.32125,38.3251,0.318858,0.295813,0.045176,142.527
2025-12-16 15:00:00,37.1959,1.5618,3.03003,34.1659,0.245883,0.260256,0.042437,125.975
2025-12-16 16:00:00,37.5462,1.70262,3.37624,34.17,0.281849,0.255672,0.043554,134.384
2025-12-16 17:00:00,33.4937,1.98587,7.44982,26.0439,0.362921,0.205975,0.038533,108.265
2025-12-16 18:00:00,23.4404,1.95794,3.10099,20.3394,0.249831,0.170541,0.036542,101.741
2025-12-16 19:00:00,19.0226,1.84901,2.19147,16.8311,0.19096,0.142053,0.034182,86.786
2025-12-16 20:00:00,19.474,2.25237,2.63069,16.8433,0.190992,0.141876,0.031737,79
2025-12-16 21:00:00,15.102,1.93714,2.68919,12.4128,0.211101,0.104212,0.028298,64.811
2025-12-16 22:00:00,13.4096,1.71742,1.4885,11.9211,0.128273,0.096639,0.026193,51.344
2025-12-16 23:00:00,10.2424,1.54439,0.670741,9.57166,0.084074,0.065971,0.022318,31.783
2025-12-17 00:00:00,6.67747,1.12001,0.376693,6.30078,0.047008,0.042141,0.019793,17.285
2025-12-17 01:00:00,2.08701,0.36359,0.140526,1.94648,0.03103,0.015394,0.017025,9.611
2025-12-17 02:00:00,3.5592,0.685517,0.142613,3.41659,0.035,0.024796,0.017508,10.315
2025-12-17 03:00:00,2.27157,0.450172,0.118774,2.15279,0.02967,0.019288,0.016692,8.575
2025-12-17 04:00:00,5.24629,0.96938,1.49386,3.75243,0.070863,0.027094,0.017701,11.306
2025-12-17 05:00:00,6.34659,1.22568,0.22912,6.11747,0.038447,0.040665,0.019515,15.233
2025-12-17 06:00:00,7.90434,1.36235,0.801874,7.10247,0.069614,0.05073,0.022076,23.781
2025-12-17 07:00:00,21.0807,1.61439,1.28434,19.7964,0.129912,0.141763,0.030093,61.508
2025-12-17 08:00:00,33.3435,1.54957,2.18231,31.1612,0.196577,0.218815,0.039146,107.08
2025-12-17 09:00:00,54.6272,1.93549,3.95383,50.6733,0.295489,0.362355,0.052501,179.824
2025-12-17 10:00:00,67.7307,2.09927,4.67795,63.0528,0.344938,0.414109,0.059573,228.105
2025-12-17 11:00:00,47.2017,1.84482,3.07485,44.1268,0.26278,0.320759,0.050092,169.702
2025-12-17 12:00:00,41.4074,2.28493,2.9865,38.4209,0.249259,0.280402,0.044426,133.046
2025-12-17 13:00:00,38.3302,1.81076,3.07849,35.2517,0.267788,0.272913,0.04534,139.383
2025-12-17 14:00:00,37.7536,1.51938,3.015,34.7386,0.261394,0.263307,0.047069,147.767
2025-12-17 15:00:00,39.8983,1.80177,3.75747,36.1408,0.293771,0.281821,0.046142,141.321
2025-12-17 16:00:00,29.6661,1.46601,3.50259,26.1635,0.279728,0.203063,0.040826,117.454
2025-12-17 17:00:00,27.1252,1.77497,3.77186,23.3533,0.275219,0.189493,0.039325,105.971
2025-12-17 18:00:00,21.5564,2.06124,2.44953,19.1069,0.20069,0.155847,0.033506,79.816
2025-12-17 19:00:00,25.2775,3.21679,3.65469,21.6228,0.255565,0.170046,0.036899,90.564
2025-12-17 20:00:00,22.7213,2.90257,2.27436,20.4469,0.163101,0.159881,0.034494,93.966
2025-12-17 21:00:00,19.3275,2.91427,2.31062,17.0168,0.189026,0.142075,0.032406,82.048
2025-12-17 22:00:00,11.5052,1.66308,0.83813,10.667,0.098824,0.097177,0.026635,50.749
2025-12-17 23:00:00,11.0325,1.56047,0.554853,10.4777,0.120226,0.091881,0.024268,40.61
2025-12-18 00:00:00,6.13017,1.09978,0.228524,5.90165,0.049648,0.043844,0.019298,17.588
2025-12-18 01:00:00,2.61279,0.525078,0.106876,2.50591,0.029068,0.019006,0.016932,9.417
2025-12-18 02:00:00,3.88796,0.923068,0.137587,3.75038,0.034924,0.029246,0.017454,10.46
2025-12-18 03:00:00,2.16714,0.489418,0.082528,2.08461,0.023402,0.01721,0.01602,6.25
2025-12-18 04:00:00,4.33716,0.972893,0.11958,4.21758,0.032258,0.032238,0.017256,10.344
2025-12-18 05:00:00,7.85272,1.68586,0.239243,7.61348,0.040345,0.051983,0.021316,16.776
2025-12-18 06:00:00,9.37811,1.63154,0.434622,8.94349,0.057621,0.058511,0.022906,22.834
2025-12-18 07:00:00,21.342,1.65647,1.89817,19.4438,0.155752,0.141311,0.032333,69.247
2025-12-18 08:00:00,32.3949,1.45061,2.45365,29.9413,0.207391,0.217761,0.039288,114.14
2025-12-18 09:00:00,50.9085,1.81066,5.03923,45.8692,0.339642,0.328484,0.053616,176.516
2025-12-18 10:00:00,54.5699,1.72733,4.96793,49.6019,0.361024,0.347181,0.053207,191.012
2025-12-18 11:00:00,45.5506,1.77006,4.16268,41.388,0.31168,0.297541,0.046518,158.922
2025-12-18 12:00:00,37.6289,2.22973,3.76,33.8689,0.275424,0.260031,0.042297,125.665
2025-12-18 13:00:00,34.6502,1.59722,2.4877,32.1625,0.207402,0.24106,0.040095,120.787
2025-12-18 14:00:00,38.6144,1.54445,3.81144,34.803,0.280906,0.267982,0.043602,142.235
2025-12-18 15:00:00,40.892,1.59311,3.10762,37.7844,0.263788,0.288046,0.050342,153.768
2025-12-18 16:00:00,39.2452,1.64854,3.20608,36.0391,0.273843,0.276013,0.048294,145.008
2025-12-18 17:00:00,25.9916,1.48847,2.46066,23.531,0.208313,0.200546,0.042703,108.159
2025-12-18 18:00:00,22.8132,1.84662,2.52803,20.2851,0.190325,0.160728,0.035616,90.781
2025-12-18 19:00:00,22.9195,2.13165,2.68772,20.2318,0.224405,0.164981,0.03664,93.188
2025-12-18 20:00:00,20.8734,2.80858,2.57988,18.2935,0.213558,0.148591,0.032469,86.095
2025-12-18 21:00:00,17.6821,2.47026,1.95288,15.7293,0.171135,0.138099,0.030988,71.791
2025-12-18 22:00:00,17.4946,2.77516,1.59291,15.9017,0.141458,0.128842,0.028407,63.107
2025-12-18 23:00:00,15.8649,2.78234,2.08551,13.7794,0.158361,0.104946,0.024599,42.289
2025-12-19 00:00:00,9.79725,1.85554,1.31235,8.4849,0.105572,0.050773,0.021197,20.889
2025-12-19 01:00:00,3.97183,0.790257,0.922912,3.04892,0.070055,0.02242,0.01816,10.698
2025-12-19 02:00:00,3.17487,0.577879,0.18612,2.98875,0.032805,0.021061,0.017542,9.929
2025-12-19 03:00:00,1.62441,0.288528,0.086576,1.53784,0.024654,0.011542,0.016399,6.284
2025-12-19 04:00:00,3.0889,0.668883,0.109494,2.97941,0.029584,0.02164,0.017286,7.211
2025-12-19 05:00:00,3.21064,0.660625,0.145384,3.06525,0.04197,0.026584,0.01812,10.065
2025-12-19 06:00:00,6.2547,0.972435,0.461861,5.79284,0.074177,0.051258,0.023053,18.504
2025-12-19 07:00:00,21.5815,1.92212,1.29782,20.2837,0.136579,0.158748,0.033288,63.599
2025-12-19 08:00:00,39.9864,1.92966,2.86335,37.123,0.258461,0.258306,0.04225,116.556
2025-12-19 09:00:00,48.013,1.91302,3.13012,44.8829,0.25393,0.320467,0.049186,161.358
2025-12-19 10:00:00,62.1008,2.34201,4.80096,57.2999,0.361607,0.392605,0.057308,210.954
2025-12-19 11:00:00,55.726,2.53507,4.30838,51.4176,0.326364,0.363583,0.050015,172.661
2025-12-19 12:00:00,39.0538,2.47709,2.64193,36.4119,0.25876,0.247763,0.040973,119.767
2025-12-19 13:00:00,39.9358,2.08957,2.98606,36.9498,0.241356,0.262289,0.041492,136.008
2025-12-19 14:00:00,40.8094,1.70894,3.7906,37.0188,0.279713,0.266629,0.044934,139.531
2025-12-19 15:00:00,45.0183,2.07247,3.76629,41.252,0.266831,0.280318,0.043866,136.382
2025-12-19 16:00:00,30.0343,1.57511,2.85262,27.1816,0.247512,0.214008,0.043506,119.52
2025-12-19 17:00:00,18.2039,1.36563,2.46174,15.7421,0.193143,0.142921,0.036661,82.888
2025-12-19 18:00:00,16.1588,1.70523,2.04983,14.109,0.170418,0.116328,0.030906,65.03
2025-12-19 19:00:00,16.4388,1.96074,1.85774,14.5811,0.154134,0.113851,0.030157,66.717
2025-12-19 20:00:00,22.6469,3.3373,1.28474,21.3622,0.12085,0.146655,0.028974,56.722
2025-12-19 21:00:00,14.3311,2.26829,1.52485,12.8062,0.133177,0.094402,0.025578,46.735
2025-12-19 22:00:00,9.70972,1.55505,1.26211,8.44761,0.110176,0.068862,0.023484,32.202
2025-12-19 23:00:00,8.09184,1.39997,0.764009,7.32784,0.067019,0.052329,0.021493,25.691
2025-12-20 00:00:00,4.33214,0.842173,0.518694,3.81344,0.050265,0.028314,0.018813,15.477
2025-12-20 01:00:00,3.45613,0.724556,0.217384,3.23875,0.038319,0.023992,0.017583,11.495
2025-12-20 02:00:00,2.8995,0.665022,0.125222,2.77427,0.026742,0.018559,0.016636,8.549
2025-12-20 03:00:00,3.63682,0.805319,0.136176,3.50065,0.028247,0.020306,0.016717,8.788
2025-12-20 04:00:00,1.5793,0.369515,0.082792,1.49651,0.021386,0.00979,0.016012,6.453
2025-12-20 05:00:00,3.27886,0.948744,0.135752,3.14311,0.036892,0.029678,0.017953,13.527
2025-12-20 06:00:00,7.68224,1.18773,0.5385,7.14374,0.053058,0.04584,0.020462,19.393
2025-12-20 07:00:00,22.8794,1.8868,1.65974,21.2196,0.14909,0.1501,0.029545,66.09
2025-12-20 08:00:00,49.5297,2.26867,3.09871,46.4309,0.237671,0.30854,0.043093,143.763
2025-12-20 09:00:00,73.8562,2.6035,4.94106,68.9151,0.358907,0.477076,0.028961,231.258
2025-12-20 10:00:00,79.9352,2.73732,5.4132,74.522,0.398862,0.502727,0.031265,272.711
2025-12-20 11:00:00,62.9169,2.6662,5.09814,57.8188,0.367477,0.409527,0.02626,196.6
2025-12-20 12:00:00,41.11,2.60388,4.15577,36.9543,0.308346,0.278683,0.020963,133.76
2025-12-20 13:00:00,38.5178,2.01685,3.93579,34.582,0.288324,0.270492,0.02239,126.693
2025-12-20 14:00:00,50.6028,2.09293,4.0205,46.5823,0.30048,0.3377,0.024492,162.132
2025-12-20 15:00:00,48.8589,2.24577,3.32836,45.5305,0.276577,0.343222,0.024096,151.856
2025-12-20 16:00:00,42.4331,2.17918,3.39033,39.0427,0.270225,0.30205,0.022573,139.164
2025-12-20 17:00:00,25.335,2.12578,2.75206,22.583,0.210193,0.187092,0.017937,95.931
2025-12-20 18:00:00,19.0058,2.13741,2.54557,16.4602,0.205718,0.135206,0.016031,71.023
2025-12-20 19:00:00,24.4715,3.33218,3.24333,21.2282,0.250687,0.164451,0.018761,75.333
2025-12-20 20:00:00,21.2026,3.39241,2.45412,18.7485,0.185763,0.142834,0.01631,64.518
2025-12-20 21:00:00,17.0181,3.02382,2.18348,14.8346,0.180489,0.125678,0.014942,59.767
2025-12-20 22:00:00,12.6225,2.03196,1.28491,11.3376,0.120714,0.090916,0.013321,46.154
2025-12-20 23:00:00,8.20922,1.634,0.368383,7.84084,0.059077,0.056913,0.011046,24.176
2025-12-21 00:00:00,5.25769,1.04818,0.232798,5.02489,0.04518,0.034131,0.009448,16.606
2025-12-21 01:00:00,3.44347,0.737675,0.188214,3.25525,0.032852,0.022548,0.008668,11.698
2025-12-21 02:00:00,4.39754,0.950203,0.187211,4.21033,0.034957,0.027529,0.008817,12.337
2025-12-21 03:00:00,4.76666,1.04716,0.144408,4.62225,0.032055,0.028388,0.008516,9.452
2025-12-21 04:00:00,5.68938,1.36962,0.244413,5.44497,0.039493,0.034172,0.008795,11.727
2025-12-21 05:00:00,4.13319,0.903626,0.257256,3.87593,0.041251,0.026344,0.008776,12.085
2025-12-21 06:00:00,6.37378,1.21637,0.318806,6.05497,0.053741,0.042184,0.009894,20.758
2025-12-21 07:00:00,19.8938,1.89537,1.28204,18.6118,0.118536,0.136694,0.013939,60.911
2025-12-21 08:00:00,44.4589,1.91369,2.91699,41.5419,0.240833,0.30945,0.02134,139.827
2025-12-21 09:00:00,72.2003,2.44913,4.09522,68.1051,0.314069,0.495779,0.027897,205.102
2025-12-21 10:00:00,74.2738,2.28788,5.35163,68.9222,0.381309,0.496652,0.029153,233.746
2025-12-21 11:00:00,54.4532,1.9996,4.00175,50.4514,0.340164,0.398928,0.025451,182.402
2025-12-21 12:00:00,41.4623,2.4633,3.46846,37.9938,0.261596,0.289978,0.021856,130.606
2025-12-21 13:00:00,44.9331,2.17194,5.0155,39.9176,0.34482,0.31874,0.022811,141.974
2025-12-21 14:00:00,56.5328,2.55435,4.10904,52.4238,0.274106,0.380098,0.024858,169.091
2025-12-21 15:00:00,57.2071,2.91516,3.45795,53.7491,0.238158,0.351791,0.022957,150.738
2025-12-21 16:00:00,46.6239,2.65694,6.71743,39.9065,0.323249,0.289316,0.021791,141.69
2025-12-21 17:00:00,26.9941,2.29074,2.48057,24.5135,0.202291,0.186414,0.01746,98.295
2025-12-21 18:00:00,19.6582,2.04987,2.43327,17.2249,0.196175,0.153557,0.017495,71.363
2025-12-21 19:00:00,17.3503,2.29198,2.71186,14.6384,0.18213,0.12933,0.015566,63.165
2025-12-21 20:00:00,15.0069,1.98451,2.42893,12.578,0.257993,0.120243,0.015676,62.763
2025-12-21 21:00:00,12.6138,1.94478,1.60556,11.0083,0.140005,0.100692,0.013073,52.613
2025-12-21 22:00:00,15.3888,1.91125,1.80344,13.5853,0.154175,0.120127,0.014092,62.4923
2025-12-21 23:00:00,18.1637,1.87773,2.00131,16.1624,0.168346,0.139562,0.015112,72.3717
2025-12-22 00:00:00,20.9386,1.8442,2.19919,18.7394,0.182516,0.158998,0.016132,82.251
2025-12-22 01:00:00,,,,,,,,
2025-12-22 02:00:00,,,,,,,,
2025-12-22 03:00:00,,,,,,,,
2025-12-22 04:00:00,,,,,,,,
2025-12-22 05:00:00,,,,,,,,
2025-12-22 06:00:00,,,,,,,,
2025-12-22 07:00:00,,,,,,,,
2025-12-22 08:00:00,,,,,,,,
2025-12-22 09:00:00,45.913,1.54246,3.98006,41.9329,0.310051,0.333915,0.025309,171.165
2025-12-22 10:00:00,65.6304,2.01481,4.58935,61.041,0.318584,0.410228,0.026822,206.573
2025-12-22 11:00:00,48.185,1.74571,4.01901,44.166,0.289458,0.323257,0.023727,165.518
2025-12-22 12:00:00,34.5182,1.85104,3.43956,31.0787,0.287717,0.248425,0.020764,128.284
2025-12-22 13:00:00,34.8631,1.5514,2.7097,32.1534,0.239176,0.286537,0.022347,134.592
2025-12-22 14:00:00,51.0397,1.87522,3.7596,47.2801,0.286176,0.34785,0.023873,173.156
2025-12-22 15:00:00,43.5369,1.66578,3.38676,40.1501,0.276364,0.315919,0.0235,159.851
2025-12-22 16:00:00,37.6595,1.6742,3.4995,34.16,0.274092,0.26819,0.022707,141.228
2025-12-22 17:00:00,34.1396,1.84978,3.3691,30.7705,0.322309,0.267732,0.022464,130.265
2025-12-22 18:00:00,26.1058,2.15501,2.50258,23.6032,0.217439,0.208891,0.01975,100.995
2025-12-22 19:00:00,17.5506,1.94229,2.40497,15.1456,0.202059,0.151029,0.016989,77.237
2025-12-22 20:00:00,22.4713,2.88834,3.44743,19.0239,0.237454,0.172562,0.01711,84.1
2025-12-22 21:00:00,17.7381,2.56701,2.14919,15.5889,0.159889,0.146019,0.01533,72.348
2025-12-22 22:00:00,12.5429,2.17834,0.690111,11.8528,0.084745,0.105201,0.012884,48.199
2025-12-22 23:00:00,8.98352,1.58216,0.574195,8.40932,0.062979,0.06914,0.010954,26.912
2025-12-23 00:00:00,2.83032,0.610771,0.138998,2.69132,0.030772,0.022349,0.009138,10.981
2025-12-23 01:00:00,2.97114,0.745393,0.13309,2.83805,0.026986,0.020943,0.008477,8.591
2025-12-23 02:00:00,0.839485,0.287298,0.055935,0.78355,0.022648,0.012463,0.008007,6.07
2025-12-23 03:00:00,2.95973,0.678838,0.132257,2.82748,0.026665,0.021003,0.00851,9.047
2025-12-23 04:00:00,4.41528,1.20504,0.18505,4.23023,0.034535,0.029887,0.009007,12.485
2025-12-23 05:00:00,4.67897,1.12746,0.276111,4.40286,0.045648,0.03415,0.009434,17.508
2025-12-23 06:00:00,12.7757,2.11168,0.519847,12.2558,0.065379,0.079436,0.010935,29.409
2025-12-23 07:00:00,18.0403,1.4423,1.24345,16.7968,0.157131,0.141791,0.015071,60.413
2025-12-23 08:00:00,35.7219,1.53669,3.21787,32.504,0.244753,0.261389,0.019894,111.33
2025-12-23 09:00:00,47.9641,1.77435,3.71205,44.2521,0.280177,0.331138,0.024837,176.896
2025-12-23 10:00:00,54.8468,1.83951,3.9197,50.9271,0.291379,0.378706,0.025388,193.737
2025-12-23 11:00:00,53.1428,2.04774,3.72936,49.4135,0.303411,0.363815,0.026294,180.502
2025-12-23 12:00:00,37.3521,1.85868,3.92192,33.4302,0.286683,0.25871,0.020903,133.477
2025-12-23 13:00:00,40.2864,1.85891,3.95228,36.3341,0.501146,0.282491,0.022155,141.98
2025-12-23 14:00:00,39.0529,1.54824,3.0134,36.0395,0.257956,0.288162,0.021902,114.64
2025-12-23 15:00:00,42.6471,1.78964,3.38135,39.2658,0.269301,0.279537,0.021713,142.884
2025-12-23 16:00:00,30.1227,1.27272,2.50535,27.6174,0.220008,0.224123,0.019754,121.537
2025-12-23 17:00:00,24.0547,1.43081,2.16753,21.8872,0.194573,0.192926,0.019229,105.351
2025-12-23 18:00:00,19.2188,1.45267,2.56156,16.6573,0.207688,0.158201,0.017211,86.882
2025-12-23 19:00:00,18.1764,1.73076,2.0844,16.092,0.167696,0.163531,0.017415,94.654
2025-12-23 20:00:00,20.3936,2.1844,1.84532,18.5483,0.163553,0.162244,0.016414,85.034
2025-12-23 21:00:00,15.4748,1.89225,1.55734,13.9175,0.134883,0.136463,0.015088,65.889
2025-12-23 22:00:00,12.9971,1.71647,1.12154,11.8756,0.097681,0.10332,0.012773,54.154
2025-12-23 23:00:00,8.8494,1.50705,1.05028,7.79913,0.081402,0.062461,0.011426,30.571
2025-12-24 00:00:00,6.34621,1.24631,0.308257,6.03795,0.050963,0.047882,0.010243,23.001
2025-12-24 01:00:00,5.17359,1.08098,0.23155,4.94204,0.041951,0.036415,0.009449,16.141
2025-12-24 02:00:00,6.02189,1.17066,0.229931,5.79196,0.042517,0.040235,0.009634,14.755
2025-12-24 03:00:00,3.16607,0.61358,0.170455,2.99562,0.034192,0.022545,0.008539,10.713
2025-12-24 04:00:00,3.60181,0.851089,0.146499,3.45531,0.027397,0.022953,0.008236,7.139
2025-12-24 05:00:00,3.34593,0.631785,0.19316,3.15278,0.036132,0.024171,0.008866,12.219
2025-12-24 06:00:00,7.11709,1.02198,0.39696,6.72013,0.05742,0.055817,0.010735,24.559
2025-12-24 07:00:00,13.8416,1.12132,1.00002,12.8416,0.10248,0.106881,0.013436,47.081
2025-12-24 08:00:00,30.9623,1.40508,1.92041,29.0419,0.183671,0.236861,0.019418,110.51
2025-12-24 09:00:00,44.7319,1.57385,3.77535,40.9565,0.296697,0.320934,0.023854,161.671
2025-12-24 10:00:00,54.4642,1.81826,4.51301,49.9512,0.34408,0.378698,0.025954,191.375
2025-12-24 11:00:00,45.5333,1.7942,3.62445,41.9089,0.301718,0.320701,0.023312,167.032
2025-12-24 12:00:00,35.8279,2.05742,3.09217,32.7357,0.238162,0.249884,0.020364,129.88
2025-12-24 13:00:00,39.452,1.85761,2.51287,36.9391,0.233604,0.293382,0.022202,138.703
2025-12-24 14:00:00,48.8203,1.99137,4.58479,44.2355,0.272095,0.306145,0.022846,148.96
2025-12-24 15:00:00,39.3405,1.70291,2.94854,36.392,0.247254,0.288984,0.02223,147.87
2025-12-24 16:00:00,31.3542,1.54637,3.5143,27.8399,0.263034,0.224241,0.019871,124.949
2025-12-24 17:00:00,22.5338,1.51968,2.64058,19.8932,0.208627,0.164283,0.017395,92.335
2025-12-24 18:00:00,15.0196,1.27544,2.42893,12.5907,0.178449,0.125245,0.015771,73.58
2025-12-24 19:00:00,18.6482,2.07941,2.00301,16.6452,0.155823,0.140336,0.01597,78.069
2025-12-24 20:00:00,17.2009,2.20073,1.76315,15.4377,0.149629,0.133373,0.015283,74.401
2025-12-24 21:00:00,12.8071,1.63148,1.25422,11.5529,0.103814,0.108043,0.014051,58.933
2025-12-24 22:00:00,13.9615,1.93964,1.39457,12.5669,0.119482,0.108673,0.013015,50.511
2025-12-24 23:00:00,6.65951,1.13142,0.882593,5.77691,0.090957,0.051542,0.011049,27.869
2025-12-25 00:00:00,3.10839,0.959381,0.175079,2.93331,0.041029,0.031125,0.018727,16.379
2025-12-25 01:00:00,3.1371,0.751942,0.21722,2.91988,0.035732,0.022181,0.018282,12.527
2025-12-25 02:00:00,1.30037,0.333429,0.06124,1.23913,0.022876,0.010583,0.013105,6.872
2025-12-25 03:00:00,2.12514,0.551698,0.092966,2.03217,0.027216,0.019396,0.006734,7.932
2025-12-25 04:00:00,3.87246,1.09639,0.155656,3.71681,0.039983,0.038696,0.00783,8.938
2025-12-25 05:00:00,4.08672,0.91303,0.173064,3.91366,0.036919,0.044684,0.009651,12.842
2025-12-25 06:00:00,9.68325,1.58223,0.536557,9.14669,0.064422,0.104123,0.013284,30.17
2025-12-25 07:00:00,19.2202,1.45806,1.12877,18.0914,0.12066,0.200036,0.020228,63.226
2025-12-25 08:00:00,33.7723,1.41248,2.65841,31.1139,0.22595,0.312648,0.033152,117.214
2025-12-25 09:00:00,47.3339,1.76527,3.35725,43.9766,0.256141,0.411211,0.042952,166.361
2025-12-25 10:00:00,50.466,1.81259,3.14511,47.3209,0.271841,0.444524,0.043678,181.002
2025-12-25 11:00:00,36.2635,1.53503,2.86264,33.4009,0.238217,0.347919,0.038432,138.494
2025-12-25 12:00:00,34.4272,1.71998,2.69793,31.7293,0.217188,0.326442,0.03414,119.214
2025-12-25 13:00:00,39.6232,1.76072,3.10317,36.5201,0.232679,0.353722,0.036566,137.742
2025-12-25 14:00:00,39.8803,1.66196,2.88745,36.9929,0.23345,0.362106,0.036245,140.502
2025-12-25 15:00:00,41.1968,1.89411,2.69303,38.5038,0.228946,0.361145,0.03676,142.056
2025-12-25 16:00:00,41.3163,2.08479,2.52339,38.7929,0.225125,0.38036,0.037122,137.364
2025-12-25 17:00:00,25.4766,1.77364,2.22561,23.251,0.19083,0.269306,0.031228,102.692
2025-12-25 18:00:00,21.559,2.12445,2.32891,19.23,0.203079,0.250324,0.029802,89.718
2025-12-25 19:00:00,18.1319,2.02636,2.4107,15.7212,0.182684,0.234335,0.027024,80.935
2025-12-25 20:00:00,16.0605,1.93594,1.67818,14.3824,0.141745,0.207616,0.024152,77.4
2025-12-25 21:00:00,17.2652,2.56465,1.50473,15.7605,0.144247,0.232539,0.020898,66.279
2025-12-25 22:00:00,9.34667,1.49308,0.722088,8.62458,0.082494,0.126496,0.014713,41.935
2025-12-25 23:00:00,8.47701,1.41425,0.448906,8.0281,0.058088,0.086025,0.01166,30.063
2025-12-26 00:00:00,3.85943,0.790543,0.2415,3.61793,0.038252,0.048864,0.00903,16.524
2025-12-26 01:00:00,2.93814,0.694596,0.17337,2.76477,0.035232,0.031031,0.008199,12.038
2025-12-26 02:00:00,2.88365,0.695191,0.184627,2.69903,0.034776,0.034982,0.007935,13.215
2025-12-26 03:00:00,4.64274,1.05757,0.141705,4.50103,0.027825,0.033071,0.006853,8.545
2025-12-26 04:00:00,2.67739,0.620917,0.121002,2.55639,0.023778,0.025816,0.007105,7.402
2025-12-26 05:00:00,2.88186,0.689771,0.146364,2.7355,0.029976,0.027117,0.007462,9.037
2025-12-26 06:00:00,4.46438,0.71844,0.280539,4.18384,0.047081,0.048652,0.010336,16.298
2025-12-26 07:00:00,17.1516,1.56836,1.21723,15.9343,0.10841,0.175757,0.021056,55.869
2025-12-26 08:00:00,32.073,1.55513,2.1619,29.9111,0.177787,0.297974,0.029905,102.402
2025-12-26 09:00:00,47.8229,2.01444,2.93472,44.8882,0.26793,0.421444,0.043256,160.756
2025-12-26 10:00:00,46.4831,1.74172,3.24996,43.2331,0.266299,0.409673,0.042714,167.658
2025-12-26 11:00:00,44.2844,1.83175,3.09004,41.1943,0.246297,0.406237,0.040044,152.393
2025-12-26 12:00:00,31.5483,1.94574,2.35656,29.1917,0.194772,0.31685,0.031836,113.37
2025-12-26 13:00:00,36.6305,1.97086,2.57445,34.056,0.22874,0.355438,0.03567,127.071
2025-12-26 14:00:00,39.2497,1.66864,4.2344,35.0153,0.285504,0.350413,0.037973,145.152
2025-12-26 15:00:00,30.8654,1.38996,2.31186,28.5536,0.205716,0.325005,0.035323,122.442
2025-12-26 16:00:00,26.7489,1.48374,2.18199,24.5669,0.192957,0.296391,0.03407,103.238
2025-12-26 17:00:00,21.4971,1.78252,2.24709,19.25,0.185746,0.244424,0.027158,79.496
2025-12-26 18:00:00,16.6368,1.79818,2.02118,14.6156,0.213686,0.206943,0.025157,64.414
2025-12-26 19:00:00,17.7701,2.16076,2.38079,15.3893,0.175604,0.201398,0.024567,67.849
2025-12-26 20:00:00,15.9332,2.25045,1.15577,14.7774,0.118782,0.215794,0.023359,59.44
2025-12-26 21:00:00,13.4843,2.17138,0.967991,12.5163,0.119822,0.175748,0.018388,58.688
2025-12-26 22:00:00,11.5593,1.9272,0.985573,10.5738,0.114741,0.133834,0.01447,40.432
2025-12-26 23:00:00,10.8123,1.92939,0.724651,10.0877,0.065815,0.118517,0.013036,29.018
2025-12-27 00:00:00,4.91352,1.20963,0.30022,4.6133,0.04128,0.053061,0.008781,14.317
2025-12-27 01:00:00,2.29134,0.563813,0.157629,2.13371,0.028143,0.024275,0.006947,8.073
2025-12-27 02:00:00,3.10558,0.85131,0.139308,2.96627,0.035792,0.040178,0.007793,9.051
2025-12-27 03:00:00,2.48147,0.695868,0.123747,2.35772,0.030279,0.027005,0.006749,7.306
2025-12-27 04:00:00,3.322,0.91314,0.147011,3.17499,0.033643,0.032702,0.007497,10.597
2025-12-27 05:00:00,2.80232,0.640678,0.142184,2.66014,0.027784,0.026995,0.00695,9.068
2025-12-27 06:00:00,6.0274,1.00692,0.416601,5.6108,0.050779,0.068552,0.011277,19.617
2025-12-27 07:00:00,19.7634,1.74127,1.0425,18.7209,0.107489,0.201628,0.018029,53.223
2025-12-27 08:00:00,43.8271,2.0994,2.83515,40.992,0.23105,0.376529,0.035583,125.338
2025-12-27 09:00:00,72.883,2.98236,4.60216,68.2809,0.341568,0.543554,0.049712,193.148
2025-12-27 10:00:00,68.2161,2.58473,4.35826,63.8579,0.33214,0.540054,0.051495,206.32
2025-12-27 11:00:00,52.2864,2.46355,4.13689,48.1495,0.321005,0.431944,0.042968,156.414
2025-12-27 12:00:00,29.3774,2.23947,2.81166,26.5657,0.229055,0.348502,0.030026,92.734
2025-12-27 13:00:00,32.0386,1.94977,3.24403,28.7945,0.257457,0.312683,0.032834,118.984
2025-12-27 14:00:00,45.8012,2.38896,3.58045,42.2208,0.271078,0.401596,0.037835,142.554
2025-12-27 15:00:00,42.1483,2.33716,3.66247,38.4859,0.269164,0.383318,0.037596,131.927
2025-12-27 16:00:00,32.0116,2.19317,2.65076,29.3608,0.216319,0.309298,0.030144,102.954
2025-12-27 17:00:00,19.6957,2.01965,2.52301,17.1727,0.238255,0.225625,0.024974,70.804
2025-12-27 18:00:00,18.332,2.13261,2.23848,16.0935,0.212875,0.21407,0.023813,65.284
2025-12-27 19:00:00,19.3708,2.72292,1.33025,18.0406,0.141417,0.238333,0.022912,72.425
2025-12-27 20:00:00,15.8652,2.50714,1.55631,14.3089,0.132199,0.216911,0.019983,65.141
2025-12-27 21:00:00,16.882,3.14846,2.75421,14.1278,0.179202,0.201033,0.018547,61.018
2025-12-27 22:00:00,10.0196,1.98566,0.879431,9.14019,0.093778,0.135403,0.014629,39.178
2025-12-27 23:00:00,9.23193,2.09436,0.610832,8.62109,0.077911,0.111355,0.01322,30.396
2025-12-28 00:00:00,7.17441,1.71637,0.321571,6.85284,0.052158,0.072987,0.011155,21.499
2025-12-28 01:00:00,4.89864,1.44078,0.185112,4.71353,0.034683,0.040506,0.007767,10.462
2025-12-28 02:00:00,2.35034,0.678112,0.110448,2.23989,0.026578,0.021953,0.006702,6.369
2025-12-28 03:00:00,3.41717,0.928075,0.15529,3.26188,0.030577,0.036587,0.007372,6.875
2025-12-28 04:00:00,1.59744,0.426666,0.082592,1.51484,0.025143,0.017634,0.006605,5.321
2025-12-28 05:00:00,2.59459,0.635616,0.137388,2.4572,0.032895,0.031361,0.008096,10.653
2025-12-28 06:00:00,6.21952,1.21808,0.389864,5.82966,0.055074,0.076682,0.010571,20.477
2025-12-28 07:00:00,16.8532,1.60936,1.09076,15.7624,0.110877,0.174142,0.017428,50.095
2025-12-28 08:00:00,42.272,2.14688,2.56526,39.7067,0.226617,0.392522,0.033626,129.766
2025-12-28 09:00:00,59.0928,2.45361,4.46994,54.6229,0.347489,0.509841,0.025854,197.217
2025-12-28 10:00:00,69.5984,2.59308,5.17982,64.4185,0.379356,0.549907,0.030328,240.251
2025-12-28 11:00:00,54.4738,2.40206,4.17566,50.2982,0.32315,0.470147,0.024437,189.437
2025-12-28 12:00:00,34.1202,2.43507,2.21951,31.9007,0.193704,0.337421,0.016347,117.632
2025-12-28 13:00:00,41.4191,2.2924,3.86724,37.5518,0.283272,0.369386,0.019258,142.314
2025-12-28 14:00:00,55.5179,2.47649,3.60164,51.9163,0.286377,0.478055,0.022932,174.237
2025-12-28 15:00:00,51.3484,2.45568,3.91446,47.4339,0.285401,0.444723,0.021749,166.927
2025-12-28 16:00:00,34.2836,1.88041,3.03373,31.2499,0.249911,0.322255,0.01756,117.433
2025-12-28 17:00:00,24.8898,2.26436,2.04107,22.8488,0.207478,0.263352,0.015941,99.68
2025-12-28 18:00:00,19.0017,2.2762,2.17723,16.8245,0.190789,0.213419,0.013354,74.093
2025-12-28 19:00:00,15.238,2.42411,1.60537,13.6326,0.140314,0.182193,0.010204,63.385
2025-12-28 20:00:00,12.7225,2.22499,1.23401,11.4885,0.110422,0.157761,0.010566,58.024
2025-12-28 21:00:00,13.6156,2.67287,1.06152,12.5541,0.10239,0.171759,0.009669,53.673
2025-12-28 22:00:00,10.025,2.01791,0.921158,9.10383,0.097577,0.131866,0.008116,45.341
2025-12-28 23:00:00,4.8015,0.905259,0.35963,4.44186,0.053844,0.063744,0.005417,25.557
2025-12-29 00:00:00,3.6656,0.887984,0.21906,3.44654,0.046864,0.042264,0.004588,18.668
2025-12-29 01:00:00,4.56618,1.26068,0.236452,4.32973,0.047057,0.04841,0.00468,20.384
2025-12-29 02:00:00,4.41078,1.23275,0.427121,3.98366,0.056126,0.044151,0.004343,18.749
2025-12-29 03:00:00,2.43204,0.682774,0.432677,1.99936,0.059772,0.039584,0.003966,12.305
2025-12-29 04:00:00,2.36854,0.725212,0.138401,2.23014,0.032268,0.025946,0.003608,10.501
2025-12-29 05:00:00,3.21945,0.949131,0.151245,3.06821,0.035234,0.040167,0.004068,11.592
2025-12-29 06:00:00,6.21888,1.19917,0.387698,5.83118,0.059209,0.080937,0.006107,23.211
2025-12-29 07:00:00,19.2937,1.48688,1.03143,18.2623,0.122665,0.202532,0.011447,64.057
2025-12-29 08:00:00,37.1783,1.52171,2.63587,34.5425,0.21935,0.327455,0.018422,122.368
2025-12-29 09:00:00,44.6471,1.42515,3.20676,41.4404,0.269046,0.4095,0.021746,179.999
2025-12-29 10:00:00,58.1036,1.72466,5.92035,52.1833,0.401101,0.46525,0.023916,207.769
2025-12-29 11:00:00,48.7547,1.65956,4.50928,44.2454,0.353622,0.418632,0.02282,175.626
2025-12-29 12:00:00,40.8064,2.00149,2.77491,38.0315,0.270298,0.384473,0.019409,137.764
2025-12-29 13:00:00,50.2809,2.06781,3.85682,46.4241,0.318066,0.430465,0.021648,168.627
2025-12-29 14:00:00,47.8275,1.78168,3.93664,43.8909,0.301999,0.428266,0.022807,174.413
2025-12-29 15:00:00,35.8716,1.78041,3.13294,32.7387,0.331238,0.405722,0.021306,170.19
2025-12-29 16:00:00,44.3736,1.80249,3.65645,40.7172,0.293135,0.384566,0.021047,165.475
2025-12-29 17:00:00,36.1286,1.92583,3.92144,32.2072,0.304964,0.327765,0.018676,134.122
2025-12-29 18:00:00,28.4621,2.11929,2.72146,25.7406,0.233288,0.279839,0.017591,110.786
2025-12-29 19:00:00,21.7231,2.16797,2.98887,18.7342,0.287883,0.240729,0.015199,99.711
2025-12-29 20:00:00,20.5761,2.44837,2.6137,17.9624,0.199454,0.214986,0.013702,87.842
2025-12-29 21:00:00,17.5,2.61584,1.98288,15.5171,0.16038,0.193196,0.012516,76.198
2025-12-29 22:00:00,12.3559,1.9015,1.3963,10.9596,0.119365,0.134857,0.008747,49.313
2025-12-29 23:00:00,7.94866,1.50829,0.516456,7.4322,0.066693,0.092173,0.005724,30.885
2025-12-30 00:00:00,5.74435,1.3664,0.258874,5.48548,0.050181,0.065795,0.005043,21.513
2025-12-30 01:00:00,3.21968,0.836716,0.184927,3.03476,0.038567,0.03235,0.004199,12.73
2025-12-30 02:00:00,3.50476,0.99285,0.135732,3.36903,0.036284,0.030895,0.003827,11.779
2025-12-30 03:00:00,2.36145,0.6611,0.096701,2.26475,0.02842,0.023656,0.00377,7.314
2025-12-30 04:00:00,3.78986,0.958489,0.169502,3.62036,0.035494,0.03199,0.003752,12.33
2025-12-30 05:00:00,6.67035,1.44255,0.31534,6.35501,0.048202,0.06221,0.00448,20.301
2025-12-30 06:00:00,11.5471,1.6808,0.599933,10.9472,0.073423,0.109377,0.006505,37.697
2025-12-30 07:00:00,26.1098,1.9255,3.25766,22.8521,0.169539,0.243334,0.01208,77.429
2025-12-30 08:00:00,40.1335,1.55725,2.897,37.2365,0.243208,0.36137,0.019533,141.749
2025-12-30 09:00:00,49.1597,1.5709,3.84904,45.3106,0.298164,0.412183,0.022895,182.751
2025-12-30 10:00:00,58.1287,1.74341,4.99119,53.1375,0.375328,0.486593,0.02594,221.638
2025-12-30 11:00:00,57.7268,2.0265,5.30598,52.4208,0.403223,0.478694,0.024875,212.5
2025-12-30 12:00:00,36.5151,1.65736,3.33172,33.1833,0.283547,0.350303,0.019052,145.788
2025-12-30 13:00:00,42.5025,1.94076,3.34928,39.1533,0.267012,0.363548,0.01945,143.147
2025-12-30 14:00:00,50.2191,1.86217,4.82919,45.3899,0.327092,0.433147,0.023363,171.748
2025-12-30 15:00:00,44.903,1.75334,3.7056,41.1974,0.303146,0.413761,0.021084,163.563
2025-12-30 16:00:00,37.2103,1.67826,3.11195,34.0983,0.252478,0.341321,0.019465,143.442
2025-12-30 17:00:00,26.5187,1.62233,2.76896,23.7497,0.253753,0.271375,0.016694,106.401
2025-12-30 18:00:00,26.9537,2.3176,2.17976,24.7739,0.187493,0.288058,0.015964,98.013
2025-12-30 19:00:00,21.5324,2.38032,2.0172,19.5152,0.164239,0.2154,0.014318,81.879
2025-12-30 20:00:00,22.2958,2.84023,2.52255,19.7733,0.229977,0.235658,0.014759,84.624
2025-12-30 21:00:00,24.2581,3.43696,2.53084,21.7272,0.281518,0.254135,0.013888,72.749
2025-12-30 22:00:00,19.2871,2.69523,1.84664,17.4404,0.218272,0.206758,0.009917,53.75
2025-12-30 23:00:00,12.7873,2.10178,0.817553,11.9697,0.113358,0.125635,0.006561,32.093
2025-12-31 00:00:00,8.71266,1.62006,0.521585,8.19107,0.06574,0.073264,0.005338,19.897
2025-12-31 01:00:00,6.07945,1.17545,0.213847,5.86561,0.041556,0.058187,0.004456,15.195
2025-12-31 02:00:00,3.22629,0.688201,0.142001,3.08429,0.03231,0.032373,0.003682,9.108
2025-12-31 03:00:00,1.92775,0.40028,0.086858,1.84089,0.025871,0.020007,0.00329,5.569
2025-12-31 04:00:00,3.23417,0.722881,0.136889,3.09728,0.028242,0.031392,0.003744,8.759
2025-12-31 05:00:00,3.85773,0.776203,0.131596,3.72613,0.036263,0.041585,0.004187,8.981
2025-12-31 06:00:00,7.55481,1.09649,0.428896,7.12591,0.060015,0.077168,0.006114,24.62
2025-12-31 07:00:00,21.2283,1.715,1.14132,20.0869,0.123721,0.209325,0.011686,63.037
2025-12-31 08:00:00,37.0705,1.55354,2.43159,34.639,0.224031,0.342844,0.018148,131.031
2025-12-31 09:00:00,63.2374,2.13842,5.28085,57.9566,0.352308,0.515015,0.025669,219.044
2025-12-31 10:00:00,69.2785,2.39089,5.69555,63.583,0.431158,0.538664,0.02699,230.172
2025-12-31 11:00:00,51.9614,2.11157,3.76736,48.1941,0.297894,0.450084,0.022706,177.689
2025-12-31 12:00:00,41.6711,2.51668,5.98395,35.6872,0.317763,0.368499,0.019809,139.164
2025-12-31 13:00:00,47.0153,2.47788,3.2242,43.7911,0.266751,0.41637,0.021141,149.99
2025-12-31 14:00:00,50.8055,2.13972,4.37209,46.4334,0.328596,0.452186,0.023529,172.292
2025-12-31 15:00:00,47.5086,1.99148,5.01891,42.4897,0.358298,0.407657,0.02231,165.484
2025-12-31 16:00:00,38.7104,1.84828,4.65888,34.0515,0.365297,0.353645,0.01974,146.253
2025-12-31 17:00:00,26.7666,1.6379,3.67643,23.0901,0.295132,0.264212,0.015283,104.32
2025-12-31 18:00:00,22.4986,1.99491,3.26049,19.2381,0.272671,0.245081,0.014686,82.962
2025-12-31 19:00:00,19.6599,2.13047,2.62161,17.0383,0.209882,0.211658,0.012267,75.73
2025-12-31 20:00:00,17.9811,2.27264,1.62667,16.3544,0.150486,0.207986,0.011925,69.915
2025-12-31 21:00:00,16.3451,2.41435,1.1235,15.2216,0.119439,0.191002,0.009887,58.728
2025-12-31 22:00:00,11.492,1.93273,0.885386,10.6066,0.10691,0.138894,0.008643,45.348
2025-12-31 23:00:00,10.9737,2.40756,0.646529,10.3271,0.075132,0.123231,0.006962,35.516
2026-01-01 00:00:00,6.85015,1.77557,0.295746,6.5544,0.051739,0.078759,0.005698,19.044
2026-01-01 01:00:00,3.53548,1.06234,0.135743,3.39974,0.040501,0.036208,0.005404,10.945
2026-01-01 02:00:00,2.29613,0.696219,0.109807,2.18632,0.034465,0.026109,0.004526,9.442
2026-01-01 03:00:00,2.87052,0.810422,0.168062,2.70245,0.032678,0.032298,0.004219,8.945
2026-01-01 04:00:00,2.91005,0.686332,0.140361,2.76969,0.032591,0.029369,0.004051,9.759
2026-01-01 05:00:00,3.1805,0.712479,0.133671,3.04683,0.032641,0.031938,0.003952,10.197
2026-01-01 06:00:00,7.44932,1.39084,0.314815,7.1345,0.049923,0.076672,0.005241,21.34
2026-01-01 07:00:00,13.2678,1.38034,0.795552,12.4723,0.090432,0.128048,0.008123,43.396
2026-01-01 08:00:00,29.1349,1.63532,2.22155,26.9133,0.182459,0.269319,0.014776,100.754
2026-01-01 09:00:00,50.3411,2.23163,4.04717,46.294,0.315432,0.419368,0.020177,146.638
2026-01-01 10:00:00,40.8155,1.93329,3.06253,37.753,0.2464,0.381821,0.019307,132.423
2026-01-01 11:00:00,35.1649,1.94045,2.26372,32.9012,0.211087,0.33448,0.016603,117.025
2026-01-01 12:00:00,33.1165,2.50921,1.80617,31.3103,0.171029,0.26168,0.013012,85.907
2026-01-01 13:00:00,32.7861,1.97459,2.48424,30.3018,0.201256,0.309796,0.015956,103.043
2026-01-01 14:00:00,34.6471,1.90139,2.46198,32.1851,0.209724,0.331956,0.017499,115.993
2026-01-01 15:00:00,35.308,2.29302,2.80138,32.5066,0.222905,0.322588,0.017788,116.341
2026-01-01 16:00:00,28.8457,2.14116,2.37184,26.4739,0.229974,0.276389,0.014761,101.958
2026-01-01 17:00:00,20.7949,2.22405,1.6836,19.1113,0.18946,0.220637,0.011549,73.268
2026-01-01 18:00:00,14.2041,2.0034,1.88228,12.3218,0.161425,0.168309,0.010152,57.809
2026-01-01 19:00:00,16.6131,2.767,1.20852,15.4045,0.11041,0.192964,0.009753,56.152
2026-01-01 20:00:00,12.9308,2.28298,1.48495,11.4459,0.122863,0.158524,0.008427,43.977
2026-01-01 21:00:00,15.1915,2.99516,1.77195,13.4195,0.12708,0.171278,0.008492,46.806
2026-01-01 22:00:00,10.5136,2.34156,0.780289,9.73331,0.087434,0.127478,0.006854,32.728
2026-01-01 23:00:00,8.13481,2.40675,0.389032,7.74578,0.058319,0.093027,0.005373,25.794
2026-01-02 00:00:00,8.67748,2.58258,1.04469,7.63279,0.082623,0.104852,0.00556,22.686
2026-01-02 01:00:00,4.05173,1.34878,0.20047,3.85126,0.040704,0.043348,0.003964,14.355
2026-01-02 02:00:00,2.22317,0.666818,0.096781,2.12639,0.029548,0.020061,0.003447,9.866
2026-01-02 03:00:00,2.1647,0.709739,0.089855,2.07485,0.028689,0.020364,0.0034,10.287
2026-01-02 04:00:00,2.33918,0.725102,0.096893,2.24228,0.026475,0.024063,0.00337,9.548
2026-01-02 05:00:00,2.53347,0.849589,0.119741,2.41373,0.033376,0.030208,0.004006,10.694
2026-01-02 06:00:00,5.65678,1.54726,0.270189,5.38659,0.047323,0.063431,0.005233,20.274
2026-01-02 07:00:00,14.0552,1.85083,0.697808,13.3574,0.087903,0.138253,0.008213,43.145
2026-01-02 08:00:00,30.8677,1.98736,2.00434,28.8633,0.166943,0.289708,0.014369,96.575
2026-01-02 09:00:00,44.351,2.44736,2.78438,41.5666,0.223904,0.384668,0.019197,139.742
2026-01-02 10:00:00,47.7992,2.56819,2.91596,44.8832,0.251536,0.418012,0.020829,151.121
2026-01-02 11:00:00,33.5694,1.97723,2.49788,31.0715,0.216009,0.314185,0.016823,112.82
2026-01-02 12:00:00,22.8464,2.04937,2.14125,20.7051,0.179726,0.234548,0.013002,89.495
2026-01-02 13:00:00,27.7301,2.29137,2.33514,25.395,0.197613,0.259941,0.015172,95.33
2026-01-02 14:00:00,33.846,2.32907,2.08278,31.7632,0.199009,0.315865,0.017277,111.323
2026-01-02 15:00:00,41.0797,2.90111,2.84688,38.2329,0.218747,0.356485,0.016498,107.619
2026-01-02 16:00:00,28.5934,2.53532,2.88151,25.7119,0.22448,0.268419,0.01401,94.439
2026-01-02 17:00:00,15.397,1.76774,2.33506,13.0619,0.165534,0.158744,0.010155,62.822
2026-01-02 18:00:00,15.9719,2.62955,1.66813,14.3038,0.134959,0.163196,0.009438,54.129
2026-01-02 19:00:00,19.892,3.43558,2.3439,17.5481,0.174086,0.208742,0.010412,60.209
2026-01-02 20:00:00,17.9858,3.34185,1.49211,16.4937,0.186746,0.227476,0.011456,56.392
2026-01-02 21:00:00,13.3955,2.61223,1.0954,12.3001,0.107008,0.15382,0.00888,44.816
2026-01-02 22:00:00,13.3277,2.95122,0.890429,12.4373,0.085038,0.153838,0.007234,38.292
2026-01-02 23:00:00,9.75169,2.75472,0.572209,9.17948,0.07146,0.111522,0.006019,29.139
2026-01-03 00:00:00,7.48197,1.86026,0.337941,7.14403,0.054141,0.096404,0.005597,23.244
2026-01-03 01:00:00,3.83051,1.23565,0.18125,3.64926,0.040238,0.049687,0.004195,14.55
2026-01-03 02:00:00,1.7228,0.578898,0.101904,1.6209,0.028255,0.016717,0.003301,7.94
2026-01-03 03:00:00,1.3046,0.381015,0.101502,1.20309,0.0288,0.016776,0.003399,7.469
2026-01-03 04:00:00,2.89738,0.776777,0.165541,2.73183,0.039865,0.030522,0.004071,10.998
2026-01-03 05:00:00,1.37517,0.5326,0.08753,1.28764,0.032947,0.023789,0.003551,9.161
2026-01-03 06:00:00,5.48108,1.2474,0.413794,5.06729,0.049409,0.05325,0.004777,15.404
2026-01-03 07:00:00,13.741,1.5827,0.761969,12.979,0.087366,0.145139,0.007548,47.376
2026-01-03 08:00:00,35.3212,1.78914,2.19862,33.1226,0.198622,0.314322,0.015836,118.631
2026-01-03 09:00:00,54.8969,2.43683,4.05214,50.8447,0.296036,0.459016,0.023692,177.808
2026-01-03 10:00:00,54.349,2.56727,4.07059,50.2785,0.305482,0.45106,0.023165,178.729
2026-01-03 11:00:00,41.6391,2.37612,2.85863,38.7804,0.234203,0.375283,0.019304,135.785
2026-01-03 12:00:00,28.1335,2.45879,2.20722,25.9263,0.185101,0.277139,0.01334,91.689
2026-01-03 13:00:00,29.9077,2.13169,2.88381,27.0239,0.218285,0.291371,0.015635,105.002
2026-01-03 14:00:00,33.2065,2.08426,2.43613,30.7703,0.211878,0.318176,0.01751,110.554
2026-01-03 15:00:00,26.1429,1.76451,1.84779,24.2951,0.175022,0.265711,0.014158,90.773
2026-01-03 16:00:00,23.9546,1.75363,2.07065,21.8839,0.169483,0.25695,0.012803,85.697
2026-01-03 17:00:00,17.7344,1.89349,1.22801,16.5064,0.132059,0.21072,0.010772,71.091
2026-01-03 18:00:00,19.1501,2.76177,2.55624,16.5938,0.190908,0.202572,0.010482,72.327
2026-01-03 19:00:00,15.135,2.34215,1.92989,13.2051,0.146673,0.168454,0.010081,61.039
2026-01-03 20:00:00,13.5947,2.34552,1.7956,11.7991,0.145461,0.146229,0.009187,56.155
2026-01-03 21:00:00,14.9322,2.71297,1.00187,13.9303,0.097867,0.160499,0.0083,49.543
2026-01-03 22:00:00,14.2195,2.75572,1.16632,13.0532,0.091743,0.155389,0.008049,51.37
2026-01-03 23:00:00,13.5134,3.5118,1.67506,11.8383,0.105836,0.141506,0.007083,39.402
2026-01-04 00:00:00,8.61794,2.49362,0.487846,8.1301,0.057775,0.089832,0.005683,28.484
2026-01-04 01:00:00,7.39292,2.53009,0.237115,7.15581,0.04929,0.078541,0.004803,22.623
2026-01-04 02:00:00,5.21499,1.8506,0.171667,5.04333,0.038075,0.055869,0.00421,16.435
2026-01-04 03:00:00,3.30056,1.12035,0.164652,3.13591,0.039494,0.041724,0.004235,12.757
2026-01-04 04:00:00,2.31234,0.771295,0.104946,2.2074,0.031602,0.025699,0.00352,10.203
2026-01-04 05:00:00,3.80744,1.14406,0.182796,3.62464,0.040069,0.041765,0.004116,13.14
2026-01-04 06:00:00,3.61338,0.861558,0.233625,3.37975,0.046146,0.045601,0.005071,18.162
2026-01-04 07:00:00,13.2501,1.3274,0.975393,12.2747,0.104779,0.13336,0.00839,41.91
2026-01-04 08:00:00,26.2497,1.42941,2.74905,23.5006,0.210905,0.265889,0.014777,87.015
2026-01-04 09:00:00,41.5022,1.86594,2.62361,38.8786,0.226579,0.366603,0.018855,133.592
2026-01-04 10:00:00,43.6085,1.79356,3.40476,40.2037,0.271901,0.401738,0.020548,157.36
2026-01-04 11:00:00,41.712,2.04511,3.42619,38.2858,0.292971,0.382106,0.019577,156.335
2026-01-04 12:00:00,34.4233,2.49915,3.46904,30.9542,0.300495,0.330231,0.017482,118.774
2026-01-04 13:00:00,28.9426,1.99028,2.44354,26.4991,0.280201,0.376014,0.019094,132.188
2026-01-04 14:00:00,45.0222,1.93844,4.09875,40.9235,0.341449,0.415923,0.021586,159.462
2026-01-04 15:00:00,44.0828,2.19842,3.92205,40.1607,0.295226,0.408536,0.020116,146.04
2026-01-04 16:00:00,30.5957,1.86423,3.10387,27.4919,0.286501,0.333798,0.016923,116.93
2026-01-04 17:00:00,27.943,2.45545,2.65938,25.2836,0.223772,0.272756,0.012798,86.863
2026-01-04 18:00:00,22.9118,2.84054,3.0544,19.8574,0.222808,0.262406,0.012885,80.864
2026-01-04 19:00:00,22.2069,2.67617,2.42379,19.7831,0.195342,0.254946,0.012906,78.519
2026-01-04 20:00:00,18.7162,2.80771,1.99639,16.7198,0.17311,0.21741,0.011356,69.644
2026-01-04 21:00:00,16.5095,2.74883,1.6615,14.848,0.130691,0.194733,0.009771,61.605
2026-01-04 22:00:00,11.8822,2.13095,1.79486,10.0873,0.126348,0.145789,0.008208,49.615
2026-01-04 23:00:00,8.65408,1.68236,0.935195,7.71889,0.085759,0.112228,0.007025,38.997
2026-01-05 00:00:00,6.63091,1.41747,0.404244,6.22666,0.055074,0.09387,0.005548,29.005
2026-01-05 01:00:00,5.07445,1.24009,0.1684,4.90605,0.040672,0.065939,0.004621,17.71
2026-01-05 02:00:00,4.94742,1.32567,0.146968,4.80045,0.037211,0.060515,0.004052,14.522
2026-01-05 03:00:00,4.69644,1.26862,0.161591,4.53485,0.036963,0.05269,0.00397,14.375
2026-01-05 04:00:00,4.84074,1.38149,0.17659,4.66415,0.040899,0.043362,0.004323,14.625
2026-01-05 05:00:00,5.50183,1.42534,0.273766,5.22806,0.04797,0.05122,0.004479,18.48
2026-01-05 06:00:00,9.21866,1.67369,0.52096,8.6977,0.066272,0.085909,0.005887,29.87
2026-01-05 07:00:00,21.2824,1.73337,1.84282,19.4395,0.153247,0.212267,0.010625,66.575
2026-01-05 08:00:00,34.7009,1.5413,2.43296,32.268,0.235021,0.332149,0.017484,118.512
2026-01-05 09:00:00,60.2235,2.09604,3.71189,56.5116,0.303036,0.487675,0.02364,190.221
2026-01-05 10:00:00,59.5732,1.96068,4.81749,54.7557,0.368172,0.480555,0.025259,197.645
2026-01-05 11:00:00,51.8266,1.96805,5.12514,46.7015,0.458259,0.437008,0.022728,163.77
2026-01-05 12:00:00,37.9935,1.92645,3.21524,34.7783,0.293288,0.36905,0.01918,140.059
2026-01-05 13:00:00,43.3043,1.81205,2.75442,40.5499,0.261094,0.397953,0.021003,153.978
2026-01-05 14:00:00,44.4805,1.68653,3.33067,41.1498,0.279197,0.388983,0.020944,156.814
2026-01-05 15:00:00,41.0759,1.67712,3.04718,38.0287,0.246022,0.386829,0.020656,147.971
2026-01-05 16:00:00,35.1233,1.62367,2.74025,32.383,0.240226,0.323443,0.017941,129.418
2026-01-05 17:00:00,26.9181,1.68829,3.35036,23.5677,0.263662,0.285133,0.017627,111.236
2026-01-05 18:00:00,21.1048,1.82979,2.50967,18.5951,0.201355,0.227682,0.015752,88.366
2026-01-05 19:00:00,23.5579,2.76892,3.44572,20.1122,0.264983,0.268778,0.016788,89.379
2026-01-05 20:00:00,18.9562,2.58329,1.92546,17.0307,0.165651,0.203314,0.011871,75.178
2026-01-05 21:00:00,13.9192,2.09816,1.00154,12.9177,0.11658,0.167969,0.009285,59.178
2026-01-05 22:00:00,8.16012,2.12061,0.476781,7.68334,0.08234,0.138522,0.007928,47.121
2026-01-05 23:00:00,5.88459,1.31587,0.348955,5.53564,0.053544,0.069507,0.005572,21.859
2026-01-06 00:00:00,3.68183,1.04007,0.185247,3.49659,0.041676,0.044741,0.004736,12.568
2026-01-06 01:00:00,3.79267,1.19643,0.174844,3.61783,0.039446,0.040505,0.004003,9.433
2026-01-06 02:00:00,1.88324,0.572761,0.132392,1.75085,0.035797,0.022537,0.003936,10.079
2026-01-06 03:00:00,3.05798,0.783295,0.125384,2.9326,0.034236,0.040326,0.003878,10.31
2026-01-06 04:00:00,3.12538,0.759694,0.154043,2.97134,0.036715,0.032683,0.00384,10.299
2026-01-06 05:00:00,3.49401,0.71219,0.220634,3.27337,0.048196,0.037744,0.004327,13.765
2026-01-06 06:00:00,8.54344,1.52073,0.499711,8.04373,0.069579,0.091175,0.0059,25.273
2026-01-06 07:00:00,17.4233,1.38898,1.34763,16.0757,0.133667,0.176936,0.009814,57.028
2026-01-06 08:00:00,36.7415,1.54649,2.53116,34.2103,0.217248,0.342557,0.01742,123.138
2026-01-06 09:00:00,45.1854,1.56796,3.24652,41.9389,0.297966,0.420642,0.022587,168.644
2026-01-06 10:00:00,52.6062,1.76732,3.35729,49.2489,0.291985,0.453243,0.024363,189.98
2026-01-06 11:00:00,48.2829,1.91174,3.5598,44.7231,0.295824,0.422258,0.02295,171.871
2026-01-06 12:00:00,38.4288,2.11822,3.07283,35.3559,0.274808,0.338643,0.017226,132.241
2026-01-06 13:00:00,43.7713,1.84502,3.12854,40.6427,0.25769,0.391859,0.020525,157.136
2026-01-06 14:00:00,44.9797,1.76128,3.16615,41.8136,0.268473,0.399816,0.020967,163.598
2026-01-06 15:00:00,40.8894,1.70501,3.0915,37.7979,0.25126,0.372528,0.020332,136.057
2026-01-06 16:00:00,37.0374,1.82828,2.21918,34.8182,0.21811,0.346498,0.018009,126.057
2026-01-06 17:00:00,25.3921,1.49559,1.98193,23.4101,0.191875,0.271271,0.015855,97.803
2026-01-06 18:00:00,22.9341,1.71894,1.92763,21.0065,0.177972,0.239726,0.014359,62.689
2026-01-06 19:00:00,19.5685,1.90244,3.27877,16.2898,0.274876,0.208458,0.012914,81.534
2026-01-06 20:00:00,22.4177,2.78827,3.1744,19.2433,0.23361,0.227632,0.012547,71.738
2026-01-06 21:00:00,16.152,2.1774,1.15925,14.9927,0.116647,0.184198,0.009681,63.503
2026-01-06 22:00:00,14.2064,2.32056,0.910264,13.2962,0.098374,0.148342,0.008284,51.569
2026-01-06 23:00:00,11.5559,1.84481,0.661135,10.8948,0.078231,0.12599,0.006493,33.692
2026-01-07 00:00:00,8.61852,1.89086,0.343356,8.27517,0.056482,0.102491,0.005519,23.121
2026-01-07 01:00:00,4.43265,1.0484,0.208763,4.22388,0.042413,0.04083,0.004099,14.855
2026-01-07 02:00:00,3.33534,0.750526,0.16851,3.16682,0.037978,0.026384,0.003742,11.475
2026-01-07 03:00:00,2.59456,0.566498,0.147527,2.44703,0.036525,0.032394,0.00375,11.393
2026-01-07 04:00:00,3.52628,0.757361,0.150591,3.37568,0.037486,0.051756,0.004533,10.276
2026-01-07 05:00:00,4.93897,0.889263,0.249659,4.68931,0.046103,0.06024,0.005276,14.541
2026-01-07 06:00:00,9.30241,1.47798,0.688928,8.61348,0.1072,0.097348,0.006362,27.103
2026-01-07 07:00:00,18.6752,1.34142,1.12837,17.5468,0.123744,0.175205,0.009533,53.353
2026-01-07 08:00:00,33.1443,1.33174,2.61008,30.5343,0.229868,0.32856,0.01794,121.542
2026-01-07 09:00:00,60.1206,1.91956,3.61287,56.5077,0.306709,0.488572,0.02344,197.861
2026-01-07 10:00:00,64.47,2.01469,4.76066,59.7093,0.356546,0.520439,0.025864,223.37
2026-01-07 11:00:00,44.1518,1.63816,3.28191,40.8699,0.27373,0.401317,0.02219,158.099
2026-01-07 12:00:00,35.4799,1.9018,3.06155,32.4184,0.293551,0.341866,0.017713,121.777
2026-01-07 13:00:00,38.8029,1.76297,2.97166,35.8312,0.257453,0.351947,0.019538,138.565
2026-01-07 14:00:00,47.6681,1.7392,3.99602,43.6721,0.317257,0.410682,0.022214,166.563
2026-01-07 15:00:00,38.863,1.58586,3.40426,35.4588,0.282016,0.364652,0.02051,150.277
2026-01-07 16:00:00,39.5705,1.90243,2.6565,36.914,0.234219,0.350485,0.01725,128.049
2026-01-07 17:00:00,24.895,1.69446,2.12497,22.77,0.172154,0.256781,0.014589,85.454
2026-01-07 18:00:00,22.4711,2.24262,3.40843,19.0626,0.256732,0.233524,0.014721,86.927
2026-01-07 19:00:00,19.6247,2.16131,2.85276,16.7719,0.220375,0.207901,0.012074,77.548
2026-01-07 20:00:00,18.6606,2.5444,2.14948,16.5112,0.169409,0.2048,0.011741,71.56
2026-01-07 21:00:00,18.5992,2.68619,2.37084,16.2283,0.172351,0.195069,0.009674,68.176
2026-01-07 22:00:00,15.0593,2.43362,2.04857,13.0107,0.140987,0.16024,0.008052,46.746
2026-01-07 23:00:00,11.0009,2.3307,1.58229,9.4186,0.115775,0.117575,0.006373,33.303
2026-01-08 00:00:00,5.5224,1.37647,0.682452,4.83995,0.068896,0.06476,0.004936,18.12
2026-01-08 01:00:00,4.65897,1.21138,0.207274,4.4517,0.045056,0.049477,0.004865,16.193
2026-01-08 02:00:00,5.04239,1.26821,0.202854,4.83953,0.040995,0.048031,0.00424,14.645
2026-01-08 03:00:00,4.50649,0.986536,0.128955,4.37754,0.033847,0.034868,0.003878,10.683
2026-01-08 04:00:00,3.2685,0.881472,0.128394,3.1401,0.037556,0.038034,0.004288,13.591
2026-01-08 05:00:00,3.28418,0.802194,0.168886,3.1153,0.037551,0.036773,0.004213,14.529
2026-01-08 06:00:00,7.88796,1.37182,0.454244,7.43372,0.056158,0.082424,0.005597,25.05
2026-01-08 07:00:00,18.0358,1.31112,1.33851,16.6973,0.131497,0.174907,0.009279,57.377
2026-01-08 08:00:00,39.2986,1.58808,3.11412,36.1845,0.246469,0.349465,0.018275,127.518
2026-01-08 09:00:00,53.0447,1.77265,4.66328,48.3814,0.34749,0.457079,0.023799,193.204
2026-01-08 10:00:00,62.938,1.83268,4.84888,58.0891,0.375616,0.514141,0.027789,251.068
2026-01-08 11:00:00,47.9717,1.6072,4.19767,43.774,0.332223,0.448767,0.025554,201.463
2026-01-08 12:00:00,41.591,2.03878,3.92624,37.6648,0.296536,0.392674,0.021375,150.847
2026-01-08 13:00:00,49.302,2.08854,4.65153,44.6505,0.345813,0.44437,0.022742,179.538
2026-01-08 14:00:00,54.2616,2.05039,4.30642,49.9552,0.322944,0.471015,0.024497,186.615
2026-01-08 15:00:00,48.1801,1.94541,3.88306,44.2971,0.305461,0.425062,0.021895,169.334
2026-01-08 16:00:00,46.0223,2.05732,3.17471,42.8476,0.267344,0.389938,0.019977,146.755
2026-01-08 17:00:00,26.9974,1.76754,2.81847,24.1789,0.247278,0.267674,0.016404,108.842
2026-01-08 18:00:00,19.8981,1.67662,2.78323,17.1149,0.214506,0.206994,0.013527,73.023
2026-01-08 19:00:00,26.0622,2.76434,3.42993,22.6323,0.257641,0.250784,0.015939,93.519
2026-01-08 20:00:00,22.2303,2.63142,2.76101,19.4692,0.217206,0.239915,0.014911,81.441
2026-01-08 21:00:00,14.5966,1.92975,1.84742,12.7492,0.140001,0.166323,0.011275,65.205
2026-01-08 22:00:00,10.069,1.50104,0.748135,9.32085,0.10731,0.126617,0.007952,38.574
2026-01-08 23:00:00,9.77972,1.51295,0.561557,9.21816,0.063605,0.102376,0.006492,30.757
2026-01-09 00:00:00,4.71085,0.822713,0.322256,4.3886,0.052963,0.059613,0.005145,19.132
2026-01-09 01:00:00,3.78542,0.804723,0.204906,3.58051,0.042441,0.036068,0.004155,13.311
2026-01-09 02:00:00,3.48678,0.766326,0.160301,3.32648,0.04221,0.032468,0.004145,14.172
2026-01-09 03:00:00,4.84971,1.0654,0.193628,4.65609,0.043829,0.043091,0.004268,15.857
2026-01-09 04:00:00,4.94881,0.969594,0.346524,4.60228,0.048362,0.046122,0.004281,13.774
2026-01-09 05:00:00,4.95636,0.797611,0.195542,4.76081,0.042311,0.038744,0.00431,13.999
2026-01-09 06:00:00,10.7232,1.35565,0.798844,9.92435,0.070997,0.095104,0.00682,29.388
2026-01-09 07:00:00,19.5459,1.38761,1.49288,18.053,0.129552,0.19139,0.011115,64.867
2026-01-09 08:00:00,38.8343,1.58715,2.92269,35.9116,0.246133,0.335183,0.018409,124.193
2026-01-09 09:00:00,55.2312,1.78776,4.09291,51.1383,0.309815,0.482719,0.023348,189.761
2026-01-09 10:00:00,64.0628,2.02641,4.73673,59.3261,0.37377,0.521781,0.025783,220.598
2026-01-09 11:00:00,46.2255,1.92446,3.83968,42.3858,0.322129,0.420553,0.021648,168.31
2026-01-09 12:00:00,30.7368,1.75639,3.04729,27.6896,0.261607,0.311715,0.016848,118.854
2026-01-09 13:00:00,35.1075,1.64778,2.42765,32.6799,0.215252,0.333548,0.017411,127.292
2026-01-09 14:00:00,43.0824,1.72467,2.96736,40.115,0.260759,0.383548,0.01992,156.138
2026-01-09 15:00:00,36.2041,1.55663,3.12315,33.081,0.247965,0.345231,0.019358,141.375
2026-01-09 16:00:00,28.6351,1.3816,3.36532,25.2698,0.242322,0.270283,0.016319,110.633
2026-01-09 17:00:00,24.1701,1.8143,2.46718,21.7029,0.208918,0.249155,0.015545,87.654
2026-01-09 18:00:00,19.4715,2.02659,1.81817,17.6533,0.182991,0.203853,0.01253,71.85
2026-01-09 19:00:00,22.4862,2.69489,2.08089,20.4053,0.218948,0.24481,0.013843,74.12
2026-01-09 20:00:00,13.7387,1.96099,1.34674,12.3919,0.158855,0.170554,0.010981,63.824
2026-01-09 21:00:00,14.4592,2.36261,1.39602,13.0632,0.141599,0.184088,0.010718,55.743
2026-01-09 22:00:00,8.33351,1.52628,0.686893,7.64661,0.079491,0.10194,0.008301,35.08
2026-01-09 23:00:00,5.31087,1.21142,0.393602,4.91727,0.068887,0.066976,0.006598,18.917
2026-01-10 00:00:00,4.89903,1.22049,0.377236,4.52179,0.048906,0.050066,0.004715,12.399
2026-01-10 01:00:00,2.22071,0.636305,0.109696,2.11101,0.027229,0.02247,0.003733,6.518
2026-01-10 02:00:00,2.35072,0.711477,0.097707,2.25301,0.027214,0.022242,0.003486,8.065
2026-01-10 03:00:00,3.36689,0.902651,0.088271,3.27862,0.030255,0.034528,0.00374,9.374
2026-01-10 04:00:00,2.92117,0.850166,0.157917,2.76325,0.030313,0.027592,0.003525,8.84
2026-01-10 05:00:00,2.81858,0.730581,0.114286,2.7043,0.030667,0.02984,0.003848,7.956
2026-01-10 06:00:00,6.95239,1.38494,0.361161,6.59123,0.055703,0.064494,0.005412,19.348
2026-01-10 07:00:00,19.8009,1.69065,1.13881,18.6621,0.117531,0.18701,0.009752,59.08
2026-01-10 08:00:00,44.7285,1.97076,2.69546,42.033,0.229016,0.400838,0.019865,138.027
2026-01-10 09:00:00,67.9727,2.35053,4.83034,63.1423,0.362435,0.552355,0.031336,219.681
2026-01-10 10:00:00,78.6094,2.63436,5.35349,73.2559,0.412094,0.617611,0.034155,267.666
2026-01-10 11:00:00,55.0619,2.29272,4.14977,50.9121,0.336211,0.483431,0.025693,179.668
2026-01-10 12:00:00,36.129,2.18407,2.85554,33.2734,0.22621,0.336211,0.017121,120.743
2026-01-10 13:00:00,39.3005,1.9504,3.01677,36.2837,0.237353,0.357382,0.018993,133.644
2026-01-10 14:00:00,54.4358,2.28319,3.84388,50.592,0.28818,0.448975,0.022177,164.959
2026-01-10 15:00:00,50.6446,2.15143,4.64311,46.0015,0.321383,0.434633,0.021793,160.545
2026-01-10 16:00:00,43.5799,2.33873,3.21982,40.3601,0.28119,0.394595,0.020416,141.562
2026-01-10 17:00:00,25.6224,1.77514,2.78059,22.8418,0.22482,0.245858,0.014519,95.799
2026-01-10 18:00:00,18.9954,1.98904,2.1987,16.7967,0.175043,0.18726,0.011441,63.371
2026-01-10 19:00:00,18.6444,2.66273,2.44719,16.1973,0.204917,0.203766,0.011417,63.816
2026-01-10 20:00:00,16.4484,2.56525,2.1,14.3484,0.160805,0.185844,0.010577,63.293
2026-01-10 21:00:00,16.6888,3.07911,1.16115,15.5276,0.100297,0.186353,0.009373,53.352
2026-01-10 22:00:00,12.8363,2.60901,1.27107,11.5652,0.115652,0.142198,0.008547,38.678
2026-01-10 23:00:00,10.4471,2.57827,0.504514,9.94262,0.07215,0.107352,0.00602,31.318
2026-01-11 00:00:00,4.14672,1.25052,0.17321,3.97351,0.037375,0.039683,0.004062,12.436
2026-01-11 01:00:00,3.2049,1.14461,0.160513,3.04438,0.032151,0.029939,0.003611,10.269
2026-01-11 02:00:00,1.83915,0.713957,0.104161,1.73499,0.025173,0.017216,0.003309,8.16
2026-01-11 03:00:00,2.56001,1.06401,0.113589,2.44642,0.029684,0.029791,0.00361,8.122
2026-01-11 04:00:00,2.20656,0.891178,0.109378,2.09718,0.028365,0.018321,0.003265,7.146
2026-01-11 05:00:00,2.04046,0.725627,0.090304,1.95016,0.024708,0.020122,0.00331,6.858
2026-01-11 06:00:00,5.24822,1.30294,0.35825,4.88997,0.053696,0.052596,0.00476,20.178
2026-01-11 07:00:00,18.7506,1.85393,1.10668,17.6439,0.113993,0.176353,0.009536,55.84
2026-01-11 08:00:00,39.4682,1.85105,2.97608,36.4921,0.245559,0.350722,0.018896,134.067
2026-01-11 09:00:00,62.8974,2.39135,4.45971,58.4377,0.345021,0.518648,0.028851,205.527
2026-01-11 10:00:00,80.0743,2.62746,5.19412,74.8802,0.385851,0.608952,0.030784,253.321
2026-01-11 11:00:00,63.444,2.45052,4.35142,59.0926,0.321026,0.51465,0.025139,206.985
2026-01-11 12:00:00,35.7253,2.2677,3.38132,32.344,0.261811,0.333699,0.017875,128.674
2026-01-11 13:00:00,47.5299,2.24071,4.37387,43.156,0.324568,0.426359,0.021738,163.766
2026-01-11 14:00:00,64.7233,2.578,4.89078,59.8325,0.346142,0.501204,0.02665,202.595
2026-01-11 15:00:00,63.1195,2.66642,5.08477,58.0348,0.37131,0.523932,0.029063,194.754
2026-01-11 16:00:00,45.9904,2.42719,3.1788,42.8116,0.258407,0.398279,0.019874,139.816
2026-01-11 17:00:00,24.2731,1.89367,2.26849,22.0046,0.192569,0.248471,0.014985,94.281
2026-01-11 18:00:00,21.2622,2.14639,2.69727,18.5649,0.20474,0.221885,0.01441,79.548
2026-01-11 19:00:00,26.2648,3.56955,3.51382,22.7509,0.279539,0.2881,0.01805,101.548
2026-01-11 20:00:00,19.7795,2.74335,2.19539,17.5841,0.209552,0.235728,0.011858,78.239
2026-01-11 21:00:00,18.8709,3.11607,1.33786,17.5331,0.128562,0.213663,0.009492,62.267
2026-01-11 22:00:00,8.39678,1.47467,0.488663,7.90812,0.067831,0.100695,0.006441,33.762
2026-01-11 23:00:00,10.0209,2.31215,0.508478,9.5124,0.067978,0.111706,0.00598,31.199
2026-01-12 00:00:00,6.26072,1.67309,0.288854,5.97187,0.05073,0.08095,0.004977,20.642
2026-01-12 01:00:00,6.78729,1.87391,0.166845,6.62045,0.039849,0.06845,0.004677,15.105
2026-01-12 02:00:00,4.48762,1.33085,0.135012,4.35261,0.031603,0.047687,0.003978,9.859
2026-01-12 03:00:00,2.20664,0.6773,0.108778,2.09786,0.029216,0.023481,0.003377,7.479
2026-01-12 04:00:00,3.4094,0.858358,0.261619,3.14778,0.041696,0.031063,0.003985,12.217
2026-01-12 05:00:00,4.89694,0.880744,0.245319,4.65162,0.042979,0.04655,0.004626,15.046
2026-01-12 06:00:00,10.6324,1.81192,0.5104,10.122,0.074319,0.096393,0.006374,30.906
2026-01-12 07:00:00,20.9579,1.70556,1.33922,19.6187,0.120441,0.205547,0.009951,63.26
2026-01-12 08:00:00,34.7582,1.57519,2.90052,31.8576,0.239491,0.33294,0.019032,127.658
2026-01-12 09:00:00,51.207,1.78571,4.29782,46.9091,0.321576,0.432936,0.022464,172.378
2026-01-12 10:00:00,60.5926,2.03782,4.04156,56.551,0.323965,0.503064,0.024295,200.238
2026-01-12 11:00:00,56.6592,2.00337,4.75857,51.9006,0.36344,0.469057,0.024568,196.109
2026-01-12 12:00:00,45.3722,2.22828,3.94274,41.4295,0.312619,0.401367,0.021755,157.437
2026-01-12 13:00:00,46.5437,1.95233,3.43644,43.1072,0.287762,0.4367,0.023535,175.694
2026-01-12 14:00:00,51.0771,1.94787,4.01114,47.066,0.329297,0.453667,0.023164,185.352
2026-01-12 15:00:00,50.7734,1.95312,5.29935,45.4741,0.364876,0.461675,0.023748,178.37
2026-01-12 16:00:00,43.9529,1.84676,5.42311,38.5297,0.380731,0.421253,0.02436,169.229
2026-01-12 17:00:00,35.2046,2.0326,4.61394,30.5906,0.367606,0.344104,0.021363,133.012
2026-01-12 18:00:00,25.1471,1.86579,3.06643,22.0807,0.225667,0.264722,0.016908,97.852
2026-01-12 19:00:00,23.8089,2.1338,3.41834,20.3906,0.24047,0.265797,0.017557,98.237
2026-01-12 20:00:00,23.228,2.51005,2.39764,20.8304,0.210379,0.238368,0.014716,87.285
2026-01-12 21:00:00,21.9944,3.09345,2.4062,19.5882,0.184974,0.226504,0.012864,80.34
2026-01-12 22:00:00,22.8468,3.67548,1.61882,21.228,0.148607,0.243155,0.010438,65.844
2026-01-12 23:00:00,9.82195,1.65408,0.813898,9.00805,0.073152,0.109082,0.006757,30.7
2026-01-13 00:00:00,5.99383,1.23381,0.293366,5.70047,0.055979,0.068993,0.005195,21.432
2026-01-13 01:00:00,3.62385,0.931581,0.165589,3.45826,0.042618,0.036836,0.004071,12.322
2026-01-13 02:00:00,4.4469,1.16717,0.166505,4.2804,0.038291,0.045512,0.004106,11.893
2026-01-13 03:00:00,5.5926,1.52636,0.220805,5.37179,0.040289,0.05276,0.004109,13.931
2026-01-13 04:00:00,5.98528,1.26006,0.213791,5.77149,0.041302,0.055007,0.004379,14.02
2026-01-13 05:00:00,5.4684,1.18518,0.241694,5.22671,0.047264,0.050484,0.004435,14.503
2026-01-13 06:00:00,15.5184,2.06197,0.741945,14.7765,0.079247,0.140326,0.007332,37.717
2026-01-13 07:00:00,26.143,1.64132,1.73105,24.4119,0.150217,0.251877,0.013126,76.363
2026-01-13 08:00:00,40.6736,1.59793,3.31954,37.354,0.283989,0.377803,0.019677,134.653
2026-01-13 09:00:00,55.4015,1.7984,3.62666,51.7748,0.302119,0.48292,0.023318,198.449
2026-01-13 10:00:00,53.4894,1.73656,4.61614,48.8733,0.351281,0.465229,0.025166,206.853
2026-01-13 11:00:00,49.3928,1.94491,3.96033,45.4325,0.311934,0.443121,0.023439,164.32
2026-01-13 12:00:00,37.1833,1.88805,3.24704,33.9363,0.30242,0.364613,0.020392,141.329
2026-01-13 13:00:00,45.9661,2.10313,3.85649,42.1096,0.296055,0.404372,0.021315,152.626
2026-01-13 14:00:00,42.3601,1.70945,3.59755,38.7626,0.283989,0.385836,0.021612,155.648
2026-01-13 15:00:00,51.7731,2.12411,3.32106,48.4521,0.285466,0.434633,0.021975,158.083
2026-01-13 16:00:00,38.9404,1.74277,4.68915,34.2512,0.34812,0.371271,0.020735,136.356
2026-01-13 17:00:00,31.5712,1.88215,3.98864,27.5826,0.32026,0.290086,0.01743,110.046
2026-01-13 18:00:00,27.6232,2.09425,3.42347,24.1997,0.253359,0.269279,0.016008,99.498
2026-01-13 19:00:00,22.3444,1.97076,2.90389,19.4405,0.215171,0.234214,0.015592,93.289
2026-01-13 20:00:00,19.6582,2.0776,2.78308,16.8751,0.192771,0.217472,0.015116,83.49
2026-01-13 21:00:00,24.305,2.90382,2.7927,21.5123,0.215063,0.26353,0.014072,78.515
2026-01-13 22:00:00,15.3957,2.03971,0.927532,14.4682,0.107048,0.17539,0.00997,58.179
2026-01-13 23:00:00,9.87826,1.60831,0.469503,9.40876,0.127234,0.119843,0.006573,33.012
2026-01-14 00:00:00,8.30126,1.74837,0.371591,7.92966,0.197103,0.117474,0.006342,24.011
2026-01-14 01:00:00,5.50023,1.20937,0.223165,5.27707,0.049624,0.058086,0.005036,18.546
2026-01-14 02:00:00,4.67159,1.14838,0.174146,4.49745,0.047635,0.052289,0.004737,16.022
2026-01-14 03:00:00,2.79038,0.56167,0.158068,2.63231,0.045234,0.038351,0.004494,12.037
2026-01-14 04:00:00,3.39168,0.643583,0.182156,3.20953,0.045309,0.037873,0.004854,13.506
2026-01-14 05:00:00,4.64138,0.881385,0.251509,4.38987,0.045226,0.045703,0.0046,15.525
2026-01-14 06:00:00,9.40925,1.31121,0.509826,8.89943,0.069833,0.091909,0.007286,29.379
2026-01-14 07:00:00,24.273,1.74325,1.73567,22.5374,0.155213,0.232588,0.012536,69.605
2026-01-14 08:00:00,44.9766,2.01833,4.26337,40.7132,0.284516,0.392837,0.021041,141.663
2026-01-14 09:00:00,48.8521,1.68073,4.05979,44.7923,0.356643,0.444649,0.023867,183.691
2026-01-14 10:00:00,55.4542,1.86313,4.213,51.2412,0.330459,0.465271,0.024864,202.729
2026-01-14 11:00:00,44.6833,1.77132,4.59967,40.0836,0.33531,0.392564,0.02124,167.725
2026-01-14 12:00:00,43.5998,2.3773,4.4159,39.1839,0.328941,0.394633,0.019598,149.215
2026-01-14 13:00:00,47.7995,2.10663,3.59684,44.2027,0.279418,0.40737,0.019833,158.186
2026-01-14 14:00:00,56.3182,1.97027,4.33033,51.9878,0.326013,0.476828,0.022654,186.738
2026-01-14 15:00:00,54.2978,2.017,5.04679,49.251,0.356975,0.466989,0.023276,185.688
2026-01-14 16:00:00,41.2361,1.77344,4.78849,36.4476,0.352105,0.381026,0.020489,151.671
2026-01-14 17:00:00,30.8125,1.76921,3.93475,26.8778,0.320578,0.305314,0.017539,121.36
2026-01-14 18:00:00,27.806,1.97879,4.61888,23.1871,0.333281,0.280873,0.016858,105.39
2026-01-14 19:00:00,29.2912,2.53691,3.38027,25.9109,0.232617,0.292816,0.017161,104.688
2026-01-14 20:00:00,28.0065,2.85956,3.05626,24.9503,0.244944,0.284713,0.016079,100.259
2026-01-14 21:00:00,23.8013,2.74906,2.93492,20.8664,0.220186,0.238876,0.014266,98.182
2026-01-14 22:00:00,18.6613,2.24187,1.51412,17.1472,0.143972,0.207784,0.011431,68.992
2026-01-14 23:00:00,14.4646,2.0523,0.729486,13.7352,0.090636,0.177263,0.007583,45.154
2026-01-15 00:00:00,10.6201,1.83803,0.493157,10.127,0.070879,0.140708,0.006396,27.147
2026-01-15 01:00:00,7.41597,1.71033,0.318978,7.09699,0.054351,0.073125,0.004945,20.481
2026-01-15 02:00:00,6.79254,1.34081,0.298118,6.49442,0.050942,0.070315,0.00482,18.823
2026-01-15 03:00:00,5.12461,0.971674,0.23162,4.89299,0.044708,0.050114,0.004425,16.164
2026-01-15 04:00:00,6.10014,1.16593,0.304766,5.79537,0.051374,0.054594,0.004584,18.272
2026-01-15 05:00:00,6.9621,1.31808,0.326359,6.63574,0.053159,0.068811,0.005643,21.139
2026-01-15 06:00:00,16.4734,2.08365,1.01749,15.4559,0.08732,0.14912,0.008001,45.569
2026-01-15 07:00:00,19.6358,1.30401,1.82917,17.8066,0.144223,0.212108,0.01302,73.613
2026-01-15 08:00:00,41.1431,1.52382,2.68716,38.456,0.23524,0.40089,0.020601,144.748
2026-01-15 09:00:00,59.972,1.87366,5.36077,54.6112,0.375482,0.485191,0.025092,209.166
2026-01-15 10:00:00,67.9918,2.05413,5.87756,62.1143,0.43443,0.52943,0.026134,247.003
2026-01-15 11:00:00,52.9093,1.89327,4.71134,48.198,0.364392,0.44685,0.02298,194.927
2026-01-15 12:00:00,39.3287,1.86551,3.44951,35.8792,0.272253,0.359972,0.018862,139.695
2026-01-15 13:00:00,43.9715,1.80374,3.09926,40.8722,0.264177,0.376579,0.020606,149.561
2026-01-15 14:00:00,47.2361,1.68616,3.27,43.9661,0.281539,0.405607,0.02313,171.655
2026-01-15 15:00:00,55.5947,1.9511,3.79329,51.8014,0.324649,0.477185,0.023341,182.029
2026-01-15 16:00:00,45.4748,1.84902,3.87632,41.5985,0.312957,0.409228,0.021126,159.5
2026-01-15 17:00:00,36.4509,2.10504,4.04617,32.4047,0.298467,0.335605,0.019322,126.955
2026-01-15 18:00:00,26.4458,2.07093,2.60239,23.8434,0.224004,0.265992,0.01602,100.793
2026-01-15 19:00:00,27.9714,2.69007,3.98355,23.9878,0.280498,0.258467,0.0168,99.925
2026-01-15 20:00:00,30.6122,3.17357,2.73569,27.8765,0.212114,0.321832,0.017183,105.103
2026-01-15 21:00:00,31.1237,3.64702,3.40773,27.7159,0.235778,0.308846,0.015072,93.904
2026-01-15 22:00:00,18.0972,2.34663,1.17701,16.9202,0.113149,0.204063,0.011115,64.277
2026-01-15 23:00:00,14.2591,2.20866,0.968314,13.2908,0.099714,0.165994,0.007465,43.921
2026-01-16 00:00:00,9.44909,1.38712,0.461105,8.98798,0.068529,0.113337,0.006035,31.026
2026-01-16 01:00:00,5.29936,0.944627,0.312199,4.98716,0.057584,0.076831,0.005436,23.733
2026-01-16 02:00:00,5.57865,1.00119,0.265264,5.31338,0.049385,0.05881,0.004656,17.797
2026-01-16 03:00:00,4.96808,0.924466,0.20475,4.76333,0.044216,0.051008,0.004264,15.081
2026-01-16 04:00:00,5.32389,1.13467,0.232519,5.09137,0.044745,0.05047,0.004394,15.783
2026-01-16 05:00:00,4.84661,0.772,0.384794,4.46182,0.051141,0.043812,0.00438,15.274
2026-01-16 06:00:00,11.6857,1.54247,0.707374,10.9784,0.071725,0.106802,0.00663,30.396
2026-01-16 07:00:00,25.0113,1.67054,1.54797,23.4634,0.149575,0.225339,0.013337,76.615
2026-01-16 08:00:00,50.7732,2.11961,2.83287,47.9403,0.244621,0.41549,0.021027,144.673
2026-01-16 09:00:00,55.3974,1.88683,3.75146,51.6459,0.305585,0.476255,0.023591,197.346
2026-01-16 10:00:00,62.1823,1.98033,5.53556,56.6468,0.402305,0.522573,0.02717,231.198
2026-01-16 11:00:00,52.3902,1.93522,5.29529,47.0949,0.370682,0.462457,0.023428,196.748
2026-01-16 12:00:00,47.652,2.34531,4.00931,43.6427,0.333172,0.383277,0.01991,148.72
2026-01-16 13:00:00,39.3278,1.84153,3.66168,35.6661,0.307575,0.353233,0.019097,143.892
2026-01-16 14:00:00,46.7127,1.97133,5.10488,41.6078,0.363497,0.395015,0.020322,161.52
2026-01-16 15:00:00,43.8575,1.88488,4.37063,39.4868,0.322368,0.392735,0.020491,164.607
2026-01-16 16:00:00,39.4432,1.84694,3.33398,36.1092,0.279753,0.377416,0.02012,143.202
2026-01-16 17:00:00,30.7871,1.93071,2.72366,28.0634,0.22451,0.309532,0.018474,116.773
2026-01-16 18:00:00,25.9476,2.23879,3.11128,22.8363,0.21921,0.271874,0.015872,93.079
2026-01-16 19:00:00,27.3437,2.46695,3.59539,23.7483,0.24488,0.275358,0.017571,98.567
2026-01-16 20:00:00,27.9941,2.79606,3.15892,24.8352,0.265422,0.306177,0.01872,105.977
2026-01-16 21:00:00,26.6972,3.07501,2.06156,24.6357,0.194779,0.287035,0.014455,99.013
2026-01-16 22:00:00,19.3477,2.47857,1.35287,17.9948,0.143408,0.241456,0.012674,78.463
2026-01-16 23:00:00,8.6917,1.1169,0.645409,8.04629,0.083583,0.126056,0.007291,38.669
2026-01-17 00:00:00,5.43693,0.814888,0.318444,5.11849,0.057735,0.064656,0.005489,24.672
2026-01-17 01:00:00,7.29635,1.18678,0.272674,7.02368,0.051826,0.081065,0.004764,17.302
2026-01-17 02:00:00,4.35384,0.761694,0.197088,4.15675,0.047691,0.054089,0.004727,15.002
2026-01-17 03:00:00,4.61611,0.757484,0.322247,4.29386,0.04503,0.052494,0.004261,10.93
2026-01-17 04:00:00,5.14191,0.863026,0.193393,4.94851,0.039151,0.046683,0.004338,13.155
2026-01-17 05:00:00,2.51786,0.387959,0.179642,2.33821,0.037831,0.026196,0.003899,11.772
2026-01-17 06:00:00,8.27034,0.923854,0.508245,7.7621,0.069863,0.084851,0.005965,29.833
2026-01-17 07:00:00,26.9209,1.75724,1.77474,25.1462,0.164256,0.246268,0.012504,83.07
2026-01-17 08:00:00,56.0051,2.03389,4.11498,51.8901,0.321037,0.464552,0.022688,185.602
2026-01-17 09:00:00,83.3464,2.45758,5.37578,77.9706,0.398186,0.64126,0.036369,303.38
2026-01-17 10:00:00,87.0019,2.61267,7.32534,79.6765,0.460974,0.648959,0.03473,231.042
2026-01-17 11:00:00,67.8718,2.47166,6.36234,61.5094,0.412029,0.525518,0.025827,224.51
2026-01-17 12:00:00,55.5834,2.7951,4.97052,50.6128,0.363177,0.43014,0.020621,150.736
2026-01-17 13:00:00,43.0733,2.0627,3.17812,39.8952,0.262769,0.391339,0.021404,159.124
2026-01-17 14:00:00,56.3976,2.20045,4.57848,51.8191,0.369435,0.464499,0.023862,182.707
2026-01-17 15:00:00,57.6739,2.54586,4.93821,52.7356,0.342175,0.489047,0.023935,184.351
2026-01-17 16:00:00,40.6055,1.95689,3.88332,36.7221,0.275502,0.354496,0.018952,143.894
2026-01-17 17:00:00,26.5782,1.73873,2.40206,24.1762,0.205413,0.273401,0.015425,97.661
2026-01-17 18:00:00,27.022,2.75398,3.4018,23.6202,0.244368,0.258041,0.013762,83.329
2026-01-17 19:00:00,26.4269,3.03269,4.24514,22.1818,0.270047,0.272831,0.01508,93.186
2026-01-17 20:00:00,21.669,2.71066,2.34182,19.3272,0.179674,0.238222,0.014088,85.733
2026-01-17 21:00:00,20.6542,2.43277,1.8067,18.8475,0.178773,0.238006,0.01321,79.674
2026-01-17 22:00:00,17.065,2.28631,1.12489,15.9401,0.12409,0.176672,0.008507,51.523
2026-01-17 23:00:00,11.5273,1.90534,0.584697,10.9426,0.076381,0.122044,0.006228,34.283
2026-01-18 00:00:00,7.47516,1.48493,0.530314,6.94484,0.060101,0.074049,0.005011,19.052
2026-01-18 01:00:00,4.42572,1.08794,0.199304,4.22642,0.04272,0.054758,0.004459,12.855
2026-01-18 02:00:00,4.10615,0.872164,0.130514,3.97564,0.032708,0.037907,0.003756,9.464
2026-01-18 03:00:00,2.50908,0.548553,0.122277,2.3868,0.029139,0.024806,0.003436,8.096
2026-01-18 04:00:00,4.05908,0.854543,0.104262,3.95482,0.027514,0.035224,0.003393,7.244
2026-01-18 05:00:00,3.81148,0.781042,0.1501,3.66138,0.034336,0.038722,0.003824,11.637
2026-01-18 06:00:00,7.47134,1.17474,0.359281,7.11206,0.055049,0.071531,0.005176,24.227
2026-01-18 07:00:00,19.9058,1.66492,1.37101,18.5348,0.14261,0.194009,0.009784,62.131
2026-01-18 08:00:00,40.1057,1.87182,3.01291,37.0928,0.255665,0.363277,0.018843,133.289
2026-01-18 09:00:00,63.5616,2.43961,4.40543,59.1562,0.34398,0.529353,0.025873,204.289
2026-01-18 10:00:00,71.7166,2.50442,6.11336,65.6033,0.474847,0.576167,0.028874,233.506
2026-01-18 11:00:00,47.0061,1.94144,4.80982,42.1963,0.369479,0.405299,0.021085,153.997
2026-01-18 12:00:00,35.7802,2.24806,4.38062,31.3996,0.301434,0.319729,0.016002,121.584
2026-01-18 13:00:00,40.1626,2.25354,3.74636,36.4162,0.305052,0.372362,0.019282,130.881
2026-01-18 14:00:00,45.4565,2.33206,4.27956,41.177,0.319131,0.403721,0.020776,150.31
2026-01-18 15:00:00,50.0426,2.76265,3.52888,46.5138,0.271481,0.438178,0.021192,153.605
2026-01-18 16:00:00,34.412,1.96214,4.04092,30.3711,0.286162,0.316543,0.017907,118.166
2026-01-18 17:00:00,30.0895,2.63943,4.88719,25.2024,0.305541,0.282644,0.016576,97.705
2026-01-18 18:00:00,30.4713,3.52269,3.12885,27.3424,0.280606,0.305173,0.015577,92.21
2026-01-18 19:00:00,21.5109,2.91555,2.71647,18.7944,0.230782,0.235906,0.014349,82.582
2026-01-18 20:00:00,19.9889,2.9587,2.94542,17.0435,0.255173,0.236221,0.014176,75.594
2026-01-18 21:00:00,17.6876,2.67588,1.51411,16.1735,0.169121,0.306018,0.013207,66.122
2026-01-18 22:00:00,13.3629,2.0253,0.902978,12.46,0.112772,0.181871,0.009043,40.483
2026-01-18 23:00:00,11.9715,1.96061,0.76116,11.2104,0.083747,0.127292,0.007162,32.75
2026-01-19 00:00:00,6.97978,1.25581,0.338374,6.64141,0.05225,0.068556,0.004901,18.902
2026-01-19 01:00:00,4.13586,0.92236,0.207227,3.92863,0.040136,0.039727,0.004003,10.483
2026-01-19 02:00:00,4.03462,0.918211,0.145309,3.88931,0.033037,0.038686,0.003709,10.326
2026-01-19 03:00:00,8.32272,1.66056,0.319712,8.003,0.05269,0.080209,0.004937,17.863
2026-01-19 04:00:00,7.51713,1.43347,0.268301,7.24883,0.050392,0.081654,0.005055,20.666
2026-01-19 05:00:00,4.48843,0.842423,0.204653,4.28378,0.041325,0.043038,0.004245,12.866
2026-01-19 06:00:00,8.08547,1.26099,0.501786,7.58368,0.068522,0.084853,0.006086,25.915
2026-01-19 07:00:00,18.0741,1.52344,1.59276,16.4814,0.144497,0.189819,0.010937,60.728
2026-01-19 08:00:00,30.6691,1.38837,2.63708,28.0321,0.213995,0.302867,0.016356,112.803
2026-01-19 09:00:00,50.4952,1.89461,3.75998,46.7352,0.310899,0.458774,0.023839,186.844
2026-01-19 10:00:00,50.0316,1.90538,4.19995,45.8316,0.355618,0.452426,0.022812,179.58
2026-01-19 11:00:00,43.3854,1.88829,3.68353,39.7019,0.315113,0.409387,0.022342,155.012
2026-01-19 12:00:00,43.4246,2.32093,4.03136,39.3933,0.340509,0.396155,0.021436,154.716
2026-01-19 13:00:00,47.4884,2.08429,3.90127,43.5871,0.305213,0.4179,0.020676,157.316
2026-01-19 14:00:00,38.9831,1.70172,3.17209,35.811,0.269027,0.36544,0.020016,148.554
2026-01-19 15:00:00,49.4144,2.18223,5.88135,43.533,0.419097,0.445986,0.023818,156.783
2026-01-19 16:00:00,41.6886,2.12156,5.64561,36.043,0.421327,0.370778,0.020411,138.134
2026-01-19 17:00:00,34.7917,2.22967,5.57449,29.2173,0.368766,0.327825,0.018812,113.344
2026-01-19 18:00:00,27.4875,2.32984,4.96199,22.5255,0.328908,0.271421,0.015832,98.405
2026-01-19 19:00:00,26.2086,2.46692,3.20506,23.0035,0.240248,0.267439,0.01558,87.925
2026-01-19 20:00:00,21.1898,2.50412,2.18011,19.0097,0.18938,0.254865,0.015352,92.728
2026-01-19 21:00:00,16.5495,2.03061,2.05083,14.4987,0.203903,0.205799,0.014723,82.915
2026-01-19 22:00:00,12.8375,1.64204,1.46194,11.3755,0.126247,0.133682,0.008894,47.769
2026-01-19 23:00:00,8.85783,1.27819,1.38932,7.46851,0.110119,0.101987,0.0075,25.719
2026-01-20 00:00:00,3.97551,0.685196,0.278229,3.69728,0.052063,0.049198,0.005471,17.819
2026-01-20 01:00:00,5.0307,1.01795,0.201652,4.82905,0.044687,0.050949,0.004818,12.888
2026-01-20 02:00:00,5.57942,1.10178,0.243654,5.33577,0.045809,0.057132,0.004533,14.047
2026-01-20 03:00:00,8.17611,1.50907,0.292275,7.88384,0.055435,0.087316,0.004966,16.951
2026-01-20 04:00:00,6.04654,0.960378,0.237627,5.80891,0.048544,0.066162,0.004394,15.994
2026-01-20 05:00:00,5.75934,0.883335,0.29111,5.46823,0.048317,0.071388,0.005614,18.449
2026-01-20 06:00:00,9.19543,1.36188,0.507163,8.68827,0.065519,0.098962,0.006305,27.646
2026-01-20 07:00:00,21.6833,1.49954,1.31084,20.3725,0.135411,0.223891,0.012081,68.071
2026-01-20 08:00:00,39.5668,1.70811,2.71893,36.8478,0.225148,0.361211,0.019119,130.075
2026-01-20 09:00:00,53.5323,1.94465,3.43126,50.101,0.290258,0.474658,0.025064,173.037
2026-01-20 10:00:00,55.4349,1.92056,4.94612,50.4888,0.381692,0.486374,0.02577,203.562
2026-01-20 11:00:00,53.5682,2.07548,3.96309,49.6051,0.306004,0.458454,0.024368,190.88
2026-01-20 12:00:00,45.6555,2.39209,3.64362,42.0119,0.311524,0.413166,0.021726,152.025
2026-01-20 13:00:00,47.5419,2.10754,3.07515,44.4668,0.268229,0.423415,0.022714,167.29
2026-01-20 14:00:00,49.9861,1.95748,3.51146,46.4747,0.286444,0.444825,0.024824,174.59
2026-01-20 15:00:00,47.5916,1.97001,3.87662,43.7149,0.315588,0.434757,0.025413,180.806
2026-01-20 16:00:00,45.2838,2.08566,3.00498,42.2788,0.27555,0.36087,0.020721,134.303
2026-01-20 17:00:00,28.0468,1.82858,2.6493,25.3975,0.26066,0.286834,0.01803,106.528
2026-01-20 18:00:00,24.2622,1.91947,2.98417,21.278,0.240534,0.252357,0.017016,95.599
2026-01-20 19:00:00,27.0967,2.36653,3.4037,23.693,0.267118,0.304399,0.018044,101.624
2026-01-20 20:00:00,22.6192,2.36356,2.68936,19.9299,0.244849,0.254587,0.015893,86.532
2026-01-20 21:00:00,22.0826,2.77489,2.07513,20.0075,0.148142,0.246022,0.014703,81.248
2026-01-20 22:00:00,16.2706,2.23804,1.61189,14.6587,0.151171,0.21217,0.010914,54.157
2026-01-20 23:00:00,11.3295,1.69046,0.760823,10.5686,0.081433,0.133072,0.006667,30.415
2026-01-21 00:00:00,8.5899,1.55108,0.426742,8.16316,0.063475,0.088344,0.005274,22.287
2026-01-21 01:00:00,4.39986,0.752628,0.213246,4.18662,0.039273,0.044379,0.004193,11.938
2026-01-21 02:00:00,2.93536,0.547438,0.146929,2.78843,0.03517,0.040268,0.003846,10.176
2026-01-21 03:00:00,4.03855,0.622081,0.169669,3.86888,0.04128,0.045027,0.004286,12.484
2026-01-21 04:00:00,3.30046,0.523052,0.143703,3.15676,0.034965,0.037404,0.004038,11.35
2026-01-21 05:00:00,4.39033,0.69139,0.244199,4.14613,0.046004,0.043028,0.006174,17.406
2026-01-21 06:00:00,11.1961,1.69587,0.671963,10.5242,0.082102,0.120903,0.007914,39.28
2026-01-21 07:00:00,21.8984,1.74545,1.23253,20.6659,0.11723,0.202318,0.011894,67.994
2026-01-21 08:00:00,39.6862,1.79445,3.15783,36.5283,0.251445,0.34913,0.019105,122.656
2026-01-21 09:00:00,52.1216,2.0693,3.75448,48.3671,0.287002,0.451874,0.024178,179.54
2026-01-21 10:00:00,53.1223,2.05677,4.77886,48.3434,0.353826,0.485788,0.02433,185.582
2026-01-21 11:00:00,42.1281,1.83564,4.34723,37.7808,0.311808,0.384955,0.021919,159.393
2026-01-21 12:00:00,38.5782,2.23668,3.11117,35.4671,0.262704,0.35663,0.018698,132.724
2026-01-21 13:00:00,49.0968,2.31196,5.46801,43.6288,0.344766,0.419725,0.021847,155.049
2026-01-21 14:00:00,46.9422,1.80021,5.52571,41.4165,0.383422,0.429827,0.024372,173.733
2026-01-21 15:00:00,49.4811,2.07503,4.26288,45.2183,0.331372,0.449558,0.023464,168.56
2026-01-21 16:00:00,38.5828,1.87441,3.26698,35.3158,0.27306,0.385496,0.021237,139.922
2026-01-21 17:00:00,29.4422,1.61664,2.91957,26.5226,0.267214,0.328555,0.019391,119.159
2026-01-21 18:00:00,23.6326,1.79524,4.22024,19.4123,0.352933,0.260511,0.016326,97.601
2026-01-21 19:00:00,26.8645,2.82725,8.51479,18.3497,0.349066,0.256224,0.015208,90.688
2026-01-21 20:00:00,18.9706,2.40074,2.66723,16.3034,0.24441,0.234982,0.013978,77.406
2026-01-21 21:00:00,17.5044,2.46195,1.60089,15.9035,0.174876,0.248793,0.012218,71.427
2026-01-21 22:00:00,13.1206,2.19775,0.846756,12.2738,0.10292,0.173401,0.009039,55.466
2026-01-21 23:00:00,8.10273,1.41409,0.567006,7.53573,0.076558,0.116285,0.007272,34.697
2026-01-22 00:00:00,7.03807,1.43225,0.371869,6.6662,0.061114,0.087392,0.00583,27.586
2026-01-22 01:00:00,6.41217,1.38972,0.258208,6.15396,0.047683,0.065132,0.005188,21.207
2026-01-22 02:00:00,1.53288,0.428177,0.092875,1.44,0.03813,0.035821,0.004142,15.808
2026-01-22 03:00:00,2.98642,0.53196,0.168265,2.81816,0.041147,0.036491,0.004401,16.732
2026-01-22 04:00:00,3.49889,0.639884,0.201226,3.29766,0.041026,0.040275,0.003958,10.068
2026-01-22 05:00:00,4.85135,0.912595,0.215686,4.63567,0.037826,0.047703,0.004499,14.903
2026-01-22 06:00:00,10.272,1.34169,0.700305,9.5717,0.082028,0.099585,0.007125,28.445
2026-01-22 07:00:00,28.3753,1.95881,3.88438,24.491,0.226807,0.212842,0.010767,61.825
2026-01-22 08:00:00,39.5302,1.76207,3.22712,36.3031,0.273152,0.358813,0.018584,123.956
2026-01-22 09:00:00,47.8074,1.68692,4.03927,43.7681,0.30529,0.423398,0.025169,185.342
2026-01-22 10:00:00,53.2528,1.74531,3.95261,49.3002,0.31838,0.466348,0.024337,194.425
2026-01-22 11:00:00,45.7233,1.78886,3.37393,42.3494,0.31051,0.431763,0.022932,167.773
2026-01-22 12:00:00,39.4614,2.07125,4.05019,35.4112,0.316782,0.389046,0.020071,143.296
2026-01-22 13:00:00,42.0086,1.84345,4.28715,37.7214,0.300013,0.380697,0.020247,152.59
2026-01-22 14:00:00,43.4219,1.58405,3.85198,39.5699,0.301483,0.404834,0.021845,171.23
2026-01-22 15:00:00,41.5703,1.67043,3.80843,37.7618,0.305623,0.400483,0.021226,164.269
2026-01-22 16:00:00,38.9783,1.89454,2.96014,36.0182,0.273589,0.372535,0.020608,142.714
2026-01-22 17:00:00,30.3434,1.91658,3.58926,26.7541,0.263328,0.318908,0.018524,108.668
2026-01-22 18:00:00,23.2032,2.17666,2.8419,20.3613,0.257776,0.28388,0.01636,60.524
2026-01-22 19:00:00,23.6193,2.54793,3.23096,20.3883,0.300155,0.257815,0.016059,85.598
2026-01-22 20:00:00,23.643,2.84718,2.08831,21.5547,0.199214,0.284044,0.015481,91.818
2026-01-22 21:00:00,18.0654,2.55305,2.36147,15.7039,0.195739,0.236613,0.012231,68.683
2026-01-22 22:00:00,11.4483,1.71126,0.82824,10.6201,0.087416,0.177895,0.008777,45.815
2026-01-22 23:00:00,7.0513,1.22974,0.394018,6.65728,0.064063,0.088037,0.006148,28.871
2026-01-23 00:00:00,5.5439,1.302,0.292717,5.25118,0.068576,0.081183,0.005441,21.389
2026-01-23 01:00:00,5.34875,1.31678,0.227816,5.12094,0.049886,0.058698,0.004612,18.472
2026-01-23 02:00:00,4.97387,1.13455,0.921498,4.05237,0.073187,0.059601,0.004885,19.135
2026-01-23 03:00:00,3.65912,0.765186,0.358366,3.30075,0.041635,0.050641,0.004284,13.462
2026-01-23 04:00:00,4.29555,0.91746,0.161543,4.134,0.038511,0.042232,0.004029,13.546
2026-01-23 05:00:00,3.34458,0.725191,0.174358,3.17022,0.035279,0.032978,0.004042,10.802
2026-01-23 06:00:00,9.03195,1.46623,0.628055,8.40389,0.081618,0.095332,0.005955,25.617
2026-01-23 07:00:00,22.2085,1.80674,1.30316,20.9053,0.141784,0.215933,0.010833,66.833
2026-01-23 08:00:00,33.2233,1.43352,2.3227,30.9006,0.217152,0.312703,0.016748,125.075
2026-01-23 09:00:00,51.0364,1.85465,3.58798,47.4484,0.284703,0.436611,0.022787,182.212
2026-01-23 10:00:00,58.2394,2.06625,4.25366,53.9857,0.326679,0.495432,0.024764,200.395
2026-01-23 11:00:00,52.6327,2.07313,3.68512,48.9476,0.30519,0.454245,0.024498,182.55
2026-01-23 12:00:00,40.9707,2.25138,3.23171,37.739,0.260819,0.379563,0.018553,140.159
2026-01-23 13:00:00,41.7636,1.93601,3.26227,38.5013,0.254823,0.36819,0.019399,145.552
2026-01-23 14:00:00,45.7906,1.7484,5.32642,40.4642,0.286486,0.388741,0.02071,158.802
2026-01-23 15:00:00,44.3359,1.82063,3.98549,40.3505,0.270649,0.391635,0.020925,149.691
2026-01-23 16:00:00,31.016,1.52308,2.49165,28.5244,0.225045,0.330616,0.018996,119.75
2026-01-23 17:00:00,25.108,1.6357,2.59471,22.5133,0.215083,0.276498,0.014326,93.881
2026-01-23 18:00:00,24.6324,2.38825,2.39679,22.2356,0.209228,0.253654,0.013442,88.326
2026-01-23 19:00:00,16.7597,1.96157,2.1924,14.5673,0.16839,0.18269,0.011198,68.236
2026-01-23 20:00:00,14.9495,2.0885,1.77056,13.1789,0.174671,0.190552,0.010817,68.346
2026-01-23 21:00:00,16.2968,2.60416,1.39929,14.8975,0.146597,0.204944,0.010168,65.292
2026-01-23 22:00:00,14.4978,2.46645,2.04439,12.4534,0.154851,0.161186,0.009479,51.222
2026-01-23 23:00:00,10.8039,1.86146,0.955623,9.84831,0.089694,0.121089,0.007449,20.403
2026-01-24 00:00:00,7.64259,1.72675,0.374016,7.26857,0.05906,0.101671,0.006536,16.141
2026-01-24 01:00:00,3.8064,0.957827,0.184867,3.62154,0.035856,0.044761,0.004492,11.459
2026-01-24 02:00:00,0.803309,0.202447,0.055871,0.747438,0.021422,0.01417,0.003756,4.712
2026-01-24 03:00:00,1.40204,0.31549,0.095373,1.30666,0.025126,0.021363,0.003294,6.444
2026-01-24 04:00:00,2.69884,0.605936,0.128365,2.57048,0.034205,0.027823,0.003847,10.163
2026-01-24 05:00:00,3.69029,0.759632,0.350273,3.34002,0.037075,0.037021,0.003801,10.639
2026-01-24 06:00:00,10.3354,1.84167,0.522733,9.81271,0.061814,0.098486,0.005431,23.615
2026-01-24 07:00:00,18.4067,1.68159,1.20009,17.2066,0.122108,0.177603,0.008931,50.401
2026-01-24 08:00:00,38.4463,1.68965,2.8805,35.5658,0.229246,0.343,0.018099,124.321
2026-01-24 09:00:00,65.3212,2.52342,4.34348,60.9777,0.336613,0.532363,0.026088,204.677
2026-01-24 10:00:00,82.2612,2.77947,5.06361,77.1976,0.389754,0.606731,0.0297,244.417
2026-01-24 11:00:00,68.3718,2.89172,5.44515,62.9266,0.389341,0.545768,0.025382,202.226
2026-01-24 12:00:00,40.1766,2.51702,3.05909,37.1175,0.254404,0.348677,0.017134,123.686
2026-01-24 13:00:00,40.403,2.2083,3.0768,37.3262,0.259494,0.366505,0.019268,143.775
2026-01-24 14:00:00,56.2875,2.71527,4.0022,52.2853,0.314084,0.493067,0.023601,187.14
2026-01-24 15:00:00,52.252,3.02069,4.15834,48.0936,0.280221,0.43996,0.020877,158.046
2026-01-24 16:00:00,36.459,2.47314,2.51549,33.9436,0.21561,0.354445,0.017782,124.098
2026-01-24 17:00:00,27.3157,2.98793,1.79518,25.5205,0.160432,0.312589,0.013962,82.903
2026-01-24 18:00:00,18.5105,2.49804,2.57312,15.9374,0.208128,0.21784,0.013075,69.08
2026-01-24 19:00:00,17.1242,2.40779,1.84762,15.2766,0.162756,0.214116,0.012918,72.796
2026-01-24 20:00:00,16.7388,2.65106,2.41859,14.3202,0.180724,0.221184,0.011502,60.696
2026-01-24 21:00:00,17.9666,3.30269,2.08319,15.8834,0.16164,0.241343,0.01096,62.801
2026-01-24 22:00:00,15.0198,2.95666,0.636923,14.3829,0.089236,0.20176,0.008063,42.229
2026-01-24 23:00:00,9.7818,2.23942,0.760591,9.02121,0.077901,0.112165,0.005946,31.077
2026-01-25 00:00:00,8.6194,2.32831,1.06239,7.55701,0.071821,0.087225,0.00518,22.494
2026-01-25 01:00:00,11.3843,3.60949,0.402723,10.9816,0.058943,0.101076,0.005177,19.471
2026-01-25 02:00:00,4.92009,1.45221,0.211143,4.70894,0.043312,0.051572,0.00421,14.557
2026-01-25 03:00:00,3.44505,0.883347,0.172643,3.27241,0.039097,0.038991,0.004236,10.524
2026-01-25 04:00:00,1.67014,0.504878,0.13758,1.53256,0.03346,0.023498,0.004053,7.326
2026-01-25 05:00:00,1.01587,0.301265,0.085139,0.930726,0.022352,0.012844,0.003068,6.178
2026-01-25 06:00:00,4.71641,1.13648,0.272451,4.44396,0.048321,0.059011,0.004715,16.348
2026-01-25 07:00:00,17.9139,1.83657,1.96983,15.9441,0.136444,0.175055,0.008944,54.329
2026-01-25 08:00:00,45.8567,2.15796,3.02657,42.8301,0.242662,0.393644,0.019024,141.333
2026-01-25 09:00:00,78.5894,2.90019,5.46435,73.1251,0.4011,0.584058,0.028675,227.525
2026-01-25 10:00:00,85.3121,3.17736,5.48434,79.8277,0.401378,0.646086,0.034243,264.702
2026-01-25 11:00:00,54.6688,2.74029,4.64206,50.0267,0.361664,0.476834,0.027001,187.912
2026-01-25 12:00:00,32.4256,2.53999,3.36097,29.0646,0.25541,0.312776,0.016642,124.417
2026-01-25 13:00:00,52.1744,2.94504,4.19852,47.9759,0.30849,0.451609,0.022823,159.15
2026-01-25 14:00:00,55.8799,2.62199,3.88418,51.9957,0.311772,0.504112,0.025842,175.793
2026-01-25 15:00:00,38.4554,2.05073,2.59419,35.8612,0.228488,0.389626,0.021645,142.118
2026-01-25 16:00:00,32.4517,1.93672,2.28057,30.1712,0.228374,0.302219,0.016587,113.459
2026-01-25 17:00:00,21.2239,2.04864,2.355,18.8689,0.181889,0.219939,0.013135,82.159
2026-01-25 18:00:00,19.7617,2.72424,2.22715,17.5345,0.191366,0.207828,0.013455,80.996
2026-01-25 19:00:00,21.4205,3.2713,3.29973,18.1208,0.199125,0.207589,0.012454,70.237
2026-01-25 20:00:00,19.7962,3.70854,3.09082,16.7054,0.188701,0.225455,0.012676,74.353
2026-01-25 21:00:00,14.3631,2.79764,1.61127,12.7518,0.140507,0.176669,0.009504,56.132
2026-01-25 22:00:00,12.5872,2.37136,1.02409,11.5631,0.109447,0.15917,0.007979,44.97
2026-01-25 23:00:00,9.62443,2.21863,0.515543,9.10889,0.071735,0.115494,0.006332,32.964
2026-01-26 00:00:00,5.35947,1.3332,0.223156,5.13631,0.051399,0.061962,0.00563,21.203
2026-01-26 01:00:00,3.89222,1.18018,0.169936,3.72228,0.04176,0.039008,0.004005,13.172
2026-01-26 02:00:00,1.73921,0.513646,0.102866,1.63634,0.03034,0.026978,0.003673,9.648
2026-01-26 03:00:00,1.98211,0.602466,0.102066,1.88005,0.036294,0.029174,0.0038,10.451
2026-01-26 04:00:00,2.922,0.850407,0.138147,2.78385,0.032965,0.023523,0.003605,10.794
2026-01-26 05:00:00,3.6746,0.984092,0.456796,3.2178,0.044565,0.034455,0.00389,14.114
2026-01-26 06:00:00,9.46557,2.1542,0.481501,8.98406,0.062427,0.090795,0.006065,30.509
2026-01-26 07:00:00,19.618,1.63729,1.35249,18.2655,0.14153,0.19078,0.010235,62.185
2026-01-26 08:00:00,39.0397,1.57304,2.66811,36.3715,0.246599,0.362419,0.018438,136.863
2026-01-26 09:00:00,62.643,2.08199,5.11377,57.5292,0.361258,0.519776,0.026667,217.495
2026-01-26 10:00:00,66.28,2.08218,4.42838,61.8516,0.368949,0.543274,0.027284,246.66
2026-01-26 11:00:00,50.0121,1.82313,3.75033,46.2617,0.332929,0.456846,0.023902,187.007
2026-01-26 12:00:00,44.5552,2.28676,5.05511,39.5001,0.364215,0.386823,0.020497,163.072
2026-01-26 13:00:00,52.9171,2.27093,4.37066,48.5465,0.32761,0.456892,0.022082,181.691
2026-01-26 14:00:00,44.6748,1.74606,4.14311,40.5317,0.307227,0.404255,0.021145,168.808
2026-01-26 15:00:00,47.9726,2.00169,3.85221,44.1204,0.297949,0.414453,0.021155,164.337
2026-01-26 16:00:00,37.9977,1.72544,3.73271,34.265,0.309312,0.361516,0.021072,105.882
2026-01-26 17:00:00,26.6094,1.55284,3.04793,23.5615,0.310995,0.278637,0.017809,104.761
2026-01-26 18:00:00,25.3751,2.41576,3.80824,21.5669,0.315008,0.267863,0.017591,94.121
2026-01-26 19:00:00,19.9832,2.50228,2.50605,17.4772,0.226489,0.244185,0.016524,94.919
2026-01-26 20:00:00,20.4399,2.49328,1.83468,18.6052,0.178329,0.234151,0.015221,84.855
2026-01-26 21:00:00,19.2606,2.98245,1.71693,17.5437,0.147146,0.22755,0.013408,79.849
2026-01-26 22:00:00,17.2877,2.72332,1.16154,16.1261,0.122696,0.226902,0.012249,65.532
2026-01-26 23:00:00,12.1467,2.19254,0.555534,11.5912,0.076501,0.154813,0.007833,41.011
2026-01-27 00:00:00,10.4619,2.37879,0.348911,10.113,0.056753,0.114128,0.006027,24.933
2026-01-27 01:00:00,2.97567,0.759874,0.306674,2.66899,0.048748,0.058349,0.004721,14.371
2026-01-27 02:00:00,2.78545,0.715318,0.137479,2.64797,0.035193,0.030828,0.003864,9.792
2026-01-27 03:00:00,2.9118,0.743565,0.135778,2.77602,0.038276,0.032156,0.003829,10.247
2026-01-27 04:00:00,2.0208,0.522171,0.114738,1.90606,0.031883,0.021138,0.003457,9.195
2026-01-27 05:00:00,5.2124,1.17715,0.205319,5.00708,0.03802,0.051712,0.004303,13.473
2026-01-27 06:00:00,9.85764,1.71437,0.578604,9.27904,0.07081,0.115673,0.006721,27.913
2026-01-27 07:00:00,23.8242,1.88602,1.89269,21.9315,0.167495,0.244431,0.011334,70.07
2026-01-27 08:00:00,39.3322,1.60513,4.13259,35.1996,0.275308,0.369182,0.020302,144.878
2026-01-27 09:00:00,57.9546,2.11112,4.16404,53.7906,0.332613,0.471319,0.023572,200.157
2026-01-27 10:00:00,54.9693,1.82259,3.79066,51.1787,0.321673,0.484818,0.025582,210.973
2026-01-27 11:00:00,54.7732,2.11382,5.48792,49.2853,0.401982,0.477568,0.025339,197.874
2026-01-27 12:00:00,42.6703,2.20018,4.8657,37.8046,0.364324,0.40337,0.021831,152.784
2026-01-27 13:00:00,37.1701,1.66667,2.73028,34.4398,0.240877,0.361801,0.019219,139.755
2026-01-27 14:00:00,46.2833,2.01477,3.70475,42.5786,0.28137,0.423141,0.02088,155.11
2026-01-27 15:00:00,47.2758,2.00101,3.47295,43.8028,0.279449,0.415387,0.021402,170.804
2026-01-27 16:00:00,32.368,1.53214,3.9294,28.4386,0.329682,0.328029,0.019476,143.024
2026-01-27 17:00:00,35.6115,2.39036,5.15662,30.4549,0.403024,0.343321,0.019324,119.79
2026-01-27 18:00:00,28.8519,2.56234,4.70376,24.1481,0.334721,0.278994,0.016887,99.018
2026-01-27 19:00:00,20.2024,2.22738,3.0398,17.1626,0.258787,0.24876,0.016407,89.732
2026-01-27 20:00:00,19.2767,2.43454,1.70238,17.5743,0.154584,0.252294,0.014495,86.056
2026-01-27 21:00:00,19.3778,2.83634,1.74957,17.6283,0.171517,0.243187,0.011999,81.647
2026-01-27 22:00:00,12.3279,1.7677,1.04429,11.2836,0.115906,0.173676,0.010351,57.669
2026-01-27 23:00:00,10.5726,1.68622,0.6955,9.8771,0.077515,0.131805,0.007617,37.362
2026-01-28 00:00:00,6.38326,1.38106,0.44117,5.94209,0.057056,0.086673,0.005574,21.098
2026-01-28 01:00:00,2.46006,0.592215,0.087458,2.3726,0.031616,0.033417,0.003747,7.695
2026-01-28 02:00:00,1.60035,0.375493,0.087616,1.51274,0.024637,0.017542,0.003254,6.618
2026-01-28 03:00:00,2.61979,0.589513,0.12263,2.49716,0.026037,0.021829,0.003367,6.522
2026-01-28 04:00:00,2.82911,0.628412,0.137216,2.69189,0.034071,0.035929,0.003605,8.785
2026-01-28 05:00:00,3.40582,0.779721,0.189339,3.21648,0.039266,0.038626,0.004296,12.328
2026-01-28 06:00:00,12.1335,2.23454,0.540255,11.5933,0.072237,0.125744,0.00698,29.542
2026-01-28 07:00:00,22.1371,1.7656,1.488,20.6491,0.154948,0.229651,0.012083,71.61
2026-01-28 08:00:00,38.9662,1.57388,2.60387,36.3623,0.235656,0.368403,0.019829,134.182
2026-01-28 09:00:00,63.9015,2.11063,3.74118,60.1603,0.294662,0.508389,0.025302,214.482
2026-01-28 10:00:00,60.8627,1.89994,3.88881,56.9739,0.310176,0.493747,0.025335,225.144
2026-01-28 11:00:00,51.6018,1.9092,3.29887,48.303,0.290699,0.448717,0.022284,186.992
2026-01-28 12:00:00,36.6293,1.88248,3.05749,33.5718,0.251483,0.353998,0.018809,140.098
2026-01-28 13:00:00,41.6756,1.87965,3.0718,38.6038,0.262146,0.403586,0.020735,154.822
2026-01-28 14:00:00,50.5018,1.82054,4.1706,46.3312,0.335095,0.450382,0.023237,180.037
2026-01-28 15:00:00,42.183,1.81292,4.32921,37.8538,0.336603,0.405881,0.020602,151.975
2026-01-28 16:00:00,37.6363,1.9169,4.51958,33.1167,0.339986,0.382854,0.02038,132.506
2026-01-28 17:00:00,26.8713,1.83222,2.57455,24.2968,0.214742,0.285379,0.016862,103.699
2026-01-28 18:00:00,20.8233,1.76799,2.53783,18.2855,0.239056,0.23431,0.01487,81.534
2026-01-28 19:00:00,16.7263,1.49716,1.84248,14.8838,0.176167,0.211734,0.014921,77.072
2026-01-28 20:00:00,19.5438,2.35128,1.68212,17.8617,0.160814,0.231351,0.013667,86.512
2026-01-28 21:00:00,17.9104,2.37223,1.12574,16.7846,0.117862,0.219214,0.011478,62.806
2026-01-28 22:00:00,19.7921,3.03467,0.857677,18.9344,0.096405,0.170734,0.008621,40.663
2026-01-28 23:00:00,10.8218,1.74883,0.545973,10.2758,0.071234,0.132687,0.006321,31.079
2026-01-29 00:00:00,6.25201,1.22062,0.334757,5.91725,0.051501,0.068439,0.004722,17.789
2026-01-29 01:00:00,4.375,1.03087,0.190486,4.18451,0.040678,0.053938,0.004692,13.175
2026-01-29 02:00:00,1.12083,0.257307,0.10949,1.01134,0.027073,0.017574,0.003679,7.394
2026-01-29 03:00:00,1.8759,0.382213,0.092914,1.78299,0.026835,0.03005,0.003603,7.309
2026-01-29 04:00:00,2.41845,0.542984,0.146928,2.27152,0.037159,0.030185,0.003912,8.651
2026-01-29 05:00:00,5.56215,1.29835,0.26273,5.29942,0.047598,0.061777,0.005666,14.857
2026-01-29 06:00:00,10.4184,1.71074,0.506403,9.91198,0.071413,0.129253,0.007186,26.184
2026-01-29 07:00:00,22.5419,1.69897,1.30808,21.2338,0.138378,0.224385,0.011322,68.053
2026-01-29 08:00:00,41.4091,1.72971,3.02863,38.3805,0.264399,0.387957,0.019915,134.377
2026-01-29 09:00:00,53.5985,1.82594,4.22396,49.3746,0.324731,0.467278,0.02572,208.351
2026-01-29 10:00:00,54.0002,1.75189,3.96048,50.0397,0.333445,0.482614,0.025155,213.731
2026-01-29 11:00:00,53.3163,1.94259,4.27419,49.0421,0.33501,0.467954,0.023215,184.831
2026-01-29 12:00:00,32.6911,1.66604,3.58284,29.1083,0.286032,0.325352,0.018758,134.751
2026-01-29 13:00:00,42.514,1.70138,4.57523,37.9388,0.365693,0.406876,0.02113,167.749
2026-01-29 14:00:00,56.2591,1.90412,4.26775,51.9914,0.35098,0.50109,0.025279,231.246
2026-01-29 15:00:00,61.3464,2.19016,5.48088,55.8655,0.418792,0.530122,0.025563,218.038
2026-01-29 16:00:00,49.5618,1.90476,4.69163,44.8702,0.415775,0.43433,0.024919,188.239
2026-01-29 17:00:00,30.0895,1.59914,5.38006,24.7094,0.387718,0.282327,0.019041,124.038
2026-01-29 18:00:00,18.7539,1.87389,2.6257,16.1282,0.250205,0.229523,0.016392,91.948
2026-01-29 19:00:00,20.6169,2.37851,2.35589,18.261,0.195544,0.233146,0.015155,90.77
2026-01-29 20:00:00,20.9802,2.84054,3.46961,17.5106,0.253872,0.243631,0.0149,82.928
2026-01-29 21:00:00,21.5925,2.97417,1.86819,19.7243,0.169137,0.230555,0.013156,67.467
2026-01-29 22:00:00,15.3879,2.42558,1.19714,14.1907,0.120367,0.193906,0.010828,62.469
2026-01-29 23:00:00,10.6631,2.15156,0.438098,10.225,0.068642,0.123903,0.008152,34.682
2026-01-30 00:00:00,7.02275,1.53805,0.309374,6.71338,0.054262,0.086032,0.005838,23.534
2026-01-30 01:00:00,3.97285,1.0234,0.199621,3.77323,0.044324,0.042245,0.00483,14.73
2026-01-30 02:00:00,2.42596,0.699931,0.11702,2.30894,0.032258,0.039515,0.00423,8.451
2026-01-30 03:00:00,4.22406,1.02725,0.170799,4.05326,0.036378,0.045885,0.004355,10.128
2026-01-30 04:00:00,8.01458,1.62304,0.370788,7.64379,0.055111,0.07488,0.005062,16.802
2026-01-30 05:00:00,7.46066,1.64115,0.397658,7.06301,0.059205,0.087899,0.006638,20.243
2026-01-30 06:00:00,11.0865,1.92407,0.581274,10.5052,0.080283,0.127057,0.008647,34.17
2026-01-30 07:00:00,19.9642,1.64422,1.18584,18.7783,0.135357,0.225522,0.012277,70.714
2026-01-30 08:00:00,52.7108,1.86152,4.17336,48.5375,0.352257,0.462989,0.024889,181.001
2026-01-30 09:00:00,70.5647,2.01521,5.84649,64.7182,0.426783,0.566375,0.028566,273.21
2026-01-30 10:00:00,73.4523,1.97474,5.65723,67.7951,0.442707,0.589699,0.029118,297.083
2026-01-30 11:00:00,56.0204,1.65751,5.53782,50.4826,0.414511,0.500414,0.027489,249.706
2026-01-30 12:00:00,52.7078,2.18017,5.79559,46.9122,0.483656,0.475029,0.025144,192.25
2026-01-30 13:00:00,41.4021,1.74795,4.52722,36.8748,0.375873,0.4028,0.02289,158.346
2026-01-30 14:00:00,54.3054,1.71278,4.35963,49.9457,0.364368,0.505167,0.02848,230.085
2026-01-30 15:00:00,45.7529,1.68234,4.77666,40.9763,0.384336,0.44888,0.026577,201.827
2026-01-30 16:00:00,34.6776,1.74172,3.44627,31.2313,0.281327,0.365337,0.019639,140.759
2026-01-30 17:00:00,22.328,1.69357,2.40816,19.9198,0.21852,0.241395,0.01414,88.457
2026-01-30 18:00:00,20.8999,2.17617,3.45317,17.4467,0.265125,0.246067,0.015288,87.753
2026-01-30 19:00:00,20.4825,2.33446,2.79394,17.6886,0.233358,0.238692,0.015092,82.412
2026-01-30 20:00:00,18.3464,2.54598,2.334,16.0124,0.214967,0.223101,0.012883,69.519
2026-01-30 21:00:00,17.7865,2.75846,1.8204,15.9661,0.161464,0.21334,0.010909,60.526
2026-01-30 22:00:00,17.3222,3.07787,2.13989,15.1823,0.183539,0.214663,0.010871,59.488
2026-01-30 23:00:00,13.0678,2.40837,1.69428,11.3735,0.136017,0.171032,0.009144,46.182
2026-01-31 00:00:00,11.0215,2.45797,0.798686,10.2228,0.081248,0.128736,0.005816,30.708
2026-01-31 01:00:00,7.27236,1.72249,0.39108,6.88128,0.057272,0.084599,0.005062,23.661
2026-01-31 02:00:00,3.08652,0.696102,0.299229,2.78729,0.051924,0.035101,0.004422,15.815
2026-01-31 03:00:00,5.05549,1.14171,0.319719,4.73577,0.048368,0.049175,0.004575,15.331
2026-01-31 04:00:00,4.283,1.08376,0.206158,4.07684,0.04292,0.046343,0.004635,16.751
2026-01-31 05:00:00,4.11095,0.86292,0.250187,3.86076,0.046483,0.04927,0.005026,19.393
2026-01-31 06:00:00,10.8121,2.0897,0.469813,10.3423,0.066431,0.111619,0.006579,29.687
2026-01-31 07:00:00,22.5095,2.0846,1.35288,21.1566,0.14084,0.232861,0.011653,67.287
2026-01-31 08:00:00,40.6063,1.9666,2.89258,37.7138,0.242601,0.3828,0.019387,133.4
2026-01-31 09:00:00,77.0441,2.94894,5.59963,71.4445,0.388542,0.582797,0.028853,228.614
2026-01-31 10:00:00,82.2611,3.23353,5.29989,76.9612,0.406196,0.608097,0.031189,242.213
2026-01-31 11:00:00,53.6987,2.51163,4.79738,48.9013,0.351756,0.448873,0.024027,176.869
2026-01-31 12:00:00,35.4709,2.42652,2.81956,32.6514,0.242774,0.340256,0.017424,119.554
2026-01-31 13:00:00,45.5335,2.67027,5.464,40.0695,0.416662,0.399113,0.020796,137.86
2026-01-31 14:00:00,53.4623,2.86815,4.54762,48.9147,0.376856,0.455174,0.022913,158.932
2026-01-31 15:00:00,47.086,2.73216,4.67766,42.4084,0.365022,0.415058,0.021476,153.01
2026-01-31 16:00:00,32.2498,2.43284,2.78206,29.4677,0.224341,0.299833,0.015778,108.794
2026-01-31 17:00:00,24.2194,3.04188,3.31663,20.9028,0.277583,0.229998,0.013396,75.42
2026-01-31 18:00:00,23.648,3.7692,3.85638,19.7916,0.274034,0.24077,0.013562,68.091
2026-01-31 19:00:00,16.5347,3.025,1.40236,15.1323,0.143174,0.184945,0.010338,58.535
2026-01-31 20:00:00,17.3268,3.7166,2.28642,15.0404,0.174158,0.191917,0.010899,60.617
2026-01-31 21:00:00,12.797,3.13497,1.68193,11.115,0.133697,0.146524,0.009874,48.319
2026-01-31 22:00:00,8.92016,1.96913,0.701399,8.21876,0.118678,0.138278,0.009202,39.372
2026-01-31 23:00:00,6.17272,1.39718,0.38731,5.78541,0.085891,0.079646,0.006416,22.865
2026-02-01 00:00:00,7.4147,2.27445,0.255421,7.15928,0.044671,0.067903,0.004562,16.855
2026-02-01 01:00:00,3.38695,1.28879,0.143715,3.24324,0.02855,0.038584,0.003568,8.202
2026-02-01 02:00:00,2.47724,1.03305,0.088391,2.38885,0.027521,0.02998,0.003688,8.363
2026-02-01 03:00:00,2.22058,0.676593,0.160399,2.06018,0.031728,0.022785,0.003472,8.417
2026-02-01 04:00:00,2.6297,0.821781,0.128347,2.50135,0.028435,0.026867,0.003374,8.451
2026-02-01 05:00:00,3.87118,1.16322,0.170838,3.70034,0.036108,0.037946,0.003709,9.677
2026-02-01 06:00:00,9.10981,2.36005,0.499604,8.6102,0.061358,0.088995,0.006084,23.212
2026-02-01 07:00:00,19.6302,2.14867,1.1429,18.4873,0.114483,0.187389,0.010012,59.786
2026-02-01 08:00:00,38.1917,2.02716,3.00162,35.1901,0.249893,0.341054,0.017501,114.517
2026-02-01 09:00:00,69.1426,2.68265,5.19841,63.9442,0.380624,0.548495,0.027766,210.667
2026-02-01 10:00:00,84.7974,3.02869,5.91948,78.8779,0.411507,0.627528,0.033136,259.478
2026-02-01 11:00:00,59.8235,2.56665,4.86022,54.9632,0.353491,0.492718,0.02546,195.584
2026-02-01 12:00:00,37.5035,2.47124,3.72814,33.7754,0.287636,0.366725,0.018941,130.184
2026-02-01 13:00:00,41.2733,2.40464,3.51032,37.763,0.339555,0.406928,0.019773,125.555
2026-02-01 14:00:00,55.1045,2.68122,3.67117,51.4333,0.302295,0.453799,0.022809,161.022
2026-02-01 15:00:00,48.9314,2.41518,3.84389,45.0876,0.28654,0.432473,0.020945,149.859
2026-02-01 16:00:00,39.936,2.56691,3.65558,36.2804,0.292305,0.373111,0.019455,126.747
2026-02-01 17:00:00,28.0503,2.9122,2.47601,25.5743,0.195536,0.265397,0.013289,79.562
2026-02-01 18:00:00,19.1955,2.40304,2.56693,16.6285,0.202149,0.196134,0.011466,70.912
2026-02-01 19:00:00,20.6102,2.90121,3.18237,17.4279,0.255353,0.216423,0.012391,73.695
2026-02-01 20:00:00,17.9271,2.74535,2.44372,15.4834,0.196719,0.19498,0.011151,69.721
2026-02-01 21:00:00,16.5679,3.0704,1.46108,15.1068,0.118671,0.19204,0.009713,60.363
2026-02-01 22:00:00,9.22508,2.22398,0.5745,8.65058,0.091937,0.170258,0.008865,44.308
2026-02-01 23:00:00,8.09042,1.56306,0.685057,7.40537,0.077486,0.089938,0.006831,28.257
2026-02-02 00:00:00,5.66414,1.23026,0.263612,5.40053,0.052403,0.064309,0.004763,18.552
2026-02-02 01:00:00,3.51883,0.880148,0.127923,3.39091,0.034243,0.03457,0.003833,12.281
2026-02-02 02:00:00,5.34386,1.39672,0.190779,5.15308,0.042916,0.055767,0.00447,16.064
2026-02-02 03:00:00,2.8272,0.767427,0.147834,2.67937,0.035694,0.031456,0.003774,10.269
2026-02-02 04:00:00,1.81547,0.480031,0.132729,1.68275,0.029576,0.018634,0.003808,8.938
2026-02-02 05:00:00,2.54259,0.601655,0.140855,2.40174,0.032129,0.027207,0.003733,11.563
2026-02-02 06:00:00,6.14332,1.36034,0.318816,5.8245,0.053789,0.060464,0.005594,21.972
2026-02-02 07:00:00,13.8592,1.52299,1.06227,12.7969,0.129928,0.179016,0.010545,60.716
2026-02-02 08:00:00,34.4663,1.49464,3.02168,31.4446,0.257679,0.317058,0.018537,126.112
2026-02-02 09:00:00,47.7464,1.77496,4.09322,43.6532,0.325639,0.428734,0.023242,175.625
2026-02-02 10:00:00,59.0729,2.04844,4.89002,54.1828,0.425862,0.51861,0.027107,221.132
2026-02-02 11:00:00,54.2437,2.13928,5.07662,49.167,0.361113,0.46365,0.023764,183.47
2026-02-02 12:00:00,43.7522,2.38432,5.45209,38.3001,0.347249,0.384497,0.020763,157.805
2026-02-02 13:00:00,45.9775,2.14088,4.47863,41.4989,0.342027,0.422643,0.022486,170.692
2026-02-02 14:00:00,53.5574,2.01647,5.27044,48.287,0.402905,0.454046,0.023579,178.58
2026-02-02 15:00:00,48.6219,2.00387,5.71943,42.9025,0.381324,0.409471,0.022136,163.057
2026-02-02 16:00:00,39.3258,1.78754,5.14414,34.1816,0.358552,0.355838,0.020302,146.617
2026-02-02 17:00:00,31.6051,2.01435,3.54285,28.0622,0.274065,0.307996,0.017451,119.794
2026-02-02 18:00:00,24.9034,2.23751,3.60217,21.3013,0.273825,0.266997,0.016853,99.75
2026-02-02 19:00:00,25.5987,2.70371,4.49151,21.1072,0.286958,0.279732,0.016019,103.799
2026-02-02 20:00:00,24.9844,3.00294,3.21695,21.7675,0.23885,0.277925,0.015015,106.642
2026-02-02 21:00:00,24.3699,3.60396,2.61196,21.758,0.21103,0.271679,0.013158,89.313
2026-02-02 22:00:00,19.1896,3.11418,1.32525,17.8644,0.131874,0.226936,0.010387,65.574
2026-02-02 23:00:00,12.5753,2.21787,0.589521,11.9858,0.078464,0.160662,0.008155,47.396
2026-02-03 00:00:00,9.40014,2.11334,0.454807,8.94533,0.069572,0.129341,0.007479,36.914
2026-02-03 01:00:00,4.25734,1.03888,0.264067,3.99327,0.049084,0.053269,0.00523,16.056
2026-02-03 02:00:00,2.34164,0.594023,0.136428,2.20521,0.033908,0.025516,0.003679,9.684
2026-02-03 03:00:00,1.97703,0.58423,0.086317,1.89072,0.023012,0.022756,0.00344,7.323
2026-02-03 04:00:00,3.08609,0.875239,0.115509,2.97058,0.027313,0.033933,0.003545,8.231
2026-02-03 05:00:00,4.2664,1.02214,0.204491,4.06191,0.03648,0.044025,0.003783,12.118
2026-02-03 06:00:00,10.8263,1.89868,0.570507,10.2558,0.077524,0.118419,0.006659,34.046
2026-02-03 07:00:00,19.165,1.474,1.23606,17.9289,0.129227,0.189504,0.010824,66.27
2026-02-03 08:00:00,36.5127,1.50085,2.91099,33.6017,0.247277,0.35498,0.018171,130.965
2026-02-03 09:00:00,60.5936,2.16653,4.62649,55.9671,0.355572,0.496083,0.025017,214.083
2026-02-03 10:00:00,63.9699,2.15765,4.45651,59.5133,0.350392,0.532742,0.026289,229.359
2026-02-03 11:00:00,53.9594,2.06868,4.29507,49.6643,0.331399,0.47943,0.024824,206.353
2026-02-03 12:00:00,42.1489,2.14345,3.82866,38.3202,0.305641,0.400525,0.021397,161.695
2026-02-03 13:00:00,43.6126,1.97074,3.71576,39.8968,0.293633,0.407999,0.021111,161.025
2026-02-03 14:00:00,53.03,2.1057,4.13934,48.8906,0.321785,0.44967,0.022775,184.014
2026-02-03 15:00:00,56.8787,2.25137,9.82592,47.0528,0.525911,0.455009,0.023224,171.158
2026-02-03 16:00:00,44.4455,1.87312,4.11695,40.3285,0.322425,0.405443,0.021168,150.519
2026-02-03 17:00:00,33.0982,1.80825,3.43524,29.663,0.26192,0.325433,0.01842,124.624
2026-02-03 18:00:00,28.4002,2.26441,2.65189,25.7483,0.237011,0.286059,0.017171,105.238
2026-02-03 19:00:00,23.4482,2.31656,2.59875,20.8494,0.22874,0.275067,0.016783,107.471
2026-02-03 20:00:00,25.458,2.68715,3.12433,22.3337,0.25348,0.313856,0.017657,109.694
2026-02-03 21:00:00,22.1019,2.83795,2.58474,19.5172,0.192225,0.254504,0.014249,89.811
2026-02-03 22:00:00,21.1078,2.69713,1.51181,19.596,0.141784,0.236139,0.010344,71.553
2026-02-03 23:00:00,14.244,2.40365,1.33695,12.9071,0.120228,0.158791,0.007602,50.436
2026-02-04 00:00:00,8.15137,1.52191,0.47044,7.68093,0.064855,0.089653,0.005829,32.007
2026-02-04 01:00:00,8.07631,1.76339,0.414147,7.66216,0.059417,0.084288,0.005653,27.718
2026-02-04 02:00:00,2.87811,0.606173,0.170743,2.70736,0.041178,0.034819,0.005381,16.286
2026-02-04 03:00:00,4.0567,0.88807,0.245753,3.81095,0.045645,0.03772,0.004418,19.235
2026-02-04 04:00:00,2.72397,0.632306,0.155364,2.56861,0.042243,0.033177,0.004219,13.924
2026-02-04 05:00:00,4.11853,0.783885,0.248274,3.87026,0.043864,0.036249,0.004512,15.083
2026-02-04 06:00:00,8.63796,1.27629,0.72212,7.91584,0.079181,0.094659,0.006766,31.726
2026-02-04 07:00:00,25.1989,1.72951,2.26957,22.9293,0.203935,0.245186,0.013253,85.945
2026-02-04 08:00:00,47.2771,1.85765,3.06834,44.2088,0.259579,0.409407,0.021028,151.706
2026-02-04 09:00:00,62.7791,2.01435,4.58395,58.1951,0.356127,0.512126,0.02522,230.143
2026-02-04 10:00:00,66.8555,2.00888,5.45287,61.4026,0.420857,0.551187,0.027251,258.33
2026-02-04 11:00:00,58.0987,2.27838,5.07049,53.0282,0.390644,0.485269,0.025102,213.312
2026-02-04 12:00:00,40.1423,2.27693,4.22282,35.9195,0.332191,0.371778,0.02088,153.185
2026-02-04 13:00:00,44.5267,2.05856,3.58151,40.9451,0.295898,0.401876,0.020559,164.461
2026-02-04 14:00:00,49.1591,1.90687,4.29831,44.8607,0.326867,0.429554,0.024033,190.14
2026-02-04 15:00:00,54.1779,2.18512,5.52258,48.6553,0.366327,0.43854,0.022597,183.546
2026-02-04 16:00:00,41.8924,1.99678,6.55001,35.3424,0.351911,0.364672,0.018651,144.3
2026-02-04 17:00:00,25.7278,1.65601,2.8231,22.9047,0.231328,0.275908,0.016848,110.606
2026-02-04 18:00:00,25.8703,2.26178,2.97919,22.8911,0.211838,0.260433,0.015063,97.759
2026-02-04 19:00:00,25.6718,2.78496,3.15752,22.5143,0.215895,0.277299,0.016245,106.234
2026-02-04 20:00:00,20.2313,2.77369,3.11058,17.1207,0.211955,0.224707,0.012151,81.077
2026-02-04 21:00:00,21.013,3.02694,3.18041,17.8326,0.203486,0.23915,0.012523,89.524
2026-02-04 22:00:00,14.4135,2.22774,1.18163,13.2319,0.100763,0.163026,0.008968,66.931
2026-02-04 23:00:00,11.549,1.85377,1.18144,10.3676,0.110306,0.130913,0.007457,51.139
2026-02-05 00:00:00,7.05783,1.39925,0.556735,6.5011,0.072707,0.102096,0.007471,33.04
2026-02-05 01:00:00,4.33526,0.954063,0.287604,4.04766,0.059558,0.053223,0.004929,24.863
2026-02-05 02:00:00,3.98773,0.910857,0.204375,3.78336,0.049526,0.048658,0.004887,22.232
2026-02-05 03:00:00,4.08763,0.893276,0.171329,3.9163,0.046918,0.041759,0.004162,18.581
2026-02-05 04:00:00,4.36716,0.878705,0.199989,4.16718,0.045257,0.044908,0.004525,19.611
2026-02-05 05:00:00,2.89953,0.573029,0.220331,2.6792,0.046297,0.032507,0.004211,20.943
2026-02-05 06:00:00,8.81162,1.24142,0.495278,8.31634,0.067063,0.093942,0.006009,34.178
2026-02-05 07:00:00,27.5487,1.79892,1.46972,26.079,0.141988,0.247773,0.011001,75.459
2026-02-05 08:00:00,41.4922,1.54407,3.39455,38.0977,0.263616,0.370044,0.02043,149.2
2026-02-05 09:00:00,73.7737,2.23516,5.44365,68.33,0.385829,0.542738,0.025806,235.244
2026-02-05 10:00:00,69.4375,1.98087,4.85858,64.5789,0.378085,0.553952,0.026182,245.628
2026-02-05 11:00:00,59.9,1.97053,4.98144,54.9186,0.379395,0.488501,0.024507,224.923
2026-02-05 12:00:00,50.4636,2.32315,4.9749,45.4887,0.374861,0.440223,0.022737,172.551
2026-02-05 13:00:00,46.3256,1.89254,3.73856,42.587,0.292606,0.411412,0.02106,164.447
2026-02-05 14:00:00,66.5071,2.46396,5.36047,61.1466,0.419073,0.501274,0.024277,193.465
2026-02-05 15:00:00,58.7646,2.1718,4.87052,53.894,0.34434,0.496773,0.024559,208.516
2026-02-05 16:00:00,55.2699,2.29698,6.43748,48.8325,0.41293,0.457812,0.023268,183.475
2026-02-05 17:00:00,37.7896,2.17082,4.6996,33.09,0.335996,0.341635,0.019021,133.413
2026-02-05 18:00:00,29.6395,2.34601,2.87918,26.7603,0.231704,0.310246,0.017538,107.644
2026-02-05 19:00:00,30.2183,3.11272,4.62863,25.5896,0.306776,0.317309,0.01704,112.204
2026-02-05 20:00:00,26.2009,3.03743,3.37274,22.8281,0.255856,0.30291,0.016986,101.554
2026-02-05 21:00:00,23.141,3.10534,2.57454,20.5664,0.196973,0.254692,0.015407,101.393
2026-02-05 22:00:00,18.0552,2.61064,1.22889,16.8263,0.129554,0.211387,0.012271,79.861
2026-02-05 23:00:00,16.3883,2.6691,4.01681,12.3715,0.174255,0.145396,0.007964,44.949
2026-02-06 00:00:00,10.8001,2.32861,0.602482,10.1976,0.079471,0.127791,0.006342,32.702
2026-02-06 01:00:00,8.76488,1.87284,0.471226,8.29366,0.062961,0.094448,0.005471,27.719
2026-02-06 02:00:00,6.76013,1.29753,0.316191,6.44394,0.050761,0.066888,0.004839,19.847
2026-02-06 03:00:00,4.1715,0.791256,0.20079,3.97071,0.043443,0.047246,0.004289,16.424
2026-02-06 04:00:00,2.74429,0.470235,0.158108,2.58618,0.038159,0.03379,0.00401,12.181
2026-02-06 05:00:00,5.85302,1.04893,0.288566,5.56445,0.046725,0.053843,0.00454,17.157
2026-02-06 06:00:00,12.6214,1.91873,0.650848,11.9706,0.073613,0.125776,0.006813,37.608
2026-02-06 07:00:00,22.043,1.24593,1.34618,20.6968,0.145796,0.21469,0.012333,70.345
2026-02-06 08:00:00,41.9532,1.51205,3.13841,38.8148,0.260888,0.384811,0.021022,144.387
2026-02-06 09:00:00,55.7599,1.73167,5.06018,50.6997,0.380531,0.477277,0.026088,214.889
2026-02-06 10:00:00,68.1362,2.13486,5.05331,63.0829,0.382652,0.554991,0.026185,240.332
2026-02-06 11:00:00,57.2179,2.1019,4.84232,52.3756,0.356548,0.467915,0.023505,193.592
2026-02-06 12:00:00,47.0248,2.37859,5.1897,41.8351,0.384287,0.411791,0.020586,157.435
2026-02-06 13:00:00,48.477,2.30821,5.31934,43.1577,0.337836,0.419881,0.021573,166.638
2026-02-06 14:00:00,54.8516,2.10031,4.30441,50.5472,0.328559,0.465771,0.024024,199.397
2026-02-06 15:00:00,57.8788,2.43516,4.78845,53.0904,0.367582,0.492896,0.025051,152.144
2026-02-06 16:00:00,49.0599,2.4196,4.26195,44.7979,0.32114,0.435788,0.023101,164.6
2026-02-06 17:00:00,33.1153,2.20182,3.66294,29.4524,0.296121,0.326199,0.018958,122.363
2026-02-06 18:00:00,28.8672,2.51063,3.18512,25.6821,0.282372,0.31321,0.019096,110.166
2026-02-06 19:00:00,22.4478,2.46734,2.69245,19.7554,0.269867,0.26934,0.016834,99.214
2026-02-06 20:00:00,22.7318,2.98083,3.84599,18.8858,0.296543,0.232822,0.014725,86.338
2026-02-06 21:00:00,24.1458,4.12749,2.29132,21.8545,0.23437,0.272869,0.014926,81.744
2026-02-06 22:00:00,19.3988,3.17805,2.00076,17.3981,0.163153,0.226111,0.011113,70.719
2026-02-06 23:00:00,17.7625,2.93594,1.08184,16.6806,0.108681,0.198372,0.008757,54.739
2026-02-07 00:00:00,9.58271,1.92347,0.589,8.99371,0.086447,0.109485,0.006228,37.206
2026-02-07 01:00:00,8.04874,1.75049,0.269848,7.7789,0.045756,0.072485,0.004811,20.013
2026-02-07 02:00:00,2.15086,0.499039,0.120671,2.03019,0.03675,0.021402,0.004374,16.159
2026-02-07 03:00:00,1.67922,0.359885,0.107436,1.57179,0.032662,0.016616,0.003436,9.193
2026-02-07 04:00:00,2.04659,0.463239,0.111081,1.93551,0.030657,0.021809,0.003249,8.708
2026-02-07 05:00:00,3.86214,0.807979,0.197817,3.66432,0.043155,0.045821,0.004161,13.495
2026-02-07 06:00:00,10.3269,1.64494,0.438574,9.88836,0.060796,0.093547,0.00594,26.228
2026-02-07 07:00:00,20.6716,1.69773,1.06987,19.6017,0.111527,0.19656,0.009241,56.834
2026-02-07 08:00:00,45.4937,1.92901,2.95479,42.5389,0.248382,0.394042,0.019738,142.305
2026-02-07 09:00:00,69.8416,2.49221,4.13082,65.7108,0.322306,0.559438,0.026802,221.088
2026-02-07 10:00:00,72.9471,2.55131,5.47083,67.4763,0.397764,0.578928,0.028328,243.523
2026-02-07 11:00:00,54.3998,2.40899,3.78018,50.6196,0.302882,0.471675,0.023686,184.621
2026-02-07 12:00:00,38.0053,2.44911,3.24253,34.7628,0.269681,0.343873,0.018268,131.048
2026-02-07 13:00:00,35.4652,1.96985,2.77936,32.6858,0.234866,0.33412,0.017502,127.498
2026-02-07 14:00:00,48.5881,2.30428,4.6388,43.9493,0.34695,0.429253,0.021689,161.687
2026-02-07 15:00:00,46.8379,2.42132,4.49799,42.34,0.327247,0.411151,0.020583,157.068
2026-02-07 16:00:00,34.4774,2.18018,3.48608,30.9914,0.26476,0.33014,0.016614,125.983
2026-02-07 17:00:00,22.6862,2.10721,2.48866,20.1976,0.208539,0.238795,0.013353,95.88
2026-02-07 18:00:00,25.015,3.02552,3.83174,21.1832,0.286541,0.238999,0.013738,90.41
2026-02-07 19:00:00,18.8122,2.59909,1.88423,16.9279,0.15286,0.208164,0.013512,72.225
2026-02-07 20:00:00,15.794,2.37147,1.92231,13.8717,0.165943,0.188333,0.011651,75.044
2026-02-07 21:00:00,16.3478,3.03863,1.26616,15.0817,0.139881,0.209796,0.011056,74
2026-02-07 22:00:00,16.5814,3.40621,0.999963,15.5814,0.10498,0.187352,0.008692,62.595
2026-02-07 23:00:00,13.2969,3.06522,0.95002,12.3469,0.112526,0.15612,0.007618,45.709
2026-02-08 00:00:00,9.09564,2.12714,0.512656,8.58298,0.068172,0.101271,0.006496,31.779
2026-02-08 01:00:00,4.31801,1.02468,0.213186,4.10482,0.037302,0.052082,0.004171,10.521
2026-02-08 02:00:00,2.65273,0.606753,0.116862,2.53586,0.029389,0.032247,0.003487,8.656
2026-02-08 03:00:00,2.39933,0.516652,0.114134,2.2852,0.031817,0.029131,0.003538,9.26
2026-02-08 04:00:00,2.4551,0.493587,0.119724,2.33538,0.032147,0.02807,0.003512,8.355
2026-02-08 05:00:00,4.86265,1.14254,0.206775,4.65588,0.040522,0.050349,0.004266,13.645
2026-02-08 06:00:00,6.24583,1.25519,0.367666,5.87817,0.052424,0.057926,0.00469,17.934
2026-02-08 07:00:00,18.3218,1.63063,1.22683,17.095,0.119737,0.17961,0.00977,57.033
2026-02-08 08:00:00,47.8739,1.87652,3.88703,43.9869,0.293179,0.408766,0.019642,154.758
2026-02-08 09:00:00,86.7454,2.94872,5.97321,80.7722,0.44525,0.625416,0.030684,249.768
2026-02-08 10:00:00,89.1889,3.16116,5.45515,83.7337,0.418331,0.655543,0.033578,271.763
2026-02-08 11:00:00,59.2478,2.69162,4.29247,54.9554,0.335524,0.499425,0.025245,207.094
2026-02-08 12:00:00,42.721,2.78131,3.4829,39.2381,0.316663,0.389686,0.019123,149.232
2026-02-08 13:00:00,45.7147,2.40578,4.31563,41.3991,0.277362,0.410028,0.020878,169.323
2026-02-08 14:00:00,66.3688,2.78486,6.87923,59.4896,0.445184,0.499477,0.0246,201.206
2026-02-08 15:00:00,59.855,2.72341,4.86792,54.9871,0.354202,0.495998,0.024322,204.261
2026-02-08 16:00:00,50.8974,2.49448,4.46871,46.4287,0.318706,0.435297,0.023787,183.105
2026-02-08 17:00:00,26.3059,1.93882,2.06217,24.2437,0.222592,0.266732,0.014255,89.979
2026-02-08 18:00:00,21.6805,2.67991,2.84824,18.8322,0.228846,0.230781,0.013379,81.17
2026-02-08 19:00:00,19.1739,2.72125,2.58679,16.5872,0.2381,0.205703,0.011861,74.373
2026-02-08 20:00:00,17.0475,2.67622,1.92934,15.1182,0.181908,0.205143,0.012882,79
2026-02-08 21:00:00,15.7168,2.68571,1.60981,14.107,0.15498,0.186715,0.01065,68.379
2026-02-08 22:00:00,12.715,2.43116,1.0852,11.6298,0.106341,0.150665,0.007853,55.586
2026-02-08 23:00:00,10.2652,2.33407,0.492756,9.77249,0.067852,0.117253,0.006382,42.393
2026-02-09 00:00:00,6.31682,1.52213,0.712718,5.6041,0.087988,0.075352,0.005192,24.893
2026-02-09 01:00:00,4.01799,1.29362,0.152563,3.86543,0.037054,0.051665,0.004022,14.467
2026-02-09 02:00:00,2.37594,0.741554,0.096748,2.27919,0.02873,0.032272,0.003412,8.801
2026-02-09 03:00:00,1.97673,0.527974,0.108311,1.86842,0.029952,0.020853,0.003362,8.421
2026-02-09 04:00:00,3.91335,1.06053,0.222367,3.69099,0.043544,0.038055,0.003634,11.801
2026-02-09 05:00:00,2.92532,0.76459,0.135638,2.78968,0.034118,0.027942,0.003821,11.04
2026-02-09 06:00:00,6.28021,1.3155,0.279669,6.00054,0.051591,0.062568,0.005059,21.263
2026-02-09 07:00:00,22.8632,1.7525,1.47868,21.3845,0.157826,0.2124,0.010587,69.993
2026-02-09 08:00:00,35.4538,1.48778,3.62892,31.8249,0.255378,0.339914,0.018368,121.985
2026-02-09 09:00:00,46.2984,1.5752,5.60514,40.6932,0.389146,0.409372,0.021996,178.272
2026-02-09 10:00:00,60.5765,1.89539,4.3746,56.2019,0.339138,0.499537,0.02466,234.343
2026-02-09 11:00:00,52.3158,1.89949,6.33361,45.9822,0.385482,0.432759,0.022343,194.31
2026-02-09 12:00:00,37.383,1.85985,3.76924,33.6138,0.292288,0.337997,0.018578,152.746
2026-02-09 13:00:00,41.6515,1.85828,3.32651,38.3249,0.275909,0.370407,0.019754,155.975
2026-02-09 14:00:00,48.5382,1.66546,4.53457,44.0036,0.334506,0.410352,0.021759,174.183
2026-02-09 15:00:00,57.1548,2.06663,5.64052,51.5143,0.382623,0.464891,0.022234,183.526
2026-02-09 16:00:00,44.8646,1.83435,4.62387,40.2407,0.382777,0.399199,0.021603,163.878
2026-02-09 17:00:00,35.2894,1.83799,3.85054,31.4388,0.297616,0.324814,0.018084,127.831
2026-02-09 18:00:00,29.0848,2.07808,5.78998,23.2948,0.368674,0.304091,0.016645,103.324
2026-02-09 19:00:00,34.7172,2.6281,7.34168,27.3755,0.464494,0.296756,0.016897,114.393
2026-02-09 20:00:00,28.4747,3.54163,4.28695,24.1878,0.302618,0.287145,0.015709,108.996
2026-02-09 21:00:00,18.8023,3.06526,2.05057,16.7517,0.184994,0.2285,0.013177,88.437
2026-02-09 22:00:00,13.4002,2.17395,0.920354,12.4799,0.113931,0.176148,0.009938,64.371
2026-02-09 23:00:00,14.9194,2.96373,0.727223,14.1922,0.085371,0.160817,0.0075,32.884
2026-02-10 00:00:00,7.86209,1.85953,0.421409,7.44069,0.069172,0.091702,0.005604,29.811
2026-02-10 01:00:00,6.10925,1.71032,0.237796,5.87145,0.049421,0.073638,0.004677,18.178
2026-02-10 02:00:00,4.79661,1.25566,0.222944,4.57367,0.046363,0.048252,0.004271,14.745
2026-02-10 03:00:00,4.02285,0.951029,0.159469,3.86338,0.043042,0.046089,0.004033,14.135
2026-02-10 04:00:00,5.29188,1.15191,0.20779,5.08408,0.047001,0.055611,0.004281,16.243
2026-02-10 05:00:00,4.0058,0.906701,0.199743,3.80606,0.042422,0.044361,0.004235,15.468
2026-02-10 06:00:00,10.1431,1.83686,0.495812,9.64733,0.065019,0.094619,0.005377,27.737
2026-02-10 07:00:00,19.6945,1.50019,1.2583,18.4362,0.127208,0.190896,0.009868,69.07
2026-02-10 08:00:00,46.8887,1.82375,2.89315,43.9956,0.249923,0.397119,0.019195,144.021
2026-02-10 09:00:00,53.604,1.88137,3.37425,50.2298,0.283362,0.455047,0.023008,186.39
2026-02-10 10:00:00,59.211,2.00783,4.81154,54.3995,0.359753,0.489856,0.025373,212.941
2026-02-10 11:00:00,51.3054,1.89585,4.75026,46.5551,0.354168,0.45403,0.025092,176.603
2026-02-10 12:00:00,48.2607,2.49177,3.60479,44.6559,0.28291,0.413206,0.019409,146.328
2026-02-10 13:00:00,45.8892,1.91604,3.97973,41.9095,0.302326,0.387232,0.02007,154.124
2026-02-10 14:00:00,51.0152,1.80674,3.81775,47.1975,0.299855,0.444285,0.022139,176.085
2026-02-10 15:00:00,49.5833,1.75678,5.15485,44.4284,0.354391,0.420427,0.021288,170.113
2026-02-10 16:00:00,37.3854,1.72585,3.66961,33.7157,0.29263,0.34032,0.019377,137.794
2026-02-10 17:00:00,23.645,1.59699,3.21244,20.4325,0.235147,0.236016,0.015284,98.471
2026-02-10 18:00:00,19.9121,1.77723,2.49748,17.4146,0.206077,0.24671,0.014036,78.095
2026-02-10 19:00:00,20.7548,2.21031,2.38716,18.3677,0.184105,0.230181,0.013139,81.089
2026-02-10 20:00:00,17.5612,2.17881,1.60484,15.9564,0.158587,0.195356,0.010513,69.837
2026-02-10 21:00:00,17.3756,2.22822,2.09071,15.2849,0.212599,0.185834,0.010316,66.733
2026-02-10 22:00:00,15.6289,2.28225,0.9169,14.712,0.149599,0.163762,0.009218,52.221
2026-02-10 23:00:00,14.1569,2.6904,0.98409,13.1728,0.146788,0.160354,0.009338,47.766
2026-02-11 00:00:00,8.35681,1.84967,1.34293,7.01388,0.125356,0.104022,0.006494,32.024
2026-02-11 01:00:00,5.13814,1.09369,0.257128,4.88101,0.048264,0.054402,0.00471,20.245
2026-02-11 02:00:00,8.03772,2.02258,0.255694,7.78202,0.053613,0.079749,0.004544,19.86
2026-02-11 03:00:00,6.63081,1.41563,0.202955,6.42786,0.044766,0.057432,0.004256,16.247
2026-02-11 04:00:00,2.41783,0.531391,0.123647,2.29418,0.036445,0.025366,0.003796,12.543
2026-02-11 05:00:00,2.98451,0.674314,0.150084,2.83443,0.036029,0.032665,0.004009,13.939
2026-02-11 06:00:00,9.174,1.50938,0.488596,8.68541,0.066102,0.102384,0.005529,21.331
2026-02-11 07:00:00,23.9748,1.77644,1.63065,22.3442,0.158922,0.226126,0.010616,65.466
2026-02-11 08:00:00,41.3337,1.67275,2.95542,38.3783,0.248406,0.366227,0.018674,127.414
2026-02-11 09:00:00,54.9481,1.89607,3.67948,51.2686,0.29628,0.477514,0.023905,183.779
2026-02-11 10:00:00,78.5202,2.73914,5.22192,73.2983,0.424424,0.59724,0.026837,222.513
2026-02-11 11:00:00,50.4666,2.14514,3.57023,46.8964,0.354618,0.456236,0.023409,169.66
2026-02-11 12:00:00,46.8592,2.93053,3.66287,43.1964,0.323425,0.390658,0.019656,126.445
2026-02-11 13:00:00,42.5226,2.32085,4.15784,38.3648,0.291425,0.375831,0.018225,134.446
2026-02-11 14:00:00,53.7549,2.2454,6.5217,47.2332,0.457438,0.453796,0.022915,172.033
2026-02-11 15:00:00,47.9948,2.12141,4.07271,43.922,0.34649,0.429763,0.021673,172.761
2026-02-11 16:00:00,34.656,1.77669,3.20537,31.4507,0.292377,0.349663,0.017858,125.633
2026-02-11 17:00:00,26.3733,1.85701,2.56156,23.8118,0.249597,0.258641,0.013899,87.405
2026-02-11 18:00:00,21.3592,2.05693,2.0062,19.353,0.183825,0.220257,0.012018,73.192
2026-02-11 19:00:00,21.8714,2.40821,3.4305,18.4409,0.251335,0.220911,0.012276,77.304
2026-02-11 20:00:00,23.0819,2.9992,3.34681,19.7351,0.210932,0.229015,0.011493,83.67
2026-02-11 21:00:00,19.4104,3.40534,2.78817,16.6223,0.179544,0.195846,0.0104,76.564
2026-02-11 22:00:00,14.6582,2.92812,0.994297,13.6639,0.110051,0.170359,0.008965,64.942
2026-02-11 23:00:00,7.29091,1.82455,0.891977,6.39893,0.095086,0.096377,0.006583,37.095
2026-02-12 00:00:00,7.41963,2.10665,0.784782,6.63485,0.081242,0.080282,0.005389,30.132
2026-02-12 01:00:00,3.75192,1.12131,0.520432,3.23148,0.05462,0.028336,0.003916,15.911
2026-02-12 02:00:00,2.99077,0.905197,0.227386,2.76339,0.041289,0.039632,0.004011,12.607
2026-02-12 03:00:00,4.7153,1.22794,0.253379,4.46193,0.04049,0.042401,0.003998,13.485
2026-02-12 04:00:00,4.21151,1.0158,0.219692,3.99182,0.037402,0.038803,0.003765,12.494
2026-02-12 05:00:00,5.83289,1.34522,0.244604,5.58829,0.040061,0.050214,0.00432,15.999
2026-02-12 06:00:00,11.7877,2.32682,0.481941,11.3057,0.061283,0.106062,0.005574,28.933
2026-02-12 07:00:00,18.8449,1.52245,1.32834,17.5166,0.124701,0.176416,0.009459,57.71
2026-02-12 08:00:00,47.1214,1.84197,3.06987,44.0515,0.262575,0.399864,0.019583,136.416
2026-02-12 09:00:00,47.2721,1.88035,3.30245,43.9696,0.266044,0.403301,0.019745,139.378
2026-02-12 10:00:00,47.4228,1.91872,3.53503,43.8878,0.269513,0.406739,0.019906,142.341
2026-02-12 11:00:00,47.5736,1.9571,3.76761,43.8059,0.272982,0.410176,0.020068,145.303
2026-02-12 12:00:00,,,,,,,,
2026-02-12 13:00:00,,,,,,,,
2026-02-12 14:00:00,,,,,,,,
2026-02-12 15:00:00,48.1765,2.1106,4.69793,43.4785,0.286858,0.423925,0.020713,157.153
2026-02-12 16:00:00,38.8584,2.03043,2.46725,36.3912,0.226633,0.354697,0.018425,129.365
2026-02-12 17:00:00,21.1448,1.5884,1.54277,19.6021,0.159489,0.217708,0.012439,81.676
2026-02-12 18:00:00,18.3228,2.57342,2.09368,16.2291,0.190798,0.200672,0.010567,61.861
2026-02-12 19:00:00,12.562,1.78792,2.21398,10.348,0.189239,0.152461,0.010093,59.176
2026-02-12 20:00:00,11.8936,1.93141,1.25685,10.6368,0.127091,0.147074,0.009242,50.823
2026-02-12 21:00:00,11.452,2.12626,0.817303,10.6347,0.128655,0.1523,0.008697,48.189
2026-02-12 22:00:00,10.0214,1.89655,0.625625,9.39575,0.089706,0.136477,0.007462,42.939
2026-02-12 23:00:00,9.90219,2.52478,0.655886,9.24631,0.131914,0.114551,0.006282,27.988
2026-02-13 00:00:00,6.10532,1.82575,0.585933,5.51938,0.139245,0.071559,0.004767,15.306
2026-02-13 01:00:00,2.69132,0.893532,0.110648,2.58067,0.028358,0.03074,0.003261,7.801
2026-02-13 02:00:00,2.29654,0.711003,0.107285,2.18925,0.025224,0.021776,0.003068,6.557
2026-02-13 03:00:00,2.78556,0.796785,0.133283,2.65227,0.030411,0.027211,0.003269,7.924
2026-02-13 04:00:00,1.37313,0.359272,0.064669,1.30847,0.01992,0.013404,0.002772,5.163
2026-02-13 05:00:00,2.54102,0.687504,0.107115,2.4339,0.025272,0.021461,0.00311,7.004
2026-02-13 06:00:00,2.96616,0.681562,0.16925,2.79691,0.037305,0.036168,0.004045,11.664
2026-02-13 07:00:00,18.8429,1.65115,1.30213,17.5408,0.124631,0.165323,0.008464,50.462
2026-02-13 08:00:00,41.7599,1.82965,3.1149,38.645,0.242896,0.355677,0.017733,131.289
2026-02-13 09:00:00,58.4795,2.32283,3.51404,54.9655,0.271551,0.473218,0.022018,178.972
2026-02-13 10:00:00,68.4723,2.56913,5.25091,63.2214,0.376989,0.528884,0.024354,203.164
2026-02-13 11:00:00,48.6661,2.32252,3.38072,45.2854,0.306656,0.428918,0.020857,165.133
2026-02-13 12:00:00,32.8641,2.19123,2.54604,30.3181,0.227737,0.309616,0.014285,103.856
2026-02-13 13:00:00,33.9487,1.98786,2.75367,31.1951,0.232718,0.319956,0.016182,117.138
2026-02-13 14:00:00,37.2386,1.78295,3.50732,33.7313,0.258315,0.33159,0.018076,136.779
2026-02-13 15:00:00,36.3131,1.95106,3.14187,33.1712,0.252117,0.327174,0.017194,128.491
2026-02-13 16:00:00,25.2897,1.61307,2.13281,23.1569,0.221165,0.242794,0.012792,92.614
2026-02-13 17:00:00,17.8381,1.60617,2.38732,15.4508,0.214197,0.195639,0.011554,75.511
2026-02-13 18:00:00,20.3822,2.66782,2.87427,17.5079,0.190227,0.19405,0.010401,65.632
2026-02-13 19:00:00,13.8458,2.21746,1.48656,12.3592,0.150669,0.146314,0.010322,41.367
2026-02-13 20:00:00,14.3934,2.23639,1.68422,12.7092,0.137595,0.146871,0.008706,49.739
2026-02-13 21:00:00,12.1663,2.38555,1.52571,10.6406,0.131613,0.14509,0.008675,52.616
2026-02-13 22:00:00,10.8973,2.23949,1.05056,9.84678,0.103452,0.122371,0.007385,43.193
2026-02-13 23:00:00,7.42218,1.93286,0.454034,6.96815,0.059592,0.081116,0.005478,26.724
2026-02-14 00:00:00,4.1824,1.11769,0.175054,4.00734,0.04425,0.046489,0.004233,14.989
2026-02-14 01:00:00,3.53031,0.912695,0.168108,3.3622,0.035518,0.029579,0.003668,11.639
2026-02-14 02:00:00,1.65477,0.512311,0.09132,1.56345,0.028752,0.017488,0.003247,8.849
2026-02-14 03:00:00,2.68049,0.768488,0.108097,2.57239,0.029877,0.030179,0.003621,9.584
2026-02-14 04:00:00,3.16372,0.905472,0.112029,3.05169,0.031925,0.029347,0.003665,9.674
2026-02-14 05:00:00,2.0871,0.784035,0.061138,2.02596,0.025496,0.01746,0.003087,7.549
2026-02-14 06:00:00,4.91894,1.12562,0.250963,4.66797,0.042905,0.038082,0.004094,13.861
2026-02-14 07:00:00,21.2154,1.79609,1.51746,19.698,0.129587,0.198463,0.00984,60.979
2026-02-14 08:00:00,43.2655,1.93236,3.44432,39.8212,0.25931,0.365672,0.018164,128.175
2026-02-14 09:00:00,60.7738,2.18894,3.75,57.0238,0.297516,0.48845,0.022359,177.53
2026-02-14 10:00:00,60.6114,2.30374,4.00216,56.6092,0.319854,0.496175,0.024506,197.326
2026-02-14 11:00:00,40.8427,1.81394,2.78195,38.0608,0.237587,0.370513,0.019393,145.103
2026-02-14 12:00:00,29.443,2.10458,2.14431,27.2987,0.185379,0.268762,0.013735,99.875
2026-02-14 13:00:00,30.057,1.93467,2.58671,27.4703,0.21938,0.281066,0.014567,102.821
2026-02-14 14:00:00,28.7053,1.69413,2.29962,26.4057,0.19543,0.284435,0.015677,102.621
2026-02-14 15:00:00,31.2993,2.03189,2.48473,28.8145,0.20566,0.310954,0.016322,106.455
2026-02-14 16:00:00,24.141,1.77065,1.94666,22.1944,0.179472,0.241276,0.012236,84.512
2026-02-14 17:00:00,11.0134,1.36339,0.975131,10.0383,0.108175,0.119393,0.008304,42.639
2026-02-14 18:00:00,9.08007,2.0169,1.08685,7.99322,0.101405,0.100913,0.007577,32.034
2026-02-14 19:00:00,11.4741,2.92407,2.04869,9.42536,0.145587,0.111252,0.007456,34.556
2026-02-14 20:00:00,9.31278,2.71193,1.40581,7.90697,0.101194,0.096828,0.00657,27.926
2026-02-14 21:00:00,7.80729,2.28953,0.828187,6.9791,0.113047,0.096347,0.006366,26.137
2026-02-14 22:00:00,7.99279,2.74289,0.837344,7.15545,0.106518,0.07036,0.00595,23.959
2026-02-14 23:00:00,6.31024,2.164,0.490013,5.82023,0.055745,0.063286,0.004685,18.497
2026-02-15 00:00:00,4.09324,1.80478,0.366511,3.72673,0.046666,0.042877,0.003782,11.929
2026-02-15 01:00:00,2.04086,0.939623,0.149097,1.89177,0.034742,0.035328,0.00331,8.326
2026-02-15 02:00:00,1.44219,0.740341,0.077965,1.36422,0.023869,0.01338,0.002958,6.108
2026-02-15 03:00:00,1.10926,0.701174,0.07278,1.03648,0.022846,0.013949,0.002794,6.346
2026-02-15 04:00:00,1.38043,0.769469,0.074944,1.30548,0.022456,0.011852,0.002725,6.425
2026-02-15 05:00:00,1.13518,0.579763,0.064185,1.07099,0.023127,0.011551,0.002817,5.789
2026-02-15 06:00:00,3.62953,1.40789,0.220222,3.40931,0.039522,0.037837,0.004082,12.918
2026-02-15 07:00:00,10.2301,1.35426,0.72609,9.50397,0.082287,0.105414,0.006699,35.482
2026-02-15 08:00:00,34.8423,1.92159,2.63165,32.2106,0.2074,0.288384,0.015821,104.132
2026-02-15 09:00:00,45.7337,2.32789,2.93919,42.7945,0.243773,0.392197,0.018649,136.421
2026-02-15 10:00:00,48.5252,2.31337,3.54443,44.9808,0.278714,0.402117,0.020171,145.339
2026-02-15 11:00:00,39.1754,2.49112,2.47105,36.7044,0.200303,0.337856,0.017322,106.72
2026-02-15 12:00:00,15.971,1.75892,1.70965,14.2614,0.148645,0.173468,0.011061,60.896
2026-02-15 13:00:00,17.6542,1.56481,1.25105,16.4031,0.124942,0.175737,0.010615,61.211
2026-02-15 14:00:00,21.353,1.98818,1.58897,19.7641,0.14307,0.210055,0.010548,66.273
2026-02-15 15:00:00,20.6525,2.19194,1.44934,19.2031,0.17556,0.204733,0.009909,47.4
2026-02-15 16:00:00,11.2951,1.43448,0.852504,10.4426,0.09554,0.123746,0.007792,39.914
2026-02-15 17:00:00,11.0528,1.87209,1.58436,9.46844,0.163256,0.121406,0.007418,37.947
2026-02-15 18:00:00,9.54562,1.96331,1.26896,8.27666,0.109265,0.110907,0.007655,36.154
2026-02-15 19:00:00,7.78646,1.87897,0.748703,7.03775,0.095341,0.088119,0.007238,34.453
2026-02-15 20:00:00,6.88347,2.10375,0.597509,6.28596,0.095835,0.108016,0.008869,41.145
2026-02-15 21:00:00,7.02265,1.97821,1.08853,5.93412,0.10857,0.090826,0.006644,27.193
2026-02-15 22:00:00,5.88577,1.90602,0.399611,5.48616,0.062775,0.069086,0.005107,20.558
2026-02-15 23:00:00,5.87699,2.45079,0.380117,5.49688,0.0593,0.068945,0.004724,21.146
2026-02-16 00:00:00,2.91425,1.42576,0.118802,2.79545,0.031118,0.029136,0.003309,9.084
2026-02-16 01:00:00,2.21905,1.18412,0.082904,2.13614,0.02769,0.022644,0.00304,8.102
2026-02-16 02:00:00,1.92162,1.28451,0.09042,1.8312,0.027875,0.021116,0.002972,8.889
2026-02-16 03:00:00,1.25408,0.691334,0.062861,1.19122,0.021575,0.014887,0.002647,6.661
2026-02-16 04:00:00,1.55647,0.855204,0.074227,1.48224,0.02333,0.014971,0.002778,7.388
2026-02-16 05:00:00,2.04718,1.0185,0.081004,1.96618,0.022102,0.021365,0.002816,6.063
2026-02-16 06:00:00,3.27319,1.23703,0.158627,3.11456,0.035562,0.037773,0.003655,11.889
2026-02-16 07:00:00,7.92292,1.81552,0.524585,7.39833,0.066598,0.078563,0.005311,25.5
2026-02-16 08:00:00,11.5595,1.15642,0.995185,10.5644,0.100781,0.116323,0.007597,43.101
2026-02-16 09:00:00,15.607,1.77433,1.4243,14.1827,0.117444,0.157244,0.008363,51.679
2026-02-16 10:00:00,12.7536,1.5538,0.83638,11.9172,0.097373,0.136776,0.008289,47.789
2026-02-16 11:00:00,9.38955,1.3612,0.869382,8.52017,0.104436,0.100357,0.006878,35.596
2026-02-16 12:00:00,8.01338,1.50854,0.609483,7.4039,0.077754,0.080148,0.005891,24.605
2026-02-16 13:00:00,9.06845,1.65121,0.64572,8.42273,0.074668,0.081279,0.005997,26.765
2026-02-16 14:00:00,10.3182,1.94389,0.635685,9.68248,0.084572,0.106259,0.006685,32.611
2026-02-16 15:00:00,7.67793,1.42184,0.932429,6.7455,0.127876,0.085469,0.006287,30.537
2026-02-16 16:00:00,6.15946,1.40179,0.82173,5.33773,0.095182,0.07583,0.005793,26.057
2026-02-16 17:00:00,5.01903,1.53675,0.417206,4.60182,0.161013,0.061633,0.00511,15.775
2026-02-16 18:00:00,2.91479,1.33095,0.414788,2.5,0.080966,0.043972,0.004772,12.833
2026-02-16 19:00:00,3.48844,1.51408,0.883893,2.60454,0.073994,0.046604,0.00482,14.185
2026-02-16 20:00:00,4.35172,1.75049,0.751179,3.60054,0.072024,0.053475,0.005042,17.153
2026-02-16 21:00:00,3.11131,1.59391,0.229774,2.88154,0.057994,0.050313,0.00521,18.12
2026-02-16 22:00:00,4.07216,2.20594,0.290644,3.78152,0.059464,0.05507,0.004896,18.532
2026-02-16 23:00:00,3.16407,2.13788,0.439614,2.72445,0.064979,0.03647,0.004245,13.634
2026-02-17 00:00:00,3.04362,2.1284,0.190463,2.85315,0.040553,0.035965,0.003641,11.332
2026-02-17 01:00:00,1.53207,1.53822,0.079452,1.45262,0.023397,0.01543,0.002735,6.296
2026-02-17 02:00:00,1.58281,1.70562,0.110732,1.47208,0.024205,0.013019,0.002737,6.054
2026-02-17 03:00:00,1.80969,1.78823,0.089332,1.72036,0.02492,0.0182,0.003062,7.456
2026-02-17 04:00:00,0.185894,0.195677,0.026062,0.159832,0.014262,0.002969,0.002279,4.401
2026-02-17 05:00:00,0.325387,0.345423,0.024102,0.301285,0.016244,0.00994,0.002343,4.431
2026-02-17 06:00:00,2.03398,1.1139,0.086058,1.94792,0.027668,0.03294,0.003116,7.406
2026-02-17 07:00:00,3.78689,1.33529,0.329657,3.45723,0.047065,0.042741,0.004163,13.749
2026-02-17 08:00:00,6.80932,1.31353,0.992891,5.81642,0.087787,0.072872,0.005408,24.822
2026-02-17 09:00:00,7.71186,1.43664,0.607573,7.10428,0.07545,0.0799,0.005838,30.27
2026-02-17 10:00:00,8.71542,1.41346,0.851449,7.86397,0.088334,0.093001,0.006998,41.131
2026-02-17 11:00:00,9.06063,1.76965,1.2473,7.81334,0.109461,0.105091,0.006988,34.526
2026-02-17 12:00:00,7.54758,1.69838,0.779957,6.76763,0.066922,0.076423,0.005879,28.664
2026-02-17 13:00:00,6.75451,1.45071,0.671577,6.08294,0.070905,0.082189,0.005759,28.908
2026-02-17 14:00:00,8.43777,1.34231,0.796139,7.64163,0.086332,0.110054,0.006479,30.634
2026-02-17 15:00:00,7.95743,1.53796,0.425586,7.53184,0.065149,0.105218,0.005743,23.585
2026-02-17 16:00:00,6.19708,1.31072,0.647687,5.5494,0.074105,0.091317,0.006039,21.844
2026-02-17 17:00:00,5.41256,1.66746,0.788452,4.62411,0.087581,0.084716,0.005845,22.247
2026-02-17 18:00:00,5.79186,2.11228,1.19988,4.59198,0.110396,0.078439,0.00599,21.863
2026-02-17 19:00:00,5.69137,2.03408,1.58154,4.10983,0.10339,0.07189,0.005918,18.38
2026-02-17 20:00:00,5.56048,2.73108,0.453563,5.10692,0.080049,0.076452,0.005389,16.767
2026-02-17 21:00:00,3.71821,2.4755,0.326749,3.39146,0.056264,0.064655,0.005267,23.626
2026-02-17 22:00:00,4.99818,3.50503,0.389263,4.60892,0.057034,0.070795,0.004915,21.372
2026-02-17 23:00:00,4.15571,3.62627,0.182058,3.97365,0.034705,0.050076,0.003651,14.069
2026-02-18 00:00:00,3.06918,2.5705,0.121781,2.9474,0.024723,0.029067,0.002843,7.972
2026-02-18 01:00:00,1.4867,1.47198,0.078905,1.4078,0.019797,0.017852,0.002558,5.513
2026-02-18 02:00:00,1.02074,0.959343,0.052523,0.968219,0.014719,0.012331,0.002362,5.084
2026-02-18 03:00:00,0.954313,0.824105,0.057812,0.896501,0.013187,0.010045,0.002228,4.36
2026-02-18 04:00:00,1.20176,0.981833,0.061895,1.13987,0.013589,0.011493,0.002216,4.167
2026-02-18 05:00:00,0.676247,0.467022,0.025342,0.650905,0.008633,0.006696,0.002008,2.535
2026-02-18 06:00:00,1.20982,0.755193,0.085147,1.12467,0.017469,0.014412,0.002477,4.77
2026-02-18 07:00:00,4.53081,1.45125,0.26831,4.2625,0.045526,0.055207,0.004221,14.899
2026-02-18 08:00:00,10.282,1.84463,0.646124,9.63584,0.076521,0.108555,0.006195,31.982
2026-02-18 09:00:00,12.8798,1.78986,0.891797,11.988,0.090475,0.137199,0.007449,42.213
2026-02-18 10:00:00,16.1988,2.15467,1.13984,15.0589,0.106306,0.171965,0.008433,45.628
2026-02-18 11:00:00,10.742,1.61436,0.79749,9.94447,0.078184,0.122734,0.007366,34.68
2026-02-18 12:00:00,9.20444,1.69511,0.927653,8.27679,0.10153,0.111548,0.006938,29.542
2026-02-18 13:00:00,7.55689,1.34752,0.758442,6.79844,0.099169,0.083497,0.006561,26.01
2026-02-18 14:00:00,6.23693,1.09883,0.619744,5.61719,0.067261,0.074798,0.006104,21.559
2026-02-18 15:00:00,7.20855,1.13129,0.653992,6.55456,0.077144,0.071741,0.006117,26.599
2026-02-18 16:00:00,18.7342,3.72153,1.70896,17.0252,0.120576,0.113384,0.006406,31.229
2026-02-18 17:00:00,8.70984,2.16879,2.10548,6.60436,0.124439,0.075386,0.005871,26.179
2026-02-18 18:00:00,5.88388,1.63988,0.788284,5.0956,0.072166,0.063441,0.005398,22.163
2026-02-18 19:00:00,5.17557,1.81854,0.362739,4.81283,0.058365,0.06532,0.005631,21.478
2026-02-18 20:00:00,5.44581,2.11406,0.862357,4.58345,0.080142,0.072617,0.005458,22.052
2026-02-18 21:00:00,4.4818,2.06535,0.494509,3.98729,0.085612,0.061786,0.005301,19.38
2026-02-18 22:00:00,3.52363,1.79594,0.197922,3.32571,0.046312,0.05303,0.004547,12.269
2026-02-18 23:00:00,1.61404,0.953923,0.148201,1.46584,0.032057,0.033035,0.003311,8.58
2026-02-19 00:00:00,1.86153,1.53592,0.089815,1.77172,0.023468,0.018449,0.003005,6.007
2026-02-19 01:00:00,0.824961,0.637527,0.048673,0.776288,0.014617,0.011714,0.002817,5.995
2026-02-19 02:00:00,0.854327,0.686759,0.040309,0.814018,0.015826,0.010133,0.002778,5.393
2026-02-19 03:00:00,0.661324,0.427212,0.031148,0.630176,0.012781,0.00676,0.002201,4.228
2026-02-19 04:00:00,1.34245,0.74415,0.070354,1.27209,0.020431,0.012963,0.002589,6.774
2026-02-19 05:00:00,3.97093,2.29004,0.083537,3.88739,0.025191,0.042317,0.002918,8.466
2026-02-19 06:00:00,1.86944,0.787462,0.113626,1.75581,0.034302,0.026055,0.003273,7.931
2026-02-19 07:00:00,4.49407,1.10257,0.32079,4.17328,0.052798,0.057189,0.0047,16.835
2026-02-19 08:00:00,12.9243,1.6059,0.788218,12.1361,0.085239,0.137592,0.006761,39.712
2026-02-19 09:00:00,19.1635,1.81301,1.42514,17.7384,0.128412,0.18887,0.00974,60.618
2026-02-19 10:00:00,26.1694,2.49708,1.50018,24.6692,0.131205,0.240972,0.012489,77.915
2026-02-19 11:00:00,23.6211,2.38886,1.22787,22.3932,0.128833,0.211313,0.010928,67.637
2026-02-19 12:00:00,12.4453,1.89888,0.920426,11.5249,0.102795,0.1515,0.008024,41.281
2026-02-19 13:00:00,16.6734,1.99538,2.20373,14.4697,0.162327,0.179799,0.009786,52.844
2026-02-19 14:00:00,19.6745,2.06275,1.5319,18.1426,0.124243,0.186666,0.009763,58.826
2026-02-19 15:00:00,19.8432,2.19407,1.63618,18.207,0.139182,0.185911,0.009251,56.541
2026-02-19 16:00:00,16.0943,2.12663,1.44382,14.6505,0.134215,0.159124,0.008519,47.702
2026-02-19 17:00:00,7.68983,1.59276,0.552088,7.13774,0.073106,0.094314,0.006528,30.03
2026-02-19 18:00:00,7.23882,1.69607,0.654545,6.58427,0.091326,0.078366,0.006442,23.151
2026-02-19 19:00:00,5.90519,1.64307,0.537734,5.36746,0.081025,0.073223,0.006075,24.714
2026-02-19 20:00:00,7.19403,2.45363,0.689574,6.50446,0.082263,0.082137,0.006201,23.977
2026-02-19 21:00:00,3.4305,1.16131,0.248112,3.18238,0.044088,0.044354,0.004973,12.561
2026-02-19 22:00:00,1.95052,0.962742,0.179869,1.77065,0.042541,0.027171,0.004258,9.529
2026-02-19 23:00:00,3.01692,1.495,0.1203,2.89662,0.028808,0.02848,0.003301,7.594
2026-02-20 00:00:00,1.23208,0.626059,0.078834,1.15325,0.023089,0.015563,0.002767,4.939
2026-02-20 01:00:00,2.04019,1.22755,0.076727,1.96347,0.018638,0.019345,0.00261,4.386
2026-02-20 02:00:00,2.44395,1.66936,0.106247,2.33771,0.022962,0.021608,0.002873,6.041
2026-02-20 03:00:00,1.05653,0.705293,0.055289,1.00124,0.015584,0.013671,0.002426,3.937
2026-02-20 04:00:00,2.09714,1.12749,0.322693,1.77445,0.0285,0.016649,0.002606,5.265
2026-02-20 05:00:00,1.11625,0.572439,0.060831,1.05542,0.016035,0.012819,0.002514,5.104
2026-02-20 06:00:00,2.90285,1.47054,0.133494,2.76936,0.028525,0.028637,0.00339,7.593
2026-02-20 07:00:00,6.31301,1.12934,0.448477,5.86453,0.062825,0.068589,0.005056,18.724
2026-02-20 08:00:00,16.5668,1.36442,1.0156,15.5512,0.111219,0.166621,0.009468,55.374
2026-02-20 09:00:00,22.9961,1.68026,1.41073,21.5854,0.13247,0.22266,0.01235,72.975
2026-02-20 10:00:00,30.9862,2.20857,2.60831,28.3779,0.201625,0.292107,0.015064,94.327
2026-02-20 11:00:00,25.2002,2.1223,1.77452,23.4257,0.156558,0.25629,0.013223,74.389
2026-02-20 12:00:00,15.1088,1.98174,1.18125,13.9276,0.111677,0.157635,0.009474,54.631
2026-02-20 13:00:00,15.8714,1.69096,1.36604,14.5053,0.130509,0.161239,0.009501,54.439
2026-02-20 14:00:00,13.2102,1.89529,1.03905,12.1711,0.134619,0.165136,0.009153,57.346
2026-02-20 15:00:00,16.8603,1.87253,1.61945,15.2408,0.184273,0.173332,0.009641,58.491
2026-02-20 16:00:00,12.4464,1.5743,0.900439,11.546,0.105063,0.137722,0.008863,47.45
2026-02-20 17:00:00,11.1575,2.03604,2.01885,9.13864,0.188655,0.114934,0.007865,34.123
2026-02-20 18:00:00,7.99389,1.99747,1.06948,6.92441,0.110745,0.079484,0.006695,29.178
2026-02-20 19:00:00,7.6931,2.33266,0.523753,7.16934,0.069436,0.086964,0.00712,34.087
2026-02-20 20:00:00,18.7735,5.02234,0.563424,18.2101,0.07463,0.114966,0.006891,28.089
2026-02-20 21:00:00,8.47806,2.80359,0.748939,7.72912,0.084191,0.092616,0.006109,22.835
2026-02-20 22:00:00,4.72875,1.54838,0.469824,4.25893,0.10894,0.054541,0.005428,24.146
2026-02-20 23:00:00,4.78779,1.99325,0.365462,4.42233,0.063192,0.054682,0.004906,22.41
2026-02-21 00:00:00,2.20497,1.08087,0.15037,2.0546,0.040138,0.022846,0.003799,13.874
2026-02-21 01:00:00,2.56345,1.35346,0.102523,2.46093,0.025379,0.02364,0.00331,6.072
2026-02-21 02:00:00,2.48237,1.50264,0.103515,2.37885,0.026577,0.025171,0.00306,7.487
2026-02-21 03:00:00,1.81695,0.860299,0.073433,1.74352,0.019357,0.015912,0.002719,4.999
2026-02-21 04:00:00,1.52346,0.873542,0.060591,1.46287,0.016681,0.014251,0.002547,4.766
2026-02-21 05:00:00,6.81912,3.3825,0.093332,6.72578,0.023235,0.031012,0.002801,5.531
2026-02-21 06:00:00,3.40202,1.74641,0.132635,3.26938,0.027813,0.031109,0.003491,8.983
2026-02-21 07:00:00,9.52263,1.27138,0.821215,8.70142,0.082522,0.097015,0.006158,31.512
2026-02-21 08:00:00,24.8052,1.73706,1.76128,23.0439,0.158652,0.231375,0.012827,79.725
2026-02-21 09:00:00,43.0035,2.26501,3.88876,39.1147,0.261205,0.370569,0.01924,126.646
2026-02-21 10:00:00,42.9044,2.25979,2.97623,39.9282,0.235484,0.365287,0.018065,126.38
2026-02-21 11:00:00,37.1554,2.65282,3.01332,34.1421,0.236407,0.338257,0.016108,110.21
2026-02-21 12:00:00,22.9662,2.61336,1.81227,21.1539,0.16665,0.232174,0.010269,63.665
2026-02-21 13:00:00,23.7009,2.25165,1.62621,22.0747,0.136242,0.240997,0.011611,66.734
2026-02-21 14:00:00,29.9709,2.28263,2.05463,27.9162,0.171045,0.287521,0.014322,91.887
2026-02-21 15:00:00,27.7111,2.33613,1.48781,26.2233,0.154372,0.259159,0.013457,85.55
2026-02-21 16:00:00,20.3448,1.97369,1.65744,18.6873,0.148837,0.195889,0.010333,66.784
2026-02-21 17:00:00,9.14213,1.3476,1.06468,8.07745,0.086542,0.103214,0.007782,36.977
2026-02-21 18:00:00,4.37454,1.04654,0.703061,3.67148,0.092599,0.064978,0.006668,23.982
2026-02-21 19:00:00,7.50843,1.45175,1.11813,6.3903,0.10443,0.079221,0.006625,29.319
2026-02-21 20:00:00,6.81944,1.70913,1.2287,5.59074,0.106221,0.071203,0.006099,26.484
2026-02-21 21:00:00,6.38821,1.76081,0.677087,5.71112,0.076371,0.081967,0.006371,28.079
2026-02-21 22:00:00,5.31754,1.83237,0.41794,4.8996,0.062613,0.062607,0.005743,20.363
2026-02-21 23:00:00,4.78631,2.53781,0.2071,4.57921,0.044247,0.045535,0.004339,14.479
2026-02-22 00:00:00,3.36581,1.85956,0.114925,3.25088,0.033531,0.03338,0.003731,10.51
2026-02-22 01:00:00,3.37325,1.89508,0.220897,3.15235,0.026284,0.031278,0.003085,7.49
2026-02-22 02:00:00,1.54679,0.801444,0.083937,1.46285,0.02298,0.017136,0.002895,5.983
2026-02-22 03:00:00,1.34287,0.556748,0.074363,1.26851,0.02104,0.014552,0.002715,5.115
2026-02-22 04:00:00,1.34883,0.542136,0.069027,1.27981,0.021915,0.016507,0.002735,5.072
2026-02-22 05:00:00,1.15751,0.451093,0.082109,1.0754,0.017607,0.010912,0.002685,4.26
2026-02-22 06:00:00,1.96801,0.631176,0.126277,1.84173,0.028935,0.022933,0.003509,8.091
2026-02-22 07:00:00,15.5644,1.88522,1.0659,14.4985,0.096716,0.130374,0.007292,41.279
2026-02-22 08:00:00,30.3508,1.84503,2.04381,28.307,0.170565,0.267798,0.014275,86.954
2026-02-22 09:00:00,42.6041,1.94592,2.92742,39.6767,0.239131,0.374047,0.017781,126.517
2026-02-22 10:00:00,54.1252,2.27226,3.76947,50.3557,0.284563,0.45546,0.02173,167.102
2026-02-22 11:00:00,44.8983,2.25506,3.15407,41.7442,0.258846,0.385387,0.020944,138.404
2026-02-22 12:00:00,25.4329,1.81871,2.40345,23.0294,0.201072,0.260205,0.015745,98.034
2026-02-22 13:00:00,37.8933,2.04939,3.24085,34.6524,0.232441,0.340541,0.017296,116.022
2026-02-22 14:00:00,42.0705,2.17914,3.87501,38.1955,0.254372,0.352687,0.018417,131.414
2026-02-22 15:00:00,40.7647,2.27888,3.10198,37.6627,0.238221,0.373498,0.018524,133.116
2026-02-22 16:00:00,33.1291,2.05007,3.05703,30.0721,0.23968,0.33005,0.017891,121.224
2026-02-22 17:00:00,20.5808,1.9993,1.9037,18.6771,0.156258,0.205612,0.010875,71.301
2026-02-22 18:00:00,15.3083,2.26454,1.78422,13.5241,0.128103,0.161939,0.009237,50.624
2026-02-22 19:00:00,11.1186,1.31581,1.49825,9.62033,0.132669,0.130457,0.009439,54.654
2026-02-22 20:00:00,11.9439,1.78641,1.00257,10.9414,0.10359,0.130951,0.008757,48.541
2026-02-22 21:00:00,9.29,1.77155,0.975017,8.31499,0.092218,0.103966,0.007352,36.333
2026-02-22 22:00:00,6.77876,1.55977,0.369663,6.4091,0.056652,0.083867,0.006056,27.099
2026-02-22 23:00:00,3.43365,1.00458,0.161879,3.27177,0.048979,0.053073,0.004777,16.254
2026-02-23 00:00:00,3.91444,1.19343,0.205271,3.70917,0.040415,0.048878,0.004606,17.086
2026-02-23 01:00:00,3.82812,1.25842,0.145398,3.68273,0.031712,0.033716,0.003859,10.899
2026-02-23 02:00:00,4.2472,1.59669,0.108936,4.13826,0.029468,0.032528,0.003434,9.184
2026-02-23 03:00:00,3.60026,1.12932,0.143205,3.45706,0.028975,0.027125,0.003295,8.445
2026-02-23 04:00:00,1.71635,0.573263,0.100849,1.6155,0.029988,0.019933,0.00333,7.43
2026-02-23 05:00:00,2.34266,0.858115,0.103264,2.23939,0.02842,0.022274,0.003245,7.7
2026-02-23 06:00:00,3.18891,0.840957,0.169689,3.01922,0.037034,0.033022,0.003879,11.371
2026-02-23 07:00:00,12.7392,1.38801,0.781932,11.9573,0.09049,0.136534,0.00745,44.628
2026-02-23 08:00:00,36.3327,1.69858,2.37056,33.9621,0.197899,0.324816,0.017053,116.837
2026-02-23 09:00:00,55.1557,2.13881,3.34131,51.8144,0.270091,0.456165,0.021872,175.411
2026-02-23 10:00:00,64.7312,2.30919,3.71882,61.0124,0.287076,0.524211,0.022918,194.005
2026-02-23 11:00:00,54.4471,2.29754,3.89475,50.5523,0.295174,0.449425,0.02182,178.153
2026-02-23 12:00:00,33.3431,2.02006,3.63939,29.7037,0.281476,0.303078,0.015909,110.485
2026-02-23 13:00:00,41.015,2.10917,3.9882,37.0268,0.261988,0.359743,0.017409,127.36
2026-02-23 14:00:00,46.3868,2.19323,3.48906,42.8978,0.259439,0.40318,0.021023,155.377
2026-02-23 15:00:00,45.3018,2.09478,3.71176,41.5901,0.298833,0.415213,0.020785,147.773
2026-02-23 16:00:00,39.5695,2.29362,3.27614,36.2934,0.380297,0.370102,0.018938,129.403
2026-02-23 17:00:00,21.8089,1.76077,2.33455,19.4744,0.181484,0.212205,0.011351,78.343
2026-02-23 18:00:00,23.3396,2.2031,3.24045,20.0992,0.234031,0.244655,0.013289,85.768
2026-02-23 19:00:00,23.6997,2.36902,2.29301,21.4067,0.192676,0.227084,0.011883,76.168
2026-02-23 20:00:00,23.4971,3.24009,2.4189,21.0782,0.193489,0.213148,0.012541,66.352
2026-02-23 21:00:00,14.69,2.4281,1.80178,12.8883,0.162315,0.174068,0.009731,57.829
2026-02-23 22:00:00,13.2652,2.48784,1.62565,11.6395,0.118444,0.14267,0.007961,44.025
2026-02-23 23:00:00,15.8849,3.74466,0.911454,14.9734,0.09999,0.149498,0.007209,32.377
2026-02-24 00:00:00,5.21452,1.30887,0.248198,4.96632,0.052821,0.06742,0.005247,21.736
2026-02-24 01:00:00,2.0914,0.469344,0.083255,2.00814,0.0269,0.02257,0.003664,6.876
2026-02-24 02:00:00,3.17534,0.802259,0.087651,3.08769,0.030862,0.052522,0.003971,10.145
2026-02-24 03:00:00,0.6399,0.154044,0.034828,0.605072,0.01577,0.007257,0.002724,3.746
2026-02-24 04:00:00,1.06796,0.281189,0.07341,0.994547,0.020149,0.011777,0.002796,4.549
2026-02-24 05:00:00,2.79796,0.733602,0.156084,2.64187,0.033965,0.029763,0.003585,9.623
2026-02-24 06:00:00,6.3585,1.00577,0.343763,6.01474,0.056116,0.065215,0.005052,19.702
2026-02-24 07:00:00,24.5167,1.83811,1.87024,22.6465,0.161172,0.246023,0.011213,70.977
2026-02-24 08:00:00,36.5274,1.57554,2.36606,34.1614,0.20814,0.329164,0.017309,123.215
2026-02-24 09:00:00,54.5695,2.04994,3.81846,50.751,0.295396,0.452204,0.023204,174.566
2026-02-24 10:00:00,62.0644,2.10274,4.64855,57.4158,0.34094,0.501956,0.024669,200.736
2026-02-24 11:00:00,53.6273,2.058,3.91633,49.711,0.295043,0.433896,0.02214,171.433
2026-02-24 12:00:00,40.1772,1.99688,4.10656,36.0707,0.332369,0.361474,0.018612,133.068
2026-02-24 13:00:00,44.8665,2.01611,5.13958,39.7269,0.364118,0.374526,0.019343,142.159
2026-02-24 14:00:00,50.3375,1.97759,5.0174,45.3201,0.358614,0.428977,0.02203,173.428
2026-02-24 15:00:00,54.203,2.16362,4.66886,49.5341,0.35116,0.458692,0.022252,170.91
2026-02-24 16:00:00,39.1063,1.72396,3.37258,35.7338,0.267735,0.367338,0.020527,150.671
2026-02-24 17:00:00,30.3063,1.82261,2.68498,27.6213,0.23401,0.29534,0.018546,118.222
2026-02-24 18:00:00,27.2214,2.22725,2.42394,24.7975,0.210934,0.277518,0.016667,96.199
2026-02-24 19:00:00,22.7071,2.37324,2.47228,20.2349,0.209252,0.251861,0.015025,86.892
2026-02-24 20:00:00,19.1602,2.3719,1.51342,17.6468,0.153298,0.215036,0.013816,72.714
2026-02-24 21:00:00,18.3168,2.63325,1.70576,16.6111,0.14877,0.211441,0.012993,75.379
2026-02-24 22:00:00,12.3672,1.88928,0.800016,11.5672,0.113757,0.158174,0.010473,54.187
2026-02-24 23:00:00,7.41165,1.12128,0.447491,6.96416,0.090968,0.104527,0.007277,33.843
2026-02-25 00:00:00,7.73923,1.56855,0.316027,7.42321,0.057781,0.084726,0.005306,18.518
2026-02-25 01:00:00,4.79502,0.995643,0.211964,4.58305,0.042666,0.046324,0.00444,14.086
2026-02-25 02:00:00,3.03358,0.716143,0.120308,2.91328,0.03206,0.028528,0.003698,9.051
2026-02-25 03:00:00,1.15411,0.248731,0.084176,1.06994,0.02918,0.017116,0.003705,5.349
2026-02-25 04:00:00,2.2612,0.479272,0.101615,2.15959,0.03161,0.023415,0.003681,9.264
2026-02-25 05:00:00,4.13172,0.798863,0.203759,3.92796,0.039979,0.038798,0.004077,12.649
2026-02-25 06:00:00,8.17856,1.25669,0.44331,7.73525,0.065788,0.097757,0.00618,26.29
2026-02-25 07:00:00,19.9649,1.42383,1.53538,18.4296,0.151896,0.214104,0.012048,73.338
2026-02-25 08:00:00,42.0257,1.7376,2.77857,39.2471,0.251058,0.376703,0.020152,143.91
2026-02-25 09:00:00,56.3347,1.95376,4.17951,52.1552,0.33958,0.469712,0.023625,209.796
2026-02-25 10:00:00,64.7523,2.11415,4.63617,60.1161,0.357504,0.52746,0.026071,241.385
2026-02-25 11:00:00,57.289,2.09237,4.54934,52.7396,0.366557,0.480016,0.02502,202.638
2026-02-25 12:00:00,42.6374,2.3005,4.43499,38.2024,0.356296,0.405481,0.020419,152.478
2026-02-25 13:00:00,48.5644,2.12573,4.21423,44.3501,0.329876,0.434208,0.022399,172.6
2026-02-25 14:00:00,57.6806,2.11517,6.08355,51.597,0.450081,0.489824,0.024337,187.152
2026-02-25 15:00:00,43.4617,1.69336,3.62971,39.832,0.310383,0.44073,0.022681,170.435
2026-02-25 16:00:00,39.9546,1.73973,3.36141,36.5932,0.305613,0.387513,0.02075,158.024
2026-02-25 17:00:00,42.5081,2.42682,3.39287,39.1152,0.26931,0.389756,0.019666,128.182
2026-02-25 18:00:00,26.8124,1.97907,3.73617,23.0763,0.315679,0.299954,0.017552,106.346
2026-02-25 19:00:00,24.2622,2.22834,2.8157,21.4465,0.234841,0.288631,0.019362,117.435
2026-02-25 20:00:00,20.6985,2.14137,1.94971,18.7488,0.207206,0.25271,0.015266,91.333
2026-02-25 21:00:00,19.2331,2.11353,1.96791,17.2652,0.166518,0.244154,0.014638,76.673
2026-02-25 22:00:00,13.9936,1.80004,1.29474,12.6988,0.119893,0.181404,0.010893,61.182
2026-02-25 23:00:00,9.16196,1.44647,0.765935,8.39603,0.082859,0.117611,0.007708,42.003
2026-02-26 00:00:00,6.60909,1.18231,0.357021,6.25207,0.064281,0.085305,0.006004,23.258
2026-02-26 01:00:00,4.67223,0.937446,0.21704,4.45519,0.049056,0.053414,0.005142,18.79
2026-02-26 02:00:00,3.37477,0.727007,0.169002,3.20576,0.045519,0.039589,0.004914,13.391
2026-02-26 03:00:00,4.31323,0.767478,0.162733,4.15049,0.043929,0.047166,0.004717,13.09
2026-02-26 04:00:00,5.68164,1.11755,0.204299,5.47734,0.050746,0.081598,0.005104,14.895
2026-02-26 05:00:00,7.31728,1.16258,0.307477,7.0098,0.057412,0.08241,0.005371,17.687
2026-02-26 06:00:00,7.44377,1.01663,0.48033,6.96344,0.073368,0.089155,0.006489,30.644
2026-02-26 07:00:00,26.1663,1.74698,1.55912,24.6072,0.151608,0.23992,0.013044,74.934
2026-02-26 08:00:00,38.6389,1.44574,2.86489,35.774,0.252846,0.370613,0.020602,141.765
2026-02-26 09:00:00,55.9256,1.71152,4.11438,51.8113,0.346496,0.486686,0.027367,229.823
2026-02-26 10:00:00,66.7858,2.11481,5.14301,61.6428,0.381456,0.543104,0.02907,259.878
2026-02-26 11:00:00,52.0997,1.93622,3.86351,48.2362,0.313748,0.463234,0.023812,192.25
2026-02-26 12:00:00,42.212,2.00228,3.53005,38.682,0.324788,0.410124,0.02174,153.102
2026-02-26 13:00:00,51.298,2.17512,4.20029,47.0977,0.338897,0.445782,0.022732,173.583
2026-02-26 14:00:00,49.8887,1.94074,4.49496,45.3938,0.356657,0.42755,0.02353,180.178
2026-02-26 15:00:00,52.6275,2.08541,4.1378,48.4897,0.317988,0.449859,0.023196,178.099
2026-02-26 16:00:00,41.8233,1.85964,3.43184,38.3915,0.274239,0.374826,0.022105,157.22
2026-02-26 17:00:00,32.8415,2.3167,3.78816,29.0533,0.328508,0.313102,0.019112,111.454
2026-02-26 18:00:00,24.9556,2.30175,3.15828,21.7973,0.240847,0.240239,0.015343,88.605
2026-02-26 19:00:00,23.5438,2.44281,2.24258,21.3012,0.197062,0.24296,0.014461,87.162
2026-02-26 20:00:00,17.9338,2.37156,1.69382,16.2399,0.180659,0.223816,0.014665,73.708
2026-02-26 21:00:00,18.3662,2.71448,2.42926,15.9369,0.187748,0.227131,0.014223,74.338
2026-02-26 22:00:00,12.0176,1.99429,1.03927,10.9783,0.112047,0.151295,0.010392,57.137
2026-02-26 23:00:00,6.8727,1.10993,0.413352,6.45935,0.063843,0.0803,0.006817,28.26
2026-02-27 00:00:00,6.14623,1.44481,0.386367,5.75986,0.056194,0.065377,0.00632,16.633
2026-02-27 01:00:00,4.09112,1.00174,0.16012,3.931,0.038371,0.045513,0.005494,12.866
2026-02-27 02:00:00,3.38151,0.851766,0.10444,3.27707,0.031634,0.039403,0.003935,9.539
2026-02-27 03:00:00,2.2634,0.52104,0.106033,2.15737,0.030112,0.025038,0.003633,7.279
2026-02-27 04:00:00,2.84707,0.682751,0.142013,2.70506,0.032753,0.027422,0.003625,8.773
2026-02-27 05:00:00,4.10256,0.919857,0.277377,3.82519,0.041484,0.048227,0.004363,12.173
2026-02-27 06:00:00,6.94849,1.03462,0.375669,6.57282,0.065957,0.081434,0.005868,27.263
2026-02-27 07:00:00,19.7598,1.41729,1.19672,18.5631,0.124919,0.203097,0.010833,59.37
2026-02-27 08:00:00,36.0042,1.5566,2.96942,33.0348,0.243726,0.358352,0.019152,124.425
2026-02-27 09:00:00,51.7475,1.96236,3.586,48.1615,0.290441,0.44231,0.023935,173.807
2026-02-27 10:00:00,54.2546,1.9629,4.21351,50.0411,0.335173,0.457894,0.024556,197.979
2026-02-27 11:00:00,50.1256,2.04477,3.56318,46.5624,0.301932,0.428689,0.022353,171.499
2026-02-27 12:00:00,35.4992,1.98253,2.66008,32.8391,0.250714,0.337362,0.017548,119.498
2026-02-27 13:00:00,34.8653,1.64444,2.75489,32.1104,0.239334,0.333507,0.019169,136.39
2026-02-27 14:00:00,42.8995,1.87481,4.17349,38.726,0.294572,0.379561,0.021209,161.924
2026-02-27 15:00:00,38.7709,1.73363,3.84628,34.9246,0.292344,0.361194,0.020879,156.926
2026-02-27 16:00:00,31.5867,1.62232,3.09813,28.4885,0.250142,0.3075,0.018901,128.055
2026-02-27 17:00:00,19.5503,1.45702,2.38825,17.1621,0.200416,0.219651,0.01458,82.317
2026-02-27 18:00:00,16.043,1.47671,2.47692,13.5661,0.170276,0.174582,0.012596,68.929
2026-02-27 19:00:00,18.4614,2.20619,2.71344,15.7479,0.199843,0.183789,0.012033,73.038
2026-02-27 20:00:00,16.9274,2.12977,1.94533,14.9821,0.168215,0.189982,0.012504,74.616
2026-02-27 21:00:00,10.238,2.0911,1.04553,9.19249,0.118108,0.163675,0.009725,62.395
2026-02-27 22:00:00,12.6493,2.1697,1.16273,11.4866,0.098265,0.145052,0.008431,53.697
2026-02-27 23:00:00,10.2576,1.97035,0.802036,9.4556,0.100435,0.11641,0.006624,36.544
2026-02-28 00:00:00,7.73035,1.80027,0.325494,7.40485,0.055482,0.08539,0.006024,24.143
2026-02-28 01:00:00,3.79454,0.917443,0.274698,3.51985,0.04783,0.041796,0.004593,15.121
2026-02-28 02:00:00,2.4325,0.749847,0.389436,2.04307,0.047953,0.024917,0.00422,14.297
2026-02-28 03:00:00,1.45746,0.382737,0.073265,1.3842,0.027335,0.017324,0.00373,9.351
2026-02-28 04:00:00,2.79895,0.643732,0.129692,2.66926,0.035858,0.037137,0.003968,13.904
2026-02-28 05:00:00,5.33848,1.07674,0.228312,5.11017,0.047315,0.056172,0.004505,16.198
2026-02-28 06:00:00,8.66311,1.40407,0.441369,8.22174,0.060255,0.079394,0.005623,26.714
2026-02-28 07:00:00,20.2583,1.59766,1.51578,18.7425,0.134087,0.208911,0.010945,65.255
2026-02-28 08:00:00,34.6837,1.59656,3.23921,31.4445,0.250604,0.327348,0.017828,123.933
2026-02-28 09:00:00,51.2346,2.01806,3.69043,47.5442,0.288456,0.460806,0.023436,185.794
2026-02-28 10:00:00,48.8977,1.78173,3.87272,45.025,0.286698,0.439199,0.02259,186.099
2026-02-28 11:00:00,46.4849,1.88259,3.58539,42.8995,0.281768,0.412937,0.02269,169.727
2026-02-28 12:00:00,29.2478,1.74301,2.02594,27.2218,0.194424,0.299974,0.01725,115.945
2026-02-28 13:00:00,33.9196,1.64643,3.09919,30.8205,0.240775,0.333395,0.018188,136.137
2026-02-28 14:00:00,31.142,1.6658,2.82789,28.3141,0.221932,0.306122,0.016871,124.716
2026-02-28 15:00:00,28.3644,1.68518,2.5566,25.8078,0.203089,0.27885,0.015554,113.296
2026-02-28 16:00:00,25.5868,1.70456,2.2853,23.3015,0.184246,0.251578,0.014237,101.875
2026-02-28 17:00:00,,,,,,,,
2026-02-28 18:00:00,,,,,,,,
2026-02-28 19:00:00,,,,,,,,
2026-02-28 20:00:00,,,,,,,,
2026-02-28 21:00:00,,,,,,,,
2026-02-28 22:00:00,,,,,,,,
2026-02-28 23:00:00,,,,,,,,
2026-03-01 00:00:00,3.3658,1.8596,0.1149,3.2509,0.0335,0.0334,0.0037,10.51
2026-03-01 01:00:00,3.3732,1.8951,0.2209,3.1524,0.0263,0.0313,0.0031,7.49
2026-03-01 02:00:00,1.5468,0.8014,0.0839,1.4628,0.023,0.0171,0.0029,5.983
2026-03-01 03:00:00,1.3429,0.5567,0.0744,1.2685,0.021,0.0146,0.0027,5.115
2026-03-01 04:00:00,1.3488,0.5421,0.069,1.2798,0.0219,0.0165,0.0027,5.072
2026-03-01 05:00:00,1.1575,0.4511,0.0821,1.0754,0.0176,0.0109,0.0027,4.26
2026-03-01 06:00:00,1.968,0.6312,0.1263,1.8417,0.0289,0.0229,0.0035,8.091
2026-03-01 07:00:00,15.5644,1.8852,1.0659,14.4985,0.0967,0.1304,0.0073,41.279
2026-03-01 08:00:00,30.3508,1.845,2.0438,28.307,0.1706,0.2678,0.0143,86.954
2026-03-01 09:00:00,42.6041,1.9459,2.9274,39.6767,0.2391,0.374,0.0178,126.517
2026-03-01 10:00:00,54.1252,2.2723,3.7695,50.3557,0.2846,0.4555,0.0217,167.102
2026-03-01 11:00:00,44.8983,2.2551,3.1541,41.7442,0.2588,0.3854,0.0209,138.404
2026-03-01 12:00:00,25.4329,1.8187,2.4035,23.0294,0.2011,0.2602,0.0157,98.034
2026-03-01 13:00:00,37.8933,2.0494,3.2409,34.6524,0.2324,0.3405,0.0173,116.022
2026-03-01 14:00:00,42.0705,2.1791,3.875,38.1955,0.2544,0.3527,0.0184,131.414
2026-03-01 15:00:00,40.7647,2.2789,3.102,37.6627,0.2382,0.3735,0.0185,133.116
2026-03-01 16:00:00,33.1291,2.0501,3.057,30.0721,0.2397,0.3301,0.0179,121.224
2026-03-01 17:00:00,27.1053,2.21304,2.73974,24.3655,0.215329,0.270578,0.017104,101.77
2026-03-01 18:00:00,18.6379,2.26297,2.14412,16.4937,0.175762,0.20859,0.014943,86.958
2026-03-01 19:00:00,21.5633,3.05776,2.21335,19.35,0.187426,0.238047,0.016645,94.569
2026-03-01 20:00:00,15.7752,2.25103,1.47991,14.2953,0.140494,0.188162,0.013337,85.472
2026-03-01 21:00:00,18.8517,3.32365,1.43002,17.4217,0.129516,0.224751,0.013535,77.427
2026-03-01 22:00:00,12.9038,2.2457,1.25393,11.6499,0.11417,0.145678,0.00898,56.265
2026-03-01 23:00:00,10.4467,2.26314,0.679953,9.76671,0.080672,0.1219,0.006615,42.01
2026-03-02 00:00:00,10.8374,2.8915,0.324151,10.5132,0.053849,0.100598,0.005665,27.1
2026-03-02 01:00:00,7.39147,2.04071,0.169,7.22247,0.03841,0.062129,0.004231,14.806
2026-03-02 02:00:00,4.71068,1.2351,0.102024,4.60866,0.026436,0.035389,0.003817,12.545
2026-03-02 03:00:00,6.21843,1.52937,0.139967,6.07847,0.039052,0.047558,0.004069,14.311
2026-03-02 04:00:00,3.98694,0.912761,0.203578,3.78336,0.04335,0.050594,0.004145,14.515
2026-03-02 05:00:00,4.00298,0.952185,0.194743,3.80824,0.038104,0.040219,0.00404,13.585
2026-03-02 06:00:00,11.1315,1.93996,0.551032,10.5805,0.068803,0.130999,0.007171,32.109
2026-03-02 07:00:00,20.6689,1.65431,1.13884,19.5301,0.122693,0.225133,0.011748,65.356
2026-03-02 08:00:00,36.0371,1.56574,2.77787,33.2593,0.246545,0.336097,0.019736,131.724
2026-03-02 09:00:00,53.8613,1.98809,4.50629,49.355,0.347925,0.472554,0.024915,204.867
2026-03-02 10:00:00,81.4693,2.83371,4.7134,76.7559,0.351609,0.575167,0.025757,215.192
2026-03-02 11:00:00,56.6312,2.24906,5.52383,51.1074,0.450448,0.464057,0.024736,181.511
2026-03-02 12:00:00,42.636,2.58432,3.02694,39.6091,0.257264,0.393831,0.021817,165.521
2026-03-02 13:00:00,45.226,2.08568,5.63804,39.5879,0.476239,0.394345,0.023471,168.261
2026-03-02 14:00:00,60.6155,2.56976,7.21459,53.4009,0.577223,0.479936,0.025008,202.418
2026-03-02 15:00:00,62.1803,2.45403,6.99079,55.1895,0.598844,0.482319,0.024005,181.992
2026-03-02 16:00:00,46.328,2.20568,4.89076,41.4373,0.455238,0.429107,0.022081,149.009
2026-03-02 17:00:00,35.0407,2.29835,5.48519,29.5555,0.369338,0.322854,0.018769,125.032
2026-03-02 18:00:00,37.3121,3.37482,4.41387,32.8982,0.345737,0.340608,0.018892,111.787
2026-03-02 19:00:00,30.3354,3.25767,3.53128,26.8041,0.261644,0.272489,0.017308,105.908
2026-03-02 20:00:00,25.4372,3.29669,2.45275,22.9845,0.231781,0.259692,0.015447,95.264
2026-03-02 21:00:00,21.084,2.93895,3.23728,17.8468,0.27956,0.226515,0.013256,87.095
2026-03-02 22:00:00,21.4948,3.10171,3.18094,18.3139,0.195616,0.212052,0.01123,64.071
2026-03-02 23:00:00,14.9458,2.29724,1.66854,13.2773,0.115835,0.153001,0.007075,44.372
2026-03-03 00:00:00,6.38222,1.26934,0.569132,5.81308,0.061972,0.080711,0.005912,23.125
2026-03-03 01:00:00,2.90989,0.812364,0.120806,2.78908,0.041736,0.038814,0.004561,16.796
2026-03-03 02:00:00,2.87303,0.639304,0.15841,2.71462,0.043589,0.032735,0.004272,18.603
2026-03-03 03:00:00,3.90927,0.747756,0.17624,3.73303,0.039686,0.035993,0.004087,12.766
2026-03-03 04:00:00,2.90069,0.577367,0.130082,2.77061,0.03801,0.033197,0.00384,10.955
2026-03-03 05:00:00,3.64287,0.698135,0.18154,3.46133,0.037515,0.036415,0.004071,13.449
2026-03-03 06:00:00,7.82876,1.22669,0.396473,7.43229,0.062919,0.08348,0.006203,29.152
2026-03-03 07:00:00,19.5485,1.44291,1.98071,17.5678,0.172649,0.194072,0.011767,63.564
2026-03-03 08:00:00,41.7483,1.75384,3.39556,38.3527,0.26495,0.361278,0.018519,129.843
2026-03-03 09:00:00,64.4575,2.2799,4.44277,60.0147,0.346726,0.494363,0.023969,191.571
2026-03-03 10:00:00,71.7668,2.61331,5.15763,66.6091,0.392523,0.535973,0.026555,209.561
2026-03-03 11:00:00,46.4882,1.8655,4.08954,42.3987,0.331503,0.422443,0.022534,171.789
2026-03-03 12:00:00,41.5934,2.30307,3.5114,38.082,0.313696,0.380903,0.019797,140.762
2026-03-03 13:00:00,47.0986,2.16148,3.84554,43.2531,0.330203,0.412041,0.021906,160.172
2026-03-03 14:00:00,40.5792,2.6214,2.64981,37.9294,0.301546,0.455379,0.024194,153.237
2026-03-03 15:00:00,46.8156,2.17342,4.01232,42.8033,0.317087,0.409754,0.0244,153.267
2026-03-03 16:00:00,36.2145,1.95353,4.08127,32.1332,0.312538,0.351791,0.021622,134.355
2026-03-03 17:00:00,33.0277,2.52351,3.33723,29.6905,0.265606,0.331004,0.020027,120.205
2026-03-03 18:00:00,22.6452,2.32593,2.56262,20.0826,0.205506,0.244262,0.016132,88.715
2026-03-03 19:00:00,31.516,3.46101,3.61069,27.9053,0.270862,0.294948,0.017907,96.503
2026-03-03 20:00:00,25.7371,3.13561,4.49259,21.2445,0.322019,0.255748,0.015788,93.866
2026-03-03 21:00:00,22.6549,3.56883,2.83399,19.8209,0.22578,0.243419,0.015371,85.012
2026-03-03 22:00:00,20.0482,2.83487,1.81281,18.2354,0.157708,0.227033,0.012846,72.402
2026-03-03 23:00:00,16.9964,3.00714,2.33431,14.662,0.196121,0.197187,0.010361,50.981
2026-03-04 00:00:00,9.48971,2.02426,0.49576,8.99395,0.069212,0.114555,0.006409,29.588
2026-03-04 01:00:00,5.93171,1.39307,0.491877,5.43983,0.084954,0.083188,0.005319,23.678
2026-03-04 02:00:00,3.97057,0.917415,0.142678,3.8279,0.047317,0.061203,0.004579,14.547
2026-03-04 03:00:00,3.03418,0.716623,0.143664,2.89052,0.046918,0.039441,0.004384,12.891
2026-03-04 04:00:00,3.38866,0.775437,0.191043,3.19762,0.046038,0.042274,0.004087,12.713
2026-03-04 05:00:00,2.36522,0.633426,0.148893,2.21632,0.045593,0.045884,0.004481,11.094
2026-03-04 06:00:00,9.80827,1.5335,0.90974,8.89853,0.078093,0.10083,0.00672,30.325
2026-03-04 07:00:00,20.9538,1.5966,1.31811,19.6357,0.131397,0.205491,0.013143,65.756
2026-03-04 08:00:00,40.0898,1.71514,2.50703,37.5828,0.231134,0.36404,0.019021,130.679
2026-03-04 09:00:00,56.7467,2.00094,3.79521,52.9515,0.301049,0.472395,0.024391,199.544
2026-03-04 10:00:00,60.876,2.0311,4.51305,56.3629,0.376615,0.528003,0.026556,235.322
2026-03-04 11:00:00,49.0734,1.90576,4.15076,44.9226,0.342634,0.450145,0.024253,188.744
2026-03-04 12:00:00,38.5656,2.03448,4.59666,33.9689,0.301794,0.371808,0.021955,142.413
2026-03-04 13:00:00,41.2252,1.79787,3.42911,37.7961,0.269989,0.39858,0.021172,156.903
2026-03-04 14:00:00,53.7149,2.05993,3.97584,49.739,0.324993,0.452494,0.024126,178.196
2026-03-04 15:00:00,48.6591,2.00458,4.47597,44.1831,0.346184,0.423805,0.024943,167.246
2026-03-04 16:00:00,38.6545,1.98106,3.80623,34.8482,0.303846,0.365533,0.021246,142.097
2026-03-04 17:00:00,30.917,2.0758,4.74233,26.1747,0.33386,0.328454,0.02051,119.96
2026-03-04 18:00:00,31.0661,2.94688,3.84814,27.2179,0.300639,0.31122,0.021102,109.378
2026-03-04 19:00:00,27.5925,3.21515,4.1287,23.4638,0.295575,0.279765,0.018012,104.1
2026-03-04 20:00:00,23.3583,2.98014,3.06222,20.2961,0.230465,0.23147,0.014649,86.437
2026-03-04 21:00:00,24.8091,3.52703,3.42538,21.3837,0.29426,0.265047,0.015767,87.722
2026-03-04 22:00:00,15.3097,2.17406,1.46389,13.8458,0.138306,0.188469,0.010825,61.939
2026-03-04 23:00:00,10.9606,2.05101,0.739279,10.2213,0.088381,0.136109,0.007344,40.047
2026-03-05 00:00:00,6.55667,1.32244,0.653131,5.90354,0.058156,0.08336,0.005978,24.603
2026-03-05 01:00:00,4.02716,1.04223,0.586514,3.44065,0.050019,0.053381,0.004642,18.397
2026-03-05 02:00:00,4.21462,1.05842,0.164076,4.05054,0.042309,0.038615,0.004143,15.413
2026-03-05 03:00:00,2.86568,0.674912,0.106711,2.75897,0.036049,0.029759,0.003963,13.403
2026-03-05 04:00:00,2.99207,0.739877,0.128189,2.86388,0.040043,0.030963,0.003915,14.22
2026-03-05 05:00:00,3.79383,0.900293,0.197378,3.59646,0.047664,0.049351,0.004712,16.432
2026-03-05 06:00:00,8.37217,1.37429,0.422674,7.9495,0.068478,0.103624,0.00783,29.822
2026-03-05 07:00:00,23.8761,1.74712,1.66751,22.2086,0.151237,0.240879,0.01245,73.357
2026-03-05 08:00:00,42.9727,1.76915,2.89679,40.0759,0.261884,0.389504,0.021535,143.514
2026-03-05 09:00:00,63.713,2.11798,4.41599,59.297,0.343389,0.510122,0.026077,218.484
2026-03-05 10:00:00,64.1823,2.00269,4.91854,59.2637,0.386938,0.52105,0.02684,231.704
2026-03-05 11:00:00,59.6179,2.25058,6.93321,52.6847,0.476883,0.471744,0.026259,199.889
2026-03-05 12:00:00,78.099,4.443,6.26349,71.8355,0.417037,0.477978,0.022248,157.542
2026-03-05 13:00:00,48.0549,2.31411,3.64034,44.4145,0.300548,0.420879,0.022232,168.639
2026-03-05 14:00:00,58.6851,2.36443,5.63163,53.0535,0.363596,0.485074,0.023695,184.132
2026-03-05 15:00:00,39.7064,1.83622,3.90743,35.7989,0.310652,0.377983,0.020732,147.451
2026-03-05 16:00:00,34.9522,1.7998,4.46921,30.4829,0.306179,0.336519,0.020019,143.649
2026-03-05 17:00:00,28.4889,2.23899,2.6438,25.8451,0.218882,0.291593,0.018489,115.387
2026-03-05 18:00:00,25.7099,2.71545,4.4018,21.3081,0.273027,0.256406,0.017966,96.755
2026-03-05 19:00:00,22.5065,3.35317,3.47722,19.0293,0.252425,0.246479,0.016311,91.582
2026-03-05 20:00:00,20.6931,3.79412,4.25669,16.4364,0.288663,0.241697,0.016218,86.05
2026-03-05 21:00:00,11.8987,2.56991,2.20129,9.6974,0.179295,0.162886,0.010576,58.038
2026-03-05 22:00:00,12.9882,2.73206,2.21513,10.7731,0.155036,0.171011,0.009701,53.332
2026-03-05 23:00:00,5.38442,1.20835,0.327244,5.05718,0.061282,0.079631,0.006223,26.849
2026-03-06 00:00:00,3.4434,0.865612,0.225131,3.21827,0.051885,0.057126,0.006035,20.876
2026-03-06 01:00:00,1.99172,0.5176,0.086718,1.90501,0.034527,0.029023,0.003863,8.661
2026-03-06 02:00:00,1.79885,0.53697,0.088395,1.71045,0.03832,0.023789,0.004215,8.618
2026-03-06 03:00:00,2.97671,0.774377,0.134706,2.842,0.03737,0.041476,0.004022,11.37
2026-03-06 04:00:00,3.58864,0.979431,0.186372,3.40226,0.05114,0.049475,0.00438,12.585
2026-03-06 05:00:00,3.27506,1.06471,0.182471,3.09259,0.043471,0.047717,0.00476,14.809
2026-03-06 06:00:00,11.996,1.38336,0.720236,11.2757,0.084538,0.124352,0.008213,40.27
2026-03-06 07:00:00,20.7169,1.70201,1.258,19.4589,0.125605,0.200987,0.011666,65.731
2026-03-06 08:00:00,34.662,1.7789,3.21842,31.4436,0.235416,0.308543,0.017551,124.668
2026-03-06 09:00:00,48.6071,1.8558,5.17884,43.4283,0.345226,0.416098,0.023435,183.605
2026-03-06 10:00:00,53.9045,2.12893,4.81631,49.0882,0.323624,0.460674,0.025107,191.735
2026-03-06 11:00:00,42.9013,1.96921,3.53073,39.3706,0.309226,0.395222,0.02275,158.118
2026-03-06 12:00:00,36.6078,2.3539,3.8116,32.7962,0.270849,0.356819,0.019683,132.388
2026-03-06 13:00:00,36.3562,1.85908,2.73305,33.6231,0.243734,0.354011,0.019618,132.432
2026-03-06 14:00:00,42.8995,1.8748,4.1735,38.726,0.2946,0.3796,0.0212,161.924
2026-03-06 15:00:00,41.2337,2.08104,3.12562,38.1081,0.261758,0.386492,0.019359,103.121
2026-03-06 16:00:00,36.97,1.86548,2.64896,34.321,0.258587,0.370066,0.019146,93.854
2026-03-06 17:00:00,20.9435,1.45745,2.19094,18.7526,0.192384,0.240745,0.016334,94.71
2026-03-06 18:00:00,20.1643,1.80231,3.14888,17.0154,0.248233,0.208843,0.014589,87.785
2026-03-06 19:00:00,22.0678,2.22378,3.94426,18.1235,0.28492,0.238568,0.015651,88.19
2026-03-06 20:00:00,23.9713,2.64525,4.73964,19.2316,0.321606,0.268294,0.016714,88.595
2026-03-06 21:00:00,22.3669,3.15827,2.51849,19.8484,0.193175,0.249148,0.01361,91.531
2026-03-06 22:00:00,15.7839,2.34511,1.54601,14.2379,0.136596,0.183267,0.010658,65.871
2026-03-06 23:00:00,9.20088,1.53195,0.57353,8.62735,0.080017,0.117386,0.007705,40.211
2026-03-07 00:00:00,7.05985,1.33205,0.397834,6.66201,0.06141,0.091298,0.005434,21.716
2026-03-07 01:00:00,7.57498,1.747,0.431055,7.14392,0.06377,0.080653,0.005236,24.484
2026-03-07 02:00:00,6.35008,1.87761,0.318717,6.03136,0.051959,0.062031,0.004702,15.523
2026-03-07 03:00:00,5.24825,1.48676,0.210903,5.03735,0.043833,0.047481,0.004067,13.713
2026-03-07 04:00:00,4.81724,1.27982,0.168602,4.64864,0.042183,0.050978,0.00409,12.674
2026-03-07 05:00:00,3.14074,0.799578,0.136447,3.00429,0.032574,0.032674,0.003836,10.9
2026-03-07 06:00:00,7.992,1.51939,0.369045,7.62296,0.059619,0.075508,0.006256,25.698
2026-03-07 07:00:00,24.2787,2.02863,1.78035,22.4984,0.157404,0.235797,0.011876,76.819
2026-03-07 08:00:00,51.6348,2.04187,3.83277,47.8021,0.306626,0.448969,0.022515,175.679
2026-03-07 09:00:00,75.6021,2.40403,5.07159,70.5305,0.378383,0.579596,0.029546,254.427
2026-03-07 10:00:00,82.4905,2.42748,6.20517,76.2853,0.435189,0.639294,0.031623,272.574
2026-03-07 11:00:00,65.1008,2.39447,4.07087,61.03,0.330891,0.53587,0.026014,221.712
2026-03-07 12:00:00,41.0442,2.15908,3.16268,37.8815,0.257709,0.363385,0.019872,142.354
2026-03-07 13:00:00,45.5142,2.12029,3.25992,42.2543,0.275049,0.407812,0.02068,150.806
2026-03-07 14:00:00,65.3603,2.76552,4.76655,60.5938,0.368051,0.553599,0.02623,193.893
2026-03-07 15:00:00,63.2392,2.83457,5.00193,58.2373,0.353741,0.541083,0.026268,196.326
2026-03-07 16:00:00,41.0101,2.00853,3.92374,37.0864,0.313827,0.407593,0.022485,148.213
2026-03-07 17:00:00,26.0518,1.96944,2.60363,23.4481,0.243697,0.294142,0.017542,94.966
2026-03-07 18:00:00,27.9062,2.99101,2.27519,25.631,0.214015,0.297625,0.016519,83.822
2026-03-07 19:00:00,25.5483,3.06114,2.78048,22.7678,0.210624,0.302014,0.017709,94.406
2026-03-07 20:00:00,24.1793,2.76968,2.06067,22.1186,0.20272,0.283143,0.016675,91.351
2026-03-07 21:00:00,22.759,2.69848,1.48302,21.276,0.166143,0.264532,0.016081,91.432
2026-03-07 22:00:00,16.9136,2.14096,0.815093,16.0985,0.101407,0.191994,0.009757,59.236
2026-03-07 23:00:00,8.87089,1.31382,0.465866,8.40502,0.06843,0.101133,0.00837,34.248
2026-03-08 00:00:00,7.92447,1.20213,0.374218,7.55025,0.055487,0.086879,0.006586,25.362
2026-03-08 01:00:00,6.0987,0.932808,0.244533,5.85416,0.049703,0.076726,0.005156,16.707
2026-03-08 02:00:00,4.21138,0.817425,0.173082,4.03829,0.040741,0.049939,0.004605,14.002
2026-03-08 03:00:00,4.04122,0.785924,0.186252,3.85497,0.043952,0.055003,0.00455,12.413
2026-03-08 04:00:00,4.27813,0.786133,0.147319,4.13082,0.040146,0.046436,0.00432,12.472
2026-03-08 05:00:00,2.95275,0.502852,0.121917,2.83083,0.031251,0.028112,0.003849,8.997
2026-03-08 06:00:00,11.5863,1.65141,0.539342,11.0469,0.073828,0.113178,0.007327,31.656
2026-03-08 07:00:00,22.862,1.64522,1.76517,21.0968,0.16431,0.216867,0.012016,74.226
2026-03-08 08:00:00,57.1738,2.01203,4.6895,52.4843,0.361628,0.487514,0.026248,190.272
2026-03-08 09:00:00,76.7684,2.31836,5.91296,70.8554,0.429493,0.585691,0.030109,248.207
2026-03-08 10:00:00,96.3629,2.62469,7.13642,89.2265,0.497358,0.683867,0.033971,306.142
2026-03-08 11:00:00,63.6612,2.18512,4.34972,59.3115,0.349045,0.519469,0.025599,210.237
2026-03-08 12:00:00,45.6549,2.52209,3.82273,41.8322,0.34227,0.38673,0.019503,134.603
2026-03-08 13:00:00,47.6078,2.40735,4.13634,43.4714,0.350422,0.414686,0.022012,153.345
2026-03-08 14:00:00,65.7704,2.73838,4.50239,61.268,0.342071,0.529914,0.0253,199.981
2026-03-08 15:00:00,59.2977,2.62542,4.69058,54.6071,0.342079,0.494329,0.023947,185.65
2026-03-08 16:00:00,41.8499,2.25412,3.71793,38.132,0.290815,0.377001,0.020694,140.915
2026-03-08 17:00:00,29.1527,2.21626,4.28671,24.866,0.352644,0.285539,0.016271,100.894
2026-03-08 18:00:00,18.3709,1.77018,1.67935,16.6916,0.171586,0.212003,0.013298,72.159
2026-03-08 19:00:00,43.75,5.35102,3.99742,39.7526,0.287475,0.358054,0.017963,97.007
2026-03-08 20:00:00,20.9609,2.57189,3.08338,17.8775,0.246724,0.238928,0.014932,91.149
2026-03-08 21:00:00,20.3631,2.72016,2.50481,17.8583,0.231167,0.231217,0.012243,67.241
2026-03-08 22:00:00,11.3106,1.94944,0.927241,10.3834,0.098031,0.132953,0.007743,45.283
2026-03-08 23:00:00,7.5295,1.32329,0.442627,7.08688,0.062223,0.078721,0.006093,33.138
2026-03-09 00:00:00,2.88157,0.551391,0.207974,2.6736,0.04301,0.025528,0.004212,13.852
2026-03-09 01:00:00,3.34366,0.717832,0.136311,3.20735,0.038979,0.035958,0.004236,13.521
2026-03-09 02:00:00,3.73746,0.832767,0.198991,3.53846,0.037728,0.038506,0.004079,13.055
2026-03-09 03:00:00,2.47871,0.536053,0.113217,2.36549,0.02976,0.024273,0.00342,8.449
2026-03-09 04:00:00,2.86294,0.591272,0.12502,2.73792,0.028051,0.026758,0.003472,9.237
2026-03-09 05:00:00,4.48236,0.895398,0.227684,4.25468,0.041176,0.047068,0.004166,12.426
2026-03-09 06:00:00,6.07698,0.96798,0.322177,5.7548,0.053359,0.065812,0.005867,23.013
2026-03-09 07:00:00,21.1444,1.52689,1.53877,19.6056,0.14477,0.200258,0.011649,68.963
2026-03-09 08:00:00,43.3657,1.61055,3.62851,39.7372,0.287757,0.376397,0.020329,143.122
2026-03-09 09:00:00,57.447,1.83537,4.51815,52.9289,0.363804,0.474271,0.024445,202.091
2026-03-09 10:00:00,63.4816,1.97283,6.55598,56.9256,0.47231,0.517174,0.026481,239.723
2026-03-09 11:00:00,52.9826,1.99213,4.19292,48.7897,0.338678,0.43811,0.023054,179.373
2026-03-09 12:00:00,38.9048,1.97186,3.22905,35.6757,0.267531,0.37096,0.020352,141.983
2026-03-09 13:00:00,44.1928,2.02775,3.02736,41.1654,0.266599,0.388151,0.021084,152.323
2026-03-09 14:00:00,41.977,1.61177,3.79207,38.1849,0.332164,0.383684,0.021809,160.69
2026-03-09 15:00:00,43.6512,1.77458,3.72272,39.9285,0.29565,0.399863,0.021763,153.776
2026-03-09 16:00:00,40.0463,1.9817,4.2283,35.818,0.313619,0.387133,0.021193,144.052
2026-03-09 17:00:00,32.9465,2.27343,3.44552,29.501,0.251303,0.325734,0.017781,110.375
2026-03-09 18:00:00,26.7235,2.32986,2.48814,24.2354,0.20756,0.27154,0.015842,97.813
2026-03-09 19:00:00,21.7416,2.54944,2.64551,19.0961,0.243179,0.257371,0.016591,93.69
2026-03-09 20:00:00,20.1489,2.70785,2.12773,18.0211,0.193997,0.237872,0.015175,82.716
2026-03-09 21:00:00,18.5561,2.86626,1.60996,16.9462,0.144816,0.218373,0.01376,71.742
2026-03-09 22:00:00,13.1451,2.11881,1.74823,11.3969,0.123834,0.154138,0.008716,49.922
2026-03-09 23:00:00,5.88889,1.18061,0.80348,5.0854,0.088699,0.069868,0.006812,28.152
2026-03-10 00:00:00,7.60277,1.89406,0.2957,7.30707,0.053362,0.082151,0.006228,23.185
2026-03-10 01:00:00,3.35342,0.973132,0.176283,3.17713,0.042763,0.042459,0.004746,15.587
2026-03-10 02:00:00,5.00922,1.49887,0.193178,4.81604,0.043701,0.054882,0.006191,17.072
2026-03-10 03:00:00,3.94195,0.951243,0.165075,3.77688,0.043911,0.042206,0.005408,14.175
2026-03-10 04:00:00,2.63127,0.592095,0.127949,2.50332,0.039403,0.031143,0.004504,12.038
2026-03-10 05:00:00,3.52127,0.808373,0.173397,3.34788,0.041047,0.038005,0.004369,12.643
2026-03-10 06:00:00,8.40384,1.09283,0.522745,7.88109,0.071538,0.09096,0.007129,31.479
2026-03-10 07:00:00,18.9689,1.28673,1.45121,17.5177,0.154173,0.209984,0.011389,65.24
2026-03-10 08:00:00,39.8833,1.57679,2.82066,37.0626,0.254354,0.370796,0.020565,136.528
2026-03-10 09:00:00,62.1697,2.03568,4.676,57.4937,0.364789,0.505483,0.025737,221.226
2026-03-10 10:00:00,66.1547,2.1063,4.5412,61.6135,0.366125,0.541537,0.026862,238.689
2026-03-10 11:00:00,55.6687,2.0947,5.16356,50.5051,0.385033,0.456345,0.024748,192.636
2026-03-10 12:00:00,42.048,2.22335,5.44015,36.6079,0.439135,0.403062,0.022094,140.154
2026-03-10 13:00:00,43.3504,1.95254,4.24133,39.109,0.331075,0.409413,0.022272,160.983
2026-03-10 14:00:00,48.8733,1.78565,4.58063,44.2927,0.354776,0.445924,0.025509,179
2026-03-10 15:00:00,45.0614,2.0022,3.90303,41.1584,0.31775,0.429439,0.023994,166.759
2026-03-10 16:00:00,33.9328,1.62654,3.85892,30.0739,0.320755,0.352357,0.020948,138.339
2026-03-10 17:00:00,25.1768,1.5378,2.12592,23.0509,0.200686,0.268128,0.01746,100.387
2026-03-10 18:00:00,25.8601,1.91641,2.4753,23.3848,0.216303,0.283432,0.017017,99.423
2026-03-10 19:00:00,22.1871,1.62757,2.27278,19.9143,0.180891,0.234059,0.015356,88.843
2026-03-10 20:00:00,27.4158,2.36547,3.89817,23.5176,0.261136,0.279191,0.016484,94.238
2026-03-10 21:00:00,20.0053,2.01789,3.0177,16.9876,0.195875,0.22499,0.014498,80.097
2026-03-10 22:00:00,14.6673,1.72151,1.64654,13.0207,0.211593,0.17,0.011997,54.674
2026-03-10 23:00:00,8.92305,1.30187,1.30053,7.62252,0.194913,0.116171,0.008492,36.908
2026-03-11 00:00:00,6.18111,1.12058,0.765809,5.4153,0.11011,0.067224,0.006127,22.113
2026-03-11 01:00:00,3.98678,0.875063,0.786671,3.20011,0.076653,0.035381,0.004358,12.705
2026-03-11 02:00:00,2.56541,0.615501,0.154606,2.4108,0.037109,0.033843,0.004223,10.353
2026-03-11 03:00:00,3.626,0.728991,0.164184,3.46182,0.040862,0.040946,0.004321,11.871
2026-03-11 04:00:00,4.29018,0.82854,0.1892,4.10098,0.044104,0.058134,0.004605,14.174
2026-03-11 05:00:00,4.2981,0.871826,0.407897,3.8902,0.054166,0.04248,0.004355,12.756
2026-03-11 06:00:00,9.39969,1.33708,0.490444,8.90925,0.064869,0.098735,0.006989,28.813
2026-03-11 07:00:00,23.0978,1.54397,2.22085,20.8769,0.196056,0.239062,0.014232,77.103
2026-03-11 08:00:00,39.2174,1.46268,3.38606,35.8313,0.287798,0.380104,0.020969,136.883
2026-03-11 09:00:00,67.8498,2.03301,4.52978,63.32,0.369255,0.527294,0.02812,227.138
2026-03-11 10:00:00,70.9783,1.98097,5.46204,65.5163,0.409182,0.578459,0.029075,271.138
2026-03-11 11:00:00,60.5182,1.97733,4.62001,55.8982,0.364097,0.524006,0.026571,215.829
2026-03-11 12:00:00,47.1986,2.19121,3.99723,43.2014,0.303059,0.428154,0.023082,155.142
2026-03-11 13:00:00,54.9136,2.04338,5.01625,49.8974,0.368255,0.490459,0.025296,184.549
2026-03-11 14:00:00,56.5284,1.95573,5.31241,51.216,0.358212,0.495348,0.025,194.465
2026-03-11 15:00:00,54.2735,2.07801,4.10945,50.164,0.343835,0.493377,0.026363,185.428
2026-03-11 16:00:00,47.5515,2.00504,3.21894,44.3325,0.277781,0.437674,0.022935,157.768
2026-03-11 17:00:00,36.4153,2.04903,3.14341,33.2719,0.280077,0.344755,0.01952,122.855
2026-03-11 18:00:00,34.496,2.3919,4.3716,30.1244,0.311454,0.33397,0.019331,113.257
2026-03-11 19:00:00,24.9204,1.91254,3.35025,21.5701,0.268239,0.272523,0.016827,99.701
2026-03-11 20:00:00,27.5415,2.51934,3.46207,24.0794,0.287678,0.282596,0.017893,97.897
2026-03-11 21:00:00,21.6984,2.42169,2.17057,19.5278,0.179399,0.237647,0.014928,85.548
2026-03-11 22:00:00,11.3814,1.50628,1.21352,10.1679,0.141143,0.15639,0.010348,55.693
2026-03-11 23:00:00,7.57727,1.17623,0.469938,7.10733,0.069358,0.106193,0.006959,31.189
2026-03-12 00:00:00,3.39231,0.598291,0.298072,3.09424,0.05077,0.037178,0.004937,14.903
2026-03-12 01:00:00,3.42511,0.773162,0.151604,3.2735,0.036937,0.038505,0.004287,10.435
2026-03-12 02:00:00,2.68117,0.614665,0.143146,2.53802,0.033575,0.033966,0.003866,7.456
2026-03-12 03:00:00,1.68157,0.372028,0.086187,1.59538,0.027013,0.018456,0.003365,6.652
2026-03-12 04:00:00,3.45352,0.662609,0.163959,3.28956,0.03327,0.034521,0.003894,9.12
2026-03-12 05:00:00,8.37122,1.50562,0.393128,7.97809,0.060054,0.083761,0.005986,20.926
2026-03-12 06:00:00,11.1884,1.38504,0.611183,10.5772,0.077704,0.117498,0.007742,33.794
2026-03-12 07:00:00,28.8335,1.78713,2.04469,26.7888,0.183877,0.273248,0.015081,85.337
2026-03-12 08:00:00,45.5606,1.55699,4.51716,41.0434,0.35015,0.426929,0.022941,158.542
2026-03-12 09:00:00,57.4256,1.78607,5.23728,52.1884,0.370503,0.47144,0.025103,203.891
2026-03-12 10:00:00,74.1989,2.22206,6.58566,67.6132,0.45692,0.557011,0.027725,255.282
2026-03-12 11:00:00,47.9992,1.61941,4.45131,43.5479,0.347428,0.438499,0.023324,188.147
2026-03-12 12:00:00,45.0361,2.09529,4.49588,40.5402,0.355155,0.39773,0.020771,153.149
2026-03-12 13:00:00,54.7398,2.18592,4.459,50.2808,0.330752,0.428012,0.02286,160.726
2026-03-12 14:00:00,43.4698,1.61911,3.67079,39.799,0.281149,0.416911,0.023535,170.906
2026-03-12 15:00:00,45.2767,1.80242,3.29298,41.9837,0.306553,0.415795,0.021841,151.019
2026-03-12 16:00:00,41.4042,1.81933,3.16727,38.2369,0.265229,0.387617,0.021001,139.11
2026-03-12 17:00:00,31.0264,1.78395,4.02189,27.0045,0.323353,0.307216,0.018963,110.906
2026-03-12 18:00:00,24.3009,1.88263,4.28804,20.0129,0.314374,0.248821,0.017335,91.981
2026-03-12 19:00:00,27.7314,2.48222,4.71382,23.0176,0.33945,0.297262,0.018459,105.976
2026-03-12 20:00:00,20.404,1.91335,2.27965,18.1243,0.214141,0.242268,0.016321,92.38
2026-03-12 21:00:00,16.8785,1.76812,2.42029,14.4582,0.214719,0.208816,0.014136,77.348
2026-03-12 22:00:00,13.2751,1.66479,1.66601,11.609,0.176849,0.177853,0.012872,62.005
2026-03-12 23:00:00,7.64879,1.17637,0.54337,7.10542,0.078761,0.105998,0.007535,35.178
2026-03-13 00:00:00,4.75126,0.988199,0.265796,4.48546,0.049816,0.062426,0.005747,22.397
2026-03-13 01:00:00,3.76654,0.909792,0.164264,3.60228,0.039048,0.039322,0.004238,13.49
2026-03-13 02:00:00,4.47787,1.08109,0.156745,4.32112,0.043301,0.043401,0.004211,11.92
2026-03-13 03:00:00,4.45824,1.01462,0.188069,4.27017,0.04245,0.051715,0.004222,14.245
2026-03-13 04:00:00,3.36768,0.692938,0.181066,3.18661,0.042004,0.039447,0.004089,13.216
2026-03-13 05:00:00,3.73375,0.629849,0.319681,3.41407,0.051292,0.043091,0.004516,16.356
2026-03-13 06:00:00,7.63709,0.986705,0.471905,7.16519,0.06714,0.079238,0.006149,23.106
2026-03-13 07:00:00,23.9757,1.59988,1.99361,21.9821,0.179312,0.248367,0.013919,69.377
2026-03-13 08:00:00,39.9645,1.58652,3.88794,36.0765,0.302582,0.374944,0.019942,137.843
2026-03-13 09:00:00,59.0307,1.94257,4.34489,54.6858,0.33802,0.501499,0.025084,202.983
2026-03-13 10:00:00,64.0158,2.12889,4.29064,59.7251,0.336272,0.533559,0.026059,215.95
2026-03-13 11:00:00,45.9707,1.90418,3.94304,42.0277,0.3021,0.404733,0.021917,152.838
2026-03-13 12:00:00,37.9711,2.20276,4.23959,33.7315,0.302078,0.352932,0.019562,125.44
2026-03-13 13:00:00,38.4687,1.93058,2.95407,35.5147,0.251098,0.357091,0.019884,127.508
2026-03-13 14:00:00,50.1231,2.07429,3.55918,46.564,0.29244,0.441926,0.022256,159.855
2026-03-13 15:00:00,50.1815,2.23645,3.5035,46.678,0.288679,0.427849,0.022869,152.578
2026-03-13 16:00:00,34.1834,1.77098,2.34495,31.8385,0.211433,0.309822,0.017076,108.332
2026-03-13 17:00:00,25.4473,1.88136,3.08942,22.3578,0.267803,0.266785,0.017102,91.258
2026-03-13 18:00:00,15.3061,1.45247,1.83353,13.4726,0.177148,0.200164,0.013665,62.559
2026-03-13 19:00:00,22.4761,2.57459,4.01842,18.4577,0.319149,0.24684,0.017274,86.601
2026-03-13 20:00:00,20.3582,2.44985,2.26202,18.0962,0.203974,0.246916,0.015618,81.715
2026-03-13 21:00:00,17.1483,2.3977,2.18939,14.9589,0.220609,0.220465,0.014671,69.858
2026-03-13 22:00:00,12.3825,1.90149,1.08875,11.2938,0.11307,0.17501,0.010537,49.76
2026-03-13 23:00:00,6.49377,1.02978,0.436943,6.05682,0.061739,0.106876,0.006926,28.848
2026-03-14 00:00:00,4.03738,0.772852,0.18788,3.8495,0.050121,0.066206,0.005779,14.861
2026-03-14 01:00:00,3.21211,0.703484,0.154971,3.05714,0.04248,0.037345,0.004763,10.894
2026-03-14 02:00:00,1.40505,0.321817,0.072725,1.33233,0.025306,0.017246,0.003654,6.728
2026-03-14 03:00:00,2.66983,0.660521,0.101879,2.56795,0.03261,0.031085,0.003759,7.824
2026-03-14 04:00:00,1.89562,0.448986,0.102626,1.793,0.029322,0.026923,0.003582,6.812
2026-03-14 05:00:00,3.41165,0.720061,0.229862,3.18179,0.040549,0.03731,0.004066,10.221
2026-03-14 06:00:00,8.78963,1.53183,0.517139,8.27249,0.066031,0.104969,0.006957,32.061
2026-03-14 07:00:00,23.4947,1.91856,1.89932,21.5954,0.169533,0.253406,0.012576,61.761
2026-03-14 08:00:00,54.8713,2.26143,3.77356,51.0977,0.294172,0.45325,0.02192,156.727
2026-03-14 09:00:00,71.2307,2.31449,5.38015,65.8506,0.39147,0.58131,0.028737,237.783
2026-03-14 10:00:00,69.0109,2.28241,5.81445,63.1964,0.409256,0.563783,0.02599,221.762
2026-03-14 11:00:00,60.1733,2.34612,5.63109,54.5422,0.363895,0.492235,0.024252,180.426
2026-03-14 12:00:00,45.072,2.45946,4.74357,40.3285,0.333899,0.381141,0.020188,137.763
2026-03-14 13:00:00,53.4529,2.61409,4.21782,49.2351,0.326413,0.468864,0.022379,154.984
2026-03-14 14:00:00,53.6375,2.43785,4.19251,49.445,0.314374,0.466036,0.024533,174.602
2026-03-14 15:00:00,56.2815,2.91675,4.09795,52.1836,0.330411,0.491716,0.025302,172.673
2026-03-14 16:00:00,44.0258,2.62308,3.24729,40.7785,0.283723,0.41014,0.021108,134.021
2026-03-14 17:00:00,27.9561,2.35996,3.04033,24.9158,0.232513,0.288547,0.016445,95.469
2026-03-14 18:00:00,18.633,2.0805,2.74833,15.8846,0.213555,0.214703,0.014358,69.86
2026-03-14 19:00:00,22.5518,2.95181,2.95192,19.5999,0.227256,0.268462,0.015346,75.181
2026-03-14 20:00:00,16.9751,2.75392,1.4698,15.5053,0.133777,0.220336,0.013474,69.203
2026-03-14 21:00:00,15.3966,2.5232,0.935172,14.4614,0.101668,0.209639,0.010936,53.766
2026-03-14 22:00:00,8.50535,1.49426,0.737314,7.76803,0.079451,0.1085,0.006997,31.234
2026-03-14 23:00:00,5.99607,1.17432,0.42496,5.57111,0.067786,0.084306,0.00572,22.844
2026-03-15 00:00:00,3.60851,0.805831,0.195276,3.41323,0.036948,0.043468,0.004517,13.566
2026-03-15 01:00:00,5.70208,1.21996,0.239786,5.46229,0.037556,0.060444,0.004753,15.636
2026-03-15 02:00:00,3.06858,0.700268,0.167044,2.90153,0.037221,0.033365,0.004136,15.561
2026-03-15 03:00:00,2.99207,0.597458,0.148792,2.84328,0.036968,0.035388,0.004205,14.394
2026-03-15 04:00:00,3.57802,0.744181,0.170515,3.40751,0.039375,0.034174,0.004119,13.925
2026-03-15 05:00:00,2.95356,0.602029,0.186666,2.76689,0.036072,0.031173,0.004242,14.467
2026-03-15 06:00:00,6.76248,1.16958,0.466896,6.29558,0.062255,0.074508,0.00579,25.777
2026-03-15 07:00:00,23.7695,2.00553,1.77677,21.9928,0.160478,0.222539,0.012158,73.394
2026-03-15 08:00:00,54.3719,2.32398,3.57785,50.794,0.282536,0.44963,0.022408,156.135
2026-03-15 09:00:00,74.2361,2.59694,4.82843,69.4077,0.366284,0.593261,0.030987,245.906
2026-03-15 10:00:00,78.4797,2.60574,5.37138,73.1083,0.395575,0.622872,0.033152,277.384
2026-03-15 11:00:00,69.255,2.74321,4.72667,64.5283,0.356164,0.56181,0.028394,213.359
2026-03-15 12:00:00,35.9036,2.53128,3.06317,32.8405,0.250663,0.35159,0.018462,117.776
2026-03-15 13:00:00,33.464,2.00048,2.78457,30.6794,0.237556,0.33934,0.018966,124.877
2026-03-15 14:00:00,53.9578,2.87591,3.5432,50.4146,0.293346,0.46067,0.023511,167.718
2026-03-15 15:00:00,44.5229,2.40508,3.20406,41.3188,0.264042,0.393671,0.020044,140.811
2026-03-15 16:00:00,34.8276,3.15753,3.90525,30.9223,0.330693,0.392482,0.019082,138.866
2026-03-15 17:00:00,28.7993,2.60344,3.83572,24.9636,0.27817,0.287532,0.016661,103.381
2026-03-15 18:00:00,22.0003,2.75901,2.57092,19.4294,0.190421,0.228435,0.014567,89.128
2026-03-15 19:00:00,19.3718,2.3682,2.82764,16.5442,0.20027,0.211807,0.013384,74.443
2026-03-15 20:00:00,16.5435,2.54672,2.21529,14.3282,0.197414,0.204255,0.012949,75.352
2026-03-15 21:00:00,18.2492,2.85858,2.44047,15.8087,0.220963,0.220897,0.013418,69.483
2026-03-15 22:00:00,15.4553,2.41188,1.45427,14.0011,0.12241,0.180634,0.009963,52.03
2026-03-15 23:00:00,11.965,2.37778,0.811579,11.1534,0.082572,0.127637,0.008048,25.498
2026-03-16 00:00:00,4.4949,0.995327,0.610317,3.88458,0.056639,0.045164,0.005207,17.413
2026-03-16 01:00:00,4.30651,1.05655,0.179612,4.1269,0.040602,0.045512,0.004555,16.194
2026-03-16 02:00:00,4.4763,1.07655,0.224578,4.25172,0.043199,0.041932,0.004418,17.472
2026-03-16 03:00:00,5.10239,1.30496,0.209521,4.89287,0.040807,0.048227,0.004405,18.073
2026-03-16 04:00:00,4.99966,1.17308,0.191065,4.8086,0.043793,0.045025,0.004377,19.713
2026-03-16 05:00:00,3.92906,0.877023,0.194958,3.73411,0.041577,0.042981,0.004539,18.569
2026-03-16 06:00:00,6.82,1.06796,0.385893,6.43411,0.057118,0.077827,0.006294,25.013
2026-03-16 07:00:00,17.8785,1.29143,1.10389,16.7746,0.117947,0.200427,0.01108,61.994
2026-03-16 08:00:00,37.8491,1.59204,3.62507,34.224,0.269101,0.345339,0.019027,130.54
2026-03-16 09:00:00,53.403,1.78295,4.43674,48.9662,0.336527,0.458245,0.023282,185.08
2026-03-16 10:00:00,56.7613,1.77824,4.76732,51.9939,0.340789,0.477144,0.023626,198.186
2026-03-16 11:00:00,49.6697,1.81727,4.34029,45.3294,0.364238,0.440475,0.022827,169.551
2026-03-16 12:00:00,34.4893,1.83454,2.94727,31.5421,0.282779,0.350746,0.018642,127.993
2026-03-16 13:00:00,37.741,1.751,3.04565,34.6954,0.243647,0.361006,0.018661,145.116
2026-03-16 14:00:00,44.3343,1.68047,5.21316,39.1211,0.349002,0.401912,0.020677,162.481
2026-03-16 15:00:00,44.4298,1.85031,3.95731,40.4724,0.291331,0.404085,0.021172,162.136
2026-03-16 16:00:00,48.6399,2.17375,3.95442,44.6855,0.300041,0.436694,0.020688,158.971
2026-03-16 17:00:00,31.4158,2.03892,3.67446,27.7413,0.26825,0.293609,0.017194,109.053
2026-03-16 18:00:00,28.8107,2.18793,3.11726,25.6934,0.231496,0.286493,0.016758,94.802
2026-03-16 19:00:00,25.7603,2.52255,3.11734,22.6429,0.254881,0.263853,0.016097,99.726
2026-03-16 20:00:00,20.0447,2.25932,2.24775,17.7969,0.207277,0.215061,0.014399,83.894
2026-03-16 21:00:00,17.7966,2.35591,2.01663,15.7799,0.171453,0.200704,0.013337,71.805
2026-03-16 22:00:00,15.0578,2.34181,1.2322,13.8256,0.128517,0.186305,0.010711,54.229
2026-03-16 23:00:00,10.6871,2.01871,1.65584,9.03123,0.111741,0.121375,0.007373,36.296
2026-03-17 00:00:00,8.23274,1.73102,0.819065,7.41368,0.075231,0.090187,0.006472,27.352
2026-03-17 01:00:00,4.91052,1.04524,0.200499,4.71002,0.050231,0.058993,0.005106,21.973
2026-03-17 02:00:00,3.8125,1.09116,0.173619,3.63888,0.052132,0.054746,0.004792,17.44
2026-03-17 03:00:00,3.2083,0.663695,0.180034,3.02827,0.042071,0.034924,0.00426,13.974
2026-03-17 04:00:00,5.2452,1.0366,0.24121,5.00399,0.043389,0.045177,0.004262,14.204
2026-03-17 05:00:00,3.46657,0.657044,0.251078,3.21549,0.049496,0.039033,0.004171,13.454
2026-03-17 06:00:00,6.2631,1.25062,0.359534,5.90356,0.074715,0.105886,0.007022,34.57
2026-03-17 07:00:00,22.289,1.36558,1.67041,20.6186,0.154502,0.216979,0.013334,76.009
2026-03-17 08:00:00,44.3957,1.49019,3.48345,40.9123,0.289929,0.400208,0.021042,163.809
2026-03-17 09:00:00,55.7301,1.68674,4.20953,51.5205,0.342121,0.455238,0.023368,201.769
2026-03-17 10:00:00,68.1069,2.13087,5.30512,62.8018,0.400889,0.532218,0.025763,229.029
2026-03-17 11:00:00,54.3307,1.94929,4.11631,50.2144,0.328065,0.457318,0.024069,187.216
2026-03-17 12:00:00,43.1653,2.21588,3.83635,39.329,0.32539,0.389897,0.021259,151.658
2026-03-17 13:00:00,46.7565,2.08455,7.27394,39.4825,0.422365,0.411788,0.022791,165.644
2026-03-17 14:00:00,50.9887,1.91026,5.62678,45.3619,0.392245,0.424962,0.022138,178.715
2026-03-17 15:00:00,35.9237,1.99089,2.84521,33.0785,0.30816,0.404168,0.022267,171.547
2026-03-17 16:00:00,43.2465,1.9512,4.11288,39.1336,0.329686,0.394383,0.020724,157.038
2026-03-17 17:00:00,45.3261,2.73609,3.88262,41.4435,0.297366,0.383997,0.019624,135.236
2026-03-17 18:00:00,27.7903,2.0282,2.85016,24.9402,0.22159,0.268451,0.016371,97.772
2026-03-17 19:00:00,29.9286,2.72029,2.71094,27.2177,0.216981,0.294817,0.016037,98.303
2026-03-17 20:00:00,29.3739,3.30341,3.14896,26.2249,0.24297,0.298661,0.017194,104.385
2026-03-17 21:00:00,23.176,2.97128,2.05746,21.1185,0.168264,0.253512,0.015247,91.24
2026-03-17 22:00:00,14.5447,1.85094,0.883376,13.6613,0.121964,0.166416,0.011007,54.198
2026-03-17 23:00:00,10.9843,1.68575,0.69915,10.2852,0.086104,0.122208,0.006909,35.47
2026-03-18 00:00:00,8.43934,1.58993,0.358167,8.08118,0.064224,0.104747,0.005996,26.599
2026-03-18 01:00:00,2.70351,0.507416,0.216709,2.4868,0.048832,0.042495,0.004731,15.493
2026-03-18 02:00:00,3.43613,0.708773,0.298391,3.13774,0.037151,0.039168,0.004253,13.676
2026-03-18 03:00:00,2.67316,0.495397,0.138077,2.53509,0.032839,0.027111,0.003842,10.979
2026-03-18 04:00:00,3.9841,0.720452,0.236865,3.74723,0.042745,0.037935,0.004467,15.091
2026-03-18 05:00:00,4.71801,0.839206,0.309639,4.40838,0.047159,0.047207,0.004474,14.89
2026-03-18 06:00:00,9.26772,1.19092,0.720889,8.54683,0.076086,0.09622,0.007151,35.948
2026-03-18 07:00:00,23.992,1.83903,1.67859,22.3134,0.149428,0.223705,0.012384,73.492
2026-03-18 08:00:00,45.9096,1.83741,3.4735,42.4361,0.284023,0.380817,0.018993,133.925
2026-03-18 09:00:00,60.9979,2.04102,5.46282,55.535,0.401416,0.496056,0.026145,216.725
2026-03-18 10:00:00,65.6341,2.14799,5.04213,60.592,0.399995,0.533756,0.026922,246.846
2026-03-18 11:00:00,59.8489,2.24827,5.25119,54.5977,0.400464,0.502367,0.026497,212.691
2026-03-18 12:00:00,45.2369,2.29979,4.78104,40.4558,0.367484,0.397211,0.022152,163.49
2026-03-18 13:00:00,40.9563,1.75642,3.44662,37.5097,0.320386,0.394171,0.020871,152.52
2026-03-18 14:00:00,51.9853,2.03992,5.44518,46.5401,0.397718,0.444512,0.023603,183.989
2026-03-18 15:00:00,47.3921,1.97731,4.29419,43.0979,0.317713,0.417991,0.021138,156.011
2026-03-18 16:00:00,40.4409,1.92869,3.48217,36.9587,0.277274,0.374113,0.020449,137.894
2026-03-18 17:00:00,34.8699,2.29106,2.94111,31.9288,0.233888,0.316823,0.018115,114.748
2026-03-18 18:00:00,25.6633,2.10114,3.66166,22.0017,0.293425,0.25193,0.015778,92.625
2026-03-18 19:00:00,24.0271,2.28308,3.02709,21,0.263615,0.247035,0.016076,96.707
2026-03-18 20:00:00,30.2488,3.31748,2.85583,27.393,0.242331,0.313692,0.017403,101.284
2026-03-18 21:00:00,31.1115,3.88215,3.27478,27.8367,0.262452,0.339936,0.017192,106.157
2026-03-18 22:00:00,20.4146,2.60723,2.19716,18.2175,0.176565,0.239782,0.01272,71.583
2026-03-18 23:00:00,15.5081,2.18918,1.01432,14.4938,0.08763,0.150605,0.007153,43.018
2026-03-19 00:00:00,6.72046,1.07665,0.504717,6.21574,0.065465,0.069623,0.005396,23.498
2026-03-19 01:00:00,5.15913,0.839155,0.239292,4.91983,0.048198,0.053939,0.004726,18.908
2026-03-19 02:00:00,7.83068,1.55741,0.2819,7.54878,0.050912,0.070387,0.004623,18.715
2026-03-19 03:00:00,5.8095,1.01176,0.21279,5.59671,0.044523,0.050783,0.004117,13.908
2026-03-19 04:00:00,2.38158,0.449356,0.161794,2.21979,0.035061,0.022078,0.003672,10.552
2026-03-19 05:00:00,4.55449,0.736257,0.222123,4.33236,0.042658,0.043138,0.004134,14.088
2026-03-19 06:00:00,10.8166,1.36884,0.573565,10.243,0.07123,0.104408,0.006315,34.815
2026-03-19 07:00:00,28.8391,1.86083,1.74116,27.098,0.16756,0.267019,0.013003,80.12
2026-03-19 08:00:00,35.6987,1.40314,3.14101,32.5577,0.261566,0.324825,0.018279,126.714
2026-03-19 09:00:00,52.2628,1.7685,4.18929,48.0735,0.340444,0.463195,0.024353,186.286
2026-03-19 10:00:00,59.0868,1.98291,4.07229,55.0145,0.328926,0.488908,0.024768,199.068
2026-03-19 11:00:00,46.8626,1.79454,3.62285,43.2398,0.300475,0.417407,0.021921,163.987
2026-03-19 12:00:00,36.0325,1.8765,2.78078,33.2517,0.247537,0.347252,0.019031,134.386
2026-03-19 13:00:00,37.3163,1.80743,2.90655,34.4097,0.266202,0.342686,0.019322,133.195
2026-03-19 14:00:00,40.9485,1.63624,3.15298,37.7955,0.24781,0.372767,0.020204,147.645
2026-03-19 15:00:00,44.386,1.84865,2.83632,41.5497,0.260211,0.388448,0.020737,153.876
2026-03-19 16:00:00,42.5108,2.01817,3.04143,39.4694,0.253194,0.382407,0.019679,142.014
2026-03-19 17:00:00,29.2991,1.94394,2.84239,26.4567,0.237545,0.270353,0.016481,104.359
2026-03-19 18:00:00,23.4029,2.44954,2.99407,20.4088,0.208253,0.242594,0.014833,87.622
2026-03-19 19:00:00,29.2245,3.97829,3.70453,25.52,0.290215,0.294488,0.017091,106.842
2026-03-19 20:00:00,24.6421,3.54155,4.0573,20.5848,0.403354,0.248835,0.0178,95.382
2026-03-19 21:00:00,21.0367,3.65094,2.76134,18.2754,0.202057,0.249117,0.015167,84.134
2026-03-19 22:00:00,14.887,2.56496,1.67803,13.209,0.149435,0.183358,0.01015,59.145
2026-03-19 23:00:00,9.53535,1.92167,0.488243,9.0471,0.067314,0.111034,0.006278,30.973
2026-03-20 00:00:00,5.35728,1.23896,0.247392,5.10988,0.04575,0.056301,0.004726,15.117
2026-03-20 01:00:00,2.98856,0.72573,0.149474,2.83908,0.041834,0.035224,0.004289,17.589
2026-03-20 02:00:00,3.08442,0.822073,0.14458,2.93984,0.03671,0.027775,0.003861,12.699
2026-03-20 03:00:00,2.5772,0.63982,0.128339,2.44886,0.039693,0.030627,0.004078,12.94
2026-03-20 04:00:00,2.09845,0.486879,0.110221,1.98823,0.031277,0.02126,0.003785,10.18
2026-03-20 05:00:00,2.26178,0.568001,0.15854,2.10324,0.039781,0.028738,0.004071,13.78
2026-03-20 06:00:00,9.72286,1.70099,0.626374,9.09648,0.0736,0.093961,0.00628,28.617
2026-03-20 07:00:00,24.347,1.82429,1.81261,22.5344,0.170831,0.224862,0.012932,75.052
2026-03-20 08:00:00,44.2074,1.93586,3.2388,40.9686,0.26728,0.384435,0.019026,136.918
2026-03-20 09:00:00,58.0764,1.99809,4.00635,54.07,0.317595,0.481677,0.024631,210.297
2026-03-20 10:00:00,68.4863,2.36731,4.65834,63.828,0.356342,0.539962,0.026489,225.618
2026-03-20 11:00:00,54.4585,2.27612,3.52426,50.9342,0.299451,0.448096,0.022753,172.28
2026-03-20 12:00:00,36.5678,2.2393,3.11266,33.4551,0.298992,0.346385,0.018528,118.779
2026-03-20 13:00:00,41.8524,2.15579,3.46517,38.3873,0.28394,0.354095,0.019478,132.257
2026-03-20 14:00:00,44.8737,1.91555,3.17151,41.7022,0.271193,0.398794,0.020701,149.023
2026-03-20 15:00:00,42.6355,2.09614,3.0544,39.5811,0.246044,0.368496,0.019205,137.195
2026-03-20 16:00:00,37.9637,2.27655,2.88331,35.0804,0.250755,0.338743,0.018425,120.201
2026-03-20 17:00:00,23.5752,1.90923,2.8595,20.7157,0.207269,0.248291,0.015204,88.327
2026-03-20 18:00:00,22.2352,2.57769,3.09285,19.1423,0.225108,0.232664,0.014732,81.283
2026-03-20 19:00:00,20.9788,3.07608,2.83679,18.142,0.209492,0.218161,0.014122,76.514
2026-03-20 20:00:00,18.4083,3.10426,2.02042,16.3878,0.159239,0.209322,0.011271,70.516
2026-03-20 21:00:00,18.5059,3.24437,2.75847,15.7474,0.198556,0.214376,0.011732,72.583
2026-03-20 22:00:00,10.9914,2.09839,1.38081,9.61058,0.123429,0.130057,0.008637,49.109
2026-03-20 23:00:00,8.48886,1.60288,0.432635,8.05623,0.064504,0.095382,0.006525,32.248
2026-03-21 00:00:00,7.05594,1.5576,0.32465,6.73129,0.056996,0.067333,0.005123,19.717
2026-03-21 01:00:00,4.57977,1.01457,0.210658,4.36911,0.044565,0.047992,0.005089,17.046
2026-03-21 02:00:00,4.17535,0.98942,0.191462,3.98389,0.035638,0.036749,0.003937,12.354
2026-03-21 03:00:00,3.16081,0.806329,0.160078,3.00073,0.030377,0.028222,0.003621,9.247
2026-03-21 04:00:00,3.76639,1.03586,0.170097,3.59629,0.033496,0.033344,0.004483,10.367
2026-03-21 05:00:00,4.19096,1.03378,0.206147,3.98482,0.036148,0.03888,0.004074,11.588
2026-03-21 06:00:00,6.47192,1.12477,0.384124,6.0878,0.059078,0.05938,0.005347,20.072
2026-03-21 07:00:00,23.5926,1.82775,1.6164,21.9763,0.162542,0.221829,0.011629,76.647
2026-03-21 08:00:00,48.4825,1.89726,3.45935,45.0232,0.307335,0.431619,0.02179,157.294
2026-03-21 09:00:00,65.196,2.29321,4.24003,60.956,0.355818,0.53324,0.027883,217.011
2026-03-21 10:00:00,76.2753,2.75501,4.75069,71.5246,0.379153,0.595505,0.029345,235.871
2026-03-21 11:00:00,52.3554,2.40626,5.29122,47.0642,0.380623,0.469534,0.022785,166.015
2026-03-21 12:00:00,29.6121,1.99301,2.6387,26.9734,0.239071,0.295118,0.016061,106.962
2026-03-21 13:00:00,39.2218,2.07831,3.52322,35.6986,0.254002,0.349329,0.017488,111.935
2026-03-21 14:00:00,54.7225,2.57252,3.20555,51.517,0.276167,0.441966,0.021405,146.001
2026-03-21 15:00:00,47.5499,2.32223,3.2902,44.2597,0.281541,0.409876,0.020912,150.773
2026-03-21 16:00:00,38.7975,2.25856,2.73222,36.0653,0.248571,0.346809,0.017646,116.167
2026-03-21 17:00:00,18.0078,1.65909,1.47095,16.5368,0.149527,0.18398,0.010854,70.336
2026-03-21 18:00:00,16.2475,1.95518,2.83136,13.4162,0.210559,0.165256,0.010507,64.535
2026-03-21 19:00:00,12.2267,1.59826,1.21827,11.0084,0.10872,0.130883,0.008972,48.518
2026-03-21 20:00:00,12.8455,2.39595,1.29398,11.5515,0.121632,0.144051,0.009163,52.634
2026-03-21 21:00:00,13.4643,3.19363,1.36968,12.0947,0.134544,0.15722,0.009355,56.75
2026-03-21 22:00:00,10.3119,2.6924,0.661912,9.65,0.086049,0.118315,0.007165,38.682
2026-03-21 23:00:00,7.2623,1.95887,0.426882,6.83541,0.066179,0.086583,0.00591,27.711
2026-03-22 00:00:00,4.21268,1.22533,0.191853,4.02083,0.04631,0.054852,0.004656,16.74
2026-03-22 01:00:00,3.52622,1.02447,0.187138,3.33908,0.043082,0.043598,0.00416,15.058
2026-03-22 02:00:00,3.06312,0.965674,0.117167,2.94595,0.035647,0.031638,0.00383,11.592
2026-03-22 03:00:00,2.54113,0.807735,0.086847,2.45429,0.027253,0.024274,0.003284,7.751
2026-03-22 04:00:00,1.3786,0.471476,0.080971,1.29763,0.026824,0.015661,0.003188,7.133
2026-03-22 05:00:00,2.04538,0.671057,0.093381,1.952,0.030466,0.023356,0.004016,9.799
2026-03-22 06:00:00,5.72215,1.20314,0.299881,5.42227,0.044591,0.055477,0.004713,15.237
2026-03-22 07:00:00,25.4396,2.35421,1.32922,24.1104,0.125838,0.216446,0.010269,64.736
2026-03-22 08:00:00,43.7524,1.96906,3.08588,40.6665,0.254052,0.369232,0.01837,132.359
2026-03-22 09:00:00,73.387,2.61182,5.34331,68.0437,0.393984,0.568961,0.027064,217.353
2026-03-22 10:00:00,73.1855,2.7638,4.97826,68.2073,0.375471,0.569125,0.02707,216.29
2026-03-22 11:00:00,53.2961,2.51849,3.80827,49.4878,0.301047,0.435798,0.021619,161.942
2026-03-22 12:00:00,33.4066,2.27318,2.63828,30.7684,0.226623,0.30247,0.016167,107.594
2026-03-22 13:00:00,34.9409,1.99366,3.26958,31.6713,0.282643,0.323795,0.01786,121.402
2026-03-22 14:00:00,39.9147,2.21148,3.35887,36.5558,0.29293,0.366667,0.019045,130.821
2026-03-22 15:00:00,44.8886,2.4293,3.44816,41.4404,0.303216,0.409539,0.020229,140.24
2026-03-22 16:00:00,37.4816,2.30316,3.04479,34.4368,0.250464,0.358702,0.018609,126.96
2026-03-22 17:00:00,21.3881,2.12015,1.93134,19.4568,0.180154,0.237973,0.013012,74.91
2026-03-22 18:00:00,20.2021,2.45873,2.17297,18.0292,0.195655,0.221433,0.012043,70.388
2026-03-22 19:00:00,19.0161,2.79732,2.41459,16.6016,0.211155,0.204893,0.011074,65.866
2026-03-22 20:00:00,14.9502,2.92339,1.70092,13.2493,0.196159,0.164781,0.010322,58.153
2026-03-22 21:00:00,14.0814,2.54913,1.64829,12.4331,0.164361,0.148978,0.008551,48.32
2026-03-22 22:00:00,6.66661,1.39644,0.531419,6.13519,0.109078,0.092854,0.00681,29.277
2026-03-22 23:00:00,9.94282,2.32309,0.564502,9.37832,0.080567,0.122166,0.007298,30.505
2026-03-23 00:00:00,7.06198,2.13999,0.282243,6.77973,0.048985,0.079881,0.005517,19.017
2026-03-23 01:00:00,3.82569,1.2038,0.263392,3.56229,0.042475,0.040795,0.004276,13.77
2026-03-23 02:00:00,3.10148,1.04709,0.122009,2.97947,0.033756,0.028502,0.003896,11.349
2026-03-23 03:00:00,2.73803,0.925742,0.120204,2.61782,0.031292,0.025929,0.003719,9.8275
2026-03-23 04:00:00,2.37457,0.804393,0.118399,2.25617,0.028828,0.023356,0.003543,8.306
2026-03-23 05:00:00,4.39636,1.49435,0.238687,4.15768,0.041138,0.042294,0.004319,14.383
2026-03-23 06:00:00,8.80792,1.65376,0.461053,8.34687,0.06152,0.103966,0.006452,26.046
2026-03-23 07:00:00,17.1486,1.41795,1.143,16.0056,0.124663,0.182627,0.010379,53.921
2026-03-23 08:00:00,31.2894,1.32291,2.03936,29.25,0.18789,0.303696,0.015674,100.934
2026-03-23 09:00:00,48.633,1.71508,4.14485,44.4881,0.30527,0.419423,0.022654,176.119
2026-03-23 10:00:00,56.5637,1.86691,4.86806,51.6957,0.359558,0.486818,0.024275,200.471
2026-03-23 11:00:00,50.3168,1.9246,4.04975,46.267,0.334504,0.440471,0.022141,172.164
2026-03-23 12:00:00,37.5659,2.04718,2.90992,34.6559,0.258321,0.360154,0.020207,152.258
2026-03-23 13:00:00,41.4397,1.89864,3.65153,37.7882,0.306591,0.358594,0.019778,144.89
2026-03-23 14:00:00,46.1143,1.78918,4.24543,41.8689,0.334478,0.412947,0.021887,176.146
2026-03-23 15:00:00,46.518,1.86984,3.58323,42.9348,0.300998,0.430459,0.023993,173.477
2026-03-23 16:00:00,32.5183,1.51051,4.46765,28.0507,0.355324,0.363214,0.023656,127.733
2026-03-23 17:00:00,23.074,1.40901,2.86748,20.2065,0.200393,0.244395,0.015849,93.997
2026-03-23 18:00:00,19.8459,1.66297,2.09527,17.7507,0.187037,0.213943,0.015682,84.937
2026-03-23 19:00:00,24.2028,2.62675,1.91149,22.2913,0.173271,0.214138,0.01363,76.699
2026-03-23 20:00:00,18.2478,2.41373,1.85421,16.3936,0.152658,0.203399,0.012814,75.943
2026-03-23 21:00:00,14.7979,2.19684,1.87269,12.9252,0.165478,0.168163,0.012193,60.578
2026-03-23 22:00:00,15.0071,2.72757,0.949955,14.0571,0.095317,0.169376,0.009672,54.726
2026-03-23 23:00:00,9.67881,2.2614,0.545127,9.13368,0.071155,0.114848,0.007421,35.303
2026-03-24 00:00:00,3.50887,0.856657,0.129168,3.3797,0.041336,0.043872,0.005407,16.247
2026-03-24 01:00:00,2.2027,0.51321,0.128142,2.07456,0.038329,0.03265,0.004417,12.67
2026-03-24 02:00:00,1.67351,0.460515,0.134673,1.53884,0.030052,0.017753,0.003741,8.616
2026-03-24 03:00:00,1.30432,0.369497,0.082147,1.22218,0.025797,0.016441,0.003648,6.947
2026-03-24 04:00:00,2.75228,0.776602,0.150689,2.60159,0.030058,0.02299,0.003961,9.706
2026-03-24 05:00:00,3.10639,0.84874,0.17214,2.93425,0.042615,0.033333,0.004565,15.14
2026-03-24 06:00:00,7.05448,1.31271,0.467301,6.58718,0.069841,0.08006,0.006684,25.209
2026-03-24 07:00:00,22.4304,1.55163,1.49038,20.9401,0.140503,0.22315,0.012355,67.593
2026-03-24 08:00:00,42.6534,1.6175,2.9377,39.7157,0.244799,0.370984,0.020054,135.924
2026-03-24 09:00:00,61.9639,2.05315,4.82298,57.1409,0.372384,0.50783,0.026159,208.008
2026-03-24 10:00:00,67.8247,2.18002,4.94281,62.8819,0.389671,0.532955,0.027918,221.77
2026-03-24 11:00:00,54.6549,1.93702,5.44779,49.2071,0.384929,0.437335,0.023391,186.678
2026-03-24 12:00:00,42.1804,2.29666,4.00689,38.1735,0.321089,0.37722,0.020709,147.958
2026-03-24 13:00:00,39.6567,1.88161,3.09322,36.5635,0.24896,0.357811,0.019493,139.336
2026-03-24 14:00:00,42.149,1.71644,3.98424,38.1648,0.307202,0.375801,0.020236,145.894
2026-03-24 15:00:00,40.4541,1.6205,3.4759,36.9782,0.294777,0.383591,0.022686,157.587
2026-03-24 16:00:00,36.903,1.65011,4.22803,32.675,0.297311,0.387433,0.023922,136.383
2026-03-24 17:00:00,26.4919,1.56849,3.44267,23.0492,0.23334,0.267919,0.017268,96.673
2026-03-24 18:00:00,22.5794,1.67852,2.20356,20.3758,0.216049,0.250175,0.017376,90.486
2026-03-24 19:00:00,18.9085,1.77812,2.20374,16.7048,0.220806,0.225836,0.015811,76.816
2026-03-24 20:00:00,17.7796,1.91466,2.5182,15.2614,0.195977,0.201646,0.01526,51.529
2026-03-24 21:00:00,18.1905,2.20651,2.22839,15.9621,0.165256,0.195287,0.013458,74.365
2026-03-24 22:00:00,14.3161,1.98284,1.24964,13.0664,0.113428,0.157151,0.010085,50.909
2026-03-24 23:00:00,9.04021,1.37428,0.786487,8.25372,0.083549,0.101834,0.007662,35.156
2026-03-25 00:00:00,3.76434,0.765733,0.323334,3.44101,0.053671,0.046518,0.00524,19.403
2026-03-25 01:00:00,3.01678,0.619971,0.213969,2.80281,0.04516,0.032774,0.004679,16.305
2026-03-25 02:00:00,2.76618,0.776144,0.158329,2.60785,0.038199,0.026551,0.004076,12.078
2026-03-25 03:00:00,2.41437,0.628742,0.165423,2.24895,0.03864,0.02644,0.0039,12.165
2026-03-25 04:00:00,3.74019,0.920322,0.126012,3.61417,0.035979,0.035522,0.003963,13.445
2026-03-25 05:00:00,5.12364,1.23939,0.198826,4.92481,0.044471,0.054616,0.004712,17.381
2026-03-25 06:00:00,5.93109,0.989174,0.394803,5.53628,0.061512,0.069372,0.006569,26.668
2026-03-25 07:00:00,21.4937,1.42004,1.38074,20.1129,0.126616,0.202327,0.012214,67.388
2026-03-25 08:00:00,47.4459,1.73998,3.18993,44.256,0.267852,0.425949,0.021058,154.055
2026-03-25 09:00:00,59.4725,1.86645,4.42022,55.0523,0.369613,0.50583,0.026753,218.972
2026-03-25 10:00:00,65.3367,2.05785,4.77103,60.5657,0.395084,0.52025,0.02595,228.96
2026-03-25 11:00:00,46.9539,1.86295,4.23807,42.7159,0.334405,0.42112,0.022396,160.114
2026-03-25 12:00:00,36.0944,2.08445,3.22558,32.8688,0.263364,0.332541,0.015753,117.362
2026-03-25 13:00:00,29.5912,1.82279,2.30033,27.2909,0.244639,0.340715,0.018541,124.159
2026-03-25 14:00:00,43.48,1.82474,3.30979,40.1702,0.297753,0.394394,0.020699,140.562
2026-03-25 15:00:00,42.2715,1.73756,3.88911,38.3823,0.334647,0.388916,0.020103,145.509
2026-03-25 16:00:00,33.6914,1.65105,2.9549,30.7365,0.267203,0.32914,0.018807,119.744
2026-03-25 17:00:00,20.9683,1.3804,1.76804,19.2003,0.165032,0.236051,0.015248,80.429
2026-03-25 18:00:00,22.3255,2.1815,2.83659,19.4889,0.252382,0.262022,0.016342,72.061
2026-03-25 19:00:00,23.1907,2.53839,2.56475,20.626,0.239404,0.258022,0.015979,69.018
2026-03-25 20:00:00,20.9468,2.44022,2.27393,18.6729,0.196752,0.23121,0.01656,69.149
2026-03-25 21:00:00,16.3829,2.18148,1.17586,15.207,0.132883,0.187286,0.010792,51.87
2026-03-25 22:00:00,14.72,2.64653,1.16609,13.5539,0.137398,0.189561,0.009549,46.389
2026-03-25 23:00:00,11.8908,2.52245,0.529298,11.3615,0.080616,0.141553,0.007348,29.152
2026-03-26 00:00:00,6.73925,1.44371,0.294861,6.44439,0.055514,0.076998,0.005645,19.079
2026-03-26 01:00:00,2.7955,0.760887,0.14353,2.65197,0.036868,0.025726,0.004091,11.977
2026-03-26 02:00:00,3.75568,1.10591,0.163441,3.59224,0.040026,0.040141,0.004532,16.302
2026-03-26 03:00:00,5.35456,1.51687,0.222166,5.13239,0.046372,0.054013,0.004423,18.156
2026-03-26 04:00:00,3.03133,0.828685,0.17162,2.85971,0.04274,0.031624,0.004215,14.565
2026-03-26 05:00:00,5.11388,1.18267,0.74031,4.37357,0.06891,0.051617,0.004575,17.829
2026-03-26 06:00:00,8.42338,1.27472,0.45791,7.96547,0.067537,0.09474,0.007644,28.224
2026-03-26 07:00:00,18.4317,1.4008,1.18204,17.2496,0.125525,0.201118,0.012197,58.859
2026-03-26 08:00:00,36.2212,1.54778,2.76315,33.458,0.232842,0.323421,0.017051,111.464
2026-03-26 09:00:00,45.5924,1.5866,3.38021,42.2122,0.303445,0.403809,0.021048,156.917
2026-03-26 10:00:00,49.8097,1.60191,3.38292,46.4267,0.315589,0.439088,0.023045,186.916
2026-03-26 11:00:00,44.0049,1.73493,3.67814,40.3267,0.337893,0.40926,0.021371,158.745
2026-03-26 12:00:00,33.4109,2.05176,2.86514,30.5457,0.243949,0.338124,0.017688,118.508
2026-03-26 13:00:00,37.4532,1.91498,2.82578,34.6274,0.236952,0.357006,0.01789,117.407
2026-03-26 14:00:00,36.8703,1.59047,2.63841,34.2319,0.302456,0.364409,0.02048,130.212
2026-03-26 15:00:00,37.0226,1.76164,2.55547,34.4671,0.250494,0.363199,0.021086,135.883
2026-03-26 16:00:00,31.2391,1.53963,2.67387,28.5653,0.249877,0.347068,0.021879,117.823
2026-03-26 17:00:00,28.4686,1.90706,3.32125,25.1474,0.266713,0.283763,0.01743,109.402
2026-03-26 18:00:00,20.8604,1.96611,2.25859,18.6018,0.208848,0.240221,0.017318,78.616
2026-03-26 19:00:00,20.4193,2.34273,2.15297,18.2663,0.19996,0.237906,0.016947,72.746
2026-03-26 20:00:00,16.298,2.22165,1.85793,14.4401,0.195639,0.192141,0.013998,73.527
2026-03-26 21:00:00,20.0176,3.09009,1.65147,18.3662,0.149919,0.234418,0.013007,69.332
2026-03-26 22:00:00,13.5283,2.1494,0.920195,12.6081,0.09733,0.171274,0.008999,57.308
2026-03-26 23:00:00,8.14721,1.51717,0.489433,7.65778,0.06592,0.090424,0.00604,30.021
2026-03-27 00:00:00,5.56384,1.3024,0.228326,5.33552,0.050813,0.061509,0.005081,11.28
2026-03-27 01:00:00,1.79519,0.417876,0.108632,1.68656,0.044837,0.027648,0.004512,12.166
2026-03-27 02:00:00,1.93378,0.471885,0.093309,1.84047,0.033674,0.028651,0.004056,10.452
2026-03-27 03:00:00,3.23049,0.898856,0.181702,3.04879,0.036063,0.039117,0.005192,12.418
2026-03-27 04:00:00,2.28095,0.632543,0.088339,2.19261,0.032213,0.036687,0.005095,11.257
2026-03-27 05:00:00,3.00042,0.770921,0.132539,2.86788,0.036453,0.051241,0.005221,13.354
2026-03-27 06:00:00,8.19136,1.48019,0.928582,7.26278,0.086046,0.097813,0.00808,31.376
2026-03-27 07:00:00,21.7534,1.69392,1.79734,19.9561,0.163856,0.21315,0.013486,68.189
2026-03-27 08:00:00,41.7307,1.75413,2.81176,38.919,0.238985,0.373333,0.021361,127.534
2026-03-27 09:00:00,57.6628,2.00163,3.81677,53.846,0.306557,0.477231,0.025456,196.513
2026-03-27 10:00:00,62.7384,2.09855,4.26038,58.478,0.36266,0.49921,0.026785,220.287
2026-03-27 11:00:00,50.1222,2.0073,3.73147,46.3907,0.290421,0.432125,0.023295,167.062
2026-03-27 12:00:00,34.7551,1.98669,2.69238,32.0628,0.211,0.300791,0.015821,112.58
2026-03-27 13:00:00,37.1812,1.68347,2.90693,34.2742,0.238031,0.336773,0.019044,130.771
2026-03-27 14:00:00,43.1927,1.81086,3.75479,39.4379,0.300892,0.378848,0.021402,150.779
2026-03-27 15:00:00,41.9183,2.06129,3.79146,38.1269,0.274121,0.388667,0.020812,131.152
2026-03-27 16:00:00,33.5803,1.90494,2.83094,30.7493,0.2532,0.34649,0.021286,130.537
2026-03-27 17:00:00,27.1608,1.9939,2.70753,24.4533,0.244536,0.275577,0.018432,101.569
2026-03-27 18:00:00,23.0528,2.36342,3.08637,19.9664,0.257463,0.256291,0.017988,87.747
2026-03-27 19:00:00,21.5167,2.63814,3.08842,18.4283,0.243789,0.231994,0.015907,78.818
2026-03-27 20:00:00,24.712,3.17065,3.53745,21.1746,0.232978,0.270469,0.017363,84.942
2026-03-27 21:00:00,19.6215,3.00575,2.57452,17.047,0.198679,0.236077,0.014806,73.168
2026-03-27 22:00:00,15.067,2.49868,1.0152,14.0518,0.105137,0.169089,0.009634,52.873
2026-03-27 23:00:00,8.71664,1.533,0.607541,8.1091,0.071238,0.094261,0.006539,29.594
2026-03-28 00:00:00,3.53762,0.687718,0.302589,3.23503,0.042111,0.037402,0.00431,11.68
2026-03-28 01:00:00,3.07326,0.739476,0.144353,2.92891,0.03747,0.025446,0.003973,10.12
2026-03-28 02:00:00,3.50879,0.90154,0.128517,3.38028,0.029489,0.028319,0.003517,6.957
2026-03-28 03:00:00,2.44429,0.549527,0.132872,2.31142,0.03053,0.029615,0.003904,8.463
2026-03-28 04:00:00,2.66543,0.620446,0.119999,2.54543,0.029662,0.029083,0.003505,7.809
2026-03-28 05:00:00,3.32631,0.746143,0.155245,3.17106,0.034025,0.032679,0.004198,9.944
2026-03-28 06:00:00,6.75202,1.02677,0.547215,6.2048,0.064478,0.06631,0.006067,20.678
2026-03-28 07:00:00,27.271,2.00227,1.77019,25.5008,0.165134,0.246958,0.012025,77.276
2026-03-28 08:00:00,47.6351,1.93828,3.17686,44.4582,0.272512,0.415348,0.02063,153.91
2026-03-28 09:00:00,71.4195,2.5418,4.30163,67.1178,0.371573,0.567503,0.026015,211.722
2026-03-28 10:00:00,75.697,2.49249,5.64416,70.0528,0.408161,0.602652,0.030057,249.945
2026-03-28 11:00:00,58.8196,2.44674,6.38958,52.4301,0.41163,0.488436,0.02512,201.906
2026-03-28 12:00:00,30.8094,1.85465,3.14337,27.666,0.255984,0.297276,0.017713,110.635
2026-03-28 13:00:00,33.2417,1.71916,2.48327,30.7584,0.215423,0.335442,0.018409,112.472
2026-03-28 14:00:00,41.0847,1.80022,2.7842,38.3004,0.278231,0.380677,0.020655,130.102
2026-03-28 15:00:00,35.8707,1.82865,2.48715,33.3836,0.215825,0.342337,0.018803,120.386
2026-03-28 16:00:00,33.7946,2.08454,2.37991,31.4147,0.215371,0.319554,0.017699,105.989
2026-03-28 17:00:00,20.2667,1.84209,1.64954,18.6172,0.175417,0.230297,0.014682,77.196
2026-03-28 18:00:00,16.1519,2.01899,1.60526,14.5466,0.154571,0.191908,0.013358,61.57
2026-03-28 19:00:00,17.1459,2.13046,2.31852,14.8274,0.170906,0.183722,0.012173,66.205
2026-03-28 20:00:00,21.6346,2.66895,1.80588,19.8287,0.151343,0.226872,0.015208,86.848
2026-03-28 21:00:00,18.2589,2.68908,1.31774,16.9411,0.122874,0.193173,0.010192,63.967
2026-03-28 22:00:00,11.7611,2.9805,1.06502,10.696,0.123953,0.153929,0.008949,49.549
2026-03-28 23:00:00,9.83242,2.26762,0.632197,9.20023,0.07295,0.105655,0.006532,25.637
2026-03-29 00:00:00,9.37082,2.2429,0.314229,9.05659,0.055537,0.103427,0.005726,19.322
2026-03-29 01:00:00,4.98259,1.2962,0.234834,4.74775,0.049281,0.05435,0.005537,14.941
2026-03-29 02:00:00,2.48926,0.748874,0.114942,2.37431,0.031125,0.028145,0.003535,7.301
2026-03-29 03:00:00,2.54578,0.725293,0.144382,2.4014,0.0332,0.025416,0.003691,7.499
2026-03-29 04:00:00,2.55926,0.638221,0.13957,2.41969,0.03628,0.022256,0.003575,7.557
2026-03-29 05:00:00,4.13031,1.05204,0.207325,3.92299,0.037662,0.030723,0.004059,9.315
2026-03-29 06:00:00,6.29752,1.32301,0.409392,5.88813,0.05683,0.068708,0.006611,22.73
2026-03-29 07:00:00,21.8913,1.92603,1.38868,20.5026,0.12652,0.203418,0.010854,60.551
2026-03-29 08:00:00,64.0928,2.56617,4.5092,59.5836,0.325699,0.494544,0.023828,177.023
2026-03-29 09:00:00,91.1059,2.97459,6.0305,85.0754,0.395634,0.643108,0.032628,282.267
2026-03-29 10:00:00,82.7745,2.83087,5.9037,76.8708,0.409491,0.624009,0.031603,281.841
2026-03-29 11:00:00,45.7167,2.20705,3.31305,42.4037,0.277471,0.419168,0.022083,167.757
2026-03-29 12:00:00,33.4698,2.27377,2.85368,30.6161,0.240427,0.321742,0.01895,118.598
2026-03-29 13:00:00,43.1342,2.52483,3.7873,39.3469,0.285317,0.374346,0.020663,140.302
2026-03-29 14:00:00,45.0313,2.49233,3.64535,41.386,0.308249,0.391748,0.021224,150.942
2026-03-29 15:00:00,45.3708,2.76213,3.10602,42.2648,0.250685,0.403049,0.021682,146.011
2026-03-29 16:00:00,39.5343,2.48144,3.22777,36.3065,0.27768,0.358468,0.01997,122.799
2026-03-29 17:00:00,23.2792,2.0317,2.56889,20.7103,0.212768,0.238613,0.016541,82.994
2026-03-29 18:00:00,22.9785,2.53179,2.60743,20.3711,0.206548,0.233534,0.015691,72.072
2026-03-29 19:00:00,29.4038,3.57798,2.29514,27.1087,0.186153,0.243647,0.016529,75.921
2026-03-29 20:00:00,16.41,2.22177,1.30183,15.1082,0.125848,0.178396,0.013554,61.413
2026-03-29 21:00:00,18.3864,2.81051,1.13298,17.2534,0.133676,0.179764,0.011816,58.471
2026-03-29 22:00:00,25.3085,3.38893,1.29758,24.0109,0.114372,0.179833,0.008658,43.49
2026-03-29 23:00:00,10.5705,1.83899,0.704133,9.8664,0.077349,0.106924,0.007847,29.265
2026-03-30 00:00:00,7.35519,1.60174,0.243333,7.11186,0.047058,0.068994,0.005884,15.406
2026-03-30 01:00:00,3.85828,0.97678,0.315717,3.54256,0.051552,0.03829,0.005065,14.478
2026-03-30 02:00:00,3.35905,0.859531,0.176458,3.18259,0.042983,0.032758,0.004317,13.279
2026-03-30 03:00:00,2.68192,0.657978,0.143693,2.53823,0.038253,0.026295,0.003879,10.81
2026-03-30 04:00:00,2.06799,0.521693,0.124641,1.94335,0.030752,0.019278,0.003542,7.846
2026-03-30 05:00:00,4.08521,0.858958,0.189197,3.89601,0.034387,0.03365,0.00405,10.457
2026-03-30 06:00:00,9.21564,1.45037,0.627044,8.58859,0.080928,0.088554,0.006965,29.437
2026-03-30 07:00:00,22.416,1.4986,1.7776,20.6384,0.16572,0.219124,0.013798,75.036
2026-03-30 08:00:00,39.7403,1.4575,3.49988,36.2404,0.29778,0.367032,0.02065,142.767
2026-03-30 09:00:00,57.7803,1.76224,4.3354,53.4449,0.418535,0.491571,0.026436,217.505
2026-03-30 10:00:00,70.751,1.97772,5.1267,65.6243,0.38836,0.536516,0.026624,255.91
2026-03-30 11:00:00,59.7852,1.83694,7.68014,52.105,0.486017,0.479132,0.025772,230.596
2026-03-30 12:00:00,46.7916,1.94738,4.58788,42.2037,0.330233,0.420531,0.022396,163.533
2026-03-30 13:00:00,50.3588,1.92724,4.21229,46.1465,0.31931,0.428942,0.023028,174.216
2026-03-30 14:00:00,52.4528,1.95661,4.23393,48.2189,0.3147,0.447166,0.023002,175.166
2026-03-30 15:00:00,41.7704,1.65349,3.46887,38.3016,0.274542,0.383516,0.020763,154.376
2026-03-30 16:00:00,41.3993,1.8341,3.98277,37.4166,0.31968,0.383788,0.021249,157.962
2026-03-30 17:00:00,30.8818,1.56713,2.81985,28.0619,0.246379,0.314305,0.018607,126.641
2026-03-30 18:00:00,32.9292,2.09207,2.94099,29.9882,0.246408,0.328856,0.01851,115.582
2026-03-30 19:00:00,19.3408,1.55799,2.39261,16.9482,0.207466,0.208076,0.015844,85.095
2026-03-30 20:00:00,20.4629,1.82184,2.13865,18.3243,0.168788,0.220957,0.015395,82.447
2026-03-30 21:00:00,15.6455,1.76108,2.1187,13.5268,0.179088,0.19667,0.01448,79.227
2026-03-30 22:00:00,16.6693,2.17729,1.45914,15.2102,0.124898,0.173121,0.009719,51.729
2026-03-30 23:00:00,9.18791,1.38706,1.35481,7.8331,0.102731,0.108765,0.006637,29.292
2026-03-31 00:00:00,5.97359,1.16581,0.329268,5.64432,0.051326,0.066966,0.00514,19.613
2026-03-31 01:00:00,2.53688,0.572918,0.142938,2.39394,0.031159,0.027601,0.004238,10.642
2026-03-31 02:00:00,1.81644,0.397122,0.123465,1.69297,0.034227,0.019103,0.003975,12.991
2026-03-31 03:00:00,2.9883,0.741513,0.189458,2.79884,0.044306,0.032937,0.004464,16.46
2026-03-31 04:00:00,2.76466,0.626624,0.169857,2.59481,0.042542,0.02771,0.004168,15.128
2026-03-31 05:00:00,3.47068,0.688354,0.195619,3.27506,0.037198,0.033804,0.004234,11.416
2026-03-31 06:00:00,8.67651,1.24234,0.531192,8.14532,0.071224,0.099281,0.007587,28.884
2026-03-31 07:00:00,22.0227,1.30081,1.54004,20.4827,0.153728,0.223164,0.01417,76.375
2026-03-31 08:00:00,45.2438,1.57666,3.04401,42.1998,0.258583,0.387601,0.020264,143.021
2026-03-31 09:00:00,64.1835,1.85834,4.61142,59.572,0.338165,0.521146,0.027371,230.003
2026-03-31 10:00:00,67.7392,1.90568,5.31972,62.4195,0.391431,0.529066,0.026881,236.546
2026-03-31 11:00:00,53.0208,1.81454,3.84356,49.1772,0.312893,0.444403,0.023362,184.052
2026-03-31 12:00:00,45.0318,1.97369,4.5152,40.5166,0.39138,0.400166,0.022753,160.513
2026-03-31 13:00:00,43.5164,1.76308,4.66287,38.8535,0.332344,0.402951,0.021498,155.904
2026-03-31 14:00:00,56.1468,1.94266,4.54013,51.6067,0.337169,0.472,0.023771,191.368
2026-03-31 15:00:00,57.623,2.17068,5.82308,51.7999,0.392017,0.470025,0.024363,177.78
2026-03-31 16:00:00,37.2283,1.48604,4.71575,32.5126,0.346324,0.347632,0.020308,140.954
2026-03-31 17:00:00,46.978,1.75082,5.20652,41.7715,0.398548,0.431418,0.02328,172.794
2026-03-31 18:00:00,36.7335,1.917,3.59824,33.1353,0.275701,0.376921,0.02038,136.597
2026-03-31 19:00:00,25.7666,2.13759,3.54575,22.2208,0.260062,0.275249,0.016999,94.764
2026-03-31 20:00:00,22.8116,2.28207,2.52555,20.286,0.228148,0.276776,0.017311,92.025
2026-03-31 21:00:00,20.5607,2.48077,2.3872,18.1735,0.218942,0.256359,0.016248,71.164
2026-03-31 22:00:00,13.8275,1.64222,1.09468,12.7328,0.130944,0.178025,0.011259,52.171
2026-03-31 23:00:00,9.47523,1.30477,1.10257,8.37266,0.091946,0.113017,0.007509,36.104
2026-04-01 00:00:00,8.194,1.36932,0.363179,7.83082,0.059604,0.098822,0.007018,24.424
2026-04-01 01:00:00,3.5103,0.62796,0.177488,3.33281,0.044857,0.042462,0.005003,14.679
2026-04-01 02:00:00,3.95352,0.798047,0.162239,3.79129,0.042186,0.051154,0.005203,12.795
2026-04-01 03:00:00,3.7114,0.731742,0.182987,3.52841,0.049855,0.058258,0.005503,17.305
2026-04-01 04:00:00,6.76808,1.30205,0.278984,6.4891,0.055378,0.069661,0.005374,23.836
2026-04-01 05:00:00,4.97519,0.932033,0.246733,4.72846,0.049079,0.047088,0.005068,17.366
2026-04-01 06:00:00,10.1042,1.18873,1.00008,9.10412,0.099558,0.108815,0.007306,36.157
2026-04-01 07:00:00,22.111,1.32306,1.4742,20.6368,0.151992,0.222867,0.013398,79.383
2026-04-01 08:00:00,43.3413,1.60333,3.19599,40.1453,0.263505,0.393333,0.021427,153.76
2026-04-01 09:00:00,67.7445,2.07703,6.12449,61.62,0.456151,0.534402,0.027075,242.293
2026-04-01 10:00:00,69.2633,2.11375,5.21551,64.0478,0.433821,0.544316,0.026628,231.563
2026-04-01 11:00:00,57.8349,2.01207,4.33574,53.4992,0.367833,0.469485,0.024115,192.435
2026-04-01 12:00:00,40.0354,2.01893,4.02404,36.0114,0.291493,0.381844,0.021559,145.707
2026-04-01 13:00:00,37.8587,1.5315,3.39704,34.4617,0.280045,0.361086,0.02032,146.987
2026-04-01 14:00:00,49.253,1.7879,4.92203,44.331,0.371738,0.423478,0.022789,175.976
2026-04-01 15:00:00,51.0658,2.07923,3.85828,47.2075,0.316706,0.470683,0.025555,190.127
2026-04-01 16:00:00,41.4979,1.97534,3.42093,38.077,0.286609,0.40005,0.021876,156.531
2026-04-01 17:00:00,29.9107,1.80948,2.41855,27.4922,0.218216,0.308928,0.018777,112.177
2026-04-01 18:00:00,29.6618,2.30222,2.38714,27.2747,0.189231,0.282628,0.017748,98.927
2026-04-01 19:00:00,24.7901,2.0583,2.45968,22.3304,0.207411,0.264593,0.017898,92.644
2026-04-01 20:00:00,22.813,2.38331,2.32498,20.4881,0.1951,0.261861,0.017989,96.178
2026-04-01 21:00:00,22.1409,2.79768,1.72317,20.4177,0.152707,0.249429,0.014757,89.59
2026-04-01 22:00:00,15.1656,2.1306,1.13381,14.0318,0.143885,0.209098,0.012221,65.216
2026-04-01 23:00:00,11.0628,1.83038,0.578455,10.4844,0.092162,0.153343,0.009416,40.953
2026-04-02 00:00:00,8.0723,1.65213,0.436652,7.63564,0.066911,0.107582,0.008192,26.974
2026-04-02 01:00:00,5.40425,1.42068,0.254126,5.15013,0.056658,0.070747,0.007959,22.764
2026-04-02 02:00:00,4.57745,1.38795,0.185496,4.39195,0.048891,0.055953,0.007393,12.503
2026-04-02 03:00:00,3.06794,0.783839,0.119511,2.94843,0.042332,0.036181,0.005691,14.509
2026-04-02 04:00:00,3.97965,0.897126,0.177148,3.8025,0.043163,0.036023,0.00563,15.708
2026-04-02 05:00:00,4.41859,0.932191,0.304081,4.11451,0.044863,0.04726,0.005403,16.106
2026-04-02 06:00:00,10.5996,1.4775,0.540269,10.0593,0.066094,0.101979,0.007035,30.116
2026-04-02 07:00:00,26.0633,1.78223,1.86569,24.1977,0.166979,0.238006,0.012797,78.901
2026-04-02 08:00:00,45.1835,1.6742,3.15681,42.0266,0.277757,0.41897,0.021281,143.982
2026-04-02 09:00:00,62.914,1.96091,4.80624,58.1078,0.370672,0.526883,0.026846,226.462
2026-04-02 10:00:00,72.2327,2.21396,6.28737,65.9454,0.419769,0.572811,0.028918,248.26
2026-04-02 11:00:00,67.1207,2.3238,5.30126,61.8194,0.398061,0.527376,0.025196,216.463
2026-04-02 12:00:00,55.1783,2.53321,4.32164,50.8567,0.340183,0.47226,0.022879,187.998
2026-04-02 13:00:00,51.2579,1.94882,3.42219,47.8358,0.28138,0.454037,0.022524,173.638
2026-04-02 14:00:00,61.4652,2.05501,4.78314,56.6821,0.372711,0.510402,0.024519,217.288
2026-04-02 15:00:00,60.9261,2.16804,4.30782,56.6183,0.345374,0.514016,0.025904,211.331
2026-04-02 16:00:00,52.8251,2.15895,4.70421,48.1209,0.342301,0.454336,0.023961,184.786
2026-04-02 17:00:00,49.231,2.0421,4.69828,44.5328,0.36094,0.426484,0.023481,184.641
2026-04-02 18:00:00,49.0303,3.02134,4.76405,44.2662,0.358867,0.414567,0.021407,128.122
2026-04-02 19:00:00,28.4027,2.31293,3.6713,24.7314,0.25262,0.303185,0.018054,110.944
2026-04-02 20:00:00,25.4751,2.36056,2.89415,22.581,0.221373,0.289032,0.017586,98.326
2026-04-02 21:00:00,25.3306,2.82267,3.1636,22.167,0.249601,0.271621,0.016701,98.132
2026-04-02 22:00:00,18.182,1.82587,1.28235,16.8996,0.123365,0.188627,0.011442,59.104
2026-04-02 23:00:00,10.9068,1.38763,0.610242,10.2965,0.079034,0.128917,0.008238,38.269
2026-04-03 00:00:00,5.32672,0.862766,0.375564,4.95116,0.064032,0.070353,0.006404,18.34
2026-04-03 01:00:00,5.55439,1.0731,0.232263,5.32212,0.048979,0.070112,0.006274,14.894
2026-04-03 02:00:00,2.92258,0.571933,0.127045,2.79554,0.031995,0.026091,0.004261,9.334
2026-04-03 03:00:00,3.52169,0.70916,0.144554,3.37713,0.032953,0.029334,0.004617,8.672
2026-04-03 04:00:00,4.29521,0.856644,0.181466,4.11374,0.038962,0.036591,0.004288,11.67
2026-04-03 05:00:00,6.17779,1.10753,0.282591,5.8952,0.050346,0.05978,0.005556,16.209
2026-04-03 06:00:00,15.2757,1.76843,1.14542,14.1303,0.099739,0.148465,0.009757,41.441
2026-04-03 07:00:00,32.6589,2.03052,2.15495,30.5039,0.18912,0.307318,0.016519,98.908
2026-04-03 08:00:00,53.1312,1.76856,4.14956,48.9816,0.311943,0.456942,0.023619,179.865
2026-04-03 09:00:00,74.7762,2.21048,5.48241,69.2938,0.392832,0.558013,0.027694,247.514
2026-04-03 10:00:00,71.4558,2.1784,4.7716,66.6842,0.362698,0.56371,0.026956,248.096
2026-04-03 11:00:00,62.397,2.19522,5.37708,57.0199,0.359321,0.487786,0.025024,192.433
2026-04-03 12:00:00,42.0315,1.96391,4.13332,37.8982,0.293174,0.39191,0.021577,154.934
2026-04-03 13:00:00,46.6279,1.85887,3.47134,43.1566,0.282477,0.417981,0.02119,160.699
2026-04-03 14:00:00,66.1005,2.40383,5.1056,60.9949,0.353275,0.525747,0.027105,203.096
2026-04-03 15:00:00,53.1021,2.04585,4.45618,48.6459,0.349876,0.47859,0.024942,178.249
2026-04-03 16:00:00,43.977,1.92544,3.82209,40.155,0.305194,0.414035,0.022785,161.877
2026-04-03 17:00:00,36.017,1.90991,3.37417,32.6429,0.271982,0.348591,0.019711,128.372
2026-04-03 18:00:00,30.6,1.88053,3.57708,27.0229,0.291433,0.322419,0.018663,122.217
2026-04-03 19:00:00,33.8026,2.37344,3.8273,29.9753,0.277956,0.327459,0.01849,116.046
2026-04-03 20:00:00,25.3763,2.24093,2.41341,22.9629,0.195166,0.274706,0.017012,107.505
2026-04-03 21:00:00,26.6881,2.71662,2.69246,23.9957,0.221375,0.299074,0.016677,103.933
2026-04-03 22:00:00,18.7802,1.94654,1.49838,17.2819,0.142078,0.210892,0.013071,68.492
2026-04-03 23:00:00,15.1287,2.05944,1.20227,13.9264,0.097028,0.156394,0.007453,41.23
2026-04-04 00:00:00,10.3103,1.58718,0.327946,9.98236,0.050148,0.081211,0.006128,21.008
2026-04-04 01:00:00,4.56973,0.807657,0.20336,4.36637,0.045725,0.057522,0.005395,16.853
2026-04-04 02:00:00,2.9425,0.56133,0.131248,2.81125,0.040621,0.026019,0.004114,13.318
2026-04-04 03:00:00,3.35422,0.664728,0.177584,3.17663,0.044147,0.033182,0.004287,14.672
2026-04-04 04:00:00,3.90595,0.677176,0.203761,3.70219,0.045966,0.042594,0.004499,16.296
2026-04-04 05:00:00,6.84341,1.07398,0.319253,6.52416,0.0489,0.06784,0.005303,19.798
2026-04-04 06:00:00,15.0976,1.72781,1.27848,13.8191,0.096491,0.144668,0.008578,40.444
2026-04-04 07:00:00,30.4853,2.12857,2.47543,28.0099,0.186915,0.286321,0.014881,89.745
2026-04-04 08:00:00,61.669,2.38675,4.43563,57.2333,0.326663,0.455722,0.022651,166.56
2026-04-04 09:00:00,82.2047,2.77157,6.21872,75.986,0.428757,0.604873,0.029844,253.941
2026-04-04 10:00:00,79.7501,2.78301,5.7688,73.9813,0.420415,0.607799,0.028277,247.597
2026-04-04 11:00:00,61.2125,2.47844,4.33948,56.8731,0.323724,0.506804,0.024245,184.152
2026-04-04 12:00:00,32.864,2.00171,3.3174,29.5466,0.271733,0.317105,0.017356,111.088
2026-04-04 13:00:00,45.8819,2.47342,3.19679,42.6851,0.262013,0.399577,0.020034,133.76
2026-04-04 14:00:00,54.6844,2.45971,2.9874,51.697,0.249602,0.436045,0.020297,139.212
2026-04-04 15:00:00,43.399,2.18393,2.77908,40.6199,0.238489,0.399081,0.019747,130.095
2026-04-04 16:00:00,34.6418,1.88599,2.69433,31.9474,0.24837,0.335705,0.017069,111.942
2026-04-04 17:00:00,25.6939,1.98316,2.05633,23.6376,0.189984,0.261988,0.015545,93.104
2026-04-04 18:00:00,23.6563,2.3238,2.0885,21.5678,0.196611,0.235593,0.015209,75.261
2026-04-04 19:00:00,26.5974,2.97377,2.26249,24.3349,0.199715,0.292587,0.017661,84.488
2026-04-04 20:00:00,21.8943,2.61456,2.32701,19.5673,0.179208,0.249505,0.014236,71.401
2026-04-04 21:00:00,21.2775,2.90438,1.65831,19.6192,0.158199,0.245827,0.014025,75.17
2026-04-04 22:00:00,16.7856,2.45117,0.962083,15.8235,0.108471,0.201111,0.011372,61.861
2026-04-04 23:00:00,12.738,2.04528,0.671321,12.0667,0.090673,0.16094,0.007773,48.179
2026-04-05 00:00:00,6.01173,1.01242,0.339634,5.67209,0.06063,0.08001,0.006017,31.09
2026-04-05 01:00:00,5.88424,1.05339,0.23832,5.64592,0.045549,0.057509,0.004671,17.755
2026-04-05 02:00:00,4.03207,0.800968,0.141371,3.8907,0.037455,0.044103,0.00391,10.942
2026-04-05 03:00:00,1.86302,0.391391,0.099845,1.76317,0.030339,0.026921,0.003531,7.614
2026-04-05 04:00:00,2.86243,0.638936,0.14826,2.71417,0.038002,0.037127,0.003824,10.206
2026-04-05 05:00:00,2.4633,0.443039,0.160608,2.30269,0.039436,0.031058,0.003951,10.374
2026-04-05 06:00:00,12.6032,2.00496,0.689902,11.9133,0.082716,0.137861,0.007618,31.483
2026-04-05 07:00:00,21.4784,2.15647,1.37833,20.1001,0.178025,0.263998,0.013347,71.159
2026-04-05 08:00:00,43.2364,2.13155,3.00768,40.2288,0.238388,0.379221,0.01863,132.261
2026-04-05 09:00:00,58.2057,2.68898,4.70764,53.4981,0.329751,0.485028,0.022967,186.444
2026-04-05 10:00:00,58.2407,2.70686,4.84939,53.3913,0.37097,0.478037,0.022841,178.031
2026-04-05 11:00:00,44.1113,2.55274,3.85182,40.2595,0.302653,0.410268,0.020867,145.68
2026-04-05 12:00:00,29.0558,2.31299,2.35919,26.6967,0.19775,0.293621,0.015642,88.626
2026-04-05 13:00:00,31.7419,2.1309,3.26376,28.4781,0.271913,0.324643,0.017823,110.969
2026-04-05 14:00:00,43.7569,2.75651,3.12238,40.6345,0.247788,0.397536,0.018725,128.681
2026-04-05 15:00:00,37.4084,2.51705,3.07198,34.3364,0.254033,0.344364,0.017994,128.542
2026-04-05 16:00:00,35.2379,2.90311,3.16364,32.0743,0.249823,0.334702,0.015718,104.786
2026-04-05 17:00:00,25.0017,2.46032,3.89071,21.111,0.302266,0.251303,0.013573,78.675
2026-04-05 18:00:00,23.7866,3.04879,2.2891,21.4975,0.190223,0.245458,0.011413,68.917
2026-04-05 19:00:00,26.1759,4.2097,2.38128,23.7947,0.176394,0.285795,0.013673,76.01
2026-04-05 20:00:00,16.7227,2.72711,1.04482,15.6778,0.119153,0.213581,0.010247,56.181
2026-04-05 21:00:00,14.7198,2.89531,1.6662,13.0536,0.15892,0.188234,0.009968,57.05
2026-04-05 22:00:00,12.7544,2.82427,0.801352,11.953,0.076904,0.153078,0.007165,42.652
2026-04-05 23:00:00,8.96732,1.89664,0.41687,8.55045,0.062008,0.110289,0.005829,30.506
2026-04-06 00:00:00,5.71256,1.28719,0.245574,5.46699,0.048303,0.067181,0.004965,20.623
2026-04-06 01:00:00,4.48109,1.24475,0.155557,4.32553,0.035377,0.055527,0.004253,13.808
2026-04-06 02:00:00,2.7794,0.795024,0.115875,2.66353,0.027283,0.02873,0.003462,8.767
2026-04-06 03:00:00,2.20543,0.574629,0.096155,2.10927,0.026494,0.023191,0.003329,7.73
2026-04-06 04:00:00,2.39108,0.622676,0.114792,2.27629,0.02972,0.029255,0.003515,9.082
2026-04-06 05:00:00,3.2962,0.749817,0.142481,3.15372,0.035216,0.035705,0.003963,11.107
2026-04-06 06:00:00,7.91512,1.43338,0.549824,7.36529,0.078372,0.088414,0.006394,23.417
2026-04-06 07:00:00,16.652,1.27018,1.46878,15.1832,0.133287,0.178144,0.009681,57.46
2026-04-06 08:00:00,35.6803,1.4364,2.55693,33.1233,0.232561,0.335782,0.017839,124.318
2026-04-06 09:00:00,61.6908,2.1088,5.07029,56.6205,0.380476,0.51073,0.027201,211.608
2026-04-06 10:00:00,72.2922,2.3278,4.80058,67.4916,0.370354,0.559708,0.029479,250.081
2026-04-06 11:00:00,52.1735,2.04907,3.80585,48.3677,0.300509,0.454669,0.023085,180.794
2026-04-06 12:00:00,36.6852,2.07261,3.17367,33.5115,0.252805,0.352643,0.018222,129.466
2026-04-06 13:00:00,33.6741,1.59035,2.92678,30.7473,0.257525,0.333883,0.01819,129.432
2026-04-06 14:00:00,44.2876,2.02856,4.31949,39.9681,0.331314,0.417584,0.021653,159.065
2026-04-06 15:00:00,42.501,2.17396,3.88462,38.6164,0.307053,0.390437,0.020499,150.625
2026-04-06 16:00:00,33.5158,1.91562,3.07557,30.4402,0.249815,0.327044,0.016917,121.689
2026-04-06 17:00:00,28.9793,2.20208,3.0533,25.926,0.222186,0.279814,0.015836,103.861
2026-04-06 18:00:00,26.6844,2.51218,3.70261,22.9818,0.247417,0.279143,0.01491,93.657
2026-04-06 19:00:00,25.3477,2.66818,2.93894,22.4087,0.216444,0.260522,0.014804,90.619
2026-04-06 20:00:00,27.2642,3.0334,4.39164,22.8726,0.288427,0.273889,0.016279,98.395
2026-04-06 21:00:00,21.531,2.87463,2.58522,18.9458,0.213006,0.24179,0.014183,90.233
2026-04-06 22:00:00,14.0077,1.99938,0.755714,13.252,0.089544,0.171369,0.009407,58.112
2026-04-06 23:00:00,7.91582,1.32771,0.368519,7.5473,0.06387,0.10946,0.006861,37.18
2026-04-07 00:00:00,3.72002,0.693258,0.191304,3.52872,0.050493,0.046518,0.006189,23.648
2026-04-07 01:00:00,3.56795,0.712734,0.17352,3.39443,0.046033,0.034597,0.006009,20.353
2026-04-07 02:00:00,2.30086,0.4361,0.109053,2.19181,0.034172,0.024318,0.00496,15.162
2026-04-07 03:00:00,2.75377,0.52573,0.113589,2.64018,0.037139,0.036998,0.004988,17.031
2026-04-07 04:00:00,3.27702,0.620883,0.114408,3.16261,0.04198,0.040525,0.005026,18.87
2026-04-07 05:00:00,7.92781,1.38212,0.375311,7.5525,0.060654,0.074697,0.005255,26.285
2026-04-07 06:00:00,14.1531,1.87956,0.901726,13.2514,0.095086,0.137515,0.007479,44.259
2026-04-07 07:00:00,28.1082,1.75852,2.15556,25.9526,0.192202,0.264458,0.014174,83.582
2026-04-07 08:00:00,44.7618,1.51253,3.29085,41.471,0.263926,0.397246,0.020914,156.656
2026-04-07 09:00:00,68.2681,2.02324,5.64158,62.6265,0.413078,0.550652,0.027836,255.302
2026-04-07 10:00:00,67.519,1.97182,4.56605,62.953,0.359767,0.554994,0.026411,257.39
2026-04-07 11:00:00,59.5503,2.00223,5.15785,54.3925,0.38786,0.490987,0.024537,218.213
2026-04-07 12:00:00,52.7866,2.48011,4.57477,48.2119,0.359216,0.441319,0.021899,163.107
2026-04-07 13:00:00,63.8395,2.39944,4.0576,59.7819,0.30809,0.48204,0.023364,183.837
2026-04-07 14:00:00,63.9926,2.09647,4.68933,59.3033,0.348152,0.503215,0.023802,210.649
2026-04-07 15:00:00,55.3071,1.95142,5.20801,50.0991,0.369276,0.471845,0.023204,202.679
2026-04-07 16:00:00,43.5232,1.64599,4.0776,39.4456,0.294794,0.393775,0.021458,159.594
2026-04-07 17:00:00,34.2737,2.08833,2.60378,31.67,0.211915,0.332811,0.018219,118.958
2026-04-07 18:00:00,33.24,2.49625,2.97437,30.2656,0.228322,0.316211,0.017182,102.38
2026-04-07 19:00:00,32.054,2.56391,5.4657,26.5883,0.346272,0.288668,0.0172,108.612
2026-04-07 20:00:00,27.5294,2.51823,3.54527,23.9841,0.261332,0.288025,0.017234,106.672
2026-04-07 21:00:00,24.1778,2.5461,2.20899,21.9688,0.185614,0.276115,0.016153,93.399
2026-04-07 22:00:00,20.152,2.31313,1.35596,18.796,0.14933,0.240406,0.012416,72.173
2026-04-07 23:00:00,10.6329,1.46742,0.637696,9.99522,0.080065,0.127821,0.007296,43.163
2026-04-08 00:00:00,7.17745,1.22524,0.333101,6.84435,0.053297,0.089971,0.00723,27.215
2026-04-08 01:00:00,6.49287,1.1419,0.266696,6.22617,0.044743,0.06141,0.009349,16.75
2026-04-08 02:00:00,4.94107,0.919783,0.171382,4.76969,0.041019,0.057492,0.008645,15.928
2026-04-08 03:00:00,2.45992,0.454027,0.121958,2.33796,0.031457,0.035513,0.00757,13.799
2026-04-08 04:00:00,3.54154,0.64509,0.177194,3.36435,0.039341,0.037676,0.008212,15.831
2026-04-08 05:00:00,8.09926,1.41497,0.628853,7.47041,0.06247,0.093592,0.011483,30.061
2026-04-08 06:00:00,16.9238,2.06639,0.971751,15.952,0.105414,0.180746,0.019881,56.999
2026-04-08 07:00:00,28.5802,1.74185,2.24023,26.34,0.181489,0.27125,0.029832,90.334
2026-04-08 08:00:00,50.4366,1.70613,3.55222,46.8843,0.279061,0.414059,0.042795,167.706
2026-04-08 09:00:00,77.1009,2.19961,5.15496,71.9459,0.379179,0.579258,0.028718,254.367
2026-04-08 10:00:00,72.6464,2.09706,5.42021,67.2262,0.407906,0.573538,0.028631,268.65
2026-04-08 11:00:00,56.573,1.99299,3.95474,52.6182,0.314045,0.464212,0.022309,200.8
2026-04-08 12:00:00,43.728,2.1283,3.82679,39.9012,0.292393,0.395634,0.019463,151.245
2026-04-08 13:00:00,43.4404,1.70301,4.4475,38.9929,0.294965,0.411603,0.020446,158.449
2026-04-08 14:00:00,54.7906,1.89837,6.57854,48.2121,0.392682,0.463747,0.023565,180.356
2026-04-08 15:00:00,51.3915,1.88579,4.55581,46.8357,0.334135,0.463056,0.022923,178.732
2026-04-08 16:00:00,49.4571,2.16424,3.66547,45.7917,0.293992,0.429371,0.021383,170.155
2026-04-08 17:00:00,41.7059,2.61807,2.76925,38.9367,0.228605,0.368869,0.017569,119.448
2026-04-08 18:00:00,31.0913,2.27109,3.38778,27.7035,0.238534,0.30615,0.016166,97.98
2026-04-08 19:00:00,34.2353,3.38628,5.5349,28.7004,0.3432,0.323705,0.017987,118.213
2026-04-08 20:00:00,29.731,3.25356,3.32454,26.4065,0.233051,0.298117,0.016354,103.961
2026-04-08 21:00:00,29.4994,3.5593,3.10414,26.3953,0.217955,0.304538,0.015437,97.677
2026-04-08 22:00:00,19.2702,2.62537,1.66753,17.6027,0.148139,0.220917,0.010151,56.532
2026-04-08 23:00:00,11.2809,1.6787,0.454826,10.8261,0.069228,0.158196,0.007077,31.973
2026-04-09 00:00:00,6.14637,1.06671,0.199899,5.94647,0.046757,0.079695,0.005114,20.251
2026-04-09 01:00:00,5.73035,1.03287,0.140716,5.58964,0.038787,0.07315,0.004438,14.106
2026-04-09 02:00:00,3.21421,0.621223,0.132362,3.08185,0.031414,0.035149,0.003564,9.054
2026-04-09 03:00:00,3.72871,0.697999,0.203424,3.52529,0.042479,0.044236,0.004549,12.392
2026-04-09 04:00:00,3.83996,0.747655,0.166136,3.67382,0.038185,0.041303,0.004124,10.209
2026-04-09 05:00:00,7.00765,1.07644,0.369035,6.63862,0.059363,0.075391,0.005152,19.938
2026-04-09 06:00:00,15.23,1.99188,0.939567,14.2904,0.088786,0.156338,0.007738,42.366
2026-04-09 07:00:00,29.7236,1.92685,2.20027,27.5234,0.192906,0.271982,0.013651,87.046
2026-04-09 08:00:00,45.5726,1.66945,4.90197,40.6706,0.338876,0.396495,0.019964,146.423
2026-04-09 09:00:00,59.4426,1.75928,3.70705,55.7355,0.297828,0.487701,0.022848,203.063
2026-04-09 10:00:00,78.7303,2.18683,5.3264,73.4039,0.404077,0.592963,0.027172,259.789
2026-04-09 11:00:00,68.9866,2.31034,5.44084,63.5458,0.374465,0.531132,0.024177,216.036
2026-04-09 12:00:00,52.0202,2.33757,3.6609,48.3593,0.322394,0.457496,0.021378,158.097
2026-04-09 13:00:00,59.7673,2.25929,4.23277,55.5345,0.31669,0.506797,0.02428,187.627
2026-04-09 14:00:00,69.1246,2.36728,5.41593,63.7087,0.367755,0.538904,0.026432,212.924
2026-04-09 15:00:00,63.0835,2.34372,6.71737,56.3662,0.418164,0.486386,0.023202,186.85
2026-04-09 16:00:00,49.2706,2.05689,4.95195,44.3187,0.345461,0.420699,0.02174,159.346
2026-04-09 17:00:00,33.1881,1.84954,2.66341,30.5247,0.214867,0.312292,0.0176,113.111
2026-04-09 18:00:00,29.5489,2.7652,2.76367,26.7852,0.21833,0.304004,0.01561,98.525
2026-04-09 19:00:00,26.4235,2.51461,2.69145,23.732,0.223348,0.276778,0.016061,94.414
2026-04-09 20:00:00,28.8219,3.23189,3.85092,24.971,0.251164,0.306449,0.017179,108.057
2026-04-09 21:00:00,20.5648,2.3985,2.21835,18.3464,0.18087,0.228114,0.014196,76.644
2026-04-09 22:00:00,17.2621,2.37639,1.46416,15.7979,0.13114,0.213486,0.010746,58.389
2026-04-09 23:00:00,12.783,1.94152,0.603376,12.1796,0.08026,0.148012,0.006836,36.473
2026-04-10 00:00:00,6.10363,1.22317,0.262497,5.84113,0.048627,0.06506,0.00501,16.802
2026-04-10 01:00:00,3.47161,0.709072,0.175558,3.29606,0.041794,0.05762,0.004531,14.455
2026-04-10 02:00:00,5.55571,1.23625,0.200645,5.35507,0.045992,0.056617,0.004379,16.34
2026-04-10 03:00:00,5.88025,1.27333,0.192199,5.68805,0.046249,0.0524,0.004288,15.622
2026-04-10 04:00:00,6.70658,1.36368,0.162908,6.54367,0.046765,0.059721,0.004527,15.209
2026-04-10 05:00:00,7.22169,1.31783,0.31968,6.90201,0.052174,0.066545,0.004774,18.805
2026-04-10 06:00:00,16.4481,2.20425,0.752768,15.6953,0.085262,0.16085,0.007143,39.062
2026-04-10 07:00:00,29.8089,1.97175,2.11406,27.6949,0.179419,0.277435,0.013495,80.414
2026-04-10 08:00:00,44.3905,1.68146,3.19619,41.1943,0.266665,0.396861,0.020332,146.385
2026-04-10 09:00:00,63.0759,2.0574,4.39195,58.6839,0.339204,0.512821,0.02536,214.335
2026-04-10 10:00:00,68.7538,2.14547,4.59995,64.1539,0.350969,0.543396,0.025259,231.016
2026-04-10 11:00:00,59.6732,2.23663,4.66343,55.0098,0.345318,0.485607,0.024151,189.827
2026-04-10 12:00:00,43.4308,2.35525,4.14102,39.2897,0.329401,0.3882,0.019229,143.81
2026-04-10 13:00:00,46.1391,2.19982,3.96243,42.1766,0.299147,0.413049,0.02154,161.498
2026-04-10 14:00:00,55.3311,2.17326,5.18889,50.1422,0.396393,0.471159,0.022885,179.963
2026-04-10 15:00:00,54.0955,2.32269,5.23091,48.8646,0.369158,0.449818,0.022686,167.511
2026-04-10 16:00:00,46.5331,2.21607,5.3032,41.2299,0.35813,0.405891,0.021051,157.347
2026-04-10 17:00:00,24.9771,1.54294,2.25305,22.7241,0.194245,0.266796,0.016616,102.25
2026-04-10 18:00:00,21.52,1.94786,2.31512,19.2048,0.228779,0.23299,0.01481,85.273
2026-04-10 19:00:00,17.6396,2.14281,1.80631,15.8333,0.169225,0.212541,0.012924,75.422
2026-04-10 20:00:00,17.2528,2.59207,2.14008,15.1127,0.178666,0.214978,0.012648,73.88
2026-04-10 21:00:00,14.779,2.55162,2.20539,12.5736,0.149872,0.167795,0.009873,57.102
2026-04-10 22:00:00,11.7342,2.21986,1.26001,10.4742,0.111256,0.131789,0.008107,43.441
2026-04-10 23:00:00,6.69058,1.42171,0.750258,5.94033,0.071471,0.078983,0.005939,25.948
2026-04-11 00:00:00,5.29792,1.45387,0.437294,4.86062,0.055106,0.068502,0.005061,20.634
2026-04-11 01:00:00,1.89693,0.568284,0.137145,1.75979,0.037947,0.033104,0.003991,12.616
2026-04-11 02:00:00,0.788561,0.221009,0.04943,0.739131,0.018143,0.013662,0.002833,5.268
2026-04-11 03:00:00,0.835688,0.249906,0.053052,0.782636,0.019674,0.01012,0.002798,5.872
2026-04-11 04:00:00,1.80678,0.589297,0.077003,1.72978,0.023202,0.01962,0.003148,7.442
2026-04-11 05:00:00,3.56024,0.862878,0.170009,3.39023,0.036785,0.041792,0.0038,12.35
2026-04-11 06:00:00,10.9697,2.15346,0.533798,10.4359,0.068933,0.133541,0.00639,34.089
2026-04-11 07:00:00,20.461,1.70623,1.14692,19.3141,0.131921,0.227463,0.011077,69.718
2026-04-11 08:00:00,47.0367,2.06501,3.05496,43.9818,0.259295,0.416771,0.02027,149.316
2026-04-11 09:00:00,65.1374,2.28392,4.62915,60.5082,0.347594,0.537669,0.026546,221.312
2026-04-11 10:00:00,80.3367,2.89376,5.306,75.0307,0.407303,0.614305,0.030863,252.662
2026-04-11 11:00:00,63.8205,2.70014,4.28604,59.5345,0.360558,0.535383,0.026535,195.491
2026-04-11 12:00:00,35.086,2.20223,3.62187,31.4641,0.254056,0.336953,0.016807,127.72
2026-04-11 13:00:00,48.6665,2.58699,4.60844,44.0581,0.309526,0.432283,0.021563,164.46
2026-04-11 14:00:00,57.0092,2.47974,5.19376,51.8154,0.362286,0.491898,0.025245,185.359
2026-04-11 15:00:00,49.0773,2.34551,4.40181,44.6755,0.31634,0.424915,0.021388,150.528
2026-04-11 16:00:00,40.6883,2.45969,2.68974,37.9985,0.215327,0.389011,0.01865,118.756
2026-04-11 17:00:00,25.9958,2.56015,2.49397,23.5019,0.20428,0.263889,0.013571,82.227
2026-04-11 18:00:00,19.3838,2.43392,1.70065,17.6831,0.157776,0.210238,0.010921,68.013
2026-04-11 19:00:00,20.5143,2.66073,1.85268,18.6616,0.154342,0.219933,0.011056,72.667
2026-04-11 20:00:00,15.6347,2.61363,2.19649,13.4382,0.170629,0.183611,0.010716,72.675
2026-04-11 21:00:00,14.9601,2.72298,1.74039,13.2197,0.134224,0.169931,0.009184,60.733
2026-04-11 22:00:00,11.5804,2.31145,0.828109,10.7523,0.084321,0.127706,0.007081,41.004
2026-04-11 23:00:00,7.42553,1.61988,0.933904,6.49162,0.079447,0.073385,0.005573,25.703
2026-04-12 00:00:00,2.43764,0.504896,0.132913,2.30472,0.035838,0.069555,0.004313,9.908
2026-04-12 01:00:00,2.40276,0.572904,0.141108,2.26165,0.03156,0.027376,0.003517,7.626
2026-04-12 02:00:00,2.96284,0.86582,0.119814,2.84302,0.027267,0.03026,0.003255,7.422
2026-04-12 03:00:00,3.96113,1.20987,0.164095,3.79703,0.027536,0.033916,0.003608,9.613
2026-04-12 04:00:00,2.37354,0.73032,0.123354,2.25019,0.025388,0.026929,0.003258,8.03
2026-04-12 05:00:00,4.41843,1.3003,0.276978,4.14145,0.038145,0.052179,0.004244,13.64
2026-04-12 06:00:00,7.38258,1.55554,0.404162,6.97842,0.055897,0.078644,0.005253,21.341
2026-04-12 07:00:00,22.6247,1.97976,1.61057,21.0141,0.14607,0.220952,0.010796,63.196
2026-04-12 08:00:00,46.6322,2.09545,3.34703,43.2852,0.275035,0.414455,0.020593,145.87
2026-04-12 09:00:00,69.684,2.56135,4.21992,65.4641,0.334965,0.551521,0.027727,219.845
2026-04-12 10:00:00,89.0729,3.08981,6.27735,82.7956,0.44853,0.613999,0.031154,254.02
2026-04-12 11:00:00,62.9556,2.76363,4.52373,58.4318,0.335631,0.492668,0.026289,189.965
2026-04-12 12:00:00,34.3509,2.58472,3.09043,31.2604,0.238717,0.328669,0.016059,115.427
2026-04-12 13:00:00,44.9146,2.3792,4.29005,40.6245,0.298465,0.406043,0.020629,146.618
2026-04-12 14:00:00,57.581,2.5033,4.92449,52.6565,0.352898,0.496306,0.023573,174.946
2026-04-12 15:00:00,50.5572,2.45399,4.41023,46.147,0.308284,0.435008,0.021951,156.686
2026-04-12 16:00:00,38.2413,2.35737,2.75007,35.4913,0.235223,0.36147,0.019525,124.136
2026-04-12 17:00:00,24.2186,2.18147,2.21333,22.0053,0.185095,0.243703,0.012683,76.677
2026-04-12 18:00:00,13.2607,1.58773,1.32977,11.9309,0.130315,0.171076,0.011287,54.099
2026-04-12 19:00:00,11.9498,1.66896,1.20324,10.7465,0.171028,0.173291,0.012103,51.283
2026-04-12 20:00:00,14.6183,2.45026,1.503,13.1153,0.139858,0.18956,0.011946,62.365
2026-04-12 21:00:00,10.655,1.88851,1.07408,9.58088,0.105489,0.139393,0.008798,46.866
2026-04-12 22:00:00,7.82979,1.67661,0.551057,7.27873,0.072862,0.092773,0.007173,27.421
2026-04-12 23:00:00,5.39375,1.44141,0.316355,5.0774,0.05406,0.06015,0.005234,20.123
2026-04-13 00:00:00,2.34456,0.645173,0.1879,2.15666,0.040975,0.03493,0.004145,12.891
2026-04-13 01:00:00,3.14914,0.872337,0.16349,2.98565,0.035537,0.030008,0.003745,11.219
2026-04-13 02:00:00,1.34723,0.37993,0.085817,1.26141,0.027994,0.015339,0.003221,8.322
2026-04-13 03:00:00,1.70482,0.499654,0.124908,1.57991,0.029149,0.017456,0.003387,9.326
2026-04-13 04:00:00,1.88984,0.519188,0.104316,1.78553,0.029197,0.0238,0.003691,9.77
2026-04-13 05:00:00,2.83136,0.767307,0.144809,2.68656,0.038393,0.038514,0.004315,11.631
2026-04-13 06:00:00,9.40423,1.69446,0.575508,8.82872,0.084301,0.118679,0.007564,30.06
2026-04-13 07:00:00,19.8598,1.44183,1.44428,18.4155,0.145821,0.209954,0.011916,68.008
2026-04-13 08:00:00,35.3827,1.3657,3.48119,31.9015,0.290548,0.33616,0.018543,124.664
2026-04-13 09:00:00,52.022,1.74453,4.18665,47.8353,0.343022,0.476244,0.024077,183.981
2026-04-13 10:00:00,65.835,2.07054,4.94539,60.8896,0.35782,0.531517,0.025913,231.527
2026-04-13 11:00:00,55.9367,1.96352,4.46031,51.4764,0.351533,0.475992,0.022988,195.262
2026-04-13 12:00:00,48.9789,2.31622,3.72273,45.2562,0.282845,0.430334,0.020685,151.079
2026-04-13 13:00:00,49.0922,1.90901,4.43314,44.6591,0.338086,0.428049,0.021452,163.139
2026-04-13 14:00:00,55.0454,1.89094,4.01052,51.0349,0.310083,0.473691,0.023647,185.088
2026-04-13 15:00:00,58.5494,2.195,5.09491,53.4545,0.362462,0.49948,0.024632,195.411
2026-04-13 16:00:00,40.1442,1.60474,3.55658,36.5876,0.271798,0.381748,0.020375,150.654
2026-04-13 17:00:00,32.7779,1.73483,2.80192,29.976,0.235735,0.30978,0.017339,110.693
2026-04-13 18:00:00,23.1933,1.77373,2.59704,20.5962,0.241695,0.243124,0.015899,85.619
2026-04-13 19:00:00,19.8891,1.82737,3.14409,16.745,0.239123,0.224245,0.014904,82.772
2026-04-13 20:00:00,21.549,2.33164,2.67042,18.8786,0.217134,0.241678,0.015518,92.901
2026-04-13 21:00:00,18.5598,2.2902,2.01898,16.5408,0.16861,0.222794,0.013209,66.657
2026-04-13 22:00:00,12.1697,1.71598,1.18243,10.9873,0.110307,0.137453,0.00768,43.866
2026-04-13 23:00:00,4.99706,0.80081,0.329516,4.66754,0.050088,0.060255,0.004984,19.229
2026-04-14 00:00:00,1.82465,0.402971,0.094617,1.73004,0.02521,0.020903,0.003432,6.562
2026-04-14 01:00:00,1.2251,0.282412,0.092047,1.13306,0.017279,0.012026,0.002899,5.458
2026-04-14 02:00:00,1.09271,0.283672,0.09685,0.995855,0.013096,0.01586,0.003281,7.46
2026-04-14 03:00:00,1.42172,0.372959,0.100302,1.32142,0.014639,0.019945,0.003578,7.96
2026-04-14 04:00:00,1.5404,0.378663,0.143913,1.39649,0.023663,0.024012,0.003812,10.23
2026-04-14 05:00:00,4.42347,1.03984,0.330575,4.0929,0.035823,0.045056,0.004466,15.42
2026-04-14 06:00:00,11.4126,1.53354,0.832677,10.5799,0.08387,0.116147,0.006654,33.859
2026-04-14 07:00:00,25.461,1.71293,1.92185,23.5392,0.167884,0.252325,0.013151,77.055
2026-04-14 08:00:00,41.8433,1.56858,3.16722,38.6761,0.271144,0.384643,0.019858,142.023
2026-04-14 09:00:00,62.1594,2.12787,4.37789,57.7815,0.357186,0.525118,0.024987,206.978
2026-04-14 10:00:00,63.9,2.04808,4.38337,59.5166,0.355209,0.528905,0.025053,228.873
2026-04-14 11:00:00,50.8003,1.89285,4.63572,46.1646,0.350848,0.456029,0.02312,178.571
2026-04-14 12:00:00,47.2329,2.34313,3.7796,43.4533,0.289078,0.421903,0.021074,157.391
2026-04-14 13:00:00,40.9865,1.78544,2.9672,38.0193,0.251371,0.38362,0.019716,151.082
2026-04-14 14:00:00,48.7845,1.92504,3.92798,44.8565,0.303461,0.487681,0.021936,161.273
2026-04-14 15:00:00,50.2226,2.07035,4.83452,45.3881,0.355736,0.451339,0.023075,170.088
2026-04-14 16:00:00,41.2814,1.73846,3.59534,37.686,0.275094,0.398329,0.020445,143.053
2026-04-14 17:00:00,34.2737,2.0883,2.6038,31.67,0.2119,0.3328,0.0182,118.958
2026-04-14 18:00:00,33.24,2.4962,2.9744,30.2656,0.2283,0.3162,0.0172,102.38
2026-04-14 19:00:00,32.054,2.5639,5.4657,26.5883,0.3463,0.2887,0.0172,108.612
2026-04-14 20:00:00,27.5294,2.5182,3.5453,23.9841,0.2613,0.288,0.0172,106.672
2026-04-14 21:00:00,24.1778,2.5461,2.209,21.9688,0.1856,0.2761,0.0162,93.399
2026-04-14 22:00:00,20.152,2.3131,1.356,18.796,0.1493,0.2404,0.0124,72.173
2026-04-14 23:00:00,10.6329,1.4674,0.6377,9.9952,0.0801,0.1278,0.0073,43.163
2026-04-15 00:00:00,7.1775,1.2252,0.3331,6.8443,0.0533,0.09,0.0072,27.215
2026-04-15 01:00:00,6.4929,1.1419,0.2667,6.2262,0.0447,0.0614,0.0093,16.75
2026-04-15 02:00:00,4.9411,0.9198,0.1714,4.7697,0.041,0.0575,0.0086,15.928
2026-04-15 03:00:00,2.4599,0.454,0.122,2.338,0.0315,0.0355,0.0076,13.799
2026-04-15 04:00:00,3.5415,0.6451,0.1772,3.3644,0.0393,0.0377,0.0082,15.831
2026-04-15 05:00:00,8.0993,1.415,0.6289,7.4704,0.0625,0.0936,0.0115,30.061
2026-04-15 06:00:00,16.9238,2.0664,0.9718,15.952,0.1054,0.1807,0.0199,56.999
2026-04-15 07:00:00,28.5802,1.7418,2.2402,26.34,0.1815,0.2712,0.0298,90.334
2026-04-15 08:00:00,50.4366,1.7061,3.5522,46.8843,0.2791,0.4141,0.0428,167.706
2026-04-15 09:00:00,77.1009,2.1996,5.155,71.9459,0.3792,0.5793,0.0287,254.367
2026-04-15 10:00:00,72.6464,2.0971,5.4202,67.2262,0.4079,0.5735,0.0286,268.65
2026-04-15 11:00:00,56.573,1.993,3.9547,52.6182,0.314,0.4642,0.0223,200.8
2026-04-15 12:00:00,43.728,2.1283,3.8268,39.9012,0.2924,0.3956,0.0195,151.245
2026-04-15 13:00:00,43.4404,1.703,4.4475,38.9929,0.295,0.4116,0.0204,158.449
2026-04-15 14:00:00,54.7906,1.8984,6.5785,48.2121,0.3927,0.4637,0.0236,180.356
2026-04-15 15:00:00,51.3915,1.8858,4.5558,46.8357,0.3341,0.4631,0.0229,178.732
2026-04-15 16:00:00,49.4571,2.1642,3.6655,45.7917,0.294,0.4294,0.0214,170.155
2026-04-15 17:00:00,41.7059,2.6181,2.7693,38.9367,0.2286,0.3689,0.0176,119.448
2026-04-15 18:00:00,31.0913,2.2711,3.3878,27.7035,0.2385,0.3061,0.0162,97.98
2026-04-15 19:00:00,34.2353,3.3863,5.5349,28.7004,0.3432,0.3237,0.018,118.213
2026-04-15 20:00:00,29.731,3.2536,3.3245,26.4065,0.2331,0.2981,0.0164,103.961
2026-04-15 21:00:00,29.4994,3.5593,3.1041,26.3953,0.218,0.3045,0.0154,97.677
2026-04-15 22:00:00,19.2702,2.6254,1.6675,17.6027,0.1481,0.2209,0.0102,56.532
2026-04-15 23:00:00,11.2809,1.6787,0.4548,10.8261,0.0692,0.1582,0.0071,31.973
2026-04-16 00:00:00,6.1464,1.0667,0.1999,5.9465,0.0468,0.0797,0.0051,20.251
2026-04-16 01:00:00,5.7304,1.0329,0.1407,5.5896,0.0388,0.0732,0.0044,14.106
2026-04-16 02:00:00,3.2142,0.6212,0.1324,3.0818,0.0314,0.0351,0.0036,9.054
2026-04-16 03:00:00,3.7287,0.698,0.2034,3.5253,0.0425,0.0442,0.0045,12.392
2026-04-16 04:00:00,3.84,0.7477,0.1661,3.6738,0.0382,0.0413,0.0041,10.209
2026-04-16 05:00:00,7.0077,1.0764,0.369,6.6386,0.0594,0.0754,0.0052,19.938
2026-04-16 06:00:00,15.23,1.9919,0.9396,14.2904,0.0888,0.1563,0.0077,42.366
2026-04-16 07:00:00,29.7236,1.9269,2.2003,27.5234,0.1929,0.272,0.0137,87.046
2026-04-16 08:00:00,45.5726,1.6694,4.902,40.6706,0.3389,0.3965,0.02,146.423
2026-04-16 09:00:00,59.4426,1.7593,3.7071,55.7355,0.2978,0.4877,0.0228,203.063
2026-04-16 10:00:00,78.7303,2.1868,5.3264,73.4039,0.4041,0.593,0.0272,259.789
2026-04-16 11:00:00,68.9866,2.3103,5.4408,63.5458,0.3745,0.5311,0.0242,216.036
2026-04-16 12:00:00,52.0202,2.3376,3.6609,48.3593,0.3224,0.4575,0.0214,158.097
2026-04-16 13:00:00,59.7673,2.2593,4.2328,55.5345,0.3167,0.5068,0.0243,187.627
2026-04-16 14:00:00,69.1246,2.3673,5.4159,63.7087,0.3678,0.5389,0.0264,212.924
2026-04-16 15:00:00,63.0835,2.3437,6.7174,56.3662,0.4182,0.4864,0.0232,186.85
2026-04-16 16:00:00,49.2706,2.0569,4.9519,44.3187,0.3455,0.4207,0.0217,159.346
2026-04-16 17:00:00,33.1881,1.8495,2.6634,30.5247,0.2149,0.3123,0.0176,113.111
2026-04-16 18:00:00,29.5489,2.7652,2.7637,26.7852,0.2183,0.304,0.0156,98.525
2026-04-16 19:00:00,26.4235,2.5146,2.6914,23.732,0.2233,0.2768,0.0161,94.414
2026-04-16 20:00:00,28.8219,3.2319,3.8509,24.971,0.2512,0.3064,0.0172,108.057
2026-04-16 21:00:00,20.5648,2.3985,2.2183,18.3464,0.1809,0.2281,0.0142,76.644
2026-04-16 22:00:00,17.2621,2.3764,1.4642,15.7979,0.1311,0.2135,0.0107,58.389
2026-04-16 23:00:00,12.783,1.9415,0.6034,12.1796,0.0803,0.148,0.0068,36.473
2026-04-17 00:00:00,6.1036,1.2232,0.2625,5.8411,0.0486,0.0651,0.005,16.802
2026-04-17 01:00:00,3.4716,0.7091,0.1756,3.2961,0.0418,0.0576,0.0045,14.455
2026-04-17 02:00:00,5.5557,1.2363,0.2006,5.3551,0.046,0.0566,0.0044,16.34
2026-04-17 03:00:00,5.8802,1.2733,0.1922,5.6881,0.0462,0.0524,0.0043,15.622
2026-04-17 04:00:00,6.7066,1.3637,0.1629,6.5437,0.0468,0.0597,0.0045,15.209
2026-04-17 05:00:00,7.2217,1.3178,0.3197,6.902,0.0522,0.0665,0.0048,18.805
2026-04-17 06:00:00,16.4481,2.2043,0.7528,15.6953,0.0853,0.1608,0.0071,39.062
2026-04-17 07:00:00,29.8089,1.9718,2.1141,27.6949,0.1794,0.2774,0.0135,80.414
2026-04-17 08:00:00,44.3905,1.6815,3.1962,41.1943,0.2667,0.3969,0.0203,146.385
2026-04-17 09:00:00,63.0759,2.0574,4.392,58.6839,0.3392,0.5128,0.0254,214.335
2026-04-17 10:00:00,68.7538,2.1455,4.5999,64.1539,0.351,0.5434,0.0253,231.016
2026-04-17 11:00:00,59.6732,2.2366,4.6634,55.0098,0.3453,0.4856,0.0242,189.827
2026-04-17 12:00:00,43.4308,2.3552,4.141,39.2897,0.3294,0.3882,0.0192,143.81
2026-04-17 13:00:00,46.1391,2.1998,3.9624,42.1766,0.2991,0.413,0.0215,161.498
2026-04-17 14:00:00,55.3311,2.1733,5.1889,50.1422,0.3964,0.4712,0.0229,179.963
2026-04-17 15:00:00,54.0955,2.3227,5.2309,48.8646,0.3692,0.4498,0.0227,167.511
2026-04-17 16:00:00,46.5331,2.2161,5.3032,41.2299,0.3581,0.4059,0.0211,157.347
2026-04-17 17:00:00,24.9771,1.5429,2.2531,22.7241,0.1942,0.2668,0.0166,102.25
2026-04-17 18:00:00,21.52,1.9479,2.3151,19.2048,0.2288,0.233,0.0148,85.273
2026-04-17 19:00:00,17.6396,2.1428,1.8063,15.8333,0.1692,0.2125,0.0129,75.422
2026-04-17 20:00:00,17.2528,2.5921,2.1401,15.1127,0.1787,0.215,0.0126,73.88
2026-04-17 21:00:00,14.779,2.5516,2.2054,12.5736,0.1499,0.1678,0.0099,57.102
2026-04-17 22:00:00,11.7342,2.2199,1.26,10.4742,0.1113,0.1318,0.0081,43.441
2026-04-17 23:00:00,6.6906,1.4217,0.7503,5.9403,0.0715,0.079,0.0059,25.948
2026-04-18 00:00:00,5.2979,1.4539,0.4373,4.8606,0.0551,0.0685,0.0051,20.634
2026-04-18 01:00:00,1.8969,0.5683,0.1371,1.7598,0.0379,0.0331,0.004,12.616
2026-04-18 02:00:00,0.7886,0.221,0.0494,0.7391,0.0181,0.0137,0.0028,5.268
2026-04-18 03:00:00,0.8357,0.2499,0.0531,0.7826,0.0197,0.0101,0.0028,5.872
2026-04-18 04:00:00,1.8068,0.5893,0.077,1.7298,0.0232,0.0196,0.0031,7.442
2026-04-18 05:00:00,3.5602,0.8629,0.17,3.3902,0.0368,0.0418,0.0038,12.35
2026-04-18 06:00:00,10.9697,2.1535,0.5338,10.4359,0.0689,0.1335,0.0064,34.089
2026-04-18 07:00:00,20.461,1.7062,1.1469,19.3141,0.1319,0.2275,0.0111,69.718
2026-04-18 08:00:00,47.0367,2.065,3.055,43.9818,0.2593,0.4168,0.0203,149.316
2026-04-18 09:00:00,65.1374,2.2839,4.6291,60.5082,0.3476,0.5377,0.0265,221.312
2026-04-18 10:00:00,80.3367,2.8938,5.306,75.0307,0.4073,0.6143,0.0309,252.662
2026-04-18 11:00:00,63.8205,2.7001,4.286,59.5345,0.3606,0.5354,0.0265,195.491
2026-04-18 12:00:00,35.086,2.2022,3.6219,31.4641,0.2541,0.337,0.0168,127.72
2026-04-18 13:00:00,48.6665,2.587,4.6084,44.0581,0.3095,0.4323,0.0216,164.46
2026-04-18 14:00:00,57.0092,2.4797,5.1938,51.8154,0.3623,0.4919,0.0252,185.359
2026-04-18 15:00:00,49.0773,2.3455,4.4018,44.6755,0.3163,0.4249,0.0214,150.528
2026-04-18 16:00:00,40.6883,2.4597,2.6897,37.9985,0.2153,0.389,0.0186,118.756
2026-04-18 17:00:00,25.9958,2.5602,2.494,23.5019,0.2043,0.2639,0.0136,82.227
2026-04-18 18:00:00,19.3838,2.4339,1.7007,17.6831,0.1578,0.2102,0.0109,68.013
2026-04-18 19:00:00,20.5143,2.6607,1.8527,18.6616,0.1543,0.2199,0.0111,72.667
2026-04-18 20:00:00,15.6347,2.6136,2.1965,13.4382,0.1706,0.1836,0.0107,72.675
2026-04-18 21:00:00,14.9601,2.723,1.7404,13.2197,0.1342,0.1699,0.0092,60.733
2026-04-18 22:00:00,11.5804,2.3115,0.8281,10.7523,0.0843,0.1277,0.0071,41.004
2026-04-18 23:00:00,7.4255,1.6199,0.9339,6.4916,0.0794,0.0734,0.0056,25.703
2026-04-19 00:00:00,2.4376,0.5049,0.1329,2.3047,0.0358,0.0696,0.0043,9.908
2026-04-19 01:00:00,2.4028,0.5729,0.1411,2.2617,0.0316,0.0274,0.0035,7.626
2026-04-19 02:00:00,2.9628,0.8658,0.1198,2.843,0.0273,0.0303,0.0033,7.422
2026-04-19 03:00:00,3.9611,1.2099,0.1641,3.797,0.0275,0.0339,0.0036,9.613
2026-04-19 04:00:00,2.3735,0.7303,0.1234,2.2502,0.0254,0.0269,0.0033,8.03
2026-04-19 05:00:00,4.4184,1.3003,0.277,4.1415,0.0381,0.0522,0.0042,13.64
2026-04-19 06:00:00,7.3826,1.5555,0.4042,6.9784,0.0559,0.0786,0.0053,21.341
2026-04-19 07:00:00,22.6247,1.9798,1.6106,21.0141,0.1461,0.221,0.0108,63.196
2026-04-19 08:00:00,46.6322,2.0955,3.347,43.2852,0.275,0.4145,0.0206,145.87
2026-04-19 09:00:00,69.684,2.5613,4.2199,65.4641,0.335,0.5515,0.0277,219.845
2026-04-19 10:00:00,89.0729,3.0898,6.2774,82.7956,0.4485,0.614,0.0312,254.02
2026-04-19 11:00:00,62.9556,2.7636,4.5237,58.4318,0.3356,0.4927,0.0263,189.965
2026-04-19 12:00:00,34.3509,2.5847,3.0904,31.2604,0.2387,0.3287,0.0161,115.427
2026-04-19 13:00:00,44.9146,2.3792,4.2901,40.6245,0.2985,0.406,0.0206,146.618
2026-04-19 14:00:00,57.581,2.5033,4.9245,52.6565,0.3529,0.4963,0.0236,174.946
2026-04-19 15:00:00,50.5572,2.454,4.4102,46.147,0.3083,0.435,0.022,156.686
2026-04-19 16:00:00,38.2413,2.3574,2.7501,35.4913,0.2352,0.3615,0.0195,124.136
2026-04-19 17:00:00,24.2186,2.1815,2.2133,22.0053,0.1851,0.2437,0.0127,76.677
2026-04-19 18:00:00,13.2607,1.5877,1.3298,11.9309,0.1303,0.1711,0.0113,54.099
2026-04-19 19:00:00,11.9498,1.669,1.2032,10.7465,0.171,0.1733,0.0121,51.283
2026-04-19 20:00:00,14.6183,2.4503,1.503,13.1153,0.1399,0.1896,0.0119,62.365
2026-04-19 21:00:00,10.655,1.8885,1.0741,9.5809,0.1055,0.1394,0.0088,46.866
2026-04-19 22:00:00,7.8298,1.6766,0.5511,7.2787,0.0729,0.0928,0.0072,27.421
2026-04-19 23:00:00,5.3938,1.4414,0.3164,5.0774,0.0541,0.0602,0.0052,20.123
2026-04-20 00:00:00,2.3446,0.6452,0.1879,2.1567,0.041,0.0349,0.0041,12.891
2026-04-20 01:00:00,3.1491,0.8723,0.1635,2.9856,0.0355,0.03,0.0037,11.219
2026-04-20 02:00:00,1.3472,0.3799,0.0858,1.2614,0.028,0.0153,0.0032,8.322
2026-04-20 03:00:00,1.7048,0.4997,0.1249,1.5799,0.0291,0.0175,0.0034,9.326
2026-04-20 04:00:00,1.8898,0.5192,0.1043,1.7855,0.0292,0.0238,0.0037,9.77
2026-04-20 05:00:00,2.8314,0.7673,0.1448,2.6866,0.0384,0.0385,0.0043,11.631
2026-04-20 06:00:00,9.4042,1.6945,0.5755,8.8287,0.0843,0.1187,0.0076,30.06
2026-04-20 07:00:00,19.8598,1.4418,1.4443,18.4155,0.1458,0.21,0.0119,68.008
2026-04-20 08:00:00,35.3827,1.3657,3.4812,31.9015,0.2905,0.3362,0.0185,124.664
2026-04-20 09:00:00,52.022,1.7445,4.1867,47.8353,0.343,0.4762,0.0241,183.981
2026-04-20 10:00:00,65.835,2.0705,4.9454,60.8896,0.3578,0.5315,0.0259,231.527
2026-04-20 11:00:00,55.9367,1.9635,4.4603,51.4764,0.3515,0.476,0.023,195.262
2026-04-20 12:00:00,48.9789,2.3162,3.7227,45.2562,0.2828,0.4303,0.0207,151.079
2026-04-20 13:00:00,49.0922,1.909,4.4331,44.6591,0.3381,0.428,0.0215,163.139
2026-04-20 14:00:00,55.0454,1.8909,4.0105,51.0349,0.3101,0.4737,0.0236,185.088
2026-04-20 15:00:00,58.5494,2.195,5.0949,53.4545,0.3625,0.4995,0.0246,195.411
2026-04-20 16:00:00,40.1442,1.6047,3.5566,36.5876,0.2718,0.3817,0.0204,150.654
2026-04-20 17:00:00,32.7779,1.7348,2.8019,29.976,0.2357,0.3098,0.0173,110.693
2026-04-20 18:00:00,23.1933,1.7737,2.597,20.5962,0.2417,0.2431,0.0159,85.619
2026-04-20 19:00:00,19.8891,1.8274,3.1441,16.745,0.2391,0.2242,0.0149,82.772
2026-04-20 20:00:00,21.549,2.3316,2.6704,18.8786,0.2171,0.2417,0.0155,92.901
2026-04-20 21:00:00,18.5598,2.2902,2.019,16.5408,0.1686,0.2228,0.0132,66.657
2026-04-20 22:00:00,12.1697,1.716,1.1824,10.9873,0.1103,0.1375,0.0077,43.866
2026-04-20 23:00:00,4.9971,0.8008,0.3295,4.6675,0.0501,0.0603,0.005,19.229
2026-04-21 00:00:00,1.8247,0.403,0.0946,1.73,0.0252,0.0209,0.0034,6.562
2026-04-21 01:00:00,1.2251,0.2824,0.092,1.1331,0.0173,0.012,0.0029,5.458
2026-04-21 02:00:00,1.0927,0.2837,0.0969,0.9959,0.0131,0.0159,0.0033,7.46
2026-04-21 03:00:00,1.4217,0.373,0.1003,1.3214,0.0146,0.0199,0.0036,7.96
2026-04-21 04:00:00,1.5404,0.3787,0.1439,1.3965,0.0237,0.024,0.0038,10.23
2026-04-21 05:00:00,4.4235,1.0398,0.3306,4.0929,0.0358,0.0451,0.0045,15.42
2026-04-21 06:00:00,11.4126,1.5335,0.8327,10.5799,0.0839,0.1161,0.0067,33.859
2026-04-21 07:00:00,25.461,1.7129,1.9218,23.5392,0.1679,0.2523,0.0132,77.055
2026-04-21 08:00:00,41.8433,1.5686,3.1672,38.6761,0.2711,0.3846,0.0199,142.023
2026-04-21 09:00:00,62.1594,2.1279,4.3779,57.7815,0.3572,0.5251,0.025,206.978
2026-04-21 10:00:00,63.9,2.0481,4.3834,59.5166,0.3552,0.5289,0.0251,228.873
2026-04-21 11:00:00,50.8003,1.8929,4.6357,46.1646,0.3508,0.456,0.0231,178.571
2026-04-21 12:00:00,47.2329,2.3431,3.7796,43.4533,0.2891,0.4219,0.0211,157.391
2026-04-21 13:00:00,40.9865,1.7854,2.9672,38.0193,0.2514,0.3836,0.0197,151.082
2026-04-21 14:00:00,48.7845,1.925,3.928,44.8565,0.3035,0.4877,0.0219,161.273
2026-04-21 15:00:00,50.2226,2.0704,4.8345,45.3881,0.3557,0.4513,0.0231,170.088
2026-04-21 16:00:00,41.2814,1.7385,3.5953,37.686,0.2751,0.3983,0.0204,143.053
2026-04-21 17:00:00,34.2737,2.0883,2.6038,31.67,0.2119,0.3328,0.0182,118.958
2026-04-21 18:00:00,33.24,2.4962,2.9744,30.2656,0.2283,0.3162,0.0172,102.38
2026-04-21 19:00:00,32.054,2.5639,5.4657,26.5883,0.3463,0.2887,0.0172,108.612
2026-04-21 20:00:00,27.5294,2.5182,3.5453,23.9841,0.2613,0.288,0.0172,106.672
2026-04-21 21:00:00,24.1778,2.5461,2.209,21.9688,0.1856,0.2761,0.0162,93.399
2026-04-21 22:00:00,20.152,2.3131,1.356,18.796,0.1493,0.2404,0.0124,72.173
2026-04-21 23:00:00,10.6329,1.4674,0.6377,9.9952,0.0801,0.1278,0.0073,43.163
2026-04-22 00:00:00,7.1775,1.2252,0.3331,6.8443,0.0533,0.09,0.0072,27.215
2026-04-22 01:00:00,6.4929,1.1419,0.2667,6.2262,0.0447,0.0614,0.0093,16.75
2026-04-22 02:00:00,4.9411,0.9198,0.1714,4.7697,0.041,0.0575,0.0086,15.928
2026-04-22 03:00:00,2.4599,0.454,0.122,2.338,0.0315,0.0355,0.0076,13.799
2026-04-22 04:00:00,3.5415,0.6451,0.1772,3.3644,0.0393,0.0377,0.0082,15.831
2026-04-22 05:00:00,8.0993,1.415,0.6289,7.4704,0.0625,0.0936,0.0115,30.061
2026-04-22 06:00:00,16.9238,2.0664,0.9718,15.952,0.1054,0.1807,0.0199,56.999
2026-04-22 07:00:00,28.5802,1.7418,2.2402,26.34,0.1815,0.2712,0.0298,90.334
2026-04-22 08:00:00,50.4366,1.7061,3.5522,46.8843,0.2791,0.4141,0.0428,167.706
2026-04-22 09:00:00,77.1009,2.1996,5.155,71.9459,0.3792,0.5793,0.0287,254.367
2026-04-22 10:00:00,72.6464,2.0971,5.4202,67.2262,0.4079,0.5735,0.0286,268.65
2026-04-22 11:00:00,56.573,1.993,3.9547,52.6182,0.314,0.4642,0.0223,200.8
2026-04-22 12:00:00,43.728,2.1283,3.8268,39.9012,0.2924,0.3956,0.0195,151.245
2026-04-22 13:00:00,43.4404,1.703,4.4475,38.9929,0.295,0.4116,0.0204,158.449
2026-04-22 14:00:00,54.7906,1.8984,6.5785,48.2121,0.3927,0.4637,0.0236,180.356
2026-04-22 15:00:00,51.3915,1.8858,4.5558,46.8357,0.3341,0.4631,0.0229,178.732
2026-04-22 16:00:00,49.4571,2.1642,3.6655,45.7917,0.294,0.4294,0.0214,170.155
2026-04-22 17:00:00,41.7059,2.6181,2.7693,38.9367,0.2286,0.3689,0.0176,119.448
2026-04-22 18:00:00,31.0913,2.2711,3.3878,27.7035,0.2385,0.3061,0.0162,97.98
2026-04-22 19:00:00,34.2353,3.3863,5.5349,28.7004,0.3432,0.3237,0.018,118.213
2026-04-22 20:00:00,29.731,3.2536,3.3245,26.4065,0.2331,0.2981,0.0164,103.961
2026-04-22 21:00:00,29.4994,3.5593,3.1041,26.3953,0.218,0.3045,0.0154,97.677
2026-04-22 22:00:00,19.2702,2.6254,1.6675,17.6027,0.1481,0.2209,0.0102,56.532
2026-04-22 23:00:00,11.2809,1.6787,0.4548,10.8261,0.0692,0.1582,0.0071,31.973
2026-04-23 00:00:00,6.1464,1.0667,0.1999,5.9465,0.0468,0.0797,0.0051,20.251
2026-04-23 01:00:00,5.7304,1.0329,0.1407,5.5896,0.0388,0.0732,0.0044,14.106
2026-04-23 02:00:00,3.2142,0.6212,0.1324,3.0818,0.0314,0.0351,0.0036,9.054
2026-04-23 03:00:00,3.7287,0.698,0.2034,3.5253,0.0425,0.0442,0.0045,12.392
2026-04-23 04:00:00,3.84,0.7477,0.1661,3.6738,0.0382,0.0413,0.0041,10.209
2026-04-23 05:00:00,7.0077,1.0764,0.369,6.6386,0.0594,0.0754,0.0052,19.938
2026-04-23 06:00:00,15.23,1.9919,0.9396,14.2904,0.0888,0.1563,0.0077,42.366
2026-04-23 07:00:00,29.7236,1.9269,2.2003,27.5234,0.1929,0.272,0.0137,87.046
2026-04-23 08:00:00,45.5726,1.6694,4.902,40.6706,0.3389,0.3965,0.02,146.423
2026-04-23 09:00:00,59.4426,1.7593,3.7071,55.7355,0.2978,0.4877,0.0228,203.063
2026-04-23 10:00:00,78.7303,2.1868,5.3264,73.4039,0.4041,0.593,0.0272,259.789
2026-04-23 11:00:00,68.9866,2.3103,5.4408,63.5458,0.3745,0.5311,0.0242,216.036
2026-04-23 12:00:00,52.0202,2.3376,3.6609,48.3593,0.3224,0.4575,0.0214,158.097
2026-04-23 13:00:00,59.7673,2.2593,4.2328,55.5345,0.3167,0.5068,0.0243,187.627
2026-04-23 14:00:00,69.1246,2.3673,5.4159,63.7087,0.3678,0.5389,0.0264,212.924
2026-04-23 15:00:00,63.0835,2.3437,6.7174,56.3662,0.4182,0.4864,0.0232,186.85
2026-04-23 16:00:00,49.2706,2.0569,4.9519,44.3187,0.3455,0.4207,0.0217,159.346
2026-04-23 17:00:00,33.1881,1.8495,2.6634,30.5247,0.2149,0.3123,0.0176,113.111
2026-04-23 18:00:00,29.5489,2.7652,2.7637,26.7852,0.2183,0.304,0.0156,98.525
2026-04-23 19:00:00,26.4235,2.5146,2.6914,23.732,0.2233,0.2768,0.0161,94.414
2026-04-23 20:00:00,28.8219,3.2319,3.8509,24.971,0.2512,0.3064,0.0172,108.057
2026-04-23 21:00:00,20.5648,2.3985,2.2183,18.3464,0.1809,0.2281,0.0142,76.644
2026-04-23 22:00:00,17.2621,2.3764,1.4642,15.7979,0.1311,0.2135,0.0107,58.389
2026-04-23 23:00:00,12.783,1.9415,0.6034,12.1796,0.0803,0.148,0.0068,36.473
2026-04-24 00:00:00,6.1036,1.2232,0.2625,5.8411,0.0486,0.0651,0.005,16.802
2026-04-24 01:00:00,3.4716,0.7091,0.1756,3.2961,0.0418,0.0576,0.0045,14.455
2026-04-24 02:00:00,5.5557,1.2363,0.2006,5.3551,0.046,0.0566,0.0044,16.34
2026-04-24 03:00:00,5.8802,1.2733,0.1922,5.6881,0.0462,0.0524,0.0043,15.622
2026-04-24 04:00:00,6.7066,1.3637,0.1629,6.5437,0.0468,0.0597,0.0045,15.209
2026-04-24 05:00:00,7.2217,1.3178,0.3197,6.902,0.0522,0.0665,0.0048,18.805
2026-04-24 06:00:00,16.4481,2.2043,0.7528,15.6953,0.0853,0.1608,0.0071,39.062
2026-04-24 07:00:00,29.8089,1.9718,2.1141,27.6949,0.1794,0.2774,0.0135,80.414
2026-04-24 08:00:00,44.3905,1.6815,3.1962,41.1943,0.2667,0.3969,0.0203,146.385
2026-04-24 09:00:00,63.0759,2.0574,4.392,58.6839,0.3392,0.5128,0.0254,214.335
2026-04-24 10:00:00,68.7538,2.1455,4.5999,64.1539,0.351,0.5434,0.0253,231.016
2026-04-24 11:00:00,59.6732,2.2366,4.6634,55.0098,0.3453,0.4856,0.0242,189.827
2026-04-24 12:00:00,43.4308,2.3552,4.141,39.2897,0.3294,0.3882,0.0192,143.81
2026-04-24 13:00:00,46.1391,2.1998,3.9624,42.1766,0.2991,0.413,0.0215,161.498
2026-04-24 14:00:00,55.3311,2.1733,5.1889,50.1422,0.3964,0.4712,0.0229,179.963
2026-04-24 15:00:00,54.0955,2.3227,5.2309,48.8646,0.3692,0.4498,0.0227,167.511
2026-04-24 16:00:00,46.5331,2.2161,5.3032,41.2299,0.3581,0.4059,0.0211,157.347
2026-04-24 17:00:00,24.9771,1.5429,2.2531,22.7241,0.1942,0.2668,0.0166,102.25
2026-04-24 18:00:00,21.52,1.9479,2.3151,19.2048,0.2288,0.233,0.0148,85.273
2026-04-24 19:00:00,17.6396,2.1428,1.8063,15.8333,0.1692,0.2125,0.0129,75.422
2026-04-24 20:00:00,17.2528,2.5921,2.1401,15.1127,0.1787,0.215,0.0126,73.88
2026-04-24 21:00:00,14.779,2.5516,2.2054,12.5736,0.1499,0.1678,0.0099,57.102
2026-04-24 22:00:00,11.7342,2.2199,1.26,10.4742,0.1113,0.1318,0.0081,43.441
2026-04-24 23:00:00,6.6906,1.4217,0.7503,5.9403,0.0715,0.079,0.0059,25.948
2026-04-25 00:00:00,5.2979,1.4539,0.4373,4.8606,0.0551,0.0685,0.0051,20.634
2026-04-25 01:00:00,1.8969,0.5683,0.1371,1.7598,0.0379,0.0331,0.004,12.616
2026-04-25 02:00:00,0.7886,0.221,0.0494,0.7391,0.0181,0.0137,0.0028,5.268
2026-04-25 03:00:00,0.8357,0.2499,0.0531,0.7826,0.0197,0.0101,0.0028,5.872
2026-04-25 04:00:00,1.8068,0.5893,0.077,1.7298,0.0232,0.0196,0.0031,7.442
2026-04-25 05:00:00,3.5602,0.8629,0.17,3.3902,0.0368,0.0418,0.0038,12.35
2026-04-25 06:00:00,10.9697,2.1535,0.5338,10.4359,0.0689,0.1335,0.0064,34.089
2026-04-25 07:00:00,20.461,1.7062,1.1469,19.3141,0.1319,0.2275,0.0111,69.718
2026-04-25 08:00:00,47.0367,2.065,3.055,43.9818,0.2593,0.4168,0.0203,149.316
2026-04-25 09:00:00,65.1374,2.2839,4.6291,60.5082,0.3476,0.5377,0.0265,221.312
2026-04-25 10:00:00,80.3367,2.8938,5.306,75.0307,0.4073,0.6143,0.0309,252.662
2026-04-25 11:00:00,63.8205,2.7001,4.286,59.5345,0.3606,0.5354,0.0265,195.491
2026-04-25 12:00:00,35.086,2.2022,3.6219,31.4641,0.2541,0.337,0.0168,127.72
2026-04-25 13:00:00,48.6665,2.587,4.6084,44.0581,0.3095,0.4323,0.0216,164.46
2026-04-25 14:00:00,57.0092,2.4797,5.1938,51.8154,0.3623,0.4919,0.0252,185.359
2026-04-25 15:00:00,49.0773,2.3455,4.4018,44.6755,0.3163,0.4249,0.0214,150.528
2026-04-25 16:00:00,40.6883,2.4597,2.6897,37.9985,0.2153,0.389,0.0186,118.756
2026-04-25 17:00:00,25.9958,2.5602,2.494,23.5019,0.2043,0.2639,0.0136,82.227
2026-04-25 18:00:00,19.3838,2.4339,1.7007,17.6831,0.1578,0.2102,0.0109,68.013
2026-04-25 19:00:00,20.5143,2.6607,1.8527,18.6616,0.1543,0.2199,0.0111,72.667
2026-04-25 20:00:00,15.6347,2.6136,2.1965,13.4382,0.1706,0.1836,0.0107,72.675
2026-04-25 21:00:00,14.9601,2.723,1.7404,13.2197,0.1342,0.1699,0.0092,60.733
2026-04-25 22:00:00,11.5804,2.3115,0.8281,10.7523,0.0843,0.1277,0.0071,41.004
2026-04-25 23:00:00,7.4255,1.6199,0.9339,6.4916,0.0794,0.0734,0.0056,25.703
2026-04-26 00:00:00,2.4376,0.5049,0.1329,2.3047,0.0358,0.0696,0.0043,9.908
2026-04-26 01:00:00,2.4028,0.5729,0.1411,2.2617,0.0316,0.0274,0.0035,7.626
2026-04-26 02:00:00,2.9628,0.8658,0.1198,2.843,0.0273,0.0303,0.0033,7.422
2026-04-26 03:00:00,3.9611,1.2099,0.1641,3.797,0.0275,0.0339,0.0036,9.613
2026-04-26 04:00:00,2.3735,0.7303,0.1234,2.2502,0.0254,0.0269,0.0033,8.03
2026-04-26 05:00:00,4.4184,1.3003,0.277,4.1415,0.0381,0.0522,0.0042,13.64
2026-04-26 06:00:00,7.3826,1.5555,0.4042,6.9784,0.0559,0.0786,0.0053,21.341
2026-04-26 07:00:00,22.6247,1.9798,1.6106,21.0141,0.1461,0.221,0.0108,63.196
2026-04-26 08:00:00,46.6322,2.0955,3.347,43.2852,0.275,0.4145,0.0206,145.87
2026-04-26 09:00:00,69.684,2.5613,4.2199,65.4641,0.335,0.5515,0.0277,219.845
2026-04-26 10:00:00,89.0729,3.0898,6.2774,82.7956,0.4485,0.614,0.0312,254.02
2026-04-26 11:00:00,62.9556,2.7636,4.5237,58.4318,0.3356,0.4927,0.0263,189.965
2026-04-26 12:00:00,34.3509,2.5847,3.0904,31.2604,0.2387,0.3287,0.0161,115.427
2026-04-26 13:00:00,44.9146,2.3792,4.2901,40.6245,0.2985,0.406,0.0206,146.618
2026-04-26 14:00:00,57.581,2.5033,4.9245,52.6565,0.3529,0.4963,0.0236,174.946
2026-04-26 15:00:00,50.5572,2.454,4.4102,46.147,0.3083,0.435,0.022,156.686
2026-04-26 16:00:00,38.2413,2.3574,2.7501,35.4913,0.2352,0.3615,0.0195,124.136
2026-04-26 17:00:00,24.2186,2.1815,2.2133,22.0053,0.1851,0.2437,0.0127,76.677
2026-04-26 18:00:00,13.2607,1.5877,1.3298,11.9309,0.1303,0.1711,0.0113,54.099
2026-04-26 19:00:00,11.9498,1.669,1.2032,10.7465,0.171,0.1733,0.0121,51.283
2026-04-26 20:00:00,14.6183,2.4503,1.503,13.1153,0.1399,0.1896,0.0119,62.365
2026-04-26 21:00:00,10.655,1.8885,1.0741,9.5809,0.1055,0.1394,0.0088,46.866
2026-04-26 22:00:00,7.8298,1.6766,0.5511,7.2787,0.0729,0.0928,0.0072,27.421
2026-04-26 23:00:00,5.3938,1.4414,0.3164,5.0774,0.0541,0.0602,0.0052,20.123
2026-04-27 00:00:00,2.3446,0.6452,0.1879,2.1567,0.041,0.0349,0.0041,12.891
2026-04-27 01:00:00,3.1491,0.8723,0.1635,2.9856,0.0355,0.03,0.0037,11.219
2026-04-27 02:00:00,1.3472,0.3799,0.0858,1.2614,0.028,0.0153,0.0032,8.322
2026-04-27 03:00:00,1.7048,0.4997,0.1249,1.5799,0.0291,0.0175,0.0034,9.326
2026-04-27 04:00:00,1.8898,0.5192,0.1043,1.7855,0.0292,0.0238,0.0037,9.77
2026-04-27 05:00:00,2.8314,0.7673,0.1448,2.6866,0.0384,0.0385,0.0043,11.631
2026-04-27 06:00:00,9.4042,1.6945,0.5755,8.8287,0.0843,0.1187,0.0076,30.06
2026-04-27 07:00:00,19.8598,1.4418,1.4443,18.4155,0.1458,0.21,0.0119,68.008
2026-04-27 08:00:00,35.3827,1.3657,3.4812,31.9015,0.2905,0.3362,0.0185,124.664
2026-04-27 09:00:00,52.022,1.7445,4.1867,47.8353,0.343,0.4762,0.0241,183.981
2026-04-27 10:00:00,65.835,2.0705,4.9454,60.8896,0.3578,0.5315,0.0259,231.527
2026-04-27 11:00:00,55.9367,1.9635,4.4603,51.4764,0.3515,0.476,0.023,195.262
2026-04-27 12:00:00,48.9789,2.3162,3.7227,45.2562,0.2828,0.4303,0.0207,151.079
2026-04-27 13:00:00,49.0922,1.909,4.4331,44.6591,0.3381,0.428,0.0215,163.139
2026-04-27 14:00:00,55.0454,1.8909,4.0105,51.0349,0.3101,0.4737,0.0236,185.088
2026-04-27 15:00:00,58.5494,2.195,5.0949,53.4545,0.3625,0.4995,0.0246,195.411
2026-04-27 16:00:00,40.1442,1.6047,3.5566,36.5876,0.2718,0.3817,0.0204,150.654
2026-04-27 17:00:00,32.7779,1.7348,2.8019,29.976,0.2357,0.3098,0.0173,110.693
2026-04-27 18:00:00,23.1933,1.7737,2.597,20.5962,0.2417,0.2431,0.0159,85.619
2026-04-27 19:00:00,19.8891,1.8274,3.1441,16.745,0.2391,0.2242,0.0149,82.772
2026-04-27 20:00:00,21.549,2.3316,2.6704,18.8786,0.2171,0.2417,0.0155,92.901
2026-04-27 21:00:00,18.5598,2.2902,2.019,16.5408,0.1686,0.2228,0.0132,66.657
2026-04-27 22:00:00,12.1697,1.716,1.1824,10.9873,0.1103,0.1375,0.0077,43.866
2026-04-27 23:00:00,4.9971,0.8008,0.3295,4.6675,0.0501,0.0603,0.005,19.229
2026-04-28 00:00:00,1.8247,0.403,0.0946,1.73,0.0252,0.0209,0.0034,6.562
2026-04-28 01:00:00,1.2251,0.2824,0.092,1.1331,0.0173,0.012,0.0029,5.458
2026-04-28 02:00:00,1.0927,0.2837,0.0969,0.9959,0.0131,0.0159,0.0033,7.46
2026-04-28 03:00:00,1.4217,0.373,0.1003,1.3214,0.0146,0.0199,0.0036,7.96
2026-04-28 04:00:00,1.5404,0.3787,0.1439,1.3965,0.0237,0.024,0.0038,10.23
2026-04-28 05:00:00,4.4235,1.0398,0.3306,4.0929,0.0358,0.0451,0.0045,15.42
2026-04-28 06:00:00,11.4126,1.5335,0.8327,10.5799,0.0839,0.1161,0.0067,33.859
2026-04-28 07:00:00,25.461,1.7129,1.9218,23.5392,0.1679,0.2523,0.0132,77.055
2026-04-28 08:00:00,41.8433,1.5686,3.1672,38.6761,0.2711,0.3846,0.0199,142.023
2026-04-28 09:00:00,62.1594,2.1279,4.3779,57.7815,0.3572,0.5251,0.025,206.978
2026-04-28 10:00:00,63.9,2.0481,4.3834,59.5166,0.3552,0.5289,0.0251,228.873
2026-04-28 11:00:00,50.8003,1.8929,4.6357,46.1646,0.3508,0.456,0.0231,178.571
2026-04-28 12:00:00,47.2329,2.3431,3.7796,43.4533,0.2891,0.4219,0.0211,157.391
2026-04-28 13:00:00,40.9865,1.7854,2.9672,38.0193,0.2514,0.3836,0.0197,151.082
2026-04-28 14:00:00,48.7845,1.925,3.928,44.8565,0.3035,0.4877,0.0219,161.273
2026-04-28 15:00:00,50.2226,2.0704,4.8345,45.3881,0.3557,0.4513,0.0231,170.088
2026-04-28 16:00:00,41.2814,1.7385,3.5953,37.686,0.2751,0.3983,0.0204,143.053
2026-04-28 17:00:00,34.2737,2.0883,2.6038,31.67,0.2119,0.3328,0.0182,118.958
2026-04-28 18:00:00,33.24,2.4962,2.9744,30.2656,0.2283,0.3162,0.0172,102.38
2026-04-28 19:00:00,32.054,2.5639,5.4657,26.5883,0.3463,0.2887,0.0172,108.612
2026-04-28 20:00:00,27.5294,2.5182,3.5453,23.9841,0.2613,0.288,0.0172,106.672
2026-04-28 21:00:00,24.1778,2.5461,2.209,21.9688,0.1856,0.2761,0.0162,93.399
2026-04-28 22:00:00,20.152,2.3131,1.356,18.796,0.1493,0.2404,0.0124,72.173
2026-04-28 23:00:00,10.6329,1.4674,0.6377,9.9952,0.0801,0.1278,0.0073,43.163
2026-04-29 00:00:00,7.1775,1.2252,0.3331,6.8443,0.0533,0.09,0.0072,27.215
2026-04-29 01:00:00,6.4929,1.1419,0.2667,6.2262,0.0447,0.0614,0.0093,16.75
2026-04-29 02:00:00,4.9411,0.9198,0.1714,4.7697,0.041,0.0575,0.0086,15.928
2026-04-29 03:00:00,2.4599,0.454,0.122,2.338,0.0315,0.0355,0.0076,13.799
2026-04-29 04:00:00,3.5415,0.6451,0.1772,3.3644,0.0393,0.0377,0.0082,15.831
2026-04-29 05:00:00,8.0993,1.415,0.6289,7.4704,0.0625,0.0936,0.0115,30.061
2026-04-29 06:00:00,16.9238,2.0664,0.9718,15.952,0.1054,0.1807,0.0199,56.999
2026-04-29 07:00:00,28.5802,1.7418,2.2402,26.34,0.1815,0.2712,0.0298,90.334
2026-04-29 08:00:00,50.4366,1.7061,3.5522,46.8843,0.2791,0.4141,0.0428,167.706
2026-04-29 09:00:00,77.1009,2.1996,5.155,71.9459,0.3792,0.5793,0.0287,254.367
2026-04-29 10:00:00,72.6464,2.0971,5.4202,67.2262,0.4079,0.5735,0.0286,268.65
2026-04-29 11:00:00,56.573,1.993,3.9547,52.6182,0.314,0.4642,0.0223,200.8
2026-04-29 12:00:00,43.728,2.1283,3.8268,39.9012,0.2924,0.3956,0.0195,151.245
2026-04-29 13:00:00,43.4404,1.703,4.4475,38.9929,0.295,0.4116,0.0204,158.449
2026-04-29 14:00:00,54.7906,1.8984,6.5785,48.2121,0.3927,0.4637,0.0236,180.356
2026-04-29 15:00:00,51.3915,1.8858,4.5558,46.8357,0.3341,0.4631,0.0229,178.732
2026-04-29 16:00:00,49.4571,2.1642,3.6655,45.7917,0.294,0.4294,0.0214,170.155
2026-04-29 17:00:00,41.7059,2.6181,2.7693,38.9367,0.2286,0.3689,0.0176,119.448
2026-04-29 18:00:00,31.0913,2.2711,3.3878,27.7035,0.2385,0.3061,0.0162,97.98
2026-04-29 19:00:00,34.2353,3.3863,5.5349,28.7004,0.3432,0.3237,0.018,118.213
2026-04-29 20:00:00,29.731,3.2536,3.3245,26.4065,0.2331,0.2981,0.0164,103.961
2026-04-29 21:00:00,29.4994,3.5593,3.1041,26.3953,0.218,0.3045,0.0154,97.677
2026-04-29 22:00:00,19.2702,2.6254,1.6675,17.6027,0.1481,0.2209,0.0102,56.532
2026-04-29 23:00:00,11.2809,1.6787,0.4548,10.8261,0.0692,0.1582,0.0071,31.973
2026-04-30 00:00:00,6.1464,1.0667,0.1999,5.9465,0.0468,0.0797,0.0051,20.251
2026-04-30 01:00:00,5.7304,1.0329,0.1407,5.5896,0.0388,0.0732,0.0044,14.106
2026-04-30 02:00:00,3.2142,0.6212,0.1324,3.0818,0.0314,0.0351,0.0036,9.054
2026-04-30 03:00:00,3.7287,0.698,0.2034,3.5253,0.0425,0.0442,0.0045,12.392
2026-04-30 04:00:00,3.84,0.7477,0.1661,3.6738,0.0382,0.0413,0.0041,10.209
2026-04-30 05:00:00,7.0077,1.0764,0.369,6.6386,0.0594,0.0754,0.0052,19.938
2026-04-30 06:00:00,15.23,1.9919,0.9396,14.2904,0.0888,0.1563,0.0077,42.366
2026-04-30 07:00:00,29.7236,1.9269,2.2003,27.5234,0.1929,0.272,0.0137,87.046
2026-04-30 08:00:00,45.5726,1.6694,4.902,40.6706,0.3389,0.3965,0.02,146.423
2026-04-30 09:00:00,59.4426,1.7593,3.7071,55.7355,0.2978,0.4877,0.0228,203.063
2026-04-30 10:00:00,78.7303,2.1868,5.3264,73.4039,0.4041,0.593,0.0272,259.789
2026-04-30 11:00:00,68.9866,2.3103,5.4408,63.5458,0.3745,0.5311,0.0242,216.036
2026-04-30 12:00:00,52.0202,2.3376,3.6609,48.3593,0.3224,0.4575,0.0214,158.097
2026-04-30 13:00:00,59.7673,2.2593,4.2328,55.5345,0.3167,0.5068,0.0243,187.627
2026-04-30 14:00:00,69.1246,2.3673,5.4159,63.7087,0.3678,0.5389,0.0264,212.924
2026-04-30 15:00:00,63.0835,2.3437,6.7174,56.3662,0.4182,0.4864,0.0232,186.85
2026-04-30 16:00:00,49.2706,2.0569,4.9519,44.3187,0.3455,0.4207,0.0217,159.346
2026-04-30 17:00:00,33.1881,1.8495,2.6634,30.5247,0.2149,0.3123,0.0176,113.111
2026-04-30 18:00:00,29.5489,2.7652,2.7637,26.7852,0.2183,0.304,0.0156,98.525
2026-04-30 19:00:00,26.4235,2.5146,2.6914,23.732,0.2233,0.2768,0.0161,94.414
2026-04-30 20:00:00,28.8219,3.2319,3.8509,24.971,0.2512,0.3064,0.0172,108.057
2026-04-30 21:00:00,20.5648,2.3985,2.2183,18.3464,0.1809,0.2281,0.0142,76.644
2026-04-30 22:00:00,17.2621,2.3764,1.4642,15.7979,0.1311,0.2135,0.0107,58.389
2026-04-30 23:00:00,12.783,1.9415,0.6034,12.1796,0.0803,0.148,0.0068,36.473
