timestamp,flow,single_flow,uflow,dflow,pusch,pdsch,pdcch,conn
2025-07-24 22:00:00,12.5651,1.50661,2.25918,10.306,0.086755,0.06507,0.251326,50.8771
2025-07-24 23:00:00,12.5666,1.50942,2.25447,10.3121,0.086731,0.066707,0.251867,50.8001
2025-07-25 00:00:00,12.5681,1.51222,2.24977,10.3183,0.086707,0.068344,0.252408,50.723
2025-07-25 01:00:00,12.5696,1.51503,2.24506,10.3245,0.086683,0.069982,0.252949,50.646
2025-07-25 02:00:00,,,,,,,,
2025-07-25 03:00:00,,,,,,,,
2025-07-25 04:00:00,,,,,,,,
2025-07-25 05:00:00,,,,,,,,
2025-07-25 06:00:00,,,,,,,,
2025-07-25 07:00:00,,,,,,,,
2025-07-25 08:00:00,,,,,,,,
2025-07-25 09:00:00,,,,,,,,
2025-07-25 10:00:00,,,,,,,,
2025-07-25 11:00:00,,,,,,,,
2025-07-25 12:00:00,,,,,,,,
2025-07-25 13:00:00,,,,,,,,
2025-07-25 14:00:00,,,,,,,,
2025-07-25 15:00:00,,,,,,,,
2025-07-25 16:00:00,,,,,,,,
2025-07-25 17:00:00,,,,,,,,
2025-07-25 18:00:00,,,,,,,,
2025-07-25 19:00:00,,,,,,,,
2025-07-25 20:00:00,,,,,,,,
2025-07-25 21:00:00,,,,,,,,
2025-07-25 22:00:00,,,,,,,,
2025-07-25 23:00:00,,,,,,,,
2025-07-26 00:00:00,,,,,,,,
2025-07-26 01:00:00,,,,,,,,
2025-07-26 02:00:00,,,,,,,,
2025-07-26 03:00:00,,,,,,,,
2025-07-26 04:00:00,,,,,,,,
2025-07-26 05:00:00,,,,,,,,
2025-07-26 06:00:00,,,,,,,,
2025-07-26 07:00:00,,,,,,,,
2025-07-26 08:00:00,,,,,,,,
2025-07-26 09:00:00,,,,,,,,
2025-07-26 10:00:00,,,,,,,,
2025-07-26 11:00:00,,,,,,,,
2025-07-26 12:00:00,,,,,,,,
2025-07-26 13:00:00,,,,,,,,
2025-07-26 14:00:00,,,,,,,,
2025-07-26 15:00:00,,,,,,,,
2025-07-26 16:00:00,,,,,,,,
2025-07-26 17:00:00,,,,,,,,
2025-07-26 18:00:00,,,,,,,,
2025-07-26 19:00:00,,,,,,,,
2025-07-26 20:00:00,,,,,,,,
2025-07-26 21:00:00,,,,,,,,
2025-07-26 22:00:00,,,,,,,,
2025-07-26 23:00:00,,,,,,,,
2025-07-27 00:00:00,,,,,,,,
2025-07-27 01:00:00,,,,,,,,
2025-07-27 02:00:00,,,,,,,,
2025-07-27 03:00:00,,,,,,,,
2025-07-27 04:00:00,,,,,,,,
2025-07-27 05:00:00,,,,,,,,
2025-07-27 06:00:00,,,,,,,,
2025-07-27 07:00:00,,,,,,,,
2025-07-27 08:00:00,,,,,,,,
2025-07-27 09:00:00,,,,,,,,
2025-07-27 10:00:00,,,,,,,,
2025-07-27 11:00:00,,,,,,,,
2025-07-27 12:00:00,,,,,,,,
2025-07-27 13:00:00,,,,,,,,
2025-07-27 14:00:00,,,,,,,,
2025-07-27 15:00:00,,,,,,,,
2025-07-27 16:00:00,,,,,,,,
2025-07-27 17:00:00,,,,,,,,
2025-07-27 18:00:00,,,,,,,,
2025-07-27 19:00:00,,,,,,,,
2025-07-27 20:00:00,,,,,,,,
2025-07-27 21:00:00,,,,,,,,
2025-07-27 22:00:00,,,,,,,,
2025-07-27 23:00:00,,,,,,,,
2025-07-28 00:00:00,,,,,,,,
2025-07-28 01:00:00,,,,,,,,
2025-07-28 02:00:00,,,,,,,,
2025-07-28 03:00:00,,,,,,,,
2025-07-28 04:00:00,,,,,,,,
2025-07-28 05:00:00,,,,,,,,
2025-07-28 06:00:00,,,,,,,,
2025-07-28 07:00:00,,,,,,,,
2025-07-28 08:00:00,,,,,,,,
2025-07-28 09:00:00,,,,,,,,
2025-07-28 10:00:00,,,,,,,,
2025-07-28 11:00:00,,,,,,,,
2025-07-28 12:00:00,,,,,,,,
2025-07-28 13:00:00,,,,,,,,
2025-07-28 14:00:00,,,,,,,,
2025-07-28 15:00:00,,,,,,,,
2025-07-28 16:00:00,,,,,,,,
2025-07-28 17:00:00,,,,,,,,
2025-07-28 18:00:00,,,,,,,,
2025-07-28 19:00:00,,,,,,,,
2025-07-28 20:00:00,,,,,,,,
2025-07-28 21:00:00,,,,,,,,
2025-07-28 22:00:00,,,,,,,,
2025-07-28 23:00:00,,,,,,,,
2025-07-29 00:00:00,,,,,,,,
2025-07-29 01:00:00,,,,,,,,
2025-07-29 02:00:00,,,,,,,,
2025-07-29 03:00:00,,,,,,,,
2025-07-29 04:00:00,,,,,,,,
2025-07-29 05:00:00,,,,,,,,
2025-07-29 06:00:00,,,,,,,,
2025-07-29 07:00:00,,,,,,,,
2025-07-29 08:00:00,,,,,,,,
2025-07-29 09:00:00,,,,,,,,
2025-07-29 10:00:00,,,,,,,,
2025-07-29 11:00:00,,,,,,,,
2025-07-29 12:00:00,,,,,,,,
2025-07-29 13:00:00,,,,,,,,
2025-07-29 14:00:00,,,,,,,,
2025-07-29 15:00:00,,,,,,,,
2025-07-29 16:00:00,,,,,,,,
2025-07-29 17:00:00,12.736,1.82936,1.71813,11.0179,0.084009,0.25335,0.313529,42.0169
2025-07-29 18:00:00,17.6528,2.13353,3.33912,14.3137,0.178116,0.253039,0.359862,62.6213
2025-07-29 19:00:00,13.9506,1.77896,2.11729,11.8334,0.090889,0.253778,0.328249,56.0135
2025-07-29 20:00:00,16.9916,2.23397,2.47501,14.5166,0.112307,0.253357,0.336459,58.124
2025-07-29 21:00:00,21.2994,2.91933,2.4298,18.8696,0.092908,0.2149,0.30885,52.847
2025-07-29 22:00:00,13.0108,2.4283,2.89048,10.1204,0.148646,0.241235,0.271304,45.4196
2025-07-29 23:00:00,10.5299,2.73787,1.59418,8.93569,0.051667,0.24016,0.209865,29.7184
2025-07-30 00:00:00,7.90272,2.304,1.57479,6.32793,0.059365,0.230111,0.170541,26.1123
2025-07-30 01:00:00,7.52367,2.41143,2.31336,5.21032,0.070747,0.214497,0.140454,19.5054
2025-07-30 02:00:00,2.41754,0.904768,0.374115,2.04343,0.018016,0.231987,0.106647,10.9187
2025-07-30 03:00:00,1.68187,0.735725,0.190593,1.49127,0.011954,0.229372,0.091674,8.8635
2025-07-30 04:00:00,1.7879,1.05668,1.19573,0.592169,0.036753,0.225621,0.079567,6.1852
2025-07-30 05:00:00,0.640149,0.400093,0.044849,0.5953,0.002966,0.224095,0.072038,4.5424
2025-07-30 06:00:00,1.88546,0.935249,0.119543,1.76592,0.007081,0.217236,0.081618,5.1687
2025-07-30 07:00:00,2.3167,0.914967,0.256313,2.06038,0.010354,0.227119,0.106312,7.4331
2025-07-30 08:00:00,3.89506,1.59634,0.298207,3.59685,0.019264,0.238319,0.147191,18.9869
2025-07-30 09:00:00,6.86092,1.5179,0.821968,6.03895,0.046968,0.237906,0.182499,24.1211
2025-07-30 10:00:00,7.60758,1.50051,1.42609,6.18149,0.098834,0.241547,0.220606,33.2689
2025-07-30 11:00:00,10.7811,1.66581,1.13531,9.64582,0.060731,0.244414,0.277555,44.5294
2025-07-30 12:00:00,12.575,1.67712,1.70595,10.8691,0.072863,0.247612,0.293682,51.1454
2025-07-30 13:00:00,16.4207,2.38396,1.74009,14.6806,0.080316,0.250995,0.321802,55.989
2025-07-30 14:00:00,15.994,2.41821,1.67575,14.3183,0.073169,0.257736,0.328795,57.653
2025-07-30 15:00:00,13.7132,2.40836,1.10617,12.607,0.052118,0.253205,0.283704,45.7916
2025-07-30 16:00:00,16.4083,2.6012,2.30097,14.1074,0.094917,0.244519,0.326997,59.0161
2025-07-30 17:00:00,15.8055,1.97223,2.01982,13.7856,0.098984,0.258477,0.359098,63.5238
2025-07-30 18:00:00,16.5783,1.61645,2.16043,14.4178,0.094541,0.263589,0.375858,66.7124
2025-07-30 19:00:00,22.0581,1.60703,2.60689,19.4512,0.12267,0.272133,0.395064,77.9139
2025-07-30 20:00:00,24.6281,1.5765,4.13382,20.4943,0.181839,0.286008,0.411839,93.6506
2025-07-30 21:00:00,32.869,2.77516,9.12496,23.744,0.269592,0.275738,0.403892,94.5052
2025-07-30 22:00:00,14.0125,1.80807,2.56007,11.4524,0.118158,0.24476,0.306659,58.0242
2025-07-30 23:00:00,10.4918,1.98257,1.39059,9.10116,0.059333,0.233838,0.21655,37.6573
2025-07-31 00:00:00,8.50276,2.22353,1.1596,7.34316,0.048002,0.234145,0.185099,27.5864
2025-07-31 01:00:00,7.16141,2.07457,0.709837,6.45158,0.030802,0.23056,0.154503,20.7632
2025-07-31 02:00:00,4.3319,2.10696,0.488315,3.84359,0.022596,0.231315,0.113515,13.4555
2025-07-31 03:00:00,2.02862,1.37254,0.152995,1.87563,0.009077,0.229078,0.091275,9.0133
2025-07-31 04:00:00,0.830332,0.502015,0.087071,0.743261,0.00585,0.227441,0.080168,5.7851
2025-07-31 05:00:00,1.98167,1.40345,1.32365,0.658014,0.060019,0.229531,0.091487,4.8924
2025-07-31 06:00:00,5.02758,2.81185,0.419169,4.60841,0.021522,0.222539,0.099711,11.4997
2025-07-31 07:00:00,4.46484,1.73056,0.303186,4.16165,0.01463,0.225995,0.121049,13.7152
2025-07-31 08:00:00,4.72978,1.21214,0.355166,4.37462,0.019032,0.232351,0.155804,18.2637
2025-07-31 09:00:00,8.13448,1.72268,0.840488,7.29399,0.03456,0.22152,0.208378,29.4278
2025-07-31 10:00:00,9.22683,1.95235,0.669744,8.55708,0.033257,0.240575,0.212349,32.5345
2025-07-31 11:00:00,10.3653,1.80832,0.908583,9.45669,0.044102,0.240364,0.252086,29.064
2025-07-31 12:00:00,16.4529,2.24154,1.57505,14.8779,0.076116,0.254285,0.333527,59.0453
2025-07-31 13:00:00,20.3583,2.78119,1.53594,18.8223,0.083088,0.222787,0.325569,60.8184
2025-07-31 14:00:00,15.7306,2.2007,1.8984,13.8322,0.106278,0.258375,0.314434,56.1185
2025-07-31 15:00:00,14.2538,2.01496,1.68215,12.5717,0.077177,0.249961,0.314004,58.5297
2025-07-31 16:00:00,21.0237,2.95443,1.56408,19.4597,0.077681,0.27467,0.349113,65.3876
2025-07-31 17:00:00,20.7469,2.29349,2.29269,18.4542,0.107853,0.270367,0.380691,68.7031
2025-07-31 18:00:00,21.6681,2.31497,2.4186,19.2495,0.124253,0.268628,0.405272,86.1567
2025-07-31 19:00:00,21.9835,1.92063,2.85919,19.1243,0.135843,0.279819,0.387849,78.2311
2025-07-31 20:00:00,22.34,2.11353,4.2952,18.0448,0.170925,0.283824,0.39186,79.3823
2025-07-31 21:00:00,15.7275,1.60027,3.00517,12.7223,0.140985,0.252044,0.367842,67.4258
2025-07-31 22:00:00,16.5705,2.25633,3.3848,13.1857,0.146696,0.252108,0.350941,65.5341
2025-07-31 23:00:00,13.1715,2.85098,2.14338,11.0282,0.098008,0.238439,0.252879,44.5344
2025-08-01 00:00:00,6.27792,3.00379,0.464529,5.81339,0.038452,0.241648,0.19077,27.6894
2025-08-01 01:00:00,5.44228,2.08676,0.456909,4.98537,0.023597,0.226054,0.14629,18.5624
2025-08-01 02:00:00,4.01948,2.01377,0.238362,3.78112,0.013218,0.222721,0.117677,14.22
2025-08-01 03:00:00,1.99695,1.15032,0.318491,1.67846,0.015506,0.217693,0.092903,9.1908
2025-08-01 04:00:00,2.08779,1.4807,0.396593,1.6912,0.010969,0.223039,0.085783,8.299
2025-08-01 05:00:00,1.84601,1.2097,0.193304,1.6527,0.008347,0.227901,0.083627,8.093
2025-08-01 06:00:00,1.50295,1.24211,0.438899,1.06405,0.029781,0.227803,0.107631,10.0924
2025-08-01 07:00:00,4.32746,1.46594,0.389503,3.93796,0.017378,0.226706,0.125323,15.0944
2025-08-01 08:00:00,4.87889,1.23142,0.487101,4.39179,0.026359,0.23685,0.157453,23.1958
2025-08-01 09:00:00,5.16138,1.21903,0.649518,4.51186,0.027236,0.234723,0.170522,23.055
2025-08-01 10:00:00,8.96316,1.83746,0.865158,8.098,0.039779,0.229119,0.234432,36.9479
2025-08-01 11:00:00,8.25872,1.34595,1.14709,7.11163,0.071389,0.239908,0.283786,43.4382
2025-08-01 12:00:00,11.0593,1.58944,1.16342,9.89591,0.063953,0.246956,0.258025,33.0265
2025-08-01 13:00:00,15.2027,1.96927,1.95338,13.2493,0.110053,0.251653,0.317203,57.9737
2025-08-01 14:00:00,15.5085,2.04436,2.02595,13.4825,0.092026,0.244473,0.332317,58.3344
2025-08-01 15:00:00,14.4224,2.35737,3.62058,10.8018,0.09098,0.23442,0.267719,40.407
2025-08-01 16:00:00,15.1826,2.40459,3.68446,11.4981,0.102716,0.25449,0.282582,44.4165
2025-08-01 17:00:00,16.1767,1.93965,2.06689,14.1098,0.091691,0.260944,0.348447,58.6872
2025-08-01 18:00:00,20.0534,1.78888,2.56666,17.4867,0.111006,0.254635,0.388205,59.6248
2025-08-01 19:00:00,21.4719,1.61273,2.58226,18.8896,0.125839,0.273599,0.387999,74.2402
2025-08-01 20:00:00,19.5668,1.50144,3.2882,16.2786,0.131523,0.271894,0.411361,84.8399
2025-08-01 21:00:00,18.5548,1.76949,3.82372,14.7311,0.162663,0.26314,0.392951,77.5263
2025-08-01 22:00:00,19.8431,2.04991,3.44678,16.3964,0.142653,0.234578,0.360981,72.6797
2025-08-01 23:00:00,17.7661,2.79429,2.00633,15.7597,0.10839,0.262438,0.295174,53.6394
2025-08-02 00:00:00,10.652,2.82396,0.859454,9.79251,0.043104,0.239893,0.19232,33.4607
2025-08-02 01:00:00,6.69045,2.45792,0.936927,5.75352,0.043108,0.233455,0.15125,20.7885
2025-08-02 02:00:00,2.88546,1.07187,0.371067,2.51439,0.020745,0.230625,0.118557,14.7001
2025-08-02 03:00:00,3.11341,1.82497,0.263127,2.85028,0.012176,0.227452,0.103402,11.2729
2025-08-02 04:00:00,2.22227,1.77214,0.235085,1.98718,0.012037,0.230373,0.090056,8.8677
2025-08-02 05:00:00,1.69517,1.296,0.095436,1.59973,0.004075,0.224282,0.072682,3.8838
2025-08-02 06:00:00,1.26761,1.03563,0.102318,1.16529,0.004882,0.230644,0.075011,4.5369
2025-08-02 07:00:00,3.14791,1.59307,0.179409,2.9685,0.010306,0.226125,0.106517,10.3038
2025-08-02 08:00:00,6.56966,1.56049,0.586753,5.9829,0.031272,0.230924,0.159921,23.3563
2025-08-02 09:00:00,7.96423,1.35769,1.71939,6.24484,0.061206,0.229314,0.213183,30.915
2025-08-02 10:00:00,12.315,1.69023,1.39241,10.9226,0.058268,0.256172,0.258837,42.1042
2025-08-02 11:00:00,14.3489,1.44734,1.71649,12.6324,0.100378,0.249039,0.334587,56.4694
2025-08-02 12:00:00,14.9524,1.38963,1.53807,13.4144,0.076029,0.265221,0.323998,43.2714
2025-08-02 13:00:00,17.6397,1.81218,2.13584,15.5039,0.117867,0.265884,0.335704,59.1022
2025-08-02 14:00:00,14.7179,1.44719,1.89358,12.8243,0.083957,0.264655,0.318689,53.0426
2025-08-02 15:00:00,20.6004,2.06004,1.97886,18.6216,0.101633,0.278779,0.359407,62.9632
2025-08-02 16:00:00,18.4069,1.95153,1.73981,16.6671,0.0779,0.262772,0.346141,63.6256
2025-08-02 17:00:00,20.9727,1.81488,2.79769,18.175,0.114119,0.267993,0.382556,73.141
2025-08-02 18:00:00,23.002,1.8851,3.42924,19.5728,0.1653,0.264848,0.395323,78.4228
2025-08-02 19:00:00,26.4287,1.86222,3.78246,22.6462,0.156108,0.303717,0.414531,102.648
2025-08-02 20:00:00,21.5111,1.74717,3.22661,18.2845,0.174364,0.289656,0.418877,107.786
2025-08-02 21:00:00,26.7134,1.80912,4.0685,22.6449,0.180512,0.306085,0.4141,100.604
2025-08-02 22:00:00,21.3442,2.01133,2.79122,18.553,0.129203,0.265984,0.384742,79.2879
2025-08-02 23:00:00,26.5152,4.34961,2.95858,23.5566,0.141573,0.239156,0.306202,56.6681
2025-08-03 00:00:00,12.0783,2.91887,1.55201,10.5263,0.073626,0.244967,0.226091,39.1771
2025-08-03 01:00:00,9.31727,3.14136,0.849898,8.46737,0.033368,0.231162,0.17589,28.0204
2025-08-03 02:00:00,4.87659,1.81286,0.556598,4.31999,0.027584,0.222179,0.128888,17.5987
2025-08-03 03:00:00,2.40332,1.24267,0.224982,2.17833,0.011361,0.229482,0.093204,8.761
2025-08-03 04:00:00,1.33596,1.2393,0.148723,1.18724,0.009607,0.22883,0.079893,5.4958
2025-08-03 05:00:00,0.495811,0.415948,0.057579,0.438232,0.003157,0.225772,0.067144,2.4944
2025-08-03 06:00:00,2.7942,1.86529,0.141753,2.65245,0.00584,0.22573,0.082662,6.366
2025-08-03 07:00:00,6.06445,3.15856,0.340119,5.72433,0.0147,0.222083,0.11863,13.1268
2025-08-03 08:00:00,4.82905,1.45453,0.400266,4.42878,0.018012,0.231289,0.135402,15.3028
2025-08-03 09:00:00,8.44729,1.94101,0.943265,7.50403,0.042384,0.238622,0.186701,26.4116
2025-08-03 10:00:00,11.5551,2.65636,1.17804,10.3771,0.061985,0.240752,0.240018,36.4473
2025-08-03 11:00:00,15.7567,2.33432,1.53905,14.2176,0.073693,0.262136,0.303099,49.4094
2025-08-03 12:00:00,23.3894,2.4471,2.13246,21.2569,0.108306,0.280694,0.379263,67.5365
2025-08-03 13:00:00,22.1518,2.29078,2.7509,19.4009,0.118038,0.271874,0.380163,68.0479
2025-08-03 14:00:00,18.3601,2.01803,2.2511,16.109,0.11049,0.263281,0.344881,58.2859
2025-08-03 15:00:00,16.3622,1.89334,1.64823,14.714,0.076231,0.254535,0.344282,59.5473
2025-08-03 16:00:00,19.8395,2.62775,1.79302,18.0465,0.080265,0.270309,0.335301,58.2599
2025-08-03 17:00:00,18.1474,2.14154,1.77536,16.372,0.078765,0.276408,0.340201,57.902
2025-08-03 18:00:00,27.228,2.79147,2.2909,24.9371,0.110256,0.282032,0.383585,66.5478
2025-08-03 19:00:00,22.6786,2.12306,2.9369,19.7417,0.137745,0.269716,0.402982,79.644
2025-08-03 20:00:00,20.8094,1.76831,2.74821,18.0612,0.130403,0.277607,0.395348,77.3209
2025-08-03 21:00:00,16.4349,1.89604,2.33649,14.0984,0.104742,0.261036,0.360773,46.035
2025-08-03 22:00:00,13.9665,2.32233,1.69897,12.2675,0.07575,0.241147,0.277152,47.8981
2025-08-03 23:00:00,9.01791,2.49804,2.33103,6.68688,0.084607,0.22554,0.208943,35.6413
2025-08-04 00:00:00,6.28083,2.43066,0.570313,5.71051,0.037606,0.236827,0.151445,22.3924
2025-08-04 01:00:00,4.12085,1.92383,0.597663,3.52319,0.029901,0.22941,0.113679,8.2885
2025-08-04 02:00:00,2.94329,1.76245,0.239458,2.70383,0.01366,0.229092,0.101871,9.6261
2025-08-04 03:00:00,2.81655,2.37083,0.262439,2.55411,0.013699,0.219389,0.098835,10.1862
2025-08-04 04:00:00,0.876319,0.721844,0.090387,0.785932,0.005167,0.225711,0.074203,4.3713
2025-08-04 05:00:00,1.06522,0.902729,0.062283,1.00294,0.003665,0.22896,0.071297,3.5312
2025-08-04 06:00:00,2.38874,1.88684,0.221602,2.16714,0.011456,0.231218,0.088719,7.1742
2025-08-04 07:00:00,2.38595,1.23241,0.373823,2.01212,0.015781,0.229359,0.101732,9.9771
2025-08-04 08:00:00,4.1359,1.2679,0.490901,3.645,0.024581,0.232155,0.13886,15.421
2025-08-04 09:00:00,6.40859,1.71996,0.888058,5.52053,0.041822,0.231224,0.216605,32.0811
2025-08-04 10:00:00,7.77823,1.91393,0.68885,7.08938,0.036847,0.241511,0.213444,33.2815
2025-08-04 11:00:00,9.82656,1.86109,1.02154,8.80502,0.052507,0.241046,0.239523,37.4917
2025-08-04 12:00:00,11.7158,1.79251,1.31878,10.3971,0.065001,0.246566,0.272051,41.5709
2025-08-04 13:00:00,12.3305,2.13257,1.19571,11.1348,0.056059,0.240485,0.253796,38.0075
2025-08-04 14:00:00,13.31,2.11674,1.49831,11.8117,0.06922,0.264813,0.274046,44.9558
2025-08-04 15:00:00,17.0299,2.76909,1.5708,15.4591,0.081386,0.256485,0.303943,48.6987
2025-08-04 16:00:00,13.2673,2.25022,1.5967,11.6706,0.074294,0.263477,0.301312,48.2982
2025-08-04 17:00:00,13.4956,1.99935,1.34917,12.1464,0.071482,0.265811,0.334696,54.8294
2025-08-04 18:00:00,15.6199,1.87379,1.97357,13.6463,0.089222,0.267865,0.352711,59.4114
2025-08-04 19:00:00,15.749,1.5152,2.16793,13.581,0.100289,0.26786,0.37043,67.5521
2025-08-04 20:00:00,18.6659,1.84336,2.66143,16.0044,0.11566,0.275789,0.383873,72.7785
2025-08-04 21:00:00,11.3308,1.79342,1.80695,9.52388,0.104089,0.263864,0.344993,45.6114
2025-08-04 22:00:00,14.4695,2.56551,4.47634,9.99315,0.150092,0.244079,0.271849,48.3705
2025-08-04 23:00:00,8.59957,2.28348,0.896336,7.70324,0.050386,0.233588,0.220949,33.5981
2025-08-05 00:00:00,7.6932,3.07236,0.494577,7.19862,0.028953,0.233578,0.169591,26.1895
2025-08-05 01:00:00,5.25012,1.91052,0.525479,4.72464,0.024815,0.22876,0.139533,16.9492
2025-08-05 02:00:00,2.82574,1.29147,0.283086,2.54266,0.015908,0.21991,0.108505,11.9733
2025-08-05 03:00:00,1.09257,0.528322,0.153045,0.939525,0.008485,0.227019,0.088568,8.544
2025-08-05 04:00:00,0.455478,0.594617,0.089671,0.365807,0.005594,0.229142,0.073347,5.6513
2025-08-05 05:00:00,2.14764,1.99966,0.136885,2.01076,0.005799,0.217881,0.083881,7.445
2025-08-05 06:00:00,1.4305,1.05963,0.094008,1.33649,0.006581,0.229353,0.082339,6.3278
2025-08-05 07:00:00,2.9594,1.29457,0.185942,2.77345,0.011417,0.204887,0.112903,11.2375
2025-08-05 08:00:00,4.43074,1.41286,0.360912,4.06983,0.022005,0.232162,0.159345,17.3278
2025-08-05 09:00:00,5.20517,2.03486,0.565173,4.64,0.037801,0.237091,0.176467,22.7343
2025-08-05 10:00:00,12.2467,3.16288,1.82433,10.4224,0.060739,0.242612,0.245787,36.0907
2025-08-05 11:00:00,13.0735,2.80306,1.23283,11.8406,0.056291,0.2459,0.28584,45.6183
2025-08-05 12:00:00,14.1909,2.70509,2.12481,12.0661,0.091359,0.251203,0.328402,60.711
2025-08-05 13:00:00,13.5213,2.47009,1.55752,11.9638,0.084908,0.252039,0.288445,53.9512
2025-08-05 14:00:00,14.0354,2.43164,1.43691,12.5985,0.064254,0.245529,0.308749,53.1186
2025-08-05 15:00:00,13.1156,2.40565,1.38367,11.7319,0.067279,0.247283,0.297846,51.823
2025-08-05 16:00:00,11.9678,2.44241,1.13324,10.8346,0.081026,0.252173,0.314912,44.1845
2025-08-05 17:00:00,11.9013,1.76107,1.37636,10.525,0.071924,0.243719,0.323636,57.8167
2025-08-05 18:00:00,14.6296,1.69246,1.70242,12.9272,0.086637,0.263337,0.357201,65.7586
2025-08-05 19:00:00,16.5316,1.66582,2.27957,14.252,0.111575,0.266196,0.383745,70.9019
2025-08-05 20:00:00,17.2443,1.69895,2.74292,14.5014,0.119927,0.2579,0.354692,52.3308
2025-08-05 21:00:00,12.5197,1.55641,1.89724,10.6225,0.090599,0.247072,0.303107,54.6568
2025-08-05 22:00:00,13.5182,2.57098,1.31623,12.202,0.071059,0.239634,0.238562,45.5272
2025-08-05 23:00:00,14.4494,3.74726,1.13171,13.3177,0.049025,0.216027,0.195918,33.6015
2025-08-06 00:00:00,1.3193,1.80232,0.116859,1.20244,0.025713,0.232275,0.140962,20.1769
2025-08-06 01:00:00,7.5237,2.4114,2.3134,5.2103,0.0707,0.2145,0.1405,19.5054
2025-08-06 02:00:00,2.4175,0.9048,0.3741,2.0434,0.018,0.232,0.1066,10.9187
2025-08-06 03:00:00,1.6819,0.7357,0.1906,1.4913,0.012,0.2294,0.0917,8.8635
2025-08-06 04:00:00,1.7879,1.0567,1.1957,0.5922,0.0368,0.2256,0.0796,6.1852
2025-08-06 05:00:00,0.6401,0.4001,0.0448,0.5953,0.003,0.2241,0.072,4.5424
2025-08-06 06:00:00,1.8855,0.9352,0.1195,1.7659,0.0071,0.2172,0.0816,5.1687
2025-08-06 07:00:00,2.3167,0.915,0.2563,2.0604,0.0104,0.2271,0.1063,7.4331
2025-08-06 08:00:00,3.8951,1.5963,0.2982,3.5969,0.0193,0.2383,0.1472,18.9869
2025-08-06 09:00:00,6.8609,1.5179,0.822,6.039,0.047,0.2379,0.1825,24.1211
2025-08-06 10:00:00,7.6076,1.5005,1.4261,6.1815,0.0988,0.2415,0.2206,33.2689
2025-08-06 11:00:00,10.7811,1.6658,1.1353,9.6458,0.0607,0.2444,0.2776,44.5294
2025-08-06 12:00:00,12.575,1.6771,1.706,10.8691,0.0729,0.2476,0.2937,51.1454
2025-08-06 13:00:00,16.4207,2.384,1.7401,14.6806,0.0803,0.251,0.3218,55.989
2025-08-06 14:00:00,15.994,2.4182,1.6757,14.3183,0.0732,0.2577,0.3288,57.653
2025-08-06 15:00:00,13.7132,2.4084,1.1062,12.607,0.0521,0.2532,0.2837,45.7916
2025-08-06 16:00:00,16.4083,2.6012,2.301,14.1074,0.0949,0.2445,0.327,59.0161
2025-08-06 17:00:00,15.8055,1.9722,2.0198,13.7856,0.099,0.2585,0.3591,63.5238
2025-08-06 18:00:00,16.5783,1.6164,2.1604,14.4178,0.0945,0.2636,0.3759,66.7124
2025-08-06 19:00:00,22.0581,1.607,2.6069,19.4512,0.1227,0.2721,0.3951,77.9139
2025-08-06 20:00:00,24.6281,1.5765,4.1338,20.4943,0.1818,0.286,0.4118,93.6506
2025-08-06 21:00:00,32.869,2.7752,9.125,23.744,0.2696,0.2757,0.4039,94.5052
2025-08-06 22:00:00,14.0125,1.8081,2.5601,11.4524,0.1182,0.2448,0.3067,58.0242
2025-08-06 23:00:00,10.4918,1.9826,1.3906,9.1012,0.0593,0.2338,0.2165,37.6573
2025-08-07 00:00:00,7.98489,2.24421,0.907833,7.07705,0.04457,0.235095,0.181675,27.753
2025-08-07 01:00:00,6.28687,1.90627,0.571598,5.71527,0.030549,0.231686,0.148403,14.596
2025-08-07 02:00:00,2.03958,0.750952,0.244183,1.7954,0.01319,0.229004,0.104586,10.9099
2025-08-07 03:00:00,1.86602,0.818428,0.370557,1.49546,0.012423,0.230646,0.099866,11.1028
2025-08-07 04:00:00,1.92386,1.11091,0.847129,1.07673,0.036211,0.230073,0.095683,7.9976
2025-08-07 05:00:00,1.9817,1.4034,1.3237,0.658,0.06,0.2295,0.0915,4.8924
2025-08-07 06:00:00,5.0276,2.8118,0.4192,4.6084,0.0215,0.2225,0.0997,11.4997
2025-08-07 07:00:00,4.4648,1.7306,0.3032,4.1617,0.0146,0.226,0.121,13.7152
2025-08-07 08:00:00,4.7298,1.2121,0.3552,4.3746,0.019,0.2324,0.1558,18.2637
2025-08-07 09:00:00,8.1345,1.7227,0.8405,7.294,0.0346,0.2215,0.2084,29.4278
2025-08-07 10:00:00,9.2268,1.9524,0.6697,8.5571,0.0333,0.2406,0.2123,32.5345
2025-08-07 11:00:00,10.3653,1.8083,0.9086,9.4567,0.0441,0.2404,0.2521,29.064
2025-08-07 12:00:00,16.4529,2.2415,1.5751,14.8779,0.0761,0.2543,0.3335,59.0453
2025-08-07 13:00:00,20.3583,2.7812,1.5359,18.8223,0.0831,0.2228,0.3256,60.8184
2025-08-07 14:00:00,16.0413,2.31641,1.47954,14.5618,0.075991,0.23813,0.308269,53.8503
2025-08-07 15:00:00,11.7244,1.85161,1.42319,10.3012,0.068883,0.25346,0.290939,46.8822
2025-08-07 16:00:00,14.4648,2.12531,1.59207,12.8728,0.066051,0.245476,0.284267,48.0247
2025-08-07 17:00:00,14.1247,1.67314,1.81665,12.308,0.084696,0.24509,0.312854,51.3476
2025-08-07 18:00:00,21.6681,2.315,2.4186,19.2495,0.1243,0.2686,0.4053,86.1567
2025-08-07 19:00:00,21.9835,1.9206,2.8592,19.1244,0.1358,0.2798,0.3878,78.2311
2025-08-07 20:00:00,22.34,2.1135,4.2952,18.0448,0.1709,0.2838,0.3919,79.3823
2025-08-07 21:00:00,15.6397,1.74706,3.19093,12.4488,0.119182,0.254448,0.344002,60.7574
2025-08-07 22:00:00,13.375,1.99568,2.45783,10.9172,0.098724,0.243301,0.307065,54.8312
2025-08-07 23:00:00,9.99177,2.39611,1.60521,8.38656,0.068817,0.231439,0.209788,33.7424
2025-08-08 00:00:00,9.21686,2.90753,0.736052,8.48081,0.03536,0.236122,0.15001,23.1233
2025-08-08 01:00:00,4.36119,2.11093,0.344253,4.01694,0.017295,0.225712,0.13041,20.4968
2025-08-08 02:00:00,1.82936,1.15344,0.195588,1.63377,0.010907,0.221231,0.099012,10.8239
2025-08-08 03:00:00,1.01821,0.699318,0.143587,0.874621,0.006916,0.227356,0.08246,6.4955
2025-08-08 04:00:00,0.578973,0.532144,0.111356,0.467617,0.00677,0.228869,0.077602,6.5096
2025-08-08 05:00:00,0.560925,0.512729,0.088383,0.472542,0.005498,0.228324,0.07818,6.7165
2025-08-08 06:00:00,0.680652,0.576823,0.07014,0.610512,0.005485,0.229701,0.081175,3.578
2025-08-08 07:00:00,2.24556,1.21513,0.191946,2.05361,0.009758,0.230801,0.101465,8.9806
2025-08-08 08:00:00,4.11328,1.2854,0.739386,3.3739,0.024365,0.226267,0.148429,15.7972
2025-08-08 09:00:00,5.54439,1.66099,0.437579,5.10681,0.025781,0.238658,0.171633,21.9466
2025-08-08 10:00:00,6.68005,1.77945,0.616858,6.06319,0.031026,0.235301,0.188426,25.5179
2025-08-08 11:00:00,5.78362,1.40039,0.645877,5.13775,0.034646,0.231341,0.209865,29.4126
2025-08-08 12:00:00,13.2978,1.77399,1.47697,11.8209,0.075955,0.249096,0.286021,48.3468
2025-08-08 13:00:00,15.3425,2.17377,2.0516,13.2909,0.080165,0.256065,0.289326,48.3241
2025-08-08 14:00:00,15.4193,2.24314,1.97309,13.4463,0.068569,0.244417,0.296387,50.0332
2025-08-08 15:00:00,9.11975,2.00258,1.09878,8.02097,0.07299,0.246221,0.267687,43.63
2025-08-08 16:00:00,11.343,1.59178,1.10364,10.2394,0.061203,0.234062,0.299161,48.8069
2025-08-08 17:00:00,12.0129,1.71221,1.48213,10.5307,0.09186,0.258295,0.363799,46.0094
2025-08-08 18:00:00,19.8335,1.68767,2.79676,17.0367,0.12046,0.267129,0.385956,73.1962
2025-08-08 19:00:00,14.0016,1.34813,2.19108,11.8105,0.120023,0.276687,0.403463,75.0032
2025-08-08 20:00:00,20.3119,1.68312,3.0285,17.2834,0.12605,0.277292,0.375609,77.4101
2025-08-08 21:00:00,15.2365,1.5592,3.01936,12.2172,0.131543,0.258337,0.336971,60.7504
2025-08-08 22:00:00,11.5487,1.59116,1.74119,9.80747,0.078789,0.23571,0.277343,31.307
2025-08-08 23:00:00,9.35022,2.00907,1.10515,8.24507,0.056551,0.235499,0.209793,34.4095
2025-08-09 00:00:00,10.652,2.824,0.8595,9.7925,0.0431,0.2399,0.1923,33.4607
2025-08-09 01:00:00,6.6904,2.4579,0.9369,5.7535,0.0431,0.2335,0.1512,20.7885
2025-08-09 02:00:00,2.12485,1.03148,0.168089,1.95676,0.00974,0.229999,0.089515,8.8532
2025-08-09 03:00:00,1.52464,0.760038,0.189248,1.33539,0.008692,0.223437,0.08306,4.9031
2025-08-09 04:00:00,0.917481,0.456913,0.07358,0.843901,0.004533,0.228692,0.076225,5.5716
2025-08-09 05:00:00,0.904052,0.56222,0.06521,0.838842,0.003014,0.229311,0.074223,4.7544
2025-08-09 06:00:00,10.5626,7.51252,0.202307,10.3603,0.007001,0.203696,0.086545,7.1072
2025-08-09 07:00:00,5.3681,2.30588,0.264839,5.10326,0.015731,0.214867,0.113203,9.7093
2025-08-09 08:00:00,4.55528,1.36223,0.311066,4.24422,0.015043,0.230743,0.129834,14.9107
2025-08-09 09:00:00,5.90518,1.45376,0.479776,5.4254,0.036303,0.243198,0.204543,20.8681
2025-08-09 10:00:00,7.44554,1.58281,0.729188,6.71635,0.038156,0.227978,0.210794,22.8205
2025-08-09 11:00:00,13.6186,1.7036,1.49064,12.1279,0.056648,0.244285,0.2946,46.4544
2025-08-09 12:00:00,24.8978,2.35909,2.59031,22.3075,0.13561,0.253256,0.357708,67.3167
2025-08-09 13:00:00,17.9631,1.62621,2.40398,15.5591,0.098215,0.267474,0.371187,69.407
2025-08-09 14:00:00,23.378,2.20422,3.00606,20.3719,0.15605,0.277363,0.416486,77.3483
2025-08-09 15:00:00,15.1769,2.05037,2.07115,13.1057,0.140353,0.262457,0.376585,66.6272
2025-08-09 16:00:00,20.5934,1.82017,2.40578,18.1876,0.109197,0.279865,0.387647,76.3133
2025-08-09 17:00:00,23.8149,1.98623,3.0141,20.8008,0.137569,0.27157,0.398661,63.6887
2025-08-09 18:00:00,25.5023,1.77173,3.51283,21.9894,0.159985,0.285828,0.417266,92.2072
2025-08-09 19:00:00,36.9353,2.2984,3.48306,33.4523,0.146332,0.289456,0.413356,74.44
2025-08-09 20:00:00,30.0912,1.69242,3.88485,26.2063,0.177035,0.320728,0.41954,107.012
2025-08-09 21:00:00,20.1133,1.67611,3.51392,16.5994,0.208816,0.292729,0.415756,97.2972
2025-08-09 22:00:00,15.9174,1.41614,2.75997,13.1575,0.149115,0.266714,0.363236,46.6616
2025-08-09 23:00:00,12.7206,1.95042,1.37047,11.3502,0.065187,0.238005,0.260377,45.523
2025-08-10 00:00:00,10.6312,2.0603,1.23829,9.39296,0.055622,0.235697,0.21276,35.496
2025-08-10 01:00:00,8.54184,2.17018,1.1061,7.43574,0.046056,0.233389,0.165144,25.4691
2025-08-10 02:00:00,5.24038,1.55133,0.638758,4.60162,0.026792,0.23174,0.132059,16.5941
2025-08-10 03:00:00,2.17841,1.08379,0.417302,1.76111,0.021958,0.216631,0.098694,8.662
2025-08-10 04:00:00,1.16843,0.584217,0.125386,1.04305,0.00596,0.229443,0.082432,3.396
2025-08-10 05:00:00,0.615725,0.416594,0.056647,0.559078,0.003297,0.228994,0.071415,3.223
2025-08-10 06:00:00,0.625218,0.552314,0.034764,0.590454,0.002952,0.227197,0.070499,2.4534
2025-08-10 07:00:00,3.39082,1.86104,0.199419,3.1914,0.010926,0.23253,0.099483,8.6565
2025-08-10 08:00:00,4.8399,1.71628,0.488701,4.3512,0.024115,0.23192,0.137089,16.5284
2025-08-10 09:00:00,7.48571,1.71691,0.846203,6.63951,0.038102,0.240573,0.199197,26.9071
2025-08-10 10:00:00,8.68175,1.81247,1.35604,7.32571,0.061201,0.241581,0.237191,34.1087
2025-08-10 11:00:00,15.2462,2.24144,2.11863,13.1276,0.08029,0.262319,0.266526,43.4281
2025-08-10 12:00:00,12.8198,1.7442,2.25671,10.5631,0.134625,0.262969,0.332531,43.5484
2025-08-10 13:00:00,19.7881,1.84832,2.54647,17.2416,0.110135,0.276481,0.384508,73.8949
2025-08-10 14:00:00,19.7029,2.05367,2.09604,17.6069,0.110043,0.267441,0.366495,67.5321
2025-08-10 15:00:00,14.2122,2.09992,1.89084,12.3214,0.107799,0.264138,0.38385,72.4726
2025-08-10 16:00:00,14.4362,1.60652,1.90302,12.5332,0.086013,0.256035,0.327762,55.2162
2025-08-10 17:00:00,17.261,1.63736,2.009,15.252,0.087033,0.27574,0.371851,64.1794
2025-08-10 18:00:00,20.5825,1.63405,2.72568,17.8568,0.127719,0.254263,0.384604,70.0945
2025-08-10 19:00:00,18.5942,1.43851,2.75173,15.8425,0.133616,0.267054,0.386242,68.0528
2025-08-10 20:00:00,19.1911,1.46497,2.64454,16.5465,0.129078,0.280377,0.399448,79.8369
2025-08-10 21:00:00,16.8366,1.80032,2.80739,14.0292,0.108515,0.259615,0.378219,66.4647
2025-08-10 22:00:00,15.1828,2.3187,2.20775,12.9751,0.108933,0.239133,0.31199,55.6857
2025-08-10 23:00:00,12.8461,3.09097,1.46757,11.3785,0.081719,0.225249,0.230497,41.3696
2025-08-11 00:00:00,7.67185,3.80548,0.592237,7.07962,0.046751,0.235962,0.155972,18.0535
2025-08-11 01:00:00,5.94642,1.92068,0.524827,5.42159,0.018372,0.21686,0.139973,21.8086
2025-08-11 02:00:00,1.72006,0.73696,0.290719,1.42935,0.014636,0.225582,0.092711,7.8453
2025-08-11 03:00:00,0.881431,0.687544,0.102621,0.77881,0.014694,0.226301,0.081102,3.2873
2025-08-11 04:00:00,1.30032,1.30293,0.106658,1.19367,0.004977,0.227969,0.075776,3.1337
2025-08-11 05:00:00,1.24207,0.897449,0.031416,1.21065,0.002086,0.22797,0.069358,1.9579
2025-08-11 06:00:00,2.70061,1.5121,0.186139,2.51448,0.011886,0.224352,0.092701,6.0624
2025-08-11 07:00:00,3.16178,1.1284,0.363256,2.79853,0.012146,0.22398,0.114138,11.8998
2025-08-11 08:00:00,6.5637,1.7711,0.987132,5.57657,0.038966,0.237091,0.169826,16.047
2025-08-11 09:00:00,7.90291,1.7888,0.772566,7.13034,0.039383,0.244291,0.203919,26.8106
2025-08-11 10:00:00,7.96847,1.74747,1.07603,6.89244,0.052556,0.238209,0.237603,34.7375
2025-08-11 11:00:00,11.333,2.17607,1.49716,9.83582,0.080049,0.247615,0.298892,47.7419
2025-08-11 12:00:00,11.3482,1.77206,1.4655,9.88275,0.096468,0.260049,0.342727,61.5636
2025-08-11 13:00:00,15.0074,1.88299,1.73427,13.2731,0.088142,0.251763,0.335112,60.8817
2025-08-11 14:00:00,10.365,1.83193,1.25,9.11505,0.082641,0.251352,0.31821,54.4789
2025-08-11 15:00:00,15.6881,2.08231,1.7765,13.9116,0.090854,0.256559,0.343154,63.2335
2025-08-11 16:00:00,12.7349,1.53432,1.54908,11.1858,0.07681,0.253149,0.343747,43.8306
2025-08-11 17:00:00,15.2171,1.7827,2.04309,13.174,0.101376,0.258421,0.368447,64.2724
2025-08-11 18:00:00,15.979,1.76368,2.43164,13.5473,0.109541,0.265085,0.376063,67.4966
2025-08-11 19:00:00,18.5098,1.62881,2.97546,15.5343,0.135104,0.265465,0.389901,77.9477
2025-08-11 20:00:00,21.5998,1.80208,3.25097,18.3488,0.144484,0.272552,0.40234,85.1886
2025-08-11 21:00:00,21.9303,2.18865,3.31277,18.6176,0.15598,0.270331,0.398554,54.1037
2025-08-11 22:00:00,19.5319,2.50667,1.9904,17.5415,0.104611,0.26318,0.342061,64.7528
2025-08-11 23:00:00,14.083,2.29066,1.74079,12.3422,0.079432,0.250422,0.264708,46.5622
2025-08-12 00:00:00,13.3705,3.21561,2.45307,10.9174,0.066546,0.229974,0.190375,32.251
2025-08-12 01:00:00,7.01305,1.99008,0.87837,6.13468,0.034699,0.224232,0.147921,20.7701
2025-08-12 02:00:00,2.63806,0.791734,0.22648,2.41158,0.011735,0.230415,0.099728,8.7241
2025-08-12 03:00:00,3.23694,1.41722,0.127132,3.10981,0.01146,0.225466,0.097593,6.0754
2025-08-12 04:00:00,2.61474,0.940552,0.15137,2.46337,0.007042,0.21983,0.084974,3.5695
2025-08-12 05:00:00,1.79882,0.803764,0.324666,1.47416,0.009731,0.225858,0.086338,6.6363
2025-08-12 06:00:00,1.15951,0.581498,0.136705,1.0228,0.008368,0.223455,0.091325,7.5027
2025-08-12 07:00:00,5.57096,1.62989,0.296694,5.27427,0.016195,0.237118,0.124491,10.1734
2025-08-12 08:00:00,6.87933,1.47625,0.468396,6.41094,0.025053,0.2331,0.164835,15.5818
2025-08-12 09:00:00,5.24069,1.53416,0.702411,4.53828,0.038542,0.236216,0.186745,26.1462
2025-08-12 10:00:00,7.08603,1.48181,0.635065,6.45096,0.038377,0.235571,0.199858,25.5752
2025-08-12 11:00:00,10.8989,1.59248,1.21853,9.68041,0.05838,0.079637,0.279573,40.5006
2025-08-12 12:00:00,14.3183,1.68887,2.36601,11.9523,0.124576,0.081759,0.350856,53.6285
2025-08-12 13:00:00,13.4766,1.52381,1.24381,12.2328,0.06294,0.074301,0.294819,44.082
2025-08-12 14:00:00,11.6302,1.74418,1.03997,10.5902,0.076005,0.080502,0.337768,50.9752
2025-08-12 15:00:00,13.7685,1.72495,1.96504,11.8035,0.089309,0.077372,0.341081,54.7407
2025-08-12 16:00:00,13.1926,2.31693,1.36147,11.8312,0.101481,0.090368,0.35469,59.3582
2025-08-12 17:00:00,18.2502,2.25758,3.81724,14.433,0.149445,0.085677,0.346334,60.936
2025-08-12 18:00:00,24.0934,2.32652,3.14994,20.9435,0.138369,0.13219,0.404427,85.0685
2025-08-12 19:00:00,17.8854,1.66097,2.31276,15.5726,0.104004,0.095093,0.380824,74.9961
2025-08-12 20:00:00,19.8258,1.82962,2.74903,17.0767,0.11891,0.114584,0.40225,80.8381
2025-08-12 21:00:00,21.7859,2.3461,4.0152,17.7707,0.18864,0.118413,0.400265,75.91
2025-08-12 22:00:00,16.7946,2.40679,2.96658,13.828,0.173631,0.0818,0.314229,53.4248
2025-08-12 23:00:00,8.47921,2.60578,1.22704,7.25217,0.061396,0.048073,0.236057,38.2644
2025-08-13 00:00:00,12.8079,3.50517,1.52281,11.2851,0.0496,0.049707,0.183136,19.9031
2025-08-13 01:00:00,10.6904,3.72227,0.802982,9.88739,0.030281,0.045257,0.147275,15.3717
2025-08-13 02:00:00,2.80822,1.60653,0.181094,2.62713,0.014288,0.018448,0.112644,6.9085
2025-08-13 03:00:00,1.00381,0.732706,0.081917,0.92189,0.00683,0.008717,0.092727,5.9794
2025-08-13 04:00:00,4.53744,2.351,0.206851,4.33059,0.009852,0.01544,0.109197,11.2469
2025-08-13 05:00:00,6.52455,3.6696,0.16411,6.36044,0.008773,0.020131,0.092652,6.8279
2025-08-13 06:00:00,5.17661,2.26448,0.120073,5.05654,0.006168,0.017685,0.086077,6.7846
2025-08-13 07:00:00,3.36008,1.10747,0.280072,3.08001,0.020439,0.027941,0.123277,9.3414
2025-08-13 08:00:00,8.79913,1.90128,1.66729,7.13184,0.043091,0.033031,0.171195,18.4258
2025-08-13 09:00:00,7.90958,1.72172,0.703168,7.20641,0.036023,0.036899,0.195279,27.0051
2025-08-13 10:00:00,10.7009,2.04921,1.44166,9.25928,0.056903,0.042339,0.235638,26.9408
2025-08-13 11:00:00,11.6299,2.0533,1.02352,10.6064,0.055576,0.052054,0.257232,41.2187
2025-08-13 12:00:00,17.6932,2.05495,1.70334,15.9898,0.079667,0.085784,0.3275,60.1751
2025-08-13 13:00:00,16.5909,2.05232,1.89698,14.694,0.096189,0.079378,0.340733,62.4589
2025-08-13 14:00:00,16.4279,2.59116,1.21879,15.2091,0.063157,0.083645,0.297689,32.861
2025-08-13 15:00:00,12.9196,2.49607,1.36374,11.5559,0.081248,0.079057,0.315453,48.7083
2025-08-13 16:00:00,15.8674,2.68576,2.08098,13.7865,0.094962,0.088785,0.331231,53.6105
2025-08-13 17:00:00,13.5997,2.12164,1.67874,11.921,0.100428,0.093571,0.364717,64.1147
2025-08-13 18:00:00,22.5102,2.03602,2.75912,19.7511,0.125811,0.116857,0.388263,79.1288
2025-08-13 19:00:00,19.0028,1.5958,2.50307,16.4998,0.125303,0.102069,0.386504,72.08
2025-08-13 20:00:00,18.2419,1.63253,2.32715,15.9148,0.103096,0.098639,0.394761,76.4587
2025-08-13 21:00:00,13.1658,2.0978,1.83853,11.3272,0.113593,0.092931,0.381476,53.629
2025-08-13 22:00:00,24.2747,3.44616,3.07805,21.1967,0.133186,0.088772,0.331151,59.1955
2025-08-13 23:00:00,16.5821,2.57246,1.43699,15.1451,0.069849,0.063423,0.231403,30.0813
2025-08-14 00:00:00,8.81163,1.86766,0.782242,8.02939,0.039432,0.040918,0.166649,25.1605
2025-08-14 01:00:00,4.79872,1.52147,0.409245,4.38947,0.028073,0.028588,0.142301,18.6435
2025-08-14 02:00:00,5.44446,2.64551,0.711664,4.7328,0.031543,0.043528,0.138123,12.6095
2025-08-14 03:00:00,3.47867,1.38262,0.305652,3.17302,0.01482,0.015202,0.109458,12.085
2025-08-14 04:00:00,2.18147,0.929076,0.135978,2.04549,0.007586,0.008805,0.086089,7.0637
2025-08-14 05:00:00,2.25527,1.12539,0.127845,2.12743,0.006562,0.011861,0.082524,6.0045
2025-08-14 06:00:00,3.06078,1.21944,0.312662,2.74812,0.014233,0.014391,0.100771,9.0782
2025-08-14 07:00:00,3.94776,1.35105,0.661202,3.28655,0.028892,0.02111,0.137603,17.4451
2025-08-14 08:00:00,5.51971,1.12098,0.530476,4.98923,0.023844,0.028066,0.170456,23.2284
2025-08-14 09:00:00,8.00145,1.73567,0.953065,7.04838,0.063435,0.042447,0.217065,30.6725
2025-08-14 10:00:00,10.2498,1.97035,1.03809,9.21167,0.051961,0.051508,0.241627,35.102
2025-08-14 11:00:00,14.055,2.26621,1.20752,12.8475,0.059424,0.071369,0.287571,44.8919
2025-08-14 12:00:00,16.4032,2.0732,1.7602,14.643,0.092057,0.080223,0.309983,52.2165
2025-08-14 13:00:00,11.1207,1.46556,1.43631,9.68439,0.088542,0.05805,0.268383,41.1657
2025-08-14 14:00:00,12.1645,1.91869,1.45934,10.7052,0.072457,0.068748,0.295705,47.0271
2025-08-14 15:00:00,16.015,2.38887,1.94286,14.0721,0.089385,0.078102,0.338821,40.8571
2025-08-14 16:00:00,13.6933,2.0641,1.69705,11.9962,0.079089,0.07104,0.337681,57.0322
2025-08-14 17:00:00,18.8879,2.21429,1.97872,16.9092,0.097462,0.100812,0.375194,51.8359
2025-08-14 18:00:00,14.1995,2.01812,1.85749,12.342,0.113043,0.102032,0.37829,69.6364
2025-08-14 19:00:00,25.3295,2.36724,2.57896,22.7505,0.126527,0.119075,0.396334,59.8975
2025-08-14 20:00:00,23.6615,1.99608,3.6686,19.9929,0.139406,0.127754,0.410275,62.8043
2025-08-14 21:00:00,21.6633,2.12636,2.92017,18.7432,0.142937,0.114518,0.403764,62.7687
2025-08-14 22:00:00,17.0512,2.45341,2.3539,14.6973,0.107946,0.078246,0.325168,62.5411
2025-08-14 23:00:00,11.5075,3.16139,1.56887,9.93859,0.104401,0.067774,0.298183,54.9379
2025-08-15 00:00:00,7.90965,2.65603,0.780508,7.12914,0.033824,0.033011,0.168999,19.2967
2025-08-15 01:00:00,4.46761,1.92404,0.380429,4.08718,0.018766,0.018491,0.126575,16.4207
2025-08-15 02:00:00,5.21669,2.36263,0.556389,4.6603,0.022199,0.022243,0.138018,17.6527
2025-08-15 03:00:00,3.28076,1.79472,0.457488,2.82327,0.013833,0.012966,0.104802,12.6574
2025-08-15 04:00:00,2.33559,1.32855,0.210916,2.12467,0.01503,0.008907,0.101761,11.9471
2025-08-15 05:00:00,1.86293,1.17165,0.181417,1.68151,0.006501,0.007746,0.086174,8.8546
2025-08-15 06:00:00,1.91633,1.28268,0.166726,1.7496,0.009583,0.011092,0.090897,6.4138
2025-08-15 07:00:00,2.73659,0.91159,0.257597,2.47899,0.017567,0.014656,0.125624,17.194
2025-08-15 08:00:00,6.96219,2.00293,1.41226,5.54993,0.054316,0.035183,0.200182,29.2875
2025-08-15 09:00:00,6.65205,2.03427,0.519955,6.1321,0.037339,0.040055,0.207586,32.6884
2025-08-15 10:00:00,8.13753,1.51763,0.785063,7.35247,0.042624,0.040622,0.235746,37.0885
2025-08-15 11:00:00,9.86504,1.4702,1.0872,8.77784,0.064074,0.050964,0.280695,46.1191
2025-08-15 12:00:00,10.5084,1.80001,1.18866,9.31978,0.073448,0.063265,0.308562,52.2462
2025-08-15 13:00:00,16.6323,2.11124,1.69939,14.9329,0.084862,0.079665,0.318476,56.4538
2025-08-15 14:00:00,13.5914,1.68419,1.47463,12.1168,0.0792,0.069689,0.311441,51.0908
2025-08-15 15:00:00,14.5004,1.68727,1.63306,12.8673,0.082867,0.075659,0.345388,45.348
2025-08-15 16:00:00,14.6384,2.17833,1.59372,13.0446,0.097365,0.09359,0.3639,49.4728
2025-08-15 17:00:00,24.5923,2.72944,2.78051,21.8118,0.115702,0.116637,0.387242,77.3556
2025-08-15 18:00:00,13.3467,2.12866,1.73246,11.6143,0.100001,0.082792,0.348255,65.1049
2025-08-15 19:00:00,15.9446,1.66263,2.38496,13.5597,0.093817,0.081676,0.351148,47.6747
2025-08-15 20:00:00,21.9179,2.20502,2.6672,19.2507,0.110298,0.105011,0.376233,71.9109
2025-08-15 21:00:00,19.7835,2.25684,2.31193,17.4715,0.104889,0.094917,0.376665,66.0259
2025-08-15 22:00:00,17.6915,2.50234,2.35759,15.334,0.129047,0.087927,0.354079,48.9664
2025-08-15 23:00:00,18.0266,3.49353,2.08799,15.9386,0.1269,0.070198,0.272716,49.363
2025-08-16 00:00:00,8.47362,2.42381,0.722572,7.75105,0.076161,0.051515,0.207017,21.8164
2025-08-16 01:00:00,5.12532,1.63644,0.978633,4.14669,0.042953,0.032608,0.162177,16.8287
2025-08-16 02:00:00,12.6358,3.57551,0.575801,12.06,0.037354,0.043594,0.143777,14.5865
2025-08-16 03:00:00,1.8402,0.798697,0.216297,1.6239,0.012605,0.009179,0.102363,10.1017
2025-08-16 04:00:00,4.43679,2.42183,0.231407,4.20538,0.014171,0.022762,0.090632,8.2138
2025-08-16 05:00:00,1.69536,0.713536,0.089361,1.606,0.004085,0.006834,0.077451,4.9654
2025-08-16 06:00:00,1.78232,0.928294,0.130622,1.6517,0.006647,0.008627,0.084918,6.6412
2025-08-16 07:00:00,3.74055,1.33686,0.220261,3.52028,0.011402,0.016649,0.109514,11.5826
2025-08-16 08:00:00,6.38714,1.51786,0.427424,5.95972,0.023816,0.030928,0.155908,15.4972
2025-08-16 09:00:00,5.5673,1.52445,0.626745,4.94055,0.038951,0.034635,0.189477,24.6867
2025-08-16 10:00:00,8.71531,1.43864,0.792032,7.92328,0.039985,0.044297,0.221957,24.777
2025-08-16 11:00:00,9.73029,1.87049,1.00997,8.72032,0.061976,0.05817,0.272572,41.522
2025-08-16 12:00:00,15.4695,1.53619,1.9982,13.4713,0.0976,0.078144,0.338638,54.7079
2025-08-16 13:00:00,17.0394,1.76209,1.73419,15.3052,0.080732,0.090614,0.334907,56.5668
2025-08-16 14:00:00,13.2454,1.87082,1.72146,11.5239,0.090828,0.098608,0.38068,63.6513
2025-08-16 15:00:00,14.8133,2.08932,1.67849,13.1348,0.076481,0.07151,0.32325,53.0707
2025-08-16 16:00:00,21.3957,2.47178,2.23132,19.1644,0.102159,0.108286,0.366847,63.3493
2025-08-16 17:00:00,15.8941,1.48793,1.98327,13.9108,0.092787,0.087928,0.357085,62.1756
2025-08-16 18:00:00,18.0956,1.75652,2.28726,15.8084,0.098404,0.099231,0.368705,68.5256
2025-08-16 19:00:00,18.855,1.61984,2.56311,16.2919,0.117214,0.101677,0.387421,73.9648
2025-08-16 20:00:00,25.1739,2.39205,3.08609,22.0878,0.14636,0.123967,0.394624,80.2699
2025-08-16 21:00:00,20.3956,2.49091,2.50686,17.8887,0.115877,0.09489,0.359217,50.1906
2025-08-16 22:00:00,12.8983,2.00284,1.83457,11.0637,0.075571,0.063517,0.281424,46.1766
2025-08-16 23:00:00,19.1994,4.2104,1.47522,17.7242,0.076837,0.077855,0.234515,37.2346
2025-08-17 00:00:00,11.2334,4.76798,0.844384,10.389,0.036098,0.059462,0.201457,37.8164
2025-08-17 01:00:00,12.7822,4.41985,3.84459,8.93763,0.137148,0.038109,0.165943,25.6915
2025-08-17 02:00:00,5.11707,2.24433,0.420864,4.6962,0.020096,0.020303,0.119655,15.0113
2025-08-17 03:00:00,2.14387,1.34665,0.417413,1.72646,0.025011,0.009486,0.098238,6.8938
2025-08-17 04:00:00,0.689088,0.364596,0.104231,0.584857,0.005766,0.003659,0.073818,3.4264
2025-08-17 05:00:00,0.839417,0.514349,0.097095,0.742322,0.00505,0.004648,0.095726,5.0173
2025-08-17 06:00:00,1.61803,0.985401,0.147519,1.47051,0.00698,0.008394,0.083976,6.5412
2025-08-17 07:00:00,2.72319,1.13656,0.186393,2.5368,0.010942,0.014499,0.102123,9.3218
2025-08-17 08:00:00,7.04949,1.90218,0.492538,6.55695,0.026001,0.036316,0.159261,21.0924
2025-08-17 09:00:00,8.40756,2.26375,0.91253,7.49503,0.052237,0.057088,0.231308,35.2965
2025-08-17 10:00:00,9.30586,1.79511,0.733752,8.57211,0.039094,0.047829,0.233633,33.1914
2025-08-17 11:00:00,11.0961,2.08966,0.971655,10.1244,0.06379,0.071105,0.287553,45.7544
2025-08-17 12:00:00,16.6576,1.86077,1.52294,15.1346,0.083283,0.090145,0.350165,45.7266
2025-08-17 13:00:00,14.2631,1.93111,1.6186,12.6446,0.099876,0.102678,0.369184,63.5115
2025-08-17 14:00:00,17.5724,1.73229,2.118,15.4544,0.09371,0.088913,0.354517,59.2354
2025-08-17 15:00:00,18.5946,2.376,2.26172,16.3328,0.089877,0.093708,0.364918,58.417
2025-08-17 16:00:00,14.5981,1.73415,2.1734,12.4247,0.10689,0.082312,0.344602,57.0421
2025-08-17 17:00:00,18.4001,1.82686,2.25939,16.1407,0.115296,0.099674,0.389841,76.9501
2025-08-17 18:00:00,21.4515,1.92321,2.47976,18.9717,0.125542,0.108613,0.388439,56.2563
2025-08-17 19:00:00,14.7764,1.45926,1.71418,13.0622,0.119035,0.115835,0.400036,72.7981
2025-08-17 20:00:00,20.5368,1.58316,3.25763,17.2791,0.136733,0.117645,0.402465,84.0023
2025-08-17 21:00:00,12.7669,1.82437,1.98688,10.7801,0.109407,0.095975,0.382368,71.4426
2025-08-17 22:00:00,8.12265,2.0046,1.52123,6.60141,0.094854,0.05455,0.308317,38.5237
2025-08-17 23:00:00,8.50689,2.59832,1.47855,7.02833,0.063565,0.034852,0.211706,33.4581
2025-08-18 00:00:00,6.46948,2.26999,0.670054,5.79943,0.036276,0.028438,0.152572,21.8925
2025-08-18 01:00:00,5.89049,2.00084,0.365548,5.52494,0.018764,0.024095,0.123713,9.6524
2025-08-18 02:00:00,2.99121,1.14694,0.328251,2.66296,0.017585,0.011893,0.113604,10.6936
2025-08-18 03:00:00,2.44557,1.19296,0.225506,2.22007,0.012508,0.010385,0.093629,5.1016
2025-08-18 04:00:00,1.50704,1.12298,0.137171,1.36987,0.006692,0.0074,0.074531,4.1715
2025-08-18 05:00:00,1.54477,1.16323,0.10097,1.4438,0.005102,0.007323,0.075911,3.768
2025-08-18 06:00:00,2.70128,1.99799,0.123041,2.57824,0.0059,0.013424,0.081594,5.4177
2025-08-18 07:00:00,3.77318,1.77645,0.350824,3.42235,0.014295,0.017327,0.10891,10.6609
2025-08-18 08:00:00,7.86785,2.13917,0.619895,7.24796,0.029635,0.039301,0.185988,25.1081
2025-08-18 09:00:00,7.30737,2.00421,0.773106,6.53426,0.037084,0.034563,0.217752,31.824
2025-08-18 10:00:00,9.36854,2.18279,0.87872,8.48982,0.045608,0.046555,0.23063,35.8616
2025-08-18 11:00:00,10.3584,1.97745,1.17211,9.18626,0.071054,0.153278,0.286665,48.7126
2025-08-18 12:00:00,11.3482,1.7721,1.4655,9.8827,0.0965,0.26,0.3427,61.5636
2025-08-18 13:00:00,15.0074,1.883,1.7343,13.2731,0.0881,0.2518,0.3351,60.8817
2025-08-18 14:00:00,16.5193,2.13097,1.72549,14.7938,0.083384,0.093146,0.35644,56.8854
2025-08-18 15:00:00,17.2753,2.45388,1.65473,15.6206,0.086379,0.094702,0.355807,61.1458
2025-08-18 16:00:00,15.1865,2.28506,1.27202,13.9145,0.0717,0.086971,0.346776,59.4339
2025-08-18 17:00:00,16.2013,1.84399,2.81437,13.3869,0.106803,0.082662,0.362486,59.5025
2025-08-18 18:00:00,25.4283,2.20847,4.39492,21.0334,0.244615,0.138986,0.407758,66.2287
2025-08-18 19:00:00,23.5466,1.79828,3.51218,20.0344,0.195236,0.126147,0.41318,93.5396
2025-08-18 20:00:00,24.2169,1.836,3.20543,21.0114,0.168914,0.12573,0.407127,82.3311
2025-08-18 21:00:00,21.9303,2.1887,3.3128,18.6176,0.156,0.2703,0.3986,54.1037
2025-08-18 22:00:00,17.7935,2.57281,2.37253,15.421,0.105316,0.084644,0.309305,57.168
2025-08-18 23:00:00,10.2467,2.1162,1.61014,8.63652,0.065421,0.044748,0.20786,36.2639
2025-08-19 00:00:00,7.1436,2.01228,0.933761,6.20984,0.056218,0.031889,0.164866,20.8796
2025-08-19 01:00:00,3.88261,1.43907,0.487969,3.39464,0.028622,0.014669,0.108674,10.9295
2025-08-19 02:00:00,1.89095,0.823586,0.289138,1.60182,0.013205,0.008584,0.091624,5.781
2025-08-19 03:00:00,1.5593,0.759151,0.241498,1.3178,0.009534,0.006366,0.085085,5.5162
2025-08-19 04:00:00,1.41014,0.919259,0.107462,1.30268,0.004527,0.004712,0.075954,4.8178
2025-08-19 05:00:00,1.76584,1.19475,0.14005,1.62579,0.007813,0.008316,0.075323,4.6128
2025-08-19 06:00:00,1.27597,1.04417,0.134179,1.14179,0.008325,0.009724,0.081316,5.3604
2025-08-19 07:00:00,2.85963,1.09901,0.235578,2.62405,0.016148,0.014236,0.113147,10.0469
2025-08-19 08:00:00,4.5876,1.14862,0.408919,4.17868,0.032551,0.02749,0.164666,21.5328
2025-08-19 09:00:00,9.18583,1.82186,0.749014,8.43681,0.038326,0.042976,0.198619,29.7162
2025-08-19 10:00:00,10.8585,2.47572,1.16219,9.69631,0.044086,0.050572,0.213512,32.2144
2025-08-19 11:00:00,8.65363,1.78425,0.894349,7.75928,0.041118,0.045736,0.229739,36.063
2025-08-19 12:00:00,8.901,1.69672,1.57352,7.32748,0.070878,0.050995,0.258072,31.3993
2025-08-19 13:00:00,21.8581,3.24015,2.34677,19.5113,0.094874,0.110805,0.318511,53.8206
2025-08-19 14:00:00,16.0143,2.1682,2.35564,13.6587,0.107862,0.086717,0.332592,53.8741
2025-08-19 15:00:00,15.0138,2.30132,1.79949,13.2143,0.09522,0.079669,0.303807,48.3025
2025-08-19 16:00:00,13.7686,2.15403,1.79619,11.9724,0.080128,0.064801,0.317679,51.41
2025-08-19 17:00:00,18.931,2.24027,2.47305,16.458,0.109264,0.0985,0.36104,68.2392
2025-08-19 18:00:00,24.0934,2.3265,3.1499,20.9435,0.1384,0.1322,0.4044,85.0685
2025-08-19 19:00:00,17.8854,1.661,2.3128,15.5726,0.104,0.0951,0.3808,74.9961
2025-08-19 20:00:00,19.8258,1.8296,2.749,17.0767,0.1189,0.1146,0.4023,80.8381
2025-08-19 21:00:00,21.7859,2.3461,4.0152,17.7707,0.1886,0.1184,0.4003,75.91
2025-08-19 22:00:00,16.7946,2.4068,2.9666,13.828,0.1736,0.0818,0.3142,53.4248
2025-08-19 23:00:00,8.4792,2.6058,1.227,7.2522,0.0614,0.0481,0.2361,38.2644
2025-08-20 00:00:00,12.8079,3.5052,1.5228,11.2851,0.0496,0.0497,0.1831,19.9031
2025-08-20 01:00:00,10.6904,3.7223,0.803,9.8874,0.0303,0.0453,0.1473,15.3717
2025-08-20 02:00:00,3.00054,1.07086,0.420721,2.57982,0.019965,0.014154,0.105597,9.953
2025-08-20 03:00:00,2.2992,1.00754,0.139903,2.15929,0.008217,0.011081,0.084696,5.344
2025-08-20 04:00:00,1.10149,0.551848,0.093698,1.00779,0.006822,0.006048,0.081263,4.4969
2025-08-20 05:00:00,0.812357,0.498991,0.12277,0.689587,0.004099,0.003923,0.069398,2.2354
2025-08-20 06:00:00,1.66573,0.921308,0.216416,1.44931,0.009604,0.008525,0.082397,5.1337
2025-08-20 07:00:00,4.3398,1.53784,0.27388,4.06592,0.011608,0.020336,0.117704,13.1374
2025-08-20 08:00:00,4.67912,1.28406,0.445297,4.23382,0.024183,0.027476,0.171581,22.3102
2025-08-20 09:00:00,13.1983,3.68463,0.739389,12.4589,0.040342,0.034275,0.183171,24.8087
2025-08-20 10:00:00,7.59201,2.35338,0.865186,6.72682,0.043422,0.046171,0.22545,31.282
2025-08-20 11:00:00,12.3758,2.22266,1.26323,11.1125,0.050004,0.055292,0.243331,36.1743
2025-08-20 12:00:00,14.4167,2.20304,1.22538,13.1913,0.058707,0.070321,0.274063,31.089
2025-08-20 13:00:00,13.9397,1.84339,1.37927,12.5605,0.067865,0.072704,0.28463,45.9025
2025-08-20 14:00:00,8.09996,1.41509,0.923142,7.17682,0.059936,0.063571,0.277919,43.7922
2025-08-20 15:00:00,15.1869,2.20805,1.46385,13.7231,0.075072,0.067792,0.312766,53.4223
2025-08-20 16:00:00,11.7803,2.07765,1.142,10.6383,0.072138,0.07514,0.331281,53.6594
2025-08-20 17:00:00,17.3268,1.94421,2.33335,14.9934,0.125686,0.088177,0.359038,59.6395
2025-08-20 18:00:00,20.4765,1.99265,2.25851,18.218,0.103538,0.107267,0.402277,70.3207
2025-08-20 19:00:00,20.0338,1.86778,3.10896,16.9249,0.131225,0.102877,0.38222,53.2772
2025-08-20 20:00:00,18.1884,1.66316,2.69657,15.4918,0.113687,0.094601,0.391576,73.4744
2025-08-20 21:00:00,18.2799,1.98652,2.6705,15.6094,0.140953,0.094915,0.369897,65.3787
2025-08-20 22:00:00,15.2936,2.28947,2.49908,12.7946,0.112628,0.071035,0.330321,57.9619
2025-08-20 23:00:00,9.37048,1.8771,1.06661,8.30387,0.055895,0.045118,0.211237,34.8244
2025-08-21 00:00:00,11.856,3.4445,1.20825,10.6477,0.046477,0.053148,0.178806,25.3387
2025-08-21 01:00:00,3.34583,1.7408,0.279788,3.06604,0.021305,0.021759,0.132114,16.4509
2025-08-21 02:00:00,3.37111,1.29958,0.391106,2.98,0.018508,0.015909,0.111702,13.1493
2025-08-21 03:00:00,2.55999,2.04473,0.119777,2.44022,0.013042,0.012486,0.09367,7.376
2025-08-21 04:00:00,0.410245,0.355498,0.049519,0.360726,0.004103,0.006897,0.078246,3.3441
2025-08-21 05:00:00,0.504936,0.351626,0.095613,0.409323,0.004879,0.002633,0.070361,3.9471
2025-08-21 06:00:00,0.907134,0.672948,0.104618,0.802516,0.005982,0.00531,0.083233,4.8852
2025-08-21 07:00:00,4.25834,2.31432,0.206816,4.05152,0.013108,0.024961,0.130982,16.634
2025-08-21 08:00:00,6.92403,2.34713,0.405371,6.51865,0.022367,0.037205,0.161556,20.3764
2025-08-21 09:00:00,6.68591,2.13607,0.725977,5.95993,0.034894,0.031522,0.170342,22.8047
2025-08-21 10:00:00,8.19772,2.28095,0.878435,7.31929,0.058245,0.054538,0.242759,37.1999
2025-08-21 11:00:00,10.6229,1.79139,1.396,9.22694,0.060478,0.053452,0.279571,31.8129
2025-08-21 12:00:00,14.9337,2.05077,1.37803,13.5557,0.077472,0.071597,0.299625,47.8778
2025-08-21 13:00:00,13.6141,1.88875,1.84477,11.7694,0.078318,0.067779,0.285948,44.8537
2025-08-21 14:00:00,11.7109,2.2495,2.04185,9.66904,0.082133,0.080682,0.361876,42.0844
2025-08-21 15:00:00,15.4233,2.35902,1.62573,13.7975,0.075762,0.078778,0.328893,55.0226
2025-08-21 16:00:00,12.4471,2.25165,1.4186,11.0285,0.08367,0.086697,0.339164,58.1944
2025-08-21 17:00:00,10.5703,1.98764,1.13519,9.43506,0.089037,0.079733,0.327171,52.4593
2025-08-21 18:00:00,14.7289,1.98503,1.9349,12.794,0.127961,0.120996,0.378987,65.1081
2025-08-21 19:00:00,19.2827,1.85054,2.2863,16.9964,0.103735,0.103664,0.384979,69.3147
2025-08-21 20:00:00,17.7174,1.84825,2.40343,15.314,0.112408,0.096804,0.374823,67.9082
2025-08-21 21:00:00,16.1521,1.84596,2.52056,13.6316,0.121081,0.089944,0.364667,66.5018
2025-08-21 22:00:00,12.7474,2.19027,2.03012,10.7172,0.131623,0.065633,0.303166,32.5745
2025-08-21 23:00:00,9.5434,2.17093,1.11959,8.42381,0.063186,0.046502,0.217034,35.1471
2025-08-22 00:00:00,7.0248,3.48452,0.38884,6.63596,0.031085,0.041675,0.166573,28.0968
2025-08-22 01:00:00,6.83985,3.22027,0.596569,6.24328,0.047746,0.030357,0.151402,14.1001
2025-08-22 02:00:00,2.6873,1.54977,0.285608,2.40169,0.01489,0.013289,0.099791,9.7159
2025-08-22 03:00:00,1.92808,1.4198,0.122048,1.80603,0.006593,0.010714,0.080862,4.0922
2025-08-22 04:00:00,0.725914,0.642402,0.076963,0.648951,0.003724,0.002953,0.069434,2.5793
2025-08-22 05:00:00,0.448429,0.324948,0.05167,0.396759,0.004539,0.00393,0.07337,3.1194
2025-08-22 06:00:00,2.20898,1.26517,0.122148,2.08684,0.005788,0.011053,0.085213,6.7843
2025-08-22 07:00:00,2.51848,0.901388,0.202362,2.31612,0.011898,0.013227,0.108149,8.9068
2025-08-22 08:00:00,5.11727,1.45212,0.622747,4.49452,0.022572,0.026938,0.139483,16.2736
2025-08-22 09:00:00,4.79236,1.33865,0.419722,4.37264,0.023791,0.026988,0.165156,20.2739
2025-08-22 10:00:00,5.78846,1.41666,0.993196,4.79527,0.049369,0.029068,0.199609,28.9377
2025-08-22 11:00:00,10.945,2.14356,1.26473,9.68027,0.049846,0.050353,0.262012,43.0068
2025-08-22 12:00:00,9.58146,1.87284,1.32439,8.25707,0.096968,0.066376,0.31566,50.2203
2025-08-22 13:00:00,15.1557,1.98893,1.6286,13.5271,0.088973,0.074259,0.305702,49.1945
2025-08-22 14:00:00,13.7621,2.08453,1.73451,12.0276,0.076256,0.070759,0.299948,49.1203
2025-08-22 15:00:00,9.87542,1.65862,1.60172,8.2737,0.055595,0.052982,0.250542,34.4191
2025-08-22 16:00:00,15.0392,2.3462,2.48061,12.5585,0.099235,0.072937,0.309231,51.1378
2025-08-22 17:00:00,12.9867,2.29854,1.66281,11.3239,0.087677,0.081784,0.335428,59.417
2025-08-22 18:00:00,23.9669,2.33915,3.03272,20.9342,0.130448,0.136755,0.40283,83.6754
2025-08-22 19:00:00,24.0013,1.99678,2.50789,21.4934,0.111602,0.126813,0.404049,83.8182
2025-08-22 20:00:00,20.37,1.73008,2.72404,17.6459,0.10112,0.106941,0.389593,57.5949
2025-08-22 21:00:00,25.6367,2.10206,3.54036,22.0964,0.149302,0.131102,0.405921,92.0378
2025-08-22 22:00:00,16.2327,1.78147,2.9355,13.2972,0.113389,0.077978,0.35416,66.8187
2025-08-22 23:00:00,11.6218,2.00723,1.43361,10.1882,0.067096,0.0573,0.249903,39.7404
2025-08-23 00:00:00,6.31128,1.65999,0.836301,5.47498,0.034815,0.02597,0.145218,20.6345
2025-08-23 01:00:00,3.15029,1.55034,0.372366,2.77793,0.02527,0.024408,0.136272,17.115
2025-08-23 02:00:00,5.51982,2.4295,0.616131,4.90369,0.033252,0.022143,0.141958,14.0228
2025-08-23 03:00:00,3.12992,1.84983,1.01616,2.11376,0.029141,0.010065,0.100996,9.3829
2025-08-23 04:00:00,1.77355,1.6891,0.10645,1.6671,0.008009,0.010292,0.093586,5.7519
2025-08-23 05:00:00,0.376679,0.321948,0.022209,0.35447,0.001519,0.002268,0.066189,1.1665
2025-08-23 06:00:00,1.92897,1.22086,0.077489,1.85148,0.003675,0.009142,0.076819,3.8538
2025-08-23 07:00:00,3.1239,1.60364,0.339909,2.78399,0.012055,0.018908,0.103334,9.724
2025-08-23 08:00:00,8.50016,2.02868,0.515013,7.98514,0.025596,0.03799,0.166869,25.2492
2025-08-23 09:00:00,6.87237,1.59304,0.642657,6.22971,0.043782,0.046075,0.199342,28.9529
2025-08-23 10:00:00,10.7043,1.8248,0.8814,9.8229,0.039856,0.049193,0.239297,24.9783
2025-08-23 11:00:00,12.9017,1.70793,1.3781,11.5236,0.063766,0.066212,0.29458,47.9181
2025-08-23 12:00:00,15.1295,1.57632,1.8376,13.2919,0.100694,0.079657,0.358895,63.9074
2025-08-23 13:00:00,17.2097,1.78932,2.6916,14.5181,0.115351,0.083868,0.372238,65.8815
2025-08-23 14:00:00,20.756,2.29856,1.93487,18.8211,0.088941,0.106512,0.367224,60.9176
2025-08-23 15:00:00,13.9366,2.09384,1.87365,12.0629,0.156763,0.103012,0.383264,47.981
2025-08-23 16:00:00,14.5744,1.66717,1.85182,12.7226,0.072576,0.077731,0.343592,58.8003
2025-08-23 17:00:00,15.5567,1.7013,2.31856,13.2381,0.097173,0.089733,0.380034,65.0015
2025-08-23 18:00:00,21.1941,1.93483,2.71856,18.4756,0.119189,0.110767,0.40192,74.7845
2025-08-23 19:00:00,26.9203,2.07111,3.84134,23.0789,0.157726,0.143276,0.415134,101.302
2025-08-23 20:00:00,25.2912,2.09642,3.09904,22.1921,0.154926,0.138772,0.410269,99.6623
2025-08-23 21:00:00,23.6547,2.25411,2.64353,21.0111,0.134656,0.132783,0.405989,86.7476
2025-08-23 22:00:00,15.5459,2.13777,1.4817,14.0642,0.111852,0.085635,0.313347,56.588
2025-08-23 23:00:00,11.9333,2.68286,1.34127,10.5921,0.066126,0.052872,0.235953,38.8805
2025-08-24 00:00:00,8.68619,2.50322,0.732766,7.95342,0.037323,0.036698,0.180555,17.948
2025-08-24 01:00:00,7.56955,2.65226,0.715834,6.85372,0.03268,0.033096,0.1644,24.1043
2025-08-24 02:00:00,2.80272,1.59973,0.281781,2.52094,0.018954,0.020157,0.1274,14.4762
2025-08-24 03:00:00,1.51776,1.11273,0.194873,1.32288,0.009437,0.007598,0.081099,4.1079
2025-08-24 04:00:00,1.17072,1.00061,0.182549,0.988168,0.008395,0.007516,0.078728,3.8911
2025-08-24 05:00:00,1.28391,1.1779,0.095229,1.18868,0.006109,0.009982,0.081673,4.9756
2025-08-24 06:00:00,1.14253,0.983243,0.077343,1.06519,0.004078,0.00557,0.075321,4.3684
2025-08-24 07:00:00,1.48034,0.75915,0.129416,1.35093,0.008368,0.009487,0.095773,7.0766
2025-08-24 08:00:00,5.76638,1.85176,0.368394,5.39799,0.020652,0.029081,0.140917,13.3805
2025-08-24 09:00:00,9.30352,2.59007,0.521822,8.78169,0.031145,0.044168,0.192411,27.3063
2025-08-24 10:00:00,9.60096,2.66842,0.695052,8.90591,0.048752,0.057983,0.253303,29.6599
2025-08-24 11:00:00,12.2039,1.75849,1.30889,10.895,0.073523,0.067799,0.301064,43.9985
2025-08-24 12:00:00,14.5445,1.55357,1.59838,12.9462,0.076578,0.079331,0.331906,55.8378
2025-08-24 13:00:00,17.7441,1.76138,1.72912,16.015,0.082847,0.101761,0.376473,62.2812
2025-08-24 14:00:00,21.2947,2.11509,1.88976,19.405,0.086232,0.117713,0.364108,62.3446
2025-08-24 15:00:00,18.6526,1.73804,2.49498,16.1576,0.104572,0.101266,0.386431,49.2906
2025-08-24 16:00:00,15.7167,1.99806,1.93954,13.7772,0.096671,0.115246,0.385289,71.9326
2025-08-24 17:00:00,17.7079,1.71289,2.50132,15.2066,0.115011,0.097935,0.369699,64.7073
2025-08-24 18:00:00,22.3675,2.20109,2.96441,19.4031,0.132381,0.117518,0.397711,72.1911
2025-08-24 19:00:00,17.3609,1.52637,2.15341,15.2075,0.094671,0.09719,0.384666,68.4505
2025-08-24 20:00:00,18.1228,1.7612,2.19143,15.9314,0.09877,0.098332,0.371531,50.2875
2025-08-24 21:00:00,10.7942,1.5311,1.45886,9.33536,0.069952,0.060632,0.300174,46.0196
2025-08-24 22:00:00,10.9925,2.17072,1.25719,9.73531,0.08461,0.067354,0.28904,37.1678
2025-08-24 23:00:00,14.2566,2.94802,1.57376,12.6829,0.072346,0.054276,0.26404,46.5587
2025-08-25 00:00:00,11.6475,3.69996,0.853306,10.7942,0.031974,0.042438,0.180526,26.4973
2025-08-25 01:00:00,7.24306,2.6966,0.558902,6.68416,0.029929,0.031958,0.157998,19.8767
2025-08-25 02:00:00,2.62707,1.91199,0.136927,2.49015,0.012646,0.011251,0.110579,9.7099
2025-08-25 03:00:00,0.704914,0.835206,0.055613,0.649301,0.007084,0.00757,0.08774,8.4305
2025-08-25 04:00:00,1.40371,1.53578,0.112719,1.29099,0.006781,0.007132,0.088427,6.5315
2025-08-25 05:00:00,0.151874,0.20196,0.031294,0.12058,0.002245,0.0014,0.071694,6.2638
2025-08-25 06:00:00,0.58665,0.543194,0.053706,0.532944,0.002811,0.003336,0.076794,6.9874
2025-08-25 07:00:00,2.64257,1.63122,0.145416,2.49715,0.010203,0.017312,0.110624,12.084
2025-08-25 08:00:00,6.67413,1.91455,0.62272,6.05141,0.031687,0.03294,0.169192,23.5098
2025-08-25 09:00:00,5.2333,1.33776,0.454441,4.77886,0.025776,0.030334,0.184744,25.201
2025-08-25 10:00:00,7.64047,1.51296,0.890335,6.75013,0.043433,0.03896,0.223028,34.4546
2025-08-25 11:00:00,10.0531,1.48276,1.12209,8.93101,0.062041,0.049639,0.293351,33.492
2025-08-25 12:00:00,15.5939,2.76488,1.29462,14.2993,0.084367,0.097223,0.365523,62.5298
2025-08-25 13:00:00,11.2681,1.83759,1.01652,10.2516,0.074755,0.078889,0.335017,43.4836
2025-08-25 14:00:00,15.678,2.15121,1.99036,13.6876,0.093727,0.08212,0.347118,62.3972
2025-08-25 15:00:00,14.2916,2.88254,1.57763,12.714,0.08619,0.091652,0.351874,61.7425
2025-08-25 16:00:00,15.1393,2.25019,1.54514,13.5942,0.074195,0.079127,0.355975,60.9317
2025-08-25 17:00:00,18.9926,2.22448,1.93792,17.0547,0.096566,0.104127,0.396876,71.2764
2025-08-25 18:00:00,20.3804,1.8213,2.87989,17.5005,0.123231,0.118026,0.40232,81.9587
2025-08-25 19:00:00,21.5385,1.99727,3.00795,18.5306,0.138629,0.10912,0.407987,85.1171
2025-08-25 20:00:00,22.18,1.88573,3.26976,18.9102,0.13087,0.109227,0.404799,82.7491
2025-08-25 21:00:00,16.5108,2.06128,2.49929,14.0115,0.16047,0.082755,0.364651,50.0759
2025-08-25 22:00:00,12.7551,3.0573,1.61029,11.1448,0.116037,0.074699,0.321703,57.3836
2025-08-25 23:00:00,10.7231,2.94969,1.42361,9.29946,0.086299,0.054765,0.247425,38.0114
2025-08-26 00:00:00,8.69106,2.84207,1.23693,7.45414,0.056562,0.03483,0.173147,18.6392
2025-08-26 01:00:00,8.92948,3.14197,1.07669,7.85278,0.04398,0.033031,0.143426,13.69
2025-08-26 02:00:00,2.73012,1.46465,0.981136,1.74898,0.02314,0.008329,0.097037,5.2069
2025-08-26 03:00:00,2.01695,1.45945,0.150112,1.86684,0.012699,0.009408,0.086248,5.8698
2025-08-26 04:00:00,0.650065,0.740393,0.083547,0.566518,0.004728,0.003877,0.072862,3.0419
2025-08-26 05:00:00,0.607591,0.740966,0.031952,0.575639,0.001752,0.003447,0.065036,1.6023
2025-08-26 06:00:00,1.87606,1.76653,0.111221,1.76484,0.005498,0.009381,0.078569,4.0946
2025-08-26 07:00:00,3.74313,1.56748,0.330261,3.41287,0.015435,0.018622,0.114739,12.3696
2025-08-26 08:00:00,7.02057,1.9877,0.597161,6.42341,0.02908,0.03642,0.184867,19.4405
2025-08-26 09:00:00,9.1858,1.8219,0.749,8.4368,0.0383,0.043,0.1986,29.7162
2025-08-26 10:00:00,10.8585,2.4757,1.1622,9.6963,0.0441,0.0506,0.2135,32.2144
2025-08-26 11:00:00,11.038,1.80714,1.47663,9.56139,0.072706,0.058541,0.309964,37.1198
2025-08-26 12:00:00,15.7002,1.77685,1.76351,13.9367,0.087114,0.088657,0.348707,56.6933
2025-08-26 13:00:00,14.1511,1.8236,1.93097,12.2202,0.080405,0.071256,0.310449,51.6044
2025-08-26 14:00:00,13.1088,2.00378,1.11764,11.9911,0.054713,0.077225,0.27778,41.8318
2025-08-26 15:00:00,10.4675,2.48989,1.56147,8.90601,0.077117,0.066734,0.315816,49.9872
2025-08-26 16:00:00,14.1218,2.03075,1.49093,12.6309,0.071446,0.077527,0.34326,53.5463
2025-08-26 17:00:00,13.1874,2.40294,1.49186,11.6955,0.082063,0.092573,0.366621,63.1108
2025-08-26 18:00:00,23.3539,2.34666,2.47894,20.875,0.100933,0.127726,0.393976,72.0486
2025-08-26 19:00:00,16.9782,1.58349,3.44858,13.5296,0.125598,0.084617,0.381358,68.0466
2025-08-26 20:00:00,14.8833,1.73304,2.42444,12.4589,0.120098,0.08191,0.361383,65.6999
2025-08-26 21:00:00,15.0713,2.23742,1.84656,13.2247,0.08468,0.08132,0.308249,53.7972
2025-08-26 22:00:00,15.7185,3.22761,2.52414,13.1943,0.091941,0.069403,0.279812,48.9883
2025-08-26 23:00:00,11.3327,3.08961,1.50086,9.83182,0.053697,0.052693,0.226917,30.2251
2025-08-27 00:00:00,7.46652,3.68171,0.700846,6.76567,0.036996,0.03567,0.174155,26.4629
2025-08-27 01:00:00,5.01814,2.51158,1.15866,3.85948,0.053914,0.021,0.12246,16.6813
2025-08-27 02:00:00,3.51129,1.28807,0.329098,3.18219,0.013831,0.014144,0.105335,8.9021
2025-08-27 03:00:00,2.03,1.81574,0.182833,1.84717,0.016537,0.01385,0.10509,11.6675
2025-08-27 04:00:00,1.95397,1.32923,0.116239,1.83773,0.006188,0.007427,0.082542,8.6833
2025-08-27 05:00:00,1.32744,1.24994,0.070886,1.25655,0.003842,0.00452,0.074461,6.2805
2025-08-27 06:00:00,1.57581,1.21403,0.344835,1.23098,0.009057,0.00643,0.080843,7.0549
2025-08-27 07:00:00,4.06256,1.68992,0.244726,3.81783,0.009523,0.016902,0.112205,11.5231
2025-08-27 08:00:00,8.78193,2.3319,0.940528,7.8414,0.034954,0.035867,0.174525,23.4963
2025-08-27 09:00:00,7.01928,1.8063,0.649219,6.37007,0.030553,0.033447,0.190737,26.032
2025-08-27 10:00:00,7.14343,1.40398,0.765226,6.3782,0.042076,0.037615,0.22605,30.6144
2025-08-27 11:00:00,8.69681,2.02345,0.753017,7.94379,0.046485,0.059111,0.254075,34.2535
2025-08-27 12:00:00,14.5891,1.9257,1.9118,12.6773,0.079535,0.072962,0.337188,55.4247
2025-08-27 13:00:00,16.8971,2.21339,2.12649,14.7706,0.088554,0.08418,0.333345,55.9724
2025-08-27 14:00:00,18.5097,2.48186,1.78371,16.726,0.083648,0.092797,0.346051,47.6671
2025-08-27 15:00:00,13.4983,1.88261,1.40736,12.0909,0.066692,0.069002,0.322573,55.7066
2025-08-27 16:00:00,12.0276,1.62755,1.50845,10.5192,0.070155,0.068103,0.32068,52.2023
2025-08-27 17:00:00,17.2151,1.86877,2.03884,15.1763,0.087932,0.092137,0.3527,62.2165
2025-08-27 18:00:00,15.1508,1.46924,1.66612,13.4847,0.082762,0.087634,0.35139,61.4561
2025-08-27 19:00:00,17.8628,1.81902,2.4135,15.4493,0.104841,0.095486,0.357562,63.3237
2025-08-27 20:00:00,16.8628,1.7518,2.60709,14.2557,0.114719,0.086453,0.370589,49.3836
2025-08-27 21:00:00,18.8114,2.36205,3.125,15.6864,0.131109,0.088403,0.372286,71.0435
2025-08-27 22:00:00,11.6001,1.93528,2.00553,9.59453,0.092092,0.05616,0.261285,28.1925
2025-08-27 23:00:00,8.59894,2.35458,1.55046,7.04847,0.084094,0.04168,0.202235,33.3373
2025-08-28 00:00:00,5.70454,2.70101,0.779165,4.92538,0.033172,0.034833,0.152925,23.0531
2025-08-28 01:00:00,5.99627,2.5516,0.83712,5.15915,0.033909,0.02796,0.136796,19.8001
2025-08-28 02:00:00,4.69021,2.09759,0.40487,4.28534,0.02234,0.026307,0.129419,15.4185
2025-08-28 03:00:00,2.62599,2.02936,0.131217,2.49477,0.008632,0.014993,0.095662,9.3751
2025-08-28 04:00:00,1.2963,1.64924,0.057171,1.23913,0.004505,0.008355,0.079518,7.3799
2025-08-28 05:00:00,0.575921,0.587675,0.048669,0.527252,0.003299,0.002504,0.070983,3.9518
2025-08-28 06:00:00,1.44769,1.0415,0.071091,1.3766,0.004415,0.007576,0.078866,6.5316
2025-08-28 07:00:00,3.81993,1.67688,0.23487,3.58506,0.013037,0.017555,0.117806,10.8449
2025-08-28 08:00:00,4.9763,1.32278,0.395171,4.58113,0.021203,0.026967,0.156269,17.3087
2025-08-28 09:00:00,8.42899,2.37838,0.474558,7.95443,0.025569,0.036569,0.167255,20.8425
2025-08-28 10:00:00,6.38638,1.66052,0.754014,5.63236,0.038147,0.029334,0.195353,25.5334
2025-08-28 11:00:00,16.8258,3.06592,1.40241,15.4234,0.064199,0.074145,0.295117,35.4948
2025-08-28 12:00:00,15.6056,2.3188,2.10373,13.5018,0.077193,0.07771,0.308237,48.1285
2025-08-28 13:00:00,11.5901,1.68119,1.34517,10.2449,0.06109,0.059295,0.292494,44.4904
2025-08-28 14:00:00,9.1488,1.93585,0.881365,8.26744,0.055477,0.062079,0.296408,48.8825
2025-08-28 15:00:00,9.72268,2.3553,2.76947,6.9532,0.09857,0.064295,0.305439,50.0355
2025-08-28 16:00:00,11.3201,1.98738,1.13143,10.1887,0.053552,0.058463,0.280254,45.9635
2025-08-28 17:00:00,17.2565,2.15008,1.96013,15.2964,0.085975,0.092259,0.365108,63.2046
2025-08-28 18:00:00,19.2983,2.0157,2.27395,17.0243,0.111746,0.109803,0.400646,74.7129
2025-08-28 19:00:00,21.0509,2.03903,2.74341,18.3075,0.167687,0.115655,0.408812,56.9981
2025-08-28 20:00:00,19.1294,1.69767,2.31932,16.8101,0.098322,0.102652,0.388883,70.628
2025-08-28 21:00:00,14.8549,1.79754,2.08585,12.769,0.0923,0.077115,0.357112,60.6316
2025-08-28 22:00:00,11.8026,3.09941,1.98021,9.82235,0.101148,0.067111,0.320909,56.639
2025-08-28 23:00:00,10.6428,2.90947,1.43385,9.20899,0.060831,0.046213,0.206707,22.6934
2025-08-29 00:00:00,12.2969,4.61249,0.977836,11.3191,0.038384,0.051671,0.194848,23.1109
2025-08-29 01:00:00,7.03068,4.17499,0.836043,6.19463,0.037064,0.040464,0.175442,24.1908
2025-08-29 02:00:00,3.27757,2.89027,0.30264,2.97492,0.018039,0.020322,0.124389,16.4306
2025-08-29 03:00:00,2.44144,1.60832,0.259795,2.18164,0.00976,0.009564,0.091413,9.7009
2025-08-29 04:00:00,0.699838,0.501317,0.063254,0.636584,0.003222,0.003125,0.072877,3.5865
2025-08-29 05:00:00,0.713076,0.583532,0.079273,0.633803,0.003087,0.003055,0.074998,3.7476
2025-08-29 06:00:00,1.2324,0.910193,0.107988,1.12441,0.006042,0.006602,0.088153,7.7973
2025-08-29 07:00:00,2.48792,0.971842,0.248133,2.23978,0.013386,0.013766,0.120915,12.396
2025-08-29 08:00:00,6.43225,1.61614,0.522501,5.90975,0.02427,0.030828,0.171365,15.9909
2025-08-29 09:00:00,7.95862,1.90125,2.26826,5.69036,0.075108,0.032467,0.199209,26.5108
2025-08-29 10:00:00,9.60347,2.11065,0.689834,8.91364,0.040725,0.043108,0.236565,33.8132
2025-08-29 11:00:00,13.6071,2.06419,1.37215,12.235,0.070987,0.067252,0.31026,45.0125
2025-08-29 12:00:00,17.4381,2.02298,1.58825,15.8498,0.083561,0.092866,0.360728,62.1467
2025-08-29 13:00:00,3.42374,1.57776,0.56778,2.85596,0.195624,0.084193,0.346397,13.1548
2025-08-29 14:00:00,13.7621,2.0845,1.7345,12.0276,0.0763,0.0708,0.2999,49.1203
2025-08-29 15:00:00,9.8754,1.6586,1.6017,8.2737,0.0556,0.053,0.2505,34.4191
2025-08-29 16:00:00,15.0392,2.3462,2.4806,12.5585,0.0992,0.0729,0.3092,51.1378
2025-08-29 17:00:00,12.9867,2.2985,1.6628,11.3239,0.0877,0.0818,0.3354,59.417
2025-08-29 18:00:00,6.92178,1.85471,1.96518,4.9566,0.196685,0.164938,0.42014,44.9681
2025-08-29 19:00:00,34.8634,2.23112,5.59289,29.2705,0.233637,0.188304,0.419509,100.6
2025-08-29 20:00:00,29.6255,1.82154,4.46613,25.1593,0.216935,0.168286,0.41993,118.001
2025-08-29 21:00:00,25.2918,1.86876,5.29382,19.9979,0.222093,0.138419,0.418017,110.898
2025-08-29 22:00:00,27.2728,2.39109,4.46342,22.8094,0.167449,0.13071,0.417434,72.8393
2025-08-29 23:00:00,20.3301,2.98796,2.53586,17.7942,0.107333,0.088697,0.333987,60.3634
2025-08-30 00:00:00,11.1617,2.06241,1.19524,9.96649,0.051276,0.051457,0.237908,26.7157
2025-08-30 01:00:00,5.22863,1.73709,0.497486,4.73115,0.041067,0.035769,0.180911,26.0295
2025-08-30 02:00:00,4.18728,2.4176,0.553583,3.63369,0.033428,0.023987,0.16557,14.4948
2025-08-30 03:00:00,4.25028,2.3302,0.281213,3.96907,0.015737,0.015977,0.11422,8.4594
2025-08-30 04:00:00,2.61652,1.54458,0.381825,2.23469,0.015748,0.011681,0.101835,9.3585
2025-08-30 05:00:00,0.981756,0.968203,0.1014,0.880356,0.007742,0.004918,0.088289,5.366
2025-08-30 06:00:00,0.283901,1.2562,0.017205,0.266696,0.006476,0.005369,0.089881,3.3227
2025-08-30 07:00:00,3.1239,1.6036,0.3399,2.784,0.0121,0.0189,0.1033,9.724
2025-08-30 08:00:00,8.5002,2.0287,0.515,7.9851,0.0256,0.038,0.1669,25.2492
2025-08-30 09:00:00,6.8724,1.593,0.6427,6.2297,0.0438,0.0461,0.1993,28.9529
2025-08-30 10:00:00,10.7043,1.8248,0.8814,9.8229,0.0399,0.0492,0.2393,24.9783
2025-08-30 11:00:00,12.9017,1.7079,1.3781,11.5236,0.0638,0.0662,0.2946,47.9181
2025-08-30 12:00:00,15.1295,1.5763,1.8376,13.2919,0.1007,0.0797,0.3589,63.9074
2025-08-30 13:00:00,17.2097,1.7893,2.6916,14.5181,0.1154,0.0839,0.3722,65.8815
2025-08-30 14:00:00,20.756,2.2986,1.9349,18.8211,0.0889,0.1065,0.3672,60.9176
2025-08-30 15:00:00,13.9366,2.0938,1.8736,12.0629,0.1568,0.103,0.3833,47.981
2025-08-30 16:00:00,14.5744,1.6672,1.8518,12.7226,0.0726,0.0777,0.3436,58.8003
2025-08-30 17:00:00,15.5567,1.7013,2.3186,13.2381,0.0972,0.0897,0.38,65.0015
2025-08-30 18:00:00,21.1941,1.9348,2.7186,18.4756,0.1192,0.1108,0.4019,74.7845
2025-08-30 19:00:00,26.9203,2.0711,3.8413,23.0789,0.1577,0.1433,0.4151,101.302
2025-08-30 20:00:00,25.2912,2.0964,3.099,22.1921,0.1549,0.1388,0.4103,99.6623
2025-08-30 21:00:00,23.6547,2.2541,2.6435,21.0111,0.1347,0.1328,0.406,86.7476
2025-08-30 22:00:00,15.5459,2.1378,1.4817,14.0642,0.1119,0.0856,0.3133,56.588
2025-08-30 23:00:00,11.9333,2.6829,1.3413,10.5921,0.0661,0.0529,0.236,38.8805
2025-08-31 00:00:00,8.6862,2.5032,0.7328,7.9534,0.0373,0.0367,0.1806,17.948
2025-08-31 01:00:00,7.5695,2.6523,0.7158,6.8537,0.0327,0.0331,0.1644,24.1043
2025-08-31 02:00:00,2.8027,1.5997,0.2818,2.5209,0.019,0.0202,0.1274,14.4762
2025-08-31 03:00:00,1.5178,1.1127,0.1949,1.3229,0.0094,0.0076,0.0811,4.1079
2025-08-31 04:00:00,1.1707,1.0006,0.1825,0.9882,0.0084,0.0075,0.0787,3.8911
2025-08-31 05:00:00,1.2839,1.1779,0.0952,1.1887,0.0061,0.01,0.0817,4.9756
2025-08-31 06:00:00,1.1425,0.9832,0.0773,1.0652,0.0041,0.0056,0.0753,4.3684
2025-08-31 07:00:00,1.4803,0.7592,0.1294,1.3509,0.0084,0.0095,0.0958,7.0766
2025-08-31 08:00:00,5.7664,1.8518,0.3684,5.398,0.0207,0.0291,0.1409,13.3805
2025-08-31 09:00:00,9.3035,2.5901,0.5218,8.7817,0.0311,0.0442,0.1924,27.3063
2025-08-31 10:00:00,9.601,2.6684,0.6951,8.9059,0.0488,0.058,0.2533,29.6599
2025-08-31 11:00:00,12.2039,1.7585,1.3089,10.895,0.0735,0.0678,0.3011,43.9985
2025-08-31 12:00:00,14.5445,1.5536,1.5984,12.9462,0.0766,0.0793,0.3319,55.8378
2025-08-31 13:00:00,17.7441,1.7614,1.7291,16.015,0.0828,0.1018,0.3765,62.2812
2025-08-31 14:00:00,21.2947,2.1151,1.8898,19.405,0.0862,0.1177,0.3641,62.3446
2025-08-31 15:00:00,18.6526,1.738,2.495,16.1576,0.1046,0.1013,0.3864,49.2906
2025-08-31 16:00:00,15.7167,1.9981,1.9395,13.7772,0.0967,0.1152,0.3853,71.9326
2025-08-31 17:00:00,17.7079,1.7129,2.5013,15.2066,0.115,0.0979,0.3697,64.7073
2025-08-31 18:00:00,22.3675,2.2011,2.9644,19.4031,0.1324,0.1175,0.3977,72.1911
2025-08-31 19:00:00,17.3609,1.5264,2.1534,15.2075,0.0947,0.0972,0.3847,68.4505
2025-08-31 20:00:00,18.1228,1.7612,2.1914,15.9314,0.0988,0.0983,0.3715,50.2875
2025-08-31 21:00:00,10.7942,1.5311,1.4589,9.3354,0.07,0.0606,0.3002,46.0196
2025-08-31 22:00:00,10.9925,2.1707,1.2572,9.7353,0.0846,0.0674,0.289,37.1678
2025-08-31 23:00:00,14.2566,2.948,1.5738,12.6829,0.0723,0.0543,0.264,46.5587
2025-09-01 00:00:00,11.6475,3.7,0.8533,10.7942,0.032,0.0424,0.1805,26.4973
2025-09-01 01:00:00,7.2431,2.6966,0.5589,6.6842,0.0299,0.032,0.158,19.8767
2025-09-01 02:00:00,2.6271,1.912,0.1369,2.4901,0.0126,0.0113,0.1106,9.7099
2025-09-01 03:00:00,0.7049,0.8352,0.0556,0.6493,0.0071,0.0076,0.0877,8.4305
2025-09-01 04:00:00,1.4037,1.5358,0.1127,1.291,0.0068,0.0071,0.0884,6.5315
2025-09-01 05:00:00,0.1519,0.202,0.0313,0.1206,0.0022,0.0014,0.0717,6.2638
2025-09-01 06:00:00,0.5866,0.5432,0.0537,0.5329,0.0028,0.0033,0.0768,6.9874
2025-09-01 07:00:00,2.6426,1.6312,0.1454,2.4972,0.0102,0.0173,0.1106,12.084
2025-09-01 08:00:00,6.6741,1.9146,0.6227,6.0514,0.0317,0.0329,0.1692,23.5098
2025-09-01 09:00:00,5.2333,1.3378,0.4544,4.7789,0.0258,0.0303,0.1847,25.201
2025-09-01 10:00:00,7.6405,1.513,0.8903,6.7501,0.0434,0.039,0.223,34.4546
2025-09-01 11:00:00,8.4693,1.57324,1.11147,7.35775,0.052235,0.042776,0.236078,37.3064
2025-09-01 12:00:00,9.2981,1.63348,1.33264,7.96539,0.061069,0.046553,0.249156,40.1583
2025-09-01 13:00:00,10.1269,1.69372,1.55381,8.57304,0.069904,0.050329,0.262234,43.0101
2025-09-01 14:00:00,,,,,,,,
2025-09-01 15:00:00,,,,,,,,
2025-09-01 16:00:00,,,,,,,,
2025-09-01 17:00:00,13.4421,1.93467,2.43849,11.0036,0.105243,0.065434,0.314546,54.4174
2025-09-01 18:00:00,17.2893,1.91338,1.72967,15.5596,0.085733,0.081038,0.363362,66.2225
2025-09-01 19:00:00,18.3317,1.78393,2.49781,15.8339,0.112297,0.087632,0.372823,70.0866
2025-09-01 20:00:00,15.9158,1.85154,2.69841,13.2174,0.113109,0.071735,0.356539,66.5673
2025-09-01 21:00:00,17.3631,2.59772,2.45999,14.9032,0.108978,0.080778,0.322418,61.6031
2025-09-01 22:00:00,13.1998,2.37236,2.28576,10.9141,0.105177,0.052757,0.257324,38.2076
2025-09-01 23:00:00,9.52151,3.01695,0.964343,8.55717,0.045714,0.041524,0.210588,43.3222
2025-09-02 00:00:00,8.18763,3.0235,0.691687,7.49594,0.032085,0.034956,0.155976,26.7302
2025-09-02 01:00:00,5.54858,2.07191,0.341177,5.2074,0.020118,0.024404,0.128207,17.111
2025-09-02 02:00:00,2.612,1.16089,0.239931,2.37207,0.012334,0.011392,0.106054,12.203
2025-09-02 03:00:00,1.30774,0.98326,0.185,1.12274,0.007639,0.006173,0.082881,6.7161
2025-09-02 04:00:00,0.434422,0.35434,0.045766,0.388656,0.002378,0.002483,0.067129,2.0609
2025-09-02 05:00:00,0.689286,0.599381,0.052313,0.636973,0.002744,0.003831,0.068887,3.2798
2025-09-02 06:00:00,1.56735,1.03524,0.088646,1.47871,0.004792,0.007768,0.078852,4.8092
2025-09-02 07:00:00,4.46338,1.77259,0.665938,3.79744,0.025846,0.019738,0.111525,11.6941
2025-09-02 08:00:00,7.27458,2.00733,1.17468,6.0999,0.055423,0.035481,0.173993,23.5781
2025-09-02 09:00:00,6.23871,2.04548,0.955991,5.28272,0.037137,0.028835,0.158472,21.4441
2025-09-02 10:00:00,7.86389,2.5499,0.606042,7.25785,0.027773,0.035509,0.186691,24.375
2025-09-02 11:00:00,10.9169,2.94575,1.03163,9.88531,0.046145,0.047713,0.22561,32.8554
2025-09-02 12:00:00,8.58929,1.65052,1.38932,7.19998,0.060739,0.039464,0.222071,24.2968
2025-09-02 13:00:00,12.7705,2.37018,1.28436,11.4862,0.055179,0.053001,0.240845,34.6136
2025-09-02 14:00:00,15.3936,3.46548,0.745714,14.6479,0.05542,0.079951,0.278742,46.8073
2025-09-02 15:00:00,16.5198,2.92282,1.17321,15.3466,0.054929,0.075038,0.286599,47.9958
2025-09-02 16:00:00,12.7409,2.58332,1.25589,11.485,0.058658,0.068859,0.259564,41.7935
2025-09-02 17:00:00,12.346,1.81346,1.31036,11.0357,0.066089,0.065225,0.294571,48.9904
2025-09-02 18:00:00,18.0637,2.26589,2.72431,15.3394,0.117428,0.084704,0.309533,50.8482
2025-09-02 19:00:00,13.406,1.6567,1.47257,11.9335,0.070701,0.066841,0.280007,45.6786
2025-09-02 20:00:00,9.06533,1.49692,1.31888,7.74645,0.077818,0.062423,0.307676,50.905
2025-09-02 21:00:00,15.1048,2.28653,4.5071,10.5977,0.180128,0.058662,0.302413,40.9144
2025-09-02 22:00:00,13.9028,2.64011,2.12375,11.7791,0.120917,0.057595,0.28168,36.4475
2025-09-02 23:00:00,10.3006,2.63039,1.45452,8.84609,0.075573,0.045997,0.208542,31.8731
2025-09-03 00:00:00,5.35938,1.51738,0.425734,4.93365,0.022438,0.02594,0.135228,15.565
2025-09-03 01:00:00,6.15607,1.86322,0.450494,5.70558,0.017538,0.023656,0.115888,11.1627
2025-09-03 02:00:00,2.37375,0.877216,0.243915,2.12983,0.012251,0.010067,0.096602,10.6993
2025-09-03 03:00:00,2.64397,1.10165,0.325831,2.31814,0.013246,0.011651,0.107781,8.4156
2025-09-03 04:00:00,1.48919,0.720113,0.199023,1.29017,0.007184,0.005882,0.079922,6.4972
2025-09-03 05:00:00,0.603722,0.346568,0.086521,0.517201,0.003874,0.002876,0.071672,4.381
2025-09-03 06:00:00,0.69452,0.389742,0.056673,0.637847,0.003663,0.008244,0.07823,4.088
2025-09-03 07:00:00,4.15069,1.09228,0.326827,3.82386,0.0144,0.023156,0.129943,15.9862
2025-09-03 08:00:00,10.2446,2.42188,0.672097,9.57246,0.037362,0.053662,0.204868,31.9417
2025-09-03 09:00:00,7.0193,1.8063,0.6492,6.3701,0.0306,0.0334,0.1907,26.032
2025-09-03 10:00:00,6.60391,1.6115,0.923606,5.6803,0.043806,0.034094,0.178189,21.7645
2025-09-03 11:00:00,10.5965,1.7686,1.4177,9.1788,0.061653,0.053547,0.257694,38.5946
2025-09-03 12:00:00,14.5891,1.9257,1.9118,12.6773,0.0795,0.073,0.3372,55.4247
2025-09-03 13:00:00,8.75271,2.27816,1.20045,7.55226,0.070757,0.054075,0.26056,45.9379
2025-09-03 14:00:00,18.5097,2.4819,1.7837,16.726,0.0836,0.0928,0.3461,47.6671
2025-09-03 15:00:00,13.4983,1.8826,1.4074,12.0909,0.0667,0.069,0.3226,55.7066
2025-09-03 16:00:00,12.0276,1.6276,1.5084,10.5192,0.0702,0.0681,0.3207,52.2023
2025-09-03 17:00:00,17.2151,1.8688,2.0388,15.1763,0.0879,0.0921,0.3527,62.2165
2025-09-03 18:00:00,15.1508,1.4692,1.6661,13.4847,0.0828,0.0876,0.3514,61.4561
2025-09-03 19:00:00,17.8628,1.819,2.4135,15.4493,0.1048,0.0955,0.3576,63.3237
2025-09-03 20:00:00,16.8628,1.7518,2.6071,14.2557,0.1147,0.0865,0.3706,49.3836
2025-09-03 21:00:00,18.8114,2.3621,3.125,15.6864,0.1311,0.0884,0.3723,71.0435
2025-09-03 22:00:00,11.6001,1.9353,2.0055,9.5945,0.0921,0.0562,0.2613,28.1925
2025-09-03 23:00:00,8.5989,2.3546,1.5505,7.0485,0.0841,0.0417,0.2022,33.3373
2025-09-04 00:00:00,5.7045,2.701,0.7792,4.9254,0.0332,0.0348,0.1529,23.0531
2025-09-04 01:00:00,5.9963,2.5516,0.8371,5.1592,0.0339,0.028,0.1368,19.8001
2025-09-04 02:00:00,5.04319,1.83256,0.31756,4.72563,0.016729,0.021442,0.128047,17.0891
2025-09-04 03:00:00,2.96882,1.63662,0.128752,2.84007,0.006736,0.010321,0.091024,8.855
2025-09-04 04:00:00,1.43174,0.906167,0.099244,1.3325,0.004592,0.00511,0.077177,6.0764
2025-09-04 05:00:00,0.355234,0.247724,0.068922,0.286312,0.003282,0.002015,0.065996,2.0602
2025-09-04 06:00:00,0.796204,0.612466,0.067223,0.728981,0.004502,0.004614,0.074552,3.9169
2025-09-04 07:00:00,3.73705,1.50203,0.226756,3.51029,0.01132,0.018165,0.108587,12.1113
2025-09-04 08:00:00,4.99025,1.61497,0.461148,4.52911,0.020656,0.027247,0.144156,17.3461
2025-09-04 09:00:00,6.5429,2.02441,0.447422,6.09548,0.02535,0.030895,0.164749,20.4675
2025-09-04 10:00:00,8.91987,2.36226,0.999688,7.92019,0.04664,0.04018,0.209322,22.5253
2025-09-04 11:00:00,5.51924,1.36412,0.747179,4.77206,0.049329,0.035616,0.233954,34.2487
2025-09-04 12:00:00,9.05732,1.43539,1.27812,7.7792,0.079446,0.046382,0.256362,39.0059
2025-09-04 13:00:00,10.0443,1.62582,1.60835,8.43595,0.060697,0.046614,0.246445,39.7097
2025-09-04 14:00:00,8.77131,2.49185,1.04846,7.72285,0.062154,0.060642,0.273939,47.6478
2025-09-04 15:00:00,13.3096,2.44842,2.74822,10.5614,0.098365,0.057144,0.295461,42.1261
2025-09-04 16:00:00,10.5508,1.91833,1.99308,8.55772,0.081272,0.049893,0.276814,12.8699
2025-09-04 17:00:00,17.2565,2.1501,1.9601,15.2964,0.086,0.0923,0.3651,63.2046
2025-09-04 18:00:00,15.353,1.83342,1.85903,13.494,0.092086,0.081976,0.336591,61.7532
2025-09-04 19:00:00,14.7132,1.54,1.72339,12.9898,0.073388,0.076483,0.336144,60.0455
2025-09-04 20:00:00,14.7325,1.7091,1.8914,12.841,0.085515,0.075194,0.339639,62.1365
2025-09-04 21:00:00,14.8549,1.7975,2.0858,12.769,0.0923,0.0771,0.3571,60.6316
2025-09-04 22:00:00,11.8026,3.0994,1.9802,9.8224,0.1011,0.0671,0.3209,56.639
2025-09-04 23:00:00,10.6428,2.9095,1.4338,9.209,0.0608,0.0462,0.2067,22.6934
2025-09-05 00:00:00,12.2969,4.6125,0.9778,11.3191,0.0384,0.0517,0.1948,23.1109
2025-09-05 01:00:00,7.0307,4.175,0.836,6.1946,0.0371,0.0405,0.1754,24.1908
2025-09-05 02:00:00,1.86404,0.665252,0.219945,1.64409,0.01213,0.008402,0.103144,10.7029
2025-09-05 03:00:00,0.902032,0.417995,0.075877,0.826155,0.004368,0.004795,0.076464,4.411
2025-09-05 04:00:00,0.840406,0.558781,0.059212,0.781194,0.005188,0.009508,0.076484,3.9916
2025-09-05 05:00:00,1.33298,0.942701,0.051783,1.2812,0.003601,0.007554,0.070708,2.7428
2025-09-05 06:00:00,1.32727,0.882492,0.228171,1.0991,0.009776,0.00734,0.079952,3.7514
2025-09-05 07:00:00,2.4628,1.1661,0.180535,2.28227,0.010978,0.015161,0.108944,7.968
2025-09-05 08:00:00,6.83394,1.64673,0.718143,6.1158,0.036765,0.035167,0.183728,20.9705
2025-09-05 09:00:00,7.1747,1.59651,0.732729,6.44197,0.036097,0.035783,0.192652,26.2766
2025-09-05 10:00:00,7.62136,1.67062,0.666801,6.95456,0.039683,0.039332,0.20455,27.1023
2025-09-05 11:00:00,12.8636,2.20042,1.36719,11.4964,0.061181,0.051596,0.264213,40.6901
2025-09-05 12:00:00,12.2722,1.73728,1.66489,10.6073,0.076058,0.051405,0.266163,42.3
2025-09-05 13:00:00,13.4518,2.32569,1.61671,11.8351,0.095946,0.054785,0.255553,32.0269
2025-09-05 14:00:00,8.21231,1.83147,1.53002,6.68229,0.073294,0.050392,0.249861,30.4942
2025-09-05 15:00:00,12.6306,2.04445,1.64671,10.9839,0.080048,0.054913,0.266417,43.0882
2025-09-05 16:00:00,13.8426,2.67438,1.05484,12.7877,0.048677,0.0626,0.267691,38.3918
2025-09-05 17:00:00,15.8386,2.48957,1.77375,14.0649,0.071945,0.072777,0.307516,51.1657
2025-09-05 18:00:00,16.3362,2.30868,1.95705,14.3792,0.085519,0.074004,0.315472,55.1234
2025-09-05 19:00:00,10.9316,1.66033,1.40492,9.52666,0.063456,0.052229,0.259662,30.6083
2025-09-05 20:00:00,11.5542,1.54757,2.24652,9.30765,0.09063,0.050252,0.266361,41.8659
2025-09-05 21:00:00,13.4022,2.08109,2.81485,10.5874,0.116056,0.054854,0.274485,32.8123
2025-09-05 22:00:00,9.57136,2.03906,1.78983,7.78153,0.096149,0.044333,0.227453,36.3905
2025-09-05 23:00:00,11.2609,3.00612,1.2462,10.0147,0.059689,0.048784,0.21783,36.4658
2025-09-06 00:00:00,11.1617,2.0624,1.1952,9.9665,0.0513,0.0515,0.2379,26.7157
2025-09-06 01:00:00,5.2286,1.7371,0.4975,4.7311,0.0411,0.0358,0.1809,26.0295
2025-09-06 02:00:00,2.80554,1.5432,0.200249,2.60529,0.010899,0.012731,0.095305,7.5729
2025-09-06 03:00:00,2.5949,1.72304,0.139138,2.45576,0.006282,0.0115,0.08259,5.0133
2025-09-06 04:00:00,0.930641,0.802276,0.125325,0.805316,0.005578,0.004574,0.074176,2.7705
2025-09-06 05:00:00,0.340865,0.403867,0.040589,0.300276,0.002368,0.002535,0.065474,1.7147
2025-09-06 06:00:00,0.259295,0.237885,0.035491,0.223804,0.002035,0.001768,0.068648,1.2881
2025-09-06 07:00:00,1.54491,1.02448,0.384357,1.16055,0.01006,0.0067,0.08342,3.2953
2025-09-06 08:00:00,3.52116,1.2355,0.27305,3.24811,0.015784,0.01906,0.124922,13.6186
2025-09-06 09:00:00,4.18187,1.22635,0.584008,3.59786,0.025284,0.02173,0.149085,17.3138
2025-09-06 10:00:00,6.92513,2.44704,0.67535,6.24978,0.032584,0.037538,0.197816,28.4422
2025-09-06 11:00:00,8.11575,1.38164,1.00567,7.11008,0.044611,0.040862,0.243445,26.472
2025-09-06 12:00:00,16.8862,1.81611,1.51484,15.3714,0.081519,0.08012,0.345638,55.4689
2025-09-06 13:00:00,14.6944,1.72267,1.45528,13.2391,0.070897,0.0709,0.303833,37.0728
2025-09-06 14:00:00,13.9344,1.96204,1.82866,12.1057,0.078143,0.0637,0.285681,36.2942
2025-09-06 15:00:00,13.531,2.25591,1.49593,12.035,0.076423,0.066396,0.28837,45.2709
2025-09-06 16:00:00,15.2869,1.96996,1.56097,13.7259,0.074582,0.082517,0.3246,52.326
2025-09-06 17:00:00,15.4688,2.03109,2.20347,13.2653,0.095349,0.082158,0.330779,54.413
2025-09-06 18:00:00,11.7427,1.75107,1.71813,10.0245,0.104011,0.08517,0.349094,58.6522
2025-09-06 19:00:00,20.2595,2.01067,2.54368,17.7158,0.120383,0.104691,0.385454,72.8486
2025-09-06 20:00:00,9.61653,1.36173,1.4658,8.15073,0.082955,0.070665,0.329007,59.4035
2025-09-06 21:00:00,12.1565,2.02812,2.18183,9.97471,0.113949,0.057914,0.273635,32.9869
2025-09-06 22:00:00,13.9393,3.01195,1.89247,12.0468,0.088427,0.058286,0.274434,43.8666
2025-09-06 23:00:00,4.7575,1.83122,0.497537,4.25996,0.042273,0.030465,0.175455,20.4079
2025-09-07 00:00:00,4.3064,2.44682,0.27497,4.03143,0.017269,0.025432,0.122716,14.9751
2025-09-07 01:00:00,4.7744,2.08671,0.371752,4.40265,0.019301,0.021862,0.119691,14.1163
2025-09-07 02:00:00,5.386,2.46161,0.397989,4.98802,0.011261,0.016425,0.108631,8.2116
2025-09-07 03:00:00,1.27151,0.892913,0.116666,1.15484,0.013534,0.009712,0.092337,4.2836
2025-09-07 04:00:00,2.40419,1.19374,0.246081,2.15811,0.011563,0.011243,0.087361,4.9788
2025-09-07 05:00:00,1.04416,0.730183,0.071452,0.97271,0.003505,0.005332,0.072149,2.0037
2025-09-07 06:00:00,1.63482,0.982463,0.124543,1.51028,0.005481,0.007276,0.078828,3.2376
2025-09-07 07:00:00,0.730636,0.41047,0.077806,0.65283,0.006012,0.007362,0.086412,4.5978
2025-09-07 08:00:00,5.1678,1.36932,0.500977,4.66682,0.022335,0.024164,0.146459,16.1812
2025-09-07 09:00:00,5.60919,1.30629,0.502791,5.1064,0.026282,0.029435,0.161283,19.5402
2025-09-07 10:00:00,8.05267,1.61053,1.01504,7.03763,0.052225,0.041064,0.209818,29.6292
2025-09-07 11:00:00,8.92301,1.216,1.04961,7.8734,0.052436,0.046581,0.247757,35.2274
2025-09-07 12:00:00,13.9123,1.66137,2.08774,11.8246,0.08828,0.066906,0.310939,55.4847
2025-09-07 13:00:00,15.724,1.94942,2.57485,13.1491,0.107642,0.077722,0.321005,44.0282
2025-09-07 14:00:00,15.504,1.7833,2.82979,12.6742,0.096355,0.071806,0.340837,60.0374
2025-09-07 15:00:00,13.7758,1.92615,2.32732,11.4485,0.089845,0.06398,0.322901,54.9022
2025-09-07 16:00:00,14.0315,1.93859,1.65502,12.3765,0.074579,0.069051,0.313494,47.5299
2025-09-07 17:00:00,13.0562,1.9927,1.98303,11.0731,0.095388,0.073852,0.330878,45.9567
2025-09-07 18:00:00,14.4806,1.83577,2.06237,12.4182,0.117268,0.097761,0.386437,72.8911
2025-09-07 19:00:00,17.3784,1.63515,2.71643,14.662,0.109459,0.08963,0.369825,69.2983
2025-09-07 20:00:00,13.1568,1.57227,2.50102,10.6558,0.092484,0.064267,0.299699,50.191
2025-09-07 21:00:00,9.9109,1.94637,1.46388,8.44702,0.085285,0.062587,0.294987,36.0443
2025-09-07 22:00:00,15.7759,2.73602,3.22148,12.5544,0.110192,0.061675,0.285912,49.0448
2025-09-07 23:00:00,13.7117,3.21801,2.03739,11.6743,0.071096,0.052037,0.233206,37.7711
2025-09-08 00:00:00,11.6475,3.7,0.8533,10.7942,0.032,0.0424,0.1805,26.4973
2025-09-08 01:00:00,7.2431,2.6966,0.5589,6.6842,0.0299,0.032,0.158,19.8767
2025-09-08 02:00:00,2.42971,1.20641,0.282803,2.14691,0.012369,0.0114,0.095353,7.8048
2025-09-08 03:00:00,1.43816,0.973046,0.108797,1.32937,0.00539,0.006741,0.078895,4.9207
2025-09-08 04:00:00,4.10185,4.95393,0.124313,3.97754,0.006633,0.013507,0.079727,4.7731
2025-09-08 05:00:00,0.581102,0.390526,0.049705,0.531397,0.003053,0.002969,0.06865,1.9984
2025-09-08 06:00:00,1.13549,0.830037,0.254494,0.880997,0.010842,0.006032,0.076872,3.9625
2025-09-08 07:00:00,3.24951,1.13144,0.19069,3.05882,0.011252,0.01724,0.1091,9.875
2025-09-08 08:00:00,7.92687,1.97382,0.592282,7.33459,0.033225,0.042682,0.167263,15.75
2025-09-08 09:00:00,7.26616,1.78705,0.695946,6.57021,0.039199,0.034161,0.179979,24.0031
2025-09-08 10:00:00,7.11836,1.82897,1.3618,5.75656,0.076429,0.039788,0.229074,34.6602
2025-09-08 11:00:00,11.433,1.85782,2.24423,9.18877,0.099478,0.057774,0.289177,46.4571
2025-09-08 12:00:00,14.2205,1.90215,2.29515,11.9253,0.095895,0.062787,0.287354,49.0666
2025-09-08 13:00:00,20.1651,3.01602,2.74173,17.4234,0.112409,0.085807,0.303597,54.9565
2025-09-08 14:00:00,15.8251,2.32928,2.73736,13.0878,0.111081,0.066893,0.286456,52.6835
2025-09-08 15:00:00,16.4097,2.66045,3.51855,12.8911,0.120201,0.062601,0.300957,41.4167
2025-09-08 16:00:00,11.6899,2.39547,1.35923,10.3307,0.089628,0.076984,0.301251,50.2344
2025-09-08 17:00:00,13.437,1.68468,1.55677,11.8803,0.070702,0.072684,0.352072,40.0144
2025-09-08 18:00:00,16.1584,2.11331,1.61995,14.5384,0.092423,0.101846,0.357767,64.1918
2025-09-08 19:00:00,16.4874,1.74285,1.9598,14.5276,0.088451,0.079119,0.344936,60.8796
2025-09-08 20:00:00,16.6084,1.96549,1.94381,14.6645,0.083863,0.077016,0.321934,54.9526
2025-09-08 21:00:00,16.2552,2.26648,1.55622,14.699,0.079058,0.073897,0.30259,49.8319
2025-09-08 22:00:00,12.7567,2.57815,1.22945,11.5273,0.051958,0.054335,0.233191,39.027
2025-09-08 23:00:00,9.45397,2.83733,1.15844,8.29553,0.052317,0.042188,0.178433,18.6201
2025-09-09 00:00:00,3.65323,1.50092,0.326438,3.3268,0.019486,0.017839,0.117782,13.3913
2025-09-09 01:00:00,2.59029,1.51656,0.196474,2.39382,0.013018,0.013047,0.107387,8.3354
2025-09-09 02:00:00,2.61089,1.84384,0.168215,2.44267,0.012726,0.015771,0.101731,10.2039
2025-09-09 03:00:00,2.84514,1.84033,0.235798,2.60935,0.011596,0.013557,0.095614,8.1268
2025-09-09 04:00:00,1.45643,1.41127,0.191044,1.26539,0.007819,0.0069,0.076129,4.5167
2025-09-09 05:00:00,0.612452,0.789243,0.064544,0.547908,0.003335,0.00376,0.069561,2.5445
2025-09-09 06:00:00,1.33306,0.812843,0.153237,1.17983,0.008552,0.008688,0.078458,3.7974
2025-09-09 07:00:00,4.53053,1.4238,0.927851,3.60268,0.034431,0.018911,0.115955,11.7333
2025-09-09 08:00:00,6.54465,1.27775,0.528003,6.01665,0.035518,0.034285,0.184396,24.4492
2025-09-09 09:00:00,7.19067,1.47835,0.921089,6.26958,0.051574,0.032413,0.199538,30.106
2025-09-09 10:00:00,6.7342,1.19783,0.726497,6.0077,0.0473,0.033572,0.237504,36.5842
2025-09-09 11:00:00,7.50331,1.07868,1.0656,6.43771,0.052494,0.035826,0.226761,25.6083
2025-09-09 12:00:00,11.0218,1.35403,1.22891,9.79291,0.068455,0.052586,0.260705,42.861
2025-09-09 13:00:00,8.12974,1.24613,0.998168,7.13157,0.047328,0.03873,0.230577,37.4825
2025-09-09 14:00:00,9.60243,1.66709,0.86311,8.73932,0.044867,0.046346,0.239712,41.3259
2025-09-09 15:00:00,10.0638,1.68517,1.07321,8.99062,0.045149,0.044668,0.251705,36.929
2025-09-09 16:00:00,14.9233,2.80407,1.50274,13.4205,0.066085,0.069801,0.285016,45.4006
2025-09-09 17:00:00,14.1952,2.01522,1.44361,12.7516,0.074012,0.069263,0.308766,54.5196
2025-09-09 18:00:00,10.5881,1.68118,1.32608,9.26201,0.103501,0.07212,0.363282,65.0815
2025-09-09 19:00:00,16.0761,1.79702,2.90391,13.1722,0.114162,0.073032,0.335738,60.2205
2025-09-09 20:00:00,15.3471,1.78954,2.84458,12.5025,0.109352,0.069175,0.314446,56.4614
2025-09-09 21:00:00,7.02373,1.32174,1.12014,5.90359,0.064585,0.043362,0.261111,50.3069
2025-09-09 22:00:00,7.56832,1.50584,1.7121,5.85622,0.068388,0.028756,0.202439,37.0581
2025-09-09 23:00:00,6.50248,1.66389,0.64187,5.86061,0.042394,0.029264,0.175532,18.6504
2025-09-10 00:00:00,6.21738,1.99275,0.495766,5.72162,0.029097,0.028294,0.145471,21.3226
2025-09-10 01:00:00,5.51887,2.27488,0.367467,5.1514,0.021435,0.023806,0.127682,17.9193
2025-09-10 02:00:00,2.70258,1.15692,0.257176,2.4454,0.012068,0.010444,0.099694,12.1833
2025-09-10 03:00:00,2.36435,1.12481,0.135747,2.2286,0.008001,0.008192,0.087545,8.837
2025-09-10 04:00:00,0.888437,0.533274,0.149435,0.739002,0.00916,0.004376,0.078163,5.549
2025-09-10 05:00:00,0.319575,0.248502,0.046075,0.2735,0.004465,0.002121,0.073074,5.2752
2025-09-10 06:00:00,0.881645,0.561557,0.071687,0.809958,0.004473,0.004932,0.081645,7.2588
2025-09-10 07:00:00,2.78827,1.20184,0.322237,2.46603,0.013608,0.013538,0.110578,13.1985
2025-09-10 08:00:00,5.96741,1.34401,0.728591,5.23882,0.038252,0.031059,0.177539,26.2314
2025-09-10 09:00:00,6.92126,1.56945,0.880685,6.04057,0.059182,0.036971,0.209713,31.6655
2025-09-10 10:00:00,6.69161,1.44216,1.00955,5.68206,0.052293,0.030967,0.223708,33.9472
2025-09-10 11:00:00,9.23781,1.50404,1.18348,8.05433,0.059822,0.046485,0.266926,42.6395
2025-09-10 12:00:00,12.2278,1.48503,1.71188,10.5159,0.116982,0.055104,0.303708,50.0375
2025-09-10 13:00:00,10.949,1.36419,1.31876,9.63024,0.074842,0.053167,0.272645,46.8388
2025-09-10 14:00:00,14.5667,2.08274,2.00136,12.5653,0.081332,0.071867,0.271448,43.313
2025-09-10 15:00:00,14.2246,2.28691,1.75936,12.4652,0.078201,0.067687,0.294897,49.5852
2025-09-10 16:00:00,15.1175,2.38071,2.73248,12.385,0.09882,0.065094,0.308955,53.8009
2025-09-10 17:00:00,14.6138,2.34949,3.14302,11.4708,0.141073,0.063565,0.325384,58.1815
2025-09-10 18:00:00,15.83,2.0347,1.84532,13.9847,0.079133,0.077234,0.338058,60.8585
2025-09-10 19:00:00,18.6366,2.14264,3.40543,15.2312,0.110673,0.085444,0.344898,57.1813
2025-09-10 20:00:00,12.9144,1.66767,3.20151,9.71291,0.14179,0.076672,0.355565,45.5438
2025-09-10 21:00:00,12.9676,1.53353,1.85715,11.1104,0.086381,0.06011,0.306345,53.5359
2025-09-10 22:00:00,7.56307,1.4126,1.08244,6.48063,0.076623,0.050289,0.272301,45.7286
2025-09-10 23:00:00,7.60196,1.49704,0.907257,6.69471,0.056548,0.035868,0.212445,31.9057
2025-09-11 00:00:00,8.78864,2.74817,0.949108,7.83953,0.04349,0.039078,0.171578,28.3263
2025-09-11 01:00:00,5.6601,1.84008,0.603099,5.057,0.025182,0.023613,0.132214,20.1337
2025-09-11 02:00:00,4.57797,1.76211,0.370004,4.20797,0.017973,0.018744,0.125304,15.2949
2025-09-11 03:00:00,3.53822,2.40695,0.373451,3.16477,0.029067,0.011741,0.093112,9.107
2025-09-11 04:00:00,1.45341,1.66675,0.129929,1.32348,0.007024,0.008354,0.079219,5.6905
2025-09-11 05:00:00,2.1546,1.60552,0.108796,2.04581,0.004398,0.008351,0.078433,4.4712
2025-09-11 06:00:00,2.8578,1.79736,0.162723,2.69508,0.007722,0.012159,0.08264,5.5224
2025-09-11 07:00:00,3.08539,0.992726,0.272882,2.81251,0.013942,0.015218,0.120244,13.6078
2025-09-11 08:00:00,4.5031,1.39329,0.590185,3.91292,0.036928,0.027662,0.161289,16.0313
2025-09-11 09:00:00,6.34476,1.42643,0.793513,5.55125,0.039164,0.033239,0.208986,31.2028
2025-09-11 10:00:00,7.04088,1.79706,1.02628,6.01459,0.055723,0.04044,0.220299,35.8052
2025-09-11 11:00:00,14.8977,2.2051,1.38844,13.5092,0.072079,0.07179,0.297529,53.2943
2025-09-11 12:00:00,16.6852,1.87938,1.54889,15.1363,0.083109,0.081772,0.343552,59.5906
2025-09-11 13:00:00,15.5883,1.90147,2.61141,12.9769,0.12041,0.073833,0.31134,39.0497
2025-09-11 14:00:00,23.0662,2.91019,3.20554,19.8607,0.124728,0.103468,0.350706,68.8285
2025-09-11 15:00:00,23.0637,3.50193,3.52424,19.5395,0.125023,0.096055,0.360774,52.555
2025-09-11 16:00:00,18.0318,2.9046,3.48846,14.5433,0.124557,0.077551,0.300428,52.4244
2025-09-11 17:00:00,25.2504,3.16818,2.16175,23.0887,0.089114,0.102626,0.332915,58.8245
2025-09-11 18:00:00,19.3525,2.2097,2.53068,16.8219,0.131027,0.08961,0.3816,52.581
2025-09-11 19:00:00,17.7258,1.80177,2.36168,15.3642,0.105188,0.089059,0.361639,46.0311
2025-09-11 20:00:00,9.89649,1.49404,1.46797,8.42851,0.097185,0.064829,0.323068,54.1613
2025-09-11 21:00:00,16.8023,2.49589,2.02244,14.7799,0.108625,0.076414,0.336569,42.6886
2025-09-11 22:00:00,10.2945,1.75136,1.29225,9.00221,0.081707,0.051705,0.259275,41.329
2025-09-11 23:00:00,8.69946,2.23522,1.05366,7.64581,0.050903,0.041554,0.215985,31.1499
2025-09-12 00:00:00,7.46424,2.32097,0.66319,6.80105,0.03169,0.037094,0.174269,25.6435
2025-09-12 01:00:00,6.46043,2.76323,0.811952,5.64848,0.030134,0.023632,0.149758,19.6203
2025-09-12 02:00:00,4.27825,2.47871,0.393123,3.88512,0.021163,0.016998,0.128077,16.9361
2025-09-12 03:00:00,1.98394,1.47615,0.199366,1.78457,0.00955,0.009516,0.095916,6.1453
2025-09-12 04:00:00,1.13597,1.00707,0.110112,1.02586,0.00854,0.00766,0.080201,4.0455
2025-09-12 05:00:00,0.450509,0.349231,0.054483,0.396026,0.004868,0.003865,0.071368,2.3845
2025-09-12 06:00:00,0.992271,0.836652,0.115793,0.876478,0.006652,0.007187,0.086095,5.713
2025-09-12 07:00:00,2.81696,0.952319,0.267463,2.5495,0.012516,0.015651,0.115033,12.0116
2025-09-12 08:00:00,2.83549,1.10935,0.362647,2.47284,0.035535,0.019473,0.15015,13.3069
2025-09-12 09:00:00,5.35694,1.57465,0.61792,4.73902,0.031889,0.026125,0.176295,24.4987
2025-09-12 10:00:00,8.15107,2.24795,1.08266,7.06841,0.061107,0.038173,0.206942,29.9205
2025-09-12 11:00:00,9.78286,1.9288,1.27608,8.50678,0.057764,0.044611,0.249961,40.8593
2025-09-12 12:00:00,15.0975,1.92865,1.40622,13.6912,0.079236,0.073803,0.320299,58.3074
2025-09-12 13:00:00,10.9936,2.00687,1.26482,9.72882,0.084452,0.07261,0.315873,55.6282
2025-09-12 14:00:00,8.2123,1.8315,1.53,6.6823,0.0733,0.0504,0.2499,30.4942
2025-09-12 15:00:00,11.0491,2.26602,0.948108,10.101,0.066244,0.071718,0.331184,57.6785
2025-09-12 16:00:00,12.9724,1.98233,1.35799,11.6144,0.053846,0.065091,0.296048,36.1534
2025-09-12 17:00:00,11.7304,1.5274,1.39593,10.3345,0.064655,0.067247,0.322512,35.262
2025-09-12 18:00:00,11.8979,1.84406,2.31176,9.58612,0.152033,0.081577,0.360831,62.7444
2025-09-12 19:00:00,14.6051,1.30402,1.95863,12.6464,0.091923,0.082497,0.364717,48.0322
2025-09-12 20:00:00,10.2815,1.36649,1.45938,8.82209,0.10505,0.085456,0.372532,67.4165
2025-09-12 21:00:00,11.1075,2.07152,1.29803,9.80949,0.085534,0.078226,0.322152,39.5559
2025-09-12 22:00:00,11.1842,2.53881,1.27211,9.91209,0.072617,0.063513,0.269976,38.0108
2025-09-12 23:00:00,11.2609,3.0061,1.2462,10.0147,0.0597,0.0488,0.2178,36.4658
2025-09-13 00:00:00,11.1617,2.0624,1.1952,9.9665,0.0513,0.0515,0.2379,26.7157
2025-09-13 01:00:00,5.2286,1.7371,0.4975,4.7311,0.0411,0.0358,0.1809,26.0295
2025-09-13 02:00:00,2.8055,1.5432,0.2002,2.6053,0.0109,0.0127,0.0953,7.5729
2025-09-13 03:00:00,2.5949,1.723,0.1391,2.4558,0.0063,0.0115,0.0826,5.0133
2025-09-13 04:00:00,0.9306,0.8023,0.1253,0.8053,0.0056,0.0046,0.0742,2.7705
2025-09-13 05:00:00,0.3409,0.4039,0.0406,0.3003,0.0024,0.0025,0.0655,1.7147
2025-09-13 06:00:00,0.2593,0.2379,0.0355,0.2238,0.002,0.0018,0.0686,1.2881
2025-09-13 07:00:00,1.5449,1.0245,0.3844,1.1606,0.0101,0.0067,0.0834,3.2953
2025-09-13 08:00:00,3.5212,1.2355,0.2731,3.2481,0.0158,0.0191,0.1249,13.6186
2025-09-13 09:00:00,4.1819,1.2264,0.584,3.5979,0.0253,0.0217,0.1491,17.3138
2025-09-13 10:00:00,6.9251,2.447,0.6754,6.2498,0.0326,0.0375,0.1978,28.4422
2025-09-13 11:00:00,8.1158,1.3816,1.0057,7.1101,0.0446,0.0409,0.2434,26.472
2025-09-13 12:00:00,16.8862,1.8161,1.5148,15.3714,0.0815,0.0801,0.3456,55.4689
2025-09-13 13:00:00,14.6944,1.7227,1.4553,13.2391,0.0709,0.0709,0.3038,37.0728
2025-09-13 14:00:00,13.9344,1.962,1.8287,12.1057,0.0781,0.0637,0.2857,36.2942
2025-09-13 15:00:00,13.531,2.2559,1.4959,12.035,0.0764,0.0664,0.2884,45.2709
2025-09-13 16:00:00,15.2869,1.97,1.561,13.7259,0.0746,0.0825,0.3246,52.326
2025-09-13 17:00:00,15.4688,2.0311,2.2035,13.2653,0.0953,0.0822,0.3308,54.413
2025-09-13 18:00:00,11.7427,1.7511,1.7181,10.0245,0.104,0.0852,0.3491,58.6522
2025-09-13 19:00:00,20.2595,2.0107,2.5437,17.7158,0.1204,0.1047,0.3855,72.8486
2025-09-13 20:00:00,9.6165,1.3617,1.4658,8.1507,0.083,0.0707,0.329,59.4035
2025-09-13 21:00:00,12.1565,2.0281,2.1818,9.9747,0.1139,0.0579,0.2736,32.9869
2025-09-13 22:00:00,13.9393,3.0119,1.8925,12.0468,0.0884,0.0583,0.2744,43.8666
2025-09-13 23:00:00,4.7575,1.8312,0.4975,4.26,0.0423,0.0305,0.1755,20.4079
2025-09-14 00:00:00,4.3064,2.4468,0.275,4.0314,0.0173,0.0254,0.1227,14.9751
2025-09-14 01:00:00,4.7744,2.0867,0.3718,4.4026,0.0193,0.0219,0.1197,14.1163
2025-09-14 02:00:00,5.386,2.4616,0.398,4.988,0.0113,0.0164,0.1086,8.2116
2025-09-14 03:00:00,1.2715,0.8929,0.1167,1.1548,0.0135,0.0097,0.0923,4.2836
2025-09-14 04:00:00,2.4042,1.1937,0.2461,2.1581,0.0116,0.0112,0.0874,4.9788
2025-09-14 05:00:00,1.0442,0.7302,0.0715,0.9727,0.0035,0.0053,0.0721,2.0037
2025-09-14 06:00:00,1.6348,0.9825,0.1245,1.5103,0.0055,0.0073,0.0788,3.2376
2025-09-14 07:00:00,0.7306,0.4105,0.0778,0.6528,0.006,0.0074,0.0864,4.5978
2025-09-14 08:00:00,5.1678,1.3693,0.501,4.6668,0.0223,0.0242,0.1465,16.1812
2025-09-14 09:00:00,5.6092,1.3063,0.5028,5.1064,0.0263,0.0294,0.1613,19.5402
2025-09-14 10:00:00,8.0527,1.6105,1.015,7.0376,0.0522,0.0411,0.2098,29.6292
2025-09-14 11:00:00,8.923,1.216,1.0496,7.8734,0.0524,0.0466,0.2478,35.2274
2025-09-14 12:00:00,13.9123,1.6614,2.0877,11.8246,0.0883,0.0669,0.3109,55.4847
2025-09-14 13:00:00,15.724,1.9494,2.5749,13.1491,0.1076,0.0777,0.321,44.0282
2025-09-14 14:00:00,15.504,1.7833,2.8298,12.6742,0.0964,0.0718,0.3408,60.0374
2025-09-14 15:00:00,13.7758,1.9262,2.3273,11.4485,0.0898,0.064,0.3229,54.9022
2025-09-14 16:00:00,14.0315,1.9386,1.655,12.3765,0.0746,0.0691,0.3135,47.5299
2025-09-14 17:00:00,13.0562,1.9927,1.983,11.0731,0.0954,0.0739,0.3309,45.9567
2025-09-14 18:00:00,14.4806,1.8358,2.0624,12.4182,0.1173,0.0978,0.3864,72.8911
2025-09-14 19:00:00,17.3784,1.6352,2.7164,14.662,0.1095,0.0896,0.3698,69.2983
2025-09-14 20:00:00,13.1568,1.5723,2.501,10.6558,0.0925,0.0643,0.2997,50.191
2025-09-14 21:00:00,9.9109,1.9464,1.4639,8.447,0.0853,0.0626,0.295,36.0443
2025-09-14 22:00:00,15.7759,2.736,3.2215,12.5544,0.1102,0.0617,0.2859,49.0448
2025-09-14 23:00:00,13.7117,3.218,2.0374,11.6743,0.0711,0.05205,0.2332,37.7711
2025-09-15 00:00:00,11.6475,3.7,0.8533,10.7942,0.032,0.0424,0.1805,26.4973
2025-09-15 01:00:00,7.2431,2.6966,0.5589,6.6842,0.0299,0.032,0.158,19.8767
2025-09-15 02:00:00,2.4297,1.2064,0.2828,2.1469,0.0124,0.0114,0.0954,7.8048
2025-09-15 03:00:00,1.4382,0.973,0.1088,1.3294,0.0054,0.0067,0.0789,4.9207
2025-09-15 04:00:00,4.1019,4.9539,0.1243,3.9775,0.0066,0.0135,0.0797,4.7731
2025-09-15 05:00:00,0.5811,0.3905,0.0497,0.5314,0.0031,0.003,0.0686,1.9984
2025-09-15 06:00:00,1.1355,0.83,0.2545,0.881,0.0108,0.006,0.0769,3.9625
2025-09-15 07:00:00,3.2495,1.1314,0.1907,3.0588,0.0113,0.0172,0.1091,9.875
2025-09-15 08:00:00,7.9269,1.9738,0.5923,7.3346,0.0332,0.0427,0.1673,15.75
2025-09-15 09:00:00,7.2662,1.7871,0.6959,6.5702,0.0392,0.0342,0.18,24.0031
2025-09-15 10:00:00,7.1184,1.829,1.3618,5.7566,0.0764,0.0398,0.2291,34.6602
2025-09-15 11:00:00,11.433,1.8578,2.2442,9.1888,0.0995,0.0578,0.2892,46.4571
2025-09-15 12:00:00,14.2205,1.9022,2.2952,11.9253,0.0959,0.0628,0.2874,49.0666
2025-09-15 13:00:00,20.1651,3.016,2.7417,17.4234,0.1124,0.0858,0.3036,54.9565
2025-09-15 14:00:00,15.8251,2.3293,2.7374,13.0878,0.1111,0.0669,0.2865,52.6835
2025-09-15 15:00:00,16.4097,2.6605,3.5186,12.8911,0.1202,0.0626,0.301,41.4167
2025-09-15 16:00:00,11.6899,2.3955,1.3592,10.3307,0.0896,0.077,0.3013,50.2344
2025-09-15 17:00:00,13.437,1.6847,1.5568,11.8803,0.0707,0.0727,0.3521,40.0144
2025-09-15 18:00:00,16.1584,2.1133,1.6199,14.5384,0.0924,0.1018,0.3578,64.1918
2025-09-15 19:00:00,16.4874,1.7429,1.9598,14.5276,0.0885,0.0791,0.3449,60.8796
2025-09-15 20:00:00,16.6084,1.9655,1.9438,14.6645,0.0839,0.077,0.3219,54.9526
2025-09-15 21:00:00,16.2552,2.2665,1.5562,14.699,0.0791,0.0739,0.3026,49.8319
2025-09-15 22:00:00,12.7567,2.5782,1.2295,11.5273,0.052,0.0543,0.2332,39.027
2025-09-15 23:00:00,9.454,2.8373,1.1584,8.2955,0.0523,0.0422,0.1784,18.6201
2025-09-16 00:00:00,3.6532,1.5009,0.3264,3.3268,0.0195,0.0178,0.1178,13.3913
2025-09-16 01:00:00,2.5903,1.5166,0.1965,2.3938,0.013,0.013,0.1074,8.3354
2025-09-16 02:00:00,2.6109,1.8438,0.1682,2.4427,0.0127,0.0158,0.1017,10.2039
2025-09-16 03:00:00,2.8451,1.8403,0.2358,2.6093,0.0116,0.0136,0.0956,8.1268
2025-09-16 04:00:00,1.4564,1.4113,0.191,1.2654,0.0078,0.0069,0.0761,4.5167
2025-09-16 05:00:00,0.6125,0.7892,0.0645,0.5479,0.0033,0.0038,0.0696,2.5445
2025-09-16 06:00:00,1.3331,0.8128,0.1532,1.1798,0.0086,0.0087,0.0785,3.7974
2025-09-16 07:00:00,4.5305,1.4238,0.9279,3.6027,0.0344,0.0189,0.116,11.7333
2025-09-16 08:00:00,6.5447,1.2778,0.528,6.0167,0.0355,0.0343,0.1844,24.4492
2025-09-16 09:00:00,7.1907,1.4783,0.9211,6.2696,0.0516,0.0324,0.1995,30.106
2025-09-16 10:00:00,6.7342,1.1978,0.7265,6.0077,0.0473,0.0336,0.2375,36.5842
2025-09-16 11:00:00,7.5033,1.0787,1.0656,6.4377,0.0525,0.0358,0.2268,25.6083
2025-09-16 12:00:00,11.0218,1.354,1.2289,9.7929,0.0685,0.0526,0.2607,42.861
2025-09-16 13:00:00,9.30782,1.44559,1.12063,8.18719,0.07041,0.048465,0.25147,41.4501
2025-09-16 14:00:00,7.59384,1.53718,1.01237,6.58148,0.072319,0.044329,0.242239,40.0392
2025-09-16 15:00:00,5.87987,1.62877,0.904103,4.97576,0.074229,0.040194,0.233009,38.6283
2025-09-16 16:00:00,5.00637,1.46653,0.744439,4.26193,0.063304,0.038154,0.236039,38.6846
2025-09-16 17:00:00,4.13287,1.30428,0.584775,3.54809,0.052378,0.036114,0.23907,38.741
2025-09-16 18:00:00,3.25937,1.14203,0.425111,2.83426,0.041453,0.034074,0.242101,38.7973
2025-09-16 19:00:00,4.74427,1.39376,0.680507,4.06376,0.04959,0.034569,0.235074,37.546
2025-09-16 20:00:00,6.22917,1.64549,0.935904,5.29327,0.057727,0.035063,0.228047,36.2948
2025-09-16 21:00:00,7.71407,1.89721,1.1913,6.52277,0.065864,0.035558,0.22102,35.0435
2025-09-16 22:00:00,9.72349,2.83483,2.69736,7.02613,0.094385,0.036902,0.199535,30.5975
2025-09-16 23:00:00,4.14639,1.99537,0.327099,3.81929,0.020865,0.020969,0.134901,10.6558
2025-09-17 00:00:00,4.06095,2.83982,0.236562,3.82438,0.013075,0.018076,0.10431,11.5839
2025-09-17 01:00:00,3.43541,2.74833,0.301138,3.13427,0.014971,0.014119,0.102609,12.2183
2025-09-17 02:00:00,1.20847,1.78768,0.157234,1.05123,0.011733,0.008516,0.087812,6.8375
2025-09-17 03:00:00,1.00904,1.4333,0.197233,0.811808,0.007459,0.00376,0.07562,6.8
2025-09-17 04:00:00,0.836276,1.24817,0.11733,0.718946,0.005394,0.004471,0.072844,5.3817
2025-09-17 05:00:00,1.19287,1.95552,0.157432,1.03544,0.010628,0.009143,0.083467,8.4623
2025-09-17 06:00:00,1.52374,1.86733,0.23017,1.29357,0.012293,0.008823,0.085209,8.0978
2025-09-17 07:00:00,2.41312,1.02425,0.163199,2.24993,0.011219,0.016212,0.109097,11.7589
2025-09-17 08:00:00,4.77945,1.11983,0.501509,4.27795,0.02271,0.029727,0.160204,18.9747
2025-09-17 09:00:00,5.8261,1.96562,0.546584,5.27952,0.034302,0.038124,0.190128,20.4135
2025-09-17 10:00:00,7.59626,1.84018,0.766347,6.82991,0.03726,0.037743,0.199845,27.2635
2025-09-17 11:00:00,8.1684,1.54121,0.834733,7.33367,0.042303,0.036363,0.224381,31.3617
2025-09-17 12:00:00,11.6603,1.72796,1.1162,10.5441,0.051802,0.052173,0.246761,39.5621
2025-09-17 13:00:00,8.24386,2.18092,0.621774,7.62209,0.041277,0.049282,0.227633,35.0456
2025-09-17 14:00:00,8.31989,1.41351,0.8726,7.44729,0.035514,0.040597,0.221925,29.3172
2025-09-17 15:00:00,8.37922,1.50814,0.851359,7.52786,0.039039,0.038604,0.213772,31.031
2025-09-17 16:00:00,9.88576,1.8485,0.909131,8.97663,0.040704,0.045342,0.219802,30.7158
2025-09-17 17:00:00,18.9713,3.98725,1.6407,17.3306,0.084518,0.09645,0.28096,37.2094
2025-09-17 18:00:00,12.1213,1.52508,1.77167,10.3497,0.08252,0.061475,0.309486,37.758
2025-09-17 19:00:00,12.7877,1.45645,1.56829,11.2194,0.07622,0.064182,0.309481,53.6106
2025-09-17 20:00:00,7.30861,1.50755,1.43596,5.87265,0.090648,0.045857,0.281948,42.9599
2025-09-17 21:00:00,12.5371,2.14091,1.64643,10.8907,0.078545,0.057589,0.261844,43.6424
2025-09-17 22:00:00,9.97433,2.03309,1.7887,8.18562,0.0727,0.0443,0.235443,27.8025
2025-09-17 23:00:00,8.08343,2.65553,1.25837,6.82507,0.053071,0.03358,0.19109,32.027
2025-09-18 00:00:00,5.83621,2.47927,0.610295,5.22591,0.027456,0.025359,0.136499,9.8864
2025-09-18 01:00:00,6.70624,2.6135,0.806572,5.89967,0.033727,0.024852,0.141493,21.0502
2025-09-18 02:00:00,5.53525,3.2522,0.613422,4.92183,0.023784,0.019541,0.119629,16.2298
2025-09-18 03:00:00,2.27767,2.31471,0.223468,2.05421,0.008857,0.010017,0.080016,6.8619
2025-09-18 04:00:00,1.83428,3.32296,0.057671,1.77661,0.005282,0.012206,0.07686,5.9247
2025-09-18 05:00:00,1.27744,1.52076,0.095098,1.18234,0.004468,0.007018,0.071417,5.2672
2025-09-18 06:00:00,2.72283,2.28426,0.151385,2.57145,0.009985,0.012889,0.083819,7.7387
2025-09-18 07:00:00,1.82881,0.854585,0.161347,1.66746,0.012106,0.011312,0.106458,8.1476
2025-09-18 08:00:00,5.66366,1.44999,0.419949,5.24371,0.019541,0.028246,0.155474,20.2128
2025-09-18 09:00:00,7.25688,1.82517,0.651217,6.60566,0.034001,0.036887,0.17407,24.2006
2025-09-18 10:00:00,6.84352,1.41688,0.601108,6.24241,0.035773,0.033992,0.191476,28.021
2025-09-18 11:00:00,11.5764,1.63416,1.04498,10.5314,0.058318,0.0548,0.281799,47.3643
2025-09-18 12:00:00,14.1605,1.90124,1.38518,12.7753,0.06686,0.065568,0.267861,47.0242
2025-09-18 13:00:00,13.338,1.84789,1.31287,12.0252,0.062267,0.06145,0.264996,45.7641
2025-09-18 14:00:00,11.0318,1.76059,1.24863,9.78319,0.059794,0.052675,0.261911,45.1516
2025-09-18 15:00:00,12.2053,1.75818,1.68088,10.5244,0.071564,0.051375,0.276968,44.7988
2025-09-18 16:00:00,12.7272,2.1002,2.81107,9.91617,0.121738,0.065144,0.314005,40.613
2025-09-18 17:00:00,16.903,1.7397,2.46955,14.4334,0.091648,0.076865,0.357641,67.0213
2025-09-18 18:00:00,15.0922,1.57145,2.23591,12.8563,0.093873,0.069209,0.364377,47.7251
2025-09-18 19:00:00,15.5078,1.55016,2.51878,12.989,0.1098,0.077295,0.349662,60.3284
2025-09-18 20:00:00,10.1727,1.28152,1.62735,8.54538,0.075572,0.050474,0.270128,43.5343
2025-09-18 21:00:00,12.2134,1.90477,1.96031,10.2531,0.092118,0.056714,0.25978,41.5174
2025-09-18 22:00:00,6.949,2.07805,0.545512,6.40348,0.057015,0.045705,0.199094,21.1511
2025-09-18 23:00:00,9.15232,2.7353,0.683685,8.46864,0.033123,0.036095,0.156612,13.3308
2025-09-19 00:00:00,5.21433,2.2612,1.402,3.81233,0.046194,0.018877,0.123193,9.1003
2025-09-19 01:00:00,2.62609,1.29876,0.319539,2.30655,0.020418,0.015679,0.104618,10.1383
2025-09-19 02:00:00,2.18685,1.17573,0.250886,1.93597,0.010644,0.009781,0.096293,11.4597
2025-09-19 03:00:00,3.02541,1.86524,0.164287,2.86113,0.008694,0.013581,0.081095,5.3403
2025-09-19 04:00:00,0.607597,0.638232,0.074507,0.53309,0.003459,0.002828,0.069391,3.0967
2025-09-19 05:00:00,0.264182,0.283459,0.045874,0.218308,0.002961,0.001728,0.069092,5.0098
2025-09-19 06:00:00,1.43382,0.988842,0.067684,1.36614,0.003597,0.006045,0.077885,6.9085
2025-09-19 07:00:00,2.09972,0.87053,0.181434,1.91829,0.010278,0.011707,0.101758,10.897
2025-09-19 08:00:00,4.48534,0.94309,0.499179,3.98616,0.027674,0.025409,0.166758,23.5335
2025-09-19 09:00:00,5.61023,1.11981,0.550184,5.06005,0.028273,0.029126,0.180135,26.2476
2025-09-19 10:00:00,5.06753,1.10742,0.566362,4.50117,0.031208,0.027519,0.188665,28.4829
2025-09-19 11:00:00,10.1155,1.71159,1.25366,8.86183,0.057821,0.04912,0.236918,29.0012
2025-09-19 12:00:00,9.1602,1.63051,0.99928,8.16092,0.044312,0.043395,0.226064,36.526
2025-09-19 13:00:00,11.2115,1.73983,1.16315,10.0483,0.057492,0.05427,0.263688,32.7751
2025-09-19 14:00:00,10.3564,1.63815,1.0832,9.27321,0.057014,0.048096,0.253708,39.9298
2025-09-19 15:00:00,8.43575,1.79943,1.10731,7.32844,0.061936,0.052287,0.241991,39.8338
2025-09-19 16:00:00,9.55472,2.06633,1.61103,7.94369,0.094832,0.05602,0.271951,44.0823
2025-09-19 17:00:00,15.1898,2.49833,2.25216,12.9377,0.086574,0.065252,0.275532,43.2944
2025-09-19 18:00:00,16.9097,2.90745,1.32435,15.5854,0.085425,0.09207,0.348088,60.1721
2025-09-19 19:00:00,17.3087,2.15496,2.52196,14.7867,0.11218,0.06379,0.309755,55.2697
2025-09-19 20:00:00,8.23699,1.36059,1.63569,6.6013,0.090966,0.052336,0.295352,50.2676
2025-09-19 21:00:00,14.3855,1.97767,2.0416,12.3439,0.071893,0.065479,0.279482,49.1438
2025-09-19 22:00:00,17.8841,2.72706,2.88274,15.0013,0.100674,0.073558,0.297032,57.2523
2025-09-19 23:00:00,17.533,2.72929,3.06839,14.4646,0.096898,0.077346,0.283757,52.0501
2025-09-20 00:00:00,22.6405,3.91569,6.37254,16.268,0.187284,0.076338,0.253443,31.7226
2025-09-20 01:00:00,8.36941,1.7937,1.53223,6.83718,0.043454,0.03367,0.163166,25.2778
2025-09-20 02:00:00,4.79221,1.42966,1.59553,3.19668,0.050295,0.014837,0.123295,9.6838
2025-09-20 03:00:00,2.36378,0.852734,0.35978,2.004,0.01621,0.010023,0.103684,11.2569
2025-09-20 04:00:00,2.21227,1.02231,0.158751,2.05352,0.008691,0.008047,0.083176,6.4962
2025-09-20 05:00:00,0.397779,0.190143,0.058194,0.339585,0.004023,0.002692,0.074238,4.7823
2025-09-20 06:00:00,2.16616,1.10181,0.144887,2.02127,0.008061,0.011361,0.086848,5.5147
2025-09-20 07:00:00,3.10608,1.17922,0.312503,2.79357,0.016246,0.015086,0.108249,10.6213
2025-09-20 08:00:00,4.3878,1.2951,0.497317,3.89048,0.029409,0.021162,0.138506,15.4872
2025-09-20 09:00:00,5.90381,1.17232,0.695371,5.20844,0.036544,0.026928,0.177993,22.864
2025-09-20 10:00:00,8.85258,1.47249,1.35213,7.50045,0.056197,0.039701,0.239806,34.2775
2025-09-20 11:00:00,15.9513,1.90714,2.11479,13.8365,0.087125,0.081462,0.327047,55.74
2025-09-20 12:00:00,26.2394,2.06577,4.54589,21.6935,0.169671,0.127242,0.404749,85.5473
2025-09-20 13:00:00,23.3004,2.17639,4.16487,19.1356,0.208452,0.151351,0.408119,98.3014
2025-09-20 14:00:00,29.8144,1.8763,2.85724,26.9572,0.131805,0.158784,0.411176,94.2696
2025-09-20 15:00:00,25.0681,1.83864,3.4565,21.6116,0.115788,0.132358,0.409335,67.1913
2025-09-20 16:00:00,21.9861,1.82337,2.67971,19.3064,0.102126,0.121237,0.40367,81.023
2025-09-20 17:00:00,17.0264,1.75421,2.02547,15.0009,0.117826,0.127755,0.400842,58.2459
2025-09-20 18:00:00,31.2045,2.02102,3.75707,27.4474,0.15343,0.154716,0.406732,88.4419
2025-09-20 19:00:00,29.6371,1.9358,4.48385,25.1533,0.214,0.170397,0.4135,97.306
2025-09-20 20:00:00,27.843,1.90314,3.48422,24.3587,0.148824,0.145191,0.403988,62.736
2025-09-20 21:00:00,20.856,1.8437,3.20571,17.6503,0.147937,0.109636,0.373972,50.0366
2025-09-20 22:00:00,21.9314,2.49108,3.9679,17.9635,0.202972,0.106883,0.376971,72.794
2025-09-20 23:00:00,25.6541,2.5649,4.4789,21.1752,0.207531,0.116009,0.380032,79.6545
2025-09-21 00:00:00,20.308,2.78726,2.80471,17.5033,0.120231,0.08934,0.283044,52.2513
2025-09-21 01:00:00,16.1333,3.2979,2.57198,13.5614,0.11865,0.060964,0.219453,36.2426
2025-09-21 02:00:00,9.07816,2.71476,0.930617,8.14754,0.047313,0.034667,0.162642,23.8892
2025-09-21 03:00:00,2.60509,2.11109,0.205792,2.3993,0.017043,0.017203,0.111903,8.0367
2025-09-21 04:00:00,2.32508,2.00438,0.141069,2.18401,0.011183,0.013676,0.096447,11.1481
2025-09-21 05:00:00,2.62798,1.81741,0.128269,2.49971,0.007214,0.015136,0.087411,7.7856
2025-09-21 06:00:00,2.48839,1.37785,0.185556,2.30283,0.007955,0.011854,0.086151,7.3932
2025-09-21 07:00:00,2.77728,0.977915,0.528088,2.24919,0.014529,0.012096,0.104995,10.0571
2025-09-21 08:00:00,6.86374,1.7074,0.504775,6.35897,0.024036,0.033232,0.161848,20.3781
2025-09-21 09:00:00,10.1763,2.53773,1.05755,9.11873,0.04519,0.051236,0.19847,22.2735
2025-09-21 10:00:00,7.94819,1.86315,0.818966,7.12922,0.047233,0.049279,0.235503,38.1371
2025-09-21 11:00:00,15.8784,2.09312,1.58475,14.2936,0.064621,0.082012,0.30315,53.8802
2025-09-21 12:00:00,21.9418,2.05447,2.58693,19.3548,0.105692,0.114436,0.385061,76.7549
2025-09-21 13:00:00,36.9833,3.00677,3.31679,33.6665,0.135158,0.170074,0.412359,67.8736
2025-09-21 14:00:00,23.8047,1.97878,3.74522,20.0595,0.15532,0.120599,0.39984,61.7679
2025-09-21 15:00:00,21.5125,1.97543,4.31698,17.1955,0.129605,0.104213,0.382368,74.6246
2025-09-21 16:00:00,22.8534,2.2858,3.52316,19.3303,0.116273,0.109093,0.385714,75.2892
2025-09-21 17:00:00,15.5387,1.89496,1.87907,13.6596,0.086211,0.080739,0.318294,52.1306
2025-09-21 18:00:00,14.2604,2.01361,1.59367,12.6667,0.073993,0.075317,0.293697,47.7664
2025-09-21 19:00:00,10.38,1.81913,2.87031,7.50964,0.118656,0.061488,0.287765,35.8415
2025-09-21 20:00:00,10.6358,1.55676,1.89217,8.74361,0.071217,0.048283,0.250394,40.088
2025-09-21 21:00:00,10.7341,3.02882,1.38934,9.34479,0.065886,0.050771,0.241108,38.0114
2025-09-21 22:00:00,13.0786,3.3415,1.65611,11.4225,0.062794,0.048342,0.22885,37.776
2025-09-21 23:00:00,19.3358,3.68441,4.03109,15.3047,0.157076,0.06854,0.282465,56.307
2025-09-22 00:00:00,15.365,3.32144,3.65054,11.7144,0.1124,0.055495,0.217072,40.3314
2025-09-22 01:00:00,8.05328,2.47946,1.91796,6.13532,0.056682,0.026913,0.142509,13.5028
2025-09-22 02:00:00,2.34464,0.925271,0.286429,2.05821,0.013639,0.010612,0.106559,12.0275
2025-09-22 03:00:00,2.62224,1.64095,0.211252,2.41099,0.009754,0.011216,0.089016,8.2532
2025-09-22 04:00:00,1.33076,0.901601,0.12907,1.20169,0.005975,0.006019,0.075649,3.104
2025-09-22 05:00:00,0.314059,0.282937,0.03296,0.281099,0.001534,0.001816,0.064323,1.6558
2025-09-22 06:00:00,0.989983,1.02695,0.088754,0.901229,0.0058,0.005379,0.076315,4.315
2025-09-22 07:00:00,2.38656,1.04674,0.230256,2.1563,0.010725,0.013703,0.103003,9.2342
2025-09-22 08:00:00,2.17179,0.868022,0.215886,1.95591,0.016229,0.017117,0.135275,15.2027
2025-09-22 09:00:00,5.67786,1.73423,0.666581,5.01128,0.026016,0.022973,0.161931,19.1452
2025-09-22 10:00:00,6.23887,1.74562,0.539423,5.69944,0.02761,0.030468,0.191038,22.0296
2025-09-22 11:00:00,8.9919,1.70108,1.24474,7.74716,0.049884,0.041661,0.223933,33.0067
2025-09-22 12:00:00,12.576,1.94315,1.61125,10.9648,0.072475,0.059003,0.275046,43.0288
2025-09-22 13:00:00,11.9344,2.25433,1.31618,10.6182,0.053637,0.052659,0.243231,38.0491
2025-09-22 14:00:00,11.0263,1.86949,1.35377,9.67249,0.065863,0.060269,0.275662,42.1943
2025-09-22 15:00:00,15.0846,3.23983,4.66817,10.4165,0.162071,0.062711,0.256245,41.4137
2025-09-22 16:00:00,6.88093,1.54005,1.02517,5.85577,0.043124,0.038213,0.214257,20.2363
2025-09-22 17:00:00,7.23059,1.71504,0.672361,6.55823,0.043846,0.048274,0.246638,35.9991
2025-09-22 18:00:00,11.2549,1.62831,1.09601,10.1588,0.048318,0.058786,0.258981,38.2346
2025-09-22 19:00:00,11.6993,1.6819,1.18633,10.513,0.056312,0.061571,0.277177,43.3102
2025-09-22 20:00:00,10.2282,1.63077,1.98501,8.24316,0.077674,0.051869,0.276408,42.9891
2025-09-22 21:00:00,7.9726,1.68057,1.08636,6.88624,0.052971,0.03745,0.201829,30.4186
2025-09-22 22:00:00,18.1512,4.42281,1.21036,16.9408,0.049632,0.073463,0.218625,36.2425
2025-09-22 23:00:00,6.5775,2.36601,0.692536,5.88496,0.031339,0.029493,0.141969,19.7272
2025-09-23 00:00:00,2.32141,1.19537,0.235627,2.08578,0.012077,0.010668,0.096663,8.3602
2025-09-23 01:00:00,2.63769,1.86541,0.354035,2.28366,0.011901,0.010163,0.095551,7.8593
2025-09-23 02:00:00,2.92493,1.53298,0.297492,2.62744,0.012639,0.012787,0.094574,8.8071
2025-09-23 03:00:00,1.38753,1.18188,0.130325,1.2572,0.007205,0.007556,0.07838,3.8899
2025-09-23 04:00:00,4.11775,3.15295,0.190773,3.92698,0.006804,0.011741,0.072951,2.8209
2025-09-23 05:00:00,0.546286,0.341002,0.102297,0.443989,0.003417,0.002696,0.069627,1.6323
2025-09-23 06:00:00,1.37295,0.753539,0.075254,1.2977,0.003211,0.005948,0.075302,3.3301
2025-09-23 07:00:00,1.93745,0.719705,0.163095,1.77435,0.009519,0.010734,0.097235,7.7512
2025-09-23 08:00:00,3.32433,1.16971,0.293289,3.03104,0.019012,0.020522,0.139992,12.5033
2025-09-23 09:00:00,2.95023,0.774745,0.243674,2.70655,0.015749,0.015181,0.13459,12.9303
2025-09-23 10:00:00,4.78873,1.08687,0.719155,4.06958,0.036587,0.021541,0.173234,22.7121
2025-09-23 11:00:00,7.58728,1.37401,1.50476,6.08253,0.064436,0.03228,0.199005,27.1434
2025-09-23 12:00:00,9.3636,1.67987,1.10806,8.25554,0.049845,0.041718,0.20963,30.7406
2025-09-23 13:00:00,5.41886,1.19148,0.559925,4.85894,0.029113,0.025882,0.179564,25.3884
2025-09-23 14:00:00,7.057,1.25035,1.07305,5.98395,0.043842,0.031278,0.21484,24.6727
2025-09-23 15:00:00,8.19442,2.33592,2.67236,5.52207,0.109946,0.03306,0.240008,27.6635
2025-09-23 16:00:00,5.64769,1.42403,0.670786,4.9769,0.031185,0.026495,0.180052,24.309
2025-09-23 17:00:00,5.91476,1.34182,0.610367,5.30439,0.030956,0.029113,0.178879,25.4084
2025-09-23 18:00:00,9.23751,1.81128,1.54396,7.69355,0.054993,0.040991,0.224043,35.0631
2025-09-23 19:00:00,6.79739,1.47834,0.846191,5.9512,0.035861,0.032607,0.187844,27.9281
2025-09-23 20:00:00,9.95872,2.22491,2.44415,7.51457,0.072421,0.036631,0.228692,37.2526
2025-09-23 21:00:00,7.9284,1.95088,0.731462,7.19694,0.034582,0.038172,0.183252,29.6505
2025-09-23 22:00:00,10.7984,2.98958,1.06543,9.73293,0.045639,0.044416,0.198149,30.783
2025-09-23 23:00:00,3.95211,2.21035,0.333216,3.61889,0.021348,0.025153,0.138025,14.7035
2025-09-24 00:00:00,3.93865,2.67936,0.372851,3.5658,0.017976,0.016353,0.113936,11.25
2025-09-24 01:00:00,5.57932,4.44922,0.321786,5.25753,0.009369,0.021138,0.10044,12.1926
2025-09-24 02:00:00,2.93002,2.54784,0.083649,2.84637,0.003029,0.012069,0.074644,4.1126
2025-09-24 03:00:00,1.27571,1.08664,0.108931,1.16678,0.006075,0.006318,0.078761,5.7502
2025-09-24 04:00:00,0.832703,1.05942,0.06178,0.770923,0.004609,0.005452,0.075676,5.1956
2025-09-24 05:00:00,1.02056,0.966434,0.044991,0.975564,0.002214,0.003378,0.070251,3.8088
2025-09-24 06:00:00,1.09036,1.03059,0.074813,1.01555,0.003505,0.006375,0.074957,2.5919
2025-09-24 07:00:00,2.09615,1.07275,0.20222,1.89393,0.01203,0.012522,0.105554,9.6129
2025-09-24 08:00:00,7.14805,1.92462,0.409744,6.73831,0.021311,0.030386,0.149867,17.3192
2025-09-24 09:00:00,6.49116,1.44184,0.961626,5.52953,0.040991,0.026386,0.178601,23.2254
2025-09-24 10:00:00,6.95985,1.878,1.15236,5.80749,0.079194,0.035497,0.211269,29.0724
2025-09-24 11:00:00,8.98371,1.38938,1.32701,7.6567,0.048164,0.041229,0.244481,36.3421
2025-09-24 12:00:00,10.8275,1.43449,1.11671,9.71079,0.052637,0.05229,0.258912,40.5784
2025-09-24 13:00:00,12.0404,1.4788,1.15074,10.8896,0.057304,0.064562,0.2761,32.7911
2025-09-24 14:00:00,10.7169,1.6518,1.08313,9.63377,0.05227,0.056862,0.274419,41.9747
2025-09-24 15:00:00,10.6308,1.83479,1.44844,9.18235,0.064898,0.045814,0.263602,33.309
2025-09-24 16:00:00,9.8858,1.8485,0.9091,8.9766,0.0407,0.0453,0.2198,30.7158
2025-09-24 17:00:00,12.3098,2.02264,2.07425,10.2355,0.074458,0.054719,0.302195,50.8372
2025-09-24 18:00:00,10.7828,1.8649,1.21528,9.56757,0.075915,0.066344,0.296407,50.5932
2025-09-24 19:00:00,10.9502,1.56297,1.57272,9.37745,0.073167,0.056672,0.276956,44.617
2025-09-24 20:00:00,12.567,1.38525,1.99357,10.5734,0.077669,0.06018,0.288859,51.2407
2025-09-24 21:00:00,11.2291,1.59098,1.76216,9.46698,0.071651,0.050945,0.254899,42.8296
2025-09-24 22:00:00,11.5456,2.07282,1.80983,9.73578,0.065273,0.047108,0.241649,39.8518
2025-09-24 23:00:00,10.4107,2.78659,2.19214,8.21856,0.059591,0.037607,0.197307,34.2299
2025-09-25 00:00:00,5.309,1.81566,0.522438,4.78656,0.022179,0.02296,0.133373,14.0374
2025-09-25 01:00:00,5.87453,2.19035,0.613557,5.26097,0.029114,0.024155,0.145634,21.3461
2025-09-25 02:00:00,4.27485,1.93783,0.341988,3.93286,0.019004,0.017987,0.137222,13.0243
2025-09-25 03:00:00,2.10238,1.67921,0.163818,1.93856,0.011095,0.01199,0.097938,12.1171
2025-09-25 04:00:00,0.976279,0.542376,0.111566,0.864713,0.006156,0.005543,0.078219,6.4091
2025-09-25 05:00:00,1.11893,0.721891,0.204079,0.914854,0.00773,0.004809,0.075224,5.3344
2025-09-25 06:00:00,3.01527,1.65492,0.14918,2.8661,0.009852,0.013662,0.088193,8.4304
2025-09-25 07:00:00,2.71014,0.974871,0.275385,2.43476,0.014297,0.013777,0.115802,11.1193
2025-09-25 08:00:00,3.74754,0.935482,0.496275,3.25127,0.02497,0.018443,0.150726,20.9917
2025-09-25 09:00:00,7.75303,1.65169,1.61645,6.13658,0.062975,0.029857,0.20458,32.7294
2025-09-25 10:00:00,8.38848,1.56152,1.58551,6.80297,0.067256,0.039531,0.255185,41.3919
2025-09-25 11:00:00,12.4955,1.98404,1.83458,10.6609,0.06397,0.053397,0.269384,46.6627
2025-09-25 12:00:00,11.4724,1.72777,2.605,8.86737,0.076108,0.046967,0.275458,49.1615
2025-09-25 13:00:00,9.1526,1.5901,2.67903,6.47356,0.076231,0.035397,0.228978,38.177
2025-09-25 14:00:00,13.537,2.26522,3.40109,10.1359,0.09182,0.051725,0.274549,46.0071
2025-09-25 15:00:00,12.0371,1.9896,3.44483,8.59225,0.107016,0.050407,0.298633,49.1926
2025-09-25 16:00:00,12.6378,2.08064,3.18746,9.45032,0.094756,0.054128,0.281358,36.1999
2025-09-25 17:00:00,12.184,1.79546,3.44878,8.73522,0.103017,0.050893,0.294203,50.2335
2025-09-25 18:00:00,16.2848,2.05254,4.06444,12.2204,0.137045,0.065057,0.346518,56.86
2025-09-25 19:00:00,16.3254,2.08392,4.36822,11.9572,0.142638,0.06382,0.309707,50.7588
2025-09-25 20:00:00,13.8041,2.0366,3.90283,9.90126,0.13613,0.05335,0.292907,47.9251
2025-09-25 21:00:00,9.37302,1.4133,2.85223,6.52079,0.108291,0.038556,0.253074,40.2625
2025-09-25 22:00:00,12.1304,2.44268,3.34343,8.78693,0.102663,0.049295,0.254996,40.4161
2025-09-25 23:00:00,10.937,2.86911,4.05068,6.88636,0.097084,0.035672,0.241462,40.3383
2025-09-26 00:00:00,8.73127,2.99016,1.55118,7.18009,0.054656,0.0398,0.158326,21.8824
2025-09-26 01:00:00,6.41487,3.46002,1.17108,5.24379,0.039824,0.030305,0.150238,22.5006
2025-09-26 02:00:00,5.81438,3.05698,2.39809,3.41629,0.074694,0.015157,0.135357,16.9346
2025-09-26 03:00:00,4.32347,2.68206,2.03342,2.29005,0.060944,0.010624,0.111735,12.3373
2025-09-26 04:00:00,1.32099,0.826649,0.164359,1.15663,0.007151,0.004838,0.077792,4.9507
2025-09-26 05:00:00,0.538342,0.32906,0.069651,0.468691,0.004201,0.002599,0.074132,3.4196
2025-09-26 06:00:00,2.01622,1.03609,0.170818,1.84541,0.006886,0.010296,0.086368,7.0982
2025-09-26 07:00:00,2.19489,0.752188,0.327091,1.86779,0.02341,0.01075,0.111909,11.2703
2025-09-26 08:00:00,2.90228,1.30616,0.366885,2.53539,0.029222,0.023626,0.167639,21.4353
2025-09-26 09:00:00,5.40827,1.70823,1.12873,4.27953,0.075204,0.024423,0.179271,23.5105
2025-09-26 10:00:00,6.21644,1.54484,1.39045,4.82599,0.069563,0.026723,0.192018,25.823
2025-09-26 11:00:00,7.97862,1.45383,2.10937,5.86924,0.087904,0.033332,0.219269,30.7144
2025-09-26 12:00:00,10.6488,1.48934,1.93772,8.71109,0.079709,0.048508,0.25377,40.2131
2025-09-26 13:00:00,10.3673,1.54321,2.04385,8.32342,0.085601,0.043832,0.246908,39.5844
2025-09-26 14:00:00,8.76699,1.47394,2.03733,6.72966,0.075569,0.03812,0.252391,41.3551
2025-09-26 15:00:00,10.2291,1.79017,2.61058,7.61847,0.081594,0.040516,0.244263,38.6747
2025-09-26 16:00:00,10.6448,1.75773,1.18705,9.45778,0.05092,0.050179,0.24847,27.9765
2025-09-26 17:00:00,12.9873,1.88331,1.57273,11.4146,0.068049,0.059532,0.296839,35.4657
2025-09-26 18:00:00,15.1119,1.68735,1.92854,13.1834,0.083606,0.070416,0.349644,45.663
2025-09-26 19:00:00,17.7918,1.69092,2.67554,15.1163,0.10276,0.079576,0.362426,63.9434
2025-09-26 20:00:00,16.2534,1.69801,2.07206,14.1813,0.088677,0.077958,0.343725,55.3643
2025-09-26 21:00:00,8.44597,1.64318,1.22885,7.21712,0.066932,0.061924,0.289529,33.5692
2025-09-26 22:00:00,12.8614,2.11467,2.40038,10.4611,0.128524,0.061132,0.28255,47.8867
2025-09-26 23:00:00,9.70042,2.08253,1.14166,8.55875,0.044404,0.042358,0.203226,34.6289
2025-09-27 00:00:00,6.39207,1.73792,0.830966,5.56111,0.027304,0.026845,0.145681,21.482
2025-09-27 01:00:00,4.41862,1.70999,0.296885,4.12173,0.014778,0.018231,0.118243,15.454
2025-09-27 02:00:00,2.83264,1.11697,0.297208,2.53544,0.013145,0.011475,0.099213,11.731
2025-09-27 03:00:00,1.40727,0.941948,0.135564,1.27171,0.006173,0.007317,0.082636,8.2721
2025-09-27 04:00:00,1.50509,0.976064,0.271434,1.23365,0.013634,0.006575,0.080667,5.7338
2025-09-27 05:00:00,1.29218,0.771915,0.35921,0.932975,0.010681,0.004877,0.076859,3.5291
2025-09-27 06:00:00,2.07223,1.42519,0.348616,1.72361,0.013638,0.009368,0.078274,3.9297
2025-09-27 07:00:00,3.46327,1.23688,0.314467,3.1488,0.01292,0.015443,0.109,10.856
2025-09-27 08:00:00,4.19281,1.24195,0.367116,3.82569,0.022062,0.02548,0.149936,19.5878
2025-09-27 09:00:00,5.24283,1.1019,0.730095,4.51273,0.032008,0.028901,0.185463,24.4214
2025-09-27 10:00:00,8.40667,1.64129,0.86498,7.54169,0.036059,0.036905,0.193003,27.853
2025-09-27 11:00:00,9.06685,1.25719,1.19487,7.87198,0.063602,0.045575,0.234072,33.3544
2025-09-27 12:00:00,13.7144,1.47024,1.54329,12.1711,0.071825,0.06691,0.320234,56.3113
2025-09-27 13:00:00,14.3033,1.82487,2.57875,11.7246,0.092505,0.061739,0.292534,37.4171
2025-09-27 14:00:00,13.2481,1.84514,1.16927,12.0788,0.054765,0.064368,0.295733,46.3865
2025-09-27 15:00:00,15.7727,2.08028,2.36771,13.405,0.086945,0.066243,0.33136,58.419
2025-09-27 16:00:00,18.1905,2.48165,2.12785,16.0627,0.090162,0.079359,0.334504,59.5555
2025-09-27 17:00:00,19.7958,2.55166,2.25214,17.5437,0.095148,0.094333,0.311453,49.8667
2025-09-27 18:00:00,14.1547,2.13559,1.8951,12.2596,0.103276,0.074519,0.323554,57.8512
2025-09-27 19:00:00,17.1482,2.0892,2.70731,14.4409,0.097817,0.073086,0.328172,62.3737
2025-09-27 20:00:00,8.74579,1.74427,1.58201,7.16377,0.087648,0.049411,0.282356,50.8906
2025-09-27 21:00:00,11.0701,2.13956,2.9947,8.0754,0.106622,0.044195,0.24342,40.5254
2025-09-27 22:00:00,9.26422,2.65146,2.09125,7.17297,0.084431,0.040375,0.213332,35.9493
2025-09-27 23:00:00,5.05162,2.04023,1.4177,3.63392,0.053805,0.017868,0.136604,12.5407
2025-09-28 00:00:00,5.00813,2.7071,1.30616,3.70198,0.036539,0.018572,0.133494,18.3554
2025-09-28 01:00:00,3.83735,2.55482,0.733199,3.10415,0.017997,0.016027,0.108938,11.111
2025-09-28 02:00:00,0.718022,0.930081,0.087336,0.630686,0.006447,0.006787,0.079732,6.1424
2025-09-28 03:00:00,1.91152,1.51228,0.148291,1.76323,0.005209,0.008921,0.078003,4.9413
2025-09-28 04:00:00,0.57719,0.530506,0.228498,0.348692,0.006123,0.001881,0.066721,2.1775
2025-09-28 05:00:00,0.961348,0.738362,0.053373,0.907975,0.00265,0.004999,0.069502,2.885
2025-09-28 06:00:00,0.914354,0.655921,0.061507,0.852847,0.003773,0.004426,0.074028,3.6365
2025-09-28 07:00:00,4.7741,1.90203,0.298533,4.47557,0.015187,0.022413,0.118902,13.194
2025-09-28 08:00:00,6.82605,1.75117,0.445982,6.38006,0.02785,0.03614,0.167384,22.1826
2025-09-28 09:00:00,3.65897,0.896367,0.427364,3.23161,0.025555,0.022201,0.158915,18.289
2025-09-28 10:00:00,6.40995,1.52836,0.588591,5.82136,0.033581,0.032797,0.181009,23.3625
2025-09-28 11:00:00,11.2668,1.87343,0.972006,10.2948,0.049183,0.047549,0.26208,41.5765
2025-09-28 12:00:00,14.1187,1.68481,1.35397,12.7647,0.0645,0.064202,0.32129,57.6533
2025-09-28 13:00:00,12.5396,1.45979,1.53045,11.0092,0.062153,0.056264,0.288753,48.4048
2025-09-28 14:00:00,11.2719,1.51667,1.80198,9.46994,0.075833,0.051937,0.266695,39.3463
2025-09-28 15:00:00,15.022,2.33189,1.46079,13.5612,0.062734,0.06567,0.291596,48.404
2025-09-28 16:00:00,10.1594,1.7438,1.04179,9.11756,0.048416,0.05478,0.267636,38.78
2025-09-28 17:00:00,9.06929,1.47229,1.58334,7.48595,0.080691,0.048874,0.259401,40.5842
2025-09-28 18:00:00,12.6037,1.86556,2.07266,10.531,0.077811,0.059325,0.260736,41.4524
2025-09-28 19:00:00,11.1967,1.87024,1.87526,9.32142,0.072225,0.05454,0.244869,38.4461
2025-09-28 20:00:00,9.78967,1.87491,1.67786,8.11181,0.066639,0.049755,0.229002,35.4397
2025-09-28 21:00:00,8.38266,1.87959,1.48046,6.9022,0.061053,0.04497,0.213135,32.4334
2025-09-28 22:00:00,,,,,,,,
2025-09-28 23:00:00,5.56863,1.88895,1.08566,4.48297,0.049881,0.035401,0.181402,26.4207
2025-09-29 00:00:00,6.09974,2.23926,1.65328,4.44646,0.066125,0.02588,0.150761,19.6188
2025-09-29 01:00:00,5.37031,2.85655,2.63121,2.7391,0.055727,0.015314,0.101227,8.3868
2025-09-29 02:00:00,1.21427,0.735034,0.137422,1.07685,0.007724,0.006555,0.077585,4.2954
2025-09-29 03:00:00,1.36889,1.07112,0.114489,1.2544,0.004492,0.006904,0.075625,4.0502
2025-09-29 04:00:00,0.834537,0.935578,0.047247,0.78729,0.003259,0.007101,0.072999,3.6909
2025-09-29 05:00:00,0.78,0.722222,0.03274,0.74726,0.001675,0.005219,0.065081,1.1998
2025-09-29 06:00:00,1.5225,1.04856,0.066046,1.45646,0.003653,0.007253,0.080953,3.4768
2025-09-29 07:00:00,1.77601,0.705325,0.145047,1.63096,0.007196,0.010028,0.096283,7.311
2025-09-29 08:00:00,4.06464,1.25066,0.469024,3.59562,0.022983,0.020527,0.138347,15.1943
2025-09-29 09:00:00,10.0707,2.39779,1.69166,8.37904,0.074445,0.041152,0.197658,27.9962
2025-09-29 10:00:00,7.10871,1.49468,0.922993,6.18572,0.039298,0.032951,0.188886,24.9833
2025-09-29 11:00:00,13.6426,2.07713,1.26715,12.3755,0.054326,0.060812,0.268478,41.3418
2025-09-29 12:00:00,12.0703,1.74225,1.63151,10.4388,0.070555,0.056615,0.250967,37.2972
2025-09-29 13:00:00,9.56096,1.6058,1.04573,8.51524,0.047473,0.048889,0.236001,34.3806
2025-09-29 14:00:00,14.7646,2.30985,1.40474,13.3598,0.059451,0.054326,0.261108,40.0708
2025-09-29 15:00:00,12.5839,2.16145,2.11468,10.4693,0.074101,0.054944,0.279926,44.506
2025-09-29 16:00:00,12.4654,2.00602,1.98528,10.4801,0.069206,0.054453,0.264309,40.9044
2025-09-29 17:00:00,9.89881,1.60123,1.34495,8.55387,0.091764,0.045373,0.250555,37.7244
2025-09-29 18:00:00,9.98129,1.59905,2.03875,7.94254,0.106139,0.04595,0.259138,42.859
2025-09-29 19:00:00,11.1857,1.37891,2.66255,8.52317,0.101503,0.052415,0.266909,44.6589
2025-09-29 20:00:00,11.7489,1.59935,2.54587,9.20299,0.09839,0.046661,0.268053,45.3003
2025-09-29 21:00:00,12.1818,2.26176,2.67821,9.50362,0.099835,0.050139,0.259543,44.0807
2025-09-29 22:00:00,11.0489,2.66111,3.45909,7.58985,0.112854,0.031546,0.217235,38.4895
2025-09-29 23:00:00,7.19214,2.95729,2.20964,4.9825,0.06486,0.023705,0.170028,25.357
2025-09-30 00:00:00,6.08425,4.0999,1.41936,4.6649,0.046886,0.022809,0.145417,18.7932
2025-09-30 01:00:00,4.46161,3.53534,0.581869,3.87974,0.022146,0.017684,0.112182,11.891
2025-09-30 02:00:00,2.07736,2.19131,0.161118,1.91624,0.006997,0.010073,0.082723,6.7452
2025-09-30 03:00:00,0.528746,0.986465,0.15552,0.373226,0.004423,0.002409,0.070649,4.5833
2025-09-30 04:00:00,0.216577,0.364606,0.039371,0.177206,0.001997,0.001378,0.066434,1.5057
2025-09-30 05:00:00,0.235717,0.441416,0.023974,0.211743,0.001183,0.001516,0.06259,1.587
2025-09-30 06:00:00,2.94051,2.98832,0.098434,2.84208,0.004764,0.013957,0.090322,4.7664
2025-09-30 07:00:00,1.86508,0.986815,0.242237,1.62285,0.010924,0.008041,0.094027,7.0813
2025-09-30 08:00:00,3.69375,1.09802,1.28678,2.40697,0.054343,0.014659,0.142954,16.2905
2025-09-30 09:00:00,6.17574,1.85124,1.36618,4.80955,0.053502,0.025147,0.170029,19.1576
2025-09-30 10:00:00,5.97776,1.50954,1.73306,4.24471,0.058895,0.023708,0.180236,23.525
2025-09-30 11:00:00,10.1316,1.86174,1.14258,8.989,0.05176,0.048976,0.245676,36.8145
2025-09-30 12:00:00,22.1313,3.67751,12.0642,10.067,0.355432,0.051933,0.28762,41.5291
2025-09-30 13:00:00,14.6608,2.40263,2.36247,12.2984,0.064522,0.064051,0.281333,40.2622
2025-09-30 14:00:00,13.359,2.57598,1.42029,11.9387,0.058016,0.056419,0.292256,41.0347
2025-09-30 15:00:00,14.8592,2.81424,1.77528,13.0839,0.070768,0.066096,0.32114,55.5255
2025-09-30 16:00:00,17.0297,2.96685,3.32952,13.7002,0.146554,0.061781,0.318356,54.5841
2025-09-30 17:00:00,10.3895,1.6817,2.43572,7.95381,0.098113,0.046113,0.272615,40.5331
2025-09-30 18:00:00,11.4818,1.62356,1.5149,9.96692,0.064991,0.056366,0.277347,41.7217
2025-09-30 19:00:00,12.3379,1.457,1.96778,10.3701,0.09145,0.062988,0.31406,52.0952
2025-09-30 20:00:00,14.3057,1.76309,2.03123,12.2745,0.084087,0.069476,0.28568,44.0743
2025-09-30 21:00:00,8.09496,1.72307,0.921501,7.17346,0.058487,0.05264,0.246176,40.0825
2025-09-30 22:00:00,10.995,2.20076,1.94903,9.04599,0.069499,0.051648,0.25675,42.2033
2025-09-30 23:00:00,10.0251,2.68052,1.28818,8.73695,0.049407,0.044949,0.234418,33.8793
2025-10-01 00:00:00,6.31681,2.26897,0.844426,5.47239,0.030124,0.026743,0.143496,18.4425
2025-10-01 01:00:00,6.48116,3.48825,0.72983,5.75133,0.027208,0.02409,0.119414,12.5936
2025-10-01 02:00:00,3.81959,2.56693,0.247061,3.57253,0.010939,0.015158,0.098829,8.5148
2025-10-01 03:00:00,3.28183,2.11731,0.645198,2.63663,0.027831,0.015039,0.136647,7.8279
2025-10-01 04:00:00,1.24471,1.89743,0.05696,1.18775,0.005068,0.007099,0.078046,4.8388
2025-10-01 05:00:00,0.254632,0.326452,0.051427,0.203205,0.002281,0.001082,0.067631,2.8734
2025-10-01 06:00:00,1.56836,1.3638,0.305436,1.26293,0.00664,0.005986,0.076492,3.9664
2025-10-01 07:00:00,2.94995,1.44605,0.36897,2.58098,0.017682,0.01269,0.106697,9.6992
2025-10-01 08:00:00,5.71866,2.26392,1.09496,4.6237,0.07551,0.029,0.176005,22.5789
2025-10-01 09:00:00,10.5623,2.28819,0.948656,9.61361,0.047859,0.050383,0.218909,25.3358
2025-10-01 10:00:00,10.579,1.80529,1.22248,9.35654,0.063362,0.050992,0.25663,35.1183
2025-10-01 11:00:00,14.017,1.68392,1.62589,12.3911,0.076844,0.06381,0.2937,43.7764
2025-10-01 12:00:00,15.4926,1.50122,1.77075,13.7219,0.087574,0.080725,0.330104,52.7927
2025-10-01 13:00:00,21.9893,1.8297,2.26985,19.7195,0.100432,0.107914,0.37176,65.8782
2025-10-01 14:00:00,19.2043,1.8645,2.71475,16.4896,0.103494,0.092848,0.35889,63.8883
2025-10-01 15:00:00,16.2593,1.99795,2.09666,14.1626,0.083327,0.084658,0.321407,49.4591
2025-10-01 16:00:00,10.7545,1.67881,1.52293,9.23156,0.083777,0.07956,0.324908,52.9009
2025-10-01 17:00:00,21.1666,1.95048,3.65769,17.5089,0.131935,0.098518,0.374622,65.7992
2025-10-01 18:00:00,20.0181,1.75783,2.6275,17.3906,0.101073,0.105902,0.391342,70.8954
2025-10-01 19:00:00,26.2462,2.18901,3.31777,22.9285,0.136087,0.133572,0.398805,86.4001
2025-10-01 20:00:00,22.7678,2.04416,2.98462,19.7832,0.113827,0.110826,0.393173,82.2404
2025-10-01 21:00:00,20.0673,2.59334,2.79479,17.2725,0.116775,0.092204,0.356433,68.9574
2025-10-01 22:00:00,14.744,2.41625,2.11773,12.6262,0.088055,0.073722,0.294179,54.2031
2025-10-01 23:00:00,7.99294,3.12958,1.91109,6.08185,0.077835,0.042578,0.223446,37.2782
2025-10-02 00:00:00,7.26317,3.11456,1.00244,6.26072,0.038399,0.026674,0.145473,23.49
2025-10-02 01:00:00,8.38353,4.22131,0.485245,7.89828,0.021921,0.033241,0.130352,18.0492
2025-10-02 02:00:00,3.09146,2.9898,0.30955,2.78191,0.010576,0.011078,0.090105,8.4155
2025-10-02 03:00:00,2.93178,3.91949,0.129626,2.80216,0.005646,0.010122,0.082467,7.3088
2025-10-02 04:00:00,1.2557,1.99317,0.129467,1.12623,0.004628,0.004487,0.074172,5.0736
2025-10-02 05:00:00,1.33991,2.36733,0.0841,1.25581,0.003509,0.005442,0.076123,5.7825
2025-10-02 06:00:00,1.04209,1.06336,0.079281,0.962808,0.005333,0.00613,0.081802,5.827
2025-10-02 07:00:00,2.53482,1.72672,0.269403,2.26542,0.015858,0.011651,0.102374,10.553
2025-10-02 08:00:00,3.33716,1.37785,0.576517,2.76064,0.039278,0.020007,0.151263,18.9085
2025-10-02 09:00:00,6.96157,1.8148,1.74553,5.21604,0.081139,0.030474,0.184233,26.9586
2025-10-02 10:00:00,6.1332,1.24709,0.88614,5.24706,0.036447,0.032135,0.208534,28.9375
2025-10-02 11:00:00,12.057,1.61666,1.38184,10.6752,0.062774,0.059757,0.301525,46.5897
2025-10-02 12:00:00,16.5566,1.89869,1.47575,15.0808,0.065482,0.074007,0.320474,52.891
2025-10-02 13:00:00,20.1744,1.71931,3.04286,17.1315,0.113643,0.096876,0.371688,66.7427
2025-10-02 14:00:00,21.442,1.91858,2.44874,18.9933,0.099147,0.112707,0.390833,73.1268
2025-10-02 15:00:00,20.3798,2.00865,2.73448,17.6453,0.096883,0.102019,0.368564,49.6092
2025-10-02 16:00:00,21.7594,1.94906,2.6123,19.1471,0.113976,0.111562,0.383722,55.6507
2025-10-02 17:00:00,20.6328,1.61953,2.7054,17.9274,0.109571,0.118357,0.389097,73.524
2025-10-02 18:00:00,27.9606,2.01532,3.22901,24.7315,0.138903,0.139358,0.404154,85.5819
2025-10-02 19:00:00,29.4491,2.0279,4.11536,25.3337,0.167081,0.15491,0.412561,98.7199
2025-10-02 20:00:00,24.4469,1.97025,3.27189,21.175,0.126954,0.132739,0.40344,85.9239
2025-10-02 21:00:00,25.3212,2.53263,3.98023,21.341,0.168936,0.117108,0.374275,74.0281
2025-10-02 22:00:00,15.8631,2.3487,1.74622,14.1169,0.081797,0.07942,0.291856,47.2757
2025-10-02 23:00:00,10.6847,2.57091,1.45957,9.22513,0.056671,0.049353,0.203463,33.5748
2025-10-03 00:00:00,5.73228,2.21666,0.751558,4.98072,0.030822,0.027591,0.136618,15.9405
2025-10-03 01:00:00,3.91006,2.03649,0.306198,3.60386,0.013415,0.016957,0.105189,10.3119
2025-10-03 02:00:00,3.10063,1.99526,0.185359,2.91527,0.008865,0.01275,0.094874,9.0842
2025-10-03 03:00:00,0.554067,0.41659,0.082309,0.471758,0.004504,0.002978,0.073212,3.7841
2025-10-03 04:00:00,0.664217,0.658945,0.144689,0.519528,0.004802,0.003045,0.067912,2.3356
2025-10-03 05:00:00,0.306114,0.340884,0.033348,0.272766,0.002237,0.002782,0.068257,2.3864
2025-10-03 06:00:00,1.13749,0.591214,0.113677,1.02382,0.004936,0.006431,0.080491,4.6154
2025-10-03 07:00:00,4.14086,1.15024,0.331246,3.80961,0.017163,0.018085,0.122988,13.2523
2025-10-03 08:00:00,5.29981,1.58582,0.348373,4.95144,0.019198,0.027697,0.148298,17.4994
2025-10-03 09:00:00,8.43879,1.80162,0.69194,7.74685,0.044248,0.053819,0.244926,35.2748
2025-10-03 10:00:00,7.80794,1.14385,1.08417,6.72377,0.050367,0.04559,0.249445,33.5136
2025-10-03 11:00:00,21.2159,2.23891,2.34363,18.8723,0.090056,0.090642,0.348482,57.085
2025-10-03 12:00:00,27.2675,1.92513,3.60363,23.6639,0.13539,0.139971,0.406604,89.7739
2025-10-03 13:00:00,30.4628,1.83599,4.42532,26.0375,0.14999,0.160994,0.413208,105.796
2025-10-03 14:00:00,38.8619,2.39592,5.03235,33.8295,0.182821,0.177192,0.419852,110.631
2025-10-03 15:00:00,28.5745,2.06762,4.60095,23.9735,0.163592,0.156976,0.417553,103.09
2025-10-03 16:00:00,21.6974,2.09515,2.4624,19.235,0.139458,0.14941,0.416446,92.23
2025-10-03 17:00:00,29.4238,2.02504,5.4596,23.9642,0.214866,0.157862,0.413919,107.156
2025-10-03 18:00:00,33.1314,2.13668,4.90727,28.2242,0.179944,0.176738,0.416895,110.865
2025-10-03 19:00:00,37.755,2.15398,5.34707,32.4079,0.198565,0.203568,0.420391,123.59
2025-10-03 20:00:00,31.6498,1.97811,4.23786,27.412,0.160636,0.173335,0.409354,84.8931
2025-10-03 21:00:00,6.67278,2.33314,1.15626,5.51652,0.159628,0.150155,0.409417,76.2072
2025-10-03 22:00:00,12.8768,2.39258,2.79374,10.0831,0.121407,0.08225,0.355292,51.9253
2025-10-03 23:00:00,9.63447,2.06524,1.81237,7.8221,0.074353,0.054525,0.250496,36.7037
2025-10-04 00:00:00,6.3921,1.7379,0.831,5.5611,0.0273,0.0268,0.1457,21.482
2025-10-04 01:00:00,4.4186,1.71,0.2969,4.1217,0.0148,0.0182,0.1182,15.454
2025-10-04 02:00:00,2.8326,1.117,0.2972,2.5354,0.0131,0.0115,0.0992,11.731
2025-10-04 03:00:00,1.4073,0.9419,0.1356,1.2717,0.0062,0.0073,0.0826,8.2721
2025-10-04 04:00:00,1.5051,0.9761,0.2714,1.2337,0.0136,0.0066,0.0807,5.7338
2025-10-04 05:00:00,1.2922,0.7719,0.3592,0.933,0.0107,0.0049,0.0769,3.5291
2025-10-04 06:00:00,2.0722,1.4252,0.3486,1.7236,0.0136,0.0094,0.0783,3.9297
2025-10-04 07:00:00,3.4633,1.2369,0.3145,3.1488,0.0129,0.0154,0.109,10.856
2025-10-04 08:00:00,4.1928,1.2419,0.3671,3.8257,0.0221,0.0255,0.1499,19.5878
2025-10-04 09:00:00,5.2428,1.1019,0.7301,4.5127,0.032,0.0289,0.1855,24.4214
2025-10-04 10:00:00,8.4067,1.6413,0.865,7.5417,0.0361,0.0369,0.193,27.853
2025-10-04 11:00:00,9.0668,1.2572,1.1949,7.872,0.0636,0.0456,0.2341,33.3544
2025-10-04 12:00:00,13.7144,1.4702,1.5433,12.1711,0.0718,0.0669,0.3202,56.3113
2025-10-04 13:00:00,14.3033,1.8249,2.5788,11.7246,0.0925,0.0617,0.2925,37.4171
2025-10-04 14:00:00,13.2481,1.8451,1.1693,12.0788,0.0548,0.0644,0.2957,46.3865
2025-10-04 15:00:00,15.7727,2.0803,2.3677,13.405,0.0869,0.0662,0.3314,58.419
2025-10-04 16:00:00,18.1905,2.4817,2.1278,16.0627,0.0902,0.0794,0.3345,59.5555
2025-10-04 17:00:00,19.7958,2.5517,2.2521,17.5437,0.0951,0.0943,0.3115,49.8667
2025-10-04 18:00:00,14.1547,2.1356,1.8951,12.2596,0.1033,0.0745,0.3236,57.8512
2025-10-04 19:00:00,17.1482,2.0892,2.7073,14.4409,0.0978,0.0731,0.3282,62.3737
2025-10-04 20:00:00,8.7458,1.7443,1.582,7.1638,0.0876,0.0494,0.2824,50.8906
2025-10-04 21:00:00,11.0701,2.1396,2.9947,8.0754,0.1066,0.0442,0.2434,40.5254
2025-10-04 22:00:00,9.2642,2.6515,2.0913,7.173,0.0844,0.0404,0.2133,35.9493
2025-10-04 23:00:00,5.0516,2.0402,1.4177,3.6339,0.0538,0.0179,0.1366,12.5407
2025-10-05 00:00:00,5.0081,2.7071,1.3062,3.702,0.0365,0.0186,0.1335,18.3554
2025-10-05 01:00:00,3.8373,2.5548,0.7332,3.1041,0.018,0.016,0.1089,11.111
2025-10-05 02:00:00,0.718,0.9301,0.0873,0.6307,0.0064,0.0068,0.0797,6.1424
2025-10-05 03:00:00,1.9115,1.5123,0.1483,1.7632,0.0052,0.0089,0.078,4.9413
2025-10-05 04:00:00,0.5772,0.5305,0.2285,0.3487,0.0061,0.0019,0.0667,2.1775
2025-10-05 05:00:00,0.9613,0.7384,0.0534,0.908,0.0026,0.005,0.0695,2.885
2025-10-05 06:00:00,0.9144,0.6559,0.0615,0.8528,0.0038,0.0044,0.074,3.6365
2025-10-05 07:00:00,4.7741,1.902,0.2985,4.4756,0.0152,0.0224,0.1189,13.194
2025-10-05 08:00:00,6.826,1.7512,0.446,6.3801,0.0278,0.0361,0.1674,22.1826
2025-10-05 09:00:00,3.659,0.8964,0.4274,3.2316,0.0256,0.0222,0.1589,18.289
2025-10-05 10:00:00,6.4099,1.5284,0.5886,5.8214,0.0336,0.0328,0.181,23.3625
2025-10-05 11:00:00,11.2668,1.8734,0.972,10.2948,0.0492,0.0475,0.2621,41.5765
2025-10-05 12:00:00,14.1187,1.6848,1.354,12.7647,0.0645,0.0642,0.3213,57.6533
2025-10-05 13:00:00,12.5396,1.4598,1.5305,11.0092,0.0622,0.0563,0.2888,48.4048
2025-10-05 14:00:00,11.2719,1.5167,1.802,9.4699,0.0758,0.0519,0.2667,39.3463
2025-10-05 15:00:00,15.022,2.3319,1.4608,13.5612,0.0627,0.0657,0.2916,48.404
2025-10-05 16:00:00,10.1594,1.7438,1.0418,9.1176,0.0484,0.0548,0.2676,38.78
2025-10-05 17:00:00,9.0693,1.4723,1.5833,7.4859,0.0807,0.0489,0.2594,40.5842
2025-10-05 18:00:00,24.6794,2.09183,3.29141,21.3879,0.124434,0.115126,0.398475,91.0269
2025-10-05 19:00:00,16.2037,1.58704,2.51127,13.6924,0.098844,0.077256,0.338197,59.3908
2025-10-05 20:00:00,15.3742,1.84875,2.9016,12.4726,0.105308,0.074873,0.328257,58.1146
2025-10-05 21:00:00,9.90815,1.81668,1.62013,8.28802,0.066726,0.050866,0.259379,40.8935
2025-10-05 22:00:00,8.00794,2.09194,1.09716,6.91079,0.045254,0.041207,0.198616,7.7013
2025-10-05 23:00:00,5.5686,1.889,1.0857,4.483,0.0499,0.0354,0.1814,26.4207
2025-10-06 00:00:00,6.0997,2.2393,1.6533,4.4465,0.0661,0.0259,0.1508,19.6188
2025-10-06 01:00:00,5.3703,2.8566,2.6312,2.7391,0.0557,0.0153,0.1012,8.3868
2025-10-06 02:00:00,1.2143,0.735,0.1374,1.0769,0.0077,0.0066,0.0776,4.2954
2025-10-06 03:00:00,1.3689,1.0711,0.1145,1.2544,0.0045,0.0069,0.0756,4.0502
2025-10-06 04:00:00,0.8345,0.9356,0.0472,0.7873,0.0033,0.0071,0.073,3.6909
2025-10-06 05:00:00,0.78,0.7222,0.0327,0.7473,0.0017,0.0052,0.0651,1.1998
2025-10-06 06:00:00,1.5225,1.0486,0.066,1.4565,0.0037,0.0073,0.081,3.4768
2025-10-06 07:00:00,1.776,0.7053,0.145,1.631,0.0072,0.01,0.0963,7.311
2025-10-06 08:00:00,4.0646,1.2507,0.469,3.5956,0.023,0.0205,0.1383,15.1943
2025-10-06 09:00:00,10.0707,2.3978,1.6917,8.379,0.0744,0.0412,0.1977,27.9962
2025-10-06 10:00:00,7.1087,1.4947,0.923,6.1857,0.0393,0.033,0.1889,24.9833
2025-10-06 11:00:00,13.6426,2.0771,1.2672,12.3755,0.0543,0.0608,0.2685,41.3418
2025-10-06 12:00:00,12.0703,1.7423,1.6315,10.4388,0.0706,0.0566,0.251,37.2972
2025-10-06 13:00:00,9.561,1.6058,1.0457,8.5152,0.0475,0.0489,0.236,34.3806
2025-10-06 14:00:00,14.7646,2.3099,1.4047,13.3598,0.0595,0.0543,0.2611,40.0708
2025-10-06 15:00:00,12.5839,2.1614,2.1147,10.4693,0.0741,0.0549,0.2799,44.506
2025-10-06 16:00:00,12.4654,2.006,1.9853,10.4801,0.0692,0.0545,0.2643,40.9044
2025-10-06 17:00:00,9.8988,1.6012,1.3449,8.5539,0.0918,0.0454,0.2506,37.7244
2025-10-06 18:00:00,9.9813,1.5991,2.0388,7.9425,0.1061,0.046,0.2591,42.859
2025-10-06 19:00:00,11.1857,1.3789,2.6625,8.5232,0.1015,0.0524,0.2669,44.6589
2025-10-06 20:00:00,11.7489,1.5994,2.5459,9.203,0.0984,0.0467,0.2681,45.3003
2025-10-06 21:00:00,12.1818,2.2618,2.6782,9.5036,0.0998,0.0501,0.2595,44.0807
2025-10-06 22:00:00,11.0489,2.6611,3.4591,7.5899,0.1129,0.0315,0.2172,38.4895
2025-10-06 23:00:00,7.1921,2.9573,2.2096,4.9825,0.0649,0.0237,0.17,25.357
2025-10-07 00:00:00,6.0843,4.0999,1.4194,4.6649,0.0469,0.0228,0.1454,18.7932
2025-10-07 01:00:00,4.4616,3.5353,0.5819,3.8797,0.0221,0.0177,0.1122,11.891
2025-10-07 02:00:00,2.0774,2.1913,0.1611,1.9162,0.007,0.0101,0.0827,6.7452
2025-10-07 03:00:00,0.5287,0.9865,0.1555,0.3732,0.0044,0.0024,0.0706,4.5833
2025-10-07 04:00:00,0.2166,0.3646,0.0394,0.1772,0.002,0.0014,0.0664,1.5057
2025-10-07 05:00:00,0.2357,0.4414,0.024,0.2117,0.0012,0.0015,0.0626,1.587
2025-10-07 06:00:00,2.9405,2.9883,0.0984,2.8421,0.0048,0.014,0.0903,4.7664
2025-10-07 07:00:00,1.8651,0.9868,0.2422,1.6228,0.0109,0.008,0.094,7.0813
2025-10-07 08:00:00,3.6937,1.098,1.2868,2.407,0.0543,0.0147,0.143,16.2905
2025-10-07 09:00:00,6.1757,1.8512,1.3662,4.8096,0.0535,0.0251,0.17,19.1576
2025-10-07 10:00:00,5.9778,1.5095,1.7331,4.2447,0.0589,0.0237,0.1802,23.525
2025-10-07 11:00:00,10.1316,1.8617,1.1426,8.989,0.0518,0.049,0.2457,36.8145
2025-10-07 12:00:00,22.1313,3.6775,12.0642,10.067,0.3554,0.0519,0.2876,41.5291
2025-10-07 13:00:00,14.6608,2.4026,2.3625,12.2984,0.0645,0.0641,0.2813,40.2622
2025-10-07 14:00:00,13.359,2.576,1.4203,11.9387,0.058,0.0564,0.2923,41.0347
2025-10-07 15:00:00,14.8592,2.8142,1.7753,13.0839,0.0708,0.0661,0.3211,55.5255
2025-10-07 16:00:00,17.0297,2.9669,3.3295,13.7002,0.1466,0.0618,0.3184,54.5841
2025-10-07 17:00:00,10.3895,1.6817,2.4357,7.9538,0.0981,0.0461,0.2726,40.5331
2025-10-07 18:00:00,11.4818,1.6236,1.5149,9.9669,0.065,0.0564,0.2773,41.7217
2025-10-07 19:00:00,12.3379,1.457,1.9678,10.3701,0.0914,0.063,0.3141,52.0952
2025-10-07 20:00:00,14.3057,1.7631,2.0312,12.2745,0.0841,0.0695,0.2857,44.0743
2025-10-07 21:00:00,8.095,1.7231,0.9215,7.1735,0.0585,0.0526,0.2462,40.0825
2025-10-07 22:00:00,13.038,2.00153,2.0813,10.9567,0.083959,0.059806,0.276982,35.8531
2025-10-07 23:00:00,8.68444,1.83216,1.11189,7.57255,0.046887,0.039261,0.205361,34.7151
2025-10-08 00:00:00,6.80539,2.25793,0.508413,6.29697,0.025121,0.030765,0.149808,22.7901
2025-10-08 01:00:00,4.07493,1.78882,0.389719,3.68521,0.017936,0.018503,0.10687,12.4038
2025-10-08 02:00:00,2.27187,1.73425,0.282441,1.98943,0.011996,0.009007,0.090117,8.729
2025-10-08 03:00:00,1.24926,1.45942,0.167655,1.08161,0.005997,0.004883,0.078452,6.5472
2025-10-08 04:00:00,0.661879,1.10682,0.077437,0.584442,0.002715,0.002683,0.069363,5.3136
2025-10-08 05:00:00,0.581793,1.00309,0.099969,0.481824,0.003119,0.004322,0.068856,4.6091
2025-10-08 06:00:00,0.167197,0.345449,0.028918,0.138279,0.003808,0.005793,0.075113,4.849
2025-10-08 07:00:00,1.69081,1.2396,0.103997,1.58682,0.004131,0.006771,0.082936,5.7562
2025-10-08 08:00:00,3.56987,1.59227,0.272458,3.29741,0.013375,0.016115,0.115208,11.111
2025-10-08 09:00:00,6.05543,1.78101,0.546376,5.50905,0.025929,0.026118,0.164675,21.7649
2025-10-08 10:00:00,9.12889,2.06629,0.902573,8.22631,0.044215,0.043953,0.23024,30.668
2025-10-08 11:00:00,10.3455,1.90105,0.756924,9.58857,0.033558,0.047979,0.204481,28.2034
2025-10-08 12:00:00,9.27096,1.58478,1.17651,8.09445,0.048287,0.04486,0.229365,33.5769
2025-10-08 13:00:00,10.5938,1.75743,1.17775,9.41604,0.045929,0.052885,0.24453,38.9056
2025-10-08 14:00:00,10.5302,1.72853,1.18509,9.34511,0.052499,0.044891,0.246492,39.1015
2025-10-08 15:00:00,10.592,1.89481,1.84964,8.74238,0.074376,0.045559,0.234816,33.0716
2025-10-08 16:00:00,10.9019,1.88158,1.62671,9.27519,0.056388,0.046254,0.225048,32.9653
2025-10-08 17:00:00,12.8365,2.15089,1.11109,11.7254,0.039925,0.055677,0.23119,36.9138
2025-10-08 18:00:00,11.3204,2.10495,1.62064,9.6998,0.058356,0.049158,0.225785,35.6572
2025-10-08 19:00:00,7.16532,1.36482,0.883622,6.2817,0.041981,0.033433,0.208935,28.7444
2025-10-08 20:00:00,9.95043,2.17353,1.96524,7.9852,0.069268,0.038493,0.210175,30.775
2025-10-08 21:00:00,8.94981,2.84121,1.68628,7.26353,0.056703,0.035633,0.185608,29.8409
2025-10-08 22:00:00,7.90514,3.53856,1.5839,6.32123,0.061409,0.033395,0.196565,32.6876
2025-10-08 23:00:00,4.21753,2.57481,0.288702,3.92883,0.025715,0.025124,0.140074,18.7658
2025-10-09 00:00:00,4.36356,3.80101,0.283893,4.07967,0.038813,0.023113,0.126419,14.4161
2025-10-09 01:00:00,4.96216,8.70555,0.283302,4.67886,0.011217,0.022953,0.099497,12
2025-10-09 02:00:00,2.53152,4.53677,0.116844,2.41467,0.005725,0.013365,0.082865,8.1957
2025-10-09 03:00:00,1.5207,3.85965,0.089879,1.43082,0.004204,0.009311,0.076426,6.4321
2025-10-09 04:00:00,0.457358,1.00298,0.083793,0.373565,0.003644,0.002233,0.072284,5.6716
2025-10-09 05:00:00,0.322935,0.595821,0.043759,0.279176,0.002501,0.001542,0.070089,4.5324
2025-10-09 06:00:00,0.629999,1.55172,0.097951,0.532048,0.005787,0.003234,0.076975,6.2405
2025-10-09 07:00:00,1.45961,0.898777,0.179128,1.28049,0.010051,0.010087,0.105531,10.8592
2025-10-09 08:00:00,3.89905,1.57856,0.276206,3.62285,0.014971,0.019212,0.134078,16.7811
2025-10-09 09:00:00,3.68401,1.35941,0.473505,3.21051,0.018474,0.015478,0.139711,17.0788
2025-10-09 10:00:00,6.21558,2.02726,0.820493,5.39509,0.027369,0.021215,0.146522,17.3494
2025-10-09 11:00:00,4.21307,1.45078,0.415798,3.79727,0.020235,0.018932,0.147657,16.2822
2025-10-09 12:00:00,5.29823,1.53305,0.585459,4.71277,0.026602,0.025953,0.151314,17.1076
2025-10-09 13:00:00,5.14823,1.27117,0.576156,4.57208,0.023823,0.022203,0.150534,19.3023
2025-10-09 14:00:00,5.70034,1.42295,0.56982,5.13052,0.025727,0.026331,0.168699,21.607
2025-10-09 15:00:00,7.0664,1.67371,1.15259,5.91382,0.043967,0.030803,0.186848,25.9748
2025-10-09 16:00:00,9.81057,2.24807,1.03027,8.78029,0.041031,0.044935,0.202731,30.702
2025-10-09 17:00:00,11.3268,2.53737,1.19431,10.1325,0.04756,0.051778,0.231534,37.7564
2025-10-09 18:00:00,10.109,2.39664,1.58566,8.52337,0.061985,0.042633,0.239632,39.9702
2025-10-09 19:00:00,7.66744,1.76914,1.01327,6.65416,0.044223,0.035843,0.208962,30.8628
2025-10-09 20:00:00,4.06454,1.185,0.678463,3.38608,0.033002,0.022,0.16623,20.5722
2025-10-09 21:00:00,6.38034,1.90231,0.789265,5.59107,0.036557,0.028443,0.153586,17.9575
2025-10-09 22:00:00,3.30654,1.00198,0.485536,2.821,0.024292,0.016644,0.135845,16.8094
2025-10-09 23:00:00,1.76199,1.10678,0.19563,1.56636,0.01183,0.009077,0.097886,9.0636
2025-10-10 00:00:00,2.18383,1.91229,0.147653,2.03617,0.008041,0.011147,0.085302,5.8586
2025-10-10 01:00:00,1.09772,1.78201,0.12302,0.974697,0.011404,0.006451,0.083047,6.0667
2025-10-10 02:00:00,0.384386,0.616004,0.041243,0.343143,0.00271,0.002242,0.068246,2.3946
2025-10-10 03:00:00,0.375752,0.711651,0.09136,0.284392,0.003101,0.001636,0.065826,2.3383
2025-10-10 04:00:00,0.296507,0.529476,0.039416,0.257091,0.002274,0.002555,0.064927,1.9305
2025-10-10 05:00:00,0.471242,0.604155,0.02624,0.445002,0.001548,0.001832,0.064198,1.7163
2025-10-10 06:00:00,0.885781,0.687719,0.058844,0.826937,0.003169,0.003881,0.073698,3.6198
2025-10-10 07:00:00,2.10887,0.94823,0.320298,1.78857,0.013267,0.009927,0.095122,7.627
2025-10-10 08:00:00,2.05623,0.711992,0.202569,1.85366,0.012063,0.011645,0.118411,11.0926
2025-10-10 09:00:00,3.83331,1.69017,0.255414,3.5779,0.014758,0.017464,0.126944,12.9155
2025-10-10 10:00:00,3.40638,1.28059,0.521283,2.8851,0.027863,0.015535,0.154018,17.1523
2025-10-10 11:00:00,6.55949,1.66569,1.42458,5.1349,0.041903,0.02589,0.184157,24.9661
2025-10-10 12:00:00,9.25489,1.93051,1.07079,8.18409,0.045448,0.0405,0.213777,30.3731
2025-10-10 13:00:00,7.54792,1.61834,0.888645,6.65928,0.036421,0.032923,0.18494,25.3553
2025-10-10 14:00:00,8.76259,1.9412,0.904196,7.8584,0.039675,0.041052,0.19988,27.4803
2025-10-10 15:00:00,10.3,2.07494,1.10062,9.19939,0.055753,0.045296,0.230895,33.5809
2025-10-10 16:00:00,11.5399,2.34265,2.29449,9.2454,0.069801,0.043759,0.237746,37.2881
2025-10-10 17:00:00,8.29769,1.67969,0.99582,7.30187,0.046628,0.039182,0.232014,35.2383
2025-10-10 18:00:00,10.5308,2.06974,1.17451,9.35634,0.048235,0.049942,0.2373,38.8835
2025-10-10 19:00:00,8.81134,1.63476,1.01149,7.79985,0.062468,0.042918,0.236311,40.5283
2025-10-10 20:00:00,10.7823,2.2104,1.60958,9.17273,0.068019,0.049289,0.234688,37.3783
2025-10-10 21:00:00,7.55736,2.0514,1.53998,6.01738,0.06082,0.032791,0.194801,29.3814
2025-10-10 22:00:00,6.5124,1.96157,1.05172,5.46069,0.041637,0.028152,0.169049,18.6482
2025-10-10 23:00:00,4.05028,2.14527,0.35309,3.69719,0.018274,0.018335,0.135151,19.1887
2025-10-11 00:00:00,3.75476,2.39156,0.296118,3.45864,0.014648,0.015491,0.108573,11.0562
2025-10-11 01:00:00,3.06804,1.55422,0.356714,2.71132,0.01879,0.01411,0.100152,10.5144
2025-10-11 02:00:00,2.07102,1.6783,0.201505,1.86952,0.01147,0.010842,0.082736,5.3382
2025-10-11 03:00:00,1.10235,1.00214,0.068291,1.03406,0.003595,0.005011,0.072616,3.0207
2025-10-11 04:00:00,0.590025,0.617181,0.044937,0.545088,0.00256,0.003115,0.06606,2.1103
2025-10-11 05:00:00,0.145032,0.189834,0.036351,0.108681,0.001412,0.000864,0.061399,1.0095
2025-10-11 06:00:00,0.643928,0.647815,0.07253,0.571398,0.003923,0.002976,0.074329,3.6312
2025-10-11 07:00:00,2.24863,1.10335,0.189505,2.05912,0.008088,0.010839,0.097151,8.2374
2025-10-11 08:00:00,2.33483,0.662175,0.359405,1.97542,0.020718,0.013011,0.129122,14.099
2025-10-11 09:00:00,2.9781,1.08769,0.341028,2.63707,0.015578,0.015152,0.128831,12.0246
2025-10-11 10:00:00,2.31366,0.96968,0.307023,2.00663,0.018112,0.018866,0.143005,14.4902
2025-10-11 11:00:00,4.52074,1.19218,0.767476,3.75326,0.033963,0.02217,0.176443,21.9985
2025-10-11 12:00:00,8.02693,1.65299,0.890655,7.13627,0.035288,0.040486,0.207588,30.012
2025-10-11 13:00:00,8.42367,1.6414,1.07557,7.34809,0.045309,0.03815,0.197817,28.3056
2025-10-11 14:00:00,11.7546,1.98691,1.07748,10.6771,0.043277,0.048368,0.24611,38.2545
2025-10-11 15:00:00,10.9062,2.17776,1.23233,9.6739,0.053447,0.050468,0.244146,38.9196
2025-10-11 16:00:00,12.1971,2.14738,2.60122,9.59591,0.087514,0.053919,0.247835,39.5175
2025-10-11 17:00:00,13.1779,2.09439,2.56121,10.6167,0.08422,0.054396,0.286215,46.1526
2025-10-11 18:00:00,14.3009,1.97581,2.67585,11.6251,0.093862,0.058917,0.292173,50.093
2025-10-11 19:00:00,14.5059,1.95182,1.78128,12.7246,0.08345,0.062072,0.309314,52.6956
2025-10-11 20:00:00,8.39035,1.31387,1.47504,6.91531,0.070239,0.041107,0.249561,38.0877
2025-10-11 21:00:00,9.5935,1.88997,1.38617,8.20733,0.060811,0.046448,0.234994,38.1503
2025-10-11 22:00:00,4.11258,1.49223,0.613286,3.4993,0.053799,0.033077,0.19643,29.6144
2025-10-11 23:00:00,5.45465,1.98351,1.52035,3.93429,0.096606,0.022282,0.173634,23.657
2025-10-12 00:00:00,4.36469,2.60423,0.389829,3.97486,0.028151,0.028152,0.131401,18.2162
2025-10-12 01:00:00,4.44425,1.90577,0.32056,4.12369,0.01633,0.025693,0.112394,11.9426
2025-10-12 02:00:00,3.75117,2.49745,0.574998,3.17617,0.027292,0.013043,0.100877,9.8127
2025-10-12 03:00:00,1.39148,1.27893,0.115998,1.27548,0.005611,0.007069,0.0756,4.8839
2025-10-12 04:00:00,1.13715,1.13037,0.153396,0.983758,0.006365,0.006327,0.072062,3.99
2025-10-12 05:00:00,0.857564,1.13434,0.053262,0.804302,0.001662,0.004849,0.064621,2.1004
2025-10-12 06:00:00,0.93943,0.858711,0.044352,0.895078,0.002197,0.006336,0.068183,2.5493
2025-10-12 07:00:00,1.94726,1.58056,0.117488,1.82977,0.004607,0.011994,0.080961,5.3
2025-10-12 08:00:00,2.71072,1.28714,0.197838,2.51288,0.011488,0.016691,0.108718,9.6784
2025-10-12 09:00:00,3.32652,1.39887,0.432204,2.89432,0.023667,0.017338,0.126802,15.0032
2025-10-12 10:00:00,3.45667,1.09875,0.386467,3.0702,0.019398,0.018422,0.147558,17.3801
2025-10-12 11:00:00,5.05707,1.20579,0.66186,4.39521,0.02677,0.024852,0.166289,21.2418
2025-10-12 12:00:00,9.60295,1.57529,1.31004,8.2929,0.056789,0.048077,0.228047,34.022
2025-10-12 13:00:00,9.54515,1.37856,1.38225,8.1629,0.05241,0.04532,0.250059,40.9425
2025-10-12 14:00:00,14.626,2.13021,1.94099,12.685,0.071696,0.064271,0.330562,53.6411
2025-10-12 15:00:00,14.118,2.10716,1.65154,12.4665,0.063332,0.062559,0.301286,49.2574
2025-10-12 16:00:00,16.7283,2.2828,2.83468,13.8937,0.09209,0.066737,0.341016,57.8926
2025-10-12 17:00:00,11.4822,1.46494,1.46271,10.0195,0.061347,0.054983,0.280143,47.2289
2025-10-12 18:00:00,13.0245,1.77252,1.70315,11.3214,0.067558,0.057159,0.275745,49.0248
2025-10-12 19:00:00,10.6532,1.53064,1.10175,9.55148,0.047615,0.052038,0.227165,36.3776
2025-10-12 20:00:00,7.51766,1.38294,1.46831,6.04936,0.047576,0.033808,0.217891,33.5152
2025-10-12 21:00:00,7.85338,2.29631,0.910264,6.94312,0.036336,0.035959,0.17642,26.2627
2025-10-12 22:00:00,10.2996,2.81102,3.29492,7.00467,0.076585,0.031572,0.176691,29.3744
2025-10-12 23:00:00,3.66917,2.0544,0.438574,3.23059,0.018202,0.019196,0.119926,14.3563
2025-10-13 00:00:00,3.83927,1.93511,0.367349,3.47192,0.016197,0.0167,0.11144,12.0996
2025-10-13 01:00:00,4.216,2.85637,0.271931,3.94407,0.009692,0.015449,0.100186,10.4692
2025-10-13 02:00:00,1.528,1.25041,0.199607,1.32839,0.00879,0.007498,0.079877,5.7886
2025-10-13 03:00:00,0.979441,1.30592,0.081051,0.89839,0.003599,0.005306,0.072332,3.7157
2025-10-13 04:00:00,0.539038,0.594965,0.06219,0.476848,0.002509,0.002327,0.067731,3.2567
2025-10-13 05:00:00,0.519967,0.645121,0.05708,0.462887,0.003261,0.002824,0.068057,3.3487
2025-10-13 06:00:00,0.470556,0.483118,0.064712,0.405844,0.002587,0.002564,0.07263,4.073
2025-10-13 07:00:00,1.90009,1.08701,0.155878,1.74421,0.006324,0.010825,0.096859,7.5739
2025-10-13 08:00:00,3.68363,1.21252,0.327045,3.35658,0.015938,0.022225,0.135025,14.5519
2025-10-13 09:00:00,2.97509,0.918237,0.312319,2.66277,0.014658,0.015941,0.136246,14.1781
2025-10-13 10:00:00,3.74601,1.07459,0.466918,3.27909,0.023225,0.022983,0.171442,19.0759
2025-10-13 11:00:00,5.26129,1.03773,0.632106,4.62919,0.032559,0.031195,0.200105,25.9582
2025-10-13 12:00:00,9.13537,1.29469,1.22131,7.91405,0.049541,0.044218,0.226214,32.9611
2025-10-13 13:00:00,8.99512,1.51331,0.792951,8.20217,0.037077,0.042179,0.207128,28.9908
2025-10-13 14:00:00,13.5921,2.34589,1.21077,12.3813,0.057728,0.064199,0.273117,44.9644
2025-10-13 15:00:00,13.6078,2.59592,1.16345,12.4444,0.064942,0.067945,0.276745,31.4798
2025-10-13 16:00:00,9.21403,1.48517,1.11004,8.10399,0.04836,0.046699,0.244463,38.4342
2025-10-13 17:00:00,10.2167,1.54192,1.44335,8.7734,0.060343,0.050845,0.27353,41.0403
2025-10-13 18:00:00,10.356,1.26231,1.50915,8.84681,0.065804,0.052348,0.287083,43.7404
2025-10-13 19:00:00,13.1659,1.51298,2.23457,10.9314,0.085822,0.063769,0.309718,48.7751
2025-10-13 20:00:00,10.9021,1.55344,1.41359,9.48848,0.056318,0.055917,0.257661,39.8267
2025-10-13 21:00:00,6.13159,1.46199,1.02115,5.11045,0.063182,0.041021,0.228758,33.6298
2025-10-13 22:00:00,6.77055,1.50524,1.02103,5.74952,0.047607,0.029435,0.190282,28.1382
2025-10-13 23:00:00,4.82879,1.76233,0.915572,3.91322,0.041641,0.021211,0.152615,20.4825
2025-10-14 00:00:00,4.60232,2.15062,0.621661,3.98066,0.024349,0.019253,0.117668,13.3435
2025-10-14 01:00:00,3.98024,2.04325,0.993786,2.98646,0.035961,0.013271,0.114733,12.4893
2025-10-14 02:00:00,2.12419,1.47718,0.446058,1.67813,0.015662,0.007947,0.089134,7.6531
2025-10-14 03:00:00,1.10268,0.872374,0.066919,1.03576,0.003881,0.005191,0.071205,3.4187
2025-10-14 04:00:00,0.290684,0.22464,0.046583,0.244101,0.002888,0.001742,0.065737,1.9429
2025-10-14 05:00:00,0.366948,0.333587,0.03153,0.335418,0.001893,0.002377,0.065582,1.9445
2025-10-14 06:00:00,0.278737,0.262959,0.056862,0.221875,0.00261,0.001982,0.069984,2.2622
2025-10-14 07:00:00,1.44044,0.593262,0.152115,1.28833,0.008027,0.008339,0.096604,7.0495
2025-10-14 08:00:00,3.12202,0.970175,0.280784,2.84124,0.013579,0.017925,0.135289,15.3806
2025-10-14 09:00:00,4.56271,1.35795,0.417511,4.1452,0.022265,0.022831,0.155602,19.2895
2025-10-14 10:00:00,6.27881,1.56345,0.49106,5.78775,0.026881,0.02849,0.193816,25.6356
2025-10-14 11:00:00,7.16891,1.55981,0.756121,6.41279,0.035247,0.037057,0.211783,28.6201
2025-10-14 12:00:00,8.53797,1.2114,0.930792,7.60718,0.043735,0.042247,0.248593,38.7427
2025-10-14 13:00:00,9.94338,1.31735,1.17534,8.76805,0.05125,0.048356,0.258957,41.803
2025-10-14 14:00:00,11.5032,1.7408,1.64596,9.85725,0.054775,0.053826,0.270579,44.8462
2025-10-14 15:00:00,12.1013,1.78486,1.26345,10.8379,0.062237,0.057267,0.278092,47.5054
2025-10-14 16:00:00,14.8804,2.18958,1.70448,13.1759,0.073858,0.068409,0.306576,53.7878
2025-10-14 17:00:00,15.4252,1.82763,1.96053,13.4647,0.079949,0.07339,0.322111,55.0499
2025-10-14 18:00:00,16.1749,1.77473,2.8857,13.2892,0.095492,0.073594,0.335125,60.4087
2025-10-14 19:00:00,14.0509,1.70521,2.30258,11.7483,0.087362,0.069826,0.308138,54.0491
2025-10-14 20:00:00,19.2273,2.03765,4.40118,14.8261,0.150345,0.162145,0.37302,73.4989
2025-10-14 21:00:00,13.8467,1.90884,2.80228,11.0445,0.083864,0.046184,0.301869,60.6442
2025-10-14 22:00:00,12.1634,2.40573,2.09743,10.0659,0.083858,0.046209,0.262058,47.4046
2025-10-14 23:00:00,7.61852,2.55827,1.17318,6.44535,0.083853,0.046235,0.181028,29.7054
2025-10-15 00:00:00,1.80006,3.19159,0.253324,1.54673,0.083847,0.04626,0.149209,5.3642
2025-10-15 01:00:00,2.99143,2.70472,0.327658,2.66377,,,0.107071,9.1565
2025-10-15 02:00:00,2.50965,1.70957,0.216393,2.29326,,,0.086163,6.7661
2025-10-15 03:00:00,2.04635,2.20988,0.194524,1.85183,,,0.07588,4.8866
2025-10-15 04:00:00,1.07561,1.42654,0.078308,0.997306,,,0.071985,2.1582
2025-10-15 05:00:00,0.643928,0.636292,0.046825,0.597103,,,0.068172,2.7436
2025-10-15 06:00:00,1.26884,0.843646,0.121771,1.14707,,,0.081276,5.1248
2025-10-15 07:00:00,3.04891,1.01834,0.271522,2.77738,,,0.117535,13.3771
2025-10-15 08:00:00,5.26569,1.31118,0.686293,4.57939,,,0.174049,25.3957
2025-10-15 09:00:00,5.61036,2.0431,1.59061,4.01975,,,0.163089,23.2788
2025-10-15 10:00:00,3.944,1.40256,1.24227,2.70173,,,0.164423,22.1371
2025-10-15 11:00:00,6.20858,1.47402,0.615082,5.5935,,,0.197336,29.1394
2025-10-15 12:00:00,10.6012,2.21042,1.78218,8.81899,,,0.248238,40.6906
2025-10-15 13:00:00,8.454,1.5343,1.03265,7.42135,,,0.218544,32.8928
2025-10-15 14:00:00,9.00438,2.03351,0.941368,8.06301,,,0.220665,32.4026
2025-10-15 15:00:00,8.55178,1.74597,0.766429,7.78535,,,0.242557,25.7187
2025-10-15 16:00:00,9.41865,1.70381,1.4656,7.95305,,,0.249446,36.9221
2025-10-15 17:00:00,12.9138,1.83957,1.48273,11.431,,,0.303363,52.2421
2025-10-15 18:00:00,13.6576,1.76409,1.81008,11.8475,,,0.303545,51.2617
2025-10-15 19:00:00,10.2117,1.48253,1.03416,9.17754,,,0.256214,39.2688
2025-10-15 20:00:00,9.82838,1.52331,1.67178,8.15659,,,0.251189,41.6372
2025-10-15 21:00:00,9.54537,2.00702,1.51995,8.02543,,,0.250951,41.8184
2025-10-15 22:00:00,8.48751,2.07823,1.0631,7.42442,,,0.203171,32.8531
2025-10-15 23:00:00,4.63777,1.68524,0.566281,4.07149,,,0.139101,18.4228
2025-10-16 00:00:00,2.87413,1.67881,0.310908,2.56322,,,0.118149,14.1639
2025-10-16 01:00:00,3.14635,1.64903,0.525346,2.621,,,0.112358,12.6867
2025-10-16 02:00:00,2.67505,1.60567,0.185663,2.48938,,,0.092195,9.397
2025-10-16 03:00:00,3.80763,3.30524,0.863837,2.9438,,,0.107371,12.3285
2025-10-16 04:00:00,1.01425,0.806238,0.166791,0.847456,,,0.072482,3.1275
2025-10-16 05:00:00,0.518298,0.708057,0.07867,0.439628,,,0.070217,3.4048
2025-10-16 06:00:00,0.957293,0.93122,0.149504,0.807789,,,0.071666,3.5685
2025-10-16 07:00:00,2.38383,1.00077,0.364722,2.01911,,,0.10325,9.202
2025-10-16 08:00:00,4.22237,1.20639,0.594255,3.62811,,,0.15402,19.4271
2025-10-16 09:00:00,5.93121,1.94084,0.859971,5.07124,,,0.162872,22.8432
2025-10-16 10:00:00,7.25783,1.63244,1.41791,5.83992,,,0.19294,27.2569
2025-10-16 11:00:00,6.53702,1.12012,0.795591,5.74143,,,0.202672,28.0716
2025-10-16 12:00:00,10.2024,1.31272,1.60899,8.59345,,,0.262858,45.6141
2025-10-16 13:00:00,13.4975,2.71469,0.970457,12.527,,,0.285714,45.0172
2025-10-16 14:00:00,14.5368,2.25446,1.12384,13.4129,,,0.261637,41.6377
2025-10-16 15:00:00,13.8241,2.2297,1.68147,12.1427,,,0.287378,46.2617
2025-10-16 16:00:00,13.5117,2.27469,1.75161,11.76,,,0.290563,48.4612
2025-10-16 17:00:00,12.6316,1.85377,2.25786,10.3737,,,0.289002,48.4967
2025-10-16 18:00:00,14.2585,1.6359,1.82444,12.434,,,0.308139,52.9963
2025-10-16 19:00:00,11.968,1.34352,1.93683,10.0312,,,0.318795,52.6697
2025-10-16 20:00:00,18.0745,2.42415,3.24213,14.8323,,,0.28337,46.4099
2025-10-16 21:00:00,10.6301,1.80539,2.24236,8.38778,,,0.229049,38.5328
2025-10-16 22:00:00,12.8578,2.35577,1.25504,11.6028,,,0.233469,39.804
2025-10-16 23:00:00,14.0119,3.63191,1.1459,12.866,,,0.204683,33.9107
2025-10-17 00:00:00,7.70443,2.23058,0.598615,7.10581,,,0.164641,23.6111
2025-10-17 01:00:00,4.15137,1.6699,0.638999,3.51237,,,0.126203,13.4725
2025-10-17 02:00:00,1.62747,1.07922,0.155799,1.47167,,,0.094225,8.452
2025-10-17 03:00:00,0.73518,0.439176,0.129833,0.605347,,,0.073386,2.1715
2025-10-17 04:00:00,0.574003,0.489764,0.031054,0.542949,,,0.066499,1.9329
2025-10-17 05:00:00,1.0446,1.06374,0.062988,0.981608,,,0.080007,7.2013
2025-10-17 06:00:00,1.15815,1.0177,0.107091,1.05106,,,0.079286,5.8305
2025-10-17 07:00:00,4.15078,1.6737,0.293113,3.85767,,,0.115168,12.1599
2025-10-17 08:00:00,5.50616,1.4613,0.481889,5.02427,,,0.159395,20.8815
2025-10-17 09:00:00,5.79593,1.69373,0.481371,5.31456,,,0.154683,18.8215
2025-10-17 10:00:00,13.3275,4.71936,1.65785,11.6696,,,0.17795,23.0437
2025-10-17 11:00:00,9.97304,2.40546,1.57124,8.4018,,,0.215644,31.8697
2025-10-17 12:00:00,10.2887,2.09887,1.58869,8.69998,,,0.247502,39.2133
2025-10-17 13:00:00,8.60058,1.5839,1.22953,7.37106,,,0.213007,32.2811
2025-10-17 14:00:00,8.74243,1.43178,0.958174,7.78426,,,0.222,30.514
2025-10-17 15:00:00,11.1874,1.69352,1.16784,10.0195,,,0.235232,34.9361
2025-10-17 16:00:00,12.7847,1.84271,1.48417,11.3005,,,0.252374,39.6091
2025-10-17 17:00:00,12.4443,1.69865,2.32558,10.1188,,,0.286956,37.3318
2025-10-17 18:00:00,13.1926,1.73267,1.50597,11.6866,,,0.299526,48.9921
2025-10-17 19:00:00,14.7689,1.58943,1.80373,12.9652,,,0.328437,58.3573
2025-10-17 20:00:00,10.8941,1.23014,1.58503,9.30911,,,0.2852,45.9786
2025-10-17 21:00:00,10.3801,1.4757,2.72657,7.65353,,,0.265148,42.6955
2025-10-17 22:00:00,9.32987,1.7439,1.33537,7.99451,,,0.247216,40.632
2025-10-17 23:00:00,4.60893,1.65194,0.713553,3.89537,,,0.17686,26.9093
2025-10-18 00:00:00,4.96443,1.93923,0.680081,4.28435,,,0.140616,16.9918
2025-10-18 01:00:00,3.76319,1.94984,0.505336,3.25785,,,0.123122,14.9441
2025-10-18 02:00:00,3.1271,1.99433,0.28472,2.84238,,,0.100228,9.653
2025-10-18 03:00:00,2.75924,2.15903,0.182377,2.57686,,,0.08865,5.8123
2025-10-18 04:00:00,0.866959,0.783868,0.120834,0.746125,,,0.072279,3.4448
2025-10-18 05:00:00,0.825267,0.900946,0.08707,0.738197,,,0.069216,2.8347
2025-10-18 06:00:00,0.806365,0.897957,0.122401,0.683964,,,0.071719,2.8961
2025-10-18 07:00:00,4.00254,1.65258,0.635062,3.36748,,,0.109079,10.58
2025-10-18 08:00:00,5.20355,1.42251,0.56235,4.6412,,,0.158024,18.6269
2025-10-18 09:00:00,5.61899,1.42109,0.672615,4.94637,,,0.17194,20.8106
2025-10-18 10:00:00,12.6143,2.48214,1.69399,10.9203,,,0.253372,38.9987
2025-10-18 11:00:00,14.2476,1.9181,1.33433,12.9133,,,0.318968,40.4622
2025-10-18 12:00:00,23.6597,1.93488,2.90786,20.7518,,,0.404466,81.9383
2025-10-18 13:00:00,24.7699,1.71418,3.51979,21.2501,,,0.410166,92.7406
2025-10-18 14:00:00,28.189,2.10617,3.45772,24.7313,,,0.407436,90.2183
2025-10-18 15:00:00,25.5217,1.99982,3.69352,21.8282,,,0.409049,81.5544
2025-10-18 16:00:00,27.5267,2.10192,5.01162,22.5151,,,0.410911,88.8396
2025-10-18 17:00:00,32.5289,2.46805,6.79495,25.734,,,0.412772,110.853
2025-10-18 18:00:00,33.7791,2.22319,7.71462,26.0645,,,0.41369,117.062
2025-10-18 19:00:00,34.5536,1.99686,6.7223,27.8313,,,0.418076,115.079
2025-10-18 20:00:00,33.2628,2.233,6.50317,26.7596,,,0.405831,102.827
2025-10-18 21:00:00,24.5594,2.25109,5.14396,19.4155,,,0.397591,82.0527
2025-10-18 22:00:00,19.5587,2.37998,4.00298,15.5557,,,0.430993,64.3817
2025-10-18 23:00:00,21.2322,3.64688,4.67271,16.5594,,,0.4485,56.8428
2025-10-19 00:00:00,9.55172,2.96453,1.08523,8.46649,,,0.5169,26.1392
2025-10-19 01:00:00,11.2049,2.26087,1.05394,10.1509,,,0.520321,37.1783
2025-10-19 02:00:00,5.98227,2.1094,0.508567,5.4737,,,0.367458,23.0805
2025-10-19 03:00:00,6.76543,1.70157,1.33576,5.42967,,,0.259762,19.4474
2025-10-19 04:00:00,2.20694,0.400388,0.50248,1.70446,,,0.23886,15.9383
2025-10-19 05:00:00,11.5512,1.2829,0.981376,10.5699,,,0.429883,30.5746
2025-10-19 06:00:00,29.6285,0.811695,6.40388,23.2246,,,0.478304,97.1527
2025-10-19 07:00:00,18.6742,0.520868,4.36457,14.3096,,,0.366114,78.9712
2025-10-19 08:00:00,6.88556,1.60503,0.850557,6.03501,,,0.358494,19.7359
2025-10-19 09:00:00,5.61181,1.33487,0.747868,4.86394,,,0.339595,15.4496
2025-10-19 10:00:00,6.22605,1.44188,0.604756,5.62129,,,0.397273,24.5323
2025-10-19 11:00:00,15.0037,1.99729,3.86232,11.1413,,,0.511004,39.9365
2025-10-19 12:00:00,17.0015,1.53832,1.87433,15.1272,,,0.479916,55.4126
2025-10-19 13:00:00,18.8059,1.61674,2.33742,16.4685,,,0.444143,59.8189
2025-10-19 14:00:00,19.7002,1.69304,2.67308,17.0271,,,0.422357,66.8705
2025-10-19 15:00:00,18.1043,1.59875,2.56304,15.5412,,,0.442419,67.1933
2025-10-19 16:00:00,19.861,1.99048,2.95149,16.9095,,,0.418752,72.5421
2025-10-19 17:00:00,18.6019,1.64502,2.20549,16.3965,,,0.435983,67.4043
2025-10-19 18:00:00,19.2412,1.83041,1.97446,17.2668,,,0.418433,60.5591
2025-10-19 19:00:00,15.8323,1.59119,2.00686,13.8255,,,0.463553,50.9704
2025-10-19 20:00:00,10.5607,1.44036,1.854,8.70671,,,0.506915,41.063
2025-10-19 21:00:00,11.2,1.94377,1.55394,9.64608,,,0.519471,40.077
2025-10-19 22:00:00,14.1729,2.47087,2.32114,11.8518,,,0.505669,42.4808
2025-10-19 23:00:00,11.9404,3.38831,1.71841,10.222,,,0.504388,35.2717
2025-10-20 00:00:00,5.09164,1.99829,0.68805,4.40359,,,0.294261,19.1478
2025-10-20 01:00:00,4.66556,1.58692,0.297373,4.36819,,,0.247048,9.2423
2025-10-20 02:00:00,2.92787,1.44088,0.548775,2.3791,,,0.165689,9.0168
2025-10-20 03:00:00,1.99099,1.53863,0.193483,1.7975,,,0.123834,5.8886
2025-10-20 04:00:00,0.573733,0.520629,0.050906,0.522827,,,0.09444,2.6475
2025-10-20 05:00:00,0.572051,0.611166,0.034331,0.53772,,,0.077307,1.6305
2025-10-20 06:00:00,0.789084,0.599609,0.090791,0.698293,,,0.097345,3.0281
2025-10-20 07:00:00,3.15901,1.19028,0.254315,2.9047,,,0.197462,10.9057
2025-10-20 08:00:00,3.45384,0.927454,0.337253,3.11659,,,0.247035,15.1464
2025-10-20 09:00:00,5.08008,1.42699,0.70144,4.37864,,,0.212923,18.7087
2025-10-20 10:00:00,7.40897,2.04329,1.49941,5.90956,,,0.190073,23.5115
2025-10-20 11:00:00,9.73377,2.02534,1.43572,8.29806,,,0.241551,34.3857
2025-10-20 12:00:00,10.5287,1.83426,1.43692,9.09174,,,0.244731,36.0245
2025-10-20 13:00:00,12.6662,2.42369,1.55513,11.1111,,,0.244303,38.5734
2025-10-20 14:00:00,11.3463,1.93491,1.27919,10.0671,,,0.269448,42.8031
2025-10-20 15:00:00,11.7919,2.23586,1.62019,10.1717,,,0.233653,32.3647
2025-10-20 16:00:00,9.44482,1.64372,1.16095,8.28388,,,0.232179,33.6949
2025-10-20 17:00:00,8.26032,1.40913,1.04379,7.21653,,,0.225951,31.8272
2025-10-20 18:00:00,15.2385,2.11822,1.63227,13.6062,,,0.311713,51.5157
2025-10-20 19:00:00,10.9507,1.55594,1.37456,9.57613,,,0.271135,43.4213
2025-10-20 20:00:00,9.40123,1.55392,1.72629,7.67494,,,0.22227,34.6134
2025-10-20 21:00:00,8.75129,2.01272,0.846961,7.90433,,,0.206402,30.3177
2025-10-20 22:00:00,13.0132,3.19577,1.25283,11.7604,,,0.221,34.1176
2025-10-20 23:00:00,12.7859,4.77085,1.01207,11.7738,,,0.197072,31.7732
2025-10-21 00:00:00,7.4917,2.89478,1.03809,6.45361,,,0.152791,21.4802
2025-10-21 01:00:00,5.26222,2.61282,0.319593,4.94262,,,0.123937,16.3051
2025-10-21 02:00:00,3.19409,1.65155,0.56046,2.63363,,,0.094867,8.8385
2025-10-21 03:00:00,2.37938,1.28338,0.29511,2.08427,,,0.100864,11.7462
2025-10-21 04:00:00,1.36759,0.768306,0.086101,1.28148,,,0.079193,5.7105
2025-10-21 05:00:00,1.67316,1.11395,0.204679,1.46848,,,0.08855,7.6737
2025-10-21 06:00:00,1.25103,0.690415,0.114251,1.13678,,,0.084998,5.8702
2025-10-21 07:00:00,4.40293,1.36313,0.435567,3.96736,,,0.12446,15.0954
2025-10-21 08:00:00,6.0606,1.62222,0.434017,5.62658,,,0.151348,18.7435
2025-10-21 09:00:00,3.8514,1.24159,0.37558,3.47582,,,0.139973,15.1607
2025-10-21 10:00:00,6.66226,2.22967,0.475158,6.1871,,,0.167521,19.2967
2025-10-21 11:00:00,5.79775,1.40178,0.511642,5.2861,,,0.199918,24.4068
2025-10-21 12:00:00,14.5774,2.39917,1.44888,13.1285,,,0.279354,40.209
2025-10-21 13:00:00,17.7705,3.30552,2.44984,15.3206,,,0.257658,43.8138
2025-10-21 14:00:00,13.3475,2.29574,2.88257,10.4649,,,0.275051,45.4339
2025-10-21 15:00:00,10.7827,2.0832,2.05106,8.73159,,,0.237746,38.3546
2025-10-21 16:00:00,10.791,1.90385,1.45095,9.34005,,,0.243381,36.2299
2025-10-21 17:00:00,14.6524,2.49276,3.52894,11.1235,,,0.267134,42.7758
2025-10-21 18:00:00,16.1058,2.0922,2.73754,13.3683,,,0.302837,49.7152
2025-10-21 19:00:00,15.6259,1.90281,2.17773,13.4482,,,0.318834,57.5563
2025-10-21 20:00:00,12.2075,1.6186,2.71222,9.49528,,,0.281179,30.7467
2025-10-21 21:00:00,11.5563,2.61692,1.98536,9.57096,,,0.23993,42.8677
2025-10-21 22:00:00,13.1661,3.43226,1.98524,11.1809,,,0.231462,40.286
2025-10-21 23:00:00,21.9448,6.51182,1.51621,20.4286,,,0.206764,32.1134
2025-10-22 00:00:00,4.02137,1.78728,0.936874,3.0845,,,0.124765,14.3555
2025-10-22 01:00:00,2.58299,1.29668,0.547453,2.03554,,,0.109199,12.2921
2025-10-22 02:00:00,2.33895,1.25077,0.208665,2.13028,,,0.092392,7.8083
2025-10-22 03:00:00,2.40666,1.6552,0.164179,2.24249,,,0.080938,6.2829
2025-10-22 04:00:00,1.90148,1.64773,0.094067,1.80741,,,0.07244,4.0434
2025-10-22 05:00:00,0.62176,0.536924,0.041135,0.580625,,,0.070957,3.8153
2025-10-22 06:00:00,0.583587,0.450994,0.040838,0.542749,,,0.069854,2.6797
2025-10-22 07:00:00,2.92282,1.05062,0.336106,2.58671,,,0.115823,11.7617
2025-10-22 08:00:00,2.99377,0.766848,0.418777,2.575,,,0.130994,9.7734
2025-10-22 09:00:00,4.4135,1.3497,0.732626,3.68087,,,0.155472,17.8411
2025-10-22 10:00:00,5.60081,1.58305,1.63946,3.96136,,,0.198258,25.7537
2025-10-22 11:00:00,7.21657,1.60582,1.6002,5.61637,,,0.200337,27.4027
2025-10-22 12:00:00,13.0402,1.80162,1.27233,11.7678,,,0.268593,40.9822
2025-10-22 13:00:00,10.0182,1.65045,1.4267,8.59153,,,0.235613,37.0097
2025-10-22 14:00:00,11.0343,1.89723,1.29904,9.73526,,,0.240102,35.1192
2025-10-22 15:00:00,10.9518,1.94941,1.21546,9.73634,,,0.239638,34.4767
2025-10-22 16:00:00,11.7415,1.87864,2.61593,9.1256,,,0.263985,38.6105
2025-10-22 17:00:00,12.9508,1.59375,2.11756,10.8333,,,0.303313,48.4596
2025-10-22 18:00:00,16.1741,1.99238,1.99758,14.1765,,,0.322181,56.5017
2025-10-22 19:00:00,12.5984,1.55882,1.8984,10.7,,,0.290116,46.659
2025-10-22 20:00:00,10.1247,1.31798,1.73808,8.38662,,,0.266593,42.4209
2025-10-22 21:00:00,8.3204,1.31986,1.11038,7.21002,,,0.22998,36.0684
2025-10-22 22:00:00,11.6751,2.3397,1.65638,10.0187,,,0.235378,41.0661
2025-10-22 23:00:00,9.50903,2.83344,1.7521,7.75693,,,0.182806,28.483
2025-10-23 00:00:00,7.60888,3.17301,0.96924,6.63964,,,0.151949,12.73
2025-10-23 01:00:00,3.88796,1.40056,0.611776,3.27619,,,0.13011,13.373
2025-10-23 02:00:00,1.77705,0.825766,0.179194,1.59785,,,0.08895,7.1416
2025-10-23 03:00:00,1.05115,0.749753,0.086487,0.964666,,,0.077614,3.9668
2025-10-23 04:00:00,0.549382,0.376289,0.101384,0.447998,,,0.06932,2.7772
2025-10-23 05:00:00,0.622129,0.353081,0.056034,0.566095,,,0.072133,3.556
2025-10-23 06:00:00,0.624418,0.335348,0.050454,0.573964,,,0.075112,3.3071
2025-10-23 07:00:00,2.31635,0.714921,0.183206,2.13314,,,0.105874,9.5207
2025-10-23 08:00:00,4.86423,1.22648,0.491833,4.37239,,,0.156683,18.3846
2025-10-23 09:00:00,7.27748,2.22281,0.779709,6.49777,,,0.176999,25.4772
2025-10-23 10:00:00,8.55187,2.61685,1.38599,7.16588,,,0.202504,28.2925
2025-10-23 11:00:00,7.71372,1.73968,1.15426,6.55947,,,0.21216,29.3716
2025-10-23 12:00:00,11.1479,1.90432,1.75409,9.39378,,,0.24651,39.3164
2025-10-23 13:00:00,8.89006,1.455,1.55765,7.33242,,,0.217224,32.0897
2025-10-23 14:00:00,13.6843,2.48714,2.74126,10.943,,,0.249082,40.4249
2025-10-23 15:00:00,12.9021,2.58041,1.90089,11.0012,,,0.248354,36.7643
2025-10-23 16:00:00,13.1313,2.22037,1.40019,11.7311,,,0.256347,39.7783
2025-10-23 17:00:00,12.6381,2.36226,2.17878,10.4593,,,0.31905,54.6583
2025-10-23 18:00:00,15.7202,2.056,2.03273,13.6874,,,0.308366,51.7108
2025-10-23 19:00:00,13.4544,1.86194,2.7382,10.7162,,,0.309846,50.7545
2025-10-23 20:00:00,9.44761,1.66507,1.47231,7.9753,,,0.250998,27.9777
2025-10-23 21:00:00,8.10068,1.6947,1.39225,6.70843,,,0.214189,33.6833
2025-10-23 22:00:00,14.9873,3.72819,2.62693,12.3604,,,0.243071,43.4938
2025-10-23 23:00:00,12.2832,4.22393,0.850553,11.4326,,,0.179033,28.0943
2025-10-24 00:00:00,7.67526,3.55665,0.582813,7.09245,,,0.146044,23.5343
2025-10-24 01:00:00,5.53343,2.93706,0.370307,5.16312,,,0.118637,16.2086
2025-10-24 02:00:00,2.18372,1.36996,0.428144,1.75557,,,0.089836,7.9422
2025-10-24 03:00:00,3.86213,2.80678,0.236619,3.62551,,,0.100692,7.5301
2025-10-24 04:00:00,3.43881,3.39133,0.232176,3.20663,,,0.089776,8.531
2025-10-24 05:00:00,4.7254,4.06661,0.367916,4.35748,,,0.098151,8.8515
2025-10-24 06:00:00,2.02617,1.99034,0.237612,1.78856,,,0.079174,4.1444
2025-10-24 07:00:00,2.16403,0.803874,0.347653,1.81638,,,0.10149,8.2834
2025-10-24 08:00:00,4.22,1.14674,0.985206,3.2348,,,0.143103,15.9963
2025-10-24 09:00:00,3.65776,1.04448,0.40468,3.25308,,,0.144357,15.0581
2025-10-24 10:00:00,4.74933,1.40264,0.493583,4.25574,,,0.177099,21.4076
2025-10-24 11:00:00,8.9038,1.89847,1.05953,7.84427,,,0.213658,30.8851
2025-10-24 12:00:00,19.587,2.68021,1.72174,17.8653,,,0.300668,42.8159
2025-10-24 13:00:00,11.5839,1.57992,1.71246,9.87149,,,0.253005,39.0211
2025-10-24 14:00:00,12.0902,1.72767,1.26667,10.8236,,,0.257506,39.881
2025-10-24 15:00:00,13.2386,2.21603,1.93444,11.3041,,,0.280354,46.4042
2025-10-24 16:00:00,13.0224,2.01648,2.2323,10.7901,,,0.280214,44.2149
2025-10-24 17:00:00,15.6689,1.86047,1.73865,13.9302,,,0.312802,51.1452
2025-10-24 18:00:00,17.9751,1.84208,3.50419,14.4709,,,0.350303,61.0583
2025-10-24 19:00:00,18.5994,2.23175,4.05143,14.548,,,0.344145,61.5728
2025-10-24 20:00:00,23.1592,2.57038,4.93586,18.2233,,,0.374505,72.2831
2025-10-24 21:00:00,13.0306,1.71636,2.37601,10.6546,,,0.297783,33.3191
2025-10-24 22:00:00,11.7921,1.60002,1.71199,10.0801,,,0.287807,46.3381
2025-10-24 23:00:00,6.81008,1.62145,1.26474,5.54533,,,0.237447,40.3717
2025-10-25 00:00:00,8.26632,2.01913,0.760951,7.50537,,,0.162745,24.1609
2025-10-25 01:00:00,9.37877,3.00025,3.73026,5.64852,,,0.162961,22.2419
2025-10-25 02:00:00,4.72233,1.92591,0.43911,4.28322,,,0.114192,13.2419
2025-10-25 03:00:00,0.8826,0.617202,0.115651,0.766949,,,0.087511,6.1524
2025-10-25 04:00:00,2.22183,1.19069,0.189808,2.03203,,,0.093281,7.2742
2025-10-25 05:00:00,1.59197,1.77279,0.07693,1.51504,,,0.072976,4.0539
2025-10-25 06:00:00,1.10695,0.938092,0.085966,1.02098,,,0.076622,4.4529
2025-10-25 07:00:00,3.63373,1.45001,0.332535,3.3012,,,0.11034,10.9495
2025-10-25 08:00:00,4.07727,1.03959,0.452573,3.6247,,,0.144223,17.7287
2025-10-25 09:00:00,7.97684,1.89114,1.09973,6.87711,,,0.190908,27.8138
2025-10-25 10:00:00,11.6263,2.42618,2.01648,9.60979,,,0.244505,38.605
2025-10-25 11:00:00,14.3103,2.16626,2.39292,11.9174,,,0.284145,35.6472
2025-10-25 12:00:00,24.2543,2.50562,5.12851,19.1258,,,0.371616,71.3087
2025-10-25 13:00:00,21.435,2.09163,3.37423,18.0608,,,0.378312,73.3696
2025-10-25 14:00:00,25.4823,2.36957,3.4936,21.9887,,,0.400032,79.3526
2025-10-25 15:00:00,23.7043,2.2137,2.89197,20.8124,,,0.39127,81.2897
2025-10-25 16:00:00,25.812,2.17713,3.49241,22.3196,,,0.396596,83.1338
2025-10-25 17:00:00,25.4787,1.93961,3.85719,21.6215,,,0.40394,88.6892
2025-10-25 18:00:00,29.9662,2.12105,3.91096,26.0552,,,0.411314,106.218
2025-10-25 19:00:00,29.8547,2.06664,4.34288,25.5118,,,0.405346,97.2862
2025-10-25 20:00:00,21.9753,1.97478,3.76314,18.2122,,,0.382458,73.8966
2025-10-25 21:00:00,11.3235,1.28793,1.58164,9.74182,,,0.321333,39.9648
2025-10-25 22:00:00,15.4505,2.01704,2.36643,13.0841,,,0.31479,58.6551
2025-10-25 23:00:00,14.2185,2.44893,2.81183,11.4066,,,0.261083,46.6447
2025-10-26 00:00:00,8.35004,2.91348,0.904993,7.44504,,,0.163936,25.3617
2025-10-26 01:00:00,5.26283,1.36414,0.648039,4.6148,,,0.143219,20.9751
2025-10-26 02:00:00,4.94122,1.97491,0.545366,4.39585,,,0.135219,20.2659
2025-10-26 03:00:00,5.32057,2.38163,0.295813,5.02475,,,0.114759,14.8471
2025-10-26 04:00:00,2.48549,1.43504,0.138591,2.3469,,,0.089535,10.3946
2025-10-26 05:00:00,1.32107,1.41139,0.128779,1.19229,,,0.076867,3.2226
2025-10-26 06:00:00,0.816849,0.700557,0.087933,0.728916,,,0.077048,4.2611
2025-10-26 07:00:00,1.90479,0.685176,0.173085,1.7317,,,0.095422,7.7841
2025-10-26 08:00:00,3.79983,1.08196,0.433561,3.36627,,,0.134441,15.6413
2025-10-26 09:00:00,5.40765,1.53104,1.14852,4.25913,,,0.167613,22.3662
2025-10-26 10:00:00,12.0353,2.3757,1.92335,10.1119,,,0.221483,33.1153
2025-10-26 11:00:00,17.3726,2.04047,2.83101,14.5416,,,0.324244,56.3332
2025-10-26 12:00:00,20.0834,1.77165,3.76581,16.3176,,,0.356791,66.7978
2025-10-26 13:00:00,24.0183,2.04168,3.29088,20.7274,,,0.373521,71.7479
2025-10-26 14:00:00,20.5783,1.84758,2.63844,17.9399,,,0.36735,68.6718
2025-10-26 15:00:00,17.5131,1.69536,2.70572,14.8074,,,0.398766,74.8844
2025-10-26 16:00:00,19.5175,1.7847,2.65337,16.8641,,,0.372494,68.9045
2025-10-26 17:00:00,20.9374,1.8832,2.63086,18.3065,,,0.388191,73.2969
2025-10-26 18:00:00,17.5997,1.57196,2.81457,14.7851,,,0.383611,71.1082
2025-10-26 19:00:00,17.2211,1.7149,3.99772,13.2234,,,0.344169,61.6923
2025-10-26 20:00:00,13.3568,1.71417,2.85212,10.5047,,,0.292223,52.671
2025-10-26 21:00:00,9.14654,1.47907,1.4028,7.74374,,,0.234187,38.0596
2025-10-26 22:00:00,10.4973,2.02338,2.0422,8.4551,,,0.256139,43.1038
2025-10-26 23:00:00,10.038,2.92483,1.07182,8.96619,,,0.214706,31.1793
2025-10-27 00:00:00,6.73858,2.45396,0.78149,5.95709,,,0.154431,21.9655
2025-10-27 01:00:00,6.05015,2.55929,0.381359,5.66879,,,0.135214,19.2711
2025-10-27 02:00:00,3.03179,2.09667,0.322469,2.70932,,,0.100888,11.7705
2025-10-27 03:00:00,2.49309,2.34313,0.133082,2.36001,,,0.079045,3.8741
2025-10-27 04:00:00,1.21304,1.45101,0.066392,1.14665,,,0.067696,2.3027
2025-10-27 05:00:00,0.35196,0.453557,0.04511,0.30685,,,0.065114,1.9114
2025-10-27 06:00:00,0.683455,0.741275,0.05025,0.633205,,,0.070073,2.655
2025-10-27 07:00:00,2.70937,1.14223,0.178174,2.53119,,,0.107145,9.5684
2025-10-27 08:00:00,5.39676,1.83563,0.654985,4.74177,,,0.146488,18.9228
2025-10-27 09:00:00,4.19506,1.33261,0.48573,3.70933,,,0.140952,14.4639
2025-10-27 10:00:00,6.85662,1.69216,0.650547,6.20607,,,0.186533,23.4502
2025-10-27 11:00:00,9.36661,1.72943,0.902871,8.46374,,,0.220787,32.2107
2025-10-27 12:00:00,10.9125,1.51563,1.34641,9.56612,,,0.259691,40.8127
2025-10-27 13:00:00,5.25457,1.20795,0.589071,4.6655,,,0.209255,29.9228
2025-10-27 14:00:00,9.73873,1.66759,1.02236,8.71637,,,0.233388,33.8736
2025-10-27 15:00:00,12.3788,1.97744,1.37642,11.0024,,,0.263722,40.1286
2025-10-27 16:00:00,12.4839,1.99487,1.14696,11.3369,,,0.259925,40.2018
2025-10-27 17:00:00,13.1627,1.90102,2.06185,11.1008,,,0.293726,47.3228
2025-10-27 18:00:00,13.5452,1.73301,1.90616,11.6391,,,0.324555,54.2904
2025-10-27 19:00:00,12.7463,1.77922,2.35692,10.3894,,,0.310627,50.8764
2025-10-27 20:00:00,11.5786,1.71332,2.30028,9.27833,,,0.25655,42.2007
2025-10-27 21:00:00,8.73083,1.38893,1.23979,7.49104,,,0.239346,37.0508
2025-10-27 22:00:00,6.01828,1.35792,0.71023,5.30805,,,0.182892,28.8837
2025-10-27 23:00:00,6.88681,2.05331,0.668802,6.218,,,0.144479,21.0857
2025-10-28 00:00:00,6.0118,2.42607,0.482042,5.52976,,,0.126474,11.1192
2025-10-28 01:00:00,3.93839,2.5311,0.364104,3.57429,,,0.104925,10.8425
2025-10-28 02:00:00,3.24011,2.05591,0.172565,3.06755,,,0.091497,8.3018
2025-10-28 03:00:00,1.96724,1.13582,0.176213,1.79102,,,0.082467,5.8717
2025-10-28 04:00:00,0.647079,0.599147,0.07912,0.567959,,,0.067961,2.7715
2025-10-28 05:00:00,0.637223,0.550279,0.051362,0.585861,,,0.067595,2.232
2025-10-28 06:00:00,1.26122,0.827573,0.07386,1.18736,,,0.074488,3.1693
2025-10-28 07:00:00,1.42847,0.615188,0.163033,1.26543,,,0.089887,5.8225
2025-10-28 08:00:00,3.84432,1.10787,0.483517,3.3608,,,0.137853,15.4184
2025-10-28 09:00:00,4.65347,1.14901,1.47134,3.18213,,,0.16409,20.529
2025-10-28 10:00:00,5.72474,1.84669,2.20974,3.515,,,0.189984,26.2807
2025-10-28 11:00:00,7.85334,1.32122,1.44526,6.40808,,,0.233086,33.6719
2025-10-28 12:00:00,12.0771,1.96504,2.10738,9.96975,,,0.250277,40.6406
2025-10-28 13:00:00,13.3327,2.29005,2.04678,11.2859,,,0.232794,37.1027
2025-10-28 14:00:00,14.6938,2.51865,1.97738,12.7164,,,0.269243,45.5322
2025-10-28 15:00:00,10.6553,1.8066,1.3443,9.31102,,,0.248539,38.0878
2025-10-28 16:00:00,12.5149,2.04894,1.42441,11.0905,,,0.251943,38.168
2025-10-28 17:00:00,12.1609,1.67922,2.30236,9.85856,,,0.30015,49.5506
2025-10-28 18:00:00,16.9407,2.08578,2.95565,13.985,,,0.348883,59.6999
2025-10-28 19:00:00,15.2893,1.915,5.09667,10.1927,,,0.306444,55.4039
2025-10-28 20:00:00,8.63554,1.30328,1.22298,7.41256,,,0.244767,42.6616
2025-10-28 21:00:00,7.39673,1.38723,1.49053,5.9062,,,0.221136,34.642
2025-10-28 22:00:00,8.3422,1.86794,1.45888,6.88332,,,0.211569,29.8759
2025-10-28 23:00:00,4.04587,1.64868,0.660522,3.38535,,,0.145483,18.6895
2025-10-29 00:00:00,5.74378,2.20575,0.949528,4.79426,,,0.128998,16.2973
2025-10-29 01:00:00,4.45526,2.14402,0.277536,4.17773,,,0.111798,12.2288
2025-10-29 02:00:00,3.89093,1.80974,0.240134,3.6508,,,0.095757,9.354
2025-10-29 03:00:00,1.02752,0.610168,0.13202,0.895503,,,0.078145,5.4222
2025-10-29 04:00:00,0.793544,0.558047,0.177318,0.616226,,,0.068732,3.1104
2025-10-29 05:00:00,0.629708,0.345614,0.152566,0.477142,,,0.074065,3.7298
2025-10-29 06:00:00,1.76402,0.883778,0.099661,1.66436,,,0.081524,4.9396
2025-10-29 07:00:00,2.58896,0.980667,0.220932,2.36803,,,0.104774,8.4976
2025-10-29 08:00:00,6.82936,1.40695,0.712019,6.11734,,,0.18781,26.0607
2025-10-29 09:00:00,6.99639,1.42493,0.572732,6.42366,,,0.213767,27.6648
2025-10-29 10:00:00,8.29231,1.78713,0.897485,7.39482,,,0.228367,31.6334
2025-10-29 11:00:00,8.76786,1.39482,1.17592,7.59193,,,0.25916,37.4455
2025-10-29 12:00:00,16.1004,1.77866,2.05743,14.043,,,0.294867,47.9381
2025-10-29 13:00:00,12.1574,1.72495,2.01345,10.144,,,0.268451,45.1577
2025-10-29 14:00:00,13.2679,2.14831,1.21952,12.0484,,,0.266609,42.5051
2025-10-29 15:00:00,12.8032,2.0239,2.27043,10.5328,,,0.262489,43.4379
2025-10-29 16:00:00,15.0026,2.43233,3.08436,11.9183,,,0.31691,42.8183
2025-10-29 17:00:00,16.2647,2.25836,2.57835,13.6864,,,0.328374,58.4323
2025-10-29 18:00:00,16.1264,1.74039,2.3757,13.7507,,,0.324592,56.5042
2025-10-29 19:00:00,16.4731,1.68921,3.69805,12.7751,,,0.340205,56.6795
2025-10-29 20:00:00,12.2432,1.75404,3.46903,8.77416,,,0.28492,45.5963
2025-10-29 21:00:00,6.52983,1.138,0.928821,5.60101,,,0.213674,32.3046
2025-10-29 22:00:00,7.90504,1.54758,1.79964,6.1054,,,0.204443,31.271
2025-10-29 23:00:00,6.60586,1.60181,0.918569,5.68729,,,0.17098,24.9226
2025-10-30 00:00:00,7.17562,2.25648,1.05826,6.11736,,,0.156723,21.8362
2025-10-30 01:00:00,5.81295,2.00033,0.472547,5.3404,,,0.119236,15.0195
2025-10-30 02:00:00,3.68582,1.805,0.219146,3.46667,,,0.087547,7.3234
2025-10-30 03:00:00,2.31398,0.913174,0.139842,2.17414,,,0.089717,8.3662
2025-10-30 04:00:00,0.256503,0.126605,0.04328,0.213223,,,0.068224,2.5728
2025-10-30 05:00:00,0.737141,0.368202,0.071064,0.666077,,,0.070398,3.3988
2025-10-30 06:00:00,1.31735,0.57526,0.089266,1.22808,,,0.078075,3.6844
2025-10-30 07:00:00,3.50564,0.896124,0.35414,3.1515,,,0.120973,14.3014
2025-10-30 08:00:00,6.03494,1.40348,1.09161,4.94333,,,0.174269,24.2985
2025-10-30 09:00:00,4.99237,1.36478,0.870755,4.12161,,,0.180175,24.6608
2025-10-30 10:00:00,5.55636,1.70545,1.1876,4.36876,,,0.217212,29.1901
2025-10-30 11:00:00,10.7164,2.13218,1.43378,9.28258,,,0.225734,33.8038
2025-10-30 12:00:00,13.4213,2.25644,1.58467,11.8366,,,0.25136,39.5101
2025-10-30 13:00:00,11.1932,1.81354,1.37439,9.8188,,,0.261886,41.0553
2025-10-30 14:00:00,10.9848,1.78499,1.70937,9.27545,,,0.264441,43.9925
2025-10-30 15:00:00,11.9878,1.89201,1.60495,10.3828,,,0.26262,38.7225
2025-10-30 16:00:00,10.5537,1.60343,1.23244,9.32131,,,0.279431,43.7922
2025-10-30 17:00:00,11.5949,1.75362,1.87686,9.71806,,,0.306637,48.7656
2025-10-30 18:00:00,18.2998,2.15748,2.49692,15.8028,,,0.319455,55.3093
2025-10-30 19:00:00,15.6969,1.73908,2.54607,13.1509,,,0.320205,54.6878
2025-10-30 20:00:00,11.9506,1.79925,1.96242,9.98822,,,0.250996,41.3135
2025-10-30 21:00:00,10.1979,1.82105,1.5953,8.6026,,,0.225032,36.1816
2025-10-30 22:00:00,11.9779,2.11924,1.74711,10.2308,,,0.217263,36.8343
2025-10-30 23:00:00,13.5761,3.58966,1.92502,11.6511,,,0.177564,29.1552
2025-10-31 00:00:00,10.5493,3.67572,1.10341,9.44593,,,0.155949,22.8914
2025-10-31 01:00:00,6.99551,3.31541,0.559337,6.43617,,,0.120752,14.964
2025-10-31 02:00:00,6.54325,4.34479,0.413406,6.12984,,,0.116873,12.3671
2025-10-31 03:00:00,3.75249,2.89544,0.795186,2.95731,,,0.094726,9.0908
2025-10-31 04:00:00,1.14714,0.90326,0.167189,0.97995,,,0.087576,8.4426
2025-10-31 05:00:00,0.629992,0.479446,0.051661,0.578331,,,0.068887,3.0995
2025-10-31 06:00:00,1.87014,1.06865,0.07704,1.7931,,,0.074407,3.1745
2025-10-31 07:00:00,2.8964,0.842465,0.250528,2.64587,,,0.126077,11.3786
2025-10-31 08:00:00,6.02642,1.39954,1.18288,4.84354,,,0.174014,23.1737
2025-10-31 09:00:00,5.53401,1.30519,0.562682,4.97132,,,0.173799,24.7297
2025-10-31 10:00:00,6.14841,1.802,1.00224,5.14616,,,0.208156,29.3806
2025-10-31 11:00:00,9.02793,1.6626,0.91358,8.11435,,,0.227542,35.0964
2025-10-31 12:00:00,6.86344,1.39161,1.10804,5.75541,,,0.235944,34.4994
2025-10-31 13:00:00,9.90102,1.66684,0.901689,8.99933,,,0.24424,40.5594
2025-10-31 14:00:00,10.2734,1.47862,1.17405,9.09938,,,0.256986,42.0223
2025-10-31 15:00:00,13.556,1.73885,1.66946,11.8866,,,0.312531,52.2077
2025-10-31 16:00:00,11.7286,1.49143,1.3967,10.3319,,,0.299363,47.5059
2025-10-31 17:00:00,13.0859,1.63901,2.36568,10.7202,,,0.329565,52.3246
2025-10-31 18:00:00,20.1232,2.06392,2.28051,17.8427,,,0.368999,68.0157
2025-10-31 19:00:00,20.4772,1.96556,3.0642,17.413,,,0.379132,73.0535
2025-10-31 20:00:00,18.5057,1.91452,3.56617,14.9396,,,0.363133,70.0803
2025-10-31 21:00:00,17.2287,1.98213,3.03102,14.1977,,,0.332749,60.1697
2025-10-31 22:00:00,9.6884,1.65218,1.49109,8.19731,,,0.289435,56.4668
2025-10-31 23:00:00,12.5458,2.09726,1.83047,10.7153,,,0.246446,43.1765
2025-11-01 00:00:00,14.3774,3.0192,1.28901,13.0884,,,0.245231,40.1787
2025-11-01 01:00:00,9.3437,2.04816,1.35495,7.98875,,,0.181487,30.5194
2025-11-01 02:00:00,5.79207,1.66343,1.08859,4.70348,,,0.132158,16.6789
2025-11-01 03:00:00,4.71016,1.60866,0.454909,4.25526,,,0.115833,13.1418
2025-11-01 04:00:00,2.39791,0.953064,0.191852,2.20606,,,0.093335,8.5358
2025-11-01 05:00:00,1.27246,0.620715,0.098885,1.17358,,,0.079828,5.861
2025-11-01 06:00:00,1.93285,0.867525,0.128208,1.80464,,,0.082038,5.1881
2025-11-01 07:00:00,3.33508,0.801318,0.38015,2.95493,,,0.110828,10.2748
2025-11-01 08:00:00,4.38434,0.891127,0.602179,3.78216,,,0.159202,19.6342
2025-11-01 09:00:00,6.7812,1.67769,0.464623,6.31658,,,0.208011,26.6482
2025-11-01 10:00:00,13.9191,2.20519,1.01691,12.9022,,,0.255127,35.8964
2025-11-01 11:00:00,17.1266,1.86077,2.00964,15.1169,,,0.345654,59.3361
2025-11-01 12:00:00,22.9826,1.76463,2.82797,20.1546,,,0.386904,72.6429
2025-11-01 13:00:00,24.2851,1.74914,3.78295,20.5021,,,0.399694,82.0086
2025-11-01 14:00:00,30.0463,2.4325,3.21368,26.8326,,,0.404811,83.5114
2025-11-01 15:00:00,26.4531,2.23421,4.04554,22.4075,,,0.412187,86.2716
2025-11-01 16:00:00,25.2703,2.03924,3.08698,22.1833,,,0.396136,74.8328
2025-11-01 17:00:00,29.5787,2.1338,5.83,23.7487,,,0.411401,95.184
2025-11-01 18:00:00,35.6967,2.51492,4.10296,31.5938,,,0.411413,96.7287
2025-11-01 19:00:00,39.5387,2.71036,5.59323,33.9455,,,0.413768,126.81
2025-11-01 20:00:00,25.3365,1.90071,3.77726,21.5592,,,0.404208,96.6303
2025-11-01 21:00:00,26.8235,2.27665,4.1867,22.6369,,,0.397398,84.6825
2025-11-01 22:00:00,16.0517,1.89378,1.99086,14.0608,,,0.317134,59.6881
2025-11-01 23:00:00,9.5826,1.73409,1.40333,8.17927,,,0.218503,26.2413
2025-11-02 00:00:00,11.2155,2.43393,2.45762,8.75793,,,0.187148,31.901
2025-11-02 01:00:00,7.17422,1.89393,0.65335,6.52087,,,0.158398,21.9206
2025-11-02 02:00:00,7.04536,2.188,0.614092,6.43127,,,0.14652,19.4398
2025-11-02 03:00:00,2.57274,1.32479,0.420296,2.15245,,,0.096256,7.8686
2025-11-02 04:00:00,1.33936,0.654621,0.169825,1.16953,,,0.084123,5.9598
2025-11-02 05:00:00,1.16253,0.648732,0.124332,1.0382,,,0.078692,4.9681
2025-11-02 06:00:00,2.16523,1.16661,0.115504,2.04973,,,0.080159,4.8833
2025-11-02 07:00:00,2.80689,1.10594,0.186779,2.62011,,,0.099682,8.2913
2025-11-02 08:00:00,5.27573,1.30329,0.443979,4.83175,,,0.150514,21.1728
2025-11-02 09:00:00,6.20064,1.29612,0.748548,5.45209,,,0.188,25.3789
2025-11-02 10:00:00,6.54031,1.20315,0.767817,5.7725,,,0.220915,30.5436
2025-11-02 11:00:00,11.2501,1.61362,1.68264,9.56748,,,0.2905,47.0544
2025-11-02 12:00:00,17.8632,1.80327,2.9006,14.9626,,,0.340719,57.5893
2025-11-02 13:00:00,19.1848,1.82191,3.38651,15.7983,,,0.345307,45.8166
2025-11-02 14:00:00,19.6235,1.88978,2.25357,17.3699,,,0.383241,62.4926
2025-11-02 15:00:00,22.9824,2.40101,3.03391,19.9485,,,0.3985,73.2225
2025-11-02 16:00:00,20.414,2.16617,2.33473,18.0793,,,0.382706,64.6534
2025-11-02 17:00:00,20.7497,2.34248,3.93473,16.815,,,0.360993,62.2352
2025-11-02 18:00:00,22.2663,2.22042,3.48241,18.7839,,,0.367839,69.2948
2025-11-02 19:00:00,19.5918,2.03572,2.83681,16.7549,,,0.343068,61.6579
2025-11-02 20:00:00,13.281,1.75442,4.3507,8.93029,,,0.274879,43.544
2025-11-02 21:00:00,8.05197,1.51638,1.30536,6.74661,,,0.207422,31.2498
2025-11-02 22:00:00,10.1401,2.11164,2.15602,7.98409,,,0.195413,27.1255
2025-11-02 23:00:00,5.69846,1.65077,1.42601,4.27245,,,0.142608,18.0519
2025-11-03 00:00:00,3.97844,1.68151,0.379332,3.59911,,,0.121006,15.4397
2025-11-03 01:00:00,3.11056,1.38989,0.236529,2.87404,,,0.096285,8.6495
2025-11-03 02:00:00,4.36227,2.48421,0.195255,4.16701,,,0.098671,10.0703
2025-11-03 03:00:00,1.21761,0.83973,0.104441,1.11317,,,0.076068,4.85
2025-11-03 04:00:00,2.11371,2.32275,1.48959,0.62412,,,0.081864,5.4116
2025-11-03 05:00:00,0.762013,0.642507,0.072523,0.68949,,,0.071529,4.1628
2025-11-03 06:00:00,0.431622,0.288132,0.036232,0.39539,,,0.0706,2.7844
2025-11-03 07:00:00,3.009,1.18745,0.352837,2.65617,,,0.113287,10.8073
2025-11-03 08:00:00,5.85757,1.50968,0.462508,5.39506,,,0.158675,18.5432
2025-11-03 09:00:00,6.02246,1.63743,0.800217,5.22225,,,0.179739,20.8767
2025-11-03 10:00:00,4.41897,1.61512,1.21487,3.2041,,,0.161984,20.5494
2025-11-03 11:00:00,7.59671,1.63863,1.32616,6.27055,,,0.207159,27.2866
2025-11-03 12:00:00,8.06543,1.42903,1.35947,6.70596,,,0.216453,31.898
2025-11-03 13:00:00,9.1906,1.54724,1.3793,7.8113,,,0.220327,25.1292
2025-11-03 14:00:00,14.5504,2.37287,3.55442,10.996,,,0.261284,40.1009
2025-11-03 15:00:00,14.7829,2.62481,3.51138,11.2716,,,0.280442,43.0813
2025-11-03 16:00:00,12.0672,2.05294,1.6873,10.3799,,,0.268214,27.0074
2025-11-03 17:00:00,18.4041,2.41904,5.56805,12.836,,,0.30942,49.6302
2025-11-03 18:00:00,15.2029,1.9254,2.17966,13.0233,,,0.293943,43.8753
2025-11-03 19:00:00,10.614,1.39953,1.56396,9.05008,,,0.249733,39.1653
2025-11-03 20:00:00,9.18389,1.397,1.35055,7.83333,,,0.272891,38.458
2025-11-03 21:00:00,7.25254,1.66878,1.37302,5.87951,,,0.198377,27.1965
2025-11-03 22:00:00,9.05368,2.56478,1.91047,7.14321,,,0.203526,26.4709
2025-11-03 23:00:00,5.05779,1.78342,0.778269,4.27952,,,0.132502,16.7349
2025-11-04 00:00:00,4.10132,1.95487,0.467081,3.63423,,,0.113682,13.574
2025-11-04 01:00:00,4.24508,2.86057,0.916016,3.32906,,,0.106748,9.1654
2025-11-04 02:00:00,2.24011,1.65444,0.190918,2.04919,,,0.082025,6.2749
2025-11-04 03:00:00,5.38065,3.96218,0.627323,4.75332,,,0.084984,3.8031
2025-11-04 04:00:00,1.27734,1.13845,0.141952,1.13539,,,0.075407,4.0298
2025-11-04 05:00:00,1.30144,1.41769,0.073291,1.22815,,,0.069283,2.5688
2025-11-04 06:00:00,2.01278,1.56272,0.074432,1.93835,,,0.084435,4.2284
2025-11-04 07:00:00,2.51012,1.00245,0.176689,2.33343,,,0.102701,6.5328
2025-11-04 08:00:00,6.00398,1.64854,0.678904,5.32507,,,0.156299,18.0317
2025-11-04 09:00:00,6.32551,1.87256,1.21642,5.10909,,,0.160738,18.5422
2025-11-04 10:00:00,4.62431,1.42725,1.59327,3.03103,,,0.177262,23.1251
2025-11-04 11:00:00,8.45947,1.65159,1.74355,6.71592,,,0.221642,31.6666
2025-11-04 12:00:00,7.21059,1.22796,1.14165,6.06894,,,0.226267,32.1255
2025-11-04 13:00:00,9.71904,2.16653,1.60228,8.11677,,,0.224868,31.8817
2025-11-04 14:00:00,9.39433,2.0665,1.30533,8.089,,,0.21917,31.1439
2025-11-04 15:00:00,10.5343,2.07368,1.30321,9.23111,,,0.263754,42.2977
2025-11-04 16:00:00,10.0062,1.70289,1.28135,8.72486,,,0.245183,37.1324
2025-11-04 17:00:00,14.4446,2.29352,2.79955,11.6451,,,0.288794,41.3204
2025-11-04 18:00:00,12.4028,1.59542,2.15023,10.2526,,,0.282823,46.272
2025-11-04 19:00:00,12.3135,1.50165,2.01537,10.2982,,,0.262634,40.4444
2025-11-04 20:00:00,9.66306,1.2207,1.59662,8.06644,,,0.246089,35.6405
2025-11-04 21:00:00,8.67807,1.38451,1.85303,6.82504,,,0.226349,33.5195
2025-11-04 22:00:00,8.38134,1.67627,1.53659,6.84475,,,0.214003,31.3757
2025-11-04 23:00:00,8.44535,1.84316,1.87521,6.57015,,,0.17831,17.6169
2025-11-05 00:00:00,5.16905,1.47687,0.778305,4.39074,,,0.123365,16.8426
2025-11-05 01:00:00,4.36884,1.84339,1.29574,3.07309,,,0.136361,15.8028
2025-11-05 02:00:00,3.88336,1.79952,0.40432,3.47904,,,0.124752,16.3057
2025-11-05 03:00:00,2.9934,1.91149,0.99106,2.00234,,,0.093418,10.0741
2025-11-05 04:00:00,3.01283,1.73351,1.26347,1.74936,,,0.098206,10.8969
2025-11-05 05:00:00,2.8725,1.72834,1.70967,1.16283,,,0.092878,8.3839
2025-11-05 06:00:00,2.82188,1.78374,1.47212,1.34977,,,0.100231,6.9507
2025-11-05 07:00:00,4.43748,2.17737,0.928676,3.50881,,,0.117695,11.1574
2025-11-05 08:00:00,4.62446,1.32203,0.449298,4.17516,,,0.152325,17.7313
2025-11-05 09:00:00,7.22022,2.19326,0.756739,6.46348,,,0.175911,23.9092
2025-11-05 10:00:00,7.51626,2.6863,0.579602,6.93666,,,0.224834,25.8921
2025-11-05 11:00:00,8.70063,1.84413,0.968839,7.73179,,,0.223503,33.6638
2025-11-05 12:00:00,9.00626,1.74675,0.733589,8.27267,,,0.238213,35.7473
2025-11-05 13:00:00,7.49094,1.55672,1.06066,6.43029,,,0.20272,28.5392
2025-11-05 14:00:00,10.7875,2.08898,1.41637,9.37112,,,0.21841,31.427
2025-11-05 15:00:00,7.9886,1.55602,1.58336,6.40524,,,0.219402,29.5824
2025-11-05 16:00:00,10.2693,1.99404,2.0145,8.25479,,,0.229437,34.5135
2025-11-05 17:00:00,12.9726,1.91562,1.99765,10.9749,,,0.295857,45.8244
2025-11-05 18:00:00,13.0348,1.77877,1.87983,11.155,,,0.274798,44.6684
2025-11-05 19:00:00,17.4664,2.13787,2.61491,14.8515,,,0.313301,53.9487
2025-11-05 20:00:00,14.4062,1.9627,2.51484,11.8914,,,0.30018,51.9461
2025-11-05 21:00:00,11.6981,1.88376,1.6161,10.082,,,0.259196,42.447
2025-11-05 22:00:00,7.905,1.5476,1.7996,6.1054,,,0.2044,31.271
2025-11-05 23:00:00,8.2204,2.03073,0.940956,7.27944,,,0.177444,29.53
2025-11-06 00:00:00,5.25828,1.97978,0.525545,4.73274,,,0.133849,18.0928
2025-11-06 01:00:00,8.79972,4.82441,0.494895,8.30482,,,0.139082,19.5584
2025-11-06 02:00:00,3.07346,1.44023,0.520228,2.55323,,,0.100141,7.5216
2025-11-06 03:00:00,1.51693,1.13204,0.367994,1.14894,,,0.081606,5.8936
2025-11-06 04:00:00,0.770808,0.760165,0.118941,0.651867,,,0.076449,4.3626
2025-11-06 05:00:00,0.6568,0.668839,0.046917,0.609883,,,0.069626,2.6499
2025-11-06 06:00:00,1.08845,0.746532,0.064405,1.02404,,,0.075417,3.5638
2025-11-06 07:00:00,2.74156,1.09052,0.212904,2.52865,,,0.099506,8.1035
2025-11-06 08:00:00,4.46361,1.06836,0.452564,4.01105,,,0.150709,16.9751
2025-11-06 09:00:00,5.08903,1.29492,0.402675,4.68635,,,0.16013,19.7717
2025-11-06 10:00:00,6.58784,1.50202,0.803289,5.78455,,,0.176767,23.0233
2025-11-06 11:00:00,8.50645,1.63838,0.993261,7.51319,,,0.232728,34.5476
2025-11-06 12:00:00,11.8852,1.82457,1.09922,10.786,,,0.252994,37.6145
2025-11-06 13:00:00,10.4501,1.79616,1.07748,9.37259,,,0.225419,33.4904
2025-11-06 14:00:00,15.7628,2.91149,1.66609,14.0967,,,0.248293,41.9749
2025-11-06 15:00:00,12.9705,2.27713,1.00696,11.9636,,,0.270569,41.3091
2025-11-06 16:00:00,11.5817,2.22297,1.99876,9.58294,,,0.246733,39.1207
2025-11-06 17:00:00,16.0997,2.29733,1.15166,14.9481,,,0.300572,46.0777
2025-11-06 18:00:00,16.5206,1.97662,2.83886,13.6817,,,0.308746,50.1807
2025-11-06 19:00:00,13.9205,1.68366,2.93278,10.9877,,,0.289408,47.0495
2025-11-06 20:00:00,15.7172,2.21244,2.84194,12.8752,,,0.295689,52.1891
2025-11-06 21:00:00,14.4354,2.42205,2.85353,11.5819,,,0.243514,37.7742
2025-11-06 22:00:00,9.79651,2.16258,1.35403,8.44248,,,0.231061,34.3035
2025-11-06 23:00:00,7.90069,1.95368,1.2739,6.6268,,,0.175283,26.9189
2025-11-07 00:00:00,6.60458,2.16402,0.635142,5.96944,,,0.127042,15.6271
2025-11-07 01:00:00,4.05464,1.54522,0.192478,3.86217,,,0.103028,8.6236
2025-11-07 02:00:00,2.60593,1.19978,0.297619,2.30831,,,0.098497,10.6364
2025-11-07 03:00:00,1.55332,0.879568,0.104378,1.44894,,,0.078837,4.0784
2025-11-07 04:00:00,2.38099,2.09964,0.218801,2.16219,,,0.077697,5.1178
2025-11-07 05:00:00,1.93065,1.87807,0.109506,1.82115,,,0.070365,3.1371
2025-11-07 06:00:00,0.445639,0.421208,0.059319,0.38632,,,0.07547,2.5596
2025-11-07 07:00:00,1.71512,0.936201,0.139819,1.5753,,,0.093572,5.9264
2025-11-07 08:00:00,4.46936,1.02981,0.382006,4.08736,,,0.14865,17.892
2025-11-07 09:00:00,4.26966,1.13736,0.628291,3.64137,,,0.156689,18.4407
2025-11-07 10:00:00,6.99961,1.60763,0.568554,6.43105,,,0.184948,17.0403
2025-11-07 11:00:00,6.85897,1.46747,0.772695,6.08627,,,0.214082,29.4074
2025-11-07 12:00:00,9.12107,1.41984,1.37287,7.7482,,,0.232276,34.5868
2025-11-07 13:00:00,12.0836,1.76506,1.28886,10.7948,,,0.251156,39.8314
2025-11-07 14:00:00,16.1271,1.9861,1.47351,14.6536,,,0.344303,51.7136
2025-11-07 15:00:00,11.025,1.89499,1.26323,9.7618,,,0.336724,55.2754
2025-11-07 16:00:00,13.3123,1.52594,1.40017,11.9121,,,0.307791,52.6928
2025-11-07 17:00:00,19.2461,2.81871,3.62749,15.6186,,,0.352708,58.2725
2025-11-07 18:00:00,18.5778,2.40023,2.73805,15.8397,,,0.310906,53.3547
2025-11-07 19:00:00,17.8757,2.21508,2.15438,15.7213,,,0.324467,58.9025
2025-11-07 20:00:00,14.1182,2.04316,1.65069,12.4675,,,0.294513,50.295
2025-11-07 21:00:00,9.4596,1.37855,1.97878,7.48082,,,0.23093,35.9088
2025-11-07 22:00:00,9.78917,1.43747,1.31188,8.47729,,,0.228744,37.2647
2025-11-07 23:00:00,11.2152,2.30385,1.60764,9.60751,,,0.202129,32.5505
2025-11-08 00:00:00,7.22085,1.6118,1.06615,6.1547,,,0.160307,22.4175
2025-11-08 01:00:00,3.12907,1.68411,0.455588,2.67348,,,0.127843,11.9265
2025-11-08 02:00:00,2.61405,1.08377,0.21525,2.3988,,,0.096377,9.9723
2025-11-08 03:00:00,3.24058,1.61705,0.394241,2.84634,,,0.100722,11.793
2025-11-08 04:00:00,1.93808,1.20527,0.160263,1.77781,,,0.08394,6.6599
2025-11-08 05:00:00,0.943165,0.645118,0.131176,0.811989,,,0.080836,6.0467
2025-11-08 06:00:00,1.86057,1.25714,0.180412,1.68015,,,0.080851,3.4942
2025-11-08 07:00:00,3.16618,1.09254,0.245261,2.92092,,,0.105206,9.3901
2025-11-08 08:00:00,5.65495,1.46425,0.617197,5.03775,,,0.148235,19.221
2025-11-08 09:00:00,6.43343,1.45487,0.534212,5.89921,,,0.169321,21.6802
2025-11-08 10:00:00,11.6185,2.24729,1.11758,10.5009,,,0.223867,32.0296
2025-11-08 11:00:00,13.7726,1.95912,2.0098,11.7628,,,0.266218,41.1702
2025-11-08 12:00:00,15.5698,1.49279,1.75647,13.8134,,,0.35089,61.9665
2025-11-08 13:00:00,19.8853,1.69496,2.45279,17.4325,,,0.39374,54.2885
2025-11-08 14:00:00,19.3932,1.60806,3.1616,16.2316,,,0.372609,44.2555
2025-11-08 15:00:00,18.1251,1.75596,2.33163,15.7934,,,0.36219,56.3576
2025-11-08 16:00:00,19.8847,1.93695,2.83855,17.0462,,,0.378959,64.4093
2025-11-08 17:00:00,27.4161,2.35939,6.17901,21.2371,,,0.398544,75.4999
2025-11-08 18:00:00,29.0333,2.17576,5.06281,23.9705,,,0.407016,88.9839
2025-11-08 19:00:00,19.056,1.9879,3.40133,15.6547,,,0.398899,86.2103
2025-11-08 20:00:00,22.8125,1.98404,3.19696,19.6155,,,0.394636,79.5145
2025-11-08 21:00:00,14.1109,1.44995,1.80922,12.3017,,,0.350244,62.2707
2025-11-08 22:00:00,16.0659,1.90354,2.3589,13.707,,,0.298879,53.1799
2025-11-08 23:00:00,12.5737,2.35463,2.16259,10.4111,,,0.258085,33.7167
2025-11-09 00:00:00,10.5025,4.25547,0.740052,9.76246,,,0.219029,36.9907
2025-11-09 01:00:00,9.89487,2.41221,0.902207,8.99266,,,0.162642,24.4441
2025-11-09 02:00:00,4.02627,1.49898,0.455057,3.57121,,,0.131038,15.7919
2025-11-09 03:00:00,2.11088,0.962115,0.206914,1.90397,,,0.095214,11.1213
2025-11-09 04:00:00,0.655495,0.663456,0.145762,0.509733,,,0.083108,4.892
2025-11-09 05:00:00,1.1625,0.6487,0.1243,1.0382,,,0.0787,4.9681
2025-11-09 06:00:00,2.1652,1.1666,0.1155,2.0497,,,0.0802,4.8833
2025-11-09 07:00:00,2.8069,1.1059,0.1868,2.6201,,,0.0997,8.2913
2025-11-09 08:00:00,5.2757,1.3033,0.444,4.8317,,,0.1505,21.1728
2025-11-09 09:00:00,6.2006,1.2961,0.7485,5.4521,,,0.188,25.3789
2025-11-09 10:00:00,6.5403,1.2031,0.7678,5.7725,,,0.2209,30.5436
2025-11-09 11:00:00,11.2501,1.6136,1.6826,9.5675,,,0.2905,47.0544
2025-11-09 12:00:00,17.8632,1.8033,2.9006,14.9626,,,0.3407,57.5893
2025-11-09 13:00:00,19.1848,1.8219,3.3865,15.7983,,,0.3453,45.8166
2025-11-09 14:00:00,19.6235,1.8898,2.2536,17.3699,,,0.3832,62.4926
2025-11-09 15:00:00,22.9824,2.401,3.0339,19.9485,,,0.3985,73.2225
2025-11-09 16:00:00,20.414,2.1662,2.3347,18.0793,,,0.3827,64.6534
2025-11-09 17:00:00,20.7497,2.3425,3.9347,16.815,,,0.361,62.2352
2025-11-09 18:00:00,22.2663,2.2204,3.4824,18.7839,,,0.3678,69.2948
2025-11-09 19:00:00,19.5918,2.0357,2.8368,16.7549,,,0.3431,61.6579
2025-11-09 20:00:00,13.281,1.7544,4.3507,8.9303,,,0.2749,43.544
2025-11-09 21:00:00,8.052,1.5164,1.3054,6.7466,,,0.2074,31.2498
2025-11-09 22:00:00,10.1401,2.1116,2.156,7.9841,,,0.1954,27.1255
2025-11-09 23:00:00,5.6985,1.6508,1.426,4.2724,,,0.1426,18.0519
2025-11-10 00:00:00,3.9784,1.6815,0.3793,3.5991,,,0.121,15.4397
2025-11-10 01:00:00,3.1106,1.3899,0.2365,2.874,,,0.0963,8.6495
2025-11-10 02:00:00,4.3623,2.4842,0.1953,4.167,,,0.0987,10.0703
2025-11-10 03:00:00,1.2176,0.8397,0.1044,1.1132,,,0.0761,4.85
2025-11-10 04:00:00,2.1137,2.3228,1.4896,0.6241,,,0.0819,5.4116
2025-11-10 05:00:00,0.762,0.6425,0.0725,0.6895,,,0.0715,4.1628
2025-11-10 06:00:00,0.4316,0.2881,0.0362,0.3954,,,0.0706,2.7844
2025-11-10 07:00:00,3.009,1.1875,0.3528,2.6562,,,0.1133,10.8073
2025-11-10 08:00:00,4.35582,1.58392,0.669813,3.68601,,,0.144943,15.446
2025-11-10 09:00:00,5.70265,1.98034,0.986825,4.71582,,,0.176587,20.0847
2025-11-10 10:00:00,7.04947,2.37676,1.30384,5.74563,,,0.20823,24.7234
2025-11-10 11:00:00,8.80217,1.95084,1.82722,6.97495,,,0.21768,33.2719
2025-11-10 12:00:00,9.36235,1.70163,1.56375,7.79861,,,0.229844,35.3294
2025-11-10 13:00:00,7.61146,1.34336,0.875083,6.73637,,,0.212614,32.1904
2025-11-10 14:00:00,11.2618,2.67502,1.34145,9.92039,,,0.216854,32.2437
2025-11-10 15:00:00,9.26777,1.98453,0.848931,8.41884,,,0.222463,33.4085
2025-11-10 16:00:00,17.0809,3.42715,1.69604,15.3849,,,0.24799,39.0449
2025-11-10 17:00:00,14.6821,2.72699,1.50066,13.1815,,,0.261036,43.2578
2025-11-10 18:00:00,19.7292,3.28929,2.04888,17.6803,,,0.293361,48.5307
2025-11-10 19:00:00,15.3076,2.20253,1.78054,13.5271,,,0.285135,47.5925
2025-11-10 20:00:00,13.8474,1.95862,2.03452,11.8129,,,0.282655,49.3269
2025-11-10 21:00:00,9.89954,1.75773,1.7774,8.12214,,,0.241016,40.8107
2025-11-10 22:00:00,10.0979,1.90025,2.11426,7.98365,,,0.230555,40.4776
2025-11-10 23:00:00,10.1902,2.40676,1.89782,8.2924,,,0.198467,31.4572
2025-11-11 00:00:00,6.41979,2.23219,0.796751,5.62304,,,0.149847,20.8728
2025-11-11 01:00:00,6.1922,2.53363,0.462726,5.72948,,,0.111313,12.877
2025-11-11 02:00:00,1.22814,0.686877,0.149104,1.07903,,,0.083711,5.9051
2025-11-11 03:00:00,2.13557,1.64022,0.244147,1.89142,,,0.082246,6.418
2025-11-11 04:00:00,1.30295,0.813325,0.106705,1.19624,,,0.072104,4.3414
2025-11-11 05:00:00,1.39059,0.887988,0.331398,1.05919,,,0.072083,3.6582
2025-11-11 06:00:00,1.03268,0.479426,0.15084,0.881844,,,0.075413,3.5738
2025-11-11 07:00:00,2.562,0.92491,0.255747,2.30625,,,0.105392,10.2362
2025-11-11 08:00:00,4.64346,1.07587,0.429369,4.21409,,,0.150997,17.674
2025-11-11 09:00:00,7.00678,1.48135,0.614991,6.39179,,,0.1888,25.2222
2025-11-11 10:00:00,8.51752,1.69672,0.740556,7.77697,,,0.206607,28.5261
2025-11-11 11:00:00,10.9207,2.05198,1.51294,9.40771,,,0.263453,37.2853
2025-11-11 12:00:00,12.1363,1.78633,1.29653,10.8398,,,0.264538,42.8369
2025-11-11 13:00:00,9.16418,1.40987,1.27013,7.89405,,,0.22521,33.7369
2025-11-11 14:00:00,11.8456,1.85959,1.95296,9.8926,,,0.250034,38.6565
2025-11-11 15:00:00,10.368,1.68915,1.42271,8.94531,,,0.256434,40.6976
2025-11-11 16:00:00,15.829,2.56547,1.7701,14.0589,,,0.293562,49.9295
2025-11-11 17:00:00,12.7585,1.6097,1.60047,11.158,,,0.307218,50.2464
2025-11-11 18:00:00,12.7625,1.61714,1.76534,10.9971,,,0.306204,51.8711
2025-11-11 19:00:00,12.964,1.76959,1.58801,11.376,,,0.292738,51.1007
2025-11-11 20:00:00,12.9257,2.13085,1.78209,11.1436,,,0.270451,48.0871
2025-11-11 21:00:00,8.78072,1.56463,1.45772,7.323,,,0.203259,31.6893
2025-11-11 22:00:00,12.9191,2.59316,2.09473,10.8244,,,0.243231,44.8585
2025-11-11 23:00:00,11.3887,3.07471,1.17792,10.2108,,,0.211018,40.7083
2025-11-12 00:00:00,9.09893,3.61069,0.789397,8.30953,,,0.153563,24.5379
2025-11-12 01:00:00,4.38737,1.87655,0.473028,3.91434,,,0.119247,15.4838
2025-11-12 02:00:00,2.51637,1.3811,0.620018,1.89635,,,0.095194,9.6581
2025-11-12 03:00:00,2.52069,1.65399,1.11127,1.40942,,,0.100533,11.9439
2025-11-12 04:00:00,1.94062,1.52086,0.258152,1.68247,,,0.0957,8.7232
2025-11-12 05:00:00,0.611965,0.552315,0.050734,0.561231,,,0.069003,3.2766
2025-11-12 06:00:00,1.00904,0.799554,0.058311,0.950726,,,0.073415,3.4858
2025-11-12 07:00:00,8.7717,3.47532,0.514756,8.25694,,,0.12516,14.126
2025-11-12 08:00:00,8.42784,1.90762,1.85131,6.57653,,,0.175456,22.6631
2025-11-12 09:00:00,7.56613,1.74335,1.06499,6.50114,,,0.186452,25.355
2025-11-12 10:00:00,11.6983,2.45866,2.03462,9.66371,,,0.226456,35.1472
2025-11-12 11:00:00,9.30017,1.84016,1.52128,7.77889,,,0.227427,34.3966
2025-11-12 12:00:00,14.5482,2.23406,1.78019,12.768,,,0.280641,45.519
2025-11-12 13:00:00,12.5132,2.25382,1.26543,11.2478,,,0.226613,35.8978
2025-11-12 14:00:00,10.8291,2.27694,2.42607,8.40304,,,0.234555,35.002
2025-11-12 15:00:00,9.38423,2.31481,1.13674,8.24749,,,0.22169,35.0275
2025-11-12 16:00:00,10.113,1.74002,1.01146,9.10151,,,0.240488,34.4353
2025-11-12 17:00:00,15.8018,2.18862,2.45711,13.3447,,,0.305363,54.2886
2025-11-12 18:00:00,15.2907,1.91805,1.67183,13.6189,,,0.297124,49.3282
2025-11-12 19:00:00,13.1815,1.90871,1.63866,11.5429,,,0.286635,46.7232
2025-11-12 20:00:00,10.8813,2.06086,1.20452,9.67681,,,0.236825,40.4652
2025-11-12 21:00:00,11.81,2.49262,1.98781,9.82222,,,0.239764,42.6816
2025-11-12 22:00:00,8.55089,1.82711,0.962771,7.58812,,,0.207848,35.2748
2025-11-12 23:00:00,8.60319,2.49512,0.893962,7.70923,,,0.18684,32.7342
2025-11-13 00:00:00,4.28988,1.59831,0.575898,3.71398,,,0.128259,16.2327
2025-11-13 01:00:00,3.23906,1.49128,0.668114,2.57095,,,0.113446,11.9818
2025-11-13 02:00:00,2.17181,1.59692,0.57059,1.60122,,,0.094579,9.6682
2025-11-13 03:00:00,2.34003,1.84545,0.196841,2.14319,,,0.082916,7.9925
2025-11-13 04:00:00,0.567779,0.49631,0.058408,0.509371,,,0.072331,5.5422
2025-11-13 05:00:00,0.659691,0.613095,0.064505,0.595186,,,0.073215,5.5977
2025-11-13 06:00:00,0.525043,0.412769,0.068517,0.456526,,,0.078227,5.8249
2025-11-13 07:00:00,2.74648,1.3141,0.208196,2.53828,,,0.108509,11.0236
2025-11-13 08:00:00,3.62638,0.975883,0.726455,2.89993,,,0.155436,18.8656
2025-11-13 09:00:00,6.73527,1.51969,1.48937,5.2459,,,0.206001,30.6659
2025-11-13 10:00:00,7.53871,1.60262,1.35489,6.18382,,,0.205122,30.4916
2025-11-13 11:00:00,9.75385,1.62078,0.934753,8.81909,,,0.241856,35.8006
2025-11-13 12:00:00,10.3566,1.68949,1.0432,9.31337,,,0.273222,42.8161
2025-11-13 13:00:00,14.9898,2.48587,3.22585,11.764,,,0.282043,49.7166
2025-11-13 14:00:00,17.7116,2.70241,2.31369,15.3979,,,0.292328,51.392
2025-11-13 15:00:00,11.7686,2.07486,2.56348,9.20515,,,0.264164,47.8496
2025-11-13 16:00:00,13.6821,2.05005,2.31497,11.3671,,,0.294602,50.6013
2025-11-13 17:00:00,15.102,2.24465,1.48023,13.6218,,,0.316323,57.9843
2025-11-13 18:00:00,13.1461,2.01134,1.4416,11.7045,,,0.28305,46.755
2025-11-13 19:00:00,13.3807,1.70455,1.75236,11.6283,,,0.286917,53.5494
2025-11-13 20:00:00,14.0228,1.89344,2.17163,11.8512,,,0.295353,51.7442
2025-11-13 21:00:00,9.42416,2.00599,1.15256,8.2716,,,0.220095,34.0256
2025-11-13 22:00:00,16.2613,3.45397,1.82757,14.4337,,,0.22308,36.7906
2025-11-13 23:00:00,8.56506,2.37128,1.11821,7.44685,,,0.172301,29.8042
2025-11-14 00:00:00,6.48388,2.29599,0.495485,5.9884,,,0.140142,19.9783
2025-11-14 01:00:00,5.09199,1.96754,0.402535,4.68946,,,0.122241,15.2053
2025-11-14 02:00:00,3.00102,1.91881,0.451062,2.54996,,,0.102155,9.5837
2025-11-14 03:00:00,0.89618,0.73098,0.336759,0.559421,,,0.075506,3.9386
2025-11-14 04:00:00,0.692998,0.743561,0.055859,0.637139,,,0.069439,3.7598
2025-11-14 05:00:00,0.497131,0.508313,0.034872,0.462259,,,0.066293,2.5935
2025-11-14 06:00:00,2.2533,1.76868,0.101158,2.15214,,,0.084916,7.4103
2025-11-14 07:00:00,3.04338,1.41028,0.529105,2.51428,,,0.108084,11.0296
2025-11-14 08:00:00,5.14336,1.41146,0.78838,4.35498,,,0.161917,20.902
2025-11-14 09:00:00,5.41884,1.31334,0.688759,4.73008,,,0.188595,25.7577
2025-11-14 10:00:00,7.84179,1.72347,0.713196,7.12859,,,0.206843,31.7138
2025-11-14 11:00:00,12.1435,2.0751,1.2433,10.9002,,,0.254454,41.3427
2025-11-14 12:00:00,10.1164,1.32033,1.44436,8.67204,,,0.282975,47.6729
2025-11-14 13:00:00,12.2736,1.6317,1.76521,10.5084,,,0.285288,46.4166
2025-11-14 14:00:00,15.7851,1.75234,1.6777,14.1074,,,0.308327,55.593
2025-11-14 15:00:00,12.4022,1.74189,1.60774,10.7945,,,0.297767,53.6475
2025-11-14 16:00:00,16.3934,1.95392,2.09938,14.294,,,0.333175,58.7028
2025-11-14 17:00:00,18.1253,1.93813,2.74589,15.3794,,,0.349131,65.6571
2025-11-14 18:00:00,21.7363,1.86706,3.23488,18.5015,,,0.38002,76.0889
2025-11-14 19:00:00,20.3409,1.65212,3.81679,16.5241,,,0.374009,74.3204
2025-11-14 20:00:00,16.5553,1.56892,2.93443,13.6208,,,0.362486,67.6878
2025-11-14 21:00:00,14.4493,1.63379,3.1864,11.2629,,,0.303105,53.0002
2025-11-14 22:00:00,14.0784,1.73979,1.77729,12.3011,,,0.279809,37.1899
2025-11-14 23:00:00,15.1021,2.70743,2.61207,12.49,,,0.250527,42.0732
2025-11-15 00:00:00,9.42464,2.075,1.83784,7.58679,,,0.186258,31.3542
2025-11-15 01:00:00,7.8284,1.90194,0.758331,7.07007,,,0.157779,26.4552
2025-11-15 02:00:00,4.83604,1.37231,0.535463,4.30057,,,0.122657,15.5193
2025-11-15 03:00:00,1.94331,0.785492,0.274544,1.66876,,,0.087089,6.7962
2025-11-15 04:00:00,2.87519,1.3998,0.269075,2.60611,,,0.079199,4.9217
2025-11-15 05:00:00,0.610153,0.290272,0.074936,0.535217,,,0.071841,3.4939
2025-11-15 06:00:00,0.752116,0.369046,0.162815,0.589301,,,0.074289,3.0719
2025-11-15 07:00:00,3.34684,1.19274,0.469331,2.87751,,,0.103671,9.3382
2025-11-15 08:00:00,5.91571,1.31227,0.690851,5.22486,,,0.159111,20.5356
2025-11-15 09:00:00,10.9316,2.083,0.839701,10.0919,,,0.229649,35.3313
2025-11-15 10:00:00,12.8233,1.90993,1.37411,11.4492,,,0.265289,41.9224
2025-11-15 11:00:00,19.3808,2.10067,2.24519,17.1356,,,0.340455,57.3995
2025-11-15 12:00:00,24.1414,2.04207,2.67898,21.4624,,,0.388022,74.3105
2025-11-15 13:00:00,31.0021,2.10956,3.27952,27.7226,,,0.404444,97.825
2025-11-15 14:00:00,31.4993,2.18412,4.73431,26.765,,,0.409127,110.837
2025-11-15 15:00:00,28.7923,2.08791,3.84732,24.945,,,0.405425,97.049
2025-11-15 16:00:00,28.1668,2.33053,3.43838,24.7285,,,0.404084,93.1334
2025-11-15 17:00:00,32.467,2.17637,4.49336,27.9737,,,0.411379,110.442
2025-11-15 18:00:00,32.7967,1.93058,5.16456,27.6321,,,0.415245,112.034
2025-11-15 19:00:00,31.4583,2.13624,5.35526,26.103,,,0.40981,100.095
2025-11-15 20:00:00,28.4321,2.37528,4.59543,23.8367,,,0.40466,96.0847
2025-11-15 21:00:00,19.2577,2.14977,2.92656,16.3311,,,0.352465,61.9069
2025-11-15 22:00:00,18.6423,2.65257,1.88392,16.7583,,,0.330736,60.8386
2025-11-15 23:00:00,17.3672,2.99435,2.52048,14.8467,,,0.278451,52.1359
2025-11-16 00:00:00,13.3534,3.32669,1.01902,12.3343,,,0.199532,33.924
2025-11-16 01:00:00,8.59963,2.33813,0.607333,7.9923,,,0.176999,26.0575
2025-11-16 02:00:00,5.3124,1.99115,1.37611,3.93629,,,0.118085,11.9172
2025-11-16 03:00:00,3.09215,1.7046,0.357916,2.73423,,,0.09547,8.9617
2025-11-16 04:00:00,1.35081,0.726243,0.188045,1.16277,,,0.085888,5.5646
2025-11-16 05:00:00,0.682003,0.331714,0.063036,0.618967,,,0.070055,3.0655
2025-11-16 06:00:00,1.0175,0.681971,0.075895,0.941606,,,0.076619,4.2034
2025-11-16 07:00:00,3.31999,1.42245,0.210699,3.10929,,,0.102657,9.5186
2025-11-16 08:00:00,8.3626,1.65465,0.639574,7.72302,,,0.190807,27.6215
2025-11-16 09:00:00,13.6111,1.8071,1.20432,12.4067,,,0.261625,44.9399
2025-11-16 10:00:00,12.7457,1.62325,1.14624,11.5995,,,0.300809,48.1295
2025-11-16 11:00:00,21.3013,2.49313,2.90825,18.3931,,,0.34957,62.8963
2025-11-16 12:00:00,20.4937,2.54264,4.59403,15.8997,,,0.33803,61.8037
2025-11-16 13:00:00,18.6345,2.16277,2.15506,16.4794,,,0.347353,63.7786
2025-11-16 14:00:00,28.076,2.75039,2.26788,25.8081,,,0.360421,65.3287
2025-11-16 15:00:00,17.0695,1.86837,2.06488,15.0046,,,0.332306,54.7912
2025-11-16 16:00:00,19.9818,2.11627,2.05442,17.9274,,,0.335137,59.4734
2025-11-16 17:00:00,15.8025,1.8193,2.56171,13.2408,,,0.321722,53.9442
2025-11-16 18:00:00,16.9984,1.80642,2.68271,14.3157,,,0.356462,64.884
2025-11-16 19:00:00,19.1339,2.28219,2.7017,16.4322,,,0.343935,62.6445
2025-11-16 20:00:00,12.0396,1.95322,2.81768,9.22195,,,0.265879,46.0454
2025-11-16 21:00:00,5.78437,1.1829,0.86328,4.9211,,,0.176367,24.6739
2025-11-16 22:00:00,8.43085,1.91436,1.51057,6.92028,,,0.186402,27.2827
2025-11-16 23:00:00,8.34796,2.26109,1.38247,6.96549,,,0.168738,23.6047
2025-11-17 00:00:00,5.47297,2.39412,0.341945,5.13102,,,0.113519,12.6521
2025-11-17 01:00:00,5.44056,2.48882,0.243073,5.19749,,,0.102766,7.5253
2025-11-17 02:00:00,3.33894,1.54295,0.316789,3.02215,,,0.095562,9.0824
2025-11-17 03:00:00,2.60133,1.87416,0.462665,2.13867,,,0.079939,5.1294
2025-11-17 04:00:00,1.35731,1.11073,0.46384,0.893467,,,0.071258,3.2551
2025-11-17 05:00:00,0.220963,0.285481,0.022981,0.197982,,,0.06187,0.7968
2025-11-17 06:00:00,0.283035,0.337751,0.019552,0.263483,,,0.066256,1.4074
2025-11-17 07:00:00,1.85452,1.19032,0.146842,1.70768,,,0.089883,5.9094
2025-11-17 08:00:00,3.0763,1.01595,0.4264,2.6499,,,0.124432,12.303
2025-11-17 09:00:00,3.36093,1.25128,1.23325,2.12768,,,0.14958,14.7644
2025-11-17 10:00:00,5.57445,1.7312,1.42654,4.14792,,,0.159873,19.3022
2025-11-17 11:00:00,6.68469,1.60227,1.7827,4.90199,,,0.191213,27.1902
2025-11-17 12:00:00,8.45372,1.91001,2.00479,6.44892,,,0.213175,23.2273
2025-11-17 13:00:00,8.62084,1.9039,2.16971,6.45113,,,0.21074,28.4855
2025-11-17 14:00:00,8.95638,2.06273,1.92631,7.03007,,,0.198042,28.1513
2025-11-17 15:00:00,9.60076,2.06113,2.05488,7.54588,,,0.225572,38.0683
2025-11-17 16:00:00,9.3874,1.96554,1.92683,7.46057,,,0.22517,37.3268
2025-11-17 17:00:00,11.2037,1.75222,1.39299,9.81068,,,0.263038,42.793
2025-11-17 18:00:00,13.867,1.98157,1.36726,12.4998,,,0.277163,35.1778
2025-11-17 19:00:00,9.34978,1.61537,0.889148,8.46063,,,0.22246,34.1305
2025-11-17 20:00:00,7.82808,1.62206,1.28907,6.53901,,,0.197535,25.3503
2025-11-17 21:00:00,6.55621,1.44985,0.958768,5.59744,,,0.179084,24.8124
2025-11-17 22:00:00,4.69784,1.31962,0.622132,4.07571,,,0.147606,19.7439
2025-11-17 23:00:00,6.13823,2.53019,0.361694,5.77654,,,0.131291,15.6085
2025-11-18 00:00:00,3.57893,2.0451,0.481504,3.09742,,,0.103496,10.2889
2025-11-18 01:00:00,5.28927,2.97819,0.669951,4.61932,,,0.118604,15.4173
2025-11-18 02:00:00,2.28131,2.36651,0.14853,2.13278,,,0.085568,7.8567
2025-11-18 03:00:00,1.54767,1.3893,0.168379,1.3793,,,0.080749,7.4639
2025-11-18 04:00:00,0.761061,0.746139,0.093854,0.667207,,,0.0694,3.1978
2025-11-18 05:00:00,0.285367,0.383558,0.028395,0.256972,,,0.064423,1.4054
2025-11-18 06:00:00,0.437216,0.575283,0.048215,0.389001,,,0.068832,2.609
2025-11-18 07:00:00,1.48594,0.816451,0.138922,1.34702,,,0.100756,6.7768
2025-11-18 08:00:00,3.75239,1.16245,0.465626,3.28677,,,0.137451,15.4767
2025-11-18 09:00:00,4.1818,1.28829,0.579084,3.60272,,,0.160171,20.6498
2025-11-18 10:00:00,6.00017,1.91576,1.25125,4.74892,,,0.165575,21.4248
2025-11-18 11:00:00,9.76253,1.92707,1.59788,8.16465,,,0.224357,33.4973
2025-11-18 12:00:00,10.9716,1.6187,1.09894,9.87262,,,0.233225,37.786
2025-11-18 13:00:00,10.0783,1.92408,1.85488,8.22345,,,0.227368,33.7819
2025-11-18 14:00:00,8.32934,1.56332,1.92235,6.407,,,0.221815,33.5477
2025-11-18 15:00:00,12.4521,2.36731,1.86771,10.5844,,,0.247406,40.4796
2025-11-18 16:00:00,13.3355,2.48056,1.93695,11.3985,,,0.238799,37.3883
2025-11-18 17:00:00,13.268,2.30587,2.79694,10.471,,,0.267739,44.787
2025-11-18 18:00:00,11.5284,1.60607,1.764,9.76438,,,0.262118,38.6849
2025-11-18 19:00:00,12.3451,1.77016,2.01872,10.3264,,,0.254176,42.1214
2025-11-18 20:00:00,11.783,2.02248,2.27917,9.50378,,,0.255243,46.2425
2025-11-18 21:00:00,11.6354,2.34302,2.91917,8.71628,,,0.247437,41.2183
2025-11-18 22:00:00,9.8048,2.06852,1.62471,8.18009,,,0.233943,37.1174
2025-11-18 23:00:00,5.46839,1.78589,1.02944,4.43894,,,0.152366,19.7988
2025-11-19 00:00:00,7.60874,2.73499,1.49612,6.11262,,,0.157544,18.1992
2025-11-19 01:00:00,5.00164,2.72124,0.438215,4.56342,,,0.108049,11.686
2025-11-19 02:00:00,3.82691,2.17934,0.284908,3.542,,,0.095848,7.9927
2025-11-19 03:00:00,2.30589,1.60131,0.464525,1.84137,,,0.089943,4.4303
2025-11-19 04:00:00,0.951128,0.707684,0.056222,0.894906,,,0.070049,3.0927
2025-11-19 05:00:00,0.677386,0.634256,0.032697,0.644689,,,0.065275,2.5571
2025-11-19 06:00:00,1.47039,1.20721,0.075247,1.39514,,,0.075181,4.8793
2025-11-19 07:00:00,2.071,1.12554,0.18903,1.88197,,,0.097708,7.6825
2025-11-19 08:00:00,4.53924,1.27578,0.430222,4.10901,,,0.152069,20.7926
2025-11-19 09:00:00,5.3274,1.74898,1.40821,3.91919,,,0.186242,27.7163
2025-11-19 10:00:00,5.23854,1.46574,1.67822,3.56032,,,0.199559,29.6359
2025-11-19 11:00:00,9.32148,2.13014,2.18386,7.13762,,,0.238122,39.0536
2025-11-19 12:00:00,10.5583,2.47383,1.27117,9.28713,,,0.261019,45.3101
2025-11-19 13:00:00,10.2695,1.86719,2.33852,7.93102,,,0.23284,36.7999
2025-11-19 14:00:00,11.2353,1.73385,1.91892,9.31639,,,0.231933,37.292
2025-11-19 15:00:00,9.50088,1.66682,1.90331,7.59757,,,0.219854,31.907
2025-11-19 16:00:00,19.1771,3.12432,1.40715,17.7699,,,0.261098,42.0644
2025-11-19 17:00:00,11.9915,1.74093,1.28425,10.7073,,,0.279981,46.157
2025-11-19 18:00:00,13.509,1.94879,2.18288,11.3261,,,0.252926,42.1755
2025-11-19 19:00:00,11.0375,1.69861,1.43295,9.6046,,,0.254562,38.372
2025-11-19 20:00:00,8.93331,1.509,1.18041,7.7529,,,0.227663,34.6798
2025-11-19 21:00:00,7.30095,1.60461,1.14827,6.15268,,,0.191133,27.5466
2025-11-19 22:00:00,10.2596,2.68575,2.44462,7.81497,,,0.227716,31.0284
2025-11-19 23:00:00,9.04948,3.07387,1.69703,7.35246,,,0.192752,29.224
2025-11-20 00:00:00,4.60032,2.35914,0.372174,4.22815,,,0.139924,18.9617
2025-11-20 01:00:00,2.66223,1.22233,0.254283,2.40795,,,0.094235,7.7554
2025-11-20 02:00:00,1.90199,1.34132,0.134927,1.76706,,,0.08189,4.4056
2025-11-20 03:00:00,1.056,0.879999,0.225584,0.830415,,,0.075861,4.2116
2025-11-20 04:00:00,0.649833,0.633365,0.048465,0.601368,,,0.067855,2.4726
2025-11-20 05:00:00,0.171983,0.206711,0.015403,0.15658,,,0.062346,1.0169
2025-11-20 06:00:00,0.564364,0.631278,0.047387,0.516977,,,0.068608,2.6012
2025-11-20 07:00:00,1.48661,0.789908,0.174952,1.31166,,,0.093986,6.5365
2025-11-20 08:00:00,8.08799,2.05175,0.530522,7.55746,,,0.196982,20.3902
2025-11-20 09:00:00,4.4122,1.32102,0.49667,3.91553,,,0.164509,17.4968
2025-11-20 10:00:00,5.70787,1.64492,0.543774,5.16409,,,0.176192,22.6752
2025-11-20 11:00:00,5.73538,1.23341,0.678061,5.05732,,,0.187764,24.8846
2025-11-20 12:00:00,11.8386,1.9964,1.00476,10.8339,,,0.251788,38.9261
2025-11-20 13:00:00,11.4785,2.20316,1.28953,10.1889,,,0.223649,34.584
2025-11-20 14:00:00,12.6843,1.74956,1.47553,11.2088,,,0.282835,47.3171
2025-11-20 15:00:00,10.066,1.48159,1.87553,8.19042,,,0.254766,41.0982
2025-11-20 16:00:00,13.3552,2.00348,3.04047,10.3147,,,0.274547,44.9537
2025-11-20 17:00:00,15.9798,2.13064,2.66192,13.3179,,,0.327973,56.6757
2025-11-20 18:00:00,19.7789,2.27291,4.22286,15.556,,,0.321041,58.4652
2025-11-20 19:00:00,13.5164,1.70104,3.30009,10.2163,,,0.269221,44.4965
2025-11-20 20:00:00,11.4255,2.13163,2.24911,9.17643,,,0.249467,38.3932
2025-11-20 21:00:00,14.2801,3.0409,2.60765,11.6724,,,0.248588,42.8227
2025-11-20 22:00:00,10.7834,1.95494,2.84544,7.93799,,,0.218897,37.1571
2025-11-20 23:00:00,11.6986,2.7346,3.32974,8.36886,,,0.192195,31.9156
2025-11-21 00:00:00,8.20387,2.51652,0.642319,7.56155,,,0.140366,19.1267
2025-11-21 01:00:00,4.8349,1.48401,0.348445,4.48646,,,0.116387,13.3223
2025-11-21 02:00:00,3.58524,1.38748,0.370512,3.21473,,,0.096539,8.3141
2025-11-21 03:00:00,2.42873,0.999475,0.257227,2.1715,,,0.0844,5.7901
2025-11-21 04:00:00,1.11738,0.501966,0.085813,1.03157,,,0.073922,4.0577
2025-11-21 05:00:00,2.83973,1.37052,1.75206,1.08767,,,0.077023,3.7329
2025-11-21 06:00:00,1.13216,0.538609,0.075535,1.05662,,,0.078313,3.9973
2025-11-21 07:00:00,2.28337,0.674756,0.208533,2.07484,,,0.10236,8.5886
2025-11-21 08:00:00,6.21478,1.03511,0.560581,5.6542,,,0.165376,20.1278
2025-11-21 09:00:00,4.78299,0.969,0.616885,4.1661,,,0.172221,21.4855
2025-11-21 10:00:00,6.20687,1.12893,0.858439,5.34843,,,0.1884,24.7133
2025-11-21 11:00:00,9.12311,1.29516,1.05342,8.06968,,,0.232245,34.9335
2025-11-21 12:00:00,12.0506,1.29049,1.66235,10.3883,,,0.292301,49.6545
2025-11-21 13:00:00,15.3488,1.88745,1.68074,13.668,,,0.296711,51.2527
2025-11-21 14:00:00,20.1437,2.3374,1.5865,18.5572,,,0.317845,56.7184
2025-11-21 15:00:00,22.954,3.07447,2.09247,20.8615,,,0.351191,68.0132
2025-11-21 16:00:00,15.2237,1.81538,2.24085,12.9829,,,0.325083,60.2697
2025-11-21 17:00:00,18.8006,1.83743,2.93835,15.8623,,,0.363652,70.5987
2025-11-21 18:00:00,20.4241,1.71458,3.25386,17.1702,,,0.369235,68.9969
2025-11-21 19:00:00,16.8961,1.62995,4.09171,12.8044,,,0.348297,65.1124
2025-11-21 20:00:00,15.915,1.69887,3.48461,12.4304,,,0.322979,60.6227
2025-11-21 21:00:00,13.5609,1.66678,4.62181,8.93908,,,0.284798,49.8575
2025-11-21 22:00:00,13.7137,1.7875,3.57889,10.1348,,,0.283502,51.4652
2025-11-21 23:00:00,22.2857,3.3432,3.35889,18.9268,,,0.261105,42.6513
2025-11-22 00:00:00,9.3774,2.20853,2.43867,6.93873,,,0.194546,32.9877
2025-11-22 01:00:00,6.71448,1.80886,0.87067,5.84381,,,0.1574,22.7101
2025-11-22 02:00:00,4.28968,1.26839,0.883255,3.40642,,,0.123688,15.3575
2025-11-22 03:00:00,1.95693,0.906825,0.178047,1.77888,,,0.09914,10.3364
2025-11-22 04:00:00,0.861503,0.355406,0.098603,0.7629,,,0.075164,3.6749
2025-11-22 05:00:00,1.77633,0.793715,0.085296,1.69104,,,0.081289,5.0918
2025-11-22 06:00:00,0.975662,0.485887,0.065514,0.910148,,,0.07385,3.8162
2025-11-22 07:00:00,1.59828,0.536697,0.184862,1.41342,,,0.093201,7.6852
2025-11-22 08:00:00,6.10867,1.22664,0.965158,5.14351,,,0.179067,24.6563
2025-11-22 09:00:00,5.07899,0.955415,0.584529,4.49446,,,0.175522,24.006
2025-11-22 10:00:00,8.95411,1.45453,1.07676,7.87735,,,0.238713,35.5552
2025-11-22 11:00:00,19.1627,1.96904,2.08177,17.0809,,,0.338929,57.7002
2025-11-22 12:00:00,20.72,1.5008,2.8405,17.8795,,,0.38062,73.0337
2025-11-22 13:00:00,24.2539,1.67684,3.50253,20.7513,,,0.399654,81.1882
2025-11-22 14:00:00,29.5409,2.11672,5.06008,24.4809,,,0.399277,91.0356
2025-11-22 15:00:00,30.7276,2.18609,5.9768,24.7508,,,0.408273,95.0435
2025-11-22 16:00:00,33.83,2.63104,5.91617,27.9138,,,0.406174,94.4027
2025-11-22 17:00:00,35.4939,2.50982,5.3568,30.1371,,,0.41801,107.14
2025-11-22 18:00:00,39.4148,2.52109,6.09294,33.3219,,,0.422688,123.792
2025-11-22 19:00:00,30.9427,1.96861,6.78504,24.1576,,,0.410949,110.961
2025-11-22 20:00:00,29.0251,2.20321,6.17586,22.8493,,,0.395367,93.1637
2025-11-22 21:00:00,15.8449,1.61848,2.50568,13.3392,,,0.344787,47.9026
2025-11-22 22:00:00,12.8209,1.59821,2.57044,10.2504,,,0.28623,50.5283
2025-11-22 23:00:00,11.9691,2.50399,2.3423,9.62678,,,0.206495,34.1835
2025-11-23 00:00:00,12.3302,2.98697,2.08233,10.2479,,,0.18294,28.3405
2025-11-23 01:00:00,6.02625,1.90343,1.03092,4.99533,,,0.152783,19.85
2025-11-23 02:00:00,3.883,2.03939,0.403479,3.47952,,,0.109071,12.2098
2025-11-23 03:00:00,2.15896,1.56901,0.205565,1.95339,,,0.087701,7.0167
2025-11-23 04:00:00,1.63747,1.45166,0.271151,1.36632,,,0.079848,5.1939
2025-11-23 05:00:00,0.471804,0.37684,0.053465,0.418339,,,0.068777,2.689
2025-11-23 06:00:00,1.62667,1.17027,0.08049,1.54618,,,0.075659,3.6096
2025-11-23 07:00:00,0.67574,0.280623,0.082307,0.593433,,,0.083386,4.5337
2025-11-23 08:00:00,4.99248,1.40081,1.11081,3.88167,,,0.131499,14.5007
2025-11-23 09:00:00,6.96568,1.63821,1.60289,5.36279,,,0.171482,22.7199
2025-11-23 10:00:00,12.826,2.39737,3.07671,9.74924,,,0.237958,35.2711
2025-11-23 11:00:00,10.8855,1.47539,2.70678,8.17867,,,0.27593,44.6649
2025-11-23 12:00:00,16.36,1.80535,3.17517,13.1849,,,0.328867,58.6855
2025-11-23 13:00:00,21.7589,2.17328,3.84524,17.9136,,,0.34869,65.6959
2025-11-23 14:00:00,16.6578,1.44825,2.96462,13.6932,,,0.362228,67.1839
2025-11-23 15:00:00,18.2897,1.86896,3.53336,14.7563,,,0.341626,59.1754
2025-11-23 16:00:00,18.7258,1.80194,2.86293,15.8629,,,0.353809,59.3652
2025-11-23 17:00:00,19.7978,1.85965,2.13494,17.6629,,,0.354384,61.6086
2025-11-23 18:00:00,14.9947,1.74438,2.32414,12.6705,,,0.343396,59.4337
2025-11-23 19:00:00,11.9362,1.16861,1.89743,10.0388,,,0.294297,48.5719
2025-11-23 20:00:00,11.9963,1.53209,2.17756,9.81869,,,0.259037,39.8253
2025-11-23 21:00:00,7.60888,1.31142,1.29283,6.31604,,,0.197397,28.7179
2025-11-23 22:00:00,6.93056,1.64231,1.21981,5.71075,,,0.180539,28.4266
2025-11-23 23:00:00,5.59115,1.92798,1.31202,4.27913,,,0.152277,17.8721
2025-11-24 00:00:00,5.21624,2.49581,1.26346,3.95277,,,0.134588,16.6264
2025-11-24 01:00:00,3.18679,1.99924,0.355297,2.83149,,,0.101699,9.498
2025-11-24 02:00:00,2.65604,1.78257,0.21134,2.44469,,,0.095252,10.2497
2025-11-24 03:00:00,2.63311,1.8701,0.201485,2.43162,,,0.08932,9.388
2025-11-24 04:00:00,2.16979,2.5289,0.071963,2.09783,,,0.075365,3.2598
2025-11-24 05:00:00,4.35204,4.66957,0.10455,4.24749,,,0.076593,2.3093
2025-11-24 06:00:00,1.13912,1.11242,0.092509,1.04661,,,0.076674,4.2329
2025-11-24 07:00:00,1.93709,1.07497,0.151794,1.7853,,,0.09823,8.8042
2025-11-24 08:00:00,3.24048,0.989762,0.705099,2.53538,,,0.144671,16.8203
2025-11-24 09:00:00,6.40686,2.10891,1.44914,4.95772,,,0.178257,22.6624
2025-11-24 10:00:00,8.48375,2.0512,1.86941,6.61434,,,0.209789,30.1526
2025-11-24 11:00:00,11.7577,1.96026,2.12356,9.6341,,,0.262254,40.867
2025-11-24 12:00:00,16.2182,2.61247,2.93621,13.282,,,0.269893,44.9436
2025-11-24 13:00:00,10.022,1.82617,1.85245,8.16957,,,0.229046,36.4432
2025-11-24 14:00:00,14.3097,2.35124,2.21253,12.0971,,,0.25062,39.5165
2025-11-24 15:00:00,11.7985,2.18087,1.78873,10.0098,,,0.238388,35.6211
2025-11-24 16:00:00,8.10168,1.67806,1.83539,6.2663,,,0.209375,31.6976
2025-11-24 17:00:00,10.198,1.57183,1.68869,8.50935,,,0.251886,39.3133
2025-11-24 18:00:00,9.17615,1.36835,1.50311,7.67303,,,0.246873,37.9573
2025-11-24 19:00:00,7.02836,1.2934,1.17579,5.85257,,,0.212954,32.269
2025-11-24 20:00:00,6.3058,1.23208,0.818341,5.48746,,,0.197436,30.961
2025-11-24 21:00:00,9.39646,2.09742,1.6185,7.77796,,,0.211894,35.7984
2025-11-24 22:00:00,7.74749,2.08378,1.48764,6.25985,,,0.182289,27.3787
2025-11-24 23:00:00,5.51003,2.02724,0.873321,4.63671,,,0.145392,19.9169
2025-11-25 00:00:00,6.43192,3.12229,1.03239,5.39953,,,0.135796,13.175
2025-11-25 01:00:00,4.4292,2.17331,0.399902,4.0293,,,0.115553,14.3918
2025-11-25 02:00:00,2.83092,1.25819,0.300615,2.53031,,,0.099414,9.6128
2025-11-25 03:00:00,1.83061,0.706797,0.221237,1.60937,,,0.086698,6.9284
2025-11-25 04:00:00,1.73201,0.724688,0.094796,1.63721,,,0.080945,5.8641
2025-11-25 05:00:00,0.684949,0.272021,0.053949,0.631,,,0.076549,4.2752
2025-11-25 06:00:00,1.58407,0.615411,0.081087,1.50298,,,0.082094,5.3624
2025-11-25 07:00:00,1.88923,0.562943,0.163935,1.7253,,,0.095268,7.6374
2025-11-25 08:00:00,3.80161,0.902995,0.476392,3.32522,,,0.137172,16.2807
2025-11-25 09:00:00,4.15539,0.996497,0.53502,3.62037,,,0.138776,15.5473
2025-11-25 10:00:00,4.64801,1.36626,0.539381,4.10863,,,0.169216,20.9168
2025-11-25 11:00:00,8.42369,1.73828,0.859774,7.56391,,,0.213141,28.7803
2025-11-25 12:00:00,9.60627,1.89398,2.11218,7.49408,,,0.217276,31.9425
2025-11-25 13:00:00,10.5263,1.87568,2.00849,8.51784,,,0.198308,28.9272
2025-11-25 14:00:00,12.5328,2.23482,2.18778,10.3451,,,0.242759,40.3325
2025-11-25 15:00:00,8.77895,1.43353,1.67099,7.10797,,,0.249177,38.0878
2025-11-25 16:00:00,9.74111,1.59221,1.65644,8.08466,,,0.236732,38.4474
2025-11-25 17:00:00,11.9199,1.63511,1.73984,10.1801,,,0.282861,50.6451
2025-11-25 18:00:00,14.5175,1.89573,2.1333,12.3842,,,0.313687,57.619
2025-11-25 19:00:00,13.3498,1.83881,2.19157,11.1582,,,0.285837,53.3295
2025-11-25 20:00:00,10.6083,1.53432,2.0043,8.60403,,,0.260233,45.2784
2025-11-25 21:00:00,11.4317,2.17251,3.01779,8.41393,,,0.240995,40.2614
2025-11-25 22:00:00,8.70028,1.98274,2.34584,6.35443,,,0.17698,25.1593
2025-11-25 23:00:00,8.30082,2.48826,0.711974,7.58884,,,0.152101,21.7448
2025-11-26 00:00:00,4.85504,1.83903,0.578697,4.27634,,,0.134387,18.0284
2025-11-26 01:00:00,3.16276,1.58614,0.5726,2.59016,,,0.10427,9.7995
2025-11-26 02:00:00,1.80978,1.12548,0.202264,1.60752,,,0.100686,5.9003
2025-11-26 03:00:00,0.87223,0.639465,0.103053,0.769177,,,0.087925,7.2615
2025-11-26 04:00:00,1.45587,1.14816,0.109031,1.34684,,,0.097715,9.8124
2025-11-26 05:00:00,1.59035,1.54704,0.086395,1.50396,,,0.080353,5.2503
2025-11-26 06:00:00,1.25674,0.994254,0.092051,1.16469,,,0.073175,3.5323
2025-11-26 07:00:00,2.47941,1.03741,0.172548,2.30686,,,0.100377,8.9199
2025-11-26 08:00:00,5.78259,1.44927,0.516638,5.26596,,,0.159221,21.2233
2025-11-26 09:00:00,9.86797,2.70949,0.675877,9.1921,,,0.201775,28.9093
2025-11-26 10:00:00,8.37629,1.93806,1.94199,6.4343,,,0.202577,31.0118
2025-11-26 11:00:00,11.1263,2.18678,1.72606,9.40026,,,0.256962,44.2295
2025-11-26 12:00:00,14.7398,2.07427,2.35593,12.3838,,,0.28246,47.6303
2025-11-26 13:00:00,15.8842,2.25435,2.36436,13.5198,,,0.280589,51.7013
2025-11-26 14:00:00,13.6923,1.75273,1.78302,11.9093,,,0.298237,51.3716
2025-11-26 15:00:00,12.934,1.9591,1.3105,11.6235,,,0.269031,43.2523
2025-11-26 16:00:00,15.9439,2.51719,1.83886,14.105,,,0.305204,54.2715
2025-11-26 17:00:00,18.6346,2.28477,1.93018,16.7044,,,0.322874,56.5479
2025-11-26 18:00:00,14.5556,1.68742,1.41477,13.1409,,,0.292219,46.674
2025-11-26 19:00:00,12.9106,1.67409,2.02046,10.8901,,,0.286701,47.3659
2025-11-26 20:00:00,10.0603,1.47123,1.16314,8.89713,,,0.245741,40.4098
2025-11-26 21:00:00,6.54733,1.12652,0.876648,5.67068,,,0.195288,27.955
2025-11-26 22:00:00,7.87827,1.77359,1.55858,6.31969,,,0.202503,30.9856
2025-11-26 23:00:00,8.60109,2.67281,1.35645,7.24463,,,0.17986,23.9498
2025-11-27 00:00:00,5.82076,2.09984,0.55981,5.26095,,,0.133845,16.8534
2025-11-27 01:00:00,3.28083,1.41293,0.376818,2.90401,,,0.113051,14.322
2025-11-27 02:00:00,1.62266,0.685244,0.252857,1.3698,,,0.087093,6.7882
2025-11-27 03:00:00,1.87872,1.0334,0.110968,1.76775,,,0.081022,5.6099
2025-11-27 04:00:00,0.331442,0.263051,0.040304,0.291138,,,0.065308,2.2453
2025-11-27 05:00:00,1.08867,1.09304,0.095624,0.993047,,,0.077235,6.4865
2025-11-27 06:00:00,0.791967,0.627549,0.068717,0.72325,,,0.072601,3.6511
2025-11-27 07:00:00,2.18159,0.849529,0.212925,1.96867,,,0.116516,12.2086
2025-11-27 08:00:00,4.08377,0.964974,0.396716,3.68705,,,0.156597,19.7829
2025-11-27 09:00:00,5.21538,1.37175,0.402567,4.81281,,,0.184574,23.5526
2025-11-27 10:00:00,4.52746,1.307,0.50436,4.0231,,,0.196465,26.7247
2025-11-27 11:00:00,7.83438,1.59495,1.24975,6.58463,,,0.249712,32.9332
2025-11-27 12:00:00,9.12485,1.31976,1.24156,7.88329,,,0.239303,37.4215
2025-11-27 13:00:00,8.45359,1.43817,1.0149,7.43869,,,0.218328,31.2695
2025-11-27 14:00:00,8.37604,1.43033,0.910854,7.46519,,,0.22224,31.9024
2025-11-27 15:00:00,8.8304,1.70405,1.18313,7.64727,,,0.218132,29.7692
2025-11-27 16:00:00,12.3032,2.26496,2.88571,9.41753,,,0.289096,44.0256
2025-11-27 17:00:00,14.9358,2.16336,1.56922,13.3666,,,0.298764,48.5986
2025-11-27 18:00:00,11.7659,1.4412,1.59495,10.171,,,0.300191,53.8055
2025-11-27 19:00:00,10.5255,1.52676,2.17832,8.3472,,,0.26109,46.1672
2025-11-27 20:00:00,11.1603,1.57187,2.37981,8.78045,,,0.251295,37.8448
2025-11-27 21:00:00,8.80555,1.5574,1.38705,7.41851,,,0.230099,39.1348
2025-11-27 22:00:00,9.04682,1.73643,0.924437,8.12238,,,0.19799,34.3664
2025-11-27 23:00:00,7.57485,1.8584,0.895283,6.67957,,,0.172011,22.3014
2025-11-28 00:00:00,6.63249,2.67439,0.479233,6.15326,,,0.148757,18.7928
2025-11-28 01:00:00,3.7211,1.97092,0.316762,3.40434,,,0.102488,10.1122
2025-11-28 02:00:00,3.11454,2.00938,0.408295,2.70624,,,0.113788,12.8018
2025-11-28 03:00:00,1.36729,1.18073,0.279939,1.08735,,,0.087324,8.8618
2025-11-28 04:00:00,1.95397,1.45819,0.360533,1.59344,,,0.089668,8.1631
2025-11-28 05:00:00,2.80372,2.63013,0.106389,2.69733,,,0.088507,8.2602
2025-11-28 06:00:00,1.58336,1.56459,0.120376,1.46299,,,0.075537,4.4094
2025-11-28 07:00:00,3.94718,1.31925,0.456956,3.49023,,,0.118029,13.4155
2025-11-28 08:00:00,4.50166,1.38769,0.680752,3.82091,,,0.168908,21.6181
2025-11-28 09:00:00,4.8262,1.27072,0.558051,4.26815,,,0.175804,25.5808
2025-11-28 10:00:00,5.70833,1.22286,0.81418,4.89415,,,0.190462,26.973
2025-11-28 11:00:00,9.16676,1.42562,0.889806,8.27695,,,0.229894,34.7228
2025-11-28 12:00:00,11.2012,1.43569,2.5563,8.64492,,,0.265365,39.447
2025-11-28 13:00:00,9.48876,1.42731,1.68675,7.80202,,,0.232986,35.5073
2025-11-28 14:00:00,11.1302,1.62295,1.29242,9.83773,,,0.263738,41.2896
2025-11-28 15:00:00,7.9202,1.71656,0.616384,7.30381,,,0.262643,41.7199
2025-11-28 16:00:00,12.7731,1.94002,1.0151,11.758,,,0.271523,42.9957
2025-11-28 17:00:00,14.5552,1.71723,1.89202,12.6632,,,0.356326,64.4682
2025-11-28 18:00:00,17.7056,1.8182,3.1685,14.5371,,,0.362941,68.2766
2025-11-28 19:00:00,17.6676,1.6936,3.53632,14.1313,,,0.369166,67.2203
2025-11-28 20:00:00,16.9892,1.82956,5.77696,11.2123,,,0.338119,59.4119
2025-11-28 21:00:00,11.704,1.32578,2.0135,9.69053,,,0.295444,50.2433
2025-11-28 22:00:00,12.9924,1.76864,1.65095,11.3415,,,0.276178,46.5368
2025-11-28 23:00:00,12.8239,2.20115,1.78278,11.0411,,,0.244008,31.6263
2025-11-29 00:00:00,8.47033,2.00529,0.942667,7.52766,,,0.186577,29.9497
2025-11-29 01:00:00,7.47027,2.15654,1.52661,5.94366,,,0.17733,25.702
2025-11-29 02:00:00,3.11214,1.22429,0.362549,2.74959,,,0.100001,9.4902
2025-11-29 03:00:00,2.88316,1.37032,0.227568,2.65559,,,0.095723,8.176
2025-11-29 04:00:00,6.36549,3.30847,4.29549,2.07001,,,0.102521,10.1566
2025-11-29 05:00:00,2.16933,1.27909,0.14294,2.02639,,,0.085454,6.7542
2025-11-29 06:00:00,1.77025,1.1849,0.091106,1.67914,,,0.078094,4.6306
2025-11-29 07:00:00,3.88484,1.23958,0.369628,3.51521,,,0.122535,13.9306
2025-11-29 08:00:00,6.40066,1.23756,0.60892,5.79174,,,0.175891,25.344
2025-11-29 09:00:00,11.1414,1.87755,0.750718,10.3907,,,0.234008,37.4435
2025-11-29 10:00:00,12.9433,2.09371,0.889879,12.0534,,,0.254371,40.0463
2025-11-29 11:00:00,13.3194,1.47371,1.40179,11.9176,,,0.336471,57.1449
2025-11-29 12:00:00,19.687,1.53588,2.04849,17.6385,,,0.381326,72.8049
2025-11-29 13:00:00,25.6531,1.80529,3.85576,21.7973,,,0.405742,85.2715
2025-11-29 14:00:00,18.583,1.74423,2.43442,16.1486,,,0.40469,81.735
2025-11-29 15:00:00,25.2044,1.84729,4.14354,21.0608,,,0.406242,88.9924
2025-11-29 16:00:00,31.653,2.48962,3.87446,27.7785,,,0.408033,95.2537
2025-11-29 17:00:00,39.2323,2.27276,6.15111,33.0812,,,0.42133,128.474
2025-11-29 18:00:00,38.5855,2.27778,9.21202,29.3735,,,0.414735,121.937
2025-11-29 19:00:00,35.9243,2.30254,6.75952,29.1648,,,0.415619,122.262
2025-11-29 20:00:00,29.095,2.05997,5.8501,23.2449,,,0.408444,97.0923
2025-11-29 21:00:00,20.726,1.99097,5.14373,15.5823,,,0.372259,70.1359
2025-11-29 22:00:00,20.2471,2.62881,4.31975,15.9273,,,0.333836,60.8881
2025-11-29 23:00:00,16.6763,3.40471,3.22807,13.4482,,,0.247228,44.4026
2025-11-30 00:00:00,9.04149,2.46362,2.46995,6.57154,,,0.182199,28.1581
2025-11-30 01:00:00,9.62848,3.25286,2.49244,7.13604,,,0.172058,25.4062
2025-11-30 02:00:00,6.65348,2.54923,1.73653,4.91695,,,0.141111,18.6049
2025-11-30 03:00:00,4.94454,2.40259,0.494962,4.44958,,,0.103628,11.3153
2025-11-30 04:00:00,3.46358,1.99285,0.28114,3.18244,,,0.098386,9.2541
2025-11-30 05:00:00,1.97737,1.51639,0.120158,1.85721,,,0.080585,6.34
2025-11-30 06:00:00,2.86167,2.0499,0.109417,2.75225,,,0.079131,4.825
2025-11-30 07:00:00,2.31624,0.965907,0.194784,2.12146,,,0.093483,7.1296
2025-11-30 08:00:00,3.56768,0.87658,0.388514,3.17916,,,0.124811,12.6211
2025-11-30 09:00:00,6.42651,1.53818,0.936117,5.49039,,,0.170833,22.2886
2025-11-30 10:00:00,9.94545,2.16112,1.79387,8.15158,,,0.212958,33.4906
2025-11-30 11:00:00,13.6881,1.96555,2.76812,10.92,,,0.292129,49.6677
2025-11-30 12:00:00,17.0123,1.78588,2.56738,14.4449,,,0.337718,60.493
2025-11-30 13:00:00,19.2657,1.85533,3.01031,16.2554,,,0.353813,62.155
2025-11-30 14:00:00,16.2126,1.69517,3.07705,13.1356,,,0.332523,54.6166
2025-11-30 15:00:00,14.8401,1.7184,2.87926,11.9609,,,0.323835,54.9867
2025-11-30 16:00:00,15.853,1.76733,2.82594,13.027,,,0.331163,54.1408
2025-11-30 17:00:00,24.1587,2.66007,3.09091,21.0678,,,0.363332,65.2149
2025-11-30 18:00:00,21.8146,2.15347,3.01954,18.7951,,,0.36261,69.1039
2025-11-30 19:00:00,18.8768,1.88353,3.81235,15.0644,,,0.349388,60.2987
2025-11-30 20:00:00,11.0462,1.38355,2.29237,8.75386,,,0.273093,40.443
2025-11-30 21:00:00,9.76471,1.71251,1.13822,8.62649,,,0.221438,34.3846
2025-11-30 22:00:00,11.1611,2.27778,1.48258,9.67855,,,0.249942,41.7289
2025-11-30 23:00:00,8.74352,2.24308,1.29826,7.44526,,,0.201465,32.987
2025-12-01 00:00:00,4.70443,1.59472,0.623126,4.0813,,,0.129322,15.5415
2025-12-01 01:00:00,2.95038,1.17545,0.508201,2.44218,,,0.113898,12.8279
2025-12-01 02:00:00,1.55658,1.19187,0.186338,1.37025,,,0.094155,9.5841
2025-12-01 03:00:00,1.36372,0.986772,0.22414,1.13958,,,0.079407,5.3814
2025-12-01 04:00:00,1.67153,0.997336,0.251673,1.41986,,,0.09382,7.1965
2025-12-01 05:00:00,0.934642,0.753744,0.082072,0.85257,,,0.071989,3.5382
2025-12-01 06:00:00,0.860636,0.743208,0.084762,0.775874,,,0.071437,2.9114
2025-12-01 07:00:00,1.51315,0.705761,0.247584,1.26557,,,0.090481,5.7984
2025-12-01 08:00:00,3.34253,0.951744,0.345189,2.99734,,,0.147893,17.1741
2025-12-01 09:00:00,3.5811,1.10392,0.445176,3.13593,,,0.143106,15.0873
2025-12-01 10:00:00,5.70125,1.42247,1.34817,4.35308,,,0.193157,27.7668
2025-12-01 11:00:00,7.54682,1.40694,1.93862,5.60821,,,0.204543,28.7208
2025-12-01 12:00:00,8.6744,1.31311,2.27524,6.39916,,,0.243091,37.0503
2025-12-01 13:00:00,9.58225,1.61917,2.00765,7.57459,,,0.243052,35.2662
2025-12-01 14:00:00,11.2935,1.50581,2.23214,9.0614,,,0.276174,45.1569
2025-12-01 15:00:00,14.589,1.97576,2.62486,11.9642,,,0.277589,49.7693
2025-12-01 16:00:00,16.6803,2.56857,2.62482,14.0555,,,0.299533,38.9606
2025-12-01 17:00:00,16.2218,2.27579,3.06863,13.1532,,,0.327703,56.649
2025-12-01 18:00:00,13.9314,1.78424,2.03125,11.9001,,,0.307615,55.1544
2025-12-01 19:00:00,10.4772,1.4912,2.83081,7.64637,,,0.263553,40.8274
2025-12-01 20:00:00,9.42929,1.53722,1.41436,8.01494,,,0.251292,42.6167
2025-12-01 21:00:00,8.19967,1.20868,1.4498,6.74987,,,0.232107,38.7577
2025-12-01 22:00:00,10.0007,1.55822,1.78798,8.2127,,,0.230597,40.1897
2025-12-01 23:00:00,7.12317,1.61231,0.907365,6.21581,,,0.194471,33.0886
2025-12-02 00:00:00,5.1501,3.32694,0.721125,4.42897,,,0.143259,19.3738
2025-12-02 01:00:00,2.55927,1.45248,0.27846,2.28081,,,0.112415,11.1279
2025-12-02 02:00:00,1.36781,0.898692,0.183718,1.18409,,,0.088295,7.3068
2025-12-02 03:00:00,1.25659,1.64907,0.740028,0.516566,,,0.076056,4.775
2025-12-02 04:00:00,0.789568,0.965242,0.092229,0.697339,,,0.07635,5.1474
2025-12-02 05:00:00,0.228144,0.2994,0.030106,0.198038,,,0.06949,3.3072
2025-12-02 06:00:00,0.521849,0.434874,0.077292,0.444557,,,0.071145,2.5386
2025-12-02 07:00:00,3.24654,1.11259,0.376926,2.86961,,,0.114258,11.2434
2025-12-02 08:00:00,4.41754,1.26868,0.664652,3.75289,,,0.151538,17.9583
2025-12-02 09:00:00,5.2657,1.5947,1.54969,3.71601,,,0.1732,22.1551
2025-12-02 10:00:00,6.14135,1.67613,1.4962,4.64516,,,0.188623,24.7033
2025-12-02 11:00:00,7.80195,1.6027,1.71879,6.08317,,,0.232542,27.8248
2025-12-02 12:00:00,7.67877,1.25061,1.8806,5.79817,,,0.214828,31.4487
2025-12-02 13:00:00,7.02992,1.62504,1.94568,5.08424,,,0.19521,26.3693
2025-12-02 14:00:00,9.92454,1.82369,2.43169,7.49285,,,0.219132,22.5937
2025-12-02 15:00:00,9.21698,1.58585,1.81631,7.40067,,,0.229849,34.9971
2025-12-02 16:00:00,11.5631,2.12089,3.018,8.54508,,,0.263728,40.4083
2025-12-02 17:00:00,10.4916,1.76093,2.26016,8.23147,,,0.270083,44.73
2025-12-02 18:00:00,13.1866,2.46019,1.85072,11.3359,,,0.260213,40.3217
2025-12-02 19:00:00,12.8399,2.32102,2.47824,10.3616,,,0.275143,31.1868
2025-12-02 20:00:00,9.10593,1.59585,1.20628,7.89965,,,0.2337,34.885
2025-12-02 21:00:00,9.24853,1.64097,1.19065,8.05787,,,0.235725,37.4814
2025-12-02 22:00:00,7.16239,1.9161,1.14086,6.02153,,,0.183444,27.8959
2025-12-02 23:00:00,8.20546,3.1903,1.59892,6.60654,,,0.198504,24.9056
2025-12-03 00:00:00,3.50077,1.74864,0.750081,2.75069,,,0.125865,13.7661
2025-12-03 01:00:00,2.00331,1.32846,0.171809,1.8315,,,0.101489,8.8082
2025-12-03 02:00:00,1.48637,1.06018,0.158378,1.32799,,,0.085029,5.0311
2025-12-03 03:00:00,0.758476,0.442519,0.108856,0.64962,,,0.077373,5.5728
2025-12-03 04:00:00,1.46064,0.804317,0.13245,1.32819,,,0.080258,6.9699
2025-12-03 05:00:00,2.21917,1.30386,0.084213,2.13496,,,0.082014,6.3075
2025-12-03 06:00:00,0.956877,0.770433,0.091679,0.865198,,,0.077421,4.5234
2025-12-03 07:00:00,2.60348,1.01224,0.225739,2.37774,,,0.111286,11.0188
2025-12-03 08:00:00,5.03611,1.37824,0.445363,4.59074,,,0.157027,19.7179
2025-12-03 09:00:00,4.82651,1.44593,0.617603,4.20891,,,0.167692,22.5802
2025-12-03 10:00:00,6.14915,1.43605,0.760778,5.38837,,,0.188416,25.8032
2025-12-03 11:00:00,7.44925,1.39082,1.54593,5.90333,,,0.21048,30.6584
2025-12-03 12:00:00,10.8599,1.68894,1.65614,9.20376,,,0.256962,43.3507
2025-12-03 13:00:00,12.4606,2.09987,2.29309,10.1675,,,0.269821,46.9063
2025-12-03 14:00:00,13.6394,2.72352,2.22427,11.4151,,,0.241549,41.5628
2025-12-03 15:00:00,11.8422,2.19381,2.23247,9.60971,,,0.248037,40.0285
2025-12-03 16:00:00,10.0875,1.90547,2.31228,7.77527,,,0.242491,38.0463
2025-12-03 17:00:00,11.7228,2.04801,2.37252,9.35028,,,0.247999,38.3314
2025-12-03 18:00:00,13.9601,2.19429,3.37219,10.5879,,,0.274922,45.9052
2025-12-03 19:00:00,10.7021,1.751,1.16032,9.54177,,,0.25487,42.1887
2025-12-03 20:00:00,10.6309,1.93994,1.62933,9.00155,,,0.249307,43.5344
2025-12-03 21:00:00,8.26835,1.86476,1.11995,7.14841,,,0.2076,33.8843
2025-12-03 22:00:00,6.25595,1.61402,1.05629,5.19966,,,0.172476,27.669
2025-12-03 23:00:00,5.89095,2.22804,0.821695,5.06925,,,0.144786,22.4222
2025-12-04 00:00:00,5.78698,2.88484,0.570257,5.21672,,,0.142946,17.8123
2025-12-04 01:00:00,3.49637,2.37848,0.443822,3.05255,,,0.131008,14.003
2025-12-04 02:00:00,2.76842,1.62657,0.190937,2.57748,,,0.108352,12.2513
2025-12-04 03:00:00,2.6021,1.86933,0.24818,2.35392,,,0.089675,5.4901
2025-12-04 04:00:00,0.882334,0.878819,0.086039,0.796295,,,0.076669,5.1374
2025-12-04 05:00:00,0.28052,0.242664,0.0268,0.25372,,,0.070548,3.3726
2025-12-04 06:00:00,0.262216,0.254579,0.03748,0.224736,,,0.07058,2.0389
2025-12-04 07:00:00,2.52578,1.13264,0.369738,2.15604,,,0.099581,8.0897
2025-12-04 08:00:00,6.04855,1.61986,0.554109,5.49444,,,0.160659,16.1242
2025-12-04 09:00:00,7.53364,2.45716,0.844055,6.68958,,,0.186918,25.1988
2025-12-04 10:00:00,8.18419,2.28993,1.70734,6.47685,,,0.205751,29.8547
2025-12-04 11:00:00,8.71125,1.9112,1.71735,6.9939,,,0.243361,32.1848
2025-12-04 12:00:00,10.5319,1.77604,2.2037,8.32823,,,0.25382,36.1412
2025-12-04 13:00:00,10.9731,2.20786,1.0697,9.90339,,,0.223842,34.92
2025-12-04 14:00:00,11.813,2.30813,2.06163,9.75136,,,0.247242,38.0693
2025-12-04 15:00:00,15.9598,2.7853,1.13298,14.8268,,,0.262641,43.879
2025-12-04 16:00:00,12.3032,2.265,2.8857,9.4175,,,0.2891,44.0256
2025-12-04 17:00:00,12.8552,2.18924,1.88238,10.9729,,,0.295121,48.8976
2025-12-04 18:00:00,11.098,1.60282,1.30176,9.7962,,,0.287914,46.6792
2025-12-04 19:00:00,10.9363,1.63472,1.86294,9.07333,,,0.273237,45.219
2025-12-04 20:00:00,11.1488,1.89349,2.02247,9.12637,,,0.262451,41.1966
2025-12-04 21:00:00,9.7293,1.74987,2.34783,7.38146,,,0.229485,38.0867
2025-12-04 22:00:00,6.81726,1.46419,1.61015,5.20711,,,0.213892,36.5738
2025-12-04 23:00:00,6.66262,2.08991,0.740783,5.92184,,,0.165354,26.004
2025-12-05 00:00:00,3.02828,2.59716,0.516396,2.51189,,,0.180353,11.1258
2025-12-05 01:00:00,6.91207,4.57753,1.00825,5.90382,,,0.100612,7.8984
2025-12-05 02:00:00,1.86573,1.13764,0.445252,1.42048,,,0.084018,5.531
2025-12-05 03:00:00,2.92133,2.19649,0.163751,2.75758,,,0.093451,10.7219
2025-12-05 04:00:00,8.14964,5.23084,0.195803,7.95384,,,0.090716,9.0989
2025-12-05 05:00:00,2.22484,1.75185,0.074228,2.15062,,,0.079862,6.5542
2025-12-05 06:00:00,0.724223,0.456635,0.104139,0.620084,,,0.074318,4.852
2025-12-05 07:00:00,2.56187,0.880367,0.221574,2.34029,,,0.114777,11.6757
2025-12-05 08:00:00,5.86611,1.28081,0.599743,5.26636,,,0.166066,21.0193
2025-12-05 09:00:00,6.87333,1.74185,0.388769,6.48456,,,0.167202,21.3804
2025-12-05 10:00:00,7.3714,1.5287,0.779718,6.59169,,,0.215057,28.6818
2025-12-05 11:00:00,9.4405,1.89264,1.37058,8.06992,,,0.242494,35.3771
2025-12-05 12:00:00,7.76043,1.36483,1.13243,6.628,,,0.221179,30.9297
2025-12-05 13:00:00,11.3475,1.79322,0.750064,10.5974,,,0.216377,30.1291
2025-12-05 14:00:00,9.99522,1.43321,1.35905,8.63617,,,0.24698,36.8458
2025-12-05 15:00:00,16.1356,2.21521,1.39276,14.7428,,,0.24721,37.3689
2025-12-05 16:00:00,16.3759,2.18637,2.09922,14.2767,0.076544,0.077645,0.313622,56.801
2025-12-05 17:00:00,18.1045,2.14508,3.39656,14.7079,0.1188,0.082058,0.343818,62.6449
2025-12-05 18:00:00,20.4348,2.37724,2.8742,17.5606,0.109007,0.10649,0.358179,68.5646
2025-12-05 19:00:00,17.8449,1.8519,4.76553,13.0793,0.174385,0.099468,0.388608,60.0359
2025-12-05 20:00:00,13.6101,1.56834,2.50452,11.1056,0.09969,0.06408,0.313794,56.0447
2025-12-05 21:00:00,11.3778,1.33136,2.5483,8.82953,0.100733,0.054229,0.287163,49.3959
2025-12-05 22:00:00,14.6034,2.01426,3.89444,10.7089,0.113834,0.065637,0.295323,35.7929
2025-12-05 23:00:00,15.2125,2.94817,3.50534,11.7072,0.141384,0.057958,0.278349,49.1015
2025-12-06 00:00:00,13.9648,3.10605,3.48903,10.4758,0.105764,0.06024,0.268224,44.08
2025-12-06 01:00:00,8.21186,2.50209,0.881326,7.33054,0.034974,0.03855,0.172101,27.0693
2025-12-06 02:00:00,7.63995,2.37857,0.325389,7.31457,0.015417,0.028438,0.113819,13.1062
2025-12-06 03:00:00,3.66126,2.05228,0.187891,3.47337,0.009635,0.017179,0.089938,8.3194
2025-12-06 04:00:00,2.43414,1.48786,0.158564,2.27558,0.006823,0.008455,0.088975,8.5019
2025-12-06 05:00:00,1.76312,1.3099,0.063759,1.69936,0.00302,0.006162,0.073996,4.5502
2025-12-06 06:00:00,0.815514,0.551769,0.250174,0.56534,0.009701,0.003494,0.074924,4.2031
2025-12-06 07:00:00,2.39555,0.862951,0.137731,2.25782,0.006826,0.011192,0.096658,8.3633
2025-12-06 08:00:00,5.93121,1.34373,0.627431,5.30378,0.032531,0.027327,0.14864,18.5956
2025-12-06 09:00:00,7.67789,1.65543,1.49398,6.18391,0.113213,0.035649,0.199716,32.0277
2025-12-06 10:00:00,11.4488,1.88241,2.34078,9.10804,0.113462,0.051368,0.256345,41.6855
2025-12-06 11:00:00,19.8555,1.89461,3.96893,15.8866,0.141472,0.09876,0.357422,63.5776
2025-12-06 12:00:00,23.9112,1.85416,4.75099,19.1602,0.1663,0.122499,0.38904,76.8231
2025-12-06 13:00:00,27.8104,2.01058,4.43283,23.3775,0.166557,0.140827,0.405949,89.6179
2025-12-06 14:00:00,32.8189,2.38614,5.5443,27.2746,0.2008,0.151609,0.407529,95.2744
2025-12-06 15:00:00,27.8524,2.09448,5.86961,21.9828,0.19376,0.119602,0.399432,89.8068
2025-12-06 16:00:00,29.9215,2.22332,5.35654,24.565,0.196709,0.151992,0.398501,90.9926
2025-12-06 17:00:00,35.0012,2.21807,5.89536,29.1058,0.220701,0.179769,0.416643,99.1016
2025-12-06 18:00:00,31.3928,1.87823,3.67181,27.721,0.170262,0.170857,0.412808,107.447
2025-12-06 19:00:00,28.6732,2.04545,4.76035,23.9128,0.165811,0.144195,0.403307,92.8419
2025-12-06 20:00:00,41.5354,3.25411,7.355,34.1804,0.212549,0.169474,0.401132,80.4428
2025-12-06 21:00:00,19.7901,1.79942,2.58576,17.2043,0.11481,0.105894,0.40989,70.4328
2025-12-06 22:00:00,19.2849,2.2603,2.26663,17.0182,0.08885,0.090551,0.380121,49.466
2025-12-06 23:00:00,15.9915,2.44817,2.16888,13.8226,0.083295,0.074326,0.359719,62.1452
2025-12-07 00:00:00,10.229,2.38104,1.26716,8.9618,0.063309,0.046066,0.22169,38.3633
2025-12-07 01:00:00,7.84969,2.07116,0.754951,7.09474,0.032894,0.032833,0.161602,26.2466
2025-12-07 02:00:00,4.65421,1.76162,0.376348,4.27786,0.016961,0.017473,0.112253,13.1843
2025-12-07 03:00:00,2.91429,1.41196,0.32162,2.59267,0.015584,0.01174,0.098149,10.1604
2025-12-07 04:00:00,3.05391,1.69285,0.439042,2.61486,0.014482,0.010707,0.093817,7.2036
2025-12-07 05:00:00,1.96883,1.31606,0.215714,1.75311,0.011765,0.00791,0.082059,5.8691
2025-12-07 06:00:00,1.04296,0.786545,0.122317,0.920643,0.003669,0.004731,0.072578,3.1488
2025-12-07 07:00:00,2.117,1.18268,0.120029,1.99697,0.006333,0.010717,0.089694,6.037
2025-12-07 08:00:00,3.95784,1.38289,0.30997,3.64787,0.014241,0.01804,0.125537,12.7151
2025-12-07 09:00:00,8.17042,1.92426,1.96323,6.20719,0.085597,0.032408,0.195198,30.6855
2025-12-07 10:00:00,13.8565,2.60558,2.05919,11.7973,0.07905,0.058171,0.260367,47.3758
2025-12-07 11:00:00,17.8906,2.39564,2.62498,15.2657,0.094464,0.083597,0.320167,57.8893
2025-12-07 12:00:00,19.6626,2.01709,3.29706,16.3656,0.109354,0.094916,0.359707,62.4934
2025-12-07 13:00:00,19.3966,1.84238,3.68564,15.711,0.125454,0.092352,0.363485,68.0816
2025-12-07 14:00:00,23.704,1.82817,3.75669,19.9473,0.133617,0.109538,0.382142,75.7818
2025-12-07 15:00:00,19.6856,1.61862,3.78752,15.8981,0.10478,0.091447,0.345498,61.658
2025-12-07 16:00:00,18.1315,1.58188,2.98876,15.1427,0.098816,0.086722,0.355496,64.0126
2025-12-07 17:00:00,19.3854,2.05833,2.77345,16.6119,0.113251,0.094723,0.357687,49.8507
2025-12-07 18:00:00,15.5283,1.66363,2.28008,13.2483,0.093143,0.077149,0.349202,62.8304
2025-12-07 19:00:00,13.985,1.33726,2.18843,11.7966,0.079692,0.069804,0.325688,63.1801
2025-12-07 20:00:00,14.2648,1.54014,2.3144,11.9504,0.091708,0.072252,0.327246,59.6283
2025-12-07 21:00:00,11.7448,1.53648,1.80188,9.94296,0.071539,0.058838,0.284815,51.0493
2025-12-07 22:00:00,5.60695,1.43842,1.04109,4.56585,0.086078,0.039637,0.257885,48.2792
2025-12-07 23:00:00,9.87301,2.58456,1.96849,7.90452,0.080907,0.044238,0.208967,32.834
2025-12-08 00:00:00,17.2504,5.57182,2.3013,14.9491,0.108002,0.060402,0.192646,26.6608
2025-12-08 01:00:00,5.93243,2.31374,0.720715,5.21171,0.023781,0.033399,0.139667,17.3176
2025-12-08 02:00:00,3.321,1.28721,0.463641,2.85736,0.015358,0.012467,0.092492,9.3067
2025-12-08 03:00:00,1.59989,0.714874,0.116196,1.48369,0.006867,0.008359,0.084707,8.548
2025-12-08 04:00:00,2.92764,1.43371,0.28824,2.6394,0.013045,0.012347,0.099324,12.575
2025-12-08 05:00:00,0.629494,0.350108,0.220131,0.409363,0.008294,0.003198,0.079402,6.9939
2025-12-08 06:00:00,0.933515,0.495496,0.06262,0.870895,0.003632,0.005914,0.076744,5.8148
2025-12-08 07:00:00,1.71633,0.579059,0.211963,1.50437,0.010306,0.008837,0.110574,12.2866
2025-12-08 08:00:00,5.66979,1.28102,1.24974,4.42005,0.037987,0.026674,0.171659,22.6368
2025-12-08 09:00:00,5.7556,1.18039,1.20071,4.55489,0.053156,0.025132,0.193271,29.6501
2025-12-08 10:00:00,22.2789,4.64338,2.19746,20.0815,0.077138,0.059196,0.223072,33.4745
2025-12-08 11:00:00,9.94477,1.57155,2.18326,7.7615,0.072063,0.042414,0.238308,28.3542
2025-12-08 12:00:00,12.2934,1.58789,2.26954,10.0239,0.086261,0.057801,0.267229,47.1788
2025-12-08 13:00:00,13.2418,1.78268,3.50912,9.73264,0.102938,0.052464,0.264039,47.2649
2025-12-08 14:00:00,14.6092,1.81933,2.74276,11.8664,0.099383,0.055328,0.281845,47.9091
2025-12-08 15:00:00,16.3948,2.1171,2.38045,14.0143,0.099923,0.062918,0.280639,46.1291
2025-12-08 16:00:00,11.7382,1.44631,2.94582,8.79241,0.09047,0.05313,0.286976,45.7207
2025-12-08 17:00:00,13.6048,1.4225,2.55262,11.0522,0.083391,0.063582,0.297864,48.2302
2025-12-08 18:00:00,13.4255,1.40404,2.19749,11.228,0.077139,0.065422,0.316558,52.5421
2025-12-08 19:00:00,10.7626,1.19452,1.28014,9.48251,0.058666,0.053975,0.270247,41.2862
2025-12-08 20:00:00,10.9551,1.53777,1.84356,9.11151,0.069598,0.050248,0.248078,38.5851
2025-12-08 21:00:00,8.07679,1.45005,1.37056,6.70623,0.055945,0.037413,0.219482,34.2286
2025-12-08 22:00:00,12.4251,2.20774,2.43347,9.99168,0.110837,0.048028,0.23158,39.2789
2025-12-08 23:00:00,12.2674,3.48506,2.97492,9.29248,0.134923,0.041461,0.214394,34.7109
2025-12-09 00:00:00,8.36291,2.18581,1.31764,7.04526,0.038972,0.030198,0.158988,23.0508
2025-12-09 01:00:00,6.3045,1.89325,1.06725,5.23726,0.027916,0.022464,0.13272,18.2362
2025-12-09 02:00:00,3.41941,1.10161,0.336482,3.08293,0.018135,0.015688,0.113667,14.2328
2025-12-09 03:00:00,2.39187,1.00583,0.17796,2.21391,0.012426,0.009362,0.090606,9.6664
2025-12-09 04:00:00,1.84014,1.03031,0.164208,1.67593,0.007811,0.005954,0.089119,8.8068
2025-12-09 05:00:00,2.40382,1.18883,0.121273,2.28255,0.006564,0.008459,0.084605,8.7017
2025-12-09 06:00:00,1.6759,0.734401,0.354021,1.32188,0.009519,0.006928,0.080661,5.8842
2025-12-09 07:00:00,3.11848,0.954247,0.487318,2.63116,0.022243,0.014579,0.114377,12.0538
2025-12-09 08:00:00,5.67508,1.41382,0.49177,5.18331,0.023463,0.031595,0.163965,20.8507
2025-12-09 09:00:00,6.68102,1.62952,0.931006,5.75001,0.040551,0.032549,0.19224,25.5242
2025-12-09 10:00:00,7.42195,1.77389,1.55068,5.87127,0.067356,0.034851,0.20969,30.239
2025-12-09 11:00:00,16.0597,2.87809,8.02498,8.03475,0.202106,0.049642,0.272396,43.907
2025-12-09 12:00:00,9.0847,1.32546,1.88029,7.20441,0.068136,0.041789,0.253938,41.5841
2025-12-09 13:00:00,10.9012,1.60785,2.38622,8.51502,0.072218,0.047216,0.251376,42.0741
2025-12-09 14:00:00,13.2823,1.91719,2.68541,10.5969,0.094729,0.059419,0.279021,47.7775
2025-12-09 15:00:00,17.4093,2.48491,3.1211,14.2882,0.099911,0.072421,0.33495,60.8914
2025-12-09 16:00:00,14.708,1.90124,2.73937,11.9686,0.1045,0.065809,0.30828,52.9618
2025-12-09 17:00:00,13.465,1.69286,2.52103,10.944,0.09977,0.066085,0.3333,56.2588
2025-12-09 18:00:00,14.4194,1.82017,2.14702,12.2724,0.089261,0.071576,0.341933,56.8126
2025-12-09 19:00:00,13.426,1.87619,1.74894,11.6771,0.106139,0.065117,0.328901,51.7005
2025-12-09 20:00:00,14.0735,1.83392,3.08011,10.9934,0.113172,0.062127,0.291495,49.3156
2025-12-09 21:00:00,10.803,1.82915,1.88196,8.921,0.083229,0.058019,0.258723,41.8619
2025-12-09 22:00:00,13.5502,2.51303,1.62504,11.9252,0.080771,0.048574,0.231683,37.9838
2025-12-09 23:00:00,10.6263,2.66725,1.45372,9.17261,0.067386,0.042313,0.197308,34.1312
2025-12-10 00:00:00,8.94332,2.74841,0.789117,8.15421,0.026008,0.035376,0.16093,25.2091
2025-12-10 01:00:00,8.45109,2.65757,0.739472,7.71162,0.037468,0.027355,0.142775,20.4257
2025-12-10 02:00:00,4.70659,1.98089,0.222807,4.48378,0.011793,0.018537,0.102066,11.3566
2025-12-10 03:00:00,3.0363,1.75306,0.305185,2.73112,0.009516,0.012718,0.091629,9.0469
2025-12-10 04:00:00,2.1622,0.957574,0.129528,2.03267,0.007335,0.009769,0.089381,9.8141
2025-12-10 05:00:00,0.86903,0.600988,0.061562,0.807468,0.002734,0.004715,0.073496,4.6348
2025-12-10 06:00:00,1.4183,0.756022,0.182966,1.23533,0.006759,0.007715,0.08587,7.0368
2025-12-10 07:00:00,1.99293,0.705213,0.167512,1.82542,0.011716,0.012276,0.116997,13.4042
2025-12-10 08:00:00,6.78197,1.43869,0.608539,6.17343,0.029342,0.04108,0.20827,24.6983
2025-12-10 09:00:00,9.31695,1.92102,0.653754,8.6632,0.034012,0.047018,0.209148,31.5488
2025-12-10 10:00:00,10.4807,1.92518,0.749272,9.73138,0.041182,0.04887,0.250097,41.8988
2025-12-10 11:00:00,14.9601,2.28399,1.23458,13.7256,0.05938,0.072316,0.2995,53.6655
2025-12-10 12:00:00,16.5677,2.3178,1.50316,15.0645,0.060607,0.068109,0.273106,44.9972
2025-12-10 13:00:00,11.5044,1.66634,2.13498,9.36941,0.068213,0.051079,0.277854,44.7971
2025-12-10 14:00:00,11.6499,1.45989,1.55635,10.0936,0.073733,0.056822,0.300712,51.4459
2025-12-10 15:00:00,13.3148,1.90538,2.2546,11.0602,0.086359,0.061092,0.299823,50.48
2025-12-10 16:00:00,11.9931,1.84452,1.15818,10.8349,0.051494,0.054837,0.277312,47.9656
2025-12-10 17:00:00,15.0529,1.88917,2.82686,12.226,0.105371,0.070067,0.330958,59.8373
2025-12-10 18:00:00,14.4575,1.72236,2.47268,11.9848,0.104049,0.075006,0.323683,55.8707
2025-12-10 19:00:00,15.1884,1.92502,2.11917,13.0693,0.092916,0.067468,0.313945,53.0209
2025-12-10 20:00:00,12.5697,1.69952,2.11036,10.4593,0.080048,0.059446,0.295933,47.9226
2025-12-10 21:00:00,12.3191,2.14097,1.99226,10.3269,0.121857,0.05359,0.27565,50.8127
2025-12-10 22:00:00,12.6006,2.46202,2.44878,10.1518,0.082483,0.049529,0.249775,45.508
2025-12-10 23:00:00,16.5054,3.63875,2.13506,14.3703,0.099528,0.050164,0.228051,40.0614
2025-12-11 00:00:00,4.36111,2.07474,0.315243,4.04587,0.036075,0.028457,0.166559,26.2538
2025-12-11 01:00:00,5.28662,1.97704,0.380433,4.90618,0.020852,0.021136,0.126576,18.313
2025-12-11 02:00:00,5.0506,2.24072,0.275824,4.77477,0.01341,0.020996,0.108128,9.7878
2025-12-11 03:00:00,1.82898,0.98332,0.108812,1.72016,0.005346,0.007715,0.079255,6.2294
2025-12-11 04:00:00,1.64388,1.04175,0.072757,1.57112,0.004251,0.007013,0.075739,5.2623
2025-12-11 05:00:00,0.326714,0.186269,0.042939,0.283775,0.002442,0.002137,0.068408,2.6177
2025-12-11 06:00:00,0.98909,0.461761,0.102649,0.886441,0.004847,0.0047,0.077406,4.3712
2025-12-11 07:00:00,1.924,0.666204,0.171399,1.7526,0.009552,0.010549,0.104091,8.8586
2025-12-11 08:00:00,5.38549,1.5556,0.458109,4.92738,0.022014,0.03007,0.154839,18.4865
2025-12-11 09:00:00,11.598,2.71107,4.45065,7.14732,0.117074,0.033134,0.192895,27.1472
2025-12-11 10:00:00,10.078,2.5683,1.49985,8.57815,0.080009,0.037735,0.215813,35.3661
2025-12-11 11:00:00,12.2276,2.51596,2.53036,9.69723,0.109368,0.047279,0.240822,36.0828
2025-12-11 12:00:00,9.42238,1.60846,1.92255,7.49983,0.065446,0.045476,0.239587,36.9305
2025-12-11 13:00:00,13.5066,2.65878,2.39476,11.1118,0.106769,0.050142,0.23987,38.6523
2025-12-11 14:00:00,7.14141,1.89126,1.93619,5.20522,0.107338,0.041287,0.241899,39.7636
2025-12-11 15:00:00,9.4929,1.75729,1.94176,7.55114,0.066594,0.04195,0.242782,40.7287
2025-12-11 16:00:00,13.016,2.13447,3.17601,9.83999,0.122899,0.057399,0.276843,44.2056
2025-12-11 17:00:00,13.066,1.6024,2.17167,10.8943,0.087572,0.062567,0.300305,51.6932
2025-12-11 18:00:00,12.2912,1.26011,2.52851,9.76265,0.104171,0.058409,0.304369,50.9381
2025-12-11 19:00:00,13.114,1.46329,1.39971,11.7143,0.074773,0.062836,0.310073,52.1782
2025-12-11 20:00:00,10.0031,1.39513,1.61984,8.38323,0.06293,0.043683,0.247499,43.9592
2025-12-11 21:00:00,10.8043,1.73312,1.54964,9.25464,0.072755,0.047004,0.260493,45.7381
2025-12-11 22:00:00,6.34809,1.67762,1.12308,5.22501,0.084608,0.040289,0.242367,40.0831
2025-12-11 23:00:00,6.7425,1.63494,0.975718,5.76678,0.049828,0.029714,0.18053,30.7585
2025-12-12 00:00:00,8.47281,3.27642,1.68251,6.7903,0.079011,0.032746,0.176693,30.1797
2025-12-12 01:00:00,6.95218,2.97102,0.483911,6.46827,0.024084,0.026706,0.130368,18.8587
2025-12-12 02:00:00,6.6017,3.22664,1.50408,5.09763,0.047532,0.0199,0.120573,17.2236
2025-12-12 03:00:00,3.5866,2.96904,0.606349,2.98025,0.018038,0.010415,0.087769,8.1781
2025-12-12 04:00:00,1.8029,1.37626,0.093557,1.70935,0.004996,0.008049,0.076701,5.3987
2025-12-12 05:00:00,0.729549,0.530967,0.207331,0.522218,0.006608,0.00277,0.069469,3.2847
2025-12-12 06:00:00,2.1802,1.47311,0.116717,2.06348,0.00449,0.009927,0.078567,5.6747
2025-12-12 07:00:00,2.29595,0.856699,0.180992,2.11496,0.009402,0.011397,0.104972,10.1118
2025-12-12 08:00:00,5.84307,0.988007,0.682661,5.16041,0.032238,0.03025,0.183408,24.9741
2025-12-12 09:00:00,7.5076,1.14236,0.891688,6.61592,0.049159,0.041784,0.218038,31.56
2025-12-12 10:00:00,8.14234,1.44368,0.620641,7.5217,0.037384,0.038234,0.207315,29.3777
2025-12-12 11:00:00,11.3117,1.56152,1.28226,10.0294,0.064969,0.05599,0.265788,42.862
2025-12-12 12:00:00,11.4794,1.40266,1.61623,9.86315,0.067431,0.058715,0.276272,43.8118
2025-12-12 13:00:00,11.0483,1.69245,1.74529,9.30302,0.079771,0.052766,0.239929,36.0169
2025-12-12 14:00:00,14.1033,1.8137,1.97146,12.1318,0.082485,0.065993,0.301393,48.9834
2025-12-12 15:00:00,12.2492,1.88218,2.233,10.0162,0.072035,0.049265,0.262983,42.4597
2025-12-12 16:00:00,24.4882,3.72388,2.35433,22.1339,0.105569,0.077628,0.300397,52.8804
2025-12-12 17:00:00,16.6677,2.09078,2.65579,14.0119,0.117462,0.067391,0.309762,55.0659
2025-12-12 18:00:00,20.5246,2.11856,3.37072,17.1539,0.105203,0.0864,0.344735,65.4891
2025-12-12 19:00:00,15.3516,1.68662,4.14826,11.2033,0.116936,0.059315,0.321188,55.8813
2025-12-12 20:00:00,16.7866,2.05618,4.55934,12.2273,0.135328,0.065962,0.319011,57.131
2025-12-12 21:00:00,16.5025,2.18229,3.58787,12.9146,0.106251,0.068391,0.300096,54.3987
2025-12-12 22:00:00,17.4644,2.5683,4.55943,12.905,0.136824,0.06495,0.296109,55.1831
2025-12-12 23:00:00,14.9314,3.12112,3.66855,11.2629,0.140412,0.051937,0.239858,46.1017
2025-12-13 00:00:00,10.1415,2.73061,2.49024,7.65125,0.068439,0.035186,0.19725,32.5877
2025-12-13 01:00:00,8.10257,2.94211,1.07023,7.03234,0.039974,0.032025,0.159058,23.2899
2025-12-13 02:00:00,3.41944,1.41533,0.920681,2.49876,0.038663,0.01355,0.125422,14.0294
2025-12-13 03:00:00,2.52469,1.86461,1.03893,1.48576,0.028394,0.008911,0.102618,10.4569
2025-12-13 04:00:00,1.49341,1.55563,0.740187,0.753221,0.020875,0.004248,0.092822,8.9353
2025-12-13 05:00:00,2.13358,2.82969,0.784207,1.34938,0.024341,0.007498,0.093454,7.6172
2025-12-13 06:00:00,1.2937,1.51487,0.708026,0.585677,0.020046,0.003307,0.088003,6.1637
2025-12-13 07:00:00,3.16708,1.73824,0.8762,2.29088,0.027867,0.010637,0.113219,11.5377
2025-12-13 08:00:00,3.83526,0.998245,1.01662,2.81864,0.03382,0.015616,0.150802,18.1822
2025-12-13 09:00:00,8.40552,2.08989,1.24181,7.16371,0.05015,0.037551,0.188854,26.0322
2025-12-13 10:00:00,7.79424,1.79923,2.03977,5.75448,0.079215,0.029663,0.191998,27.6001
2025-12-13 11:00:00,10.651,1.85687,2.40937,8.24164,0.086288,0.04598,0.244425,38.616
2025-12-13 12:00:00,17.3009,2.05377,3.10554,14.1954,0.122402,0.072507,0.322293,58.02
2025-12-13 13:00:00,19.8424,2.0721,4.65128,15.1912,0.137881,0.078749,0.317883,57.7231
2025-12-13 14:00:00,19.794,1.95515,4.6452,15.1488,0.154793,0.08183,0.359059,63.3773
2025-12-13 15:00:00,21.8606,1.85291,5.10684,16.7538,0.152066,0.093909,0.357125,64.7283
2025-12-13 16:00:00,25.7748,2.01523,4.45942,21.3154,0.144087,0.119548,0.379405,78.0224
2025-12-13 17:00:00,36.8223,2.91916,14.2634,22.5589,0.38491,0.116676,0.398446,84.1957
2025-12-13 18:00:00,43.1897,3.26058,11.4305,31.7592,0.331633,0.181259,0.409712,103.587
2025-12-13 19:00:00,26.756,2.12552,6.62495,20.1311,0.200623,0.110221,0.380213,75.8189
2025-12-13 20:00:00,19.4153,1.90608,2.87865,16.5366,0.111873,0.090673,0.342066,65.7164
2025-12-13 21:00:00,15.4296,2.06665,2.29931,13.1303,0.086487,0.076836,0.323675,62.0713
2025-12-13 22:00:00,13.0685,1.96819,1.96517,11.1034,0.074121,0.064033,0.280798,51.9424
2025-12-13 23:00:00,10.7075,1.86974,1.63103,9.07646,0.061755,0.051229,0.237922,41.8135
2025-12-14 00:00:00,8.34644,1.77128,1.2969,7.04955,0.049389,0.038426,0.195045,31.6847
2025-12-14 01:00:00,5.98539,1.67283,0.962757,5.02263,0.037023,0.025622,0.152169,21.5558
2025-12-14 02:00:00,4.70029,1.57306,0.715531,3.98476,0.028174,0.017795,0.125749,15.3394
2025-12-14 03:00:00,4.36644,1.96864,0.929249,3.4372,0.035748,0.016013,0.109528,12.8476
2025-12-14 04:00:00,0.438309,0.890871,0.065691,0.372618,0.008023,0.006914,0.083661,3.9756
2025-12-14 05:00:00,0.291336,0.257364,0.038316,0.25302,0.002268,0.002812,0.066953,2.3417
2025-12-14 06:00:00,1.043,0.7865,0.1223,0.9206,0.0037,0.0047,0.0726,3.1488
2025-12-14 07:00:00,2.117,1.1827,0.12,1.997,0.0063,0.0107,0.0897,6.037
2025-12-14 08:00:00,3.9578,1.3829,0.31,3.6479,0.0142,0.018,0.1255,12.7151
2025-12-14 09:00:00,8.1704,1.9243,1.9632,6.2072,0.0856,0.0324,0.1952,30.6855
2025-12-14 10:00:00,13.8565,2.6056,2.0592,11.7973,0.079,0.0582,0.2604,47.3758
2025-12-14 11:00:00,17.8906,2.3956,2.625,15.2657,0.0945,0.0836,0.3202,57.8893
2025-12-14 12:00:00,19.6626,2.0171,3.2971,16.3656,0.1094,0.0949,0.3597,62.4934
2025-12-14 13:00:00,19.3966,1.8424,3.6856,15.711,0.1255,0.0924,0.3635,68.0816
2025-12-14 14:00:00,23.704,1.8282,3.7567,19.9473,0.1336,0.1095,0.3821,75.7818
2025-12-14 15:00:00,19.6856,1.6186,3.7875,15.8981,0.1048,0.0914,0.3455,61.658
2025-12-14 16:00:00,18.1315,1.5819,2.9888,15.1427,0.0988,0.0867,0.3555,64.0126
2025-12-14 17:00:00,19.3854,2.0583,2.7734,16.6119,0.1133,0.0947,0.3577,49.8507
2025-12-14 18:00:00,15.5283,1.6636,2.2801,13.2483,0.0931,0.0771,0.3492,62.8304
2025-12-14 19:00:00,13.985,1.3373,2.1884,11.7966,0.0797,0.0698,0.3257,63.1801
2025-12-14 20:00:00,14.2648,1.5401,2.3144,11.9504,0.0917,0.0723,0.3272,59.6283
2025-12-14 21:00:00,11.7448,1.5365,1.8019,9.943,0.0715,0.0588,0.2848,51.0493
2025-12-14 22:00:00,5.6069,1.4384,1.0411,4.5659,0.0861,0.0396,0.2579,48.2792
2025-12-14 23:00:00,9.873,2.5846,1.9685,7.9045,0.0809,0.0442,0.209,32.834
2025-12-15 00:00:00,17.2504,5.5718,2.3013,14.9491,0.108,0.0604,0.1926,26.6608
2025-12-15 01:00:00,5.9324,2.3137,0.7207,5.2117,0.0238,0.0334,0.1397,17.3176
2025-12-15 02:00:00,3.321,1.2872,0.4636,2.8574,0.0154,0.0125,0.0925,9.3067
2025-12-15 03:00:00,1.5999,0.7149,0.1162,1.4837,0.0069,0.0084,0.0847,8.548
2025-12-15 04:00:00,2.9276,1.4337,0.2882,2.6394,0.013,0.0123,0.0993,12.575
2025-12-15 05:00:00,0.6295,0.3501,0.2201,0.4094,0.0083,0.0032,0.0794,6.9939
2025-12-15 06:00:00,0.9335,0.4955,0.0626,0.8709,0.0036,0.0059,0.0767,5.8148
2025-12-15 07:00:00,1.7163,0.5791,0.212,1.5044,0.0103,0.0088,0.1106,12.2866
2025-12-15 08:00:00,4.61123,1.16269,0.41876,4.19247,0.019287,0.026543,0.153405,17.7609
2025-12-15 09:00:00,9.21487,2.28657,1.03128,8.18359,0.045695,0.035791,0.187432,23.0602
2025-12-15 10:00:00,10.1247,2.0041,1.64205,8.48267,0.072202,0.043012,0.238085,36.8704
2025-12-15 11:00:00,13.236,1.89411,2.37063,10.8654,0.094882,0.055988,0.28505,46.9084
2025-12-15 12:00:00,12.6683,1.55822,2.51642,10.1519,0.088756,0.05577,0.281314,44.7457
2025-12-15 13:00:00,13.9294,1.71123,2.237,11.6924,0.07332,0.056858,0.248029,40.6513
2025-12-15 14:00:00,14.0861,2.14989,2.03023,12.0559,0.071766,0.059796,0.2658,44.8356
2025-12-15 15:00:00,14.3208,2.28111,2.48318,11.8376,0.088104,0.063381,0.297234,51.6224
2025-12-15 16:00:00,12.3457,1.66474,1.89209,10.4536,0.070395,0.055032,0.267742,44.7635
2025-12-15 17:00:00,17.4387,2.05451,3.54021,13.8985,0.114797,0.071678,0.348668,66.4234
2025-12-15 18:00:00,15.8027,2.00899,2.21209,13.5906,0.078096,0.075044,0.3241,56.0047
2025-12-15 19:00:00,15.6115,1.99278,1.76344,13.848,0.081699,0.072298,0.330039,58.8045
2025-12-15 20:00:00,12.3163,1.5782,1.61388,10.7024,0.074516,0.054134,0.26705,43.8784
2025-12-15 21:00:00,10.8043,1.77703,1.46,9.34431,0.061961,0.04741,0.232186,37.069
2025-12-15 22:00:00,8.822,1.65021,1.6999,7.12211,0.080102,0.040928,0.207507,31.632
2025-12-15 23:00:00,8.89016,1.89072,0.9464,7.94376,0.038203,0.035865,0.176288,29.3524
2025-12-16 00:00:00,6.05092,1.53421,0.548222,5.5027,0.024867,0.023848,0.133358,19.0832
2025-12-16 01:00:00,4.68977,1.37611,0.4818,4.20797,0.018674,0.016273,0.11611,15.5803
2025-12-16 02:00:00,2.46975,0.86658,0.266517,2.20324,0.00962,0.008602,0.093794,10.9393
2025-12-16 03:00:00,3.88533,1.8021,0.207389,3.67794,0.008956,0.014728,0.091234,9.4654
2025-12-16 04:00:00,4.03949,1.65282,0.251977,3.78752,0.011532,0.015108,0.092871,9.1478
2025-12-16 05:00:00,3.1779,1.09886,0.186924,2.99097,0.00794,0.011834,0.087884,8.3598
2025-12-16 06:00:00,1.70066,0.541267,0.140157,1.56051,0.008054,0.007902,0.086389,6.4198
2025-12-16 07:00:00,3.87694,0.994088,0.33587,3.54107,0.01474,0.018472,0.124353,15.0562
2025-12-16 08:00:00,6.20288,1.02663,0.522256,5.68063,0.027072,0.030702,0.175651,22.5478
2025-12-16 09:00:00,8.2533,1.88949,0.453378,7.79993,0.02368,0.040909,0.17268,22.663
2025-12-16 10:00:00,7.76837,1.57637,0.852622,6.91574,0.03487,0.037047,0.204029,29.8075
2025-12-16 11:00:00,10.2565,1.59759,1.01541,9.24113,0.047577,0.049683,0.258983,39.34
2025-12-16 12:00:00,11.4829,1.2937,1.14936,10.3336,0.056164,0.06197,0.286327,46.6287
2025-12-16 13:00:00,13.7021,1.85515,1.10131,12.6008,0.056964,0.070124,0.288338,45.9957
2025-12-16 14:00:00,14.8009,2.11987,1.52391,13.277,0.074779,0.063554,0.279149,45.4271
2025-12-16 15:00:00,12.5997,2.18442,1.96672,10.633,0.079639,0.05536,0.26269,43.6671
2025-12-16 16:00:00,12.985,2.07031,1.28773,11.6973,0.045565,0.057658,0.258252,40.7922
2025-12-16 17:00:00,16.4259,2.44944,1.55021,14.8757,0.063605,0.080061,0.307896,53.3256
2025-12-16 18:00:00,17.3332,2.30618,2.92357,14.4096,0.116418,0.070062,0.344714,64.9678
2025-12-16 19:00:00,13.5133,1.63877,2.5116,11.0017,0.077288,0.061027,0.308833,56.0363
2025-12-16 20:00:00,11.9859,1.61014,1.63309,10.3528,0.062686,0.057115,0.281534,52.3845
2025-12-16 21:00:00,11.5157,1.84665,2.31456,9.20118,0.088559,0.049898,0.272431,46.5134
2025-12-16 22:00:00,14.0276,2.99863,2.39324,11.6343,0.091021,0.056969,0.27263,47.5477
2025-12-16 23:00:00,10.6635,4.55316,1.6067,9.05681,0.062408,0.043728,0.178539,29.7452
2025-12-17 00:00:00,11.8845,4.10659,1.77913,10.1053,0.059299,0.041918,0.154715,25.4447
2025-12-17 01:00:00,7.05726,2.56628,0.49711,6.56015,0.022632,0.029686,0.133474,22.1735
2025-12-17 02:00:00,5.00965,2.18762,0.452157,4.5575,0.016223,0.020541,0.108014,13.2792
2025-12-17 03:00:00,6.69016,3.48809,0.511455,6.17871,0.018276,0.021951,0.115851,14.2313
2025-12-17 04:00:00,2.15748,1.38123,0.108822,2.04866,0.005056,0.008078,0.080331,6.6305
2025-12-17 05:00:00,1.08962,0.864781,0.140421,0.949202,0.005319,0.005917,0.078366,3.9522
2025-12-17 06:00:00,1.5095,1.30354,0.10215,1.40735,0.004101,0.007276,0.0776,4.4636
2025-12-17 07:00:00,4.15347,1.67074,0.231811,3.92165,0.015159,0.023226,0.11682,12.5822
2025-12-17 08:00:00,9.33637,2.24216,0.861116,8.47525,0.059,0.048112,0.189058,23.3981
2025-12-17 09:00:00,6.44522,1.5201,0.670642,5.77457,0.036654,0.029707,0.171796,22.6508
2025-12-17 10:00:00,10.6771,2.03219,1.93073,8.74642,0.114121,0.042488,0.226609,34.843
2025-12-17 11:00:00,11.125,1.69227,1.93869,9.18632,0.069588,0.046555,0.248828,38.7724
2025-12-17 12:00:00,14.4792,1.90918,3.05937,11.4199,0.0794,0.062018,0.265078,44.1891
2025-12-17 13:00:00,13.5791,1.81393,2.1982,11.3809,0.075427,0.061579,0.261461,45.7325
2025-12-17 14:00:00,11.8014,1.48558,2.71086,9.09058,0.079541,0.053676,0.265056,45.7623
2025-12-17 15:00:00,14.2133,2.00696,2.64432,11.569,0.086293,0.062773,0.273479,47.4003
2025-12-17 16:00:00,12.4809,1.84739,2.34505,10.1359,0.080093,0.057712,0.268388,43.0984
2025-12-17 17:00:00,18.0176,2.15367,4.88477,13.1328,0.140898,0.078497,0.339389,65.9647
2025-12-17 18:00:00,16.8212,2.06649,2.86621,13.955,0.124468,0.082555,0.351546,60.6326
2025-12-17 19:00:00,12.2459,1.44579,2.97928,9.26659,0.097946,0.053515,0.281971,47.3252
2025-12-17 20:00:00,11.0744,1.36485,2.78421,8.29021,0.086564,0.052848,0.247443,38.0454
2025-12-17 21:00:00,8.80274,1.34065,1.76524,7.0375,0.063241,0.041843,0.237183,38.565
2025-12-17 22:00:00,10.2299,1.70271,1.5594,8.67047,0.073864,0.045641,0.23398,38.675
2025-12-17 23:00:00,9.32899,1.95987,1.46775,7.86124,0.076552,0.036488,0.194894,30.3861
2025-12-18 00:00:00,6.94632,1.75856,1.15643,5.78989,0.046279,0.026196,0.153138,21.1775
2025-12-18 01:00:00,5.80542,1.74337,1.12109,4.68432,0.042529,0.022592,0.141803,18.4156
2025-12-18 02:00:00,3.98354,1.46994,0.289038,3.69451,0.014671,0.014345,0.113784,13.0868
2025-12-18 03:00:00,4.1261,1.60674,0.247228,3.87888,0.012126,0.01405,0.107268,12.488
2025-12-18 04:00:00,3.09913,1.67702,0.685505,2.41362,0.039115,0.009772,0.105405,10.9848
2025-12-18 05:00:00,0.900496,0.522329,0.267116,0.63338,0.014632,0.003257,0.07557,4.5521
2025-12-18 06:00:00,0.743524,0.399744,0.075201,0.668323,0.00549,0.004562,0.0762,2.9727
2025-12-18 07:00:00,2.1518,0.719186,0.199077,1.95273,0.010837,0.010892,0.10103,8.2278
2025-12-18 08:00:00,4.61196,1.06808,0.441197,4.17077,0.019947,0.022827,0.144581,16.4464
2025-12-18 09:00:00,3.88269,0.935588,0.39235,3.49034,0.0287,0.021038,0.154529,17.8859
2025-12-18 10:00:00,5.01362,1.21808,1.36747,3.64616,0.128242,0.021744,0.175994,21.972
2025-12-18 11:00:00,9.61072,1.5202,2.2419,7.36882,0.085275,0.040109,0.253949,38.7893
2025-12-18 12:00:00,12.4466,1.69203,2.50505,9.94156,0.093633,0.056229,0.261168,42.0954
2025-12-18 13:00:00,11.4733,1.69423,2.35862,9.11471,0.085081,0.050869,0.257906,38.3712
2025-12-18 14:00:00,11.2075,1.74246,2.22495,8.98254,0.076296,0.049026,0.248022,38.586
2025-12-18 15:00:00,14.0111,2.0514,2.52354,11.4875,0.105752,0.062208,0.3221,47.9962
2025-12-18 16:00:00,10.8279,1.70733,1.91474,8.91316,0.077763,0.051904,0.267096,42.292
2025-12-18 17:00:00,16.855,2.38875,3.44311,13.4119,0.103214,0.074754,0.3263,56.8238
2025-12-18 18:00:00,15.4916,1.81613,2.75203,12.7396,0.079582,0.071136,0.314124,52.4446
2025-12-18 19:00:00,14.9598,1.79979,1.68914,13.2707,0.066733,0.071527,0.286475,47.8349
2025-12-18 20:00:00,11.7233,1.52807,1.7609,9.96241,0.07898,0.055998,0.287636,44.9547
2025-12-18 21:00:00,8.05161,1.53892,1.10619,6.94542,0.049872,0.039782,0.225209,36.6445
2025-12-18 22:00:00,6.67141,1.52524,0.849497,5.82191,0.03721,0.030511,0.185267,29.8468
2025-12-18 23:00:00,6.44784,2.09481,0.674942,5.77289,0.028231,0.028008,0.161199,24.8304
2025-12-19 00:00:00,4.39173,1.73724,0.903078,3.48865,0.03137,0.022152,0.134154,17.993
2025-12-19 01:00:00,5.1955,2.76946,0.358454,4.83704,0.016159,0.018585,0.125407,18.8442
2025-12-19 02:00:00,4.56244,2.20195,0.800552,3.76188,0.020234,0.023051,0.122398,12.8365
2025-12-19 03:00:00,3.25893,2.11071,0.285976,2.97295,0.009547,0.014572,0.092548,9.9378
2025-12-19 04:00:00,2.89849,2.37581,0.191173,2.70732,0.009831,0.018581,0.083735,6.435
2025-12-19 05:00:00,3.04042,2.38107,0.203795,2.83662,0.010397,0.019237,0.08565,6.81551
2025-12-19 06:00:00,3.18235,2.38632,0.216417,2.96593,0.010963,0.019894,0.087565,7.19602
2025-12-19 07:00:00,3.32427,2.39158,0.229038,3.09524,0.011529,0.02055,0.089479,7.57654
2025-12-19 08:00:00,,,,,,,,
2025-12-19 09:00:00,,,,,,,,
2025-12-19 10:00:00,,,,,,,,
2025-12-19 11:00:00,,,,,,,,
2025-12-19 12:00:00,,,,,,,,
2025-12-19 13:00:00,,,,,,,,
2025-12-19 14:00:00,,,,,,,,
2025-12-19 15:00:00,,,,,,,,
2025-12-19 16:00:00,,,,,,,,
2025-12-19 17:00:00,,,,,,,,
2025-12-19 18:00:00,,,,,,,,
2025-12-19 19:00:00,,,,,,,,
2025-12-19 20:00:00,,,,,,,,
2025-12-19 21:00:00,,,,,,,,
2025-12-19 22:00:00,,,,,,,,
2025-12-19 23:00:00,,,,,,,,
2025-12-20 00:00:00,,,,,,,,
2025-12-20 01:00:00,,,,,,,,
2025-12-20 02:00:00,,,,,,,,
2025-12-20 03:00:00,,,,,,,,
2025-12-20 04:00:00,,,,,,,,
2025-12-20 05:00:00,,,,,,,,
2025-12-20 06:00:00,,,,,,,,
2025-12-20 07:00:00,,,,,,,,
2025-12-20 08:00:00,,,,,,,,
2025-12-20 09:00:00,,,,,,,,
2025-12-20 10:00:00,,,,,,,,
2025-12-20 11:00:00,,,,,,,,
2025-12-20 12:00:00,,,,,,,,
2025-12-20 13:00:00,,,,,,,,
2025-12-20 14:00:00,,,,,,,,
2025-12-20 15:00:00,,,,,,,,
2025-12-20 16:00:00,,,,,,,,
2025-12-20 17:00:00,,,,,,,,
2025-12-20 18:00:00,,,,,,,,
2025-12-20 19:00:00,,,,,,,,
2025-12-20 20:00:00,,,,,,,,
2025-12-20 21:00:00,,,,,,,,
2025-12-20 22:00:00,,,,,,,,
2025-12-20 23:00:00,,,,,,,,
2025-12-21 00:00:00,,,,,,,,
2025-12-21 01:00:00,,,,,,,,
2025-12-21 02:00:00,,,,,,,,
2025-12-21 03:00:00,,,,,,,,
2025-12-21 04:00:00,,,,,,,,
2025-12-21 05:00:00,,,,,,,,
2025-12-21 06:00:00,,,,,,,,
2025-12-21 07:00:00,,,,,,,,
2025-12-21 08:00:00,,,,,,,,
2025-12-21 09:00:00,,,,,,,,
2025-12-21 10:00:00,,,,,,,,
2025-12-21 11:00:00,,,,,,,,
2025-12-21 12:00:00,,,,,,,,
2025-12-21 13:00:00,,,,,,,,
2025-12-21 14:00:00,,,,,,,,
2025-12-21 15:00:00,,,,,,,,
2025-12-21 16:00:00,,,,,,,,
2025-12-21 17:00:00,,,,,,,,
2025-12-21 18:00:00,,,,,,,,
2025-12-21 19:00:00,,,,,,,,
2025-12-21 20:00:00,,,,,,,,
2025-12-21 21:00:00,,,,,,,,
2025-12-21 22:00:00,,,,,,,,
2025-12-21 23:00:00,,,,,,,,
2025-12-22 00:00:00,,,,,,,,
2025-12-22 01:00:00,,,,,,,,
2025-12-22 02:00:00,,,,,,,,
2025-12-22 03:00:00,,,,,,,,
2025-12-22 04:00:00,,,,,,,,
2025-12-22 05:00:00,,,,,,,,
2025-12-22 06:00:00,,,,,,,,
2025-12-22 07:00:00,,,,,,,,
2025-12-22 08:00:00,,,,,,,,
2025-12-22 09:00:00,,,,,,,,
2025-12-22 10:00:00,,,,,,,,
2025-12-22 11:00:00,,,,,,,,
2025-12-22 12:00:00,,,,,,,,
2025-12-22 13:00:00,,,,,,,,
2025-12-22 14:00:00,,,,,,,,
2025-12-22 15:00:00,14.6785,2.81197,1.23878,13.4397,0.056805,0.073056,0.242653,38.0175
2025-12-22 16:00:00,12.878,2.12368,1.51283,11.3652,0.061124,0.056903,0.269936,43.9313
2025-12-22 17:00:00,12.3511,1.69658,1.71523,10.6359,0.07403,0.062112,0.278112,45.0744
2025-12-22 18:00:00,15.9712,1.83872,2.35152,13.6196,0.089914,0.080121,0.345626,62.8401
2025-12-22 19:00:00,12.0715,1.51424,2.52047,9.55103,0.081793,0.05499,0.30427,47.8904
2025-12-22 20:00:00,13.5409,1.92397,2.5017,11.0392,0.0845,0.056487,0.292924,49.2248
2025-12-22 21:00:00,9.81839,1.72434,2.31591,7.50248,0.072818,0.042757,0.243328,43.0599
2025-12-22 22:00:00,10.93,2.32258,1.80377,9.12627,0.08275,0.046681,0.237692,40.9911
2025-12-22 23:00:00,9.26954,2.35148,1.93683,7.33271,0.072199,0.037257,0.191568,32.0561
2025-12-23 00:00:00,8.49248,2.44177,0.766196,7.72628,0.035522,0.032385,0.164537,27.2174
2025-12-23 01:00:00,6.95409,2.37179,0.620405,6.33368,0.029402,0.028511,0.140583,20.5538
2025-12-23 02:00:00,2.13806,1.29266,0.1826,1.95546,0.01107,0.010133,0.102749,11.0571
2025-12-23 03:00:00,4.03304,2.4773,2.43716,1.59588,0.05893,0.006998,0.102627,10.6285
2025-12-23 04:00:00,2.48108,1.6764,0.1883,2.29278,0.008301,0.009027,0.097475,10.6466
2025-12-23 05:00:00,0.414897,0.263594,0.037012,0.377885,0.002274,0.002535,0.074393,3.734
2025-12-23 06:00:00,0.536749,0.322565,0.064853,0.471896,0.00318,0.003291,0.071297,2.7487
2025-12-23 07:00:00,4.20044,1.691,0.199825,4.00061,0.011796,0.020228,0.110685,11.4294
2025-12-23 08:00:00,5.7985,1.45618,0.588674,5.20983,0.023583,0.030257,0.172346,22.3468
2025-12-23 09:00:00,4.25133,1.10138,0.847177,3.40415,0.032916,0.017346,0.161048,19.5653
2025-12-23 10:00:00,7.90982,1.92734,1.52482,6.38499,0.066741,0.035471,0.191269,26.2222
2025-12-23 11:00:00,7.82531,1.38747,1.60386,6.22145,0.068562,0.039397,0.234604,32.9772
2025-12-23 12:00:00,12.0567,1.73728,2.61515,9.44159,0.071571,0.050883,0.260757,40.4792
2025-12-23 13:00:00,13.6994,2.42897,2.09756,11.6018,0.074859,0.06441,0.257766,42.8914
2025-12-23 14:00:00,11.5138,1.77026,2.00225,9.51154,0.063931,0.054212,0.251752,30.0948
2025-12-23 15:00:00,12.3651,1.90643,2.30455,10.0606,0.076489,0.056182,0.269096,45.5901
2025-12-23 16:00:00,14.2273,2.20373,2.4936,11.7337,0.07944,0.06898,0.294441,46.2834
2025-12-23 17:00:00,15.7251,2.36042,2.48917,13.2359,0.081022,0.070472,0.29566,49.2861
2025-12-23 18:00:00,14.025,1.70496,1.36904,12.6559,0.061307,0.075259,0.295961,50.0897
2025-12-23 19:00:00,14.1932,1.90309,2.17572,12.0175,0.085449,0.069635,0.288031,46.3428
2025-12-23 20:00:00,12.323,1.65187,2.2349,10.0881,0.071827,0.056632,0.26065,42.1081
2025-12-23 21:00:00,27.582,4.54699,1.36069,26.2213,0.055399,0.107494,0.243399,25.7937
2025-12-23 22:00:00,10.4543,2.22622,1.85368,8.60065,0.067187,0.039615,0.216901,36.5342
2025-12-23 23:00:00,8.9459,1.928,1.37353,7.57237,0.050669,0.036524,0.18856,29.8457
2025-12-24 00:00:00,5.92173,1.82995,0.919198,5.00253,0.045124,0.024883,0.152404,22.6558
2025-12-24 01:00:00,3.50035,1.73628,0.302911,3.19744,0.013182,0.014307,0.102883,11.0973
2025-12-24 02:00:00,5.16503,3.33228,0.262454,4.90257,0.014019,0.018986,0.112205,13.3958
2025-12-24 03:00:00,3.62497,2.446,0.201304,3.42367,0.009331,0.015558,0.088358,8.4001
2025-12-24 04:00:00,1.97981,1.74586,0.200165,1.77964,0.008583,0.007729,0.077221,5.5803
2025-12-24 05:00:00,2.19006,2.6643,0.141261,2.0488,0.008458,0.012888,0.075609,3.2323
2025-12-24 06:00:00,0.912186,0.832286,0.061698,0.850488,0.008128,0.006328,0.07819,2.8914
2025-12-24 07:00:00,2.85267,1.30021,0.151028,2.70164,0.009218,0.015438,0.10262,8.4036
2025-12-24 08:00:00,4.5798,1.24926,0.56265,4.01715,0.019916,0.024973,0.145918,17.9005
2025-12-24 09:00:00,4.2095,1.06516,0.796471,3.41303,0.038492,0.021291,0.150711,16.6171
2025-12-24 10:00:00,13.1342,2.94622,1.72386,11.4104,0.080864,0.042921,0.208407,31.3721
2025-12-24 11:00:00,12.1124,1.64347,2.34678,9.76562,0.079753,0.056348,0.262979,41.3757
2025-12-24 12:00:00,14.0592,1.80431,3.28677,10.7724,0.117151,0.066384,0.29627,50.5754
2025-12-24 13:00:00,12.7332,2.04385,2.42359,10.3096,0.087046,0.059353,0.268684,41.9965
2025-12-24 14:00:00,11.8626,1.7616,2.28864,9.57397,0.089751,0.056195,0.28081,44.8989
2025-12-24 15:00:00,10.1406,1.4671,1.87662,8.26395,0.068464,0.046602,0.253427,39.3338
2025-12-24 16:00:00,13.1532,1.88658,2.55071,10.6025,0.092989,0.059867,0.297182,47.5185
2025-12-24 17:00:00,15.3282,1.77327,2.49389,12.8343,0.098982,0.077963,0.331423,53.5785
2025-12-24 18:00:00,15.4075,1.5674,2.75242,12.6551,0.103991,0.072961,0.347682,61.9615
2025-12-24 19:00:00,19.418,1.78671,3.16033,16.2577,0.115556,0.093382,0.358736,69.3252
2025-12-24 20:00:00,20.8379,2.12155,3.2447,17.5932,0.137521,0.095604,0.371781,72.9455
2025-12-24 21:00:00,15.7452,2.0988,2.1168,13.6284,0.085663,0.073993,0.334317,58.2213
2025-12-24 22:00:00,14.008,2.44894,1.92992,12.078,0.080806,0.062133,0.290676,50.5009
2025-12-24 23:00:00,12.0159,2.96397,1.64267,10.3733,0.070774,0.051773,0.216613,37.5322
2025-12-25 00:00:00,9.85558,3.72753,1.70409,8.15149,0.056122,0.035989,0.178772,31.4118
2025-12-25 01:00:00,4.89088,1.85965,0.532187,4.35869,0.02179,0.023246,0.132116,19.436
2025-12-25 02:00:00,5.666,2.2755,0.597245,5.06876,0.019212,0.024032,0.122702,16.0293
2025-12-25 03:00:00,4.88642,2.56102,0.787818,4.0986,0.036432,0.016499,0.113577,14.7061
2025-12-25 04:00:00,3.45249,2.0026,0.169825,3.28267,0.009256,0.013192,0.099132,12.6203
2025-12-25 05:00:00,1.49809,1.14358,0.090478,1.40761,0.005922,0.007236,0.084231,8.5007
2025-12-25 06:00:00,1.21841,0.953371,0.091004,1.1274,0.005839,0.007096,0.09019,9.1023
2025-12-25 07:00:00,1.69077,0.706845,0.321201,1.36957,0.011462,0.00862,0.100802,8.2447
2025-12-25 08:00:00,4.63105,1.0506,0.43194,4.19911,0.023811,0.02948,0.160065,19.0436
2025-12-25 09:00:00,5.55436,1.15909,0.879897,4.67446,0.060452,0.030439,0.185553,24.5123
2025-12-25 10:00:00,6.80765,1.37528,1.57827,5.22939,0.101532,0.035795,0.211224,28.7418
2025-12-25 11:00:00,10.1341,1.43057,2.1276,8.00654,0.081702,0.045946,0.266449,42.3018
2025-12-25 12:00:00,10.5996,1.58963,2.79704,7.80261,0.088833,0.050749,0.270694,41.8483
2025-12-25 13:00:00,14.1886,2.01945,2.95113,11.2375,0.094178,0.063942,0.264885,41.3421
2025-12-25 14:00:00,15.8336,2.07682,2.87359,12.9601,0.118811,0.080333,0.306559,54.0902
2025-12-25 15:00:00,19.4378,2.58481,2.91236,16.5254,0.10713,0.088703,0.335341,58.3508
2025-12-25 16:00:00,23.6493,2.74418,3.26777,20.3816,0.136736,0.110478,0.349917,69.582
2025-12-25 17:00:00,25.6674,2.24483,5.27345,20.3939,0.199059,0.116464,0.396589,93.1365
2025-12-25 18:00:00,19.9793,1.65227,2.72221,17.2571,0.105697,0.099379,0.373056,74.7131
2025-12-25 19:00:00,20.1983,1.79732,2.51161,17.6867,0.106333,0.100977,0.374333,70.6082
2025-12-25 20:00:00,15.1378,1.54499,2.80187,12.3359,0.104662,0.075204,0.32773,57.2574
2025-12-25 21:00:00,15.5853,1.85275,1.91109,13.6742,0.078069,0.07537,0.302219,50.5593
2025-12-25 22:00:00,16.0619,1.97369,2.13743,13.9245,0.08436,0.076521,0.32221,56.7953
2025-12-25 23:00:00,9.60811,1.71146,1.51273,8.09539,0.103806,0.047129,0.228858,34.8684
2025-12-26 00:00:00,9.54066,2.528,1.03229,8.50837,0.040267,0.039362,0.16667,28.4103
2025-12-26 01:00:00,7.20962,2.08853,0.534608,6.67501,0.025383,0.033744,0.148791,24.4093
2025-12-26 02:00:00,6.14307,2.3609,0.52398,5.61909,0.027295,0.028686,0.143458,20.2686
2025-12-26 03:00:00,2.50799,1.12871,0.15642,2.35157,0.008906,0.011994,0.093681,9.8747
2025-12-26 04:00:00,2.90854,1.48244,0.359309,2.54923,0.017304,0.011138,0.091912,6.7751
2025-12-26 05:00:00,2.15274,1.27835,0.511924,1.64081,0.01312,0.008434,0.090861,4.539
2025-12-26 06:00:00,0.934085,0.552059,0.067228,0.866857,0.003364,0.006062,0.073012,3.1577
2025-12-26 07:00:00,2.05365,0.710115,0.21029,1.84336,0.008283,0.012193,0.099856,8.3267
2025-12-26 08:00:00,3.74945,0.7112,0.459273,3.29017,0.025096,0.021527,0.1523,16.5295
2025-12-26 09:00:00,4.48778,0.912892,0.631283,3.85649,0.040529,0.025422,0.167432,20.9884
2025-12-26 10:00:00,8.25822,1.79918,1.80852,6.4497,0.12224,0.042457,0.231761,34.0875
2025-12-26 11:00:00,8.54157,1.47015,1.62363,6.91794,0.090328,0.046491,0.230772,34.534
2025-12-26 12:00:00,12.0849,1.77354,1.89591,10.189,0.087546,0.073646,0.30067,48.021
2025-12-26 13:00:00,11.9932,1.79592,1.38359,10.6096,0.05371,0.06339,0.258345,41.3359
2025-12-26 14:00:00,12.9732,1.88619,1.2728,11.7004,0.064631,0.076272,0.266507,41.6876
2025-12-26 15:00:00,15.2955,1.86167,1.39267,13.9028,0.0607,0.073953,0.281294,45.7265
2025-12-26 16:00:00,11.1633,1.67215,1.19163,9.97162,0.049175,0.05896,0.266614,43.4647
2025-12-26 17:00:00,16.2103,1.83665,1.48589,14.7244,0.064732,0.077831,0.321677,55.2372
2025-12-26 18:00:00,15.3058,1.74564,1.63929,13.6665,0.082177,0.083859,0.347637,65.1049
2025-12-26 19:00:00,16.0044,1.86706,3.39643,12.608,0.13827,0.076442,0.342766,58.1723
2025-12-26 20:00:00,13.9832,1.56939,2.07587,11.9074,0.08505,0.07023,0.297065,48.943
2025-12-26 21:00:00,13.7064,2.06733,2.59359,11.1128,0.120624,0.062666,0.28471,51.3908
2025-12-26 22:00:00,15.4085,2.38966,2.6178,12.7907,0.08268,0.065774,0.296929,56.5049
2025-12-26 23:00:00,16.2666,3.22621,2.70092,13.5657,0.108283,0.065138,0.279074,50.3249
2025-12-27 00:00:00,15.9792,4.32338,3.32774,12.6515,0.10473,0.046717,0.20812,35.0149
2025-12-27 01:00:00,10.889,3.37121,1.71285,9.17615,0.059323,0.035677,0.166138,26.9828
2025-12-27 02:00:00,8.04029,2.84511,2.52215,5.51814,0.066567,0.023759,0.130263,19.4574
2025-12-27 03:00:00,1.36306,0.591095,0.443607,0.919457,0.015619,0.005493,0.086437,6.9713
2025-12-27 04:00:00,1.08564,0.542819,0.154274,0.931363,0.006343,0.005568,0.083105,4.9235
2025-12-27 05:00:00,0.897882,0.524464,0.109681,0.788201,0.004123,0.004282,0.070315,2.7669
2025-12-27 06:00:00,0.463398,0.276161,0.048578,0.41482,0.003149,0.003915,0.072064,2.3633
2025-12-27 07:00:00,1.53785,0.572544,0.100797,1.43706,0.004723,0.009144,0.088892,4.4418
2025-12-27 08:00:00,4.51335,1.02344,0.296137,4.21722,0.015231,0.025152,0.135398,15.0361
2025-12-27 09:00:00,11.5249,2.49566,1.57423,9.95071,0.08427,0.048751,0.197421,28.7892
2025-12-27 10:00:00,10.1448,1.83318,2.18459,7.96024,0.108975,0.044334,0.217299,32.7778
2025-12-27 11:00:00,13.1074,1.96454,2.79582,10.3116,0.106325,0.05613,0.286691,47.3699
2025-12-27 12:00:00,15.2227,1.69782,3.37753,11.8452,0.121998,0.077679,0.330019,58.2123
2025-12-27 13:00:00,25.2773,2.5543,4.36019,20.9171,0.154322,0.111703,0.372851,70.7433
2025-12-27 14:00:00,22.652,2.04884,4.88707,17.765,0.151869,0.105954,0.387225,74.8239
2025-12-27 15:00:00,22.2537,2.11256,5.25394,16.9998,0.153855,0.104904,0.384743,75.401
2025-12-27 16:00:00,20.6973,1.83033,3.23549,17.4619,0.11807,0.105135,0.38763,74.6243
2025-12-27 17:00:00,38.2855,2.76829,4.61106,33.6744,0.18716,0.170557,0.410572,103.748
2025-12-27 18:00:00,33.8577,2.02935,5.88623,27.9715,0.233519,0.168089,0.408135,109.073
2025-12-27 19:00:00,24.8058,1.40655,3.54942,21.2564,0.149168,0.136758,0.403934,95.5506
2025-12-27 20:00:00,19.2313,1.38275,3.38003,15.8512,0.151973,0.102515,0.39289,80.49
2025-12-27 21:00:00,14.5637,1.4391,2.79273,11.7709,0.128771,0.077586,0.383409,62.3049
2025-12-27 22:00:00,15.2587,1.88565,2.30491,12.9538,0.109521,0.069862,0.330183,60.8141
2025-12-27 23:00:00,11.0029,1.71384,1.40214,9.60071,0.069322,0.050209,0.251502,45.9381
2025-12-28 00:00:00,8.25773,1.88791,0.940755,7.31697,0.046777,0.038865,0.201491,37.2427
2025-12-28 01:00:00,7.8253,1.87747,0.62313,7.20217,0.034398,0.035063,0.17106,26.4924
2025-12-28 02:00:00,2.68106,0.79604,0.325399,2.35567,0.017367,0.01273,0.120369,13.9241
2025-12-28 03:00:00,3.25933,1.12313,0.220831,3.0385,0.014825,0.012556,0.104567,9.5382
2025-12-28 04:00:00,3.1941,1.51811,0.192089,3.00201,0.011017,0.012144,0.099271,8.4133
2025-12-28 05:00:00,0.237646,0.14368,0.031076,0.20657,0.001862,0.001597,0.067715,2.367
2025-12-28 06:00:00,0.536647,0.33709,0.053752,0.482895,0.002465,0.003763,0.071606,2.9938
2025-12-28 07:00:00,0.458969,0.284367,0.109232,0.349737,0.005083,0.003868,0.075752,2.6205
2025-12-28 08:00:00,3.36222,1.2103,0.473765,2.88845,0.019539,0.016617,0.130565,13.2574
2025-12-28 09:00:00,6.12437,1.64104,1.34882,4.77555,0.055539,0.023865,0.168258,20.3805
2025-12-28 10:00:00,11.8455,2.44439,2.00531,9.84021,0.074629,0.043798,0.230208,35.871
2025-12-28 11:00:00,12.173,1.63748,2.18495,9.98805,0.068968,0.058837,0.272555,44.6851
2025-12-28 12:00:00,12.8889,1.56115,2.62708,10.2618,0.088263,0.063568,0.301221,49.8018
2025-12-28 13:00:00,17.8939,2.07201,4.15148,13.7424,0.153974,0.076308,0.322073,53.7051
2025-12-28 14:00:00,16.587,1.77934,2.79735,13.7897,0.092521,0.082159,0.338596,57.7055
2025-12-28 15:00:00,15.9307,1.66395,2.76938,13.1613,0.091517,0.077774,0.329261,54.8963
2025-12-28 16:00:00,16.8099,1.76205,2.99407,13.8159,0.105443,0.079264,0.34798,62.581
2025-12-28 17:00:00,16.5528,1.64443,2.59889,13.954,0.082455,0.081346,0.339606,62.7436
2025-12-28 18:00:00,19.5586,1.93267,3.88634,15.6722,0.170017,0.083356,0.361951,66.1164
2025-12-28 19:00:00,17.8781,1.67304,2.8838,14.9943,0.115067,0.085646,0.346644,64.3411
2025-12-28 20:00:00,13.4618,1.61219,1.94014,11.5216,0.079195,0.069774,0.301013,47.494
2025-12-28 21:00:00,11.7585,1.99838,3.34301,8.41545,0.129243,0.049651,0.266998,40.8506
2025-12-28 22:00:00,11.8321,2.16388,2.40041,9.43169,0.097119,0.045801,0.237179,42.2762
2025-12-28 23:00:00,10.3349,2.75157,2.87343,7.46146,0.086138,0.035638,0.22338,38.5905
2025-12-29 00:00:00,7.40069,3.23457,1.41055,5.99015,0.041832,0.027426,0.151494,21.6093
2025-12-29 01:00:00,4.52861,2.0927,0.558391,3.97022,0.02171,0.017527,0.121345,11.3276
2025-12-29 02:00:00,3.07095,1.91456,0.325304,2.74565,0.014922,0.013231,0.098043,10.2242
2025-12-29 03:00:00,2.81259,1.48814,0.275454,2.53714,0.012288,0.012883,0.093833,9.2816
2025-12-29 04:00:00,1.10612,1.24563,0.06937,1.03675,0.003184,0.00535,0.071525,3.5349
2025-12-29 05:00:00,0.555682,0.661526,0.037309,0.518373,0.002139,0.002955,0.065575,1.941
2025-12-29 06:00:00,0.191182,0.204691,0.026364,0.164818,0.001546,0.00133,0.066136,1.7443
2025-12-29 07:00:00,1.82107,0.882301,0.178131,1.64294,0.008549,0.010647,0.093276,6.3398
2025-12-29 08:00:00,4.09333,1.39895,0.676849,3.41648,0.031076,0.023267,0.147845,17.2681
2025-12-29 09:00:00,5.98374,1.89359,1.43929,4.54445,0.05832,0.026237,0.172744,24.1051
2025-12-29 10:00:00,5.81539,1.58804,1.65617,4.15923,0.06833,0.024924,0.192858,27.1789
2025-12-29 11:00:00,8.69728,1.72428,2.02615,6.67113,0.08374,0.039898,0.235868,37.6209
2025-12-29 12:00:00,12.8575,1.871,2.42124,10.4363,0.099769,0.063186,0.286348,50.7262
2025-12-29 13:00:00,11.1112,2.05458,2.11968,8.99151,0.084454,0.053008,0.257528,41.7127
2025-12-29 14:00:00,15.7392,2.24525,2.81793,12.9213,0.10271,0.069865,0.303582,53.86
2025-12-29 15:00:00,8.61427,1.64961,2.05843,6.55584,0.106513,0.054342,0.271998,47.3273
2025-12-29 16:00:00,16.1517,2.36205,3.96652,12.1852,0.120374,0.064113,0.288628,50.3232
2025-12-29 17:00:00,17.8278,1.96688,2.79694,15.0309,0.092262,0.083098,0.343897,59.0426
2025-12-29 18:00:00,19.1585,2.29774,2.36122,16.7973,0.080533,0.084526,0.324044,56.4154
2025-12-29 19:00:00,14.2812,1.67856,2.30488,11.9763,0.085066,0.064982,0.307849,52.1724
2025-12-29 20:00:00,11.2201,1.3564,1.57773,9.6424,0.067948,0.052548,0.260196,43.2548
2025-12-29 21:00:00,7.777,1.21364,1.48294,6.29406,0.051693,0.037449,0.207143,31.812
2025-12-29 22:00:00,8.45635,1.52147,1.73833,6.71802,0.079137,0.037217,0.198947,31.8939
2025-12-29 23:00:00,6.39723,2.00289,0.771728,5.6255,0.063827,0.042167,0.197328,32.4937
2025-12-30 00:00:00,8.10091,2.54906,1.39675,6.70416,0.043115,0.03299,0.160254,24.5517
2025-12-30 01:00:00,6.65979,2.53224,0.814298,5.84549,0.027788,0.028644,0.138294,18.8095
2025-12-30 02:00:00,2.55244,1.23425,0.226401,2.32603,0.011923,0.013156,0.092447,8.5453
2025-12-30 03:00:00,3.19803,1.73995,0.298475,2.89956,0.012806,0.01377,0.098469,11.4998
2025-12-30 04:00:00,1.99226,0.978518,0.15222,1.84004,0.006446,0.007403,0.084791,7.3013
2025-12-30 05:00:00,1.0362,0.795851,0.095853,0.940344,0.003725,0.005822,0.075228,5.4458
2025-12-30 06:00:00,1.7998,1.01683,0.122536,1.67726,0.004249,0.00925,0.081544,5.4746
2025-12-30 07:00:00,2.7694,1.08604,0.209263,2.56014,0.009935,0.015485,0.108066,10.4064
2025-12-30 08:00:00,4.55257,1.19365,0.47203,4.08054,0.020918,0.024377,0.149873,17.0485
2025-12-30 09:00:00,6.88406,1.92077,0.733074,6.15098,0.043809,0.028274,0.214749,27.3561
2025-12-30 10:00:00,8.5461,1.77158,1.51649,7.02961,0.121127,0.038498,0.224647,33.2782
2025-12-30 11:00:00,11.648,1.81716,1.88548,9.76248,0.090201,0.053082,0.268082,44.0821
2025-12-30 12:00:00,12.9506,1.91634,2.17739,10.7732,0.076196,0.053686,0.269137,42.5038
2025-12-30 13:00:00,13.7925,2.29646,2.32352,11.469,0.072693,0.062523,0.273975,44.2273
2025-12-30 14:00:00,12.539,1.96537,2.41992,10.1191,0.076936,0.058488,0.277155,41.2327
2025-12-30 15:00:00,9.6736,1.61604,2.37567,7.29793,0.085523,0.044497,0.253236,37.292
2025-12-30 16:00:00,13.7271,1.84256,2.16109,11.566,0.077945,0.060735,0.300046,50.112
2025-12-30 17:00:00,12.2592,1.82375,1.86186,10.3974,0.075347,0.061715,0.297439,46.8076
2025-12-30 18:00:00,15.1863,2.18948,3.50917,11.6771,0.11672,0.068685,0.319784,53.6608
2025-12-30 19:00:00,13.1763,2.04791,2.13551,11.0408,0.076928,0.056179,0.272271,44.5593
2025-12-30 20:00:00,11.0361,1.67315,2.38018,8.65589,0.071945,0.046425,0.250817,40.964
2025-12-30 21:00:00,9.2559,1.72814,1.56446,7.69144,0.046702,0.041407,0.218951,33.8383
2025-12-30 22:00:00,10.0857,2.31217,2.49733,7.58837,0.077406,0.039287,0.235378,41.9312
2025-12-30 23:00:00,12.3572,3.86646,1.33632,11.0209,0.045445,0.050324,0.209899,37.1366
2025-12-31 00:00:00,6.73832,2.39627,0.573704,6.16462,0.030212,0.02888,0.161251,27.2498
2025-12-31 01:00:00,6.95624,2.49865,0.493411,6.46283,0.022977,0.028372,0.144921,20.3142
2025-12-31 02:00:00,5.99132,2.89156,0.408893,5.58243,0.016507,0.020306,0.119776,14.0291
2025-12-31 03:00:00,4.68261,3.96831,0.156963,4.52565,0.009089,0.015783,0.111534,10.7725
2025-12-31 04:00:00,3.92783,3.17786,0.144016,3.78382,0.008677,0.013704,0.107709,9.4523
2025-12-31 05:00:00,1.7212,1.52318,0.097294,1.6239,0.004026,0.008505,0.082422,3.9495
2025-12-31 06:00:00,0.259977,0.218836,0.033806,0.226171,0.002204,0.001548,0.069061,2.1374
2025-12-31 07:00:00,2.38923,1.20425,0.185382,2.20385,0.008141,0.013471,0.100475,7.9356
2025-12-31 08:00:00,3.65271,0.969402,0.326586,3.32612,0.017344,0.021573,0.135658,14.1571
2025-12-31 09:00:00,5.01912,1.44727,0.487138,4.53199,0.022786,0.025673,0.159535,17.819
2025-12-31 10:00:00,6.14757,1.50161,1.47695,4.67062,0.083425,0.024538,0.191878,25.5991
2025-12-31 11:00:00,10.6465,1.885,2.02604,8.62044,0.081738,0.048624,0.261568,39.4708
2025-12-31 12:00:00,11.3145,1.49072,2.30586,9.00867,0.091236,0.055501,0.266188,43.0643
2025-12-31 13:00:00,15.5664,1.90624,2.51655,13.0498,0.097114,0.073185,0.299464,48.8907
2025-12-31 14:00:00,19.3433,2.25236,3.30261,16.0407,0.116073,0.082928,0.324719,58.8205
2025-12-31 15:00:00,18.3771,1.9663,3.3037,15.0734,0.103739,0.083341,0.338179,61.3062
2025-12-31 16:00:00,20.8731,2.02063,4.08894,16.7842,0.128068,0.098876,0.368602,71.2305
2025-12-31 17:00:00,26.7597,2.16537,4.74073,22.0189,0.15304,0.138258,0.406044,92.1255
2025-12-31 18:00:00,39.9478,2.30114,5.96029,33.9876,0.211815,0.213381,0.421084,129.418
2025-12-31 19:00:00,38.3181,1.87155,5.59864,32.7195,0.223108,0.23811,0.426985,148.879
2025-12-31 20:00:00,46.8712,1.95852,9.98613,36.8851,0.299201,0.287184,0.438184,178.596
2025-12-31 21:00:00,48.5785,2.02664,7.81201,40.7665,0.292202,0.300992,0.441386,174.665
2025-12-31 22:00:00,47.6817,1.98327,7.7062,39.9755,0.295373,0.293,0.431177,150.911
2025-12-31 23:00:00,49.5619,2.15168,7.15041,42.4115,0.32389,0.290084,0.438989,150.061
2026-01-01 00:00:00,92.9478,3.15912,28.8937,64.0541,0.694552,0.492037,0.496366,274.727
2026-01-01 01:00:00,72.75,3.2788,15.5359,57.2141,0.430971,0.346629,0.506019,201.03
2026-01-01 02:00:00,37.0351,2.69151,6.16494,30.8702,0.231069,0.175854,0.41235,120.286
2026-01-01 03:00:00,23.2315,2.66599,3.22323,20.0082,0.125336,0.098307,0.343045,69.3646
2026-01-01 04:00:00,13.6549,2.41508,1.49531,12.1595,0.063008,0.053244,0.214154,35.5033
2026-01-01 05:00:00,6.2222,1.86182,0.452598,5.76961,0.023,0.022774,0.132406,17.5119
2026-01-01 06:00:00,3.18704,1.14642,0.226806,2.96023,0.011926,0.016799,0.103758,10.0981
2026-01-01 07:00:00,3.31251,1.19241,0.305032,3.00748,0.012883,0.014738,0.108618,11.3505
2026-01-01 08:00:00,6.41692,1.83655,1.40099,5.01593,0.058757,0.023674,0.153675,21.1632
2026-01-01 09:00:00,10.5886,2.1118,1.87998,8.70858,0.07891,0.042094,0.208811,31.1978
2026-01-01 10:00:00,15.1891,2.33105,2.49931,12.6898,0.091833,0.060264,0.294805,46.9359
2026-01-01 11:00:00,27.0016,2.89966,3.91371,23.0879,0.137501,0.117491,0.385543,76.6689
2026-01-01 12:00:00,29.8489,2.19155,4.89448,24.9544,0.172767,0.161262,0.415546,105.6
2026-01-01 13:00:00,39.197,2.38715,6.61984,32.5772,0.243055,0.198022,0.415488,121.494
2026-01-01 14:00:00,40.9162,2.31061,6.14396,34.7723,0.236493,0.208955,0.415509,130.52
2026-01-01 15:00:00,39.5999,2.20587,5.84002,33.7599,0.227826,0.220083,0.418935,125.937
2026-01-01 16:00:00,44.1934,2.31452,5.84018,38.3532,0.21571,0.231609,0.416619,123.764
2026-01-01 17:00:00,39.9249,1.93641,5.29371,34.6312,0.217031,0.238794,0.419289,138.737
2026-01-01 18:00:00,47.8559,2.22772,6.79674,41.0592,0.235961,0.281868,0.432275,115.913
2026-01-01 19:00:00,41.9987,1.94456,6.56456,35.4341,0.257899,0.232994,0.422522,146.344
2026-01-01 20:00:00,35.1826,1.95829,5.00901,30.1736,0.196864,0.193302,0.414443,112.124
2026-01-01 21:00:00,27.9243,1.9782,4.72924,23.195,0.171351,0.136512,0.410165,89.5522
2026-01-01 22:00:00,23.4888,2.13807,3.91814,19.5706,0.142672,0.119696,0.407589,79.443
2026-01-01 23:00:00,16.1727,2.25561,2.05509,14.1176,0.088162,0.072985,0.365915,63.7136
2026-01-02 00:00:00,12.9808,2.51566,1.75897,11.2218,0.070732,0.054786,0.22647,38.0174
2026-01-02 01:00:00,8.04187,1.95191,1.03335,7.00853,0.044954,0.03215,0.176031,30.0217
2026-01-02 02:00:00,5.01541,1.52537,0.493888,4.52152,0.023269,0.021384,0.13973,20.7306
2026-01-02 03:00:00,13.6096,4.92033,0.436299,13.1733,0.018545,0.046991,0.11798,14.4107
2026-01-02 04:00:00,2.04303,0.988884,0.303408,1.73962,0.010204,0.010088,0.097327,11.4471
2026-01-02 05:00:00,1.31657,0.786482,0.100535,1.21603,0.006098,0.005933,0.081855,7.6147
2026-01-02 06:00:00,0.373418,0.234265,0.045611,0.327807,0.002817,0.002779,0.073335,4.2107
2026-01-02 07:00:00,1.17916,0.484455,0.133536,1.04563,0.006759,0.006994,0.089325,7.1585
2026-01-02 08:00:00,4.84103,1.12739,0.444496,4.39654,0.021397,0.023625,0.145584,17.2789
2026-01-02 09:00:00,7.47256,1.32916,0.986885,6.48567,0.03761,0.036083,0.191363,25.7501
2026-01-02 10:00:00,10.6117,1.57584,1.87808,8.73361,0.070707,0.049063,0.257584,39.7579
2026-01-02 11:00:00,22.5088,2.4784,4.3135,18.1953,0.143369,0.102578,0.388386,73.3206
2026-01-02 12:00:00,26.6593,1.92292,4.35421,22.3051,0.155911,0.133921,0.411259,91.9765
2026-01-02 13:00:00,30.2276,1.89705,5.44612,24.7814,0.182239,0.163576,0.417745,105.504
2026-01-02 14:00:00,38.5743,2.28412,7.63898,30.9353,0.259549,0.186779,0.416573,125.974
2026-01-02 15:00:00,42.7354,2.20445,6.10002,36.6354,0.223295,0.225193,0.417374,134.579
2026-01-02 16:00:00,45.2641,2.33392,6.59743,38.6667,0.228432,0.241194,0.423324,134.955
2026-01-02 17:00:00,45.7104,2.47538,7.45426,38.2562,0.257314,0.254839,0.426245,144.421
2026-01-02 18:00:00,41.4565,2.14334,6.82606,34.6305,0.250539,0.238845,0.423584,146.88
2026-01-02 19:00:00,35.8636,1.88399,4.80649,31.0571,0.211947,0.19753,0.415767,132.505
2026-01-02 20:00:00,35.7256,2.30726,4.81581,30.9097,0.177434,0.176715,0.414212,114.432
2026-01-02 21:00:00,19.981,1.79491,3.35928,16.6217,0.122179,0.104835,0.38046,78.3858
2026-01-02 22:00:00,21.6076,2.24938,3.67822,17.9294,0.162997,0.099093,0.391815,78.2832
2026-01-02 23:00:00,13.0217,2.03527,2.20086,10.8208,0.09649,0.056345,0.265391,47.6793
2026-01-03 00:00:00,10.8076,2.52396,1.29134,9.51625,0.050701,0.048854,0.204306,34.5369
2026-01-03 01:00:00,8.01655,2.16079,0.777131,7.23942,0.034585,0.034104,0.163433,25.303
2026-01-03 02:00:00,6.28332,2.35507,0.470175,5.81315,0.020963,0.026112,0.12729,15.8096
2026-01-03 03:00:00,2.13156,1.14971,0.201867,1.92969,0.009349,0.010323,0.091364,8.0712
2026-01-03 04:00:00,1.45855,0.600722,0.457559,1.00099,0.010179,0.005617,0.080251,5.1791
2026-01-03 05:00:00,0.21985,0.236398,0.024816,0.195034,0.001813,0.001812,0.064898,1.4782
2026-01-03 06:00:00,0.353898,0.296895,0.024932,0.328966,0.001722,0.002674,0.068591,2.0217
2026-01-03 07:00:00,2.18633,1.27706,0.163797,2.02253,0.007726,0.011543,0.087028,4.3695
2026-01-03 08:00:00,5.27262,1.45894,0.311211,4.96141,0.018159,0.026235,0.132893,12.8425
2026-01-03 09:00:00,6.52724,1.53799,0.981887,5.54535,0.060437,0.027139,0.181243,24.4646
2026-01-03 10:00:00,8.59521,1.922,1.90291,6.6923,0.083239,0.040194,0.220052,30.3955
2026-01-03 11:00:00,12.7252,1.76641,2.08453,10.6407,0.079665,0.06209,0.276132,41.8412
2026-01-03 12:00:00,17.5434,1.82325,2.85473,14.6886,0.105201,0.084171,0.33198,56.1578
2026-01-03 13:00:00,18.1384,1.85997,3.43999,14.6984,0.127256,0.086263,0.34068,58.9432
2026-01-03 14:00:00,26.3795,2.37098,3.39551,22.984,0.137291,0.119033,0.385474,77.5041
2026-01-03 15:00:00,27.0123,2.63329,3.72225,23.2901,0.13945,0.118522,0.392061,80.6844
2026-01-03 16:00:00,27.2538,2.9211,2.87551,24.3783,0.104701,0.113746,0.378765,71.9918
2026-01-03 17:00:00,20.909,2.26877,3.14498,17.764,0.113914,0.099493,0.375156,69.6885
2026-01-03 18:00:00,23.8869,2.41233,3.84848,20.0384,0.164465,0.108985,0.367413,70.8144
2026-01-03 19:00:00,18.5548,1.99128,2.92162,15.6332,0.128908,0.088116,0.350444,63.3766
2026-01-03 20:00:00,12.3372,1.71492,2.47934,9.85782,0.069627,0.054778,0.266098,43.1264
2026-01-03 21:00:00,10.4113,1.92801,2.03539,8.37588,0.074019,0.045751,0.247664,39.4021
2026-01-03 22:00:00,17.628,3.69249,3.96476,13.6632,0.155659,0.067985,0.286438,51.7513
2026-01-03 23:00:00,14.0405,3.76219,0.839717,13.2008,0.040567,0.069713,0.227359,36.2352
2026-01-04 00:00:00,9.44886,4.19949,0.743413,8.70544,0.032588,0.055841,0.167842,23.6819
2026-01-04 01:00:00,7.44813,3.00813,1.2519,6.19623,0.038095,0.028679,0.155081,21.8057
2026-01-04 02:00:00,3.64961,1.66649,0.238137,3.41148,0.013312,0.016209,0.106372,11.4167
2026-01-04 03:00:00,2.6554,1.70218,0.276016,2.37939,0.013164,0.011843,0.095709,7.8939
2026-01-04 04:00:00,0.755577,0.508464,0.081505,0.674072,0.004524,0.004744,0.075024,4.2375
2026-01-04 05:00:00,0.571919,0.5276,0.054238,0.517681,0.002347,0.003936,0.06739,1.7059
2026-01-04 06:00:00,1.41193,1.31956,0.082605,1.32933,0.004181,0.008956,0.075913,4.3092
2026-01-04 07:00:00,1.68766,0.79908,0.130224,1.55743,0.007261,0.009523,0.094144,6.5693
2026-01-04 08:00:00,5.46965,1.51766,0.432898,5.03676,0.021573,0.029859,0.145783,18.0674
2026-01-04 09:00:00,5.5459,1.80179,0.624208,4.92169,0.033588,0.02786,0.150688,18.8847
2026-01-04 10:00:00,9.14876,2.66883,1.82969,7.31907,0.065443,0.036712,0.210824,31.7592
2026-01-04 11:00:00,8.45811,1.89304,1.58365,6.87446,0.053463,0.039374,0.219546,34.2326
2026-01-04 12:00:00,9.78644,1.84859,2.0847,7.70174,0.075558,0.048126,0.242023,40.623
2026-01-04 13:00:00,12.5937,2.37349,1.94176,10.652,0.065272,0.055441,0.250743,41.9125
2026-01-04 14:00:00,13.8946,2.33366,2.09944,11.7952,0.077055,0.061915,0.276843,48.1607
2026-01-04 15:00:00,14.5688,2.53901,2.41539,12.1534,0.090475,0.062452,0.302072,52.5355
2026-01-04 16:00:00,20.2724,3.25504,2.07383,18.1985,0.073896,0.086929,0.323552,56.5623
2026-01-04 17:00:00,13.1796,2.1047,2.62288,10.5567,0.072145,0.061657,0.283637,47.5676
2026-01-04 18:00:00,14.8721,2.0982,2.52105,12.351,0.094708,0.067556,0.29787,48.1393
2026-01-04 19:00:00,13.725,2.32077,2.3234,11.4016,0.088885,0.067115,0.256806,41.9408
2026-01-04 20:00:00,10.6927,1.9399,1.5343,9.15844,0.063361,0.053292,0.231879,35.8023
2026-01-04 21:00:00,8.45467,1.73893,1.29502,7.15965,0.059732,0.047257,0.213014,32.9484
2026-01-04 22:00:00,7.55283,1.95974,1.14767,6.40516,0.048182,0.036462,0.213202,34.1589
2026-01-04 23:00:00,8.96954,2.63191,2.112,6.85754,0.056742,0.030921,0.197915,31.0563
2026-01-05 00:00:00,8.06385,3.2437,1.08287,6.98098,0.034273,0.031092,0.156722,25.1174
2026-01-05 01:00:00,6.48569,3.10023,0.554627,5.93106,0.02307,0.030754,0.135646,17.9068
2026-01-05 02:00:00,4.18669,2.24849,0.372129,3.81456,0.016703,0.017774,0.127519,16.5983
2026-01-05 03:00:00,2.07079,1.28941,0.117376,1.95341,0.005914,0.008991,0.088858,7.2201
2026-01-05 04:00:00,1.82608,1.08437,0.113726,1.71236,0.006326,0.008367,0.084477,7.2788
2026-01-05 05:00:00,2.81177,2.49713,0.089439,2.72233,0.004165,0.012364,0.079372,3.026
2026-01-05 06:00:00,1.05675,0.869038,0.068351,0.988398,0.003516,0.005871,0.074375,3.0158
2026-01-05 07:00:00,4.3877,1.75368,0.327093,4.06061,0.01176,0.020276,0.11241,10.7142
2026-01-05 08:00:00,4.601,1.23351,0.452309,4.14869,0.018753,0.025192,0.144621,16.2637
2026-01-05 09:00:00,5.79446,1.48652,1.34797,4.44649,0.100923,0.024948,0.172661,21.4937
2026-01-05 10:00:00,7.47527,1.70357,1.60644,5.86882,0.085953,0.032425,0.207751,30.8563
2026-01-05 11:00:00,9.09108,2.14109,1.76433,7.32675,0.065972,0.042772,0.233534,34.2435
2026-01-05 12:00:00,13.7858,2.3342,2.18386,11.602,0.084927,0.060948,0.269928,45.0829
2026-01-05 13:00:00,11.9946,2.33086,2.42737,9.56723,0.082937,0.052408,0.246225,40.5046
2026-01-05 14:00:00,19.7279,3.54054,2.85036,16.8776,0.100889,0.081891,0.272813,46.5955
2026-01-05 15:00:00,20.0903,3.86649,2.71611,17.3742,0.094171,0.059984,0.24395,37.4424
2026-01-05 16:00:00,20.675,3.63869,2.02182,18.6532,0.076866,0.076109,0.27143,35.978
2026-01-05 17:00:00,14.3406,2.15518,2.53308,11.8075,0.106541,0.070492,0.314594,57.1246
2026-01-05 18:00:00,15.5786,2.33843,2.17301,13.4056,0.074795,0.068604,0.290483,53.116
2026-01-05 19:00:00,13.3558,1.85189,1.60807,11.7478,0.058295,0.062556,0.281889,49.9457
2026-01-05 20:00:00,11.5586,1.80886,2.57219,8.98644,0.066659,0.049124,0.272114,45.8213
2026-01-05 21:00:00,10.6214,1.94317,1.4892,9.13217,0.05035,0.050662,0.245203,40.9765
2026-01-05 22:00:00,10.1381,2.51191,1.66225,8.47583,0.060768,0.042686,0.228501,38.7586
2026-01-05 23:00:00,12.3875,3.33535,1.38824,10.9993,0.045708,0.046544,0.223121,38.7848
2026-01-06 00:00:00,7.90935,3.35711,0.929745,6.9796,0.03094,0.030679,0.168393,26.0156
2026-01-06 01:00:00,4.16814,1.80909,0.326251,3.84189,0.014038,0.019227,0.118939,15.9057
2026-01-06 02:00:00,5.16425,2.99551,0.270568,4.89368,0.012883,0.022302,0.123583,16.4723
2026-01-06 03:00:00,1.76491,1.02373,0.161496,1.60342,0.008838,0.009846,0.099947,11.5624
2026-01-06 04:00:00,0.988977,0.814643,0.055783,0.933194,0.004606,0.007253,0.079015,5.781
2026-01-06 05:00:00,1.14489,0.802867,0.319813,0.825075,0.008209,0.00504,0.076824,3.2534
2026-01-06 06:00:00,1.72045,0.91029,0.14445,1.576,0.005154,0.007928,0.08322,5.2506
2026-01-06 07:00:00,3.06129,1.01434,0.766162,2.29513,0.029424,0.012193,0.117703,11.9615
2026-01-06 08:00:00,4.62011,1.15967,0.46806,4.15205,0.01906,0.023115,0.158279,20.5017
2026-01-06 09:00:00,5.13245,1.4868,1.20826,3.92419,0.055868,0.022824,0.159254,22.1556
2026-01-06 10:00:00,9.05162,2.47718,1.77076,7.28086,0.097681,0.037111,0.205652,32.2335
2026-01-06 11:00:00,10.5822,1.94812,2.31221,8.27,0.115184,0.047572,0.23306,37.0586
2026-01-06 12:00:00,9.91349,1.5811,2.1488,7.76469,0.135498,0.041921,0.22668,37.7547
2026-01-06 13:00:00,13.9499,2.25945,2.45202,11.4978,0.124908,0.060979,0.265927,49.923
2026-01-06 14:00:00,13.2472,1.92996,2.58299,10.6643,0.116683,0.053674,0.293026,50.1916
2026-01-06 15:00:00,14.6334,2.25129,2.38992,12.2435,0.102294,0.067499,0.286766,48.4729
2026-01-06 16:00:00,16.0163,2.34431,2.01058,14.0057,0.088961,0.079102,0.291016,53.3045
2026-01-06 17:00:00,13.6289,1.61902,2.03343,11.5955,0.088125,0.070342,0.294526,53.9049
2026-01-06 18:00:00,12.6415,1.54731,1.82246,10.8191,0.076327,0.069335,0.304516,36.1857
2026-01-06 19:00:00,11.1718,1.25695,1.34141,9.83036,0.062002,0.056144,0.268163,41.2615
2026-01-06 20:00:00,11.8548,1.50327,1.34956,10.5053,0.067009,0.055607,0.266117,43.8503
2026-01-06 21:00:00,10.4281,1.47248,1.63431,8.79383,0.073948,0.047826,0.288705,45.4159
2026-01-06 22:00:00,12.9379,2.39414,1.86501,11.0729,0.090466,0.056466,0.276008,38.2025
2026-01-06 23:00:00,8.58437,2.19661,0.686056,7.89831,0.036758,0.038507,0.193396,32.4112
2026-01-07 00:00:00,8.77342,3.80791,0.508062,8.26536,0.029145,0.04821,0.172247,25.8362
2026-01-07 01:00:00,5.86305,2.60118,0.369582,5.49347,0.020939,0.035879,0.140934,21.3276
2026-01-07 02:00:00,4.31717,1.82005,0.320571,3.9966,0.016965,0.017603,0.122691,18.7407
2026-01-07 03:00:00,2.55822,1.38732,0.18355,2.37467,0.00818,0.010454,0.098232,11.9607
2026-01-07 04:00:00,0.582142,0.33611,0.098011,0.484131,0.005939,0.003533,0.086036,8.3665
2026-01-07 05:00:00,1.48242,1.05435,0.063685,1.41874,0.004051,0.007328,0.07904,5.736
2026-01-07 06:00:00,1.88415,1.20316,0.166502,1.71765,0.005835,0.008897,0.084605,5.6937
2026-01-07 07:00:00,2.01994,0.824465,0.147621,1.87232,0.008218,0.012036,0.10311,8.6401
2026-01-07 08:00:00,4.52271,1.29073,0.36747,4.15524,0.01895,0.026047,0.14794,17.3682
2026-01-07 09:00:00,8.8344,2.78512,0.9076,7.9268,0.038101,0.041922,0.17755,24.0656
2026-01-07 10:00:00,9.38583,2.32783,1.93807,7.44776,0.081887,0.044029,0.206822,29.6684
2026-01-07 11:00:00,10.0056,2.17893,1.80221,8.20344,0.069918,0.046822,0.246466,38.0696
2026-01-07 12:00:00,9.86636,1.33365,2.31062,7.55574,0.086347,0.047278,0.251461,39.4701
2026-01-07 13:00:00,11.4115,1.53215,2.30328,9.1082,0.08921,0.05678,0.260111,42.5998
2026-01-07 14:00:00,15.2264,1.93769,2.58645,12.6399,0.109215,0.069196,0.281399,46.1784
2026-01-07 15:00:00,12.1725,1.67943,2.21719,9.95533,0.076274,0.054899,0.254699,39.3735
2026-01-07 16:00:00,14.1676,1.82808,4.80436,9.36326,0.11167,0.059231,0.303904,49.1863
2026-01-07 17:00:00,12.7735,1.75172,2.27945,10.4941,0.099804,0.068458,0.317201,51.7618
2026-01-07 18:00:00,14.8391,2.13021,2.16692,12.6721,0.082026,0.072063,0.341141,54.2922
2026-01-07 19:00:00,9.33583,1.60685,1.75059,7.58523,0.080039,0.06315,0.293702,48.5796
2026-01-07 20:00:00,8.05644,1.4366,1.22989,6.82654,0.059359,0.045076,0.256317,42.3259
2026-01-07 21:00:00,6.81291,1.49603,1.23065,5.58226,0.051444,0.036079,0.21138,32.8136
2026-01-07 22:00:00,8.59374,1.8545,1.61153,6.98221,0.076317,0.037014,0.223741,35.4466
2026-01-07 23:00:00,8.38063,2.76588,0.746345,7.63428,0.040684,0.042524,0.191742,28.0434
2026-01-08 00:00:00,7.16137,2.93019,1.07064,6.09074,0.037334,0.028,0.173333,26.0133
2026-01-08 01:00:00,5.01458,3.06141,0.310413,4.70417,0.017421,0.023267,0.122699,13.8681
2026-01-08 02:00:00,4.00252,2.87951,0.37984,3.62268,0.017203,0.015895,0.124545,13.2086
2026-01-08 03:00:00,3.29411,1.91073,0.435874,2.85823,0.01734,0.013082,0.134996,14.9292
2026-01-08 04:00:00,0.352948,0.204964,0.053792,0.299156,0.003701,0.005254,0.093201,7.372
2026-01-08 05:00:00,0.18544,0.168275,0.038757,0.146683,0.002529,0.001689,0.076608,4.0211
2026-01-08 06:00:00,0.335644,0.250108,0.031121,0.304523,0.001678,0.002218,0.070888,3.1703
2026-01-08 07:00:00,1.97522,0.737574,0.158674,1.81655,0.009013,0.011906,0.101397,8.1115
2026-01-08 08:00:00,6.14534,1.68735,0.662843,5.4825,0.025528,0.033766,0.206705,25.3274
2026-01-08 09:00:00,7.03576,1.67598,0.956029,6.07973,0.046556,0.036917,0.234034,30.1293
2026-01-08 10:00:00,8.71508,1.92982,2.02024,6.69484,0.090508,0.036762,0.216023,32.0604
2026-01-08 11:00:00,11.6255,1.86665,2.49229,9.13321,0.074643,0.049617,0.255629,39.3058
2026-01-08 12:00:00,15.856,2.07649,2.50714,13.3489,0.085967,0.074717,0.299377,47.4056
2026-01-08 13:00:00,13.6511,1.98071,3.0696,10.5815,0.092547,0.05902,0.263803,39.7938
2026-01-08 14:00:00,12.7984,2.01614,2.33675,10.4617,0.075211,0.058472,0.266375,43.0841
2026-01-08 15:00:00,10.8964,1.80165,1.92923,8.96715,0.056188,0.052557,0.250852,39.8197
2026-01-08 16:00:00,11.9024,1.86733,1.8535,10.0489,0.065398,0.058407,0.271145,42.6813
2026-01-08 17:00:00,14.5668,1.80282,3.14934,11.4174,0.089906,0.069723,0.308424,52.4686
2026-01-08 18:00:00,15.6621,1.70388,3.41364,12.2484,0.093047,0.07363,0.297609,49.8131
2026-01-08 19:00:00,12.093,1.63773,1.29756,10.7954,0.049917,0.064492,0.263084,43.9842
2026-01-08 20:00:00,10.91,1.76138,1.38887,9.5211,0.048329,0.052905,0.235966,38.8657
2026-01-08 21:00:00,17.2222,3.64723,1.92602,15.2962,0.065711,0.070624,0.25298,39.0677
2026-01-08 22:00:00,17.2067,3.87015,1.51101,15.6957,0.056674,0.064581,0.217416,34.167
2026-01-08 23:00:00,16.0956,4.23791,2.71934,13.3762,0.067438,0.056143,0.193955,29.4733
2026-01-09 00:00:00,10.1839,3.21461,1.93769,8.24619,0.056478,0.035464,0.154622,23.4765
2026-01-09 01:00:00,12.9173,5.25949,1.04304,11.8743,0.042866,0.054602,0.179064,24.9096
2026-01-09 02:00:00,5.89887,2.84146,0.282274,5.6166,0.016964,0.023378,0.135503,16.7614
2026-01-09 03:00:00,2.67999,1.66666,0.168785,2.51121,0.008108,0.012461,0.102819,6.3845
2026-01-09 04:00:00,1.07294,0.732885,0.102522,0.970422,0.007278,0.004744,0.095273,8.7766
2026-01-09 05:00:00,1.0296,0.778817,0.065196,0.964402,0.003416,0.005857,0.072456,3.5166
2026-01-09 06:00:00,0.559501,0.375001,0.113946,0.445555,0.004845,0.002845,0.072166,3.2987
2026-01-09 07:00:00,3.578,1.27968,0.288569,3.28943,0.013283,0.016411,0.109102,10.7547
2026-01-09 08:00:00,9.40946,1.84644,0.777575,8.63188,0.031828,0.045177,0.202482,22.3687
2026-01-09 09:00:00,8.52671,2.11162,0.956368,7.57034,0.039335,0.038665,0.18927,27.2719
2026-01-09 10:00:00,8.23169,2.00969,1.54848,6.68321,0.061183,0.036325,0.226676,35.1843
2026-01-09 11:00:00,12.1562,2.02334,2.31247,9.84377,0.078593,0.052567,0.288226,47.8835
2026-01-09 12:00:00,17.2098,2.28793,3.44005,13.7698,0.127959,0.076933,0.309504,53.8647
2026-01-09 13:00:00,12.4808,2.11827,2.11771,10.3631,0.06954,0.061137,0.274653,46.2293
2026-01-09 14:00:00,13.3263,2.09073,2.06693,11.2594,0.069379,0.061308,0.305039,51.9645
2026-01-09 15:00:00,13.7164,1.80053,2.76292,10.9535,0.090354,0.063701,0.330706,54.8584
2026-01-09 16:00:00,15.0234,1.8366,2.69054,12.3329,0.077194,0.063662,0.331319,60.0603
2026-01-09 17:00:00,18.3118,1.77681,3.42722,14.8846,0.097523,0.076963,0.349484,68.5988
2026-01-09 18:00:00,22.7178,2.20561,2.88785,19.83,0.112941,0.108456,0.36918,72.0394
2026-01-09 19:00:00,17.514,1.58411,2.62434,14.8896,0.096229,0.082154,0.344043,66.9148
2026-01-09 20:00:00,17.0107,1.60508,3.34071,13.67,0.110096,0.078502,0.349622,67.8815
2026-01-09 21:00:00,13.6736,1.5826,1.64309,12.0305,0.067552,0.063326,0.289256,52.7279
2026-01-09 22:00:00,9.50435,1.50338,1.82025,7.6841,0.075172,0.045492,0.262781,42.5824
2026-01-09 23:00:00,11.9981,3.30343,1.1867,10.8114,0.048384,0.042735,0.208109,33.0223
2026-01-10 00:00:00,9.68281,3.26021,0.916786,8.76603,0.046997,0.03972,0.166337,26.2984
2026-01-10 01:00:00,10.4079,3.93343,0.980344,9.42751,0.038876,0.040725,0.163387,14.5796
2026-01-10 02:00:00,3.50922,1.29015,0.331636,3.17758,0.012696,0.014355,0.119217,13.2649
2026-01-10 03:00:00,2.36385,1.424,0.192679,2.17117,0.010538,0.01048,0.095879,9.0702
2026-01-10 04:00:00,1.24218,0.690099,0.137376,1.1048,0.006345,0.005384,0.080315,5.5952
2026-01-10 05:00:00,1.07368,0.657087,0.10882,0.964859,0.005452,0.004346,0.074885,4.5294
2026-01-10 06:00:00,1.63809,0.977383,0.264569,1.37353,0.007702,0.007003,0.080138,6.0603
2026-01-10 07:00:00,1.60109,0.701001,0.270823,1.33026,0.009706,0.006161,0.091787,7.5581
2026-01-10 08:00:00,7.40554,2.22389,3.06062,4.34492,0.078586,0.022909,0.150726,19.7627
2026-01-10 09:00:00,6.98128,1.70026,1.00855,5.97273,0.043208,0.03513,0.174939,23.859
2026-01-10 10:00:00,12.4168,2.39892,2.21748,10.1993,0.083095,0.052905,0.227945,36.2702
2026-01-10 11:00:00,18.313,2.26478,2.98785,15.3252,0.11435,0.083572,0.3088,54.1088
2026-01-10 12:00:00,21.1087,1.9761,3.60915,17.4996,0.13255,0.097526,0.357237,63.6283
2026-01-10 13:00:00,24.8736,2.40604,3.978,20.8956,0.129896,0.103069,0.344555,62.6441
2026-01-10 14:00:00,23.5433,2.36902,3.22561,20.3177,0.111434,0.109331,0.341233,63.2545
2026-01-10 15:00:00,21.3719,2.26253,2.94386,18.428,0.100506,0.102379,0.354482,70.5898
2026-01-10 16:00:00,21.128,2.32789,3.87183,17.2561,0.098912,0.07758,0.345465,64.0841
2026-01-10 17:00:00,23.6111,2.26464,6.56271,17.0484,0.193919,0.102141,0.384816,72.6587
2026-01-10 18:00:00,24.2991,1.87812,3.60286,20.6963,0.123981,0.117529,0.384683,74.8128
2026-01-10 19:00:00,21.0748,1.63803,3.17913,17.8957,0.122066,0.104112,0.377851,72.7359
2026-01-10 20:00:00,17.0172,1.72239,2.81134,14.2058,0.100031,0.085808,0.349173,63.5423
2026-01-10 21:00:00,11.4592,1.56077,2.53462,8.92457,0.086497,0.051112,0.305357,52.1389
2026-01-10 22:00:00,11.5016,1.97147,2.21821,9.28335,0.080277,0.047041,0.252625,44.93
2026-01-10 23:00:00,20.4584,3.61456,10.9373,9.52109,0.241904,0.045129,0.241579,41.4657
2026-01-11 00:00:00,8.86365,2.55289,0.833623,8.03003,0.035092,0.03564,0.177587,25.6937
2026-01-11 01:00:00,6.47624,2.00007,0.530365,5.94588,0.024084,0.029471,0.144742,19.3797
2026-01-11 02:00:00,3.86989,1.6811,0.383421,3.48647,0.01736,0.016194,0.120777,15.434
2026-01-11 03:00:00,7.97974,4.7442,5.03663,2.94311,0.093985,0.013813,0.099509,8.927
2026-01-11 04:00:00,1.43442,1.03643,0.162105,1.27231,0.008697,0.006785,0.0905,8.4097
2026-01-11 05:00:00,0.523466,0.524516,0.109842,0.413624,0.003842,0.002581,0.071584,3.075
2026-01-11 06:00:00,0.700167,0.648302,0.041052,0.659115,0.001976,0.003868,0.069242,2.3378
2026-01-11 07:00:00,2.47179,1.1297,0.172274,2.29952,0.006585,0.011143,0.087402,6.1058
2026-01-11 08:00:00,4.15513,1.44175,0.314124,3.841,0.014604,0.020869,0.118928,12.249
2026-01-11 09:00:00,6.53398,1.60777,1.58074,4.95324,0.07436,0.027875,0.172928,21.9862
2026-01-11 10:00:00,7.77254,1.71201,2.25551,5.51703,0.137158,0.031725,0.201582,31.8216
2026-01-11 11:00:00,11.8052,1.91518,2.27059,9.53458,0.08368,0.055186,0.254347,40.4341
2026-01-11 12:00:00,24.9072,2.92682,2.99335,21.9139,0.110993,0.114914,0.333425,60.7157
2026-01-11 13:00:00,15.5957,1.62489,3.42061,12.1751,0.124152,0.074435,0.30889,55.3836
2026-01-11 14:00:00,17.7655,1.78297,3.99305,13.7725,0.113259,0.074265,0.32236,58.3649
2026-01-11 15:00:00,21.1247,2.06416,4.23962,16.885,0.129796,0.090091,0.345956,65.1784
2026-01-11 16:00:00,22.3329,2.2882,5.74596,16.5869,0.143942,0.09011,0.361617,72.4851
2026-01-11 17:00:00,26.0564,2.69011,4.35234,21.7041,0.136454,0.112864,0.362478,73.7324
2026-01-11 18:00:00,18.52,1.84316,2.13525,16.3848,0.08484,0.085968,0.349997,69.6075
2026-01-11 19:00:00,19.0735,1.98558,2.34902,16.7244,0.102445,0.09658,0.356472,65.6614
2026-01-11 20:00:00,15.5845,2.23723,2.83259,12.7519,0.126302,0.068932,0.295214,53.9366
2026-01-11 21:00:00,9.01912,1.64522,1.30528,7.71384,0.05865,0.045112,0.239722,40.245
2026-01-11 22:00:00,10.0229,2.08031,1.52215,8.50077,0.055224,0.04524,0.22478,35.1201
2026-01-11 23:00:00,8.57672,2.32054,1.02595,7.55076,0.049468,0.03943,0.178802,30.8332
2026-01-12 00:00:00,6.12999,2.36497,0.861591,5.2684,0.033088,0.027113,0.138526,19.4772
2026-01-12 01:00:00,6.40397,3.0641,1.21232,5.19165,0.030675,0.025373,0.127964,16.5247
2026-01-12 02:00:00,6.78736,3.20159,0.309332,6.47803,0.011879,0.030054,0.107482,12.5486
2026-01-12 03:00:00,5.34713,3.11968,0.482757,4.86437,0.021329,0.022193,0.101955,10.5314
2026-01-12 04:00:00,3.21307,2.04394,0.165823,3.04725,0.007931,0.014663,0.088081,8.427
2026-01-12 05:00:00,1.63467,1.25937,0.061075,1.57359,0.003224,0.008101,0.072533,3.0613
2026-01-12 06:00:00,1.63972,1.11697,0.197002,1.44271,0.004319,0.007346,0.079155,4.031
2026-01-12 07:00:00,2.64116,1.02929,0.154906,2.48626,0.007346,0.014106,0.097562,8.7274
2026-01-12 08:00:00,4.49128,1.13646,0.519099,3.97218,0.034935,0.022493,0.145675,16.4551
2026-01-12 09:00:00,5.3204,1.52622,0.995675,4.32472,0.055703,0.024128,0.158795,16.6967
2026-01-12 10:00:00,7.40318,1.86949,1.88655,5.51662,0.115306,0.031952,0.189858,27.4571
2026-01-12 11:00:00,9.4517,1.82536,2.29574,7.15596,0.099551,0.041365,0.239921,36.1247
2026-01-12 12:00:00,15.2114,2.22323,2.80137,12.41,0.094868,0.07015,0.298989,52.3834
2026-01-12 13:00:00,12.9074,1.95211,2.88257,10.0248,0.090384,0.058875,0.287036,46.517
2026-01-12 14:00:00,12.7146,2.31006,2.8856,9.82898,0.085641,0.058135,0.27812,45.9526
2026-01-12 15:00:00,8.09465,1.84053,1.73765,6.357,0.081125,0.049215,0.257211,43.8514
2026-01-12 16:00:00,16.1603,2.42647,2.37781,13.7825,0.081492,0.077702,0.293496,52.8819
2026-01-12 17:00:00,13.1809,1.82056,2.55045,10.6304,0.091223,0.063284,0.279219,48.5619
2026-01-12 18:00:00,18.3289,2.46091,1.99261,16.3363,0.086365,0.087942,0.339269,60.2148
2026-01-12 19:00:00,13.7286,1.9244,1.52207,12.2066,0.062718,0.063454,0.279338,46.5611
2026-01-12 20:00:00,15.0615,2.5416,1.27493,13.7866,0.052791,0.064938,0.253241,42.4638
2026-01-12 21:00:00,12.8837,2.54016,1.51444,11.3693,0.046895,0.058121,0.239355,37.6796
2026-01-12 22:00:00,9.88883,2.61057,1.42142,8.46741,0.052134,0.040855,0.1935,31.19
2026-01-12 23:00:00,8.32424,2.84882,1.53952,6.78471,0.042348,0.031651,0.186026,30.2693
2026-01-13 00:00:00,4.63545,2.16004,0.693416,3.94203,0.028722,0.021232,0.134865,17.7294
2026-01-13 01:00:00,4.39042,1.90226,0.396027,3.9944,0.018089,0.022158,0.135712,16.6288
2026-01-13 02:00:00,4.53616,2.23017,0.348759,4.1874,0.016974,0.017998,0.119075,12.1112
2026-01-13 03:00:00,2.24701,1.38193,0.203714,2.0433,0.009172,0.009479,0.086171,7.0906
2026-01-13 04:00:00,0.646784,0.431765,0.050387,0.596397,0.009875,0.003334,0.072143,2.442
2026-01-13 05:00:00,0.260319,0.199325,0.050551,0.209768,0.002301,0.001469,0.065098,1.7666
2026-01-13 06:00:00,1.63488,0.889491,0.084754,1.55013,0.004328,0.008494,0.085323,6.2521
2026-01-13 07:00:00,2.54431,0.893368,0.223999,2.32031,0.009269,0.012339,0.120428,13.0161
2026-01-13 08:00:00,4.67447,1.3417,0.369852,4.30462,0.01731,0.024142,0.163001,21.0581
2026-01-13 09:00:00,10.3416,2.87107,0.608336,9.73325,0.033239,0.053661,0.22637,33.0654
2026-01-13 10:00:00,7.36228,1.66041,0.676124,6.68616,0.030396,0.03752,0.21236,28.0243
2026-01-13 11:00:00,9.35513,1.6593,0.97363,8.3815,0.041857,0.049298,0.241977,35.6603
2026-01-13 12:00:00,12.5128,1.87318,1.21172,11.3011,0.053268,0.062479,0.275309,42.0781
2026-01-13 13:00:00,9.57274,1.5693,1.78372,7.78902,0.069433,0.047825,0.242857,36.3879
2026-01-13 14:00:00,9.88305,1.73265,1.42498,8.45807,0.05238,0.04718,0.244976,37.5232
2026-01-13 15:00:00,7.34503,1.93698,1.62749,5.71754,0.05865,0.046087,0.252792,43.1945
2026-01-13 16:00:00,16.5641,2.97275,5.81137,10.7528,0.101842,0.060405,0.269767,45.8593
2026-01-13 17:00:00,13.4313,1.9562,1.66747,11.7638,0.071835,0.071761,0.302851,39.4868
2026-01-13 18:00:00,15.9998,1.89616,1.8273,14.1725,0.071024,0.079925,0.312028,56.99
2026-01-13 19:00:00,13.0907,1.56475,2.45239,10.6384,0.082074,0.063385,0.295988,51.0859
2026-01-13 20:00:00,15.0436,2.104,1.8987,13.1449,0.076549,0.075639,0.289771,49.8026
2026-01-13 21:00:00,10.9638,1.95224,1.86639,9.09737,0.063511,0.050066,0.234335,38.1405
2026-01-13 22:00:00,9.93135,1.95192,1.46912,8.46223,0.053898,0.041809,0.206123,34.2328
2026-01-13 23:00:00,7.74889,2.3326,1.01744,6.73145,0.048593,0.034272,0.164741,25.6462
2026-01-14 00:00:00,7.87184,2.78354,0.701541,7.1703,0.033615,0.034033,0.148793,24.4167
2026-01-14 01:00:00,3.91474,1.42874,0.405215,3.50953,0.022029,0.017803,0.120235,14.8087
2026-01-14 02:00:00,3.79734,1.89299,0.29747,3.49987,0.015951,0.019853,0.108582,9.216
2026-01-14 03:00:00,3.31034,1.93587,0.220925,3.08942,0.011836,0.013294,0.090337,8.7214
2026-01-14 04:00:00,1.92435,1.20423,0.407822,1.51653,0.017367,0.005931,0.085628,7.1442
2026-01-14 05:00:00,0.948919,0.702903,0.270367,0.678552,0.011326,0.00465,0.075037,4.3995
2026-01-14 06:00:00,1.41525,0.744084,0.061195,1.35405,0.00349,0.007471,0.077141,4.3362
2026-01-14 07:00:00,2.21835,0.783315,0.140957,2.07739,0.007647,0.012312,0.097024,8.4397
2026-01-14 08:00:00,4.75072,1.25547,0.406762,4.34396,0.017988,0.025654,0.148875,18.0383
2026-01-14 09:00:00,4.441,1.26093,0.561006,3.87999,0.023215,0.024321,0.151429,17.9233
2026-01-14 10:00:00,7.86342,2.1059,1.6729,6.19052,0.064652,0.035837,0.198763,27.4385
2026-01-14 11:00:00,11.0045,1.98925,2.00196,9.00257,0.066714,0.046736,0.258438,42.097
2026-01-14 12:00:00,18.0328,2.55206,2.33044,15.7024,0.080522,0.062123,0.271521,46.2083
2026-01-14 13:00:00,13.0325,2.04015,2.55845,10.474,0.090277,0.059484,0.268871,43.3569
2026-01-14 14:00:00,22.8264,3.47752,2.10175,20.7247,0.076098,0.076859,0.267081,43.75
2026-01-14 15:00:00,14.2692,2.64834,2.83807,11.4312,0.095711,0.060775,0.290351,46.882
2026-01-14 16:00:00,16.8703,2.87301,2.71146,14.1588,0.100991,0.070518,0.28816,49.2583
2026-01-14 17:00:00,19.8982,2.92019,3.53544,16.3627,0.119354,0.086341,0.336531,59.067
2026-01-14 18:00:00,13.674,1.81065,2.03932,11.6347,0.075768,0.06841,0.301094,50.7158
2026-01-14 19:00:00,13.0591,1.68417,1.81214,11.2469,0.075003,0.065251,0.328521,58.2613
2026-01-14 20:00:00,11.1205,1.45328,1.8322,9.2883,0.066818,0.069375,0.301485,37.558
2026-01-14 21:00:00,10.3592,1.45535,1.93121,8.42794,0.070487,0.048984,0.257549,41.0671
2026-01-14 22:00:00,9.95724,1.79604,1.36556,8.59167,0.056926,0.046953,0.239027,36.2445
2026-01-14 23:00:00,6.58708,1.99972,0.704839,5.88224,0.049636,0.034725,0.188101,27.4179
2026-01-15 00:00:00,6.8827,2.86302,0.639631,6.24306,0.02926,0.031573,0.165537,24.5707
2026-01-15 01:00:00,7.07314,3.8441,0.783314,6.28983,0.039971,0.032561,0.148317,22.0522
2026-01-15 02:00:00,5.32805,2.51323,0.404227,4.92382,0.01599,0.024131,0.115757,13.5118
2026-01-15 03:00:00,5.67581,3.23224,0.257715,5.41809,0.014264,0.023301,0.116857,15.5761
2026-01-15 04:00:00,1.86408,1.05078,0.17273,1.69135,0.009686,0.010447,0.094825,8.9511
2026-01-15 05:00:00,0.973399,0.773767,0.094943,0.878456,0.004174,0.006086,0.074582,3.3986
2026-01-15 06:00:00,0.390194,0.255363,0.053177,0.337017,0.003356,0.00408,0.072673,2.0517
2026-01-15 07:00:00,4.41815,1.58926,0.377558,4.04059,0.017128,0.01936,0.11186,11.7333
2026-01-15 08:00:00,4.00261,1.49798,0.30347,3.69914,0.021995,0.029115,0.159173,19.033
2026-01-15 09:00:00,7.09335,2.249,0.899403,6.19395,0.047841,0.032706,0.182081,26.2778
2026-01-15 10:00:00,10.5149,2.99569,1.59731,8.91758,0.076469,0.045575,0.216216,32.8574
2026-01-15 11:00:00,11.3412,2.2592,2.07031,9.27085,0.070473,0.053839,0.256703,38.8444
2026-01-15 12:00:00,16.4269,2.03152,2.51129,13.9156,0.089124,0.081498,0.301868,50.6828
2026-01-15 13:00:00,13.0235,1.70464,2.4352,10.5883,0.082578,0.061316,0.274983,44.3897
2026-01-15 14:00:00,16.3676,2.00044,2.91824,13.4494,0.100372,0.074223,0.327897,42.2167
2026-01-15 15:00:00,16.8441,2.16449,3.35492,13.4892,0.105998,0.072123,0.31052,52.4411
2026-01-15 16:00:00,18.4259,2.32475,2.11427,16.3117,0.0792,0.070242,0.305907,51.9861
2026-01-15 17:00:00,16.9656,2.27178,2.13764,14.828,0.102413,0.093006,0.334237,58.2134
2026-01-15 18:00:00,20.4788,2.13054,2.30839,18.1704,0.086345,0.099841,0.376492,69.8842
2026-01-15 19:00:00,16.4508,1.6431,2.08221,14.3685,0.081624,0.08239,0.335936,60.0298
2026-01-15 20:00:00,13.6494,1.55213,2.34894,11.3005,0.095989,0.067399,0.317267,53.6336
2026-01-15 21:00:00,12.1669,2.14584,2.83209,9.33481,0.104464,0.055921,0.273758,43.2121
2026-01-15 22:00:00,10.1927,1.88336,1.71838,8.47435,0.069906,0.050056,0.237483,37.8645
2026-01-15 23:00:00,9.46465,2.11927,1.08794,8.37671,0.056615,0.049956,0.223281,38.3214
2026-01-16 00:00:00,6.96879,2.58486,0.741857,6.22693,0.048634,0.03936,0.209309,32.1004
2026-01-16 01:00:00,4.4634,2.03994,0.422119,4.04128,0.024199,0.022793,0.165852,25.8407
2026-01-16 02:00:00,2.55144,1.27317,0.613495,1.93794,0.027991,0.010649,0.108064,12.8317
2026-01-16 03:00:00,1.46356,0.939384,0.197451,1.26611,0.010704,0.007168,0.088622,7.8709
2026-01-16 04:00:00,0.998342,0.840355,0.178952,0.81939,0.007211,0.004607,0.085078,10.8196
2026-01-16 05:00:00,0.579862,0.460939,0.03751,0.542352,0.002572,0.002669,0.072624,6.143
2026-01-16 06:00:00,1.85463,1.14483,0.138212,1.71641,0.006448,0.007666,0.084132,6.7262
2026-01-16 07:00:00,2.38806,1.04648,0.198461,2.1896,0.00934,0.011913,0.099935,8.2212
2026-01-16 08:00:00,5.39861,1.3723,0.812482,4.58613,0.037269,0.025893,0.174123,22.1215
2026-01-16 09:00:00,5.02307,1.3922,0.764496,4.25858,0.033248,0.022893,0.175748,24.2868
2026-01-16 10:00:00,7.96272,2.09656,1.53885,6.42387,0.057466,0.03379,0.208535,28.3407
2026-01-16 11:00:00,10.2388,2.25822,2.32735,7.91141,0.084872,0.040249,0.230394,37.0482
2026-01-16 12:00:00,10.0294,1.64848,1.99499,8.03438,0.070809,0.043361,0.248619,43.6154
2026-01-16 13:00:00,12.6823,1.71986,2.17434,10.5079,0.073907,0.060012,0.272227,43.8135
2026-01-16 14:00:00,13.6063,2.23714,2.34962,11.2567,0.071449,0.058857,0.282794,43.0327
2026-01-16 15:00:00,12.715,2.20287,2.97744,9.73752,0.084605,0.053442,0.261595,44.2498
2026-01-16 16:00:00,14.3467,2.49507,2.73446,11.6122,0.092944,0.059218,0.284321,46.5738
2026-01-16 17:00:00,13.4642,2.19002,2.10405,11.3602,0.073585,0.066719,0.309278,50.4906
2026-01-16 18:00:00,24.2497,3.31914,3.1656,21.0841,0.111716,0.111633,0.376169,71.1366
2026-01-16 19:00:00,18.1212,2.01885,2.75584,15.3654,0.105864,0.080839,0.351825,64.0364
2026-01-16 20:00:00,15.4284,1.98156,2.80602,12.6224,0.111397,0.072962,0.349266,59.1935
2026-01-16 21:00:00,12.0824,1.92763,1.80604,10.2763,0.091392,0.05671,0.284667,49.2818
2026-01-16 22:00:00,7.86635,1.78537,2.78732,5.07903,0.144483,0.041468,0.234914,35.1683
2026-01-16 23:00:00,9.64525,1.7928,2.23642,7.40883,0.067402,0.042241,0.205721,31.7493
2026-01-17 00:00:00,7.33903,1.86934,0.629335,6.7097,0.029769,0.032844,0.157315,23.7547
2026-01-17 01:00:00,3.74138,1.40653,0.898378,2.843,0.050606,0.016417,0.135182,18.4475
2026-01-17 02:00:00,1.79645,1.19763,0.192901,1.60354,0.01907,0.010754,0.101469,9.4532
2026-01-17 03:00:00,3.6117,1.80045,0.326756,3.28495,0.016063,0.019462,0.097273,8.5423
2026-01-17 04:00:00,2.45071,1.58519,0.103124,2.34759,0.005288,0.012629,0.081923,5.0948
2026-01-17 05:00:00,1.56456,1.30816,0.10974,1.45482,0.006096,0.008088,0.075683,4.3979
2026-01-17 06:00:00,0.792664,0.469032,0.067221,0.725443,0.003825,0.005142,0.073622,3.4827
2026-01-17 07:00:00,2.4243,0.93458,0.143248,2.28105,0.007416,0.011774,0.093524,6.984
2026-01-17 08:00:00,5.77272,1.47565,0.420535,5.35219,0.021274,0.024351,0.153876,19.3878
2026-01-17 09:00:00,5.0054,1.32069,0.754627,4.25077,0.036193,0.024475,0.160563,20.4159
2026-01-17 10:00:00,7.61244,1.75807,1.61717,5.99527,0.081852,0.033312,0.213001,25.4739
2026-01-17 11:00:00,8.722,1.42423,1.95137,6.77063,0.0657,0.040286,0.245267,37.4543
2026-01-17 12:00:00,15.6671,1.51784,3.3071,12.36,0.105537,0.088524,0.355435,59.9938
2026-01-17 13:00:00,17.8255,1.38806,3.73187,14.0936,0.132668,0.093285,0.367438,66.1056
2026-01-17 14:00:00,24.4014,1.80457,3.0109,21.3905,0.126746,0.130382,0.381982,75.6258
2026-01-17 15:00:00,19.4414,1.65402,3.04154,16.3999,0.113284,0.104379,0.369061,66.7484
2026-01-17 16:00:00,21.7126,2.10802,4.9714,16.7412,0.169296,0.100827,0.369398,71.2919
2026-01-17 17:00:00,21.5421,2.06105,3.16147,18.3806,0.118713,0.111222,0.386362,85.8065
2026-01-17 18:00:00,22.0601,2.01536,2.48747,19.5727,0.109934,0.116034,0.374007,74.0972
2026-01-17 19:00:00,18.828,1.54353,2.31169,16.5163,0.120439,0.10037,0.378919,73.359
2026-01-17 20:00:00,16.6564,1.42192,2.5464,14.11,0.125176,0.090969,0.369802,64.5744
2026-01-17 21:00:00,15.3637,1.61792,2.00625,13.3575,0.126202,0.078978,0.349295,57.2782
2026-01-17 22:00:00,14.0923,2.5511,1.68479,12.4075,0.084348,0.112036,0.29422,49.7001
2026-01-17 23:00:00,14.2906,2.68823,1.82071,12.4699,0.070137,0.086594,0.235805,41.7136
2026-01-18 00:00:00,7.01072,2.3621,0.54154,6.46918,0.025728,0.049072,0.151508,24.4189
2026-01-18 01:00:00,5.89724,2.56179,1.88975,4.00749,0.077413,0.024118,0.147924,18.2682
2026-01-18 02:00:00,8.65272,6.21603,4.5148,4.13791,0.205107,0.034161,0.164523,15.2056
2026-01-18 03:00:00,8.04901,8.28087,5.34688,2.70213,0.243058,0.019952,0.189228,11.2459
2026-01-18 04:00:00,7.51692,6.28505,6.31549,1.20143,0.278773,0.008702,0.169713,9.8732
2026-01-18 05:00:00,1.17856,1.16,0.862485,0.316075,0.036422,0.002414,0.073311,3.2446
2026-01-18 06:00:00,1.06031,0.894023,0.063712,0.9966,0.003532,0.005786,0.078544,3.5042
2026-01-18 07:00:00,1.65339,0.950226,0.139156,1.51424,0.007095,0.009018,0.091937,6.6511
2026-01-18 08:00:00,3.41359,1.20622,0.457768,2.95582,0.017481,0.017943,0.13148,14.5055
2026-01-18 09:00:00,5.38795,1.54649,0.636654,4.7513,0.038995,0.027687,0.156854,20.5376
2026-01-18 10:00:00,7.46054,1.95098,1.67797,5.78256,0.139909,0.038858,0.192851,29.3392
2026-01-18 11:00:00,9.6238,2.33361,2.19712,7.42668,0.07842,0.046051,0.20704,30.437
2026-01-18 12:00:00,18.8585,2.75065,4.41895,14.4395,0.156632,0.078457,0.284937,45.2237
2026-01-18 13:00:00,14.8346,1.95294,2.28279,12.5518,0.079357,0.064675,0.275979,51.7385
2026-01-18 14:00:00,13.0705,1.91368,2.98347,10.087,0.094383,0.058346,0.281545,49.1745
2026-01-18 15:00:00,18.0344,2.58669,4.76996,13.2645,0.175559,0.090005,0.271254,46.2586
2026-01-18 16:00:00,15.0798,1.9931,4.00374,11.0761,0.1526,0.059419,0.272984,46.6484
2026-01-18 17:00:00,13.9838,2.22601,3.93576,10.0481,0.173651,0.056518,0.263619,45.9733
2026-01-18 18:00:00,16.635,2.65734,4.24717,12.3878,0.1896,0.07616,0.262655,39.9819
2026-01-18 19:00:00,12.939,2.6288,2.92081,10.0181,0.08854,0.052721,0.246842,41.4927
2026-01-18 20:00:00,5.95258,1.67584,0.986657,4.96592,0.038516,0.028528,0.182887,27.9024
2026-01-18 21:00:00,5.59184,1.56634,0.536146,5.0557,0.027501,0.028751,0.166081,21.8265
2026-01-18 22:00:00,9.45017,2.68166,1.66565,7.78453,0.052215,0.046386,0.194777,28.1559
2026-01-18 23:00:00,5.29009,1.94203,1.07781,4.21228,0.03956,0.025979,0.14368,20.4482
2026-01-19 00:00:00,4.054,1.76568,0.331679,3.72232,0.017441,0.021859,0.121771,15.7683
2026-01-19 01:00:00,3.42487,1.61094,0.345888,3.07898,0.017765,0.019642,0.114519,14.3761
2026-01-19 02:00:00,2.42539,1.71285,0.253225,2.17217,0.019836,0.010758,0.101459,12.1502
2026-01-19 03:00:00,2.35939,1.9371,0.253913,2.10548,0.018859,0.010347,0.088972,9.1109
2026-01-19 04:00:00,0.982597,0.849997,0.069069,0.913528,0.003387,0.004504,0.069255,2.8426
2026-01-19 05:00:00,0.701225,0.876532,0.089194,0.612031,0.004281,0.006837,0.073365,3.1969
2026-01-19 06:00:00,1.05721,0.927376,0.091168,0.966041,0.004106,0.004674,0.075677,3.7342
2026-01-19 07:00:00,2.93063,1.30134,0.238189,2.69244,0.011961,0.016428,0.112221,11.3859
2026-01-19 08:00:00,4.67344,1.27759,0.388321,4.28512,0.019765,0.021523,0.133667,14.1584
2026-01-19 09:00:00,7.45094,2.16346,1.3051,6.14584,0.043501,0.029835,0.154593,19.1494
2026-01-19 10:00:00,5.94867,1.61648,1.85066,4.098,0.0616,0.024566,0.162005,22.0473
2026-01-19 11:00:00,10.0197,2.2577,1.96496,8.0547,0.078579,0.041157,0.230251,38.9017
2026-01-19 12:00:00,12.6288,2.27055,2.97008,9.65872,0.128911,0.053261,0.220487,36.2316
2026-01-19 13:00:00,12.2998,2.2635,2.33532,9.96453,0.080408,0.057804,0.244217,39.5769
2026-01-19 14:00:00,11.5146,1.98118,2.67844,8.83618,0.084908,0.065547,0.23677,34.4487
2026-01-19 15:00:00,13.4753,2.45005,2.35943,11.1159,0.086671,0.051736,0.221088,30.7091
2026-01-19 16:00:00,12.8514,2.14835,2.36613,10.4853,0.082058,0.060454,0.252942,41.8794
2026-01-19 17:00:00,12.6018,1.7739,1.77739,10.8244,0.072743,0.059828,0.27431,42.2037
2026-01-19 18:00:00,14.1792,1.97538,1.87882,12.3004,0.070365,0.068897,0.314216,50.4287
2026-01-19 19:00:00,9.82605,1.66713,2.00459,7.82146,0.081831,0.044117,0.247741,40.0637
2026-01-19 20:00:00,8.53026,1.69117,1.92711,6.60316,0.054661,0.038215,0.216197,30.9449
2026-01-19 21:00:00,4.73672,1.70263,0.605959,4.13076,0.035572,0.032565,0.184762,28.2122
2026-01-19 22:00:00,7.61694,1.94807,1.3329,6.28404,0.049573,0.034007,0.191574,27.8802
2026-01-19 23:00:00,6.03973,1.74761,0.68964,5.35009,0.027597,0.029814,0.148927,20.6081
2026-01-20 00:00:00,7.02331,2.60315,1.72443,5.29888,0.03609,0.02697,0.155397,20.2073
2026-01-20 01:00:00,4.25576,2.00177,0.582381,3.67338,0.017769,0.017903,0.118122,13.8228
2026-01-20 02:00:00,1.53505,0.921396,0.225116,1.30993,0.01403,0.007679,0.093185,9.6292
2026-01-20 03:00:00,1.73358,0.875544,0.155983,1.57759,0.006862,0.010381,0.087403,8.2591
2026-01-20 04:00:00,1.28352,0.68418,0.140238,1.14329,0.007231,0.006733,0.085043,9.7994
2026-01-20 05:00:00,0.54498,0.315383,0.064855,0.480125,0.003718,0.00301,0.075756,6.4831
2026-01-20 06:00:00,0.600652,0.360103,0.073966,0.526686,0.003824,0.003395,0.081286,6.417
2026-01-20 07:00:00,1.92716,0.765354,0.198198,1.72896,0.01086,0.011424,0.108949,12.4213
2026-01-20 08:00:00,6.64436,1.55898,0.498575,6.14578,0.03181,0.034797,0.171924,23.5634
2026-01-20 09:00:00,7.30485,1.2419,0.565836,6.73901,0.044153,0.043667,0.196957,28.0397
2026-01-20 10:00:00,5.01069,0.865105,0.5917,4.41899,0.042663,0.030341,0.20094,29.6016
2026-01-20 11:00:00,9.24527,1.34889,0.692001,8.55326,0.04612,0.045712,0.246815,37.6034
2026-01-20 12:00:00,12.4529,1.78153,1.57046,10.8825,0.069118,0.06002,0.259511,41.5244
2026-01-20 13:00:00,13.8025,2.1634,1.78319,12.0193,0.08139,0.06722,0.279273,47.3351
2026-01-20 14:00:00,13.6557,1.94305,2.35872,11.297,0.082276,0.060221,0.298512,52.1016
2026-01-20 15:00:00,11.036,1.72437,1.47317,9.56281,0.065842,0.05794,0.260673,41.4795
2026-01-20 16:00:00,9.7666,1.48024,1.10746,8.65915,0.048726,0.049605,0.248977,39.8026
2026-01-20 17:00:00,11.6815,1.89451,1.48911,10.1924,0.06506,0.059383,0.281982,43.8426
2026-01-20 18:00:00,10.1605,1.29863,1.41025,8.75023,0.058773,0.056064,0.276363,41.3849
2026-01-20 19:00:00,7.73303,1.30186,1.45003,6.283,0.061193,0.041549,0.229848,33.8531
2026-01-20 20:00:00,7.03618,1.32408,1.56664,5.46955,0.0568,0.032886,0.227701,35.4932
2026-01-20 21:00:00,6.88571,1.46504,1.59942,5.28628,0.050752,0.033309,0.227399,33.5194
2026-01-20 22:00:00,8.51756,1.98544,1.45551,7.06205,0.064116,0.041497,0.218233,33.5092
2026-01-20 23:00:00,4.96759,2.25595,0.41948,4.54811,0.024204,0.02813,0.156812,22.1204
2026-01-21 00:00:00,4.13452,1.64068,0.623624,3.5109,0.024835,0.019529,0.128013,17.3163
2026-01-21 01:00:00,4.11313,2.19953,1.30663,2.8065,0.060729,0.014305,0.124393,16.9635
2026-01-21 02:00:00,2.97589,1.9604,0.365339,2.61056,0.020636,0.011297,0.110605,13.9101
2026-01-21 03:00:00,2.72625,2.02545,0.790333,1.93592,0.025893,0.007468,0.097968,9.4751
2026-01-21 04:00:00,2.56556,1.81697,0.249145,2.31642,0.010427,0.008903,0.099855,11.085
2026-01-21 05:00:00,1.98364,1.46286,0.441296,1.54235,0.018641,0.006348,0.093361,7.9032
2026-01-21 06:00:00,1.72891,1.11831,0.112106,1.6168,0.006318,0.010945,0.083032,6.6408
2026-01-21 07:00:00,2.69637,0.89939,0.224694,2.47168,0.011502,0.015726,0.11484,12.7161
2026-01-21 08:00:00,5.16488,1.23267,0.60265,4.56222,0.025637,0.028096,0.15213,18.7582
2026-01-21 09:00:00,4.69054,1.17734,0.415804,4.27474,0.022036,0.023786,0.153433,18.664
2026-01-21 10:00:00,5.41297,1.31447,0.563199,4.84977,0.031762,0.027345,0.167868,20.1817
2026-01-21 11:00:00,7.82857,1.52425,1.10354,6.72502,0.046929,0.037346,0.206264,29.9556
2026-01-21 12:00:00,9.65964,1.48656,0.797544,8.8621,0.044376,0.052628,0.245485,36.9827
2026-01-21 13:00:00,14.4513,1.93873,1.2971,13.1542,0.060134,0.072951,0.256586,40.3912
2026-01-21 14:00:00,10.0765,1.47016,0.898487,9.17802,0.040244,0.056453,0.237456,35.0594
2026-01-21 15:00:00,12.1415,1.98585,1.42946,10.712,0.051902,0.061508,0.264402,41.6336
2026-01-21 16:00:00,11.1932,1.72097,1.41509,9.77813,0.06265,0.058068,0.295197,50.1119
2026-01-21 17:00:00,13.9412,2.06537,1.88122,12.06,0.07068,0.068152,0.295059,46.7474
2026-01-21 18:00:00,13.3292,2.00923,1.57669,11.7525,0.069137,0.075067,0.288032,42.6183
2026-01-21 19:00:00,15.5042,2.13792,2.69143,12.8128,0.108258,0.068733,0.277029,45.7106
2026-01-21 20:00:00,10.6686,1.67377,1.40172,9.26687,0.061213,0.051565,0.245298,39.5239
2026-01-21 21:00:00,9.45295,1.82419,1.92511,7.52783,0.081101,0.046278,0.230246,36.0891
2026-01-21 22:00:00,9.87574,2.1995,1.82093,8.05481,0.071548,0.040838,0.211729,34.0122
2026-01-21 23:00:00,10.5891,3.45597,2.14351,8.44557,0.059903,0.041567,0.188168,31.3153
2026-01-22 00:00:00,10.54,4.28108,1.48218,9.05784,0.047728,0.041127,0.178652,28.8888
2026-01-22 01:00:00,4.90334,1.91987,0.496358,4.40698,0.020675,0.024811,0.126118,17.0496
2026-01-22 02:00:00,3.47512,2.21628,0.284319,3.1908,0.013116,0.015918,0.099372,8.5285
2026-01-22 03:00:00,2.60018,2.0702,0.533581,2.06659,0.014661,0.007212,0.091157,8.7868
2026-01-22 04:00:00,3.52645,3.56207,0.38365,3.1428,0.013571,0.013767,0.09187,7.7744
2026-01-22 05:00:00,6.15595,6.14367,0.388615,5.76734,0.018028,0.026706,0.104264,12.379
2026-01-22 06:00:00,2.8718,2.44201,0.211162,2.66064,0.010136,0.012286,0.093403,9.8663
2026-01-22 07:00:00,4.42574,1.73831,0.465122,3.96062,0.017816,0.019274,0.117644,14.1364
2026-01-22 08:00:00,5.72653,1.49518,0.669644,5.05688,0.028045,0.028994,0.169852,24.1286
2026-01-22 09:00:00,6.46034,1.59279,1.14961,5.31073,0.06685,0.029968,0.182777,24.9294
2026-01-22 10:00:00,9.68162,1.9488,2.03609,7.64553,0.069951,0.042685,0.231669,34.4073
2026-01-22 11:00:00,12.9646,2.19442,2.90611,10.0585,0.100621,0.056366,0.276885,45.9974
2026-01-22 12:00:00,15.4157,1.95879,2.40822,13.0075,0.086673,0.069644,0.3074,55.7382
2026-01-22 13:00:00,16.9741,2.71151,3.25822,13.7158,0.100601,0.080415,0.330068,50.2616
2026-01-22 14:00:00,19.0891,2.61494,3.21572,15.8733,0.104386,0.079635,0.315038,55.8634
2026-01-22 15:00:00,15.4447,1.99751,4.43414,11.0106,0.116769,0.061577,0.305746,57.8067
2026-01-22 16:00:00,16.5888,2.22907,2.98745,13.6013,0.107918,0.07735,0.321125,61.7468
2026-01-22 17:00:00,18.0999,2.55938,5.01704,13.0829,0.146115,0.078012,0.331819,56.2213
2026-01-22 18:00:00,15.8443,2.15217,2.58774,13.2565,0.102223,0.074285,0.348271,43.8861
2026-01-22 19:00:00,14.3554,1.87309,1.60804,12.7473,0.076217,0.072118,0.297212,50.6859
2026-01-22 20:00:00,10.6121,1.6597,1.7146,8.89751,0.072485,0.050058,0.267607,46.317
2026-01-22 21:00:00,8.89428,1.51006,1.29169,7.60259,0.052268,0.045439,0.236041,39.5212
2026-01-22 22:00:00,10.873,2.19126,1.78297,9.09004,0.078492,0.049902,0.249093,35.3395
2026-01-22 23:00:00,10.8146,3.07406,1.45608,9.35848,0.06795,0.046338,0.225006,41.2261
2026-01-23 00:00:00,4.97354,1.59613,0.564806,4.40873,0.033778,0.025501,0.130609,18.2607
2026-01-23 01:00:00,3.35819,1.2682,0.413174,2.94501,0.020384,0.016348,0.117694,17.4783
2026-01-23 02:00:00,1.46546,0.806972,0.280434,1.18503,0.015026,0.006685,0.0961,12.4388
2026-01-23 03:00:00,0.87968,0.94184,0.193468,0.686212,0.007717,0.004378,0.083275,8.6813
2026-01-23 04:00:00,1.24002,1.22775,0.185487,1.05454,0.009443,0.005948,0.08925,11.3857
2026-01-23 05:00:00,1.1514,1.27649,0.092726,1.05867,0.00631,0.006405,0.08061,7.1141
2026-01-23 06:00:00,0.300624,0.230188,0.038204,0.26242,0.001755,0.001911,0.069375,3.4814
2026-01-23 07:00:00,2.97087,1.67846,0.160827,2.81004,0.011021,0.018911,0.104811,10.55
2026-01-23 08:00:00,4.37558,1.44313,0.361341,4.01424,0.017933,0.027701,0.13531,13.8187
2026-01-23 09:00:00,7.28126,2.13903,1.14934,6.13192,0.053366,0.036336,0.181128,23.8735
2026-01-23 10:00:00,7.78065,1.86229,1.64209,6.13857,0.066757,0.03646,0.19113,25.8828
2026-01-23 11:00:00,35.3103,6.64727,2.51136,32.7989,0.097642,0.172907,0.307455,45.5763
2026-01-23 12:00:00,17.9264,2.20063,3.3669,14.5595,0.108951,0.078146,0.296103,51.2685
2026-01-23 13:00:00,13.227,1.75378,2.5726,10.6544,0.098349,0.058088,0.27811,47.995
2026-01-23 14:00:00,13.7935,2.05016,2.31712,11.4763,0.086137,0.060452,0.277683,47.1985
2026-01-23 15:00:00,14.6869,2.36124,2.58865,12.0982,0.093927,0.063479,0.283115,47.863
2026-01-23 16:00:00,12.6851,1.86545,2.19279,10.4923,0.075484,0.060968,0.283935,46.6141
2026-01-23 17:00:00,17.7272,2.22424,2.67905,15.0481,0.097463,0.087301,0.348359,63.179
2026-01-23 18:00:00,17.1074,2.0279,1.70049,15.4069,0.074787,0.094531,0.338192,59.3062
2026-01-23 19:00:00,15.8619,2.01909,1.80874,14.0532,0.080438,0.079824,0.313484,36.9137
2026-01-23 20:00:00,12.5486,1.78652,1.71286,10.8357,0.06574,0.060216,0.309849,50.7869
2026-01-23 21:00:00,14.8422,2.6316,3.80909,11.0331,0.131788,0.058564,0.305145,50.7403
2026-01-23 22:00:00,10.7521,1.72975,1.77026,8.98188,0.077977,0.051611,0.240822,37.4601
2026-01-23 23:00:00,11.1016,2.88653,1.98779,9.11382,0.091554,0.049817,0.234904,34.1193
2026-01-24 00:00:00,6.86923,2.22882,0.908911,5.96032,0.035079,0.031311,0.149052,13.9757
2026-01-24 01:00:00,4.19106,1.44619,0.465215,3.72584,0.018436,0.020105,0.125216,16.6203
2026-01-24 02:00:00,1.384,0.615656,0.138417,1.24558,0.007285,0.007969,0.087757,6.4629
2026-01-24 03:00:00,1.85898,0.928563,0.377876,1.48111,0.015107,0.00924,0.094331,8.1938
2026-01-24 04:00:00,2.80021,1.79042,0.18466,2.61555,0.007569,0.011578,0.086111,7.6117
2026-01-24 05:00:00,1.06489,0.781856,0.068458,0.99643,0.003923,0.00562,0.071866,3.6022
2026-01-24 06:00:00,0.980722,0.592939,0.083464,0.897258,0.004033,0.005975,0.084165,4.2166
2026-01-24 07:00:00,1.82935,0.839921,0.142872,1.68648,0.007398,0.009302,0.100497,8.0371
2026-01-24 08:00:00,5.1778,1.26659,0.48438,4.69342,0.025043,0.025922,0.15385,17.7726
2026-01-24 09:00:00,5.84981,1.29707,1.60284,4.24697,0.063792,0.025563,0.167665,20.8523
2026-01-24 10:00:00,10.1603,1.73918,3.95591,6.20436,0.19315,0.037708,0.231067,34.9742
2026-01-24 11:00:00,12.768,1.70741,2.1349,10.6331,0.074392,0.058304,0.284642,45.8949
2026-01-24 12:00:00,16.2536,1.62244,3.08298,13.1706,0.101578,0.079716,0.329815,55.5243
2026-01-24 13:00:00,16.6688,1.75757,2.81189,13.8569,0.123658,0.100709,0.37058,69.696
2026-01-24 14:00:00,20.7234,1.2546,3.63142,17.092,0.1381,0.103818,0.38695,74.4778
2026-01-24 15:00:00,23.7899,1.7933,4.41514,19.3748,0.143804,0.106658,0.396558,78.3735
2026-01-24 16:00:00,22.8185,1.74027,3.78483,19.0336,0.125808,0.106335,0.398926,83.4294
2026-01-24 17:00:00,26.7288,2.14551,3.34711,23.3817,0.141241,0.131463,0.410233,85.6627
2026-01-24 18:00:00,24.2218,1.96128,2.54414,21.6776,0.120144,0.130983,0.397297,77.1993
2026-01-24 19:00:00,25.613,2.1053,3.23056,22.3825,0.140211,0.126965,0.389734,76.6692
2026-01-24 20:00:00,18.787,1.77739,1.70345,17.0835,0.081711,0.098766,0.37718,71.0695
2026-01-24 21:00:00,17.0418,1.9278,2.62576,14.416,0.094292,0.081911,0.331633,56.2163
2026-01-24 22:00:00,13.9829,2.02768,2.48075,11.5022,0.114971,0.066606,0.307011,55.5079
2026-01-24 23:00:00,10.712,2.53358,1.80017,8.91179,0.061222,0.051341,0.214022,38.8591
2026-01-25 00:00:00,10.031,2.9979,1.3905,8.64048,0.047723,0.039326,0.175765,19.8308
2026-01-25 01:00:00,5.3033,1.87794,0.939194,4.36411,0.043425,0.022545,0.130046,17.9673
2026-01-25 02:00:00,4.70539,1.97043,0.473465,4.23193,0.017988,0.021053,0.112579,13.2966
2026-01-25 03:00:00,3.33909,1.66621,0.268586,3.0705,0.011219,0.013126,0.095994,10.2017
2026-01-25 04:00:00,0.581043,0.39101,0.084421,0.496622,0.0034,0.003289,0.071427,4.1785
2026-01-25 05:00:00,1.32009,1.14393,0.112284,1.20781,0.006322,0.005709,0.073419,3.8671
2026-01-25 06:00:00,1.77569,1.31338,0.105239,1.67045,0.005261,0.00785,0.080327,5.5304
2026-01-25 07:00:00,2.32915,0.91916,0.176314,2.15284,0.007151,0.011816,0.095483,7.5121
2026-01-25 08:00:00,4.43711,0.812657,0.346757,4.09035,0.017308,0.022545,0.147759,17.9852
2026-01-25 09:00:00,8.77562,1.46504,1.035,7.74062,0.052775,0.04167,0.20188,30.5078
2026-01-25 10:00:00,16.924,2.41565,1.81592,15.1081,0.103346,0.070776,0.247037,39.631
2026-01-25 11:00:00,15.4749,1.76614,2.43533,13.0396,0.094829,0.06633,0.304284,52.1193
2026-01-25 12:00:00,16.5949,1.58863,2.80374,13.7911,0.101778,0.075264,0.333699,59.3182
2026-01-25 13:00:00,18.4736,1.50707,2.98621,15.4874,0.116108,0.078209,0.33944,56.813
2026-01-25 14:00:00,18.0254,1.48089,2.64573,15.3796,0.099547,0.088763,0.360064,65.0966
2026-01-25 15:00:00,19.5251,1.71604,3.2479,16.2772,0.113703,0.092859,0.421073,70.4293
2026-01-25 16:00:00,23.2898,2.16529,3.01761,20.2722,0.122244,0.109164,0.36911,72.5211
2026-01-25 17:00:00,22.6561,2.24007,3.49411,19.162,0.131782,0.100904,0.367975,73.2224
2026-01-25 18:00:00,15.6673,1.4295,2.02145,13.6458,0.090127,0.080058,0.344443,59.2078
2026-01-25 19:00:00,17.7369,1.62248,2.02975,15.7072,0.084584,0.090447,0.341969,65.9712
2026-01-25 20:00:00,14.5128,1.38613,1.65664,12.8561,0.081124,0.087779,0.34918,64.7565
2026-01-25 21:00:00,13.8889,1.79397,1.83636,12.0525,0.067705,0.064563,0.292665,56.6478
2026-01-25 22:00:00,10.9358,1.61676,1.8927,9.04307,0.071076,0.051833,0.263953,51.1173
2026-01-25 23:00:00,8.9182,1.55369,1.88896,7.02924,0.058111,0.038106,0.206083,36.2389
2026-01-26 00:00:00,6.62507,1.4535,0.543099,6.08197,0.025013,0.032621,0.158245,25.695
2026-01-26 01:00:00,6.30486,1.36292,0.555939,5.74892,0.032573,0.028401,0.169331,27.4643
2026-01-26 02:00:00,1.98658,0.468976,0.162628,1.82395,0.013084,0.01085,0.127104,14.9902
2026-01-26 03:00:00,2.56555,0.851776,0.249648,2.3159,0.012935,0.010967,0.11024,13.8355
2026-01-26 04:00:00,2.63351,0.869144,0.138852,2.49466,0.008723,0.014093,0.093987,8.3676
2026-01-26 05:00:00,2.68485,0.992184,0.13447,2.55038,0.006786,0.011029,0.089044,8.335
2026-01-26 06:00:00,2.8731,1.08092,0.257061,2.61604,0.012688,0.013013,0.096825,9.0425
2026-01-26 07:00:00,5.22883,0.717458,0.334715,4.89412,0.017924,0.025445,0.153556,18.5824
2026-01-26 08:00:00,7.76159,0.995075,0.502159,7.25943,0.029911,0.038005,0.206378,30.0418
2026-01-26 09:00:00,7.95182,1.31435,1.54939,6.40243,0.068812,0.036568,0.211191,33.3433
2026-01-26 10:00:00,9.80313,1.32225,1.79366,8.00947,0.082122,0.042999,0.244097,38.3093
2026-01-26 11:00:00,11.767,1.26663,2.28171,9.48528,0.080854,0.055732,0.280505,43.4257
2026-01-26 12:00:00,13.9244,2.07208,2.2253,11.6991,0.095708,0.106586,0.370925,54.5912
2026-01-26 13:00:00,15.7941,1.97673,2.44045,13.3536,0.099337,0.091716,0.390927,49.3443
2026-01-26 14:00:00,14.3102,1.76147,2.58017,11.73,0.108577,0.069755,0.309785,48.5443
2026-01-26 15:00:00,15.0767,1.82129,3.40478,11.6719,0.146774,0.064768,0.321501,52.6498
2026-01-26 16:00:00,17.8063,1.93546,3.15135,14.6549,0.133784,0.075191,0.323366,42.8105
2026-01-26 17:00:00,18.74,1.80192,3.03127,15.7087,0.128932,0.088412,0.380065,74.3118
2026-01-26 18:00:00,16.823,1.75057,2.38438,14.4386,0.088577,0.086627,0.331102,56.7804
2026-01-26 19:00:00,16.0963,1.73714,2.19016,13.9062,0.087151,0.076989,0.338167,61.4096
2026-01-26 20:00:00,14.6332,1.70153,2.26056,12.3726,0.106459,0.071408,0.332326,56.2459
2026-01-26 21:00:00,13.2338,1.56354,1.52161,11.7122,0.059377,0.057218,0.268612,41.3319
2026-01-26 22:00:00,10.4809,1.58897,1.33321,9.14765,0.06479,0.043945,0.282222,42.2326
2026-01-26 23:00:00,8.7167,1.72608,0.740821,7.97588,0.036122,0.039331,0.265321,30.0044
2026-01-27 00:00:00,7.13026,1.93442,0.649332,6.48093,0.030817,0.031098,0.176626,23.6644
2026-01-27 01:00:00,5.76632,2.03469,0.702838,5.06348,0.021815,0.02332,0.136424,19.7958
2026-01-27 02:00:00,5.47414,1.88115,0.78936,4.68478,0.028191,0.021757,0.108957,12.0606
2026-01-27 03:00:00,4.35842,1.50706,1.06923,3.28919,0.024724,0.013179,0.107149,13.4717
2026-01-27 04:00:00,4.28108,1.21968,0.154665,4.12642,0.007735,0.020062,0.092764,9.351
2026-01-27 05:00:00,4.67053,1.5076,0.388796,4.28173,0.015147,0.020672,0.099503,10.5058
2026-01-27 06:00:00,1.66934,0.469443,0.113049,1.55629,0.008219,0.007832,0.101564,9.3163
2026-01-27 07:00:00,5.67438,0.805791,0.554026,5.12035,0.024734,0.027356,0.165646,22.155
2026-01-27 08:00:00,9.05513,1.73205,0.929771,8.12536,0.047821,0.042657,0.18605,25.6561
2026-01-27 09:00:00,8.28322,1.30117,1.16327,7.11995,0.049867,0.038,0.21976,31.4532
2026-01-27 10:00:00,15.8939,2.14031,0.865193,15.0287,0.03923,0.070718,0.256665,37.8383
2026-01-27 11:00:00,13.1776,1.88467,1.46533,11.7123,0.069655,0.058498,0.278733,44.1134
2026-01-27 12:00:00,15.1614,1.96493,1.95752,13.2039,0.077958,0.076001,0.319384,53.6052
2026-01-27 13:00:00,14.2978,1.79261,1.99648,12.3014,0.073993,0.070472,0.294911,52.2611
2026-01-27 14:00:00,13.532,1.54899,1.13184,12.4001,0.055158,0.072535,0.306972,50.4258
2026-01-27 15:00:00,14.8448,1.45367,1.45495,13.3899,0.058247,0.071853,0.299952,49.4533
2026-01-27 16:00:00,14.613,1.44426,1.71827,12.8947,0.079883,0.078097,0.344151,60.5447
2026-01-27 17:00:00,17.3354,1.86082,1.95551,15.3799,0.094439,0.083383,0.359597,57.8398
2026-01-27 18:00:00,14.9253,1.49432,2.02098,12.9043,0.09042,0.075502,0.351463,62.048
2026-01-27 19:00:00,11.7505,1.12899,1.87685,9.87369,0.071511,0.06429,0.313472,51.4746
2026-01-27 20:00:00,12.8737,1.32773,2.77089,10.1028,0.105813,0.061851,0.305041,49.9516
2026-01-27 21:00:00,11.6478,1.53381,1.96511,9.68266,0.075223,0.053031,0.258095,40.7618
2026-01-27 22:00:00,12.0366,2.27794,1.70154,10.3351,0.071574,0.053749,0.245102,43.4732
2026-01-27 23:00:00,11.8098,2.83889,1.40161,10.4082,0.054635,0.053055,0.209212,34.9213
2026-01-28 00:00:00,8.97471,2.99556,0.591791,8.38292,0.029953,0.038473,0.169894,28.7933
2026-01-28 01:00:00,7.22684,2.32374,0.807712,6.41913,0.027427,0.02623,0.153578,24.1388
2026-01-28 02:00:00,3.54819,1.2363,0.353578,3.19461,0.020714,0.016,0.148684,22.603
2026-01-28 03:00:00,3.24636,1.2791,0.34677,2.89959,0.01526,0.013684,0.104019,10.8707
2026-01-28 04:00:00,1.07737,0.420848,0.102992,0.974379,0.006185,0.007579,0.076703,3.9248
2026-01-28 05:00:00,0.806736,0.324512,0.079952,0.726784,0.009543,0.015302,0.086953,4.8258
2026-01-28 06:00:00,2.0541,0.76304,0.131728,1.92237,0.01025,0.012946,0.100267,8.3889
2026-01-28 07:00:00,4.49237,1.10269,0.282618,4.20976,0.016747,0.023146,0.13031,14.316
2026-01-28 08:00:00,6.70422,1.08694,0.451472,6.25275,0.022804,0.032024,0.175769,21.7216
2026-01-28 09:00:00,6.09185,1.0828,0.534249,5.5576,0.034174,0.033977,0.186746,23.1768
2026-01-28 10:00:00,9.14172,1.49326,1.73091,7.4108,0.138492,0.04534,0.246081,37.5485
2026-01-28 11:00:00,15.7095,2.08514,2.22695,13.4825,0.088042,0.069301,0.33263,54.3199
2026-01-28 12:00:00,17.9224,2.00161,2.83244,15.09,0.096241,0.083143,0.351548,62.0917
2026-01-28 13:00:00,19.6354,1.66317,3.06692,16.5685,0.105743,0.089577,0.358399,70.2346
2026-01-28 14:00:00,19.9458,2.04321,2.55618,17.3896,0.100879,0.099766,0.359827,48.5112
2026-01-28 15:00:00,20.3741,2.38294,2.52796,17.8462,0.099146,0.098509,0.362135,63.1683
2026-01-28 16:00:00,20.7091,1.68531,3.01161,17.6974,0.116318,0.100607,0.392556,58.6597
2026-01-28 17:00:00,17.3416,1.74182,2.55836,14.7832,0.103867,0.087507,0.359101,69.1974
2026-01-28 18:00:00,24.1104,2.30105,2.56635,21.5441,0.109477,0.112456,0.387252,80.4014
2026-01-28 19:00:00,21.6153,2.0141,3.68722,17.9281,0.105062,0.101205,0.363277,71.2307
2026-01-28 20:00:00,16.0623,1.50735,2.19063,13.8717,0.09033,0.074825,0.357367,71.6908
2026-01-28 21:00:00,13.0962,1.65398,1.70764,11.3886,0.073884,0.065749,0.291381,52.2206
2026-01-28 22:00:00,21.3869,3.71043,1.44076,19.9462,0.066871,0.104041,0.271568,51.4517
2026-01-28 23:00:00,14.2624,3.48884,1.08908,13.1733,0.049944,0.064292,0.236451,40.6997
2026-01-29 00:00:00,9.03996,2.90861,0.926864,8.1131,0.037134,0.042544,0.177191,26.7768
2026-01-29 01:00:00,7.09671,2.12095,0.546754,6.54996,0.025607,0.035126,0.144963,23.9209
2026-01-29 02:00:00,3.48831,1.16822,0.563061,2.92524,0.016364,0.016626,0.112787,14.3892
2026-01-29 03:00:00,3.3383,1.40857,0.213678,3.12462,0.011271,0.016385,0.104064,14.2234
2026-01-29 04:00:00,2.42716,0.998012,0.124881,2.30228,0.007154,0.011661,0.08733,7.2611
2026-01-29 05:00:00,1.75747,0.627219,0.101642,1.65583,0.004851,0.007999,0.086007,5.9898
2026-01-29 06:00:00,4.53069,1.4088,0.342834,4.18786,0.01204,0.018657,0.100033,9.2391
2026-01-29 07:00:00,5.25777,0.877172,0.441904,4.81586,0.019471,0.024756,0.133253,15.6415
2026-01-29 08:00:00,7.54229,1.14208,0.779315,6.76297,0.034621,0.041142,0.188847,25.6835
2026-01-29 09:00:00,9.68551,1.4508,1.44564,8.23987,0.073014,0.045749,0.237374,35.5083
2026-01-29 10:00:00,12.071,1.51493,1.80959,10.2614,0.116493,0.05541,0.27133,42.7635
2026-01-29 11:00:00,14.4307,1.85772,2.40974,12.021,0.093926,0.069213,0.309616,48.5067
2026-01-29 12:00:00,15.6145,1.84003,2.88975,12.7247,0.119864,0.076852,0.348841,59.2344
2026-01-29 13:00:00,14.1442,2.32482,1.71761,12.4266,0.082901,0.086091,0.324247,42.5989
2026-01-29 14:00:00,20.1769,2.26401,2.4747,17.7021,0.095959,0.092332,0.317329,55.4331
2026-01-29 15:00:00,17.5611,1.94216,3.97345,13.5876,0.116944,0.075645,0.3276,60.7144
2026-01-29 16:00:00,17.6998,1.82547,2.44066,15.2591,0.086235,0.083473,0.330983,56.6587
2026-01-29 17:00:00,17.7363,1.89612,2.41882,15.3175,0.091798,0.087953,0.336391,58.3218
2026-01-29 18:00:00,17.2512,2.06354,1.83052,15.4207,0.073813,0.088022,0.33637,55.8162
2026-01-29 19:00:00,17.522,1.77852,2.63697,14.885,0.108981,0.088419,0.348229,61.355
2026-01-29 20:00:00,14.8642,1.705,2.32897,12.5352,0.089226,0.071013,0.325052,55.4423
2026-01-29 21:00:00,9.73603,1.37243,1.44783,8.2882,0.058556,0.046534,0.256551,42.2643
2026-01-29 22:00:00,12.6656,2.20118,1.75067,10.9149,0.086181,0.056853,0.245587,44.406
2026-01-29 23:00:00,12.3608,3.00311,0.847879,11.5129,0.036649,0.049194,0.186932,33.6645
2026-01-30 00:00:00,11.1329,5.27625,0.974055,10.1588,0.037237,0.047171,0.176462,31.8719
2026-01-30 01:00:00,8.59017,3.15815,0.48628,8.10389,0.022749,0.033611,0.140908,20.0831
2026-01-30 02:00:00,5.1068,2.27779,0.339677,4.76712,0.019197,0.026302,0.114274,14.3501
2026-01-30 03:00:00,1.9808,0.866494,0.351489,1.62932,0.01372,0.008647,0.093403,7.2255
2026-01-30 04:00:00,2.6852,0.946828,0.24641,2.43879,0.013653,0.013131,0.093462,5.5527
2026-01-30 05:00:00,0.936932,0.334858,0.062523,0.874409,0.00439,0.005654,0.077283,4.9629
2026-01-30 06:00:00,1.31309,0.370301,0.097938,1.21515,0.005034,0.006145,0.085772,6.2835
2026-01-30 07:00:00,4.82034,0.631762,0.42724,4.3931,0.019679,0.020282,0.148818,18.2413
2026-01-30 08:00:00,6.759,0.956552,0.738697,6.0203,0.032642,0.032612,0.187551,26.566
2026-01-30 09:00:00,11.1347,1.55556,1.0986,10.0361,0.064341,0.053763,0.225628,37.9137
2026-01-30 10:00:00,11.6563,1.34943,1.69303,9.9633,0.091526,0.061127,0.272762,46.8203
2026-01-30 11:00:00,17.0365,2.11371,2.30897,14.7275,0.103503,0.074038,0.327614,58.0905
2026-01-30 12:00:00,16.9252,2.07011,2.81871,14.1065,0.101874,0.077069,0.351661,63.4974
2026-01-30 13:00:00,19.0905,2.08321,2.36622,16.7243,0.091049,0.088624,0.346285,64.202
2026-01-30 14:00:00,22.2191,2.44919,2.90019,19.3189,0.118037,0.094347,0.329589,61.4512
2026-01-30 15:00:00,15.5221,2.21364,2.25881,13.2633,0.076226,0.077301,0.295614,52.5548
2026-01-30 16:00:00,19.4927,2.57296,2.37804,17.1147,0.086545,0.09142,0.327381,59.817
2026-01-30 17:00:00,17.3493,2.01502,2.61852,14.7308,0.107534,0.089352,0.344845,64.9834
2026-01-30 18:00:00,20.846,2.16559,3.66563,17.1804,0.122108,0.098647,0.366319,68.5349
2026-01-30 19:00:00,17.9522,1.86033,2.09054,15.8617,0.089723,0.091829,0.374039,75.8104
2026-01-30 20:00:00,15.4371,1.76344,1.95911,13.478,0.086779,0.077414,0.330782,59.2517
2026-01-30 21:00:00,13.1508,1.65586,2.00102,11.1498,0.079707,0.071252,0.30883,57.0311
2026-01-30 22:00:00,14.5242,2.05376,2.22228,12.3019,0.089153,0.067628,0.29554,54.6306
2026-01-30 23:00:00,14.5811,2.52968,1.51077,13.0703,0.064636,0.065359,0.257977,46.641
2026-01-31 00:00:00,7.66601,1.79869,1.13142,6.53459,0.045363,0.031752,0.166714,25.4119
2026-01-31 01:00:00,5.98083,1.84594,0.417112,5.56372,0.018109,0.024461,0.12859,17.3655
2026-01-31 02:00:00,4.07303,1.36222,0.266711,3.80632,0.013916,0.020456,0.106992,11.9111
2026-01-31 03:00:00,2.99336,1.18221,0.229351,2.76401,0.013024,0.015303,0.105666,9.9372
2026-01-31 04:00:00,1.48584,0.705526,0.166599,1.31924,0.007254,0.008085,0.082779,6.0715
2026-01-31 05:00:00,0.569959,0.312477,0.041431,0.528528,0.00251,0.003583,0.070244,2.9727
2026-01-31 06:00:00,1.93194,0.987698,0.10396,1.82798,0.006625,0.01093,0.085108,5.7879
2026-01-31 07:00:00,2.25012,0.690219,0.175928,2.07419,0.009595,0.01366,0.10096,8.1806
2026-01-31 08:00:00,9.0591,1.92665,0.477125,8.58198,0.028408,0.044587,0.166298,21.7808
2026-01-31 09:00:00,9.3176,1.69165,0.917652,8.39995,0.04979,0.049918,0.196064,28.0549
2026-01-31 10:00:00,11.4605,1.90563,2.08443,9.37606,0.111735,0.055757,0.26631,39.3717
2026-01-31 11:00:00,15.6952,2.20686,2.7867,12.9085,0.101366,0.070528,0.303016,53.1654
2026-01-31 12:00:00,20.5942,2.45578,3.934,16.6602,0.14188,0.093157,0.359695,62.5598
2026-01-31 13:00:00,15.4441,1.73529,2.53859,12.9055,0.094245,0.078349,0.324357,56.3389
2026-01-31 14:00:00,25.6764,2.28316,3.74651,21.9299,0.129229,0.109383,0.354092,64.8724
2026-01-31 15:00:00,17.3675,1.54763,2.832,14.5355,0.102445,0.086293,0.342732,64.7047
2026-01-31 16:00:00,19.2497,1.7342,2.55841,16.6913,0.096916,0.091524,0.358028,64.8567
2026-01-31 17:00:00,23.3272,1.92532,4.31027,19.0169,0.144662,0.108997,0.380587,74.6973
2026-01-31 18:00:00,19.4094,1.86557,2.5617,16.8477,0.099036,0.101897,0.365612,66.3427
2026-01-31 19:00:00,19.8476,1.76864,2.851,16.9966,0.123814,0.096842,0.379287,77.4982
2026-01-31 20:00:00,18.2883,1.74974,2.29139,15.9969,0.085841,0.090533,0.320022,55.8963
2026-01-31 21:00:00,14.5743,1.60298,2.65473,11.9196,0.090986,0.074218,0.304474,51.0477
2026-01-31 22:00:00,13.1446,2.00865,1.81129,11.3333,0.064992,0.062056,0.251584,42.605
2026-01-31 23:00:00,9.66795,1.93127,1.03197,8.63598,0.043447,0.043238,0.196176,34.2875
2026-02-01 00:00:00,7.85855,2.00167,1.12301,6.73555,0.041916,0.033664,0.167539,24.9084
2026-02-01 01:00:00,9.3927,2.26877,2.18056,7.21214,0.060724,0.035719,0.159231,23.5921
2026-02-01 02:00:00,4.46752,1.59782,0.429381,4.03814,0.019233,0.018989,0.120283,15.4661
2026-02-01 03:00:00,4.27736,1.83263,0.365706,3.91165,0.015668,0.016317,0.105581,12.3834
2026-02-01 04:00:00,3.65137,1.84973,0.348019,3.30335,0.013308,0.01437,0.098998,10.4312
2026-02-01 05:00:00,2.13136,1.02272,0.196351,1.93501,0.010751,0.010365,0.0842,5.9459
2026-02-01 06:00:00,0.886748,0.511978,0.349866,0.536882,0.011463,0.003793,0.073054,3.6185
2026-02-01 07:00:00,1.68907,0.673473,0.115401,1.57367,0.006251,0.009127,0.088905,6.2076
2026-02-01 08:00:00,5.88322,1.35683,0.458531,5.42469,0.021618,0.030433,0.160068,21.149
2026-02-01 09:00:00,7.38392,1.6059,1.08669,6.29723,0.050915,0.034613,0.183106,26.9436
2026-02-01 10:00:00,11.706,1.98676,1.84217,9.8638,0.091653,0.056969,0.263677,46.34
2026-02-01 11:00:00,17.8425,2.05606,2.47124,15.3712,0.088409,0.083788,0.340395,62.485
2026-02-01 12:00:00,23.5964,1.67731,5.47739,18.119,0.179954,0.109589,0.395836,81.0294
2026-02-01 13:00:00,20.2765,1.5375,2.57236,17.7042,0.105289,0.098894,0.370479,76.5942
2026-02-01 14:00:00,20.6993,1.76285,2.05306,18.6463,0.091152,0.107071,0.364237,66.8767
2026-02-01 15:00:00,16.3515,1.31085,1.37108,14.9805,0.069686,0.095994,0.371306,66.5346
2026-02-01 16:00:00,20.4504,1.8824,2.17671,18.2737,0.094649,0.106983,0.368672,67.2044
2026-02-01 17:00:00,21.3252,1.84538,2.86241,18.4628,0.136324,0.10454,0.382187,73.9853
2026-02-01 18:00:00,17.8494,1.49018,1.84989,15.9995,0.083458,0.098258,0.359385,62.2302
2026-02-01 19:00:00,19.2126,1.82214,2.4883,16.7243,0.096222,0.099263,0.356347,64.2406
2026-02-01 20:00:00,19.2131,2.22787,3.15915,16.054,0.100027,0.089749,0.340726,63.6677
2026-02-01 21:00:00,13.9554,2.58337,2.28597,11.6694,0.085748,0.061487,0.304396,55.1057
2026-02-01 22:00:00,7.9057,2.42953,1.39398,6.51172,0.075812,0.043937,0.229524,42.6297
2026-02-01 23:00:00,7.94644,2.56006,1.03759,6.90885,0.039429,0.034891,0.185501,33.485
2026-02-02 00:00:00,7.80649,3.61746,0.811498,6.99499,0.035486,0.033286,0.154281,23.2318
2026-02-02 01:00:00,6.07975,2.65723,0.530531,5.54922,0.021731,0.026951,0.129227,18.3975
2026-02-02 02:00:00,5.20636,2.96828,0.310504,4.89586,0.015255,0.024308,0.110299,15.8747
2026-02-02 03:00:00,4.27194,3.25109,0.260923,4.01102,0.011108,0.021768,0.105558,9.5754
2026-02-02 04:00:00,2.39081,2.20149,0.271083,2.11973,0.00855,0.01127,0.081886,6.0556
2026-02-02 05:00:00,2.19193,1.99629,0.102646,2.08929,0.004404,0.009315,0.073742,4.2208
2026-02-02 06:00:00,1.66654,1.2272,0.374517,1.29203,0.012798,0.006689,0.073793,3.3638
2026-02-02 07:00:00,1.24486,0.732273,0.14109,1.10377,0.007848,0.009485,0.09859,6.1081
2026-02-02 08:00:00,3.27184,1.06783,0.335558,2.93628,0.015891,0.018117,0.129653,12.8972
2026-02-02 09:00:00,3.33274,0.943583,0.326339,3.0064,0.016042,0.019784,0.152491,16.4973
2026-02-02 10:00:00,5.781,1.23157,0.563325,5.21767,0.028131,0.034318,0.190633,27.0865
2026-02-02 11:00:00,10.2613,1.82911,1.45918,8.80215,0.055031,0.050866,0.244495,36.3716
2026-02-02 12:00:00,17.7521,2.4842,2.17557,15.5765,0.0813,0.08894,0.318351,52.3862
2026-02-02 13:00:00,12.36,1.5423,1.78866,10.5714,0.083043,0.067988,0.295673,50.7296
2026-02-02 14:00:00,12.548,1.79104,1.33804,11.21,0.064754,0.06869,0.323327,55.8707
2026-02-02 15:00:00,11.4161,1.61885,1.55146,9.86468,0.059675,0.060756,0.280497,45.3776
2026-02-02 16:00:00,16.0905,2.30127,3.17478,12.9157,0.087882,0.07483,0.327784,53.2597
2026-02-02 17:00:00,16.394,2.16623,2.28733,14.1067,0.089073,0.090111,0.362852,66.7756
2026-02-02 18:00:00,20.5294,2.38881,2.71353,17.8159,0.108609,0.101478,0.370912,73.6353
2026-02-02 19:00:00,17.1111,2.21245,3.1339,13.9772,0.11809,0.080622,0.328655,63.4106
2026-02-02 20:00:00,16.9541,2.41649,3.66038,13.2937,0.108978,0.072636,0.303076,55.8139
2026-02-02 21:00:00,12.8876,2.26018,2.41263,10.4749,0.071758,0.058202,0.254589,43.2698
2026-02-02 22:00:00,9.9038,2.44297,2.74323,7.16057,0.079197,0.040159,0.210327,35.6508
2026-02-02 23:00:00,6.48719,2.09806,1.46115,5.02604,0.052182,0.028184,0.152277,25.2517
2026-02-03 00:00:00,6.07894,2.67559,1.28239,4.79655,0.042412,0.022573,0.124993,18.5751
2026-02-03 01:00:00,4.38171,2.72156,1.41064,2.97106,0.042338,0.019622,0.102216,11.2311
2026-02-03 02:00:00,2.53384,1.46805,0.253975,2.27987,0.00953,0.010876,0.092138,8.693
2026-02-03 03:00:00,2.54836,1.92184,0.137556,2.4108,0.007066,0.01073,0.083321,6.3782
2026-02-03 04:00:00,0.571555,0.427171,0.07311,0.498445,0.003123,0.003549,0.070006,3.0647
2026-02-03 05:00:00,0.447789,0.336178,0.030764,0.417025,0.001856,0.003127,0.069901,2.7462
2026-02-03 06:00:00,0.829355,0.633096,0.313485,0.51587,0.01125,0.002834,0.071646,3.0847
2026-02-03 07:00:00,2.70971,1.25334,0.227613,2.4821,0.010329,0.012428,0.107918,11.2395
2026-02-03 08:00:00,5.73381,1.74068,1.03364,4.70017,0.035345,0.026528,0.155727,18.5329
2026-02-03 09:00:00,8.32255,1.90273,0.833901,7.48865,0.038337,0.039163,0.186653,25.8794
2026-02-03 10:00:00,10.9937,2.25188,2.92206,8.0716,0.086906,0.043687,0.23099,35.5034
2026-02-03 11:00:00,15.6435,2.31002,2.20853,13.435,0.090268,0.069974,0.291646,49.9663
2026-02-03 12:00:00,14.644,1.81463,2.56275,12.0813,0.097538,0.06662,0.298401,50.2196
2026-02-03 13:00:00,13.5136,1.82813,2.50137,11.0122,0.078254,0.060925,0.283733,46.2265
2026-02-03 14:00:00,17.2142,1.96061,2.86775,14.3464,0.086201,0.087552,0.336485,59.6981
2026-02-03 15:00:00,16.2153,1.81217,2.589,13.6263,0.097208,0.07874,0.310897,53.6923
2026-02-03 16:00:00,15.2337,1.65511,2.53898,12.6947,0.094832,0.076175,0.337505,57.9767
2026-02-03 17:00:00,16.2411,1.70995,2.52751,13.7136,0.109749,0.086775,0.353229,63.937
2026-02-03 18:00:00,18.8303,1.80922,1.9506,16.8797,0.095335,0.105323,0.376379,72.8574
2026-02-03 19:00:00,22.2347,2.10476,3.01411,19.2206,0.108611,0.104628,0.371229,71.0962
2026-02-03 20:00:00,15.6573,1.72894,3.26204,12.3953,0.116181,0.073928,0.328653,60.8765
2026-02-03 21:00:00,11.7139,2.09852,1.68528,10.0286,0.069744,0.055242,0.255138,39.4557
2026-02-03 22:00:00,11.0327,2.40993,2.43969,8.59297,0.080042,0.05001,0.219038,32.4523
2026-02-03 23:00:00,7.67778,2.27153,0.959249,6.71853,0.037317,0.035825,0.159563,22.534
2026-02-04 00:00:00,4.10998,1.4902,0.957752,3.15223,0.036784,0.019279,0.124923,14.977
2026-02-04 01:00:00,4.17252,2.07176,0.573224,3.5993,0.024435,0.018646,0.12293,16.7332
2026-02-04 02:00:00,5.90188,3.73064,0.995931,4.90595,0.026433,0.020125,0.127698,14.6975
2026-02-04 03:00:00,2.29177,1.5697,0.417496,1.87427,0.011137,0.008067,0.090193,7.3766
2026-02-04 04:00:00,8.78663,6.09336,0.137162,8.64947,0.00621,0.027568,0.08449,4.932
2026-02-04 05:00:00,3.11672,2.23581,0.095734,3.02098,0.005164,0.01173,0.076755,4.9469
2026-02-04 06:00:00,1.48083,0.930171,0.104227,1.37661,0.004638,0.007886,0.076999,4.5306
2026-02-04 07:00:00,3.40237,1.37748,0.184547,3.21782,0.010784,0.016091,0.108961,10.0215
2026-02-04 08:00:00,5.31665,1.61994,0.421495,4.89516,0.022466,0.028271,0.159165,19.1413
2026-02-04 09:00:00,5.18614,1.28561,0.748339,4.4378,0.033189,0.030477,0.188426,23.6083
2026-02-04 10:00:00,6.22506,1.21536,1.44605,4.77902,0.075115,0.031429,0.199307,27.6148
2026-02-04 11:00:00,11.9071,1.58762,1.79944,10.1077,0.076308,0.059085,0.276613,42.6989
2026-02-04 12:00:00,16.3215,1.87646,2.42314,13.8983,0.092665,0.079522,0.320479,54.2158
2026-02-04 13:00:00,16.9434,1.93994,2.62983,14.3136,0.089138,0.080207,0.325949,60.672
2026-02-04 14:00:00,20.5287,2.12909,3.05082,17.4779,0.1016,0.102054,0.356461,51.4824
2026-02-04 15:00:00,18.216,1.95661,2.4632,15.7528,0.091084,0.085729,0.345178,62.9445
2026-02-04 16:00:00,18.2016,2.03643,2.56649,15.6351,0.09925,0.094323,0.365917,71.8129
2026-02-04 17:00:00,14.8948,2.25953,2.16493,12.7299,0.128535,0.101711,0.36893,71.603
2026-02-04 18:00:00,20.6683,2.23296,1.89217,18.7761,0.087849,0.108198,0.363856,69.2012
2026-02-04 19:00:00,16.4737,1.84518,1.95027,14.5235,0.086813,0.086161,0.349746,61.2109
2026-02-04 20:00:00,16.6903,1.93712,2.27005,14.4202,0.099333,0.078015,0.334313,62.2099
2026-02-04 21:00:00,11.4895,1.61778,2.9227,8.56677,0.104789,0.055273,0.272459,43.2278
2026-02-04 22:00:00,11.2589,1.97041,1.63921,9.61973,0.083755,0.055103,0.26129,45.7864
2026-02-04 23:00:00,5.34567,1.66948,0.981875,4.3638,0.03678,0.028548,0.18856,26.1327
2026-02-05 00:00:00,5.59358,1.70225,0.722339,4.87124,0.020936,0.026084,0.12299,15.8034
2026-02-05 01:00:00,4.04389,1.61626,0.420788,3.6231,0.015752,0.017537,0.11652,16.8817
2026-02-05 02:00:00,3.08587,1.35464,0.199572,2.8863,0.009004,0.012774,0.094579,8.9333
2026-02-05 03:00:00,1.44994,0.839086,0.438152,1.01179,0.013994,0.006384,0.084368,5.5729
2026-02-05 04:00:00,1.2778,0.766069,0.098437,1.17937,0.004615,0.005444,0.077319,4.7693
2026-02-05 05:00:00,0.712296,0.397931,0.191956,0.52034,0.01277,0.004169,0.075461,3.2743
2026-02-05 06:00:00,2.29551,1.17357,0.095464,2.20005,0.00517,0.010586,0.081574,4.6075
2026-02-05 07:00:00,3.62862,1.32625,0.332023,3.2966,0.014379,0.018173,0.109915,10.8975
2026-02-05 08:00:00,7.33954,1.73348,0.78079,6.55875,0.02834,0.034157,0.165371,22.3183
2026-02-05 09:00:00,8.16934,1.89368,0.841199,7.32815,0.033297,0.038574,0.209042,27.6094
2026-02-05 10:00:00,10.6641,2.17812,1.97797,8.68612,0.093777,0.049005,0.239684,37.0869
2026-02-05 11:00:00,15.5566,2.65924,2.74992,12.8067,0.130662,0.063911,0.278894,46.2572
2026-02-05 12:00:00,15.0097,2.02999,2.73709,12.2726,0.101348,0.069014,0.288418,47.8955
2026-02-05 13:00:00,14.5791,2.10074,3.01653,11.5626,0.096376,0.064093,0.263315,42.3721
2026-02-05 14:00:00,14.5433,2.13998,4.56491,9.97839,0.157613,0.061692,0.282621,44.9185
2026-02-05 15:00:00,16.6363,2.53217,5.41986,11.2165,0.149897,0.061615,0.267794,44.4422
2026-02-05 16:00:00,16.0129,2.44398,3.79159,12.2213,0.126641,0.069617,0.306807,54.7033
2026-02-05 17:00:00,15.6284,2.11653,3.42901,12.1994,0.107117,0.078926,0.328275,58.8902
2026-02-05 18:00:00,22.6112,2.83278,1.77727,20.834,0.068428,0.099663,0.320027,51.2481
2026-02-05 19:00:00,8.43412,1.47192,1.41431,7.01981,0.066292,0.059494,0.273659,45.2025
2026-02-05 20:00:00,11.673,1.91423,1.78459,9.88837,0.066083,0.054941,0.281224,41.7355
2026-02-05 21:00:00,8.35212,1.77252,0.926454,7.42567,0.040063,0.042178,0.215541,33.908
2026-02-05 22:00:00,7.19005,1.87339,1.3084,5.88165,0.049274,0.034356,0.201899,32.6238
2026-02-05 23:00:00,6.13085,1.86122,0.644703,5.48615,0.032345,0.032289,0.162247,24.5833
2026-02-06 00:00:00,6.92687,2.5152,0.753233,6.17364,0.02694,0.031457,0.142204,21.1114
2026-02-06 01:00:00,3.28343,1.2776,0.318248,2.96518,0.011654,0.016179,0.102458,12.2338
2026-02-06 02:00:00,1.96877,1.00345,0.167416,1.80135,0.008661,0.008805,0.086897,7.4949
2026-02-06 03:00:00,0.812608,0.527669,0.10637,0.706238,0.004904,0.004487,0.0748,5.0939
2026-02-06 04:00:00,0.479949,0.359243,0.051017,0.428932,0.002716,0.003015,0.069507,3.6692
2026-02-06 05:00:00,0.501661,0.370502,0.052754,0.448907,0.002485,0.003208,0.069033,3.4497
2026-02-06 06:00:00,0.313913,0.184437,0.03052,0.283393,0.002467,0.001858,0.074333,3.7308
2026-02-06 07:00:00,2.23342,0.81393,0.181331,2.05209,0.008892,0.011602,0.097476,7.0193
2026-02-06 08:00:00,4.60547,1.0448,0.364732,4.24074,0.016203,0.023412,0.141294,15.2929
2026-02-06 09:00:00,4.70803,1.02393,0.778655,3.92937,0.043327,0.024021,0.18637,24.13
2026-02-06 10:00:00,7.57673,1.61896,2.09034,5.48639,0.130683,0.031306,0.222055,29.3652
2026-02-06 11:00:00,10.591,2.03049,2.06668,8.52433,0.07274,0.046959,0.263317,41.0381
2026-02-06 12:00:00,14.1597,1.92859,2.7054,11.4543,0.192164,0.066864,0.300149,35.1334
2026-02-06 13:00:00,11.7555,1.9096,2.09422,9.66127,0.072587,0.051939,0.253029,43.4181
2026-02-06 14:00:00,12.1827,1.7605,2.11922,10.0635,0.073212,0.054361,0.261668,44.6869
2026-02-06 15:00:00,15.6704,2.17765,2.17313,13.4972,0.081566,0.072625,0.302779,39.9822
2026-02-06 16:00:00,11.232,1.44445,1.75455,9.47749,0.065961,0.054615,0.253106,40.6415
2026-02-06 17:00:00,11.5966,1.52146,2.15483,9.44174,0.074163,0.063035,0.284194,46.2882
2026-02-06 18:00:00,15.0479,1.99151,2.32833,12.7195,0.086003,0.076239,0.309816,51.9285
2026-02-06 19:00:00,13.4869,1.86078,2.81474,10.6722,0.080315,0.061059,0.264058,42.2779
2026-02-06 20:00:00,8.03365,1.26038,1.0067,7.02695,0.0478,0.04138,0.222556,34.9271
2026-02-06 21:00:00,9.8421,2.00614,1.8146,8.02749,0.064322,0.043689,0.214335,33.9748
2026-02-06 22:00:00,8.72815,1.83442,0.970176,7.75797,0.042917,0.041264,0.204109,34.9785
2026-02-06 23:00:00,9.76399,2.33142,1.19838,8.56561,0.046771,0.044515,0.192006,34.2924
2026-02-07 00:00:00,6.25719,1.65534,0.585439,5.67175,0.026828,0.026989,0.1536,22.9579
2026-02-07 01:00:00,6.70246,1.75365,0.359078,6.34338,0.018175,0.028285,0.143607,18.726
2026-02-07 02:00:00,3.65564,1.15538,0.388865,3.26677,0.015318,0.018962,0.11348,14.0813
2026-02-07 03:00:00,2.79,1.38393,0.177206,2.61279,0.009537,0.013744,0.090947,9.1539
2026-02-07 04:00:00,2.67594,2.11036,0.176974,2.49896,0.007211,0.010029,0.088513,4.5374
2026-02-07 05:00:00,0.617346,0.462086,0.09819,0.519156,0.004994,0.006374,0.072418,2.438
2026-02-07 06:00:00,0.778659,0.508927,0.041822,0.736837,0.003371,0.006175,0.072908,3.2435
2026-02-07 07:00:00,1.18767,0.528323,0.105293,1.08238,0.005231,0.007122,0.084008,5.4918
2026-02-07 08:00:00,5.31972,1.49012,0.298857,5.02086,0.015,0.02626,0.125015,12.9517
2026-02-07 09:00:00,8.83116,1.92904,1.0524,7.77875,0.041408,0.04143,0.200841,27.0403
2026-02-07 10:00:00,10.8288,1.92478,1.82452,9.00429,0.086385,0.049642,0.251362,40.4817
2026-02-07 11:00:00,14.9474,2.17196,2.32212,12.6253,0.090526,0.070661,0.273219,46.7223
2026-02-07 12:00:00,18.9944,2.25909,2.54232,16.4521,0.097376,0.083272,0.328916,59.1531
2026-02-07 13:00:00,22.8837,2.23386,3.28538,19.5983,0.110318,0.104206,0.347119,64.7478
2026-02-07 14:00:00,20.2373,2.05956,3.36368,16.8736,0.111422,0.096336,0.338623,60.9084
2026-02-07 15:00:00,20.2846,2.00679,2.81428,17.4703,0.103982,0.095966,0.352251,65.837
2026-02-07 16:00:00,18.861,1.67148,3.1236,15.7374,0.110255,0.095631,0.351986,64.8899
2026-02-07 17:00:00,20.9888,2.01158,3.46355,17.5253,0.128432,0.110781,0.361397,65.8565
2026-02-07 18:00:00,21.1943,1.85362,2.38503,18.8093,0.100729,0.106445,0.37649,69.4098
2026-02-07 19:00:00,25.3687,2.25099,3.20845,22.1602,0.127661,0.117703,0.369644,73.1447
2026-02-07 20:00:00,15.6961,1.40319,1.94231,13.7538,0.08302,0.087108,0.33554,60.0641
2026-02-07 21:00:00,14.9904,1.51878,1.89322,13.0972,0.094175,0.0841,0.357426,66.308
2026-02-07 22:00:00,13.1157,1.80608,1.84078,11.2749,0.082677,0.063707,0.297029,56.4852
2026-02-07 23:00:00,10.5924,3.32258,1.67266,8.91973,0.074532,0.05733,0.205632,34.7233
2026-02-08 00:00:00,6.18908,1.85635,1.17504,5.01404,0.049421,0.026106,0.154803,24.471
2026-02-08 01:00:00,6.57842,1.86463,0.815959,5.76246,0.027263,0.027991,0.138835,20.2411
2026-02-08 02:00:00,2.90664,1.02131,0.301423,2.60522,0.012597,0.013702,0.102819,11.6424
2026-02-08 03:00:00,2.12504,1.07325,0.892143,1.23289,0.01908,0.009036,0.085889,6.3961
2026-02-08 04:00:00,1.02139,0.644005,0.124239,0.897154,0.004455,0.00553,0.076685,4.867
2026-02-08 05:00:00,1.16453,1.02873,0.082697,1.08183,0.003466,0.006268,0.074334,4.8239
2026-02-08 06:00:00,0.297592,0.239221,0.04816,0.249432,0.002411,0.002432,0.069635,2.8767
2026-02-08 07:00:00,1.16267,0.680718,0.080773,1.08189,0.006332,0.007805,0.086771,6.0245
2026-02-08 08:00:00,2.97542,0.787149,0.23235,2.74307,0.017259,0.017915,0.120364,11.0684
2026-02-08 09:00:00,8.36145,2.15279,1.08146,7.27999,0.047702,0.038189,0.174966,23.9215
2026-02-08 10:00:00,10.6579,1.80949,2.26252,8.39536,0.089324,0.049685,0.236765,38.9544
2026-02-08 11:00:00,13.5741,1.80075,2.44767,11.1264,0.088245,0.066253,0.292619,47.9866
2026-02-08 12:00:00,15.5692,1.76242,2.46913,13.1001,0.092852,0.080469,0.312176,54.7119
2026-02-08 13:00:00,18.2882,1.73446,2.83774,15.4504,0.10195,0.088075,0.342286,63.6953
2026-02-08 14:00:00,21.7697,2.04449,2.8618,18.9079,0.116537,0.116643,0.365263,72.1185
2026-02-08 15:00:00,24.6369,2.36212,3.36737,21.2696,0.118767,0.118789,0.363683,69.5707
2026-02-08 16:00:00,17.5665,1.86362,3.22389,14.3426,0.108842,0.089869,0.357293,61.4862
2026-02-08 17:00:00,18.2711,1.82931,2.60558,15.6655,0.099491,0.092712,0.362946,67.1453
2026-02-08 18:00:00,24.7808,2.28268,2.68392,22.0969,0.117908,0.12648,0.380623,74.4825
2026-02-08 19:00:00,21.38,2.01319,2.46476,18.9153,0.104752,0.108346,0.364672,68.8314
2026-02-08 20:00:00,16.1011,1.7962,2.27459,13.8265,0.080145,0.081647,0.311233,52.7752
2026-02-08 21:00:00,12.3766,2.00009,1.97106,10.4055,0.076073,0.060617,0.257767,45.8012
2026-02-08 22:00:00,12.092,2.16936,1.05965,11.0324,0.045002,0.058697,0.21643,33.3551
2026-02-08 23:00:00,12.4138,2.49874,1.22387,11.1899,0.047628,0.051974,0.213559,34.5094
2026-02-09 00:00:00,5.86697,1.59776,0.534537,5.33243,0.022575,0.027138,0.138098,20.5732
2026-02-09 01:00:00,4.24086,1.58834,0.277816,3.96304,0.011096,0.01976,0.102415,10.402
2026-02-09 02:00:00,2.65925,1.25792,0.200332,2.45892,0.009928,0.014337,0.087173,7.6648
2026-02-09 03:00:00,2.22692,1.27544,0.243911,1.98301,0.01104,0.009712,0.081595,5.9766
2026-02-09 04:00:00,0.401559,0.301471,0.042312,0.359247,0.002972,0.00254,0.067435,2.7719
2026-02-09 05:00:00,1.53445,1.30703,0.076066,1.45838,0.005057,0.008464,0.072157,3.9041
2026-02-09 06:00:00,0.928342,0.612362,0.14214,0.786202,0.006237,0.00565,0.072017,2.5592
2026-02-09 07:00:00,1.9704,0.850043,0.158768,1.81163,0.008484,0.011699,0.099048,7.4468
2026-02-09 08:00:00,5.73022,1.64378,0.482153,5.24807,0.016501,0.029839,0.14204,14.8964
2026-02-09 09:00:00,8.32961,2.05669,1.04114,7.28847,0.058781,0.040674,0.178508,21.9655
2026-02-09 10:00:00,10.0121,2.48687,2.02122,7.99091,0.114393,0.043939,0.229065,38.6592
2026-02-09 11:00:00,11.3461,1.79926,3.24853,8.09761,0.122646,0.049425,0.27246,44.344
2026-02-09 12:00:00,17.2385,2.2186,2.96201,14.2765,0.114702,0.086801,0.320284,51.8371
2026-02-09 13:00:00,14.73,2.10309,3.27628,11.4537,0.102898,0.083565,0.329451,58.5295
2026-02-09 14:00:00,13.3169,1.93898,2.61656,10.7003,0.117516,0.09269,0.364449,64.4671
2026-02-09 15:00:00,18.8455,2.15426,3.63414,15.2113,0.12183,0.100427,0.366366,65.8044
2026-02-09 16:00:00,19.8551,2.19248,2.43646,17.4186,0.094609,0.111372,0.362169,62.7426
2026-02-09 17:00:00,26.7738,2.59084,3.45285,23.3209,0.12667,0.143361,0.400658,81.0716
2026-02-09 18:00:00,22.015,2.04943,3.76712,18.2479,0.125725,0.124264,0.394716,75.2843
2026-02-09 19:00:00,25.6256,2.05267,3.70319,21.9224,0.141519,0.128305,0.395583,79.1242
2026-02-09 20:00:00,17.1304,1.64242,1.89633,15.2341,0.092034,0.089233,0.335601,58.0723
2026-02-09 21:00:00,14.0429,1.89821,3.05597,10.987,0.094182,0.061593,0.282122,47.3385
2026-02-09 22:00:00,20.1527,4.28052,11.7292,8.42351,0.293668,0.048402,0.240214,35.3487
2026-02-09 23:00:00,18.0763,4.72953,6.61623,11.4601,0.174044,0.05845,0.209983,25.3014
2026-02-10 00:00:00,9.27956,2.88185,0.775165,8.50439,0.030185,0.041497,0.161718,24.991
2026-02-10 01:00:00,9.19171,2.96698,0.422305,8.7694,0.019669,0.03401,0.141754,20.3321
2026-02-10 02:00:00,2.64569,1.23978,0.17781,2.46788,0.009634,0.015992,0.102768,10.2942
2026-02-10 03:00:00,0.955435,0.512572,0.072973,0.882462,0.003671,0.006029,0.079258,5.5478
2026-02-10 04:00:00,1.25279,1.08186,0.138259,1.11453,0.004345,0.006975,0.07812,5.2794
2026-02-10 05:00:00,0.98916,0.907487,0.056595,0.932565,0.002832,0.007646,0.073551,3.8233
2026-02-10 06:00:00,1.34795,0.837238,0.072668,1.27529,0.003653,0.010024,0.077649,3.821
2026-02-10 07:00:00,4.28106,2.21358,0.312444,3.96861,0.015554,0.023382,0.111132,12.0446
2026-02-10 08:00:00,6.74615,1.62167,0.77221,5.97394,0.028525,0.030578,0.162059,20.7536
2026-02-10 09:00:00,5.21632,1.39848,0.562725,4.65359,0.03251,0.034684,0.194861,25.9082
2026-02-10 10:00:00,10.9879,2.21441,2.42246,8.56545,0.072659,0.047417,0.228305,34.3415
2026-02-10 11:00:00,11.6869,1.8735,1.29944,10.3875,0.049938,0.059403,0.265824,39.1999
2026-02-10 12:00:00,14.8054,1.7002,3.36001,11.4454,0.112438,0.067198,0.284468,46.461
2026-02-10 13:00:00,13.2828,1.68693,2.52514,10.7577,0.079066,0.064924,0.266748,43.3151
2026-02-10 14:00:00,13.345,1.5127,1.66731,11.6777,0.07123,0.071338,0.311314,52.6944
2026-02-10 15:00:00,20.461,2.44282,2.07067,18.3904,0.073614,0.09354,0.324913,51.7081
2026-02-10 16:00:00,20.1544,2.23194,2.29266,17.8617,0.09824,0.096214,0.354893,62.4322
2026-02-10 17:00:00,15.4174,1.70735,2.62153,12.7958,0.104205,0.08458,0.357186,58.8295
2026-02-10 18:00:00,16.8006,2.13098,1.80611,14.9945,0.077745,0.087029,0.340821,59.9834
2026-02-10 19:00:00,17.0143,1.95792,1.8769,15.1374,0.089715,0.091049,0.326164,54.6181
2026-02-10 20:00:00,15.1657,1.8316,2.08556,13.0801,0.091742,0.078802,0.306619,48.4552
2026-02-10 21:00:00,12.5879,2.08686,1.37694,11.211,0.064816,0.066388,0.291923,49.2187
2026-02-10 22:00:00,8.7826,2.03678,0.99121,7.79139,0.050475,0.041694,0.203714,17.3344
2026-02-10 23:00:00,9.75727,3.25894,0.915296,8.84197,0.039908,0.041799,0.172529,21.6858
2026-02-11 00:00:00,4.75002,2.19502,0.475664,4.27436,0.020621,0.024694,0.128902,14.1063
2026-02-11 01:00:00,4.21976,1.82674,0.38529,3.83447,0.013431,0.022501,0.105776,12.2439
2026-02-11 02:00:00,3.2871,1.8201,0.222015,3.06509,0.012976,0.016676,0.096578,11.364
2026-02-11 03:00:00,1.00637,0.581718,0.161526,0.844846,0.006565,0.004637,0.079024,6.7066
2026-02-11 04:00:00,3.42776,2.36724,0.114531,3.31323,0.004721,0.016641,0.090892,6.7146
2026-02-11 05:00:00,11.1078,7.50529,0.147109,10.9607,0.005669,0.058473,0.106638,6.803
2026-02-11 06:00:00,5.08607,3.94881,0.119821,4.96625,0.006063,0.026339,0.098178,6.2745
2026-02-11 07:00:00,2.49252,1.1735,0.226016,2.2665,0.011594,0.013683,0.107522,8.8491
2026-02-11 08:00:00,5.35272,1.45454,0.73038,4.62234,0.028779,0.02515,0.154038,16.9555
2026-02-11 09:00:00,6.92857,1.59278,0.782113,6.14646,0.031993,0.032723,0.186638,23.484
2026-02-11 10:00:00,13.5359,2.30752,1.13352,12.4024,0.053545,0.060936,0.246543,37.2667
2026-02-11 11:00:00,11.1755,1.51103,1.61391,9.56163,0.061442,0.055076,0.272907,43.952
2026-02-11 12:00:00,18.1945,1.98154,2.03353,16.161,0.129441,0.096682,0.347175,62.5407
2026-02-11 13:00:00,22.1339,2.21118,2.46956,19.6644,0.092312,0.10497,0.359453,64.6723
2026-02-11 14:00:00,28.8992,3.46846,2.35041,26.5488,0.114431,0.127062,0.347208,58.8649
2026-02-11 15:00:00,31.6142,3.07233,3.57736,28.0369,0.12097,0.158917,0.384826,74.4631
2026-02-11 16:00:00,25.9313,2.8521,2.1179,23.8134,0.086422,0.131084,0.376591,64.5652
2026-02-11 17:00:00,24.6636,2.55317,2.48064,22.183,0.099646,0.133829,0.398198,79.104
2026-02-11 18:00:00,21.8684,2.09468,3.84349,18.0249,0.142965,0.108188,0.383417,66.995
2026-02-11 19:00:00,21.4706,1.96545,2.94126,18.5293,0.127333,0.113198,0.401463,73.3779
2026-02-11 20:00:00,20.3823,2.04765,2.98623,17.3961,0.134907,0.103207,0.360155,67.5171
2026-02-11 21:00:00,14.3649,1.94226,2.08449,12.2804,0.086158,0.077529,0.308217,51.3081
2026-02-11 22:00:00,14.5238,2.65227,1.64658,12.8773,0.068429,0.070661,0.270795,46.0871
2026-02-11 23:00:00,8.38649,2.42805,0.782045,7.60445,0.037823,0.044503,0.178893,26.4342
2026-02-12 00:00:00,9.68477,4.0556,0.824504,8.86026,0.03052,0.049692,0.180689,26.0577
2026-02-12 01:00:00,4.17189,1.72821,0.305395,3.8665,0.015767,0.024494,0.122889,17.0509
2026-02-12 02:00:00,2.96482,1.44767,0.132613,2.83221,0.006895,0.012771,0.088159,7.2597
2026-02-12 03:00:00,0.930685,0.423038,0.101471,0.829214,0.004453,0.004382,0.0743,3.6923
2026-02-12 04:00:00,0.411627,0.252842,0.026118,0.385509,0.001563,0.002402,0.066156,2.1967
2026-02-12 05:00:00,1.80174,1.10672,0.105708,1.69603,0.005059,0.007133,0.081457,5.5726
2026-02-12 06:00:00,1.55939,0.902422,0.083702,1.47568,0.004558,0.008009,0.074406,3.3934
2026-02-12 07:00:00,2.88655,1.33513,0.353428,2.53312,0.013784,0.014114,0.104182,8.2084
2026-02-12 08:00:00,4.80172,1.32791,0.440649,4.36107,0.021551,0.02429,0.153216,17.8516
2026-02-12 09:00:00,6.41584,1.38017,0.639211,5.77663,0.030183,0.033719,0.17931,23.0322
2026-02-12 10:00:00,8.02996,1.43243,0.837773,7.19219,0.038815,0.043148,0.205404,28.2128
2026-02-12 11:00:00,9.64408,1.48469,1.03634,8.60775,0.047447,0.052578,0.231498,33.3934
2026-02-12 12:00:00,,,,,,,,
2026-02-12 13:00:00,,,,,,,,
2026-02-12 14:00:00,,,,,,,,
2026-02-12 15:00:00,16.1006,1.69373,1.83058,14.27,0.081974,0.090295,0.335873,54.1159
2026-02-12 16:00:00,17.5505,2.03225,5.95157,11.599,0.143612,0.077949,0.323839,50.6807
2026-02-12 17:00:00,23.2659,2.42101,5.61506,17.6508,0.122781,0.106928,0.356437,59.7655
2026-02-12 18:00:00,24.0591,2.18124,3.3078,20.7513,0.143612,0.130761,0.390414,76.3674
2026-02-12 19:00:00,18.9746,1.65082,2.41454,16.56,0.115388,0.098632,0.367015,69.6069
2026-02-12 20:00:00,23.7548,2.08011,3.62394,20.1309,0.150264,0.102052,0.373135,68.8413
2026-02-12 21:00:00,17.2974,1.86636,2.33362,14.9638,0.096724,0.083267,0.350964,62.7061
2026-02-12 22:00:00,13.4664,1.61159,2.27325,11.1932,0.088446,0.064868,0.296591,51.9999
2026-02-12 23:00:00,9.75351,1.73365,1.2861,8.4674,0.053876,0.042387,0.205551,34.0873
2026-02-13 00:00:00,10.1642,2.8535,1.27035,8.89382,0.041629,0.041336,0.16059,24.2219
2026-02-13 01:00:00,2.98391,1.18315,0.246758,2.73715,0.01037,0.015978,0.102052,10.8293
2026-02-13 02:00:00,2.54358,1.35875,0.498978,2.0446,0.014632,0.01083,0.089515,7.6737
2026-02-13 03:00:00,0.520062,0.372537,0.042547,0.477515,0.001894,0.00243,0.06716,2.0137
2026-02-13 04:00:00,0.314227,0.237332,0.044702,0.269525,0.002205,0.001593,0.066989,2.4712
2026-02-13 05:00:00,0.781833,0.543695,0.081785,0.700048,0.004189,0.004609,0.068994,2.5908
2026-02-13 06:00:00,1.96994,1.20412,0.076309,1.89363,0.004078,0.008762,0.07555,3.3253
2026-02-13 07:00:00,2.91557,1.46806,0.21084,2.70473,0.010031,0.013822,0.107021,9.7312
2026-02-13 08:00:00,4.97413,1.54284,0.454342,4.51978,0.019849,0.025658,0.140395,15.4904
2026-02-13 09:00:00,6.0232,1.77676,0.705768,5.31743,0.032353,0.029432,0.178204,22.2572
2026-02-13 10:00:00,24.2595,5.41023,2.45139,21.8081,0.049481,0.07677,0.21172,28.3611
2026-02-13 11:00:00,12.2238,1.99084,1.19762,11.0262,0.054174,0.061303,0.267848,38.8806
2026-02-13 12:00:00,15.2069,1.63938,1.82401,13.3829,0.074018,0.078337,0.32405,51.2928
2026-02-13 13:00:00,15.6606,1.59834,2.40352,13.257,0.092487,0.080439,0.326951,54.4697
2026-02-13 14:00:00,20.0817,2.00416,3.43715,16.6445,0.119013,0.096859,0.370871,66.7391
2026-02-13 15:00:00,18.0334,1.68474,1.82432,16.2091,0.082113,0.099361,0.359414,66.7271
2026-02-13 16:00:00,18.6443,1.71837,2.856,15.7883,0.10666,0.090746,0.362108,67.94
2026-02-13 17:00:00,23.5399,2.04944,2.629,20.9109,0.100543,0.128461,0.3878,76.5765
2026-02-13 18:00:00,25.2791,2.16208,2.11814,23.1609,0.097854,0.128237,0.389913,75.1102
2026-02-13 19:00:00,21.1147,1.85184,1.95895,19.1557,0.121989,0.147461,0.395697,46.9672
2026-02-13 20:00:00,20.8056,2.13216,2.61673,18.1889,0.122854,0.105459,0.377775,67.2444
2026-02-13 21:00:00,13.0419,1.64712,1.65931,11.3826,0.07719,0.080541,0.337426,55.3565
2026-02-13 22:00:00,12.7352,2.34103,1.26194,11.4732,0.061887,0.062877,0.25174,40.2807
2026-02-13 23:00:00,9.88212,2.28859,1.08327,8.79885,0.039861,0.045952,0.199753,30.4303
2026-02-14 00:00:00,6.33406,1.99939,0.869942,5.46412,0.032951,0.027395,0.152378,19.9628
2026-02-14 01:00:00,7.08224,2.67861,1.12135,5.96089,0.041068,0.026248,0.121156,13.7174
2026-02-14 02:00:00,2.19869,1.02646,0.192663,2.00602,0.008525,0.009634,0.085967,7.3046
2026-02-14 03:00:00,1.65224,0.864143,0.126328,1.52591,0.005416,0.008675,0.080397,3.2196
2026-02-14 04:00:00,1.3424,0.975579,0.101886,1.24051,0.00542,0.006646,0.073328,2.868
2026-02-14 05:00:00,0.265617,0.343175,0.017071,0.248546,0.001976,0.007082,0.067664,1.5318
2026-02-14 06:00:00,0.820669,0.633232,0.093035,0.727634,0.005259,0.006556,0.074816,3.3113
2026-02-14 07:00:00,2.15957,1.04834,0.188,1.97157,0.008299,0.010599,0.09086,6.2827
2026-02-14 08:00:00,4.6606,1.50148,0.586589,4.07401,0.032284,0.022965,0.137005,14.0537
2026-02-14 09:00:00,7.45172,1.90972,0.691531,6.76019,0.032662,0.034883,0.186457,24.5816
2026-02-14 10:00:00,8.69834,1.84835,0.794575,7.90377,0.032118,0.043557,0.217577,28.9257
2026-02-14 11:00:00,12.8116,1.77397,1.61406,11.1975,0.067299,0.063187,0.27116,44.1273
2026-02-14 12:00:00,17.9717,1.8854,1.72407,16.2476,0.083933,0.08884,0.356449,64.6645
2026-02-14 13:00:00,25.9037,2.3665,3.18555,22.7181,0.109023,0.11825,0.384521,75.498
2026-02-14 14:00:00,19.709,1.72613,1.95079,17.7582,0.084116,0.105163,0.360071,61.5609
2026-02-14 15:00:00,15.8089,1.43378,2.04154,13.7673,0.081209,0.085676,0.337549,52.0909
2026-02-14 16:00:00,18.6798,1.61255,2.03464,16.6451,0.077429,0.099638,0.364809,63.9282
2026-02-14 17:00:00,20.3675,1.81529,2.03863,18.3289,0.093406,0.111781,0.372794,69.534
2026-02-14 18:00:00,25.1587,2.03352,2.24832,22.9104,0.105737,0.140048,0.399248,81.2621
2026-02-14 19:00:00,23.6993,1.67913,3.2407,20.4586,0.12545,0.120843,0.394014,73.5991
2026-02-14 20:00:00,18.9776,1.73915,3.72803,15.2496,0.117415,0.101646,0.367175,65.8834
2026-02-14 21:00:00,12.6196,1.47425,1.97811,10.6415,0.081551,0.070298,0.283993,41.5738
2026-02-14 22:00:00,10.6809,1.62423,1.44775,9.23319,0.056501,0.055543,0.243119,38.8457
2026-02-14 23:00:00,11.7653,2.30873,1.39969,10.3656,0.056838,0.052868,0.198427,33.2648
2026-02-15 00:00:00,7.32104,2.27644,0.657655,6.66339,0.033439,0.033919,0.155083,24.6224
2026-02-15 01:00:00,4.77674,1.89704,0.50922,4.26752,0.019254,0.022264,0.114441,13.3227
2026-02-15 02:00:00,2.22652,0.914008,0.253829,1.97269,0.010868,0.011257,0.08992,4.0791
2026-02-15 03:00:00,2.45173,1.22709,0.099842,2.35189,0.004827,0.010648,0.080333,5.8428
2026-02-15 04:00:00,0.478245,0.454606,0.031483,0.446762,0.001116,0.002262,0.062359,1.1778
2026-02-15 05:00:00,0.42879,0.470165,0.036699,0.392091,0.003085,0.004643,0.065211,1.6313
2026-02-15 06:00:00,0.791411,0.76836,0.053738,0.737673,0.003092,0.003828,0.067844,2.7279
2026-02-15 07:00:00,0.838979,0.475073,0.091358,0.747621,0.004383,0.005006,0.07446,3.33
2026-02-15 08:00:00,3.12058,1.05998,0.318308,2.80228,0.015928,0.01566,0.11246,10.0894
2026-02-15 09:00:00,3.6324,1.19408,0.384265,3.24813,0.018811,0.016787,0.136457,15.6885
2026-02-15 10:00:00,6.49758,1.76086,0.916191,5.58139,0.021787,0.023711,0.154755,18.1096
2026-02-15 11:00:00,7.77534,1.70139,0.658928,7.11641,0.030298,0.035294,0.177805,24.4929
2026-02-15 12:00:00,7.57493,1.68481,0.818916,6.75601,0.041726,0.038927,0.21287,33.1768
2026-02-15 13:00:00,9.92831,1.76159,0.7737,9.15461,0.040345,0.048614,0.202904,29.6673
2026-02-15 14:00:00,7.5128,1.46277,0.926242,6.58655,0.034174,0.032134,0.193347,29.2524
2026-02-15 15:00:00,9.51637,2.22138,0.813261,8.70311,0.035332,0.061083,0.203801,22.5789
2026-02-15 16:00:00,9.70721,1.74402,1.60394,8.10327,0.069572,0.043754,0.206124,29.8459
2026-02-15 17:00:00,8.68575,1.4883,0.971978,7.71377,0.042763,0.042222,0.21389,32.1126
2026-02-15 18:00:00,11.7777,1.95774,1.19204,10.5857,0.046309,0.052143,0.222004,35.2375
2026-02-15 19:00:00,10.0306,1.87068,1.00811,9.02245,0.043023,0.046699,0.210365,32.4633
2026-02-15 20:00:00,7.79638,1.67376,1.02033,6.77605,0.040157,0.035024,0.197854,30.6141
2026-02-15 21:00:00,7.00124,2.05919,0.990954,6.01029,0.048317,0.030606,0.171158,25.5292
2026-02-15 22:00:00,8.58129,2.40912,0.939734,7.64156,0.039804,0.036856,0.175412,24.887
2026-02-15 23:00:00,9.07431,3.60092,1.62541,7.4489,0.066214,0.036968,0.175238,25.1582
2026-02-16 00:00:00,6.13035,2.50423,0.922365,5.20798,0.029837,0.029128,0.1326,15.5521
2026-02-16 01:00:00,2.16663,1.6315,0.130757,2.03587,0.008955,0.016434,0.096994,9.9427
2026-02-16 02:00:00,0.846021,0.62948,0.093406,0.752615,0.003547,0.004005,0.069148,2.9291
2026-02-16 03:00:00,1.1185,1.43766,0.072901,1.0456,0.004109,0.005859,0.068591,2.7487
2026-02-16 04:00:00,0.337145,0.668939,0.018855,0.31829,0.000572,0.001326,0.061087,1.2126
2026-02-16 05:00:00,0.21407,0.728131,0.016064,0.198006,0.001203,0.002633,0.060402,1.2408
2026-02-16 06:00:00,0.219129,0.391302,0.022245,0.196884,0.00122,0.001294,0.061007,1.2255
2026-02-16 07:00:00,1.87094,1.64986,0.226212,1.64473,0.009766,0.008463,0.085229,4.8443
2026-02-16 08:00:00,2.15187,1.12546,0.162216,1.98965,0.008542,0.010709,0.102861,7.5314
2026-02-16 09:00:00,4.8013,2.43474,0.446505,4.35479,0.018974,0.020737,0.124964,14.5278
2026-02-16 10:00:00,3.99946,1.46715,0.658961,3.34049,0.031256,0.018121,0.155158,19.5631
2026-02-16 11:00:00,5.88924,2.03639,1.30276,4.58648,0.05087,0.024663,0.153238,18.462
2026-02-16 12:00:00,4.77596,1.21774,0.4394,4.33656,0.021212,0.023551,0.143806,13.5449
2026-02-16 13:00:00,4.53359,1.32639,0.651358,3.88223,0.030489,0.021155,0.14519,19.2108
2026-02-16 14:00:00,8.44173,2.08644,0.735138,7.70659,0.032715,0.033776,0.154561,20.2692
2026-02-16 15:00:00,5.63349,1.81025,0.638619,4.99487,0.027474,0.024364,0.146113,18.6094
2026-02-16 16:00:00,4.85033,1.50632,0.591708,4.25863,0.028204,0.024616,0.147737,18.3309
2026-02-16 17:00:00,4.65941,1.26066,0.775409,3.884,0.036255,0.021124,0.162621,22.4893
2026-02-16 18:00:00,5.52427,1.57927,0.726067,4.79821,0.045286,0.024368,0.140408,17.1179
2026-02-16 19:00:00,4.68896,1.94724,0.960965,3.72799,0.030824,0.018365,0.121491,12.7079
2026-02-16 20:00:00,4.0387,1.76671,0.680332,3.35837,0.026986,0.021826,0.133971,15.53
2026-02-16 21:00:00,4.0419,1.89228,0.44405,3.59785,0.016553,0.018867,0.11451,12.0378
2026-02-16 22:00:00,6.88012,3.16764,1.52731,5.35281,0.060404,0.024562,0.150963,15.3711
2026-02-16 23:00:00,5.40153,3.90849,0.506047,4.89548,0.025875,0.022505,0.116032,14.4427
2026-02-17 00:00:00,3.49973,2.83149,0.603681,2.89605,0.021455,0.014277,0.094623,9.4211
2026-02-17 01:00:00,1.54291,1.52161,0.112795,1.43012,0.005664,0.007235,0.076775,5.4296
2026-02-17 02:00:00,0.498093,0.632098,0.062553,0.43554,0.00458,0.002407,0.067221,2.2658
2026-02-17 03:00:00,0.642055,1.36608,0.075585,0.56647,0.003407,0.003606,0.067271,3.0437
2026-02-17 04:00:00,0.296284,0.655498,0.101055,0.195229,0.005528,0.001347,0.064761,2.2392
2026-02-17 05:00:00,0.095323,0.196138,0.010677,0.084646,0.000709,0.001023,0.060103,0.9053
2026-02-17 06:00:00,0.358109,0.675679,0.025355,0.332754,0.001173,0.00225,0.062858,1.4095
2026-02-17 07:00:00,0.855026,1.09901,0.080904,0.774122,0.003877,0.004075,0.082239,6.1149
2026-02-17 08:00:00,2.47845,1.5337,0.203986,2.27446,0.009931,0.011299,0.103316,9.188
2026-02-17 09:00:00,2.9208,1.08823,0.261746,2.65905,0.013597,0.014424,0.128329,13.2491
2026-02-17 10:00:00,4.28277,1.05331,0.68388,3.59889,0.03244,0.0211,0.163197,18.1759
2026-02-17 11:00:00,9.44698,1.58453,1.27535,8.17162,0.048009,0.046473,0.251069,38.2153
2026-02-17 12:00:00,12.9192,1.22783,1.36792,11.5513,0.064453,0.076577,0.306163,50.8346
2026-02-17 13:00:00,16.6092,1.39013,2.09422,14.515,0.089424,0.088914,0.339325,56.5521
2026-02-17 14:00:00,21.0244,1.45397,2.64809,18.3763,0.109445,0.114448,0.378978,69.6382
2026-02-17 15:00:00,14.631,1.41144,2.80301,11.828,0.117426,0.101675,0.376455,65.2356
2026-02-17 16:00:00,26.2961,1.89699,3.40066,22.8955,0.124566,0.147126,0.398277,76.1586
2026-02-17 17:00:00,25.4099,1.70057,3.58738,21.8225,0.139992,0.140509,0.41116,85.807
2026-02-17 18:00:00,29.5608,1.82519,3.46398,26.0968,0.142994,0.166535,0.409276,94.224
2026-02-17 19:00:00,29.1541,1.70871,3.70758,25.4465,0.151019,0.162292,0.412244,102.354
2026-02-17 20:00:00,23.7878,1.61208,3.42414,20.3637,0.146958,0.127458,0.405921,87.0488
2026-02-17 21:00:00,18.8231,1.69639,2.58213,16.241,0.109948,0.098532,0.361633,69.4628
2026-02-17 22:00:00,13.2043,1.9441,1.73483,11.4695,0.073128,0.063289,0.241187,40.6602
2026-02-17 23:00:00,10.9896,2.37973,1.87682,9.11275,0.060875,0.048297,0.184527,28.8571
2026-02-18 00:00:00,9.23848,3.56423,0.671561,8.56692,0.026427,0.040606,0.171166,26.1825
2026-02-18 01:00:00,4.46737,1.97846,0.514639,3.95273,0.016015,0.018445,0.112014,12.4495
2026-02-18 02:00:00,2.0127,1.03534,0.293397,1.71931,0.008322,0.00928,0.082282,5.2729
2026-02-18 03:00:00,1.36178,0.935289,0.225471,1.13631,0.008249,0.005845,0.076447,3.3279
2026-02-18 04:00:00,1.54994,1.44584,0.287261,1.26268,0.010927,0.005938,0.079905,4.2159
2026-02-18 05:00:00,0.183407,0.284794,0.059709,0.123698,0.002783,0.002463,0.065915,2.5626
2026-02-18 06:00:00,1.34952,1.23357,0.239826,1.1097,0.008828,0.006149,0.085333,5.6617
2026-02-18 07:00:00,3.02369,1.99979,0.443773,2.57992,0.012681,0.014539,0.097375,8.8002
2026-02-18 08:00:00,5.27615,1.6665,0.46551,4.81064,0.019114,0.024278,0.137133,16.8614
2026-02-18 09:00:00,6.20353,1.47774,0.674541,5.52899,0.028861,0.028563,0.164768,19.8967
2026-02-18 10:00:00,8.25813,1.70411,1.62313,6.635,0.056966,0.037164,0.201116,25.3917
2026-02-18 11:00:00,16.1098,1.77891,2.70621,13.4036,0.093944,0.077281,0.320991,57.1565
2026-02-18 12:00:00,25.4653,1.85933,2.98249,22.4828,0.115151,0.123076,0.396737,78.5412
2026-02-18 13:00:00,27.5873,1.81543,4.24807,23.3392,0.152107,0.145889,0.410697,92.6069
2026-02-18 14:00:00,24.0699,1.59087,2.75362,21.3162,0.110704,0.140807,0.414815,87.1636
2026-02-18 15:00:00,22.6762,1.66248,3.40289,19.2733,0.135625,0.135478,0.412058,72.1144
2026-02-18 16:00:00,26.0893,1.68732,3.51964,22.5696,0.130128,0.161523,0.41908,90.2517
2026-02-18 17:00:00,43.3222,2.3382,4.72452,38.5977,0.1991,0.232879,0.417551,117.812
2026-02-18 18:00:00,42.6789,1.81473,4.74077,37.9381,0.173824,0.244351,0.422333,139.745
2026-02-18 19:00:00,38.4981,1.62865,4.44902,34.0491,0.168078,0.222876,0.422144,140.227
2026-02-18 20:00:00,31.9135,1.69681,4.55384,27.3597,0.173678,0.17654,0.417071,119.077
2026-02-18 21:00:00,31.8968,2.35123,4.79609,27.1007,0.132031,0.154683,0.401643,89.5859
2026-02-18 22:00:00,25.8036,2.73053,4.10032,21.7032,0.156659,0.120796,0.346415,71.6133
2026-02-18 23:00:00,14.0914,2.83643,1.38657,12.7048,0.055138,0.061505,0.225408,38.5634
2026-02-19 00:00:00,8.23544,2.67038,0.450897,7.78454,0.020258,0.035662,0.139234,18.1164
2026-02-19 01:00:00,3.46596,1.49266,0.191204,3.27475,0.007661,0.014713,0.095854,7.8558
2026-02-19 02:00:00,0.448337,0.257665,0.061869,0.386468,0.003018,0.002615,0.070326,3.2361
2026-02-19 03:00:00,0.472263,0.319096,0.032816,0.439447,0.002293,0.005746,0.069101,2.0788
2026-02-19 04:00:00,0.406815,0.308192,0.022935,0.38388,0.001355,0.001805,0.064219,0.8057
2026-02-19 05:00:00,0.924382,0.77419,0.038886,0.885496,0.002643,0.00732,0.067836,2.2011
2026-02-19 06:00:00,0.945546,0.539695,0.061852,0.883694,0.002866,0.004693,0.073326,3.1549
2026-02-19 07:00:00,1.93174,0.837701,0.21896,1.71278,0.007184,0.008729,0.089749,5.7929
2026-02-19 08:00:00,6.69417,1.71998,0.443564,6.25061,0.023879,0.032949,0.154304,19.3552
2026-02-19 09:00:00,10.4782,2.08645,1.91809,8.56007,0.059572,0.046555,0.228523,32.792
2026-02-19 10:00:00,12.3565,1.67387,2.00636,10.3502,0.067201,0.06548,0.274918,32.9357
2026-02-19 11:00:00,15.8165,1.37654,1.81896,13.9975,0.082686,0.09201,0.344986,57.8983
2026-02-19 12:00:00,31.4402,2.00001,4.22027,27.22,0.144168,0.159582,0.416636,97.1713
2026-02-19 13:00:00,33.4955,1.75848,5.59699,27.8985,0.200796,0.183947,0.421071,115.078
2026-02-19 14:00:00,36.3767,1.801,3.9417,32.435,0.153077,0.199525,0.418838,118.105
2026-02-19 15:00:00,35.1813,1.87095,4.4311,30.7502,0.173471,0.203195,0.415284,115.735
2026-02-19 16:00:00,32.2386,1.82304,3.8125,28.4261,0.165713,0.199542,0.420925,113.114
2026-02-19 17:00:00,41.1397,1.95754,5.57959,35.5601,0.211106,0.235878,0.420895,135.123
2026-02-19 18:00:00,47.9308,1.85147,5.89932,42.0315,0.221341,0.290994,0.431365,161.868
2026-02-19 19:00:00,54.2887,2.11751,6.72014,47.5686,0.263879,0.334796,0.440946,135.967
2026-02-19 20:00:00,50.1307,1.97256,8.94305,41.1876,0.312703,0.296711,0.435815,174.17
2026-02-19 21:00:00,38.5441,2.07718,5.92202,32.6221,0.244391,0.21299,0.418806,131.941
2026-02-19 22:00:00,30.2483,2.5717,3.69389,26.5544,0.134429,0.142262,0.399001,99.9823
2026-02-19 23:00:00,21.19,2.62318,3.10067,18.0893,0.1044,0.100634,0.331909,65.897
2026-02-20 00:00:00,10.7912,2.38533,1.15975,9.63147,0.047726,0.045223,0.199522,32.4635
2026-02-20 01:00:00,6.27424,1.99562,0.538977,5.73526,0.03169,0.027046,0.134042,17.3985
2026-02-20 02:00:00,3.32931,1.17893,0.191708,3.1376,0.008273,0.013419,0.091348,8.274
2026-02-20 03:00:00,2.58491,1.34211,0.094243,2.49066,0.005829,0.011584,0.083986,6.5653
2026-02-20 04:00:00,0.91141,0.54186,0.071715,0.839695,0.004365,0.004304,0.075003,4.1132
2026-02-20 05:00:00,1.19722,0.642973,0.063026,1.13419,0.004239,0.008331,0.077764,3.3236
2026-02-20 06:00:00,0.848983,0.455462,0.091765,0.757218,0.006015,0.005816,0.078905,3.9651
2026-02-20 07:00:00,3.02596,0.924804,0.28626,2.7397,0.013335,0.014588,0.112832,10.5482
2026-02-20 08:00:00,8.70571,1.54796,0.66532,8.04039,0.033343,0.04635,0.203194,28.7712
2026-02-20 09:00:00,11.6744,1.91195,0.959605,10.7148,0.045679,0.059374,0.227619,31.8369
2026-02-20 10:00:00,13.0141,1.49759,1.55775,11.4563,0.072407,0.078739,0.313606,49.2527
2026-02-20 11:00:00,24.1684,1.94311,2.67475,21.4936,0.113377,0.136145,0.40412,74.8778
2026-02-20 12:00:00,30.6037,1.69175,3.77442,26.8293,0.157031,0.191863,0.421727,113.309
2026-02-20 13:00:00,34.6361,1.77149,4.44893,30.1872,0.21367,0.204481,0.423841,121.841
2026-02-20 14:00:00,28.6296,1.84707,4.09265,24.537,0.193479,0.225413,0.419303,128.248
2026-02-20 15:00:00,37.8287,1.78235,4.71589,33.1128,0.193911,0.236856,0.4238,129.956
2026-02-20 16:00:00,34.8403,1.76711,4.04533,30.795,0.181037,0.237085,0.42175,116.298
2026-02-20 17:00:00,45.5202,1.98138,5.68834,39.8318,0.210066,0.274867,0.4256,153.88
2026-02-20 18:00:00,56.2097,2.07584,6.62979,49.5799,0.244171,0.351734,0.446437,181.92
2026-02-20 19:00:00,50.8883,1.94245,8.08117,42.8071,0.30371,0.316734,0.44377,177.634
2026-02-20 20:00:00,46.7417,1.84124,6.52462,40.2171,0.255521,0.29017,0.431665,167.598
2026-02-20 21:00:00,38.9696,2.23066,6.82007,32.1495,0.246149,0.207691,0.420004,123.917
2026-02-20 22:00:00,30.7602,2.28905,3.66179,27.0984,0.150172,0.167813,0.402588,99.2654
2026-02-20 23:00:00,22.2028,2.68279,3.12267,19.0801,0.133798,0.102518,0.317113,55.8866
2026-02-21 00:00:00,11.3077,2.06949,1.64476,9.66292,0.076478,0.051008,0.212518,33.2932
2026-02-21 01:00:00,5.92859,1.55361,0.636882,5.29171,0.062882,0.02755,0.152438,12.0758
2026-02-21 02:00:00,3.17362,1.0024,0.400643,2.77297,0.013787,0.01317,0.093058,7.5609
2026-02-21 03:00:00,0.810906,0.314061,0.060887,0.750019,0.00297,0.003699,0.071831,2.6037
2026-02-21 04:00:00,1.39918,0.612598,0.161765,1.23741,0.009488,0.005384,0.076273,3.269
2026-02-21 05:00:00,0.926024,0.400529,0.063536,0.862488,0.003722,0.007464,0.075966,3.066
2026-02-21 06:00:00,1.78404,0.726991,0.149049,1.63499,0.006195,0.010235,0.085988,5.5827
2026-02-21 07:00:00,2.43044,0.830069,0.258938,2.1715,0.011859,0.013249,0.107172,5.7575
2026-02-21 08:00:00,7.99972,1.51223,0.867935,7.13179,0.039357,0.037981,0.193086,24.8469
2026-02-21 09:00:00,11.8905,1.61996,1.73439,10.1561,0.068386,0.059099,0.260166,36.9074
2026-02-21 10:00:00,15.8856,1.76781,2.40111,13.4845,0.085962,0.077619,0.310906,47.7233
2026-02-21 11:00:00,24.9579,1.90751,3.00512,21.9528,0.113736,0.126792,0.403634,87.1188
2026-02-21 12:00:00,36.7642,2.12044,4.82129,31.9429,0.163377,0.196839,0.416642,118.159
2026-02-21 13:00:00,43.2646,2.03636,4.21489,39.0497,0.164781,0.223194,0.417877,117.714
2026-02-21 14:00:00,46.4942,2.2293,6.00476,40.4895,0.230299,0.265038,0.421548,131.178
2026-02-21 15:00:00,42.1746,2.10179,5.44152,36.7331,0.218322,0.247784,0.42047,122.828
2026-02-21 16:00:00,39.367,1.99085,4.70371,34.6633,0.197505,0.237965,0.418665,118.927
2026-02-21 17:00:00,43.2684,1.96407,4.65441,38.614,0.176182,0.261285,0.428398,140.89
2026-02-21 18:00:00,38.6089,1.97367,4.45824,34.1506,0.226803,0.319469,0.429296,169.334
2026-02-21 19:00:00,52.9576,2.0539,6.16794,46.7897,0.242734,0.318233,0.437413,163.815
2026-02-21 20:00:00,45.1415,2.02501,6.0762,39.0653,0.243238,0.266182,0.426549,142.276
2026-02-21 21:00:00,38.241,2.13804,5.47941,32.7616,0.221317,0.214356,0.418528,126.466
2026-02-21 22:00:00,29.4621,2.47747,3.40007,26.062,0.160779,0.152409,0.403922,93.0703
2026-02-21 23:00:00,24.507,3.17038,3.46242,21.0446,0.118457,0.097248,0.308835,58.2427
2026-02-22 00:00:00,10.6826,1.90896,2.16452,8.51804,0.092627,0.042231,0.204499,35.0283
2026-02-22 01:00:00,6.81967,1.85015,0.527009,6.29266,0.039817,0.028207,0.144079,19.9758
2026-02-22 02:00:00,4.18398,1.33673,0.254398,3.92958,0.012658,0.019375,0.110588,13.4849
2026-02-22 03:00:00,2.0137,0.712562,0.156931,1.85677,0.00835,0.007939,0.092591,10.6927
2026-02-22 04:00:00,0.247647,0.112567,0.041475,0.206172,0.003178,0.001527,0.075057,6.4371
2026-02-22 05:00:00,0.357019,0.195305,0.02658,0.330439,0.002346,0.00248,0.069228,3.971
2026-02-22 06:00:00,1.30337,0.618883,0.093916,1.20945,0.004853,0.006151,0.082124,6.5226
2026-02-22 07:00:00,1.68651,0.527034,0.183453,1.50306,0.008051,0.008505,0.104321,9.8555
2026-02-22 08:00:00,5.22342,1.15511,0.430579,4.79284,0.021695,0.026867,0.152603,18.1325
2026-02-22 09:00:00,7.74494,1.34042,1.03576,6.70918,0.044226,0.04201,0.218462,34.0797
2026-02-22 10:00:00,12.9256,1.87219,1.16735,11.7583,0.053668,0.067043,0.272127,42.7153
2026-02-22 11:00:00,20.4596,1.98753,2.29124,18.1684,0.102303,0.114622,0.399417,76.5084
2026-02-22 12:00:00,29.2469,1.9537,4.29011,24.9568,0.168627,0.161165,0.409876,99.5465
2026-02-22 13:00:00,31.6061,1.97267,3.75603,27.85,0.140814,0.167293,0.415018,100.136
2026-02-22 14:00:00,27.3633,1.70764,3.60871,23.7546,0.154454,0.161087,0.418365,95.5384
2026-02-22 15:00:00,29.4722,1.95907,4.0468,25.4254,0.143599,0.176806,0.413657,98.4819
2026-02-22 16:00:00,22.9049,1.64997,2.84588,20.0591,0.125438,0.146829,0.416058,87.3187
2026-02-22 17:00:00,37.5136,2.16616,3.92281,33.5908,0.164114,0.209027,0.419034,112.094
2026-02-22 18:00:00,42.3943,2.33577,4.39655,37.9977,0.169063,0.24544,0.416013,128
2026-02-22 19:00:00,38.2352,2.21474,4.63142,33.6038,0.175869,0.217777,0.420553,91.291
2026-02-22 20:00:00,30.7459,2.00822,4.48686,26.259,0.170312,0.173269,0.416706,109.135
2026-02-22 21:00:00,23.6032,1.74942,3.01203,20.5911,0.12878,0.140134,0.405808,80.1648
2026-02-22 22:00:00,22.2153,2.24942,2.67562,19.5397,0.112143,0.114179,0.360927,69.9724
2026-02-22 23:00:00,16.5252,3.41006,1.8202,14.705,0.07092,0.072141,0.267675,47.3583
2026-02-23 00:00:00,7.02267,2.56677,0.943189,6.07948,0.032641,0.031077,0.152481,23.836
2026-02-23 01:00:00,4.03169,2.10422,0.274425,3.75726,0.013282,0.023494,0.110673,14.8866
2026-02-23 02:00:00,2.94928,1.12826,0.262753,2.68653,0.011537,0.014377,0.104252,14.5371
2026-02-23 03:00:00,0.940276,0.473929,0.103398,0.836878,0.004377,0.005203,0.076436,5.9877
2026-02-23 04:00:00,0.618272,0.477062,0.071343,0.546929,0.003433,0.002916,0.074686,7.0218
2026-02-23 05:00:00,0.171771,0.144833,0.03877,0.133001,0.002818,0.002478,0.070701,4.5901
2026-02-23 06:00:00,0.515529,0.291589,0.094247,0.421282,0.005174,0.002762,0.078704,5.5095
2026-02-23 07:00:00,1.44679,0.566035,0.166761,1.28002,0.008734,0.007,0.09217,8.4312
2026-02-23 08:00:00,5.71148,1.0377,0.461619,5.24986,0.024063,0.029654,0.164964,20.923
2026-02-23 09:00:00,6.96937,1.46047,1.85486,5.11451,0.069998,0.031073,0.191956,27.207
2026-02-23 10:00:00,9.58948,1.73911,1.98452,7.60496,0.075887,0.043518,0.237006,35.8066
2026-02-23 11:00:00,16.7516,2.21758,2.99952,13.7521,0.09824,0.081171,0.319548,55.0939
2026-02-23 12:00:00,20.6785,2.09679,3.17805,17.5005,0.117426,0.097813,0.379759,71.3485
2026-02-23 13:00:00,24.5628,1.96912,4.04509,20.5177,0.135642,0.118566,0.382391,74.7868
2026-02-23 14:00:00,23.461,2.11513,2.88195,20.579,0.103502,0.113087,0.380992,75.6302
2026-02-23 15:00:00,24.2172,2.32947,3.03682,21.1804,0.108763,0.116897,0.385777,72.4655
2026-02-23 16:00:00,20.7477,2.11237,2.9146,17.8331,0.120078,0.106709,0.391707,69.7365
2026-02-23 17:00:00,23.5536,2.04494,3.18124,20.3723,0.138707,0.124876,0.390178,74.7798
2026-02-23 18:00:00,29.8411,2.44599,5.25188,24.5892,0.229886,0.138409,0.400894,83.8445
2026-02-23 19:00:00,21.935,1.86205,4.09443,17.8406,0.17333,0.108897,0.362631,62.9194
2026-02-23 20:00:00,18.3384,1.66259,2.13539,16.203,0.094798,0.097625,0.359829,64.4547
2026-02-23 21:00:00,24.1156,2.75985,3.66331,20.4523,0.144843,0.11152,0.35957,69.8257
2026-02-23 22:00:00,16.6124,2.53084,2.39695,14.2155,0.09375,0.08019,0.286665,50.2458
2026-02-23 23:00:00,9.14845,1.99922,1.82875,7.3197,0.069318,0.038371,0.197106,31.8747
2026-02-24 00:00:00,7.58079,2.32255,0.993842,6.58695,0.038337,0.030344,0.166077,24.6716
2026-02-24 01:00:00,5.59259,1.96507,0.426882,5.16571,0.017638,0.025344,0.129917,17.259
2026-02-24 02:00:00,3.56415,1.13436,0.205076,3.35907,0.010321,0.015363,0.104976,12.6695
2026-02-24 03:00:00,0.924535,0.328082,0.153654,0.770881,0.007067,0.004906,0.087617,7.8384
2026-02-24 04:00:00,0.835451,0.409937,0.117275,0.718176,0.004611,0.00462,0.080623,6.2747
2026-02-24 05:00:00,0.168296,0.101628,0.059668,0.108628,0.003092,0.004566,0.070049,1.5734
2026-02-24 06:00:00,0.228687,0.142929,0.053647,0.17504,0.002721,0.003352,0.070541,1.9874
2026-02-24 07:00:00,1.86986,0.797044,0.142749,1.72711,0.007627,0.010814,0.092324,5.9518
2026-02-24 08:00:00,5.11398,1.33734,0.434395,4.67959,0.020789,0.024788,0.150044,16.3871
2026-02-24 09:00:00,7.26635,1.68671,1.68545,5.5809,0.062424,0.02898,0.177078,24.5926
2026-02-24 10:00:00,13.7493,2.83725,2.24803,11.5013,0.088951,0.066661,0.271908,40.471
2026-02-24 11:00:00,18.3199,2.53668,2.90752,15.4124,0.105931,0.075785,0.325689,58.1513
2026-02-24 12:00:00,20.7232,2.11202,3.72273,17.0004,0.125548,0.100338,0.36104,64.2116
2026-02-24 13:00:00,25.1825,2.40337,3.57158,21.6109,0.139774,0.125757,0.380545,58.693
2026-02-24 14:00:00,32.9846,2.79862,5.97144,27.0131,0.200177,0.159571,0.403666,95.3209
2026-02-24 15:00:00,23.6236,2.41748,3.67099,19.9526,0.138316,0.125636,0.387211,70.5503
2026-02-24 16:00:00,21.885,2.26882,3.30306,18.582,0.130861,0.114997,0.385884,70.6257
2026-02-24 17:00:00,22.7775,1.98896,2.72635,20.0512,0.116042,0.134697,0.400226,78.0933
2026-02-24 18:00:00,23.1598,1.80823,2.99169,20.1681,0.131772,0.133839,0.40547,86.4666
2026-02-24 19:00:00,30.1986,2.08583,7.15507,23.0436,0.260294,0.140005,0.413677,81.5993
2026-02-24 20:00:00,27.1341,2.33552,5.12944,22.0046,0.192704,0.115477,0.383553,80.662
2026-02-24 21:00:00,16.8354,1.9418,2.82889,14.0065,0.124656,0.088128,0.369316,68.4501
2026-02-24 22:00:00,18.7307,2.79647,3.63024,15.1005,0.107588,0.074829,0.300209,54.9602
2026-02-24 23:00:00,10.3418,1.92728,0.936989,9.40479,0.036277,0.047833,0.20327,33.2824
2026-02-25 00:00:00,6.17546,1.76643,0.912349,5.26311,0.034567,0.030474,0.161398,24.9154
2026-02-25 01:00:00,5.72984,1.97854,0.451959,5.27788,0.018491,0.023163,0.128121,15.645
2026-02-25 02:00:00,4.56663,1.64742,0.363654,4.20298,0.014891,0.018995,0.112673,12.9537
2026-02-25 03:00:00,1.31477,0.537078,0.138036,1.17673,0.0046,0.005814,0.079039,2.5805
2026-02-25 04:00:00,0.549829,0.250835,0.044288,0.505541,0.002327,0.004448,0.071414,2.6378
2026-02-25 05:00:00,0.390794,0.206769,0.056187,0.334607,0.003261,0.004029,0.072639,2.4986
2026-02-25 06:00:00,0.595365,0.306889,0.080031,0.515334,0.003809,0.003198,0.07373,3.4858
2026-02-25 07:00:00,4.38879,1.58554,0.247395,4.14139,0.012673,0.020062,0.108065,10.2195
2026-02-25 08:00:00,7.86069,1.64794,0.478258,7.38243,0.023814,0.037353,0.16916,21.8278
2026-02-25 09:00:00,6.99001,1.52089,0.843642,6.14637,0.036073,0.034063,0.185198,24.4725
2026-02-25 10:00:00,8.28881,1.62335,0.775596,7.51321,0.03727,0.042074,0.236748,34.9801
2026-02-25 11:00:00,14.327,1.79762,1.7374,12.5896,0.08201,0.06881,0.320085,51.5789
2026-02-25 12:00:00,19.79,1.96994,2.71369,17.0763,0.116501,0.108442,0.385322,68.4799
2026-02-25 13:00:00,17.7129,1.78198,2.17096,15.5419,0.085234,0.091688,0.360301,61.531
2026-02-25 14:00:00,19.1304,1.7145,2.14164,16.9888,0.095777,0.106677,0.387648,68.9033
2026-02-25 15:00:00,20.0553,1.84842,2.30266,17.7527,0.103625,0.102666,0.382499,67.0594
2026-02-25 16:00:00,21.5833,2.18234,2.23552,19.3478,0.099703,0.103382,0.385265,69.7156
2026-02-25 17:00:00,18.0946,1.97066,1.98193,16.1127,0.084983,0.103689,0.381663,66.2243
2026-02-25 18:00:00,24.5733,2.16391,3.27028,21.303,0.143178,0.124478,0.401505,71.4437
2026-02-25 19:00:00,19.9101,1.89115,2.29385,17.6162,0.089292,0.111273,0.375917,62.6178
2026-02-25 20:00:00,11.0138,1.47797,1.5446,9.46921,0.087233,0.0872,0.349425,60.6336
2026-02-25 21:00:00,10.897,1.42407,1.63446,9.26252,0.065272,0.058273,0.30583,50.1201
2026-02-25 22:00:00,19.1194,3.61836,1.52349,17.596,0.067185,0.07429,0.243514,37.2882
2026-02-25 23:00:00,6.36587,1.61488,0.861094,5.50478,0.037988,0.033285,0.174666,25.4217
2026-02-26 00:00:00,3.01178,1.49098,0.209177,2.8026,0.019754,0.023947,0.123172,15.3525
2026-02-26 01:00:00,3.87508,1.98315,0.618564,3.25651,0.015976,0.018866,0.112843,11.4645
2026-02-26 02:00:00,1.82772,1.08021,0.181891,1.64583,0.00646,0.009155,0.08588,6.6237
2026-02-26 03:00:00,0.837599,0.663707,0.221962,0.615637,0.006832,0.003812,0.073725,3.6301
2026-02-26 04:00:00,0.287881,0.233291,0.051668,0.236213,0.002813,0.002168,0.06825,2.4706
2026-02-26 05:00:00,0.333863,0.277295,0.027886,0.305977,0.00282,0.00788,0.07192,2.151
2026-02-26 06:00:00,1.15626,0.719068,0.07377,1.08249,0.004165,0.010913,0.07709,3.2171
2026-02-26 07:00:00,2.03891,1.18817,0.157569,1.88134,0.008633,0.010367,0.093187,6.7269
2026-02-26 08:00:00,4.05426,1.07426,0.425388,3.62887,0.019089,0.023611,0.13701,14.2163
2026-02-26 09:00:00,6.96426,1.43298,0.921461,6.0428,0.029299,0.031801,0.179884,23.8596
2026-02-26 10:00:00,6.8782,1.68418,0.683461,6.19474,0.034549,0.035341,0.198746,25.7709
2026-02-26 11:00:00,10.081,1.87448,1.01619,9.06476,0.052657,0.05147,0.237362,35.9397
2026-02-26 12:00:00,14.623,1.89859,1.75733,12.8656,0.088941,0.080485,0.322626,50.0688
2026-02-26 13:00:00,17.4871,2.31741,3.17311,14.314,0.094412,0.083265,0.339442,55.1755
2026-02-26 14:00:00,17.3984,2.12694,2.0206,15.3778,0.094707,0.088616,0.337171,54.3151
2026-02-26 15:00:00,20.4988,2.38691,2.19243,18.3064,0.091416,0.094936,0.360227,61.1252
2026-02-26 16:00:00,15.276,2.00683,2.4268,12.8492,0.103534,0.079398,0.347175,60.4077
2026-02-26 17:00:00,21.7245,2.38364,3.64881,18.0757,0.162152,0.109496,0.379308,77.4775
2026-02-26 18:00:00,22.14,1.93633,3.57568,18.5643,0.128309,0.107944,0.401497,83.7433
2026-02-26 19:00:00,22.9196,2.13643,3.03073,19.8888,0.115709,0.120554,0.382296,74.3157
2026-02-26 20:00:00,16.4407,1.95629,2.62716,13.8135,0.108051,0.087092,0.334104,61.3752
2026-02-26 21:00:00,10.7203,1.57512,1.46017,9.26012,0.07304,0.057187,0.276331,42.3026
2026-02-26 22:00:00,11.4887,2.06408,1.36354,10.1251,0.060006,0.055333,0.24303,39.7577
2026-02-26 23:00:00,10.0543,2.33603,1.73117,8.32313,0.075956,0.039826,0.20154,32.7933
2026-02-27 00:00:00,7.83991,3.08658,0.920766,6.91914,0.047029,0.034371,0.168577,26.2966
2026-02-27 01:00:00,4.905,2.19365,0.295189,4.60981,0.01387,0.021082,0.123946,14.4782
2026-02-27 02:00:00,1.57333,1.00855,0.096515,1.47682,0.005012,0.008165,0.086351,8.1195
2026-02-27 03:00:00,0.943355,0.566919,0.062482,0.880873,0.003261,0.004991,0.078133,6.1019
2026-02-27 04:00:00,0.895484,0.659413,0.060197,0.835287,0.00336,0.004445,0.075538,5.7128
2026-02-27 05:00:00,0.235698,0.235228,0.021023,0.214675,0.003904,0.003919,0.071703,4.4023
2026-02-27 06:00:00,0.989559,0.567408,0.085839,0.90372,0.006514,0.005131,0.081753,6.1353
2026-02-27 07:00:00,1.97473,0.70627,0.178843,1.79589,0.008891,0.011637,0.097961,7.686
2026-02-27 08:00:00,5.06338,1.05751,0.427851,4.63553,0.023938,0.026557,0.170344,20.4421
2026-02-27 09:00:00,7.73503,2.09963,0.665854,7.06918,0.032633,0.03633,0.211493,28.389
2026-02-27 10:00:00,9.77168,1.8493,1.05171,8.71997,0.051348,0.051013,0.242147,32.3696
2026-02-27 11:00:00,11.3152,1.56677,1.29064,10.0246,0.055999,0.058736,0.297838,44.9842
2026-02-27 12:00:00,19.9687,1.99647,2.12153,17.8472,0.098263,0.103453,0.392128,69.9417
2026-02-27 13:00:00,17.2097,1.9289,2.70262,14.507,0.10118,0.083684,0.345088,52.1555
2026-02-27 14:00:00,17.0746,1.83125,2.63326,14.4413,0.104448,0.090956,0.351783,56.8684
2026-02-27 15:00:00,14.6019,1.41436,2.09482,12.5071,0.08493,0.08534,0.370095,61.7713
2026-02-27 16:00:00,20.8269,2.0236,2.51092,18.316,0.104209,0.123138,0.378856,68.3963
2026-02-27 17:00:00,23.4916,2.14771,3.22356,20.2681,0.131239,0.144362,0.409459,61.3448
2026-02-27 18:00:00,27.9466,2.19914,3.54151,24.4051,0.125887,0.159238,0.413052,94.5376
2026-02-27 19:00:00,26.3481,2.13414,3.37903,22.9691,0.13083,0.131345,0.400955,88.3615
2026-02-27 20:00:00,17.3169,1.54671,2.43447,14.8824,0.10916,0.089667,0.368706,67.773
2026-02-27 21:00:00,10.1301,1.61875,1.44821,8.68193,0.084364,0.074195,0.332289,57.9136
2026-02-27 22:00:00,11.2585,1.67039,1.62159,9.63687,0.070835,0.052524,0.243572,38.9107
2026-02-27 23:00:00,14.5309,2.68593,2.80643,11.7245,0.095123,0.05418,0.238494,38.3212
2026-02-28 00:00:00,10.1154,2.73389,1.6756,8.4398,0.053425,0.04198,0.193283,28.9919
2026-02-28 01:00:00,7.38896,2.30186,0.783744,6.60522,0.043311,0.030438,0.134396,15.7644
2026-02-28 02:00:00,3.67621,1.69724,0.417391,3.25882,0.013514,0.019719,0.103112,10.7398
2026-02-28 03:00:00,0.772389,0.474441,0.180981,0.591408,0.006507,0.005564,0.076683,5.0713
2026-02-28 04:00:00,1.05861,0.724085,0.083238,0.975373,0.004119,0.00453,0.072121,3.8368
2026-02-28 05:00:00,1.56283,0.868239,0.119578,1.44325,0.005216,0.00986,0.077616,4.4435
2026-02-28 06:00:00,0.46514,0.276539,0.103946,0.361194,0.002662,0.002346,0.070139,2.5238
2026-02-28 07:00:00,1.76137,0.705114,0.18356,1.57781,0.008686,0.01021,0.092233,6.3649
2026-02-28 08:00:00,3.84223,0.842224,0.41719,3.42504,0.020439,0.022061,0.145397,15.6367
2026-02-28 09:00:00,5.64191,1.31146,0.597197,5.04471,0.026006,0.029013,0.168208,20.6561
2026-02-28 10:00:00,10.2463,2.24898,0.900725,9.34562,0.036854,0.051311,0.221373,28.471
2026-02-28 11:00:00,11.5123,1.95521,1.12991,10.3824,0.05271,0.060638,0.258601,38.9488
2026-02-28 12:00:00,16.1265,1.88659,1.60809,14.5184,0.075811,0.085472,0.343912,45.8508
2026-02-28 13:00:00,19.5811,2.06074,2.06907,17.5121,0.08221,0.09787,0.354424,50.9298
2026-02-28 14:00:00,18.7722,2.04694,2.07774,16.6944,0.083154,0.09281,0.340794,49.4842
2026-02-28 15:00:00,17.9632,2.03315,2.08642,15.8768,0.084099,0.087749,0.327165,48.0386
2026-02-28 16:00:00,17.1542,2.01935,2.09509,15.0591,0.085043,0.082688,0.313535,46.593
2026-02-28 17:00:00,,,,,,,,
2026-02-28 18:00:00,,,,,,,,
2026-02-28 19:00:00,,,,,,,,
2026-02-28 20:00:00,,,,,,,,
2026-02-28 21:00:00,,,,,,,,
2026-02-28 22:00:00,,,,,,,,
2026-02-28 23:00:00,,,,,,,,
2026-03-01 00:00:00,10.6826,1.909,2.1645,8.518,0.0926,0.0422,0.2045,35.0283
2026-03-01 01:00:00,6.8197,1.8502,0.527,6.2927,0.0398,0.0282,0.1441,19.9758
2026-03-01 02:00:00,4.184,1.3367,0.2544,3.9296,0.0127,0.0194,0.1106,13.4849
2026-03-01 03:00:00,2.0137,0.7126,0.1569,1.8568,0.0083,0.0079,0.0926,10.6927
2026-03-01 04:00:00,0.2476,0.1126,0.0415,0.2062,0.0032,0.0015,0.0751,6.4371
2026-03-01 05:00:00,0.357,0.1953,0.0266,0.3304,0.0023,0.0025,0.0692,3.971
2026-03-01 06:00:00,1.3034,0.6189,0.0939,1.2095,0.0049,0.0062,0.0821,6.5226
2026-03-01 07:00:00,1.6865,0.527,0.1835,1.5031,0.0081,0.0085,0.1043,9.8555
2026-03-01 08:00:00,5.2234,1.1551,0.4306,4.7928,0.0217,0.0269,0.1526,18.1325
2026-03-01 09:00:00,7.7449,1.3404,1.0358,6.7092,0.0442,0.042,0.2185,34.0797
2026-03-01 10:00:00,12.9256,1.8722,1.1674,11.7583,0.0537,0.067,0.2721,42.7153
2026-03-01 11:00:00,20.4596,1.9875,2.2912,18.1684,0.1023,0.1146,0.3994,76.5084
2026-03-01 12:00:00,29.2469,1.9537,4.2901,24.9568,0.1686,0.1612,0.4099,99.5465
2026-03-01 13:00:00,31.6061,1.9727,3.756,27.85,0.1408,0.1673,0.415,100.136
2026-03-01 14:00:00,27.3633,1.7076,3.6087,23.7546,0.1545,0.1611,0.4184,95.5384
2026-03-01 15:00:00,29.4722,1.9591,4.0468,25.4254,0.1436,0.1768,0.4137,98.4819
2026-03-01 16:00:00,22.9049,1.65,2.8459,20.0591,0.1254,0.1468,0.4161,87.3187
2026-03-01 17:00:00,11.521,1.54313,2.36564,9.15536,0.060114,0.056542,0.271788,42.1078
2026-03-01 18:00:00,28.4036,3.4362,2.62215,25.7815,0.093893,0.104599,0.32247,51.8324
2026-03-01 19:00:00,11.1245,1.72795,1.34694,9.77761,0.060597,0.054556,0.250117,41.8674
2026-03-01 20:00:00,8.93201,1.43417,1.09033,7.84168,0.045943,0.065116,0.216525,35.3859
2026-03-01 21:00:00,7.69977,1.67168,1.35965,6.34012,0.047646,0.038238,0.208686,31.9364
2026-03-01 22:00:00,7.34299,1.82662,1.1889,6.15409,0.041706,0.036191,0.170553,24.4525
2026-03-01 23:00:00,4.05419,1.84954,0.589921,3.46427,0.025797,0.022811,0.136297,16.8046
2026-03-02 00:00:00,4.19406,2.1508,0.729738,3.46432,0.027111,0.019621,0.120285,15.1695
2026-03-02 01:00:00,4.87415,2.61208,1.08286,3.79129,0.038318,0.01561,0.102445,10.4746
2026-03-02 02:00:00,2.81621,1.98605,0.369028,2.44719,0.015328,0.012114,0.087546,7.8507
2026-03-02 03:00:00,0.560933,0.537292,0.11191,0.449023,0.005905,0.003839,0.073312,5.3183
2026-03-02 04:00:00,1.72378,1.67033,0.138315,1.58546,0.008484,0.008147,0.081516,7.3411
2026-03-02 05:00:00,0.767408,0.902833,0.125686,0.641722,0.005493,0.00838,0.069984,2.6711
2026-03-02 06:00:00,0.552094,0.491188,0.037227,0.514867,0.002787,0.003448,0.06945,2.6453
2026-03-02 07:00:00,1.53775,0.789401,0.156353,1.3814,0.008063,0.008511,0.095409,7.8693
2026-03-02 08:00:00,3.13176,0.905133,0.298885,2.83287,0.014944,0.018694,0.138952,13.6345
2026-03-02 09:00:00,4.41799,1.32672,0.549339,3.86865,0.023586,0.022358,0.154129,18.2916
2026-03-02 10:00:00,6.88053,1.8496,0.600998,6.27953,0.030243,0.035129,0.174292,22.2125
2026-03-02 11:00:00,10.128,2.21911,1.02488,9.10316,0.047199,0.049877,0.241162,34.272
2026-03-02 12:00:00,9.50176,1.62646,1.07818,8.42357,0.046986,0.050102,0.23425,33.1906
2026-03-02 13:00:00,14.7764,2.46519,4.61394,10.1624,0.130788,0.058725,0.264878,40.7397
2026-03-02 14:00:00,8.33683,1.40303,1.1854,7.15142,0.045548,0.044818,0.229774,34.0839
2026-03-02 15:00:00,13.5395,2.23129,2.24531,11.2942,0.080988,0.057585,0.276863,42.7013
2026-03-02 16:00:00,15.8076,2.44396,2.65352,13.154,0.091994,0.071542,0.306967,52.264
2026-03-02 17:00:00,15.5883,2.23969,3.07323,12.515,0.095831,0.06942,0.308898,49.596
2026-03-02 18:00:00,15.3858,2.01966,2.05798,13.3278,0.097096,0.076806,0.322469,54.6831
2026-03-02 19:00:00,15.2847,1.82047,1.93778,13.3469,0.082318,0.07063,0.316562,54.3979
2026-03-02 20:00:00,12.8723,1.6155,1.5523,11.32,0.063426,0.059937,0.26816,42.5121
2026-03-02 21:00:00,8.70882,1.39118,1.33386,7.37495,0.061841,0.043574,0.220933,31.3141
2026-03-02 22:00:00,8.20629,1.60782,1.47471,6.73158,0.059486,0.036802,0.184128,26.4729
2026-03-02 23:00:00,5.00218,2.21335,0.710827,4.29135,0.039788,0.028684,0.148941,15.6313
2026-03-03 00:00:00,4.62116,2.36498,0.426341,4.19482,0.019115,0.022199,0.113034,13.865
2026-03-03 01:00:00,1.14733,1.08855,0.121885,1.02544,0.00719,0.01202,0.08734,5.8899
2026-03-03 02:00:00,1.45661,0.994953,0.076554,1.38006,0.004879,0.009317,0.075287,3.3891
2026-03-03 03:00:00,1.26017,0.990698,0.105572,1.1546,0.00694,0.006849,0.074244,4.1003
2026-03-03 04:00:00,0.408479,0.287257,0.043533,0.364946,0.003324,0.002766,0.068862,2.7249
2026-03-03 05:00:00,0.60264,0.453113,0.04326,0.55938,0.004085,0.005412,0.071314,2.5998
2026-03-03 06:00:00,0.450151,0.373879,0.034261,0.41589,0.00251,0.002851,0.069615,2.1878
2026-03-03 07:00:00,2.47676,1.37905,0.146618,2.33015,0.00862,0.014347,0.097649,7.5572
2026-03-03 08:00:00,2.98746,0.922624,0.241291,2.74617,0.012784,0.017914,0.127408,12.7291
2026-03-03 09:00:00,4.53648,1.21687,0.698456,3.83803,0.024462,0.02163,0.15382,16.5161
2026-03-03 10:00:00,6.50355,1.72875,1.41105,5.0925,0.042509,0.027201,0.167236,20.7874
2026-03-03 11:00:00,9.74674,1.37744,1.04574,8.701,0.046445,0.050457,0.229979,31.8731
2026-03-03 12:00:00,9.98445,1.23723,1.45481,8.52964,0.059866,0.054305,0.264807,41.2043
2026-03-03 13:00:00,8.95135,1.65337,1.97187,6.97948,0.075957,0.0445,0.264442,37.3707
2026-03-03 14:00:00,13.4602,2.49171,1.78801,11.6722,0.075928,0.062511,0.272194,43.8083
2026-03-03 15:00:00,11.0483,2.13617,1.20263,9.84564,0.044051,0.049563,0.23342,34.7246
2026-03-03 16:00:00,11.8002,1.92373,1.45016,10.35,0.055256,0.059224,0.256057,38.2286
2026-03-03 17:00:00,14.249,2.00182,1.83377,12.4152,0.064594,0.069975,0.291206,47.4263
2026-03-03 18:00:00,17.2759,2.02152,2.17756,15.0984,0.085533,0.084745,0.343485,57.6352
2026-03-03 19:00:00,14.7625,1.46628,2.1715,12.591,0.077535,0.078016,0.329746,54.6154
2026-03-03 20:00:00,11.6058,1.36635,1.66517,9.94058,0.067423,0.065672,0.295642,47.336
2026-03-03 21:00:00,7.08432,1.25032,1.1153,5.96901,0.052241,0.041485,0.228641,35.0038
2026-03-03 22:00:00,9.27193,2.30531,1.1435,8.12843,0.058797,0.044889,0.208894,34.6194
2026-03-03 23:00:00,6.46316,2.67294,0.628953,5.83421,0.029539,0.024139,0.143946,19.7461
2026-03-04 00:00:00,4.17378,2.4238,0.429397,3.74438,0.01837,0.019685,0.126015,16.3619
2026-03-04 01:00:00,2.37884,1.53078,0.198852,2.17998,0.008834,0.015144,0.094564,8.0962
2026-03-04 02:00:00,0.816396,0.829671,0.14024,0.676156,0.004053,0.005397,0.067516,1.9005
2026-03-04 03:00:00,0.291242,0.277372,0.031526,0.259716,0.001745,0.001897,0.066269,2.1272
2026-03-04 04:00:00,0.599062,0.607567,0.042272,0.55679,0.003045,0.003755,0.069621,2.3182
2026-03-04 05:00:00,0.722222,1.06209,0.138006,0.584216,0.011967,0.005298,0.070147,1.8317
2026-03-04 06:00:00,1.98894,1.8693,0.768797,1.22014,0.055773,0.007158,0.087302,4.8377
2026-03-04 07:00:00,1.60135,1.05769,0.127831,1.47352,0.005598,0.008321,0.086812,4.9018
2026-03-04 08:00:00,2.54257,1.05501,0.24158,2.30099,0.013292,0.014205,0.116995,9.9911
2026-03-04 09:00:00,2.19218,0.953951,0.229745,1.96243,0.012041,0.013626,0.126279,10.0982
2026-03-04 10:00:00,2.02518,0.813325,0.348925,1.67626,0.015582,0.011889,0.137384,12.0744
2026-03-04 11:00:00,8.32298,1.87878,0.989273,7.33371,0.034345,0.041148,0.203423,26.1184
2026-03-04 12:00:00,6.73959,1.11325,0.928791,5.8108,0.044825,0.037125,0.211966,30.3307
2026-03-04 13:00:00,5.92218,1.26434,0.728812,5.19337,0.034686,0.0324,0.19085,26.1502
2026-03-04 14:00:00,11.6669,2.06056,1.42812,10.2388,0.062185,0.059641,0.262003,40.5702
2026-03-04 15:00:00,9.51202,1.77265,1.32413,8.18788,0.054304,0.043374,0.234638,34.9256
2026-03-04 16:00:00,10.9593,1.77106,1.44738,9.51194,0.059714,0.061742,0.243519,38.9661
2026-03-04 17:00:00,10.5152,1.80922,1.30548,9.20971,0.055281,0.057829,0.265531,37.8814
2026-03-04 18:00:00,13.3601,1.85867,1.71771,11.6424,0.064077,0.064773,0.278113,42.5758
2026-03-04 19:00:00,12.4242,1.58029,1.89367,10.5305,0.079301,0.063619,0.285404,48.2618
2026-03-04 20:00:00,10.8312,1.76117,1.66549,9.16571,0.070188,0.05242,0.284391,46.1778
2026-03-04 21:00:00,9.28343,2.05023,1.44389,7.83953,0.068245,0.043841,0.237439,35.8218
2026-03-04 22:00:00,5.88425,1.85623,1.11782,4.76644,0.035925,0.02814,0.172145,25.665
2026-03-04 23:00:00,7.06607,2.94911,1.69264,5.37343,0.071427,0.031016,0.1705,24.7487
2026-03-05 00:00:00,4.88028,2.63514,0.779516,4.10077,0.020698,0.02037,0.119265,13.2146
2026-03-05 01:00:00,4.65758,2.80577,0.342198,4.31538,0.008177,0.018607,0.089099,8.2389
2026-03-05 02:00:00,1.85292,1.33112,0.134207,1.71871,0.009371,0.010956,0.08483,6.2922
2026-03-05 03:00:00,0.983787,1.14928,0.102195,0.881592,0.003906,0.005804,0.073009,4.9232
2026-03-05 04:00:00,0.174737,0.173696,0.049044,0.125693,0.003147,0.002716,0.068454,3.3567
2026-03-05 05:00:00,0.316782,0.309357,0.063426,0.253356,0.002848,0.00248,0.066164,1.7431
2026-03-05 06:00:00,0.53902,0.57711,0.123618,0.415402,0.00391,0.002583,0.069539,2.6909
2026-03-05 07:00:00,2.39227,1.23186,0.360597,2.03167,0.012667,0.012062,0.098728,8.0697
2026-03-05 08:00:00,2.88408,0.867132,0.269088,2.61499,0.014995,0.018333,0.12848,12.467
2026-03-05 09:00:00,3.84307,1.29833,0.426275,3.41679,0.02129,0.019644,0.147334,17.497
2026-03-05 10:00:00,4.33891,1.07772,0.486626,3.85228,0.023608,0.024528,0.169649,22.3921
2026-03-05 11:00:00,10.3871,1.96279,0.835555,9.55154,0.043665,0.053842,0.238721,33.2445
2026-03-05 12:00:00,14.5394,2.30346,2.01783,12.5216,0.073833,0.070022,0.277106,45.8975
2026-03-05 13:00:00,12.294,2.13363,1.82999,10.464,0.077504,0.059286,0.255502,41.0129
2026-03-05 14:00:00,11.6129,2.03593,1.01596,10.597,0.047424,0.057191,0.252284,42.3381
2026-03-05 15:00:00,12.9273,2.36678,1.95194,10.9754,0.080835,0.061468,0.269698,45.6993
2026-03-05 16:00:00,20.0348,3.17711,6.26447,13.7704,0.147074,0.067335,0.277692,42.6549
2026-03-05 17:00:00,14.1227,2.09101,1.66017,12.4625,0.068586,0.070624,0.293075,47.1081
2026-03-05 18:00:00,13.5679,1.91259,1.49619,12.0717,0.071188,0.080162,0.319845,55.1894
2026-03-05 19:00:00,14.7988,1.9051,3.21576,11.5831,0.099498,0.072326,0.289218,44.8222
2026-03-05 20:00:00,13.1385,2.18247,1.76076,11.3777,0.073892,0.062565,0.258311,41.5904
2026-03-05 21:00:00,12.822,3.01837,1.57899,11.243,0.064144,0.060129,0.222688,33.8693
2026-03-05 22:00:00,9.76365,2.47808,1.76487,7.99878,0.06305,0.044295,0.231834,39.1051
2026-03-05 23:00:00,9.4985,3.17251,1.68131,7.81718,0.056235,0.03855,0.159233,25.4138
2026-03-06 00:00:00,5.39949,2.44542,0.867578,4.53191,0.029955,0.022382,0.124199,15.9558
2026-03-06 01:00:00,2.13857,1.18284,0.155505,1.98307,0.007437,0.011197,0.086873,7.7753
2026-03-06 02:00:00,1.63332,1.28406,0.14266,1.49066,0.005672,0.008494,0.082273,6.62
2026-03-06 03:00:00,2.79582,2.28417,0.258019,2.5378,0.009391,0.011436,0.093736,9.8262
2026-03-06 04:00:00,2.39328,1.8186,0.13494,2.25834,0.00631,0.009925,0.087473,8.5367
2026-03-06 05:00:00,2.51218,2.37446,0.206846,2.30533,0.00716,0.01092,0.079575,6.381
2026-03-06 06:00:00,1.69409,1.43082,0.084528,1.60957,0.004531,0.007478,0.075316,4.6141
2026-03-06 07:00:00,1.60622,0.82966,0.142255,1.46397,0.006871,0.009052,0.093621,7.1872
2026-03-06 08:00:00,5.40551,1.56048,0.456888,4.94863,0.020535,0.025668,0.150847,18.0529
2026-03-06 09:00:00,5.43203,1.40166,0.782654,4.64938,0.026587,0.025505,0.164172,19.8447
2026-03-06 10:00:00,5.45854,1.24284,1.10842,4.35013,0.032639,0.025341,0.177496,21.6364
2026-03-06 11:00:00,9.15777,1.745,1.40751,7.75026,0.045513,0.042195,0.241916,34.3519
2026-03-06 12:00:00,15.2364,2.08603,2.12561,13.1107,0.109011,0.067412,0.298411,47.477
2026-03-06 13:00:00,14.8637,2.18263,1.45065,13.4131,0.055129,0.070378,0.278735,47.3468
2026-03-06 14:00:00,17.0746,1.8313,2.6333,14.4413,0.1044,0.091,0.3518,56.8684
2026-03-06 15:00:00,16.9511,1.82857,2.6103,14.3408,0.103521,0.09029,0.349892,56.5458
2026-03-06 16:00:00,16.8277,1.82583,2.5873,14.2404,0.102641,0.08958,0.347984,56.2232
2026-03-06 17:00:00,16.7042,1.8231,2.5643,14.1399,0.101762,0.08887,0.346076,55.9006
2026-03-06 18:00:00,,,,,,,,
2026-03-06 19:00:00,,,,,,,,
2026-03-06 20:00:00,,,,,,,,
2026-03-06 21:00:00,,,,,,,,
2026-03-06 22:00:00,,,,,,,,
2026-03-06 23:00:00,,,,,,,,
2026-03-07 00:00:00,,,,,,,,
2026-03-07 01:00:00,,,,,,,,
2026-03-07 02:00:00,,,,,,,,
2026-03-07 03:00:00,,,,,,,,
2026-03-07 04:00:00,,,,,,,,
2026-03-07 05:00:00,,,,,,,,
2026-03-07 06:00:00,,,,,,,,
2026-03-07 07:00:00,,,,,,,,
2026-03-07 08:00:00,,,,,,,,
2026-03-07 09:00:00,,,,,,,,
2026-03-07 10:00:00,,,,,,,,
2026-03-07 11:00:00,,,,,,,,
2026-03-07 12:00:00,,,,,,,,
2026-03-07 13:00:00,,,,,,,,
2026-03-07 14:00:00,,,,,,,,
2026-03-07 15:00:00,,,,,,,,
2026-03-07 16:00:00,,,,,,,,
2026-03-07 17:00:00,,,,,,,,
2026-03-07 18:00:00,,,,,,,,
2026-03-07 19:00:00,,,,,,,,
2026-03-07 20:00:00,,,,,,,,
2026-03-07 21:00:00,,,,,,,,
2026-03-07 22:00:00,,,,,,,,
2026-03-07 23:00:00,,,,,,,,
2026-03-08 00:00:00,,,,,,,,
2026-03-08 01:00:00,,,,,,,,
2026-03-08 02:00:00,,,,,,,,
2026-03-08 03:00:00,,,,,,,,
2026-03-08 04:00:00,,,,,,,,
2026-03-08 05:00:00,,,,,,,,
2026-03-08 06:00:00,,,,,,,,
2026-03-08 07:00:00,,,,,,,,
2026-03-08 08:00:00,,,,,,,,
2026-03-08 09:00:00,,,,,,,,
2026-03-08 10:00:00,,,,,,,,
2026-03-08 11:00:00,,,,,,,,
2026-03-08 12:00:00,,,,,,,,
2026-03-08 13:00:00,,,,,,,,
2026-03-08 14:00:00,,,,,,,,
2026-03-08 15:00:00,,,,,,,,
2026-03-08 16:00:00,,,,,,,,
2026-03-08 17:00:00,,,,,,,,
2026-03-08 18:00:00,,,,,,,,
2026-03-08 19:00:00,,,,,,,,
2026-03-08 20:00:00,,,,,,,,
2026-03-08 21:00:00,,,,,,,,
2026-03-08 22:00:00,,,,,,,,
2026-03-08 23:00:00,,,,,,,,
2026-03-09 00:00:00,,,,,,,,
2026-03-09 01:00:00,,,,,,,,
2026-03-09 02:00:00,,,,,,,,
2026-03-09 03:00:00,,,,,,,,
2026-03-09 04:00:00,,,,,,,,
2026-03-09 05:00:00,,,,,,,,
2026-03-09 06:00:00,,,,,,,,
2026-03-09 07:00:00,,,,,,,,
2026-03-09 08:00:00,,,,,,,,
2026-03-09 09:00:00,,,,,,,,
2026-03-09 10:00:00,,,,,,,,
2026-03-09 11:00:00,8.55529,1.64272,1.04639,7.50889,0.043727,0.042015,0.220137,34.6099
2026-03-09 12:00:00,12.7741,1.68125,2.27118,10.503,0.076388,0.060545,0.290928,47.4497
2026-03-09 13:00:00,13.3756,1.84644,2.91031,10.4653,0.112457,0.057249,0.284548,46.3494
2026-03-09 14:00:00,10.3479,1.55749,1.33751,9.01042,0.056091,0.051171,0.272921,39.2144
2026-03-09 15:00:00,11.1484,1.80104,1.24686,9.90157,0.061122,0.059041,0.26943,40.6211
2026-03-09 16:00:00,11.8345,1.79528,1.31658,10.5179,0.062772,0.060686,0.254137,38.1923
2026-03-09 17:00:00,16.4401,2.35667,2.01614,14.424,0.093035,0.088949,0.304565,51.1717
2026-03-09 18:00:00,20.0988,2.29806,2.38701,17.7118,0.097631,0.101841,0.343865,58.1275
2026-03-09 19:00:00,15.858,1.62947,2.33783,13.5202,0.114501,0.077785,0.334247,47.1582
2026-03-09 20:00:00,15.1106,1.8757,2.22169,12.8889,0.099689,0.071893,0.299057,54.0168
2026-03-09 21:00:00,14.1232,2.13889,2.20565,11.9175,0.088852,0.063772,0.266694,46.8016
2026-03-09 22:00:00,13.1357,2.40208,2.1896,10.9461,0.078015,0.055651,0.234331,39.5863
2026-03-09 23:00:00,12.1483,2.66527,2.17356,9.97474,0.067179,0.04753,0.201969,32.3711
2026-03-10 00:00:00,9.64514,3.01788,1.42371,8.22142,0.054362,0.040965,0.156077,23.8218
2026-03-10 01:00:00,4.61911,2.07694,0.43493,4.18418,0.015302,0.017963,0.116936,16.0806
2026-03-10 02:00:00,3.86413,1.91294,0.194672,3.66946,0.011402,0.023406,0.119812,15.9256
2026-03-10 03:00:00,3.72173,2.31451,0.136874,3.58486,0.006942,0.024018,0.091025,9.4614
2026-03-10 04:00:00,3.60488,2.27294,0.16537,3.43952,0.006857,0.01678,0.082143,6.2576
2026-03-10 05:00:00,1.23185,1.07868,0.097829,1.13403,0.010535,0.009198,0.079889,5.8858
2026-03-10 06:00:00,0.647896,0.324597,0.053824,0.594072,0.003818,0.004606,0.077621,4.2952
2026-03-10 07:00:00,3.05665,0.884958,0.231699,2.82495,0.009345,0.015773,0.103162,7.6535
2026-03-10 08:00:00,5.05589,1.30982,0.527915,4.52798,0.021791,0.02758,0.145178,16.1246
2026-03-10 09:00:00,5.9958,1.15171,0.736082,5.25972,0.030157,0.027162,0.189149,22.6664
2026-03-10 10:00:00,6.8817,1.48697,0.557671,6.32402,0.030646,0.032608,0.216842,29.8709
2026-03-10 11:00:00,12.3567,2.22084,1.08544,11.2713,0.046661,0.057283,0.256341,41.5298
2026-03-10 12:00:00,11.9048,1.76524,1.44922,10.4556,0.072828,0.058889,0.272446,46.8545
2026-03-10 13:00:00,13.0566,1.97528,1.47764,11.5789,0.098564,0.068204,0.278196,45.6198
2026-03-10 14:00:00,13.0808,2.10709,1.79958,11.2812,0.074142,0.063648,0.270193,40.6977
2026-03-10 15:00:00,15.8142,2.76665,1.95295,13.8612,0.071179,0.068754,0.269566,43.7192
2026-03-10 16:00:00,12.5665,1.90459,1.45865,11.1078,0.059674,0.05937,0.28212,45.7464
2026-03-10 17:00:00,21.3973,2.95624,1.73872,19.6586,0.074071,0.09447,0.334297,57.0193
2026-03-10 18:00:00,16.8537,1.85818,3.08973,13.7639,0.111961,0.076157,0.318495,52.203
2026-03-10 19:00:00,15.7225,1.86065,1.93387,13.7886,0.072806,0.08073,0.313902,53.7554
2026-03-10 20:00:00,15.5787,1.86616,2.3894,13.1893,0.099924,0.077006,0.323652,56.8371
2026-03-10 21:00:00,13.3182,1.75934,2.55108,10.7672,0.0992,0.062267,0.30472,55.753
2026-03-10 22:00:00,13.1198,1.88233,1.87202,11.2478,0.086579,0.058505,0.263517,47.6797
2026-03-10 23:00:00,13.5071,2.0691,2.15566,11.3514,0.105775,0.062533,0.229239,41.1222
2026-03-11 00:00:00,10.3975,1.96401,0.971305,9.42616,0.047614,0.053499,0.175604,25.7589
2026-03-11 01:00:00,6.35878,1.9834,0.612236,5.74654,0.023,0.028271,0.131502,19.09
2026-03-11 02:00:00,2.41863,1.00944,0.209922,2.2087,0.009718,0.015857,0.096691,11.1015
2026-03-11 03:00:00,1.83143,0.999689,0.43135,1.40008,0.014234,0.008277,0.08561,8.0048
2026-03-11 04:00:00,1.09087,0.760715,0.105947,0.984919,0.004606,0.005014,0.079245,6.0756
2026-03-11 05:00:00,1.13195,0.618551,0.063649,1.0683,0.003501,0.005925,0.07543,5.2203
2026-03-11 06:00:00,1.70981,0.726959,0.120141,1.58967,0.006587,0.00793,0.084703,6.7062
2026-03-11 07:00:00,3.35297,1.00089,0.29563,3.05734,0.015164,0.021377,0.122098,12.7343
2026-03-11 08:00:00,6.25746,1.32573,0.560291,5.69717,0.026972,0.034794,0.18218,23.3062
2026-03-11 09:00:00,6.98447,1.52566,0.599513,6.38495,0.029579,0.034562,0.192083,27.9309
2026-03-11 10:00:00,18.0786,3.82536,0.699503,17.3791,0.033837,0.084498,0.218615,28.181
2026-03-11 11:00:00,13.7622,1.93072,1.11656,12.6456,0.05135,0.068963,0.273953,44.5116
2026-03-11 12:00:00,12.9512,1.54475,1.66804,11.2831,0.058501,0.063291,0.28603,45.9065
2026-03-11 13:00:00,15.1039,1.79509,1.75093,13.353,0.066464,0.070749,0.290856,49.4887
2026-03-11 14:00:00,15.756,2.18711,1.86398,13.892,0.067484,0.079067,0.315587,53.6951
2026-03-11 15:00:00,13.5067,2.09342,1.35134,12.1554,0.062129,0.065482,0.2915,48.8906
2026-03-11 16:00:00,14.6207,2.39292,1.91081,12.7099,0.083116,0.072259,0.298637,50.04
2026-03-11 17:00:00,18.0911,1.89237,2.43906,15.652,0.111216,0.087864,0.352929,64.021
2026-03-11 18:00:00,21.4946,2.29398,2.8731,18.6214,0.101498,0.096192,0.3585,61.7218
2026-03-11 19:00:00,15.375,1.76561,2.42502,12.9499,0.090215,0.072112,0.303875,51.9118
2026-03-11 20:00:00,12.1648,1.5267,2.18165,9.98313,0.094879,0.06209,0.283859,46.1563
2026-03-11 21:00:00,9.99428,1.63359,1.51225,8.48203,0.074589,0.055036,0.25881,42.0331
2026-03-11 22:00:00,12.2797,2.33276,1.89697,10.3827,0.089821,0.053911,0.235943,39.4126
2026-03-11 23:00:00,7.78985,1.80488,0.823945,6.9659,0.029613,0.036989,0.173577,29.72
2026-03-12 00:00:00,5.30791,1.6252,0.555244,4.75266,0.022856,0.02298,0.136282,20.9105
2026-03-12 01:00:00,3.157,1.41316,0.219954,2.93704,0.010835,0.015491,0.110155,14.5813
2026-03-12 02:00:00,1.10813,0.720501,0.281417,0.826714,0.008314,0.005351,0.086098,6.7838
2026-03-12 03:00:00,1.58206,1.48411,0.559061,1.023,0.035355,0.005819,0.077573,6.2311
2026-03-12 04:00:00,0.774609,0.574636,0.122076,0.652533,0.005403,0.004031,0.075234,4.286
2026-03-12 05:00:00,1.4387,1.19692,0.061087,1.37761,0.002599,0.006063,0.070775,3.7869
2026-03-12 06:00:00,2.85578,1.82361,0.129261,2.72652,0.007201,0.013933,0.084911,7.0208
2026-03-12 07:00:00,4.04705,1.70617,0.258253,3.78879,0.011509,0.020316,0.112838,11.0699
2026-03-12 08:00:00,6.69579,1.54139,0.588114,6.10768,0.028434,0.032855,0.183391,23.3291
2026-03-12 09:00:00,6.35966,1.55265,0.668536,5.69112,0.036218,0.030607,0.186317,22.0467
2026-03-12 10:00:00,8.17345,1.92861,0.813422,7.36003,0.051535,0.048884,0.221061,28.8457
2026-03-12 11:00:00,12.2223,1.56536,1.16057,11.0618,0.05586,0.06187,0.272842,43.3843
2026-03-12 12:00:00,14.6775,1.3126,2.13479,12.5427,0.086493,0.068291,0.33663,58.0303
2026-03-12 13:00:00,13.9477,1.61394,1.3054,12.6423,0.05257,0.0629,0.281894,46.9357
2026-03-12 14:00:00,16.0152,2.12798,1.31315,14.7021,0.064396,0.077094,0.303338,53.5435
2026-03-12 15:00:00,12.2891,1.62339,1.63196,10.6571,0.061827,0.05941,0.281405,45.5619
2026-03-12 16:00:00,21.441,2.40209,1.82301,19.618,0.084522,0.093522,0.343324,67.115
2026-03-12 17:00:00,18.5377,2.10512,1.73686,16.8009,0.073531,0.090005,0.335609,60.7418
2026-03-12 18:00:00,15.2514,1.79682,1.68547,13.5659,0.075026,0.078551,0.315924,55.8436
2026-03-12 19:00:00,17.7631,1.93077,2.28518,15.4779,0.089873,0.084977,0.331536,59.591
2026-03-12 20:00:00,13.9145,1.85576,1.60063,12.3139,0.070397,0.065456,0.292023,51.7952
2026-03-12 21:00:00,15.6659,2.51621,2.20801,13.4579,0.122373,0.067306,0.284609,48.3472
2026-03-12 22:00:00,11.1882,2.32025,2.14176,9.04648,0.116972,0.051709,0.261737,49.4264
2026-03-12 23:00:00,9.68607,2.50675,1.49995,8.18613,0.061794,0.038093,0.194505,32.772
2026-03-13 00:00:00,8.70371,2.59348,1.90356,6.80015,0.074799,0.033738,0.176566,31.0835
2026-03-13 01:00:00,5.6752,2.73109,0.467824,5.20738,0.016889,0.024272,0.110459,13.3969
2026-03-13 02:00:00,2.30814,1.74331,0.179738,2.12841,0.007834,0.010239,0.092877,8.5407
2026-03-13 03:00:00,0.469993,0.425718,0.080309,0.389684,0.00309,0.002134,0.07188,3.5687
2026-03-13 04:00:00,0.315848,0.259317,0.045035,0.270813,0.002318,0.001644,0.068301,2.7394
2026-03-13 05:00:00,1.22066,0.908226,0.128663,1.09199,0.005504,0.004907,0.074235,4.1632
2026-03-13 06:00:00,0.589393,0.330377,0.075379,0.514014,0.003847,0.003728,0.079131,4.0215
2026-03-13 07:00:00,2.65875,0.931588,0.228921,2.42983,0.011988,0.016029,0.115913,12.4368
2026-03-13 08:00:00,6.07519,1.82219,0.545028,5.53017,0.025693,0.028731,0.159155,20.1106
2026-03-13 09:00:00,10.8324,2.90258,0.532732,10.2997,0.026253,0.044887,0.179072,23.2299
2026-03-13 10:00:00,8.23533,1.91252,0.755788,7.47954,0.035537,0.038233,0.215887,32.1654
2026-03-13 11:00:00,11.4073,2.19372,1.68761,9.71972,0.072353,0.047721,0.275613,45.7511
2026-03-13 12:00:00,15.8233,2.16224,2.14334,13.6799,0.077491,0.07248,0.303148,50.6967
2026-03-13 13:00:00,11.1695,1.46581,1.75526,9.41424,0.070696,0.054755,0.267031,43.7054
2026-03-13 14:00:00,15.5287,2.35783,1.87823,13.6504,0.069611,0.075774,0.287919,49.1341
2026-03-13 15:00:00,13.5029,2.26863,1.68963,11.8132,0.061685,0.058939,0.275388,44.4805
2026-03-13 16:00:00,13.4704,1.85696,1.74891,11.7215,0.072423,0.071427,0.296347,46.7125
2026-03-13 17:00:00,13.1213,1.60172,1.91185,11.2095,0.081916,0.072362,0.318896,55.6609
2026-03-13 18:00:00,21.5065,2.13358,2.72525,18.7812,0.106557,0.102979,0.365748,69.0919
2026-03-13 19:00:00,22.9578,2.08594,3.82019,19.1377,0.139358,0.097205,0.362997,68.7905
2026-03-13 20:00:00,18.4153,2.00646,2.38267,16.0326,0.090945,0.091047,0.321794,57.6763
2026-03-13 21:00:00,15.002,1.81666,2.61453,12.3875,0.097715,0.080909,0.330007,55.0656
2026-03-13 22:00:00,14.7171,2.02994,2.39268,12.3244,0.091918,0.077215,0.307772,52.3206
2026-03-13 23:00:00,10.3723,1.66812,1.71164,8.66071,0.061985,0.057594,0.237721,36.3873
2026-03-14 00:00:00,7.64476,1.75903,1.66833,5.97643,0.048851,0.037544,0.186622,27.1907
2026-03-14 01:00:00,8.6792,2.65095,1.0198,7.6594,0.041358,0.034587,0.175435,28.7317
2026-03-14 02:00:00,4.23297,1.81985,0.515715,3.71726,0.01775,0.019451,0.119435,14.6761
2026-03-14 03:00:00,2.0241,1.17544,0.137319,1.88678,0.006829,0.010123,0.086752,7.0207
2026-03-14 04:00:00,0.801691,0.481785,0.141641,0.66005,0.006011,0.005053,0.076302,3.8494
2026-03-14 05:00:00,0.773481,0.49902,0.085203,0.688278,0.00444,0.006303,0.079061,4.9163
2026-03-14 06:00:00,1.69579,0.88785,0.300798,1.39499,0.010694,0.007811,0.095613,8.6665
2026-03-14 07:00:00,2.62033,1.12945,0.220579,2.39975,0.013275,0.015242,0.118025,10.6902
2026-03-14 08:00:00,6.25899,1.41032,0.565106,5.69388,0.028506,0.02861,0.170499,22.5841
2026-03-14 09:00:00,7.43275,1.58346,0.860958,6.57179,0.031339,0.033824,0.194338,26.6976
2026-03-14 10:00:00,9.91476,1.57377,0.801537,9.11322,0.041912,0.048476,0.26021,42.3108
2026-03-14 11:00:00,15.2308,1.91969,1.80929,13.4215,0.072746,0.072844,0.322584,56.7033
2026-03-14 12:00:00,19.7768,1.90602,2.55936,17.2175,0.095377,0.095728,0.360226,66.481
2026-03-14 13:00:00,19.1649,1.88928,1.87844,17.2864,0.080998,0.093478,0.356178,67.8732
2026-03-14 14:00:00,22.2686,2.10637,2.28484,19.9837,0.093549,0.11526,0.369391,70.178
2026-03-14 15:00:00,23.7602,2.53903,2.346,21.4142,0.093852,0.113382,0.378584,75.1327
2026-03-14 16:00:00,21.6634,2.41241,2.20037,19.463,0.090267,0.106221,0.366644,68.3577
2026-03-14 17:00:00,25.1045,2.43308,3.81941,21.2851,0.131674,0.133977,0.377749,76.9424
2026-03-14 18:00:00,29.2047,2.671,5.62888,23.5758,0.178221,0.128257,0.399647,92.1302
2026-03-14 19:00:00,26.5676,2.40998,3.79433,22.7733,0.135968,0.16036,0.398358,89.6849
2026-03-14 20:00:00,24.3896,2.2421,5.44068,18.9489,0.150804,0.122533,0.399757,89.044
2026-03-14 21:00:00,20.1342,2.24562,4.32985,15.8044,0.128578,0.086221,0.393951,81.8685
2026-03-14 22:00:00,15.9685,2.02955,2.63207,13.3364,0.095399,0.076949,0.323975,63.3861
2026-03-14 23:00:00,14.7944,2.36106,2.04769,12.7467,0.071605,0.059846,0.237169,39.7617
2026-03-15 00:00:00,14.6268,2.9207,1.52717,13.0997,0.056966,0.060888,0.224691,41.3809
2026-03-15 01:00:00,14.7351,4.70169,0.63386,14.1012,0.028467,0.060139,0.153895,23.9457
2026-03-15 02:00:00,10.5078,3.36571,0.734941,9.77282,0.030376,0.044104,0.149515,21.7277
2026-03-15 03:00:00,3.38883,1.39573,0.344761,3.04407,0.015123,0.018892,0.094343,7.8419
2026-03-15 04:00:00,1.18989,0.610202,0.197659,0.992235,0.008646,0.00714,0.073966,3.2573
2026-03-15 05:00:00,1.11172,0.90237,0.239774,0.871946,0.008429,0.006229,0.07162,2.9849
2026-03-15 06:00:00,2.04089,1.41532,0.135182,1.90571,0.006104,0.008452,0.081194,5.3959
2026-03-15 07:00:00,4.99835,1.71647,0.249349,4.749,0.013511,0.019757,0.118638,13.4228
2026-03-15 08:00:00,5.01389,1.18364,0.582719,4.43118,0.024208,0.022924,0.148367,18.3165
2026-03-15 09:00:00,7.25766,1.58464,0.592695,6.66496,0.03029,0.038072,0.187859,27.9589
2026-03-15 10:00:00,11.8918,1.93048,1.5204,10.3714,0.055318,0.055225,0.258933,41.6339
2026-03-15 11:00:00,16.6856,1.75712,2.34631,14.3393,0.090547,0.085268,0.338075,59.3706
2026-03-15 12:00:00,20.2594,1.75042,2.16307,18.0963,0.100688,0.115884,0.386925,69.4505
2026-03-15 13:00:00,26.9752,2.0617,3.98395,22.9913,0.158953,0.122704,0.399634,86.1951
2026-03-15 14:00:00,29.4857,1.99066,4.48902,24.9967,0.184104,0.14205,0.408024,90.2378
2026-03-15 15:00:00,32.1185,2.40696,4.94456,27.1739,0.172619,0.150633,0.398244,86.6636
2026-03-15 16:00:00,23.4891,2.41359,4.48025,19.0088,0.199688,0.148336,0.410575,87.6446
2026-03-15 17:00:00,25.5756,2.1785,3.88987,21.6858,0.157328,0.135861,0.397436,82.2458
2026-03-15 18:00:00,29.2004,2.1873,4.18537,25.015,0.202962,0.149398,0.406568,93.7428
2026-03-15 19:00:00,24.2616,1.9757,3.12325,21.1383,0.116652,0.127127,0.392497,81.1738
2026-03-15 20:00:00,16.4474,1.62813,3.153,13.2944,0.107169,0.079477,0.360175,61.8935
2026-03-15 21:00:00,15.2038,2.23717,2.24071,12.9631,0.080129,0.0747,0.323343,55.1815
2026-03-15 22:00:00,15.4343,2.87525,2.2641,13.1702,0.097268,0.069128,0.285366,47.2586
2026-03-15 23:00:00,10.1512,2.17277,1.2656,8.88557,0.057444,0.045699,0.192941,26.9003
2026-03-16 00:00:00,15.6951,5.03692,0.92213,14.7729,0.035238,0.054809,0.165724,23.6652
2026-03-16 01:00:00,4.00694,1.63415,0.360596,3.64634,0.014507,0.019825,0.116988,12.5996
2026-03-16 02:00:00,2.81904,1.53042,0.338498,2.48055,0.01331,0.012177,0.095162,9.728
2026-03-16 03:00:00,0.843419,0.412632,0.104744,0.738675,0.004431,0.00513,0.073596,2.149
2026-03-16 04:00:00,0.527862,0.294238,0.043888,0.483974,0.002268,0.00303,0.06808,1.5263
2026-03-16 05:00:00,0.907372,0.529389,0.071064,0.836308,0.002815,0.00425,0.070663,3.4702
2026-03-16 06:00:00,1.37258,0.71938,0.379407,0.99317,0.017274,0.006162,0.078471,4.5063
2026-03-16 07:00:00,4.3514,1.42203,0.443336,3.90807,0.016199,0.021348,0.126805,12.9913
2026-03-16 08:00:00,6.22316,1.54728,1.07695,5.14621,0.047581,0.036999,0.184918,23.3055
2026-03-16 09:00:00,6.83038,1.76041,0.551421,6.27896,0.02841,0.033318,0.181515,23.434
2026-03-16 10:00:00,7.16956,1.86804,0.6752,6.49436,0.035021,0.035773,0.210654,27.1264
2026-03-16 11:00:00,8.39971,1.68601,0.65782,7.74189,0.031042,0.037382,0.204229,27.0885
2026-03-16 12:00:00,13.269,1.91694,1.47078,11.7982,0.053167,0.062123,0.263994,40.5058
2026-03-16 13:00:00,12.6613,1.79338,1.41809,11.2432,0.063029,0.061845,0.26784,41.3018
2026-03-16 14:00:00,14.8627,2.05627,1.64666,13.2161,0.070728,0.069521,0.292585,48.4278
2026-03-16 15:00:00,16.13,2.18563,3.20067,12.9293,0.101232,0.071579,0.301073,40.8114
2026-03-16 16:00:00,14.0745,1.95316,1.49739,12.5771,0.061001,0.070047,0.289509,50.3821
2026-03-16 17:00:00,16.5039,2.21648,2.18866,14.3152,0.084422,0.07695,0.347134,60.3703
2026-03-16 18:00:00,18.2403,2.30074,2.15401,16.0862,0.087949,0.082915,0.325903,53.1809
2026-03-16 19:00:00,19.1653,2.28648,3.23835,15.9269,0.138264,0.093642,0.365391,65.647
2026-03-16 20:00:00,18.5137,2.68314,3.53164,14.982,0.117891,0.078478,0.320157,60.8151
2026-03-16 21:00:00,13.4551,2.46701,2.09563,11.3594,0.097432,0.060505,0.259273,44.2058
2026-03-16 22:00:00,11.4189,2.64817,1.94467,9.47426,0.074059,0.047495,0.217554,37.1782
2026-03-16 23:00:00,10.338,3.06038,1.76712,8.57085,0.052763,0.044068,0.215441,37.8759
2026-03-17 00:00:00,6.68586,2.71342,0.492747,6.19311,0.019529,0.027249,0.132575,17.8099
2026-03-17 01:00:00,3.64156,1.73573,0.335173,3.30639,0.014708,0.016967,0.106632,12.0723
2026-03-17 02:00:00,3.08461,3.097,0.127074,2.95753,0.009491,0.016289,0.097853,10.3208
2026-03-17 03:00:00,2.1042,1.50731,0.135964,1.96824,0.00849,0.011184,0.086507,8.8868
2026-03-17 04:00:00,0.788838,0.506965,0.054299,0.734539,0.002868,0.005343,0.071364,3.496
2026-03-17 05:00:00,1.33958,0.979225,0.064688,1.27489,0.003356,0.008832,0.074391,4.471
2026-03-17 06:00:00,1.11834,0.972466,0.061064,1.05727,0.005793,0.009439,0.081438,5.8916
2026-03-17 07:00:00,2.86231,0.923921,0.323241,2.53907,0.012393,0.014534,0.109177,10.3637
2026-03-17 08:00:00,7.28503,1.84338,1.34054,5.94449,0.04535,0.030555,0.17227,21.8137
2026-03-17 09:00:00,7.02788,1.47893,0.678281,6.3496,0.035953,0.037123,0.199074,27.7833
2026-03-17 10:00:00,9.67029,1.53594,1.15816,8.51213,0.058265,0.043886,0.230146,37.0831
2026-03-17 11:00:00,11.7703,1.64897,1.41277,10.3576,0.063718,0.056466,0.302108,49.5867
2026-03-17 12:00:00,12.5485,1.54007,1.84944,10.6991,0.074177,0.061567,0.290871,51.3902
2026-03-17 13:00:00,15.2614,2.02085,1.79501,13.4664,0.066349,0.069022,0.309302,55.2705
2026-03-17 14:00:00,18.8068,2.54697,2.58593,16.2209,0.094615,0.082395,0.335414,60.9829
2026-03-17 15:00:00,9.55424,1.89118,1.03894,8.5153,0.07101,0.063962,0.298806,46.7061
2026-03-17 16:00:00,16.2159,2.54008,1.99755,14.2183,0.10374,0.07548,0.312827,52.5525
2026-03-17 17:00:00,17.0792,2.35511,2.91395,14.1653,0.115944,0.079139,0.327209,57.7073
2026-03-17 18:00:00,18.0933,2.2365,2.96113,15.1322,0.101682,0.081697,0.3459,65.751
2026-03-17 19:00:00,16.9019,2.07845,2.29756,14.6044,0.091985,0.080962,0.326851,61.5179
2026-03-17 20:00:00,15.4514,1.80592,3.23002,12.2214,0.111756,0.070501,0.306273,53.9527
2026-03-17 21:00:00,14.2254,1.93018,3.07757,11.1478,0.101232,0.061525,0.296204,38.3065
2026-03-17 22:00:00,13.5844,2.89276,1.54234,12.0421,0.068829,0.061043,0.245372,42.9536
2026-03-17 23:00:00,9.63256,2.80506,1.43346,8.19911,0.058702,0.039377,0.185419,31.121
2026-03-18 00:00:00,8.36843,3.33936,1.40297,6.96547,0.042196,0.03381,0.161141,24.5354
2026-03-18 01:00:00,4.93499,3.13532,0.351846,4.58314,0.018069,0.024214,0.120035,13.9863
2026-03-18 02:00:00,5.09058,3.48193,0.596283,4.49429,0.029966,0.020489,0.10453,11.7983
2026-03-18 03:00:00,3.15869,2.26592,0.255706,2.90299,0.014153,0.013315,0.110159,9.4917
2026-03-18 04:00:00,2.04691,1.46837,0.086866,1.96005,0.006154,0.009643,0.086958,7.0445
2026-03-18 05:00:00,2.57845,2.08951,0.059675,2.51878,0.004572,0.011424,0.083443,6.9854
2026-03-18 06:00:00,2.93045,2.27167,0.092312,2.83814,0.00726,0.013073,0.093786,9.5804
2026-03-18 07:00:00,2.84592,1.34878,0.19593,2.64999,0.010125,0.014536,0.107667,7.2592
2026-03-18 08:00:00,4.46335,1.08544,0.432237,4.03111,0.021225,0.028267,0.152397,18.0651
2026-03-18 09:00:00,6.43834,2.06357,0.530665,5.90767,0.024254,0.028311,0.162697,16.0218
2026-03-18 10:00:00,8.24647,2.13529,0.778466,7.46801,0.032834,0.03807,0.195785,27.7544
2026-03-18 11:00:00,6.17347,1.17859,0.908278,5.26519,0.040319,0.030054,0.205208,28.837
2026-03-18 12:00:00,11.0433,1.79216,2.5303,8.51298,0.090141,0.050502,0.28376,46.9326
2026-03-18 13:00:00,13.3686,1.68116,2.00721,11.3614,0.090198,0.063348,0.302521,51.4327
2026-03-18 14:00:00,11.1943,1.41129,2.1665,9.02785,0.105527,0.053087,0.280167,45.0359
2026-03-18 15:00:00,9.77702,1.64486,2.15395,7.62307,0.094091,0.045275,0.277569,43.2611
2026-03-18 16:00:00,14.3247,2.414,2.7194,11.6053,0.097039,0.066713,0.301557,53.734
2026-03-18 17:00:00,14.8623,2.13969,1.96804,12.8943,0.084257,0.070231,0.289529,49.4161
2026-03-18 18:00:00,19.616,2.41576,4.72358,14.8924,0.147639,0.079043,0.346263,70.1734
2026-03-18 19:00:00,17.8468,2.16746,2.92418,14.9227,0.115121,0.082698,0.359477,73.9357
2026-03-18 20:00:00,11.6543,1.74153,2.63813,9.01617,0.097041,0.053841,0.280386,48.9739
2026-03-18 21:00:00,13.6082,2.45812,2.5794,11.0288,0.092929,0.063613,0.296984,51.2789
2026-03-18 22:00:00,10.6255,2.56283,1.00219,9.62331,0.047606,0.053866,0.226717,37.9834
2026-03-18 23:00:00,10.2241,2.72933,0.950029,9.27406,0.045373,0.048417,0.194366,29.9835
2026-03-19 00:00:00,14.6009,5.47259,0.95718,13.6437,0.036216,0.053789,0.163021,21.5662
2026-03-19 01:00:00,5.79786,2.91643,0.35573,5.44213,0.014873,0.02797,0.114429,14.0465
2026-03-19 02:00:00,2.91037,1.54642,0.245975,2.66439,0.010545,0.014077,0.093793,11.2249
2026-03-19 03:00:00,1.16956,0.815594,0.111839,1.05772,0.005767,0.006693,0.082885,9.0255
2026-03-19 04:00:00,1.38974,0.953181,0.080899,1.30884,0.004731,0.00602,0.080325,8.9001
2026-03-19 05:00:00,0.853613,0.65261,0.072214,0.781399,0.004368,0.004548,0.076649,7.4935
2026-03-19 06:00:00,0.904554,0.725966,0.064439,0.840115,0.004174,0.004974,0.074866,5.2536
2026-03-19 07:00:00,2.69696,1.08138,0.286892,2.41007,0.013256,0.014273,0.115003,12.4714
2026-03-19 08:00:00,7.10107,1.68592,1.13515,5.96592,0.039034,0.030372,0.175715,24.6919
2026-03-19 09:00:00,7.57472,1.68252,1.02154,6.55318,0.054856,0.035115,0.225003,35.518
2026-03-19 10:00:00,7.70252,1.28247,1.05336,6.64916,0.048585,0.036784,0.227005,35.3219
2026-03-19 11:00:00,11.2302,1.48195,1.19723,10.033,0.047776,0.057778,0.264957,41.2788
2026-03-19 12:00:00,10.6643,1.39003,1.66741,8.99694,0.06941,0.05653,0.261771,40.7516
2026-03-19 13:00:00,13.7426,1.99168,1.84798,11.8946,0.070553,0.066696,0.267116,45.1087
2026-03-19 14:00:00,13.1191,1.77285,1.86821,11.2509,0.070426,0.063238,0.281901,44.937
2026-03-19 15:00:00,12.7949,1.89779,1.98692,10.808,0.094573,0.063859,0.28172,46.6526
2026-03-19 16:00:00,12.7306,1.75208,1.96732,10.7633,0.087604,0.066084,0.300447,49.4948
2026-03-19 17:00:00,19.6146,2.49106,3.38917,16.2255,0.167183,0.091078,0.340024,61.3148
2026-03-19 18:00:00,20.9022,2.43843,3.40681,17.4954,0.132636,0.101157,0.372459,73.2184
2026-03-19 19:00:00,20.5093,2.13505,3.51858,16.9907,0.142072,0.100688,0.383754,80.9371
2026-03-19 20:00:00,15.8334,1.9206,2.54562,13.2878,0.106663,0.075201,0.322513,62.795
2026-03-19 21:00:00,12.3968,2.22483,2.02216,10.3746,0.084708,0.054562,0.278571,49.1277
2026-03-19 22:00:00,10.1314,2.33334,2.0446,8.08678,0.077474,0.044133,0.211228,36.1386
2026-03-19 23:00:00,8.13423,2.55152,0.882578,7.25165,0.03623,0.041851,0.167062,28.1134
2026-03-20 00:00:00,7.01417,2.53402,1.16858,5.84559,0.051002,0.027412,0.150465,22.9832
2026-03-20 01:00:00,6.10219,4.10645,0.700754,5.40143,0.027327,0.025073,0.122706,16.6464
2026-03-20 02:00:00,8.70048,8.208,0.689994,8.01049,0.026177,0.030113,0.102158,9.9385
2026-03-20 03:00:00,4.82508,5.155,0.478535,4.34654,0.014703,0.016736,0.087915,6.9741
2026-03-20 04:00:00,0.813956,1.03032,0.093224,0.720732,0.003414,0.004248,0.069019,3.1487
2026-03-20 05:00:00,0.309904,0.428044,0.05279,0.257114,0.001964,0.002866,0.067676,4.3918
2026-03-20 06:00:00,1.0898,0.918891,0.174386,0.915419,0.009201,0.005455,0.087896,8.4675
2026-03-20 07:00:00,3.26119,1.17563,0.28444,2.97675,0.011331,0.017773,0.107872,10.7425
2026-03-20 08:00:00,4.93944,1.15408,0.50126,4.43818,0.024813,0.027677,0.166718,21.0399
2026-03-20 09:00:00,9.49643,2.02915,1.00868,8.48774,0.061355,0.042524,0.23668,36.0191
2026-03-20 10:00:00,10.1055,1.73575,1.96848,8.13706,0.086101,0.042892,0.268681,42.8086
2026-03-20 11:00:00,13.0489,1.97292,2.21427,10.8346,0.082265,0.062405,0.300811,49.6206
2026-03-20 12:00:00,16.9551,2.10414,2.95976,13.9954,0.1086,0.081119,0.338323,62.8009
2026-03-20 13:00:00,19.7027,2.20684,3.03979,16.6629,0.125324,0.093531,0.352916,66.3053
2026-03-20 14:00:00,17.1065,2.0685,2.59546,14.511,0.107482,0.087029,0.345443,64.4703
2026-03-20 15:00:00,13.3796,1.55867,2.6997,10.6799,0.088897,0.067736,0.324089,52.9204
2026-03-20 16:00:00,17.2713,1.78055,1.90328,15.368,0.07464,0.093977,0.362489,64.0082
2026-03-20 17:00:00,20.328,2.2231,2.06001,18.268,0.094095,0.10481,0.374696,71.2185
2026-03-20 18:00:00,25.6186,2.55267,2.57313,23.0455,0.118821,0.125559,0.385789,77.2924
2026-03-20 19:00:00,25.4418,2.1082,2.71114,22.7307,0.128078,0.146586,0.396467,89.3791
2026-03-20 20:00:00,20.7553,1.61721,2.78253,17.9727,0.107272,0.111495,0.389852,82.4241
2026-03-20 21:00:00,19.6419,1.82851,2.67037,16.9715,0.136883,0.103298,0.372834,74.4924
2026-03-20 22:00:00,11.9595,1.46419,1.55427,10.4052,0.068352,0.067691,0.289739,51.4196
2026-03-20 23:00:00,13.1059,2.44605,1.36963,11.7363,0.064695,0.06056,0.235561,42.4481
2026-03-21 00:00:00,11.3791,2.94337,1.06886,10.3102,0.052468,0.054239,0.188056,31.623
2026-03-21 01:00:00,5.94761,1.67917,0.685578,5.26203,0.032331,0.028745,0.134697,18.8263
2026-03-21 02:00:00,5.28554,1.95761,0.508199,4.77734,0.020536,0.023769,0.111799,13.3615
2026-03-21 03:00:00,0.94502,0.507529,0.088762,0.856258,0.005277,0.006004,0.076484,3.6995
2026-03-21 04:00:00,1.25337,0.751422,0.092152,1.16122,0.004247,0.00611,0.06967,2.8449
2026-03-21 05:00:00,0.945957,0.542407,0.065831,0.880126,0.00253,0.005355,0.072981,3.9224
2026-03-21 06:00:00,1.79121,0.935844,0.14917,1.64204,0.007108,0.009518,0.084632,5.8742
2026-03-21 07:00:00,2.11954,0.898871,0.486419,1.63312,0.016852,0.009235,0.094503,7.0231
2026-03-21 08:00:00,5.44596,1.54015,0.42169,5.02427,0.020385,0.027911,0.152994,18.6342
2026-03-21 09:00:00,10.5039,2.09324,0.937107,9.56676,0.043269,0.052109,0.198269,28.0035
2026-03-21 10:00:00,13.5302,2.17388,1.39581,12.1344,0.077591,0.062154,0.27365,43.5869
2026-03-21 11:00:00,17.3696,2.13596,2.18351,15.1861,0.078954,0.093956,0.337579,56.4467
2026-03-21 12:00:00,28.3018,2.09085,3.40921,24.8926,0.140962,0.152726,0.40313,89.1456
2026-03-21 13:00:00,34.2562,2.27254,4.75425,29.502,0.185554,0.182705,0.411374,104.939
2026-03-21 14:00:00,31.2076,2.24903,4.60651,26.6011,0.171892,0.164114,0.413178,98.004
2026-03-21 15:00:00,28.8474,2.16053,4.83746,24.01,0.181239,0.155933,0.417029,91.6942
2026-03-21 16:00:00,26.033,1.85923,3.95779,22.0752,0.159636,0.1552,0.428613,92.6013
2026-03-21 17:00:00,30.7985,2.0821,3.62807,27.1704,0.134817,0.182891,0.420055,104.305
2026-03-21 18:00:00,38.9124,2.37996,4.78637,34.126,0.173591,0.241279,0.420875,128.148
2026-03-21 19:00:00,40.5009,2.30302,6.14187,34.3591,0.233042,0.228546,0.421755,125.591
2026-03-21 20:00:00,26.1508,1.65051,4.02793,22.1228,0.165909,0.149607,0.409532,99.3337
2026-03-21 21:00:00,26.5473,2.23537,3.92751,22.6198,0.164241,0.151058,0.406857,93.9565
2026-03-21 22:00:00,21.964,2.67593,2.5743,19.3897,0.110925,0.10725,0.361305,72.7981
2026-03-21 23:00:00,11.6211,2.32143,2.36187,9.25922,0.089256,0.052055,0.239609,45.0438
2026-03-22 00:00:00,8.59858,2.92071,0.873568,7.72501,0.042131,0.049707,0.171515,27.4932
2026-03-22 01:00:00,6.03407,2.17053,0.39071,5.64336,0.020684,0.031864,0.128069,15.508
2026-03-22 02:00:00,4.91162,2.07767,0.487061,4.42456,0.018807,0.022359,0.117677,11.9421
2026-03-22 03:00:00,1.76491,0.945826,0.137505,1.62741,0.005433,0.007812,0.079939,4.181
2026-03-22 04:00:00,2.18275,1.41921,0.145225,2.03752,0.00614,0.009225,0.084729,6.7874
2026-03-22 05:00:00,1.73043,1.01313,0.149848,1.58058,0.007411,0.008362,0.093765,9.5459
2026-03-22 06:00:00,0.964087,0.569792,0.135217,0.82887,0.007241,0.005414,0.093994,8.5678
2026-03-22 07:00:00,4.16788,1.87912,0.415156,3.75272,0.013011,0.018133,0.109188,10.9979
2026-03-22 08:00:00,5.08534,1.38792,0.446543,4.6388,0.024017,0.028305,0.164389,21.0886
2026-03-22 09:00:00,10.3728,1.90606,0.974124,9.39863,0.043151,0.048954,0.217392,33.6493
2026-03-22 10:00:00,12.4059,1.74603,1.32922,11.0767,0.058609,0.063816,0.273973,44.5099
2026-03-22 11:00:00,14.4391,1.58601,1.68432,12.7548,0.074068,0.078677,0.330555,55.3705
2026-03-22 12:00:00,22.862,1.83336,2.95863,19.9034,0.130263,0.121758,0.405591,85.5721
2026-03-22 13:00:00,26.3581,1.98869,3.82577,22.5323,0.139995,0.126624,0.400831,87.4177
2026-03-22 14:00:00,25.1631,2.09169,2.70753,22.4556,0.109635,0.126159,0.401715,80.7465
2026-03-22 15:00:00,23.1009,1.84424,3.59395,19.5069,0.126644,0.123668,0.398419,88.1057
2026-03-22 16:00:00,23.5436,1.93456,3.96424,19.5794,0.134813,0.1288,0.406645,90.0578
2026-03-22 17:00:00,19.9503,1.78478,2.61704,17.3332,0.115074,0.109041,0.385063,79.7627
2026-03-22 18:00:00,35.4821,2.98169,3.28433,32.1977,0.126333,0.177,0.399286,90.2622
2026-03-22 19:00:00,18.6781,1.8113,3.17268,15.5055,0.12123,0.095372,0.363856,68.2345
2026-03-22 20:00:00,20.614,2.23531,4.03611,16.5779,0.14727,0.096871,0.365145,73.0126
2026-03-22 21:00:00,11.6208,1.977,2.1284,9.49237,0.081465,0.054833,0.294961,57.6737
2026-03-22 22:00:00,10.7561,2.09997,2.28638,8.46967,0.090641,0.051069,0.245746,43.4401
2026-03-22 23:00:00,7.29206,2.01216,0.800408,6.49165,0.03307,0.035329,0.166357,25.7496
2026-03-23 00:00:00,8.13572,3.12432,2.13987,5.99585,0.04213,0.028391,0.135369,19.6518
2026-03-23 01:00:00,5.01067,2.44901,0.553508,4.45716,0.02048,0.021599,0.1185,16.5916
2026-03-23 02:00:00,3.33314,1.76918,0.468019,2.86512,0.012875,0.012879,0.091176,7.7595
2026-03-23 03:00:00,0.695103,0.465887,0.070142,0.624961,0.003263,0.006003,0.071796,3.5662
2026-03-23 04:00:00,0.513494,0.501458,0.048113,0.465381,0.002469,0.003967,0.067971,2.373
2026-03-23 05:00:00,0.597756,0.662701,0.06846,0.529296,0.002334,0.003682,0.067679,2.6891
2026-03-23 06:00:00,1.23854,1.25868,0.108944,1.12959,0.006113,0.006771,0.081776,6.4845
2026-03-23 07:00:00,2.17171,0.922561,0.320833,1.85087,0.013871,0.013193,0.115101,12.3072
2026-03-23 08:00:00,4.19371,1.22123,0.484259,3.70946,0.020231,0.023627,0.146141,15.4189
2026-03-23 09:00:00,5.27847,1.63623,0.572055,4.70641,0.028661,0.029082,0.172893,20.6364
2026-03-23 10:00:00,5.82722,1.41232,0.748969,5.07825,0.030215,0.03003,0.181145,23.2063
2026-03-23 11:00:00,13.8442,2.20308,1.18102,12.6631,0.056327,0.062723,0.278662,44.6057
2026-03-23 12:00:00,12.1987,1.67152,1.18381,11.0149,0.061502,0.065121,0.278691,46.3752
2026-03-23 13:00:00,14.1782,2.44367,2.97796,11.2002,0.0905,0.06475,0.27528,46.0664
2026-03-23 14:00:00,33.6095,4.93242,21.1164,12.4931,0.518873,0.090465,0.33549,53.3111
2026-03-23 15:00:00,14.4347,2.05038,2.41671,12.018,0.07675,0.070097,0.278502,46.2019
2026-03-23 16:00:00,13.8306,2.11737,2.02901,11.8016,0.063248,0.067032,0.276604,44.0548
2026-03-23 17:00:00,16.42,2.18293,3.12598,13.294,0.093796,0.084834,0.338772,56.6379
2026-03-23 18:00:00,21.9418,2.3121,4.60659,17.3353,0.145083,0.101166,0.376867,70.0423
2026-03-23 19:00:00,17.4112,1.82929,2.71196,14.6993,0.08805,0.084872,0.343868,59.254
2026-03-23 20:00:00,19.6802,2.18913,2.76183,16.9184,0.117272,0.094527,0.367331,69.6161
2026-03-23 21:00:00,17.8759,2.52485,2.88365,14.9923,0.114228,0.087419,0.328841,60.3165
2026-03-23 22:00:00,13.1435,2.87352,1.67491,11.4685,0.069249,0.064781,0.25568,45.2671
2026-03-23 23:00:00,14.4278,3.79678,1.60222,12.8256,0.064494,0.060336,0.219786,36.4224
2026-03-24 00:00:00,8.69949,3.40089,0.910362,7.78913,0.033853,0.040538,0.162794,24.9875
2026-03-24 01:00:00,6.54571,3.75327,0.596446,5.94927,0.022809,0.028005,0.146452,24.2318
2026-03-24 02:00:00,4.85347,3.21422,0.297574,4.55589,0.013372,0.020134,0.107925,13.9323
2026-03-24 03:00:00,3.30101,2.68375,0.227007,3.074,0.008382,0.014736,0.090151,9.3765
2026-03-24 04:00:00,1.02406,0.824523,0.060598,0.963458,0.00319,0.005273,0.07361,5.0518
2026-03-24 05:00:00,0.843605,0.558679,0.046002,0.797603,0.002301,0.004092,0.073446,4.5478
2026-03-24 06:00:00,1.43799,0.847874,0.084594,1.3534,0.004736,0.007996,0.08029,5.5979
2026-03-24 07:00:00,3.71678,1.27374,0.522949,3.19383,0.019322,0.020916,0.121307,13.7637
2026-03-24 08:00:00,6.19227,1.5059,0.577628,5.61464,0.026341,0.033576,0.1694,17.4894
2026-03-24 09:00:00,8.00519,1.88535,2.53997,5.46522,0.06152,0.032772,0.183568,25.3907
2026-03-24 10:00:00,6.43049,1.27488,0.895063,5.53543,0.035383,0.032834,0.200354,22.3647
2026-03-24 11:00:00,12.7097,1.85435,1.49177,11.218,0.066732,0.063037,0.29485,50.2425
2026-03-24 12:00:00,16.9352,2.32498,2.60272,14.3325,0.100029,0.080259,0.339528,61.9073
2026-03-24 13:00:00,18.9968,2.50024,4.99609,14.0007,0.115782,0.078861,0.318873,53.3352
2026-03-24 14:00:00,12.0173,1.52853,1.96999,10.0474,0.090115,0.064653,0.283177,44.4509
2026-03-24 15:00:00,11.4632,1.61454,2.2952,9.16803,0.099474,0.05524,0.291913,47.9074
2026-03-24 16:00:00,17.6778,2.26174,2.27321,15.4046,0.102119,0.08737,0.320927,51.2112
2026-03-24 17:00:00,17.0233,2.06744,2.81812,14.2052,0.085808,0.081682,0.34253,60.6819
2026-03-24 18:00:00,18.7749,1.99309,3.01551,15.7594,0.115497,0.109845,0.368924,68.6941
2026-03-24 19:00:00,17.4743,1.93087,2.33884,15.1355,0.107331,0.09036,0.336292,60.5911
2026-03-24 20:00:00,12.3592,1.49627,2.34574,10.0135,0.127057,0.06173,0.297202,34.8723
2026-03-24 21:00:00,11.8445,2.13955,1.35316,10.4914,0.065173,0.059732,0.248945,40.2923
2026-03-24 22:00:00,13.9147,2.84206,2.4485,11.4662,0.083092,0.054947,0.243739,42.5375
2026-03-24 23:00:00,10.5334,2.91623,2.12121,8.41222,0.067963,0.045365,0.211901,37.74
2026-03-25 00:00:00,7.48592,2.56895,0.53151,6.95441,0.021955,0.034943,0.140478,19.971
2026-03-25 01:00:00,3.72847,1.62816,0.294909,3.43357,0.01132,0.019092,0.099866,10.1384
2026-03-25 02:00:00,2.34549,1.41636,0.26269,2.0828,0.008692,0.012286,0.087351,7.4193
2026-03-25 03:00:00,1.82095,1.07621,0.120336,1.70061,0.006295,0.008437,0.077,4.474
2026-03-25 04:00:00,0.878548,0.649814,0.05974,0.818808,0.00226,0.004104,0.067868,2.6763
2026-03-25 05:00:00,2.80005,1.81822,0.100103,2.69995,0.004043,0.013227,0.076479,4.9298
2026-03-25 06:00:00,3.35524,1.66927,0.127779,3.22746,0.005101,0.013712,0.0841,6.5996
2026-03-25 07:00:00,4.97192,1.52326,0.438961,4.53296,0.013571,0.023574,0.119533,12.7919
2026-03-25 08:00:00,8.11804,1.70834,0.590787,7.52725,0.027683,0.042315,0.174329,22.7238
2026-03-25 09:00:00,8.47342,1.88048,0.683674,7.78975,0.02999,0.039317,0.193633,26.3148
2026-03-25 10:00:00,7.55984,1.42316,0.92128,6.63856,0.038787,0.039268,0.218155,31.5453
2026-03-25 11:00:00,11.7891,1.80871,1.88019,9.90896,0.076042,0.057767,0.302682,48.3471
2026-03-25 12:00:00,19.4111,2.78814,3.46579,15.9453,0.12911,0.086899,0.325436,58.882
2026-03-25 13:00:00,10.1924,2.17229,0.950812,9.24157,0.058278,0.072204,0.283819,47.2738
2026-03-25 14:00:00,12.8173,2.0002,1.44991,11.3674,0.062801,0.066645,0.289032,45.6099
2026-03-25 15:00:00,12.5982,2.07002,1.9176,10.6806,0.071104,0.062213,0.290594,48.1183
2026-03-25 16:00:00,15.0284,2.18499,1.69793,13.3305,0.075831,0.078299,0.322829,55.6608
2026-03-25 17:00:00,16.679,2.02317,1.97019,14.7088,0.088542,0.090131,0.351297,62.4949
2026-03-25 18:00:00,17.3298,1.73645,2.88468,14.4451,0.103716,0.087013,0.362537,64.9778
2026-03-25 19:00:00,27.4773,2.93561,4.15545,23.3219,0.123508,0.118649,0.341598,62.4626
2026-03-25 20:00:00,16.2913,2.16352,2.53679,13.7545,0.089149,0.075632,0.305827,52.3479
2026-03-25 21:00:00,13.0258,2.0468,3.05857,9.96725,0.129836,0.062439,0.284188,46.9333
2026-03-25 22:00:00,9.43383,1.92763,1.42732,8.00651,0.070017,0.047561,0.239096,39.1725
2026-03-25 23:00:00,6.33472,1.62346,0.90533,5.42939,0.033444,0.034549,0.177763,26.6431
2026-03-26 00:00:00,6.82377,2.31628,1.43375,5.39002,0.04058,0.02914,0.16528,23.719
2026-03-26 01:00:00,5.2633,2.48035,1.35492,3.90838,0.039038,0.017611,0.134491,14.7757
2026-03-26 02:00:00,3.16914,2.11558,0.52079,2.64835,0.016914,0.013358,0.110073,11.668
2026-03-26 03:00:00,1.01925,0.761774,0.089362,0.929889,0.005237,0.005444,0.088709,6.7618
2026-03-26 04:00:00,1.69699,1.39786,0.107334,1.58966,0.00518,0.007215,0.086527,4.805
2026-03-26 05:00:00,1.11834,0.84086,0.058215,1.06013,0.00342,0.005022,0.078739,4.0114
2026-03-26 06:00:00,2.03577,1.02817,0.218748,1.81703,0.007908,0.010137,0.087143,5.3303
2026-03-26 07:00:00,3.41586,1.10689,0.319458,3.0964,0.013886,0.018148,0.126657,12.9397
2026-03-26 08:00:00,6.49556,1.43771,0.646808,5.84875,0.035445,0.036533,0.195483,26.1074
2026-03-26 09:00:00,5.61186,1.46677,0.65085,4.96101,0.030454,0.032886,0.188907,24.0551
2026-03-26 10:00:00,8.23522,1.92682,0.750375,7.48485,0.038497,0.04092,0.232625,37.7199
2026-03-26 11:00:00,8.01256,1.29235,0.987178,7.02538,0.048524,0.047236,0.263379,41.1303
2026-03-26 12:00:00,10.5673,1.25561,1.37351,9.19375,0.06527,0.056515,0.288432,46.4393
2026-03-26 13:00:00,12.369,1.52365,1.6306,10.7384,0.079004,0.066364,0.309043,49.7282
2026-03-26 14:00:00,11.0468,1.64095,1.47544,9.57141,0.057511,0.05537,0.277718,45.361
2026-03-26 15:00:00,11.6835,2.04687,1.31055,10.373,0.055411,0.054657,0.274426,45.0268
2026-03-26 16:00:00,14.1049,1.9133,2.33788,11.767,0.07444,0.07149,0.307453,50.3938
2026-03-26 17:00:00,16.712,2.05459,2.35389,14.3581,0.10192,0.086403,0.350769,61.5133
2026-03-26 18:00:00,15.622,1.82628,2.31501,13.307,0.079467,0.083745,0.330566,56.2759
2026-03-26 19:00:00,13.7108,1.68687,1.90914,11.8017,0.078628,0.071942,0.297287,49.4302
2026-03-26 20:00:00,15.2658,1.79428,3.93406,11.3317,0.11462,0.064859,0.330283,57.1259
2026-03-26 21:00:00,18.2811,2.43812,2.62677,15.6543,0.098567,0.082029,0.349255,67.7942
2026-03-26 22:00:00,17.0213,2.98935,3.36694,13.6544,0.100915,0.071919,0.288368,52.9678
2026-03-26 23:00:00,16.4142,3.2776,2.40005,14.0142,0.068018,0.065625,0.229613,40.8477
2026-03-27 00:00:00,12.6907,3.45231,2.20536,10.4853,0.073018,0.049703,0.178428,27.5824
2026-03-27 01:00:00,7.30584,2.63749,0.562039,6.74381,0.027757,0.031855,0.130005,18.6365
2026-03-27 02:00:00,2.86753,1.27446,0.369206,2.49832,0.025761,0.012005,0.110534,11.6064
2026-03-27 03:00:00,0.759608,0.507759,0.062792,0.696816,0.006032,0.005788,0.081425,5.1737
2026-03-27 04:00:00,0.493186,0.292172,0.059093,0.434093,0.003142,0.003367,0.073299,2.7905
2026-03-27 05:00:00,1.2525,0.650986,0.069174,1.18332,0.003805,0.007782,0.073932,3.8398
2026-03-27 06:00:00,2.66306,1.25261,0.201521,2.46154,0.009636,0.012718,0.086305,6.7302
2026-03-27 07:00:00,4.27419,1.32083,0.349704,3.92449,0.018022,0.022227,0.12645,15.2005
2026-03-27 08:00:00,6.89598,1.67054,0.83112,6.06486,0.036507,0.032836,0.179846,24.4927
2026-03-27 09:00:00,6.77264,1.63432,1.03042,5.74222,0.037329,0.033851,0.186256,24.0924
2026-03-27 10:00:00,8.71173,1.76351,1.7,7.01174,0.062391,0.040868,0.231251,33.7571
2026-03-27 11:00:00,13.3632,1.62175,1.49408,11.8691,0.063429,0.0722,0.332482,57.0987
2026-03-27 12:00:00,21.4238,2.24804,2.35729,19.0666,0.090294,0.106938,0.364655,68.4299
2026-03-27 13:00:00,15.5197,2.0229,1.8718,13.6479,0.07508,0.082337,0.313946,54.5575
2026-03-27 14:00:00,14.5073,1.91997,1.63327,12.8741,0.065347,0.07759,0.31132,49.2205
2026-03-27 15:00:00,13.2147,1.75494,1.40017,11.8145,0.060415,0.066639,0.29455,47.3849
2026-03-27 16:00:00,16.3412,2.2459,1.93587,14.4053,0.086461,0.091331,0.342022,51.3993
2026-03-27 17:00:00,14.3593,1.59194,2.31008,12.0492,0.087424,0.076757,0.336435,58.3514
2026-03-27 18:00:00,21.8924,1.91635,3.25551,18.6369,0.118363,0.114594,0.385913,75.3343
2026-03-27 19:00:00,21.7264,1.85442,2.85848,18.8679,0.117255,0.109936,0.409858,83.844
2026-03-27 20:00:00,20.9587,2.07389,4.1735,16.7852,0.122453,0.103917,0.393976,84.2034
2026-03-27 21:00:00,17.8837,2.03919,2.61765,15.266,0.104309,0.084521,0.360617,69.7072
2026-03-27 22:00:00,7.62351,1.4913,1.20252,6.421,0.079245,0.053822,0.273238,46.7165
2026-03-27 23:00:00,12.9468,2.49073,1.43803,11.5088,0.047921,0.055739,0.206845,33.3722
2026-03-28 00:00:00,8.29157,2.38538,1.24726,7.0443,0.04323,0.039252,0.176,25.2303
2026-03-28 01:00:00,6.09434,2.13238,0.449521,5.64482,0.023697,0.031816,0.1429,20.5461
2026-03-28 02:00:00,3.76271,1.241,0.69845,3.06426,0.044968,0.017094,0.138417,18.7449
2026-03-28 03:00:00,0.909302,0.378876,0.252425,0.656877,0.006275,0.004312,0.081316,5.5896
2026-03-28 04:00:00,0.695175,0.369382,0.12775,0.567425,0.004233,0.005371,0.078947,4.4882
2026-03-28 05:00:00,0.450428,0.241387,0.075669,0.374759,0.005486,0.002773,0.074034,3.6492
2026-03-28 06:00:00,1.7925,0.887377,0.152188,1.64031,0.006842,0.008773,0.083278,5.7769
2026-03-28 07:00:00,2.74964,0.97298,0.2885,2.46114,0.013177,0.014558,0.10896,10.2761
2026-03-28 08:00:00,7.88837,1.96717,0.60347,7.2849,0.031904,0.039752,0.178749,19.1031
2026-03-28 09:00:00,5.73852,1.48282,0.604036,5.13448,0.035881,0.045259,0.20513,27.4832
2026-03-28 10:00:00,11.2508,1.86272,1.08379,10.167,0.05143,0.061256,0.270094,40.2634
2026-03-28 11:00:00,20.136,2.11202,2.09266,18.0433,0.095275,0.108588,0.358977,66.1881
2026-03-28 12:00:00,28.5856,2.27303,3.66911,24.9165,0.144407,0.157851,0.409653,96.9139
2026-03-28 13:00:00,27.4075,1.98807,3.62824,23.7792,0.138988,0.157915,0.412037,96.3104
2026-03-28 14:00:00,25.5422,1.95246,3.16431,22.3778,0.120048,0.159268,0.407224,87.0564
2026-03-28 15:00:00,29.1026,2.22565,4.8012,24.3014,0.181453,0.153104,0.413655,89.6521
2026-03-28 16:00:00,21.6179,1.74113,3.0678,18.5501,0.133114,0.122817,0.408969,81.105
2026-03-28 17:00:00,25.9693,1.93138,3.09102,22.8783,0.135159,0.172937,0.412355,87.0775
2026-03-28 18:00:00,36.2836,2.07453,4.9249,31.3587,0.196622,0.222305,0.417853,113.248
2026-03-28 19:00:00,40.6459,2.10405,5.6268,35.0191,0.222435,0.245835,0.421293,133.529
2026-03-28 20:00:00,36.3119,2.19116,5.40582,30.9061,0.204037,0.19606,0.412734,124.851
2026-03-28 21:00:00,26.6802,2.29645,4.51531,22.1649,0.242483,0.138782,0.399158,88.679
2026-03-28 22:00:00,16.4622,1.8267,2.64041,13.8218,0.114518,0.095429,0.337117,59.0934
2026-03-28 23:00:00,11.2222,1.8361,1.6844,9.53782,0.061935,0.055787,0.246728,38.7694
2026-03-29 00:00:00,12.9122,3.23291,1.58208,11.3301,0.05639,0.056345,0.219051,35.4472
2026-03-29 01:00:00,5.50909,1.9089,0.471547,5.03754,0.022484,0.02651,0.130987,15.6445
2026-03-29 02:00:00,6.63811,2.364,0.411402,6.22671,0.013615,0.028599,0.114022,12.3496
2026-03-29 03:00:00,7.51605,4.13424,0.436396,7.07965,0.016261,0.030118,0.105,11.869
2026-03-29 04:00:00,1.58076,1.01072,0.217931,1.36283,0.006392,0.007214,0.083626,8.3315
2026-03-29 05:00:00,0.668544,0.441575,0.052674,0.61587,0.002367,0.003733,0.075061,3.5729
2026-03-29 06:00:00,0.865005,0.45719,0.095479,0.769526,0.003808,0.005254,0.076269,3.5214
2026-03-29 07:00:00,3.4985,1.19566,0.242395,3.2561,0.011128,0.017666,0.108446,10.9651
2026-03-29 08:00:00,5.01711,1.2871,0.409602,4.6075,0.020707,0.026213,0.155081,18.7648
2026-03-29 09:00:00,6.47337,1.50754,0.611357,5.86202,0.030817,0.034383,0.190448,26.7478
2026-03-29 10:00:00,11.4804,2.16285,1.45813,10.0223,0.059717,0.061689,0.297866,48.663
2026-03-29 11:00:00,17.8627,2.16675,2.33331,15.5294,0.09016,0.090222,0.352189,61.7455
2026-03-29 12:00:00,24.9096,2.0173,2.93345,21.9761,0.115825,0.132257,0.39838,74.858
2026-03-29 13:00:00,25.6458,2.12935,2.79487,22.851,0.121218,0.12449,0.393505,74.4368
2026-03-29 14:00:00,23.0486,2.07495,3.52702,19.5216,0.146633,0.118971,0.391574,72.8468
2026-03-29 15:00:00,17.0876,2.25668,4.39019,12.6974,0.205171,0.111248,0.375116,69.4927
2026-03-29 16:00:00,21.9121,1.97656,2.88439,19.0277,0.121389,0.131172,0.395309,74.7723
2026-03-29 17:00:00,17.2821,1.60435,2.93544,14.3466,0.122141,0.099423,0.372144,60.8524
2026-03-29 18:00:00,28.0788,2.36234,3.93329,24.1455,0.153487,0.146799,0.409279,88.6409
2026-03-29 19:00:00,21.2388,1.78208,3.243,17.9958,0.133893,0.11461,0.38768,70.6977
2026-03-29 20:00:00,12.496,1.73556,1.77705,10.719,0.10414,0.094626,0.355499,66.5343
2026-03-29 21:00:00,14.2627,1.94474,2.32847,11.9342,0.080923,0.072929,0.291251,48.8343
2026-03-29 22:00:00,9.64577,2.10239,1.32839,8.31738,0.046094,0.050524,0.211218,35.1745
2026-03-29 23:00:00,7.39587,2.13383,0.669191,6.72668,0.041581,0.041241,0.184033,29.1833
2026-03-30 00:00:00,7.15101,3.77561,1.49515,5.65586,0.047699,0.029948,0.210623,28.6747
2026-03-30 01:00:00,5.12396,3.6863,0.425615,4.69835,0.020991,0.024366,0.140609,23.1703
2026-03-30 02:00:00,4.76948,3.50182,0.300748,4.46873,0.012296,0.019318,0.10395,10.8471
2026-03-30 03:00:00,1.51963,1.178,0.251896,1.26773,0.008618,0.00766,0.092203,7.9942
2026-03-30 04:00:00,2.13769,1.92933,0.089596,2.0481,0.005531,0.009515,0.093474,8.1999
2026-03-30 05:00:00,1.12527,0.70861,0.077624,1.04765,0.005356,0.004891,0.088582,6.5473
2026-03-30 06:00:00,0.864483,0.574025,0.048927,0.815556,0.002832,0.004367,0.074792,3.3111
2026-03-30 07:00:00,2.01096,0.8031,0.220279,1.79069,0.007373,0.010783,0.10085,8.0622
2026-03-30 08:00:00,6.25857,1.70162,0.373898,5.88467,0.018815,0.03122,0.148018,18.3385
2026-03-30 09:00:00,6.81763,1.99229,0.602466,6.21517,0.026866,0.033667,0.15676,19.8955
2026-03-30 10:00:00,6.88558,1.38543,0.715203,6.17038,0.033595,0.035189,0.212075,31.4562
2026-03-30 11:00:00,9.5894,1.58502,1.95139,7.63801,0.053092,0.043559,0.240588,38.6123
2026-03-30 12:00:00,14.2866,1.6335,1.41882,12.8678,0.062293,0.071507,0.295189,50.4289
2026-03-30 13:00:00,13.4217,1.68234,1.62464,11.797,0.066295,0.069222,0.298859,53.8795
2026-03-30 14:00:00,13.1731,1.82757,1.94654,11.2266,0.071822,0.067883,0.308109,50.9137
2026-03-30 15:00:00,10.3385,1.72423,1.4797,8.85878,0.059851,0.057625,0.290967,47.5185
2026-03-30 16:00:00,11.9741,1.73438,1.44493,10.5292,0.066452,0.064717,0.302709,49.919
2026-03-30 17:00:00,17.7902,2.0341,2.51265,15.2776,0.088304,0.084084,0.331344,58.2624
2026-03-30 18:00:00,17.8573,1.88288,2.25409,15.6032,0.081027,0.086574,0.350462,65.7747
2026-03-30 19:00:00,14.4171,1.79943,1.792,12.6251,0.076516,0.071413,0.309865,56.5975
2026-03-30 20:00:00,11.3902,1.67012,1.43243,9.95777,0.071354,0.058292,0.291375,49.9188
2026-03-30 21:00:00,16.5542,2.86307,2.06322,14.491,0.094011,0.072331,0.274269,46.0875
2026-03-30 22:00:00,12.3206,2.476,1.57093,10.7496,0.05556,0.054983,0.227839,26.352
2026-03-30 23:00:00,8.30965,2.09628,1.12403,7.18562,0.048465,0.032575,0.166338,26.8613
2026-03-31 00:00:00,5.16052,1.70765,0.533174,4.62734,0.018265,0.022904,0.125228,15.0724
2026-03-31 01:00:00,7.89201,3.23178,0.741709,7.1503,0.029476,0.02932,0.123812,15.359
2026-03-31 02:00:00,4.25855,1.90625,0.815257,3.4433,0.020896,0.015595,0.100636,12.3888
2026-03-31 03:00:00,0.598006,0.380896,0.097494,0.500512,0.005616,0.003439,0.077318,5.902
2026-03-31 04:00:00,0.529861,0.408214,0.076749,0.453112,0.003185,0.002726,0.072919,5.5619
2026-03-31 05:00:00,0.351794,0.272709,0.050714,0.30108,0.002435,0.001901,0.070293,4.2751
2026-03-31 06:00:00,2.00979,1.07937,0.127605,1.88219,0.007196,0.009574,0.087815,7.6494
2026-03-31 07:00:00,3.74037,1.19348,0.331495,3.40888,0.0122,0.015596,0.11063,11.6559
2026-03-31 08:00:00,7.49076,1.72757,0.55406,6.9367,0.027266,0.033802,0.188358,25.7815
2026-03-31 09:00:00,5.70213,1.3329,0.594179,5.10795,0.030031,0.026971,0.192792,27.947
2026-03-31 10:00:00,11.9691,2.03972,0.802503,11.1666,0.041644,0.045788,0.250168,39.1059
2026-03-31 11:00:00,11.369,1.52563,1.20864,10.1603,0.057075,0.057453,0.276852,43.9215
2026-03-31 12:00:00,13.2643,1.66344,1.64879,11.6155,0.07663,0.06436,0.334408,56.2006
2026-03-31 13:00:00,13.6057,1.94034,1.61375,11.9919,0.058174,0.068105,0.291376,50.7229
2026-03-31 14:00:00,10.6491,1.59896,0.99616,9.65294,0.04808,0.05792,0.269632,43.5847
2026-03-31 15:00:00,11.4343,1.79109,1.64809,9.78619,0.060843,0.051639,0.272171,44.4778
2026-03-31 16:00:00,12.2415,1.91633,2.16455,10.077,0.083096,0.057322,0.305747,54.2182
2026-03-31 17:00:00,14.3735,1.80345,2.71371,11.6598,0.155875,0.070539,0.327334,56.8366
2026-03-31 18:00:00,16.7289,2.07915,2.53619,14.1927,0.110859,0.079812,0.344357,66.5175
2026-03-31 19:00:00,15.8903,1.85461,2.69024,13.2,0.129858,0.073401,0.350108,66.6102
2026-03-31 20:00:00,16.0504,2.17309,3.09343,12.957,0.131706,0.075582,0.334471,58.9675
2026-03-31 21:00:00,12.7243,2.02294,2.31303,10.4113,0.102437,0.058607,0.269588,45.7713
2026-03-31 22:00:00,11.55,2.33805,1.74919,9.80078,0.077004,0.050832,0.226677,39.876
2026-03-31 23:00:00,7.67355,1.94859,0.959854,6.7137,0.04487,0.040428,0.190059,28.317
2026-04-01 00:00:00,5.39779,2.29889,0.64224,4.75555,0.031339,0.02931,0.14006,17.389
2026-04-01 01:00:00,4.3904,2.49454,0.494461,3.89594,0.019761,0.0193,0.102137,11.3418
2026-04-01 02:00:00,2.31541,1.72278,0.121583,2.19383,0.005359,0.011664,0.080361,5.8212
2026-04-01 03:00:00,0.907532,0.641819,0.075044,0.832488,0.004161,0.004661,0.07302,4.1619
2026-04-01 04:00:00,3.25148,2.45209,1.5631,1.68838,0.101602,0.007216,0.085515,4.6021
2026-04-01 05:00:00,1.31778,0.911332,0.555337,0.762448,0.029114,0.004569,0.072349,2.2086
2026-04-01 06:00:00,0.409406,0.240545,0.048783,0.360623,0.002507,0.00275,0.071856,2.7122
2026-04-01 07:00:00,2.47743,0.968505,0.169418,2.30802,0.00818,0.014001,0.102157,8.7778
2026-04-01 08:00:00,5.06469,1.33986,0.650345,4.41434,0.041098,0.02549,0.168859,22.9226
2026-04-01 09:00:00,5.66371,1.32268,0.872606,4.79111,0.031144,0.028944,0.174268,22.9628
2026-04-01 10:00:00,5.61484,1.26517,0.984213,4.63062,0.041504,0.02696,0.184617,23.51
2026-04-01 11:00:00,11.0878,1.79938,1.53528,9.55252,0.060319,0.053749,0.236245,36.2388
2026-04-01 12:00:00,12.4375,1.69218,1.33537,11.1021,0.080402,0.075097,0.320041,57.3459
2026-04-01 13:00:00,12.5048,1.41907,1.79487,10.71,0.072053,0.063303,0.283879,47.4818
2026-04-01 14:00:00,12.7976,1.65987,1.40685,11.3907,0.064454,0.067003,0.30344,48.4433
2026-04-01 15:00:00,15.9896,2.58564,1.70887,14.2807,0.081877,0.073077,0.289114,46.4266
2026-04-01 16:00:00,17.1043,2.33156,2.26206,14.8423,0.089675,0.079207,0.340085,57.6326
2026-04-01 17:00:00,17.7499,2.29445,2.29573,15.4542,0.121793,0.091011,0.344086,58.9501
2026-04-01 18:00:00,18.8585,2.23389,2.90926,15.9493,0.169498,0.096231,0.374298,73.1678
2026-04-01 19:00:00,16.3477,1.89957,4.0484,12.2993,0.158915,0.075197,0.339688,61.6193
2026-04-01 20:00:00,14.9471,1.97347,2.90069,12.0464,0.107029,0.065161,0.328861,60.1105
2026-04-01 21:00:00,14.4854,1.95591,3.07759,11.4078,0.10854,0.062581,0.293862,52.4322
2026-04-01 22:00:00,11.8853,2.66847,1.5134,10.3719,0.071078,0.052594,0.236783,45.0037
2026-04-01 23:00:00,16.4495,4.67316,1.51968,14.9299,0.063424,0.065904,0.229423,42.8013
2026-04-02 00:00:00,11.6109,4.67053,1.0867,10.5242,0.051665,0.049984,0.202936,38.2317
2026-04-02 01:00:00,5.16764,3.12433,0.742367,4.42527,0.023321,0.019584,0.113524,12.2345
2026-04-02 02:00:00,4.10807,2.86476,0.334038,3.77404,0.011221,0.019322,0.090176,5.3646
2026-04-02 03:00:00,3.77419,2.40394,0.189393,3.5848,0.006579,0.014866,0.086774,7.7853
2026-04-02 04:00:00,0.671169,0.564008,0.056527,0.614642,0.002589,0.003145,0.070762,3.2434
2026-04-02 05:00:00,1.65919,1.32523,0.071485,1.5877,0.004471,0.008815,0.077396,5.2154
2026-04-02 06:00:00,0.981033,0.5764,0.122633,0.8584,0.005897,0.005122,0.084516,4.7776
2026-04-02 07:00:00,2.8941,0.983052,0.21839,2.67571,0.011973,0.014207,0.111128,9.2822
2026-04-02 08:00:00,6.87868,1.75387,0.542571,6.33611,0.026488,0.031678,0.177991,25.2454
2026-04-02 09:00:00,6.81074,1.73125,0.592554,6.21818,0.02496,0.033026,0.186278,24.5321
2026-04-02 10:00:00,10.2144,2.14859,1.57438,8.64,0.056227,0.046295,0.217471,30.0157
2026-04-02 11:00:00,9.41169,1.5078,1.97926,7.43243,0.073332,0.045645,0.255822,36.0322
2026-04-02 12:00:00,16.0674,2.03437,2.05829,14.0091,0.088077,0.07803,0.32307,55.2796
2026-04-02 13:00:00,12.7344,1.55259,1.71579,11.0186,0.072973,0.062441,0.294047,46.9302
2026-04-02 14:00:00,19.5966,2.38808,2.86952,16.7271,0.089593,0.087965,0.332968,57.4811
2026-04-02 15:00:00,16.8892,2.28109,2.45752,14.4316,0.081376,0.073957,0.345769,56.5804
2026-04-02 16:00:00,23.9167,2.72773,2.82492,21.0918,0.094975,0.10515,0.374497,71.4971
2026-04-02 17:00:00,22.2967,2.33132,3.32385,18.9729,0.183663,0.110957,0.386277,77.2568
2026-04-02 18:00:00,23.3528,2.25239,3.74343,19.6093,0.191698,0.118257,0.394796,76.1064
2026-04-02 19:00:00,21.0799,1.98418,3.80431,17.2756,0.151477,0.100275,0.392458,82.0645
2026-04-02 20:00:00,13.4498,1.62085,2.54796,10.9019,0.098754,0.065372,0.331448,58.4528
2026-04-02 21:00:00,14.4694,2.0437,3.04709,11.4223,0.109898,0.066536,0.288592,49.6463
2026-04-02 22:00:00,13.4795,2.58326,2.11954,11.3599,0.080301,0.061644,0.247479,40.5307
2026-04-02 23:00:00,10.4546,2.90729,0.850223,9.6044,0.039598,0.046819,0.1862,28.3917
2026-04-03 00:00:00,7.44347,3.14071,0.767792,6.67568,0.034899,0.032564,0.154319,23.5901
2026-04-03 01:00:00,3.44261,2.08391,0.225029,3.21758,0.013368,0.017928,0.108753,12.0674
2026-04-03 02:00:00,5.43173,3.50887,0.436305,4.99542,0.024716,0.021311,0.118659,13.9739
2026-04-03 03:00:00,2.34461,1.41754,0.145181,2.19943,0.006098,0.009874,0.081272,3.4547
2026-04-03 04:00:00,1.7556,1.5703,0.090871,1.66473,0.004566,0.008427,0.074427,4.5281
2026-04-03 05:00:00,1.62508,1.46934,0.075489,1.5496,0.004186,0.008336,0.073238,3.5662
2026-04-03 06:00:00,1.53057,1.12708,0.113508,1.41706,0.006188,0.007585,0.085227,5.5503
2026-04-03 07:00:00,3.35658,1.18356,0.461465,2.89511,0.017439,0.019801,0.126824,15.3486
2026-04-03 08:00:00,6.7723,1.897,0.654317,6.11799,0.029124,0.036564,0.180157,22.3397
2026-04-03 09:00:00,5.74705,1.59729,0.751074,4.99597,0.038478,0.030414,0.175983,21.079
2026-04-03 10:00:00,9.03605,1.83287,1.22719,7.80886,0.042751,0.046531,0.229114,32.8351
2026-04-03 11:00:00,11.067,1.47403,2.2973,8.76973,0.102149,0.051977,0.26731,42.3413
2026-04-03 12:00:00,12.8815,1.57861,2.20165,10.6798,0.083711,0.066297,0.301209,50.1521
2026-04-03 13:00:00,13.323,1.74385,1.92128,11.4017,0.071815,0.064506,0.296099,48.8034
2026-04-03 14:00:00,16.0496,2.03623,1.70375,14.3458,0.070886,0.085204,0.314525,48.8907
2026-04-03 15:00:00,13.9836,2.03015,1.62477,12.3589,0.065905,0.076226,0.302391,47.1924
2026-04-03 16:00:00,16.8575,2.05931,2.67699,14.1805,0.113072,0.086114,0.352839,62.3352
2026-04-03 17:00:00,18.683,1.79161,2.40451,16.2785,0.095649,0.098947,0.379857,73.36
2026-04-03 18:00:00,25.4108,2.28967,2.99011,22.4207,0.123077,0.118115,0.389667,86.9133
2026-04-03 19:00:00,23.5169,2.36684,2.72544,20.7915,0.118164,0.115512,0.386149,85.0128
2026-04-03 20:00:00,14.2797,1.60337,2.25767,12.022,0.091783,0.073005,0.343876,64.9142
2026-04-03 21:00:00,13.8753,1.91647,1.97572,11.8995,0.082023,0.072298,0.314188,58.4531
2026-04-03 22:00:00,12.8805,2.16479,1.80783,11.0727,0.077472,0.066163,0.284783,54.0138
2026-04-03 23:00:00,14.7555,2.52576,1.38488,13.3706,0.064338,0.066758,0.244413,41.9821
2026-04-04 00:00:00,7.71046,1.80912,0.658913,7.05155,0.029199,0.037889,0.161815,23.2692
2026-04-04 01:00:00,4.81259,1.67336,0.685903,4.12668,0.035587,0.02371,0.127863,15.5103
2026-04-04 02:00:00,3.12482,0.970442,0.268664,2.85616,0.026551,0.015145,0.105469,7.9774
2026-04-04 03:00:00,1.36085,0.585564,0.133428,1.22742,0.007959,0.00783,0.089369,3.8033
2026-04-04 04:00:00,0.573133,0.284292,0.11141,0.461723,0.003528,0.003188,0.072128,2.5248
2026-04-04 05:00:00,1.37769,0.664267,0.135253,1.24244,0.004703,0.006477,0.077376,4.1785
2026-04-04 06:00:00,3.33045,1.42205,0.211611,3.11884,0.009225,0.014846,0.096601,8.9221
2026-04-04 07:00:00,4.48196,1.59387,0.374793,4.10717,0.01936,0.021696,0.127064,14.4413
2026-04-04 08:00:00,7.72891,1.76459,0.803121,6.92579,0.034955,0.035719,0.186652,25.9972
2026-04-04 09:00:00,13.1026,2.06796,1.34092,11.7617,0.060712,0.064072,0.269254,42.0598
2026-04-04 10:00:00,19.0398,2.41929,2.54383,16.496,0.098293,0.092246,0.355966,56.3177
2026-04-04 11:00:00,30.2849,2.78252,4.10994,26.175,0.148042,0.140838,0.405685,85.2344
2026-04-04 12:00:00,39.3742,2.35407,5.54191,33.8323,0.20376,0.22056,0.417629,115.588
2026-04-04 13:00:00,43.2646,2.33358,5.48409,37.7806,0.207957,0.239603,0.41943,124.661
2026-04-04 14:00:00,44.5783,2.27928,4.47346,40.1048,0.188718,0.251397,0.421511,122.442
2026-04-04 15:00:00,35.3669,1.9217,4.90847,30.4584,0.184757,0.229772,0.419813,118.577
2026-04-04 16:00:00,41.5432,2.20599,5.76619,35.777,0.219379,0.286711,0.425748,129.235
2026-04-04 17:00:00,48.1154,2.16658,8.86575,39.2496,0.287595,0.312286,0.427874,146.725
2026-04-04 18:00:00,55.7286,2.48323,9.23943,46.4892,0.313757,0.372636,0.442145,169.14
2026-04-04 19:00:00,64.2693,2.65466,9.4959,54.7734,0.350971,0.408404,0.50716,214.93
2026-04-04 20:00:00,67.0037,2.90764,10.8422,56.1615,0.328755,0.366843,0.489824,209.441
2026-04-04 21:00:00,42.3327,2.86652,7.85128,34.4814,0.246045,0.22929,0.433751,142.493
2026-04-04 22:00:00,30.9772,2.85452,4.28859,26.6886,0.148673,0.156318,0.403114,99.3519
2026-04-04 23:00:00,20.7479,2.95134,2.74205,18.0059,0.118911,0.093632,0.338409,65.9541
2026-04-05 00:00:00,13.5244,2.27301,1.53343,11.991,0.05927,0.061491,0.239458,40.9277
2026-04-05 01:00:00,6.80513,1.59073,0.812043,5.99309,0.031985,0.029817,0.158273,22.3721
2026-04-05 02:00:00,3.50301,1.03456,0.316468,3.18654,0.016035,0.014282,0.1133,12.9372
2026-04-05 03:00:00,2.74663,1.1147,1.08624,1.66039,0.044383,0.008376,0.098293,8.3106
2026-04-05 04:00:00,0.960131,0.325027,0.290135,0.669996,0.012311,0.004044,0.078356,4.2432
2026-04-05 05:00:00,1.27292,0.484736,0.085298,1.18762,0.006777,0.007705,0.089003,7.43
2026-04-05 06:00:00,2.99531,0.992482,0.212769,2.78254,0.011575,0.01535,0.111673,11.135
2026-04-05 07:00:00,8.05531,1.98897,0.608814,7.4465,0.026267,0.033603,0.15401,18.8752
2026-04-05 08:00:00,8.67267,1.49477,0.832976,7.83969,0.038708,0.043182,0.204113,27.6515
2026-04-05 09:00:00,17.5663,2.42428,1.68823,15.8781,0.072261,0.077904,0.307865,49.0864
2026-04-05 10:00:00,23.9559,2.55448,2.16837,21.7875,0.088995,0.110971,0.377238,63.7354
2026-04-05 11:00:00,42.3948,3.2127,9.54543,32.8493,0.236181,0.193727,0.421985,102.729
2026-04-05 12:00:00,45.1377,2.33077,5.60876,39.5289,0.197659,0.255461,0.424457,142.817
2026-04-05 13:00:00,44.87,2.21515,4.96561,39.9044,0.194692,0.28008,0.425462,152.834
2026-04-05 14:00:00,53.7237,2.51022,6.49622,47.2274,0.23509,0.323826,0.432444,161.592
2026-04-05 15:00:00,54.5925,2.46445,6.7434,47.8491,0.236558,0.345359,0.432026,160.043
2026-04-05 16:00:00,47.5586,2.18942,6.13619,41.4225,0.244878,0.298516,0.427775,148.48
2026-04-05 17:00:00,48.4882,2.1351,6.58861,41.8996,0.227401,0.292738,0.425327,150.405
2026-04-05 18:00:00,46.2793,1.95074,6.71637,39.5629,0.20765,0.287944,0.425507,153.764
2026-04-05 19:00:00,47.3157,2.20895,8.14161,39.1741,0.264386,0.282075,0.427254,147.09
2026-04-05 20:00:00,35.236,2.09663,5.89809,29.3379,0.201508,0.205316,0.416052,123.277
2026-04-05 21:00:00,30.8934,2.66047,4.63147,26.2619,0.171124,0.162407,0.408577,98.5776
2026-04-05 22:00:00,31.6346,3.36824,3.72655,27.908,0.135165,0.128476,0.361882,66.6292
2026-04-05 23:00:00,14.2576,2.40676,1.0819,13.1757,0.050743,0.066206,0.236079,38.5112
2026-04-06 00:00:00,9.57744,2.49153,0.698003,8.87944,0.035093,0.043692,0.171886,27.1666
2026-04-06 01:00:00,4.46969,1.39503,0.461369,4.00832,0.021218,0.021447,0.127766,14.2392
2026-04-06 02:00:00,3.14404,1.03422,0.534058,2.60999,0.01994,0.014528,0.119143,12.901
2026-04-06 03:00:00,1.71764,0.745503,0.285326,1.43231,0.016761,0.008355,0.093212,8.2277
2026-04-06 04:00:00,0.777455,0.338318,0.122449,0.655006,0.006213,0.006063,0.090602,7.4956
2026-04-06 05:00:00,1.59065,0.830195,0.253103,1.33755,0.009128,0.00707,0.090514,8.8044
2026-04-06 06:00:00,3.57119,1.73023,0.229502,3.34169,0.010848,0.014044,0.112346,13.0605
2026-04-06 07:00:00,6.11945,2.07439,0.384356,5.7351,0.019884,0.0262,0.152236,20.0966
2026-04-06 08:00:00,8.06621,1.72429,0.696953,7.36926,0.034677,0.035881,0.190429,25.3658
2026-04-06 09:00:00,10.2401,1.90124,1.01173,9.22833,0.04278,0.051085,0.217567,28.4483
2026-04-06 10:00:00,10.2861,1.56562,1.28685,8.99929,0.057857,0.052796,0.25743,37.318
2026-04-06 11:00:00,19.8535,2.44561,1.50234,18.3511,0.064213,0.093605,0.324172,52.1775
2026-04-06 12:00:00,25.3857,2.19866,2.91915,22.4665,0.120232,0.13522,0.38814,76.8364
2026-04-06 13:00:00,28.1985,1.99706,3.5279,24.6705,0.129712,0.143042,0.417336,89.8334
2026-04-06 14:00:00,24.0994,1.7775,2.44151,21.6579,0.113568,0.144792,0.413555,86.3426
2026-04-06 15:00:00,23.7995,2.05098,3.40159,20.3979,0.146319,0.127757,0.40631,75.7128
2026-04-06 16:00:00,27.7708,2.42751,3.08121,24.6895,0.129897,0.146666,0.403217,77.9066
2026-04-06 17:00:00,23.0821,1.93902,2.9949,20.0872,0.112868,0.124799,0.401949,74.5725
2026-04-06 18:00:00,26.37,2.27799,5.66919,20.7009,0.186107,0.122109,0.387721,77.5219
2026-04-06 19:00:00,20.1217,1.74033,2.95772,17.164,0.1123,0.102224,0.36988,67.3283
2026-04-06 20:00:00,22.0375,2.23142,2.71725,19.3203,0.088217,0.108317,0.346714,61.8843
2026-04-06 21:00:00,11.0684,1.542,1.60857,9.45987,0.065272,0.059193,0.282505,47.3082
2026-04-06 22:00:00,11.1986,2.11614,2.13761,9.061,0.087824,0.047598,0.226434,40.3795
2026-04-06 23:00:00,8.96392,2.28206,1.80578,7.15813,0.062837,0.037848,0.192678,31.9414
2026-04-07 00:00:00,6.7984,2.68076,0.462196,6.33621,0.022492,0.029883,0.136342,19.2928
2026-04-07 01:00:00,2.88068,1.48489,0.240467,2.64022,0.010522,0.012493,0.100154,11.2507
2026-04-07 02:00:00,3.63986,1.92789,0.22921,3.41065,0.011337,0.017903,0.103407,11.5863
2026-04-07 03:00:00,1.55443,1.16349,0.097312,1.45712,0.00729,0.01315,0.092782,7.6268
2026-04-07 04:00:00,1.46704,0.851939,0.088717,1.37832,0.005652,0.009507,0.084898,8.666
2026-04-07 05:00:00,0.347524,0.22023,0.071172,0.276352,0.004171,0.002323,0.076529,6.4745
2026-04-07 06:00:00,0.750417,0.403884,0.110013,0.640404,0.006562,0.004069,0.084803,8.1604
2026-04-07 07:00:00,1.97725,0.733947,0.230637,1.74662,0.011766,0.011973,0.109994,12.7503
2026-04-07 08:00:00,5.97574,1.47914,0.451032,5.5247,0.021162,0.027187,0.159352,21.8489
2026-04-07 09:00:00,6.59228,1.52811,0.454863,6.13742,0.023322,0.030061,0.172408,23.0997
2026-04-07 10:00:00,5.27243,1.46538,0.711679,4.56075,0.031385,0.028137,0.176262,24.1689
2026-04-07 11:00:00,7.63379,1.51344,1.14525,6.48855,0.043414,0.038259,0.22085,33.9738
2026-04-07 12:00:00,15.3133,2.13813,1.98067,13.3326,0.107066,0.070127,0.301501,52.277
2026-04-07 13:00:00,11.12,2.0292,1.35553,9.76449,0.070642,0.056765,0.252131,40.8088
2026-04-07 14:00:00,14.4341,2.47074,2.01876,12.4153,0.074297,0.065318,0.321807,56.6514
2026-04-07 15:00:00,14.9687,2.65685,1.78488,13.1838,0.068645,0.079652,0.296363,50.0636
2026-04-07 16:00:00,8.89107,1.43312,1.47808,7.41299,0.055434,0.050281,0.262691,39.6346
2026-04-07 17:00:00,14.8624,2.20248,2.36206,12.5003,0.085646,0.077383,0.309912,49.1563
2026-04-07 18:00:00,14.3389,1.91594,2.20457,12.1343,0.105758,0.072794,0.313867,50.1195
2026-04-07 19:00:00,13.7449,1.72588,1.61537,12.1296,0.065553,0.066907,0.296885,50.0668
2026-04-07 20:00:00,13.4157,1.77503,1.7774,11.6383,0.068566,0.063952,0.318412,53.598
2026-04-07 21:00:00,15.708,2.36637,1.85346,13.8545,0.064287,0.082937,0.304077,50.7226
2026-04-07 22:00:00,9.9424,1.89813,2.18913,7.75327,0.079897,0.041603,0.229641,36.6301
2026-04-07 23:00:00,6.15912,1.58658,0.800813,5.35831,0.03662,0.026636,0.157477,24.0514
2026-04-08 00:00:00,4.5166,1.75334,0.546664,3.96993,0.021164,0.020415,0.128362,20.499
2026-04-08 01:00:00,3.77444,2.10862,0.232993,3.54144,0.010073,0.016573,0.108172,15.105
2026-04-08 02:00:00,2.76071,1.55446,0.191336,2.56938,0.008491,0.012966,0.093395,10.5206
2026-04-08 03:00:00,1.87377,1.23275,0.131201,1.74257,0.006509,0.010612,0.083737,7.9671
2026-04-08 04:00:00,0.561249,0.339739,0.062153,0.499096,0.003294,0.003505,0.074582,5.4386
2026-04-08 05:00:00,1.29116,0.871228,0.045758,1.2454,0.004189,0.008119,0.08129,7.2197
2026-04-08 06:00:00,1.96836,1.21205,0.115325,1.85304,0.005443,0.009003,0.085497,7.1791
2026-04-08 07:00:00,4.62482,1.61594,0.433083,4.19174,0.019816,0.020343,0.130429,15.4802
2026-04-08 08:00:00,6.36175,1.42067,0.589799,5.77195,0.028862,0.027316,0.181639,26.24
2026-04-08 09:00:00,6.42424,1.30787,1.51245,4.91179,0.049984,0.026218,0.190058,25.7303
2026-04-08 10:00:00,7.99166,1.59961,0.84893,7.14273,0.038553,0.035813,0.226885,32.9287
2026-04-08 11:00:00,9.05962,1.43258,1.00197,8.05765,0.050133,0.046417,0.262874,42.8797
2026-04-08 12:00:00,11.7186,1.5755,1.95651,9.76206,0.06944,0.055957,0.292468,50.2558
2026-04-08 13:00:00,14.8988,2.24989,1.91927,12.9795,0.078542,0.073208,0.311622,51.854
2026-04-08 14:00:00,15.9419,2.42057,3.20196,12.7399,0.109853,0.071948,0.291019,45.8098
2026-04-08 15:00:00,12.3495,2.34159,1.39861,10.9509,0.057048,0.058902,0.292208,46.3955
2026-04-08 16:00:00,11.3418,2.1653,2.07102,9.27082,0.073598,0.061354,0.303034,48.6599
2026-04-08 17:00:00,17.5199,2.37075,2.2467,15.2732,0.082011,0.08078,0.333601,54.7538
2026-04-08 18:00:00,15.9753,2.26536,2.63447,13.3409,0.086089,0.07013,0.332334,56.4097
2026-04-08 19:00:00,13.5049,1.91613,1.87484,11.63,0.067425,0.058328,0.295509,50.0636
2026-04-08 20:00:00,7.78848,1.03681,1.29667,6.49181,0.048579,0.037308,0.239596,40.121
2026-04-08 21:00:00,11.8569,2.37137,1.47111,10.3857,0.05895,0.047387,0.249107,38.4411
2026-04-08 22:00:00,6.60283,1.5075,0.988456,5.61438,0.043605,0.028889,0.185257,29.2304
2026-04-08 23:00:00,6.40089,1.67038,0.963104,5.43778,0.042587,0.023831,0.16984,28.3551
2026-04-09 00:00:00,3.46325,1.19094,0.291102,3.17214,0.014971,0.017772,0.112507,12.5934
2026-04-09 01:00:00,3.66888,1.91287,0.273723,3.39516,0.009978,0.014964,0.102163,11.1434
2026-04-09 02:00:00,2.73699,1.98045,0.234081,2.50291,0.015224,0.013877,0.083273,4.7288
2026-04-09 03:00:00,1.88456,1.52968,0.714328,1.17023,0.037826,0.00681,0.089161,7.1439
2026-04-09 04:00:00,0.828439,0.857599,0.145553,0.682886,0.00631,0.00365,0.071892,3.7934
2026-04-09 05:00:00,0.505859,0.509937,0.038225,0.467634,0.002201,0.002887,0.066229,2.5466
2026-04-09 06:00:00,1.36312,0.89093,0.064583,1.29854,0.004186,0.006521,0.076267,4.2287
2026-04-09 07:00:00,4.65731,1.54012,0.74015,3.91716,0.025901,0.018082,0.128784,14.6676
2026-04-09 08:00:00,12.7326,3.11311,1.63521,11.0974,0.053468,0.045559,0.181504,23.4141
2026-04-09 09:00:00,6.50706,1.6972,0.840468,5.66659,0.036508,0.032349,0.18503,24.4028
2026-04-09 10:00:00,5.09833,1.29663,0.43037,4.66796,0.023601,0.026389,0.179304,22.4049
2026-04-09 11:00:00,11.3059,1.87992,0.933968,10.3719,0.047867,0.052317,0.255783,39.801
2026-04-09 12:00:00,15.4085,1.75776,1.5409,13.8676,0.06224,0.069888,0.289773,48.872
2026-04-09 13:00:00,13.6324,1.99654,1.15065,12.4817,0.049832,0.059454,0.289605,44.8894
2026-04-09 14:00:00,8.17574,1.37223,0.993067,7.18268,0.047802,0.040491,0.25161,35.7763
2026-04-09 15:00:00,13.5802,2.21104,1.17345,12.4067,0.048311,0.054803,0.255585,37.5045
2026-04-09 16:00:00,10.8949,1.84285,1.79235,9.10259,0.063223,0.051491,0.269697,42.2289
2026-04-09 17:00:00,10.3209,1.39623,1.97593,8.34498,0.071481,0.049042,0.289022,45.2798
2026-04-09 18:00:00,13.7062,1.8968,2.01929,11.6869,0.082417,0.065249,0.299591,48.6469
2026-04-09 19:00:00,12.736,1.60767,2.30592,10.43,0.087945,0.058374,0.296627,49.74
2026-04-09 20:00:00,8.1564,1.33144,1.33917,6.81723,0.062511,0.039698,0.246245,38.5721
2026-04-09 21:00:00,10.0926,1.87944,2.23742,7.85518,0.079638,0.044873,0.258265,40.9656
2026-04-09 22:00:00,11.2742,2.60615,2.05646,9.21775,0.070505,0.049342,0.246447,41.5468
2026-04-09 23:00:00,6.08824,2.3079,0.512441,5.5758,0.02417,0.029136,0.147175,20.4939
2026-04-10 00:00:00,2.46109,2.2172,0.256981,2.20411,0.026024,0.024032,0.135527,10.722
2026-04-10 01:00:00,4.37909,3.15042,0.464166,3.91493,0.020796,0.017067,0.11774,15.234
2026-04-10 02:00:00,2.53323,1.91911,0.184284,2.34895,0.008787,0.01259,0.090549,10.2545
2026-04-10 03:00:00,0.896423,0.665004,0.080575,0.815848,0.004313,0.006697,0.078718,6.9562
2026-04-10 04:00:00,0.406003,0.344655,0.058712,0.347291,0.002582,0.001648,0.068721,5.147
2026-04-10 05:00:00,0.222014,0.182277,0.054544,0.16747,0.001837,0.001403,0.06694,3.231
2026-04-10 06:00:00,0.613224,0.377137,0.063472,0.549752,0.003981,0.003447,0.075883,4.3011
2026-04-10 07:00:00,3.63319,1.2233,0.341175,3.29201,0.013845,0.018494,0.117154,12.3264
2026-04-10 08:00:00,6.59695,1.69762,1.15397,5.44298,0.045113,0.031045,0.185871,24.1004
2026-04-10 09:00:00,7.94072,1.73001,0.706297,7.23442,0.036067,0.041394,0.204612,27.1506
2026-04-10 10:00:00,9.6393,1.90575,0.858359,8.78094,0.039999,0.048441,0.250348,37.1463
2026-04-10 11:00:00,12.3476,2.1267,1.99215,10.3555,0.085342,0.054771,0.28648,46.514
2026-04-10 12:00:00,15.6238,1.79049,2.7344,12.8894,0.115557,0.08063,0.331959,57.2366
2026-04-10 13:00:00,11.7778,1.66683,2.06257,9.71524,0.072229,0.057509,0.293476,49.2508
2026-04-10 14:00:00,11.9778,2.0226,1.63526,10.3426,0.066716,0.057143,0.273089,40.4273
2026-04-10 15:00:00,14.5583,2.28115,1.61104,12.9473,0.072486,0.071925,0.323033,57.2896
2026-04-10 16:00:00,21.2235,2.6118,4.12042,17.1031,0.13161,0.091411,0.341853,59.7332
2026-04-10 17:00:00,15.3105,1.81232,1.95792,13.3526,0.07836,0.077847,0.333502,56.0047
2026-04-10 18:00:00,19.8875,2.02108,2.82964,17.0578,0.105131,0.104622,0.389778,76.0549
2026-04-10 19:00:00,20.0979,1.62921,3.21161,16.8863,0.123346,0.099578,0.385193,78.5139
2026-04-10 20:00:00,17.634,1.45184,2.6586,14.9754,0.101833,0.088957,0.384094,75.4748
2026-04-10 21:00:00,13.1619,1.43251,2.30868,10.8532,0.09323,0.068064,0.336133,58.2541
2026-04-10 22:00:00,12.3829,1.80352,1.49904,10.8839,0.068457,0.060945,0.274565,43.1817
2026-04-10 23:00:00,7.92747,1.98683,0.947426,6.98004,0.044718,0.039334,0.180414,24.8958
2026-04-11 00:00:00,5.47268,1.86019,0.569092,4.90359,0.021672,0.025129,0.139142,16.9716
2026-04-11 01:00:00,3.43214,1.4159,0.252451,3.17968,0.010989,0.016133,0.105218,9.8422
2026-04-11 02:00:00,2.46306,1.40265,0.219703,2.24336,0.007785,0.012514,0.092835,7.5139
2026-04-11 03:00:00,1.59878,0.884282,0.151653,1.44713,0.005157,0.007555,0.08229,5.2308
2026-04-11 04:00:00,1.34016,1.01836,0.127963,1.21219,0.004488,0.006297,0.076727,5.2918
2026-04-11 05:00:00,0.601941,0.491782,0.058475,0.543466,0.003886,0.003345,0.072239,2.7163
2026-04-11 06:00:00,1.50329,1.04686,0.099511,1.40378,0.004152,0.006784,0.082064,4.7782
2026-04-11 07:00:00,3.40607,1.42275,0.359667,3.0464,0.014229,0.013954,0.11431,10.5341
2026-04-11 08:00:00,6.39576,1.59575,0.626035,5.76973,0.027253,0.026561,0.161727,20.5615
2026-04-11 09:00:00,13.4166,2.07945,1.06849,12.3482,0.049967,0.061935,0.264657,39.9538
2026-04-11 10:00:00,16.2622,1.94571,1.71355,14.5487,0.069695,0.079874,0.328499,53.1257
2026-04-11 11:00:00,17.6283,1.92239,1.99723,15.6311,0.088224,0.086269,0.342705,61.6038
2026-04-11 12:00:00,22.1063,1.77077,2.67134,19.4349,0.113588,0.11708,0.391757,72.4635
2026-04-11 13:00:00,22.372,1.68896,2.67021,19.7018,0.115798,0.129332,0.3987,76.1395
2026-04-11 14:00:00,23.0957,1.78594,2.71896,20.3768,0.117976,0.124096,0.39967,76.0294
2026-04-11 15:00:00,33.1936,2.48828,3.06634,30.1273,0.123737,0.169238,0.408176,88.0115
2026-04-11 16:00:00,24.2733,1.81442,3.29889,20.9744,0.121879,0.140988,0.419766,84.0148
2026-04-11 17:00:00,30.5767,1.95854,4.64011,25.9366,0.170667,0.170501,0.428878,103.934
2026-04-11 18:00:00,36.5967,2.14442,7.34514,29.2516,0.237493,0.183785,0.418408,126.266
2026-04-11 19:00:00,40.9713,2.38955,6.22971,34.7416,0.203305,0.219012,0.42466,145.856
2026-04-11 20:00:00,36.1099,2.32337,4.68755,31.4223,0.1811,0.196822,0.419431,127.609
2026-04-11 21:00:00,37.2281,2.94899,4.02225,33.2058,0.148489,0.170577,0.408366,98.8348
2026-04-11 22:00:00,16.1009,1.82302,2.6443,13.4566,0.124854,0.075134,0.340403,60.9908
2026-04-11 23:00:00,11.9789,2.13527,1.28471,10.6942,0.060002,0.060751,0.241743,26.0203
2026-04-12 00:00:00,5.84534,1.5936,0.534273,5.31106,0.022469,0.027789,0.158464,19.8895
2026-04-12 01:00:00,5.40175,2.12667,0.644177,4.75757,0.021873,0.026101,0.125329,13.9441
2026-04-12 02:00:00,1.69702,0.898845,0.151573,1.54545,0.007477,0.008496,0.089815,8.3271
2026-04-12 03:00:00,2.18856,1.24492,0.214662,1.9739,0.010433,0.009785,0.092896,8.6818
2026-04-12 04:00:00,1.52517,0.907838,0.162941,1.36223,0.006349,0.007037,0.079371,4.2789
2026-04-12 05:00:00,1.20794,0.777308,0.202387,1.00555,0.006245,0.006191,0.075754,4.483
2026-04-12 06:00:00,2.60872,1.16878,0.149933,2.45879,0.006689,0.011506,0.090113,7.1259
2026-04-12 07:00:00,3.183,0.957582,0.333363,2.84964,0.014544,0.016252,0.115325,9.8877
2026-04-12 08:00:00,7.20273,1.25396,0.537334,6.6654,0.025858,0.034945,0.17812,23.5295
2026-04-12 09:00:00,10.3628,2.08758,0.769982,9.59277,0.034694,0.051211,0.21666,31.1696
2026-04-12 10:00:00,11.637,1.69241,1.19831,10.4387,0.054973,0.058801,0.27294,42.5954
2026-04-12 11:00:00,15.888,1.79851,1.844,14.044,0.084005,0.075705,0.334218,57.4571
2026-04-12 12:00:00,26.1623,1.922,5.77924,20.383,0.166057,0.123521,0.406359,85.9472
2026-04-12 13:00:00,29.8025,2.32796,5.05295,24.7496,0.172743,0.150574,0.407675,89.9377
2026-04-12 14:00:00,23.6407,2.0387,2.70781,20.9329,0.10888,0.127476,0.399818,77.9146
2026-04-12 15:00:00,21.5034,2.32068,2.47411,19.0293,0.090765,0.123829,0.369896,66.9314
2026-04-12 16:00:00,24.1066,2.46237,2.70817,21.3984,0.109928,0.121975,0.385253,75.1657
2026-04-12 17:00:00,19.4803,1.85526,2.83098,16.6493,0.114137,0.107205,0.203668,71.8397
2026-04-12 18:00:00,23.9757,2.124,3.76794,20.2078,0.16876,0.145124,0.12866,101.344
2026-04-12 19:00:00,23.3016,1.77064,3.15022,20.1514,0.170845,0.122644,0.1203,90.7048
2026-04-12 20:00:00,17.7132,1.58408,3.06758,14.6456,0.144557,0.09133,0.096259,67.6202
2026-04-12 21:00:00,16.5523,2.14241,1.78868,14.7636,0.133076,0.082145,0.089851,55.2441
2026-04-12 22:00:00,11.3822,1.97608,1.7802,9.60202,0.061572,0.05426,0.056588,32.8682
2026-04-12 23:00:00,10.237,2.36529,0.937728,9.29925,0.038037,0.045739,0.048084,30.8017
2026-04-13 00:00:00,7.39701,1.96729,0.681407,6.71561,0.027703,0.03641,0.037552,21.1616
2026-04-13 01:00:00,6.38597,2.24858,1.11682,5.26915,0.034001,0.026858,0.031711,15.1313
2026-04-13 02:00:00,2.75793,1.18672,0.486403,2.27153,0.022814,0.012317,0.022983,5.3328
2026-04-13 03:00:00,0.937637,0.470229,0.124199,0.813438,0.006347,0.012118,0.01887,2.9476
2026-04-13 04:00:00,1.09698,0.660034,0.101774,0.995204,0.004642,0.007218,0.019345,3.9539
2026-04-13 05:00:00,0.937057,0.626376,0.055501,0.881556,0.002854,0.004729,0.01726,2.6437
2026-04-13 06:00:00,0.977098,0.550788,0.210592,0.766506,0.009659,0.005116,0.022447,6.3314
2026-04-13 07:00:00,4.81365,1.90113,0.252165,4.56149,0.017675,0.026551,0.03324,13.6456
2026-04-13 08:00:00,7.53636,1.48764,0.637831,6.89853,0.034357,0.036934,0.047461,25.0749
2026-04-13 09:00:00,9.83741,1.89618,0.845122,8.99228,0.037854,0.046944,0.05047,28.373
2026-04-13 10:00:00,8.04736,1.46903,1.19722,6.85014,0.050901,0.041363,0.056997,33.3811
2026-04-13 11:00:00,11.9157,1.80322,1.05132,10.8644,0.047468,0.065107,0.067408,40.1389
2026-04-13 12:00:00,15.0785,1.59662,1.78061,13.2979,0.079826,0.082872,0.087572,57.6854
2026-04-13 13:00:00,16.645,2.39911,2.87494,13.7701,0.075827,0.06901,0.074607,49.3597
2026-04-13 14:00:00,12.713,2.01091,1.93073,10.7822,0.071589,0.062539,0.071595,45.1874
2026-04-13 15:00:00,12.7644,1.97286,1.23018,11.5342,0.052195,0.059266,0.06909,44.0021
2026-04-13 16:00:00,15.7223,2.44438,2.14456,13.5777,0.084777,0.072141,0.078229,50.439
2026-04-13 17:00:00,23.7337,2.71926,5.2942,18.4395,0.140171,0.095497,0.099756,72.3802
2026-04-13 18:00:00,24.6055,2.11824,4.9785,19.627,0.155638,0.106358,0.109166,80.4265
2026-04-13 19:00:00,20.7552,2.14857,3.09265,17.6625,0.146136,0.093563,0.099941,68.9135
2026-04-13 20:00:00,16.2513,2.03906,2.63115,13.6202,0.105154,0.077425,0.090638,62.0702
2026-04-13 21:00:00,13.7211,2.28533,2.10381,11.6173,0.076999,0.06773,0.071316,46.1054
2026-04-13 22:00:00,13.6304,2.501,1.17455,12.4559,0.062178,0.064547,0.062123,39.7844
2026-04-13 23:00:00,8.09913,1.73578,1.44718,6.65196,0.059335,0.03467,0.046082,28.3653
2026-04-14 00:00:00,8.80651,2.97517,1.0865,7.72001,0.053411,0.040359,0.038858,21.2529
2026-04-14 01:00:00,5.84611,1.95,0.473481,5.37263,0.016884,0.023499,0.029344,13.0939
2026-04-14 02:00:00,3.33424,1.8503,0.449335,2.8849,0.015588,0.014029,0.025573,8.9451
2026-04-14 03:00:00,1.1933,0.750503,0.249906,0.943394,0.009013,0.006359,0.020898,5.0448
2026-04-14 04:00:00,1.18631,0.887959,0.090816,1.0955,0.004504,0.005936,0.019316,2.6037
2026-04-14 05:00:00,0.699917,0.590149,0.060519,0.639398,0.00273,0.003489,0.017674,3.5684
2026-04-14 06:00:00,0.577524,0.363223,0.062397,0.515127,0.003442,0.00347,0.019204,4.1075
2026-04-14 07:00:00,5.23337,1.23779,0.333116,4.90025,0.015942,0.02532,0.033486,15.3873
2026-04-14 08:00:00,16.1441,3.1421,0.839715,15.3044,0.039202,0.064744,0.057986,28.5686
2026-04-14 09:00:00,8.69227,1.73776,0.742693,7.94957,0.036421,0.042132,0.054826,31.2436
2026-04-14 10:00:00,6.90342,1.30945,0.882831,6.02059,0.038801,0.03678,0.055366,23.2424
2026-04-14 11:00:00,12.3068,1.74763,1.90995,10.3969,0.064801,0.056746,0.071779,42.3809
2026-04-14 12:00:00,11.6133,1.15303,1.43288,10.1804,0.060164,0.062714,0.076992,49.2055
2026-04-14 13:00:00,15.3951,1.59766,2.08773,13.3074,0.082011,0.07738,0.084276,57.2823
2026-04-14 14:00:00,12.4131,1.76523,1.84776,10.5653,0.072353,0.06612,0.071589,43.7099
2026-04-14 15:00:00,13.8661,2.48497,1.32239,12.5437,0.057277,0.067467,0.062499,38.8908
2026-04-14 16:00:00,22.4577,3.01202,2.24991,20.2078,0.095619,0.09616,0.085487,63.8815
2026-04-14 17:00:00,14.8624,2.2025,2.3621,12.5003,0.0856,0.0774,0.3099,49.1563
2026-04-14 18:00:00,14.3389,1.9159,2.2046,12.1343,0.1058,0.0728,0.3139,50.1195
2026-04-14 19:00:00,13.7449,1.7259,1.6154,12.1296,0.0656,0.0669,0.2969,50.0668
2026-04-14 20:00:00,13.4157,1.775,1.7774,11.6383,0.0686,0.064,0.3184,53.598
2026-04-14 21:00:00,15.708,2.3664,1.8535,13.8545,0.0643,0.0829,0.3041,50.7226
2026-04-14 22:00:00,9.9424,1.8981,2.1891,7.7533,0.0799,0.0416,0.2296,36.6301
2026-04-14 23:00:00,6.1591,1.5866,0.8008,5.3583,0.0366,0.0266,0.1575,24.0514
2026-04-15 00:00:00,4.5166,1.7533,0.5467,3.9699,0.0212,0.0204,0.1284,20.499
2026-04-15 01:00:00,3.7744,2.1086,0.233,3.5414,0.0101,0.0166,0.1082,15.105
2026-04-15 02:00:00,2.7607,1.5545,0.1913,2.5694,0.0085,0.013,0.0934,10.5206
2026-04-15 03:00:00,1.8738,1.2327,0.1312,1.7426,0.0065,0.0106,0.0837,7.9671
2026-04-15 04:00:00,0.5612,0.3397,0.0622,0.4991,0.0033,0.0035,0.0746,5.4386
2026-04-15 05:00:00,1.2912,0.8712,0.0458,1.2454,0.0042,0.0081,0.0813,7.2197
2026-04-15 06:00:00,1.9684,1.212,0.1153,1.853,0.0054,0.009,0.0855,7.1791
2026-04-15 07:00:00,4.6248,1.6159,0.4331,4.1917,0.0198,0.0203,0.1304,15.4802
2026-04-15 08:00:00,6.3617,1.4207,0.5898,5.7719,0.0289,0.0273,0.1816,26.24
2026-04-15 09:00:00,6.4242,1.3079,1.5124,4.9118,0.05,0.0262,0.1901,25.7303
2026-04-15 10:00:00,7.9917,1.5996,0.8489,7.1427,0.0386,0.0358,0.2269,32.9287
2026-04-15 11:00:00,9.0596,1.4326,1.002,8.0576,0.0501,0.0464,0.2629,42.8797
2026-04-15 12:00:00,11.7186,1.5755,1.9565,9.7621,0.0694,0.056,0.2925,50.2558
2026-04-15 13:00:00,14.8988,2.2499,1.9193,12.9795,0.0785,0.0732,0.3116,51.854
2026-04-15 14:00:00,15.9419,2.4206,3.202,12.7399,0.1099,0.0719,0.291,45.8098
2026-04-15 15:00:00,12.3495,2.3416,1.3986,10.9509,0.057,0.0589,0.2922,46.3955
2026-04-15 16:00:00,11.3418,2.1653,2.071,9.2708,0.0736,0.0614,0.303,48.6599
2026-04-15 17:00:00,17.5199,2.3708,2.2467,15.2732,0.082,0.0808,0.3336,54.7538
2026-04-15 18:00:00,15.9753,2.2654,2.6345,13.3409,0.0861,0.0701,0.3323,56.4097
2026-04-15 19:00:00,13.5049,1.9161,1.8748,11.63,0.0674,0.0583,0.2955,50.0636
2026-04-15 20:00:00,7.7885,1.0368,1.2967,6.4918,0.0486,0.0373,0.2396,40.121
2026-04-15 21:00:00,11.8569,2.3714,1.4711,10.3857,0.059,0.0474,0.2491,38.4411
2026-04-15 22:00:00,6.6028,1.5075,0.9885,5.6144,0.0436,0.0289,0.1853,29.2304
2026-04-15 23:00:00,6.4009,1.6704,0.9631,5.4378,0.0426,0.0238,0.1698,28.3551
2026-04-16 00:00:00,3.4632,1.1909,0.2911,3.1721,0.015,0.0178,0.1125,12.5934
2026-04-16 01:00:00,3.6689,1.9129,0.2737,3.3952,0.01,0.015,0.1022,11.1434
2026-04-16 02:00:00,2.737,1.9805,0.2341,2.5029,0.0152,0.0139,0.0833,4.7288
2026-04-16 03:00:00,1.8846,1.5297,0.7143,1.1702,0.0378,0.0068,0.0892,7.1439
2026-04-16 04:00:00,0.8284,0.8576,0.1456,0.6829,0.0063,0.0037,0.0719,3.7934
2026-04-16 05:00:00,0.5059,0.5099,0.0382,0.4676,0.0022,0.0029,0.0662,2.5466
2026-04-16 06:00:00,1.3631,0.8909,0.0646,1.2985,0.0042,0.0065,0.0763,4.2287
2026-04-16 07:00:00,4.6573,1.5401,0.7402,3.9172,0.0259,0.0181,0.1288,14.6676
2026-04-16 08:00:00,12.7326,3.1131,1.6352,11.0974,0.0535,0.0456,0.1815,23.4141
2026-04-16 09:00:00,6.5071,1.6972,0.8405,5.6666,0.0365,0.0323,0.185,24.4028
2026-04-16 10:00:00,5.0983,1.2966,0.4304,4.668,0.0236,0.0264,0.1793,22.4049
2026-04-16 11:00:00,11.3059,1.8799,0.934,10.3719,0.0479,0.0523,0.2558,39.801
2026-04-16 12:00:00,15.4085,1.7578,1.5409,13.8676,0.0622,0.0699,0.2898,48.872
2026-04-16 13:00:00,13.6324,1.9965,1.1507,12.4817,0.0498,0.0595,0.2896,44.8894
2026-04-16 14:00:00,8.1757,1.3722,0.9931,7.1827,0.0478,0.0405,0.2516,35.7763
2026-04-16 15:00:00,13.5802,2.211,1.1735,12.4067,0.0483,0.0548,0.2556,37.5045
2026-04-16 16:00:00,10.8949,1.8429,1.7924,9.1026,0.0632,0.0515,0.2697,42.2289
2026-04-16 17:00:00,10.3209,1.3962,1.9759,8.345,0.0715,0.049,0.289,45.2798
2026-04-16 18:00:00,13.7062,1.8968,2.0193,11.6869,0.0824,0.0652,0.2996,48.6469
2026-04-16 19:00:00,12.736,1.6077,2.3059,10.43,0.0879,0.0584,0.2966,49.74
2026-04-16 20:00:00,8.1564,1.3314,1.3392,6.8172,0.0625,0.0397,0.2462,38.5721
2026-04-16 21:00:00,10.0926,1.8794,2.2374,7.8552,0.0796,0.0449,0.2583,40.9656
2026-04-16 22:00:00,11.2742,2.6062,2.0565,9.2178,0.0705,0.0493,0.2464,41.5468
2026-04-16 23:00:00,6.0882,2.3079,0.5124,5.5758,0.0242,0.0291,0.1472,20.4939
2026-04-17 00:00:00,2.4611,2.2172,0.257,2.2041,0.026,0.024,0.1355,10.722
2026-04-17 01:00:00,4.3791,3.1504,0.4642,3.9149,0.0208,0.0171,0.1177,15.234
2026-04-17 02:00:00,2.5332,1.9191,0.1843,2.3489,0.0088,0.0126,0.0905,10.2545
2026-04-17 03:00:00,0.8964,0.665,0.0806,0.8158,0.0043,0.0067,0.0787,6.9562
2026-04-17 04:00:00,0.406,0.3447,0.0587,0.3473,0.0026,0.0016,0.0687,5.147
2026-04-17 05:00:00,0.222,0.1823,0.0545,0.1675,0.0018,0.0014,0.0669,3.231
2026-04-17 06:00:00,0.6132,0.3771,0.0635,0.5498,0.004,0.0034,0.0759,4.3011
2026-04-17 07:00:00,3.6332,1.2233,0.3412,3.292,0.0138,0.0185,0.1172,12.3264
2026-04-17 08:00:00,6.5969,1.6976,1.154,5.443,0.0451,0.031,0.1859,24.1004
2026-04-17 09:00:00,7.9407,1.73,0.7063,7.2344,0.0361,0.0414,0.2046,27.1506
2026-04-17 10:00:00,9.6393,1.9058,0.8584,8.7809,0.04,0.0484,0.2503,37.1463
2026-04-17 11:00:00,12.3476,2.1267,1.9922,10.3555,0.0853,0.0548,0.2865,46.514
2026-04-17 12:00:00,15.6238,1.7905,2.7344,12.8894,0.1156,0.0806,0.332,57.2366
2026-04-17 13:00:00,11.7778,1.6668,2.0626,9.7152,0.0722,0.0575,0.2935,49.2508
2026-04-17 14:00:00,11.9778,2.0226,1.6353,10.3426,0.0667,0.0571,0.2731,40.4273
2026-04-17 15:00:00,14.5583,2.2812,1.611,12.9473,0.0725,0.0719,0.323,57.2896
2026-04-17 16:00:00,21.2235,2.6118,4.1204,17.1031,0.1316,0.0914,0.3419,59.7332
2026-04-17 17:00:00,15.3105,1.8123,1.9579,13.3526,0.0784,0.0778,0.3335,56.0047
2026-04-17 18:00:00,19.8875,2.0211,2.8296,17.0578,0.1051,0.1046,0.3898,76.0549
2026-04-17 19:00:00,20.0979,1.6292,3.2116,16.8863,0.1233,0.0996,0.3852,78.5139
2026-04-17 20:00:00,17.634,1.4518,2.6586,14.9754,0.1018,0.089,0.3841,75.4748
2026-04-17 21:00:00,13.1619,1.4325,2.3087,10.8532,0.0932,0.0681,0.3361,58.2541
2026-04-17 22:00:00,12.3829,1.8035,1.499,10.8839,0.0685,0.0609,0.2746,43.1817
2026-04-17 23:00:00,7.9275,1.9868,0.9474,6.98,0.0447,0.0393,0.1804,24.8958
2026-04-18 00:00:00,5.4727,1.8602,0.5691,4.9036,0.0217,0.0251,0.1391,16.9716
2026-04-18 01:00:00,3.4321,1.4159,0.2525,3.1797,0.011,0.0161,0.1052,9.8422
2026-04-18 02:00:00,2.4631,1.4027,0.2197,2.2434,0.0078,0.0125,0.0928,7.5139
2026-04-18 03:00:00,1.5988,0.8843,0.1517,1.4471,0.0052,0.0076,0.0823,5.2308
2026-04-18 04:00:00,1.3402,1.0184,0.128,1.2122,0.0045,0.0063,0.0767,5.2918
2026-04-18 05:00:00,0.6019,0.4918,0.0585,0.5435,0.0039,0.0033,0.0722,2.7163
2026-04-18 06:00:00,1.5033,1.0469,0.0995,1.4038,0.0042,0.0068,0.0821,4.7782
2026-04-18 07:00:00,3.4061,1.4228,0.3597,3.0464,0.0142,0.014,0.1143,10.5341
2026-04-18 08:00:00,6.3958,1.5957,0.626,5.7697,0.0273,0.0266,0.1617,20.5615
2026-04-18 09:00:00,13.4166,2.0795,1.0685,12.3482,0.05,0.0619,0.2647,39.9538
2026-04-18 10:00:00,16.2622,1.9457,1.7135,14.5487,0.0697,0.0799,0.3285,53.1257
2026-04-18 11:00:00,17.6283,1.9224,1.9972,15.6311,0.0882,0.0863,0.3427,61.6038
2026-04-18 12:00:00,22.1063,1.7708,2.6713,19.4349,0.1136,0.1171,0.3918,72.4635
2026-04-18 13:00:00,22.372,1.689,2.6702,19.7018,0.1158,0.1293,0.3987,76.1395
2026-04-18 14:00:00,23.0957,1.7859,2.719,20.3768,0.118,0.1241,0.3997,76.0294
2026-04-18 15:00:00,33.1936,2.4883,3.0663,30.1273,0.1237,0.1692,0.4082,88.0115
2026-04-18 16:00:00,24.2733,1.8144,3.2989,20.9744,0.1219,0.141,0.4198,84.0148
2026-04-18 17:00:00,30.5767,1.9585,4.6401,25.9366,0.1707,0.1705,0.4289,103.934
2026-04-18 18:00:00,36.5967,2.1444,7.3451,29.2516,0.2375,0.1838,0.4184,126.266
2026-04-18 19:00:00,40.9713,2.3896,6.2297,34.7416,0.2033,0.219,0.4247,145.856
2026-04-18 20:00:00,36.1099,2.3234,4.6876,31.4223,0.1811,0.1968,0.4194,127.609
2026-04-18 21:00:00,37.2281,2.949,4.0222,33.2058,0.1485,0.1706,0.4084,98.8348
2026-04-18 22:00:00,16.1009,1.823,2.6443,13.4566,0.1249,0.0751,0.3404,60.9908
2026-04-18 23:00:00,11.9789,2.1353,1.2847,10.6942,0.06,0.0608,0.2417,26.0203
2026-04-19 00:00:00,5.8453,1.5936,0.5343,5.3111,0.0225,0.0278,0.1585,19.8895
2026-04-19 01:00:00,5.4018,2.1267,0.6442,4.7576,0.0219,0.0261,0.1253,13.9441
2026-04-19 02:00:00,1.697,0.8988,0.1516,1.5454,0.0075,0.0085,0.0898,8.3271
2026-04-19 03:00:00,2.1886,1.2449,0.2147,1.9739,0.0104,0.0098,0.0929,8.6818
2026-04-19 04:00:00,1.5252,0.9078,0.1629,1.3622,0.0063,0.007,0.0794,4.2789
2026-04-19 05:00:00,1.2079,0.7773,0.2024,1.0055,0.0062,0.0062,0.0758,4.483
2026-04-19 06:00:00,2.6087,1.1688,0.1499,2.4588,0.0067,0.0115,0.0901,7.1259
2026-04-19 07:00:00,3.183,0.9576,0.3334,2.8496,0.0145,0.0163,0.1153,9.8877
2026-04-19 08:00:00,7.2027,1.254,0.5373,6.6654,0.0259,0.0349,0.1781,23.5295
2026-04-19 09:00:00,10.3628,2.0876,0.77,9.5928,0.0347,0.0512,0.2167,31.1696
2026-04-19 10:00:00,11.637,1.6924,1.1983,10.4387,0.055,0.0588,0.2729,42.5954
2026-04-19 11:00:00,15.888,1.7985,1.844,14.044,0.084,0.0757,0.3342,57.4571
2026-04-19 12:00:00,26.1623,1.922,5.7792,20.383,0.1661,0.1235,0.4064,85.9472
2026-04-19 13:00:00,29.8025,2.328,5.0529,24.7496,0.1727,0.1506,0.4077,89.9377
2026-04-19 14:00:00,23.6407,2.0387,2.7078,20.9329,0.1089,0.1275,0.3998,77.9146
2026-04-19 15:00:00,21.5034,2.3207,2.4741,19.0293,0.0908,0.1238,0.3699,66.9314
2026-04-19 16:00:00,24.1066,2.4624,2.7082,21.3984,0.1099,0.122,0.3853,75.1657
2026-04-19 17:00:00,19.4803,1.8553,2.831,16.6493,0.1141,0.1072,0.2037,71.8397
2026-04-19 18:00:00,23.9757,2.124,3.7679,20.2078,0.1688,0.1451,0.1287,101.344
2026-04-19 19:00:00,23.3016,1.7706,3.1502,20.1514,0.1708,0.1226,0.1203,90.7048
2026-04-19 20:00:00,17.7132,1.5841,3.0676,14.6456,0.1446,0.0913,0.0963,67.6202
2026-04-19 21:00:00,16.5523,2.1424,1.7887,14.7636,0.1331,0.0821,0.0899,55.2441
2026-04-19 22:00:00,11.3822,1.9761,1.7802,9.602,0.0616,0.0543,0.0566,32.8682
2026-04-19 23:00:00,10.237,2.3653,0.9377,9.2992,0.038,0.0457,0.0481,30.8017
2026-04-20 00:00:00,7.397,1.9673,0.6814,6.7156,0.0277,0.0364,0.0376,21.1616
2026-04-20 01:00:00,6.386,2.2486,1.1168,5.2692,0.034,0.0269,0.0317,15.1313
2026-04-20 02:00:00,2.7579,1.1867,0.4864,2.2715,0.0228,0.0123,0.023,5.3328
2026-04-20 03:00:00,0.9376,0.4702,0.1242,0.8134,0.0063,0.0121,0.0189,2.9476
2026-04-20 04:00:00,1.097,0.66,0.1018,0.9952,0.0046,0.0072,0.0193,3.9539
2026-04-20 05:00:00,0.9371,0.6264,0.0555,0.8816,0.0029,0.0047,0.0173,2.6437
2026-04-20 06:00:00,0.9771,0.5508,0.2106,0.7665,0.0097,0.0051,0.0224,6.3314
2026-04-20 07:00:00,4.8137,1.9011,0.2522,4.5615,0.0177,0.0266,0.0332,13.6456
2026-04-20 08:00:00,7.5364,1.4876,0.6378,6.8985,0.0344,0.0369,0.0475,25.0749
2026-04-20 09:00:00,9.8374,1.8962,0.8451,8.9923,0.0379,0.0469,0.0505,28.373
2026-04-20 10:00:00,8.0474,1.469,1.1972,6.8501,0.0509,0.0414,0.057,33.3811
2026-04-20 11:00:00,11.9157,1.8032,1.0513,10.8644,0.0475,0.0651,0.0674,40.1389
2026-04-20 12:00:00,15.0785,1.5966,1.7806,13.2979,0.0798,0.0829,0.0876,57.6854
2026-04-20 13:00:00,16.645,2.3991,2.8749,13.7701,0.0758,0.069,0.0746,49.3597
2026-04-20 14:00:00,12.713,2.0109,1.9307,10.7822,0.0716,0.0625,0.0716,45.1874
2026-04-20 15:00:00,12.7644,1.9729,1.2302,11.5342,0.0522,0.0593,0.0691,44.0021
2026-04-20 16:00:00,15.7223,2.4444,2.1446,13.5777,0.0848,0.0721,0.0782,50.439
2026-04-20 17:00:00,23.7337,2.7193,5.2942,18.4395,0.1402,0.0955,0.0998,72.3802
2026-04-20 18:00:00,24.6055,2.1182,4.9785,19.627,0.1556,0.1064,0.1092,80.4265
2026-04-20 19:00:00,20.7552,2.1486,3.0926,17.6625,0.1461,0.0936,0.0999,68.9135
2026-04-20 20:00:00,16.2513,2.0391,2.6312,13.6202,0.1052,0.0774,0.0906,62.0702
2026-04-20 21:00:00,13.7211,2.2853,2.1038,11.6173,0.077,0.0677,0.0713,46.1054
2026-04-20 22:00:00,13.6304,2.501,1.1746,12.4559,0.0622,0.0645,0.0621,39.7844
2026-04-20 23:00:00,8.0991,1.7358,1.4472,6.652,0.0593,0.0347,0.0461,28.3653
2026-04-21 00:00:00,8.8065,2.9752,1.0865,7.72,0.0534,0.0404,0.0389,21.2529
2026-04-21 01:00:00,5.8461,1.95,0.4735,5.3726,0.0169,0.0235,0.0293,13.0939
2026-04-21 02:00:00,3.3342,1.8503,0.4493,2.8849,0.0156,0.014,0.0256,8.9451
2026-04-21 03:00:00,1.1933,0.7505,0.2499,0.9434,0.009,0.0064,0.0209,5.0448
2026-04-21 04:00:00,1.1863,0.888,0.0908,1.0955,0.0045,0.0059,0.0193,2.6037
2026-04-21 05:00:00,0.6999,0.5901,0.0605,0.6394,0.0027,0.0035,0.0177,3.5684
2026-04-21 06:00:00,0.5775,0.3632,0.0624,0.5151,0.0034,0.0035,0.0192,4.1075
2026-04-21 07:00:00,5.2334,1.2378,0.3331,4.9003,0.0159,0.0253,0.0335,15.3873
2026-04-21 08:00:00,16.1441,3.1421,0.8397,15.3044,0.0392,0.0647,0.058,28.5686
2026-04-21 09:00:00,8.6923,1.7378,0.7427,7.9496,0.0364,0.0421,0.0548,31.2436
2026-04-21 10:00:00,6.9034,1.3094,0.8828,6.0206,0.0388,0.0368,0.0554,23.2424
2026-04-21 11:00:00,12.3068,1.7476,1.91,10.3968,0.0648,0.0567,0.0718,42.3809
2026-04-21 12:00:00,11.6133,1.153,1.4329,10.1804,0.0602,0.0627,0.077,49.2055
2026-04-21 13:00:00,15.3951,1.5977,2.0877,13.3074,0.082,0.0774,0.0843,57.2823
2026-04-21 14:00:00,12.4131,1.7652,1.8478,10.5653,0.0724,0.0661,0.0716,43.7099
2026-04-21 15:00:00,13.8661,2.485,1.3224,12.5437,0.0573,0.0675,0.0625,38.8908
2026-04-21 16:00:00,22.4577,3.012,2.2499,20.2078,0.0956,0.0962,0.0855,63.8815
2026-04-21 17:00:00,14.8624,2.2025,2.3621,12.5003,0.0856,0.0774,0.3099,49.1563
2026-04-21 18:00:00,14.3389,1.9159,2.2046,12.1343,0.1058,0.0728,0.3139,50.1195
2026-04-21 19:00:00,13.7449,1.7259,1.6154,12.1296,0.0656,0.0669,0.2969,50.0668
2026-04-21 20:00:00,13.4157,1.775,1.7774,11.6383,0.0686,0.064,0.3184,53.598
2026-04-21 21:00:00,15.708,2.3664,1.8535,13.8545,0.0643,0.0829,0.3041,50.7226
2026-04-21 22:00:00,9.9424,1.8981,2.1891,7.7533,0.0799,0.0416,0.2296,36.6301
2026-04-21 23:00:00,6.1591,1.5866,0.8008,5.3583,0.0366,0.0266,0.1575,24.0514
2026-04-22 00:00:00,4.5166,1.7533,0.5467,3.9699,0.0212,0.0204,0.1284,20.499
2026-04-22 01:00:00,3.7744,2.1086,0.233,3.5414,0.0101,0.0166,0.1082,15.105
2026-04-22 02:00:00,2.7607,1.5545,0.1913,2.5694,0.0085,0.013,0.0934,10.5206
2026-04-22 03:00:00,1.8738,1.2327,0.1312,1.7426,0.0065,0.0106,0.0837,7.9671
2026-04-22 04:00:00,0.5612,0.3397,0.0622,0.4991,0.0033,0.0035,0.0746,5.4386
2026-04-22 05:00:00,1.2912,0.8712,0.0458,1.2454,0.0042,0.0081,0.0813,7.2197
2026-04-22 06:00:00,1.9684,1.212,0.1153,1.853,0.0054,0.009,0.0855,7.1791
2026-04-22 07:00:00,4.6248,1.6159,0.4331,4.1917,0.0198,0.0203,0.1304,15.4802
2026-04-22 08:00:00,6.3617,1.4207,0.5898,5.7719,0.0289,0.0273,0.1816,26.24
2026-04-22 09:00:00,6.4242,1.3079,1.5124,4.9118,0.05,0.0262,0.1901,25.7303
2026-04-22 10:00:00,7.9917,1.5996,0.8489,7.1427,0.0386,0.0358,0.2269,32.9287
2026-04-22 11:00:00,9.0596,1.4326,1.002,8.0576,0.0501,0.0464,0.2629,42.8797
2026-04-22 12:00:00,11.7186,1.5755,1.9565,9.7621,0.0694,0.056,0.2925,50.2558
2026-04-22 13:00:00,14.8988,2.2499,1.9193,12.9795,0.0785,0.0732,0.3116,51.854
2026-04-22 14:00:00,15.9419,2.4206,3.202,12.7399,0.1099,0.0719,0.291,45.8098
2026-04-22 15:00:00,12.3495,2.3416,1.3986,10.9509,0.057,0.0589,0.2922,46.3955
2026-04-22 16:00:00,11.3418,2.1653,2.071,9.2708,0.0736,0.0614,0.303,48.6599
2026-04-22 17:00:00,17.5199,2.3708,2.2467,15.2732,0.082,0.0808,0.3336,54.7538
2026-04-22 18:00:00,15.9753,2.2654,2.6345,13.3409,0.0861,0.0701,0.3323,56.4097
2026-04-22 19:00:00,13.5049,1.9161,1.8748,11.63,0.0674,0.0583,0.2955,50.0636
2026-04-22 20:00:00,7.7885,1.0368,1.2967,6.4918,0.0486,0.0373,0.2396,40.121
2026-04-22 21:00:00,11.8569,2.3714,1.4711,10.3857,0.059,0.0474,0.2491,38.4411
2026-04-22 22:00:00,6.6028,1.5075,0.9885,5.6144,0.0436,0.0289,0.1853,29.2304
2026-04-22 23:00:00,6.4009,1.6704,0.9631,5.4378,0.0426,0.0238,0.1698,28.3551
2026-04-23 00:00:00,3.4632,1.1909,0.2911,3.1721,0.015,0.0178,0.1125,12.5934
2026-04-23 01:00:00,3.6689,1.9129,0.2737,3.3952,0.01,0.015,0.1022,11.1434
2026-04-23 02:00:00,2.737,1.9805,0.2341,2.5029,0.0152,0.0139,0.0833,4.7288
2026-04-23 03:00:00,1.8846,1.5297,0.7143,1.1702,0.0378,0.0068,0.0892,7.1439
2026-04-23 04:00:00,0.8284,0.8576,0.1456,0.6829,0.0063,0.0037,0.0719,3.7934
2026-04-23 05:00:00,0.5059,0.5099,0.0382,0.4676,0.0022,0.0029,0.0662,2.5466
2026-04-23 06:00:00,1.3631,0.8909,0.0646,1.2985,0.0042,0.0065,0.0763,4.2287
2026-04-23 07:00:00,4.6573,1.5401,0.7402,3.9172,0.0259,0.0181,0.1288,14.6676
2026-04-23 08:00:00,12.7326,3.1131,1.6352,11.0974,0.0535,0.0456,0.1815,23.4141
2026-04-23 09:00:00,6.5071,1.6972,0.8405,5.6666,0.0365,0.0323,0.185,24.4028
2026-04-23 10:00:00,5.0983,1.2966,0.4304,4.668,0.0236,0.0264,0.1793,22.4049
2026-04-23 11:00:00,11.3059,1.8799,0.934,10.3719,0.0479,0.0523,0.2558,39.801
2026-04-23 12:00:00,15.4085,1.7578,1.5409,13.8676,0.0622,0.0699,0.2898,48.872
2026-04-23 13:00:00,13.6324,1.9965,1.1507,12.4817,0.0498,0.0595,0.2896,44.8894
2026-04-23 14:00:00,8.1757,1.3722,0.9931,7.1827,0.0478,0.0405,0.2516,35.7763
2026-04-23 15:00:00,13.5802,2.211,1.1735,12.4067,0.0483,0.0548,0.2556,37.5045
2026-04-23 16:00:00,10.8949,1.8429,1.7924,9.1026,0.0632,0.0515,0.2697,42.2289
2026-04-23 17:00:00,10.3209,1.3962,1.9759,8.345,0.0715,0.049,0.289,45.2798
2026-04-23 18:00:00,13.7062,1.8968,2.0193,11.6869,0.0824,0.0652,0.2996,48.6469
2026-04-23 19:00:00,12.736,1.6077,2.3059,10.43,0.0879,0.0584,0.2966,49.74
2026-04-23 20:00:00,8.1564,1.3314,1.3392,6.8172,0.0625,0.0397,0.2462,38.5721
2026-04-23 21:00:00,10.0926,1.8794,2.2374,7.8552,0.0796,0.0449,0.2583,40.9656
2026-04-23 22:00:00,11.2742,2.6062,2.0565,9.2178,0.0705,0.0493,0.2464,41.5468
2026-04-23 23:00:00,6.0882,2.3079,0.5124,5.5758,0.0242,0.0291,0.1472,20.4939
2026-04-24 00:00:00,2.4611,2.2172,0.257,2.2041,0.026,0.024,0.1355,10.722
2026-04-24 01:00:00,4.3791,3.1504,0.4642,3.9149,0.0208,0.0171,0.1177,15.234
2026-04-24 02:00:00,2.5332,1.9191,0.1843,2.3489,0.0088,0.0126,0.0905,10.2545
2026-04-24 03:00:00,0.8964,0.665,0.0806,0.8158,0.0043,0.0067,0.0787,6.9562
2026-04-24 04:00:00,0.406,0.3447,0.0587,0.3473,0.0026,0.0016,0.0687,5.147
2026-04-24 05:00:00,0.222,0.1823,0.0545,0.1675,0.0018,0.0014,0.0669,3.231
2026-04-24 06:00:00,0.6132,0.3771,0.0635,0.5498,0.004,0.0034,0.0759,4.3011
2026-04-24 07:00:00,3.6332,1.2233,0.3412,3.292,0.0138,0.0185,0.1172,12.3264
2026-04-24 08:00:00,6.5969,1.6976,1.154,5.443,0.0451,0.031,0.1859,24.1004
2026-04-24 09:00:00,7.9407,1.73,0.7063,7.2344,0.0361,0.0414,0.2046,27.1506
2026-04-24 10:00:00,9.6393,1.9058,0.8584,8.7809,0.04,0.0484,0.2503,37.1463
2026-04-24 11:00:00,12.3476,2.1267,1.9922,10.3555,0.0853,0.0548,0.2865,46.514
2026-04-24 12:00:00,15.6238,1.7905,2.7344,12.8894,0.1156,0.0806,0.332,57.2366
2026-04-24 13:00:00,11.7778,1.6668,2.0626,9.7152,0.0722,0.0575,0.2935,49.2508
2026-04-24 14:00:00,11.9778,2.0226,1.6353,10.3426,0.0667,0.0571,0.2731,40.4273
2026-04-24 15:00:00,14.5583,2.2812,1.611,12.9473,0.0725,0.0719,0.323,57.2896
2026-04-24 16:00:00,21.2235,2.6118,4.1204,17.1031,0.1316,0.0914,0.3419,59.7332
2026-04-24 17:00:00,15.3105,1.8123,1.9579,13.3526,0.0784,0.0778,0.3335,56.0047
2026-04-24 18:00:00,19.8875,2.0211,2.8296,17.0578,0.1051,0.1046,0.3898,76.0549
2026-04-24 19:00:00,20.0979,1.6292,3.2116,16.8863,0.1233,0.0996,0.3852,78.5139
2026-04-24 20:00:00,17.634,1.4518,2.6586,14.9754,0.1018,0.089,0.3841,75.4748
2026-04-24 21:00:00,13.1619,1.4325,2.3087,10.8532,0.0932,0.0681,0.3361,58.2541
2026-04-24 22:00:00,12.3829,1.8035,1.499,10.8839,0.0685,0.0609,0.2746,43.1817
2026-04-24 23:00:00,7.9275,1.9868,0.9474,6.98,0.0447,0.0393,0.1804,24.8958
2026-04-25 00:00:00,5.4727,1.8602,0.5691,4.9036,0.0217,0.0251,0.1391,16.9716
2026-04-25 01:00:00,3.4321,1.4159,0.2525,3.1797,0.011,0.0161,0.1052,9.8422
2026-04-25 02:00:00,2.4631,1.4027,0.2197,2.2434,0.0078,0.0125,0.0928,7.5139
2026-04-25 03:00:00,1.5988,0.8843,0.1517,1.4471,0.0052,0.0076,0.0823,5.2308
2026-04-25 04:00:00,1.3402,1.0184,0.128,1.2122,0.0045,0.0063,0.0767,5.2918
2026-04-25 05:00:00,0.6019,0.4918,0.0585,0.5435,0.0039,0.0033,0.0722,2.7163
2026-04-25 06:00:00,1.5033,1.0469,0.0995,1.4038,0.0042,0.0068,0.0821,4.7782
2026-04-25 07:00:00,3.4061,1.4228,0.3597,3.0464,0.0142,0.014,0.1143,10.5341
2026-04-25 08:00:00,6.3958,1.5957,0.626,5.7697,0.0273,0.0266,0.1617,20.5615
2026-04-25 09:00:00,13.4166,2.0795,1.0685,12.3482,0.05,0.0619,0.2647,39.9538
2026-04-25 10:00:00,16.2622,1.9457,1.7135,14.5487,0.0697,0.0799,0.3285,53.1257
2026-04-25 11:00:00,17.6283,1.9224,1.9972,15.6311,0.0882,0.0863,0.3427,61.6038
2026-04-25 12:00:00,22.1063,1.7708,2.6713,19.4349,0.1136,0.1171,0.3918,72.4635
2026-04-25 13:00:00,22.372,1.689,2.6702,19.7018,0.1158,0.1293,0.3987,76.1395
2026-04-25 14:00:00,23.0957,1.7859,2.719,20.3768,0.118,0.1241,0.3997,76.0294
2026-04-25 15:00:00,33.1936,2.4883,3.0663,30.1273,0.1237,0.1692,0.4082,88.0115
2026-04-25 16:00:00,24.2733,1.8144,3.2989,20.9744,0.1219,0.141,0.4198,84.0148
2026-04-25 17:00:00,30.5767,1.9585,4.6401,25.9366,0.1707,0.1705,0.4289,103.934
2026-04-25 18:00:00,36.5967,2.1444,7.3451,29.2516,0.2375,0.1838,0.4184,126.266
2026-04-25 19:00:00,40.9713,2.3896,6.2297,34.7416,0.2033,0.219,0.4247,145.856
2026-04-25 20:00:00,36.1099,2.3234,4.6876,31.4223,0.1811,0.1968,0.4194,127.609
2026-04-25 21:00:00,37.2281,2.949,4.0222,33.2058,0.1485,0.1706,0.4084,98.8348
2026-04-25 22:00:00,16.1009,1.823,2.6443,13.4566,0.1249,0.0751,0.3404,60.9908
2026-04-25 23:00:00,11.9789,2.1353,1.2847,10.6942,0.06,0.0608,0.2417,26.0203
2026-04-26 00:00:00,5.8453,1.5936,0.5343,5.3111,0.0225,0.0278,0.1585,19.8895
2026-04-26 01:00:00,5.4018,2.1267,0.6442,4.7576,0.0219,0.0261,0.1253,13.9441
2026-04-26 02:00:00,1.697,0.8988,0.1516,1.5454,0.0075,0.0085,0.0898,8.3271
2026-04-26 03:00:00,2.1886,1.2449,0.2147,1.9739,0.0104,0.0098,0.0929,8.6818
2026-04-26 04:00:00,1.5252,0.9078,0.1629,1.3622,0.0063,0.007,0.0794,4.2789
2026-04-26 05:00:00,1.2079,0.7773,0.2024,1.0055,0.0062,0.0062,0.0758,4.483
2026-04-26 06:00:00,2.6087,1.1688,0.1499,2.4588,0.0067,0.0115,0.0901,7.1259
2026-04-26 07:00:00,3.183,0.9576,0.3334,2.8496,0.0145,0.0163,0.1153,9.8877
2026-04-26 08:00:00,7.2027,1.254,0.5373,6.6654,0.0259,0.0349,0.1781,23.5295
2026-04-26 09:00:00,10.3628,2.0876,0.77,9.5928,0.0347,0.0512,0.2167,31.1696
2026-04-26 10:00:00,11.637,1.6924,1.1983,10.4387,0.055,0.0588,0.2729,42.5954
2026-04-26 11:00:00,15.888,1.7985,1.844,14.044,0.084,0.0757,0.3342,57.4571
2026-04-26 12:00:00,26.1623,1.922,5.7792,20.383,0.1661,0.1235,0.4064,85.9472
2026-04-26 13:00:00,29.8025,2.328,5.0529,24.7496,0.1727,0.1506,0.4077,89.9377
2026-04-26 14:00:00,23.6407,2.0387,2.7078,20.9329,0.1089,0.1275,0.3998,77.9146
2026-04-26 15:00:00,21.5034,2.3207,2.4741,19.0293,0.0908,0.1238,0.3699,66.9314
2026-04-26 16:00:00,24.1066,2.4624,2.7082,21.3984,0.1099,0.122,0.3853,75.1657
2026-04-26 17:00:00,19.4803,1.8553,2.831,16.6493,0.1141,0.1072,0.2037,71.8397
2026-04-26 18:00:00,23.9757,2.124,3.7679,20.2078,0.1688,0.1451,0.1287,101.344
2026-04-26 19:00:00,23.3016,1.7706,3.1502,20.1514,0.1708,0.1226,0.1203,90.7048
2026-04-26 20:00:00,17.7132,1.5841,3.0676,14.6456,0.1446,0.0913,0.0963,67.6202
2026-04-26 21:00:00,16.5523,2.1424,1.7887,14.7636,0.1331,0.0821,0.0899,55.2441
2026-04-26 22:00:00,11.3822,1.9761,1.7802,9.602,0.0616,0.0543,0.0566,32.8682
2026-04-26 23:00:00,10.237,2.3653,0.9377,9.2992,0.038,0.0457,0.0481,30.8017
2026-04-27 00:00:00,7.397,1.9673,0.6814,6.7156,0.0277,0.0364,0.0376,21.1616
2026-04-27 01:00:00,6.386,2.2486,1.1168,5.2692,0.034,0.0269,0.0317,15.1313
2026-04-27 02:00:00,2.7579,1.1867,0.4864,2.2715,0.0228,0.0123,0.023,5.3328
2026-04-27 03:00:00,0.9376,0.4702,0.1242,0.8134,0.0063,0.0121,0.0189,2.9476
2026-04-27 04:00:00,1.097,0.66,0.1018,0.9952,0.0046,0.0072,0.0193,3.9539
2026-04-27 05:00:00,0.9371,0.6264,0.0555,0.8816,0.0029,0.0047,0.0173,2.6437
2026-04-27 06:00:00,0.9771,0.5508,0.2106,0.7665,0.0097,0.0051,0.0224,6.3314
2026-04-27 07:00:00,4.8137,1.9011,0.2522,4.5615,0.0177,0.0266,0.0332,13.6456
2026-04-27 08:00:00,7.5364,1.4876,0.6378,6.8985,0.0344,0.0369,0.0475,25.0749
2026-04-27 09:00:00,9.8374,1.8962,0.8451,8.9923,0.0379,0.0469,0.0505,28.373
2026-04-27 10:00:00,8.0474,1.469,1.1972,6.8501,0.0509,0.0414,0.057,33.3811
2026-04-27 11:00:00,11.9157,1.8032,1.0513,10.8644,0.0475,0.0651,0.0674,40.1389
2026-04-27 12:00:00,15.0785,1.5966,1.7806,13.2979,0.0798,0.0829,0.0876,57.6854
2026-04-27 13:00:00,16.645,2.3991,2.8749,13.7701,0.0758,0.069,0.0746,49.3597
2026-04-27 14:00:00,12.713,2.0109,1.9307,10.7822,0.0716,0.0625,0.0716,45.1874
2026-04-27 15:00:00,12.7644,1.9729,1.2302,11.5342,0.0522,0.0593,0.0691,44.0021
2026-04-27 16:00:00,15.7223,2.4444,2.1446,13.5777,0.0848,0.0721,0.0782,50.439
2026-04-27 17:00:00,23.7337,2.7193,5.2942,18.4395,0.1402,0.0955,0.0998,72.3802
2026-04-27 18:00:00,24.6055,2.1182,4.9785,19.627,0.1556,0.1064,0.1092,80.4265
2026-04-27 19:00:00,20.7552,2.1486,3.0926,17.6625,0.1461,0.0936,0.0999,68.9135
2026-04-27 20:00:00,16.2513,2.0391,2.6312,13.6202,0.1052,0.0774,0.0906,62.0702
2026-04-27 21:00:00,13.7211,2.2853,2.1038,11.6173,0.077,0.0677,0.0713,46.1054
2026-04-27 22:00:00,13.6304,2.501,1.1746,12.4559,0.0622,0.0645,0.0621,39.7844
2026-04-27 23:00:00,8.0991,1.7358,1.4472,6.652,0.0593,0.0347,0.0461,28.3653
2026-04-28 00:00:00,8.8065,2.9752,1.0865,7.72,0.0534,0.0404,0.0389,21.2529
2026-04-28 01:00:00,5.8461,1.95,0.4735,5.3726,0.0169,0.0235,0.0293,13.0939
2026-04-28 02:00:00,3.3342,1.8503,0.4493,2.8849,0.0156,0.014,0.0256,8.9451
2026-04-28 03:00:00,1.1933,0.7505,0.2499,0.9434,0.009,0.0064,0.0209,5.0448
2026-04-28 04:00:00,1.1863,0.888,0.0908,1.0955,0.0045,0.0059,0.0193,2.6037
2026-04-28 05:00:00,0.6999,0.5901,0.0605,0.6394,0.0027,0.0035,0.0177,3.5684
2026-04-28 06:00:00,0.5775,0.3632,0.0624,0.5151,0.0034,0.0035,0.0192,4.1075
2026-04-28 07:00:00,5.2334,1.2378,0.3331,4.9003,0.0159,0.0253,0.0335,15.3873
2026-04-28 08:00:00,16.1441,3.1421,0.8397,15.3044,0.0392,0.0647,0.058,28.5686
2026-04-28 09:00:00,8.6923,1.7378,0.7427,7.9496,0.0364,0.0421,0.0548,31.2436
2026-04-28 10:00:00,6.9034,1.3094,0.8828,6.0206,0.0388,0.0368,0.0554,23.2424
2026-04-28 11:00:00,12.3068,1.7476,1.91,10.3968,0.0648,0.0567,0.0718,42.3809
2026-04-28 12:00:00,11.6133,1.153,1.4329,10.1804,0.0602,0.0627,0.077,49.2055
2026-04-28 13:00:00,15.3951,1.5977,2.0877,13.3074,0.082,0.0774,0.0843,57.2823
2026-04-28 14:00:00,12.4131,1.7652,1.8478,10.5653,0.0724,0.0661,0.0716,43.7099
2026-04-28 15:00:00,13.8661,2.485,1.3224,12.5437,0.0573,0.0675,0.0625,38.8908
2026-04-28 16:00:00,22.4577,3.012,2.2499,20.2078,0.0956,0.0962,0.0855,63.8815
2026-04-28 17:00:00,14.8624,2.2025,2.3621,12.5003,0.0856,0.0774,0.3099,49.1563
2026-04-28 18:00:00,14.3389,1.9159,2.2046,12.1343,0.1058,0.0728,0.3139,50.1195
2026-04-28 19:00:00,13.7449,1.7259,1.6154,12.1296,0.0656,0.0669,0.2969,50.0668
2026-04-28 20:00:00,13.4157,1.775,1.7774,11.6383,0.0686,0.064,0.3184,53.598
2026-04-28 21:00:00,15.708,2.3664,1.8535,13.8545,0.0643,0.0829,0.3041,50.7226
2026-04-28 22:00:00,9.9424,1.8981,2.1891,7.7533,0.0799,0.0416,0.2296,36.6301
2026-04-28 23:00:00,6.1591,1.5866,0.8008,5.3583,0.0366,0.0266,0.1575,24.0514
2026-04-29 00:00:00,4.5166,1.7533,0.5467,3.9699,0.0212,0.0204,0.1284,20.499
2026-04-29 01:00:00,3.7744,2.1086,0.233,3.5414,0.0101,0.0166,0.1082,15.105
2026-04-29 02:00:00,2.7607,1.5545,0.1913,2.5694,0.0085,0.013,0.0934,10.5206
2026-04-29 03:00:00,1.8738,1.2327,0.1312,1.7426,0.0065,0.0106,0.0837,7.9671
2026-04-29 04:00:00,0.5612,0.3397,0.0622,0.4991,0.0033,0.0035,0.0746,5.4386
2026-04-29 05:00:00,1.2912,0.8712,0.0458,1.2454,0.0042,0.0081,0.0813,7.2197
2026-04-29 06:00:00,1.9684,1.212,0.1153,1.853,0.0054,0.009,0.0855,7.1791
2026-04-29 07:00:00,4.6248,1.6159,0.4331,4.1917,0.0198,0.0203,0.1304,15.4802
2026-04-29 08:00:00,6.3617,1.4207,0.5898,5.7719,0.0289,0.0273,0.1816,26.24
2026-04-29 09:00:00,6.4242,1.3079,1.5124,4.9118,0.05,0.0262,0.1901,25.7303
2026-04-29 10:00:00,7.9917,1.5996,0.8489,7.1427,0.0386,0.0358,0.2269,32.9287
2026-04-29 11:00:00,9.0596,1.4326,1.002,8.0576,0.0501,0.0464,0.2629,42.8797
2026-04-29 12:00:00,11.7186,1.5755,1.9565,9.7621,0.0694,0.056,0.2925,50.2558
2026-04-29 13:00:00,14.8988,2.2499,1.9193,12.9795,0.0785,0.0732,0.3116,51.854
2026-04-29 14:00:00,15.9419,2.4206,3.202,12.7399,0.1099,0.0719,0.291,45.8098
2026-04-29 15:00:00,12.3495,2.3416,1.3986,10.9509,0.057,0.0589,0.2922,46.3955
2026-04-29 16:00:00,11.3418,2.1653,2.071,9.2708,0.0736,0.0614,0.303,48.6599
2026-04-29 17:00:00,17.5199,2.3708,2.2467,15.2732,0.082,0.0808,0.3336,54.7538
2026-04-29 18:00:00,15.9753,2.2654,2.6345,13.3409,0.0861,0.0701,0.3323,56.4097
2026-04-29 19:00:00,13.5049,1.9161,1.8748,11.63,0.0674,0.0583,0.2955,50.0636
2026-04-29 20:00:00,7.7885,1.0368,1.2967,6.4918,0.0486,0.0373,0.2396,40.121
2026-04-29 21:00:00,11.8569,2.3714,1.4711,10.3857,0.059,0.0474,0.2491,38.4411
2026-04-29 22:00:00,6.6028,1.5075,0.9885,5.6144,0.0436,0.0289,0.1853,29.2304
2026-04-29 23:00:00,6.4009,1.6704,0.9631,5.4378,0.0426,0.0238,0.1698,28.3551
2026-04-30 00:00:00,3.4632,1.1909,0.2911,3.1721,0.015,0.0178,0.1125,12.5934
2026-04-30 01:00:00,3.6689,1.9129,0.2737,3.3952,0.01,0.015,0.1022,11.1434
2026-04-30 02:00:00,2.737,1.9805,0.2341,2.5029,0.0152,0.0139,0.0833,4.7288
2026-04-30 03:00:00,1.8846,1.5297,0.7143,1.1702,0.0378,0.0068,0.0892,7.1439
2026-04-30 04:00:00,0.8284,0.8576,0.1456,0.6829,0.0063,0.0037,0.0719,3.7934
2026-04-30 05:00:00,0.5059,0.5099,0.0382,0.4676,0.0022,0.0029,0.0662,2.5466
2026-04-30 06:00:00,1.3631,0.8909,0.0646,1.2985,0.0042,0.0065,0.0763,4.2287
2026-04-30 07:00:00,4.6573,1.5401,0.7402,3.9172,0.0259,0.0181,0.1288,14.6676
2026-04-30 08:00:00,12.7326,3.1131,1.6352,11.0974,0.0535,0.0456,0.1815,23.4141
2026-04-30 09:00:00,6.5071,1.6972,0.8405,5.6666,0.0365,0.0323,0.185,24.4028
2026-04-30 10:00:00,5.0983,1.2966,0.4304,4.668,0.0236,0.0264,0.1793,22.4049
2026-04-30 11:00:00,11.3059,1.8799,0.934,10.3719,0.0479,0.0523,0.2558,39.801
2026-04-30 12:00:00,15.4085,1.7578,1.5409,13.8676,0.0622,0.0699,0.2898,48.872
2026-04-30 13:00:00,13.6324,1.9965,1.1507,12.4817,0.0498,0.0595,0.2896,44.8894
2026-04-30 14:00:00,8.1757,1.3722,0.9931,7.1827,0.0478,0.0405,0.2516,35.7763
2026-04-30 15:00:00,13.5802,2.211,1.1735,12.4067,0.0483,0.0548,0.2556,37.5045
2026-04-30 16:00:00,10.8949,1.8429,1.7924,9.1026,0.0632,0.0515,0.2697,42.2289
2026-04-30 17:00:00,10.3209,1.3962,1.9759,8.345,0.0715,0.049,0.289,45.2798
2026-04-30 18:00:00,13.7062,1.8968,2.0193,11.6869,0.0824,0.0652,0.2996,48.6469
2026-04-30 19:00:00,12.736,1.6077,2.3059,10.43,0.0879,0.0584,0.2966,49.74
2026-04-30 20:00:00,8.1564,1.3314,1.3392,6.8172,0.0625,0.0397,0.2462,38.5721
2026-04-30 21:00:00,10.0926,1.8794,2.2374,7.8552,0.0796,0.0449,0.2583,40.9656
2026-04-30 22:00:00,11.2742,2.6062,2.0565,9.2178,0.0705,0.0493,0.2464,41.5468
2026-04-30 23:00:00,6.0882,2.3079,0.5124,5.5758,0.0242,0.0291,0.1472,20.4939
