timestamp,flow,single_flow,uflow,dflow,pusch,pdsch,pdcch,conn
2025-10-16 09:00:00,12.3586,3.37299,0.87543,11.4832,,,0.01324,40.494
2025-10-16 10:00:00,8.63352,2.95264,0.550247,8.08327,,,0.011884,27.342
2025-10-16 11:00:00,7.22844,2.83468,0.448052,6.78039,,,0.01122,23.579
2025-10-16 12:00:00,6.88442,2.6746,0.524341,6.36008,,,0.010374,23.799
2025-10-16 13:00:00,9.46933,3.4865,0.545782,8.92354,,,0.011412,28.434
2025-10-16 14:00:00,8.09601,3.34546,0.59498,7.50103,,,0.010906,25.576
2025-10-16 15:00:00,8.4507,3.06852,0.570384,7.88032,,,0.011184,28.104
2025-10-16 16:00:00,11.2883,3.55426,0.711697,10.5766,,,0.01268,35.84
2025-10-16 17:00:00,33.3651,5.16648,2.18686,31.1783,,,0.021482,102.843
2025-10-16 18:00:00,40.7887,6.66701,4.07081,36.7179,,,0.024995,117.973
2025-10-16 19:00:00,16.8787,5.92233,1.50332,15.3753,,,0.014428,52.839
2025-10-16 20:00:00,8.79646,3.6349,0.599906,8.19655,,,0.011776,34.086
2025-10-16 21:00:00,7.15445,4.41088,0.658323,6.49613,,,0.010079,26.399
2025-10-16 22:00:00,3.90247,6.31467,0.329083,3.57338,,,0.007164,13.786
2025-10-16 23:00:00,0.992853,2.64057,0.042558,0.950295,,,0.004708,3.693
2025-10-17 00:00:00,0.191278,0.668801,0.022395,0.168883,,,0.004251,3.153
2025-10-17 01:00:00,0.191664,0.61827,0.020958,0.170706,,,0.004374,2.746
2025-10-17 02:00:00,0.376985,1.05895,0.027198,0.349787,,,0.004114,4.754
2025-10-17 03:00:00,0.022039,0.048976,0.003671,0.018368,,,0.003294,0.836
2025-10-17 04:00:00,0.037481,0.106479,0.016396,0.021085,,,0.00378,3.765
2025-10-17 05:00:00,0.701333,1.35917,0.028491,0.672842,,,0.003786,2.224
2025-10-17 06:00:00,4.67464,2.35379,0.31125,4.36339,,,0.007173,14.104
2025-10-17 07:00:00,31.4545,4.54019,1.73245,29.722,,,0.019402,83.826
2025-10-17 08:00:00,47.7394,4.30706,2.78438,44.955,,,0.025443,138.537
2025-10-17 09:00:00,11.4197,3.20059,0.9851,10.4346,,,0.012661,35.428
2025-10-17 10:00:00,7.59855,3.22793,0.42603,7.17252,,,0.01027,23.927
2025-10-17 11:00:00,6.40684,2.36066,0.463882,5.94296,,,0.010476,21.549
2025-10-17 12:00:00,9.56642,3.48123,0.655828,8.91059,,,0.011297,30.26
2025-10-17 13:00:00,7.51638,2.38767,0.625926,6.89045,,,0.010804,27.655
2025-10-17 14:00:00,7.7336,2.81426,0.540508,7.19309,,,0.011519,25.746
2025-10-17 15:00:00,9.6771,3.47098,0.796481,8.88062,,,0.011611,29.573
2025-10-17 16:00:00,14.7438,3.93168,0.938143,13.8056,,,0.014769,49.311
2025-10-17 17:00:00,39.511,4.26224,2.64813,36.8629,,,0.025001,122.001
2025-10-17 18:00:00,46.936,5.0017,3.50073,43.4352,,,0.028306,147.251
2025-10-17 19:00:00,22.4421,5.05225,1.56227,20.8798,,,0.017568,71.446
2025-10-17 20:00:00,10.2173,3.89377,0.892625,9.32464,,,0.012116,37.378
2025-10-17 21:00:00,7.91684,3.95052,0.623253,7.29359,,,0.010092,26.901
2025-10-17 22:00:00,2.87436,3.22962,0.316283,2.55808,,,0.00673,11.317
2025-10-17 23:00:00,1.24277,15.5346,0.056989,1.18578,,,0.004719,3.208
2025-10-18 00:00:00,1.70748,31.6201,0.069974,1.63751,,,0.004771,4.919
2025-10-18 01:00:00,0.400099,4.87925,0.010773,0.389326,,,0.003611,0.849
2025-10-18 02:00:00,3.3e-05,0.00207,1.6e-05,1.7e-05,,,0.003327,0.002
2025-10-18 03:00:00,0.293683,12.2368,0.010341,0.283342,,,0.003316,0.579
2025-10-18 04:00:00,0.107183,6.69882,0.002555,0.104628,,,0.003315,0.001
2025-10-18 05:00:00,0.160507,1.1802,0.027118,0.133389,,,0.003466,0.558
2025-10-18 06:00:00,5.37874,3.14179,0.356936,5.0218,,,0.006922,13.417
2025-10-18 07:00:00,11.6946,3.3394,0.737441,10.9571,,,0.011549,35.318
2025-10-18 08:00:00,18.5271,4.45362,1.04003,17.487,,,0.014448,51.169
2025-10-18 09:00:00,14.8028,3.87915,0.888151,13.9147,,,0.013418,40.507
2025-10-18 10:00:00,10.9202,2.96743,0.784744,10.1354,,,0.013119,35.801
2025-10-18 11:00:00,10.8321,2.98734,0.818744,10.0134,,,0.01255,35.627
2025-10-18 12:00:00,12.3197,3.48013,1.08593,11.2337,,,0.013177,40.146
2025-10-18 13:00:00,13.2262,3.08592,1.13443,12.0918,,,0.013683,40.788
2025-10-18 14:00:00,14.7418,3.30978,0.958161,13.7836,,,0.013988,43.216
2025-10-18 15:00:00,15.3066,3.59817,1.26133,14.0453,,,0.01399,46.926
2025-10-18 16:00:00,17.2279,3.60114,1.54076,15.6871,,,0.014908,49.234
2025-10-18 17:00:00,28.1731,4.20619,2.62074,25.5523,,,0.019711,82.305
2025-10-18 18:00:00,26.5862,4.15799,2.01349,24.5727,,,0.019376,79.437
2025-10-18 19:00:00,15.2034,4.70402,1.24657,13.9568,,,0.014498,49.586
2025-10-18 20:00:00,11.0145,4.75996,1.05568,9.95886,,,0.012737,40.798
2025-10-18 21:00:00,11.9677,6.25927,0.839704,11.128,,,0.011548,40.079
2025-10-18 22:00:00,13.1561,4.15281,2.92968,10.2264,,,0.011546,43.099
2025-10-18 23:00:00,3.31259,3.70536,0.774229,2.53836,,,0.005855,8.523
2025-10-19 00:00:00,0.113056,0.463342,0.016263,0.096793,,,0.004448,4.219
2025-10-19 01:00:00,0.394883,1.57953,0.028739,0.366144,,,0.004627,5.043
2025-10-19 02:00:00,0.251592,3.59418,0.012722,0.23887,,,0.004,3.539
2025-10-19 03:00:00,0.058375,1.3267,0.009155,0.04922,,,0.003882,3.366
2025-10-19 04:00:00,0.071656,0.275592,0.012056,0.0596,,,0.003561,1.3
2025-10-19 05:00:00,0.620042,1.00656,0.040973,0.579069,,,0.004092,3.303
2025-10-19 06:00:00,5.05971,2.40481,1.338,3.72171,,,0.006923,13.934
2025-10-19 07:00:00,10.083,3.04071,0.716705,9.36627,,,0.010364,28.414
2025-10-19 08:00:00,14.0176,3.32328,0.947401,13.0702,,,0.012942,39.212
2025-10-19 09:00:00,13.8262,2.99009,2.27184,11.5544,,,0.013872,29.301
2025-10-19 10:00:00,11.8685,2.47777,0.875435,10.9931,,,0.013203,37.9
2025-10-19 11:00:00,14.7896,2.91249,1.05963,13.73,,,0.014482,45.306
2025-10-19 12:00:00,15.1874,2.9991,2.33848,12.8489,,,0.014715,46.288
2025-10-19 13:00:00,14.5352,2.90007,1.22879,13.3064,,,0.013837,44.725
2025-10-19 14:00:00,15.6573,3.78927,1.58931,14.068,,,0.013907,40.973
2025-10-19 15:00:00,14.4973,3.47489,1.0997,13.3976,,,0.013819,42.319
2025-10-19 16:00:00,15.0576,3.73637,1.13164,13.9259,,,0.014547,44.977
2025-10-19 17:00:00,17.1475,3.57985,1.6214,15.5261,,,0.016188,53.134
2025-10-19 18:00:00,17.7944,4.23474,1.47189,16.3225,,,0.015528,54.965
2025-10-19 19:00:00,11.304,3.49319,1.04539,10.2586,,,0.013178,41.279
2025-10-19 20:00:00,8.74901,4.38327,0.709853,8.03916,,,0.011697,36.345
2025-10-19 21:00:00,7.68153,3.85619,0.645389,7.03614,,,0.010093,27.448
2025-10-19 22:00:00,3.25671,4.42487,0.222624,3.03408,,,0.006475,10.743
2025-10-19 23:00:00,0.646252,4.89584,0.036623,0.609629,,,0.004645,3.22
2025-10-20 00:00:00,0.593494,1.76635,0.032005,0.561489,,,0.004293,1.466
2025-10-20 01:00:00,0.407355,1.30196,0.022104,0.385252,,,0.005084,1.02833
2025-10-20 02:00:00,0.221217,0.837561,0.012202,0.209014,,,0.005875,0.590667
2025-10-20 03:00:00,0.035078,0.373165,0.002301,0.032777,,,0.006666,0.153
2025-10-20 04:00:00,0.464803,13.6707,0.016389,0.448414,,,0.007125,1.599
2025-10-20 05:00:00,0.363957,1.08321,0.039058,0.324899,,,0.007733,2.302
2025-10-20 06:00:00,6.83251,3.25668,0.405778,6.42673,,,0.015903,18.811
2025-10-20 07:00:00,31.1734,3.98331,2.31946,28.8539,,,0.028001,87.783
2025-10-20 08:00:00,47.5293,4.61539,2.98078,44.5485,,,0.028701,94.005
2025-10-20 09:00:00,13.3383,3.44658,0.828765,12.5095,,,0.013423,40.465
2025-10-20 10:00:00,6.35257,2.06118,0.578034,5.77454,,,0.010578,23.66
2025-10-20 11:00:00,8.38557,2.63036,0.710402,7.67517,,,0.011222,26.294
2025-10-20 12:00:00,6.71937,2.61251,0.561414,6.15796,,,0.010535,25.254
2025-10-20 13:00:00,6.92478,2.29906,0.533839,6.39094,,,0.010488,24.456
2025-10-20 14:00:00,7.63168,2.36715,0.531754,7.09993,,,0.011422,26.396
2025-10-20 15:00:00,5.65107,2.50047,0.401672,5.2494,,,0.0115,26.99
2025-10-20 16:00:00,9.21675,3.11587,0.804657,8.41209,,,0.012015,31.832
2025-10-20 17:00:00,33.3147,4.64382,2.30019,31.0146,,,0.022324,104.848
2025-10-20 18:00:00,36.5033,5.55099,2.56127,33.942,,,0.023839,109.897
2025-10-20 19:00:00,14.6729,4.75774,1.22097,13.4519,,,0.014436,50.096
2025-10-20 20:00:00,7.97527,4.07733,0.703474,7.2718,,,0.010884,28.578
2025-10-20 21:00:00,6.69539,4.92308,0.555381,6.14001,,,0.009159,23.151
2025-10-20 22:00:00,1.43536,3.21829,0.099157,1.3362,,,0.005489,4.579
2025-10-20 23:00:00,0.022222,0,0.002719,0.019503,,,0.004056,0.114
2025-10-21 00:00:00,0,0,0,0,,,0.003471,0
2025-10-21 01:00:00,9e-06,0,3e-06,6e-06,,,0.003318,0.001
2025-10-21 02:00:00,3e-06,0.001624,2e-06,1e-06,,,0.003276,0
2025-10-21 03:00:00,3e-06,0.001679,2e-06,1e-06,,,0.003184,0
2025-10-21 04:00:00,0,0,0,0,,,0.003259,0
2025-10-21 05:00:00,0.418127,2.04964,0.024565,0.393562,,,0.003625,0.956
2025-10-21 06:00:00,5.1094,2.96026,0.304477,4.80493,,,0.007129,13.253
2025-10-21 07:00:00,29.8328,4.64397,1.74821,28.0846,,,0.020249,83.727
2025-10-21 08:00:00,47.7038,4.92299,2.61836,45.0854,,,0.026871,137.786
2025-10-21 09:00:00,12.1472,4.02493,0.777834,11.3694,,,0.012646,35.128
2025-10-21 10:00:00,6.54206,2.6358,0.42036,6.1217,,,0.010861,21.888
2025-10-21 11:00:00,7.39216,2.71172,0.480207,6.91195,,,0.010615,21.047
2025-10-21 12:00:00,8.21741,3.37609,0.791006,7.4264,,,0.010431,25.978
2025-10-21 13:00:00,7.89016,2.85462,0.529448,7.36071,,,0.009965,24.789
2025-10-21 14:00:00,6.41226,2.54657,0.48745,5.92481,,,0.015197,20.256
2025-10-21 15:00:00,7.5741,2.94712,0.626819,6.94728,,,0.022062,23.258
2025-10-21 16:00:00,8.9663,2.73196,0.666119,8.30018,,,0.023501,29.694
2025-10-21 17:00:00,37.9318,5.36214,2.50507,35.4267,,,0.025842,106.956
2025-10-21 18:00:00,40.4646,5.91415,2.82743,37.6372,,,0.025708,113.541
2025-10-21 19:00:00,16.6014,4.87416,1.35147,15.2499,,,0.028804,50.966
2025-10-21 20:00:00,10.385,5.17699,0.978207,9.40683,,,0.021946,30.26
2025-10-21 21:00:00,8.61864,3.98642,0.722901,7.89574,,,0.02141,32.421
2025-10-21 22:00:00,3.35281,3.81001,0.400449,2.95236,,,0.013121,10.473
2025-10-21 23:00:00,0.832953,9.91611,0.035692,0.797261,,,0.008015,1.035
2025-10-22 00:00:00,0.041665,0.578698,0.009799,0.031866,,,0.008435,3.417
2025-10-22 01:00:00,0.030417,0.144847,0.01054,0.019877,,,0.00797,3.017
2025-10-22 02:00:00,0.019087,0.502305,0.00671,0.012377,,,0.007876,3.848
2025-10-22 03:00:00,0.006749,0.08435,0.00289,0.003859,,,0.007023,1.172
2025-10-22 04:00:00,0.046917,5.86464,0.005749,0.041168,,,0.007631,3.851
2025-10-22 05:00:00,0.363153,0.807007,0.019255,0.343898,,,0.007458,1.913
2025-10-22 06:00:00,5.93981,2.66121,0.580327,5.35948,,,0.015144,17.179
2025-10-22 07:00:00,29.9884,4.36005,1.7775,28.2109,,,0.025138,85.196
2025-10-22 08:00:00,47.3274,4.84118,2.71433,44.613,,,0.028582,143.251
2025-10-22 09:00:00,11.8234,2.97369,0.739193,11.0842,,,0.01267,35.894
2025-10-22 10:00:00,6.90575,2.08633,0.459915,6.44583,,,0.011106,22.588
2025-10-22 11:00:00,6.63103,2.13628,0.467091,6.16394,,,0.01069,21.314
2025-10-22 12:00:00,8.02739,2.79505,0.544012,7.48338,,,0.010433,22.196
2025-10-22 13:00:00,7.67103,2.39271,0.663771,7.00726,,,0.011126,25.641
2025-10-22 14:00:00,10.3471,3.92531,0.588587,9.75852,,,0.010992,27.509
2025-10-22 15:00:00,8.78856,3.61075,0.644868,8.14369,,,0.011382,24.673
2025-10-22 16:00:00,11.3241,3.39045,0.806592,10.5175,,,0.012298,33.015
2025-10-22 17:00:00,36.374,5.3444,2.42888,33.9451,,,0.023397,103.306
2025-10-22 18:00:00,35.9162,5.8725,2.43758,33.4786,,,0.023153,108.781
2025-10-22 19:00:00,14.8333,5.03505,1.10494,13.7283,,,0.01425,50.615
2025-10-22 20:00:00,9.87154,5.38252,0.739358,9.13218,,,0.011183,32.512
2025-10-22 21:00:00,6.83278,4.08171,0.600484,6.2323,,,0.009357,23.218
2025-10-22 22:00:00,3.88134,6.55632,0.373217,3.50812,,,0.006617,10.37
2025-10-22 23:00:00,0.08396,0.524749,0.008973,0.074987,,,0.004407,3.266
2025-10-23 00:00:00,0.364649,7.59686,0.034331,0.330318,,,0.005125,8.052
2025-10-23 01:00:00,0.433023,3.13786,0.020975,0.412048,,,0.004435,5.933
2025-10-23 02:00:00,0.188675,0.813256,0.008621,0.180054,,,0.003813,2.892
2025-10-23 03:00:00,0.030137,0.135757,0.007511,0.022626,,,0.003695,1.766
2025-10-23 04:00:00,0.08823,0.424184,0.007025,0.081205,,,0.004013,4.29
2025-10-23 05:00:00,0.389284,0.922472,0.031814,0.35747,,,0.00383,2.285
2025-10-23 06:00:00,5.62294,2.7429,0.316104,5.30683,,,0.007432,16.25
2025-10-23 07:00:00,33.0831,4.70599,1.98465,31.0985,,,0.01892,88.324
2025-10-23 08:00:00,49.2599,4.99087,2.65866,46.6013,,,0.025786,137.757
2025-10-23 09:00:00,10.5135,2.59978,0.778767,9.73475,,,0.012624,34.849
2025-10-23 10:00:00,7.49276,2.36067,0.495485,6.99727,,,0.010947,22.61
2025-10-23 11:00:00,6.55859,2.53619,0.437392,6.1212,,,0.01098,21.345
2025-10-23 12:00:00,11.0109,4.71358,0.476279,10.5346,,,0.009894,20.154
2025-10-23 13:00:00,6.82293,2.40075,0.486875,6.33605,,,0.0099,23.146
2025-10-23 14:00:00,8.18737,2.84481,0.445894,7.74147,,,0.010253,22.564
2025-10-23 15:00:00,7.13963,2.45011,0.568081,6.57155,,,0.010143,22.41
2025-10-23 16:00:00,10.2322,3.41758,1.19138,9.04086,,,0.01153,29.188
2025-10-23 17:00:00,31.6742,5.58431,1.88584,29.7884,,,0.022277,103.929
2025-10-23 18:00:00,36.7873,5.56541,2.65763,34.1297,,,0.02256,111.611
2025-10-23 19:00:00,16.8043,5.28436,1.24884,15.5554,,,0.013712,48.957
2025-10-23 20:00:00,10.6265,3.8446,0.841368,9.7851,,,0.01185,34.693
2025-10-23 21:00:00,7.68371,3.59388,0.710743,6.97297,,,0.009932,25.94
2025-10-23 22:00:00,3.83618,4.23419,0.229631,3.60655,,,0.00647,10.956
2025-10-23 23:00:00,0.14756,0.346388,0.01545,0.13211,,,0.004045,0.953
2025-10-24 00:00:00,0.232476,0.812856,0.026061,0.206415,,,0.003797,0.842
2025-10-24 01:00:00,0.192523,2.83123,0.012444,0.180079,,,0.00361,0.579
2025-10-24 02:00:00,0.004392,0.054906,0.000547,0.003845,,,0.003356,0.047
2025-10-24 03:00:00,0.022869,1.90587,0.003268,0.019601,,,0.003169,0.042
2025-10-24 04:00:00,0.05906,4.21863,0.001887,0.057173,,,0.003225,0.05
2025-10-24 05:00:00,0.410984,2.47581,0.018817,0.392167,,,0.003543,0.671
2025-10-24 06:00:00,5.56373,3.05699,0.310388,5.25334,,,0.007305,14.47
2025-10-24 07:00:00,32.923,4.8459,1.738,31.185,,,0.019057,87.467
2025-10-24 08:00:00,50.4954,5.69155,2.92592,47.5695,,,0.024356,139.344
2025-10-24 09:00:00,12.8618,3.24957,0.721764,12.14,,,0.012992,36.925
2025-10-24 10:00:00,7.20289,2.54339,0.447095,6.75579,,,0.010704,23.798
2025-10-24 11:00:00,8.51012,2.71715,0.569033,7.94109,,,0.011495,25.843
2025-10-24 12:00:00,11.2451,4.04498,1.04819,10.1969,,,0.010951,28.88
2025-10-24 13:00:00,9.97132,3.26073,0.760636,9.21068,,,0.01135,31.803
2025-10-24 14:00:00,8.68705,2.7198,0.63655,8.0505,,,0.011558,29.042
2025-10-24 15:00:00,12.624,3.70422,0.750581,11.8734,,,0.013242,37.936
2025-10-24 16:00:00,14.9033,3.67801,1.16196,13.7414,,,0.014085,44.019
2025-10-24 17:00:00,38.8315,4.5738,2.83824,35.9933,,,0.02307,112.216
2025-10-24 18:00:00,42.3975,5.26677,2.9851,39.4124,,,0.025607,134.692
2025-10-24 19:00:00,21.7504,5.60288,1.67869,20.0717,,,0.01754,71.699
2025-10-24 20:00:00,11.8033,4.47096,0.857161,10.9462,,,0.012672,39.296
2025-10-24 21:00:00,9.59621,4.05588,0.903317,8.69289,,,0.01107,33.48
2025-10-24 22:00:00,4.73339,6.36208,0.836527,3.89686,,,0.00721,14.822
2025-10-24 23:00:00,0.507689,2.72951,0.015783,0.491906,,,0.004146,0.823
2025-10-25 00:00:00,0.437902,10.9475,0.013533,0.424369,,,0.004121,1.843
2025-10-25 01:00:00,0.030673,0.383407,0.008182,0.022491,,,0.004183,3.601
2025-10-25 02:00:00,0.014975,2.49578,0.004842,0.010133,,,0.00385,3.423
2025-10-25 03:00:00,0.019794,9.89618,0.008569,0.011225,,,0.003955,4
2025-10-25 04:00:00,0.027819,0.386376,0.00469,0.023129,,,0.003616,2.569
2025-10-25 05:00:00,0.169803,0.393062,0.012579,0.157224,,,0.003711,2.011
2025-10-25 06:00:00,4.2094,1.88762,0.252444,3.95695,,,0.00693,15.256
2025-10-25 07:00:00,11.271,2.9139,0.716998,10.554,,,0.011031,35.642
2025-10-25 08:00:00,19.981,4.49012,1.2472,18.7338,,,0.015648,54.749
2025-10-25 09:00:00,14.2224,3.48248,0.83239,13.3901,,,0.013626,39.346
2025-10-25 10:00:00,10.7878,2.52169,0.72097,10.0668,,,0.012829,31.967
2025-10-25 11:00:00,11.7341,3.18169,0.890395,10.8437,,,0.01272,35.535
2025-10-25 12:00:00,10.8698,2.49651,0.903012,9.9668,,,0.012263,34.469
2025-10-25 13:00:00,11.3136,3.162,1.00328,10.3103,,,0.012126,32.151
2025-10-25 14:00:00,10.7291,3.21424,0.775903,9.95322,,,0.0124,31.737
2025-10-25 15:00:00,11.4271,3.52687,0.851486,10.5756,,,0.012533,31.6
2025-10-25 16:00:00,13.5653,3.58491,0.916442,12.6489,,,0.013105,38.472
2025-10-25 17:00:00,20.8276,4.25923,2.59794,18.2297,,,0.016876,60.422
2025-10-25 18:00:00,22.2155,4.89328,1.49599,20.7195,,,0.017026,63.35
2025-10-25 19:00:00,12.0374,4.06393,0.842832,11.1945,,,0.012197,36.06
2025-10-25 20:00:00,10.4751,5.07024,0.798513,9.6766,,,0.011072,29.464
2025-10-25 21:00:00,8.25802,4.45898,0.712575,7.54545,,,0.009996,20.27
2025-10-25 22:00:00,3.64183,3.87429,0.408997,3.23284,,,0.007194,12.579
2025-10-25 23:00:00,0.133986,1.17532,0.032791,0.101195,,,0.004379,2.144
2025-10-26 00:00:00,0.018134,1.29526,0.007581,0.010553,,,0.004387,4.01
2025-10-26 01:00:00,0.014624,0.203113,0.004933,0.009691,,,0.003902,2.813
2025-10-26 02:00:00,0.617686,19.3027,0.015227,0.602459,,,0.003462,0.668
2025-10-26 03:00:00,0.014823,0.239075,0.007827,0.006996,,,0.003734,3.007
2025-10-26 04:00:00,0.085843,1.34129,0.011046,0.074797,,,0.00367,2.254
2025-10-26 05:00:00,0.30592,1.48506,0.024117,0.281803,,,0.003836,2.248
2025-10-26 06:00:00,2.72735,2.18188,0.184973,2.54238,,,0.005889,8.094
2025-10-26 07:00:00,8.94995,3.21017,0.529149,8.4208,,,0.009484,25.407
2025-10-26 08:00:00,12.1654,3.73632,0.778375,11.3871,,,0.011472,30.687
2025-10-26 09:00:00,9.92558,2.94353,0.627402,9.29818,,,0.011881,29.439
2025-10-26 10:00:00,9.89507,2.55291,0.645919,9.24915,,,0.011996,29.922
2025-10-26 11:00:00,10.4185,3.29699,0.651737,9.76676,,,0.012296,29.623
2025-10-26 12:00:00,13.6279,3.53789,0.937396,12.6905,,,0.012098,34.411
2025-10-26 13:00:00,15.6505,3.55048,1.08715,14.5633,,,0.013232,42.388
2025-10-26 14:00:00,18.5192,3.28355,1.88122,16.638,,,0.015397,51.033
2025-10-26 15:00:00,14.5852,3.45458,1.26146,13.3238,,,0.014003,43.404
2025-10-26 16:00:00,15.4836,3.41049,0.945973,14.5377,,,0.014061,42.683
2025-10-26 17:00:00,20.8036,4.30716,1.62004,19.1835,,,0.015418,56.288
2025-10-26 18:00:00,26.2117,3.76281,2.43227,23.7795,,,0.018882,75.99
2025-10-26 19:00:00,11.6646,3.32513,0.983734,10.6808,,,0.012738,39.752
2025-10-26 20:00:00,9.13898,3.23848,0.683908,8.45508,,,0.010849,30.812
2025-10-26 21:00:00,8.79809,3.85881,0.761551,8.03654,,,0.009843,28.394
2025-10-26 22:00:00,3.54757,3.66484,0.231073,3.31649,,,0.006345,9.321
2025-10-26 23:00:00,0.100559,2.95762,0.00609,0.094469,,,0.003907,0.329
2025-10-27 00:00:00,0.015321,1.09444,0.000722,0.014599,,,0.003541,0.025
2025-10-27 01:00:00,0.255375,42.5625,0.009487,0.245888,,,0.003474,0.553
2025-10-27 02:00:00,0.078475,9.80936,0.005681,0.072794,,,0.003344,0.179
2025-10-27 03:00:00,0.12635,7.89689,0.004634,0.121716,,,0.003277,0.304
2025-10-27 04:00:00,0.04633,0.421183,0.001514,0.044816,,,0.003395,0.137
2025-10-27 05:00:00,0.405497,1.93094,0.024259,0.381238,,,0.003514,0.788
2025-10-27 06:00:00,6.00644,3.49618,0.338678,5.66776,,,0.007106,14.958
2025-10-27 07:00:00,31.869,4.45347,1.89063,29.9784,,,0.019164,87.305
2025-10-27 08:00:00,53.3282,5.20987,3.1378,50.1904,,,0.025453,141.419
2025-10-27 09:00:00,11.92,3.63193,0.80669,11.1133,,,0.012418,37.852
2025-10-27 10:00:00,8.48829,2.78305,0.554399,7.93389,,,0.011217,27.597
2025-10-27 11:00:00,10.082,4.14899,0.854495,9.22755,,,0.010813,23.263
2025-10-27 12:00:00,7.03638,3.01473,0.505897,6.53048,,,0.010142,23.511
2025-10-27 13:00:00,10.2325,3.59793,0.63027,9.60224,,,0.011168,31.617
2025-10-27 14:00:00,7.24578,3.0912,0.462616,6.78316,,,0.010045,22.673
2025-10-27 15:00:00,6.6866,2.50998,0.39397,6.29263,,,0.010241,20.167
2025-10-27 16:00:00,11.7974,4.3119,0.925036,10.8723,,,0.012385,31.473
2025-10-27 17:00:00,38.2793,5.18971,2.55041,35.7289,,,0.021902,106.391
2025-10-27 18:00:00,37.3185,5.65946,2.49143,34.827,,,0.022371,108.598
2025-10-27 19:00:00,11.2486,5.59075,0.872539,10.3761,,,0.014287,50.111
2025-10-27 20:00:00,10.6149,5.52858,0.801934,9.81295,,,0.011448,35.313
2025-10-27 21:00:00,7.70523,5.88186,0.675739,7.02949,,,0.009312,26.535
2025-10-27 22:00:00,3.11679,7.42094,0.224696,2.8921,,,0.006626,12.431
2025-10-27 23:00:00,0.182263,2.11935,0.01407,0.168193,,,0.004335,2.772
2025-10-28 00:00:00,0.509277,11.5745,0.034713,0.474564,,,0.004569,4.604
2025-10-28 01:00:00,0.452552,7.07111,0.010052,0.4425,,,0.007013,0.519
2025-10-28 02:00:00,0.425226,30.3733,0.012913,0.412313,,,0.007591,2.71
2025-10-28 03:00:00,0.223447,3.01956,0.01405,0.209397,,,0.007435,2.736
2025-10-28 04:00:00,0.009615,0.801328,0.004462,0.005153,,,0.007568,4.001
2025-10-28 05:00:00,0.325459,0.638155,0.017721,0.307738,,,0.007502,1.975
2025-10-28 06:00:00,6.57753,2.91816,0.307683,6.26985,,,0.015056,17.498
2025-10-28 07:00:00,30.9014,4.194,1.70273,29.1987,,,0.026311,84.48
2025-10-28 08:00:00,48.1275,4.8282,2.78953,45.338,,,0.030255,142.71
2025-10-28 09:00:00,11.7229,3.33415,0.689965,11.0329,,,0.024714,34.467
2025-10-28 10:00:00,6.34217,2.09312,0.499342,5.84282,,,0.021044,22.135
2025-10-28 11:00:00,7.24639,2.46141,1.18841,6.05798,,,0.021882,23.817
2025-10-28 12:00:00,8.58571,3.07511,0.504396,8.08131,,,0.020274,25.148
2025-10-28 13:00:00,7.8566,2.79594,0.49576,7.36084,,,0.020388,24.992
2025-10-28 14:00:00,7.31945,2.89535,0.521336,6.79812,,,0.021935,26.194
2025-10-28 15:00:00,9.96132,3.83718,0.540646,9.42067,,,0.023076,29.612
2025-10-28 16:00:00,11.2626,4.21189,0.628738,10.6339,,,0.024529,33.272
2025-10-28 17:00:00,34.868,4.99828,2.17852,32.6895,,,0.025337,99.621
2025-10-28 18:00:00,36.176,6.0964,2.56512,33.6109,,,0.023447,108.492
2025-10-28 19:00:00,15.9821,6.27241,1.01907,14.963,,,0.014036,51.248
2025-10-28 20:00:00,9.34957,5.68018,0.802162,8.54741,,,0.011328,34.268
2025-10-28 21:00:00,7.46417,6.50189,0.578432,6.88574,,,0.009926,27.117
2025-10-28 22:00:00,3.08445,4.54934,0.268309,2.81615,,,0.006519,10.899
2025-10-28 23:00:00,0.296406,0.975019,0.030683,0.265723,,,0.004834,4.705
2025-10-29 00:00:00,0.422036,1.42579,0.027293,0.394743,,,0.004499,3.99
2025-10-29 01:00:00,0.027285,0.149916,0.008769,0.018516,,,0.004257,4.066
2025-10-29 02:00:00,0.069141,0.230472,0.017392,0.051749,,,0.004113,3.145
2025-10-29 03:00:00,0.018989,0.316495,0.00479,0.014199,,,0.003827,3.048
2025-10-29 04:00:00,0.015887,3.97173,0.004863,0.011024,,,0.004007,4
2025-10-29 05:00:00,0.54034,1.60816,0.040339,0.500001,,,0.004042,2.742
2025-10-29 06:00:00,4.90495,2.56535,0.291735,4.61321,,,0.007191,13.165
2025-10-29 07:00:00,31.9306,4.82627,1.75913,30.1714,,,0.017919,73.859
2025-10-29 08:00:00,49.2089,5.13663,2.58495,46.624,,,0.02477,138.468
2025-10-29 09:00:00,11.003,3.20787,0.723823,10.2792,,,0.012517,35.401
2025-10-29 10:00:00,7.68587,3.36804,0.639188,7.04668,,,0.010784,23.937
2025-10-29 11:00:00,7.07306,3.05664,0.389796,6.68327,,,0.010087,18.805
2025-10-29 12:00:00,8.88906,3.02144,0.656258,8.23281,,,0.010545,26.316
2025-10-29 13:00:00,7.66511,2.83473,0.655502,7.00961,,,0.010353,25.914
2025-10-29 14:00:00,9.11821,2.91131,0.732155,8.38606,,,0.011058,26.069
2025-10-29 15:00:00,7.95084,2.90389,0.514273,7.43657,,,0.010976,26.946
2025-10-29 16:00:00,10.8664,3.82619,0.92372,9.94265,,,0.011992,33.033
2025-10-29 17:00:00,35.417,5.23146,2.47974,32.9373,,,0.021212,98.453
2025-10-29 18:00:00,38.6176,6.06242,2.53352,36.0841,,,0.022394,112.742
2025-10-29 19:00:00,16.9389,5.05338,1.30579,15.6331,,,0.014487,48.339
2025-10-29 20:00:00,9.39299,3.97671,0.7822,8.61079,,,0.011304,30.667
2025-10-29 21:00:00,7.8222,3.44287,0.543492,7.27871,,,0.009734,24.901
2025-10-29 22:00:00,1.93849,3.05755,0.181583,1.7569,,,0.005841,7.305
2025-10-29 23:00:00,0.02964,1.34731,0.001448,0.028192,,,0.003822,0.081
2025-10-30 00:00:00,0.001653,0.11807,0.000357,0.001296,,,0.00363,0.012
2025-10-30 01:00:00,3.7e-05,0.002009,1.8e-05,1.9e-05,,,0.003444,0.002
2025-10-30 02:00:00,2.7e-05,0.001704,1.3e-05,1.4e-05,,,0.003261,0.002
2025-10-30 03:00:00,3.8e-05,0.002267,1.9e-05,1.9e-05,,,0.003153,0.003
2025-10-30 04:00:00,2.1e-05,0.002138,1.1e-05,1e-05,,,0.003216,0.001
2025-10-30 05:00:00,0.231239,0.939992,0.021427,0.209812,,,0.003525,0.661
2025-10-30 06:00:00,4.998,2.9964,0.334327,4.66367,,,0.00704,13.123
2025-10-30 07:00:00,31.4377,4.84252,1.88649,29.5512,,,0.018319,84.878
2025-10-30 08:00:00,47.9606,5.37193,3.08717,44.8735,,,0.024626,138.766
2025-10-30 09:00:00,11.7348,3.84495,0.739259,10.9955,,,0.01226,35.267
2025-10-30 10:00:00,7.07719,2.63484,0.662509,6.41468,,,0.01074,21.292
2025-10-30 11:00:00,6.91666,2.83237,0.698332,6.21833,,,0.011138,22.877
2025-10-30 12:00:00,8.42926,3.41542,0.900321,7.52894,,,0.011567,29.151
2025-10-30 13:00:00,8.19055,3.06533,0.541987,7.64857,,,0.010998,27.363
2025-10-30 14:00:00,7.14599,2.41419,0.520042,6.62595,,,0.011165,24.462
2025-10-30 15:00:00,8.21334,2.65632,0.492325,7.72101,,,0.010851,25.376
2025-10-30 16:00:00,10.9891,3.1669,0.882679,10.1065,,,0.01279,34.372
2025-10-30 17:00:00,37.4647,5.07377,3.52111,33.9436,,,0.022878,106.81
2025-10-30 18:00:00,36.7584,5.89833,2.67932,34.0791,,,0.023356,79.289
2025-10-30 19:00:00,16.7745,5.24859,1.27727,15.4972,,,0.014639,53.394
2025-10-30 20:00:00,11.6128,5.04904,0.970587,10.6422,,,0.012126,39.319
2025-10-30 21:00:00,9.04837,5.18234,0.866134,8.18223,,,0.010757,31.077
2025-10-30 22:00:00,4.09047,7.74709,0.29483,3.79563,,,0.006675,9.509
2025-10-30 23:00:00,0.387603,4.12343,0.02838,0.359223,,,0.00411,1.083
2025-10-31 00:00:00,0.478879,29.9299,0.017351,0.461528,,,0.003832,1.134
2025-10-31 01:00:00,0.974331,60.8957,0.019361,0.95497,,,0.003642,1.325
2025-10-31 02:00:00,0.437971,7.29952,0.011726,0.426245,,,0.003456,0.702
2025-10-31 03:00:00,0.171005,4.27512,0.007798,0.163207,,,0.003543,1.817
2025-10-31 04:00:00,0.333345,8.77223,0.015715,0.31763,,,0.004264,4.784
2025-10-31 05:00:00,0.359377,0.880821,0.03069,0.328687,,,0.003862,2.302
2025-10-31 06:00:00,5.03487,2.26796,0.39404,4.64083,,,0.007135,15.024
2025-10-31 07:00:00,29.1244,4.08248,1.686,27.4384,,,0.017318,80.431
2025-10-31 08:00:00,47.805,5.24869,2.68009,45.1249,,,0.024436,136.418
2025-10-31 09:00:00,12.4238,3.58036,0.850099,11.5737,,,0.013419,37.247
2025-10-31 10:00:00,8.67243,3.07315,0.716223,7.9562,,,0.011802,26.097
2025-10-31 11:00:00,8.13469,2.8012,0.53855,7.59614,,,0.011396,24.586
2025-10-31 12:00:00,9.49641,3.23447,0.681854,8.81455,,,0.010769,27.868
2025-10-31 13:00:00,8.97043,2.74661,0.607708,8.36272,,,0.010868,29.185
2025-10-31 14:00:00,9.97585,3.95553,0.655158,9.32069,,,0.011012,28.054
2025-10-31 15:00:00,10.8693,3.84348,0.78495,10.0844,,,0.012741,34.162
2025-10-31 16:00:00,17.3509,4.35514,1.19027,16.1606,,,0.015396,52.187
2025-10-31 17:00:00,38.5064,4.86684,2.45678,36.0496,,,0.024242,119.525
2025-10-31 18:00:00,44.3043,5.66551,3.5669,40.7374,,,0.026912,141.155
2025-10-31 19:00:00,20.7944,6.06958,1.59442,19.2,,,0.017778,69.581
2025-10-31 20:00:00,12.5714,4.65953,0.868474,11.7029,,,0.01323,44.952
2025-10-31 21:00:00,10.3673,5.49115,0.793428,9.57387,,,0.011222,34.754
2025-10-31 22:00:00,4.74953,7.5871,0.582799,4.16673,,,0.007743,15.318
2025-10-31 23:00:00,0.365857,4.94403,0.024221,0.341636,,,0.005104,3.518
2025-11-01 00:00:00,0.74039,30.8496,0.030418,0.709972,,,0.005078,5.079
2025-11-01 01:00:00,0.025575,1.59845,0.008627,0.016948,,,0.004417,4.001
2025-11-01 02:00:00,0.08474,1.41233,0.003488,0.081252,,,0.003773,1.033
2025-11-01 03:00:00,0.162524,3.69373,0.007153,0.155371,,,0.003524,0.371
2025-11-01 04:00:00,1.02187,39.3027,0.022382,0.999489,,,0.003986,2.48
2025-11-01 05:00:00,1.19476,3.47312,0.077577,1.11718,,,0.004368,3.515
2025-11-01 06:00:00,7.98619,5.12593,0.288828,7.69736,,,0.006937,12.31
2025-11-01 07:00:00,14.4143,4.25451,0.74745,13.6668,,,0.011142,34.788
2025-11-01 08:00:00,13.71,4.52477,0.744557,12.9655,,,0.01487,51.704
2025-11-01 09:00:00,11.9662,2.89598,0.960294,11.0059,,,0.012793,36.003
2025-11-01 10:00:00,12.1092,3.04405,1.0786,11.0307,,,0.01296,35.909
2025-11-01 11:00:00,13.5601,3.8327,1.0517,12.5084,,,0.013015,34.821
2025-11-01 12:00:00,11.0903,3.40821,0.803088,10.2872,,,0.012188,32.699
2025-11-01 13:00:00,13.0833,3.10473,0.943885,12.1394,,,0.013031,41.369
2025-11-01 14:00:00,14.26,3.0839,1.03754,13.2224,,,0.013864,42.409
2025-11-01 15:00:00,12.0482,3.34858,0.856156,11.192,,,0.012697,36.885
2025-11-01 16:00:00,12.9959,3.3985,0.903384,12.0925,,,0.012851,36.896
2025-11-01 17:00:00,22.0468,3.89795,2.04152,20.0053,,,0.016209,60.477
2025-11-01 18:00:00,27.218,4.26347,2.17053,25.0474,,,0.018659,77.246
2025-11-01 19:00:00,14.1668,4.1087,1.10891,13.0579,,,0.013218,39.138
2025-11-01 20:00:00,8.17576,3.09453,0.684141,7.49162,,,0.010948,28.599
2025-11-01 21:00:00,9.01559,4.86803,0.71702,8.29857,,,0.009625,25.475
2025-11-01 22:00:00,2.67747,2.67747,0.32187,2.3556,,,0.006724,10.073
2025-11-01 23:00:00,0.093584,15.5973,0.050159,0.043425,,,0.003993,0.069
2025-11-02 00:00:00,1e-05,0.001529,5e-06,5e-06,,,0.003763,0.001
2025-11-02 01:00:00,0.000285,0.010988,0.000103,0.000182,,,0.003552,0.015
2025-11-02 02:00:00,1.6e-05,0.003885,1.1e-05,5e-06,,,0.003454,0.001
2025-11-02 03:00:00,1.4e-05,0.002413,7e-06,7e-06,,,0.003313,0
2025-11-02 04:00:00,9e-06,0.001513,5e-06,4e-06,,,0.003388,0
2025-11-02 05:00:00,0.412178,3.43481,0.025507,0.386671,,,0.00364,0.837
2025-11-02 06:00:00,2.56252,2.42205,0.171088,2.39143,,,0.005683,6.991
2025-11-02 07:00:00,7.35948,3.43901,0.389359,6.97012,,,0.008594,19.678
2025-11-02 08:00:00,12.6319,4.10927,0.690817,11.9411,,,0.011642,32.823
2025-11-02 09:00:00,11.4314,3.0194,0.754225,10.6772,,,0.012189,32.252
2025-11-02 10:00:00,10.9162,3.14226,0.735854,10.1804,,,0.012589,33.732
2025-11-02 11:00:00,9.79864,2.83854,0.658226,9.14041,,,0.011859,29.424
2025-11-02 12:00:00,9.11009,3.14792,0.693448,8.41664,,,0.011141,27.624
2025-11-02 13:00:00,11.1238,3.25256,0.830076,10.2937,,,0.012062,24.066
2025-11-02 14:00:00,10.9238,2.89757,0.842027,10.0818,,,0.012374,35.09
2025-11-02 15:00:00,13.8924,3.33151,1.17589,12.7165,,,0.013568,40.774
2025-11-02 16:00:00,20.2859,4.29423,1.63353,18.6524,,,0.015415,52.143
2025-11-02 17:00:00,17.9109,3.5369,1.31504,16.5958,,,0.016148,54.503
2025-11-02 18:00:00,17.8905,4.40436,1.48248,16.408,,,0.014992,53.339
2025-11-02 19:00:00,12.3784,4.0242,1.03379,11.3446,,,0.013377,42.933
2025-11-02 20:00:00,9.56401,4.25067,0.839973,8.72403,,,0.011761,38.115
2025-11-02 21:00:00,9.57391,4.55901,0.720232,8.85368,,,0.010298,30.958
2025-11-02 22:00:00,3.15423,3.56008,0.249348,2.90489,,,0.006638,10.842
2025-11-02 23:00:00,0.101842,1.27303,0.009806,0.092036,,,0.004632,2.703
2025-11-03 00:00:00,0.020044,1.00215,0.006956,0.013088,,,0.004366,4
2025-11-03 01:00:00,0.030466,0.525294,0.01119,0.019276,,,0.004128,2.807
2025-11-03 02:00:00,0.025838,0.807472,0.007799,0.018039,,,0.004147,3.721
2025-11-03 03:00:00,0.012862,0.229659,0.004777,0.008085,,,0.003788,2.328
2025-11-03 04:00:00,0.019484,0.885611,0.008625,0.010859,,,0.004093,4.002
2025-11-03 05:00:00,0.225626,0.578525,0.021831,0.203795,,,0.003874,2.149
2025-11-03 06:00:00,6.32924,2.33035,0.42884,5.9004,,,0.007836,17.193
2025-11-03 07:00:00,32.7052,4.2233,2.67593,30.0293,,,0.018611,91.066
2025-11-03 08:00:00,27.9943,4.65021,1.65521,26.3391,,,0.027964,85.942
2025-11-03 09:00:00,13.1855,3.66874,0.910396,12.2751,,,0.026715,39.002
2025-11-03 10:00:00,7.53625,2.49215,0.502291,7.03396,,,0.021619,22.172
2025-11-03 11:00:00,6.89181,2.33304,0.536861,6.35495,,,0.021387,23.306
2025-11-03 12:00:00,7.55897,3.00914,0.593272,6.9657,,,0.020111,24.964
2025-11-03 13:00:00,7.84281,2.88127,0.596636,7.24618,,,0.020577,24.152
2025-11-03 14:00:00,6.83048,3.11325,0.419165,6.41131,,,0.020383,21.205
2025-11-03 15:00:00,8.78524,3.65139,0.478996,8.30624,,,0.021232,25.386
2025-11-03 16:00:00,10.0256,3.23825,0.60199,9.42363,,,0.024044,23.777
2025-11-03 17:00:00,35.3986,5.38136,2.39352,33.0051,,,0.026034,102.759
2025-11-03 18:00:00,41.5467,6.32369,2.80298,38.7437,,,0.023483,115.42
2025-11-03 19:00:00,15.6412,5.9247,1.3542,14.287,,,0.014025,48.436
2025-11-03 20:00:00,9.2767,4.91871,0.696081,8.58061,,,0.01086,32.741
2025-11-03 21:00:00,6.84931,5.08864,0.508109,6.3412,,,0.009258,25.273
2025-11-03 22:00:00,2.06019,4.38339,0.139217,1.92098,,,0.005894,8.958
2025-11-03 23:00:00,0.299591,4.04851,0.020706,0.278885,,,0.004162,1.658
2025-11-04 00:00:00,0.573176,22.0452,0.018661,0.554515,,,0.004105,2.18
2025-11-04 01:00:00,0.373842,6.67577,0.018833,0.355009,,,0.00403,2.856
2025-11-04 02:00:00,0.314455,19.6534,0.01658,0.297875,,,0.004296,4.863
2025-11-04 03:00:00,0.011365,0.236769,0.004377,0.006988,,,0.003827,2.935
2025-11-04 04:00:00,0.043316,0.235409,0.004078,0.039238,,,0.003691,1.333
2025-11-04 05:00:00,1.44961,3.32478,0.056314,1.39329,,,0.004113,2.777
2025-11-04 06:00:00,5.91202,2.95011,0.307736,5.60428,,,0.007433,15.455
2025-11-04 07:00:00,33.1516,5.00779,1.7063,31.4453,,,0.018421,85.033
2025-11-04 08:00:00,50.6236,5.14991,2.90085,47.7228,,,0.025122,145.444
2025-11-04 09:00:00,11.3745,3.67157,0.719127,10.6554,,,0.012254,33.584
2025-11-04 10:00:00,6.72188,2.42317,0.418195,6.30368,,,0.010542,20.953
2025-11-04 11:00:00,7.15514,3.07087,0.730674,6.42446,,,0.010262,19.806
2025-11-04 12:00:00,7.04289,3.12462,0.576897,6.466,,,0.009798,21.329
2025-11-04 13:00:00,7.36503,2.72577,0.837565,6.52746,,,0.010057,22.889
2025-11-04 14:00:00,6.93962,2.21571,0.567937,6.37168,,,0.011806,25.456
2025-11-04 15:00:00,7.81443,3.04064,0.521303,7.29313,,,0.010401,23.012
2025-11-04 16:00:00,8.98824,3.21238,0.59929,8.38895,,,0.011088,27.05
2025-11-04 17:00:00,37.1377,4.915,2.25162,34.8861,,,0.021457,84.943
2025-11-04 18:00:00,34.9926,5.58808,2.50428,32.4883,,,0.022788,108.184
2025-11-04 19:00:00,14.3459,4.77242,1.01917,13.3267,,,0.013756,47.874
2025-11-04 20:00:00,9.33648,4.77814,0.886675,8.4498,,,0.011195,32.71
2025-11-04 21:00:00,6.53081,3.6042,0.450244,6.08057,,,0.009294,21.708
2025-11-04 22:00:00,2.4036,2.32456,0.189113,2.21448,,,0.006199,8.045
2025-11-04 23:00:00,0.231931,9.66378,0.014271,0.21766,,,0.003923,0.37
2025-11-05 00:00:00,1.8079,100.439,0.024302,1.7836,,,0.004492,3.269
2025-11-05 01:00:00,0.003035,0.052329,0.000599,0.002436,,,0.003518,0.046
2025-11-05 02:00:00,8e-06,0.001489,4e-06,4e-06,,,0.003376,0
2025-11-05 03:00:00,0.259324,9.97401,0.010617,0.248707,,,0.00362,1.837
2025-11-05 04:00:00,0.04805,4.80506,0.003774,0.044276,,,0.003521,0.821
2025-11-05 05:00:00,0.11597,0.597786,0.020463,0.095507,,,0.003583,0.56
2025-11-05 06:00:00,5.41063,3.7996,0.286959,5.12367,,,0.00729,13.689
2025-11-05 07:00:00,30.991,4.93017,1.6751,29.3159,,,0.018216,85.407
2025-11-05 08:00:00,48.4588,5.42044,2.57567,45.8831,,,0.026266,143.202
2025-11-05 09:00:00,13.1574,4.07099,0.835743,12.3217,,,0.012821,37.639
2025-11-05 10:00:00,5.32772,2.67725,0.32779,4.99993,,,0.010601,17.078
2025-11-05 11:00:00,6.62425,3.11876,0.430368,6.19388,,,0.010732,22.514
2025-11-05 12:00:00,8.36061,3.85637,0.456678,7.90393,,,0.010268,27.047
2025-11-05 13:00:00,8.14526,3.08532,0.53652,7.60874,,,0.010242,26.497
2025-11-05 14:00:00,7.8594,2.80093,0.586364,7.27304,,,0.01036,25.41
2025-11-05 15:00:00,8.73334,3.22501,0.539301,8.19404,,,0.011633,26.726
2025-11-05 16:00:00,10.9766,3.63224,0.650912,10.3257,,,0.011605,31.889
2025-11-05 17:00:00,36.2332,5.11623,2.26233,33.9708,,,0.022038,103.772
2025-11-05 18:00:00,38.9752,5.98146,2.63709,36.3381,,,0.022974,113.184
2025-11-05 19:00:00,19.1114,6.51376,1.21496,17.8964,,,0.014216,50.472
2025-11-05 20:00:00,9.48816,4.91614,0.68354,8.80462,,,0.011181,32.436
2025-11-05 21:00:00,8.31249,5.86213,0.7484,7.56409,,,0.014204,28.291
2025-11-05 22:00:00,1.9385,3.0576,0.1816,1.7569,,,0.0058,7.305
2025-11-05 23:00:00,0.031525,1.43291,0.003441,0.028084,,,0.007466,0.096
2025-11-06 00:00:00,9e-06,0.002262,5e-06,4e-06,,,0.006937,0
2025-11-06 01:00:00,6e-06,0.002919,3e-06,3e-06,,,0.006564,0
2025-11-06 02:00:00,3e-06,0.001588,2e-06,1e-06,,,0.006484,0
2025-11-06 03:00:00,1.2e-05,0.002054,7e-06,5e-06,,,0.006191,0
2025-11-06 04:00:00,9e-06,0.001521,5e-06,4e-06,,,0.006326,0
2025-11-06 05:00:00,0.644891,2.33656,0.028326,0.616565,,,0.007174,1.052
2025-11-06 06:00:00,4.96575,2.19723,0.29284,4.67291,,,0.014479,13.603
2025-11-06 07:00:00,31.4605,4.67189,1.84742,29.6131,,,0.022308,82.41
2025-11-06 08:00:00,48.2042,5.07948,2.58855,45.6157,,,0.022574,138.849
2025-11-06 09:00:00,11.6817,3.23773,0.735081,10.9467,,,0.012527,33.58
2025-11-06 10:00:00,5.48277,2.57649,0.295153,5.18762,,,0.009462,15.263
2025-11-06 11:00:00,6.59093,2.65549,0.39458,6.19635,,,0.010422,20.353
2025-11-06 12:00:00,8.4658,3.26613,0.611855,7.85394,,,0.010631,16.007
2025-11-06 13:00:00,8.18452,3.12625,0.711979,7.47254,,,0.010195,24.688
2025-11-06 14:00:00,7.61865,3.5337,0.476239,7.14241,,,0.010613,23.61
2025-11-06 15:00:00,8.13558,3.64171,0.514862,7.62071,,,0.010711,23.206
2025-11-06 16:00:00,12.2766,4.64669,0.790545,11.486,,,0.01236,36.427
2025-11-06 17:00:00,37.0876,5.45085,2.22091,34.8667,,,0.021606,104.236
2025-11-06 18:00:00,38.0522,6.50687,3.33802,34.7142,,,0.023365,111.669
2025-11-06 19:00:00,15.9394,6.1211,1.32795,14.6114,,,0.013651,46.876
2025-11-06 20:00:00,10.3675,4.84009,0.941793,9.42568,,,0.01161,37.202
2025-11-06 21:00:00,8.20002,5.663,0.654392,7.54563,,,0.009789,27.495
2025-11-06 22:00:00,2.235,4.98884,0.15013,2.08487,,,0.006073,9.636
2025-11-06 23:00:00,0.976388,10.6129,0.033576,0.942812,,,0.004964,4.625
2025-11-07 00:00:00,0.034577,0.785823,0.010676,0.023901,,,0.0042,3.238
2025-11-07 01:00:00,0.023084,0.295943,0.006842,0.016242,,,0.003946,2.117
2025-11-07 02:00:00,0.084162,2.4754,0.009448,0.074714,,,0.003768,2.633
2025-11-07 03:00:00,0.393325,8.93919,0.013272,0.380053,,,0.003289,0.752
2025-11-07 04:00:00,1.13699,23.6873,0.029368,1.10762,,,0.003581,1.505
2025-11-07 05:00:00,1.557,3.99232,0.054936,1.50207,,,0.004026,3.135
2025-11-07 06:00:00,4.93852,2.58561,0.279954,4.65856,,,0.00739,17.73
2025-11-07 07:00:00,26.1288,4.95803,1.42915,24.6997,,,0.017439,82.277
2025-11-07 08:00:00,46.7129,5.12652,2.53688,44.176,,,0.024133,135.173
2025-11-07 09:00:00,11.9819,3.63308,0.649259,11.3327,,,0.012495,33.563
2025-11-07 10:00:00,8.05056,2.75139,0.543932,7.50663,,,0.011012,22.985
2025-11-07 11:00:00,7.80891,2.79089,0.651668,7.15724,,,0.011336,25.576
2025-11-07 12:00:00,8.99057,3.07475,0.703624,8.28694,,,0.010751,27.855
2025-11-07 13:00:00,9.30156,2.951,0.640784,8.66077,,,0.010985,30.072
2025-11-07 14:00:00,11.8742,3.81808,0.562372,11.3118,,,0.011532,30.298
2025-11-07 15:00:00,12.5815,3.61124,0.744218,11.8373,,,0.012753,34.897
2025-11-07 16:00:00,16.7944,3.9221,1.07515,15.7193,,,0.014168,46.625
2025-11-07 17:00:00,37.9879,4.26352,2.50187,35.4861,,,0.02331,112.968
2025-11-07 18:00:00,41.2392,4.66296,3.15334,38.0859,,,0.025431,127.728
2025-11-07 19:00:00,20.8422,4.23794,1.78083,19.0613,,,0.016939,67.385
2025-11-07 20:00:00,11.5375,4.08263,0.845253,10.6923,,,0.011985,38.119
2025-11-07 21:00:00,8.74077,4.51953,0.570341,8.17043,,,0.009699,27.138
2025-11-07 22:00:00,2.89346,3.26576,0.288948,2.60452,,,0.00655,11.174
2025-11-07 23:00:00,0.045855,7.64266,0.009964,0.035891,,,0.004702,4.086
2025-11-08 00:00:00,0.012895,0.268655,0.005284,0.007611,,,0.004129,2.883
2025-11-08 01:00:00,0.009243,0,0.004209,0.005034,,,0.004049,3.997
2025-11-08 02:00:00,0.004153,0.069221,0.001907,0.002246,,,0.003453,0.86
2025-11-08 03:00:00,0.36061,8.19565,0.009438,0.351172,,,0.003263,0.459
2025-11-08 04:00:00,0.531357,0,0.013027,0.51833,,,0.003811,2.994
2025-11-08 05:00:00,0.096113,0.717264,0.008342,0.087771,,,0.003582,1.597
2025-11-08 06:00:00,4.54097,3.27159,0.270452,4.27051,,,0.006301,10.261
2025-11-08 07:00:00,12.6448,3.96637,0.736505,11.9083,,,0.011018,33.58
2025-11-08 08:00:00,19.5217,4.58686,1.07936,18.4423,,,0.014837,51.627
2025-11-08 09:00:00,12.8858,3.79216,0.758871,12.1269,,,0.012923,36.246
2025-11-08 10:00:00,11.1334,3.52322,0.676113,10.4573,,,0.012996,33.128
2025-11-08 11:00:00,11.2048,3.87174,0.835818,10.369,,,0.012557,32.349
2025-11-08 12:00:00,13.0831,4.5052,1.27955,11.8036,,,0.012394,34.644
2025-11-08 13:00:00,11.5543,3.69146,1.57007,9.9842,,,0.011873,34.231
2025-11-08 14:00:00,13.8315,3.81664,1.65487,12.1766,,,0.012834,38.232
2025-11-08 15:00:00,9.3527,2.89199,0.694701,8.658,,,0.011669,29.689
2025-11-08 16:00:00,14.4559,4.09979,0.956524,13.4993,,,0.013451,39.352
2025-11-08 17:00:00,21.1125,4.37474,1.57452,19.5379,,,0.016681,62.228
2025-11-08 18:00:00,22.2061,5.25713,1.6607,20.5454,,,0.016642,59.173
2025-11-08 19:00:00,8.54735,3.95711,0.720557,7.82679,,,0.011968,36.423
2025-11-08 20:00:00,11.474,5.02362,0.698231,10.7757,,,0.011358,31.161
2025-11-08 21:00:00,9.77765,4.77424,0.783934,8.99371,,,0.010293,28.248
2025-11-08 22:00:00,6.42995,6.15896,1.52771,4.90224,,,0.007689,15.937
2025-11-08 23:00:00,0.232129,1.87201,0.028234,0.203895,,,0.004304,0.375
2025-11-09 00:00:00,0.172271,5.74236,0.013386,0.158885,,,0.004867,2.861
2025-11-09 01:00:00,0.512791,4.66174,0.029255,0.483536,,,0.004549,3.003
2025-11-09 02:00:00,0.223282,13.9552,0.00865,0.214632,,,0.003987,4.407
2025-11-09 03:00:00,0.472876,4.82526,0.019187,0.453689,,,0.003695,2.911
2025-11-09 04:00:00,0.228748,12.7082,0.008561,0.220187,,,0.003614,0.523
2025-11-09 05:00:00,0.4122,3.4348,0.0255,0.3867,,,0.0036,0.837
2025-11-09 06:00:00,2.5625,2.422,0.1711,2.3914,,,0.0057,6.991
2025-11-09 07:00:00,7.3595,3.439,0.3894,6.9701,,,0.0086,19.678
2025-11-09 08:00:00,12.6319,4.1093,0.6908,11.9411,,,0.0116,32.823
2025-11-09 09:00:00,11.4314,3.0194,0.7542,10.6772,,,0.0122,32.252
2025-11-09 10:00:00,10.9162,3.1423,0.7359,10.1804,,,0.0126,33.732
2025-11-09 11:00:00,9.7986,2.8385,0.6582,9.1404,,,0.0119,29.424
2025-11-09 12:00:00,9.1101,3.1479,0.6934,8.4166,,,0.0111,27.624
2025-11-09 13:00:00,11.1238,3.2526,0.8301,10.2937,,,0.0121,24.066
2025-11-09 14:00:00,10.9238,2.8976,0.842,10.0818,,,0.0124,35.09
2025-11-09 15:00:00,13.8924,3.3315,1.1759,12.7165,,,0.0136,40.774
2025-11-09 16:00:00,20.2859,4.2942,1.6335,18.6524,,,0.0154,52.143
2025-11-09 17:00:00,17.9109,3.5369,1.315,16.5958,,,0.0161,54.503
2025-11-09 18:00:00,17.8905,4.4044,1.4825,16.408,,,0.015,53.339
2025-11-09 19:00:00,12.3784,4.0242,1.0338,11.3446,,,0.0134,42.933
2025-11-09 20:00:00,9.564,4.2507,0.84,8.724,,,0.0118,38.115
2025-11-09 21:00:00,9.5739,4.559,0.7202,8.8537,,,0.0103,30.958
2025-11-09 22:00:00,3.1542,3.5601,0.2493,2.9049,,,0.0066,10.842
2025-11-09 23:00:00,0.1018,1.273,0.0098,0.092,,,0.0046,2.703
2025-11-10 00:00:00,0.02,1.0021,0.007,0.0131,,,0.0044,4
2025-11-10 01:00:00,0.0305,0.5253,0.0112,0.0193,,,0.0041,2.807
2025-11-10 02:00:00,0.0258,0.8075,0.0078,0.018,,,0.0041,3.721
2025-11-10 03:00:00,0.0129,0.2297,0.0048,0.0081,,,0.0038,2.328
2025-11-10 04:00:00,0.0195,0.8856,0.0086,0.0109,,,0.0041,4.002
2025-11-10 05:00:00,0.2256,0.5785,0.0218,0.2038,,,0.0039,2.149
2025-11-10 06:00:00,6.3292,2.3304,0.4288,5.9004,,,0.0078,17.193
2025-11-10 07:00:00,32.7052,4.2233,2.6759,30.0293,,,0.0186,91.066
2025-11-10 08:00:00,27.4208,4.06458,2.24345,25.1774,,,0.016981,77.882
2025-11-10 09:00:00,22.1364,3.90587,1.811,20.3254,,,0.015361,64.698
2025-11-10 10:00:00,16.852,3.74715,1.37854,15.4735,,,0.013742,51.514
2025-11-10 11:00:00,,,,,,,,
2025-11-10 12:00:00,6.28324,3.42972,0.513642,5.7696,,,0.010503,25.146
2025-11-10 13:00:00,9.37705,2.93033,0.582303,8.79475,,,0.010998,27.028
2025-11-10 14:00:00,6.6643,2.32044,0.688233,5.97607,,,0.01061,21.577
2025-11-10 15:00:00,7.77177,2.78758,0.574863,7.1969,,,0.01104,23.604
2025-11-10 16:00:00,9.83966,2.93371,0.664596,9.17507,,,0.011953,30.351
2025-11-10 17:00:00,36.9971,4.72504,2.45294,34.5441,,,0.022331,105.605
2025-11-10 18:00:00,39.5576,5.54805,2.53569,37.0219,,,0.022574,111.458
2025-11-10 19:00:00,15.9299,4.55401,1.10544,14.8245,,,0.014521,49.066
2025-11-10 20:00:00,10.2772,5.02305,0.857335,9.41982,,,0.01101,30.484
2025-11-10 21:00:00,6.7165,4.32764,0.599317,6.11718,,,0.00991,26.305
2025-11-10 22:00:00,2.29863,3.13164,0.13708,2.16155,,,0.005727,7.217
2025-11-10 23:00:00,0.265772,4.28665,0.017792,0.24798,,,0.003922,0.743
2025-11-11 00:00:00,0.038707,0.744368,0.009355,0.029352,,,0.004158,2.924
2025-11-11 01:00:00,0.033906,0.513733,0.008659,0.025247,,,0.003865,2.679
2025-11-11 02:00:00,0.003243,0.052277,5.9e-05,0.003184,,,0.003202,0.008
2025-11-11 03:00:00,0.000502,0.006766,0.000212,0.00029,,,0.003143,0.025
2025-11-11 04:00:00,0.009798,0.064457,0.001286,0.008512,,,0.003281,0.106
2025-11-11 05:00:00,0.370607,1.47066,0.013927,0.35668,,,0.003543,0.949
2025-11-11 06:00:00,4.83556,2.66863,0.301662,4.5339,,,0.007042,13.473
2025-11-11 07:00:00,31.0173,4.94694,1.89727,29.12,,,0.018134,87.341
2025-11-11 08:00:00,46.6442,5.0274,2.54969,44.0946,,,0.025337,139.58
2025-11-11 09:00:00,12.8411,3.67518,0.707471,12.1336,,,0.013264,38.298
2025-11-11 10:00:00,7.54798,2.41613,0.606811,6.94117,,,0.010701,21.73
2025-11-11 11:00:00,6.84511,2.48011,0.47068,6.37443,,,0.011166,21.806
2025-11-11 12:00:00,7.42437,2.98168,0.659812,6.76456,,,0.010182,22.955
2025-11-11 13:00:00,7.69442,3.21404,0.536511,7.15791,,,0.010033,25.434
2025-11-11 14:00:00,6.80056,2.60758,0.4881,6.31247,,,0.010564,23.137
2025-11-11 15:00:00,7.72309,3.23142,0.479763,7.24333,,,0.010716,24.09
2025-11-11 16:00:00,10.2196,3.22589,0.726755,9.49287,,,0.011901,31.453
2025-11-11 17:00:00,35.0519,4.90236,2.49609,32.5558,,,0.021627,98.427
2025-11-11 18:00:00,36.3398,5.72641,2.69674,33.6431,,,0.022548,108.936
2025-11-11 19:00:00,18.9018,6.55402,1.85624,17.0456,,,0.014644,55.231
2025-11-11 20:00:00,9.37961,5.17638,0.80589,8.57372,,,0.011445,36.838
2025-11-11 21:00:00,8.13504,5.69681,0.7969,7.33814,,,0.010463,33.048
2025-11-11 22:00:00,3.46883,4.6499,0.268209,3.20062,,,0.006663,12.647
2025-11-11 23:00:00,1.52483,13.6146,0.028126,1.49671,,,0.005607,5.837
2025-11-12 00:00:00,1.54104,70.0472,0.032374,1.50866,,,0.005415,7.829
2025-11-12 01:00:00,0.222449,6.54265,0.011996,0.210453,,,0.004316,4.435
2025-11-12 02:00:00,0.23774,2.76442,0.01201,0.22573,,,0.003942,2.969
2025-11-12 03:00:00,0.147956,6.72536,0.008745,0.139211,,,0.004078,4.401
2025-11-12 04:00:00,0.351308,4.18225,0.018913,0.332395,,,0.004339,3.867
2025-11-12 05:00:00,1.02997,2.48784,0.033779,0.996189,,,0.004125,3.245
2025-11-12 06:00:00,6.14014,2.67428,0.357511,5.78263,,,0.007607,17.776
2025-11-12 07:00:00,29.8775,4.38215,1.67207,28.2055,,,0.01761,81.723
2025-11-12 08:00:00,49.2322,4.87545,2.68991,46.5423,,,0.025119,142.907
2025-11-12 09:00:00,13.5512,3.2173,0.802396,12.7489,,,0.013231,37.752
2025-11-12 10:00:00,7.35536,2.3881,0.459313,6.89604,,,0.010994,21.656
2025-11-12 11:00:00,6.62333,2.27138,0.411066,6.21227,,,0.010947,22.795
2025-11-12 12:00:00,7.23823,2.74383,0.436723,6.80151,,,0.010099,22.213
2025-11-12 13:00:00,7.77038,2.66657,0.485826,7.28455,,,0.010202,25.303
2025-11-12 14:00:00,6.6007,3.44145,0.449435,6.15127,,,0.009665,19.058
2025-11-12 15:00:00,7.60229,3.44619,0.439692,7.1626,,,0.010512,22.339
2025-11-12 16:00:00,11.1603,4.16428,0.863759,10.2965,,,0.012432,33.958
2025-11-12 17:00:00,35.0993,5.37179,2.67301,32.4263,,,0.021639,103.189
2025-11-12 18:00:00,39.6185,6.68328,2.45596,37.1625,,,0.022522,110.391
2025-11-12 19:00:00,16.9251,6.38203,1.12264,15.8025,,,0.014498,51.925
2025-11-12 20:00:00,10.4822,6.65112,0.645476,9.83668,,,0.011151,33.318
2025-11-12 21:00:00,8.25588,6.22615,0.729026,7.52685,,,0.009689,25.87
2025-11-12 22:00:00,2.32759,6.25696,0.185011,2.14258,,,0.006136,9.763
2025-11-12 23:00:00,0.183101,2.5431,0.013221,0.16988,,,0.004045,1.371
2025-11-13 00:00:00,0.018052,0.501435,0.005309,0.012743,,,0.004058,2.6
2025-11-13 01:00:00,0.009314,0.129356,0.002672,0.006642,,,0.003752,1.65
2025-11-13 02:00:00,5.4e-05,0.001081,3e-05,2.4e-05,,,0.003339,0.006
2025-11-13 03:00:00,0.001772,0.021087,0.00057,0.001202,,,0.003254,0.072
2025-11-13 04:00:00,0.007527,0.05974,0.001062,0.006465,,,0.003439,0.068
2025-11-13 05:00:00,0.578817,1.79757,0.028101,0.550716,,,0.003748,1.342
2025-11-13 06:00:00,6.1288,2.99844,0.345411,5.78339,,,0.007536,17.063
2025-11-13 07:00:00,31.7063,4.72805,1.75647,29.9498,,,0.017886,84.46
2025-11-13 08:00:00,47.8109,5.16651,2.62538,45.1855,,,0.025904,135.532
2025-11-13 09:00:00,12.6738,3.09118,0.711164,11.9627,,,0.026695,36.601
2025-11-13 10:00:00,10.066,3.73092,0.49158,9.57443,,,0.023253,27.131
2025-11-13 11:00:00,8.66841,3.22485,0.681454,7.98695,,,0.021042,19.047
2025-11-13 12:00:00,7.9403,3.34469,0.649248,7.29105,,,0.020802,24.123
2025-11-13 13:00:00,8.63313,2.65308,0.634316,7.99881,,,0.021138,28.254
2025-11-13 14:00:00,6.83338,2.47586,0.461904,6.37148,,,0.020916,23.821
2025-11-13 15:00:00,10.9289,3.29384,0.553633,10.3753,,,0.022882,27.885
2025-11-13 16:00:00,11.0649,3.56243,0.68405,10.3809,,,0.024069,33.481
2025-11-13 17:00:00,36.099,4.90475,2.21366,33.8853,,,0.024823,100.911
2025-11-13 18:00:00,37.573,6.08174,2.57331,34.9997,,,0.022344,110.174
2025-11-13 19:00:00,16.4738,4.78055,1.20543,15.2684,,,0.013506,46.098
2025-11-13 20:00:00,9.89882,4.2815,0.941135,8.95769,,,0.011242,32.355
2025-11-13 21:00:00,7.46623,4.06215,0.720141,6.74609,,,0.009682,26.111
2025-11-13 22:00:00,4.34269,5.56755,0.519687,3.823,,,0.007153,12.426
2025-11-13 23:00:00,0.523629,2.69912,0.059155,0.464474,,,0.027914,2.604
2025-11-14 00:00:00,1.41652,4.24107,0.057029,1.35949,,,0.028415,3.286
2025-11-14 01:00:00,0.987521,5.09031,0.023276,0.964245,,,0.027657,2.151
2025-11-14 02:00:00,0.542768,1.89779,0.024885,0.517883,,,0.027238,1.174
2025-11-14 03:00:00,0.324342,2.74866,0.130744,0.193598,,,0.026221,0.782
2025-11-14 04:00:00,0.276952,9.89114,0.013533,0.263419,,,0.026166,0.474
2025-11-14 05:00:00,0.256416,1.60261,0.032661,0.223755,,,0.026724,1.205
2025-11-14 06:00:00,5.34657,3.54547,0.310053,5.03652,,,0.033185,13.157
2025-11-14 07:00:00,31.1924,4.492,1.77599,29.4164,,,0.042195,82.939
2025-11-14 08:00:00,47.5823,5.18325,2.71886,44.8634,,,0.035976,138.65
2025-11-14 09:00:00,11.7689,3.66177,1.15682,10.6121,,,0.022399,33.818
2025-11-14 10:00:00,7.57383,3.19841,0.683185,6.89065,,,0.02082,25.226
2025-11-14 11:00:00,9.09772,3.50451,0.553462,8.54425,,,0.021657,25.084
2025-11-14 12:00:00,9.95801,3.65835,0.6586,9.29941,,,0.020833,26.954
2025-11-14 13:00:00,12.2184,4.00342,0.695355,11.5231,,,0.022432,34.241
2025-11-14 14:00:00,9.31522,3.12382,0.59066,8.72456,,,0.022262,31.542
2025-11-14 15:00:00,11.937,3.24024,1.41766,10.5194,,,0.022277,34.182
2025-11-14 16:00:00,16.939,3.95586,1.51834,15.4206,,,0.02521,52.625
2025-11-14 17:00:00,41.025,4.98481,2.58614,38.4388,,,0.033062,118.902
2025-11-14 18:00:00,42.5303,5.29906,2.92423,39.606,,,0.035363,131.523
2025-11-14 19:00:00,24.5409,6.64704,1.56667,22.9742,,,0.027142,72.673
2025-11-14 20:00:00,12.6485,4.70904,1.0991,11.5494,,,0.02247,44.034
2025-11-14 21:00:00,9.77886,4.69686,0.833949,8.94491,,,0.020672,34.382
2025-11-14 22:00:00,3.08793,3.75661,0.206801,2.88113,,,0.016551,11.874
2025-11-14 23:00:00,0.348919,3.11535,0.026659,0.32226,,,0.014341,2.891
2025-11-15 00:00:00,0.803553,16.0711,0.041333,0.76222,,,0.014465,4.592
2025-11-15 01:00:00,0.043406,0.285572,0.008586,0.03482,,,0.013817,2.804
2025-11-15 02:00:00,0.026822,1.03163,0.009604,0.017218,,,0.014044,4.002
2025-11-15 03:00:00,0.041243,2.29129,0.011692,0.029551,,,0.01383,4.001
2025-11-15 04:00:00,0.028211,0.486383,0.004804,0.023407,,,0.013744,2.715
2025-11-15 05:00:00,0.248572,0.828572,0.0189,0.229672,,,0.01383,2.221
2025-11-15 06:00:00,3.60662,2.13409,0.281051,3.32557,,,0.016342,12.816
2025-11-15 07:00:00,12.3031,3.85919,0.690574,11.6125,,,0.020963,34.716
2025-11-15 08:00:00,20.9394,5.0311,1.07084,19.8686,,,0.024356,49.638
2025-11-15 09:00:00,13.4813,3.64754,1.20947,12.2718,,,0.023476,36.944
2025-11-15 10:00:00,11.6966,3.2028,0.862151,10.8345,,,0.022879,35.276
2025-11-15 11:00:00,11.5409,3.10072,0.813013,10.7279,,,0.023091,34.45
2025-11-15 12:00:00,11.9225,3.79456,0.838386,11.0841,,,0.02246,34.743
2025-11-15 13:00:00,12.957,3.56549,0.884263,12.0727,,,0.022587,37.778
2025-11-15 14:00:00,11.1992,3.35707,0.79681,10.4024,,,0.022275,34.052
2025-11-15 15:00:00,13.1612,4.10262,0.848094,12.3131,,,0.022269,35.413
2025-11-15 16:00:00,14.3381,4.10835,1.2063,13.1319,,,0.023057,41.923
2025-11-15 17:00:00,22.2924,4.48538,1.48283,20.8095,,,0.02648,58.164
2025-11-15 18:00:00,22.6937,5.51085,1.61735,21.0763,,,0.026152,59.023
2025-11-15 19:00:00,11.8393,4.88421,0.847246,10.9921,,,0.022025,35.77
2025-11-15 20:00:00,10.1528,6.27491,0.828936,9.32386,,,0.021055,32.124
2025-11-15 21:00:00,11.2123,6.55691,0.71588,10.4964,,,0.020513,30.047
2025-11-15 22:00:00,4.68847,4.87367,0.481943,4.20653,,,0.017791,16.461
2025-11-15 23:00:00,2.05924,5.62634,0.286648,1.77259,,,0.014901,6.077
2025-11-16 00:00:00,1.34274,4.76148,0.048959,1.29378,,,0.018016,5.167
2025-11-16 01:00:00,0.409259,4.54732,0.027667,0.381592,,,0.027702,2.558
2025-11-16 02:00:00,0.720664,3.13332,0.034107,0.686557,,,0.028249,3.921
2025-11-16 03:00:00,0.409123,1.58575,0.022437,0.386686,,,0.027035,1.617
2025-11-16 04:00:00,0.136427,0.682138,0.011204,0.125223,,,0.028189,4.408
2025-11-16 05:00:00,0.804565,2.08437,0.061948,0.742617,,,0.027659,3.413
2025-11-16 06:00:00,3.13602,2.28573,0.168697,2.96733,,,0.031414,7.437
2025-11-16 07:00:00,7.26946,3.33156,0.381361,6.8881,,,0.036657,19.135
2025-11-16 08:00:00,11.5462,3.95417,0.626911,10.9193,,,0.041566,31.221
2025-11-16 09:00:00,10.5081,3.23925,0.594527,9.91361,,,0.042446,27.606
2025-11-16 10:00:00,8.70017,3.02299,0.594301,8.10587,,,0.041996,25.545
2025-11-16 11:00:00,12.0264,3.81066,0.940558,11.0859,,,0.044159,32.789
2025-11-16 12:00:00,8.71281,3.1184,0.741173,7.97164,,,0.041942,28.531
2025-11-16 13:00:00,17.2805,4.90367,1.28375,15.9968,,,0.044165,34.682
2025-11-16 14:00:00,11.4327,2.91949,0.753089,10.6796,,,0.04488,35.267
2025-11-16 15:00:00,16.4123,3.59446,1.04944,15.3629,,,0.04728,44.38
2025-11-16 16:00:00,16.7753,3.51241,1.59637,15.1789,,,0.049473,48.792
2025-11-16 17:00:00,22.8546,4.32362,1.84021,21.0144,,,0.051803,54.736
2025-11-16 18:00:00,20.4986,4.54113,1.39426,19.1044,,,0.050236,55.488
2025-11-16 19:00:00,12.2442,3.47649,1.06981,11.1744,,,0.045144,38.646
2025-11-16 20:00:00,9.71131,4.30848,0.697035,9.01428,,,0.040283,29.264
2025-11-16 21:00:00,9.13551,4.5815,0.794407,8.34111,,,0.039418,27.931
2025-11-16 22:00:00,2.84364,3.27608,0.306602,2.53704,,,0.032265,10.287
2025-11-16 23:00:00,0.135091,16.8864,0.004365,0.130726,,,0.027549,0.331
2025-11-17 00:00:00,1.7e-05,0.004348,6e-06,1.1e-05,,,0.026857,0.001
2025-11-17 01:00:00,8e-06,0.002206,4e-06,4e-06,,,0.026598,0
2025-11-17 02:00:00,1.1e-05,0.001519,6e-06,5e-06,,,0.026478,0.001
2025-11-17 03:00:00,1.3e-05,0.002368,6e-06,7e-06,,,0.026222,0.001
2025-11-17 04:00:00,8e-06,0.002206,4e-06,4e-06,,,0.025993,0
2025-11-17 05:00:00,0.32909,1.86983,0.019614,0.309476,,,0.026562,0.664
2025-11-17 06:00:00,6.23555,3.29575,0.364316,5.87123,,,0.034552,16.443
2025-11-17 07:00:00,27.2326,3.90264,1.79722,25.4354,,,0.039738,79.607
2025-11-17 08:00:00,47.8131,4.47269,2.62581,45.1873,,,0.03799,139.238
2025-11-17 09:00:00,12.3463,3.43718,0.935365,11.411,,,0.023601,38.548
2025-11-17 10:00:00,9.14167,3.33881,0.986834,8.15483,,,0.021105,28.917
2025-11-17 11:00:00,6.66482,3.01031,0.459736,6.20508,,,0.020591,20.353
2025-11-17 12:00:00,8.46429,3.77196,0.607995,7.8563,,,0.020521,27.749
2025-11-17 13:00:00,7.70136,3.06339,0.62063,7.08073,,,0.020237,26.463
2025-11-17 14:00:00,8.57846,3.48435,0.478616,8.09984,,,0.020891,26.512
2025-11-17 15:00:00,8.12664,3.16952,0.540483,7.58616,,,0.020738,24.493
2025-11-17 16:00:00,11.1899,4.06316,0.691812,10.4981,,,0.022036,32.354
2025-11-17 17:00:00,34.4134,4.56775,2.17869,32.2347,,,0.031266,105.863
2025-11-17 18:00:00,39.6368,5.58737,2.71476,36.922,,,0.032542,81.823
2025-11-17 19:00:00,15.8837,5.0844,1.29537,14.5883,,,0.024374,54.681
2025-11-17 20:00:00,10.5496,4.96687,1.00239,9.54723,,,0.020621,38.02
2025-11-17 21:00:00,8.8111,6.26678,0.742178,8.06892,,,0.01928,29.417
2025-11-17 22:00:00,3.92805,5.75961,0.296699,3.63135,,,0.016373,13.376
2025-11-17 23:00:00,1.0588,5.57264,0.044096,1.01471,,,0.01429,4.124
2025-11-18 00:00:00,0.307473,8.54091,0.026614,0.280859,,,0.014426,5.196
2025-11-18 01:00:00,0.504184,19.3917,0.040384,0.4638,,,0.014366,5.53
2025-11-18 02:00:00,0.219029,0.595189,0.01363,0.205399,,,0.01383,3.157
2025-11-18 03:00:00,0.619511,1.57236,0.023962,0.595549,,,0.014256,5.086
2025-11-18 04:00:00,0.031131,0.093767,0.005531,0.0256,,,0.013479,2.391
2025-11-18 05:00:00,0.227288,0.263675,0.019881,0.207407,,,0.013674,2.763
2025-11-18 06:00:00,5.38082,1.90135,0.338308,5.04251,,,0.017293,18.841
2025-11-18 07:00:00,33.1074,4.79262,1.86037,31.2471,,,0.027919,88.761
2025-11-18 08:00:00,46.9852,4.73736,2.6929,44.2923,,,0.034613,138.176
2025-11-18 09:00:00,11.3274,3.02709,0.736561,10.5908,,,0.021998,34.337
2025-11-18 10:00:00,5.81191,2.56031,0.477802,5.3341,,,0.019703,19.946
2025-11-18 11:00:00,6.21137,2.32288,0.47764,5.73373,,,0.020455,22.388
2025-11-18 12:00:00,8.57308,3.60516,0.523233,8.04984,,,0.01989,24.365
2025-11-18 13:00:00,7.94257,2.82252,0.547226,7.39534,,,0.020181,23.864
2025-11-18 14:00:00,5.5216,2.71465,0.391985,5.12962,,,0.019777,18.873
2025-11-18 15:00:00,10.573,4.2292,1.03296,9.54004,,,0.020871,28.345
2025-11-18 16:00:00,9.96361,3.8529,0.626791,9.33682,,,0.021109,29.799
2025-11-18 17:00:00,35.5268,5.16078,2.32537,33.2014,,,0.031169,106.069
2025-11-18 18:00:00,36.5776,5.55047,2.44389,34.1337,,,0.032149,112.509
2025-11-18 19:00:00,15.9019,5.2447,1.22249,14.6794,,,0.024357,52.519
2025-11-18 20:00:00,7.62339,4.06798,0.612584,7.01081,,,0.020273,30.041
2025-11-18 21:00:00,6.10091,3.81307,0.555832,5.54508,,,0.019094,26.721
2025-11-18 22:00:00,2.1158,4.78688,0.166954,1.94885,,,0.015502,8.53
2025-11-18 23:00:00,0.275374,4.30271,0.016556,0.258818,,,0.013888,2.417
2025-11-19 00:00:00,0.184911,8.40503,0.015702,0.169209,,,0.01429,4.421
2025-11-19 01:00:00,0.539722,7.9371,0.028251,0.511471,,,0.014048,4.39
2025-11-19 02:00:00,0.418636,6.75221,0.011418,0.407218,,,0.013309,0.559
2025-11-19 03:00:00,0.166255,2.07818,0.008286,0.157969,,,0.013415,1.672
2025-11-19 04:00:00,0.032864,0.222055,0.002997,0.029867,,,0.013306,0.809
2025-11-19 05:00:00,0.392872,0.982178,0.025892,0.36698,,,0.013446,1.196
2025-11-19 06:00:00,5.03174,2.69943,0.283945,4.74779,,,0.01647,12.424
2025-11-19 07:00:00,31.7768,4.75701,1.78509,29.9917,,,0.027461,83.851
2025-11-19 08:00:00,49.1436,5.04554,2.77407,46.3695,,,0.034762,142.017
2025-11-19 09:00:00,11.0246,3.24443,0.693537,10.331,,,0.022224,34.19
2025-11-19 10:00:00,8.47598,3.54051,0.457377,8.0186,,,0.020733,22.069
2025-11-19 11:00:00,7.30782,3.19677,0.569241,6.73858,,,0.020424,21.818
2025-11-19 12:00:00,8.83539,4.0829,0.614795,8.2206,,,0.020968,26.936
2025-11-19 13:00:00,10.4322,4.5397,0.591744,9.84048,,,0.020492,27.388
2025-11-19 14:00:00,7.01694,2.80005,0.420792,6.59614,,,0.020564,23.204
2025-11-19 15:00:00,8.63222,3.89189,1.11908,7.51314,,,0.020646,25.837
2025-11-19 16:00:00,10.1348,3.16513,0.609474,9.52528,,,0.021784,30.609
2025-11-19 17:00:00,38.262,4.91169,2.17661,36.0854,,,0.031286,106.77
2025-11-19 18:00:00,37.6174,6.03423,2.39403,35.2233,,,0.036004,110.818
2025-11-19 19:00:00,14.0022,4.70505,1.0419,12.9603,,,0.023217,46.093
2025-11-19 20:00:00,10.1365,5.02302,0.728526,9.40793,,,0.02054,30.933
2025-11-19 21:00:00,8.24404,5.36024,0.733929,7.51011,,,0.018931,25.281
2025-11-19 22:00:00,1.83825,2.83681,0.12723,1.71103,,,0.015551,6.416
2025-11-19 23:00:00,0.483402,26.8557,0.00884,0.474562,,,0.013614,0.947
2025-11-20 00:00:00,0.009282,0.421892,0.001081,0.008201,,,0.01338,0.041
2025-11-20 01:00:00,0.115098,5.75494,0.00409,0.111008,,,0.013291,0.202
2025-11-20 02:00:00,3.6e-05,0.01833,1.1e-05,2.5e-05,,,0.013145,0.003
2025-11-20 03:00:00,0.015291,0.849511,0.000158,0.015133,,,0.013036,0.012
2025-11-20 04:00:00,1.6e-05,0.00267,7e-06,9e-06,,,0.013102,0.002
2025-11-20 05:00:00,0.351791,2.74836,0.014913,0.336878,,,0.01327,0.512
2025-11-20 06:00:00,5.96134,3.91678,0.320191,5.64115,,,0.016668,13.402
2025-11-20 07:00:00,31.157,4.67964,1.96699,29.19,,,0.027531,82.375
2025-11-20 08:00:00,47.9391,5.23581,2.94195,44.9971,,,0.03978,143.433
2025-11-20 09:00:00,10.8767,3.89288,0.662565,10.2141,,,0.022012,35.103
2025-11-20 10:00:00,6.60651,3.26731,0.528076,6.07843,,,0.020202,22.882
2025-11-20 11:00:00,7.22168,3.04712,0.428163,6.79352,,,0.020307,22.555
2025-11-20 12:00:00,7.96942,3.66916,0.538764,7.43065,,,0.019779,25.309
2025-11-20 13:00:00,8.41522,3.91405,0.546737,7.86848,,,0.019987,26.756
2025-11-20 14:00:00,8.29155,3.23636,0.513048,7.7785,,,0.021036,25.904
2025-11-20 15:00:00,9.34594,3.65934,0.631657,8.71429,,,0.021234,26.8
2025-11-20 16:00:00,12.9455,3.62213,0.828554,12.1169,,,0.022285,38.206
2025-11-20 17:00:00,38.4028,5.48611,2.52119,35.8816,,,0.03155,108.384
2025-11-20 18:00:00,37.5513,5.98905,2.9358,34.6155,,,0.03168,111.153
2025-11-20 19:00:00,16.1386,5.11362,1.08265,15.0559,,,0.023817,53.107
2025-11-20 20:00:00,12.0039,5.56769,0.874687,11.1292,,,0.021067,38.186
2025-11-20 21:00:00,7.94861,5.27096,0.836231,7.11238,,,0.019706,29.097
2025-11-20 22:00:00,2.46493,3.82753,0.385055,2.07987,,,0.015626,8.414
2025-11-20 23:00:00,0.659045,3.36247,0.022829,0.636216,,,0.013838,1.334
2025-11-21 00:00:00,0.44731,6.04472,0.022143,0.425167,,,0.013598,0.907
2025-11-21 01:00:00,0.094986,3.65328,0.012684,0.082302,,,0.014153,3.973
2025-11-21 02:00:00,0.076304,0.953814,0.010237,0.066067,,,0.013844,2.19
2025-11-21 03:00:00,0.144587,1.2683,0.009065,0.135522,,,0.013408,1.471
2025-11-21 04:00:00,0.046032,0.719221,0.007993,0.038039,,,0.013799,3.707
2025-11-21 05:00:00,0.492154,0.976498,0.01902,0.473134,,,0.013692,2.379
2025-11-21 06:00:00,4.80819,2.16001,0.273564,4.53463,,,0.0166,14.369
2025-11-21 07:00:00,28.0167,4.31823,1.58393,26.4328,,,0.026719,78.328
2025-11-21 08:00:00,51.3503,5.45583,2.88645,48.4638,,,0.034707,144.469
2025-11-21 09:00:00,11.9897,3.93104,0.761395,11.2283,,,0.022778,37.092
2025-11-21 10:00:00,7.97622,4.00413,0.516426,7.4598,,,0.020446,22.619
2025-11-21 11:00:00,8.4018,3.22402,0.561752,7.84005,,,0.020567,23.25
2025-11-21 12:00:00,8.38184,3.05016,0.754234,7.62761,,,0.020334,26.199
2025-11-21 13:00:00,10.7365,3.03633,0.951012,9.78546,,,0.021048,31.288
2025-11-21 14:00:00,10.1732,4.0402,0.630225,9.54299,,,0.021162,29.556
2025-11-21 15:00:00,12.1944,4.55356,0.816457,11.378,,,0.022004,34.517
2025-11-21 16:00:00,16.7732,4.23139,1.09728,15.6759,,,0.024238,49.639
2025-11-21 17:00:00,42.0452,5.36702,2.66349,39.3818,,,0.034179,121.959
2025-11-21 18:00:00,41.3715,5.48403,2.93171,38.4398,,,0.034332,131.395
2025-11-21 19:00:00,18.2571,4.68131,1.43653,16.8206,,,0.025635,61.635
2025-11-21 20:00:00,11.3955,4.95028,1.35095,10.0446,,,0.021759,42.244
2025-11-21 21:00:00,9.72124,5.01612,0.770274,8.95097,,,0.020167,31.127
2025-11-21 22:00:00,3.34385,5.88706,0.301824,3.04203,,,0.01628,10.24
2025-11-21 23:00:00,0.263742,3.99609,0.016183,0.247559,,,0.013954,1.603
2025-11-22 00:00:00,0.003061,0.025945,0.000948,0.002113,,,0.013367,0.216
2025-11-22 01:00:00,0.004917,0.037821,0.000545,0.004372,,,0.013134,0.068
2025-11-22 02:00:00,0.006617,0.122551,0.000134,0.006483,,,0.013014,0.014
2025-11-22 03:00:00,0.018243,0.276382,0.001076,0.017167,,,0.012924,0.085
2025-11-22 04:00:00,0.000333,0.00288,7.2e-05,0.000261,,,0.012957,0.015
2025-11-22 05:00:00,0.707544,1.57232,0.05394,0.653604,,,0.013449,1.649
2025-11-22 06:00:00,4.23226,2.51322,0.216102,4.01616,,,0.016059,10.535
2025-11-22 07:00:00,12.3082,3.87294,0.707292,11.6009,,,0.020492,32.618
2025-11-22 08:00:00,20.3484,4.11411,1.14126,19.2071,,,0.024479,55.982
2025-11-22 09:00:00,17.9934,3.98084,0.957048,17.0364,,,0.023514,40.997
2025-11-22 10:00:00,14.0631,3.31677,0.835617,13.2275,,,0.023352,37.547
2025-11-22 11:00:00,10.4293,3.10581,0.705887,9.72341,,,0.022083,30.312
2025-11-22 12:00:00,9.69537,3.22749,1.01174,8.68363,,,0.021324,27.165
2025-11-22 13:00:00,11.4017,2.97694,0.784441,10.6172,,,0.022566,36.066
2025-11-22 14:00:00,10.6703,3.24522,0.943849,9.72645,,,0.022097,32.781
2025-11-22 15:00:00,11.9107,3.56394,0.816733,11.094,,,0.02193,31.184
2025-11-22 16:00:00,12.4686,3.45773,1.19399,11.2746,,,0.022583,35.77
2025-11-22 17:00:00,19.7934,3.84488,1.35927,18.4341,,,0.025398,57.187
2025-11-22 18:00:00,19.2796,4.34421,1.74759,17.532,,,0.025774,59.825
2025-11-22 19:00:00,10.6404,3.79743,0.896673,9.74373,,,0.021436,34.117
2025-11-22 20:00:00,8.63764,3.85609,0.62207,8.01558,,,0.020656,27.485
2025-11-22 21:00:00,5.30146,2.6911,0.467737,4.83373,,,0.018557,19.628
2025-11-22 22:00:00,2.72231,2.56822,0.181254,2.54106,,,0.015764,8.107
2025-11-22 23:00:00,0.347765,2.44904,0.022653,0.325112,,,0.013785,0.692
2025-11-23 00:00:00,0.7018,7.97503,0.024954,0.676846,,,0.013796,1.638
2025-11-23 01:00:00,0.002311,0.013597,0.000477,0.001834,,,0.013178,0.046
2025-11-23 02:00:00,0.001641,0.021052,0.000791,0.00085,,,0.012999,0.026
2025-11-23 03:00:00,0.002615,0.022935,0.001307,0.001308,,,0.012915,0.069
2025-11-23 04:00:00,0.018169,0.119525,0.001801,0.016368,,,0.012987,0.091
2025-11-23 05:00:00,0.460059,1.69139,0.024468,0.435591,,,0.013194,0.779
2025-11-23 06:00:00,2.47838,2.18167,0.146101,2.33228,,,0.015064,6.293
2025-11-23 07:00:00,7.82439,3.16009,0.418587,7.4058,,,0.018995,21.816
2025-11-23 08:00:00,11.7956,4.09286,1.30051,10.4951,,,0.020736,29.387
2025-11-23 09:00:00,10.783,3.05988,0.589391,10.1936,,,0.021108,27.929
2025-11-23 10:00:00,8.19383,2.28878,0.711437,7.4824,,,0.02183,28.175
2025-11-23 11:00:00,10.4682,3.30228,0.768187,9.70006,,,0.021763,28.804
2025-11-23 12:00:00,11.0725,3.558,0.912383,10.1601,,,0.021195,30.538
2025-11-23 13:00:00,12.1698,3.49505,1.1609,11.0089,,,0.021756,34.397
2025-11-23 14:00:00,11.2865,2.79369,1.04124,10.2453,,,0.021716,33.357
2025-11-23 15:00:00,13.8861,3.80232,0.806511,13.0796,,,0.022827,38.502
2025-11-23 16:00:00,14.8681,3.57406,1.59354,13.2746,,,0.024213,43.705
2025-11-23 17:00:00,20.8298,4.0462,1.41285,19.417,,,0.025497,58.905
2025-11-23 18:00:00,16.6446,4.74746,1.42702,15.2176,,,0.023886,49.611
2025-11-23 19:00:00,12.1132,4.31382,0.954415,11.1588,,,0.02236,42.176
2025-11-23 20:00:00,9.40703,4.39581,0.793586,8.61344,,,0.020671,34.899
2025-11-23 21:00:00,7.74529,4.39574,0.688201,7.05709,,,0.020151,30.812
2025-11-23 22:00:00,3.12041,4.07364,0.258283,2.86213,,,0.016483,14.185
2025-11-23 23:00:00,0.363043,10.6777,0.023054,0.339989,,,0.014535,4.965
2025-11-24 00:00:00,0.209206,4.02322,0.009319,0.199887,,,0.013687,2.025
2025-11-24 01:00:00,0.474324,7.90538,0.021373,0.452951,,,0.013656,3.953
2025-11-24 02:00:00,0.258854,8.08922,0.0178,0.241054,,,0.013846,4.381
2025-11-24 03:00:00,0.197126,9.85634,0.009946,0.18718,,,0.013487,3.372
2025-11-24 04:00:00,0.195288,1.87775,0.013802,0.181486,,,0.013791,3.71
2025-11-24 05:00:00,0.484554,0.980881,0.038482,0.446072,,,0.013583,1.632
2025-11-24 06:00:00,6.3083,2.44129,0.340367,5.96793,,,0.017216,17.649
2025-11-24 07:00:00,32.1157,4.3671,1.72319,30.3925,,,0.028118,85.692
2025-11-24 08:00:00,48.2443,4.45716,2.92938,45.3149,,,0.035091,138.242
2025-11-24 09:00:00,11.9576,3.53149,0.905493,11.0521,,,0.022756,37.624
2025-11-24 10:00:00,7.681,3.39267,1.21502,6.46599,,,0.020382,22.674
2025-11-24 11:00:00,6.21096,2.50039,0.450481,5.76048,,,0.020567,21.618
2025-11-24 12:00:00,7.91408,2.50604,0.576073,7.338,,,0.020517,25.176
2025-11-24 13:00:00,10.167,3.82506,0.726783,9.44024,,,0.020655,27.721
2025-11-24 14:00:00,7.10198,2.97902,0.448422,6.65356,,,0.020431,23.432
2025-11-24 15:00:00,8.96342,3.2289,0.862642,8.10078,,,0.020951,25.46
2025-11-24 16:00:00,10.2668,4.05483,0.882438,9.38438,,,0.022116,34.022
2025-11-24 17:00:00,36.3701,5.3517,2.43005,33.9401,,,0.031964,111.78
2025-11-24 18:00:00,36.1114,5.82254,2.51913,33.5922,,,0.031823,109.793
2025-11-24 19:00:00,15.4791,5.57603,1.15647,14.3226,,,0.023448,49.027
2025-11-24 20:00:00,9.34259,5.64166,0.733641,8.60895,,,0.020495,33.916
2025-11-24 21:00:00,7.02736,5.22869,0.548131,6.47923,,,0.018903,24.858
2025-11-24 22:00:00,2.29897,4.74993,0.211236,2.08773,,,0.015892,10.018
2025-11-24 23:00:00,1.21586,10.8559,0.024469,1.19139,,,0.014757,4.033
2025-11-25 00:00:00,0.357613,35.7614,0.014758,0.342855,,,0.013569,1.413
2025-11-25 01:00:00,0.104051,4.72961,0.01142,0.092631,,,0.013669,3.611
2025-11-25 02:00:00,0.012668,0.171198,0.001175,0.011493,,,0.012887,0.097
2025-11-25 03:00:00,0.01789,0.168774,0.001001,0.016889,,,0.012866,0.072
2025-11-25 04:00:00,0.077108,0.56697,0.004064,0.073044,,,0.01287,0.181
2025-11-25 05:00:00,0.487284,1.16575,0.035457,0.451827,,,0.01336,1.434
2025-11-25 06:00:00,6.57759,2.93119,0.315399,6.26219,,,0.017236,15.611
2025-11-25 07:00:00,32.2536,4.36922,1.82714,30.4265,,,0.028229,90.369
2025-11-25 08:00:00,50.7419,5.24735,2.79917,47.9427,,,0.034938,147.48
2025-11-25 09:00:00,11.5261,3.22678,0.665859,10.8602,,,0.021722,33.479
2025-11-25 10:00:00,7.86567,2.7198,0.539811,7.32586,,,0.020538,24.3
2025-11-25 11:00:00,8.62654,3.00158,0.511119,8.11543,,,0.021301,26.467
2025-11-25 12:00:00,9.27271,3.33311,0.611548,8.66116,,,0.020276,26.087
2025-11-25 13:00:00,10.3149,3.39752,0.626875,9.688,,,0.020782,28.754
2025-11-25 14:00:00,7.77271,3.00802,0.605121,7.16759,,,0.019912,20.305
2025-11-25 15:00:00,7.25309,2.74323,0.472891,6.7802,,,0.019998,22.208
2025-11-25 16:00:00,9.12894,3.0552,0.654927,8.47402,,,0.020822,25.94
2025-11-25 17:00:00,37.1917,5.02455,2.23083,34.9609,,,0.030689,101.706
2025-11-25 18:00:00,45.4766,6.78958,2.81672,42.6599,,,0.033118,114.544
2025-11-25 19:00:00,16.0218,4.8847,1.24636,14.7754,,,0.023516,50.807
2025-11-25 20:00:00,8.949,4.45224,0.666821,8.28218,,,0.020662,31.407
2025-11-25 21:00:00,6.93709,4.58196,0.673082,6.26401,,,0.019381,23.44
2025-11-25 22:00:00,2.07022,3.07154,0.099794,1.97042,,,0.015097,5.58
2025-11-25 23:00:00,0.001404,0.233968,0.000353,0.001051,,,0.013502,0.022
2025-11-26 00:00:00,9e-06,0.002261,5e-06,4e-06,,,0.01814,0
2025-11-26 01:00:00,0.001177,0.034629,0.000897,0.00028,,,0.025995,0.029
2025-11-26 02:00:00,6e-06,0.001663,4e-06,2e-06,,,0.025915,0
2025-11-26 03:00:00,4e-06,0.001932,2e-06,2e-06,,,0.025661,0.001
2025-11-26 04:00:00,9e-06,0.002258,5e-06,4e-06,,,0.025627,0
2025-11-26 05:00:00,0.246903,1.3566,0.023249,0.223654,,,0.02641,0.639
2025-11-26 06:00:00,6.59662,3.55422,0.354482,6.24214,,,0.034664,14.263
2025-11-26 07:00:00,34.477,5.21431,1.796,32.681,,,0.043033,84.161
2025-11-26 08:00:00,51.6992,5.41807,2.82499,48.8742,,,0.03499,145.505
2025-11-26 09:00:00,12.8678,3.58634,0.772207,12.0956,,,0.023265,38.396
2025-11-26 10:00:00,8.83779,3.16994,0.489044,8.34875,,,0.021627,25.705
2025-11-26 11:00:00,9.34989,3.68396,0.54258,8.80731,,,0.021552,27.201
2025-11-26 12:00:00,8.77258,3.60418,0.660276,8.1123,,,0.021612,28.804
2025-11-26 13:00:00,9.62286,3.49161,0.592701,9.03016,,,0.02115,28.273
2025-11-26 14:00:00,8.67535,3.2492,0.652115,8.02324,,,0.021003,24.654
2025-11-26 15:00:00,8.82747,3.58549,0.597903,8.22956,,,0.021563,25.046
2025-11-26 16:00:00,10.4043,3.27179,0.87609,9.52821,,,0.022525,33.052
2025-11-26 17:00:00,39.062,5.239,2.49004,36.5719,,,0.032846,114.902
2025-11-26 18:00:00,37.2963,5.80396,2.50032,34.7959,,,0.033245,111.003
2025-11-26 19:00:00,17.1928,5.19421,1.23809,15.9547,,,0.024923,57.154
2025-11-26 20:00:00,11.3073,5.12106,0.861684,10.4456,,,0.022225,40.161
2025-11-26 21:00:00,8.52666,5.18653,0.770225,7.75643,,,0.019762,29.326
2025-11-26 22:00:00,3.75465,6.49594,0.294327,3.46033,,,0.016099,11.069
2025-11-26 23:00:00,0.33631,3.91058,0.010744,0.325566,,,0.013651,0.814
2025-11-27 00:00:00,0.264516,14.6953,0.011705,0.252811,,,0.013835,1.809
2025-11-27 01:00:00,0.044493,0.741544,0.010233,0.03426,,,0.013951,3.243
2025-11-27 02:00:00,0.01019,0.231576,0.003583,0.006607,,,0.013648,2.563
2025-11-27 03:00:00,0.012721,0.205178,0.003856,0.008865,,,0.013515,2.686
2025-11-27 04:00:00,0.000258,0.004419,8.3e-05,0.000175,,,0.013262,0.011
2025-11-27 05:00:00,0.612444,1.06698,0.028463,0.583981,,,0.013632,1.514
2025-11-27 06:00:00,5.63221,2.45948,0.355066,5.27714,,,0.01721,16.195
2025-11-27 07:00:00,32.0931,4.88033,1.71043,30.3826,,,0.028152,85.035
2025-11-27 08:00:00,47.7755,4.82191,2.64691,45.1286,,,0.035028,145.229
2025-11-27 09:00:00,12.6806,3.2988,0.823174,11.8574,,,0.023283,37.323
2025-11-27 10:00:00,7.5266,2.46612,0.523722,7.00287,,,0.021397,24.722
2025-11-27 11:00:00,7.42324,2.38536,0.675379,6.74786,,,0.021469,25.86
2025-11-27 12:00:00,8.44084,2.90263,1.19735,7.24349,,,0.020642,25.081
2025-11-27 13:00:00,8.91311,3.12302,0.791833,8.12127,,,0.021145,29.911
2025-11-27 14:00:00,9.4479,4.01014,0.617039,8.83086,,,0.021327,27.774
2025-11-27 15:00:00,7.87213,2.78758,0.599883,7.27224,,,0.02227,27.527
2025-11-27 16:00:00,14.2532,4.27766,0.971207,13.2819,,,0.023169,35.017
2025-11-27 17:00:00,37.5924,5.33679,2.50307,35.0893,,,0.032346,111.448
2025-11-27 18:00:00,38.2616,5.76576,2.51428,35.7473,,,0.033874,117.99
2025-11-27 19:00:00,17.3784,5.92714,1.46124,15.9171,,,0.024841,54.611
2025-11-27 20:00:00,10.2752,4.5546,0.812666,9.46251,,,0.021424,35.518
2025-11-27 21:00:00,9.72111,5.28321,0.757883,8.96323,,,0.020548,34.512
2025-11-27 22:00:00,3.18532,3.53924,0.225295,2.96003,,,0.016179,10.166
2025-11-27 23:00:00,0.605344,2.46075,0.030819,0.574525,,,0.013975,1.422
2025-11-28 00:00:00,0.613133,2.94775,0.036441,0.576692,,,0.014967,4.472
2025-11-28 01:00:00,0.298302,3.46862,0.023639,0.274663,,,0.014662,5.185
2025-11-28 02:00:00,0.359858,2.85602,0.026773,0.333085,,,0.014086,2.99
2025-11-28 03:00:00,0.528754,2.20314,0.021811,0.506943,,,0.013539,1.563
2025-11-28 04:00:00,0.124881,1.27429,0.027667,0.097214,,,0.013953,4.322
2025-11-28 05:00:00,1.07012,2.3365,0.045419,1.0247,,,0.01412,3.584
2025-11-28 06:00:00,6.19323,2.96043,0.338569,5.85466,,,0.017067,14.538
2025-11-28 07:00:00,32.8093,5.50307,1.77852,31.0308,,,0.027915,86.187
2025-11-28 08:00:00,47.5667,4.8409,2.61705,44.9496,,,0.03433,142.282
2025-11-28 09:00:00,11.4053,3.49,0.79811,10.6072,,,0.023422,37.582
2025-11-28 10:00:00,7.11199,3.08412,0.566602,6.54539,,,0.020468,23.28
2025-11-28 11:00:00,8.83524,3.45126,0.787831,8.0474,,,0.021392,26.922
2025-11-28 12:00:00,10.133,3.18049,0.799117,9.33392,,,0.021678,32.705
2025-11-28 13:00:00,10.2865,3.18664,0.703591,9.58289,,,0.021255,31.763
2025-11-28 14:00:00,11.2395,3.40592,0.80394,10.4356,,,0.021949,32.016
2025-11-28 15:00:00,12.3864,4.09875,0.848059,11.5384,,,0.022362,34.516
2025-11-28 16:00:00,16.24,3.83925,1.12043,15.1196,,,0.024934,49.025
2025-11-28 17:00:00,42.9245,4.90118,2.84843,40.0761,,,0.034021,125.021
2025-11-28 18:00:00,42.7018,5.44527,3.19452,39.5073,,,0.035137,132.344
2025-11-28 19:00:00,22.9636,5.36532,1.85299,21.1106,,,0.027408,70.353
2025-11-28 20:00:00,13.5661,4.31493,1.04641,12.5197,,,0.023209,40.674
2025-11-28 21:00:00,10.7788,4.58284,0.962993,9.81584,,,0.02179,33.189
2025-11-28 22:00:00,4.16793,3.91723,0.24846,3.91947,,,0.016795,12.116
2025-11-28 23:00:00,0.529215,3.94937,0.021628,0.507587,,,0.014116,0.7
2025-11-29 00:00:00,0.261268,1.63291,0.009082,0.252186,,,0.013683,0.575
2025-11-29 01:00:00,0.00284,0.177569,0.00029,0.00255,,,0.013199,0.021
2025-11-29 02:00:00,9e-06,0.002216,5e-06,4e-06,,,0.013034,0.001
2025-11-29 03:00:00,0.005269,0.658806,0.000298,0.004971,,,0.01293,0.009
2025-11-29 04:00:00,0.467432,6.6776,0.016517,0.450915,,,0.013339,0.803
2025-11-29 05:00:00,0.87783,3.88421,0.027347,0.850483,,,0.013656,1.309
2025-11-29 06:00:00,4.51733,3.02365,0.334903,4.18243,,,0.016855,11.687
2025-11-29 07:00:00,14.2248,4.33949,0.728843,13.496,,,0.021563,34.984
2025-11-29 08:00:00,22.7095,5.52005,1.21971,21.4898,,,0.025639,57.697
2025-11-29 09:00:00,16.3008,4.25608,1.17238,15.1284,,,0.024043,41.905
2025-11-29 10:00:00,12.2112,3.13914,0.782685,11.4286,,,0.023381,37.863
2025-11-29 11:00:00,11.5408,3.89629,0.872757,10.6681,,,0.023508,35.87
2025-11-29 12:00:00,13.3893,4.39571,1.12244,12.2669,,,0.023128,37.688
2025-11-29 13:00:00,9.81931,3.20265,0.885187,8.93413,,,0.021928,31.707
2025-11-29 14:00:00,11.6619,3.41791,0.829068,10.8329,,,0.022515,34.568
2025-11-29 15:00:00,13.2471,3.93089,1.31583,11.9313,,,0.023441,38.015
2025-11-29 16:00:00,14.2397,3.73942,1.24028,12.9994,,,0.024145,45.219
2025-11-29 17:00:00,20.2723,4.02708,1.44693,18.8254,,,0.026507,61.849
2025-11-29 18:00:00,22.5497,5.45734,1.717,20.8327,,,0.026665,62.876
2025-11-29 19:00:00,12.7875,4.50583,1.28798,11.4996,,,0.023252,44.053
2025-11-29 20:00:00,7.94951,4.56344,0.97216,6.97735,,,0.020751,32.761
2025-11-29 21:00:00,8.39317,5.05004,0.601087,7.79209,,,0.020265,31.32
2025-11-29 22:00:00,3.84619,4.00645,0.213411,3.63278,,,0.016463,11.818
2025-11-29 23:00:00,0.53036,9.82149,0.026794,0.503566,,,0.014142,1.236
2025-11-30 00:00:00,0.047904,3.99206,0.019836,0.028068,,,0.014231,4
2025-11-30 01:00:00,0.210413,7.51478,0.01326,0.197153,,,0.013605,2.285
2025-11-30 02:00:00,0.531885,10.6377,0.012697,0.519188,,,0.013236,0.61
2025-11-30 03:00:00,0.148647,3.23142,0.008834,0.139813,,,0.013438,2.45
2025-11-30 04:00:00,0.022461,0.488298,0.005567,0.016894,,,0.013568,3.275
2025-11-30 05:00:00,0.167338,0.316928,0.014637,0.152701,,,0.013511,2.052
2025-11-30 06:00:00,4.09886,2.3942,0.181521,3.91734,,,0.016246,8.61
2025-11-30 07:00:00,8.18508,3.5868,0.501441,7.68363,,,0.019342,21.952
2025-11-30 08:00:00,12.3771,3.69026,0.706475,11.6707,,,0.022176,32.994
2025-11-30 09:00:00,10.2673,2.85363,0.66543,9.60192,,,0.022199,31.621
2025-11-30 10:00:00,9.726,2.57166,0.651685,9.07432,,,0.022323,28.571
2025-11-30 11:00:00,8.9748,2.76148,0.879709,8.09509,,,0.021994,27.888
2025-11-30 12:00:00,9.97325,3.16611,0.855728,9.11753,,,0.021904,30.044
2025-11-30 13:00:00,9.95474,2.51382,1.08117,8.87357,,,0.022705,33.034
2025-11-30 14:00:00,11.8217,3.33945,1.15432,10.6673,,,0.02314,35.34
2025-11-30 15:00:00,13.7859,4.11518,1.41848,12.3674,,,0.023923,39.571
2025-11-30 16:00:00,16.4168,3.94066,1.33731,15.0795,,,0.025117,46.946
2025-11-30 17:00:00,17.8748,3.80477,1.40133,16.4735,,,0.026182,55.458
2025-11-30 18:00:00,18.2459,4.38815,1.5838,16.6621,,,0.02577,55.691
2025-11-30 19:00:00,15.2781,5.23222,1.27849,13.9996,,,0.023443,44.015
2025-11-30 20:00:00,8.7417,3.78756,1.41634,7.32536,,,0.020594,29.411
2025-11-30 21:00:00,9.233,5.19292,1.10036,8.13265,,,0.020391,34.28
2025-11-30 22:00:00,3.52209,5.62633,0.199372,3.32271,,,0.01593,9.327
2025-11-30 23:00:00,0.423509,19.2504,0.0214,0.402109,,,0.0139,1.414
2025-12-01 00:00:00,0.146927,0.64442,0.013551,0.133376,,,0.013882,1.813
2025-12-01 01:00:00,0.066672,0.57476,0.012215,0.054457,,,0.014134,4.095
2025-12-01 02:00:00,0.896034,8.45316,0.021171,0.874863,,,0.013796,2.552
2025-12-01 03:00:00,0.36195,3.06736,0.015181,0.346769,,,0.013266,0.768
2025-12-01 04:00:00,0.274567,5.49134,0.009088,0.265479,,,0.013205,0.421
2025-12-01 05:00:00,0.254864,0.806528,0.017157,0.237707,,,0.013552,1.683
2025-12-01 06:00:00,6.78747,2.97435,0.454961,6.33251,,,0.017969,16.895
2025-12-01 07:00:00,34.0102,4.35359,2.16581,31.8444,,,0.029018,93.639
2025-12-01 08:00:00,50.6572,4.57608,2.91159,47.7456,,,0.035777,157.19
2025-12-01 09:00:00,14.8997,3.97113,0.927227,13.9724,,,0.023814,43.209
2025-12-01 10:00:00,7.93017,2.46738,0.796095,7.13407,,,0.021361,25.612
2025-12-01 11:00:00,11.2828,3.92037,0.871495,10.4113,,,0.021639,27.002
2025-12-01 12:00:00,12.1795,4.73173,0.841792,11.3377,,,0.021524,30.998
2025-12-01 13:00:00,9.89815,3.69334,0.834297,9.06386,,,0.021115,27.712
2025-12-01 14:00:00,9.31573,3.1925,0.660792,8.65494,,,0.02135,27.282
2025-12-01 15:00:00,8.53969,2.71619,0.872303,7.66739,,,0.021746,29.212
2025-12-01 16:00:00,11.212,3.46477,0.907299,10.3047,,,0.022093,23.662
2025-12-01 17:00:00,37.1091,4.64211,2.57654,34.5325,,,0.032346,109.527
2025-12-01 18:00:00,38.6615,5.52939,2.68831,35.9732,,,0.033238,116.339
2025-12-01 19:00:00,19.2615,6.41195,1.47707,17.7844,,,0.024645,56.315
2025-12-01 20:00:00,9.55758,4.24028,0.834866,8.72272,,,0.02109,20.769
2025-12-01 21:00:00,6.08414,3.74178,0.525322,5.55882,,,0.018992,23.627
2025-12-01 22:00:00,1.92689,2.46406,0.15226,1.77463,,,0.015678,6.315
2025-12-01 23:00:00,0.102826,1.51215,0.009996,0.09283,,,0.013777,0.467
2025-12-02 00:00:00,0.081792,2.40559,0.00398,0.077812,,,0.01332,0.149
2025-12-02 01:00:00,0.138993,3.86094,0.005385,0.133608,,,0.013247,0.427
2025-12-02 02:00:00,0.184993,4.86821,0.010583,0.17441,,,0.013112,0.509
2025-12-02 03:00:00,0.043078,0.283417,0.002816,0.040262,,,0.01302,0.216
2025-12-02 04:00:00,0.006029,0.033129,0.00314,0.002889,,,0.012956,0.066
2025-12-02 05:00:00,0.073627,0.192741,0.016666,0.056961,,,0.013232,0.648
2025-12-02 06:00:00,4.95952,2.81791,0.294769,4.66476,,,0.017063,13.055
2025-12-02 07:00:00,30.7069,4.46711,1.81708,28.8898,,,0.028146,84.43
2025-12-02 08:00:00,49.6788,4.82694,2.69246,46.9864,,,0.035312,146.641
2025-12-02 09:00:00,13.5149,3.80488,0.830865,12.6841,,,0.023507,40.453
2025-12-02 10:00:00,8.37841,2.99443,0.611177,7.76724,,,0.021529,26.185
2025-12-02 11:00:00,9.13904,3.80793,0.554946,8.58409,,,0.021543,20.145
2025-12-02 12:00:00,8.73102,3.53197,0.587868,8.14315,,,0.021234,27.234
2025-12-02 13:00:00,8.5724,3.6201,0.568924,8.00347,,,0.020983,27.729
2025-12-02 14:00:00,6.28166,2.2181,0.450388,5.83127,,,0.020561,22.646
2025-12-02 15:00:00,7.05135,2.20769,0.427524,6.62383,,,0.022094,22.018
2025-12-02 16:00:00,9.334,3.04237,0.708592,8.62541,,,0.021676,29.519
2025-12-02 17:00:00,38.4692,4.95737,2.21698,36.2522,,,0.032245,107.664
2025-12-02 18:00:00,37.6019,5.69726,2.57833,35.0236,,,0.033508,115.779
2025-12-02 19:00:00,17.462,6.33139,1.25384,16.2081,,,0.024837,54.556
2025-12-02 20:00:00,11.0954,5.4657,1.01361,10.0818,,,0.021954,37.584
2025-12-02 21:00:00,8.06702,4.63622,1.03219,7.03483,,,0.019699,27.977
2025-12-02 22:00:00,3.12047,4.26293,0.269533,2.85093,,,0.017442,14.95
2025-12-02 23:00:00,2.17167,5.00384,0.094898,2.07677,,,0.015633,8.086
2025-12-03 00:00:00,0.937278,1.43315,0.05888,0.878398,,,0.014819,3.379
2025-12-03 01:00:00,1.37484,1.95847,0.070751,1.30409,,,0.029432,5.161
2025-12-03 02:00:00,0.812148,1.5499,0.045049,0.767099,,,0.02881,4.367
2025-12-03 03:00:00,1.17048,2.35985,0.046789,1.12369,,,0.02773,2.924
2025-12-03 04:00:00,0.207707,17.3089,0.010076,0.197631,,,0.027748,4.506
2025-12-03 05:00:00,0.144456,0.345589,0.015745,0.128711,,,0.027051,1.9
2025-12-03 06:00:00,4.99479,2.2849,0.281024,4.71376,,,0.034195,15.169
2025-12-03 07:00:00,32.7415,4.62451,1.78019,30.9613,,,0.040883,85.793
2025-12-03 08:00:00,54.2384,5.24042,3.03105,51.2073,,,0.035952,161.397
2025-12-03 09:00:00,12.3692,3.80592,0.877956,11.4913,,,0.022822,37.687
2025-12-03 10:00:00,6.16425,2.83023,0.426307,5.73794,,,0.020617,21.012
2025-12-03 11:00:00,6.45927,2.61721,0.479931,5.97934,,,0.020729,22.189
2025-12-03 12:00:00,9.52308,3.29975,0.753166,8.76991,,,0.020531,25.759
2025-12-03 13:00:00,7.99797,2.89782,0.596768,7.40121,,,0.0201,25.154
2025-12-03 14:00:00,7.36176,3.02455,0.504723,6.85703,,,0.020804,22.974
2025-12-03 15:00:00,8.57949,2.7516,0.536485,8.043,,,0.02136,26.299
2025-12-03 16:00:00,12.8213,4.17362,1.11172,11.7096,,,0.023404,38.524
2025-12-03 17:00:00,35.8879,5.18162,2.18707,33.7008,,,0.032147,107.196
2025-12-03 18:00:00,41.6975,5.92462,2.80502,38.8925,,,0.035011,126.658
2025-12-03 19:00:00,17.3024,6.21048,1.41168,15.8907,,,0.024793,58.329
2025-12-03 20:00:00,10.1454,4.8776,0.69244,9.45296,,,0.020861,30.533
2025-12-03 21:00:00,7.37954,4.99969,0.540221,6.83932,,,0.019331,24.594
2025-12-03 22:00:00,2.71655,4.06669,0.301618,2.41493,,,0.016347,11.734
2025-12-03 23:00:00,0.225134,1.58546,0.016699,0.208435,,,0.013967,1.606
2025-12-04 00:00:00,0.193082,48.2704,0.015354,0.177728,,,0.014203,3.243
2025-12-04 01:00:00,0.022331,0.46522,0.00501,0.017321,,,0.013742,2.72
2025-12-04 02:00:00,0.027824,1.73899,0.007339,0.020485,,,0.013958,3.835
2025-12-04 03:00:00,0.017472,0.513904,0.003792,0.01368,,,0.013662,3.354
2025-12-04 04:00:00,0.322806,5.9779,0.008441,0.314365,,,0.013245,0.424
2025-12-04 05:00:00,0.772837,2.03378,0.041655,0.731182,,,0.013908,3.644
2025-12-04 06:00:00,5.57897,2.71087,0.357642,5.22133,,,0.017384,16.492
2025-12-04 07:00:00,30.8922,4.69487,1.66154,29.2307,,,0.027615,81.838
2025-12-04 08:00:00,54.051,5.2375,2.98303,51.068,,,0.036038,102.709
2025-12-04 09:00:00,15.4408,4.45494,0.894333,14.5465,,,0.02385,41.808
2025-12-04 10:00:00,9.24729,3.41733,0.482511,8.76478,,,0.020892,23.413
2025-12-04 11:00:00,11.6887,4.96968,0.815579,10.8731,,,0.021265,26.68
2025-12-04 12:00:00,10.6027,4.50411,0.951464,9.65122,,,0.021072,26.346
2025-12-04 13:00:00,10.7432,3.65167,0.840888,9.90232,,,0.021362,29.475
2025-12-04 14:00:00,7.50469,2.69372,0.651127,6.85356,,,0.021017,23.92
2025-12-04 15:00:00,8.46801,3.04386,0.614296,7.85372,,,0.021146,26.325
2025-12-04 16:00:00,14.2532,4.2777,0.9712,13.2819,,,0.0232,35.017
2025-12-04 17:00:00,38.7734,4.75397,2.84834,35.9251,,,0.0333,112.187
2025-12-04 18:00:00,40.1964,5.523,2.82292,37.3735,,,0.034935,123.422
2025-12-04 19:00:00,17.122,4.98023,1.18115,15.9409,,,0.024894,51.053
2025-12-04 20:00:00,11.0163,4.95338,0.804104,10.2122,,,0.021421,32.159
2025-12-04 21:00:00,7.37546,4.28806,0.613649,6.76182,,,0.019636,24.96
2025-12-04 22:00:00,2.1837,2.85078,0.225605,1.95809,,,0.01596,7.397
2025-12-04 23:00:00,0.017575,0.251085,0.005079,0.012496,,,0.014004,0.178
2025-12-05 00:00:00,0.00055,0.008868,0.000236,0.000314,,,0.014147,0.118
2025-12-05 01:00:00,0.002036,0.050893,0.000874,0.001162,,,0.013206,0.054
2025-12-05 02:00:00,5.2e-05,0.001977,2.6e-05,2.6e-05,,,0.013025,0.002
2025-12-05 03:00:00,2.8e-05,0.001719,1.4e-05,1.4e-05,,,0.013152,0.002
2025-12-05 04:00:00,6e-05,0.004249,2.5e-05,3.5e-05,,,0.012926,0.002
2025-12-05 05:00:00,0.507634,3.90487,0.032778,0.474856,,,0.013351,1.568
2025-12-05 06:00:00,5.69704,3.49512,0.306898,5.39014,,,0.016963,13.686
2025-12-05 07:00:00,32.9492,5.10049,1.85911,31.0901,,,0.027725,84.472
2025-12-05 08:00:00,51.4259,5.32139,2.78572,48.6402,,,0.035525,154.78
2025-12-05 09:00:00,14.6407,4.70458,0.802777,13.8379,,,0.023862,43.436
2025-12-05 10:00:00,7.94707,2.83217,0.493566,7.4535,,,0.021211,26.137
2025-12-05 11:00:00,10.0541,4.19969,0.665774,9.38829,,,0.02205,30.468
2025-12-05 12:00:00,11.0574,3.99185,0.938917,10.1185,,,0.022087,34.128
2025-12-05 13:00:00,9.56854,2.95325,0.714166,8.85437,,,0.0212,31.105
2025-12-05 14:00:00,9.11529,2.58663,0.614772,8.50052,,,0.021204,28.146
2025-12-05 15:00:00,13.5961,4.09276,0.893772,12.7024,,,0.023926,39.01
2025-12-05 16:00:00,19.909,4.5642,1.56645,18.3426,0.117275,0.12989,0.026183,61.085
2025-12-05 17:00:00,40.0924,4.61468,2.91519,37.1772,0.198969,0.25983,0.034507,124.709
2025-12-05 18:00:00,46.5859,5.83344,3.78705,42.7988,0.235029,0.298938,0.037325,145.123
2025-12-05 19:00:00,20.7182,5.07054,1.62315,19.0951,0.124553,0.141978,0.026802,69.727
2025-12-05 20:00:00,11.0617,4.54094,1.17666,9.88506,0.081553,0.076924,0.022249,38.679
2025-12-05 21:00:00,11.135,4.90961,0.737762,10.3972,0.071064,0.073967,0.021506,37.627
2025-12-05 22:00:00,4.15688,5.22221,0.295197,3.86168,0.029026,0.027904,0.016991,13.54
2025-12-05 23:00:00,0.490472,12.2618,0.028916,0.461556,0.014056,0.003962,0.014788,4.974
2025-12-06 00:00:00,0.470118,6.91351,0.018591,0.451527,0.007239,0.005619,0.014298,2.484
2025-12-06 01:00:00,0.607676,3.99787,0.019298,0.588378,0.004975,0.006677,0.013908,1.573
2025-12-06 02:00:00,0.207454,1.22032,0.026374,0.18108,0.011703,0.003852,0.014264,4.175
2025-12-06 03:00:00,0.049773,0.276522,0.01355,0.036223,0.003132,0.000836,0.013406,1.146
2025-12-06 04:00:00,0.038516,0.641923,0.006368,0.032148,0.00833,0.001479,0.013796,3.734
2025-12-06 05:00:00,0.522699,1.05383,0.033318,0.489381,0.005588,0.003042,0.013653,2.55
2025-12-06 06:00:00,4.46628,2.68729,0.227645,4.23863,0.032112,0.027186,0.016459,12.231
2025-12-06 07:00:00,11.8122,3.13821,0.768276,11.0439,0.066829,0.074619,0.020847,33.315
2025-12-06 08:00:00,20.6633,4.35751,1.11003,19.5533,0.094411,0.130255,0.025152,54.675
2025-12-06 09:00:00,14.755,3.30682,0.945244,13.8098,0.07855,0.095049,0.023847,40.518
2025-12-06 10:00:00,12.0308,2.98235,0.881078,11.1497,0.073466,0.077479,0.023568,36.388
2025-12-06 11:00:00,10.4398,2.64566,0.78758,9.6522,0.072629,0.072262,0.022824,34.829
2025-12-06 12:00:00,11.6955,3.46637,1.09872,10.5968,0.081599,0.079201,0.022851,36.067
2025-12-06 13:00:00,11.8783,3.23659,0.911108,10.9672,0.072447,0.077631,0.022394,35.616
2025-12-06 14:00:00,12.384,4.08713,0.911532,11.4725,0.070248,0.07335,0.022429,34.379
2025-12-06 15:00:00,14.207,3.94419,1.59866,12.6083,0.098385,0.087389,0.023822,42
2025-12-06 16:00:00,13.6929,3.81206,1.12595,12.567,0.077621,0.081291,0.023036,37.296
2025-12-06 17:00:00,21.4687,4.49324,1.52783,19.9409,0.110065,0.145017,0.027386,61.769
2025-12-06 18:00:00,24.3085,5.45522,2.42435,21.8841,0.147014,0.147178,0.027343,63.278
2025-12-06 19:00:00,12.8506,4.43125,1.12987,11.7208,0.086101,0.085325,0.022854,41.204
2025-12-06 20:00:00,7.70524,4.33365,1.07135,6.63389,0.076756,0.054246,0.020834,29.272
2025-12-06 21:00:00,7.64485,5.20058,0.674761,6.97009,0.06084,0.053049,0.020351,26.444
2025-12-06 22:00:00,2.3055,3.3805,0.18946,2.11604,0.024494,0.01504,0.01614,8.33
2025-12-06 23:00:00,0.520177,2.30166,0.045355,0.474822,0.011443,0.003498,0.014684,3.644
2025-12-07 00:00:00,0.211219,1.35396,0.02584,0.185379,0.012046,0.003496,0.014654,4.601
2025-12-07 01:00:00,0.383462,2.7787,0.02225,0.361212,0.012161,0.005404,0.014478,4.575
2025-12-07 02:00:00,0.032806,0.607507,0.004189,0.028617,0.004695,0.001005,0.013714,2.005
2025-12-07 03:00:00,0.068774,1.80983,0.003742,0.065032,0.002986,0.001282,0.013444,1.299
2025-12-07 04:00:00,0.114853,1.91421,0.008496,0.106357,0.009422,0.002424,0.01398,4.154
2025-12-07 05:00:00,0.699611,2.96445,0.045269,0.654342,0.009746,0.00427,0.01403,3.201
2025-12-07 06:00:00,3.00094,2.18409,0.211171,2.78977,0.028849,0.022423,0.01645,10.069
2025-12-07 07:00:00,12.2555,5.17108,0.706536,11.5489,0.057657,0.081094,0.020498,27.783
2025-12-07 08:00:00,15.2086,4.7527,0.985183,14.2235,0.074975,0.101276,0.022846,34.889
2025-12-07 09:00:00,12.3601,3.27681,0.816976,11.5431,0.069785,0.08333,0.02245,30.657
2025-12-07 10:00:00,10.9246,2.99798,0.840294,10.0843,0.067928,0.076463,0.022625,28.669
2025-12-07 11:00:00,10.4703,2.9779,0.931728,9.53858,0.068686,0.069093,0.022229,29.466
2025-12-07 12:00:00,10.0668,3.37812,1.00017,9.06662,0.069944,0.0657,0.023056,32.094
2025-12-07 13:00:00,12.3254,3.30439,0.850388,11.475,0.068275,0.077027,0.022471,33.846
2025-12-07 14:00:00,13.0563,2.95257,0.92741,12.1289,0.074022,0.087617,0.023486,36.242
2025-12-07 15:00:00,14.3525,3.78894,1.18085,13.1716,0.090578,0.090513,0.023536,39.746
2025-12-07 16:00:00,15.7706,3.63043,1.24232,14.5283,0.091202,0.10392,0.024955,45.151
2025-12-07 17:00:00,20.1868,4.02447,1.69962,18.4871,0.119126,0.138428,0.026444,60.428
2025-12-07 18:00:00,19.9354,4.70396,1.97694,17.9584,0.130937,0.133927,0.026098,60.641
2025-12-07 19:00:00,12.6369,4.1029,1.09297,11.544,0.080574,0.086713,0.023173,42.216
2025-12-07 20:00:00,11.2455,4.60881,0.962959,10.2825,0.072617,0.075131,0.021433,36.049
2025-12-07 21:00:00,8.45014,3.97093,0.645885,7.80426,0.0561,0.060776,0.019856,27.718
2025-12-07 22:00:00,1.45723,2.7599,0.129383,1.32785,0.01916,0.018322,0.016047,9.52
2025-12-07 23:00:00,0.063934,10.6556,0.004002,0.059932,0.000412,0.000516,0.013765,0.265
2025-12-08 00:00:00,1.8e-05,0.002275,9e-06,9e-06,1.2e-05,5e-06,0.013555,0.001
2025-12-08 01:00:00,0.011622,0.363243,0.003952,0.00767,0.000369,0.000154,0.013434,0.073
2025-12-08 02:00:00,1.2e-05,0.002074,7e-06,5e-06,1.1e-05,2e-06,0.013306,0
2025-12-08 03:00:00,0.009329,1.55494,0.001732,0.007597,0.000189,0.000126,0.013208,0.027
2025-12-08 04:00:00,1.2e-05,0.002059,7e-06,5e-06,7e-06,2e-06,0.013291,0.001
2025-12-08 05:00:00,0.292828,1.70249,0.015299,0.277529,0.002784,0.001799,0.013449,0.93
2025-12-08 06:00:00,6.91478,3.28962,0.382994,6.53179,0.039155,0.041031,0.017705,17.135
2025-12-08 07:00:00,31.8211,4.21807,2.22984,29.5913,0.142501,0.196907,0.028895,88.116
2025-12-08 08:00:00,51.6153,4.39354,2.86646,48.7488,0.194754,0.31738,0.037324,153.55
2025-12-08 09:00:00,13.4421,3.57121,0.928642,12.5134,0.075849,0.087478,0.023776,41.992
2025-12-08 10:00:00,8.61628,3.00219,1.05301,7.56327,0.058398,0.054055,0.02207,26.874
2025-12-08 11:00:00,8.75272,3.76623,0.622314,8.13041,0.051852,0.05369,0.021781,23.734
2025-12-08 12:00:00,8.73414,3.43593,0.590359,8.14378,0.06045,0.059667,0.022184,27.063
2025-12-08 13:00:00,8.74197,2.90624,0.628904,8.11307,0.062468,0.057488,0.021511,28.596
2025-12-08 14:00:00,8.13923,2.83795,0.92107,7.21816,0.063811,0.050344,0.021461,25.507
2025-12-08 15:00:00,10.6402,3.81917,0.892692,9.74751,0.070741,0.066326,0.022933,30.936
2025-12-08 16:00:00,11.45,3.57143,0.737668,10.7123,0.072862,0.072121,0.022994,34.989
2025-12-08 17:00:00,38.644,5.20668,2.62505,36.0189,0.174726,0.237624,0.032597,110.042
2025-12-08 18:00:00,40.0614,5.88273,3.07971,36.9817,0.202081,0.253425,0.034164,121.451
2025-12-08 19:00:00,17.9947,5.55391,1.3927,16.602,0.111011,0.123286,0.025491,58.376
2025-12-08 20:00:00,11.118,4.68719,0.915243,10.2028,0.083309,0.078788,0.02245,40.168
2025-12-08 21:00:00,8.10034,5.0754,0.689583,7.41076,0.066571,0.053486,0.02025,30.234
2025-12-08 22:00:00,2.69021,3.57741,0.602392,2.08782,0.029038,0.017285,0.015983,8.947
2025-12-08 23:00:00,0.117767,1.20171,0.004721,0.113046,0.000978,0.000602,0.013745,0.326
2025-12-09 00:00:00,0.215022,13.4388,0.011243,0.203779,0.003827,0.002364,0.013714,1.51
2025-12-09 01:00:00,0.039074,0.781459,0.011385,0.027689,0.009029,0.00178,0.013973,3.398
2025-12-09 02:00:00,0.012241,0.266092,0.00464,0.007601,0.006938,0.00092,0.013708,3.205
2025-12-09 03:00:00,0.011303,0.332419,0.004738,0.006565,0.00763,0.000952,0.013668,3.6
2025-12-09 04:00:00,0.019603,0.08034,0.004636,0.014967,0.005251,0.000862,0.013567,2.367
2025-12-09 05:00:00,0.470829,0.787341,0.026898,0.443931,0.006279,0.00283,0.013747,2.392
2025-12-09 06:00:00,6.37998,2.91058,0.329005,6.05098,0.041061,0.039278,0.017649,16.59
2025-12-09 07:00:00,32.9467,4.77212,2.00455,30.9421,0.136008,0.196862,0.028527,87.04
2025-12-09 08:00:00,52.2375,5.09038,2.96532,49.2721,0.197998,0.32266,0.035774,154.886
2025-12-09 09:00:00,12.07,3.01448,0.81479,11.2552,0.075166,0.071933,0.023897,38.085
2025-12-09 10:00:00,7.42848,2.2429,0.482807,6.94567,0.049259,0.044874,0.02125,23.455
2025-12-09 11:00:00,8.21509,2.87845,0.731365,7.48372,0.055992,0.051925,0.021532,25.417
2025-12-09 12:00:00,9.20069,2.95842,0.619643,8.58104,0.060193,0.05728,0.021127,28.292
2025-12-09 13:00:00,7.98874,2.59543,0.516528,7.47221,0.0559,0.055233,0.021064,27.08
2025-12-09 14:00:00,7.00398,2.84715,0.548272,6.45571,0.052026,0.041919,0.021034,23.399
2025-12-09 15:00:00,8.55204,2.97773,0.684075,7.86796,0.05782,0.058547,0.02183,28.678
2025-12-09 16:00:00,12.8286,4.19785,0.864927,11.9637,0.074109,0.081817,0.02279,32.862
2025-12-09 17:00:00,39.3875,5.36322,2.54328,36.8442,0.171181,0.240621,0.03271,113.298
2025-12-09 18:00:00,40.5968,6.36514,2.57444,38.0224,0.194174,0.269329,0.035071,120.634
2025-12-09 19:00:00,17.2157,5.47572,1.36794,15.8477,0.107423,0.108739,0.024582,52.963
2025-12-09 20:00:00,10.3263,4.86632,0.843347,9.48299,0.073513,0.069799,0.021217,35.448
2025-12-09 21:00:00,7.82928,5.12388,0.634952,7.19433,0.063138,0.056397,0.020625,29.927
2025-12-09 22:00:00,2.41507,4.47235,0.227699,2.18737,0.022473,0.016527,0.015977,8.755
2025-12-09 23:00:00,0.071808,1.56106,0.015754,0.056054,0.011598,0.00216,0.014574,4.216
2025-12-10 00:00:00,0.383904,4.46401,0.022492,0.361412,0.008335,0.005464,0.014333,2.728
2025-12-10 01:00:00,0.514646,3.47733,0.027166,0.48748,0.005542,0.007062,0.013954,1.791
2025-12-10 02:00:00,0.02948,0.491328,0.009836,0.019644,0.009428,0.001691,0.014062,4.028
2025-12-10 03:00:00,0.031067,0.431472,0.008116,0.022951,0.00923,0.001469,0.013933,4.018
2025-12-10 04:00:00,0.31749,2.56041,0.021606,0.295884,0.010319,0.006793,0.014733,3.658
2025-12-10 05:00:00,0.504079,1.50023,0.026551,0.477528,0.008174,0.003398,0.01393,2.849
2025-12-10 06:00:00,6.08822,3.10307,0.369746,5.71847,0.040301,0.035102,0.01751,17.478
2025-12-10 07:00:00,34.0096,4.65503,2.21078,31.7989,0.139889,0.195344,0.028229,90.071
2025-12-10 08:00:00,52.4435,5.12144,3.27116,49.1724,0.19933,0.314913,0.036046,150.383
2025-12-10 09:00:00,15.3618,3.71776,1.46739,13.8944,0.08829,0.094596,0.023822,42.026
2025-12-10 10:00:00,8.31502,2.61808,0.583756,7.73127,0.053127,0.05317,0.02151,27.308
2025-12-10 11:00:00,8.47494,3.12959,0.665423,7.80951,0.061876,0.054851,0.02263,29.507
2025-12-10 12:00:00,8.31148,2.8425,0.64877,7.66271,0.054344,0.055284,0.02119,25.1
2025-12-10 13:00:00,8.99881,2.72196,1.22719,7.77162,0.074706,0.058044,0.021577,32.057
2025-12-10 14:00:00,6.79158,2.08331,0.493306,6.29827,0.052567,0.045715,0.021565,24.794
2025-12-10 15:00:00,8.52522,2.51185,0.757115,7.76811,0.055455,0.053447,0.02173,27.075
2025-12-10 16:00:00,11.9817,2.88854,0.707156,11.2745,0.065969,0.080878,0.023189,34.726
2025-12-10 17:00:00,37.9196,4.73403,2.42891,35.4906,0.187713,0.262673,0.034068,111.089
2025-12-10 18:00:00,37.8186,5.39957,2.93055,34.888,0.197268,0.247107,0.033554,116.894
2025-12-10 19:00:00,17.7775,5.12911,1.32447,16.453,0.103035,0.1133,0.025173,53.917
2025-12-10 20:00:00,12.0243,5.50563,1.72015,10.3041,0.093948,0.075697,0.021844,34.782
2025-12-10 21:00:00,7.97657,4.85784,0.754188,7.22238,0.065062,0.054233,0.020372,27.537
2025-12-10 22:00:00,2.12598,2.39412,0.260123,1.86586,0.018218,0.01594,0.016022,7.228
2025-12-10 23:00:00,0.037635,1.34412,0.001409,0.036226,0.003636,0.001866,0.014101,0.112
2025-12-11 00:00:00,0.6291,7.14887,0.026393,0.602707,0.006259,0.011645,0.014647,0.969
2025-12-11 01:00:00,1e-05,0.002606,6e-06,4e-06,7e-06,5e-06,0.01335,0
2025-12-11 02:00:00,1e-05,0.002581,6e-06,4e-06,6e-06,3e-06,0.013272,0
2025-12-11 03:00:00,8e-06,0.001509,4e-06,4e-06,7e-06,4e-06,0.013212,0
2025-12-11 04:00:00,1.1e-05,0.002052,6e-06,5e-06,7e-06,4e-06,0.013276,0
2025-12-11 05:00:00,0.347894,1.93275,0.027083,0.320811,0.003406,0.002032,0.013583,1.129
2025-12-11 06:00:00,6.80393,3.52901,0.384757,6.41917,0.041114,0.037716,0.017633,15.688
2025-12-11 07:00:00,32.7342,4.81243,1.77816,30.956,0.131026,0.194626,0.028506,84.687
2025-12-11 08:00:00,53.4872,5.01945,2.8345,50.6527,0.194216,0.317348,0.035991,156.334
2025-12-11 09:00:00,14.3534,4.15558,0.930557,13.4228,0.081747,0.095384,0.023835,44.077
2025-12-11 10:00:00,7.84222,2.5578,0.520909,7.32131,0.055162,0.051858,0.021947,25.915
2025-12-11 11:00:00,8.69008,3.08159,0.961635,7.72845,0.059383,0.053351,0.021917,25.033
2025-12-11 12:00:00,9.31169,3.54866,0.7531,8.55859,0.065232,0.062694,0.0221,31.966
2025-12-11 13:00:00,10.0227,3.13015,0.690444,9.33228,0.064039,0.065543,0.021813,29.889
2025-12-11 14:00:00,6.65974,2.57531,0.657851,6.00189,0.06063,0.055533,0.021915,28.025
2025-12-11 15:00:00,11.5856,3.31017,0.941953,10.6437,0.072123,0.072817,0.022806,33.972
2025-12-11 16:00:00,11.8034,3.30072,0.858294,10.9451,0.079329,0.080767,0.023651,38.29
2025-12-11 17:00:00,38.0585,4.97627,2.64568,35.4128,0.174617,0.231339,0.032671,111.247
2025-12-11 18:00:00,39.499,5.90243,2.74825,36.7508,0.193294,0.250525,0.033592,116.862
2025-12-11 19:00:00,22.6253,7.60769,1.38003,21.2452,0.113013,0.126652,0.025061,56.503
2025-12-11 20:00:00,11.2947,5.28282,0.957972,10.3367,0.075029,0.072241,0.021539,37.702
2025-12-11 21:00:00,8.13171,5.07597,0.666739,7.46497,0.059505,0.05358,0.020114,26.104
2025-12-11 22:00:00,0.780405,2.55034,0.068418,0.711987,0.023345,0.015255,0.016329,10.099
2025-12-11 23:00:00,0.050127,1.25315,0.011174,0.038953,0.00675,0.001347,0.014401,2.579
2025-12-12 00:00:00,0.029389,2.09919,0.010936,0.018453,0.01057,0.001953,0.014569,4.002
2025-12-12 01:00:00,0.025419,0.363143,0.007094,0.018325,0.006241,0.001306,0.01399,2.304
2025-12-12 02:00:00,0.023335,1.94463,0.008916,0.014419,0.01015,0.001641,0.014224,4.002
2025-12-12 03:00:00,0.103328,1.72215,0.012107,0.091221,0.005445,0.001601,0.013724,2.183
2025-12-12 04:00:00,0.016575,1.65743,0.007152,0.009423,0.009176,0.001311,0.014107,4.002
2025-12-12 05:00:00,0.082399,0.14207,0.010032,0.072367,0.004667,0.001247,0.013734,2.019
2025-12-12 06:00:00,5.65574,2.3313,0.325088,5.33066,0.045291,0.029517,0.017684,17.171
2025-12-12 07:00:00,31.4997,4.37861,1.86797,29.6317,0.132902,0.192807,0.028819,90.042
2025-12-12 08:00:00,56.1886,4.71777,3.1412,53.0474,0.209487,0.342317,0.038372,163.982
2025-12-12 09:00:00,14.4056,4.37327,0.796618,13.6089,0.072057,0.090013,0.02435,38.075
2025-12-12 10:00:00,7.59786,2.7831,0.483062,7.11479,0.048745,0.046299,0.02131,22.92
2025-12-12 11:00:00,8.24675,2.80311,0.544901,7.70185,0.053168,0.050766,0.021954,25.655
2025-12-12 12:00:00,11.0406,3.49607,0.904284,10.1363,0.071578,0.064197,0.022189,32.198
2025-12-12 13:00:00,8.88457,2.83671,0.661265,8.2233,0.058687,0.05626,0.021573,29.757
2025-12-12 14:00:00,9.16409,3.28227,0.740222,8.42386,0.060609,0.057681,0.02177,28.744
2025-12-12 15:00:00,15.0995,4.21068,1.3301,13.7694,0.091169,0.091492,0.02424,44.699
2025-12-12 16:00:00,24.677,4.76758,2.06582,22.6112,0.134932,0.150787,0.028476,71.668
2025-12-12 17:00:00,51.6392,4.28186,4.61941,47.0198,0.266751,0.321482,0.038988,159.034
2025-12-12 18:00:00,53.2683,4.46582,4.93504,48.3333,0.313036,0.33151,0.041403,182.464
2025-12-12 19:00:00,27.6978,4.64573,2.62987,25.068,0.178564,0.188685,0.030655,94.317
2025-12-12 20:00:00,17.9646,3.87335,2.73949,15.2251,0.135499,0.109189,0.025386,58.729
2025-12-12 21:00:00,14.0414,3.88958,1.29728,12.7441,0.09785,0.094105,0.023382,45.701
2025-12-12 22:00:00,6.01844,3.92849,0.597935,5.42051,0.03315,0.039439,0.019143,20.509
2025-12-12 23:00:00,1.89823,6.12331,0.570787,1.32744,0.02752,0.011985,0.015776,6.871
2025-12-13 00:00:00,0.668137,0.941039,0.088481,0.579656,0.007065,0.007176,0.014573,2.305
2025-12-13 01:00:00,0.237529,0.935156,0.024632,0.212897,0.005993,0.008651,0.014376,2.093
2025-12-13 02:00:00,1.06065,3.68282,0.031811,1.02884,0.01229,0.01359,0.014887,5.489
2025-12-13 03:00:00,0.073819,0.305038,0.008036,0.065783,0.008799,0.001755,0.013945,4.118
2025-12-13 04:00:00,0.167221,0.696751,0.008371,0.15885,0.001883,0.001854,0.013503,0.69
2025-12-13 05:00:00,0.539387,0.87848,0.045269,0.494118,0.007024,0.002685,0.013839,2.147
2025-12-13 06:00:00,5.53748,2.30344,0.347362,5.19012,0.037838,0.033114,0.017251,15.144
2025-12-13 07:00:00,17.7398,3.54089,1.07163,16.6682,0.083394,0.099395,0.022546,45.115
2025-12-13 08:00:00,29.6542,4.51495,2.56811,27.0861,0.136625,0.17751,0.027506,74.648
2025-12-13 09:00:00,21.8306,4.03672,1.59416,20.2364,0.106985,0.13489,0.026502,60.84
2025-12-13 10:00:00,13.4909,3.17732,0.939099,12.5518,0.074363,0.084465,0.023396,39.728
2025-12-13 11:00:00,13.8048,3.29157,1.10689,12.698,0.077643,0.075977,0.023024,37.668
2025-12-13 12:00:00,14.3727,3.19961,1.1367,13.236,0.088474,0.086577,0.023428,42.444
2025-12-13 13:00:00,14.7589,3.57011,1.04102,13.7178,0.083885,0.093469,0.023393,41.158
2025-12-13 14:00:00,13.756,3.11646,0.965906,12.7901,0.088434,0.089734,0.023624,41.061
2025-12-13 15:00:00,13.581,3.10068,1.27421,12.3068,0.083458,0.090331,0.023312,40.497
2025-12-13 16:00:00,17.3837,3.86304,1.45259,15.9311,0.096171,0.10736,0.024892,45.886
2025-12-13 17:00:00,23.9501,3.89305,2.03583,21.9142,0.14216,0.157012,0.027872,70.688
2025-12-13 18:00:00,23.1935,4.39771,1.7664,21.4271,0.133144,0.14963,0.027918,68.584
2025-12-13 19:00:00,14.3572,3.6946,1.48573,12.8715,0.097205,0.091185,0.023281,46.176
2025-12-13 20:00:00,8.21286,3.07828,1.34613,6.86672,0.075937,0.054835,0.020546,27.707
2025-12-13 21:00:00,9.53241,4.13374,1.15919,8.37322,0.071147,0.058989,0.02066,30.534
2025-12-13 22:00:00,7.20483,3.96781,0.871529,6.3333,0.053851,0.044858,0.018915,23.034
2025-12-13 23:00:00,4.87725,3.80188,0.583868,4.29338,0.036555,0.030728,0.017171,15.534
2025-12-14 00:00:00,2.54967,3.63594,0.296207,2.25346,0.01926,0.016597,0.015426,8.034
2025-12-14 01:00:00,0.222083,3.47001,0.008546,0.213537,0.001964,0.002466,0.013681,0.534
2025-12-14 02:00:00,0.001226,0.023588,0.000357,0.000869,0.000279,8.6e-05,0.013423,0.06
2025-12-14 03:00:00,0.002747,0.059722,0.000461,0.002286,0.000148,6.9e-05,0.013207,0.035
2025-12-14 04:00:00,0.001284,0.320959,0.000351,0.000933,0.001014,0.002,0.013583,0.007
2025-12-14 05:00:00,1.50109,1.25253,0.105776,1.39537,0.014907,0.0122,0.015042,5.038
2025-12-14 06:00:00,3.0009,2.1841,0.2112,2.7898,0.0288,0.0224,0.0165,10.069
2025-12-14 07:00:00,12.2555,5.1711,0.7065,11.5489,0.0577,0.0811,0.0205,27.783
2025-12-14 08:00:00,15.2086,4.7527,0.9852,14.2235,0.075,0.1013,0.0228,34.889
2025-12-14 09:00:00,12.3601,3.2768,0.817,11.5431,0.0698,0.0833,0.0224,30.657
2025-12-14 10:00:00,10.9246,2.998,0.8403,10.0843,0.0679,0.0765,0.0226,28.669
2025-12-14 11:00:00,10.4703,2.9779,0.9317,9.5386,0.0687,0.0691,0.0222,29.466
2025-12-14 12:00:00,10.0668,3.3781,1.0002,9.0666,0.0699,0.0657,0.0231,32.094
2025-12-14 13:00:00,12.3254,3.3044,0.8504,11.475,0.0683,0.077,0.0225,33.846
2025-12-14 14:00:00,13.0563,2.9526,0.9274,12.1289,0.074,0.0876,0.0235,36.242
2025-12-14 15:00:00,14.3525,3.7889,1.1808,13.1716,0.0906,0.0905,0.0235,39.746
2025-12-14 16:00:00,15.7706,3.6304,1.2423,14.5283,0.0912,0.1039,0.025,45.151
2025-12-14 17:00:00,20.1868,4.0245,1.6996,18.4871,0.1191,0.1384,0.0264,60.428
2025-12-14 18:00:00,19.9354,4.704,1.9769,17.9584,0.1309,0.1339,0.0261,60.641
2025-12-14 19:00:00,12.6369,4.1029,1.093,11.544,0.0806,0.0867,0.0232,42.216
2025-12-14 20:00:00,11.2455,4.6088,0.963,10.2825,0.0726,0.0751,0.0214,36.049
2025-12-14 21:00:00,8.4501,3.9709,0.6459,7.8043,0.0561,0.0608,0.0199,27.718
2025-12-14 22:00:00,1.4572,2.7599,0.1294,1.3278,0.0192,0.0183,0.016,9.52
2025-12-14 23:00:00,0.0639,10.6556,0.004,0.0599,0.0004,0.0005,0.0138,0.265
2025-12-15 00:00:00,0,0.0023,0,0,0,0,0.0136,0.001
2025-12-15 01:00:00,0.0116,0.3632,0.004,0.0077,0.0004,0.0002,0.0134,0.073
2025-12-15 02:00:00,0,0.0021,0,0,0,0,0.0133,0
2025-12-15 03:00:00,0.0093,1.5549,0.0017,0.0076,0.0002,0.0001,0.0132,0.027
2025-12-15 04:00:00,0,0.0021,0,0,0,0,0.0133,0.001
2025-12-15 05:00:00,0.2928,1.7025,0.0153,0.2775,0.0028,0.0018,0.0134,0.93
2025-12-15 06:00:00,6.9148,3.2896,0.383,6.5318,0.0392,0.041,0.0177,17.135
2025-12-15 07:00:00,31.8211,4.2181,2.2298,29.5913,0.1425,0.1969,0.0289,88.116
2025-12-15 08:00:00,24.4656,4.1051,1.7179,22.7477,0.117412,0.158516,0.026971,67.866
2025-12-15 09:00:00,17.1102,3.99211,1.20601,15.9042,0.092324,0.120133,0.025043,47.616
2025-12-15 10:00:00,8.78023,2.66391,0.602059,8.17817,0.05281,0.059329,0.021859,26.53
2025-12-15 11:00:00,9.86834,3.34747,0.77168,9.09666,0.061046,0.060268,0.022037,28.684
2025-12-15 12:00:00,11.2186,3.28992,1.1764,10.0422,0.082795,0.076105,0.022046,31.811
2025-12-15 13:00:00,9.76852,2.92997,0.91979,8.84873,0.066785,0.064702,0.021924,32.093
2025-12-15 14:00:00,8.44776,3.29476,0.684405,7.76335,0.057715,0.053015,0.021492,25.017
2025-12-15 15:00:00,8.76234,3.54177,0.68039,8.08195,0.057871,0.053685,0.021477,25.08
2025-12-15 16:00:00,12.7278,4.20615,1.01191,11.7159,0.074593,0.081208,0.023089,35.778
2025-12-15 17:00:00,38.1455,5.10923,2.83404,35.3115,0.191206,0.235488,0.033212,112.514
2025-12-15 18:00:00,42.425,5.66271,2.89109,39.5339,0.206133,0.270478,0.034702,129.889
2025-12-15 19:00:00,18.9916,5.68612,1.36669,17.6249,0.117441,0.12867,0.026019,63.669
2025-12-15 20:00:00,11.2957,4.89415,0.897833,10.3979,0.072263,0.074663,0.021779,35.32
2025-12-15 21:00:00,7.60328,4.46202,0.624539,6.97874,0.058061,0.051985,0.019974,26.868
2025-12-15 22:00:00,2.38871,4.22034,0.134419,2.25429,0.025398,0.013023,0.016705,10.983
2025-12-15 23:00:00,1.77123,126.516,0.042594,1.72863,0.023045,0.012342,0.015893,7.965
2025-12-16 00:00:00,1.02265,21.3051,0.02277,0.999875,0.012148,0.018388,0.022518,3.475
2025-12-16 01:00:00,0.688654,10.4341,0.026517,0.662137,0.00744,0.008162,0.028153,2.932
2025-12-16 02:00:00,0.331299,7.52955,0.019124,0.312175,0.012358,0.004959,0.028177,4.497
2025-12-16 03:00:00,1.19696,33.249,0.030393,1.16657,0.016664,0.015345,0.028962,6.13
2025-12-16 04:00:00,0.20339,3.28048,0.008945,0.194445,0.004062,0.002934,0.026693,1.459
2025-12-16 05:00:00,0.948452,2.98255,0.038777,0.909675,0.003898,0.00383,0.027051,1.566
2025-12-16 06:00:00,7.72053,3.71895,0.470697,7.24984,0.045704,0.036563,0.035909,18.114
2025-12-16 07:00:00,32.7831,4.58634,2.15465,30.6285,0.136375,0.187064,0.040405,86.981
2025-12-16 08:00:00,52.8104,4.74914,3.36776,49.4426,0.196117,0.328316,0.036617,159.939
2025-12-16 09:00:00,12.8891,3.47604,0.849804,12.0393,0.074101,0.082144,0.024138,38.677
2025-12-16 10:00:00,7.1094,2.78146,0.628013,6.48139,0.052811,0.044731,0.021441,22.507
2025-12-16 11:00:00,7.67107,2.93685,0.461715,7.20935,0.047141,0.046429,0.02139,23.285
2025-12-16 12:00:00,8.42317,3.10818,0.522737,7.90044,0.053483,0.053903,0.021346,25.813
2025-12-16 13:00:00,8.38724,2.666,0.588952,7.79829,0.054524,0.053599,0.021229,26.711
2025-12-16 14:00:00,6.7096,2.3559,0.465814,6.24379,0.048167,0.045848,0.021039,23.57
2025-12-16 15:00:00,7.86806,2.48832,0.574659,7.2934,0.057742,0.054933,0.021719,25.808
2025-12-16 16:00:00,10.8158,3.17923,0.788986,10.0268,0.06703,0.07346,0.022705,32.419
2025-12-16 17:00:00,41.168,5.12806,2.82955,38.3385,0.183153,0.232105,0.033085,115.843
2025-12-16 18:00:00,41.6902,6.23358,2.98796,38.7022,0.195445,0.26372,0.035355,129.35
2025-12-16 19:00:00,18.044,5.14074,1.44088,16.6031,0.108653,0.121829,0.025463,53.615
2025-12-16 20:00:00,9.61608,3.70991,0.869442,8.74663,0.075106,0.065879,0.021592,33.766
2025-12-16 21:00:00,7.25058,3.34128,0.750045,6.50054,0.059592,0.048883,0.019813,25.173
2025-12-16 22:00:00,1.81389,2.14916,0.167382,1.64651,0.018968,0.014869,0.015927,6.421
2025-12-16 23:00:00,0.031263,0.37217,0.002525,0.028738,0.00561,0.004585,0.014207,0.147
2025-12-17 00:00:00,0.031748,0.167091,0.006256,0.025492,0.001293,0.000552,0.013809,0.322
2025-12-17 01:00:00,0.00839,0.161332,0.003921,0.004469,0.002319,0.001772,0.027397,1.125
2025-12-17 02:00:00,0.187368,2.60232,0.078358,0.10901,0.007401,0.002947,0.027864,1.839
2025-12-17 03:00:00,0.140294,2.06315,0.010423,0.129871,0.002091,0.001538,0.026724,0.544
2025-12-17 04:00:00,2.8e-05,0.00196,1.3e-05,1.5e-05,2.4e-05,6e-06,0.026535,0.002
2025-12-17 05:00:00,0.397267,2.92107,0.030404,0.366863,0.003365,0.001927,0.027065,0.917
2025-12-17 06:00:00,5.82471,3.47122,0.305872,5.51884,0.03306,0.031736,0.033873,13.298
2025-12-17 07:00:00,35.4424,5.1247,1.83528,33.6071,0.130977,0.196396,0.038033,85.809
2025-12-17 08:00:00,53.5227,4.96868,3.07223,50.4504,0.207812,0.330156,0.036985,161.703
2025-12-17 09:00:00,15.3285,4.22738,1.13204,14.1965,0.085182,0.093987,0.023977,40.905
2025-12-17 10:00:00,8.71797,2.49656,0.704959,8.01302,0.065604,0.055116,0.022023,27.457
2025-12-17 11:00:00,7.12899,2.70653,0.465535,6.66345,0.050289,0.046307,0.021698,24.517
2025-12-17 12:00:00,8.45072,3.4691,0.626378,7.82435,0.059689,0.05538,0.021499,26.583
2025-12-17 13:00:00,8.14271,2.88339,0.58726,7.55545,0.061879,0.056745,0.021524,27.455
2025-12-17 14:00:00,9.97716,3.22885,0.590557,9.3866,0.059132,0.060842,0.02219,28.289
2025-12-17 15:00:00,11.4811,4.14181,0.935749,10.5454,0.064044,0.069264,0.022361,30.149
2025-12-17 16:00:00,12.154,3.69423,0.805261,11.3488,0.069365,0.076408,0.022894,36.462
2025-12-17 17:00:00,41.1815,5.25141,2.55148,38.6301,0.178668,0.257793,0.033559,117.734
2025-12-17 18:00:00,44.2406,6.31467,3.00633,41.2343,0.215603,0.283899,0.035985,130.521
2025-12-17 19:00:00,21.3233,6.85635,2.41254,18.9107,0.137931,0.135226,0.026439,66.399
2025-12-17 20:00:00,11.5796,5.23018,0.807576,10.772,0.074371,0.078941,0.022288,40.284
2025-12-17 21:00:00,9.18372,5.36432,0.967959,8.21576,0.068305,0.060396,0.020502,31.374
2025-12-17 22:00:00,3.62115,5.07164,0.267502,3.35365,0.032831,0.025607,0.017278,15.361
2025-12-17 23:00:00,0.480237,1.75269,0.0335,0.446737,0.009166,0.003731,0.014594,3.171
2025-12-18 00:00:00,0.163723,0.861701,0.027955,0.135768,0.013912,0.004005,0.014848,5.312
2025-12-18 01:00:00,0.071591,0.477266,0.019314,0.052277,0.011841,0.002737,0.014626,4.132
2025-12-18 02:00:00,0.04439,0.308256,0.01501,0.02938,0.012465,0.002169,0.014337,4.943
2025-12-18 03:00:00,0.040546,0.185993,0.015497,0.025049,0.008613,0.001695,0.013875,3.475
2025-12-18 04:00:00,0.433528,4.612,0.015183,0.418345,0.002192,0.005196,0.013549,0.611
2025-12-18 05:00:00,0.377779,1.0982,0.019372,0.358407,0.002514,0.001825,0.013495,0.671
2025-12-18 06:00:00,7.19271,3.19676,0.366215,6.82649,0.043553,0.043975,0.018321,20.091
2025-12-18 07:00:00,34.849,4.64529,1.85939,32.9896,0.133754,0.206325,0.029321,90.52
2025-12-18 08:00:00,54.7634,5.39009,2.99761,51.7658,0.20076,0.333148,0.036735,162.747
2025-12-18 09:00:00,13.9909,3.73889,0.855028,13.1359,0.075241,0.086805,0.02413,38.203
2025-12-18 10:00:00,8.23415,2.86904,0.570233,7.66392,0.053743,0.05647,0.022166,25.346
2025-12-18 11:00:00,8.1091,3.11409,0.904609,7.20449,0.057932,0.049411,0.021343,21.643
2025-12-18 12:00:00,8.65592,2.95424,0.713818,7.9421,0.059726,0.052155,0.021287,26.337
2025-12-18 13:00:00,8.62249,2.91695,0.803962,7.81853,0.063426,0.05852,0.021213,26.467
2025-12-18 14:00:00,7.69737,3.32069,0.563749,7.13362,0.052702,0.047094,0.02117,24.171
2025-12-18 15:00:00,8.76836,3.46028,0.843245,7.92511,0.053048,0.054887,0.021762,25.368
2025-12-18 16:00:00,10.4905,3.50386,0.83381,9.65673,0.071746,0.063805,0.022691,34.006
2025-12-18 17:00:00,37.2527,4.9591,2.65162,34.6011,0.170357,0.227168,0.032683,109.129
2025-12-18 18:00:00,40.4685,6.19163,3.03289,37.4356,0.200733,0.263068,0.034572,120.35
2025-12-18 19:00:00,16.0403,5.17762,1.3743,14.666,0.109364,0.105908,0.025183,53.867
2025-12-18 20:00:00,10.052,4.62373,0.854035,9.19796,0.071113,0.06688,0.021625,35.647
2025-12-18 21:00:00,7.77351,4.55657,0.625359,7.14815,0.058723,0.053232,0.020351,28.03
2025-12-18 22:00:00,3.15148,4.87846,0.390275,2.76121,0.033068,0.019455,0.016775,12.785
2025-12-18 23:00:00,0.148985,0.490085,0.033703,0.115282,0.014452,0.002772,0.014977,5.295
2025-12-19 00:00:00,1.00619,1.57217,0.039226,0.966959,0.009338,0.011539,0.014514,1.913
2025-12-19 01:00:00,1.65684,2.43654,0.063492,1.59335,0.015997,0.017705,0.014865,4.858
2025-12-19 02:00:00,0.98533,2.00271,0.036883,0.948447,0.016156,0.011478,0.014706,5.581
2025-12-19 03:00:00,0.852812,1.8702,0.036231,0.816581,0.012235,0.009801,0.014318,3.864
2025-12-19 04:00:00,0.027805,1.73787,0.00607,0.021735,0.008427,0.001238,0.013944,3.879
2025-12-19 05:00:00,0.270332,1.26323,0.019467,0.250865,0.005452,0.00176,0.013727,2.045
2025-12-19 06:00:00,7.89666,3.89382,0.391007,7.50566,0.040981,0.041095,0.017596,16.75
2025-12-19 07:00:00,33.8625,5.09517,1.79041,32.0721,0.130748,0.194195,0.028544,88.16
2025-12-19 08:00:00,52.6829,5.10691,2.88455,49.7983,0.193134,0.320089,0.03609,155.994
2025-12-19 09:00:00,15.0266,4.0007,0.857718,14.1689,0.076253,0.101877,0.02462,43.539
2025-12-19 10:00:00,9.73021,3.58519,0.646965,9.08324,0.058315,0.059661,0.022269,26.581
2025-12-19 11:00:00,10.6894,4.16577,0.704434,9.98492,0.062707,0.062028,0.022777,29.174
2025-12-19 12:00:00,11.1706,3.60573,0.824326,10.3462,0.07354,0.074082,0.023173,35.48
2025-12-19 13:00:00,11.6821,3.50602,0.795314,10.8867,0.067873,0.073678,0.022328,32.678
2025-12-19 14:00:00,11.4756,2.95004,0.72429,10.7513,0.071986,0.075062,0.023425,34.61
2025-12-19 15:00:00,15.1453,3.61117,1.07741,14.0679,0.084691,0.096533,0.024615,42.259
2025-12-19 16:00:00,16.6318,3.48968,1.29096,15.3408,0.10529,0.113214,0.025552,51.213
2025-12-19 17:00:00,45.3653,5.07101,3.89582,41.4694,0.240359,0.280437,0.036261,139.866
2025-12-19 18:00:00,43.6911,5.1041,3.22756,40.4635,0.232507,0.29097,0.037345,146.633
2025-12-19 19:00:00,20.3509,4.63998,1.48881,18.8621,0.116256,0.13553,0.026902,66.575
2025-12-19 20:00:00,13.2784,3.67212,1.05919,12.2192,0.086786,0.085764,0.023101,42.925
2025-12-19 21:00:00,9.73176,3.57785,0.973252,8.75851,0.066678,0.067828,0.021059,32.512
2025-12-19 22:00:00,3.0345,2.72887,0.335668,2.69883,0.028305,0.021601,0.016843,10.764
2025-12-19 23:00:00,0.073942,12.3236,0.003906,0.070036,0.000469,0.00064,0.014009,0.156
2025-12-20 00:00:00,1e-05,0.002305,5e-06,5e-06,1.3e-05,4.6e-05,0.01378,0.001
2025-12-20 01:00:00,9e-06,0.001534,5e-06,4e-06,6e-06,2e-06,0.013469,0
2025-12-20 02:00:00,2e-05,0.002279,1e-05,1e-05,8e-06,6e-06,0.013395,0.001
2025-12-20 03:00:00,1e-05,0.002279,5e-06,5e-06,4e-06,1e-06,0.013244,0.001
2025-12-20 04:00:00,9e-06,0.001505,5e-06,4e-06,7e-06,2e-06,0.013302,0
2025-12-20 05:00:00,0.415653,2.88648,0.024495,0.391158,0.00321,0.002534,0.013634,0.983
2025-12-20 06:00:00,3.82346,2.69258,0.239446,3.58401,0.029445,0.022106,0.016655,10.387
2025-12-20 07:00:00,13.2874,4.13423,0.960411,12.327,0.072228,0.078159,0.02165,32.584
2025-12-20 08:00:00,21.0329,4.70114,1.1059,19.927,0.094139,0.135724,0.026292,56.86
2025-12-20 09:00:00,13.5785,3.53976,0.879996,12.6985,0.076175,0.089657,0.024435,40.905
2025-12-20 10:00:00,11.9628,3.27749,0.759854,11.203,0.066299,0.075443,0.023359,34.111
2025-12-20 11:00:00,13.518,3.99232,0.886858,12.6312,0.081405,0.081821,0.024034,38.842
2025-12-20 12:00:00,11.8171,3.92854,0.829887,10.9872,0.078606,0.076629,0.023318,36.805
2025-12-20 13:00:00,10.8557,3.1141,0.940656,9.91509,0.074309,0.074482,0.022736,34.143
2025-12-20 14:00:00,12.3442,3.7982,0.972425,11.3717,0.075524,0.082298,0.024287,36.886
2025-12-20 15:00:00,13.9067,4.2711,1.04703,12.8597,0.080568,0.083745,0.024009,39.41
2025-12-20 16:00:00,12.8298,3.76683,1.14568,11.6842,0.087339,0.088024,0.024404,42.678
2025-12-20 17:00:00,21.2803,4.52388,1.70337,19.577,0.11938,0.139936,0.027742,64.116
2025-12-20 18:00:00,24.6253,5.44566,1.76955,22.8557,0.123416,0.155012,0.028012,70.139
2025-12-20 19:00:00,13.5322,4.66951,1.1465,12.3857,0.094045,0.08979,0.023556,42.866
2025-12-20 20:00:00,10.9254,4.89929,0.915755,10.0097,0.077356,0.07341,0.021915,33.796
2025-12-20 21:00:00,8.21058,4.1094,0.914666,7.29592,0.061476,0.053794,0.01994,26.604
2025-12-20 22:00:00,3.96406,4.19034,0.622746,3.34131,0.035096,0.022735,0.016845,11.468
2025-12-20 23:00:00,0.126352,1.5794,0.007726,0.118626,0.000804,0.000754,0.014031,0.264
2025-12-21 00:00:00,0.006027,0.056862,0.000321,0.005706,0.000122,0.0001,0.013731,0.029
2025-12-21 01:00:00,0.382122,4.06512,0.014877,0.367245,0.002095,0.003725,0.013691,0.758
2025-12-21 02:00:00,0.209095,10.4547,0.018486,0.190609,0.009803,0.003334,0.014173,3.629
2025-12-21 03:00:00,0.037841,1.11292,0.007962,0.029879,0.007432,0.00132,0.013844,3.088
2025-12-21 04:00:00,0.337854,7.34468,0.012858,0.324996,0.002802,0.003698,0.013528,1.04
2025-12-21 05:00:00,0.22024,0.567631,0.016191,0.204049,0.003699,0.00132,0.013677,1.57
2025-12-21 06:00:00,2.35747,1.63714,0.132312,2.22516,0.020286,0.014218,0.015712,6.881
2025-12-21 07:00:00,10.1249,3.78077,0.603062,9.52184,0.051314,0.061423,0.019796,23.319
2025-12-21 08:00:00,14.5859,3.98303,0.991063,13.5948,0.068776,0.09385,0.022601,36.264
2025-12-21 09:00:00,14.4777,3.57122,1.12754,13.3502,0.083653,0.102793,0.023757,36.65
2025-12-21 10:00:00,12.2027,2.87529,0.934276,11.2685,0.074331,0.085902,0.023215,33.463
2025-12-21 11:00:00,18.4769,5.08166,2.18207,16.2948,0.093752,0.084597,0.023424,32.568
2025-12-21 12:00:00,11.8863,3.38063,1.03222,10.8541,0.081012,0.079901,0.023519,37.655
2025-12-21 13:00:00,12.2828,3.18869,1.05803,11.2248,0.080132,0.083025,0.023548,36.486
2025-12-21 14:00:00,16.8456,4.31055,1.49431,15.3513,0.101556,0.099562,0.024826,46.731
2025-12-21 15:00:00,14.7466,3.64653,1.16648,13.5801,0.085482,0.092224,0.024093,42.734
2025-12-21 16:00:00,16.1033,3.84143,1.15364,14.9496,0.089018,0.102871,0.024574,43.838
2025-12-21 17:00:00,20.0014,3.9907,1.57401,18.4274,0.109412,0.125954,0.026113,57.179
2025-12-21 18:00:00,18.1846,4.04461,1.65047,16.5341,0.110704,0.121905,0.025954,54.984
2025-12-21 19:00:00,14.3758,4.4206,1.06174,13.3141,0.079182,0.097275,0.0234,46.079
2025-12-21 20:00:00,7.69474,3.51358,0.700189,6.99455,0.062378,0.05696,0.020779,29.997
2025-12-21 21:00:00,8.17314,4.59682,0.755985,7.41716,0.065514,0.060834,0.021003,33.145
2025-12-21 22:00:00,8.71235,4.5043,0.76671,7.94564,0.066906,0.064015,0.021327,34.0778
2025-12-21 23:00:00,9.25156,4.41178,0.777434,8.47413,0.068299,0.067197,0.021651,35.0105
2025-12-22 00:00:00,9.79077,4.31926,0.788158,9.00261,0.069691,0.070378,0.021975,35.9432
2025-12-22 01:00:00,,,,,,,,
2025-12-22 02:00:00,,,,,,,,
2025-12-22 03:00:00,,,,,,,,
2025-12-22 04:00:00,,,,,,,,
2025-12-22 05:00:00,,,,,,,,
2025-12-22 06:00:00,,,,,,,,
2025-12-22 07:00:00,,,,,,,,
2025-12-22 08:00:00,,,,,,,,
2025-12-22 09:00:00,14.6436,3.48658,0.884679,13.759,0.082221,0.099013,0.024893,44.338
2025-12-22 10:00:00,8.37049,2.53344,0.596292,7.7742,0.058525,0.051658,0.022337,29.478
2025-12-22 11:00:00,7.48958,2.31876,0.517109,6.97247,0.05211,0.046725,0.021769,24.603
2025-12-22 12:00:00,9.32232,3.36789,0.80365,8.51867,0.06603,0.056581,0.022075,29.573
2025-12-22 13:00:00,9.04092,2.91455,0.698217,8.34271,0.061299,0.057426,0.021823,30.151
2025-12-22 14:00:00,9.3563,2.87356,0.660456,8.69585,0.063142,0.059549,0.022047,29.692
2025-12-22 15:00:00,9.21884,2.8863,0.669903,8.54893,0.061612,0.05925,0.022432,30.103
2025-12-22 16:00:00,12.51,3.48467,0.868487,11.6415,0.071821,0.075572,0.023002,35.722
2025-12-22 17:00:00,41.4899,4.86285,2.80124,38.6886,0.192506,0.253752,0.033668,121.252
2025-12-22 18:00:00,39.8943,5.65716,3.02688,36.8674,0.205487,0.258453,0.034001,121.715
2025-12-22 19:00:00,15.9694,4.24268,1.28769,14.6818,0.114892,0.109104,0.025152,55.017
2025-12-22 20:00:00,9.07154,3.58843,0.797028,8.27451,0.074694,0.063675,0.021667,31.662
2025-12-22 21:00:00,8.85924,4.23077,0.87463,7.98461,0.064388,0.057103,0.020652,28.781
2025-12-22 22:00:00,3.21718,3.39365,0.327044,2.89014,0.027439,0.018331,0.016549,8.814
2025-12-22 23:00:00,0.86439,12.3484,0.029401,0.834989,0.005465,0.003977,0.014298,1.368
2025-12-23 00:00:00,0.207926,4.33178,0.013772,0.194154,0.004091,0.00349,0.014024,1.179
2025-12-23 01:00:00,0.000657,0.007638,0.000214,0.000443,0.000166,4.3e-05,0.013434,0.027
2025-12-23 02:00:00,0.001142,0.020391,0.000381,0.000761,0.000207,4.1e-05,0.01333,0.045
2025-12-23 03:00:00,0.002001,0.125094,0.000459,0.001542,0.000114,3.7e-05,0.013203,0.021
2025-12-23 04:00:00,1.29476,13.4871,0.029833,1.26493,0.004902,0.014047,0.01387,1.273
2025-12-23 05:00:00,0.3872,1.89804,0.022648,0.364552,0.00603,0.00201,0.013784,1.305
2025-12-23 06:00:00,5.43382,2.50637,0.370897,5.06292,0.037667,0.031707,0.017602,15.317
2025-12-23 07:00:00,34.6073,4.55,2.13741,32.4699,0.138392,0.212271,0.029354,92.76
2025-12-23 08:00:00,52.9782,4.22339,3.04698,49.9313,0.202462,0.325963,0.036823,165.225
2025-12-23 09:00:00,13.6032,3.6865,0.847504,12.7557,0.078814,0.085519,0.023484,39.36
2025-12-23 10:00:00,8.13879,2.78344,0.54132,7.59747,0.055864,0.050497,0.021772,27.758
2025-12-23 11:00:00,7.42347,2.53015,0.495067,6.9284,0.054812,0.047066,0.021846,26.057
2025-12-23 12:00:00,7.61192,2.69163,0.595968,7.01595,0.056557,0.053222,0.021182,26.109
2025-12-23 13:00:00,10.501,3.64366,0.664619,9.8364,0.063712,0.069242,0.021814,32.363
2025-12-23 14:00:00,10.0114,2.95321,0.745461,9.26591,0.055214,0.062982,0.021792,26.989
2025-12-23 15:00:00,11.8555,3.82928,0.869857,10.9856,0.068257,0.079016,0.022323,30.287
2025-12-23 16:00:00,12.9496,3.61922,0.913185,12.0364,0.08055,0.085236,0.023615,39.828
2025-12-23 17:00:00,43.3678,5.23261,2.74027,40.6276,0.184916,0.268887,0.03355,121.925
2025-12-23 18:00:00,42.0684,5.64374,3.06661,39.0018,0.204142,0.270312,0.03519,136.09
2025-12-23 19:00:00,18.6112,5.40082,1.55476,17.0565,0.119285,0.125585,0.025879,62.776
2025-12-23 20:00:00,11.1427,5.51616,1.06553,10.0771,0.086089,0.077891,0.02234,42.893
2025-12-23 21:00:00,8.32057,5.03667,0.61937,7.7012,0.060552,0.056142,0.020021,28.513
2025-12-23 22:00:00,3.77497,3.92408,0.290622,3.48435,0.034295,0.026918,0.017274,15.19
2025-12-23 23:00:00,1.11372,2.72971,0.055985,1.05774,0.015488,0.008059,0.015699,5.674
2025-12-24 00:00:00,0.869905,1.91609,0.055858,0.814047,0.011014,0.012642,0.015397,3.618
2025-12-24 01:00:00,0.331846,0.937419,0.04871,0.283136,0.012317,0.006501,0.01484,4.961
2025-12-24 02:00:00,1.27739,10.6449,0.064988,1.2124,0.019284,0.017782,0.01488,7.438
2025-12-24 03:00:00,0.626263,10.4377,0.0299,0.596363,0.005305,0.006384,0.013494,1.671
2025-12-24 04:00:00,0.478947,10.4119,0.015999,0.462948,0.004132,0.004687,0.013501,1.384
2025-12-24 05:00:00,0.585375,1.47079,0.023465,0.56191,0.006566,0.002594,0.013813,2.222
2025-12-24 06:00:00,7.20167,3.67432,0.385048,6.81662,0.038631,0.033283,0.017495,17.618
2025-12-24 07:00:00,36.2774,4.76707,2.1806,34.0968,0.142528,0.205832,0.029542,96.942
2025-12-24 08:00:00,56.9314,4.70897,3.12218,53.8092,0.210661,0.34617,0.037933,170.768
2025-12-24 09:00:00,14.161,3.8649,0.970984,13.19,0.075763,0.087458,0.024258,41.631
2025-12-24 10:00:00,8.00863,2.44763,0.552478,7.45616,0.055916,0.049621,0.021686,27.662
2025-12-24 11:00:00,7.39751,3.0695,0.579528,6.81798,0.0561,0.048997,0.021938,25.85
2025-12-24 12:00:00,8.20893,3.38932,0.659011,7.54992,0.058033,0.05356,0.021231,26.704
2025-12-24 13:00:00,8.72982,2.98966,0.892285,7.83753,0.066068,0.056188,0.021553,29.32
2025-12-24 14:00:00,6.83647,2.77229,0.529344,6.30713,0.052531,0.044476,0.021213,23.162
2025-12-24 15:00:00,9.31818,3.47175,0.566512,8.75166,0.053463,0.057734,0.021714,27.117
2025-12-24 16:00:00,12.2025,3.70671,1.01948,11.183,0.082413,0.079051,0.024216,38.276
2025-12-24 17:00:00,38.7321,4.61426,2.72138,36.0107,0.18147,0.235933,0.033399,113.667
2025-12-24 18:00:00,44.0299,6.05638,3.13067,40.8992,0.217118,0.28036,0.036664,136.663
2025-12-24 19:00:00,19.1589,5.40296,1.34342,17.8155,0.109617,0.124207,0.026327,65.902
2025-12-24 20:00:00,10.4166,4.31508,0.900199,9.5164,0.070982,0.072678,0.022179,37.244
2025-12-24 21:00:00,10.4441,5.12973,0.808702,9.63543,0.066319,0.068654,0.021119,31.927
2025-12-24 22:00:00,2.80516,5.58796,0.22376,2.5814,0.024919,0.022462,0.016825,10.949
2025-12-24 23:00:00,0.192329,3.10208,0.06509,0.127239,0.007995,0.00208,0.014463,2.869
2025-12-25 00:00:00,0.215927,5.99797,0.015661,0.200266,0.00901,0.003452,0.014257,3.754
2025-12-25 01:00:00,0.216138,2.84391,0.013594,0.202544,0.004766,0.002653,0.013641,1.987
2025-12-25 02:00:00,0.092565,1.59594,0.009127,0.083438,0.006292,0.001686,0.013601,2.682
2025-12-25 03:00:00,0.048685,3.04277,0.006995,0.04169,0.009398,0.001674,0.013774,4
2025-12-25 04:00:00,0.024077,0.52343,0.004628,0.019449,0.005253,0.000841,0.013466,2.416
2025-12-25 05:00:00,0.499043,1.51225,0.028063,0.47098,0.006825,0.002894,0.013707,2.778
2025-12-25 06:00:00,7.04061,3.27166,0.409021,6.63159,0.045558,0.04113,0.018124,20.905
2025-12-25 07:00:00,33.6655,4.54448,1.92071,31.7448,0.135768,0.198605,0.029204,91.521
2025-12-25 08:00:00,54.0378,5.13765,3.29597,50.7418,0.201353,0.327238,0.035848,158.425
2025-12-25 09:00:00,14.7459,3.6645,1.10702,13.6389,0.091278,0.100785,0.024909,46.812
2025-12-25 10:00:00,8.39588,2.90716,0.531911,7.86397,0.05073,0.054928,0.021993,25.397
2025-12-25 11:00:00,7.74988,3.19714,0.756011,6.99387,0.059591,0.050331,0.021662,24.898
2025-12-25 12:00:00,9.14147,3.25319,0.64661,8.49486,0.057286,0.060933,0.021779,29.706
2025-12-25 13:00:00,10.3158,3.35148,0.687124,9.62872,0.065475,0.06486,0.021705,32.33
2025-12-25 14:00:00,9.08947,3.4274,0.659535,8.42994,0.059723,0.059296,0.021671,28.085
2025-12-25 15:00:00,9.38701,3.09598,0.721237,8.66577,0.064759,0.06132,0.022155,32.035
2025-12-25 16:00:00,13.5934,4.36805,0.780759,12.8126,0.073542,0.087824,0.02355,38.321
2025-12-25 17:00:00,38.0152,5.27402,2.65602,35.3591,0.186537,0.232842,0.033878,113.978
2025-12-25 18:00:00,42.312,5.63559,3.0088,39.3032,0.200332,0.26674,0.034967,131.045
2025-12-25 19:00:00,18.3394,5.5473,1.44593,16.8934,0.112882,0.121951,0.026001,59.925
2025-12-25 20:00:00,11.9119,3.84255,1.4741,10.4378,0.091911,0.073637,0.022893,39.219
2025-12-25 21:00:00,9.48409,4.70441,0.715958,8.76813,0.067,0.059183,0.020821,29.954
2025-12-25 22:00:00,3.92011,4.39474,0.396174,3.52394,0.026401,0.023297,0.01664,11.061
2025-12-25 23:00:00,0.351128,1.70451,0.024488,0.32664,0.005257,0.001983,0.014184,1.127
2025-12-26 00:00:00,0.722727,4.01515,0.027073,0.695654,0.005341,0.00835,0.014077,1.329
2025-12-26 01:00:00,0.389999,1.83962,0.017654,0.372345,0.003913,0.005163,0.013733,1.28
2025-12-26 02:00:00,0.001603,0.014838,0.000718,0.000885,0.000267,7.3e-05,0.013383,0.049
2025-12-26 03:00:00,0.023139,0.251504,0.00617,0.016969,0.00085,0.000338,0.013253,0.534
2025-12-26 04:00:00,0.036993,0.770664,0.001913,0.03508,0.000544,0.000633,0.01342,0.115
2025-12-26 05:00:00,0.083922,0.40347,0.007623,0.076299,0.00132,0.000516,0.013389,0.328
2025-12-26 06:00:00,5.56976,2.65479,0.358472,5.21129,0.035291,0.03232,0.017364,14.875
2025-12-26 07:00:00,32.9471,4.49728,1.95524,30.9918,0.137969,0.193671,0.02892,91.668
2025-12-26 08:00:00,55.8962,4.99787,2.99436,52.9018,0.198945,0.335495,0.038185,162.634
2025-12-26 09:00:00,14.8011,4.60519,1.29934,13.5017,0.081751,0.087857,0.023932,38.905
2025-12-26 10:00:00,7.9382,2.74299,0.816499,7.1217,0.060138,0.052615,0.021911,26.053
2025-12-26 11:00:00,7.0605,2.74301,0.605794,6.45471,0.053282,0.04476,0.021573,23.566
2025-12-26 12:00:00,10.6633,3.96699,0.638451,10.0248,0.060332,0.062574,0.021619,29.72
2025-12-26 13:00:00,12.61,3.75744,0.846563,11.7634,0.068339,0.073212,0.022278,36.872
2025-12-26 14:00:00,12.2054,3.88954,1.05537,11.15,0.074402,0.072157,0.022681,33.789
2025-12-26 15:00:00,10.5335,3.26318,0.701446,9.8321,0.064334,0.06532,0.022656,34.652
2025-12-26 16:00:00,16.7314,3.97798,1.33913,15.3923,0.096443,0.11088,0.025639,52.575
2025-12-26 17:00:00,41.2023,4.69061,2.9614,38.2409,0.205566,0.259858,0.034836,122.087
2025-12-26 18:00:00,43.0759,5.45817,3.26781,39.8081,0.230587,0.283095,0.036815,138.899
2025-12-26 19:00:00,23.9174,6.11385,1.71173,22.2057,0.132677,0.144189,0.027423,71.05
2025-12-26 20:00:00,13.0301,4.63044,1.23079,11.7993,0.091784,0.09162,0.023212,44.941
2025-12-26 21:00:00,12.4664,6.06932,1.27507,11.1913,0.089303,0.080558,0.021832,37.622
2025-12-26 22:00:00,3.55572,4.233,0.335772,3.21995,0.030053,0.025753,0.017058,14.306
2025-12-26 23:00:00,0.078092,1.25955,0.010113,0.067979,0.004508,0.000896,0.014278,1.75
2025-12-27 00:00:00,0.243222,11.0555,0.018384,0.224838,0.004316,0.002699,0.013916,1.449
2025-12-27 01:00:00,0.055426,0.494884,0.001724,0.053702,0.000692,0.000662,0.013432,0.124
2025-12-27 02:00:00,0.313913,13.0797,0.01413,0.299783,0.006969,0.00384,0.013803,1.85
2025-12-27 03:00:00,0.020186,0.458772,0.006897,0.013289,0.006523,0.001092,0.013646,2.577
2025-12-27 04:00:00,0.025583,0.852776,0.004831,0.020752,0.007427,0.001073,0.013813,3.494
2025-12-27 05:00:00,0.166296,0.394067,0.013308,0.152988,0.004752,0.001535,0.013745,1.81
2025-12-27 06:00:00,3.61118,2.24856,0.289794,3.32139,0.027794,0.019401,0.016412,9.591
2025-12-27 07:00:00,11.4695,3.39135,0.758435,10.7111,0.061586,0.068296,0.020747,25.258
2025-12-27 08:00:00,18.9786,4.24388,1.18611,17.7925,0.094925,0.123027,0.025094,51.125
2025-12-27 09:00:00,14.6684,3.52097,0.99054,13.6778,0.079913,0.092078,0.023846,39.922
2025-12-27 10:00:00,14.4602,2.91418,1.24228,13.2179,0.087334,0.089615,0.024789,40.055
2025-12-27 11:00:00,13.0757,2.62774,2.25361,10.822,0.096048,0.081424,0.023999,40.653
2025-12-27 12:00:00,13.9821,3.09474,1.17337,12.8087,0.088104,0.087228,0.02412,42.091
2025-12-27 13:00:00,13.5647,2.9708,1.11976,12.4449,0.088377,0.083826,0.023533,40.04
2025-12-27 14:00:00,15.4976,3.11322,1.27704,14.2206,0.094206,0.098006,0.024526,42.51
2025-12-27 15:00:00,15.2642,3.00122,1.7176,13.5466,0.10525,0.09808,0.025057,45.252
2025-12-27 16:00:00,17.9657,3.33563,1.58482,16.3809,0.112165,0.109782,0.02555,50.29
2025-12-27 17:00:00,24.2146,4.2127,1.9262,22.2884,0.139924,0.15298,0.027877,66.219
2025-12-27 18:00:00,25.7046,4.56078,2.87492,22.8297,0.162741,0.158344,0.028439,73.382
2025-12-27 19:00:00,14.3618,3.69958,1.16393,13.1978,0.101378,0.099345,0.024351,44.81
2025-12-27 20:00:00,9.63243,3.28752,1.09656,8.53586,0.081067,0.066938,0.021977,37.776
2025-12-27 21:00:00,9.43656,3.18158,1.00803,8.42853,0.078658,0.068178,0.021583,33.421
2025-12-27 22:00:00,4.5338,3.55872,0.414154,4.11965,0.033254,0.026139,0.017171,13.464
2025-12-27 23:00:00,0.521917,3.52646,0.026925,0.494992,0.003669,0.003183,0.014184,1.162
2025-12-28 00:00:00,0.519924,3.66144,0.096797,0.423127,0.004872,0.004433,0.013822,1.111
2025-12-28 01:00:00,0.345105,2.73892,0.009925,0.33518,0.002066,0.003333,0.013569,0.667
2025-12-28 02:00:00,0.018035,0.474628,0.006537,0.011498,0.009,0.001227,0.014049,4.004
2025-12-28 03:00:00,0.012351,0.192969,0.005843,0.006508,0.008409,0.000997,0.01378,4.044
2025-12-28 04:00:00,0.034326,0.312046,0.014854,0.019472,0.006243,0.00108,0.013675,2.497
2025-12-28 05:00:00,0.195544,0.669672,0.021927,0.173617,0.006487,0.005131,0.01382,2.421
2025-12-28 06:00:00,6.48804,4.96028,0.239586,6.24845,0.032624,0.032144,0.016741,11.835
2025-12-28 07:00:00,9.70582,3.53453,0.534402,9.17142,0.050877,0.057906,0.01931,21.749
2025-12-28 08:00:00,15.6916,4.18665,0.894278,14.7973,0.081351,0.092818,0.022755,36.956
2025-12-28 09:00:00,11.8301,2.52889,0.879518,10.9506,0.078684,0.078059,0.023423,36.35
2025-12-28 10:00:00,13.7466,2.65482,0.932885,12.8138,0.077796,0.082052,0.023791,36.75
2025-12-28 11:00:00,11.9126,2.7461,0.925811,10.9868,0.078076,0.078431,0.023872,37.766
2025-12-28 12:00:00,11.1631,2.48068,1.02842,10.1347,0.086574,0.08258,0.023759,41.343
2025-12-28 13:00:00,14.3891,3.08514,1.3176,13.0715,0.101359,0.090201,0.023968,42.814
2025-12-28 14:00:00,14.6086,2.61053,1.0652,13.5433,0.089694,0.097804,0.024481,44.939
2025-12-28 15:00:00,16.1563,3.25995,1.36955,14.7867,0.103358,0.105742,0.025034,47.213
2025-12-28 16:00:00,17.0145,3.09242,1.50808,15.5064,0.107966,0.110034,0.025335,48.414
2025-12-28 17:00:00,23.4589,3.83441,1.74544,21.7135,0.13249,0.155351,0.027752,66.008
2025-12-28 18:00:00,20.2505,4.29946,1.71299,18.5375,0.129754,0.140431,0.026842,60.304
2025-12-28 19:00:00,14.64,4.1356,1.43942,13.2006,0.093484,0.094276,0.024239,45.65
2025-12-28 20:00:00,11.4137,4.16558,1.06204,10.3516,0.078962,0.08012,0.022987,37.578
2025-12-28 21:00:00,10.9642,4.54194,0.87721,10.087,0.069296,0.075904,0.020853,31.817
2025-12-28 22:00:00,5.38392,5.0696,0.365083,5.01883,0.035486,0.03304,0.017695,15.508
2025-12-28 23:00:00,1.66784,15.4429,0.104185,1.56365,0.014742,0.010982,0.014868,4.437
2025-12-29 00:00:00,0.375055,3.82709,0.02736,0.347695,0.003452,0.004027,0.01376,1.074
2025-12-29 01:00:00,0.002683,0.023949,0.001926,0.000757,0.000617,8.2e-05,0.013252,0.061
2025-12-29 02:00:00,0.957667,4.39297,0.035001,0.922666,0.005248,0.011129,0.013605,1.803
2025-12-29 03:00:00,0.007415,0.028302,0.001687,0.005728,0.000508,0.000202,0.013074,0.113
2025-12-29 04:00:00,0.833562,2.76014,0.030842,0.80272,0.003943,0.009125,0.013435,1.01
2025-12-29 05:00:00,1.33498,2.75823,0.049969,1.28501,0.007862,0.005792,0.013841,2.049
2025-12-29 06:00:00,7.12739,2.95497,0.443599,6.68379,0.041873,0.038374,0.01757,17.257
2025-12-29 07:00:00,34.4147,3.46503,2.47514,31.9395,0.155103,0.205845,0.029928,100.097
2025-12-29 08:00:00,60.9222,4.86832,3.29722,57.6249,0.21576,0.336874,0.037358,171.45
2025-12-29 09:00:00,13.4082,3.31558,0.876465,12.5317,0.081241,0.085554,0.023881,42.816
2025-12-29 10:00:00,9.41894,2.77517,0.692166,8.72677,0.05997,0.056818,0.022159,29.224
2025-12-29 11:00:00,10.4519,3.15386,0.898003,9.55388,0.07113,0.061784,0.022074,27.661
2025-12-29 12:00:00,11.2338,3.1842,0.844827,10.389,0.088565,0.071886,0.022675,35.804
2025-12-29 13:00:00,8.7382,2.77227,0.678532,8.05967,0.063621,0.064318,0.021538,29.814
2025-12-29 14:00:00,10.3304,2.81788,0.743151,9.5872,0.067453,0.072144,0.022538,31.245
2025-12-29 15:00:00,11.4868,2.83345,0.886746,10.6,0.080309,0.089548,0.024186,35.651
2025-12-29 16:00:00,14.5166,3.70132,1.35893,13.1576,0.097397,0.092709,0.024574,44.76
2025-12-29 17:00:00,38.5268,4.63174,2.94272,35.5841,0.182461,0.227608,0.032681,109.276
2025-12-29 18:00:00,39.5323,4.86133,2.99428,36.5381,0.202384,0.256045,0.034902,125.645
2025-12-29 19:00:00,20.1222,5.07879,2.35422,17.768,0.1325,0.122955,0.026166,68.487
2025-12-29 20:00:00,11.1342,3.88222,1.14081,9.99341,0.08746,0.076961,0.022396,42.944
2025-12-29 21:00:00,11.0643,4.80638,0.909864,10.1544,0.080965,0.077843,0.021992,35.737
2025-12-29 22:00:00,5.14654,4.98695,0.314431,4.83211,0.034492,0.033031,0.017433,14.833
2025-12-29 23:00:00,0.529505,7.15547,0.019374,0.510131,0.002875,0.003178,0.014067,0.986
2025-12-30 00:00:00,0.036895,4.61172,0.010263,0.026632,0.010245,0.001785,0.014309,4
2025-12-30 01:00:00,0.021243,0.758694,0.009152,0.012091,0.008609,0.001363,0.014023,3.561
2025-12-30 02:00:00,0.231689,4.29054,0.008945,0.222744,0.004215,0.002491,0.013498,1.869
2025-12-30 03:00:00,0.009707,0.285524,0.003922,0.005785,0.005744,0.000716,0.013452,2.772
2025-12-30 04:00:00,0.030497,1.08918,0.007109,0.023388,7.7e-05,0.001125,0.013619,3.445
2025-12-30 05:00:00,0.612266,1.38522,0.019295,0.592971,0.002428,0.002669,0.013633,1.857
2025-12-30 06:00:00,6.88413,2.77362,0.403873,6.48025,0.044468,0.043008,0.018173,20.352
2025-12-30 07:00:00,38.3097,4.16138,2.28722,36.0225,0.159022,0.226664,0.030327,104.893
2025-12-30 08:00:00,53.4222,4.5458,3.06489,50.3573,0.208832,0.327627,0.037349,164.656
2025-12-30 09:00:00,15.2228,3.32375,1.21508,14.0077,0.094782,0.097763,0.0249,44.369
2025-12-30 10:00:00,9.77874,2.68647,0.629662,9.14907,0.061795,0.059501,0.022458,30.895
2025-12-30 11:00:00,10.6183,2.86518,1.00264,9.6157,0.073193,0.064352,0.023129,33.49
2025-12-30 12:00:00,13.1184,3.44678,0.958669,12.1598,0.080312,0.084099,0.023037,38
2025-12-30 13:00:00,13.9074,3.36741,0.773797,13.1336,0.074552,0.085805,0.023001,39.775
2025-12-30 14:00:00,12.1439,2.96337,0.867494,11.2764,0.078697,0.073837,0.024325,35.845
2025-12-30 15:00:00,14.291,4.20572,0.986138,13.3049,0.087294,0.097191,0.02423,40.007
2025-12-30 16:00:00,15.8391,3.59979,1.08369,14.7554,0.095288,0.105128,0.024911,49.276
2025-12-30 17:00:00,39.0856,4.85898,3.01971,36.0659,0.194644,0.235793,0.033991,114.843
2025-12-30 18:00:00,45.1112,5.56379,2.96263,42.1486,0.218739,0.284446,0.036495,131.039
2025-12-30 19:00:00,19.6131,5.15593,1.56327,18.0499,0.123135,0.135089,0.027035,68.184
2025-12-30 20:00:00,13.7396,4.774,1.41582,12.3237,0.097988,0.090984,0.024266,44.561
2025-12-30 21:00:00,13.1345,5.42749,1.06845,12.0661,0.089926,0.086084,0.022877,41.6
2025-12-30 22:00:00,4.45817,4.151,0.452591,4.00558,0.045798,0.031375,0.018256,18.053
2025-12-30 23:00:00,0.0632,0.339792,0.015063,0.048137,0.011619,0.003907,0.014836,2.616
2025-12-31 00:00:00,0.148345,2.00467,0.018973,0.129372,0.011415,0.004834,0.014474,3.681
2025-12-31 01:00:00,0.19212,0.850089,0.012061,0.180059,0.008001,0.003511,0.014137,2.761
2025-12-31 02:00:00,0.269798,1.16292,0.009996,0.259802,0.010282,0.004274,0.01428,4.477
2025-12-31 03:00:00,0.164045,1.18873,0.006539,0.157506,0.009313,0.002635,0.014308,4.327
2025-12-31 04:00:00,0.440008,3.38467,0.01682,0.423188,0.002497,0.005504,0.01395,3.266
2025-12-31 05:00:00,0.388122,1.27672,0.029286,0.358836,0.006865,0.003282,0.014169,1.629
2025-12-31 06:00:00,6.95224,3.36833,0.40801,6.54423,0.041448,0.041424,0.017843,18.05
2025-12-31 07:00:00,38.1442,4.06308,2.25418,35.89,0.153952,0.224797,0.030203,105.948
2025-12-31 08:00:00,55.4528,4.81361,3.62344,51.8293,0.218055,0.332144,0.037415,167.392
2025-12-31 09:00:00,15.5226,3.5359,1.07113,14.4515,0.08979,0.103774,0.025237,50.317
2025-12-31 10:00:00,11.9526,2.94544,0.803261,11.1493,0.075609,0.07987,0.023759,36.433
2025-12-31 11:00:00,14.9596,3.36624,1.05953,13.9,0.093839,0.099965,0.02516,43.363
2025-12-31 12:00:00,13.9413,3.14136,1.59357,12.3478,0.105519,0.092579,0.025212,45.978
2025-12-31 13:00:00,16.187,3.06921,1.23791,14.9491,0.100608,0.110934,0.025144,52.555
2025-12-31 14:00:00,17.2935,3.38956,1.46481,15.8287,0.103045,0.11123,0.025263,53.138
2025-12-31 15:00:00,22.6312,3.8633,1.91771,20.7135,0.132959,0.140416,0.027189,61.918
2025-12-31 16:00:00,28.5282,4.28481,2.34284,26.1854,0.167592,0.175859,0.029779,84.028
2025-12-31 17:00:00,52.3226,4.41914,4.42722,47.8954,0.267795,0.315511,0.03972,166.843
2025-12-31 18:00:00,50.0998,4.26818,4.70707,45.3928,0.285141,0.317237,0.040256,178.138
2025-12-31 19:00:00,31.581,4.10356,2.60555,28.9755,0.180244,0.206976,0.031598,100.398
2025-12-31 20:00:00,20.3626,3.91589,2.05317,18.3094,0.13729,0.139469,0.027087,70.842
2025-12-31 21:00:00,17.7478,4.33932,2.32982,15.418,0.139665,0.117857,0.025707,56.048
2025-12-31 22:00:00,12.0586,4.45297,1.41197,10.6467,0.078787,0.071775,0.02142,36.41
2025-12-31 23:00:00,7.40322,4.33952,0.787917,6.61531,0.060028,0.049962,0.018686,21.241
2026-01-01 00:00:00,1.81549,3.14099,0.215156,1.60034,0.019126,0.016902,0.015989,7.457
2026-01-01 01:00:00,5.9e-05,0.029364,1.5e-05,4.4e-05,4.7e-05,1.7e-05,0.013756,0.003
2026-01-01 02:00:00,0.000144,0.024099,0.0001,4.4e-05,3.5e-05,1.5e-05,0.013642,0.007
2026-01-01 03:00:00,0.000473,0.078915,0.000136,0.000337,5e-05,2.6e-05,0.01357,0.013
2026-01-01 04:00:00,6.2e-05,0.007579,3.8e-05,2.4e-05,2.7e-05,1e-05,0.013295,0.004
2026-01-01 05:00:00,0.304605,1.27985,0.022318,0.282287,0.002979,0.001756,0.013675,0.83
2026-01-01 06:00:00,6.25098,2.45522,0.524407,5.72658,0.047422,0.037085,0.017656,16.875
2026-01-01 07:00:00,13.532,3.72783,1.00971,12.5223,0.078125,0.07996,0.021252,35.521
2026-01-01 08:00:00,17.0706,3.62742,1.06832,16.0023,0.09281,0.105492,0.025466,49.178
2026-01-01 09:00:00,16.8318,3.44631,1.13129,15.7005,0.092652,0.104943,0.024929,50.851
2026-01-01 10:00:00,15.5598,2.50238,1.28154,14.2782,0.107144,0.104553,0.026678,53.061
2026-01-01 11:00:00,19.5475,3.22459,2.07436,17.4731,0.127004,0.118751,0.026347,55.031
2026-01-01 12:00:00,17.4225,3.6648,2.09028,15.3322,0.114837,0.108173,0.024883,51.438
2026-01-01 13:00:00,17.8306,3.31177,1.627,16.2036,0.116588,0.111916,0.025492,52.982
2026-01-01 14:00:00,19.9139,3.10572,1.68488,18.229,0.121631,0.124775,0.026115,56.606
2026-01-01 15:00:00,19.2605,3.13382,1.43958,17.8209,0.108329,0.134285,0.026238,59.904
2026-01-01 16:00:00,19.0403,3.1306,1.85456,17.1858,0.121828,0.12246,0.026335,60.448
2026-01-01 17:00:00,25.5964,3.44408,1.82418,23.7722,0.139073,0.159341,0.028191,75.904
2026-01-01 18:00:00,20.6395,3.89718,1.64773,18.9917,0.12215,0.134633,0.026297,44.224
2026-01-01 19:00:00,15.2426,3.73045,1.41445,13.8282,0.114187,0.107451,0.024519,47.788
2026-01-01 20:00:00,10.6884,3.11616,1.08062,9.60783,0.079816,0.075709,0.022429,40.232
2026-01-01 21:00:00,9.76011,3.68584,1.04322,8.71689,0.078949,0.066693,0.021017,33.775
2026-01-01 22:00:00,8.49049,3.68831,1.16489,7.3256,0.06493,0.054968,0.01952,27.313
2026-01-01 23:00:00,1.8471,2.79863,0.178775,1.66832,0.025193,0.01591,0.015809,6.54
2026-01-02 00:00:00,0.263664,1.29247,0.02531,0.238354,0.004419,0.012249,0.014326,1.66
2026-01-02 01:00:00,2.9e-05,0.002448,1.4e-05,1.5e-05,0.001894,0.002623,0.013451,0.002
2026-01-02 02:00:00,3.9e-05,0.0022,2e-05,1.9e-05,0.000619,0.000289,0.013407,0.003
2026-01-02 03:00:00,0.000152,0.006913,4.4e-05,0.000108,0.000289,0.000708,0.013392,0.01
2026-01-02 04:00:00,5e-05,0.003569,2.1e-05,2.9e-05,2.3e-05,6e-06,0.0131,0.002
2026-01-02 05:00:00,0.442373,1.0634,0.015557,0.426816,0.002926,0.002345,0.013521,0.65
2026-01-02 06:00:00,3.14225,1.5727,0.152471,2.98978,0.022146,0.019066,0.015775,7.699
2026-01-02 07:00:00,8.02961,2.74423,0.497263,7.53235,0.048337,0.049365,0.018835,22.213
2026-01-02 08:00:00,11.2971,2.9792,0.889854,10.4073,0.067182,0.069477,0.022126,31.742
2026-01-02 09:00:00,14.1995,2.71501,1.0042,13.1953,0.08527,0.093706,0.023896,42.695
2026-01-02 10:00:00,14.438,2.68166,1.07395,13.3641,0.098418,0.094398,0.024078,43.054
2026-01-02 11:00:00,15.4501,2.73357,1.15374,14.2964,0.092364,0.095258,0.023974,46.598
2026-01-02 12:00:00,15.3758,3.20063,1.20797,14.1679,0.09619,0.104536,0.023981,45.128
2026-01-02 13:00:00,18.4537,3.60705,1.13292,17.3207,0.094717,0.109744,0.024222,47.508
2026-01-02 14:00:00,17.7638,3.23684,1.61122,16.1526,0.109602,0.111705,0.024934,49.275
2026-01-02 15:00:00,16.51,3.08945,1.29907,15.211,0.108973,0.10932,0.025236,51.808
2026-01-02 16:00:00,18.8062,3.44437,1.41775,17.3885,0.113571,0.12103,0.025383,53.926
2026-01-02 17:00:00,25.3037,3.75314,1.79491,23.5088,0.135148,0.162088,0.02814,69.873
2026-01-02 18:00:00,20.936,4.00459,1.70575,19.2302,0.140543,0.137406,0.026119,66.21
2026-01-02 19:00:00,15.9557,3.45362,1.19774,14.758,0.104015,0.109158,0.024749,51.552
2026-01-02 20:00:00,12.7803,3.58192,1.07293,11.7074,0.088711,0.089693,0.022778,41.631
2026-01-02 21:00:00,10.1954,4.40217,0.829521,9.3659,0.067537,0.069323,0.020596,31.532
2026-01-02 22:00:00,7.06285,3.89352,0.604717,6.45813,0.050763,0.044867,0.0186,22.237
2026-01-02 23:00:00,1.9385,4.1778,0.212616,1.72588,0.020832,0.012311,0.015307,6.007
2026-01-03 00:00:00,0.449495,3.74578,0.027022,0.422473,0.003634,0.005645,0.013895,1.217
2026-01-03 01:00:00,0,0,0,0,0.00183,0.002833,0.013293,0
2026-01-03 02:00:00,0.000408,0,3.9e-05,0.000369,2.6e-05,2e-05,0.013306,0.005
2026-01-03 03:00:00,0,0,0,0,3e-06,1e-06,0.013374,0
2026-01-03 04:00:00,4e-05,0,2.7e-05,1.3e-05,4e-05,8e-05,0.013135,0.002
2026-01-03 05:00:00,0.370504,2.03573,0.019432,0.351072,0.002927,0.002077,0.013582,0.995
2026-01-03 06:00:00,3.23355,2.42759,0.174435,3.05911,0.023011,0.01966,0.015916,8.328
2026-01-03 07:00:00,9.16358,3.78347,0.570721,8.59286,0.053367,0.054861,0.019223,24.098
2026-01-03 08:00:00,13.3932,3.41837,0.760772,12.6324,0.073663,0.08817,0.022804,37.58
2026-01-03 09:00:00,12.0059,2.994,0.810529,11.1954,0.073953,0.0755,0.022624,36.015
2026-01-03 10:00:00,12.3971,2.77588,1.02704,11.37,0.081004,0.080978,0.02327,38.272
2026-01-03 11:00:00,14.0571,3.1789,1.18208,12.875,0.088039,0.093054,0.024095,42.576
2026-01-03 12:00:00,14.6347,2.98546,1.34038,13.2943,0.104279,0.098618,0.0244,48.904
2026-01-03 13:00:00,19.0298,3.52013,2.09526,16.9346,0.112231,0.117743,0.025645,56.931
2026-01-03 14:00:00,18.0966,2.94733,1.30934,16.7873,0.106715,0.115427,0.025557,52.435
2026-01-03 15:00:00,19.5067,3.0337,2.06391,17.4428,0.134698,0.135549,0.026992,59.622
2026-01-03 16:00:00,21.417,3.3308,1.64837,19.7687,0.126372,0.148026,0.027338,67.324
2026-01-03 17:00:00,25.7732,4.07804,2.01178,23.7614,0.139686,0.169915,0.028761,73.74
2026-01-03 18:00:00,23.2429,4.05635,1.88239,21.3605,0.147676,0.151285,0.027286,70.784
2026-01-03 19:00:00,19.2891,4.23192,1.54315,17.746,0.11728,0.126839,0.025541,57.227
2026-01-03 20:00:00,12.3667,3.4602,1.18034,11.1864,0.093719,0.090816,0.023203,47.013
2026-01-03 21:00:00,11.5125,4.09991,1.38021,10.1323,0.089375,0.082462,0.02204,42.32
2026-01-03 22:00:00,6.88106,4.73902,0.56553,6.31553,0.051303,0.049332,0.018767,21.593
2026-01-03 23:00:00,3.05866,4.00348,0.207954,2.85071,0.021956,0.018559,0.01593,9.289
2026-01-04 00:00:00,0.701811,1.70342,0.039929,0.661882,0.005851,0.007931,0.014166,2.057
2026-01-04 01:00:00,0.122384,1.17677,0.011254,0.11113,0.005555,0.007307,0.013899,0.702
2026-01-04 02:00:00,0.193166,1.85739,0.018271,0.174895,0.006127,0.00531,0.013958,0.628
2026-01-04 03:00:00,0.340224,2.61712,0.013888,0.326336,0.001628,0.00326,0.013688,0.432
2026-01-04 04:00:00,0.335121,2.74689,0.012727,0.322394,0.002396,0.003846,0.013585,0.637
2026-01-04 05:00:00,0.319588,0.902793,0.029163,0.290425,0.004646,0.002077,0.013907,1.294
2026-01-04 06:00:00,7.3974,3.19404,0.496293,6.90111,0.039933,0.039014,0.017827,16.21
2026-01-04 07:00:00,33.7133,3.60262,2.04589,31.6674,0.147066,0.208051,0.029471,98.854
2026-01-04 08:00:00,56.6793,4.3181,3.35715,53.3222,0.219674,0.34379,0.038101,176.509
2026-01-04 09:00:00,16.1291,3.69594,1.18259,14.9465,0.090226,0.098357,0.024379,47.058
2026-01-04 10:00:00,11.4279,3.30476,1.24853,10.1793,0.075337,0.0708,0.022663,33.297
2026-01-04 11:00:00,11.9934,3.71543,1.07349,10.9199,0.071743,0.076479,0.022739,36.402
2026-01-04 12:00:00,9.14123,2.50445,0.78635,8.35487,0.065759,0.065236,0.021948,32.62
2026-01-04 13:00:00,9.54898,3.11447,0.688165,8.86081,0.083566,0.085824,0.022834,40.116
2026-01-04 14:00:00,11.0258,2.92772,0.819429,10.2064,0.078859,0.077229,0.023077,38.052
2026-01-04 15:00:00,11.1734,3.28243,0.839564,10.3338,0.073977,0.075124,0.022883,36.806
2026-01-04 16:00:00,14.768,3.9892,1.08803,13.68,0.097071,0.098588,0.024765,49.224
2026-01-04 17:00:00,38.6676,4.1587,2.72289,35.9447,0.185273,0.246892,0.033685,121.222
2026-01-04 18:00:00,43.312,5.12204,3.16953,40.1425,0.2156,0.286636,0.035774,136.262
2026-01-04 19:00:00,20.812,6.03246,1.93404,18.878,0.147054,0.141973,0.026961,70.75
2026-01-04 20:00:00,11.611,4.53555,1.0288,10.5822,0.087381,0.077979,0.022628,43.694
2026-01-04 21:00:00,9.62706,4.85725,0.806894,8.82017,0.070344,0.066222,0.021094,35.76
2026-01-04 22:00:00,3.95597,4.29063,0.292071,3.6639,0.030685,0.027822,0.016908,12.429
2026-01-04 23:00:00,0.017853,1.78533,0.00117,0.016683,0.000229,0.000474,0.013905,0.08
2026-01-05 00:00:00,1e-05,0.002283,5e-06,5e-06,6e-06,2e-06,0.013547,0.001
2026-01-05 01:00:00,1e-05,0.001567,5e-06,5e-06,7e-06,2e-06,0.013389,0.001
2026-01-05 02:00:00,4.6e-05,0.005765,3.5e-05,1.1e-05,1.2e-05,6e-06,0.013419,0.002
2026-01-05 03:00:00,0.000122,0.012137,8.1e-05,4.1e-05,1.9e-05,1e-05,0.013525,0.003
2026-01-05 04:00:00,7.3e-05,0.012165,4.8e-05,2.5e-05,1.2e-05,4e-06,0.013259,0.002
2026-01-05 05:00:00,0.222698,0.535329,0.013069,0.209629,0.001819,0.001065,0.013568,0.456
2026-01-05 06:00:00,5.67748,2.46419,0.324807,5.35267,0.035888,0.032614,0.017516,15.027
2026-01-05 07:00:00,38.2561,3.8518,2.39152,35.8646,0.15781,0.225404,0.030272,109.359
2026-01-05 08:00:00,56.4559,4.62299,3.35891,53.097,0.225092,0.35041,0.038479,182.441
2026-01-05 09:00:00,16.2186,3.95961,1.05716,15.1614,0.085434,0.100534,0.024235,48.454
2026-01-05 10:00:00,8.38162,2.7373,0.594179,7.78744,0.057304,0.057927,0.021739,28.602
2026-01-05 11:00:00,8.46757,2.52161,0.583703,7.88386,0.057682,0.053369,0.021816,26.473
2026-01-05 12:00:00,9.0475,2.54716,0.772315,8.27519,0.069725,0.060857,0.021629,30.615
2026-01-05 13:00:00,10.1989,2.89577,0.890588,9.30831,0.067601,0.066947,0.021801,32.572
2026-01-05 14:00:00,10.193,3.33321,0.604387,9.58858,0.06347,0.066881,0.021914,29.957
2026-01-05 15:00:00,9.39552,3.09063,0.798255,8.59727,0.067024,0.056811,0.02211,32.4
2026-01-05 16:00:00,13.5931,3.89488,0.87736,12.7158,0.082805,0.082527,0.023566,37.97
2026-01-05 17:00:00,36.3219,4.14067,2.69417,33.6278,0.181017,0.233993,0.033993,116.547
2026-01-05 18:00:00,42.8462,5.1178,3.21779,39.6284,0.24111,0.283994,0.036823,142.36
2026-01-05 19:00:00,19.1245,5.28592,1.64263,17.4818,0.124889,0.128345,0.026821,61.682
2026-01-05 20:00:00,11.5306,4.13578,0.948649,10.5819,0.071687,0.07495,0.022039,37.412
2026-01-05 21:00:00,8.8155,3.99253,0.76242,8.05308,0.069095,0.059755,0.020886,32.912
2026-01-05 22:00:00,3.36243,4.43593,0.475237,2.8872,0.033827,0.020387,0.016724,11.881
2026-01-05 23:00:00,0.021694,1.35584,0.002669,0.019025,0.000331,0.000189,0.013862,0.087
2026-01-06 00:00:00,1.8e-05,0.002245,9e-06,9e-06,5e-06,3e-06,0.013526,0
2026-01-06 01:00:00,4e-05,0.002147,1.9e-05,2.1e-05,1.2e-05,6e-06,0.013398,0.002
2026-01-06 02:00:00,0.00047,0.026119,0.00011,0.00036,3.8e-05,2.1e-05,0.013401,0.012
2026-01-06 03:00:00,0.025354,0.186434,0.003785,0.021569,0.000729,0.000416,0.013579,0.236
2026-01-06 04:00:00,0.097662,1.01732,0.002857,0.094805,0.000278,0.002402,0.013347,0.191
2026-01-06 05:00:00,0.111764,0.362871,0.006177,0.105587,0.002651,0.002431,0.013649,0.348
2026-01-06 06:00:00,8.10257,3.4188,0.371162,7.7314,0.038523,0.045995,0.017965,16.916
2026-01-06 07:00:00,39.1372,4.09128,2.36299,36.7742,0.159431,0.236294,0.03069,109.501
2026-01-06 08:00:00,55.3918,4.3006,3.18376,52.208,0.217005,0.343567,0.038131,170.901
2026-01-06 09:00:00,16.0075,3.28022,0.963105,15.0444,0.088602,0.10711,0.025036,49.16
2026-01-06 10:00:00,11.0428,2.76347,0.650678,10.3921,0.067253,0.071952,0.023202,35.383
2026-01-06 11:00:00,9.87436,2.90936,0.688555,9.18581,0.06321,0.06599,0.02261,30.775
2026-01-06 12:00:00,10.3704,3.31533,0.861027,9.50933,0.079467,0.07346,0.022698,35.012
2026-01-06 13:00:00,10.9399,3.04223,1.00938,9.93047,0.070841,0.077049,0.022802,34.803
2026-01-06 14:00:00,9.93995,2.4056,0.747795,9.19216,0.070122,0.065584,0.022237,33.065
2026-01-06 15:00:00,13.0269,3.2731,1.37245,11.6545,0.099168,0.078279,0.023478,39.166
2026-01-06 16:00:00,14.7461,3.2989,1.56285,13.1832,0.102094,0.092737,0.025011,45.099
2026-01-06 17:00:00,38.2784,4.27979,2.55307,35.7253,0.187293,0.236728,0.033874,117.611
2026-01-06 18:00:00,46.8396,5.50407,3.09053,43.7491,0.209768,0.29998,0.036751,144.419
2026-01-06 19:00:00,21.4671,5.4763,1.80984,19.6573,0.132562,0.144795,0.027021,67.906
2026-01-06 20:00:00,12.4946,4.48478,1.39962,11.095,0.096909,0.081942,0.02279,40.09
2026-01-06 21:00:00,10.1836,4.3594,0.931398,9.25216,0.075542,0.067494,0.021179,34.608
2026-01-06 22:00:00,2.8543,2.41073,0.285697,2.5686,0.027041,0.019896,0.016868,11.58
2026-01-06 23:00:00,0.003391,0,0.001054,0.002337,0.000256,0.000189,0.013856,0.058
2026-01-07 00:00:00,0.004577,0.071519,0.002473,0.002104,0.000517,0.000107,0.013581,0.124
2026-01-07 01:00:00,0.067588,0.301734,0.005199,0.062389,0.000973,0.000733,0.013485,0.286
2026-01-07 02:00:00,0.008846,0,0.001201,0.007645,0.000126,0.000136,0.013366,0.026
2026-01-07 03:00:00,7e-05,0,1.9e-05,5.1e-05,1.4e-05,7e-06,0.013465,0.003
2026-01-07 04:00:00,0.001055,0,0.000108,0.000947,2.7e-05,2.7e-05,0.013228,0.006
2026-01-07 05:00:00,0.062386,0.567151,0.01445,0.047936,0.001635,0.000512,0.01349,0.399
2026-01-07 06:00:00,7.1484,3.62495,0.782977,6.36543,0.045089,0.034015,0.017334,14.398
2026-01-07 07:00:00,38.6474,4.23672,2.22884,36.4186,0.154176,0.228262,0.030596,107.686
2026-01-07 08:00:00,56.3076,4.78481,3.69573,52.6119,0.232756,0.340288,0.037613,170.248
2026-01-07 09:00:00,16.2767,3.79411,0.991372,15.2854,0.086596,0.107342,0.024543,48.02
2026-01-07 10:00:00,9.32848,3.03267,0.663118,8.66536,0.065276,0.059222,0.02258,27.836
2026-01-07 11:00:00,11.9498,4.14062,0.841067,11.1087,0.070643,0.069415,0.023422,33.018
2026-01-07 12:00:00,9.3002,3.185,0.79209,8.50811,0.067854,0.064155,0.021854,31.377
2026-01-07 13:00:00,10.0527,2.93939,0.77606,9.27665,0.07113,0.069719,0.022065,32.07
2026-01-07 14:00:00,10.6062,2.85266,0.933232,9.67297,0.076322,0.067392,0.022733,37.759
2026-01-07 15:00:00,11.0587,3.00673,0.67756,10.3812,0.066737,0.071206,0.022578,34.947
2026-01-07 16:00:00,16.8075,3.96778,1.17978,15.6277,0.086689,0.099245,0.024438,45.496
2026-01-07 17:00:00,37.5241,4.02878,2.81229,34.7118,0.184864,0.235491,0.033107,115.874
2026-01-07 18:00:00,45.1503,5.51016,3.06487,42.0854,0.220698,0.288098,0.036377,142.009
2026-01-07 19:00:00,14.0944,5.80016,1.06373,13.0307,0.12182,0.141799,0.026602,66.144
2026-01-07 20:00:00,13.0682,5.29933,1.71811,11.35,0.111688,0.084389,0.022728,42.128
2026-01-07 21:00:00,10.079,4.62766,0.816017,9.26302,0.077579,0.066969,0.021074,34.632
2026-01-07 22:00:00,3.67946,4.2488,0.277244,3.40221,0.029302,0.024843,0.016781,11.89
2026-01-07 23:00:00,0.027324,13.662,0.001869,0.025455,0.000175,0.000174,0.013778,0.066
2026-01-08 00:00:00,2.6e-05,0.012956,1.7e-05,9e-06,7e-06,2e-06,0.013452,0.002
2026-01-08 01:00:00,3e-06,0.000837,2e-06,1e-06,2e-06,1e-06,0.013357,0
2026-01-08 02:00:00,0.000143,0.071582,6.3e-05,8e-05,1.6e-05,1e-05,0.013363,0.004
2026-01-08 03:00:00,1.4e-05,0.003955,7e-06,7e-06,8e-06,3e-06,0.013449,0.002
2026-01-08 04:00:00,0.000134,0.013445,5.8e-05,7.6e-05,3.8e-05,1.3e-05,0.013207,0.009
2026-01-08 05:00:00,0.076776,0.288634,0.013352,0.063424,0.001714,0.000588,0.013556,0.473
2026-01-08 06:00:00,6.69396,2.52602,0.330881,6.36308,0.038933,0.033443,0.017484,15.775
2026-01-08 07:00:00,40.1915,4.17791,2.20458,37.9869,0.153761,0.236348,0.030624,108.689
2026-01-08 08:00:00,55.8247,4.32548,3.21868,52.606,0.213006,0.346986,0.037859,176.404
2026-01-08 09:00:00,18.0358,3.68529,1.61238,16.4234,0.108376,0.114725,0.026085,52.673
2026-01-08 10:00:00,10.1034,2.79872,0.654741,9.44862,0.062509,0.065061,0.022929,32.845
2026-01-08 11:00:00,9.85385,3.10651,0.65255,9.2013,0.067464,0.068764,0.02319,33.774
2026-01-08 12:00:00,9.9821,2.88167,0.785668,9.19643,0.069734,0.074474,0.022771,35.397
2026-01-08 13:00:00,13.2063,4.00191,1.369,11.8373,0.089459,0.082251,0.022855,37.364
2026-01-08 14:00:00,11.9658,4.00729,1.39121,10.5745,0.08426,0.075639,0.02283,36.074
2026-01-08 15:00:00,11.0115,3.20661,1.18045,9.83105,0.082517,0.071651,0.023081,35.189
2026-01-08 16:00:00,17.3471,4.76308,1.17284,16.1743,0.101512,0.119317,0.02544,49.838
2026-01-08 17:00:00,39.7929,4.58549,3.01162,36.7813,0.20233,0.255635,0.034586,122.603
2026-01-08 18:00:00,47.3864,5.91591,3.29531,44.0911,0.218053,0.303838,0.036314,145.993
2026-01-08 19:00:00,20.131,5.52746,1.63647,18.4945,0.127794,0.141752,0.026769,63.593
2026-01-08 20:00:00,13.6603,5.20989,0.989277,12.6711,0.082287,0.093245,0.023084,43.432
2026-01-08 21:00:00,9.81626,4.40191,0.858903,8.95735,0.077929,0.068486,0.021428,36.765
2026-01-08 22:00:00,4.24232,5.12358,0.50046,3.74186,0.038344,0.025085,0.017275,13.91
2026-01-08 23:00:00,0.019216,4.80403,0.003429,0.015787,0.000264,0.000183,0.013867,0.056
2026-01-09 00:00:00,1.5e-05,0.001864,8e-06,7e-06,1e-05,3e-06,0.01353,0
2026-01-09 01:00:00,2.3e-05,0.001389,1.1e-05,1.2e-05,6.7e-05,2.6e-05,0.01337,0.003
2026-01-09 02:00:00,0.000177,0.022251,6.1e-05,0.000116,1.8e-05,1.5e-05,0.013404,0.005
2026-01-09 03:00:00,7.5e-05,0.01259,1.7e-05,5.8e-05,1.9e-05,6e-06,0.01344,0.005
2026-01-09 04:00:00,3.6e-05,0.003711,1.6e-05,2e-05,1.3e-05,1.2e-05,0.013246,0.003
2026-01-09 05:00:00,0.251304,1.39613,0.015163,0.236141,0.00248,0.001789,0.013564,0.556
2026-01-09 06:00:00,6.88628,3.15884,0.381138,6.50514,0.040956,0.042018,0.01773,17.048
2026-01-09 07:00:00,40.8631,4.63196,2.3262,38.5369,0.158981,0.234016,0.03073,110.182
2026-01-09 08:00:00,54.659,4.84824,3.20305,51.456,0.216586,0.331145,0.037278,170.496
2026-01-09 09:00:00,18.0985,4.15675,1.01,17.0885,0.09228,0.119048,0.024992,48.986
2026-01-09 10:00:00,11.6312,2.9049,0.770231,10.861,0.07158,0.07637,0.023157,34.249
2026-01-09 11:00:00,10.5707,3.02712,0.874362,9.69634,0.068992,0.066259,0.022765,31.876
2026-01-09 12:00:00,11.5274,3.31056,0.825605,10.7018,0.078594,0.081811,0.023076,37.857
2026-01-09 13:00:00,13.4458,3.5571,0.812389,12.6334,0.082215,0.088584,0.023054,39.264
2026-01-09 14:00:00,13.0753,3.07655,0.878331,12.197,0.077588,0.082016,0.023806,39.066
2026-01-09 15:00:00,15.4472,3.49642,0.939421,14.5077,0.093982,0.097336,0.024645,43.133
2026-01-09 16:00:00,20.8213,3.97505,1.31347,19.5079,0.111892,0.129367,0.026914,59.549
2026-01-09 17:00:00,41.4906,4.14243,2.83902,38.6516,0.200259,0.258199,0.035958,133.801
2026-01-09 18:00:00,48.9869,4.74312,3.49598,45.491,0.236416,0.315065,0.038555,151.453
2026-01-09 19:00:00,24.5852,4.45546,1.68866,22.8966,0.139833,0.165911,0.028964,77.274
2026-01-09 20:00:00,15.0415,3.64907,1.82909,13.2124,0.122911,0.105636,0.024874,51.894
2026-01-09 21:00:00,11.9311,3.99835,1.01558,10.9155,0.080603,0.086992,0.022901,43.91
2026-01-09 22:00:00,5.51283,3.01247,0.466914,5.04591,0.044346,0.037145,0.018316,20.189
2026-01-09 23:00:00,0.805915,8.22362,0.1184,0.687515,0.006881,0.003406,0.014352,1.625
2026-01-10 00:00:00,0.828338,12.9428,0.034279,0.794059,0.005295,0.009336,0.014072,1.771
2026-01-10 01:00:00,0.000526,0.005478,9.2e-05,0.000434,0.000108,4e-05,0.013448,0.02
2026-01-10 02:00:00,5.7e-05,0.001364,2.7e-05,3e-05,3.7e-05,2.1e-05,0.013427,0.004
2026-01-10 03:00:00,0.044239,0.335138,0.003978,0.040261,0.000613,0.000586,0.013527,0.177
2026-01-10 04:00:00,0.364229,4.922,0.01444,0.349789,0.0027,0.004359,0.013413,0.961
2026-01-10 05:00:00,0.204545,0.700494,0.023644,0.180901,0.003074,0.001591,0.013607,0.917
2026-01-10 06:00:00,3.48985,2.39687,0.220531,3.26932,0.023899,0.020329,0.016088,8.891
2026-01-10 07:00:00,16.5381,4.29115,0.91438,15.6237,0.073256,0.093571,0.022102,39.893
2026-01-10 08:00:00,23.5272,4.20579,1.44401,22.0832,0.11048,0.152265,0.026871,63.435
2026-01-10 09:00:00,18.9629,3.69648,1.43721,17.5257,0.114644,0.126047,0.02653,55.556
2026-01-10 10:00:00,15.9691,2.92689,1.6631,14.306,0.105156,0.098454,0.025215,46.733
2026-01-10 11:00:00,14.724,3.2633,1.10936,13.6147,0.086706,0.09828,0.024771,44.135
2026-01-10 12:00:00,15.7173,3.29366,1.26043,14.4569,0.100881,0.099769,0.02488,47.632
2026-01-10 13:00:00,14.3658,3.0231,1.17918,13.1866,0.096706,0.092832,0.024502,47.485
2026-01-10 14:00:00,16.1749,3.04497,1.30351,14.8714,0.093814,0.104409,0.024909,47.074
2026-01-10 15:00:00,16.0364,2.86671,1.53804,14.4983,0.103747,0.104505,0.024837,49.931
2026-01-10 16:00:00,18.5977,3.51431,1.57558,17.0221,0.109608,0.122995,0.025847,53.539
2026-01-10 17:00:00,24.6366,3.49952,2.20717,22.4294,0.143812,0.16296,0.028449,75.02
2026-01-10 18:00:00,26.8001,4.27707,1.9527,24.8474,0.1386,0.176692,0.029628,81.425
2026-01-10 19:00:00,17.2523,4.54008,1.3967,15.8556,0.100319,0.115165,0.025173,54.609
2026-01-10 20:00:00,10.7734,3.6201,1.01355,9.75986,0.112258,0.077811,0.023167,41.924
2026-01-10 21:00:00,10.8282,4.36268,0.933028,9.89514,0.08227,0.077672,0.021673,34.006
2026-01-10 22:00:00,5.5263,4.27732,0.398115,5.12819,0.038666,0.033893,0.017888,17.172
2026-01-10 23:00:00,0.019599,0,0.001487,0.018112,0.000329,0.000198,0.013917,0.08
2026-01-11 00:00:00,0,0,0,0,1e-06,1e-06,0.013552,0
2026-01-11 01:00:00,0.000421,0.008088,0.000155,0.000266,9.7e-05,5.3e-05,0.013397,0.023
2026-01-11 02:00:00,7e-06,0.003732,2e-06,5e-06,1.9e-05,8e-06,0.013399,0.002
2026-01-11 03:00:00,1.1e-05,0,3e-06,8e-06,8e-06,3e-06,0.013401,0
2026-01-11 04:00:00,3.1e-05,0.01542,1.6e-05,1.5e-05,1.9e-05,4e-06,0.013135,0.002
2026-01-11 05:00:00,0.930948,2.58597,0.086074,0.844874,0.005844,0.005524,0.013752,1.283
2026-01-11 06:00:00,3.55426,2.53514,0.180597,3.37367,0.021497,0.019721,0.015765,7.776
2026-01-11 07:00:00,10.3266,3.74696,0.630417,9.69622,0.053829,0.062711,0.019725,24.693
2026-01-11 08:00:00,13.7751,3.24578,0.86644,12.9087,0.080183,0.092653,0.023274,42.433
2026-01-11 09:00:00,13.1008,2.82467,0.897273,12.2035,0.083146,0.085951,0.02399,41.631
2026-01-11 10:00:00,15.1871,2.7969,1.01664,14.1705,0.082809,0.091754,0.024472,45.608
2026-01-11 11:00:00,14.4085,2.96106,1.25627,13.1522,0.089399,0.092304,0.024429,43.761
2026-01-11 12:00:00,11.9358,2.97058,1.41772,10.5181,0.086877,0.07372,0.02315,39.991
2026-01-11 13:00:00,15.0309,3.15642,2.53267,12.4982,0.121322,0.091796,0.02413,43.174
2026-01-11 14:00:00,15.9086,3.31982,1.19364,14.7149,0.091859,0.103944,0.024747,47.22
2026-01-11 15:00:00,22.5232,4.55935,1.6109,20.9123,0.115035,0.123913,0.026248,52.125
2026-01-11 16:00:00,17.3571,3.2504,1.38856,15.9686,0.113974,0.119803,0.025944,54.053
2026-01-11 17:00:00,21.8326,3.55002,1.89672,19.9359,0.11928,0.140157,0.027024,63.79
2026-01-11 18:00:00,22.243,4.45573,2.16477,20.0782,0.137976,0.147501,0.027355,66.831
2026-01-11 19:00:00,16.2432,4.72735,3.09572,13.1474,0.176549,0.102517,0.024577,49.872
2026-01-11 20:00:00,15.427,5.16989,2.56124,12.8657,0.142986,0.090097,0.023002,44.758
2026-01-11 21:00:00,10.4221,4.47684,0.799285,9.6228,0.062794,0.068409,0.0211,33.997
2026-01-11 22:00:00,4.61856,3.72465,0.382477,4.23609,0.038293,0.031439,0.017479,15.132
2026-01-11 23:00:00,0.492165,3.96908,0.021635,0.47053,0.007092,0.003477,0.01448,1.295
2026-01-12 00:00:00,0.550245,6.87807,0.018035,0.53221,0.003126,0.00643,0.013815,0.739
2026-01-12 01:00:00,0.822971,9.14413,0.030325,0.792646,0.005871,0.009862,0.014058,1.867
2026-01-12 02:00:00,0.537703,7.46808,0.037299,0.500404,0.004395,0.005228,0.013728,0.94
2026-01-12 03:00:00,0.608691,8.69558,0.022868,0.585823,0.003946,0.005933,0.013776,0.873
2026-01-12 04:00:00,0.105722,1.46837,0.006381,0.099341,0.001488,0.00121,0.013317,0.202
2026-01-12 05:00:00,0.17595,0.837851,0.010399,0.165551,0.003245,0.001652,0.013629,0.514
2026-01-12 06:00:00,6.59085,2.83112,0.393467,6.19738,0.039081,0.038741,0.01769,17.308
2026-01-12 07:00:00,38.7003,3.79937,2.22278,36.4776,0.159738,0.234743,0.031038,112.712
2026-01-12 08:00:00,55.3207,4.15758,3.79831,51.5224,0.249051,0.338073,0.038369,173.14
2026-01-12 09:00:00,17.831,4.08219,1.15269,16.6783,0.094164,0.11487,0.025733,34.88
2026-01-12 10:00:00,12.4861,3.61496,0.929985,11.5561,0.076714,0.083089,0.023235,38.701
2026-01-12 11:00:00,10.7759,3.53307,0.755467,10.0204,0.071029,0.070615,0.023363,36.508
2026-01-12 12:00:00,9.45573,2.94204,0.771827,8.6839,0.072265,0.068503,0.022049,33.31
2026-01-12 13:00:00,10.4971,2.84167,0.85975,9.63737,0.072451,0.0711,0.02248,35.434
2026-01-12 14:00:00,10.6935,2.89326,0.687731,10.0058,0.06161,0.071822,0.022358,31.917
2026-01-12 15:00:00,9.79876,2.44358,0.748252,9.05051,0.074396,0.063522,0.022469,31.946
2026-01-12 16:00:00,12.8914,3.33629,1.0073,11.8841,0.079014,0.083424,0.023813,40.576
2026-01-12 17:00:00,37.1488,4.21188,2.88348,34.2653,0.199037,0.231751,0.034567,120.515
2026-01-12 18:00:00,42.496,4.82361,3.46338,39.0327,0.218416,0.273953,0.036357,139.688
2026-01-12 19:00:00,19.4356,4.78946,1.82885,17.6068,0.131446,0.130584,0.026504,64.882
2026-01-12 20:00:00,10.3741,4.20004,0.863373,9.51073,0.078857,0.078086,0.022442,39.138
2026-01-12 21:00:00,9.4496,4.21481,0.973568,8.47603,0.077401,0.069291,0.021057,32.758
2026-01-12 22:00:00,3.56322,2.38822,0.283736,3.27948,0.034561,0.030011,0.017235,12.319
2026-01-12 23:00:00,0.024605,0,0.003266,0.021339,0.001259,0.000631,0.013919,0.074
2026-01-13 00:00:00,0,0,0,0,8e-06,4e-06,0.013478,0
2026-01-13 01:00:00,0,0,0,0,4e-06,3e-06,0.013329,0
2026-01-13 02:00:00,0,0,0,0,8e-06,5e-06,0.013367,0
2026-01-13 03:00:00,0.000219,0,0.000182,3.7e-05,0.001828,0.006393,0.013541,0.008
2026-01-13 04:00:00,0.000162,0,9.5e-05,6.7e-05,0.000198,9.9e-05,0.013154,0.001
2026-01-13 05:00:00,0.049269,0.535537,0.007816,0.041453,0.001057,0.000344,0.01342,0.279
2026-01-13 06:00:00,5.46868,2.86619,0.362687,5.106,0.032307,0.032453,0.017257,15.264
2026-01-13 07:00:00,39.3836,4.38083,2.7617,36.6219,0.158912,0.233601,0.030502,113.403
2026-01-13 08:00:00,54.5408,4.65285,3.81273,50.728,0.232701,0.335136,0.038217,168.407
2026-01-13 09:00:00,14.9962,3.49724,1.11833,13.8778,0.087906,0.097123,0.024394,45.533
2026-01-13 10:00:00,10.0585,3.56432,0.639227,9.41928,0.061812,0.063536,0.022328,32.122
2026-01-13 11:00:00,11.4173,3.33061,0.789852,10.6275,0.069872,0.072991,0.024036,34.219
2026-01-13 12:00:00,10.2022,3.51073,0.82142,9.38075,0.075539,0.074122,0.022406,30.882
2026-01-13 13:00:00,9.87003,2.96576,0.767912,9.10212,0.063997,0.063934,0.021655,32.496
2026-01-13 14:00:00,10.1819,2.83462,0.619332,9.56261,0.065647,0.07084,0.022545,30.27
2026-01-13 15:00:00,12.2434,3.64603,0.980027,11.2633,0.082941,0.089715,0.023428,36.311
2026-01-13 16:00:00,16.4285,4.21893,1.28447,15.1441,0.105726,0.106027,0.02536,46.86
2026-01-13 17:00:00,38.4253,4.44018,2.65232,35.773,0.192364,0.257359,0.034468,118.671
2026-01-13 18:00:00,44.9271,5.17117,3.2103,41.7168,0.224337,0.28609,0.036689,142.083
2026-01-13 19:00:00,19.5841,4.88139,1.8152,17.7689,0.133337,0.133097,0.026892,67.314
2026-01-13 20:00:00,12.1041,4.99757,1.05256,11.0516,0.090065,0.084571,0.022792,44.211
2026-01-13 21:00:00,12.5793,6.28963,2.69786,9.88139,0.116957,0.068517,0.021886,38.235
2026-01-13 22:00:00,4.48943,4.66677,0.335726,4.1537,0.037012,0.032422,0.018044,15.274
2026-01-13 23:00:00,0.265093,2.59895,0.025685,0.239408,0.003757,0.001748,0.014127,1.266
2026-01-14 00:00:00,0.187737,2.68195,0.00789,0.179847,0.001122,0.003557,0.013641,0.426
2026-01-14 01:00:00,0.101959,2.2165,0.011643,0.090316,0.0034,0.005623,0.013861,0.524
2026-01-14 02:00:00,4.4e-05,0.002281,2e-05,2.4e-05,0.006186,0.009395,0.013876,0.004
2026-01-14 03:00:00,0.000209,0.014828,5e-05,0.000159,0.00096,0.001272,0.013511,0.017
2026-01-14 04:00:00,0.000467,0.021252,9.4e-05,0.000373,5.2e-05,2e-05,0.013179,0.01
2026-01-14 05:00:00,0.372851,0.789938,0.014976,0.357875,0.001034,0.001841,0.013555,0.618
2026-01-14 06:00:00,5.91573,2.15588,0.430278,5.48545,0.035118,0.035603,0.017568,16.095
2026-01-14 07:00:00,39.6418,4.21094,2.16756,37.4742,0.156972,0.237729,0.030464,109.392
2026-01-14 08:00:00,56.5865,4.83894,3.40736,53.1792,0.22308,0.347615,0.038021,171.637
2026-01-14 09:00:00,17.6079,3.90074,1.0568,16.5511,0.087795,0.114003,0.025307,51.375
2026-01-14 10:00:00,10.6288,2.72954,0.740494,9.88832,0.07291,0.071156,0.023266,35.383
2026-01-14 11:00:00,9.95331,3.24847,1.20042,8.75289,0.076648,0.066315,0.022808,31.278
2026-01-14 12:00:00,11.651,3.36929,0.877788,10.7732,0.077051,0.079423,0.023185,37.045
2026-01-14 13:00:00,12.4448,3.2698,1.05482,11.39,0.093669,0.082699,0.023305,40.672
2026-01-14 14:00:00,11.1703,3.8948,0.799783,10.3705,0.068726,0.075236,0.022406,35.043
2026-01-14 15:00:00,12.367,4.54002,0.789347,11.5777,0.068696,0.078121,0.02252,35.632
2026-01-14 16:00:00,14.2292,4.24752,1.08434,13.1448,0.089572,0.095534,0.024435,45.784
2026-01-14 17:00:00,36.6989,4.51845,2.49202,34.2069,0.17427,0.225732,0.032515,111.817
2026-01-14 18:00:00,43.361,5.78918,3.07519,40.2858,0.216213,0.273276,0.036191,135.31
2026-01-14 19:00:00,17.7339,5.29688,1.26613,16.4678,0.118489,0.122362,0.025725,60.5
2026-01-14 20:00:00,11.0448,4.27761,0.822584,10.2222,0.071495,0.076498,0.022334,30.87
2026-01-14 21:00:00,9.84545,4.55808,1.05927,8.78618,0.078829,0.068475,0.021549,36.327
2026-01-14 22:00:00,4.20612,4.76885,0.312997,3.89312,0.02744,0.027311,0.017147,13.942
2026-01-14 23:00:00,0.043051,0.457985,0.005868,0.037183,0.00085,0.000348,0.013897,0.228
2026-01-15 00:00:00,4.2e-05,0.004217,2.1e-05,2.1e-05,3.9e-05,9e-06,0.013509,0.005
2026-01-15 01:00:00,1.6e-05,0.001825,8e-06,8e-06,1.3e-05,5e-06,0.013339,0
2026-01-15 02:00:00,0.00012,0.020061,5.7e-05,6.3e-05,1.5e-05,1.1e-05,0.013373,0.006
2026-01-15 03:00:00,0.00403,0.167959,0.002224,0.001806,0.000138,8.8e-05,0.013523,0.03
2026-01-15 04:00:00,2.9e-05,0.001799,1.1e-05,1.8e-05,2.3e-05,9e-06,0.013247,0.003
2026-01-15 05:00:00,0.074889,0.407006,0.010977,0.063912,0.002027,0.000881,0.013537,0.506
2026-01-15 06:00:00,8.04737,4.25786,0.38845,7.65892,0.042353,0.049139,0.018084,18.415
2026-01-15 07:00:00,38.3965,4.40731,2.07225,36.3243,0.149677,0.235986,0.030644,109.743
2026-01-15 08:00:00,55.2345,4.54905,3.16726,52.0673,0.22456,0.331511,0.039072,174.755
2026-01-15 09:00:00,14.7742,3.24993,0.952429,13.8218,0.083704,0.1,0.025063,46.098
2026-01-15 10:00:00,10.4832,2.81655,0.681851,9.80136,0.065015,0.065515,0.022623,33.142
2026-01-15 11:00:00,10.1771,2.98974,0.844006,9.33308,0.073437,0.067964,0.022876,34.674
2026-01-15 12:00:00,12.7921,3.82767,1.09436,11.6977,0.084333,0.084141,0.023404,38.312
2026-01-15 13:00:00,13.7473,3.93456,0.960696,12.7866,0.076811,0.080536,0.02253,38.571
2026-01-15 14:00:00,11.5903,2.63058,0.721383,10.8689,0.073715,0.075711,0.023123,35.244
2026-01-15 15:00:00,11.9143,2.77076,0.940135,10.9741,0.082287,0.079434,0.023565,38.315
2026-01-15 16:00:00,12.5288,2.81167,1.2976,11.2312,0.095666,0.080784,0.024111,43.277
2026-01-15 17:00:00,40.4764,4.51947,3.74701,36.7294,0.223796,0.2466,0.033769,119.993
2026-01-15 18:00:00,47.6567,5.1321,3.89951,43.7572,0.241566,0.302948,0.037263,146.235
2026-01-15 19:00:00,21.7295,4.53075,1.81546,19.914,0.129133,0.145101,0.02742,67.816
2026-01-15 20:00:00,14.7584,4.83249,1.44592,13.3125,0.104401,0.094575,0.023693,46.952
2026-01-15 21:00:00,10.5346,4.25124,0.907341,9.62724,0.08047,0.070961,0.021521,33.37
2026-01-15 22:00:00,4.41683,2.96034,0.63687,3.77996,0.041968,0.030859,0.01786,15.402
2026-01-15 23:00:00,0.137724,4.59082,0.010187,0.127537,0.002716,0.00142,0.01414,0.267
2026-01-16 00:00:00,0.162312,2.53613,0.012109,0.150203,0.003374,0.001242,0.013822,0.496
2026-01-16 01:00:00,0.005753,0.125066,0.001126,0.004627,0.001474,0.001279,0.013413,0.081
2026-01-16 02:00:00,0.163156,4.79872,0.010206,0.15295,0.001705,0.001719,0.01319,0.261
2026-01-16 03:00:00,1.1e-05,0.00584,1e-05,1e-06,0.001234,0.000518,0.013111,0
2026-01-16 04:00:00,0.000358,0.179022,0.000124,0.000234,0.001009,0.000617,0.013088,0.002
2026-01-16 05:00:00,0.181103,1.92664,0.007717,0.173386,0.002478,0.00131,0.013387,0.411
2026-01-16 06:00:00,6.33752,3.1911,0.360579,5.97694,0.038499,0.038993,0.017565,15.262
2026-01-16 07:00:00,38.971,4.49804,2.13221,36.8388,0.15625,0.22651,0.030389,109.657
2026-01-16 08:00:00,55.8226,4.669,3.27284,52.5498,0.215904,0.345262,0.03821,177.639
2026-01-16 09:00:00,16.4516,3.71871,1.18197,15.2696,0.093556,0.106499,0.025202,50.36
2026-01-16 10:00:00,11.5854,3.0911,0.80967,10.7758,0.069519,0.070688,0.023472,35.329
2026-01-16 11:00:00,10.912,3.07902,0.899983,10.0121,0.074539,0.069864,0.023,35.363
2026-01-16 12:00:00,12.7925,3.80955,0.921442,11.871,0.077218,0.080829,0.023021,38.277
2026-01-16 13:00:00,14.069,4.16984,1.26103,12.808,0.094934,0.095076,0.023228,42.505
2026-01-16 14:00:00,12.1221,3.58855,1.09634,11.0258,0.082309,0.082108,0.023192,38.908
2026-01-16 15:00:00,15.5408,3.67222,1.094,14.4468,0.093895,0.102596,0.024671,48.079
2026-01-16 16:00:00,19.1283,3.89262,1.36396,17.7644,0.111765,0.138466,0.02718,63.089
2026-01-16 17:00:00,43.2798,4.51113,3.51028,39.7695,0.215839,0.282729,0.037002,138.333
2026-01-16 18:00:00,48.446,5.05067,3.73476,44.7113,0.246568,0.319723,0.039489,162.812
2026-01-16 19:00:00,25.6238,5.47751,2.45387,23.1699,0.152702,0.180236,0.02933,81.174
2026-01-16 20:00:00,16.1495,5.02787,1.7251,14.4244,0.114273,0.113287,0.024931,57.175
2026-01-16 21:00:00,12.6772,3.91756,1.06571,11.6115,0.086877,0.095979,0.022842,44.22
2026-01-16 22:00:00,5.57451,4.26838,0.494219,5.08029,0.044525,0.040148,0.018312,19.152
2026-01-16 23:00:00,0.081688,8.16873,0.003858,0.07783,0.000539,0.000717,0.014054,0.136
2026-01-17 00:00:00,2.1e-05,0.003516,1.2e-05,9e-06,1.1e-05,7e-06,0.013581,0.001
2026-01-17 01:00:00,9e-06,0.002301,5e-06,4e-06,6e-06,1e-06,0.013396,0
2026-01-17 02:00:00,2.6e-05,0.00324,1.7e-05,9e-06,1.8e-05,7e-06,0.01337,0.003
2026-01-17 03:00:00,0.000927,0.115908,0.000539,0.000388,5.1e-05,2.2e-05,0.013546,0.009
2026-01-17 04:00:00,4.7e-05,0.011804,3.2e-05,1.5e-05,8e-06,2e-06,0.013283,0.001
2026-01-17 05:00:00,0.266034,0.561252,0.015227,0.250807,0.002135,0.00165,0.013638,0.739
2026-01-17 06:00:00,4.07166,2.07526,0.22437,3.84729,0.026186,0.025158,0.016366,9.258
2026-01-17 07:00:00,16.8228,3.75173,0.936859,15.8859,0.077688,0.100363,0.02237,42.294
2026-01-17 08:00:00,23.7505,4.01598,1.27382,22.4767,0.121579,0.150253,0.02789,67.084
2026-01-17 09:00:00,16.5337,3.30014,1.18308,15.3506,0.09738,0.105123,0.025262,50.767
2026-01-17 10:00:00,15.8107,3.07242,1.10465,14.706,0.090102,0.108358,0.025455,49.441
2026-01-17 11:00:00,14.4295,3.07797,1.11934,13.3102,0.089605,0.09951,0.024926,44.21
2026-01-17 12:00:00,15.9599,3.36139,1.14139,14.8185,0.097229,0.102776,0.025157,51.309
2026-01-17 13:00:00,16.2021,3.12782,1.20006,15.0021,0.108611,0.108013,0.025916,51.727
2026-01-17 14:00:00,17.8034,3.97221,1.59504,16.2084,0.11324,0.110112,0.026426,51.64
2026-01-17 15:00:00,16.9076,3.66601,1.27074,15.6369,0.097501,0.109032,0.025358,50.058
2026-01-17 16:00:00,19.0299,3.78478,1.41361,17.6163,0.115947,0.12654,0.026819,57.352
2026-01-17 17:00:00,29.1409,4.21965,2.55451,26.5864,0.164813,0.190979,0.030218,87.877
2026-01-17 18:00:00,30.4221,4.86754,2.46702,27.9551,0.156173,0.19889,0.030105,90.253
2026-01-17 19:00:00,14.9184,4.05172,1.13513,13.7833,0.105499,0.107576,0.024634,49.223
2026-01-17 20:00:00,11.513,4.02552,0.919061,10.5939,0.077393,0.077787,0.022522,38.494
2026-01-17 21:00:00,12.2013,4.64989,1.41194,10.7894,0.086875,0.0801,0.022198,40.189
2026-01-17 22:00:00,7.41089,3.88411,0.910006,6.50088,0.051943,0.038725,0.018339,21.849
2026-01-17 23:00:00,0.270786,7.52191,0.01469,0.256096,0.002125,0.001908,0.014176,0.861
2026-01-18 00:00:00,6.3e-05,0.003916,3.5e-05,2.8e-05,3.3e-05,8e-06,0.013574,0.009
2026-01-18 01:00:00,0.003164,0.052742,0.000598,0.002566,0.000132,7.6e-05,0.013463,0.03
2026-01-18 02:00:00,5.1e-05,0.002117,2.3e-05,2.8e-05,4.9e-05,2.2e-05,0.013446,0.003
2026-01-18 03:00:00,0.000446,0.013152,8.9e-05,0.000357,6.5e-05,4.3e-05,0.013469,0.013
2026-01-18 04:00:00,8.2e-05,0.002058,3.4e-05,4.8e-05,5.9e-05,2.2e-05,0.013193,0.01
2026-01-18 05:00:00,0.204373,0.98257,0.012228,0.192145,0.002481,0.002432,0.013531,0.535
2026-01-18 06:00:00,3.03859,1.91106,0.173551,2.86504,0.023773,0.022178,0.016045,8.764
2026-01-18 07:00:00,12.1288,3.67094,0.704054,11.4247,0.063511,0.065656,0.020317,30.614
2026-01-18 08:00:00,19.3049,4.65851,1.10154,18.2033,0.093063,0.11547,0.023873,50.078
2026-01-18 09:00:00,15.0022,3.7319,1.75619,13.246,0.1003,0.086866,0.023733,40.697
2026-01-18 10:00:00,16.0181,3.7373,1.06877,14.9493,0.090159,0.099459,0.024625,45.821
2026-01-18 11:00:00,14.4713,3.75877,1.80716,12.6641,0.087397,0.085808,0.024194,39.229
2026-01-18 12:00:00,23.0689,6.10611,2.04543,21.0235,0.109425,0.116142,0.024806,51.08
2026-01-18 13:00:00,15.7262,3.53557,1.94428,13.7819,0.102564,0.103255,0.024431,48.826
2026-01-18 14:00:00,20.2729,4.11215,1.31127,18.9616,0.100867,0.116548,0.025374,53.194
2026-01-18 15:00:00,18.3991,3.88659,1.75791,16.6412,0.105306,0.114393,0.024905,54.052
2026-01-18 16:00:00,19.7682,3.79865,1.77332,17.9949,0.129526,0.124903,0.026162,60.257
2026-01-18 17:00:00,23.6923,3.59738,2.48253,21.2098,0.155497,0.153187,0.027747,74.1
2026-01-18 18:00:00,21.1626,4.14628,1.64549,19.5171,0.131547,0.14354,0.027268,66.296
2026-01-18 19:00:00,16.3992,4.2397,1.45093,14.9482,0.109383,0.11317,0.02432,53.118
2026-01-18 20:00:00,12.8413,4.5666,1.06194,11.7793,0.090147,0.086528,0.022377,43.31
2026-01-18 21:00:00,11.2071,3.8779,1.18029,10.0268,0.085387,0.076502,0.02169,40.119
2026-01-18 22:00:00,9.50008,4.84204,2.55596,6.94412,0.072852,0.049474,0.018935,25.473
2026-01-18 23:00:00,0.447063,7.70797,0.029507,0.417556,0.003686,0.003368,0.01415,1.346
2026-01-19 00:00:00,0.030761,0.480643,0.015367,0.015394,0.000733,0.000163,0.013524,0.353
2026-01-19 01:00:00,1e-06,0.000405,1e-06,0,0.000211,0.000392,0.013425,0
2026-01-19 02:00:00,0.041921,0.566497,0.017739,0.024182,0.001435,0.000429,0.013479,0.437
2026-01-19 03:00:00,0.000331,0.04134,0.00019,0.000141,6.9e-05,2.4e-05,0.013438,0.02
2026-01-19 04:00:00,0.000367,0.026221,0.000283,8.4e-05,0.000148,3e-05,0.013198,0.014
2026-01-19 05:00:00,0.317607,1.7451,0.106799,0.210808,0.004142,0.001513,0.013583,0.714
2026-01-19 06:00:00,9.91117,3.27534,0.604314,9.30686,0.046562,0.056011,0.0187,23.889
2026-01-19 07:00:00,53.9894,2.93293,3.55182,50.4376,0.225372,0.330417,0.036911,170.053
2026-01-19 08:00:00,81.2664,3.02038,5.48292,75.7835,0.329721,0.504189,0.04854,278.051
2026-01-19 09:00:00,20.8436,4.45567,1.45533,19.3883,0.109037,0.133501,0.026121,65.128
2026-01-19 10:00:00,11.7804,3.72327,0.952228,10.8282,0.084919,0.082772,0.023144,40.306
2026-01-19 11:00:00,12.4153,4.38082,1.81203,10.6032,0.091069,0.070972,0.022641,36.21
2026-01-19 12:00:00,10.7146,3.44743,0.845598,9.869,0.077047,0.072565,0.022415,38.696
2026-01-19 13:00:00,11.6399,3.1751,0.846923,10.793,0.078439,0.076834,0.022192,39.282
2026-01-19 14:00:00,11.9708,3.91715,0.993185,10.9776,0.067707,0.081878,0.023201,37.615
2026-01-19 15:00:00,13.7229,4.28573,1.0113,12.7116,0.091757,0.096964,0.024599,43.112
2026-01-19 16:00:00,17.4395,4.03132,1.52584,15.9136,0.112386,0.10968,0.025486,55.043
2026-01-19 17:00:00,50.2765,4.0611,3.58154,46.6949,0.233967,0.290657,0.037,149.246
2026-01-19 18:00:00,60.1997,4.00371,7.23663,52.9631,0.300873,0.372436,0.042364,204.18
2026-01-19 19:00:00,26.584,4.89576,1.96279,24.6212,0.158265,0.166406,0.028748,87.53
2026-01-19 20:00:00,12.6578,4.32599,1.02551,11.6323,0.085428,0.08372,0.022743,44.124
2026-01-19 21:00:00,11.7,4.51042,0.972436,10.7276,0.080958,0.077849,0.021809,40.313
2026-01-19 22:00:00,7.17643,5.10415,0.44476,6.73167,0.04105,0.04196,0.018008,17.069
2026-01-19 23:00:00,0.224156,4.00277,0.022603,0.201553,0.003692,0.001115,0.014027,0.772
2026-01-20 00:00:00,0.619474,12.9057,0.020492,0.598982,0.004554,0.002376,0.013713,0.832
2026-01-20 01:00:00,0.080621,2.51941,0.005853,0.074768,0.001991,0.001061,0.01351,0.651
2026-01-20 02:00:00,0.06212,3.45114,0.01548,0.04664,0.009514,0.001724,0.014137,3.19
2026-01-20 03:00:00,0.709145,29.5477,0.023779,0.685366,0.004454,0.006864,0.013863,1.274
2026-01-20 04:00:00,0.097058,1.01101,0.004178,0.09288,0.000873,0.001379,0.013405,0.169
2026-01-20 05:00:00,0.288474,0.751232,0.021281,0.267193,0.004008,0.001998,0.013712,1.102
2026-01-20 06:00:00,7.16342,2.87457,0.37819,6.78523,0.035964,0.038627,0.017226,15.733
2026-01-20 07:00:00,46.1922,3.64637,2.81163,43.3806,0.184135,0.276935,0.033152,141.616
2026-01-20 08:00:00,71.3062,3.89396,4.43688,66.8693,0.275756,0.42958,0.043708,232.893
2026-01-20 09:00:00,17.5386,3.70012,1.20699,16.3316,0.105261,0.116792,0.025474,56.754
2026-01-20 10:00:00,12.4629,3.55475,0.757449,11.7055,0.069215,0.07235,0.02253,36.589
2026-01-20 11:00:00,11.9354,3.64105,0.851988,11.0834,0.072019,0.0804,0.023136,34.833
2026-01-20 12:00:00,11.8616,3.91215,0.750945,11.1107,0.07339,0.077197,0.022235,36.322
2026-01-20 13:00:00,13.4408,3.47129,0.99401,12.4468,0.085521,0.082688,0.02271,40.871
2026-01-20 14:00:00,12.0155,3.90876,0.826942,11.1886,0.080681,0.079382,0.022929,39.105
2026-01-20 15:00:00,9.12273,3.16982,0.705029,8.4177,0.063954,0.067199,0.021863,29.962
2026-01-20 16:00:00,16.0005,3.941,1.22494,14.7755,0.095796,0.101299,0.024526,47.256
2026-01-20 17:00:00,41.4403,4.06836,3.29295,38.1473,0.197904,0.257038,0.034767,129.894
2026-01-20 18:00:00,50.7516,4.58543,4.00657,46.745,0.254219,0.327891,0.039375,168.816
2026-01-20 19:00:00,22.0867,4.88211,2.07594,20.0107,0.149291,0.150251,0.027365,76.139
2026-01-20 20:00:00,12.9832,4.54276,1.06342,11.9198,0.095644,0.081986,0.02302,44.281
2026-01-20 21:00:00,10.5001,4.83429,0.798613,9.70147,0.071118,0.070123,0.021285,35.381
2026-01-20 22:00:00,4.52338,4.09726,0.42448,4.0989,0.034958,0.029742,0.017577,17.222
2026-01-20 23:00:00,0.039246,9.81165,0.005025,0.034221,0.000354,0.00029,0.01375,0.089
2026-01-21 00:00:00,1.6e-05,0.001962,9e-06,7e-06,1.6e-05,7e-06,0.013432,0
2026-01-21 01:00:00,0.32988,5.89072,0.007417,0.322463,0.003584,0.006005,0.013884,1.399
2026-01-21 02:00:00,6.3e-05,0.006123,4.1e-05,2.2e-05,3.7e-05,1e-05,0.013321,0.004
2026-01-21 03:00:00,2.8e-05,0.00292,1.6e-05,1.2e-05,9e-06,6e-06,0.013376,0.001
2026-01-21 04:00:00,0.000115,0.008147,6.8e-05,4.7e-05,3.2e-05,1.6e-05,0.013162,0.006
2026-01-21 05:00:00,0.34322,1.73343,0.022374,0.320846,0.004184,0.01153,0.013744,1.009
2026-01-21 06:00:00,7.85966,3.73913,0.373865,7.48579,0.04139,0.049994,0.017757,16.47
2026-01-21 07:00:00,45.2044,4.0011,2.53245,42.6719,0.174285,0.266307,0.032566,127.375
2026-01-21 08:00:00,66.6305,4.28603,3.93627,62.6943,0.258732,0.405754,0.04167,214.973
2026-01-21 09:00:00,17.4612,3.76157,1.26334,16.1979,0.100839,0.121966,0.025873,54.81
2026-01-21 10:00:00,13.6668,3.88483,0.881838,12.785,0.078334,0.09219,0.023581,39.906
2026-01-21 11:00:00,12.3559,3.8444,1.28646,11.0694,0.089502,0.083433,0.023676,38.46
2026-01-21 12:00:00,13.2578,3.71159,1.08355,12.1743,0.087955,0.101481,0.024074,41.714
2026-01-21 13:00:00,13.4985,3.80667,0.992737,12.5057,0.079874,0.085428,0.023295,42.014
2026-01-21 14:00:00,12.017,3.21139,0.963383,11.0536,0.078448,0.077041,0.022861,37.269
2026-01-21 15:00:00,9.59973,2.7777,0.809921,8.78981,0.072017,0.064605,0.022595,34.462
2026-01-21 16:00:00,15.0456,3.59597,1.11165,13.9339,0.091205,0.094152,0.02454,49.755
2026-01-21 17:00:00,41.6666,4.14675,2.9821,38.6845,0.194636,0.262196,0.035297,128.703
2026-01-21 18:00:00,50.9544,4.66017,4.0197,46.9347,0.251207,0.321867,0.038671,164.504
2026-01-21 19:00:00,23.2552,5.48472,1.72399,21.5312,0.14641,0.165955,0.028081,79.961
2026-01-21 20:00:00,13.7488,4.04138,1.33907,12.4097,0.097853,0.090435,0.023641,45.933
2026-01-21 21:00:00,9.85256,4.604,0.857055,8.9955,0.071752,0.070149,0.021444,34.519
2026-01-21 22:00:00,5.38515,4.63438,0.52764,4.85751,0.039154,0.03257,0.017709,17.229
2026-01-21 23:00:00,0.016878,0.843956,0.001863,0.015015,0.000296,0.000121,0.013776,0.082
2026-01-22 00:00:00,0.000366,0.016689,9.9e-05,0.000267,3.4e-05,2e-05,0.013413,0.005
2026-01-22 01:00:00,3.3e-05,0.002397,1.7e-05,1.6e-05,2.4e-05,1.1e-05,0.013342,0.001
2026-01-22 02:00:00,2.6e-05,0.002298,1.3e-05,1.3e-05,2.3e-05,7e-06,0.013358,0.001
2026-01-22 03:00:00,8.8e-05,0.003113,3.3e-05,5.5e-05,4.5e-05,2.4e-05,0.013402,0.005
2026-01-22 04:00:00,0.000162,0.01009,8.3e-05,7.9e-05,3.7e-05,1.6e-05,0.01313,0.009
2026-01-22 05:00:00,0.229335,1.84947,0.015833,0.213502,0.002209,0.001463,0.013478,0.543
2026-01-22 06:00:00,7.333,3.67385,0.413144,6.91986,0.043007,0.044793,0.017891,17.179
2026-01-22 07:00:00,45.0254,4.16054,3.16544,41.8599,0.186866,0.263974,0.032308,125.146
2026-01-22 08:00:00,63.854,5.23565,3.6151,60.2389,0.226372,0.385446,0.040294,184.416
2026-01-22 09:00:00,19.1361,4.7721,1.11343,18.0227,0.095945,0.116396,0.024905,50.999
2026-01-22 10:00:00,12.3146,4.1915,0.766763,11.5479,0.069324,0.076066,0.022573,33.312
2026-01-22 11:00:00,11.6016,3.60747,0.926334,10.6753,0.0801,0.079575,0.023781,38.098
2026-01-22 12:00:00,12.4775,3.80413,0.819095,11.6585,0.082349,0.085946,0.023089,37.326
2026-01-22 13:00:00,13.8128,4.14549,1.05501,12.7578,0.08893,0.079031,0.022854,38.578
2026-01-22 14:00:00,11.5904,3.67248,0.90978,10.6806,0.077507,0.074526,0.022897,36.457
2026-01-22 15:00:00,13.1824,3.49294,0.988767,12.1936,0.086864,0.08872,0.023645,41.316
2026-01-22 16:00:00,16.2169,4.50218,1.20473,15.0121,0.100273,0.10707,0.024784,48.006
2026-01-22 17:00:00,41.5685,4.37747,2.88468,38.6838,0.194893,0.260872,0.034921,127.815
2026-01-22 18:00:00,50.7771,5.23259,3.65781,47.1193,0.25049,0.317075,0.038597,165.035
2026-01-22 19:00:00,21.2431,4.71651,1.66893,19.5742,0.15338,0.154405,0.027645,75.202
2026-01-22 20:00:00,13.4063,4.88211,1.12245,12.2838,0.096756,0.099127,0.025352,51.717
2026-01-22 21:00:00,11.6836,4.55678,0.885238,10.7983,0.084361,0.08333,0.023833,43.039
2026-01-22 22:00:00,5.86077,4.93331,0.446521,5.41425,0.043856,0.03897,0.01804,17.791
2026-01-22 23:00:00,0.025216,6.30427,0.00398,0.021236,0.000409,0.000188,0.013808,0.085
2026-01-23 00:00:00,0,0,0,0,1e-06,1e-06,0.013444,0
2026-01-23 01:00:00,0.001086,0,7.8e-05,0.001008,1.3e-05,4.4e-05,0.013373,0.003
2026-01-23 02:00:00,3.2e-05,0,1.7e-05,1.5e-05,1.6e-05,1.1e-05,0.013356,0.005
2026-01-23 03:00:00,0.001777,0,0.00015,0.001627,1.4e-05,6.3e-05,0.013416,0.009
2026-01-23 04:00:00,9e-06,0,7e-06,2e-06,9e-06,3e-06,0.013156,0.002
2026-01-23 05:00:00,0.170876,0.657215,0.020668,0.150208,0.002325,0.001019,0.013485,0.615
2026-01-23 06:00:00,5.41305,2.81051,0.330252,5.0828,0.034532,0.032841,0.017221,14.24
2026-01-23 07:00:00,44.6715,4.31525,2.65257,42.019,0.177457,0.260518,0.032091,124.233
2026-01-23 08:00:00,60.6472,4.96294,3.4272,57.2199,0.229441,0.368086,0.03935,182.551
2026-01-23 09:00:00,17.5956,4.00993,1.01228,16.5833,0.086416,0.108781,0.024829,51.769
2026-01-23 10:00:00,10.2475,2.71097,0.643141,9.60432,0.064396,0.069131,0.022624,33.902
2026-01-23 11:00:00,11.3825,3.49371,0.783429,10.5991,0.070205,0.072183,0.023179,35.757
2026-01-23 12:00:00,12.8429,3.94922,0.924879,11.918,0.078379,0.081895,0.023308,39.462
2026-01-23 13:00:00,15.357,4.57052,1.13628,14.2207,0.084796,0.097093,0.023616,44.99
2026-01-23 14:00:00,11.6157,3.27757,0.960086,10.6556,0.075109,0.074475,0.023011,37.691
2026-01-23 15:00:00,13.817,3.99797,1.11895,12.698,0.093641,0.085656,0.023862,40.74
2026-01-23 16:00:00,21.3342,4.7899,1.5183,19.8159,0.118733,0.137607,0.02703,60.991
2026-01-23 17:00:00,45.0619,4.46334,3.19236,41.8695,0.210543,0.278406,0.036072,141.856
2026-01-23 18:00:00,52.0484,4.89544,4.02851,48.0199,0.260169,0.329651,0.039028,173.693
2026-01-23 19:00:00,24.5979,4.96727,2.02983,22.5681,0.150867,0.163473,0.028454,82.076
2026-01-23 20:00:00,16.8779,5.21891,1.41789,15.46,0.108316,0.111135,0.024844,53.456
2026-01-23 21:00:00,13.27,5.02271,1.19516,12.0748,0.089086,0.09162,0.022935,43.312
2026-01-23 22:00:00,7.08076,5.2218,0.492513,6.58824,0.046237,0.044349,0.018746,20.775
2026-01-23 23:00:00,0.35431,3.40682,0.020074,0.334236,0.005232,0.002635,0.014276,0.831
2026-01-24 00:00:00,0.313054,3.64016,0.008593,0.304461,0.001968,0.001278,0.013623,0.056
2026-01-24 01:00:00,0.677172,13.0225,0.026306,0.650866,0.005668,0.006592,0.013889,1.669
2026-01-24 02:00:00,0.011302,0.074352,0.000559,0.010743,0.000355,0.000469,0.013447,0.058
2026-01-24 03:00:00,0.462779,3.21374,0.024182,0.438597,0.003231,0.004549,0.013651,0.743
2026-01-24 04:00:00,0.003636,0.035648,0.000678,0.002958,0.000374,0.000104,0.013195,0.068
2026-01-24 05:00:00,0.30263,1.24029,0.017737,0.284893,0.009408,0.004341,0.013885,0.794
2026-01-24 06:00:00,4.29145,2.89963,0.31593,3.97552,0.041875,0.030182,0.017036,11.385
2026-01-24 07:00:00,19.4306,4.23324,1.0928,18.3378,0.088443,0.114857,0.022931,49.713
2026-01-24 08:00:00,26.6784,4.74704,1.54927,25.1291,0.121872,0.172965,0.027962,74.469
2026-01-24 09:00:00,16.8783,3.44876,1.19264,15.6856,0.094288,0.113039,0.025159,51.294
2026-01-24 10:00:00,17.6069,3.48651,1.45396,16.1529,0.099387,0.101229,0.025101,50.054
2026-01-24 11:00:00,17.0969,3.74767,1.49108,15.6058,0.093331,0.108754,0.025416,52.463
2026-01-24 12:00:00,14.6148,3.47309,1.36426,13.2505,0.092219,0.096258,0.024033,44.035
2026-01-24 13:00:00,14.7238,3.29097,1.18094,13.5428,0.094893,0.098332,0.024636,49.506
2026-01-24 14:00:00,14.8551,3.25341,1.06929,13.7858,0.094752,0.094586,0.02399,46.46
2026-01-24 15:00:00,12.6968,2.72933,1.07964,11.6172,0.089018,0.086655,0.024273,43.804
2026-01-24 16:00:00,16.5903,3.49122,1.17805,15.4122,0.096582,0.111893,0.025174,49.733
2026-01-24 17:00:00,22.7441,3.72365,1.79728,20.9468,0.124851,0.149915,0.028017,71.025
2026-01-24 18:00:00,17.9176,4.30711,1.43945,16.4781,0.165002,0.164933,0.029018,79.867
2026-01-24 19:00:00,13.7478,3.7116,1.25966,12.4881,0.096987,0.093499,0.024183,47.576
2026-01-24 20:00:00,11.4419,4.1698,1.01866,10.4233,0.079465,0.078734,0.022661,40.97
2026-01-24 21:00:00,11.9607,4.29007,0.978468,10.9822,0.072837,0.075498,0.02144,37.108
2026-01-24 22:00:00,4.72647,3.63016,0.415455,4.31102,0.031295,0.033574,0.018029,16.635
2026-01-24 23:00:00,0.022569,1.88081,0.001275,0.021294,0.003708,0.003154,0.014203,0.218
2026-01-25 00:00:00,3.8e-05,0.003786,1.5e-05,2.3e-05,0.001195,0.000313,0.013677,0.002
2026-01-25 01:00:00,0.000172,0.012255,9.6e-05,7.6e-05,0.000842,0.000767,0.013507,0.004
2026-01-25 02:00:00,0.001836,0.0918,0.000349,0.001487,0.001598,0.001428,0.013512,0.295
2026-01-25 03:00:00,0.001651,0.275201,0.00019,0.001461,3.8e-05,4.9e-05,0.013443,0.01
2026-01-25 04:00:00,2.4e-05,0.005972,1.2e-05,1.2e-05,1.4e-05,4e-06,0.013144,0.001
2026-01-25 05:00:00,0.007735,0.13815,0.001298,0.006437,0.000407,0.000105,0.013308,0.101
2026-01-25 06:00:00,2.5547,2.30569,0.154772,2.39993,0.021436,0.016131,0.015876,7.559
2026-01-25 07:00:00,11.275,4.12099,0.682545,10.5925,0.062867,0.06851,0.020148,29.214
2026-01-25 08:00:00,14.7424,4.09285,0.954301,13.7881,0.084667,0.096216,0.023303,42.872
2026-01-25 09:00:00,14.8477,3.64988,0.970574,13.8771,0.083337,0.094204,0.02401,42.858
2026-01-25 10:00:00,12.3801,2.93505,1.00254,11.3775,0.080569,0.086624,0.024134,40.433
2026-01-25 11:00:00,13.9097,3.92707,1.19919,12.7105,0.088231,0.08622,0.023808,38.829
2026-01-25 12:00:00,12.6303,3.54384,1.08342,11.5468,0.083332,0.082626,0.023043,38.027
2026-01-25 13:00:00,14.0236,3.03016,1.0802,12.9434,0.090762,0.092617,0.023726,44.66
2026-01-25 14:00:00,14.7492,3.00392,1.19877,13.5505,0.097666,0.095468,0.02414,44.211
2026-01-25 15:00:00,14.169,3.27381,1.15435,13.0147,0.090518,0.096508,0.023847,43.332
2026-01-25 16:00:00,19.241,4.2531,2.02837,17.2127,0.115984,0.122487,0.025639,56.005
2026-01-25 17:00:00,20.3333,3.69966,1.88761,18.4457,0.121524,0.137251,0.027794,65.216
2026-01-25 18:00:00,18.6306,3.7306,1.47014,17.1605,0.116921,0.125503,0.028235,65.359
2026-01-25 19:00:00,13.8954,4.17027,1.11405,12.7813,0.096707,0.094379,0.0236,46.79
2026-01-25 20:00:00,12.757,4.71087,1.0613,11.6957,0.086836,0.085854,0.022831,43.291
2026-01-25 21:00:00,9.44007,4.41951,0.985085,8.45498,0.084687,0.072679,0.021187,36.943
2026-01-25 22:00:00,5.51011,4.09369,0.697183,4.81293,0.045653,0.035228,0.017951,20.295
2026-01-25 23:00:00,0.382677,3.29895,0.020559,0.362118,0.00262,0.002095,0.014038,1.027
2026-01-26 00:00:00,0.144691,0.991033,0.007372,0.137319,0.001131,0.000685,0.013544,0.29
2026-01-26 01:00:00,0.043743,0.428863,0.00471,0.039033,0.000764,0.000486,0.013462,0.156
2026-01-26 02:00:00,0.05427,0.532059,0.003842,0.050428,0.000557,0.001202,0.013516,0.179
2026-01-26 03:00:00,0.000752,0.010442,0.000223,0.000529,0.000104,5.7e-05,0.013472,0.019
2026-01-26 04:00:00,0.002413,0.022767,0.000813,0.0016,0.000291,9.1e-05,0.013214,0.075
2026-01-26 05:00:00,0.530571,1.20038,0.036892,0.493679,0.006023,0.003141,0.013819,1.828
2026-01-26 06:00:00,8.17279,3.75933,0.404418,7.76837,0.041589,0.043683,0.017919,18.661
2026-01-26 07:00:00,43.6314,3.95426,2.65572,40.9756,0.176775,0.262165,0.032078,125.636
2026-01-26 08:00:00,60.8175,4.63831,3.48073,57.3368,0.225115,0.366248,0.039167,177.441
2026-01-26 09:00:00,17.2656,3.74688,1.11845,16.1472,0.094085,0.11018,0.025187,52.016
2026-01-26 10:00:00,11.9696,3.57728,0.76257,11.207,0.071728,0.077229,0.023411,39.158
2026-01-26 11:00:00,11.9574,3.74136,1.04201,10.9154,0.081518,0.079526,0.023817,37.425
2026-01-26 12:00:00,12.9137,4.42554,1.02003,11.8937,0.082256,0.082214,0.023352,39.011
2026-01-26 13:00:00,14.3813,3.76473,0.982249,13.399,0.082592,0.09257,0.023501,44.998
2026-01-26 14:00:00,11.753,4.25219,0.798332,10.9547,0.072517,0.073744,0.022538,34.476
2026-01-26 15:00:00,13.4886,4.67706,3.31899,10.1697,0.091092,0.075696,0.023167,33.842
2026-01-26 16:00:00,14.2956,4.5182,1.06305,13.2325,0.088793,0.093427,0.024286,34.882
2026-01-26 17:00:00,42.1172,4.7817,3.16909,38.9482,0.210003,0.264536,0.034769,128.21
2026-01-26 18:00:00,46.6558,5.19437,3.86102,42.7948,0.251022,0.301089,0.037453,153.642
2026-01-26 19:00:00,19.0843,4.8144,1.60139,17.4829,0.139595,0.135241,0.027225,68.296
2026-01-26 20:00:00,13.8217,4.74647,1.47128,12.3504,0.091479,0.0862,0.024157,44.658
2026-01-26 21:00:00,9.975,4.88014,0.864338,9.11067,0.079795,0.070175,0.021485,35.432
2026-01-26 22:00:00,4.84526,4.92404,0.4653,4.37996,0.036873,0.029084,0.017295,14.895
2026-01-26 23:00:00,0.073621,0.800215,0.008269,0.065352,0.001058,0.000557,0.013848,0.25
2026-01-27 00:00:00,0.003135,0.030751,0.000874,0.002261,0.000252,5.9e-05,0.013433,0.077
2026-01-27 01:00:00,0.00119,0.012951,0.000424,0.000766,0.000162,5.3e-05,0.013225,0.043
2026-01-27 02:00:00,0.000353,0.009768,7.1e-05,0.000282,4.3e-05,1.7e-05,0.013084,0.01
2026-01-27 03:00:00,0.007206,0.105964,0.001824,0.005382,0.000393,0.000123,0.013053,0.099
2026-01-27 04:00:00,0.006867,0.0673,0.002209,0.004658,0.00056,0.000147,0.013005,0.151
2026-01-27 05:00:00,0.323324,1.12265,0.023024,0.3003,0.004216,0.002971,0.013485,1.049
2026-01-27 06:00:00,7.63251,3.57997,0.382159,7.25035,0.043495,0.045919,0.017898,17.638
2026-01-27 07:00:00,43.42,4.3983,2.46742,40.9526,0.165828,0.247199,0.031728,120.433
2026-01-27 08:00:00,60.654,4.95296,3.25864,57.3953,0.216297,0.365402,0.038451,173.092
2026-01-27 09:00:00,14.9252,3.51182,0.970838,13.9544,0.085978,0.100367,0.024655,47.436
2026-01-27 10:00:00,12.2147,3.78164,0.973178,11.2415,0.079582,0.076226,0.023374,36.771
2026-01-27 11:00:00,11.1882,3.68275,0.751853,10.4363,0.071038,0.073419,0.02294,36.351
2026-01-27 12:00:00,10.4047,3.50091,0.799568,9.60515,0.072526,0.066325,0.022262,33.921
2026-01-27 13:00:00,11.1366,3.34232,0.950703,10.1859,0.079532,0.076566,0.022695,40.088
2026-01-27 14:00:00,11.1571,3.17504,0.86234,10.2948,0.070883,0.065509,0.022315,32.453
2026-01-27 15:00:00,11.5965,3.66281,0.884619,10.7118,0.071795,0.070472,0.022957,34.68
2026-01-27 16:00:00,14.9284,3.86346,0.988317,13.9401,0.089022,0.094421,0.023988,42.802
2026-01-27 17:00:00,38.2562,4.63487,2.68829,35.5679,0.189943,0.24138,0.033552,121.072
2026-01-27 18:00:00,43.5989,4.75971,3.41479,40.1841,0.219217,0.284845,0.036316,141.855
2026-01-27 19:00:00,20.7359,4.98219,1.77054,18.9654,0.13437,0.140134,0.026605,68.362
2026-01-27 20:00:00,11.1787,4.1189,0.916596,10.2621,0.084771,0.073982,0.022685,41.04
2026-01-27 21:00:00,12.1195,5.71135,1.08779,11.0317,0.091653,0.081214,0.022426,39.951
2026-01-27 22:00:00,5.52127,3.97213,0.529583,4.99168,0.047558,0.039781,0.018249,16.942
2026-01-27 23:00:00,0.472858,5.62926,0.028702,0.444156,0.011478,0.006412,0.014712,1.232
2026-01-28 00:00:00,0.322012,2.72891,0.028897,0.293115,0.006782,0.002541,0.013951,0.855
2026-01-28 01:00:00,0.383755,3.14553,0.017141,0.366614,0.002424,0.003996,0.013626,0.64
2026-01-28 02:00:00,0.330333,4.71904,0.032317,0.298016,0.007378,0.003615,0.013944,2.097
2026-01-28 03:00:00,0.131214,0.898725,0.009332,0.121882,0.00153,0.001411,0.013568,0.272
2026-01-28 04:00:00,0.000753,0.006377,0.000203,0.00055,0.000237,6.3e-05,0.013213,0.04
2026-01-28 05:00:00,0.347622,2.17264,0.020456,0.327166,0.004253,0.003723,0.013705,0.791
2026-01-28 06:00:00,7.66946,4.02808,0.416708,7.25275,0.043855,0.048644,0.017928,16.707
2026-01-28 07:00:00,42.5233,4.64431,2.52088,40.0024,0.16704,0.254319,0.031168,116.975
2026-01-28 08:00:00,57.795,4.95754,3.20235,54.5926,0.214192,0.351118,0.037765,169.548
2026-01-28 09:00:00,16.2216,3.44554,1.15067,15.071,0.095146,0.111241,0.025211,51.018
2026-01-28 10:00:00,11.7702,3.2896,0.654552,11.1156,0.068036,0.072827,0.023316,35.164
2026-01-28 11:00:00,11.4977,3.86866,0.693699,10.804,0.064874,0.070781,0.022818,31.799
2026-01-28 12:00:00,13.6427,4.34203,0.841904,12.8007,0.067599,0.085946,0.022488,37.357
2026-01-28 13:00:00,10.9251,3.29466,0.762012,10.1631,0.070621,0.071601,0.02275,37.318
2026-01-28 14:00:00,11.5712,2.88415,0.862399,10.7088,0.076112,0.075021,0.02326,35.249
2026-01-28 15:00:00,12.2977,3.55016,0.977027,11.3207,0.077122,0.080564,0.023102,35.571
2026-01-28 16:00:00,14.1532,3.70696,1.15769,12.9955,0.091413,0.092155,0.024126,38.267
2026-01-28 17:00:00,42.2262,4.72012,2.80714,39.4191,0.195656,0.24649,0.034157,124.839
2026-01-28 18:00:00,46.8801,5.28048,3.80672,43.0734,0.237818,0.296791,0.036776,143.14
2026-01-28 19:00:00,20.3728,4.78011,1.87633,18.4965,0.180156,0.142873,0.028228,70.178
2026-01-28 20:00:00,14.6732,5.50383,1.29936,13.3739,0.099436,0.09246,0.02308,46.342
2026-01-28 21:00:00,10.5607,4.08379,1.00972,9.55096,0.078234,0.075852,0.021527,38.154
2026-01-28 22:00:00,5.05785,4.89154,0.408629,4.64922,0.042325,0.037286,0.017967,19.008
2026-01-28 23:00:00,0.359194,4.85397,0.012015,0.347179,0.002059,0.001386,0.01391,0.619
2026-01-29 00:00:00,0.224439,28.055,0.009727,0.214712,0.001682,0.000855,0.013513,0.531
2026-01-29 01:00:00,0.230026,16.4304,0.007211,0.222815,0.001598,0.00197,0.013478,0.521
2026-01-29 02:00:00,0.000267,0.005314,0.000103,0.000164,7e-05,2.5e-05,0.013386,0.014
2026-01-29 03:00:00,0.002212,0.058224,0.000151,0.002061,8.1e-05,0.000191,0.013414,0.024
2026-01-29 04:00:00,0.089475,1.06519,0.004934,0.084541,0.000953,0.000895,0.013262,0.247
2026-01-29 05:00:00,0.458347,1.18742,0.015481,0.442866,0.002986,0.002157,0.013571,0.884
2026-01-29 06:00:00,6.91324,3.22446,0.350069,6.56317,0.03706,0.038398,0.017189,15.282
2026-01-29 07:00:00,42.2854,4.60124,2.25949,40.026,0.161154,0.244616,0.030495,112.561
2026-01-29 08:00:00,60.1313,5.06156,3.36613,56.7652,0.212073,0.354423,0.037506,170.335
2026-01-29 09:00:00,15.2999,3.30309,0.948279,14.3516,0.084612,0.105326,0.024658,48.232
2026-01-29 10:00:00,12.8109,3.40714,0.919699,11.8912,0.069081,0.078091,0.024092,36.149
2026-01-29 11:00:00,10.1159,3.02148,0.675445,9.44046,0.06347,0.064165,0.022714,33.233
2026-01-29 12:00:00,12.5226,3.48237,1.07383,11.4488,0.084194,0.0858,0.023466,40.304
2026-01-29 13:00:00,12.2826,3.81447,1.02103,11.2616,0.076179,0.07815,0.022173,27.109
2026-01-29 14:00:00,10.2809,3.18493,0.760739,9.52021,0.06862,0.067589,0.022262,30.651
2026-01-29 15:00:00,11.4464,3.41276,0.792947,10.6534,0.071942,0.078322,0.022877,34.756
2026-01-29 16:00:00,14.2541,4.16542,1.03902,13.2151,0.085619,0.098093,0.024233,44.184
2026-01-29 17:00:00,41.5836,4.80624,3.33481,38.2488,0.201818,0.257293,0.03446,124.618
2026-01-29 18:00:00,46.3723,5.50218,3.39505,42.9773,0.221146,0.300077,0.036831,142.186
2026-01-29 19:00:00,20.5876,5.62504,1.94617,18.6415,0.135583,0.138183,0.026746,67.764
2026-01-29 20:00:00,12.0694,4.03658,0.955784,11.1136,0.080861,0.081711,0.023209,44.192
2026-01-29 21:00:00,10.6106,4.91686,1.05494,9.55564,0.081104,0.074733,0.021867,36.134
2026-01-29 22:00:00,4.70342,4.6661,0.362152,4.34127,0.03849,0.033155,0.017759,17.388
2026-01-29 23:00:00,0.968389,6.37097,0.05449,0.913899,0.009259,0.006688,0.014586,3.086
2026-01-30 00:00:00,0.153961,0.545962,0.025214,0.128747,0.003073,0.00105,0.013765,0.904
2026-01-30 01:00:00,0.826725,2.59977,0.0302,0.796525,0.004399,0.006114,0.013928,1.289
2026-01-30 02:00:00,0.597186,2.71448,0.024199,0.572987,0.00363,0.007849,0.014015,1.218
2026-01-30 03:00:00,0.004325,0.015556,0.000841,0.003484,0.00035,0.000179,0.013491,0.1
2026-01-30 04:00:00,0.00239,0.008533,0.000612,0.001778,0.000385,0.000194,0.013222,0.099
2026-01-30 05:00:00,0.546369,0.787277,0.035932,0.510437,0.005759,0.004417,0.01389,1.733
2026-01-30 06:00:00,7.27319,2.82564,0.384678,6.88851,0.041014,0.039758,0.017533,16.067
2026-01-30 07:00:00,42.3371,4.47822,2.33908,39.998,0.164407,0.24677,0.030969,114.47
2026-01-30 08:00:00,58.6623,4.93541,3.23617,55.4262,0.221741,0.365247,0.038623,170.405
2026-01-30 09:00:00,19.7307,4.58428,1.13819,18.5926,0.092415,0.119189,0.025271,52.238
2026-01-30 10:00:00,12.4274,3.56904,0.784004,11.6434,0.073954,0.076407,0.023123,37.032
2026-01-30 11:00:00,12.1285,3.93527,0.8754,11.2531,0.072549,0.073355,0.023074,35.414
2026-01-30 12:00:00,13.8393,3.87005,1.05178,12.7875,0.087399,0.096023,0.023645,41.998
2026-01-30 13:00:00,12.5151,3.1716,0.985632,11.5295,0.086487,0.078649,0.023031,40.009
2026-01-30 14:00:00,13.2238,3.56053,1.13887,12.0849,0.085032,0.088238,0.023792,40.924
2026-01-30 15:00:00,14.8515,4.10942,0.943392,13.9081,0.084747,0.091991,0.023381,41.734
2026-01-30 16:00:00,17.703,4.28023,1.27722,16.4258,0.103832,0.112119,0.025297,54.698
2026-01-30 17:00:00,41.9719,4.45561,3.78103,38.1908,0.218592,0.260138,0.035007,132.164
2026-01-30 18:00:00,47.4142,4.57224,3.5618,43.8524,0.2408,0.308477,0.03833,156.518
2026-01-30 19:00:00,22.0892,4.99755,1.85655,20.2326,0.150552,0.156958,0.028816,75.002
2026-01-30 20:00:00,12.5436,3.94204,1.01747,11.5261,0.086695,0.082858,0.023042,45.613
2026-01-30 21:00:00,14.8041,4.65539,1.10377,13.7004,0.087409,0.100601,0.023957,50.853
2026-01-30 22:00:00,6.43436,4.32999,0.470654,5.96371,0.044425,0.038455,0.01857,20.398
2026-01-30 23:00:00,0.124848,1.07627,0.014154,0.110694,0.002092,0.000891,0.014132,0.381
2026-01-31 00:00:00,0.041877,0.40267,0.00433,0.037547,0.00068,0.000282,0.013591,0.165
2026-01-31 01:00:00,0.393475,15.1336,0.022377,0.371098,0.00217,0.004001,0.013522,0.485
2026-01-31 02:00:00,4.7e-05,0,2.4e-05,2.3e-05,1.7e-05,1e-05,0.013395,0.002
2026-01-31 03:00:00,8.9e-05,0,4.7e-05,4.2e-05,1.6e-05,9e-06,0.013542,0.005
2026-01-31 04:00:00,0.000378,0,7.9e-05,0.000299,1.8e-05,1.7e-05,0.013351,0.005
2026-01-31 05:00:00,0.110105,1.22339,0.008536,0.101569,0.001149,0.000639,0.013446,0.282
2026-01-31 06:00:00,3.59272,2.14363,0.224468,3.36825,0.025764,0.020505,0.016161,9.449
2026-01-31 07:00:00,17.173,4.17835,1.02071,16.1523,0.08019,0.095258,0.022416,42.12
2026-01-31 08:00:00,26.7247,5.09431,1.48619,25.2386,0.122515,0.16527,0.028291,70.117
2026-01-31 09:00:00,17.1814,3.55281,1.19566,15.9857,0.092948,0.103852,0.024771,50.291
2026-01-31 10:00:00,14.26,3.03532,1.09205,13.1679,0.089147,0.094901,0.024615,44.056
2026-01-31 11:00:00,12.7752,3.63345,0.967001,11.8082,0.074713,0.085355,0.023964,39.518
2026-01-31 12:00:00,14.0749,3.68067,1.15308,12.9218,0.094334,0.091783,0.024436,43.595
2026-01-31 13:00:00,19.4225,5.02393,1.02624,18.3963,0.095133,0.09324,0.023915,42.226
2026-01-31 14:00:00,14.2257,3.07118,1.48695,12.7388,0.097971,0.08818,0.024094,42.932
2026-01-31 15:00:00,12.6365,3.30799,1.05312,11.5834,0.0874,0.087235,0.024296,43.831
2026-01-31 16:00:00,16.7661,3.59943,1.23934,15.5268,0.096917,0.109083,0.025227,52.76
2026-01-31 17:00:00,25.4557,3.97746,2.16223,23.2935,0.144804,0.169459,0.029311,81.252
2026-01-31 18:00:00,26.7531,5.08808,2.19983,24.5533,0.152406,0.173965,0.028986,81.817
2026-01-31 19:00:00,15.0687,4.2591,1.25402,13.8147,0.096833,0.100409,0.024617,48.59
2026-01-31 20:00:00,9.00961,3.61832,0.85541,8.1542,0.071717,0.068497,0.021971,34.371
2026-01-31 21:00:00,11.9043,4.09081,0.84676,11.0575,0.078125,0.079078,0.022064,37.522
2026-01-31 22:00:00,5.13456,2.78749,0.463625,4.67094,0.047179,0.035111,0.018507,19.278
2026-01-31 23:00:00,2.46509,11.8514,0.037868,2.42723,0.009618,0.009627,0.014724,1.991
2026-02-01 00:00:00,0.56683,15.7452,0.014727,0.552103,0.008663,0.003983,0.014168,1.383
2026-02-01 01:00:00,0.300882,1.34322,0.014464,0.286418,0.004724,0.003641,0.013873,1.226
2026-02-01 02:00:00,0.207397,0.624689,0.008928,0.198469,0.001862,0.002584,0.013551,0.459
2026-02-01 03:00:00,0.230664,0.626803,0.004454,0.22621,0.001531,0.002961,0.013683,0.401
2026-02-01 04:00:00,0.086448,0.345794,0.006571,0.079877,0.001312,0.001277,0.013397,0.264
2026-02-01 05:00:00,0.188324,0.741431,0.011455,0.176869,0.002476,0.001019,0.013496,0.601
2026-02-01 06:00:00,4.02589,3.57539,0.221393,3.8045,0.026491,0.021383,0.016097,10.183
2026-02-01 07:00:00,9.94746,3.9318,0.624081,9.32338,0.057378,0.05815,0.019399,25.533
2026-02-01 08:00:00,15.6985,4.23368,0.915262,14.7832,0.079056,0.098841,0.023124,44.072
2026-02-01 09:00:00,12.8317,2.83761,0.927364,11.9043,0.084095,0.089901,0.023596,40.134
2026-02-01 10:00:00,15.1477,3.22154,0.986541,14.1611,0.080219,0.087981,0.024076,44.098
2026-02-01 11:00:00,14.4218,3.37748,1.04106,13.3808,0.079485,0.08904,0.024059,41.425
2026-02-01 12:00:00,12.1891,3.22975,1.0336,11.1555,0.086003,0.084618,0.023679,38.202
2026-02-01 13:00:00,13.3828,3.11664,1.20329,12.1795,0.091453,0.089854,0.023537,42.737
2026-02-01 14:00:00,14.3158,3.08796,1.31811,12.9977,0.092967,0.094044,0.02388,45.355
2026-02-01 15:00:00,16.698,4.25102,1.31049,15.3875,0.101371,0.104802,0.024469,45.577
2026-02-01 16:00:00,16.5624,3.78311,1.59095,14.9715,0.106884,0.102414,0.024571,50.127
2026-02-01 17:00:00,20.1328,3.72968,1.59118,18.5417,0.123746,0.129004,0.026436,60.301
2026-02-01 18:00:00,21.3252,4.40602,1.55883,19.7663,0.122872,0.135998,0.026737,64.366
2026-02-01 19:00:00,15.9702,4.47595,1.40209,14.5681,0.094227,0.104984,0.024707,51.785
2026-02-01 20:00:00,11.5717,4.07167,1.44452,10.1272,0.084058,0.078907,0.022185,37.439
2026-02-01 21:00:00,11.071,5.10655,1.25935,9.81165,0.087957,0.080183,0.022311,38.455
2026-02-01 22:00:00,5.19855,4.33212,0.565447,4.6331,0.041897,0.03162,0.017682,16.141
2026-02-01 23:00:00,0.322729,4.13755,0.011955,0.310774,0.001944,0.001402,0.013978,0.612
2026-02-02 00:00:00,0.002681,0.014894,0.000649,0.002032,0.000352,6.7e-05,0.01353,0.076
2026-02-02 01:00:00,0.000998,0.005876,0.00025,0.000748,0.000208,6.7e-05,0.013391,0.044
2026-02-02 02:00:00,0.098655,0.880845,0.006192,0.092463,0.000964,0.001115,0.013445,0.24
2026-02-02 03:00:00,0.243007,5.06266,0.01074,0.232267,0.002375,0.002651,0.013579,0.83
2026-02-02 04:00:00,0.068778,1.63754,0.005119,0.063659,0.00111,0.000851,0.013214,0.394
2026-02-02 05:00:00,0.412866,1.24358,0.048848,0.364018,0.004598,0.002224,0.013713,1.436
2026-02-02 06:00:00,7.75343,3.82696,0.410526,7.34291,0.046498,0.045152,0.018197,18.109
2026-02-02 07:00:00,38.4822,3.9779,2.17711,36.3051,0.157665,0.2363,0.030688,97.706
2026-02-02 08:00:00,59.63,4.81043,3.39668,56.2334,0.219358,0.360674,0.038495,170.248
2026-02-02 09:00:00,16.9087,3.78778,1.19884,15.7098,0.09093,0.108548,0.02496,48.643
2026-02-02 10:00:00,11.4929,3.55157,0.691387,10.8015,0.064803,0.073182,0.022748,33.255
2026-02-02 11:00:00,11.3013,3.39582,0.855156,10.4461,0.067575,0.072552,0.02283,32.378
2026-02-02 12:00:00,10.1618,2.84166,0.864991,9.29678,0.077311,0.074348,0.02278,35.344
2026-02-02 13:00:00,10.7022,2.9082,0.868991,9.83319,0.074368,0.071078,0.022292,33.17
2026-02-02 14:00:00,10.3414,2.81935,0.815519,9.52584,0.073281,0.066544,0.022389,32.214
2026-02-02 15:00:00,12.9971,3.76292,1.51074,11.4864,0.088356,0.077201,0.02306,33.776
2026-02-02 16:00:00,14.224,3.91845,1.40386,12.8201,0.096541,0.090238,0.02422,42
2026-02-02 17:00:00,38.528,4.51465,2.91809,35.6099,0.184462,0.236387,0.03345,112.842
2026-02-02 18:00:00,48.0414,5.18693,3.93933,44.102,0.228637,0.305385,0.037551,147.701
2026-02-02 19:00:00,20.0019,4.97312,1.81345,18.1885,0.131423,0.133456,0.026855,67.701
2026-02-02 20:00:00,11.9185,4.31203,1.1999,10.7186,0.087392,0.082647,0.022515,39.381
2026-02-02 21:00:00,8.60638,4.13768,0.846149,7.76023,0.075779,0.062776,0.020878,31.783
2026-02-02 22:00:00,5.19624,4.65613,0.527977,4.66827,0.043064,0.032623,0.017778,16.468
2026-02-02 23:00:00,0.028676,1.30345,0.001795,0.026881,0.000279,0.000192,0.013801,0.088
2026-02-03 00:00:00,2.9e-05,0.002193,1.5e-05,1.4e-05,2.8e-05,6e-06,0.013366,0.002
2026-02-03 01:00:00,3.1e-05,0.001915,1.6e-05,1.5e-05,1.8e-05,7e-06,0.013156,0.002
2026-02-03 02:00:00,3.4e-05,0.001774,1.8e-05,1.6e-05,1.9e-05,1.4e-05,0.013024,0.003
2026-02-03 03:00:00,5.6e-05,0.003952,2.9e-05,2.7e-05,1.9e-05,9e-06,0.012949,0.003
2026-02-03 04:00:00,0.001212,0.101129,2.9e-05,0.001183,1.9e-05,4.3e-05,0.012886,0.003
2026-02-03 05:00:00,0.446697,2.01215,0.026283,0.420414,0.004631,0.003444,0.013456,1.074
2026-02-03 06:00:00,7.2595,3.49687,0.406548,6.85295,0.039011,0.041559,0.017426,16.52
2026-02-03 07:00:00,42.3499,4.5034,2.31079,40.0392,0.162223,0.253767,0.031164,117.422
2026-02-03 08:00:00,59.9877,5.15447,3.39057,56.5972,0.222249,0.365058,0.038155,171.708
2026-02-03 09:00:00,19.4374,4.54144,1.16533,18.272,0.094396,0.117573,0.024976,51.343
2026-02-03 10:00:00,11.5285,3.31851,0.929214,10.5993,0.078199,0.073057,0.02304,35.781
2026-02-03 11:00:00,11.255,3.61665,0.853664,10.4014,0.073608,0.075189,0.023302,37.644
2026-02-03 12:00:00,11.618,3.42917,1.21348,10.4045,0.079647,0.072384,0.022891,34.906
2026-02-03 13:00:00,11.1886,2.9948,1.02256,10.166,0.074061,0.073929,0.022573,37.269
2026-02-03 14:00:00,9.86957,2.60824,0.722607,9.14696,0.069053,0.064073,0.022187,35.087
2026-02-03 15:00:00,12.7659,3.75026,1.13605,11.6298,0.08655,0.07528,0.02274,36.043
2026-02-03 16:00:00,14.0968,3.93327,1.54285,12.554,0.083406,0.0853,0.02344,40.083
2026-02-03 17:00:00,39.0669,4.7114,3.12785,35.9391,0.201639,0.235738,0.033523,114.137
2026-02-03 18:00:00,46.5367,5.19731,3.66621,42.8705,0.244969,0.29417,0.036898,138.785
2026-02-03 19:00:00,20.1081,4.55552,1.73042,18.3776,0.124276,0.132612,0.026093,65.017
2026-02-03 20:00:00,12.8852,4.67871,0.844684,12.0405,0.074465,0.086439,0.022391,40.657
2026-02-03 21:00:00,11.0066,4.82324,0.819199,10.1874,0.073189,0.078276,0.021595,37.45
2026-02-03 22:00:00,6.50313,4.91173,0.60013,5.903,0.048192,0.039422,0.017875,17.737
2026-02-03 23:00:00,0.672841,18.6901,0.031323,0.641518,0.005619,0.003134,0.014187,1.772
2026-02-04 00:00:00,0.573695,28.6848,0.035905,0.53779,0.005221,0.002514,0.013719,1.324
2026-02-04 01:00:00,0.717141,8.33886,0.030561,0.68658,0.004635,0.007108,0.013628,1.234
2026-02-04 02:00:00,0.00198,0.009343,0.000575,0.001405,0.000365,0.000125,0.013394,0.122
2026-02-04 03:00:00,0.001731,0.007799,0.000527,0.001204,0.000386,0.000103,0.013457,0.128
2026-02-04 04:00:00,0.006075,0.033373,0.001047,0.005028,0.000384,0.000185,0.01318,0.138
2026-02-04 05:00:00,0.338211,1.07711,0.01656,0.321651,0.003421,0.001783,0.013536,0.74
2026-02-04 06:00:00,6.96817,3.56611,0.407714,6.56046,0.04229,0.037371,0.017489,17.746
2026-02-04 07:00:00,38.726,4.69748,2.13575,36.5903,0.148686,0.225543,0.029886,104.915
2026-02-04 08:00:00,61.6672,5.50011,3.4385,58.2287,0.222348,0.370654,0.039077,179.431
2026-02-04 09:00:00,16.4797,3.76593,1.04553,15.4342,0.09043,0.109744,0.025139,49.976
2026-02-04 10:00:00,11.9773,3.43976,0.910761,11.0665,0.077508,0.075238,0.023121,36.475
2026-02-04 11:00:00,11.9182,3.72677,0.905057,11.0132,0.073475,0.075976,0.023064,34.642
2026-02-04 12:00:00,12.1304,4.01935,2.03309,10.0973,0.097419,0.066713,0.022074,35.523
2026-02-04 13:00:00,13.5327,4.0835,0.878872,12.6538,0.076632,0.076143,0.022099,37.285
2026-02-04 14:00:00,10.8127,3.13411,0.839056,9.97362,0.069452,0.066878,0.022237,34.716
2026-02-04 15:00:00,14.0315,4.76614,0.893148,13.1384,0.073189,0.084104,0.022641,36.882
2026-02-04 16:00:00,15.4435,4.24504,1.18863,14.2548,0.088621,0.096157,0.024161,44.187
2026-02-04 17:00:00,32.1438,4.67751,2.46189,29.682,0.184768,0.230655,0.032759,111.331
2026-02-04 18:00:00,46.0164,5.83816,3.32845,42.6879,0.225813,0.288471,0.036482,137.929
2026-02-04 19:00:00,20.8782,5.49138,1.70161,19.1766,0.128187,0.140241,0.026807,65.314
2026-02-04 20:00:00,13.6548,5.0837,1.09533,12.5595,0.093544,0.09374,0.023536,43.932
2026-02-04 21:00:00,12.5287,5.43782,1.07823,11.4505,0.090072,0.087555,0.022801,42.647
2026-02-04 22:00:00,5.04809,4.31461,0.398195,4.64989,0.04115,0.035727,0.017788,16.778
2026-02-04 23:00:00,0.241652,1.98075,0.017273,0.224379,0.00457,0.001755,0.014161,1.095
2026-02-05 00:00:00,1.2493,36.7441,0.044201,1.2051,0.014185,0.006553,0.01455,4.495
2026-02-05 01:00:00,0.492306,3.51648,0.028708,0.463598,0.008074,0.005311,0.013987,2.492
2026-02-05 02:00:00,0.221583,1.65361,0.027122,0.194461,0.00687,0.002778,0.013831,2.046
2026-02-05 03:00:00,0.610706,3.5098,0.016264,0.594442,0.003145,0.006386,0.013702,0.807
2026-02-05 04:00:00,0.138862,0.723244,0.011712,0.12715,0.00247,0.001869,0.013331,0.429
2026-02-05 05:00:00,0.228878,0.63226,0.027502,0.201376,0.003896,0.001607,0.013678,1.087
2026-02-05 06:00:00,6.90956,3.39369,0.393438,6.51612,0.04081,0.038458,0.017486,16.639
2026-02-05 07:00:00,44.5301,5.14085,2.409,42.1211,0.163317,0.245724,0.03049,110.604
2026-02-05 08:00:00,62.9095,5.38793,3.41302,59.4965,0.226178,0.375744,0.038254,174.41
2026-02-05 09:00:00,19.2651,4.15555,1.13539,18.1298,0.092721,0.116116,0.024908,51.063
2026-02-05 10:00:00,11.1645,2.9059,0.701225,10.4632,0.074938,0.068763,0.022801,32.544
2026-02-05 11:00:00,9.33328,2.70687,0.761242,8.57204,0.060881,0.062171,0.022054,28.464
2026-02-05 12:00:00,10.8406,2.97167,0.813423,10.0272,0.072999,0.075509,0.022465,34.975
2026-02-05 13:00:00,11.1477,2.78276,0.820101,10.3276,0.071636,0.07159,0.022048,34.62
2026-02-05 14:00:00,11.1375,2.64548,1.21875,9.91873,0.076994,0.071724,0.02238,35.952
2026-02-05 15:00:00,10.8327,3.07049,0.810642,10.022,0.070057,0.076285,0.02256,32.872
2026-02-05 16:00:00,14.544,4.19378,1.25554,13.2885,0.093537,0.092158,0.023749,44.534
2026-02-05 17:00:00,40.4553,4.47118,2.77798,37.6773,0.185683,0.242727,0.033595,114.703
2026-02-05 18:00:00,45.0113,5.47849,3.49551,41.5158,0.232017,0.292209,0.03647,137.934
2026-02-05 19:00:00,19.0828,4.70948,1.80467,17.2782,0.126874,0.131995,0.026402,64.955
2026-02-05 20:00:00,14.5134,4.96354,1.36375,13.1496,0.093474,0.095835,0.023271,46.711
2026-02-05 21:00:00,11.5384,4.82373,0.881288,10.6571,0.079748,0.078097,0.021775,40.717
2026-02-05 22:00:00,4.88294,3.01416,0.367907,4.51503,0.036845,0.031506,0.017567,17.054
2026-02-05 23:00:00,0.016396,2.73277,0.000992,0.015404,0.000272,0.000115,0.013815,0.074
2026-02-06 00:00:00,2e-05,0.00503,8e-06,1.2e-05,5e-06,2e-06,0.013402,0.001
2026-02-06 01:00:00,0.012348,0.150585,0.008575,0.003773,0.001417,0.000306,0.013416,0.213
2026-02-06 02:00:00,0.000774,0.032284,0.000413,0.000361,0.000144,4.8e-05,0.013386,0.039
2026-02-06 03:00:00,0.000174,0.017439,9.3e-05,8.1e-05,2.9e-05,1.5e-05,0.01343,0.007
2026-02-06 04:00:00,0.000178,0.012736,0.000127,5.1e-05,3.1e-05,1e-05,0.013161,0.005
2026-02-06 05:00:00,0.34787,2.12116,0.025184,0.322686,0.003781,0.002157,0.013602,0.859
2026-02-06 06:00:00,5.27606,3.27705,0.316085,4.95997,0.033622,0.031161,0.016828,12.827
2026-02-06 07:00:00,42.2779,4.91261,2.4221,39.8558,0.171716,0.243079,0.030752,116.307
2026-02-06 08:00:00,57.4998,4.95432,3.24181,54.258,0.220792,0.346072,0.038822,169.856
2026-02-06 09:00:00,18.211,4.64566,1.08049,17.1305,0.091841,0.114427,0.025318,48.31
2026-02-06 10:00:00,11.1509,3.81618,0.668161,10.4827,0.065228,0.07458,0.022755,33.389
2026-02-06 11:00:00,10.6443,3.61315,1.55773,9.0866,0.074644,0.060912,0.022063,29.915
2026-02-06 12:00:00,11.7412,4.04032,0.831573,10.9096,0.074024,0.081239,0.022622,27.069
2026-02-06 13:00:00,14.7042,4.25467,0.923059,13.7811,0.07633,0.084127,0.022931,37.008
2026-02-06 14:00:00,11.0591,2.74146,0.791831,10.2672,0.074514,0.078623,0.023232,37.139
2026-02-06 15:00:00,14.2035,3.30315,0.874178,13.3294,0.079524,0.090426,0.023312,40.913
2026-02-06 16:00:00,19.1465,4.57832,1.47155,17.675,0.102234,0.113234,0.025156,52.435
2026-02-06 17:00:00,42.3689,4.23097,3.1912,39.1777,0.190887,0.264508,0.03543,129.409
2026-02-06 18:00:00,48.5854,4.76328,3.7243,44.8611,0.246571,0.310623,0.037972,148.643
2026-02-06 19:00:00,22.6087,4.53626,1.9388,20.6699,0.139291,0.147343,0.027332,70.044
2026-02-06 20:00:00,15.1063,4.37356,1.41017,13.6961,0.091349,0.09431,0.023461,45.961
2026-02-06 21:00:00,13.8742,4.49294,1.20559,12.6686,0.095,0.085816,0.023267,43.095
2026-02-06 22:00:00,6.6421,3.29469,0.56088,6.08122,0.049757,0.042805,0.018754,23.005
2026-02-06 23:00:00,1.0203,7.08539,0.049306,0.970991,0.007571,0.005396,0.014415,2.433
2026-02-07 00:00:00,0.644062,11.1045,0.031248,0.612814,0.005533,0.003219,0.01386,1.735
2026-02-07 01:00:00,0.387501,13.8393,0.019063,0.368438,0.004202,0.004417,0.013689,1.376
2026-02-07 02:00:00,0.327626,10.2383,0.01291,0.314716,0.00332,0.004184,0.013612,1.186
2026-02-07 03:00:00,0.009697,0.060603,0.001639,0.008058,0.00042,0.000205,0.01347,0.116
2026-02-07 04:00:00,0.000803,0.004896,0.000467,0.000336,0.000201,6.8e-05,0.013184,0.029
2026-02-07 05:00:00,0.236046,0.562013,0.019146,0.2169,0.005003,0.002609,0.013659,0.95
2026-02-07 06:00:00,4.86865,2.21504,0.305472,4.56318,0.03488,0.026155,0.01679,13.275
2026-02-07 07:00:00,19.4908,4.48477,1.04519,18.4456,0.083207,0.113239,0.02243,47.434
2026-02-07 08:00:00,27.3541,4.18771,1.76907,25.585,0.127385,0.177015,0.028188,78.293
2026-02-07 09:00:00,18.744,4.03271,1.28398,17.46,0.095603,0.116196,0.025438,52.141
2026-02-07 10:00:00,16.1167,4.00315,1.06864,15.0481,0.09161,0.103889,0.024766,47.352
2026-02-07 11:00:00,15.4009,3.69504,1.23973,14.1612,0.09461,0.095128,0.024246,43.955
2026-02-07 12:00:00,14.0254,3.39762,1.28235,12.743,0.101794,0.096294,0.024217,46.567
2026-02-07 13:00:00,14.3792,3.42035,1.2284,13.1508,0.10976,0.095012,0.023779,42.683
2026-02-07 14:00:00,15.551,4.24195,1.2294,14.3216,0.09367,0.094302,0.02467,42.439
2026-02-07 15:00:00,15.8526,3.82914,1.21699,14.6356,0.092267,0.098814,0.024319,44.912
2026-02-07 16:00:00,17.8355,4.57087,1.30556,16.53,0.099538,0.111356,0.024787,50.012
2026-02-07 17:00:00,24.3613,4.16433,1.8469,22.5144,0.129777,0.155176,0.027576,74.334
2026-02-07 18:00:00,28.0325,4.95799,2.10434,25.9281,0.14211,0.174964,0.028234,79.472
2026-02-07 19:00:00,14.456,4.42349,1.0942,13.3618,0.095205,0.09285,0.023407,45.899
2026-02-07 20:00:00,10.5028,3.85566,1.01554,9.48729,0.075092,0.066518,0.021695,34.186
2026-02-07 21:00:00,9.72507,4.04201,0.819629,8.90545,0.073771,0.072247,0.021864,36.926
2026-02-07 22:00:00,4.99205,3.55559,0.444673,4.54737,0.037418,0.036632,0.018044,16.351
2026-02-07 23:00:00,0.129418,5.39241,0.016488,0.11293,0.002843,0.000789,0.014021,0.749
2026-02-08 00:00:00,0.715045,51.0747,0.01961,0.695435,0.003961,0.002795,0.0138,1.3
2026-02-08 01:00:00,0.457328,7.37626,0.021047,0.436281,0.003997,0.004406,0.013599,1.172
2026-02-08 02:00:00,0.464234,6.82698,0.020105,0.444129,0.003452,0.00503,0.013578,1.138
2026-02-08 03:00:00,0.001003,0.005689,0.000419,0.000584,0.000259,9e-05,0.013387,0.06
2026-02-08 04:00:00,0.07404,0.462752,0.006001,0.068039,0.000942,0.000731,0.013164,0.228
2026-02-08 05:00:00,0.704463,2.81785,0.027469,0.676994,0.005404,0.003182,0.013628,1.409
2026-02-08 06:00:00,4.27975,2.60961,0.20226,4.07749,0.025112,0.023482,0.015898,9.924
2026-02-08 07:00:00,8.50426,3.62191,0.451234,8.05302,0.058096,0.062875,0.019512,27.26
2026-02-08 08:00:00,17.1261,3.91185,1.15953,15.9665,0.091562,0.107703,0.023578,44.809
2026-02-08 09:00:00,17.1462,3.32678,0.941453,16.2048,0.082242,0.097735,0.02411,44.5
2026-02-08 10:00:00,13.619,2.94402,0.962031,12.657,0.079686,0.082623,0.023752,41.889
2026-02-08 11:00:00,15.1652,3.2349,1.18639,13.9788,0.085562,0.091165,0.023947,41.928
2026-02-08 12:00:00,14.3113,3.26444,1.10922,13.2021,0.085918,0.08586,0.02327,40.174
2026-02-08 13:00:00,17.1057,3.5831,1.42725,15.6785,0.102567,0.110823,0.024485,47.936
2026-02-08 14:00:00,14.097,2.32778,1.0953,13.0017,0.086429,0.089711,0.023704,43.491
2026-02-08 15:00:00,15.6768,3.57753,1.70017,13.9766,0.103787,0.099365,0.023825,43.536
2026-02-08 16:00:00,18.4893,3.69491,1.33374,17.1556,0.102603,0.114888,0.024862,53.449
2026-02-08 17:00:00,20.6851,3.45327,1.65143,19.0336,0.125297,0.133758,0.02678,63.255
2026-02-08 18:00:00,22.2012,3.84104,1.61249,20.5887,0.134086,0.148945,0.027293,66.532
2026-02-08 19:00:00,14.3791,3.79797,1.2603,13.1188,0.098784,0.098837,0.02389,44.445
2026-02-08 20:00:00,11.822,4.22215,1.00001,10.822,0.082619,0.080775,0.022667,40.307
2026-02-08 21:00:00,11.3652,3.91095,1.07262,10.2926,0.088382,0.080069,0.022183,40.7
2026-02-08 22:00:00,5.50315,3.97627,0.927904,4.57525,0.058207,0.033649,0.018711,19.596
2026-02-08 23:00:00,0.131128,3.85674,0.010229,0.120899,0.007705,0.003731,0.014489,1.124
2026-02-09 00:00:00,0.413975,6.27236,0.020071,0.393904,0.005005,0.002623,0.013781,0.732
2026-02-09 01:00:00,0.439658,7.09126,0.025299,0.414359,0.002298,0.004102,0.013472,0.529
2026-02-09 02:00:00,1.02714,32.0982,0.043267,0.983874,0.005092,0.009885,0.01374,1.296
2026-02-09 03:00:00,0.948905,15.3049,0.033497,0.915408,0.004177,0.009222,0.013689,1.082
2026-02-09 04:00:00,0.212403,2.87032,0.016036,0.196367,0.00212,0.002897,0.013382,0.421
2026-02-09 05:00:00,0.282458,1.48662,0.015723,0.266735,0.004707,0.002302,0.013598,0.811
2026-02-09 06:00:00,7.19649,3.40743,0.402373,6.79412,0.040006,0.039115,0.017233,16.267
2026-02-09 07:00:00,39.6179,4.56217,2.30886,37.309,0.181953,0.281834,0.032345,102.901
2026-02-09 08:00:00,61.5131,5.24319,3.63673,57.8764,0.231111,0.366593,0.038042,170.684
2026-02-09 09:00:00,17.5277,4.02565,1.04573,16.482,0.088424,0.104811,0.024275,47.634
2026-02-09 10:00:00,11.2584,3.10661,0.860671,10.3977,0.069821,0.07331,0.022804,36.339
2026-02-09 11:00:00,9.87994,2.83743,0.732334,9.14761,0.070781,0.064735,0.022429,31.9
2026-02-09 12:00:00,10.7266,3.17167,0.84271,9.88389,0.069283,0.065892,0.021936,34.199
2026-02-09 13:00:00,8.34236,2.99654,0.694515,7.64785,0.071951,0.067991,0.021654,34.525
2026-02-09 14:00:00,10.8929,3.04101,0.786017,10.1069,0.068505,0.06808,0.022204,35.605
2026-02-09 15:00:00,12.8519,3.56008,0.967879,11.884,0.079125,0.079618,0.022758,40.141
2026-02-09 16:00:00,15.2043,4.23517,1.30141,13.9029,0.08775,0.09598,0.02347,44.461
2026-02-09 17:00:00,38.6252,4.53135,2.82264,35.8026,0.179283,0.244171,0.033636,115.218
2026-02-09 18:00:00,47.8434,5.2633,3.90264,43.9408,0.244781,0.305927,0.037102,143.32
2026-02-09 19:00:00,21.0706,5.43616,1.68751,19.383,0.132539,0.145403,0.027429,66.192
2026-02-09 20:00:00,12.2593,4.65777,1.1257,11.1336,0.092102,0.086983,0.02363,43.963
2026-02-09 21:00:00,10.5924,3.70882,0.893455,9.69894,0.080633,0.073142,0.021834,40.203
2026-02-09 22:00:00,6.17554,4.15581,0.810443,5.36509,0.058329,0.041514,0.018823,23.539
2026-02-09 23:00:00,0.356,5.93331,0.019652,0.336348,0.00363,0.001727,0.014116,1.233
2026-02-10 00:00:00,0.331378,9.74639,0.012237,0.319141,0.0022,0.001374,0.013637,0.668
2026-02-10 01:00:00,4.4e-05,0.001031,1.8e-05,2.6e-05,3.2e-05,1.3e-05,0.013304,0.005
2026-02-10 02:00:00,0.000156,0.004342,9.1e-05,6.5e-05,5.1e-05,2.4e-05,0.013318,0.007
2026-02-10 03:00:00,0.002042,0.042548,0.000487,0.001555,9e-05,8.1e-05,0.013379,0.026
2026-02-10 04:00:00,0.302925,3.78657,0.012756,0.290169,0.002326,0.003203,0.01331,0.667
2026-02-10 05:00:00,0.589006,1.74262,0.030739,0.558267,0.005629,0.003309,0.013709,1.536
2026-02-10 06:00:00,4.97397,2.69738,0.302659,4.67131,0.033109,0.02957,0.016521,13.357
2026-02-10 07:00:00,40.7815,5.10024,2.15476,38.6267,0.157636,0.235205,0.029358,100.629
2026-02-10 08:00:00,59.1671,5.61038,3.39419,55.7729,0.2219,0.354011,0.038121,160.761
2026-02-10 09:00:00,12.0197,3.81822,0.726055,11.2937,0.089212,0.112013,0.02509,47.577
2026-02-10 10:00:00,13.2325,3.83997,0.73687,12.4957,0.067383,0.078901,0.023184,36.208
2026-02-10 11:00:00,12.234,3.51955,0.913067,11.3209,0.076183,0.078008,0.023604,37.427
2026-02-10 12:00:00,11.477,3.40565,0.744204,10.7328,0.068816,0.074537,0.022383,35.595
2026-02-10 13:00:00,11.9195,3.39974,0.905237,11.0143,0.076153,0.083858,0.022189,35.637
2026-02-10 14:00:00,13.8665,4.21729,0.921296,12.9452,0.077171,0.083781,0.023095,39.592
2026-02-10 15:00:00,12.6934,3.92984,1.03937,11.654,0.081395,0.07696,0.022862,36.256
2026-02-10 16:00:00,19.575,5.2706,1.51776,18.0572,0.111422,0.120789,0.025318,52.784
2026-02-10 17:00:00,37.7406,5.2505,2.81902,34.9216,0.184365,0.234865,0.032322,107.983
2026-02-10 18:00:00,45.8754,5.98271,2.90583,42.9696,0.210804,0.289695,0.035332,127.727
2026-02-10 19:00:00,19.1543,5.01159,1.5294,17.6249,0.121538,0.12302,0.025399,57.571
2026-02-10 20:00:00,10.8482,4.74551,0.975792,9.87245,0.082212,0.074506,0.022258,33.438
2026-02-10 21:00:00,10.2395,3.90524,1.11256,9.12697,0.083953,0.069816,0.021407,33.116
2026-02-10 22:00:00,5.14182,5.17286,0.36985,4.77197,0.043262,0.039048,0.018004,15.652
2026-02-10 23:00:00,0.669315,5.97602,0.035405,0.63391,0.014045,0.008705,0.014841,3.27
2026-02-11 00:00:00,0.090528,0.491994,0.029837,0.060691,0.002714,0.00049,0.013546,0.397
2026-02-11 01:00:00,0.019406,0.080188,0.004473,0.014933,0.001891,0.001785,0.013454,0.155
2026-02-11 02:00:00,0.332434,2.13098,0.016752,0.315682,0.003344,0.004027,0.013557,0.774
2026-02-11 03:00:00,0.515973,4.44805,0.025812,0.490161,0.004733,0.005002,0.01362,1.114
2026-02-11 04:00:00,0.465118,8.94457,0.01937,0.445748,0.002944,0.004285,0.013262,0.801
2026-02-11 05:00:00,0.248026,0.677665,0.022567,0.225459,0.003616,0.002374,0.013548,0.938
2026-02-11 06:00:00,5.10154,2.53052,0.341559,4.75998,0.033957,0.028171,0.016684,13.299
2026-02-11 07:00:00,36.8581,4.72903,1.93716,34.9209,0.139221,0.22243,0.028363,94.13
2026-02-11 08:00:00,54.9663,5.27609,3.2271,51.7392,0.203403,0.337969,0.037112,147.965
2026-02-11 09:00:00,16.9562,3.60924,1.01025,15.946,0.091752,0.105149,0.024651,48.192
2026-02-11 10:00:00,10.6334,2.59732,0.834511,9.79891,0.071683,0.067899,0.022255,35.085
2026-02-11 11:00:00,11.6221,3.23017,0.898056,10.7241,0.074525,0.071418,0.022596,36.873
2026-02-11 12:00:00,12.9518,3.77383,1.01088,11.9409,0.082576,0.084063,0.022473,39.489
2026-02-11 13:00:00,12.3464,3.37334,0.95391,11.3925,0.077497,0.080142,0.021932,38.777
2026-02-11 14:00:00,13.2752,3.65911,1.11738,12.1579,0.079941,0.081876,0.022425,38.805
2026-02-11 15:00:00,12.4554,3.35725,0.929085,11.5263,0.087551,0.080514,0.022602,36.886
2026-02-11 16:00:00,13.1088,3.27721,0.942876,12.166,0.082746,0.088946,0.02301,41.962
2026-02-11 17:00:00,35.5141,4.27058,2.90727,32.6069,0.164054,0.217724,0.031324,102.922
2026-02-11 18:00:00,46.677,3.67709,3.6118,43.0652,0.245701,0.301893,0.037155,145.256
2026-02-11 19:00:00,19.4359,3.68244,1.96677,17.4691,0.128787,0.125912,0.026049,61.576
2026-02-11 20:00:00,15.5983,2.45952,2.88985,12.7084,0.160606,0.100904,0.025015,51.262
2026-02-11 21:00:00,11.1074,4.34901,1.00326,10.1041,0.08463,0.074439,0.02165,38.503
2026-02-11 22:00:00,7.38628,5.30624,0.65838,6.7279,0.055967,0.045912,0.018894,22.798
2026-02-11 23:00:00,1.37864,19.6948,0.034053,1.34458,0.009417,0.009009,0.014734,2.692
2026-02-12 00:00:00,0.136041,3.23906,0.003157,0.132884,0.001308,0.000951,0.013532,0.466
2026-02-12 01:00:00,0.001264,0.079071,0.000284,0.00098,0.000104,5.4e-05,0.013287,0.017
2026-02-12 02:00:00,1.4e-05,0,1.3e-05,1e-06,7e-06,7e-06,0.013237,0.001
2026-02-12 03:00:00,0.000299,0,0.000251,4.8e-05,2.9e-05,6e-06,0.013266,0.005
2026-02-12 04:00:00,4.4e-05,0,2.2e-05,2.2e-05,1.5e-05,8e-06,0.013046,0.003
2026-02-12 05:00:00,0.476581,3.1354,0.029319,0.447262,0.004265,0.003295,0.013555,0.92
2026-02-12 06:00:00,6.4043,3.49198,0.369482,6.03482,0.0396,0.036085,0.016926,14.503
2026-02-12 07:00:00,36.5965,5.15734,1.90741,34.6891,0.136693,0.210974,0.0278,89.354
2026-02-12 08:00:00,50.5517,5.67104,2.83574,47.7159,0.185581,0.3043,0.035219,133.534
2026-02-12 09:00:00,45.6962,5.42561,2.5933,43.1028,0.173426,0.275621,0.033641,121.11
2026-02-12 10:00:00,40.8406,5.18017,2.35086,38.4898,0.161272,0.246941,0.032063,108.686
2026-02-12 11:00:00,35.9851,4.93474,2.10842,33.8767,0.149118,0.218261,0.030484,96.262
2026-02-12 12:00:00,,,,,,,,
2026-02-12 13:00:00,,,,,,,,
2026-02-12 14:00:00,,,,,,,,
2026-02-12 15:00:00,16.563,3.95299,1.13866,15.4244,0.100501,0.103542,0.024171,46.566
2026-02-12 16:00:00,14.4408,3.71038,1.21483,13.226,0.093934,0.088379,0.023265,44.091
2026-02-12 17:00:00,34.1166,4.933,2.49763,31.619,0.164851,0.2073,0.030055,93.88
2026-02-12 18:00:00,38.3596,5.40733,2.58232,35.7773,0.190023,0.248294,0.032388,108.826
2026-02-12 19:00:00,17.3383,5.0756,1.14544,16.1928,0.097454,0.103281,0.024013,50.8
2026-02-12 20:00:00,10.1877,3.91532,0.891059,9.29659,0.09424,0.070709,0.021865,32.488
2026-02-12 21:00:00,10.1693,3.46367,0.887312,9.28202,0.072176,0.072445,0.021277,34.089
2026-02-12 22:00:00,7.6947,5.41118,1.39583,6.29888,0.078659,0.051338,0.01875,21.791
2026-02-12 23:00:00,1.33541,11.317,0.860681,0.474727,0.045925,0.006124,0.014952,4.328
2026-02-13 00:00:00,0.644756,1.74259,0.037288,0.607468,0.007523,0.00521,0.013937,1.246
2026-02-13 01:00:00,1.44328,3.68182,0.047994,1.39528,0.008075,0.016029,0.014154,2.636
2026-02-13 02:00:00,0.479935,2.7269,0.037721,0.442214,0.004625,0.00496,0.013478,1.183
2026-02-13 03:00:00,0.402127,33.5106,0.019138,0.382989,0.00239,0.004668,0.013543,1.456
2026-02-13 04:00:00,0.525891,23.9042,0.018483,0.507408,0.003432,0.005627,0.013258,1.223
2026-02-13 05:00:00,0.485056,1.66115,0.020886,0.46417,0.004127,0.002635,0.013442,1.009
2026-02-13 06:00:00,5.94898,3.0414,0.362536,5.58644,0.03815,0.035236,0.016799,15.733
2026-02-13 07:00:00,27.648,5.06189,1.56554,26.0825,0.114681,0.163713,0.024921,69.526
2026-02-13 08:00:00,41.675,5.91974,2.33669,39.3383,0.16577,0.247429,0.030813,106.043
2026-02-13 09:00:00,15.5964,4.01763,0.941386,14.655,0.07983,0.098676,0.023281,43.035
2026-02-13 10:00:00,12.1,3.39697,1.00129,11.0987,0.077704,0.072832,0.022216,34.612
2026-02-13 11:00:00,13.3586,4.00438,0.845655,12.513,0.071487,0.078182,0.022377,35.213
2026-02-13 12:00:00,11.8416,3.65255,1.20283,10.6387,0.08007,0.071284,0.02175,36.042
2026-02-13 13:00:00,10.5888,3.19902,0.858487,9.73028,0.072404,0.069993,0.021491,37.904
2026-02-13 14:00:00,14.7163,4.02965,1.21803,13.4983,0.089581,0.089836,0.022545,39.229
2026-02-13 15:00:00,12.1,3.57988,0.85604,11.244,0.074892,0.079039,0.021864,37.682
2026-02-13 16:00:00,13.7805,3.51006,1.13164,12.6489,0.082646,0.088385,0.022342,40.679
2026-02-13 17:00:00,28.2643,5.01139,2.09027,26.174,0.14514,0.172651,0.027926,78.539
2026-02-13 18:00:00,27.4693,5.36509,2.17669,25.2926,0.155102,0.179683,0.028153,80.104
2026-02-13 19:00:00,12.7876,4.45562,1.10068,11.6869,0.0823,0.086413,0.022396,41.314
2026-02-13 20:00:00,10.3671,5.27855,0.707446,9.65963,0.059091,0.058897,0.020039,27.308
2026-02-13 21:00:00,7.76443,3.71504,0.666085,7.09834,0.059721,0.053355,0.019586,27.38
2026-02-13 22:00:00,5.00859,4.8627,0.469689,4.5389,0.038199,0.030877,0.017011,14.346
2026-02-13 23:00:00,0.376064,3.54778,0.031734,0.34433,0.002739,0.001503,0.013662,0.627
2026-02-14 00:00:00,0.502516,13.2241,0.026547,0.475969,0.00433,0.002147,0.013492,1.225
2026-02-14 01:00:00,0.001242,0.006536,0.000476,0.000766,0.000218,8.7e-05,0.013121,0.053
2026-02-14 02:00:00,0.077045,0.550325,0.003294,0.073751,0.000689,0.000789,0.013085,0.186
2026-02-14 03:00:00,0.398317,66.386,0.008749,0.389568,0.001681,0.003768,0.013244,0.541
2026-02-14 04:00:00,0.333371,27.7809,0.011742,0.321629,0.002191,0.003431,0.013043,0.638
2026-02-14 05:00:00,0.648964,1.52339,0.033887,0.615077,0.00694,0.004246,0.013573,1.902
2026-02-14 06:00:00,4.6546,2.30426,0.294309,4.36029,0.035919,0.026898,0.016276,12.953
2026-02-14 07:00:00,18.2457,3.76978,1.00306,17.2427,0.083883,0.112088,0.02204,46.512
2026-02-14 08:00:00,25.0873,4.99348,1.50486,23.5824,0.115725,0.153211,0.026255,62.944
2026-02-14 09:00:00,13.1097,3.40689,0.822331,12.2874,0.075961,0.080489,0.022385,37.558
2026-02-14 10:00:00,13.4921,3.17311,1.06845,12.4236,0.079101,0.081065,0.022216,39.45
2026-02-14 11:00:00,12.5983,3.39027,0.817847,11.7804,0.075041,0.0856,0.022058,37.203
2026-02-14 12:00:00,11.0748,2.9345,0.856214,10.2186,0.07872,0.078643,0.022168,38.698
2026-02-14 13:00:00,11.9344,3.53299,0.906134,11.0283,0.076735,0.073784,0.021111,33.934
2026-02-14 14:00:00,12.8626,3.33574,0.973247,11.8894,0.080977,0.082565,0.021972,36.936
2026-02-14 15:00:00,13.1763,3.91687,1.33949,11.8369,0.092353,0.082204,0.021264,36.075
2026-02-14 16:00:00,13.9246,3.74719,1.04363,12.8809,0.082686,0.086035,0.021845,38.345
2026-02-14 17:00:00,16.6888,4.03112,1.3495,15.3393,0.10239,0.10686,0.023434,47.983
2026-02-14 18:00:00,14.9527,4.26731,1.14089,13.8118,0.093008,0.094765,0.022362,42.684
2026-02-14 19:00:00,8.28732,3.4646,0.780495,7.50683,0.062017,0.052633,0.019527,24.767
2026-02-14 20:00:00,5.33182,3.03289,0.42772,4.9041,0.043644,0.03494,0.017807,16.855
2026-02-14 21:00:00,5.19931,3.0299,0.416816,4.78249,0.043947,0.038099,0.018044,16.125
2026-02-14 22:00:00,3.34106,3.28844,0.309402,3.03166,0.026498,0.021162,0.015867,9.951
2026-02-14 23:00:00,0.514922,1.66104,0.074702,0.44022,0.007278,0.002632,0.013667,1.85
2026-02-15 00:00:00,0.422469,2.17768,0.038184,0.384285,0.003507,0.002822,0.013334,1.221
2026-02-15 01:00:00,4e-05,0.002544,1.9e-05,2.1e-05,3.2e-05,8e-06,0.012875,0.003
2026-02-15 02:00:00,0.001152,0.072003,2.8e-05,0.001124,2.2e-05,5.2e-05,0.012846,0.004
2026-02-15 03:00:00,6.7e-05,0.004286,4.8e-05,1.9e-05,1.7e-05,6e-06,0.012913,0.001
2026-02-15 04:00:00,3.6e-05,0.00234,1.7e-05,1.9e-05,3e-05,1.4e-05,0.012771,0.002
2026-02-15 05:00:00,0.207705,1.07064,0.022732,0.184973,0.002619,0.001252,0.013149,0.775
2026-02-15 06:00:00,4.87391,3.54725,0.464976,4.40894,0.031769,0.025014,0.015919,10.969
2026-02-15 07:00:00,7.90897,3.53395,0.45516,7.45381,0.043022,0.047131,0.017572,19.254
2026-02-15 08:00:00,9.2028,2.79042,0.749495,8.4533,0.062617,0.055244,0.020514,25.53
2026-02-15 09:00:00,8.88998,2.77638,0.640849,8.24913,0.057022,0.062073,0.021897,27.866
2026-02-15 10:00:00,10.5228,3.28837,0.685933,9.83685,0.059655,0.059595,0.021127,27.817
2026-02-15 11:00:00,6.67762,2.54482,0.522316,6.15531,0.056883,0.043135,0.019466,21.883
2026-02-15 12:00:00,6.9176,3.15872,0.764609,6.15299,0.05627,0.047499,0.018889,21.074
2026-02-15 13:00:00,7.41521,3.13672,0.497792,6.91742,0.051975,0.044334,0.018173,19.291
2026-02-15 14:00:00,10.0038,3.72444,0.501383,9.50245,0.051816,0.050918,0.018777,21.393
2026-02-15 15:00:00,9.05513,3.893,0.671201,8.38393,0.058955,0.056912,0.019672,25.082
2026-02-15 16:00:00,10.8429,4.72253,0.732741,10.1102,0.053961,0.050326,0.018837,22.705
2026-02-15 17:00:00,9.71591,3.61724,0.615799,9.10011,0.057921,0.067516,0.020116,28.712
2026-02-15 18:00:00,7.85982,4.12806,0.571655,7.28817,0.054603,0.051151,0.018097,23.835
2026-02-15 19:00:00,5.25431,3.12757,0.343414,4.9109,0.041169,0.032638,0.017107,17.593
2026-02-15 20:00:00,4.00489,3.48251,0.309929,3.69496,0.034424,0.024205,0.01619,12.649
2026-02-15 21:00:00,4.03605,3.44373,0.299324,3.73673,0.032039,0.025604,0.016172,14.464
2026-02-15 22:00:00,2.8613,4.60016,0.175972,2.68533,0.023955,0.017636,0.01504,8.112
2026-02-15 23:00:00,1.5738,4.68391,0.107167,1.46663,0.014166,0.007945,0.013833,4.321
2026-02-16 00:00:00,0.803514,3.40472,0.036858,0.766656,0.006468,0.003598,0.013191,2.057
2026-02-16 01:00:00,0.202858,1.69049,0.011166,0.191692,0.002267,0.002293,0.012814,0.679
2026-02-16 02:00:00,0.000637,0.00324,0.00035,0.000287,0.000271,8.8e-05,0.012675,0.078
2026-02-16 03:00:00,0.00058,0.002766,0.00019,0.00039,0.000248,8.1e-05,0.012734,0.072
2026-02-16 04:00:00,0.288986,4.24979,0.013549,0.275437,0.003209,0.003291,0.01283,1.108
2026-02-16 05:00:00,0.505352,1.58916,0.049631,0.455721,0.004863,0.002588,0.013005,1.262
2026-02-16 06:00:00,2.47519,1.92771,0.157393,2.31779,0.021234,0.01363,0.0146,5.992
2026-02-16 07:00:00,4.0112,2.37912,0.23036,3.78084,0.027459,0.024757,0.015621,10.544
2026-02-16 08:00:00,7.19171,4.31675,0.41961,6.7721,0.040741,0.040709,0.018202,16.65
2026-02-16 09:00:00,5.57986,2.43237,0.397124,5.18274,0.034868,0.032647,0.017145,13.977
2026-02-16 10:00:00,5.51941,2.87769,0.321429,5.19798,0.034744,0.030327,0.016994,13.104
2026-02-16 11:00:00,4.57587,2.51698,0.289163,4.28671,0.033158,0.026674,0.016918,13.416
2026-02-16 12:00:00,4.88889,3.75491,0.272773,4.61612,0.029,0.022818,0.016131,10.198
2026-02-16 13:00:00,3.86711,3.04977,0.302802,3.5643,0.028104,0.020682,0.016157,9.747
2026-02-16 14:00:00,4.71449,3.09756,0.297308,4.41718,0.029913,0.028939,0.016584,11.4
2026-02-16 15:00:00,3.90238,4.0148,0.218253,3.68413,0.026755,0.024093,0.015832,9.783
2026-02-16 16:00:00,4.28206,4.82214,0.207401,4.07466,0.021438,0.023934,0.015803,9.806
2026-02-16 17:00:00,4.0544,3.51334,0.40379,3.65061,0.035899,0.024355,0.01642,11.62
2026-02-16 18:00:00,4.63982,4.25671,0.364901,4.27492,0.042734,0.028544,0.016473,11.825
2026-02-16 19:00:00,3.93242,5.02868,0.262406,3.67002,0.028185,0.022866,0.015966,8.217
2026-02-16 20:00:00,3.90007,5.49306,0.278348,3.62173,0.031092,0.019193,0.016267,9.665
2026-02-16 21:00:00,3.30816,4.98217,0.277469,3.03069,0.029682,0.019191,0.015878,10.357
2026-02-16 22:00:00,1.37944,3.33197,0.109669,1.26977,0.015449,0.010099,0.014288,4.379
2026-02-16 23:00:00,0.95718,3.65336,0.057545,0.899635,0.009314,0.00457,0.013658,2.821
2026-02-17 00:00:00,0.458139,2.97493,0.026728,0.431411,0.009897,0.002893,0.013594,3.08
2026-02-17 01:00:00,0.036918,0.161919,0.013702,0.023216,0.00977,0.001333,0.013515,3.108
2026-02-17 02:00:00,0.299385,2.67307,0.024945,0.27444,0.010828,0.003984,0.013546,3.418
2026-02-17 03:00:00,1.2914,17.4514,0.054246,1.23716,0.008028,0.012803,0.013245,1.972
2026-02-17 04:00:00,0.388135,1.81372,0.019445,0.36869,0.00473,0.004532,0.012913,1.418
2026-02-17 05:00:00,0.523905,1.27161,0.028473,0.495432,0.00611,0.002583,0.013119,1.517
2026-02-17 06:00:00,2.37642,1.81406,0.155081,2.22134,0.023544,0.014114,0.014644,6.658
2026-02-17 07:00:00,3.44257,1.90407,0.275575,3.16699,0.029525,0.027598,0.01589,11.821
2026-02-17 08:00:00,5.42835,2.55572,0.295304,5.13304,0.036087,0.033488,0.016665,14.09
2026-02-17 09:00:00,6.14251,2.12691,0.419078,5.72343,0.050386,0.044628,0.018544,18.448
2026-02-17 10:00:00,7.91622,2.33104,0.53566,7.38056,0.049169,0.04561,0.018252,21.467
2026-02-17 11:00:00,6.84161,2.67878,0.534155,6.30745,0.048434,0.039295,0.017415,17.64
2026-02-17 12:00:00,4.50274,1.71077,0.347729,4.15501,0.037699,0.028005,0.016385,14.248
2026-02-17 13:00:00,4.81385,1.87018,0.360299,4.45355,0.039886,0.029866,0.016835,16.879
2026-02-17 14:00:00,6.41402,2.19208,0.626212,5.78781,0.052787,0.043399,0.017538,20.062
2026-02-17 15:00:00,5.11486,2.82277,0.359611,4.75525,0.046286,0.039896,0.017101,18.31
2026-02-17 16:00:00,6.61133,2.55461,0.705132,5.9062,0.050499,0.039122,0.017255,19.105
2026-02-17 17:00:00,7.17822,2.79526,0.496508,6.68171,0.044137,0.043108,0.017452,18.865
2026-02-17 18:00:00,6.40687,2.90693,0.508407,5.89846,0.047743,0.041456,0.0172,19.505
2026-02-17 19:00:00,4.36181,3.47278,0.337378,4.02443,0.03411,0.030068,0.016299,14.581
2026-02-17 20:00:00,3.32126,3.08095,0.269989,3.05127,0.028327,0.022536,0.015736,11.691
2026-02-17 21:00:00,2.74289,3.31267,0.219884,2.523,0.028393,0.0205,0.015495,10.251
2026-02-17 22:00:00,1.58198,2.69045,0.186242,1.39574,0.017104,0.010008,0.014275,5.563
2026-02-17 23:00:00,0.255386,1.1008,0.03326,0.222126,0.003203,0.001683,0.012988,0.585
2026-02-18 00:00:00,1.2e-05,0.002046,7e-06,5e-06,8e-06,3e-06,0.012618,0
2026-02-18 01:00:00,0.098694,1.82766,0.004795,0.093899,0.000704,0.001194,0.012635,0.261
2026-02-18 02:00:00,0.003608,0.180364,0.000186,0.003422,4e-06,9e-05,0.012589,0.045
2026-02-18 03:00:00,2.4e-05,0.003961,1.4e-05,1e-05,1.1e-05,5e-06,0.012632,0.001
2026-02-18 04:00:00,9e-06,0.002275,5e-06,4e-06,6e-06,1.1e-05,0.012523,0
2026-02-18 05:00:00,0.052302,0.637845,0.002851,0.049451,0.000477,0.000259,0.012652,0.098
2026-02-18 06:00:00,2.30893,2.13789,0.133768,2.17516,0.015196,0.014319,0.014224,5.055
2026-02-18 07:00:00,3.85259,2.35488,0.195935,3.65666,0.025481,0.02216,0.015428,10.4
2026-02-18 08:00:00,5.33527,2.46092,0.299496,5.03578,0.034723,0.032828,0.016669,14.577
2026-02-18 09:00:00,5.51417,2.2767,0.373098,5.14107,0.039076,0.035762,0.017029,17.207
2026-02-18 10:00:00,5.91907,1.8684,0.406162,5.51291,0.043844,0.039224,0.017583,19.318
2026-02-18 11:00:00,6.18588,2.53105,0.427483,5.7584,0.039712,0.034549,0.017033,17.245
2026-02-18 12:00:00,4.10254,1.67999,0.377989,3.72455,0.033125,0.024808,0.016191,14.353
2026-02-18 13:00:00,4.24391,2.01707,0.401017,3.8429,0.036658,0.028311,0.016071,13.24
2026-02-18 14:00:00,7.38859,2.40985,0.44088,6.94771,0.041343,0.04421,0.017152,17.897
2026-02-18 15:00:00,6.44606,2.52589,0.526888,5.91918,0.046914,0.0422,0.017521,19.314
2026-02-18 16:00:00,7.23567,2.62542,0.383263,6.85241,0.044002,0.044147,0.017604,19.561
2026-02-18 17:00:00,7.67432,2.69463,0.697937,6.97639,0.053616,0.048422,0.018174,22.185
2026-02-18 18:00:00,8.56974,3.70023,0.505513,8.06423,0.050949,0.052405,0.017787,22.708
2026-02-18 19:00:00,6.01455,3.26523,0.511495,5.50305,0.046975,0.0436,0.017805,19.944
2026-02-18 20:00:00,3.86866,2.81562,0.244983,3.62367,0.032985,0.026474,0.01628,14.153
2026-02-18 21:00:00,3.29244,2.42091,0.26925,3.02319,0.034273,0.022397,0.016495,14.266
2026-02-18 22:00:00,4.09039,7.10138,0.26423,3.82616,0.030084,0.024587,0.015769,11.761
2026-02-18 23:00:00,1.79786,5.54896,0.055996,1.74187,0.009244,0.007259,0.01353,2.633
2026-02-19 00:00:00,0.326388,14.8358,0.007601,0.318787,0.001688,0.001208,0.012764,0.488
2026-02-19 01:00:00,0.638557,18.7811,0.015008,0.623549,0.002169,0.005259,0.012799,0.606
2026-02-19 02:00:00,0.213817,1.87559,0.008599,0.205218,0.000187,0.0023,0.012734,0.407
2026-02-19 03:00:00,0.00062,0.005002,0.000293,0.000327,0.000127,5.3e-05,0.012699,0.024
2026-02-19 04:00:00,0.252286,5.73377,0.024376,0.22791,0.00171,0.002614,0.012747,0.746
2026-02-19 05:00:00,0.434533,1.29326,0.030076,0.404457,0.004326,0.003013,0.013059,1.316
2026-02-19 06:00:00,3.71008,2.78535,0.185608,3.52447,0.025177,0.019841,0.014906,8.664
2026-02-19 07:00:00,6.95845,3.23348,0.409533,6.54892,0.04167,0.039024,0.016568,17.184
2026-02-19 08:00:00,6.28028,2.68617,0.36584,5.91444,0.039808,0.041051,0.017081,18.192
2026-02-19 09:00:00,7.81044,2.33147,0.547457,7.26298,0.053426,0.047116,0.018532,24.193
2026-02-19 10:00:00,7.90848,1.89834,0.605816,7.30266,0.056736,0.053384,0.018647,18.167
2026-02-19 11:00:00,7.37586,2.45698,0.646809,6.72905,0.057264,0.042125,0.017923,21.866
2026-02-19 12:00:00,6.47379,2.72925,0.396876,6.07691,0.03572,0.036484,0.016698,16.735
2026-02-19 13:00:00,5.29519,2.01798,0.472157,4.82303,0.045685,0.033867,0.017668,18.041
2026-02-19 14:00:00,9.09658,3.51491,0.61273,8.48385,0.055723,0.04962,0.018274,22.203
2026-02-19 15:00:00,6.43737,2.32228,0.564612,5.87276,0.048425,0.041295,0.017683,21.725
2026-02-19 16:00:00,7.83197,3.28522,0.597324,7.23464,0.051635,0.046584,0.017575,21.402
2026-02-19 17:00:00,8.51819,3.13861,0.696988,7.8212,0.056945,0.05518,0.018645,24.714
2026-02-19 18:00:00,7.50445,3.51332,0.499076,7.00538,0.051314,0.047072,0.017882,22.026
2026-02-19 19:00:00,6.37089,3.1696,0.465264,5.90563,0.04533,0.042633,0.017488,14.397
2026-02-19 20:00:00,4.54986,2.95062,0.378215,4.17164,0.033256,0.025189,0.016275,13.135
2026-02-19 21:00:00,4.89912,3.5604,0.337194,4.56192,0.037575,0.033778,0.016556,15.13
2026-02-19 22:00:00,4.66526,7.96119,0.220415,4.44484,0.021989,0.01992,0.014937,8.411
2026-02-19 23:00:00,0.541889,2.27685,0.053346,0.488543,0.007135,0.003456,0.013518,2.643
2026-02-20 00:00:00,0.412662,20.6331,0.022631,0.390031,0.002819,0.001534,0.012912,0.645
2026-02-20 01:00:00,0.002198,0.045788,0.00084,0.001358,0.000168,5.4e-05,0.012774,0.056
2026-02-20 02:00:00,0.000143,0.003774,6e-05,8.3e-05,4.6e-05,2e-05,0.012735,0.011
2026-02-20 03:00:00,4.2e-05,0.001147,1.9e-05,2.3e-05,3.8e-05,1.1e-05,0.012842,0.004
2026-02-20 04:00:00,0.229665,4.78469,0.010775,0.21889,0.00185,0.002302,0.012828,0.501
2026-02-20 05:00:00,0.809669,4.70738,0.027509,0.78216,0.00668,0.004591,0.013266,1.502
2026-02-20 06:00:00,3.07089,2.81217,0.156567,2.91433,0.023783,0.020859,0.014899,7.396
2026-02-20 07:00:00,5.55203,3.01741,0.278864,5.27316,0.0346,0.033476,0.016448,13.647
2026-02-20 08:00:00,5.56858,2.71638,0.323159,5.24542,0.036356,0.034707,0.017914,14.959
2026-02-20 09:00:00,7.31567,2.50023,0.530827,6.78485,0.051045,0.048307,0.018504,20.308
2026-02-20 10:00:00,7.93285,2.10197,0.567512,7.36534,0.05795,0.055543,0.019722,26.38
2026-02-20 11:00:00,7.185,2.31924,0.699777,6.48522,0.053728,0.045046,0.01881,23.323
2026-02-20 12:00:00,6.82193,3.01855,0.501247,6.32068,0.042502,0.040508,0.017606,17.899
2026-02-20 13:00:00,8.55453,2.75065,0.645805,7.90873,0.053043,0.053287,0.018257,23.742
2026-02-20 14:00:00,7.16301,2.02345,0.584647,6.57837,0.051375,0.047142,0.018061,21.687
2026-02-20 15:00:00,8.46764,2.96694,0.846116,7.62153,0.061021,0.052721,0.018476,24.17
2026-02-20 16:00:00,9.42912,3.03773,0.916643,8.51247,0.065234,0.056735,0.018828,26.878
2026-02-20 17:00:00,9.30783,2.55991,0.787922,8.5199,0.063146,0.061464,0.019338,27.761
2026-02-20 18:00:00,9.81097,3.63369,0.819388,8.99159,0.064085,0.064427,0.019137,28.344
2026-02-20 19:00:00,7.95217,3.37528,1.00691,6.94526,0.071018,0.051089,0.018993,27.02
2026-02-20 20:00:00,5.66427,3.04859,0.562974,5.1013,0.047019,0.035742,0.017431,18.443
2026-02-20 21:00:00,5.39522,3.25405,0.411869,4.98335,0.042053,0.036087,0.01731,18.356
2026-02-20 22:00:00,3.60855,3.19907,0.32369,3.28486,0.032245,0.026613,0.016125,12.38
2026-02-20 23:00:00,1.38091,3.33553,0.081144,1.29977,0.009255,0.00688,0.013937,2.887
2026-02-21 00:00:00,0.109705,7.8361,0.01288,0.096825,0.009179,0.001421,0.013695,3.039
2026-02-21 01:00:00,0.121716,8.69393,0.013567,0.108149,0.00949,0.002083,0.013651,3.216
2026-02-21 02:00:00,0.155056,15.5056,0.062932,0.092124,0.001539,0.001011,0.012924,0.215
2026-02-21 03:00:00,0.171212,3.89119,0.007154,0.164058,0.00087,0.001611,0.012984,0.194
2026-02-21 04:00:00,0.040247,0.447186,0.001484,0.038763,0.000353,0.000417,0.012845,0.073
2026-02-21 05:00:00,0.205362,1.20801,0.010382,0.19498,0.00316,0.00224,0.013102,0.408
2026-02-21 06:00:00,1.9102,2.22116,0.205007,1.70519,0.022358,0.014919,0.014602,5.394
2026-02-21 07:00:00,6.38117,3.74482,0.364769,6.0164,0.035542,0.035438,0.016788,15.555
2026-02-21 08:00:00,6.82614,3.50418,0.410248,6.41589,0.038432,0.040869,0.017403,17.621
2026-02-21 09:00:00,7.5127,2.4926,0.474143,7.03856,0.048365,0.049295,0.019501,22.494
2026-02-21 10:00:00,8.97582,2.59417,0.629436,8.34639,0.056459,0.058209,0.019759,25.869
2026-02-21 11:00:00,9.05278,3.00557,0.641799,8.41098,0.058296,0.057891,0.019472,26.097
2026-02-21 12:00:00,8.35344,2.82402,0.698735,7.6547,0.057748,0.047064,0.018617,25.264
2026-02-21 13:00:00,7.98681,2.53068,0.607872,7.37894,0.053002,0.049608,0.018495,24.897
2026-02-21 14:00:00,9.65852,2.80771,0.804224,8.8543,0.065129,0.064198,0.01935,29.353
2026-02-21 15:00:00,8.82841,2.24641,0.868771,7.95964,0.063318,0.054302,0.019287,27.096
2026-02-21 16:00:00,10.9247,3.32259,0.910857,10.0138,0.069741,0.066351,0.01971,30.382
2026-02-21 17:00:00,12.5033,3.05704,1.10934,11.394,0.082675,0.077461,0.020866,36.954
2026-02-21 18:00:00,12.296,3.35773,1.16807,11.1279,0.082074,0.076852,0.020634,35.093
2026-02-21 19:00:00,9.21525,3.42574,1.19937,8.01588,0.064074,0.058812,0.019873,27.936
2026-02-21 20:00:00,7.12716,3.038,0.748548,6.37861,0.05969,0.04734,0.018723,24.064
2026-02-21 21:00:00,6.50418,3.10314,0.551162,5.95302,0.048168,0.04269,0.018267,22.913
2026-02-21 22:00:00,4.25862,3.58469,0.370863,3.88775,0.03195,0.029144,0.016805,13.586
2026-02-21 23:00:00,1.08949,1.91812,0.095303,0.99419,0.013007,0.017385,0.014574,4.485
2026-02-22 00:00:00,0.419283,7.48718,0.01626,0.403023,0.003329,0.00204,0.01342,1.209
2026-02-22 01:00:00,0.116106,0.405968,0.005271,0.110835,0.000768,0.001377,0.013299,0.301
2026-02-22 02:00:00,0.003466,0.012653,0.000874,0.002592,0.000422,0.000146,0.013096,0.115
2026-02-22 03:00:00,0.475489,47.5489,0.02105,0.454439,0.00424,0.005222,0.013405,1.365
2026-02-22 04:00:00,0.573803,57.3802,0.014389,0.559414,0.003431,0.005995,0.013239,1.316
2026-02-22 05:00:00,0.170194,0.691842,0.010879,0.159315,0.002685,0.001783,0.013277,0.612
2026-02-22 06:00:00,2.57404,2.29007,0.147087,2.42695,0.019032,0.01388,0.014828,6.516
2026-02-22 07:00:00,5.72991,2.79781,0.338834,5.39108,0.037064,0.035221,0.017069,15.648
2026-02-22 08:00:00,6.9875,2.79054,0.436023,6.55148,0.046593,0.04676,0.018352,19.839
2026-02-22 09:00:00,7.95977,2.68548,0.572933,7.38684,0.052743,0.05078,0.019169,23.065
2026-02-22 10:00:00,10.7687,2.67746,1.30583,9.46292,0.0786,0.066182,0.020644,31.62
2026-02-22 11:00:00,10.0258,2.84662,0.766439,9.25937,0.067652,0.065599,0.020612,32.91
2026-02-22 12:00:00,8.50268,2.88226,0.662107,7.84057,0.059662,0.056227,0.019309,25.21
2026-02-22 13:00:00,10.8802,3.29105,0.692196,10.188,0.06333,0.06719,0.019804,29.356
2026-02-22 14:00:00,10.803,3.2896,0.853195,9.94985,0.0681,0.071924,0.020482,30.64
2026-02-22 15:00:00,11.7281,3.25781,1.25428,10.4739,0.089973,0.077024,0.021668,36.602
2026-02-22 16:00:00,12.5139,3.02853,0.832012,11.6819,0.070646,0.079637,0.021114,26.891
2026-02-22 17:00:00,13.5887,3.5277,0.986804,12.6019,0.082535,0.08881,0.022066,38.825
2026-02-22 18:00:00,15.4004,4.23553,1.20618,14.1942,0.093284,0.094998,0.022485,43.886
2026-02-22 19:00:00,10.2113,3.3392,0.959442,9.25183,0.080579,0.072771,0.021565,36.097
2026-02-22 20:00:00,11.3841,4.43999,1.18625,10.1979,0.077991,0.06345,0.020859,29.934
2026-02-22 21:00:00,7.95475,2.88844,0.77594,7.17881,0.073047,0.056611,0.020248,28.2
2026-02-22 22:00:00,6.59145,4.44767,0.55994,6.03151,0.048074,0.043945,0.018395,21.37
2026-02-22 23:00:00,2.28886,2.95719,0.187022,2.10184,0.019675,0.015957,0.015577,7.799
2026-02-23 00:00:00,1.01262,2.54427,0.060679,0.95194,0.006487,0.005837,0.014199,2.542
2026-02-23 01:00:00,0.603334,33.5186,0.015622,0.587712,0.003359,0.007574,0.013742,1.166
2026-02-23 02:00:00,0.000249,0.005185,7.2e-05,0.000177,5.8e-05,2.4e-05,0.01339,0.011
2026-02-23 03:00:00,9.5e-05,0.002145,3.6e-05,5.9e-05,4.5e-05,1.9e-05,0.01345,0.01
2026-02-23 04:00:00,0.330013,4.71447,0.007943,0.32207,0.001263,0.003177,0.013343,0.35
2026-02-23 05:00:00,0.513466,1.45047,0.030251,0.483215,0.005566,0.002622,0.01381,2.036
2026-02-23 06:00:00,2.98834,2.11041,0.189767,2.79858,0.026066,0.019989,0.015826,8.857
2026-02-23 07:00:00,8.34726,2.9897,0.461754,7.8855,0.045497,0.053299,0.018744,23.321
2026-02-23 08:00:00,11.0605,3.44564,0.607116,10.4534,0.059749,0.068438,0.021788,30.007
2026-02-23 09:00:00,10.5589,2.71576,0.712126,9.84676,0.062515,0.064741,0.020868,30.424
2026-02-23 10:00:00,9.66767,2.70349,0.663182,9.00449,0.062776,0.063042,0.021453,31.36
2026-02-23 11:00:00,11.9085,2.91733,1.20791,10.7006,0.077096,0.072904,0.02228,34.648
2026-02-23 12:00:00,12.2664,3.29387,0.962459,11.3039,0.077183,0.08065,0.022385,37.877
2026-02-23 13:00:00,11.0855,2.76171,0.829903,10.2556,0.07139,0.073229,0.021382,35.205
2026-02-23 14:00:00,12.8012,3.1499,1.27011,11.5311,0.082368,0.08244,0.022378,43.789
2026-02-23 15:00:00,12.4036,2.88188,1.01688,11.3867,0.083613,0.082593,0.022424,38.636
2026-02-23 16:00:00,13.7101,3.19733,1.48172,12.2284,0.098617,0.089155,0.022938,41.523
2026-02-23 17:00:00,17.7968,3.80924,1.73012,16.0666,0.116003,0.107197,0.02415,50.962
2026-02-23 18:00:00,16.2931,4.08349,1.21524,15.0779,0.110635,0.11243,0.024668,52.273
2026-02-23 19:00:00,12.2349,3.78086,1.6831,10.5518,0.102043,0.079629,0.022595,41.278
2026-02-23 20:00:00,11.1199,4.24102,0.938336,10.1816,0.077472,0.076206,0.021854,37.284
2026-02-23 21:00:00,10.7587,5.13788,0.934346,9.82438,0.063215,0.068507,0.020672,29.945
2026-02-23 22:00:00,7.16474,5.14709,0.649855,6.51489,0.053055,0.049348,0.018731,22.211
2026-02-23 23:00:00,2.48135,3.39912,0.173674,2.30768,0.022277,0.017832,0.015988,8.417
2026-02-24 00:00:00,1.41595,4.3434,0.086899,1.32905,0.009335,0.008027,0.014642,3.11
2026-02-24 01:00:00,0.370195,8.04773,0.016764,0.353431,0.002073,0.003826,0.013856,0.549
2026-02-24 02:00:00,0.457891,45.7891,0.016293,0.441598,0.002159,0.004897,0.013904,0.68
2026-02-24 03:00:00,0.000965,0.021949,0.00047,0.000495,0.000127,6.5e-05,0.013749,0.04
2026-02-24 04:00:00,1.3e-05,0.001689,6e-06,7e-06,6e-06,6e-06,0.013517,0.001
2026-02-24 05:00:00,0.627518,4.02255,0.046069,0.581449,0.006601,0.004955,0.014111,1.825
2026-02-24 06:00:00,6.34275,3.15874,0.415571,5.92718,0.040299,0.0354,0.017444,15.423
2026-02-24 07:00:00,37.0583,4.06876,2.09298,34.9653,0.147086,0.222226,0.029321,99.006
2026-02-24 08:00:00,51.798,4.92377,3.11916,48.6789,0.20031,0.315749,0.035534,144.903
2026-02-24 09:00:00,12.5867,3.05949,0.970163,11.6166,0.081399,0.082236,0.022848,41.639
2026-02-24 10:00:00,9.97309,2.38249,0.89898,9.07411,0.072802,0.068366,0.022218,34.065
2026-02-24 11:00:00,11.3568,3.15116,0.872865,10.4839,0.07849,0.074001,0.02311,35.176
2026-02-24 12:00:00,12.2571,3.98216,1.05572,11.2014,0.078141,0.079984,0.022203,35.767
2026-02-24 13:00:00,13.3308,3.20914,1.08537,12.2454,0.083837,0.084514,0.022587,43.152
2026-02-24 14:00:00,11.2699,2.90611,0.868073,10.4018,0.069709,0.075774,0.02218,34.693
2026-02-24 15:00:00,9.62673,2.59341,0.696489,8.93024,0.076949,0.068779,0.02185,30.797
2026-02-24 16:00:00,14.6048,3.29234,1.45312,13.1517,0.099819,0.091032,0.023412,44.493
2026-02-24 17:00:00,37.9383,4.28488,2.94171,34.9966,0.188918,0.245185,0.033031,115.785
2026-02-24 18:00:00,45.7459,5.44076,3.20159,42.5443,0.220769,0.297562,0.036331,132.461
2026-02-24 19:00:00,19.5349,4.90087,1.46056,18.0743,0.115934,0.127561,0.025755,41.238
2026-02-24 20:00:00,12.5962,5.51013,1.32467,11.2715,0.094881,0.081285,0.022397,39.432
2026-02-24 21:00:00,10.8689,3.89567,0.880503,9.98842,0.079679,0.074265,0.021546,36.722
2026-02-24 22:00:00,4.66345,3.3358,0.761796,3.90166,0.050509,0.031689,0.018122,16.704
2026-02-24 23:00:00,0.475082,7.19819,0.111943,0.363139,0.008249,0.002602,0.014554,2.283
2026-02-25 00:00:00,0.076621,0.191554,0.00525,0.071371,0.001608,0.000511,0.013923,0.521
2026-02-25 01:00:00,0.070686,0.186018,0.008619,0.062067,0.002263,0.001116,0.013873,0.69
2026-02-25 02:00:00,0.446892,2.48273,0.020165,0.426727,0.003961,0.005309,0.013973,1.22
2026-02-25 03:00:00,0.43173,10.2793,0.018081,0.413649,0.003832,0.005016,0.013968,1.313
2026-02-25 04:00:00,0.028699,0.247404,0.000954,0.027745,0.0002,0.000802,0.013468,0.045
2026-02-25 05:00:00,0.233357,0.747936,0.017569,0.215788,0.003508,0.001692,0.013778,0.673
2026-02-25 06:00:00,5.5955,2.76731,0.344276,5.25123,0.035691,0.032752,0.017044,14.268
2026-02-25 07:00:00,44.1384,5.34751,2.26719,41.8712,0.15271,0.232761,0.029725,103.963
2026-02-25 08:00:00,54.6012,4.82257,3.00956,51.5916,0.201882,0.337777,0.037583,156.172
2026-02-25 09:00:00,14.3438,3.61852,1.02189,13.3219,0.091016,0.095489,0.024219,45.247
2026-02-25 10:00:00,11.4368,3.01446,1.08556,10.3513,0.081467,0.076138,0.023214,37.61
2026-02-25 11:00:00,10.4027,3.20279,0.878907,9.52375,0.081575,0.068111,0.022616,36.6
2026-02-25 12:00:00,11.3279,3.32781,0.80778,10.5201,0.071312,0.075792,0.022427,37.339
2026-02-25 13:00:00,9.58646,2.36586,0.91135,8.67511,0.070991,0.063039,0.021272,32.043
2026-02-25 14:00:00,12.1085,3.26024,0.987658,11.1209,0.081002,0.087882,0.022738,40.06
2026-02-25 15:00:00,10.2763,3.48586,1.31717,8.95915,0.083101,0.069855,0.021825,32.388
2026-02-25 16:00:00,13.0258,3.88597,0.965649,12.0601,0.084724,0.089838,0.023367,42.616
2026-02-25 17:00:00,40.0674,4.98475,2.82328,37.2441,0.179434,0.25539,0.033022,113.687
2026-02-25 18:00:00,46.5196,5.64421,3.53817,42.9814,0.241316,0.305675,0.036962,142.327
2026-02-25 19:00:00,19.1948,5.38272,1.47423,17.7206,0.114365,0.131248,0.025947,60.518
2026-02-25 20:00:00,12.7086,5.14936,0.992973,11.7157,0.085494,0.089467,0.023658,41.642
2026-02-25 21:00:00,10.0041,3.62995,0.841001,9.16313,0.074356,0.069287,0.021331,34.368
2026-02-25 22:00:00,4.55626,3.80322,0.43171,4.12455,0.037538,0.029613,0.017996,15.827
2026-02-25 23:00:00,0.448468,9.34309,0.020317,0.428151,0.003491,0.00223,0.014319,0.873
2026-02-26 00:00:00,0.124302,0.941682,0.007323,0.116979,0.001162,0.000548,0.013791,0.281
2026-02-26 01:00:00,0.003482,0.016901,0.001161,0.002321,0.000419,0.000125,0.013636,0.104
2026-02-26 02:00:00,0.000336,0.008352,0.000148,0.000188,5.1e-05,2.3e-05,0.013608,0.013
2026-02-26 03:00:00,0.001326,0.025489,0.000432,0.000894,6.1e-05,3.9e-05,0.013665,0.014
2026-02-26 04:00:00,0.133881,2.0919,0.003621,0.13026,0.000702,0.001205,0.013482,0.184
2026-02-26 05:00:00,0.341898,1.23876,0.016258,0.32564,0.004155,0.002512,0.013944,1.191
2026-02-26 06:00:00,5.23178,2.98959,0.272941,4.95884,0.033248,0.02763,0.016782,12.135
2026-02-26 07:00:00,37.2513,4.27586,2.58635,34.6649,0.159021,0.225696,0.029808,101.891
2026-02-26 08:00:00,54.0781,4.81979,3.15713,50.921,0.210572,0.340476,0.036966,158.174
2026-02-26 09:00:00,15.0347,3.78326,0.939945,14.0947,0.083451,0.095978,0.02369,43.808
2026-02-26 10:00:00,10.2979,2.97282,0.772427,9.52543,0.068762,0.065675,0.021868,32.482
2026-02-26 11:00:00,8.71866,3.14073,0.670822,8.04783,0.061095,0.055456,0.021298,28.194
2026-02-26 12:00:00,10.754,3.55153,0.778289,9.97575,0.072335,0.072593,0.02192,33.34
2026-02-26 13:00:00,10.7207,2.72375,0.795297,9.92537,0.076455,0.073383,0.021875,38.021
2026-02-26 14:00:00,14.4013,3.9937,0.936653,13.4646,0.075233,0.079876,0.022197,36.776
2026-02-26 15:00:00,10.2327,2.76857,0.813531,9.41912,0.074708,0.07485,0.022366,35.431
2026-02-26 16:00:00,13.4052,3.53885,0.941524,12.4637,0.084042,0.087617,0.023318,42.362
2026-02-26 17:00:00,41.3156,5.11205,2.95892,38.3567,0.187153,0.256872,0.033509,120.892
2026-02-26 18:00:00,47.8178,5.76674,3.16409,44.6537,0.235741,0.315904,0.037801,144.75
2026-02-26 19:00:00,16.3793,4.61909,1.44923,14.93,0.126346,0.119305,0.025668,57.945
2026-02-26 20:00:00,9.5708,3.58188,0.882475,8.68832,0.074271,0.080054,0.022072,35.111
2026-02-26 21:00:00,9.99404,4.09928,0.878506,9.11553,0.071461,0.064517,0.021137,32.937
2026-02-26 22:00:00,4.91357,3.60762,0.536423,4.37715,0.046922,0.032205,0.01792,17.372
2026-02-26 23:00:00,1.21945,4.80099,0.058813,1.16064,0.009462,0.007665,0.014742,3.342
2026-02-27 00:00:00,0.381197,1.10813,0.037049,0.344148,0.004659,0.002388,0.014046,1.376
2026-02-27 01:00:00,0.013884,0.06254,0.002207,0.011677,0.000776,0.000481,0.013784,0.194
2026-02-27 02:00:00,0.892956,8.75446,0.035818,0.857138,0.005801,0.009286,0.014106,2.048
2026-02-27 03:00:00,0.044585,0.098207,0.008121,0.036464,0.001057,0.000594,0.013764,0.248
2026-02-27 04:00:00,0.003161,0.006127,0.001144,0.002017,0.000657,0.000246,0.013574,0.146
2026-02-27 05:00:00,0.13183,0.227295,0.011789,0.120041,0.002267,0.001369,0.013741,0.525
2026-02-27 06:00:00,5.65267,2.29784,0.369997,5.28268,0.036741,0.034286,0.017076,14.344
2026-02-27 07:00:00,40.0953,4.46894,2.45981,37.6355,0.156905,0.230972,0.029739,104.318
2026-02-27 08:00:00,58.1328,5.39766,3.36195,54.7709,0.221127,0.352666,0.037398,159.78
2026-02-27 09:00:00,15.2261,3.53601,0.950984,14.2751,0.082589,0.100236,0.023739,47.004
2026-02-27 10:00:00,13.5501,3.29526,0.962541,12.5876,0.083995,0.083034,0.023481,40.691
2026-02-27 11:00:00,11.9017,3.18567,0.815889,11.0858,0.086059,0.080496,0.022982,38.262
2026-02-27 12:00:00,11.8563,3.3323,1.02872,10.8276,0.080145,0.0779,0.022862,37.907
2026-02-27 13:00:00,11.7118,3.14663,1.01461,10.6971,0.08435,0.075448,0.02292,38.828
2026-02-27 14:00:00,11.0573,2.87352,0.877143,10.1801,0.080309,0.075449,0.022478,37.06
2026-02-27 15:00:00,12.6546,3.84404,1.01787,11.6367,0.080848,0.079605,0.022466,39.533
2026-02-27 16:00:00,16.1909,3.92983,1.52188,14.669,0.108654,0.10203,0.024301,50.546
2026-02-27 17:00:00,39.8605,4.38028,3.12865,36.7319,0.202051,0.255312,0.033871,123.151
2026-02-27 18:00:00,48.1339,5.3494,3.69314,44.4407,0.250061,0.311269,0.037792,148.91
2026-02-27 19:00:00,18.7242,4.62326,1.69371,17.0305,0.124933,0.128823,0.02659,66.216
2026-02-27 20:00:00,11.7145,4.40064,1.14563,10.5689,0.100368,0.088759,0.022988,41.193
2026-02-27 21:00:00,11.3129,4.92293,0.978476,10.3344,0.085699,0.075322,0.022039,40.125
2026-02-27 22:00:00,5.81169,4.75589,0.530341,5.28135,0.045046,0.041261,0.018504,19.224
2026-02-27 23:00:00,1.33888,8.16387,0.046231,1.29264,0.008837,0.008269,0.01482,2.88
2026-02-28 00:00:00,0.252811,0.698375,0.006103,0.246708,0.001463,0.001145,0.013904,0.42
2026-02-28 01:00:00,0.505914,1.78138,0.020995,0.484919,0.003587,0.005813,0.014172,0.909
2026-02-28 02:00:00,0.649021,19.0889,0.020026,0.628995,0.003779,0.007024,0.013899,1.474
2026-02-28 03:00:00,0.001081,0.006594,0.000174,0.000907,0.000168,7.5e-05,0.013659,0.035
2026-02-28 04:00:00,0.092635,0.812595,0.004249,0.088386,0.000787,0.001062,0.013452,0.209
2026-02-28 05:00:00,0.363707,1.45483,0.032546,0.331161,0.003546,0.001681,0.013771,1.04
2026-02-28 06:00:00,6.22087,3.21326,0.324385,5.89649,0.036572,0.038046,0.017175,14.435
2026-02-28 07:00:00,35.18,4.45542,1.98342,33.1966,0.139495,0.215067,0.02882,94.6
2026-02-28 08:00:00,56.9609,5.15297,3.58397,53.3769,0.219639,0.346799,0.037108,162.598
2026-02-28 09:00:00,16.6491,4.09873,1.09346,15.5556,0.090154,0.112595,0.024596,49.395
2026-02-28 10:00:00,9.89339,2.68259,0.750512,9.14288,0.06585,0.066046,0.022285,34.272
2026-02-28 11:00:00,9.40917,2.61076,0.749789,8.65939,0.068652,0.065836,0.022203,33.444
2026-02-28 12:00:00,13.0434,4.08628,1.11664,11.9268,0.090721,0.080945,0.022952,40.142
2026-02-28 13:00:00,10.9152,3.22363,1.27408,9.64114,0.085951,0.071894,0.022387,36.339
2026-02-28 14:00:00,9.96104,3.61123,1.15973,8.80131,0.078438,0.06554,0.02157,33.1454
2026-02-28 15:00:00,9.00687,3.99883,1.04539,7.96148,0.070924,0.059186,0.020753,29.9517
2026-02-28 16:00:00,8.05269,4.38642,0.931048,7.12165,0.06341,0.052832,0.019936,26.7581
2026-02-28 17:00:00,,,,,,,,
2026-02-28 18:00:00,,,,,,,,
2026-02-28 19:00:00,,,,,,,,
2026-02-28 20:00:00,,,,,,,,
2026-02-28 21:00:00,,,,,,,,
2026-02-28 22:00:00,,,,,,,,
2026-02-28 23:00:00,,,,,,,,
2026-03-01 00:00:00,0.4193,7.4872,0.0163,0.403,0.0033,0.002,0.0134,1.209
2026-03-01 01:00:00,0.1161,0.406,0.0053,0.1108,0.0008,0.0014,0.0133,0.301
2026-03-01 02:00:00,0.0035,0.0127,0.0009,0.0026,0.0004,0.0001,0.0131,0.115
2026-03-01 03:00:00,0.4755,47.5489,0.0211,0.4544,0.0042,0.0052,0.0134,1.365
2026-03-01 04:00:00,0.5738,57.3802,0.0144,0.5594,0.0034,0.006,0.0132,1.316
2026-03-01 05:00:00,0.1702,0.6918,0.0109,0.1593,0.0027,0.0018,0.0133,0.612
2026-03-01 06:00:00,2.574,2.2901,0.1471,2.427,0.019,0.0139,0.0148,6.516
2026-03-01 07:00:00,5.7299,2.7978,0.3388,5.3911,0.0371,0.0352,0.0171,15.648
2026-03-01 08:00:00,6.9875,2.7905,0.436,6.5515,0.0466,0.0468,0.0184,19.839
2026-03-01 09:00:00,7.9598,2.6855,0.5729,7.3868,0.0527,0.0508,0.0192,23.065
2026-03-01 10:00:00,10.7687,2.6775,1.3058,9.4629,0.0786,0.0662,0.0206,31.62
2026-03-01 11:00:00,10.0258,2.8466,0.7664,9.2594,0.0677,0.0656,0.0206,32.91
2026-03-01 12:00:00,8.5027,2.8823,0.6621,7.8406,0.0597,0.0562,0.0193,25.21
2026-03-01 13:00:00,10.8802,3.2911,0.6922,10.188,0.0633,0.0672,0.0198,29.356
2026-03-01 14:00:00,10.803,3.2896,0.8532,9.9498,0.0681,0.0719,0.0205,30.64
2026-03-01 15:00:00,11.7281,3.2578,1.2543,10.4739,0.09,0.077,0.0217,36.602
2026-03-01 16:00:00,12.5139,3.0285,0.832,11.6819,0.0706,0.0796,0.0211,26.891
2026-03-01 17:00:00,17.6017,3.90628,2.53603,15.0657,0.108587,0.112934,0.024754,50.286
2026-03-01 18:00:00,17.6243,4.21433,2.15403,15.4703,0.10754,0.114019,0.025201,53
2026-03-01 19:00:00,10.9674,4.04701,0.981572,9.98582,0.080059,0.078312,0.022342,37.961
2026-03-01 20:00:00,8.29713,4.33497,0.734829,7.5623,0.060275,0.058865,0.020487,28.258
2026-03-01 21:00:00,6.76986,3.73201,0.61355,6.15631,0.058813,0.048106,0.0198,24.056
2026-03-01 22:00:00,5.00665,3.99892,0.432308,4.57434,0.039663,0.034066,0.018199,17.101
2026-03-01 23:00:00,0.668656,2.95865,0.050632,0.618024,0.00789,0.006466,0.014599,2.877
2026-03-02 00:00:00,0.133361,0.432984,0.010896,0.122465,0.002357,0.000896,0.013877,0.781
2026-03-02 01:00:00,0.010066,0.049334,0.001928,0.008138,0.000766,0.000264,0.013626,0.263
2026-03-02 02:00:00,0.000114,0.019022,6.5e-05,4.9e-05,3e-05,2.2e-05,0.013534,0.021
2026-03-02 03:00:00,0.000767,0.007091,0.000284,0.000483,0.000225,8e-05,0.013621,0.053
2026-03-02 04:00:00,0.000233,0.058478,2.6e-05,0.000207,2.3e-05,1.2e-05,0.013343,0.008
2026-03-02 05:00:00,0.236867,1.22096,0.014089,0.222778,0.002031,0.001251,0.013721,0.592
2026-03-02 06:00:00,5.91416,2.48494,0.370871,5.54328,0.036137,0.034124,0.017235,14.447
2026-03-02 07:00:00,44.4924,3.79628,2.86996,41.6224,0.190839,0.267899,0.032278,127.14
2026-03-02 08:00:00,63.6472,3.85087,3.96438,59.6829,0.254253,0.394142,0.041892,197.133
2026-03-02 09:00:00,18.3381,4.42308,1.14902,17.1891,0.095963,0.113987,0.024696,52.427
2026-03-02 10:00:00,12.1124,3.43518,1.01619,11.0963,0.077118,0.078615,0.023061,37.583
2026-03-02 11:00:00,10.3282,3.12407,0.81924,9.50893,0.068641,0.068967,0.022515,33.945
2026-03-02 12:00:00,10.8,3.5202,0.844497,9.95549,0.078567,0.072284,0.021829,34.657
2026-03-02 13:00:00,11.4169,3.02516,0.885627,10.5313,0.076031,0.071968,0.022158,37.699
2026-03-02 14:00:00,12.1392,3.00773,0.953201,11.186,0.081423,0.077335,0.022949,39.365
2026-03-02 15:00:00,11.9187,4.08453,0.996674,10.922,0.072871,0.073608,0.02228,37.828
2026-03-02 16:00:00,15.1279,3.71147,1.00051,14.1274,0.092421,0.100545,0.024086,47.522
2026-03-02 17:00:00,43.5225,4.51666,3.1187,40.4038,0.202226,0.279742,0.034612,129.606
2026-03-02 18:00:00,52.9782,4.68667,4.06341,48.9148,0.261924,0.339724,0.039674,167.993
2026-03-02 19:00:00,18.4393,4.40709,1.61784,16.8214,0.127186,0.129115,0.026068,65.48
2026-03-02 20:00:00,10.5655,4.38039,1.07474,9.49076,0.085037,0.077607,0.022409,39.675
2026-03-02 21:00:00,9.34719,4.00137,0.809116,8.53807,0.065956,0.062239,0.02057,31.69
2026-03-02 22:00:00,4.75053,3.80652,0.390283,4.36025,0.040686,0.030652,0.017857,16.754
2026-03-02 23:00:00,0.187031,2.03293,0.011331,0.1757,0.001613,0.000828,0.014005,0.422
2026-03-03 00:00:00,0.069663,0.322522,0.004869,0.064794,0.000948,0.000364,0.01364,0.234
2026-03-03 01:00:00,0.007544,0.036617,0.000719,0.006825,0.00032,0.000152,0.013431,0.08
2026-03-03 02:00:00,0.000938,0.006247,0.000339,0.000599,0.000182,7e-05,0.013473,0.038
2026-03-03 03:00:00,0.055581,0.360903,0.000467,0.055114,0.000195,0.000758,0.013575,0.044
2026-03-03 04:00:00,0.108327,0.984791,0.008623,0.099704,0.001126,0.001076,0.013365,0.247
2026-03-03 05:00:00,0.954606,4.18686,0.037127,0.917479,0.004763,0.003982,0.013825,1.639
2026-03-03 06:00:00,6.07769,2.84536,0.350723,5.72696,0.037733,0.031309,0.017021,14.91
2026-03-03 07:00:00,40.113,4.69158,2.23568,37.8773,0.156611,0.24456,0.030059,107.13
2026-03-03 08:00:00,57.4112,4.83585,3.57367,53.8376,0.219014,0.350979,0.037908,166.02
2026-03-03 09:00:00,14.4883,3.588,1.16275,13.3256,0.086325,0.095907,0.024528,44.838
2026-03-03 10:00:00,10.8474,3.04531,0.87945,9.96795,0.073784,0.072999,0.022687,33.893
2026-03-03 11:00:00,11.2963,2.97114,0.790875,10.5054,0.072778,0.077494,0.023349,34.846
2026-03-03 12:00:00,12.2396,3.97908,0.956905,11.2827,0.082973,0.082615,0.023013,38.597
2026-03-03 13:00:00,12.5317,3.34536,1.02885,11.5029,0.08903,0.087486,0.022504,40.389
2026-03-03 14:00:00,10.3819,3.71579,0.717918,9.664,0.0787,0.078916,0.02239,38.73
2026-03-03 15:00:00,13.3909,3.7384,0.991291,12.3996,0.080897,0.084652,0.023418,41.37
2026-03-03 16:00:00,19.0998,4.44801,1.36173,17.738,0.107366,0.122864,0.025484,56.051
2026-03-03 17:00:00,42.0486,4.60756,3.81731,38.2313,0.213708,0.263036,0.034761,131.22
2026-03-03 18:00:00,43.2229,5.3388,3.55488,39.668,0.225469,0.289603,0.035839,135.974
2026-03-03 19:00:00,16.1874,4.35379,1.3066,14.8808,0.107336,0.10841,0.024582,51.58
2026-03-03 20:00:00,10.4912,4.38595,1.08203,9.40915,0.079337,0.07111,0.021773,35.478
2026-03-03 21:00:00,8.68229,4.05715,0.948912,7.73338,0.069839,0.061345,0.020866,33.036
2026-03-03 22:00:00,5.29701,6.39736,0.404447,4.89257,0.039897,0.032092,0.01758,15.719
2026-03-03 23:00:00,0.235145,2.21836,0.013246,0.221899,0.002092,0.001097,0.013972,0.589
2026-03-04 00:00:00,0.001704,0.008606,0.000523,0.001181,0.000343,8.5e-05,0.01356,0.084
2026-03-04 01:00:00,0.000695,0.003546,0.000232,0.000463,0.000229,8.4e-05,0.013412,0.048
2026-03-04 02:00:00,0.002143,0.010713,0.000458,0.001685,0.000245,0.000138,0.013452,0.058
2026-03-04 03:00:00,0.029531,0.15708,0.000431,0.0291,0.000239,0.000663,0.013567,0.059
2026-03-04 04:00:00,0.171287,1.38135,0.009274,0.162013,0.001747,0.001739,0.013432,0.545
2026-03-04 05:00:00,0.432098,1.14312,0.04,0.392098,0.005275,0.002169,0.013847,1.891
2026-03-04 06:00:00,8.31632,3.30537,0.46417,7.85215,0.047719,0.047449,0.018571,20.894
2026-03-04 07:00:00,33.323,4.0622,2.02615,31.2968,0.133861,0.198018,0.028111,94.4505
2026-03-04 08:00:00,58.3296,4.81904,3.58813,54.7415,0.220002,0.348587,0.037651,168.007
2026-03-04 09:00:00,16.6731,3.58561,1.0679,15.6052,0.088002,0.113912,0.02448,50.048
2026-03-04 10:00:00,10.0099,2.73944,0.671194,9.33873,0.062005,0.067843,0.022301,34.164
2026-03-04 11:00:00,10.2513,3.22167,0.725269,9.52608,0.069733,0.067875,0.022138,34.049
2026-03-04 12:00:00,11.4238,3.45548,1.60202,9.8218,0.091613,0.067212,0.022692,34.514
2026-03-04 13:00:00,9.50695,2.50711,0.764302,8.74265,0.072173,0.065792,0.022303,35.999
2026-03-04 14:00:00,12.9347,3.62521,0.977281,11.9575,0.081286,0.08039,0.022865,37.61
2026-03-04 15:00:00,11.3393,3.02704,1.28095,10.0583,0.082618,0.067039,0.023188,35.268
2026-03-04 16:00:00,19.1808,4.83876,2.51328,16.6676,0.144088,0.113767,0.024925,50.505
2026-03-04 17:00:00,42.611,4.87094,4.0114,38.5996,0.221392,0.25716,0.03493,128.103
2026-03-04 18:00:00,48.0873,5.67737,3.67435,44.4129,0.229792,0.312233,0.03715,142.563
2026-03-04 19:00:00,18.0196,4.69994,1.69857,16.321,0.125553,0.128112,0.026506,63.29
2026-03-04 20:00:00,11.5488,4.19651,1.03348,10.5153,0.086261,0.083792,0.023054,42.156
2026-03-04 21:00:00,9.87298,4.07637,1.01288,8.8601,0.074605,0.065815,0.021353,34.304
2026-03-04 22:00:00,3.78115,3.54705,0.433817,3.34734,0.03417,0.024415,0.017155,13.686
2026-03-04 23:00:00,0.08413,21.0321,0.004386,0.079744,0.002781,0.001661,0.014043,0.131
2026-03-05 00:00:00,4.9e-05,0.00489,2.4e-05,2.5e-05,0.001334,0.000335,0.013621,0.005
2026-03-05 01:00:00,1.8e-05,0.001902,8e-06,1e-05,0.000902,0.00026,0.013431,0.001
2026-03-05 02:00:00,0.001802,0.300405,0.000447,0.001355,0.000852,0.000328,0.013529,0.018
2026-03-05 03:00:00,0.000873,0.218488,2.4e-05,0.000849,0.00094,0.00029,0.013621,0.002
2026-03-05 04:00:00,0.001424,0.142501,0.000123,0.001301,0.000976,0.000327,0.01342,0.028
2026-03-05 05:00:00,0.16643,0.815844,0.018177,0.148253,0.004164,0.00389,0.013755,0.784
2026-03-05 06:00:00,8.47334,3.89758,0.447466,8.02588,0.048954,0.0515,0.018475,20.247
2026-03-05 07:00:00,43.2026,4.79603,2.3788,40.8238,0.162994,0.255151,0.031125,110.604
2026-03-05 08:00:00,58.6105,4.96615,3.4638,55.1467,0.219259,0.353734,0.037871,173.427
2026-03-05 09:00:00,15.2445,3.48686,1.15145,14.0931,0.087594,0.099474,0.024519,49.391
2026-03-05 10:00:00,10.4025,2.95861,0.743816,9.65865,0.06692,0.066061,0.022302,37.249
2026-03-05 11:00:00,12.7238,3.85804,1.32513,11.3987,0.087239,0.082742,0.023563,38.124
2026-03-05 12:00:00,11.0633,3.78363,0.837356,10.226,0.072728,0.07305,0.022016,36.047
2026-03-05 13:00:00,11.6793,3.46363,0.791423,10.8879,0.073333,0.075552,0.022286,36.006
2026-03-05 14:00:00,11.3338,3.08992,0.973382,10.3605,0.081927,0.072423,0.022169,33.552
2026-03-05 15:00:00,12.2661,4.21516,1.10616,11.16,0.079592,0.075052,0.022479,36.357
2026-03-05 16:00:00,15.2834,3.96764,1.35346,13.9299,0.099098,0.106081,0.024785,44.477
2026-03-05 17:00:00,39.7818,4.51041,2.93855,36.8433,0.199003,0.262044,0.034623,123.826
2026-03-05 18:00:00,50.6841,6.08598,3.6178,47.0663,0.254886,0.328957,0.038696,151.35
2026-03-05 19:00:00,19.8876,5.16562,1.82621,18.0614,0.142848,0.134854,0.026458,69.656
2026-03-05 20:00:00,12.0088,4.75783,1.13161,10.8772,0.088179,0.09121,0.02323,44.822
2026-03-05 21:00:00,10.9425,4.83328,1.05393,9.88861,0.07992,0.071357,0.021181,38.084
2026-03-05 22:00:00,5.56813,6.37086,0.533458,5.03467,0.042759,0.039194,0.018003,18.285
2026-03-05 23:00:00,0.918685,10.4396,0.038465,0.88022,0.005634,0.00408,0.014257,1.785
2026-03-06 00:00:00,0.677835,16.1389,0.027913,0.649922,0.005076,0.002389,0.013956,1.504
2026-03-06 01:00:00,1.10052,7.0546,0.210704,0.889814,0.012038,0.011484,0.014267,1.763
2026-03-06 02:00:00,0.472738,1.83232,0.020399,0.452339,0.005175,0.007095,0.014959,1.792
2026-03-06 03:00:00,0.370444,1.29526,0.011116,0.359328,0.001916,0.006122,0.014057,0.55
2026-03-06 04:00:00,0.002295,0.0122,0.000777,0.001518,0.000318,0.000115,0.013414,0.078
2026-03-06 05:00:00,0.310047,1.01322,0.013272,0.296775,0.003555,0.001513,0.013789,1.14
2026-03-06 06:00:00,6.91646,3.11272,0.356765,6.55969,0.03902,0.03551,0.017676,16.157
2026-03-06 07:00:00,41.8689,4.64797,2.64569,39.2232,0.169144,0.249287,0.031715,111.157
2026-03-06 08:00:00,58.2079,5.13841,3.3722,54.8357,0.221907,0.361815,0.038446,165.476
2026-03-06 09:00:00,17.5499,3.47385,1.08816,16.4617,0.089199,0.106093,0.025155,50.164
2026-03-06 10:00:00,9.37495,2.76384,0.635587,8.73937,0.070436,0.063019,0.022845,35.985
2026-03-06 11:00:00,12.4939,3.3822,1.20504,11.2888,0.085143,0.082553,0.024189,39.517
2026-03-06 12:00:00,12.5301,3.25627,1.4276,11.1025,0.08604,0.080584,0.022892,40.232
2026-03-06 13:00:00,12.0894,3.2481,1.02598,11.0634,0.081635,0.082922,0.02317,39.725
2026-03-06 14:00:00,11.0573,2.8735,0.8771,10.1801,0.0803,0.0754,0.0225,37.06
2026-03-06 15:00:00,10.555,3.83538,0.794045,9.76091,0.083846,0.088279,0.023561,31.827
2026-03-06 16:00:00,20.7074,4.54509,1.448,19.2594,0.106337,0.132022,0.026517,60.605
2026-03-06 17:00:00,43.7382,4.6669,3.21425,40.5239,0.210179,0.269957,0.0356,131.219
2026-03-06 18:00:00,53.2417,5.37687,3.87866,49.3631,0.271141,0.348439,0.039907,165.065
2026-03-06 19:00:00,26.1924,5.61827,2.25438,23.938,0.149045,0.162147,0.028331,78.378
2026-03-06 20:00:00,13.3833,4.33396,1.02475,12.3585,0.089961,0.093641,0.023679,45.596
2026-03-06 21:00:00,11.7311,4.04521,1.13573,10.5954,0.09196,0.079879,0.023141,43.978
2026-03-06 22:00:00,6.6429,4.16222,0.766417,5.87649,0.050732,0.046282,0.019411,22.269
2026-03-06 23:00:00,0.207467,1.88608,0.01626,0.191207,0.002992,0.001285,0.014208,0.862
2026-03-07 00:00:00,0.209087,6.14962,0.008008,0.201079,0.001839,0.001038,0.013766,0.639
2026-03-07 01:00:00,6.4e-05,0.001479,2.7e-05,3.7e-05,5.2e-05,1.7e-05,0.013495,0.007
2026-03-07 02:00:00,6.8e-05,0.001786,2.9e-05,3.9e-05,3.6e-05,2e-05,0.013607,0.006
2026-03-07 03:00:00,0.003776,0.047191,0.001678,0.002098,0.000295,0.000102,0.013516,0.054
2026-03-07 04:00:00,0.006343,0.093281,0.000445,0.005898,0.000153,0.000122,0.013357,0.018
2026-03-07 05:00:00,0.483562,1.12982,0.040304,0.443258,0.005821,0.002273,0.013949,1.821
2026-03-07 06:00:00,4.75864,2.10002,0.313914,4.44473,0.034922,0.030082,0.016991,13.111
2026-03-07 07:00:00,14.3786,3.61452,0.849711,13.5289,0.073419,0.090178,0.021317,37.587
2026-03-07 08:00:00,21.4136,4.16606,1.43078,19.9828,0.114496,0.137502,0.026455,58.406
2026-03-07 09:00:00,15.5199,3.06476,1.11651,14.4034,0.089142,0.105199,0.02466,46.337
2026-03-07 10:00:00,15.1636,2.99203,1.22228,13.9413,0.090047,0.105034,0.02544,46.356
2026-03-07 11:00:00,16.2284,3.48099,1.35526,14.8731,0.115324,0.102925,0.025061,47.442
2026-03-07 12:00:00,17.5137,3.56707,1.38684,16.1269,0.113543,0.111856,0.025138,49.787
2026-03-07 13:00:00,18.7991,3.65315,1.41843,17.3807,0.111762,0.120787,0.025215,52.132
2026-03-07 14:00:00,22.8099,3.87134,1.94645,20.8635,0.130217,0.143207,0.02694,66.216
2026-03-07 15:00:00,17.57,3.53236,1.52945,16.0405,0.11033,0.110568,0.025001,53.119
2026-03-07 16:00:00,18.5383,3.76948,1.46093,17.0773,0.1134,0.130276,0.026404,58.483
2026-03-07 17:00:00,25.9645,4.13053,2.27027,23.6943,0.148069,0.172867,0.029089,79.516
2026-03-07 18:00:00,34.3978,4.7988,2.43327,31.9646,0.172386,0.222637,0.031517,99.822
2026-03-07 19:00:00,17.2131,4.27124,1.52676,15.6863,0.108242,0.121113,0.025172,54.624
2026-03-07 20:00:00,13.3682,4.04853,1.09929,12.2689,0.090969,0.091224,0.023447,44.121
2026-03-07 21:00:00,11.9917,4.10114,1.26281,10.7289,0.090304,0.079769,0.022124,39.121
2026-03-07 22:00:00,9.32866,5.31245,0.56175,8.76691,0.050028,0.051286,0.018928,22.076
2026-03-07 23:00:00,1.66366,2.45377,0.147149,1.51651,0.01446,0.009926,0.015296,4.759
2026-03-08 00:00:00,0.26148,1.0895,0.01113,0.25035,0.002696,0.002568,0.013936,0.744
2026-03-08 01:00:00,5e-06,0.00126,4e-06,1e-06,0,4e-06,0.013481,0.001
2026-03-08 02:00:00,0.000224,0.007506,9.5e-05,0.000129,4.6e-05,4.2e-05,0.013601,0.007
2026-03-08 03:00:00,2.1e-05,0,1.6e-05,5e-06,8e-06,4e-06,0.013496,0.004
2026-03-08 04:00:00,0.031587,7.89668,0.001633,0.029954,0.000142,0.000942,0.013368,0.025
2026-03-08 05:00:00,0.319689,2.49757,0.015699,0.30399,0.002051,0.001619,0.013613,0.571
2026-03-08 06:00:00,2.77826,2.23693,0.18484,2.59342,0.025544,0.017242,0.015774,7.755
2026-03-08 07:00:00,9.76364,3.66779,0.621922,9.14172,0.062505,0.058481,0.019766,24.897
2026-03-08 08:00:00,14.3901,4.03535,0.88545,13.5046,0.077397,0.088195,0.022703,39.715
2026-03-08 09:00:00,13.2065,3.13099,0.999075,12.2074,0.077034,0.084494,0.023761,38.158
2026-03-08 10:00:00,14.1977,3.30255,1.0975,13.1002,0.08924,0.090909,0.024194,41.0285
2026-03-08 11:00:00,15.1888,3.47411,1.19592,13.9929,0.101445,0.097324,0.024627,43.899
2026-03-08 12:00:00,14.046,3.40758,1.30312,12.7429,0.092846,0.092295,0.024131,44.152
2026-03-08 13:00:00,13.9418,3.05339,1.14465,12.7971,0.097119,0.099534,0.024174,45.875
2026-03-08 14:00:00,16.5735,2.88838,1.44887,15.1246,0.107461,0.107567,0.02542,52.612
2026-03-08 15:00:00,18.1808,3.19859,1.49658,16.6842,0.116611,0.11849,0.025812,55.22
2026-03-08 16:00:00,22.0599,3.61637,1.74842,20.3115,0.126268,0.145562,0.027051,61.23
2026-03-08 17:00:00,22.5932,4.23093,1.83499,20.7582,0.132415,0.144794,0.026971,64.205
2026-03-08 18:00:00,22.8551,4.4139,1.80317,21.052,0.136862,0.152673,0.027247,69.276
2026-03-08 19:00:00,17.1971,4.08483,1.76203,15.4351,0.116767,0.115109,0.025433,54.317
2026-03-08 20:00:00,13.8726,4.22174,1.39631,12.4763,0.097949,0.102002,0.023652,44.725
2026-03-08 21:00:00,12.1336,5.44596,1.39227,10.7413,0.085456,0.085325,0.022316,40.124
2026-03-08 22:00:00,6.5628,4.48892,0.551061,6.01174,0.048808,0.044367,0.018669,21.717
2026-03-08 23:00:00,2.94731,5.01243,0.201313,2.746,0.025073,0.020574,0.015813,6.716
2026-03-09 00:00:00,1.04389,2.69044,0.066608,0.977282,0.009787,0.006649,0.014315,2.432
2026-03-09 01:00:00,1.69005,18.7784,0.149327,1.54073,0.010637,0.015874,0.014092,2.301
2026-03-09 02:00:00,1.17522,18.3628,0.034648,1.14057,0.005092,0.01104,0.014051,1.499
2026-03-09 03:00:00,0.816806,7.29291,0.024878,0.791928,0.003274,0.007543,0.013771,0.842
2026-03-09 04:00:00,0.12298,0.521104,0.005026,0.117954,0.00148,0.001872,0.013557,0.394
2026-03-09 05:00:00,1.8777,3.56977,0.040321,1.83738,0.006446,0.006007,0.014018,1.574
2026-03-09 06:00:00,9.73031,3.66352,0.525247,9.20506,0.055251,0.059543,0.019201,24.243
2026-03-09 07:00:00,46.1086,4.68869,2.65088,43.4577,0.178538,0.275227,0.032529,120.526
2026-03-09 08:00:00,56.9653,4.69314,3.47149,53.4938,0.219569,0.343043,0.037388,161.869
2026-03-09 09:00:00,15.9211,3.59879,1.14413,14.7769,0.09299,0.102291,0.024524,48.472
2026-03-09 10:00:00,8.33827,2.69324,0.654493,7.68378,0.057242,0.056177,0.021685,27.845
2026-03-09 11:00:00,9.28894,3.15307,0.709706,8.57923,0.068509,0.064579,0.022262,32.872
2026-03-09 12:00:00,10.2151,3.24497,0.785452,9.4297,0.07084,0.067706,0.021835,33.35
2026-03-09 13:00:00,11.263,3.42965,0.854372,10.4086,0.077975,0.071751,0.022082,36.212
2026-03-09 14:00:00,10.4348,3.25476,0.850256,9.5845,0.082676,0.072621,0.02234,33.375
2026-03-09 15:00:00,9.79636,3.17445,0.761347,9.03501,0.06592,0.062702,0.021948,31.879
2026-03-09 16:00:00,11.4859,3.69085,0.888571,10.5974,0.072404,0.074424,0.022831,35.555
2026-03-09 17:00:00,38.9967,4.8335,3.01309,35.9836,0.200881,0.246197,0.033656,116.344
2026-03-09 18:00:00,46.4638,5.61564,3.14046,43.3233,0.2131,0.296613,0.036783,137.495
2026-03-09 19:00:00,21.5077,5.71406,1.68899,19.8187,0.142154,0.145881,0.026962,70.195
2026-03-09 20:00:00,13.1115,5.64179,1.18093,11.9306,0.089965,0.087972,0.023022,42.374
2026-03-09 21:00:00,8.74981,4.41019,0.903577,7.84624,0.067354,0.060808,0.020757,30.311
2026-03-09 22:00:00,4.82488,5.23306,0.589872,4.23501,0.045085,0.03097,0.017674,15.845
2026-03-09 23:00:00,0.392969,2.55175,0.039515,0.353454,0.012939,0.003737,0.014822,2.685
2026-03-10 00:00:00,0.632488,3.04081,0.060414,0.572074,0.007097,0.002806,0.014167,1.615
2026-03-10 01:00:00,0.2089,1.21454,0.012632,0.196268,0.001487,0.002683,0.013687,1.011
2026-03-10 02:00:00,0.09084,0.688186,0.010892,0.079948,0.000791,0.001174,0.01375,0.982
2026-03-10 03:00:00,0.001454,0.006925,0.000443,0.001011,0.000251,0.00011,0.013465,0.063
2026-03-10 04:00:00,0.001038,0.005831,0.000347,0.000691,0.000226,8.6e-05,0.01332,0.062
2026-03-10 05:00:00,0.728104,1.58283,0.122331,0.605773,0.008165,0.003229,0.013976,1.778
2026-03-10 06:00:00,7.01748,2.68047,0.423876,6.5936,0.047751,0.04238,0.017862,17.884
2026-03-10 07:00:00,45.5439,5.06832,2.92226,42.6216,0.18334,0.260792,0.032398,114.922
2026-03-10 08:00:00,56.0076,5.05849,3.43092,52.5767,0.221045,0.341612,0.036919,161.756
2026-03-10 09:00:00,14.2867,3.34583,0.9543,13.3324,0.085492,0.094292,0.024005,45.144
2026-03-10 10:00:00,10.2786,2.95701,0.672342,9.60623,0.061274,0.065773,0.022339,32.073
2026-03-10 11:00:00,10.7528,3.15886,0.97706,9.7757,0.075295,0.070738,0.023012,32.394
2026-03-10 12:00:00,12.462,3.94117,0.941362,11.5206,0.072989,0.066439,0.02196,30.66
2026-03-10 13:00:00,10.1863,3.16542,0.718496,9.46784,0.068833,0.065154,0.021658,30.998
2026-03-10 14:00:00,10.0788,3.19354,0.922411,9.15639,0.072709,0.062456,0.022271,32.056
2026-03-10 15:00:00,11.5727,3.31245,0.888559,10.6842,0.074921,0.075384,0.022786,34.8565
2026-03-10 16:00:00,13.0667,3.43137,0.854707,12.212,0.077133,0.088312,0.023301,37.657
2026-03-10 17:00:00,39.4055,4.98552,3.44166,35.9639,0.195209,0.246206,0.033844,118.655
2026-03-10 18:00:00,48.1087,5.92034,3.86132,44.2474,0.241954,0.307556,0.036787,140.351
2026-03-10 19:00:00,21.5439,5.42668,1.66228,19.8817,0.120713,0.141395,0.027014,63.569
2026-03-10 20:00:00,11.9221,4.63896,1.1212,10.8009,0.092807,0.081225,0.023484,42.164
2026-03-10 21:00:00,9.9906,5.0611,1.08018,8.91043,0.079474,0.067161,0.021101,32.344
2026-03-10 22:00:00,3.73771,3.45444,0.51888,3.21883,0.040117,0.025809,0.017509,14.644
2026-03-10 23:00:00,0.012951,0.924927,0.006155,0.006796,0.000248,0.000146,0.013904,0.038
2026-03-11 00:00:00,0.000102,0.004643,4.9e-05,5.3e-05,4.5e-05,1.3e-05,0.013541,0.006
2026-03-11 01:00:00,3.6e-05,0.003004,1.8e-05,1.8e-05,2.9e-05,5e-06,0.013372,0.002
2026-03-11 02:00:00,0.000154,0.019117,5.9e-05,9.5e-05,3e-05,1.7e-05,0.013549,0.008
2026-03-11 03:00:00,0.003064,0.218794,0.000121,0.002943,3.8e-05,0.000108,0.013475,0.009
2026-03-11 04:00:00,1.7e-05,0.001546,8e-06,9e-06,1.4e-05,4e-06,0.013311,0
2026-03-11 05:00:00,0.198981,1.24363,0.012487,0.186494,0.001901,0.001414,0.013584,0.564
2026-03-11 06:00:00,21.5415,3.03049,1.22083,20.3207,0.087535,0.128735,0.022437,56.622
2026-03-11 07:00:00,42.8841,4.81735,2.42917,40.4549,0.173169,0.256055,0.03129,112.68
2026-03-11 08:00:00,56.4856,4.96795,3.27673,53.2089,0.22022,0.342518,0.037586,160.731
2026-03-11 09:00:00,16.7337,3.51547,0.973901,15.7598,0.085502,0.104718,0.024465,46.373
2026-03-11 10:00:00,9.87512,2.83768,0.765488,9.10963,0.065589,0.059696,0.022672,31.672
2026-03-11 11:00:00,9.31657,2.88976,0.615112,8.70146,0.061244,0.063178,0.02211,27.454
2026-03-11 12:00:00,10.5252,3.48977,1.27019,9.25497,0.063021,0.065114,0.021897,32.451
2026-03-11 13:00:00,9.06828,2.6861,0.833293,8.23499,0.070253,0.060832,0.021519,30.904
2026-03-11 14:00:00,10.1468,3.00023,0.77002,9.37675,0.071329,0.070131,0.022305,32.985
2026-03-11 15:00:00,10.4141,3.476,0.820928,9.59316,0.072087,0.068948,0.02276,31.999
2026-03-11 16:00:00,12.8583,3.25855,0.948354,11.9099,0.078924,0.085475,0.023142,40.094
2026-03-11 17:00:00,42.2589,5.00817,3.25916,38.9998,0.21499,0.258276,0.034259,119.862
2026-03-11 18:00:00,51.7071,6.70301,3.48372,48.2233,0.22437,0.309799,0.036542,137.842
2026-03-11 19:00:00,23.7954,6.02416,1.98217,21.8133,0.145217,0.159873,0.02722,70.052
2026-03-11 20:00:00,11.8083,4.59466,1.06626,10.742,0.081423,0.079961,0.022245,39.226
2026-03-11 21:00:00,9.57183,4.68748,0.713616,8.85821,0.060371,0.063894,0.020636,28.788
2026-03-11 22:00:00,5.61742,4.13654,0.691344,4.92607,0.051538,0.033371,0.018232,17.44
2026-03-11 23:00:00,0.393722,13.124,0.018242,0.37548,0.003135,0.002066,0.014149,0.981
2026-03-12 00:00:00,0.508288,28.2383,0.020147,0.488141,0.00423,0.002047,0.013831,1.367
2026-03-12 01:00:00,0.062776,0.392354,0.002886,0.05989,0.000693,0.000725,0.013426,0.2
2026-03-12 02:00:00,0.000486,0.002639,0.000229,0.000257,0.000175,7.3e-05,0.013558,0.038
2026-03-12 03:00:00,0.00049,0.00266,0.000223,0.000266,0.000176,7.4e-05,0.013446,0.039
2026-03-12 04:00:00,0.000493,0.002682,0.000217,0.000276,0.000178,7.5e-05,0.013333,0.04
2026-03-12 05:00:00,0.350545,0.984681,0.02377,0.326775,0.00294,0.001476,0.013714,0.859
2026-03-12 06:00:00,6.53589,2.62908,0.371006,6.16488,0.040637,0.04108,0.017857,16.844
2026-03-12 07:00:00,41.283,4.53659,2.37055,38.9124,0.164196,0.249641,0.0313,111
2026-03-12 08:00:00,59.592,5.24762,3.65248,55.9395,0.224813,0.357206,0.039298,169.678
2026-03-12 09:00:00,16.352,3.64024,0.995367,15.3566,0.080528,0.103895,0.024978,45.473
2026-03-12 10:00:00,10.8301,3.63427,0.851003,9.97911,0.070888,0.06931,0.022781,31.001
2026-03-12 11:00:00,8.4065,2.72231,0.59214,7.81436,0.056381,0.055258,0.021947,27.172
2026-03-12 12:00:00,10.2702,3.45333,1.1058,9.16439,0.083906,0.068172,0.022173,31.725
2026-03-12 13:00:00,11.246,3.43493,1.085,10.161,0.083295,0.068276,0.021883,32.469
2026-03-12 14:00:00,10.3422,3.03647,0.822549,9.51967,0.069372,0.064852,0.02211,30.791
2026-03-12 15:00:00,11.0645,3.31868,0.820244,10.2442,0.067005,0.069529,0.022166,29.828
2026-03-12 16:00:00,12.8658,3.58379,0.926909,11.9389,0.079383,0.083573,0.023989,38.949
2026-03-12 17:00:00,39.2132,4.89064,2.71946,36.4937,0.185696,0.249008,0.033848,114.053
2026-03-12 18:00:00,45.4147,5.69106,3.0745,42.3402,0.212844,0.296304,0.036079,130.835
2026-03-12 19:00:00,22.9744,5.59261,2.25565,20.7188,0.160655,0.149706,0.027421,68.038
2026-03-12 20:00:00,14.7806,4.46812,1.43255,13.348,0.098376,0.098999,0.023826,47.081
2026-03-12 21:00:00,11.1063,4.79963,0.846687,10.2597,0.070602,0.074872,0.021859,35.376
2026-03-12 22:00:00,7.04599,5.37042,0.823567,6.22242,0.06552,0.04515,0.020031,19.446
2026-03-12 23:00:00,0.347755,0.934822,0.037111,0.310644,0.01075,0.004881,0.015127,2.016
2026-03-13 00:00:00,2.59593,9.98436,0.077094,2.51884,0.011717,0.014102,0.0153,3.599
2026-03-13 01:00:00,0.983484,4.91742,0.041812,0.941672,0.006929,0.016586,0.015713,2.877
2026-03-13 02:00:00,0.859888,28.6629,0.052275,0.807613,0.006228,0.008592,0.013921,1.517
2026-03-13 03:00:00,0.078981,1.19667,0.009088,0.069893,0.001561,0.001169,0.013582,0.339
2026-03-13 04:00:00,0.001078,0.021563,0.000536,0.000542,0.00037,0.000158,0.013347,0.036
2026-03-13 05:00:00,0.522815,1.0892,0.071234,0.451581,0.007249,0.003328,0.013956,1.439
2026-03-13 06:00:00,7.5574,3.4988,0.449567,7.10784,0.044654,0.043407,0.018081,18.029
2026-03-13 07:00:00,42.9309,4.938,2.46335,40.4676,0.168495,0.262413,0.031623,114.205
2026-03-13 08:00:00,57.3679,5.31283,3.35751,54.0104,0.226156,0.357433,0.038062,165.714
2026-03-13 09:00:00,14.6113,3.83499,0.98537,13.6259,0.084734,0.108402,0.024933,47.185
2026-03-13 10:00:00,9.74715,3.25992,0.611043,9.13611,0.062844,0.068886,0.022646,32.441
2026-03-13 11:00:00,9.9046,3.09325,0.809387,9.09521,0.072553,0.066546,0.023078,32.103
2026-03-13 12:00:00,11.9659,3.82787,1.11641,10.8495,0.083771,0.078854,0.022711,35.893
2026-03-13 13:00:00,13.1338,3.04729,0.916896,12.2169,0.082838,0.08311,0.023125,40.698
2026-03-13 14:00:00,13.4383,3.14419,1.04132,12.3969,0.090526,0.09597,0.023783,41.035
2026-03-13 15:00:00,13.9719,3.62343,1.27515,12.6968,0.096524,0.08795,0.0236,43.004
2026-03-13 16:00:00,20.6623,4.34995,1.80052,18.8618,0.116654,0.143696,0.027524,63.486
2026-03-13 17:00:00,46.0905,4.92105,3.30942,42.7811,0.211989,0.288493,0.036098,134.383
2026-03-13 18:00:00,54.5035,5.72877,3.98946,50.514,0.258984,0.34808,0.04012,159.88
2026-03-13 19:00:00,22.9684,4.50892,1.86757,21.1009,0.147286,0.158594,0.028335,73.698
2026-03-13 20:00:00,15.4917,4.18921,1.45953,14.0322,0.100035,0.107579,0.024472,53.442
2026-03-13 21:00:00,13.1266,3.9947,1.18011,11.9465,0.089663,0.089913,0.022873,42.866
2026-03-13 22:00:00,4.7043,3.12786,0.457026,4.24727,0.041344,0.030093,0.017988,17.32
2026-03-13 23:00:00,0.406315,5.80451,0.029369,0.376946,0.011231,0.003956,0.014938,3.822
2026-03-14 00:00:00,0.084104,0.725037,0.004143,0.079961,0.001115,0.00112,0.013891,0.125
2026-03-14 01:00:00,0.315093,4.50134,0.025824,0.289269,0.003435,0.004268,0.014009,0.905
2026-03-14 02:00:00,0.311651,2.07768,0.014741,0.29691,0.002351,0.003458,0.013852,0.673
2026-03-14 03:00:00,0.00093,0.006282,0.000355,0.000575,0.000527,0.000172,0.013659,0.057
2026-03-14 04:00:00,0.001718,0.00944,0.000665,0.001053,0.000596,0.000162,0.013464,0.075
2026-03-14 05:00:00,0.987029,2.93758,0.037922,0.949107,0.005116,0.005095,0.013917,1.439
2026-03-14 06:00:00,4.56357,2.59589,0.320404,4.24316,0.031964,0.024674,0.016837,12.157
2026-03-14 07:00:00,15.3666,4.10653,0.827566,14.5391,0.075877,0.085451,0.021794,36.995
2026-03-14 08:00:00,22.4428,4.78934,1.40674,21.0361,0.107521,0.146726,0.026247,61.557
2026-03-14 09:00:00,17.7518,3.80286,1.18896,16.5628,0.095673,0.111301,0.025191,50.658
2026-03-14 10:00:00,15.8575,3.7738,1.28342,14.5741,0.092643,0.099993,0.024523,46.472
2026-03-14 11:00:00,17.8516,3.91999,1.27457,16.577,0.101577,0.116007,0.025154,49.227
2026-03-14 12:00:00,16.8567,3.56681,1.39953,15.4572,0.101548,0.115212,0.025069,50.671
2026-03-14 13:00:00,19.206,3.53051,1.81972,17.3863,0.114158,0.122963,0.025238,57.206
2026-03-14 14:00:00,19.6355,4.04857,1.75105,17.8845,0.118196,0.129389,0.025806,55.507
2026-03-14 15:00:00,13.755,3.87902,1.27452,12.4805,0.092865,0.09313,0.023593,41.368
2026-03-14 16:00:00,15.6408,4.06466,1.36857,14.2722,0.098712,0.102438,0.024066,46.124
2026-03-14 17:00:00,25.5086,4.66507,1.92473,23.5839,0.127946,0.158984,0.027382,67.78
2026-03-14 18:00:00,41.3861,6.25546,5.74186,35.6443,0.25637,0.246189,0.033246,101.516
2026-03-14 19:00:00,16.8205,5.09095,1.59056,15.2299,0.108443,0.102915,0.024079,48.755
2026-03-14 20:00:00,10.6121,4.27564,1.39688,9.21525,0.092021,0.070486,0.022164,35.227
2026-03-14 21:00:00,9.32062,3.95276,1.05746,8.26316,0.080136,0.062767,0.021394,31.623
2026-03-14 22:00:00,5.82229,4.87629,0.435825,5.38647,0.042397,0.039525,0.018275,18.792
2026-03-14 23:00:00,0.270735,3.14808,0.038315,0.23242,0.005678,0.003103,0.014321,0.841
2026-03-15 00:00:00,0.144278,3.79679,0.005164,0.139114,0.002814,0.002672,0.013816,0.291
2026-03-15 01:00:00,0.003827,0.068344,0.00058,0.003247,0.000314,0.000262,0.013521,0.031
2026-03-15 02:00:00,0.007815,0.108548,0.000369,0.007446,0.000242,0.000331,0.01368,0.039
2026-03-15 03:00:00,0.013051,0.151764,0.003483,0.009568,0.001182,0.001476,0.01358,0.147
2026-03-15 04:00:00,0.001046,0.005684,0.000335,0.000711,0.000216,9.8e-05,0.013346,0.046
2026-03-15 05:00:00,0.056961,0.207881,0.007699,0.049262,0.001832,0.000485,0.013608,0.451
2026-03-15 06:00:00,3.68526,2.86568,0.220297,3.46497,0.026609,0.018945,0.016138,10.301
2026-03-15 07:00:00,14.3171,5.05546,0.657777,13.6593,0.060516,0.072859,0.021009,30.102
2026-03-15 08:00:00,17.8576,4.4202,1.0613,16.7963,0.084109,0.102503,0.023436,45.004
2026-03-15 09:00:00,17.7646,3.71179,1.23328,16.5314,0.094209,0.105177,0.024816,48.746
2026-03-15 10:00:00,17.4264,3.31426,1.17654,16.2499,0.093447,0.111476,0.025409,48.43
2026-03-15 11:00:00,17.0093,3.81204,1.3369,15.6724,0.105443,0.104563,0.024885,47.588
2026-03-15 12:00:00,15.5524,3.60009,1.2664,14.286,0.09288,0.099669,0.024573,47.829
2026-03-15 13:00:00,16.9737,3.31129,1.16119,15.8125,0.097362,0.107131,0.024553,47.52
2026-03-15 14:00:00,17.7406,3.19076,1.58071,16.1599,0.116462,0.114317,0.025623,53.942
2026-03-15 15:00:00,20.9549,4.1893,1.83075,19.1241,0.118477,0.132119,0.026043,56.211
2026-03-15 16:00:00,18.9493,3.46296,1.46921,17.4801,0.116901,0.126504,0.0263,58.199
2026-03-15 17:00:00,22.7002,3.51831,1.78746,20.9127,0.132349,0.150557,0.028159,71.54
2026-03-15 18:00:00,22.9268,4.52206,1.78061,21.1462,0.13358,0.149916,0.027236,66.734
2026-03-15 19:00:00,16.8875,4.64707,1.60523,15.2822,0.100456,0.116896,0.025255,54.474
2026-03-15 20:00:00,12.7326,4.5702,1.13961,11.593,0.095627,0.090017,0.023284,45.011
2026-03-15 21:00:00,11.6113,5.38057,1.21798,10.3933,0.090442,0.081287,0.022484,37.305
2026-03-15 22:00:00,6.27658,7.45437,0.50997,5.76661,0.041891,0.036898,0.017887,18.236
2026-03-15 23:00:00,0.553004,8.64068,0.057857,0.495147,0.00514,0.002624,0.01419,1.248
2026-03-16 00:00:00,0.442378,3.30132,0.020719,0.421659,0.003612,0.001876,0.013833,1.068
2026-03-16 01:00:00,0.166638,2.60372,0.010698,0.15594,0.001379,0.001707,0.013477,0.378
2026-03-16 02:00:00,7.1e-05,0.00194,2.5e-05,4.6e-05,3.1e-05,1.6e-05,0.013559,0.008
2026-03-16 03:00:00,0.000183,0.004369,7.6e-05,0.000107,3.8e-05,2.3e-05,0.013428,0.01
2026-03-16 04:00:00,0.021295,0.483968,0.00033,0.020965,6.3e-05,0.000682,0.01331,0.014
2026-03-16 05:00:00,0.631508,1.66186,0.053938,0.57757,0.005625,0.003714,0.013912,1.444
2026-03-16 06:00:00,7.43808,2.70279,0.440427,6.99766,0.046004,0.045367,0.018427,19.659
2026-03-16 07:00:00,40.5423,4.13444,2.50121,38.0411,0.175203,0.245176,0.031354,109.969
2026-03-16 08:00:00,55.0698,4.44326,3.55653,51.5132,0.222644,0.339413,0.037699,160.826
2026-03-16 09:00:00,17.3692,3.55488,1.33407,16.0351,0.098992,0.106779,0.0249,49.059
2026-03-16 10:00:00,10.4827,2.53941,0.840981,9.64172,0.070839,0.075254,0.024019,35.908
2026-03-16 11:00:00,11.7872,3.17714,0.822417,10.9648,0.071435,0.073032,0.023212,34.186
2026-03-16 12:00:00,12.5049,3.11378,0.963461,11.5415,0.083229,0.083806,0.023267,39.911
2026-03-16 13:00:00,10.0475,2.61244,0.788725,9.25873,0.076381,0.070274,0.022213,35.465
2026-03-16 14:00:00,11.9269,3.61201,0.877396,11.0495,0.078062,0.079588,0.022833,34.321
2026-03-16 15:00:00,12.3418,3.74902,0.862264,11.4795,0.07579,0.073782,0.022787,34.063
2026-03-16 16:00:00,13.2965,3.52692,1.20446,12.092,0.086801,0.086308,0.023276,39.477
2026-03-16 17:00:00,39.7094,4.97612,3.41015,36.2993,0.200212,0.240935,0.033667,114.908
2026-03-16 18:00:00,48.7216,5.53906,3.67562,45.046,0.236731,0.298495,0.036797,137.204
2026-03-16 19:00:00,21.6479,5.33724,1.65931,19.9886,0.124119,0.144632,0.027338,68.432
2026-03-16 20:00:00,15.183,5.58611,1.6468,13.5362,0.103534,0.084922,0.022547,39.426
2026-03-16 21:00:00,8.83156,4.34624,0.994689,7.83687,0.073951,0.06193,0.021145,30.74
2026-03-16 22:00:00,3.52475,3.50372,0.266522,3.25822,0.031735,0.024163,0.017058,6.674
2026-03-16 23:00:00,0.481034,12.0259,0.023615,0.457419,0.004969,0.002349,0.014261,0.893
2026-03-17 00:00:00,0.38786,8.81502,0.019458,0.368402,0.005168,0.002096,0.013929,1.011
2026-03-17 01:00:00,0.745603,16.2088,0.036214,0.709389,0.005392,0.008413,0.013773,1.199
2026-03-17 02:00:00,0.066216,3.31077,0.010339,0.055877,0.008769,0.003753,0.014261,2.346
2026-03-17 03:00:00,0.27571,4.44693,0.015406,0.260304,0.005563,0.003516,0.013993,1.389
2026-03-17 04:00:00,0.000514,0.006422,0.000191,0.000323,0.000668,0.000261,0.01349,0.027
2026-03-17 05:00:00,0.141322,0.929756,0.014856,0.126466,0.003102,0.00134,0.013771,0.365
2026-03-17 06:00:00,5.9143,3.84045,0.34714,5.56716,0.049112,0.053432,0.018797,13.452
2026-03-17 07:00:00,42.9121,4.81077,2.38845,40.5236,0.167459,0.254972,0.031671,112.092
2026-03-17 08:00:00,58.8451,5.46989,3.53716,55.3079,0.219328,0.357867,0.038008,167.878
2026-03-17 09:00:00,15.5974,3.80423,1.09648,14.5009,0.088159,0.101204,0.024457,49.175
2026-03-17 10:00:00,7.79652,2.68475,0.609955,7.18656,0.057935,0.053566,0.021585,26.349
2026-03-17 11:00:00,9.82384,3.07379,0.777989,9.04585,0.070473,0.066658,0.023067,33.572
2026-03-17 12:00:00,28.3831,9.04497,0.918416,27.4647,0.072875,0.089844,0.02236,35.301
2026-03-17 13:00:00,11.0556,3.31205,0.801619,10.254,0.072314,0.072157,0.022172,35.945
2026-03-17 14:00:00,9.65181,2.80903,0.722368,8.92945,0.067108,0.067623,0.022055,33.059
2026-03-17 15:00:00,11.517,3.07284,1.2628,10.2542,0.081233,0.078151,0.023417,33.721
2026-03-17 16:00:00,13.1398,3.62576,1.25769,11.8821,0.087532,0.088599,0.023599,39.887
2026-03-17 17:00:00,39.9615,5.10104,3.01228,36.9492,0.18905,0.251867,0.033528,117.323
2026-03-17 18:00:00,46.5963,5.70055,3.74957,42.8467,0.238163,0.308487,0.037621,142.365
2026-03-17 19:00:00,20.9871,5.663,1.57871,19.4084,0.117347,0.135919,0.026182,64.412
2026-03-17 20:00:00,12.3475,4.70561,1.38686,10.9607,0.10468,0.089867,0.023042,43.586
2026-03-17 21:00:00,11.3025,5.56771,0.897994,10.4045,0.075622,0.073075,0.021503,33.507
2026-03-17 22:00:00,5.17474,4.28372,0.431754,4.74299,0.046753,0.036288,0.018391,17.015
2026-03-17 23:00:00,0.66601,4.62506,0.025998,0.640012,0.005133,0.004249,0.014409,1.804
2026-03-18 00:00:00,0.839228,6.4556,0.029172,0.810056,0.006189,0.003789,0.014191,1.302
2026-03-18 01:00:00,2.38086,18.8957,0.092018,2.28884,0.017513,0.030386,0.014982,3.979
2026-03-18 02:00:00,1.19086,9.45018,0.046131,1.14473,0.008844,0.015237,0.014256,2.013
2026-03-18 03:00:00,0.000856,0.004655,0.000244,0.000612,0.000175,8.9e-05,0.01353,0.047
2026-03-18 04:00:00,0.240996,0.591956,0.013863,0.227133,0.002729,0.001524,0.013702,0.9155
2026-03-18 05:00:00,0.481136,1.17926,0.027482,0.453654,0.005284,0.002959,0.013875,1.784
2026-03-18 06:00:00,6.25178,2.60926,0.384985,5.86679,0.041841,0.036267,0.017683,16.106
2026-03-18 07:00:00,39.3626,4.08835,2.33603,37.0266,0.16062,0.233458,0.030713,104.599
2026-03-18 08:00:00,64.1823,4.78901,3.46684,60.7154,0.23204,0.378334,0.039346,177.079
2026-03-18 09:00:00,15.2141,3.58823,1.01389,14.2002,0.086526,0.098538,0.024565,46.679
2026-03-18 10:00:00,12.031,3.75735,0.874364,11.1567,0.06805,0.073816,0.022887,34.953
2026-03-18 11:00:00,10.9065,3.80814,0.947139,9.95937,0.071529,0.076051,0.022894,31.9
2026-03-18 12:00:00,11.0731,4.02074,0.736214,10.3369,0.067407,0.080209,0.022477,33.208
2026-03-18 13:00:00,10.3641,3.06267,0.678825,9.68524,0.069089,0.068617,0.022007,31.806
2026-03-18 14:00:00,8.75072,3.17977,0.665409,8.08531,0.060498,0.059331,0.021705,28.045
2026-03-18 15:00:00,10.8562,3.74611,0.781828,10.0744,0.067188,0.06805,0.022061,31.628
2026-03-18 16:00:00,11.3437,3.54489,0.954693,10.389,0.076195,0.074263,0.022857,36.929
2026-03-18 17:00:00,39.2015,5.04394,2.84996,36.3516,0.185523,0.23903,0.033292,110.754
2026-03-18 18:00:00,49.8438,5.91267,3.41123,46.4326,0.234497,0.325532,0.037663,146.143
2026-03-18 19:00:00,23.8778,5.8267,1.96752,21.9103,0.140726,0.160917,0.028242,73.205
2026-03-18 20:00:00,12.5854,5.04223,0.96161,11.6238,0.091837,0.084321,0.022802,41.827
2026-03-18 21:00:00,10.7996,5.35161,0.922314,9.87724,0.07388,0.075741,0.021651,35.719
2026-03-18 22:00:00,4.98541,5.90688,0.421372,4.56403,0.038171,0.034543,0.017783,17.253
2026-03-18 23:00:00,0.903357,2.93298,0.052108,0.851249,0.007838,0.004079,0.014412,2.614
2026-03-19 00:00:00,1.19015,4.19067,0.06978,1.12037,0.005732,0.003808,0.014095,1.537
2026-03-19 01:00:00,0.711084,4.55823,0.037633,0.673451,0.006066,0.007344,0.013904,1.902
2026-03-19 02:00:00,0.773017,20.3425,0.035272,0.737745,0.006035,0.008502,0.013908,1.842
2026-03-19 03:00:00,0.157536,1.03642,0.007344,0.150192,0.00114,0.001787,0.013434,0.082
2026-03-19 04:00:00,0.012794,0.095471,0.002444,0.01035,0.000401,0.000529,0.013445,0.083
2026-03-19 05:00:00,0.391201,0.96355,0.024313,0.366888,0.003981,0.001951,0.013784,0.933
2026-03-19 06:00:00,7.46982,3.09951,0.418763,7.05105,0.041539,0.048799,0.0179,18.354
2026-03-19 07:00:00,42.6712,4.76454,2.41972,40.2515,0.171161,0.253501,0.030927,112.727
2026-03-19 08:00:00,55.8827,4.89941,3.4096,52.4731,0.226767,0.336958,0.037941,164.244
2026-03-19 09:00:00,15.9447,3.62708,1.11317,14.8315,0.087395,0.105041,0.025098,49.885
2026-03-19 10:00:00,9.7191,2.90123,0.672195,9.04691,0.063147,0.057404,0.022221,30.303
2026-03-19 11:00:00,10.4979,2.92909,0.810729,9.68714,0.068729,0.06961,0.022565,33.408
2026-03-19 12:00:00,9.94352,2.87053,0.720478,9.22304,0.063738,0.06412,0.02203,30.919
2026-03-19 13:00:00,11.9333,3.26581,0.983781,10.9495,0.087155,0.075705,0.023004,38.171
2026-03-19 14:00:00,11.0435,3.52828,0.766254,10.2773,0.067534,0.071227,0.022036,31.661
2026-03-19 15:00:00,9.02112,2.90255,0.684977,8.33615,0.063928,0.061482,0.021991,30.602
2026-03-19 16:00:00,13.5014,3.44952,0.945522,12.5559,0.081234,0.089775,0.023893,42.823
2026-03-19 17:00:00,40.2904,5.20011,3.43541,36.855,0.20713,0.250145,0.033985,116.067
2026-03-19 18:00:00,46.1831,5.73989,3.82557,42.3576,0.243272,0.291367,0.036286,138.807
2026-03-19 19:00:00,24.1756,5.81423,2.16561,22.01,0.143825,0.161539,0.027923,73.542
2026-03-19 20:00:00,14.0363,4.36995,1.17267,12.8636,0.097647,0.102333,0.023827,45.373
2026-03-19 21:00:00,9.28579,4.29103,0.894395,8.3914,0.07205,0.0682,0.021112,33.692
2026-03-19 22:00:00,4.30049,3.75917,0.378549,3.92194,0.033222,0.028503,0.017362,13.837
2026-03-19 23:00:00,0.424487,2.82991,0.026412,0.398075,0.009762,0.004147,0.014719,1.233
2026-03-20 00:00:00,1.45647,6.44457,0.057551,1.39892,0.005752,0.008157,0.014341,2.117
2026-03-20 01:00:00,0.919667,3.67867,0.044219,0.875448,0.007099,0.015053,0.014195,1.787
2026-03-20 02:00:00,0.741306,3.82117,0.040756,0.70055,0.006341,0.013077,0.01409,0.985
2026-03-20 03:00:00,0.000562,0.023394,0.00018,0.000382,5.6e-05,2.2e-05,0.013116,0.012
2026-03-20 04:00:00,0,0,0,0,5e-06,3e-06,0.013107,0
2026-03-20 05:00:00,0.344782,2.92189,0.02468,0.320102,0.003445,0.002247,0.013703,1.031
2026-03-20 06:00:00,7.89032,3.66991,0.534063,7.35625,0.045104,0.044499,0.018022,18.194
2026-03-20 07:00:00,40.4178,4.67042,2.1945,38.2233,0.157194,0.237261,0.030351,103.052
2026-03-20 08:00:00,59.3536,5.35296,3.75353,55.6001,0.240397,0.357124,0.039271,174.493
2026-03-20 09:00:00,15.4172,3.43827,1.044,14.3732,0.089627,0.102857,0.025243,49.93
2026-03-20 10:00:00,11.3558,3.06747,0.782329,10.5735,0.072193,0.073584,0.023455,36.603
2026-03-20 11:00:00,11.9442,3.51506,1.28712,10.6571,0.094584,0.078808,0.023583,35.159
2026-03-20 12:00:00,12.2041,3.74819,0.999376,11.2047,0.08142,0.082417,0.023379,38.912
2026-03-20 13:00:00,13.1476,3.77586,0.93962,12.2079,0.087421,0.085732,0.023082,39.667
2026-03-20 14:00:00,13.4937,3.11346,0.988751,12.505,0.083345,0.088833,0.023633,41.021
2026-03-20 15:00:00,13.1617,3.51355,1.08909,12.0727,0.085637,0.093384,0.023727,41.619
2026-03-20 16:00:00,19.6032,4.08741,1.54803,18.0552,0.118424,0.131887,0.026625,60.371
2026-03-20 17:00:00,42.7826,4.64422,3.0478,39.7348,0.194223,0.269376,0.035211,126.804
2026-03-20 18:00:00,57.2683,5.49811,4.61348,52.6548,0.276589,0.372971,0.04143,170.372
2026-03-20 19:00:00,25.4285,4.58666,2.05149,23.377,0.158311,0.174177,0.029491,83.614
2026-03-20 20:00:00,17.5669,4.28671,1.72634,15.8406,0.110428,0.112983,0.025172,53.984
2026-03-20 21:00:00,14.4793,3.9091,1.29026,13.1891,0.10046,0.095368,0.023634,46.982
2026-03-20 22:00:00,7.72918,4.20979,0.6809,7.04828,0.047483,0.043157,0.018862,23.792
2026-03-20 23:00:00,0.587615,24.484,0.072021,0.515594,0.006637,0.002726,0.014421,1.472
2026-03-21 00:00:00,0.771131,77.1131,0.050285,0.720846,0.006901,0.00316,0.014266,1.867
2026-03-21 01:00:00,0.794849,56.775,0.025362,0.769487,0.005373,0.008687,0.014028,2.127
2026-03-21 02:00:00,0.561765,46.8138,0.021621,0.540144,0.004144,0.005979,0.013844,1.343
2026-03-21 03:00:00,0.255582,2.97188,0.01276,0.242822,0.002732,0.002763,0.013644,0.881
2026-03-21 04:00:00,0.699363,49.9545,0.029785,0.669578,0.004134,0.007223,0.013682,1.173
2026-03-21 05:00:00,0.423469,2.09638,0.024239,0.39923,0.004146,0.002166,0.013844,1.43
2026-03-21 06:00:00,7.70646,3.75193,0.392497,7.31396,0.039667,0.039282,0.017788,15.861
2026-03-21 07:00:00,16.9842,3.5726,0.943785,16.0404,0.080699,0.099032,0.022782,46.292
2026-03-21 08:00:00,23.3094,3.80623,1.58566,21.7237,0.116498,0.145771,0.028434,66.114
2026-03-21 09:00:00,16.9096,2.67387,1.16399,15.7456,0.097531,0.116483,0.026439,56.061
2026-03-21 10:00:00,17.1194,3.16415,1.30989,15.8095,0.102804,0.11446,0.026192,54.2015
2026-03-21 11:00:00,17.3293,3.65443,1.45579,15.8735,0.108077,0.112436,0.025945,52.342
2026-03-21 12:00:00,16.1541,3.80635,1.38018,14.774,0.103754,0.100342,0.024911,48.765
2026-03-21 13:00:00,14.9811,3.21068,1.30279,13.6783,0.098661,0.098737,0.02436,47.881
2026-03-21 14:00:00,16.46,3.11153,1.27377,15.1862,0.097568,0.108089,0.024594,48.999
2026-03-21 15:00:00,16.038,3.8833,1.45781,14.5802,0.099088,0.097005,0.024458,44.383
2026-03-21 16:00:00,21.2892,4.24088,2.15076,19.1384,0.122738,0.133406,0.026359,56.36
2026-03-21 17:00:00,26.9255,4.04651,2.74185,24.1836,0.166413,0.177805,0.029461,79.633
2026-03-21 18:00:00,26.3446,4.51416,2.04078,24.3038,0.143412,0.172844,0.028757,77.534
2026-03-21 19:00:00,18.6289,4.28644,1.53362,17.0952,0.117775,0.126438,0.02574,55.721
2026-03-21 20:00:00,14.4664,4.09581,1.53838,12.928,0.10146,0.10159,0.023897,46.217
2026-03-21 21:00:00,11.6811,4.15697,1.05413,10.627,0.085906,0.088184,0.02301,40.32
2026-03-21 22:00:00,7.00256,5.93437,0.518529,6.48403,0.047366,0.042257,0.018625,20.846
2026-03-21 23:00:00,1.5084,11.6031,0.06346,1.44494,0.007445,0.007831,0.014667,2.642
2026-03-22 00:00:00,1.12968,7.75714,0.086961,1.04272,0.008523,0.008476,0.014501,2.7855
2026-03-22 01:00:00,0.750947,3.91118,0.110461,0.640486,0.009601,0.009122,0.014335,2.929
2026-03-22 02:00:00,0.181826,0.626988,0.008799,0.173027,0.002176,0.002014,0.013717,0.736
2026-03-22 03:00:00,0.692364,5.7697,0.022127,0.670237,0.002088,0.013118,0.014332,1.391
2026-03-22 04:00:00,0.687349,42.9592,0.027459,0.65989,0.000397,0.007341,0.013675,1.465
2026-03-22 05:00:00,0.73719,2.87965,0.308682,0.428508,0.009078,0.00244,0.013936,1.467
2026-03-22 06:00:00,4.86732,2.61965,0.704802,4.16251,0.046969,0.02851,0.017042,12.519
2026-03-22 07:00:00,12.913,3.70424,0.709966,12.203,0.063436,0.078132,0.021053,31.164
2026-03-22 08:00:00,15.0669,3.49095,1.07368,13.9933,0.079498,0.090032,0.023868,42.061
2026-03-22 09:00:00,16.6348,3.21508,1.22415,15.4107,0.088501,0.098356,0.024291,42.55
2026-03-22 10:00:00,11.7442,2.18864,0.86384,10.8804,0.079025,0.081461,0.023836,39.063
2026-03-22 11:00:00,12.8084,2.98843,1.0069,11.8015,0.0854,0.085491,0.023898,38.484
2026-03-22 12:00:00,14.2173,3.10016,1.19292,13.0244,0.096059,0.098178,0.024206,45.032
2026-03-22 13:00:00,16.6363,3.41749,1.42798,15.2083,0.106389,0.113893,0.025592,52.427
2026-03-22 14:00:00,16.5533,3.12209,1.35532,15.198,0.102898,0.104132,0.025304,48.841
2026-03-22 15:00:00,29.3114,5.59164,1.83939,27.472,0.138673,0.137434,0.026683,57.926
2026-03-22 16:00:00,19.6067,3.51248,1.57858,18.0281,0.122778,0.13248,0.026805,56.158
2026-03-22 17:00:00,22.1136,3.93341,1.93786,20.1758,0.124278,0.145212,0.027088,61.615
2026-03-22 18:00:00,22.3902,4.19135,2.06768,20.3225,0.144884,0.147675,0.028164,66.116
2026-03-22 19:00:00,17.3666,4.17066,1.64612,15.7205,0.111321,0.124446,0.026125,53.7
2026-03-22 20:00:00,13.025,4.21247,1.31892,11.706,0.091171,0.091191,0.02337,41.586
2026-03-22 21:00:00,10.9034,4.78219,1.3569,9.54649,0.090381,0.079762,0.022328,38.278
2026-03-22 22:00:00,3.89089,3.43718,0.343865,3.54702,0.042407,0.03422,0.018124,14.994
2026-03-22 23:00:00,0.311153,10.3718,0.014364,0.296789,0.006576,0.006017,0.01452,0.778
2026-03-23 00:00:00,0.092618,0.432798,0.00529,0.087328,0.002476,0.001532,0.013965,0.433
2026-03-23 01:00:00,0.637897,6.78612,0.015451,0.622446,0.003596,0.007807,0.013864,0.959
2026-03-23 02:00:00,0.000297,0.006471,0.000107,0.00019,0.003679,0.007096,0.013908,0.013
2026-03-23 03:00:00,0.000368,0.022976,0.000179,0.000189,0.00013,7.4e-05,0.013434,0.007
2026-03-23 04:00:00,0.000457,0.032499,3.4e-05,0.000423,4.2e-05,3e-05,0.013383,0.007
2026-03-23 05:00:00,0.430075,2.82944,0.034663,0.395412,0.003767,0.002136,0.013898,0.995
2026-03-23 06:00:00,7.69884,3.22397,0.44688,7.25196,0.047867,0.044864,0.018464,21.171
2026-03-23 07:00:00,45.5338,4.46497,2.58274,42.9511,0.180324,0.273225,0.03269,120.89
2026-03-23 08:00:00,30.7117,4.13497,1.95851,28.7532,0.136167,0.18909,0.028698,84.449
2026-03-23 09:00:00,15.8895,3.80496,1.33427,14.5552,0.092011,0.104955,0.024706,48.008
2026-03-23 10:00:00,8.94553,2.56319,0.72122,8.22431,0.069918,0.061035,0.022282,31.027
2026-03-23 11:00:00,11.3428,3.41651,0.994864,10.348,0.077185,0.072899,0.022773,34.657
2026-03-23 12:00:00,11.0984,3.62221,0.931314,10.1671,0.077057,0.079235,0.022918,36.068
2026-03-23 13:00:00,11.7238,3.51011,1.03924,10.6845,0.07551,0.077141,0.022706,36.172
2026-03-23 14:00:00,12.735,3.33202,1.01196,11.723,0.078915,0.082597,0.023148,38.092
2026-03-23 15:00:00,13.6757,3.80917,1.06263,12.613,0.08383,0.088808,0.023686,41.66
2026-03-23 16:00:00,14.6164,4.28633,1.1133,13.5031,0.088746,0.095019,0.024224,45.228
2026-03-23 17:00:00,39.0797,4.71066,2.75608,36.3236,0.184058,0.251418,0.033611,117.751
2026-03-23 18:00:00,43.5412,5.07354,3.19836,40.3428,0.21918,0.291129,0.036004,137.829
2026-03-23 19:00:00,20.0163,5.01159,1.76842,18.2479,0.125169,0.136191,0.026558,62.793
2026-03-23 20:00:00,14.0059,5.63393,1.09227,12.9137,0.084833,0.087961,0.023186,41.726
2026-03-23 21:00:00,11.9528,6.10457,1.3338,10.619,0.097301,0.081105,0.021765,34.523
2026-03-23 22:00:00,5.41184,6.14982,0.494969,4.91687,0.040093,0.035236,0.017983,14.77
2026-03-23 23:00:00,0.270866,3.56401,0.018975,0.251891,0.003365,0.001617,0.01415,1.022
2026-03-24 00:00:00,0.271696,13.5847,0.009451,0.262245,0.001661,0.000997,0.01373,0.451
2026-03-24 01:00:00,0.138071,3.2874,0.003905,0.134166,0.000704,0.00146,0.013531,0.201
2026-03-24 02:00:00,0.761425,11.8973,0.03227,0.729155,0.004482,0.007604,0.013778,1.193
2026-03-24 03:00:00,0.50053,5.21386,0.022954,0.477576,0.004237,0.005576,0.013701,1.274
2026-03-24 04:00:00,0.579109,24.1295,0.020735,0.558374,0.003262,0.005309,0.013553,0.93
2026-03-24 05:00:00,0.798438,2.20563,0.031476,0.766962,0.004797,0.003293,0.013905,1.476
2026-03-24 06:00:00,6.98742,2.85201,0.461423,6.52599,0.04321,0.041867,0.018309,19.077
2026-03-24 07:00:00,40.6781,4.28461,2.36996,38.3081,0.165089,0.250566,0.031627,112.15
2026-03-24 08:00:00,58.3232,5.35075,3.46103,54.8621,0.229605,0.356113,0.038151,166.835
2026-03-24 09:00:00,15.0409,3.4545,1.06034,13.9806,0.089991,0.096593,0.02457,46.951
2026-03-24 10:00:00,8.86404,3.18621,0.648442,8.21559,0.062549,0.057855,0.022005,29.953
2026-03-24 11:00:00,9.62972,3.03585,0.95788,8.67184,0.079852,0.064434,0.022774,34.457
2026-03-24 12:00:00,9.86993,2.99452,0.879708,8.99023,0.068436,0.063279,0.021979,31.096
2026-03-24 13:00:00,9.97222,2.50558,0.814462,9.15776,0.074554,0.065471,0.021926,32.904
2026-03-24 14:00:00,10.817,3.50518,0.871571,9.94541,0.067384,0.073759,0.022433,31.037
2026-03-24 15:00:00,12.7581,4.06568,0.93144,11.8267,0.07154,0.081162,0.022496,33.741
2026-03-24 16:00:00,14.2288,3.59857,1.09176,13.137,0.085826,0.093751,0.023985,42.834
2026-03-24 17:00:00,39.8427,4.88029,3.32339,36.5193,0.206811,0.249161,0.033376,117.119
2026-03-24 18:00:00,45.4853,5.61825,3.76413,41.7212,0.23142,0.298511,0.03662,136.197
2026-03-24 19:00:00,23.4252,6.26007,1.64798,21.7772,0.125378,0.150734,0.027259,69.335
2026-03-24 20:00:00,12.4759,4.75816,1.05669,11.4192,0.083083,0.088425,0.023025,30.621
2026-03-24 21:00:00,10.3054,4.56798,0.950315,9.35504,0.074734,0.068097,0.021272,33.067
2026-03-24 22:00:00,5.30146,5.87745,0.440071,4.86139,0.043567,0.033668,0.018061,17.085
2026-03-24 23:00:00,0.701436,2.52315,0.041486,0.65995,0.006924,0.003502,0.014398,1.633
2026-03-25 00:00:00,0.616229,2.15464,0.026689,0.58954,0.004241,0.002437,0.014099,1.392
2026-03-25 01:00:00,0.735927,1.65749,0.039962,0.695965,0.005123,0.007511,0.014111,1.491
2026-03-25 02:00:00,0.608722,1.47748,0.021409,0.587313,0.003681,0.006152,0.013972,0.981
2026-03-25 03:00:00,2.12265,9.14934,0.055734,2.06691,0.007742,0.021195,0.01393,1.936
2026-03-25 04:00:00,0.53907,4.99138,0.022459,0.516611,0.004143,0.005287,0.013664,1.222
2026-03-25 05:00:00,0.65568,1.1423,0.04562,0.61006,0.006198,0.003343,0.01401,1.774
2026-03-25 06:00:00,9.36547,3.54753,0.561947,8.80353,0.052013,0.05056,0.01868,21.528
2026-03-25 07:00:00,41.7466,4.7364,2.4019,39.3447,0.164625,0.249801,0.031734,111.295
2026-03-25 08:00:00,55.437,4.7512,3.66619,51.7708,0.233703,0.348012,0.038287,167.153
2026-03-25 09:00:00,13.9775,2.85487,1.02757,12.9499,0.08777,0.097693,0.024726,47.29
2026-03-25 10:00:00,11.2517,2.83561,0.914096,10.3376,0.074552,0.074366,0.022998,34.618
2026-03-25 11:00:00,10.1141,2.89138,0.812853,9.3012,0.069673,0.063876,0.022534,30.981
2026-03-25 12:00:00,12.2039,3.54557,0.929009,11.2749,0.076327,0.074903,0.023286,34.516
2026-03-25 13:00:00,11.971,3.46382,0.876786,11.0942,0.072974,0.071257,0.0221,34.69
2026-03-25 14:00:00,9.83086,3.16512,0.825014,9.00585,0.067445,0.063308,0.021809,30.173
2026-03-25 15:00:00,9.73269,3.16819,0.968056,8.76463,0.070918,0.065819,0.022295,31.592
2026-03-25 16:00:00,12.7074,3.45122,1.08556,11.6218,0.088739,0.085429,0.02362,39.007
2026-03-25 17:00:00,37.4702,4.71679,2.62518,34.845,0.180302,0.239775,0.033194,113.525
2026-03-25 18:00:00,41.2579,5.27864,3.30556,37.9523,0.214402,0.278374,0.035697,92.274
2026-03-25 19:00:00,20.8022,5.3697,1.54722,19.255,0.123858,0.141772,0.02684,64.419
2026-03-25 20:00:00,12.0084,4.76147,1.03115,10.9773,0.081031,0.079838,0.022627,39.995
2026-03-25 21:00:00,10.1944,4.75043,0.938601,9.25582,0.074147,0.07617,0.02167,37.2
2026-03-25 22:00:00,3.44439,3.31191,0.331734,3.11266,0.031423,0.024515,0.017054,13.076
2026-03-25 23:00:00,0.022997,5.74943,0.002621,0.020376,0.000277,0.000527,0.013912,0.105
2026-03-26 00:00:00,4.2e-05,0.0069,2.1e-05,2.1e-05,2.2e-05,1.1e-05,0.013679,0.004
2026-03-26 01:00:00,0,0,0,0,2e-06,1e-06,0.013476,0
2026-03-26 02:00:00,7.2e-05,0.007075,2.3e-05,4.9e-05,5.2e-05,2e-05,0.013431,0.005
2026-03-26 03:00:00,0.002115,1.05769,0.000884,0.001231,0.000125,6e-05,0.013346,0.046
2026-03-26 04:00:00,7.1e-05,0.011889,3.8e-05,3.3e-05,2e-05,1.1e-05,0.013296,0.004
2026-03-26 05:00:00,0.143058,0.72251,0.012153,0.130905,0.001307,0.001081,0.013648,0.688
2026-03-26 06:00:00,8.54188,4.11458,0.451315,8.09056,0.045435,0.054004,0.018476,19.866
2026-03-26 07:00:00,44.4962,4.97831,2.55412,41.942,0.177983,0.259554,0.031996,115.681
2026-03-26 08:00:00,59.7439,5.59819,3.21832,56.5256,0.21833,0.353439,0.037705,158.311
2026-03-26 09:00:00,13.545,3.08964,1.02685,12.5181,0.085226,0.095654,0.024523,43.894
2026-03-26 10:00:00,9.57624,2.86885,0.892745,8.68349,0.06996,0.060291,0.022717,31.847
2026-03-26 11:00:00,11.2323,3.47103,1.15814,10.0741,0.07478,0.077206,0.023369,36.052
2026-03-26 12:00:00,12.7518,3.71435,1.11344,11.6384,0.079035,0.083187,0.02317,36.4615
2026-03-26 13:00:00,14.2713,3.95767,1.06875,13.2026,0.08329,0.089168,0.022971,36.871
2026-03-26 14:00:00,10.6323,3.13822,0.75004,9.88226,0.069095,0.071699,0.022647,34.622
2026-03-26 15:00:00,10.5746,2.81389,0.750862,9.82372,0.07674,0.070099,0.022914,33.432
2026-03-26 16:00:00,13.6423,3.45723,1.06666,12.5756,0.086832,0.090698,0.023796,43.379
2026-03-26 17:00:00,39.7583,4.68296,2.89719,36.8611,0.197666,0.264439,0.034129,118.976
2026-03-26 18:00:00,42.6765,5.24539,2.86772,39.8088,0.209094,0.284407,0.035645,129.813
2026-03-26 19:00:00,18.744,4.66268,1.5094,17.2346,0.12019,0.130594,0.026754,66.01
2026-03-26 20:00:00,13.0975,4.90177,1.15305,11.9445,0.090059,0.092469,0.023365,44.583
2026-03-26 21:00:00,11.9382,4.72988,1.24308,10.6951,0.093713,0.089716,0.022879,40.703
2026-03-26 22:00:00,6.25981,6.16123,0.562903,5.69691,0.05019,0.040683,0.018831,18.259
2026-03-26 23:00:00,0.607611,5.14923,0.033303,0.574308,0.005286,0.002593,0.014236,1.517
2026-03-27 00:00:00,0.744501,4.48494,0.076563,0.667938,0.006101,0.002463,0.014053,1.558
2026-03-27 01:00:00,0.393945,8.56404,0.010407,0.383538,0.00201,0.004409,0.013506,0.575
2026-03-27 02:00:00,0.300879,2.83848,0.01346,0.287419,0.002358,0.003137,0.013283,0.717
2026-03-27 03:00:00,0.407745,4.16066,0.075401,0.332344,0.007287,0.004056,0.013413,1.29
2026-03-27 04:00:00,0.851804,9.4645,0.060217,0.791587,0.007809,0.00894,0.013543,2.009
2026-03-27 05:00:00,0.899808,1.99958,0.040562,0.859246,0.00667,0.003709,0.013682,2.008
2026-03-27 06:00:00,9.30872,4.10437,0.453387,8.85533,0.048509,0.048281,0.0184,21.807
2026-03-27 07:00:00,41.7158,4.63715,2.71337,39.0024,0.172738,0.253688,0.03136,111.176
2026-03-27 08:00:00,56.0105,5.46018,3.68468,52.3258,0.22619,0.347626,0.037783,154.26
2026-03-27 09:00:00,13.8866,3.11637,0.875428,13.0111,0.079917,0.091975,0.024082,44.369
2026-03-27 10:00:00,9.02068,2.93451,0.648987,8.37169,0.059364,0.057796,0.022216,30.239
2026-03-27 11:00:00,11.9014,3.61963,0.868405,11.0329,0.076603,0.074322,0.023215,37.369
2026-03-27 12:00:00,13.8168,3.97951,1.12231,12.6945,0.08821,0.086065,0.023699,45.007
2026-03-27 13:00:00,12.8254,3.76774,1.03954,11.7859,0.085567,0.086028,0.023207,39.31
2026-03-27 14:00:00,11.699,3.42277,0.918419,10.7806,0.081175,0.080259,0.022956,37.491
2026-03-27 15:00:00,14.5961,3.98366,1.18032,13.4158,0.090508,0.09376,0.024141,43.448
2026-03-27 16:00:00,21.4345,4.40677,1.40922,20.0253,0.115122,0.144052,0.027484,62.401
2026-03-27 17:00:00,46.8883,5.46356,3.36218,43.5261,0.217307,0.271064,0.035592,126.476
2026-03-27 18:00:00,49.3774,5.51703,4.02381,45.3536,0.245141,0.326978,0.039116,154.278
2026-03-27 19:00:00,28.1686,5.92774,2.90038,25.2682,0.168152,0.183668,0.029985,83.514
2026-03-27 20:00:00,15.5632,4.79459,1.3824,14.1808,0.099287,0.105553,0.024475,51.007
2026-03-27 21:00:00,14.0767,5.07817,1.67544,12.4012,0.107,0.09225,0.023663,45.014
2026-03-27 22:00:00,9.8815,7.96895,0.56474,9.31676,0.055744,0.05189,0.019826,24.47
2026-03-27 23:00:00,0.892429,9.91586,0.031966,0.860463,0.004553,0.004239,0.014378,1.214
2026-03-28 00:00:00,3.90971,93.0883,0.074364,3.83534,0.012162,0.012611,0.014701,3.521
2026-03-28 01:00:00,1.08788,19.4264,0.061769,1.02611,0.012022,0.015897,0.014589,3.508
2026-03-28 02:00:00,0.680476,11.7324,0.064698,0.615778,0.01292,0.013801,0.014878,4.033
2026-03-28 03:00:00,0.826522,24.3094,0.051071,0.775451,0.009205,0.010505,0.014127,2.847
2026-03-28 04:00:00,0.723242,15.7227,0.088867,0.634375,0.0084,0.007946,0.013768,1.851
2026-03-28 05:00:00,0.499733,1.46121,0.077378,0.422355,0.007506,0.003109,0.014235,2.271
2026-03-28 06:00:00,6.43576,2.74563,0.349759,6.086,0.040615,0.03594,0.017793,16.387
2026-03-28 07:00:00,18.9736,4.25036,1.0062,17.9674,0.088563,0.112674,0.023643,47.853
2026-03-28 08:00:00,26.5791,4.36296,1.68416,24.895,0.127292,0.169661,0.028225,55.211
2026-03-28 09:00:00,18.0778,3.34278,1.49705,16.5807,0.097513,0.121584,0.026022,53.418
2026-03-28 10:00:00,15.6091,2.74905,1.47328,14.1358,0.098789,0.101086,0.025397,46.865
2026-03-28 11:00:00,15.4166,3.51496,1.1116,14.305,0.093521,0.096063,0.024642,44.669
2026-03-28 12:00:00,15.9465,3.79317,1.2321,14.7144,0.090677,0.109119,0.025065,48.216
2026-03-28 13:00:00,15.7188,3.64704,1.4562,14.2626,0.101815,0.093857,0.024753,47.595
2026-03-28 14:00:00,14.3002,2.81168,1.05865,13.2416,0.089504,0.098551,0.024744,46.509
2026-03-28 15:00:00,15.5205,3.39321,1.07153,14.449,0.086063,0.10184,0.024325,46.712
2026-03-28 16:00:00,16.6869,3.93558,1.50141,15.1855,0.102264,0.111334,0.025165,49.853
2026-03-28 17:00:00,27.17,3.98855,2.13732,25.0327,0.145126,0.174565,0.029344,79.649
2026-03-28 18:00:00,25.9771,3.88762,2.33563,23.6415,0.156879,0.175481,0.029687,82.489
2026-03-28 19:00:00,16.9589,4.24823,1.5729,15.386,0.116988,0.114005,0.025815,51.292
2026-03-28 20:00:00,12.85,4.03579,1.25311,11.5968,0.093449,0.085006,0.023841,47.313
2026-03-28 21:00:00,12.6723,3.79411,1.41631,11.256,0.092919,0.092357,0.023066,44.808
2026-03-28 22:00:00,5.82017,3.33343,0.632869,5.1873,0.046162,0.044295,0.018599,19.945
2026-03-28 23:00:00,0.047413,4.74129,0.002371,0.045042,0.000374,0.000325,0.013959,0.134
2026-03-29 00:00:00,8e-06,0.002192,4e-06,4e-06,5e-06,2e-06,0.013648,0
2026-03-29 01:00:00,0.000343,0.011453,8e-05,0.000263,6.2e-05,2e-05,0.013486,0.018
2026-03-29 02:00:00,4.3e-05,0.005424,1.1e-05,3.2e-05,1.2e-05,3.3e-05,0.013535,0.001
2026-03-29 03:00:00,0.062378,1.35609,0.00443,0.057948,0.000694,0.002706,0.01354,0.122
2026-03-29 04:00:00,0.000314,0.052435,5.5e-05,0.000259,2.9e-05,2.2e-05,0.0134,0.012
2026-03-29 05:00:00,0.224742,1.40465,0.013956,0.210786,0.001529,0.00122,0.013522,0.368
2026-03-29 06:00:00,3.67521,2.4021,0.264208,3.411,0.029336,0.022604,0.016478,10.444
2026-03-29 07:00:00,11.6236,3.69005,0.742638,10.881,0.065055,0.071515,0.021192,32.216
2026-03-29 08:00:00,15.3095,3.78012,0.941782,14.3677,0.080963,0.103632,0.023913,43.528
2026-03-29 09:00:00,15.5973,3.2508,1.411,14.1863,0.093598,0.096019,0.024529,45.265
2026-03-29 10:00:00,12.1201,2.53558,0.852055,11.268,0.078135,0.082865,0.023727,37.909
2026-03-29 11:00:00,12.9958,3.32544,1.09242,11.9034,0.084889,0.086696,0.024374,37.714
2026-03-29 12:00:00,11.7608,2.79222,1.03606,10.7248,0.084193,0.078984,0.023105,40.52
2026-03-29 13:00:00,13.3352,2.72927,1.28796,12.0473,0.100079,0.091172,0.023802,44.008
2026-03-29 14:00:00,16.2602,2.83773,1.30283,14.9574,0.105136,0.111529,0.02512,51.784
2026-03-29 15:00:00,14.6024,3.86512,1.4041,13.1983,0.105303,0.121278,0.025922,53.6
2026-03-29 16:00:00,19.159,3.52188,1.48883,17.6702,0.115699,0.127118,0.025996,55.616
2026-03-29 17:00:00,23.796,4.02504,1.72281,22.0732,0.12785,0.158607,0.028414,67.179
2026-03-29 18:00:00,21.9969,3.885,1.90613,20.0908,0.134251,0.15279,0.027253,67.021
2026-03-29 19:00:00,17.1009,4.49079,1.49661,15.6043,0.122083,0.118904,0.025498,53.132
2026-03-29 20:00:00,12.3109,4.2687,1.25081,11.0601,0.08576,0.090827,0.0232,42.253
2026-03-29 21:00:00,12.3931,4.65555,1.14088,11.2522,0.090069,0.091071,0.022291,41.82
2026-03-29 22:00:00,6.06557,4.5401,0.431639,5.63394,0.045653,0.040402,0.01876,19.036
2026-03-29 23:00:00,0.33139,3.45199,0.024898,0.306492,0.005132,0.002802,0.014325,1.332
2026-03-30 00:00:00,1.02082,8.36735,0.036018,0.9848,0.008099,0.004592,0.014424,2.514
2026-03-30 01:00:00,0.902847,5.01582,0.02886,0.873987,0.005159,0.009446,0.01391,1.191
2026-03-30 02:00:00,0.766379,1.75775,0.059355,0.707024,0.007417,0.008769,0.014238,1.285
2026-03-30 03:00:00,0.595361,2.48067,0.022801,0.57256,0.003644,0.006542,0.013804,0.883
2026-03-30 04:00:00,0.883059,29.4353,0.028918,0.854141,0.00346,0.007975,0.013675,0.818
2026-03-30 05:00:00,0.36801,1.172,0.022576,0.345434,0.003673,0.001645,0.013829,1.129
2026-03-30 06:00:00,7.76293,3.5222,0.469507,7.29343,0.047596,0.043455,0.018567,20.741
2026-03-30 07:00:00,41.5959,4.205,2.52558,39.0703,0.17527,0.255085,0.032127,117.268
2026-03-30 08:00:00,55.2939,4.70186,3.36007,51.9338,0.222971,0.339847,0.037795,165.562
2026-03-30 09:00:00,16.0567,3.7977,1.00723,15.0495,0.088869,0.109117,0.024579,46.582
2026-03-30 10:00:00,11.4066,3.66773,0.739817,10.6668,0.068301,0.076933,0.023356,35.865
2026-03-30 11:00:00,11.0684,3.40148,0.948587,10.1198,0.069725,0.074437,0.023893,33.843
2026-03-30 12:00:00,11.5806,3.73808,0.815394,10.7652,0.073377,0.074657,0.022653,35.813
2026-03-30 13:00:00,9.81726,2.81781,0.921447,8.89581,0.079348,0.073004,0.022501,34.443
2026-03-30 14:00:00,9.95078,3.38002,0.735454,9.21533,0.065674,0.065144,0.022735,31.932
2026-03-30 15:00:00,9.28521,3.29731,0.685358,8.59986,0.06777,0.063679,0.022114,29.985
2026-03-30 16:00:00,13.4815,4.31823,1.20198,12.2795,0.094528,0.092654,0.024425,42.93
2026-03-30 17:00:00,35.8913,4.5932,2.48072,33.4106,0.177169,0.238688,0.03338,114.451
2026-03-30 18:00:00,49.2865,6.17934,3.62018,45.6663,0.237918,0.316164,0.037547,145.173
2026-03-30 19:00:00,20.5217,5.60701,1.78094,18.7407,0.125887,0.136441,0.026753,64.643
2026-03-30 20:00:00,14.567,5.70358,1.36815,13.1988,0.09497,0.093731,0.023579,46.455
2026-03-30 21:00:00,9.70713,4.45281,1.13674,8.57038,0.083614,0.067659,0.021629,35.191
2026-03-30 22:00:00,5.09632,5.58807,0.482123,4.61419,0.041864,0.029874,0.017957,10.28
2026-03-30 23:00:00,0.259892,3.71275,0.006404,0.253488,0.001031,0.001058,0.013995,0.352
2026-03-31 00:00:00,0.02562,0.365978,0.00047,0.02515,0.000152,0.000107,0.013766,0.035
2026-03-31 01:00:00,0.0001,0.002003,4e-05,6e-05,4.5e-05,2e-05,0.013531,0.01
2026-03-31 02:00:00,6.3e-05,0.001266,2.9e-05,3.4e-05,4.1e-05,2.2e-05,0.013569,0.007
2026-03-31 03:00:00,0.017769,0.32906,0.009885,0.007884,0.000943,0.000224,0.013494,0.231
2026-03-31 04:00:00,0.000247,0.010329,0.000162,8.5e-05,3e-05,1.5e-05,0.01349,0.009
2026-03-31 05:00:00,0.41458,1.40061,0.031377,0.383203,0.005329,0.002995,0.01403,1.39
2026-03-31 06:00:00,8.62701,3.33346,0.466308,8.1607,0.048098,0.049942,0.018652,20.21
2026-03-31 07:00:00,41.2543,4.61871,2.33182,38.9225,0.172487,0.266298,0.032359,117.587
2026-03-31 08:00:00,59.5667,5.42799,3.40766,56.1591,0.228948,0.366531,0.038705,179.129
2026-03-31 09:00:00,16.4926,3.4417,1.19622,15.2964,0.105535,0.10792,0.026385,51.743
2026-03-31 10:00:00,9.47029,2.46879,0.696891,8.7734,0.06204,0.064055,0.02266,34.105
2026-03-31 11:00:00,11.6919,2.70772,0.916673,10.7753,0.077836,0.079222,0.023599,38.138
2026-03-31 12:00:00,12.2987,3.12467,0.896777,11.4019,0.081706,0.083402,0.023458,43.05
2026-03-31 13:00:00,10.2134,3.17383,0.731701,9.48169,0.066677,0.069988,0.022013,35.36
2026-03-31 14:00:00,9.49278,3.00214,0.702707,8.79007,0.075031,0.066088,0.022435,31.175
2026-03-31 15:00:00,11.551,3.66,0.799156,10.7518,0.068058,0.074752,0.022367,35.516
2026-03-31 16:00:00,14.3658,3.73138,1.04572,13.3201,0.090486,0.098675,0.024497,47.232
2026-03-31 17:00:00,38.3108,5.08235,2.60455,35.7062,0.17852,0.246899,0.033036,112.768
2026-03-31 18:00:00,49.0635,6.07221,3.6558,45.4077,0.234074,0.314061,0.037693,146.26
2026-03-31 19:00:00,22.6532,5.3503,1.75791,20.8953,0.129298,0.153358,0.027899,67.739
2026-03-31 20:00:00,13.539,4.24419,0.99898,12.54,0.085341,0.096576,0.023525,44.226
2026-03-31 21:00:00,9.26194,3.72564,0.970223,8.29172,0.07306,0.06613,0.021298,35.806
2026-03-31 22:00:00,4.46232,4.03464,0.310279,4.15204,0.028449,0.030465,0.017311,13.806
2026-03-31 23:00:00,0.047957,5.99472,0.009795,0.038162,0.000299,0.000378,0.014,0.514
2026-04-01 00:00:00,0.013465,6.73235,0.004516,0.008949,3e-06,0.000126,0.013891,0.288
2026-04-01 01:00:00,0.224004,28.0006,0.010913,0.213091,0.00237,0.002773,0.013603,0.87
2026-04-01 02:00:00,0.027544,3.44309,0.001065,0.026479,0.000257,0.000314,0.013444,0.094
2026-04-01 03:00:00,3.7e-05,0.00612,2.1e-05,1.6e-05,2.7e-05,1e-05,0.013364,0.002
2026-04-01 04:00:00,1.5e-05,0.00716,5e-06,1e-05,6e-06,2e-06,0.013382,0.001
2026-04-01 05:00:00,0.393463,3.27885,0.026426,0.367037,0.001876,0.002906,0.013738,0.866
2026-04-01 06:00:00,8.47075,4.16868,0.449117,8.02163,0.045571,0.049756,0.018387,18.062
2026-04-01 07:00:00,44.969,5.15936,2.52107,42.4479,0.176189,0.268106,0.032282,116.189
2026-04-01 08:00:00,58.0454,5.42277,3.46419,54.5812,0.228802,0.363291,0.038779,171.622
2026-04-01 09:00:00,16.9779,4.14501,1.00622,15.9717,0.087404,0.107747,0.025147,48.716
2026-04-01 10:00:00,9.4692,3.2451,0.554246,8.91496,0.059505,0.065224,0.022476,31.527
2026-04-01 11:00:00,9.98024,3.5416,0.646445,9.33379,0.06173,0.06246,0.02223,28.546
2026-04-01 12:00:00,11.3877,3.88393,0.867466,10.5202,0.0741,0.070635,0.022854,35.438
2026-04-01 13:00:00,11.8731,4.02753,0.919063,10.9541,0.071733,0.073625,0.02186,26.216
2026-04-01 14:00:00,12.261,3.54981,0.862826,11.3982,0.066111,0.061852,0.021958,30.235
2026-04-01 15:00:00,10.0696,2.64572,0.783944,9.28565,0.065701,0.068229,0.022371,32.777
2026-04-01 16:00:00,12.8374,3.23361,0.895575,11.9419,0.079919,0.084538,0.023913,43.808
2026-04-01 17:00:00,41.553,5.25987,3.05063,38.5023,0.194214,0.260277,0.033675,115.038
2026-04-01 18:00:00,48.5707,5.9772,3.48901,45.0817,0.223955,0.306842,0.036554,138.201
2026-04-01 19:00:00,18.8361,4.6763,1.61992,17.2162,0.131207,0.134527,0.026503,62.352
2026-04-01 20:00:00,12.7543,4.00575,1.39776,11.3566,0.095787,0.088382,0.023428,43.838
2026-04-01 21:00:00,10.0877,4.05456,1.05051,9.03723,0.088247,0.069769,0.021599,37.418
2026-04-01 22:00:00,4.536,3.57165,0.405687,4.13032,0.041309,0.033644,0.018243,18.18
2026-04-01 23:00:00,0.480031,2.72745,0.020004,0.460027,0.003027,0.002063,0.014086,0.83
2026-04-02 00:00:00,0.030652,0.154808,0.001163,0.029489,0.000393,0.000146,0.013743,0.092
2026-04-02 01:00:00,0.267357,4.45594,0.016943,0.250414,0.002879,0.002729,0.014804,0.772
2026-04-02 02:00:00,0.000137,0.002358,5.7e-05,8e-05,6.4e-05,2.6e-05,0.013358,0.011
2026-04-02 03:00:00,0.024414,0.297726,0.003246,0.021168,0.000659,0.000352,0.013295,0.204
2026-04-02 04:00:00,0.000128,0.002875,2.9e-05,9.9e-05,4.4e-05,1.8e-05,0.013401,0.007
2026-04-02 05:00:00,0.33929,1.02815,0.026752,0.312538,0.003388,0.001593,0.01387,1.236
2026-04-02 06:00:00,7.73258,3.1769,0.425718,7.30686,0.045749,0.04654,0.018409,18.285
2026-04-02 07:00:00,44.2094,4.87317,2.667,41.5424,0.178007,0.255853,0.031939,115.191
2026-04-02 08:00:00,61.6969,5.26964,3.86752,57.8294,0.24154,0.374666,0.039249,181.531
2026-04-02 09:00:00,16.7086,3.88392,1.11828,15.5903,0.093719,0.106635,0.024949,47.738
2026-04-02 10:00:00,9.19454,3.43593,0.608985,8.58555,0.062171,0.063379,0.022561,31.124
2026-04-02 11:00:00,11.8539,3.57906,0.772658,11.0812,0.067141,0.078285,0.023066,32.169
2026-04-02 12:00:00,11.441,3.47329,0.912976,10.528,0.076582,0.077094,0.022754,35.688
2026-04-02 13:00:00,10.852,3.1437,0.854555,9.99748,0.074977,0.06977,0.022213,34.338
2026-04-02 14:00:00,13.9214,4.14821,0.889163,13.0322,0.078118,0.087025,0.023417,38.312
2026-04-02 15:00:00,14.1459,4.55146,0.850733,13.2952,0.075767,0.084567,0.023382,37.344
2026-04-02 16:00:00,15.9641,4.78826,1.20788,14.7562,0.092496,0.102429,0.024297,43.771
2026-04-02 17:00:00,42.058,5.35908,2.73463,39.3234,0.175462,0.268461,0.03399,116.136
2026-04-02 18:00:00,47.0456,5.62343,3.12638,43.9192,0.227642,0.311239,0.037769,141.236
2026-04-02 19:00:00,22.2679,5.32726,1.63908,20.6289,0.127959,0.15322,0.027909,70.829
2026-04-02 20:00:00,18.7749,6.6767,1.38488,17.39,0.097644,0.115987,0.025083,49.782
2026-04-02 21:00:00,11.6318,5.0094,0.987548,10.6443,0.086897,0.079782,0.0224,39.701
2026-04-02 22:00:00,4.40189,4.31558,0.374725,4.02717,0.037456,0.031368,0.017863,15.574
2026-04-02 23:00:00,0.227383,2.77295,0.008966,0.218417,0.006053,0.003096,0.014286,0.436
2026-04-03 00:00:00,0.019559,0.488949,0.000742,0.018817,0.002729,0.002313,0.013941,0.045
2026-04-03 01:00:00,0.000468,0.009728,5.7e-05,0.000411,0.000794,0.00136,0.013309,0.008
2026-04-03 02:00:00,0.000115,0.003039,5.7e-05,5.8e-05,0.000643,0.000205,0.013123,0.008
2026-04-03 03:00:00,8.8e-05,0.002591,1.8e-05,7e-05,0.000447,0.000212,0.013102,0.005
2026-04-03 04:00:00,0.000389,0.011389,5.2e-05,0.000337,0.000463,0.000223,0.01308,0.008
2026-04-03 05:00:00,0.876302,2.43417,0.064272,0.81203,0.008869,0.00588,0.013901,2.215
2026-04-03 06:00:00,8.20736,2.96295,0.507631,7.69973,0.053486,0.054627,0.018819,20.536
2026-04-03 07:00:00,42.1949,4.71767,2.60399,39.5909,0.173892,0.25405,0.032044,117.831
2026-04-03 08:00:00,57.5417,5.50217,3.19849,54.3432,0.221148,0.35542,0.039144,159.554
2026-04-03 09:00:00,16.4529,3.54742,1.03166,15.4213,0.086118,0.098283,0.024768,45.01
2026-04-03 10:00:00,11.3212,3.39161,0.986216,10.335,0.074952,0.076038,0.023654,37.633
2026-04-03 11:00:00,12.5767,3.55476,1.12785,11.4489,0.091657,0.085132,0.024345,41.392
2026-04-03 12:00:00,17.2265,4.36998,1.46476,15.7617,0.116489,0.119441,0.025212,54.131
2026-04-03 13:00:00,17.2626,4.24143,1.11506,16.1476,0.089236,0.106788,0.024417,45.588
2026-04-03 14:00:00,18.8871,4.41493,1.37576,17.5113,0.103991,0.118809,0.026097,49.942
2026-04-03 15:00:00,18.2276,4.10717,1.5789,16.6487,0.106446,0.122008,0.026191,54.69
2026-04-03 16:00:00,20.7907,4.24821,1.63379,19.157,0.121034,0.14476,0.027299,64.901
2026-04-03 17:00:00,53.3471,4.99317,4.70002,48.6471,0.265252,0.334525,0.039373,153.745
2026-04-03 18:00:00,64.773,4.65056,5.18652,59.5865,0.328189,0.452625,0.047066,218.285
2026-04-03 19:00:00,26.7606,4.59172,2.53293,24.2276,0.178375,0.188976,0.031303,94.473
2026-04-03 20:00:00,15.1288,4.33739,1.2594,13.8694,0.100353,0.108363,0.02503,52.398
2026-04-03 21:00:00,12.8887,4.73503,1.22694,11.6618,0.090043,0.08255,0.02304,42.724
2026-04-03 22:00:00,7.36082,4.54933,0.658241,6.70258,0.061868,0.047292,0.019648,25.509
2026-04-03 23:00:00,2.53565,3.91303,0.227605,2.30804,0.01801,0.016114,0.015532,7.296
2026-04-04 00:00:00,1.49492,5.01651,0.098517,1.3964,0.010601,0.010426,0.014738,4.37
2026-04-04 01:00:00,0.000426,0.035607,4.2e-05,0.000384,5e-05,2.7e-05,0.013496,0.003
2026-04-04 02:00:00,0.000339,0.018771,0.000157,0.000182,5.9e-05,3.3e-05,0.013417,0.014
2026-04-04 03:00:00,0.001337,0.074229,0.000551,0.000786,7.6e-05,4e-05,0.013287,0.018
2026-04-04 04:00:00,6.4e-05,0.002907,3.1e-05,3.3e-05,3.5e-05,1.6e-05,0.013357,0.005
2026-04-04 05:00:00,0.405628,1.7484,0.031737,0.373891,0.005208,0.002678,0.013903,0.847
2026-04-04 06:00:00,8.06984,2.40891,0.586953,7.48289,0.056998,0.055408,0.019212,25.385
2026-04-04 07:00:00,14.8674,3.64933,0.899755,13.9676,0.078673,0.093639,0.022288,41.794
2026-04-04 08:00:00,19.814,3.8429,1.25123,18.5628,0.100375,0.12393,0.025421,55.49
2026-04-04 09:00:00,21.2902,3.56261,1.43702,19.8532,0.113664,0.137251,0.026548,60.692
2026-04-04 10:00:00,22.3692,4.51538,1.64838,20.7208,0.122113,0.142163,0.026978,61.652
2026-04-04 11:00:00,18.63,3.78659,1.56665,17.0634,0.116774,0.124238,0.025668,57.4
2026-04-04 12:00:00,19.1105,4.61605,1.33652,17.7739,0.106535,0.132076,0.025245,54.946
2026-04-04 13:00:00,21.0307,4.51884,1.45034,19.5804,0.108002,0.126028,0.025279,56.05
2026-04-04 14:00:00,19.4846,3.91728,1.5424,17.9422,0.120327,0.140674,0.025959,59.305
2026-04-04 15:00:00,22.3045,4.69767,1.38724,20.9173,0.112909,0.144291,0.025891,61.49
2026-04-04 16:00:00,21.3133,4.43472,1.61129,19.702,0.11506,0.136498,0.025912,57.553
2026-04-04 17:00:00,25.4438,4.56802,2.05998,23.3839,0.137743,0.173826,0.027467,68.453
2026-04-04 18:00:00,24.8067,4.21453,2.0468,22.7599,0.165402,0.176276,0.028903,76.727
2026-04-04 19:00:00,21.991,4.90871,2.00592,19.9851,0.13889,0.155377,0.026675,63.439
2026-04-04 20:00:00,17.6382,4.48126,1.73226,15.906,0.122902,0.135198,0.026222,56.487
2026-04-04 21:00:00,19.1361,5.24565,2.03765,17.0985,0.136583,0.144064,0.026065,61.191
2026-04-04 22:00:00,9.95837,5.24125,1.24622,8.71215,0.077433,0.087465,0.020435,32.307
2026-04-04 23:00:00,5.06508,5.32046,0.378594,4.68648,0.04001,0.049158,0.01709,14.575
2026-04-05 00:00:00,1.11268,5.50833,0.05646,1.05622,0.012707,0.016746,0.014657,3.775
2026-04-05 01:00:00,0.70035,20.5986,0.023241,0.677109,0.004053,0.007969,0.013669,1.467
2026-04-05 02:00:00,0.000866,0.011692,0.000193,0.000673,0.000185,0.000123,0.013342,0.026
2026-04-05 03:00:00,0.001998,0.035682,9.4e-05,0.001904,0.000124,0.000102,0.013179,0.017
2026-04-05 04:00:00,0.123319,1.54148,0.014153,0.109166,0.001764,0.001607,0.013286,0.456
2026-04-05 05:00:00,0.422987,1.2896,0.024253,0.398734,0.004464,0.001917,0.013789,1.365
2026-04-05 06:00:00,3.03519,1.88756,0.210212,2.82498,0.024737,0.019748,0.016084,8.954
2026-04-05 07:00:00,9.38387,3.38768,0.556384,8.82749,0.052239,0.053997,0.019197,23.107
2026-04-05 08:00:00,12.5767,3.52485,0.8521,11.7246,0.070827,0.083533,0.021671,34.335
2026-04-05 09:00:00,12.6338,2.63534,0.894351,11.7395,0.079172,0.085653,0.023228,40.239
2026-04-05 10:00:00,30.9416,6.72059,1.085,29.8566,0.085099,0.12404,0.023719,41.734
2026-04-05 11:00:00,17.4156,4.38459,1.06834,16.3473,0.088819,0.109272,0.02334,39.141
2026-04-05 12:00:00,12.077,2.88786,1.18821,10.8888,0.092692,0.081916,0.022258,39.057
2026-04-05 13:00:00,13.5078,3.63308,1.07743,12.4304,0.091153,0.092252,0.02315,41.485
2026-04-05 14:00:00,15.5981,3.85711,1.38061,14.2175,0.098203,0.093169,0.022958,42.986
2026-04-05 15:00:00,14.4564,3.57831,1.36163,13.0948,0.098069,0.092159,0.023026,40.82
2026-04-05 16:00:00,15.917,3.87086,1.35461,14.5624,0.101017,0.100203,0.023555,45.687
2026-04-05 17:00:00,20.3144,3.93689,1.79151,18.5228,0.120678,0.12906,0.025601,58.676
2026-04-05 18:00:00,19.1589,3.91157,1.73873,17.4201,0.134259,0.133352,0.026219,61.257
2026-04-05 19:00:00,21.3015,5.0192,2.18182,19.1197,0.149017,0.134474,0.02591,61.028
2026-04-05 20:00:00,13.8211,4.54343,1.38144,12.4397,0.10581,0.099959,0.023333,45.964
2026-04-05 21:00:00,12.0123,5.10295,1.21452,10.7978,0.095633,0.090099,0.022331,40.711
2026-04-05 22:00:00,7.82274,5.35071,0.773896,7.04884,0.059986,0.056218,0.019274,26.007
2026-04-05 23:00:00,2.94324,4.44598,0.285151,2.65808,0.027042,0.020904,0.016223,9.462
2026-04-06 00:00:00,0.815986,3.88565,0.040574,0.775412,0.01234,0.007235,0.014645,2.867
2026-04-06 01:00:00,0.936253,4.92765,0.046788,0.889465,0.010015,0.012918,0.014304,2.098
2026-04-06 02:00:00,1.07049,10.7049,0.049722,1.02077,0.011913,0.014079,0.014435,3.182
2026-04-06 03:00:00,0.257073,3.38253,0.015471,0.241602,0.005378,0.004208,0.013774,1.343
2026-04-06 04:00:00,0.005252,0.030895,0.001048,0.004204,0.001174,0.000382,0.013377,0.148
2026-04-06 05:00:00,0.387038,0.78348,0.023048,0.36399,0.005307,0.002977,0.013862,1.066
2026-04-06 06:00:00,6.77421,3.70175,0.273157,6.50105,0.035157,0.041353,0.01739,11.542
2026-04-06 07:00:00,11.432,3.76052,0.704363,10.7276,0.060853,0.067901,0.020161,26.587
2026-04-06 08:00:00,15.3256,3.48151,1.00763,14.318,0.084531,0.100245,0.023432,44.349
2026-04-06 09:00:00,12.8844,2.83548,0.868961,12.0154,0.078824,0.085764,0.023219,39.127
2026-04-06 10:00:00,14.7797,3.53581,1.00669,13.773,0.083182,0.090209,0.023527,41.025
2026-04-06 11:00:00,16.8897,4.17029,2.40049,14.4892,0.116568,0.097792,0.024105,46.48
2026-04-06 12:00:00,15.733,3.40837,1.54055,14.1925,0.108385,0.104924,0.024077,48.159
2026-04-06 13:00:00,17.179,3.79563,1.3404,15.8386,0.109138,0.118648,0.025213,53.96
2026-04-06 14:00:00,20.2241,4.46645,1.50137,18.7227,0.111347,0.136715,0.02596,57.587
2026-04-06 15:00:00,22.7603,4.78158,1.82605,20.9342,0.124108,0.148156,0.027024,61.201
2026-04-06 16:00:00,20.7149,4.03484,1.66057,19.0543,0.115783,0.138215,0.026568,62.779
2026-04-06 17:00:00,25.2152,4.41907,2.17856,23.0367,0.148766,0.155815,0.028131,68.153
2026-04-06 18:00:00,25.6904,4.68631,1.88533,23.805,0.14479,0.174243,0.028643,75.629
2026-04-06 19:00:00,19.0718,4.92303,1.70206,17.3698,0.122422,0.134837,0.026292,61.491
2026-04-06 20:00:00,14.0944,4.38803,1.4239,12.6705,0.102842,0.103955,0.0243,50.982
2026-04-06 21:00:00,11.5916,4.80181,1.33683,10.2547,0.084291,0.082727,0.022319,40.417
2026-04-06 22:00:00,9.33429,5.18572,1.10505,8.22925,0.069526,0.066604,0.019829,28.896
2026-04-06 23:00:00,3.45121,4.65123,0.240206,3.21101,0.02286,0.023428,0.015816,9.824
2026-04-07 00:00:00,1.17116,5.37229,0.065447,1.10571,0.007422,0.006887,0.014381,2.826
2026-04-07 01:00:00,4.9e-05,0.002734,1.9e-05,3e-05,8.2e-05,1.3e-05,0.01357,0.008
2026-04-07 02:00:00,0.010312,1.71879,0.001735,0.008577,6.9e-05,0.000147,0.013512,0.017
2026-04-07 03:00:00,0.000147,0.024428,4.4e-05,0.000103,4.3e-05,2.8e-05,0.013388,0.009
2026-04-07 04:00:00,0.000631,0.063137,5.8e-05,0.000573,2.3e-05,2e-05,0.013492,0.003
2026-04-07 05:00:00,0.303037,1.76184,0.022105,0.280932,0.003353,0.001883,0.01387,0.856
2026-04-07 06:00:00,11.3778,3.77748,1.76462,9.61314,0.077691,0.056975,0.019344,23.709
2026-04-07 07:00:00,46.0515,4.53174,2.55683,43.4947,0.173401,0.265846,0.032541,121.25
2026-04-07 08:00:00,67.8394,5.74132,3.76456,64.0749,0.239233,0.379595,0.039387,169.842
2026-04-07 09:00:00,16.24,3.63636,1.85224,14.3878,0.10757,0.106582,0.025317,49.744
2026-04-07 10:00:00,9.80209,2.81346,0.64273,9.15936,0.06426,0.066795,0.023306,32.871
2026-04-07 11:00:00,13.0003,3.74003,0.733581,12.2668,0.07413,0.089323,0.023601,37.16
2026-04-07 12:00:00,14.4186,4.4447,1.43834,12.9803,0.100182,0.089762,0.023938,43.588
2026-04-07 13:00:00,12.7883,3.33899,1.14298,11.6454,0.087022,0.085336,0.023181,43.413
2026-04-07 14:00:00,12.4795,3.45692,0.852291,11.6272,0.078159,0.085751,0.023401,38.041
2026-04-07 15:00:00,9.97587,2.89659,0.896547,9.07932,0.072946,0.072195,0.023041,33.47
2026-04-07 16:00:00,14.7867,3.6171,1.22861,13.5581,0.096004,0.10096,0.024843,47.843
2026-04-07 17:00:00,37.2801,4.47863,2.69828,34.5819,0.18219,0.244334,0.033489,113.663
2026-04-07 18:00:00,48.5068,5.75953,3.86786,44.6389,0.240629,0.311871,0.036946,146.366
2026-04-07 19:00:00,20.9765,4.83552,1.63451,19.342,0.129583,0.144036,0.027457,71.785
2026-04-07 20:00:00,13.9733,5.50997,1.04976,12.9235,0.092718,0.103628,0.02463,51.124
2026-04-07 21:00:00,10.8601,5.34979,0.848884,10.0112,0.077188,0.076626,0.021548,35.857
2026-04-07 22:00:00,5.92774,5.72176,0.629264,5.29848,0.045739,0.038851,0.01826,17.786
2026-04-07 23:00:00,0.679865,5.57265,0.028904,0.650961,0.004129,0.003693,0.01437,1.529
2026-04-08 00:00:00,0.214319,1.04038,0.010173,0.204146,0.000877,0.001237,0.016209,0.703
2026-04-08 01:00:00,0.194694,1.54518,0.007542,0.187152,0.00141,0.002004,0.026828,0.549
2026-04-08 02:00:00,0.156138,2.29616,0.009215,0.146923,0.001783,0.001747,0.026555,0.592
2026-04-08 03:00:00,0.000291,0.006051,0.000142,0.000149,0.000121,3.4e-05,0.026006,0.022
2026-04-08 04:00:00,0.001431,0.026487,0.000466,0.000965,0.000177,5.9e-05,0.026153,0.074
2026-04-08 05:00:00,0.48902,1.28016,0.029905,0.459115,0.004091,0.002078,0.027171,1.221
2026-04-08 06:00:00,9.0456,3.37019,0.465352,8.58025,0.045154,0.046507,0.036327,20.979
2026-04-08 07:00:00,47.8619,5.08628,2.55355,45.3083,0.171242,0.27503,0.03689,121.463
2026-04-08 08:00:00,58.8387,5.47133,3.61326,55.2255,0.21997,0.351657,0.037566,162.911
2026-04-08 09:00:00,16.5751,4.09666,1.02414,15.551,0.084457,0.104173,0.024603,47.297
2026-04-08 10:00:00,8.85388,2.76338,0.715351,8.13853,0.069049,0.059049,0.022238,30.241
2026-04-08 11:00:00,10.1986,3.17713,0.753658,9.44492,0.070609,0.067583,0.023555,33.516
2026-04-08 12:00:00,10.061,3.3559,0.964858,9.09614,0.080303,0.072047,0.022652,35.175
2026-04-08 13:00:00,10.6486,3.4218,0.943333,9.7053,0.077908,0.071311,0.022234,35.132
2026-04-08 14:00:00,11.1841,3.59388,0.834206,10.3499,0.075164,0.074674,0.022632,35.006
2026-04-08 15:00:00,10.7654,3.53429,1.03,9.73545,0.073668,0.075149,0.022548,33.369
2026-04-08 16:00:00,13.7984,4.1687,1.03321,12.7652,0.083103,0.088677,0.023572,40.817
2026-04-08 17:00:00,40.3892,5.1781,2.74649,37.6427,0.182777,0.257116,0.03359,117.57
2026-04-08 18:00:00,47.6874,5.90044,3.5852,44.1022,0.226159,0.312292,0.036479,141.53
2026-04-08 19:00:00,18.6397,5.29235,1.57839,17.0613,0.127176,0.1286,0.026262,60.868
2026-04-08 20:00:00,11.2587,4.94669,0.996242,10.2624,0.080047,0.085334,0.022512,41.87
2026-04-08 21:00:00,7.06334,4.55699,0.603812,6.45953,0.057695,0.052738,0.020123,26.324
2026-04-08 22:00:00,4.21784,5.65394,0.402278,3.81556,0.038054,0.028923,0.0174,14.314
2026-04-08 23:00:00,0.629366,6.6954,0.033403,0.595963,0.004363,0.003177,0.013916,1.615
2026-04-09 00:00:00,0.013242,0.331078,0.000332,0.01291,0.000105,0.000201,0.013383,0.025
2026-04-09 01:00:00,0.000647,0.014709,8.8e-05,0.000559,4.9e-05,2.3e-05,0.013426,0.012
2026-04-09 02:00:00,0.002048,0.046539,0.000456,0.001592,8.3e-05,0.000106,0.013241,0.026
2026-04-09 03:00:00,0.005357,0.081154,0.001671,0.003686,0.00031,0.000106,0.0131,0.076
2026-04-09 04:00:00,0.002841,0.015958,0.000625,0.002216,0.000265,0.000129,0.013151,0.07
2026-04-09 05:00:00,0.464594,1.05112,0.036063,0.428531,0.005291,0.002692,0.013694,1.333
2026-04-09 06:00:00,7.6967,2.9717,0.490518,7.20619,0.046452,0.047922,0.017912,18.435
2026-04-09 07:00:00,44.4519,4.9834,2.53514,41.9168,0.173824,0.267479,0.031845,115.679
2026-04-09 08:00:00,59.6573,5.00229,3.413,56.2443,0.221631,0.363715,0.038243,173.478
2026-04-09 09:00:00,16.6717,3.88981,1.05713,15.6146,0.091754,0.109336,0.024564,49.003
2026-04-09 10:00:00,10.1973,3.16097,0.797786,9.39951,0.071792,0.071519,0.022636,35.878
2026-04-09 11:00:00,12.6106,3.85644,0.931328,11.6792,0.075007,0.077194,0.022666,32.685
2026-04-09 12:00:00,10.9141,3.52524,0.886863,10.0273,0.078886,0.069683,0.022065,35.812
2026-04-09 13:00:00,12.1804,3.75243,0.860976,11.3194,0.079548,0.075131,0.022436,35.076
2026-04-09 14:00:00,8.26826,2.94874,0.690183,7.57808,0.065636,0.059374,0.022055,29.628
2026-04-09 15:00:00,13.1303,4.63969,1.96949,11.1608,0.113637,0.080225,0.022726,35.02
2026-04-09 16:00:00,12.6276,3.67508,1.0487,11.5789,0.085882,0.086122,0.023427,41.446
2026-04-09 17:00:00,41.3497,5.36592,2.84917,38.5006,0.185076,0.260488,0.0333,117.557
2026-04-09 18:00:00,48.1808,6.09421,3.2796,44.9012,0.228741,0.310642,0.037168,145.484
2026-04-09 19:00:00,22.842,5.9827,1.72369,21.1183,0.132657,0.154147,0.027144,67.89
2026-04-09 20:00:00,12.5766,4.93586,1.12249,11.4541,0.0875,0.09661,0.023799,45.804
2026-04-09 21:00:00,9.27989,4.4359,0.959804,8.32009,0.078319,0.062878,0.02126,33.5
2026-04-09 22:00:00,4.65139,5.32195,0.432233,4.21915,0.041289,0.034846,0.017955,14.71
2026-04-09 23:00:00,0.172643,1.69258,0.030109,0.142534,0.005828,0.002797,0.014028,0.751
2026-04-10 00:00:00,0.246843,6.17108,0.037556,0.209287,0.006258,0.002441,0.013944,1.05
2026-04-10 01:00:00,0.036625,0.654044,0.004673,0.031952,0.001094,0.001777,0.013297,0.324
2026-04-10 02:00:00,0.003749,0.468704,7.4e-05,0.003675,3.2e-05,8e-05,0.012855,0.01
2026-04-10 03:00:00,1.6e-05,0.001994,8e-06,8e-06,2e-05,8e-06,0.012866,0.001
2026-04-10 04:00:00,8e-06,0.002213,4e-06,4e-06,1e-05,5e-06,0.012743,0
2026-04-10 05:00:00,0.459877,2.61294,0.023536,0.436341,0.004159,0.002035,0.013382,0.685
2026-04-10 06:00:00,9.01546,4.07571,0.458456,8.55701,0.047578,0.050707,0.0185,19.198
2026-04-10 07:00:00,42.7009,5.11755,2.51758,40.1833,0.165183,0.248055,0.031259,109.274
2026-04-10 08:00:00,61.8227,5.63459,3.44354,58.3792,0.219406,0.367115,0.038219,166.824
2026-04-10 09:00:00,15.8474,3.82603,1.06798,14.7794,0.091453,0.112213,0.024695,49.159
2026-04-10 10:00:00,11.2334,3.2827,0.791306,10.4421,0.067583,0.075462,0.022545,32.935
2026-04-10 11:00:00,11.4443,3.63082,0.909049,10.5353,0.07227,0.075115,0.0233,34.517
2026-04-10 12:00:00,13.008,4.55463,1.08614,11.9219,0.083185,0.086147,0.022785,38.781
2026-04-10 13:00:00,13.1976,3.84545,0.939469,12.2581,0.080449,0.081112,0.022927,39.218
2026-04-10 14:00:00,12.3087,3.44203,0.917246,11.3914,0.078861,0.084033,0.023214,36.202
2026-04-10 15:00:00,12.959,3.68783,0.876203,12.0828,0.081122,0.094347,0.024634,40.211
2026-04-10 16:00:00,18.4093,4.29922,1.50677,16.9025,0.114713,0.121148,0.026484,56.426
2026-04-10 17:00:00,42.2375,4.84487,3.06257,39.175,0.198478,0.273962,0.035142,123.607
2026-04-10 18:00:00,53.8825,5.65755,4.18326,49.6992,0.25808,0.347523,0.039601,161.95
2026-04-10 19:00:00,25.1675,4.3953,2.00542,23.1621,0.152749,0.172367,0.029753,85.249
2026-04-10 20:00:00,15.0623,4.08193,1.32953,13.7328,0.103227,0.112531,0.02503,54.642
2026-04-10 21:00:00,14.1491,4.35892,1.34819,12.8009,0.10608,0.101797,0.023464,50.722
2026-04-10 22:00:00,7.57053,4.18261,0.652379,6.91815,0.056526,0.055734,0.019547,25.568
2026-04-10 23:00:00,0.814521,9.47117,0.032902,0.781619,0.011829,0.008149,0.014712,1.695
2026-04-11 00:00:00,0.190911,0.79546,0.010699,0.180212,0.003184,0.000941,0.013906,1.042
2026-04-11 01:00:00,0.137222,0.531871,0.005229,0.131993,0.003343,0.007043,0.013612,0.317
2026-04-11 02:00:00,0.002801,0.011573,0.001087,0.001714,0.00046,0.000157,0.013207,0.091
2026-04-11 03:00:00,0.001197,0.010308,0.000493,0.000704,0.00023,9.8e-05,0.013091,0.052
2026-04-11 04:00:00,0.000561,0.008023,6.7e-05,0.000494,8.7e-05,4.9e-05,0.013108,0.014
2026-04-11 05:00:00,0.476444,1.31614,0.026586,0.449858,0.004893,0.002293,0.013534,1.427
2026-04-11 06:00:00,5.61403,2.92093,0.313732,5.3003,0.041224,0.033239,0.01743,14.316
2026-04-11 07:00:00,19.4807,4.26459,1.14016,18.3405,0.094722,0.121876,0.023292,41.165
2026-04-11 08:00:00,24.8403,3.99491,1.53207,23.3083,0.119251,0.16207,0.02728,68.823
2026-04-11 09:00:00,18.7276,3.21118,1.3606,17.367,0.107827,0.12662,0.02622,55.74
2026-04-11 10:00:00,15.0378,2.85132,1.05895,13.9789,0.08792,0.096875,0.024672,45.125
2026-04-11 11:00:00,14.7115,3.4746,1.13894,13.5725,0.099682,0.103944,0.024609,46.103
2026-04-11 12:00:00,15.6378,3.03057,1.20377,14.434,0.094599,0.107262,0.024464,48.747
2026-04-11 13:00:00,15.1849,3.17543,1.16267,14.0223,0.093629,0.0976,0.024087,46.353
2026-04-11 14:00:00,15.9472,3.30993,1.20752,14.7397,0.092264,0.105521,0.024289,45.597
2026-04-11 15:00:00,15.8802,3.51799,1.58701,14.2932,0.0929,0.108499,0.02457,47.055
2026-04-11 16:00:00,16.6542,3.75771,1.27905,15.3751,0.097117,0.110336,0.024702,47.752
2026-04-11 17:00:00,26.3183,4.06398,1.96878,24.3495,0.138457,0.16408,0.028545,72.808
2026-04-11 18:00:00,27.56,4.08175,2.34054,25.2194,0.157244,0.187846,0.02984,86.267
2026-04-11 19:00:00,18.4458,4.69597,1.60693,16.8388,0.117999,0.127084,0.025461,56.092
2026-04-11 20:00:00,14.0465,3.93238,1.16555,12.8809,0.087549,0.0994,0.023728,46.341
2026-04-11 21:00:00,13.6433,4.42676,1.13159,12.5117,0.084962,0.096223,0.022873,42.326
2026-04-11 22:00:00,6.61982,5.76639,0.868391,5.75142,0.048046,0.041966,0.01823,19.764
2026-04-11 23:00:00,0.129492,1.19901,0.011626,0.117866,0.003564,0.001415,0.013938,0.602
2026-04-12 00:00:00,0.00054,0.009031,9.4e-05,0.000446,0.004252,0.002939,0.013778,0.019
2026-04-12 01:00:00,0.00025,0.002778,0.000102,0.000148,0.001164,0.001125,0.013224,0.019
2026-04-12 02:00:00,0.000436,0.00839,0.000253,0.000183,0.00239,0.003525,0.013347,0.021
2026-04-12 03:00:00,0.012661,0.150718,0.001865,0.010796,0.0005,0.001929,0.013149,0.124
2026-04-12 04:00:00,0.001148,0.020519,0.000295,0.000853,8.6e-05,4.6e-05,0.013083,0.017
2026-04-12 05:00:00,0.542398,1.23835,0.037037,0.505361,0.007627,0.003237,0.013744,1.757
2026-04-12 06:00:00,4.68109,2.23975,0.28448,4.39661,0.036353,0.029831,0.017041,13.591
2026-04-12 07:00:00,12.2647,3.53857,0.778875,11.4858,0.066985,0.075353,0.02064,33.625
2026-04-12 08:00:00,17.4965,3.52041,1.2074,16.2891,0.087285,0.118504,0.024099,47.013
2026-04-12 09:00:00,15.3283,2.63464,1.05539,14.273,0.089791,0.101534,0.024577,46.687
2026-04-12 10:00:00,14.9769,2.61013,1.28437,13.6925,0.095361,0.096096,0.02454,47.071
2026-04-12 11:00:00,14.2451,2.65271,1.22787,13.0172,0.109275,0.093273,0.024727,44.821
2026-04-12 12:00:00,15.0688,3.17371,1.26201,13.8068,0.103594,0.107224,0.024345,47.693
2026-04-12 13:00:00,18.4529,3.50017,2.32356,16.1293,0.126657,0.122224,0.024822,50.899
2026-04-12 14:00:00,17.1022,3.20867,1.23041,15.8718,0.102193,0.117242,0.02491,53.625
2026-04-12 15:00:00,18.496,3.61391,2.08019,16.4158,0.109879,0.117154,0.025331,56.453
2026-04-12 16:00:00,18.203,3.70281,1.4015,16.8015,0.103104,0.119712,0.025209,50.932
2026-04-12 17:00:00,21.5556,3.82191,2.07864,19.4769,0.146043,0.140492,0.027119,64.22
2026-04-12 18:00:00,16.0422,4.04698,1.35153,14.6907,0.13643,0.146943,0.027464,64.846
2026-04-12 19:00:00,17.3048,4.28548,2.04095,15.2638,0.111685,0.123246,0.02566,52.737
2026-04-12 20:00:00,13.7202,3.98612,1.07553,12.6447,0.087136,0.105581,0.023847,50.791
2026-04-12 21:00:00,11.1277,4.36722,1.03366,10.094,0.077286,0.081098,0.021802,38.831
2026-04-12 22:00:00,5.47124,4.74934,0.488135,4.9831,0.044646,0.046226,0.018866,18.567
2026-04-12 23:00:00,0.101911,6.36948,0.00515,0.096761,0.000869,0.00083,0.013674,0.291
2026-04-13 00:00:00,3e-06,0.001681,2e-06,1e-06,0,0,0.013381,0
2026-04-13 01:00:00,0.151712,5.05707,0.007345,0.144367,0.001325,0.003538,0.013492,0.444
2026-04-13 02:00:00,0.008192,4.0956,0.000934,0.007258,7.1e-05,0.00016,0.013175,0.026
2026-04-13 03:00:00,0.184355,13.1683,0.003434,0.180921,0.000599,0.003142,0.013357,0.265
2026-04-13 04:00:00,6.6e-05,0,3.6e-05,3e-05,1.6e-05,1.2e-05,0.013197,0.008
2026-04-13 05:00:00,0.184482,0.831001,0.015476,0.169006,0.002376,0.001347,0.013422,0.576
2026-04-13 06:00:00,6.9821,2.94603,0.442727,6.53937,0.044077,0.043671,0.017973,19.916
2026-04-13 07:00:00,42.5692,4.62608,2.45267,40.1165,0.159197,0.252504,0.031097,110.832
2026-04-13 08:00:00,57.107,5.20574,3.97899,53.128,0.234124,0.354647,0.03765,166.594
2026-04-13 09:00:00,14.5485,3.15313,1.0147,13.5338,0.084896,0.096148,0.024196,46.08
2026-04-13 10:00:00,8.85998,2.72951,0.616133,8.24385,0.058728,0.059702,0.021698,30.306
2026-04-13 11:00:00,9.93967,3.23136,0.674782,9.26489,0.066948,0.067907,0.022348,31.307
2026-04-13 12:00:00,10.3814,3.17085,1.17518,9.20617,0.067781,0.064685,0.02188,31.713
2026-04-13 13:00:00,12.1775,3.06122,1.62242,10.5551,0.090416,0.077786,0.022545,39.076
2026-04-13 14:00:00,11.3243,3.18455,0.83729,10.487,0.07304,0.072193,0.022644,34.615
2026-04-13 15:00:00,9.94975,3.33213,0.872601,9.07715,0.079251,0.072686,0.02249,32.058
2026-04-13 16:00:00,14.0764,3.39846,0.982481,13.094,0.083871,0.090834,0.023913,44.818
2026-04-13 17:00:00,38.9504,4.83256,2.61089,36.3395,0.17799,0.252352,0.033559,113.199
2026-04-13 18:00:00,45.8995,5.6277,4.22291,41.6766,0.240915,0.299955,0.03616,136.383
2026-04-13 19:00:00,21.0747,5.0636,1.69127,19.3834,0.129973,0.138985,0.027036,67.33
2026-04-13 20:00:00,12.8225,4.45533,1.16617,11.6563,0.092446,0.093156,0.023424,43.117
2026-04-13 21:00:00,11.7352,5.45318,0.952275,10.783,0.08153,0.07635,0.021623,35.835
2026-04-13 22:00:00,4.3995,3.92112,0.391914,4.00759,0.046936,0.033985,0.018301,18.124
2026-04-13 23:00:00,0.498283,6.07662,0.022761,0.475522,0.006684,0.003172,0.014075,1.059
2026-04-14 00:00:00,1.32538,24.544,0.070042,1.25534,0.00957,0.00473,0.013801,2.344
2026-04-14 01:00:00,0.477727,5.55495,0.017136,0.460591,0.003258,0.004822,0.013187,0.752
2026-04-14 02:00:00,0.001607,0.008642,0.000407,0.0012,0.000659,0.000249,0.01289,0.053
2026-04-14 03:00:00,0.558806,6.49776,0.019836,0.53897,0.003673,0.005751,0.013034,0.893
2026-04-14 04:00:00,0.001879,0.02137,0.000435,0.001444,0.000626,0.00022,0.012805,0.043
2026-04-14 05:00:00,0.302451,0.922103,0.013602,0.288849,0.005045,0.002935,0.013429,0.959
2026-04-14 06:00:00,8.49457,3.8682,0.536137,7.95843,0.04878,0.05155,0.01842,19.756
2026-04-14 07:00:00,43.8693,4.98402,2.57129,41.298,0.173972,0.259402,0.031317,114.251
2026-04-14 08:00:00,56.7331,5.29919,3.39668,53.3365,0.217567,0.356805,0.038039,163.071
2026-04-14 09:00:00,14.6557,3.5676,0.927864,13.7278,0.083957,0.094525,0.024198,45.361
2026-04-14 10:00:00,10.4501,3.35155,0.77222,9.6779,0.066146,0.067943,0.022126,29.038
2026-04-14 11:00:00,9.62487,3.01531,0.771639,8.85323,0.06912,0.066415,0.022737,32.892
2026-04-14 12:00:00,9.37929,3.05714,0.757769,8.62153,0.070675,0.064668,0.021909,33.624
2026-04-14 13:00:00,9.75872,2.94292,0.971601,8.78712,0.076565,0.068754,0.021784,33.278
2026-04-14 14:00:00,10.3727,3.66008,0.736536,9.63613,0.069323,0.068917,0.021835,29.486
2026-04-14 15:00:00,9.72828,3.40865,0.846095,8.88218,0.069918,0.065848,0.022469,32.579
2026-04-14 16:00:00,14.0417,4.07477,1.1294,12.9123,0.08592,0.082365,0.023257,39.765
2026-04-14 17:00:00,37.2801,4.4786,2.6983,34.5819,0.1822,0.2443,0.0335,113.663
2026-04-14 18:00:00,48.5068,5.7595,3.8679,44.6389,0.2406,0.3119,0.0369,146.366
2026-04-14 19:00:00,20.9765,4.8355,1.6345,19.342,0.1296,0.144,0.0275,71.785
2026-04-14 20:00:00,13.9733,5.51,1.0498,12.9235,0.0927,0.1036,0.0246,51.124
2026-04-14 21:00:00,10.8601,5.3498,0.8489,10.0112,0.0772,0.0766,0.0215,35.857
2026-04-14 22:00:00,5.9277,5.7218,0.6293,5.2985,0.0457,0.0389,0.0183,17.786
2026-04-14 23:00:00,0.6799,5.5727,0.0289,0.651,0.0041,0.0037,0.0144,1.529
2026-04-15 00:00:00,0.2143,1.0404,0.0102,0.2041,0.0009,0.0012,0.0162,0.703
2026-04-15 01:00:00,0.1947,1.5452,0.0075,0.1872,0.0014,0.002,0.0268,0.549
2026-04-15 02:00:00,0.1561,2.2962,0.0092,0.1469,0.0018,0.0017,0.0266,0.592
2026-04-15 03:00:00,0.0003,0.0061,0.0001,0.0001,0.0001,0,0.026,0.022
2026-04-15 04:00:00,0.0014,0.0265,0.0005,0.001,0.0002,0.0001,0.0262,0.074
2026-04-15 05:00:00,0.489,1.2802,0.0299,0.4591,0.0041,0.0021,0.0272,1.221
2026-04-15 06:00:00,9.0456,3.3702,0.4654,8.5803,0.0452,0.0465,0.0363,20.979
2026-04-15 07:00:00,47.8619,5.0863,2.5536,45.3083,0.1712,0.275,0.0369,121.463
2026-04-15 08:00:00,58.8387,5.4713,3.6133,55.2255,0.22,0.3517,0.0376,162.911
2026-04-15 09:00:00,16.5751,4.0967,1.0241,15.551,0.0845,0.1042,0.0246,47.297
2026-04-15 10:00:00,8.8539,2.7634,0.7154,8.1385,0.069,0.059,0.0222,30.241
2026-04-15 11:00:00,10.1986,3.1771,0.7537,9.4449,0.0706,0.0676,0.0236,33.516
2026-04-15 12:00:00,10.061,3.3559,0.9649,9.0961,0.0803,0.072,0.0227,35.175
2026-04-15 13:00:00,10.6486,3.4218,0.9433,9.7053,0.0779,0.0713,0.0222,35.132
2026-04-15 14:00:00,11.1841,3.5939,0.8342,10.3499,0.0752,0.0747,0.0226,35.006
2026-04-15 15:00:00,10.7654,3.5343,1.03,9.7355,0.0737,0.0751,0.0225,33.369
2026-04-15 16:00:00,13.7984,4.1687,1.0332,12.7652,0.0831,0.0887,0.0236,40.817
2026-04-15 17:00:00,40.3892,5.1781,2.7465,37.6427,0.1828,0.2571,0.0336,117.57
2026-04-15 18:00:00,47.6874,5.9004,3.5852,44.1022,0.2262,0.3123,0.0365,141.53
2026-04-15 19:00:00,18.6397,5.2924,1.5784,17.0613,0.1272,0.1286,0.0263,60.868
2026-04-15 20:00:00,11.2587,4.9467,0.9962,10.2624,0.08,0.0853,0.0225,41.87
2026-04-15 21:00:00,7.0633,4.557,0.6038,6.4595,0.0577,0.0527,0.0201,26.324
2026-04-15 22:00:00,4.2178,5.6539,0.4023,3.8156,0.0381,0.0289,0.0174,14.314
2026-04-15 23:00:00,0.6294,6.6954,0.0334,0.596,0.0044,0.0032,0.0139,1.615
2026-04-16 00:00:00,0.0132,0.3311,0.0003,0.0129,0.0001,0.0002,0.0134,0.025
2026-04-16 01:00:00,0.0006,0.0147,0.0001,0.0006,0,0,0.0134,0.012
2026-04-16 02:00:00,0.002,0.0465,0.0005,0.0016,0.0001,0.0001,0.0132,0.026
2026-04-16 03:00:00,0.0054,0.0812,0.0017,0.0037,0.0003,0.0001,0.0131,0.076
2026-04-16 04:00:00,0.0028,0.016,0.0006,0.0022,0.0003,0.0001,0.0132,0.07
2026-04-16 05:00:00,0.4646,1.0511,0.0361,0.4285,0.0053,0.0027,0.0137,1.333
2026-04-16 06:00:00,7.6967,2.9717,0.4905,7.2062,0.0465,0.0479,0.0179,18.435
2026-04-16 07:00:00,44.4519,4.9834,2.5351,41.9168,0.1738,0.2675,0.0318,115.679
2026-04-16 08:00:00,59.6573,5.0023,3.413,56.2443,0.2216,0.3637,0.0382,173.478
2026-04-16 09:00:00,16.6717,3.8898,1.0571,15.6146,0.0918,0.1093,0.0246,49.003
2026-04-16 10:00:00,10.1973,3.161,0.7978,9.3995,0.0718,0.0715,0.0226,35.878
2026-04-16 11:00:00,12.6106,3.8564,0.9313,11.6792,0.075,0.0772,0.0227,32.685
2026-04-16 12:00:00,10.9141,3.5252,0.8869,10.0273,0.0789,0.0697,0.0221,35.812
2026-04-16 13:00:00,12.1804,3.7524,0.861,11.3194,0.0795,0.0751,0.0224,35.076
2026-04-16 14:00:00,8.2683,2.9487,0.6902,7.5781,0.0656,0.0594,0.0221,29.628
2026-04-16 15:00:00,13.1303,4.6397,1.9695,11.1608,0.1136,0.0802,0.0227,35.02
2026-04-16 16:00:00,12.6276,3.6751,1.0487,11.5789,0.0859,0.0861,0.0234,41.446
2026-04-16 17:00:00,41.3497,5.3659,2.8492,38.5006,0.1851,0.2605,0.0333,117.557
2026-04-16 18:00:00,48.1808,6.0942,3.2796,44.9012,0.2287,0.3106,0.0372,145.484
2026-04-16 19:00:00,22.842,5.9827,1.7237,21.1183,0.1327,0.1541,0.0271,67.89
2026-04-16 20:00:00,12.5766,4.9359,1.1225,11.4541,0.0875,0.0966,0.0238,45.804
2026-04-16 21:00:00,9.2799,4.4359,0.9598,8.3201,0.0783,0.0629,0.0213,33.5
2026-04-16 22:00:00,4.6514,5.322,0.4322,4.2192,0.0413,0.0348,0.018,14.71
2026-04-16 23:00:00,0.1726,1.6926,0.0301,0.1425,0.0058,0.0028,0.014,0.751
2026-04-17 00:00:00,0.2468,6.1711,0.0376,0.2093,0.0063,0.0024,0.0139,1.05
2026-04-17 01:00:00,0.0366,0.654,0.0047,0.032,0.0011,0.0018,0.0133,0.324
2026-04-17 02:00:00,0.0037,0.4687,0.0001,0.0037,0,0.0001,0.0129,0.01
2026-04-17 03:00:00,0,0.002,0,0,0,0,0.0129,0.001
2026-04-17 04:00:00,0,0.0022,0,0,0,0,0.0127,0
2026-04-17 05:00:00,0.4599,2.6129,0.0235,0.4363,0.0042,0.002,0.0134,0.685
2026-04-17 06:00:00,9.0155,4.0757,0.4585,8.557,0.0476,0.0507,0.0185,19.198
2026-04-17 07:00:00,42.7009,5.1176,2.5176,40.1833,0.1652,0.2481,0.0313,109.274
2026-04-17 08:00:00,61.8227,5.6346,3.4435,58.3792,0.2194,0.3671,0.0382,166.824
2026-04-17 09:00:00,15.8474,3.826,1.068,14.7794,0.0915,0.1122,0.0247,49.159
2026-04-17 10:00:00,11.2334,3.2827,0.7913,10.4421,0.0676,0.0755,0.0225,32.935
2026-04-17 11:00:00,11.4443,3.6308,0.909,10.5353,0.0723,0.0751,0.0233,34.517
2026-04-17 12:00:00,13.008,4.5546,1.0861,11.9219,0.0832,0.0861,0.0228,38.781
2026-04-17 13:00:00,13.1976,3.8455,0.9395,12.2581,0.0804,0.0811,0.0229,39.218
2026-04-17 14:00:00,12.3087,3.442,0.9172,11.3914,0.0789,0.084,0.0232,36.202
2026-04-17 15:00:00,12.959,3.6878,0.8762,12.0828,0.0811,0.0943,0.0246,40.211
2026-04-17 16:00:00,18.4093,4.2992,1.5068,16.9025,0.1147,0.1211,0.0265,56.426
2026-04-17 17:00:00,42.2375,4.8449,3.0626,39.175,0.1985,0.274,0.0351,123.607
2026-04-17 18:00:00,53.8825,5.6575,4.1833,49.6992,0.2581,0.3475,0.0396,161.95
2026-04-17 19:00:00,25.1675,4.3953,2.0054,23.1621,0.1527,0.1724,0.0298,85.249
2026-04-17 20:00:00,15.0623,4.0819,1.3295,13.7328,0.1032,0.1125,0.025,54.642
2026-04-17 21:00:00,14.1491,4.3589,1.3482,12.8009,0.1061,0.1018,0.0235,50.722
2026-04-17 22:00:00,7.5705,4.1826,0.6524,6.9181,0.0565,0.0557,0.0195,25.568
2026-04-17 23:00:00,0.8145,9.4712,0.0329,0.7816,0.0118,0.0081,0.0147,1.695
2026-04-18 00:00:00,0.1909,0.7955,0.0107,0.1802,0.0032,0.0009,0.0139,1.042
2026-04-18 01:00:00,0.1372,0.5319,0.0052,0.132,0.0033,0.007,0.0136,0.317
2026-04-18 02:00:00,0.0028,0.0116,0.0011,0.0017,0.0005,0.0002,0.0132,0.091
2026-04-18 03:00:00,0.0012,0.0103,0.0005,0.0007,0.0002,0.0001,0.0131,0.052
2026-04-18 04:00:00,0.0006,0.008,0.0001,0.0005,0.0001,0,0.0131,0.014
2026-04-18 05:00:00,0.4764,1.3161,0.0266,0.4499,0.0049,0.0023,0.0135,1.427
2026-04-18 06:00:00,5.614,2.9209,0.3137,5.3003,0.0412,0.0332,0.0174,14.316
2026-04-18 07:00:00,19.4807,4.2646,1.1402,18.3405,0.0947,0.1219,0.0233,41.165
2026-04-18 08:00:00,24.8403,3.9949,1.5321,23.3083,0.1193,0.1621,0.0273,68.823
2026-04-18 09:00:00,18.7276,3.2112,1.3606,17.367,0.1078,0.1266,0.0262,55.74
2026-04-18 10:00:00,15.0378,2.8513,1.059,13.9789,0.0879,0.0969,0.0247,45.125
2026-04-18 11:00:00,14.7115,3.4746,1.1389,13.5725,0.0997,0.1039,0.0246,46.103
2026-04-18 12:00:00,15.6378,3.0306,1.2038,14.434,0.0946,0.1073,0.0245,48.747
2026-04-18 13:00:00,15.1849,3.1754,1.1627,14.0223,0.0936,0.0976,0.0241,46.353
2026-04-18 14:00:00,15.9472,3.3099,1.2075,14.7397,0.0923,0.1055,0.0243,45.597
2026-04-18 15:00:00,15.8802,3.518,1.587,14.2932,0.0929,0.1085,0.0246,47.055
2026-04-18 16:00:00,16.6542,3.7577,1.2791,15.3751,0.0971,0.1103,0.0247,47.752
2026-04-18 17:00:00,26.3183,4.064,1.9688,24.3495,0.1385,0.1641,0.0285,72.808
2026-04-18 18:00:00,27.56,4.0817,2.3405,25.2194,0.1572,0.1878,0.0298,86.267
2026-04-18 19:00:00,18.4458,4.696,1.6069,16.8388,0.118,0.1271,0.0255,56.092
2026-04-18 20:00:00,14.0465,3.9324,1.1655,12.8809,0.0875,0.0994,0.0237,46.341
2026-04-18 21:00:00,13.6433,4.4268,1.1316,12.5117,0.085,0.0962,0.0229,42.326
2026-04-18 22:00:00,6.6198,5.7664,0.8684,5.7514,0.048,0.042,0.0182,19.764
2026-04-18 23:00:00,0.1295,1.199,0.0116,0.1179,0.0036,0.0014,0.0139,0.602
2026-04-19 00:00:00,0.0005,0.009,0.0001,0.0004,0.0043,0.0029,0.0138,0.019
2026-04-19 01:00:00,0.0003,0.0028,0.0001,0.0001,0.0012,0.0011,0.0132,0.019
2026-04-19 02:00:00,0.0004,0.0084,0.0003,0.0002,0.0024,0.0035,0.0133,0.021
2026-04-19 03:00:00,0.0127,0.1507,0.0019,0.0108,0.0005,0.0019,0.0131,0.124
2026-04-19 04:00:00,0.0011,0.0205,0.0003,0.0009,0.0001,0,0.0131,0.017
2026-04-19 05:00:00,0.5424,1.2383,0.037,0.5054,0.0076,0.0032,0.0137,1.757
2026-04-19 06:00:00,4.6811,2.2398,0.2845,4.3966,0.0364,0.0298,0.017,13.591
2026-04-19 07:00:00,12.2647,3.5386,0.7789,11.4858,0.067,0.0754,0.0206,33.625
2026-04-19 08:00:00,17.4965,3.5204,1.2074,16.2891,0.0873,0.1185,0.0241,47.013
2026-04-19 09:00:00,15.3283,2.6346,1.0554,14.273,0.0898,0.1015,0.0246,46.687
2026-04-19 10:00:00,14.9769,2.6101,1.2844,13.6925,0.0954,0.0961,0.0245,47.071
2026-04-19 11:00:00,14.2451,2.6527,1.2279,13.0172,0.1093,0.0933,0.0247,44.821
2026-04-19 12:00:00,15.0688,3.1737,1.262,13.8068,0.1036,0.1072,0.0243,47.693
2026-04-19 13:00:00,18.4529,3.5002,2.3236,16.1293,0.1267,0.1222,0.0248,50.899
2026-04-19 14:00:00,17.1022,3.2087,1.2304,15.8718,0.1022,0.1172,0.0249,53.625
2026-04-19 15:00:00,18.496,3.6139,2.0802,16.4158,0.1099,0.1172,0.0253,56.453
2026-04-19 16:00:00,18.203,3.7028,1.4015,16.8015,0.1031,0.1197,0.0252,50.932
2026-04-19 17:00:00,21.5556,3.8219,2.0786,19.4769,0.146,0.1405,0.0271,64.22
2026-04-19 18:00:00,16.0422,4.047,1.3515,14.6907,0.1364,0.1469,0.0275,64.846
2026-04-19 19:00:00,17.3048,4.2855,2.041,15.2638,0.1117,0.1232,0.0257,52.737
2026-04-19 20:00:00,13.7202,3.9861,1.0755,12.6447,0.0871,0.1056,0.0238,50.791
2026-04-19 21:00:00,11.1277,4.3672,1.0337,10.094,0.0773,0.0811,0.0218,38.831
2026-04-19 22:00:00,5.4712,4.7493,0.4881,4.9831,0.0446,0.0462,0.0189,18.567
2026-04-19 23:00:00,0.1019,6.3695,0.0052,0.0968,0.0009,0.0008,0.0137,0.291
2026-04-20 00:00:00,0,0.0017,0,0,0,0,0.0134,0
2026-04-20 01:00:00,0.1517,5.0571,0.0073,0.1444,0.0013,0.0035,0.0135,0.444
2026-04-20 02:00:00,0.0082,4.0956,0.0009,0.0073,0.0001,0.0002,0.0132,0.026
2026-04-20 03:00:00,0.1844,13.1683,0.0034,0.1809,0.0006,0.0031,0.0134,0.265
2026-04-20 04:00:00,0.0001,0,0,0,0,0,0.0132,0.008
2026-04-20 05:00:00,0.1845,0.831,0.0155,0.169,0.0024,0.0013,0.0134,0.576
2026-04-20 06:00:00,6.9821,2.946,0.4427,6.5394,0.0441,0.0437,0.018,19.916
2026-04-20 07:00:00,42.5692,4.6261,2.4527,40.1165,0.1592,0.2525,0.0311,110.832
2026-04-20 08:00:00,57.107,5.2057,3.979,53.128,0.2341,0.3546,0.0377,166.594
2026-04-20 09:00:00,14.5485,3.1531,1.0147,13.5338,0.0849,0.0961,0.0242,46.08
2026-04-20 10:00:00,8.86,2.7295,0.6161,8.2438,0.0587,0.0597,0.0217,30.306
2026-04-20 11:00:00,9.9397,3.2314,0.6748,9.2649,0.0669,0.0679,0.0223,31.307
2026-04-20 12:00:00,10.3814,3.1708,1.1752,9.2062,0.0678,0.0647,0.0219,31.713
2026-04-20 13:00:00,12.1775,3.0612,1.6224,10.5551,0.0904,0.0778,0.0225,39.076
2026-04-20 14:00:00,11.3243,3.1846,0.8373,10.487,0.073,0.0722,0.0226,34.615
2026-04-20 15:00:00,9.9497,3.3321,0.8726,9.0771,0.0793,0.0727,0.0225,32.058
2026-04-20 16:00:00,14.0764,3.3985,0.9825,13.094,0.0839,0.0908,0.0239,44.818
2026-04-20 17:00:00,38.9504,4.8326,2.6109,36.3395,0.178,0.2524,0.0336,113.199
2026-04-20 18:00:00,45.8995,5.6277,4.2229,41.6766,0.2409,0.3,0.0362,136.383
2026-04-20 19:00:00,21.0747,5.0636,1.6913,19.3834,0.13,0.139,0.027,67.33
2026-04-20 20:00:00,12.8225,4.4553,1.1662,11.6563,0.0924,0.0932,0.0234,43.117
2026-04-20 21:00:00,11.7352,5.4532,0.9523,10.783,0.0815,0.0763,0.0216,35.835
2026-04-20 22:00:00,4.3995,3.9211,0.3919,4.0076,0.0469,0.034,0.0183,18.124
2026-04-20 23:00:00,0.4983,6.0766,0.0228,0.4755,0.0067,0.0032,0.0141,1.059
2026-04-21 00:00:00,1.3254,24.544,0.07,1.2553,0.0096,0.0047,0.0138,2.344
2026-04-21 01:00:00,0.4777,5.555,0.0171,0.4606,0.0033,0.0048,0.0132,0.752
2026-04-21 02:00:00,0.0016,0.0086,0.0004,0.0012,0.0007,0.0002,0.0129,0.053
2026-04-21 03:00:00,0.5588,6.4978,0.0198,0.539,0.0037,0.0058,0.013,0.893
2026-04-21 04:00:00,0.0019,0.0214,0.0004,0.0014,0.0006,0.0002,0.0128,0.043
2026-04-21 05:00:00,0.3025,0.9221,0.0136,0.2888,0.005,0.0029,0.0134,0.959
2026-04-21 06:00:00,8.4946,3.8682,0.5361,7.9584,0.0488,0.0515,0.0184,19.756
2026-04-21 07:00:00,43.8693,4.984,2.5713,41.298,0.174,0.2594,0.0313,114.251
2026-04-21 08:00:00,56.7331,5.2992,3.3967,53.3365,0.2176,0.3568,0.038,163.071
2026-04-21 09:00:00,14.6557,3.5676,0.9279,13.7278,0.084,0.0945,0.0242,45.361
2026-04-21 10:00:00,10.4501,3.3515,0.7722,9.6779,0.0661,0.0679,0.0221,29.038
2026-04-21 11:00:00,9.6249,3.0153,0.7716,8.8532,0.0691,0.0664,0.0227,32.892
2026-04-21 12:00:00,9.3793,3.0571,0.7578,8.6215,0.0707,0.0647,0.0219,33.624
2026-04-21 13:00:00,9.7587,2.9429,0.9716,8.7871,0.0766,0.0688,0.0218,33.278
2026-04-21 14:00:00,10.3727,3.6601,0.7365,9.6361,0.0693,0.0689,0.0218,29.486
2026-04-21 15:00:00,9.7283,3.4086,0.8461,8.8822,0.0699,0.0658,0.0225,32.579
2026-04-21 16:00:00,14.0417,4.0748,1.1294,12.9123,0.0859,0.0824,0.0233,39.765
2026-04-21 17:00:00,37.2801,4.4786,2.6983,34.5819,0.1822,0.2443,0.0335,113.663
2026-04-21 18:00:00,48.5068,5.7595,3.8679,44.6389,0.2406,0.3119,0.0369,146.366
2026-04-21 19:00:00,20.9765,4.8355,1.6345,19.342,0.1296,0.144,0.0275,71.785
2026-04-21 20:00:00,13.9733,5.51,1.0498,12.9235,0.0927,0.1036,0.0246,51.124
2026-04-21 21:00:00,10.8601,5.3498,0.8489,10.0112,0.0772,0.0766,0.0215,35.857
2026-04-21 22:00:00,5.9277,5.7218,0.6293,5.2985,0.0457,0.0389,0.0183,17.786
2026-04-21 23:00:00,0.6799,5.5727,0.0289,0.651,0.0041,0.0037,0.0144,1.529
2026-04-22 00:00:00,0.2143,1.0404,0.0102,0.2041,0.0009,0.0012,0.0162,0.703
2026-04-22 01:00:00,0.1947,1.5452,0.0075,0.1872,0.0014,0.002,0.0268,0.549
2026-04-22 02:00:00,0.1561,2.2962,0.0092,0.1469,0.0018,0.0017,0.0266,0.592
2026-04-22 03:00:00,0.0003,0.0061,0.0001,0.0001,0.0001,0,0.026,0.022
2026-04-22 04:00:00,0.0014,0.0265,0.0005,0.001,0.0002,0.0001,0.0262,0.074
2026-04-22 05:00:00,0.489,1.2802,0.0299,0.4591,0.0041,0.0021,0.0272,1.221
2026-04-22 06:00:00,9.0456,3.3702,0.4654,8.5803,0.0452,0.0465,0.0363,20.979
2026-04-22 07:00:00,47.8619,5.0863,2.5536,45.3083,0.1712,0.275,0.0369,121.463
2026-04-22 08:00:00,58.8387,5.4713,3.6133,55.2255,0.22,0.3517,0.0376,162.911
2026-04-22 09:00:00,16.5751,4.0967,1.0241,15.551,0.0845,0.1042,0.0246,47.297
2026-04-22 10:00:00,8.8539,2.7634,0.7154,8.1385,0.069,0.059,0.0222,30.241
2026-04-22 11:00:00,10.1986,3.1771,0.7537,9.4449,0.0706,0.0676,0.0236,33.516
2026-04-22 12:00:00,10.061,3.3559,0.9649,9.0961,0.0803,0.072,0.0227,35.175
2026-04-22 13:00:00,10.6486,3.4218,0.9433,9.7053,0.0779,0.0713,0.0222,35.132
2026-04-22 14:00:00,11.1841,3.5939,0.8342,10.3499,0.0752,0.0747,0.0226,35.006
2026-04-22 15:00:00,10.7654,3.5343,1.03,9.7355,0.0737,0.0751,0.0225,33.369
2026-04-22 16:00:00,13.7984,4.1687,1.0332,12.7652,0.0831,0.0887,0.0236,40.817
2026-04-22 17:00:00,40.3892,5.1781,2.7465,37.6427,0.1828,0.2571,0.0336,117.57
2026-04-22 18:00:00,47.6874,5.9004,3.5852,44.1022,0.2262,0.3123,0.0365,141.53
2026-04-22 19:00:00,18.6397,5.2924,1.5784,17.0613,0.1272,0.1286,0.0263,60.868
2026-04-22 20:00:00,11.2587,4.9467,0.9962,10.2624,0.08,0.0853,0.0225,41.87
2026-04-22 21:00:00,7.0633,4.557,0.6038,6.4595,0.0577,0.0527,0.0201,26.324
2026-04-22 22:00:00,4.2178,5.6539,0.4023,3.8156,0.0381,0.0289,0.0174,14.314
2026-04-22 23:00:00,0.6294,6.6954,0.0334,0.596,0.0044,0.0032,0.0139,1.615
2026-04-23 00:00:00,0.0132,0.3311,0.0003,0.0129,0.0001,0.0002,0.0134,0.025
2026-04-23 01:00:00,0.0006,0.0147,0.0001,0.0006,0,0,0.0134,0.012
2026-04-23 02:00:00,0.002,0.0465,0.0005,0.0016,0.0001,0.0001,0.0132,0.026
2026-04-23 03:00:00,0.0054,0.0812,0.0017,0.0037,0.0003,0.0001,0.0131,0.076
2026-04-23 04:00:00,0.0028,0.016,0.0006,0.0022,0.0003,0.0001,0.0132,0.07
2026-04-23 05:00:00,0.4646,1.0511,0.0361,0.4285,0.0053,0.0027,0.0137,1.333
2026-04-23 06:00:00,7.6967,2.9717,0.4905,7.2062,0.0465,0.0479,0.0179,18.435
2026-04-23 07:00:00,44.4519,4.9834,2.5351,41.9168,0.1738,0.2675,0.0318,115.679
2026-04-23 08:00:00,59.6573,5.0023,3.413,56.2443,0.2216,0.3637,0.0382,173.478
2026-04-23 09:00:00,16.6717,3.8898,1.0571,15.6146,0.0918,0.1093,0.0246,49.003
2026-04-23 10:00:00,10.1973,3.161,0.7978,9.3995,0.0718,0.0715,0.0226,35.878
2026-04-23 11:00:00,12.6106,3.8564,0.9313,11.6792,0.075,0.0772,0.0227,32.685
2026-04-23 12:00:00,10.9141,3.5252,0.8869,10.0273,0.0789,0.0697,0.0221,35.812
2026-04-23 13:00:00,12.1804,3.7524,0.861,11.3194,0.0795,0.0751,0.0224,35.076
2026-04-23 14:00:00,8.2683,2.9487,0.6902,7.5781,0.0656,0.0594,0.0221,29.628
2026-04-23 15:00:00,13.1303,4.6397,1.9695,11.1608,0.1136,0.0802,0.0227,35.02
2026-04-23 16:00:00,12.6276,3.6751,1.0487,11.5789,0.0859,0.0861,0.0234,41.446
2026-04-23 17:00:00,41.3497,5.3659,2.8492,38.5006,0.1851,0.2605,0.0333,117.557
2026-04-23 18:00:00,48.1808,6.0942,3.2796,44.9012,0.2287,0.3106,0.0372,145.484
2026-04-23 19:00:00,22.842,5.9827,1.7237,21.1183,0.1327,0.1541,0.0271,67.89
2026-04-23 20:00:00,12.5766,4.9359,1.1225,11.4541,0.0875,0.0966,0.0238,45.804
2026-04-23 21:00:00,9.2799,4.4359,0.9598,8.3201,0.0783,0.0629,0.0213,33.5
2026-04-23 22:00:00,4.6514,5.322,0.4322,4.2192,0.0413,0.0348,0.018,14.71
2026-04-23 23:00:00,0.1726,1.6926,0.0301,0.1425,0.0058,0.0028,0.014,0.751
2026-04-24 00:00:00,0.2468,6.1711,0.0376,0.2093,0.0063,0.0024,0.0139,1.05
2026-04-24 01:00:00,0.0366,0.654,0.0047,0.032,0.0011,0.0018,0.0133,0.324
2026-04-24 02:00:00,0.0037,0.4687,0.0001,0.0037,0,0.0001,0.0129,0.01
2026-04-24 03:00:00,0,0.002,0,0,0,0,0.0129,0.001
2026-04-24 04:00:00,0,0.0022,0,0,0,0,0.0127,0
2026-04-24 05:00:00,0.4599,2.6129,0.0235,0.4363,0.0042,0.002,0.0134,0.685
2026-04-24 06:00:00,9.0155,4.0757,0.4585,8.557,0.0476,0.0507,0.0185,19.198
2026-04-24 07:00:00,42.7009,5.1176,2.5176,40.1833,0.1652,0.2481,0.0313,109.274
2026-04-24 08:00:00,61.8227,5.6346,3.4435,58.3792,0.2194,0.3671,0.0382,166.824
2026-04-24 09:00:00,15.8474,3.826,1.068,14.7794,0.0915,0.1122,0.0247,49.159
2026-04-24 10:00:00,11.2334,3.2827,0.7913,10.4421,0.0676,0.0755,0.0225,32.935
2026-04-24 11:00:00,11.4443,3.6308,0.909,10.5353,0.0723,0.0751,0.0233,34.517
2026-04-24 12:00:00,13.008,4.5546,1.0861,11.9219,0.0832,0.0861,0.0228,38.781
2026-04-24 13:00:00,13.1976,3.8455,0.9395,12.2581,0.0804,0.0811,0.0229,39.218
2026-04-24 14:00:00,12.3087,3.442,0.9172,11.3914,0.0789,0.084,0.0232,36.202
2026-04-24 15:00:00,12.959,3.6878,0.8762,12.0828,0.0811,0.0943,0.0246,40.211
2026-04-24 16:00:00,18.4093,4.2992,1.5068,16.9025,0.1147,0.1211,0.0265,56.426
2026-04-24 17:00:00,42.2375,4.8449,3.0626,39.175,0.1985,0.274,0.0351,123.607
2026-04-24 18:00:00,53.8825,5.6575,4.1833,49.6992,0.2581,0.3475,0.0396,161.95
2026-04-24 19:00:00,25.1675,4.3953,2.0054,23.1621,0.1527,0.1724,0.0298,85.249
2026-04-24 20:00:00,15.0623,4.0819,1.3295,13.7328,0.1032,0.1125,0.025,54.642
2026-04-24 21:00:00,14.1491,4.3589,1.3482,12.8009,0.1061,0.1018,0.0235,50.722
2026-04-24 22:00:00,7.5705,4.1826,0.6524,6.9181,0.0565,0.0557,0.0195,25.568
2026-04-24 23:00:00,0.8145,9.4712,0.0329,0.7816,0.0118,0.0081,0.0147,1.695
2026-04-25 00:00:00,0.1909,0.7955,0.0107,0.1802,0.0032,0.0009,0.0139,1.042
2026-04-25 01:00:00,0.1372,0.5319,0.0052,0.132,0.0033,0.007,0.0136,0.317
2026-04-25 02:00:00,0.0028,0.0116,0.0011,0.0017,0.0005,0.0002,0.0132,0.091
2026-04-25 03:00:00,0.0012,0.0103,0.0005,0.0007,0.0002,0.0001,0.0131,0.052
2026-04-25 04:00:00,0.0006,0.008,0.0001,0.0005,0.0001,0,0.0131,0.014
2026-04-25 05:00:00,0.4764,1.3161,0.0266,0.4499,0.0049,0.0023,0.0135,1.427
2026-04-25 06:00:00,5.614,2.9209,0.3137,5.3003,0.0412,0.0332,0.0174,14.316
2026-04-25 07:00:00,19.4807,4.2646,1.1402,18.3405,0.0947,0.1219,0.0233,41.165
2026-04-25 08:00:00,24.8403,3.9949,1.5321,23.3083,0.1193,0.1621,0.0273,68.823
2026-04-25 09:00:00,18.7276,3.2112,1.3606,17.367,0.1078,0.1266,0.0262,55.74
2026-04-25 10:00:00,15.0378,2.8513,1.059,13.9789,0.0879,0.0969,0.0247,45.125
2026-04-25 11:00:00,14.7115,3.4746,1.1389,13.5725,0.0997,0.1039,0.0246,46.103
2026-04-25 12:00:00,15.6378,3.0306,1.2038,14.434,0.0946,0.1073,0.0245,48.747
2026-04-25 13:00:00,15.1849,3.1754,1.1627,14.0223,0.0936,0.0976,0.0241,46.353
2026-04-25 14:00:00,15.9472,3.3099,1.2075,14.7397,0.0923,0.1055,0.0243,45.597
2026-04-25 15:00:00,15.8802,3.518,1.587,14.2932,0.0929,0.1085,0.0246,47.055
2026-04-25 16:00:00,16.6542,3.7577,1.2791,15.3751,0.0971,0.1103,0.0247,47.752
2026-04-25 17:00:00,26.3183,4.064,1.9688,24.3495,0.1385,0.1641,0.0285,72.808
2026-04-25 18:00:00,27.56,4.0817,2.3405,25.2194,0.1572,0.1878,0.0298,86.267
2026-04-25 19:00:00,18.4458,4.696,1.6069,16.8388,0.118,0.1271,0.0255,56.092
2026-04-25 20:00:00,14.0465,3.9324,1.1655,12.8809,0.0875,0.0994,0.0237,46.341
2026-04-25 21:00:00,13.6433,4.4268,1.1316,12.5117,0.085,0.0962,0.0229,42.326
2026-04-25 22:00:00,6.6198,5.7664,0.8684,5.7514,0.048,0.042,0.0182,19.764
2026-04-25 23:00:00,0.1295,1.199,0.0116,0.1179,0.0036,0.0014,0.0139,0.602
2026-04-26 00:00:00,0.0005,0.009,0.0001,0.0004,0.0043,0.0029,0.0138,0.019
2026-04-26 01:00:00,0.0003,0.0028,0.0001,0.0001,0.0012,0.0011,0.0132,0.019
2026-04-26 02:00:00,0.0004,0.0084,0.0003,0.0002,0.0024,0.0035,0.0133,0.021
2026-04-26 03:00:00,0.0127,0.1507,0.0019,0.0108,0.0005,0.0019,0.0131,0.124
2026-04-26 04:00:00,0.0011,0.0205,0.0003,0.0009,0.0001,0,0.0131,0.017
2026-04-26 05:00:00,0.5424,1.2383,0.037,0.5054,0.0076,0.0032,0.0137,1.757
2026-04-26 06:00:00,4.6811,2.2398,0.2845,4.3966,0.0364,0.0298,0.017,13.591
2026-04-26 07:00:00,12.2647,3.5386,0.7789,11.4858,0.067,0.0754,0.0206,33.625
2026-04-26 08:00:00,17.4965,3.5204,1.2074,16.2891,0.0873,0.1185,0.0241,47.013
2026-04-26 09:00:00,15.3283,2.6346,1.0554,14.273,0.0898,0.1015,0.0246,46.687
2026-04-26 10:00:00,14.9769,2.6101,1.2844,13.6925,0.0954,0.0961,0.0245,47.071
2026-04-26 11:00:00,14.2451,2.6527,1.2279,13.0172,0.1093,0.0933,0.0247,44.821
2026-04-26 12:00:00,15.0688,3.1737,1.262,13.8068,0.1036,0.1072,0.0243,47.693
2026-04-26 13:00:00,18.4529,3.5002,2.3236,16.1293,0.1267,0.1222,0.0248,50.899
2026-04-26 14:00:00,17.1022,3.2087,1.2304,15.8718,0.1022,0.1172,0.0249,53.625
2026-04-26 15:00:00,18.496,3.6139,2.0802,16.4158,0.1099,0.1172,0.0253,56.453
2026-04-26 16:00:00,18.203,3.7028,1.4015,16.8015,0.1031,0.1197,0.0252,50.932
2026-04-26 17:00:00,21.5556,3.8219,2.0786,19.4769,0.146,0.1405,0.0271,64.22
2026-04-26 18:00:00,16.0422,4.047,1.3515,14.6907,0.1364,0.1469,0.0275,64.846
2026-04-26 19:00:00,17.3048,4.2855,2.041,15.2638,0.1117,0.1232,0.0257,52.737
2026-04-26 20:00:00,13.7202,3.9861,1.0755,12.6447,0.0871,0.1056,0.0238,50.791
2026-04-26 21:00:00,11.1277,4.3672,1.0337,10.094,0.0773,0.0811,0.0218,38.831
2026-04-26 22:00:00,5.4712,4.7493,0.4881,4.9831,0.0446,0.0462,0.0189,18.567
2026-04-26 23:00:00,0.1019,6.3695,0.0052,0.0968,0.0009,0.0008,0.0137,0.291
2026-04-27 00:00:00,0,0.0017,0,0,0,0,0.0134,0
2026-04-27 01:00:00,0.1517,5.0571,0.0073,0.1444,0.0013,0.0035,0.0135,0.444
2026-04-27 02:00:00,0.0082,4.0956,0.0009,0.0073,0.0001,0.0002,0.0132,0.026
2026-04-27 03:00:00,0.1844,13.1683,0.0034,0.1809,0.0006,0.0031,0.0134,0.265
2026-04-27 04:00:00,0.0001,0,0,0,0,0,0.0132,0.008
2026-04-27 05:00:00,0.1845,0.831,0.0155,0.169,0.0024,0.0013,0.0134,0.576
2026-04-27 06:00:00,6.9821,2.946,0.4427,6.5394,0.0441,0.0437,0.018,19.916
2026-04-27 07:00:00,42.5692,4.6261,2.4527,40.1165,0.1592,0.2525,0.0311,110.832
2026-04-27 08:00:00,57.107,5.2057,3.979,53.128,0.2341,0.3546,0.0377,166.594
2026-04-27 09:00:00,14.5485,3.1531,1.0147,13.5338,0.0849,0.0961,0.0242,46.08
2026-04-27 10:00:00,8.86,2.7295,0.6161,8.2438,0.0587,0.0597,0.0217,30.306
2026-04-27 11:00:00,9.9397,3.2314,0.6748,9.2649,0.0669,0.0679,0.0223,31.307
2026-04-27 12:00:00,10.3814,3.1708,1.1752,9.2062,0.0678,0.0647,0.0219,31.713
2026-04-27 13:00:00,12.1775,3.0612,1.6224,10.5551,0.0904,0.0778,0.0225,39.076
2026-04-27 14:00:00,11.3243,3.1846,0.8373,10.487,0.073,0.0722,0.0226,34.615
2026-04-27 15:00:00,9.9497,3.3321,0.8726,9.0771,0.0793,0.0727,0.0225,32.058
2026-04-27 16:00:00,14.0764,3.3985,0.9825,13.094,0.0839,0.0908,0.0239,44.818
2026-04-27 17:00:00,38.9504,4.8326,2.6109,36.3395,0.178,0.2524,0.0336,113.199
2026-04-27 18:00:00,45.8995,5.6277,4.2229,41.6766,0.2409,0.3,0.0362,136.383
2026-04-27 19:00:00,21.0747,5.0636,1.6913,19.3834,0.13,0.139,0.027,67.33
2026-04-27 20:00:00,12.8225,4.4553,1.1662,11.6563,0.0924,0.0932,0.0234,43.117
2026-04-27 21:00:00,11.7352,5.4532,0.9523,10.783,0.0815,0.0763,0.0216,35.835
2026-04-27 22:00:00,4.3995,3.9211,0.3919,4.0076,0.0469,0.034,0.0183,18.124
2026-04-27 23:00:00,0.4983,6.0766,0.0228,0.4755,0.0067,0.0032,0.0141,1.059
2026-04-28 00:00:00,1.3254,24.544,0.07,1.2553,0.0096,0.0047,0.0138,2.344
2026-04-28 01:00:00,0.4777,5.555,0.0171,0.4606,0.0033,0.0048,0.0132,0.752
2026-04-28 02:00:00,0.0016,0.0086,0.0004,0.0012,0.0007,0.0002,0.0129,0.053
2026-04-28 03:00:00,0.5588,6.4978,0.0198,0.539,0.0037,0.0058,0.013,0.893
2026-04-28 04:00:00,0.0019,0.0214,0.0004,0.0014,0.0006,0.0002,0.0128,0.043
2026-04-28 05:00:00,0.3025,0.9221,0.0136,0.2888,0.005,0.0029,0.0134,0.959
2026-04-28 06:00:00,8.4946,3.8682,0.5361,7.9584,0.0488,0.0515,0.0184,19.756
2026-04-28 07:00:00,43.8693,4.984,2.5713,41.298,0.174,0.2594,0.0313,114.251
2026-04-28 08:00:00,56.7331,5.2992,3.3967,53.3365,0.2176,0.3568,0.038,163.071
2026-04-28 09:00:00,14.6557,3.5676,0.9279,13.7278,0.084,0.0945,0.0242,45.361
2026-04-28 10:00:00,10.4501,3.3515,0.7722,9.6779,0.0661,0.0679,0.0221,29.038
2026-04-28 11:00:00,9.6249,3.0153,0.7716,8.8532,0.0691,0.0664,0.0227,32.892
2026-04-28 12:00:00,9.3793,3.0571,0.7578,8.6215,0.0707,0.0647,0.0219,33.624
2026-04-28 13:00:00,9.7587,2.9429,0.9716,8.7871,0.0766,0.0688,0.0218,33.278
2026-04-28 14:00:00,10.3727,3.6601,0.7365,9.6361,0.0693,0.0689,0.0218,29.486
2026-04-28 15:00:00,9.7283,3.4086,0.8461,8.8822,0.0699,0.0658,0.0225,32.579
2026-04-28 16:00:00,14.0417,4.0748,1.1294,12.9123,0.0859,0.0824,0.0233,39.765
2026-04-28 17:00:00,37.2801,4.4786,2.6983,34.5819,0.1822,0.2443,0.0335,113.663
2026-04-28 18:00:00,48.5068,5.7595,3.8679,44.6389,0.2406,0.3119,0.0369,146.366
2026-04-28 19:00:00,20.9765,4.8355,1.6345,19.342,0.1296,0.144,0.0275,71.785
2026-04-28 20:00:00,13.9733,5.51,1.0498,12.9235,0.0927,0.1036,0.0246,51.124
2026-04-28 21:00:00,10.8601,5.3498,0.8489,10.0112,0.0772,0.0766,0.0215,35.857
2026-04-28 22:00:00,5.9277,5.7218,0.6293,5.2985,0.0457,0.0389,0.0183,17.786
2026-04-28 23:00:00,0.6799,5.5727,0.0289,0.651,0.0041,0.0037,0.0144,1.529
2026-04-29 00:00:00,0.2143,1.0404,0.0102,0.2041,0.0009,0.0012,0.0162,0.703
2026-04-29 01:00:00,0.1947,1.5452,0.0075,0.1872,0.0014,0.002,0.0268,0.549
2026-04-29 02:00:00,0.1561,2.2962,0.0092,0.1469,0.0018,0.0017,0.0266,0.592
2026-04-29 03:00:00,0.0003,0.0061,0.0001,0.0001,0.0001,0,0.026,0.022
2026-04-29 04:00:00,0.0014,0.0265,0.0005,0.001,0.0002,0.0001,0.0262,0.074
2026-04-29 05:00:00,0.489,1.2802,0.0299,0.4591,0.0041,0.0021,0.0272,1.221
2026-04-29 06:00:00,9.0456,3.3702,0.4654,8.5803,0.0452,0.0465,0.0363,20.979
2026-04-29 07:00:00,47.8619,5.0863,2.5536,45.3083,0.1712,0.275,0.0369,121.463
2026-04-29 08:00:00,58.8387,5.4713,3.6133,55.2255,0.22,0.3517,0.0376,162.911
2026-04-29 09:00:00,16.5751,4.0967,1.0241,15.551,0.0845,0.1042,0.0246,47.297
2026-04-29 10:00:00,8.8539,2.7634,0.7154,8.1385,0.069,0.059,0.0222,30.241
2026-04-29 11:00:00,10.1986,3.1771,0.7537,9.4449,0.0706,0.0676,0.0236,33.516
2026-04-29 12:00:00,10.061,3.3559,0.9649,9.0961,0.0803,0.072,0.0227,35.175
2026-04-29 13:00:00,10.6486,3.4218,0.9433,9.7053,0.0779,0.0713,0.0222,35.132
2026-04-29 14:00:00,11.1841,3.5939,0.8342,10.3499,0.0752,0.0747,0.0226,35.006
2026-04-29 15:00:00,10.7654,3.5343,1.03,9.7355,0.0737,0.0751,0.0225,33.369
2026-04-29 16:00:00,13.7984,4.1687,1.0332,12.7652,0.0831,0.0887,0.0236,40.817
2026-04-29 17:00:00,40.3892,5.1781,2.7465,37.6427,0.1828,0.2571,0.0336,117.57
2026-04-29 18:00:00,47.6874,5.9004,3.5852,44.1022,0.2262,0.3123,0.0365,141.53
2026-04-29 19:00:00,18.6397,5.2924,1.5784,17.0613,0.1272,0.1286,0.0263,60.868
2026-04-29 20:00:00,11.2587,4.9467,0.9962,10.2624,0.08,0.0853,0.0225,41.87
2026-04-29 21:00:00,7.0633,4.557,0.6038,6.4595,0.0577,0.0527,0.0201,26.324
2026-04-29 22:00:00,4.2178,5.6539,0.4023,3.8156,0.0381,0.0289,0.0174,14.314
2026-04-29 23:00:00,0.6294,6.6954,0.0334,0.596,0.0044,0.0032,0.0139,1.615
2026-04-30 00:00:00,0.0132,0.3311,0.0003,0.0129,0.0001,0.0002,0.0134,0.025
2026-04-30 01:00:00,0.0006,0.0147,0.0001,0.0006,0,0,0.0134,0.012
2026-04-30 02:00:00,0.002,0.0465,0.0005,0.0016,0.0001,0.0001,0.0132,0.026
2026-04-30 03:00:00,0.0054,0.0812,0.0017,0.0037,0.0003,0.0001,0.0131,0.076
2026-04-30 04:00:00,0.0028,0.016,0.0006,0.0022,0.0003,0.0001,0.0132,0.07
2026-04-30 05:00:00,0.4646,1.0511,0.0361,0.4285,0.0053,0.0027,0.0137,1.333
2026-04-30 06:00:00,7.6967,2.9717,0.4905,7.2062,0.0465,0.0479,0.0179,18.435
2026-04-30 07:00:00,44.4519,4.9834,2.5351,41.9168,0.1738,0.2675,0.0318,115.679
2026-04-30 08:00:00,59.6573,5.0023,3.413,56.2443,0.2216,0.3637,0.0382,173.478
2026-04-30 09:00:00,16.6717,3.8898,1.0571,15.6146,0.0918,0.1093,0.0246,49.003
2026-04-30 10:00:00,10.1973,3.161,0.7978,9.3995,0.0718,0.0715,0.0226,35.878
2026-04-30 11:00:00,12.6106,3.8564,0.9313,11.6792,0.075,0.0772,0.0227,32.685
2026-04-30 12:00:00,10.9141,3.5252,0.8869,10.0273,0.0789,0.0697,0.0221,35.812
2026-04-30 13:00:00,12.1804,3.7524,0.861,11.3194,0.0795,0.0751,0.0224,35.076
2026-04-30 14:00:00,8.2683,2.9487,0.6902,7.5781,0.0656,0.0594,0.0221,29.628
2026-04-30 15:00:00,13.1303,4.6397,1.9695,11.1608,0.1136,0.0802,0.0227,35.02
2026-04-30 16:00:00,12.6276,3.6751,1.0487,11.5789,0.0859,0.0861,0.0234,41.446
2026-04-30 17:00:00,41.3497,5.3659,2.8492,38.5006,0.1851,0.2605,0.0333,117.557
2026-04-30 18:00:00,48.1808,6.0942,3.2796,44.9012,0.2287,0.3106,0.0372,145.484
2026-04-30 19:00:00,22.842,5.9827,1.7237,21.1183,0.1327,0.1541,0.0271,67.89
2026-04-30 20:00:00,12.5766,4.9359,1.1225,11.4541,0.0875,0.0966,0.0238,45.804
2026-04-30 21:00:00,9.2799,4.4359,0.9598,8.3201,0.0783,0.0629,0.0213,33.5
2026-04-30 22:00:00,4.6514,5.322,0.4322,4.2192,0.0413,0.0348,0.018,14.71
2026-04-30 23:00:00,0.1726,1.6926,0.0301,0.1425,0.0058,0.0028,0.014,0.751
