timestamp,flow,single_flow,uflow,dflow,pusch,pdsch,pdcch,conn
2025-07-24 22:00:00,1.60941,2.88425,0.156542,1.45287,0.065346,0.038594,0.082702,9.875
2025-07-24 23:00:00,1.64355,2.89895,0.159083,1.48447,0.065874,0.039447,0.083439,9.99808
2025-07-25 00:00:00,1.67769,2.91364,0.161623,1.51606,0.066401,0.0403,0.084176,10.1212
2025-07-25 01:00:00,1.71182,2.92834,0.164164,1.54766,0.066929,0.041154,0.084913,10.2442
2025-07-25 02:00:00,,,,,,,,
2025-07-25 03:00:00,,,,,,,,
2025-07-25 04:00:00,,,,,,,,
2025-07-25 05:00:00,,,,,,,,
2025-07-25 06:00:00,,,,,,,,
2025-07-25 07:00:00,,,,,,,,
2025-07-25 08:00:00,,,,,,,,
2025-07-25 09:00:00,,,,,,,,
2025-07-25 10:00:00,,,,,,,,
2025-07-25 11:00:00,,,,,,,,
2025-07-25 12:00:00,,,,,,,,
2025-07-25 13:00:00,,,,,,,,
2025-07-25 14:00:00,,,,,,,,
2025-07-25 15:00:00,,,,,,,,
2025-07-25 16:00:00,,,,,,,,
2025-07-25 17:00:00,,,,,,,,
2025-07-25 18:00:00,,,,,,,,
2025-07-25 19:00:00,,,,,,,,
2025-07-25 20:00:00,,,,,,,,
2025-07-25 21:00:00,,,,,,,,
2025-07-25 22:00:00,,,,,,,,
2025-07-25 23:00:00,,,,,,,,
2025-07-26 00:00:00,,,,,,,,
2025-07-26 01:00:00,,,,,,,,
2025-07-26 02:00:00,,,,,,,,
2025-07-26 03:00:00,,,,,,,,
2025-07-26 04:00:00,,,,,,,,
2025-07-26 05:00:00,,,,,,,,
2025-07-26 06:00:00,,,,,,,,
2025-07-26 07:00:00,,,,,,,,
2025-07-26 08:00:00,,,,,,,,
2025-07-26 09:00:00,,,,,,,,
2025-07-26 10:00:00,,,,,,,,
2025-07-26 11:00:00,,,,,,,,
2025-07-26 12:00:00,,,,,,,,
2025-07-26 13:00:00,,,,,,,,
2025-07-26 14:00:00,,,,,,,,
2025-07-26 15:00:00,,,,,,,,
2025-07-26 16:00:00,,,,,,,,
2025-07-26 17:00:00,,,,,,,,
2025-07-26 18:00:00,,,,,,,,
2025-07-26 19:00:00,,,,,,,,
2025-07-26 20:00:00,,,,,,,,
2025-07-26 21:00:00,,,,,,,,
2025-07-26 22:00:00,,,,,,,,
2025-07-26 23:00:00,,,,,,,,
2025-07-27 00:00:00,,,,,,,,
2025-07-27 01:00:00,,,,,,,,
2025-07-27 02:00:00,,,,,,,,
2025-07-27 03:00:00,,,,,,,,
2025-07-27 04:00:00,,,,,,,,
2025-07-27 05:00:00,,,,,,,,
2025-07-27 06:00:00,,,,,,,,
2025-07-27 07:00:00,,,,,,,,
2025-07-27 08:00:00,,,,,,,,
2025-07-27 09:00:00,,,,,,,,
2025-07-27 10:00:00,,,,,,,,
2025-07-27 11:00:00,,,,,,,,
2025-07-27 12:00:00,,,,,,,,
2025-07-27 13:00:00,,,,,,,,
2025-07-27 14:00:00,,,,,,,,
2025-07-27 15:00:00,,,,,,,,
2025-07-27 16:00:00,,,,,,,,
2025-07-27 17:00:00,,,,,,,,
2025-07-27 18:00:00,,,,,,,,
2025-07-27 19:00:00,,,,,,,,
2025-07-27 20:00:00,,,,,,,,
2025-07-27 21:00:00,,,,,,,,
2025-07-27 22:00:00,,,,,,,,
2025-07-27 23:00:00,,,,,,,,
2025-07-28 00:00:00,,,,,,,,
2025-07-28 01:00:00,,,,,,,,
2025-07-28 02:00:00,,,,,,,,
2025-07-28 03:00:00,,,,,,,,
2025-07-28 04:00:00,,,,,,,,
2025-07-28 05:00:00,,,,,,,,
2025-07-28 06:00:00,,,,,,,,
2025-07-28 07:00:00,,,,,,,,
2025-07-28 08:00:00,,,,,,,,
2025-07-28 09:00:00,,,,,,,,
2025-07-28 10:00:00,,,,,,,,
2025-07-28 11:00:00,,,,,,,,
2025-07-28 12:00:00,,,,,,,,
2025-07-28 13:00:00,,,,,,,,
2025-07-28 14:00:00,,,,,,,,
2025-07-28 15:00:00,,,,,,,,
2025-07-28 16:00:00,,,,,,,,
2025-07-28 17:00:00,,,,,,,,
2025-07-28 18:00:00,,,,,,,,
2025-07-28 19:00:00,,,,,,,,
2025-07-28 20:00:00,,,,,,,,
2025-07-28 21:00:00,,,,,,,,
2025-07-28 22:00:00,,,,,,,,
2025-07-28 23:00:00,,,,,,,,
2025-07-29 00:00:00,,,,,,,,
2025-07-29 01:00:00,,,,,,,,
2025-07-29 02:00:00,,,,,,,,
2025-07-29 03:00:00,,,,,,,,
2025-07-29 04:00:00,,,,,,,,
2025-07-29 05:00:00,,,,,,,,
2025-07-29 06:00:00,,,,,,,,
2025-07-29 07:00:00,,,,,,,,
2025-07-29 08:00:00,,,,,,,,
2025-07-29 09:00:00,,,,,,,,
2025-07-29 10:00:00,,,,,,,,
2025-07-29 11:00:00,,,,,,,,
2025-07-29 12:00:00,,,,,,,,
2025-07-29 13:00:00,,,,,,,,
2025-07-29 14:00:00,,,,,,,,
2025-07-29 15:00:00,,,,,,,,
2025-07-29 16:00:00,,,,,,,,
2025-07-29 17:00:00,5.5352,4.57454,0.448701,5.0865,0.126038,0.13669,0.167479,24.029
2025-07-29 18:00:00,3.38364,2.67693,0.278136,3.1055,0.110475,0.099924,0.150206,18.936
2025-07-29 19:00:00,3.18616,4.07438,0.262497,2.92367,0.101104,0.088164,0.138502,15.791
2025-07-29 20:00:00,1.74804,3.14395,0.171355,1.57668,0.061122,0.043104,0.091016,8.255
2025-07-29 21:00:00,1.94105,3.52919,0.173117,1.76794,0.068228,0.049554,0.091716,9.16
2025-07-29 22:00:00,1.73953,4.22216,0.270224,1.46931,0.077199,0.040265,0.092724,8.663
2025-07-29 23:00:00,0.824542,2.34245,0.078105,0.746437,0.035052,0.019806,0.055318,3.383
2025-07-30 00:00:00,1.63245,3.8868,0.096304,1.53615,0.039808,0.026277,0.052394,5.333
2025-07-30 01:00:00,1.95338,4.7877,0.078517,1.87487,0.042496,0.036535,0.058668,5.08
2025-07-30 02:00:00,1.38559,4.46963,0.040893,1.34469,0.028187,0.023787,0.052608,4.066
2025-07-30 03:00:00,0.346716,1.38686,0.020172,0.326544,0.019192,0.007664,0.037617,2.616
2025-07-30 04:00:00,0.094023,0.335797,0.006876,0.087147,0.010849,0.002292,0.032389,1.558
2025-07-30 05:00:00,0.187188,0.908685,0.018017,0.169171,0.011882,0.005614,0.034176,1.279
2025-07-30 06:00:00,0.620037,1.55788,0.084579,0.535458,0.033895,0.020174,0.062985,3.766
2025-07-30 07:00:00,2.11682,2.49626,0.16694,1.94989,0.069675,0.059095,0.110153,10.171
2025-07-30 08:00:00,3.04264,4.12282,0.214854,2.82778,0.093571,0.09379,0.130393,15.449
2025-07-30 09:00:00,2.87117,2.80937,0.218233,2.65294,0.092532,0.071828,0.12874,13.456
2025-07-30 10:00:00,2.65686,2.60988,0.239309,2.41755,0.092284,0.070152,0.126353,13.458
2025-07-30 11:00:00,2.30621,2.33422,0.261203,2.045,0.10352,0.069124,0.133624,13.287
2025-07-30 12:00:00,3.38912,3.9317,0.367065,3.02206,0.09267,0.081568,0.136479,13.828
2025-07-30 13:00:00,3.22956,4.21613,0.219138,3.01042,0.080885,0.066093,0.111425,11.897
2025-07-30 14:00:00,3.01026,3.61811,0.420783,2.58948,0.091947,0.074412,0.128085,13.513
2025-07-30 15:00:00,3.5118,4.42292,0.31543,3.19637,0.094324,0.0802,0.132863,15.089
2025-07-30 16:00:00,2.75066,2.37126,0.228842,2.52182,0.093602,0.075582,0.132441,12.462
2025-07-30 17:00:00,4.46193,3.42698,0.334801,4.12713,0.114415,0.102799,0.145147,17.225
2025-07-30 18:00:00,3.90018,4.49329,0.341388,3.55879,0.114986,0.098499,0.140271,17.7
2025-07-30 19:00:00,2.66441,3.63991,0.22261,2.4418,0.088911,0.071297,0.118553,12.955
2025-07-30 20:00:00,1.87157,2.84433,0.238897,1.63267,0.083473,0.055139,0.109005,11.859
2025-07-30 21:00:00,2.43187,3.88477,0.198126,2.23374,0.083639,0.067558,0.111182,13.381
2025-07-30 22:00:00,2.47437,4.43435,0.292544,2.18182,0.088891,0.053633,0.091553,11.369
2025-07-30 23:00:00,1.93243,3.60528,0.160332,1.7721,0.054145,0.037991,0.066057,6.995
2025-07-31 00:00:00,3.16614,8.33193,0.180248,2.98589,0.065036,0.050438,0.079322,12.334
2025-07-31 01:00:00,1.64042,4.18474,0.084465,1.55595,0.041187,0.031248,0.063803,6.281
2025-07-31 02:00:00,0.593268,1.87743,0.021177,0.572091,0.015578,0.009807,0.035124,1.63
2025-07-31 03:00:00,1.06574,2.96039,0.03999,1.02575,0.020295,0.026559,0.04268,2.524
2025-07-31 04:00:00,0.106517,0.291033,0.009929,0.096588,0.009654,0.002727,0.031826,1.042
2025-07-31 05:00:00,0.145329,0.660586,0.018483,0.126846,0.010809,0.004123,0.0339,1.447
2025-07-31 06:00:00,0.439559,0.951425,0.036474,0.403085,0.025782,0.014496,0.055291,2.993
2025-07-31 07:00:00,2.49549,3.09614,0.206776,2.28872,0.079112,0.068862,0.105778,10.342
2025-07-31 08:00:00,3.22603,2.59745,0.258608,2.96742,0.095003,0.084476,0.143231,14.867
2025-07-31 09:00:00,3.2227,2.90333,0.210555,3.01214,0.089635,0.079821,0.142628,15.882
2025-07-31 10:00:00,2.66284,2.1544,0.214341,2.44849,0.08488,0.062962,0.127963,14.661
2025-07-31 11:00:00,1.79533,1.47158,0.170639,1.62469,0.086201,0.060737,0.122954,8.49
2025-07-31 12:00:00,2.91027,2.9161,0.515538,2.39473,0.094702,0.059162,0.113724,11.519
2025-07-31 13:00:00,2.51538,2.8011,0.229993,2.28539,0.080854,0.083129,0.12248,12.402
2025-07-31 14:00:00,2.47188,2.5019,0.264454,2.20743,0.098473,0.069743,0.134489,15.052
2025-07-31 15:00:00,2.43975,2.03992,0.23863,2.20112,0.092807,0.06906,0.136647,14.577
2025-07-31 16:00:00,3.20209,2.82371,0.323747,2.87834,0.108751,0.087166,0.144444,16.055
2025-07-31 17:00:00,4.0392,2.87692,0.383339,3.65586,0.118041,0.115997,0.158261,18.46
2025-07-31 18:00:00,3.42484,2.6345,0.329822,3.09502,0.116174,0.097263,0.148537,17.37
2025-07-31 19:00:00,2.83565,3.58037,0.274906,2.56075,0.090761,0.071953,0.128333,12.999
2025-07-31 20:00:00,3.94767,6.0362,0.245049,3.70262,0.088454,0.082324,0.125872,15.29
2025-07-31 21:00:00,2.35552,4.46121,0.254913,2.1006,0.082246,0.064563,0.104787,11.98
2025-07-31 22:00:00,2.57258,4.30198,0.254642,2.31794,0.085972,0.058061,0.090697,11.226
2025-07-31 23:00:00,1.01813,2.26252,0.076758,0.941375,0.039743,0.021971,0.061755,5.897
2025-08-01 00:00:00,3.14841,7.32188,0.07646,3.07195,0.041465,0.043554,0.059735,5.873
2025-08-01 01:00:00,1.90949,5.18884,0.05372,1.85577,0.03252,0.040895,0.056135,5.042
2025-08-01 02:00:00,0.903701,2.51028,0.033109,0.870592,0.018947,0.017146,0.041336,2.256
2025-08-01 03:00:00,0.174469,0.535181,0.008021,0.166448,0.010427,0.005081,0.036306,1.473
2025-08-01 04:00:00,0.083255,0.242025,0.009943,0.073312,0.015143,0.004138,0.036276,0.566
2025-08-01 05:00:00,0.130407,0.479439,0.035393,0.095014,0.012895,0.004503,0.034955,0.704
2025-08-01 06:00:00,0.476039,0.922558,0.056718,0.419321,0.03258,0.015782,0.059082,2.481
2025-08-01 07:00:00,2.21502,2.42344,0.165177,2.04984,0.075836,0.061534,0.119099,9.848
2025-08-01 08:00:00,2.33031,2.04773,0.182781,2.14753,0.0859,0.072276,0.125914,11.576
2025-08-01 09:00:00,2.36442,2.14169,0.182565,2.18186,0.086063,0.06742,0.123142,11.175
2025-08-01 10:00:00,1.8507,2.34265,0.1842,1.6665,0.080216,0.051086,0.113197,10.755
2025-08-01 11:00:00,2.34146,3.19,0.246647,2.09481,0.088461,0.06495,0.121336,11.968
2025-08-01 12:00:00,2.5827,3.57714,0.223884,2.35881,0.079019,0.060603,0.115262,11.514
2025-08-01 13:00:00,2.1523,2.59939,0.170872,1.98142,0.074497,0.058406,0.113137,10.655
2025-08-01 14:00:00,3.40138,4.53517,0.21811,3.18327,0.079625,0.074628,0.12052,12.134
2025-08-01 15:00:00,2.4402,2.80483,0.189141,2.25106,0.080461,0.066195,0.119392,12.076
2025-08-01 16:00:00,3.44401,3.26756,1.13932,2.30469,0.110533,0.080375,0.150381,17.91
2025-08-01 17:00:00,4.74319,4.25017,0.458927,4.28427,0.124053,0.1167,0.158026,20.488
2025-08-01 18:00:00,3.74924,3.06812,0.433951,3.31529,0.115899,0.094791,0.144482,14.092
2025-08-01 19:00:00,3.59218,3.95615,0.308942,3.28324,0.097639,0.094343,0.141378,17.296
2025-08-01 20:00:00,1.9908,3.27434,0.182641,1.80816,0.069279,0.064807,0.106414,10.725
2025-08-01 21:00:00,3.0463,5.66226,0.187791,2.85851,0.075837,0.064834,0.108097,13.123
2025-08-01 22:00:00,2.83202,4.5385,0.211117,2.6209,0.067702,0.057962,0.084483,9.242
2025-08-01 23:00:00,0.624811,1.31263,0.064096,0.560715,0.033527,0.019708,0.058093,3.373
2025-08-02 00:00:00,2.7044,7.07958,0.090783,2.61362,0.049041,0.047862,0.065616,7.115
2025-08-02 01:00:00,2.37873,7.25222,0.214764,2.16396,0.050907,0.038244,0.058268,5.729
2025-08-02 02:00:00,1.22239,6.11196,0.045551,1.17684,0.033041,0.033604,0.056846,5.764
2025-08-02 03:00:00,1.11458,3.98063,0.026665,1.08791,0.020758,0.018998,0.043725,2.999
2025-08-02 04:00:00,0.048689,0.187265,0.004202,0.044487,0.012323,0.006845,0.038986,0.645
2025-08-02 05:00:00,0.312199,1.39375,0.018305,0.293894,0.011854,0.005792,0.03529,1.296
2025-08-02 06:00:00,0.472958,1.14241,0.038906,0.434052,0.026212,0.016952,0.052186,2.449
2025-08-02 07:00:00,1.17963,1.65214,0.107078,1.07255,0.050247,0.032811,0.079327,5.835
2025-08-02 08:00:00,3.42964,4.25514,0.259993,3.16965,0.079696,0.072696,0.105882,10.409
2025-08-02 09:00:00,3.27126,3.07449,0.259527,3.01173,0.09139,0.079814,0.124785,14.035
2025-08-02 10:00:00,2.72449,3.62299,0.242612,2.48188,0.086613,0.070069,0.122352,11.958
2025-08-02 11:00:00,1.79796,1.6772,0.211271,1.58669,0.088881,0.061176,0.126444,11.808
2025-08-02 12:00:00,6.6701,8.46459,0.291701,6.3784,0.08709,0.093739,0.12243,14.412
2025-08-02 13:00:00,2.32496,2.61232,0.20792,2.11704,0.080669,0.055102,0.114419,14.038
2025-08-02 14:00:00,3.27804,3.42175,0.422077,2.85596,0.100375,0.07805,0.126835,14.179
2025-08-02 15:00:00,2.6422,2.41077,0.243985,2.39822,0.084304,0.067896,0.121138,11.42
2025-08-02 16:00:00,2.95549,2.84729,0.373686,2.5818,0.103111,0.068205,0.129509,15.234
2025-08-02 17:00:00,2.83208,2.80404,0.251135,2.58094,0.089537,0.07164,0.123579,13.023
2025-08-02 18:00:00,3.05433,4.43943,0.241045,2.81328,0.084621,0.073733,0.119363,12.539
2025-08-02 19:00:00,2.3791,4.15927,0.224535,2.15457,0.06999,0.060924,0.104457,10.25
2025-08-02 20:00:00,1.51177,3.13645,0.157364,1.3544,0.061081,0.046784,0.095244,8.29
2025-08-02 21:00:00,2.3147,4.08958,0.286655,2.02805,0.080349,0.058872,0.102512,11.032
2025-08-02 22:00:00,1.75265,4.11421,0.245462,1.50719,0.072062,0.043522,0.083586,10.327
2025-08-02 23:00:00,1.38095,4.18471,0.100882,1.28007,0.036693,0.03007,0.060326,6.513
2025-08-03 00:00:00,2.38212,6.76739,0.08253,2.29959,0.042625,0.037824,0.063439,7.045
2025-08-03 01:00:00,1.72508,6.11731,0.123442,1.60164,0.04942,0.035542,0.065214,6.481
2025-08-03 02:00:00,0.622853,3.70745,0.043724,0.579129,0.022747,0.017738,0.042974,3.523
2025-08-03 03:00:00,1.00485,4.92573,0.021206,0.983643,0.022945,0.020974,0.046228,2.1
2025-08-03 04:00:00,0.212965,0.934066,0.011404,0.201561,0.015382,0.010604,0.044804,1.311
2025-08-03 05:00:00,0.440781,1.70845,0.016391,0.42439,0.013242,0.014737,0.041049,1.563
2025-08-03 06:00:00,0.692446,2.11112,0.051496,0.64095,0.022057,0.019351,0.048898,2.382
2025-08-03 07:00:00,0.783316,1.48919,0.057145,0.726171,0.034555,0.027151,0.068099,3.863
2025-08-03 08:00:00,1.15219,1.44748,0.130451,1.02174,0.054116,0.038397,0.088716,6.347
2025-08-03 09:00:00,1.64795,2.26367,0.152997,1.49495,0.076247,0.053013,0.116635,10.029
2025-08-03 10:00:00,2.48318,2.57058,0.192144,2.29104,0.076836,0.060622,0.114189,11.268
2025-08-03 11:00:00,2.55074,3.18843,0.263407,2.28734,0.088418,0.066103,0.121512,11.435
2025-08-03 12:00:00,2.85488,3.53326,0.359309,2.49557,0.101726,0.085386,0.140261,14.41
2025-08-03 13:00:00,2.77997,4.23775,0.228555,2.55141,0.079,0.07434,0.117121,11.661
2025-08-03 14:00:00,2.4055,2.77131,0.215691,2.18981,0.0863,0.066185,0.125722,12.043
2025-08-03 15:00:00,4.13629,3.98487,0.283797,3.8525,0.101107,0.08513,0.133194,15.311
2025-08-03 16:00:00,2.22722,1.71588,0.298353,1.92886,0.096139,0.067112,0.127638,13.415
2025-08-03 17:00:00,4.11163,3.00119,0.361865,3.74977,0.112501,0.095958,0.145847,19.526
2025-08-03 18:00:00,2.46004,3.05216,0.285016,2.17503,0.09505,0.062992,0.117616,13.063
2025-08-03 19:00:00,3.40941,4.8429,0.29198,3.11742,0.094158,0.078386,0.121709,14.689
2025-08-03 20:00:00,2.34047,3.65698,0.226894,2.11357,0.082398,0.057698,0.100781,10.981
2025-08-03 21:00:00,1.99101,3.78519,0.187557,1.80345,0.074147,0.050863,0.094582,11.259
2025-08-03 22:00:00,1.60333,2.17254,0.247469,1.35587,0.065248,0.035473,0.07754,7.508
2025-08-03 23:00:00,3.23478,6.41821,0.81018,2.4246,0.140063,0.051231,0.086523,13.219
2025-08-04 00:00:00,2.71091,5.74345,0.104118,2.60679,0.053477,0.045296,0.075394,11.115
2025-08-04 01:00:00,1.35187,3.17341,0.050041,1.30183,0.027914,0.024012,0.04877,2.717
2025-08-04 02:00:00,1.33596,4.02399,0.170388,1.16558,0.045808,0.02176,0.04779,4.305
2025-08-04 03:00:00,1.18816,3.11037,0.066692,1.12147,0.030512,0.020281,0.046624,4.098
2025-08-04 04:00:00,0.893238,2.2331,0.32349,0.569748,0.069609,0.014292,0.0465,2.61
2025-08-04 05:00:00,0.127584,0.318959,0.022257,0.105327,0.012628,0.005495,0.035644,1.192
2025-08-04 06:00:00,0.501746,0.979972,0.059898,0.441848,0.028346,0.016486,0.055954,3.07
2025-08-04 07:00:00,2.65898,2.5518,0.180658,2.47832,0.081739,0.070605,0.113131,11.052
2025-08-04 08:00:00,2.39441,2.48899,0.199349,2.19506,0.088636,0.071342,0.121188,11.532
2025-08-04 09:00:00,3.2471,3.20227,0.270739,2.97636,0.09807,0.084743,0.131584,13.248
2025-08-04 10:00:00,2.02706,2.58554,0.228797,1.79827,0.077458,0.053229,0.108282,10.615
2025-08-04 11:00:00,3.35599,4.03364,0.219781,3.13621,0.086954,0.075845,0.124983,12.679
2025-08-04 12:00:00,3.98193,4.78598,0.351097,3.63084,0.112952,0.10191,0.14085,15.495
2025-08-04 13:00:00,2.33807,3.3593,0.191158,2.14691,0.068381,0.060069,0.097638,8.987
2025-08-04 14:00:00,2.43229,3.49467,0.308876,2.12341,0.068623,0.056508,0.10806,9.863
2025-08-04 15:00:00,2.39766,2.82743,0.216285,2.18137,0.082941,0.062048,0.120111,11.811
2025-08-04 16:00:00,4.27313,3.74179,0.286724,3.9864,0.099259,0.085034,0.130671,16.465
2025-08-04 17:00:00,4.37821,3.21927,0.527553,3.85066,0.121325,0.113826,0.155792,20.703
2025-08-04 18:00:00,3.63775,3.19101,0.400696,3.23705,0.125257,0.102742,0.151952,22.412
2025-08-04 19:00:00,2.90429,3.64861,0.304453,2.59984,0.096489,0.083271,0.132701,15.596
2025-08-04 20:00:00,2.70149,3.94955,0.267898,2.43359,0.081446,0.061837,0.107091,13.266
2025-08-04 21:00:00,1.70036,3.63325,0.159183,1.54118,0.072442,0.049541,0.095853,8.824
2025-08-04 22:00:00,1.96593,3.64061,0.239437,1.72649,0.065534,0.040259,0.080542,9.422
2025-08-04 23:00:00,2.06356,6.97148,0.074237,1.98932,0.037898,0.03532,0.062952,5.932
2025-08-05 00:00:00,0.690386,2.57606,0.041144,0.649242,0.021311,0.011975,0.04315,2.298
2025-08-05 01:00:00,1.26504,3.88049,0.036522,1.22852,0.018203,0.016819,0.041509,2.884
2025-08-05 02:00:00,0.586739,2.0955,0.026777,0.559962,0.016275,0.009904,0.039702,2.452
2025-08-05 03:00:00,0.705577,2.96461,0.02867,0.676907,0.011184,0.025701,0.038023,1.085
2025-08-05 04:00:00,2.82274,12.063,0.060649,2.76209,0.02561,0.060886,0.058156,6.334
2025-08-05 05:00:00,2.70217,8.66082,0.052827,2.64935,0.031123,0.121369,0.064486,4.004
2025-08-05 06:00:00,1.22273,2.89747,0.057754,1.16498,0.032508,0.029985,0.0597,3.992
2025-08-05 07:00:00,3.87237,5.06855,0.205207,3.66716,0.075386,0.068319,0.111351,10.795
2025-08-05 08:00:00,2.94604,2.9111,0.311009,2.63503,0.091307,0.071254,0.13332,12.924
2025-08-05 09:00:00,1.82388,2.46471,0.185037,1.63885,0.09079,0.067858,0.132932,13.098
2025-08-05 10:00:00,1.99708,2.40033,0.187328,1.80975,0.076916,0.053572,0.118993,11.859
2025-08-05 11:00:00,2.57242,2.73662,0.201715,2.37071,0.084677,0.070009,0.129537,11.6
2025-08-05 12:00:00,2.60929,3.04823,0.209912,2.39937,0.087022,0.074872,0.120133,13.071
2025-08-05 13:00:00,2.68088,2.88888,0.234322,2.44656,0.088966,0.070405,0.12262,12.507
2025-08-05 14:00:00,3.44775,3.03499,0.3143,3.13345,0.095479,0.07719,0.132358,15.623
2025-08-05 15:00:00,1.95649,1.98427,0.197659,1.75883,0.100826,0.072309,0.133951,10.65
2025-08-05 16:00:00,4.53075,3.83312,0.352399,4.17835,0.114753,0.092376,0.144117,17.872
2025-08-05 17:00:00,5.3941,3.7459,0.442591,4.95151,0.135557,0.128972,0.172292,23.443
2025-08-05 18:00:00,3.63092,4.16391,0.406774,3.22415,0.134004,0.116692,0.158237,17.478
2025-08-05 19:00:00,2.39268,4.08307,0.346276,2.0464,0.116134,0.085966,0.131595,16.702
2025-08-05 20:00:00,3.03119,5.76271,0.235816,2.79537,0.108644,0.086199,0.127039,9.822
2025-08-05 21:00:00,1.678,2.67197,0.162692,1.51531,0.070322,0.044622,0.123358,9.824
2025-08-05 22:00:00,1.13003,2.18153,0.082648,1.04738,0.061678,0.044241,0.086441,6.249
2025-08-05 23:00:00,0.9702,2.28821,0.111044,0.859156,0.051429,0.036431,0.06094,3.544
2025-08-06 00:00:00,0.106221,0.931768,0.008194,0.098027,0.024988,0.020973,0.049143,2.302
2025-08-06 01:00:00,1.9534,4.7877,0.0785,1.8749,0.0425,0.0365,0.0587,5.08
2025-08-06 02:00:00,1.3856,4.4696,0.0409,1.3447,0.0282,0.0238,0.0526,4.066
2025-08-06 03:00:00,0.3467,1.3869,0.0202,0.3265,0.0192,0.0077,0.0376,2.616
2025-08-06 04:00:00,0.094,0.3358,0.0069,0.0871,0.0108,0.0023,0.0324,1.558
2025-08-06 05:00:00,0.1872,0.9087,0.018,0.1692,0.0119,0.0056,0.0342,1.279
2025-08-06 06:00:00,0.62,1.5579,0.0846,0.5355,0.0339,0.0202,0.063,3.766
2025-08-06 07:00:00,2.1168,2.4963,0.1669,1.9499,0.0697,0.0591,0.1102,10.171
2025-08-06 08:00:00,3.0426,4.1228,0.2149,2.8278,0.0936,0.0938,0.1304,15.449
2025-08-06 09:00:00,2.8712,2.8094,0.2182,2.6529,0.0925,0.0718,0.1287,13.456
2025-08-06 10:00:00,2.6569,2.6099,0.2393,2.4176,0.0923,0.0702,0.1264,13.458
2025-08-06 11:00:00,2.3062,2.3342,0.2612,2.045,0.1035,0.0691,0.1336,13.287
2025-08-06 12:00:00,3.3891,3.9317,0.3671,3.0221,0.0927,0.0816,0.1365,13.828
2025-08-06 13:00:00,3.2296,4.2161,0.2191,3.0104,0.0809,0.0661,0.1114,11.897
2025-08-06 14:00:00,3.0103,3.6181,0.4208,2.5895,0.0919,0.0744,0.1281,13.513
2025-08-06 15:00:00,3.5118,4.4229,0.3154,3.1964,0.0943,0.0802,0.1329,15.089
2025-08-06 16:00:00,2.7507,2.3713,0.2288,2.5218,0.0936,0.0756,0.1324,12.462
2025-08-06 17:00:00,4.4619,3.427,0.3348,4.1271,0.1144,0.1028,0.1451,17.225
2025-08-06 18:00:00,3.9002,4.4933,0.3414,3.5588,0.115,0.0985,0.1403,17.7
2025-08-06 19:00:00,2.6644,3.6399,0.2226,2.4418,0.0889,0.0713,0.1186,12.955
2025-08-06 20:00:00,1.8716,2.8443,0.2389,1.6327,0.0835,0.0551,0.109,11.859
2025-08-06 21:00:00,2.4319,3.8848,0.1981,2.2337,0.0836,0.0676,0.1112,13.381
2025-08-06 22:00:00,2.4744,4.4343,0.2925,2.1818,0.0889,0.0536,0.0916,11.369
2025-08-06 23:00:00,1.9324,3.6053,0.1603,1.7721,0.0541,0.038,0.0661,6.995
2025-08-07 00:00:00,1.68447,3.81102,0.08136,1.60311,0.039834,0.032306,0.057374,4.142
2025-08-07 01:00:00,3.02888,5.48711,0.129537,2.89935,0.058304,0.056368,0.066807,4.037
2025-08-07 02:00:00,1.38044,2.15694,0.084244,1.2962,0.035951,0.034426,0.05211,3.257
2025-08-07 03:00:00,1.62669,2.29759,0.049653,1.57704,0.038528,0.072172,0.064369,2.6
2025-08-07 04:00:00,0.885997,1.4791,0.034076,0.85192,0.024664,0.038136,0.049135,2.0235
2025-08-07 05:00:00,0.1453,0.6606,0.0185,0.1268,0.0108,0.0041,0.0339,1.447
2025-08-07 06:00:00,0.4396,0.9514,0.0365,0.4031,0.0258,0.0145,0.0553,2.993
2025-08-07 07:00:00,2.4955,3.0961,0.2068,2.2887,0.0791,0.0689,0.1058,10.342
2025-08-07 08:00:00,3.226,2.5974,0.2586,2.9674,0.095,0.0845,0.1432,14.867
2025-08-07 09:00:00,3.2227,2.9033,0.2106,3.0121,0.0896,0.0798,0.1426,15.882
2025-08-07 10:00:00,2.6628,2.1544,0.2143,2.4485,0.0849,0.063,0.128,14.661
2025-08-07 11:00:00,1.7953,1.4716,0.1706,1.6247,0.0862,0.0607,0.123,8.49
2025-08-07 12:00:00,2.9103,2.9161,0.5155,2.3947,0.0947,0.0592,0.1137,11.519
2025-08-07 13:00:00,2.5154,2.8011,0.23,2.2854,0.0809,0.0831,0.1225,12.402
2025-08-07 14:00:00,3.80432,4.11723,0.263404,3.54091,0.092824,0.093719,0.131912,14.759
2025-08-07 15:00:00,3.43158,4.34377,0.377902,3.05367,0.110852,0.096084,0.137577,16.501
2025-08-07 16:00:00,3.58996,3.2459,0.420119,3.16985,0.108917,0.104028,0.155018,15.973
2025-08-07 17:00:00,4.09306,3.74822,0.34572,3.74734,0.110416,0.116974,0.16382,21.043
2025-08-07 18:00:00,3.4248,2.6345,0.3298,3.095,0.1162,0.0973,0.1485,17.37
2025-08-07 19:00:00,2.8357,3.5804,0.2749,2.5607,0.0908,0.072,0.1283,12.999
2025-08-07 20:00:00,3.9477,6.0362,0.245,3.7026,0.0885,0.0823,0.1259,15.29
2025-08-07 21:00:00,2.34766,3.95229,0.223798,2.12386,0.074432,0.062106,0.108481,9.847
2025-08-07 22:00:00,2.81013,5.66558,0.198522,2.6116,0.061554,0.056501,0.089741,9.365
2025-08-07 23:00:00,1.68784,5.44464,0.126274,1.56156,0.041584,0.032815,0.062482,5.409
2025-08-08 00:00:00,2.53039,8.26924,0.205677,2.32471,0.060486,0.038065,0.064227,6.352
2025-08-08 01:00:00,1.03191,2.10593,0.049181,0.982724,0.030064,0.017605,0.050063,2.771
2025-08-08 02:00:00,0.73134,1.68511,0.077487,0.653853,0.034267,0.018566,0.051342,2.955
2025-08-08 03:00:00,0.246726,0.822419,0.063679,0.183047,0.020343,0.005532,0.036589,1.454
2025-08-08 04:00:00,0.12925,0.369286,0.032548,0.096702,0.025906,0.008562,0.047326,3.375
2025-08-08 05:00:00,0.807793,2.88498,0.068612,0.739181,0.030484,0.016485,0.046436,2.579
2025-08-08 06:00:00,0.858154,2.01445,0.134747,0.723407,0.037188,0.02495,0.05918,3.357
2025-08-08 07:00:00,2.26217,2.78592,0.238552,2.02361,0.079972,0.059913,0.10581,10.303
2025-08-08 08:00:00,2.88337,2.75657,0.204876,2.67849,0.094178,0.084731,0.156216,15.102
2025-08-08 09:00:00,2.80617,2.9292,0.185915,2.62026,0.07998,0.06821,0.128436,13.08
2025-08-08 10:00:00,2.06339,2.23796,0.253261,1.81013,0.082273,0.055477,0.120531,11.416
2025-08-08 11:00:00,2.49962,2.96163,0.230445,2.26917,0.086289,0.063368,0.125238,11.773
2025-08-08 12:00:00,2.15878,4.28329,0.173391,1.98539,0.093734,0.080806,0.128596,14.976
2025-08-08 13:00:00,2.79642,3.74855,0.245476,2.55094,0.093993,0.071502,0.123168,10.421
2025-08-08 14:00:00,2.76938,3.51444,0.272064,2.49732,0.091979,0.067458,0.127016,12.448
2025-08-08 15:00:00,1.84762,2.47007,0.153348,1.69427,0.087241,0.07223,0.13141,12.607
2025-08-08 16:00:00,3.44706,3.1394,0.341473,3.10559,0.103161,0.084749,0.149912,15.902
2025-08-08 17:00:00,4.04466,3.54795,0.380759,3.6639,0.117392,0.109123,0.160025,15.285
2025-08-08 18:00:00,4.78769,4.03004,0.402885,4.38481,0.120586,0.121681,0.156928,21.343
2025-08-08 19:00:00,3.11735,3.48698,0.317029,2.80033,0.09758,0.074173,0.123781,13.667
2025-08-08 20:00:00,2.97338,4.37261,0.15164,2.82174,0.072168,0.067682,0.112831,10.198
2025-08-08 21:00:00,2.6433,5.37256,0.224181,2.41912,0.075684,0.066039,0.105815,12.319
2025-08-08 22:00:00,2.88733,4.96105,0.211309,2.67602,0.075499,0.059829,0.094587,13.075
2025-08-08 23:00:00,2.99227,7.79238,0.239572,2.7527,0.06367,0.052726,0.080159,6.504
2025-08-09 00:00:00,2.7044,7.0796,0.0908,2.6136,0.049,0.0479,0.0656,7.115
2025-08-09 01:00:00,2.3787,7.2522,0.2148,2.164,0.0509,0.0382,0.0583,5.729
2025-08-09 02:00:00,1.61529,3.3652,0.063371,1.55192,0.039294,0.031288,0.057295,4.746
2025-08-09 03:00:00,0.990128,2.70527,0.038941,0.951187,0.031703,0.030027,0.053739,2.91
2025-08-09 04:00:00,0.312148,0.580202,0.014475,0.297673,0.018846,0.011678,0.044736,2.159
2025-08-09 05:00:00,1.41877,2.56095,0.050352,1.36841,0.025722,0.019055,0.04933,2.944
2025-08-09 06:00:00,0.898006,1.98674,0.042518,0.855488,0.024119,0.014944,0.048849,3.401
2025-08-09 07:00:00,1.33843,1.99171,0.125095,1.21334,0.049326,0.042349,0.084329,5.459
2025-08-09 08:00:00,2.6794,3.62081,0.223732,2.45567,0.072244,0.060763,0.111927,9.774
2025-08-09 09:00:00,2.03742,2.12231,0.346048,1.69137,0.089899,0.063027,0.121576,9.648
2025-08-09 10:00:00,2.86162,3.13087,0.278631,2.58299,0.089797,0.072356,0.128123,14.356
2025-08-09 11:00:00,3.73859,3.29101,0.298819,3.43977,0.096049,0.090496,0.136009,10.916
2025-08-09 12:00:00,2.58868,2.99615,0.269776,2.3189,0.084883,0.072218,0.12012,13.225
2025-08-09 13:00:00,3.18588,3.70451,0.475571,2.7103,0.100111,0.079466,0.124384,10.577
2025-08-09 14:00:00,2.14563,2.35266,0.253537,1.89209,0.079444,0.059946,0.116954,12.714
2025-08-09 15:00:00,2.61648,3.03537,0.271406,2.34508,0.090525,0.075484,0.133462,13.99
2025-08-09 16:00:00,3.19707,3.57614,0.358848,2.83822,0.100561,0.085939,0.153156,18.24
2025-08-09 17:00:00,2.07547,2.86668,0.197966,1.87751,0.096962,0.092786,0.137791,10.827
2025-08-09 18:00:00,2.34884,3.3651,0.257592,2.09125,0.081224,0.067136,0.11684,10.373
2025-08-09 19:00:00,2.46933,4.44125,0.168724,2.30061,0.062753,0.056805,0.096757,9.625
2025-08-09 20:00:00,3.88369,6.10642,0.213584,3.6701,0.081834,0.086753,0.112933,12.625
2025-08-09 21:00:00,2.76287,3.88044,0.208335,2.55454,0.074002,0.065726,0.101938,11.219
2025-08-09 22:00:00,2.43611,4.47815,0.172043,2.26407,0.080097,0.068376,0.100527,7.72
2025-08-09 23:00:00,4.42725,11.5293,0.165226,4.26202,0.053604,0.059857,0.075261,8.092
2025-08-10 00:00:00,1.89189,6.70883,0.116754,1.77513,0.047,0.042041,0.067009,8.391
2025-08-10 01:00:00,2.17499,8.19317,0.193451,1.98154,0.045115,0.04502,0.068036,7.262
2025-08-10 02:00:00,2.45809,9.67752,0.270148,2.18794,0.04323,0.048,0.069064,6.133
2025-08-10 03:00:00,1.64764,9.05298,0.086415,1.56123,0.043723,0.039634,0.057744,5.174
2025-08-10 04:00:00,0.442406,1.60292,0.232701,0.209705,0.037056,0.00559,0.034515,2.037
2025-08-10 05:00:00,0.137261,0.80742,0.019166,0.118095,0.011527,0.004099,0.046607,0.802
2025-08-10 06:00:00,0.661633,2.3134,0.026397,0.635236,0.018993,0.013331,0.044741,1.608
2025-08-10 07:00:00,1.01218,1.8538,0.072224,0.939951,0.038421,0.029375,0.072241,4.49
2025-08-10 08:00:00,1.73907,2.87926,0.118328,1.62075,0.060175,0.046646,0.093,6.907
2025-08-10 09:00:00,1.87469,2.15978,0.148468,1.72622,0.075058,0.067554,0.125633,9.731
2025-08-10 10:00:00,2.30728,3.31506,0.162818,2.14447,0.091101,0.071164,0.123522,13.664
2025-08-10 11:00:00,2.93712,3.6714,0.257937,2.67918,0.087007,0.068619,0.129478,13.225
2025-08-10 12:00:00,2.41499,4.17819,0.312512,2.10248,0.091203,0.071004,0.127362,10.53
2025-08-10 13:00:00,2.3154,4.61235,0.257931,2.05747,0.091827,0.070394,0.123094,13.026
2025-08-10 14:00:00,2.5849,3.01974,0.232429,2.35247,0.086634,0.081137,0.13221,14.443
2025-08-10 15:00:00,2.93084,4.10482,0.222294,2.70855,0.097741,0.082073,0.142278,11.827
2025-08-10 16:00:00,3.88239,4.73463,0.2809,3.60149,0.091925,0.086844,0.130792,16.291
2025-08-10 17:00:00,3.31616,3.41168,0.287204,3.02895,0.095777,0.08559,0.133724,15.176
2025-08-10 18:00:00,2.34965,3.13286,0.353379,1.99627,0.081497,0.063845,0.113519,10.446
2025-08-10 19:00:00,2.06882,3.64229,0.197227,1.87159,0.06997,0.053196,0.103345,9.913
2025-08-10 20:00:00,2.73961,5.05463,0.182407,2.5572,0.067712,0.060138,0.103772,11.939
2025-08-10 21:00:00,3.40674,6.57672,1.3085,2.09824,0.121744,0.05673,0.108627,11.465
2025-08-10 22:00:00,1.04407,1.68398,0.166201,0.877866,0.061133,0.029633,0.080396,8.224
2025-08-10 23:00:00,1.23558,3.83719,0.074855,1.16072,0.033791,0.025477,0.055205,4.41
2025-08-11 00:00:00,0.841878,3.75839,0.075145,0.766733,0.022065,0.019851,0.049574,4.047
2025-08-11 01:00:00,1.3621,3.66155,0.046126,1.31597,0.035235,0.035371,0.055993,3.917
2025-08-11 02:00:00,2.83712,10.5078,0.083523,2.75359,0.051482,0.038626,0.071511,9.68
2025-08-11 03:00:00,0.477841,3.1437,0.013844,0.463997,0.033367,0.02415,0.069786,3.864
2025-08-11 04:00:00,0.062017,0.228003,0.008496,0.053521,0.023297,0.011299,0.046736,0.578
2025-08-11 05:00:00,0.361368,2.44167,0.009186,0.352182,0.020618,0.014876,0.044982,0.938
2025-08-11 06:00:00,0.401047,1.03898,0.054279,0.346768,0.0273,0.018062,0.055605,2.179
2025-08-11 07:00:00,2.75339,3.20162,0.210973,2.54242,0.071039,0.06069,0.106488,10.531
2025-08-11 08:00:00,2.19898,2.95562,0.159821,2.03916,0.092099,0.070708,0.123857,13.177
2025-08-11 09:00:00,1.57663,1.83329,0.137949,1.43868,0.070176,0.050795,0.109109,9.387
2025-08-11 10:00:00,1.83804,1.63526,0.24584,1.5922,0.085126,0.057672,0.11878,10.383
2025-08-11 11:00:00,1.8513,2.0708,0.167182,1.68412,0.079585,0.061834,0.134017,7.304
2025-08-11 12:00:00,4.00557,5.70593,0.210169,3.7954,0.078632,0.076039,0.124538,11.345
2025-08-11 13:00:00,1.90492,2.40521,0.138467,1.76646,0.072685,0.058664,0.109221,9.311
2025-08-11 14:00:00,2.39399,3.19199,0.248615,2.14538,0.0899,0.067596,0.122408,13.308
2025-08-11 15:00:00,2.17323,2.80055,0.161719,2.01151,0.076081,0.054718,0.109274,10.779
2025-08-11 16:00:00,2.7312,2.70416,0.240874,2.49033,0.09146,0.06523,0.124314,13.992
2025-08-11 17:00:00,4.25925,3.67177,0.324051,3.9352,0.105525,0.097764,0.1403,17.193
2025-08-11 18:00:00,3.66438,2.90824,0.298572,3.36581,0.104087,0.097153,0.138861,17.403
2025-08-11 19:00:00,3.15871,4.7571,0.331405,2.82731,0.090094,0.074458,0.118552,13.283
2025-08-11 20:00:00,3.08556,4.80617,0.391141,2.69442,0.102822,0.074003,0.119828,15.866
2025-08-11 21:00:00,1.14639,2.49215,0.132701,1.01369,0.084182,0.058211,0.114173,12.585
2025-08-11 22:00:00,2.20638,3.26388,0.167964,2.03842,0.066041,0.049088,0.089152,10.475
2025-08-11 23:00:00,1.91106,3.60576,0.125242,1.78581,0.044785,0.042101,0.065338,5.826
2025-08-12 00:00:00,0.667399,1.78449,0.186186,0.481213,0.017862,0.010651,0.039465,1.633
2025-08-12 01:00:00,0.585225,2.76049,0.03073,0.554495,0.014262,0.011348,0.034944,1.371
2025-08-12 02:00:00,0.252934,1.08091,0.006277,0.246657,0.00986,0.012708,0.033073,0.881
2025-08-12 03:00:00,0.21438,0.598827,0.010528,0.203852,0.015737,0.013468,0.036194,0.823
2025-08-12 04:00:00,0.380908,1.3226,0.020532,0.360376,0.021821,0.020304,0.047474,1.413
2025-08-12 05:00:00,0.212967,0.880026,0.015825,0.197142,0.015612,0.017922,0.044302,1.559
2025-08-12 06:00:00,0.739909,1.65899,0.059079,0.68083,0.03754,0.022098,0.064818,3.499
2025-08-12 07:00:00,1.91922,1.88529,0.166957,1.75226,0.068696,0.053938,0.102841,9.86
2025-08-12 08:00:00,2.88101,2.69758,0.268681,2.61233,0.081324,0.077298,0.123845,9.141
2025-08-12 09:00:00,2.21562,2.16369,0.182949,2.03267,0.07982,0.064324,0.120527,8.919
2025-08-12 10:00:00,1.81346,1.7271,0.210657,1.6028,0.080335,0.051122,0.115624,11.118
2025-08-12 11:00:00,3.44337,2.56585,0.297692,3.14568,0.096165,0.078803,0.13043,15.338
2025-08-12 12:00:00,5.73708,6.34633,0.334497,5.40259,0.107067,0.112991,0.139627,19.883
2025-08-12 13:00:00,2.40917,3.07292,0.175026,2.23414,0.072599,0.058207,0.114107,11.177
2025-08-12 14:00:00,2.79901,2.83875,0.335526,2.46348,0.118366,0.091276,0.145313,16.593
2025-08-12 15:00:00,3.76542,4.24991,0.279508,3.48591,0.099847,0.093235,0.140566,16.24
2025-08-12 16:00:00,2.69741,2.71917,0.282926,2.41449,0.104764,0.090981,0.15461,16.029
2025-08-12 17:00:00,3.51018,2.57723,0.370367,3.13982,0.114489,0.097596,0.148399,18.61
2025-08-12 18:00:00,4.58362,4.23625,0.330009,4.25361,0.106332,0.10429,0.146221,19.446
2025-08-12 19:00:00,2.60696,3.21847,0.259298,2.34767,0.090256,0.070436,0.118142,13.885
2025-08-12 20:00:00,2.51155,3.2117,0.22036,2.29119,0.081745,0.071373,0.115741,13.015
2025-08-12 21:00:00,2.15961,3.58739,0.29917,1.86044,0.084032,0.054233,0.108755,14.132
2025-08-12 22:00:00,2.25215,3.96505,0.154485,2.09766,0.051674,0.050266,0.081864,9.764
2025-08-12 23:00:00,0.774985,3.25624,0.038834,0.736151,0.030546,0.020665,0.052145,4.388
2025-08-13 00:00:00,1.46523,3.31499,0.087092,1.37813,0.036358,0.031016,0.058242,3.46
2025-08-13 01:00:00,0.428376,0.960482,0.051004,0.377372,0.022575,0.019018,0.046509,1.871
2025-08-13 02:00:00,0.170852,0.368213,0.009487,0.161365,0.02123,0.014561,0.045209,0.711
2025-08-13 03:00:00,0.057303,0.249145,0.011771,0.045532,0.017581,0.011644,0.037885,0.662
2025-08-13 04:00:00,0.257414,0.375241,0.023842,0.233572,0.015292,0.009035,0.037952,1.004
2025-08-13 05:00:00,0.182667,1.0873,0.013627,0.16904,0.014499,0.00721,0.038098,1.569
2025-08-13 06:00:00,0.653496,1.64195,0.045019,0.608477,0.031056,0.017855,0.058181,3.929
2025-08-13 07:00:00,3.03564,3.58823,0.141422,2.89422,0.065322,0.060443,0.105287,9.074
2025-08-13 08:00:00,3.2932,3.01575,0.290499,3.0027,0.0919,0.07704,0.128755,9.378
2025-08-13 09:00:00,1.5439,2.12075,0.125553,1.41835,0.085086,0.065288,0.128738,13.509
2025-08-13 10:00:00,1.81886,1.63566,0.166413,1.65244,0.086411,0.075371,0.130286,11.757
2025-08-13 11:00:00,1.91345,2.03126,0.167974,1.74548,0.087854,0.061631,0.120679,11.761
2025-08-13 12:00:00,2.15511,3.08756,0.217583,1.93753,0.087434,0.066631,0.119212,11.641
2025-08-13 13:00:00,1.80251,2.11066,0.174291,1.62822,0.071205,0.069423,0.117753,9.833
2025-08-13 14:00:00,2.02552,2.77469,0.210888,1.81463,0.075012,0.05327,0.117106,11.019
2025-08-13 15:00:00,2.69554,2.96866,0.228626,2.46692,0.085338,0.073923,0.124833,13.032
2025-08-13 16:00:00,1.92118,1.89466,0.296938,1.62424,0.10914,0.064688,0.1294,12.291
2025-08-13 17:00:00,3.95277,3.29948,0.518618,3.43416,0.117343,0.106321,0.148362,19.454
2025-08-13 18:00:00,4.16115,4.42675,0.417679,3.74347,0.101281,0.106823,0.144243,17.642
2025-08-13 19:00:00,1.94438,2.97306,0.231934,1.71245,0.080208,0.061157,0.117164,12.155
2025-08-13 20:00:00,1.41052,2.13069,0.172044,1.23847,0.065603,0.045397,0.100483,10.194
2025-08-13 21:00:00,0.987221,2.43158,0.118728,0.868493,0.074802,0.047778,0.107791,11.144
2025-08-13 22:00:00,1.41687,2.53013,0.125235,1.29164,0.058784,0.033965,0.087726,8.617
2025-08-13 23:00:00,1.65285,4.72243,0.128746,1.5241,0.043966,0.030685,0.058542,5.178
2025-08-14 00:00:00,1.12153,3.06428,0.073346,1.04818,0.031422,0.024633,0.050396,4.33
2025-08-14 01:00:00,3.30634,12.9154,0.103232,3.2031,0.065557,0.109637,0.08225,8.369
2025-08-14 02:00:00,1.91772,11.1495,0.073058,1.84466,0.062453,0.072773,0.070413,4.119
2025-08-14 03:00:00,0.885466,2.78448,0.031827,0.853639,0.025845,0.02609,0.05311,2.671
2025-08-14 04:00:00,1.6032,3.54691,0.050267,1.55293,0.034889,0.050751,0.063058,3.69
2025-08-14 05:00:00,0.884385,2.60113,0.020597,0.863788,0.016242,0.015036,0.040898,1.932
2025-08-14 06:00:00,0.707865,1.80578,0.0428,0.665065,0.033629,0.025472,0.065332,3.674
2025-08-14 07:00:00,2.44933,3.04643,0.131793,2.31754,0.065019,0.06573,0.103747,7.99
2025-08-14 08:00:00,2.62291,2.70962,0.191465,2.43145,0.096173,0.073938,0.126262,9.008
2025-08-14 09:00:00,2.82744,3.04025,0.218791,2.60865,0.092869,0.072032,0.137556,14.214
2025-08-14 10:00:00,2.99765,3.61163,0.241936,2.75571,0.102332,0.072684,0.143686,15.801
2025-08-14 11:00:00,2.25226,2.1782,0.345848,1.90641,0.094949,0.067188,0.127798,13.729
2025-08-14 12:00:00,2.95551,3.81848,0.261771,2.69374,0.103592,0.073401,0.124692,14.835
2025-08-14 13:00:00,1.26223,1.93001,0.143519,1.11871,0.07162,0.049243,0.112221,8.872
2025-08-14 14:00:00,3.48725,4.8434,0.277042,3.21021,0.089949,0.073161,0.125982,14.908
2025-08-14 15:00:00,2.58731,2.5977,0.231389,2.35592,0.090092,0.062859,0.123188,10.785
2025-08-14 16:00:00,2.89115,2.66711,0.263381,2.62777,0.112792,0.094554,0.16436,24.842
2025-08-14 17:00:00,3.58253,4.89416,0.267971,3.31455,0.123304,0.128506,0.16871,16.882
2025-08-14 18:00:00,4.40773,4.27105,0.339422,4.06831,0.12665,0.11772,0.179496,22.786
2025-08-14 19:00:00,3.84727,4.97063,0.324734,3.52253,0.091777,0.080542,0.125818,14.125
2025-08-14 20:00:00,2.49914,4.61095,0.318704,2.18043,0.094955,0.057732,0.108214,11.181
2025-08-14 21:00:00,1.81626,4.00057,0.119334,1.69692,0.080633,0.063261,0.108199,8.776
2025-08-14 22:00:00,1.81306,3.39524,0.177387,1.63567,0.069322,0.048883,0.089741,10.446
2025-08-14 23:00:00,1.07781,2.3129,0.121463,0.956346,0.053754,0.02484,0.064876,5.294
2025-08-15 00:00:00,1.07909,2.29594,0.0499,1.02919,0.042539,0.0334,0.05594,4.283
2025-08-15 01:00:00,0.962482,2.34751,0.066233,0.896249,0.037107,0.024819,0.051277,4.035
2025-08-15 02:00:00,0.344879,0.898123,0.013471,0.331408,0.03013,0.028768,0.053596,3.718
2025-08-15 03:00:00,0.294012,0.665184,0.01564,0.278372,0.021816,0.020349,0.045536,1.891
2025-08-15 04:00:00,0.157395,0.268593,0.018794,0.138601,0.019268,0.006881,0.039429,1.119
2025-08-15 05:00:00,0.370932,1.61274,0.018767,0.352165,0.01854,0.01264,0.040072,1.307
2025-08-15 06:00:00,0.658668,2.2103,0.084684,0.573984,0.032049,0.017809,0.054429,2.447
2025-08-15 07:00:00,1.77694,2.4209,0.129568,1.64738,0.065394,0.052709,0.099212,8.523
2025-08-15 08:00:00,2.75505,2.70633,0.201901,2.55315,0.094213,0.075545,0.130324,12.838
2025-08-15 09:00:00,2.2047,2.42809,0.164609,2.04009,0.089087,0.07355,0.136296,13.365
2025-08-15 10:00:00,2.38272,2.74507,0.22039,2.16233,0.09146,0.065117,0.131618,13.182
2025-08-15 11:00:00,3.12688,4.10352,0.343454,2.78343,0.090627,0.089906,0.137081,12.026
2025-08-15 12:00:00,2.15199,3.40504,0.201793,1.95019,0.087954,0.072542,0.121924,11.756
2025-08-15 13:00:00,2.08284,2.79201,0.188305,1.89453,0.073744,0.055829,0.109246,10.396
2025-08-15 14:00:00,2.99377,3.29711,0.3436,2.65017,0.089384,0.080815,0.130181,14.619
2025-08-15 15:00:00,2.86033,3.17815,0.235333,2.625,0.093388,0.088555,0.134939,14.685
2025-08-15 16:00:00,3.32287,3.83704,0.287367,3.03551,0.112982,0.088924,0.139934,12.396
2025-08-15 17:00:00,3.51682,2.70525,0.433045,3.08378,0.114269,0.086138,0.140521,17.976
2025-08-15 18:00:00,3.99643,3.29195,0.428424,3.568,0.117134,0.094975,0.1467,19.869
2025-08-15 19:00:00,3.67846,4.15176,0.313702,3.36475,0.094708,0.083154,0.125494,15.462
2025-08-15 20:00:00,1.79311,3.26021,0.168627,1.62449,0.071537,0.054128,0.103019,10.174
2025-08-15 21:00:00,1.52083,2.59527,0.167094,1.35374,0.072023,0.041507,0.095175,9.457
2025-08-15 22:00:00,0.941736,2.20032,0.112589,0.829147,0.04544,0.027912,0.070059,4.713
2025-08-15 23:00:00,1.53825,4.34533,0.103777,1.43447,0.048418,0.040551,0.065708,6.175
2025-08-16 00:00:00,1.93691,6.72539,0.086909,1.85,0.048198,0.039388,0.06483,6.112
2025-08-16 01:00:00,0.776969,2.45876,0.084657,0.692312,0.044118,0.036052,0.065452,5.136
2025-08-16 02:00:00,0.762639,2.66657,0.032285,0.730354,0.034896,0.034241,0.059495,3.39
2025-08-16 03:00:00,0.425151,1.57463,0.014653,0.410498,0.02671,0.022206,0.049789,2.98
2025-08-16 04:00:00,0.959527,3.52767,0.128122,0.831405,0.033878,0.023338,0.054644,2.075
2025-08-16 05:00:00,0.369647,1.81199,0.028181,0.341466,0.016129,0.009397,0.038517,2.293
2025-08-16 06:00:00,0.694484,3.47242,0.031638,0.662846,0.029532,0.016627,0.05591,5.007
2025-08-16 07:00:00,1.26012,2.04564,0.073499,1.18662,0.043962,0.030121,0.076437,5.902
2025-08-16 08:00:00,1.78222,2.11163,0.118818,1.6634,0.069151,0.052984,0.109056,10.018
2025-08-16 09:00:00,2.91789,3.07146,0.343566,2.57432,0.092239,0.079123,0.133219,12.094
2025-08-16 10:00:00,2.22355,2.27823,0.214429,2.00912,0.092378,0.064636,0.128984,11.37
2025-08-16 11:00:00,2.79492,4.18402,0.232928,2.562,0.091938,0.086773,0.131987,13.429
2025-08-16 12:00:00,2.19579,2.55325,0.503967,1.69183,0.090116,0.061542,0.124179,12.118
2025-08-16 13:00:00,2.21375,2.5387,0.23352,1.98023,0.081731,0.061091,0.119216,9.002
2025-08-16 14:00:00,2.74554,2.94585,0.236268,2.50927,0.090355,0.074585,0.125455,9.171
2025-08-16 15:00:00,4.4401,4.11121,0.34176,4.09834,0.097452,0.100644,0.136163,15.729
2025-08-16 16:00:00,2.54458,2.51441,0.218062,2.32652,0.078046,0.061862,0.123398,12.426
2025-08-16 17:00:00,3.07338,3.26261,0.250552,2.82283,0.093369,0.076128,0.128405,14.61
2025-08-16 18:00:00,2.07971,2.42956,0.196285,1.88342,0.071263,0.057374,0.108341,10.583
2025-08-16 19:00:00,2.51813,4.35662,0.730741,1.78739,0.083225,0.0535,0.098115,7.17
2025-08-16 20:00:00,2.05532,4.56737,0.236629,1.81869,0.073065,0.05493,0.097196,11.092
2025-08-16 21:00:00,3.38382,6.66107,0.398203,2.98562,0.085834,0.065892,0.104086,13.623
2025-08-16 22:00:00,4.47355,10.8057,0.333062,4.14049,0.077492,0.072221,0.093618,13.002
2025-08-16 23:00:00,3.1356,9.55977,0.175151,2.96045,0.065673,0.056353,0.082011,9.602
2025-08-17 00:00:00,3.80319,10.3912,0.131265,3.67192,0.054207,0.062016,0.068381,8.449
2025-08-17 01:00:00,1.00315,2.48303,0.052282,0.950864,0.044431,0.062942,0.079728,6.208
2025-08-17 02:00:00,1.33124,3.67746,0.037129,1.29411,0.046087,0.099123,0.098831,5.727
2025-08-17 03:00:00,0.809458,3.45922,0.01636,0.793098,0.032843,0.032353,0.09255,6.265
2025-08-17 04:00:00,0.658036,1.69597,0.026966,0.63107,0.029218,0.025052,0.079117,4.028
2025-08-17 05:00:00,0.17084,0.854206,0.004427,0.166413,0.008388,0.007103,0.032452,0.508
2025-08-17 06:00:00,0.729655,2.02682,0.052415,0.67724,0.013608,0.013267,0.041989,1.784
2025-08-17 07:00:00,2.2815,4.07411,0.110551,2.17095,0.039234,0.049151,0.071267,4.976
2025-08-17 08:00:00,2.02684,2.74639,0.183905,1.84293,0.058046,0.059055,0.094972,8.07
2025-08-17 09:00:00,1.63586,2.30403,0.252326,1.38353,0.071006,0.044554,0.106259,9.513
2025-08-17 10:00:00,2.58909,3.22026,0.200289,2.3888,0.082414,0.065838,0.117613,11.72
2025-08-17 11:00:00,3.35118,4.02786,0.288748,3.06243,0.09576,0.080273,0.12348,14.273
2025-08-17 12:00:00,2.57138,3.31363,0.199903,2.37148,0.084185,0.062181,0.116869,9.289
2025-08-17 13:00:00,1.9346,2.83666,0.255807,1.67879,0.085563,0.06113,0.113141,7.314
2025-08-17 14:00:00,2.02879,2.65549,0.192598,1.83619,0.0782,0.052449,0.113233,12.286
2025-08-17 15:00:00,3.39042,3.51703,0.341611,3.04881,0.104288,0.078998,0.127684,15.255
2025-08-17 16:00:00,3.54802,3.59111,0.370326,3.17769,0.097678,0.083052,0.131378,16.311
2025-08-17 17:00:00,3.38542,3.24896,0.352338,3.03308,0.105249,0.081124,0.133848,13.78
2025-08-17 18:00:00,2.24273,2.88268,0.521078,1.72165,0.092293,0.055776,0.11159,7.824
2025-08-17 19:00:00,1.41971,3.27122,0.152359,1.26735,0.078769,0.054925,0.108046,10.692
2025-08-17 20:00:00,3.24311,4.89895,0.261308,2.9818,0.087325,0.103788,0.132241,14.146
2025-08-17 21:00:00,1.89241,3.63924,0.139956,1.75245,0.079811,0.070215,0.106098,13.341
2025-08-17 22:00:00,2.52693,4.26846,0.149555,2.37737,0.059296,0.058022,0.097725,7.666
2025-08-17 23:00:00,2.25244,6.29173,0.141202,2.11124,0.061971,0.051395,0.082995,13.067
2025-08-18 00:00:00,2.63147,5.09975,0.083036,2.54844,0.062189,0.049407,0.07746,10.318
2025-08-18 01:00:00,4.75257,10.2869,0.152605,4.59996,0.077003,0.09353,0.086223,8.112
2025-08-18 02:00:00,1.36536,3.50094,0.041858,1.32351,0.027774,0.034464,0.049834,2.963
2025-08-18 03:00:00,0.487839,1.0292,0.02953,0.458309,0.029575,0.022129,0.049898,1.674
2025-08-18 04:00:00,0.536104,1.4108,0.021602,0.514502,0.02804,0.045421,0.053131,2.311
2025-08-18 05:00:00,0.517919,1.55066,0.022847,0.495072,0.027975,0.032343,0.056785,1.927
2025-08-18 06:00:00,0.605277,1.27696,0.057602,0.547675,0.03164,0.019373,0.057081,3.509
2025-08-18 07:00:00,2.13281,2.48001,0.157898,1.97491,0.073933,0.059832,0.108914,11.653
2025-08-18 08:00:00,2.80594,2.86321,0.411207,2.39474,0.093088,0.077872,0.133584,14.903
2025-08-18 09:00:00,1.92266,2.18982,0.165313,1.75734,0.07371,0.05788,0.110988,9.618
2025-08-18 10:00:00,2.36244,2.91659,0.293228,2.06921,0.084953,0.058752,0.120282,12.783
2025-08-18 11:00:00,0.731185,2.9723,0.046399,0.684786,0.09855,0.077857,0.119453,3.268
2025-08-18 12:00:00,4.0056,5.7059,0.2102,3.7954,0.0786,0.076,0.1245,11.345
2025-08-18 13:00:00,1.9049,2.4052,0.1385,1.7665,0.0727,0.0587,0.1092,9.311
2025-08-18 14:00:00,1.91979,2.45497,0.333433,1.58635,0.081795,0.055892,0.109269,11.896
2025-08-18 15:00:00,3.5063,4.55364,0.229696,3.2766,0.093917,0.086543,0.131123,14.318
2025-08-18 16:00:00,2.5595,2.25706,0.257026,2.30248,0.094309,0.078219,0.125866,12.544
2025-08-18 17:00:00,2.99287,3.20436,0.277542,2.71533,0.103979,0.08433,0.134464,16.328
2025-08-18 18:00:00,3.65663,4.10857,0.314064,3.34257,0.105976,0.12877,0.150806,19.624
2025-08-18 19:00:00,7.14586,8.01105,0.484138,6.66172,0.126342,0.103259,0.143431,17.055
2025-08-18 20:00:00,2.69198,3.80224,0.251186,2.4408,0.077041,0.060039,0.111824,13.169
2025-08-18 21:00:00,1.1464,2.4922,0.1327,1.0137,0.0842,0.0582,0.1142,12.585
2025-08-18 22:00:00,2.60413,5.83886,0.241127,2.36301,0.064173,0.052237,0.080081,6.865
2025-08-18 23:00:00,2.22728,5.59618,0.11513,2.11215,0.041584,0.03954,0.065257,7.842
2025-08-19 00:00:00,3.45003,6.53414,0.12726,3.32276,0.047081,0.079752,0.07724,7.042
2025-08-19 01:00:00,0.709714,2.77232,0.032869,0.676845,0.012712,0.01207,0.038845,1.507
2025-08-19 02:00:00,1.05408,5.01946,0.031905,1.02218,0.01538,0.018254,0.040356,2.463
2025-08-19 03:00:00,0.491395,2.1365,0.023489,0.467906,0.008765,0.009658,0.0295,0.85
2025-08-19 04:00:00,0.306101,1.45762,0.012359,0.293742,0.007056,0.006232,0.030083,0.85
2025-08-19 05:00:00,0.375491,0.898305,0.013895,0.361596,0.019299,0.016933,0.042151,1.33
2025-08-19 06:00:00,0.973092,2.30591,0.072404,0.900688,0.033415,0.030934,0.06535,4.266
2025-08-19 07:00:00,2.42197,2.58206,0.132514,2.28945,0.065491,0.058918,0.101532,9.941
2025-08-19 08:00:00,3.01735,2.59668,0.224967,2.79238,0.086693,0.076428,0.123106,13.015
2025-08-19 09:00:00,2.22052,2.10277,0.185455,2.03507,0.090526,0.071244,0.132517,12.159
2025-08-19 10:00:00,2.50736,2.43433,0.212042,2.29532,0.103956,0.078521,0.143888,16.253
2025-08-19 11:00:00,3.37112,3.66426,0.355633,3.01549,0.112324,0.08458,0.147986,17.193
2025-08-19 12:00:00,3.17319,3.8792,0.242651,2.93054,0.10827,0.090833,0.143819,17.074
2025-08-19 13:00:00,2.3898,2.88623,0.173881,2.21592,0.086609,0.083791,0.12692,11.282
2025-08-19 14:00:00,2.13323,3.15567,0.173686,1.95955,0.090701,0.081077,0.130035,14.283
2025-08-19 15:00:00,3.85845,3.24785,0.189067,3.66938,0.093043,0.078686,0.128502,10.159
2025-08-19 16:00:00,2.40237,2.0222,0.317009,2.08536,0.097954,0.075432,0.138547,14.622
2025-08-19 17:00:00,5.53684,4.32565,0.485131,5.05171,0.131254,0.118762,0.152956,20.297
2025-08-19 18:00:00,4.5836,4.2362,0.33,4.2536,0.1063,0.1043,0.1462,19.446
2025-08-19 19:00:00,2.607,3.2185,0.2593,2.3477,0.0903,0.0704,0.1181,13.885
2025-08-19 20:00:00,2.5115,3.2117,0.2204,2.2912,0.0817,0.0714,0.1157,13.015
2025-08-19 21:00:00,2.1596,3.5874,0.2992,1.8604,0.084,0.0542,0.1088,14.132
2025-08-19 22:00:00,2.2521,3.965,0.1545,2.0977,0.0517,0.0503,0.0819,9.764
2025-08-19 23:00:00,0.775,3.2562,0.0388,0.7362,0.0305,0.0207,0.0521,4.388
2025-08-20 00:00:00,1.4652,3.315,0.0871,1.3781,0.0364,0.031,0.0582,3.46
2025-08-20 01:00:00,0.4284,0.9605,0.051,0.3774,0.0226,0.019,0.0465,1.871
2025-08-20 02:00:00,1.48838,3.01292,0.071186,1.41719,0.066924,0.073097,0.073064,10.046
2025-08-20 03:00:00,0.637979,1.70582,0.038627,0.599352,0.035191,0.022204,0.04803,5.237
2025-08-20 04:00:00,0.426874,0.784694,0.039315,0.387559,0.031716,0.012869,0.047436,4.146
2025-08-20 05:00:00,0.797094,3.21409,0.028107,0.768987,0.012296,0.01102,0.036402,0.713
2025-08-20 06:00:00,0.667046,1.98526,0.044393,0.622653,0.023552,0.017995,0.053315,2.635
2025-08-20 07:00:00,2.5553,3.37111,0.165397,2.3899,0.059474,0.060831,0.100809,7.946
2025-08-20 08:00:00,2.76279,2.99003,0.24493,2.51786,0.085065,0.070709,0.125335,12.214
2025-08-20 09:00:00,2.11601,2.3991,0.156119,1.95989,0.072999,0.055663,0.113365,10.467
2025-08-20 10:00:00,3.0652,3.26085,0.231142,2.83406,0.090764,0.069978,0.134713,12.115
2025-08-20 11:00:00,1.93779,2.58372,0.158686,1.7791,0.092886,0.069986,0.126838,14.965
2025-08-20 12:00:00,2.73664,3.32924,0.220177,2.51646,0.094047,0.078051,0.124438,12.342
2025-08-20 13:00:00,3.41327,5.09443,0.220053,3.19322,0.090117,0.088939,0.135353,13.544
2025-08-20 14:00:00,2.1261,2.85,0.176806,1.9493,0.072385,0.063194,0.114074,9.482
2025-08-20 15:00:00,2.02976,2.03791,0.247597,1.78216,0.098354,0.065349,0.129188,13.985
2025-08-20 16:00:00,1.99664,2.48958,0.288874,1.70776,0.102039,0.0751,0.136529,13.547
2025-08-20 17:00:00,3.39562,3.47912,0.394595,3.00102,0.110304,0.091717,0.140081,13.298
2025-08-20 18:00:00,3.1017,3.17148,0.35574,2.74596,0.104452,0.090001,0.141047,16.209
2025-08-20 19:00:00,1.40787,2.51406,0.193932,1.21394,0.087126,0.062288,0.113953,7.926
2025-08-20 20:00:00,1.14082,2.61656,0.123178,1.01764,0.061318,0.047947,0.095295,6.441
2025-08-20 21:00:00,1.69375,3.01378,0.156362,1.53739,0.064659,0.052413,0.095357,10.494
2025-08-20 22:00:00,1.04602,1.98864,0.141331,0.904694,0.063905,0.036895,0.089624,11.279
2025-08-20 23:00:00,1.16278,4.27491,0.095043,1.06773,0.035213,0.029064,0.058119,5.425
2025-08-21 00:00:00,1.94208,5.88508,0.091181,1.8509,0.033846,0.04073,0.055958,4.908
2025-08-21 01:00:00,0.656954,1.68449,0.031967,0.624987,0.02613,0.014937,0.044065,3.548
2025-08-21 02:00:00,0.989764,2.01172,0.03988,0.949884,0.029725,0.018786,0.049339,4.3
2025-08-21 03:00:00,0.307169,1.16352,0.023361,0.283808,0.023704,0.014313,0.045424,2.836
2025-08-21 04:00:00,0.2668,0.698425,0.013733,0.253067,0.012942,0.004879,0.034457,1.798
2025-08-21 05:00:00,0.528032,1.78389,0.020777,0.507255,0.013653,0.011805,0.037132,1.271
2025-08-21 06:00:00,0.714219,2.01757,0.105112,0.609107,0.033843,0.023672,0.0604,3.476
2025-08-21 07:00:00,2.62808,3.12867,0.181937,2.44614,0.071008,0.066376,0.104741,10.288
2025-08-21 08:00:00,3.01836,2.62011,0.264191,2.75417,0.085716,0.067739,0.118002,13.135
2025-08-21 09:00:00,2.26153,2.24804,0.221061,2.04047,0.08043,0.060767,0.112778,11.052
2025-08-21 10:00:00,1.76453,2.45074,0.14583,1.6187,0.072059,0.050203,0.110834,10.217
2025-08-21 11:00:00,2.48285,3.458,0.168073,2.31477,0.08622,0.067223,0.121626,8.908
2025-08-21 12:00:00,3.2148,5.18516,0.217033,2.99777,0.093595,0.071332,0.121272,14.131
2025-08-21 13:00:00,1.84556,2.5421,0.286821,1.55874,0.098331,0.063487,0.1182,10.754
2025-08-21 14:00:00,1.78611,2.0436,0.229525,1.55658,0.100207,0.059713,0.136733,8.378
2025-08-21 15:00:00,3.20689,3.85444,0.283195,2.92369,0.132758,0.117694,0.177068,19.353
2025-08-21 16:00:00,2.16933,2.14785,0.251887,1.91744,0.086034,0.063487,0.129634,13.533
2025-08-21 17:00:00,3.62713,3.26768,0.33602,3.29111,0.109766,0.09977,0.142336,18.848
2025-08-21 18:00:00,4.92002,4.83303,0.42471,4.49531,0.116105,0.111331,0.148137,19.632
2025-08-21 19:00:00,3.74614,4.20915,0.385008,3.36114,0.109189,0.089807,0.137978,17.816
2025-08-21 20:00:00,2.99586,4.11519,0.343953,2.65191,0.087617,0.081721,0.133974,9.354
2025-08-21 21:00:00,1.36952,2.34506,0.14214,1.22738,0.064409,0.041483,0.100026,9.433
2025-08-21 22:00:00,2.21149,4.76614,0.167953,2.04354,0.064696,0.052149,0.087467,12.077
2025-08-21 23:00:00,1.55274,5.3176,0.135994,1.41675,0.060994,0.042226,0.082798,13.035
2025-08-22 00:00:00,1.67946,4.11634,0.127185,1.55228,0.056054,0.044775,0.071733,10.404
2025-08-22 01:00:00,1.30486,2.54854,0.050427,1.25443,0.02758,0.022929,0.045437,2.626
2025-08-22 02:00:00,0.290867,0.692541,0.034375,0.256492,0.009228,0.007049,0.032612,0.986
2025-08-22 03:00:00,0.156807,0.345386,0.007633,0.149174,0.008286,0.00265,0.030893,0.671
2025-08-22 04:00:00,0.35825,1.1337,0.015658,0.342592,0.017136,0.005189,0.036199,2.409
2025-08-22 05:00:00,0.141349,0.423204,0.016069,0.12528,0.019537,0.004862,0.041104,3.133
2025-08-22 06:00:00,1.29365,2.67284,0.062773,1.23088,0.033678,0.027336,0.05914,4.86
2025-08-22 07:00:00,4.37662,4.57805,0.287521,4.0891,0.075416,0.086129,0.111184,12.951
2025-08-22 08:00:00,3.81122,4.09808,0.405102,3.40611,0.083359,0.083006,0.127377,15.344
2025-08-22 09:00:00,1.96334,2.13407,0.163724,1.79962,0.07682,0.054152,0.119672,11.911
2025-08-22 10:00:00,2.72058,3.01617,0.247332,2.47325,0.091711,0.069742,0.138213,14.661
2025-08-22 11:00:00,3.10374,3.19314,0.318982,2.78475,0.102231,0.077251,0.129576,15.98
2025-08-22 12:00:00,2.67969,3.31644,0.269455,2.41023,0.093392,0.069625,0.116752,12.834
2025-08-22 13:00:00,1.88932,2.02283,0.196599,1.69272,0.075172,0.051901,0.116141,12.05
2025-08-22 14:00:00,2.19334,2.34833,0.178904,2.01444,0.078577,0.058316,0.12669,11.667
2025-08-22 15:00:00,4.14265,4.63384,0.270773,3.87188,0.085677,0.081788,0.131176,13.296
2025-08-22 16:00:00,4.36731,4.10462,0.435457,3.93186,0.121016,0.100136,0.142305,17.528
2025-08-22 17:00:00,4.68972,4.68035,0.408146,4.28157,0.112958,0.132567,0.151754,20.452
2025-08-22 18:00:00,3.74318,4.27304,0.417284,3.3259,0.100656,0.098928,0.134048,16.754
2025-08-22 19:00:00,2.49817,3.38506,0.238892,2.25928,0.078732,0.067953,0.113579,12.894
2025-08-22 20:00:00,3.01121,4.6043,0.250304,2.76091,0.079856,0.069778,0.120229,14.654
2025-08-22 21:00:00,1.60671,2.93194,0.203451,1.40325,0.077501,0.055366,0.107449,10.16
2025-08-22 22:00:00,3.0627,5.31718,0.231029,2.83167,0.083424,0.075483,0.107007,13.903
2025-08-22 23:00:00,1.54637,4.0694,0.121017,1.42535,0.047555,0.038242,0.076883,10.267
2025-08-23 00:00:00,2.95013,6.33076,0.138646,2.81149,0.057401,0.047443,0.070613,9.291
2025-08-23 01:00:00,2.4336,5.93562,0.065888,2.36772,0.049735,0.069783,0.072544,6.219
2025-08-23 02:00:00,0.737784,2.59783,0.044517,0.693267,0.048747,0.043347,0.064229,5.697
2025-08-23 03:00:00,0.473166,1.65443,0.032728,0.440438,0.02713,0.020905,0.043269,3.769
2025-08-23 04:00:00,0.531963,1.94147,0.058913,0.47305,0.030647,0.009609,0.041795,4.098
2025-08-23 05:00:00,0.281937,1.05991,0.030087,0.25185,0.024661,0.008786,0.04267,4.831
2025-08-23 06:00:00,0.64444,1.22985,0.037331,0.607109,0.025509,0.018088,0.052382,3.107
2025-08-23 07:00:00,1.78411,2.74478,0.092567,1.69154,0.047405,0.039768,0.077406,7.001
2025-08-23 08:00:00,2.83258,3.20427,0.174362,2.65822,0.07647,0.061673,0.104403,12.968
2025-08-23 09:00:00,1.23674,2.21638,0.167821,1.06892,0.081026,0.052293,0.116352,13.47
2025-08-23 10:00:00,1.78544,2.19342,0.194887,1.59056,0.073661,0.054079,0.113329,7.945
2025-08-23 11:00:00,2.27964,3.95772,0.159064,2.12058,0.096801,0.077461,0.13803,16.498
2025-08-23 12:00:00,1.81221,2.21001,0.183131,1.62907,0.081262,0.058051,0.11263,10.761
2025-08-23 13:00:00,2.54215,4.03516,0.225485,2.31667,0.072037,0.059214,0.106499,10.73
2025-08-23 14:00:00,3.91872,4.68746,0.543213,3.3755,0.111807,0.087758,0.134302,16.75
2025-08-23 15:00:00,1.64388,2.39633,0.19212,1.45176,0.089314,0.075814,0.128067,14.129
2025-08-23 16:00:00,3.64701,4.4046,0.307412,3.3396,0.105929,0.108917,0.143235,15.805
2025-08-23 17:00:00,4.10182,3.92144,0.298777,3.80305,0.119071,0.118758,0.15301,14.198
2025-08-23 18:00:00,2.94519,3.6093,0.312056,2.63313,0.087942,0.072978,0.119147,14.37
2025-08-23 19:00:00,2.98675,4.75597,0.413679,2.57307,0.081966,0.062327,0.10612,8.589
2025-08-23 20:00:00,3.25309,7.35993,0.256789,2.9963,0.07993,0.078455,0.10643,13.2
2025-08-23 21:00:00,3.05802,5.23633,0.200038,2.85798,0.062011,0.070633,0.104223,12.389
2025-08-23 22:00:00,3.88829,7.53544,0.384751,3.50353,0.067929,0.068986,0.093861,11.044
2025-08-23 23:00:00,1.97514,5.9492,0.124669,1.85047,0.044472,0.038787,0.06494,7.279
2025-08-24 00:00:00,3.18056,7.79548,0.183389,2.99717,0.051219,0.059474,0.067175,8.66
2025-08-24 01:00:00,2.37451,7.81089,0.110851,2.26366,0.045362,0.042123,0.066537,7.27
2025-08-24 02:00:00,1.57057,5.20056,0.085286,1.48528,0.039774,0.041249,0.056431,5.225
2025-08-24 03:00:00,0.176113,0.898533,0.026378,0.149735,0.025576,0.019965,0.044873,3.519
2025-08-24 04:00:00,0.434371,1.55133,0.03894,0.395431,0.02713,0.016617,0.042275,2.461
2025-08-24 05:00:00,0.500484,3.20823,0.017348,0.483136,0.015432,0.011148,0.035203,1.641
2025-08-24 06:00:00,1.82652,5.63742,0.059009,1.76752,0.023132,0.018437,0.052117,3.125
2025-08-24 07:00:00,1.19889,2.73718,0.08907,1.10982,0.033688,0.029115,0.065915,4.68
2025-08-24 08:00:00,1.44621,2.32509,0.100313,1.34589,0.044289,0.035364,0.079506,5.134
2025-08-24 09:00:00,2.61271,2.90947,0.209786,2.40292,0.074606,0.058467,0.111229,11.494
2025-08-24 10:00:00,2.32955,2.41654,0.31871,2.01084,0.085493,0.058774,0.119288,9.316
2025-08-24 11:00:00,2.5385,2.72371,0.200441,2.33806,0.073804,0.060041,0.11113,11.104
2025-08-24 12:00:00,3.30455,3.94338,0.327998,2.97655,0.081594,0.079437,0.121789,13.158
2025-08-24 13:00:00,3.67069,3.62001,0.321781,3.34891,0.095384,0.083427,0.132146,17.723
2025-08-24 14:00:00,4.02944,4.78556,0.33917,3.69027,0.099563,0.087474,0.131721,11.895
2025-08-24 15:00:00,3.63337,4.84449,0.28647,3.3469,0.111422,0.100424,0.142825,15.263
2025-08-24 16:00:00,4.3235,4.95814,0.256657,4.06684,0.088116,0.090114,0.134231,15.811
2025-08-24 17:00:00,4.42478,4.72733,0.344972,4.07981,0.101169,0.08157,0.127213,15.231
2025-08-24 18:00:00,2.57004,2.68832,0.242399,2.32764,0.083654,0.065551,0.114547,11.23
2025-08-24 19:00:00,4.61072,6.03498,0.355436,4.25528,0.093935,0.085901,0.132979,16.787
2025-08-24 20:00:00,3.84105,6.55469,0.299646,3.5414,0.09133,0.078052,0.133607,16.783
2025-08-24 21:00:00,4.09357,9.05657,0.217325,3.87624,0.083951,0.112269,0.117782,12.242
2025-08-24 22:00:00,3.76451,6.38052,0.249415,3.51509,0.085298,0.098699,0.111085,13.87
2025-08-24 23:00:00,2.90289,5.90019,0.161083,2.74181,0.067265,0.068769,0.08575,10.382
2025-08-25 00:00:00,2.85165,4.46967,0.286872,2.56478,0.065188,0.054997,0.076475,9.294
2025-08-25 01:00:00,1.93205,5.61642,0.063892,1.86816,0.034684,0.046399,0.054572,3.745
2025-08-25 02:00:00,0.617639,1.99238,0.022495,0.595144,0.026288,0.027629,0.051092,3.15
2025-08-25 03:00:00,1.87334,4.33643,0.063311,1.81003,0.037299,0.036895,0.057995,4.676
2025-08-25 04:00:00,0.344556,0.973321,0.01571,0.328846,0.01763,0.007136,0.041747,1.012
2025-08-25 05:00:00,0.579095,1.61759,0.024708,0.554387,0.015824,0.011638,0.040521,1.788
2025-08-25 06:00:00,0.590884,1.54682,0.04391,0.546974,0.027641,0.020989,0.056035,3.012
2025-08-25 07:00:00,2.27942,2.45099,0.192431,2.08698,0.068185,0.054653,0.101479,9.943
2025-08-25 08:00:00,2.99186,2.79614,0.208626,2.78324,0.084248,0.074025,0.129377,12.63
2025-08-25 09:00:00,2.84821,3.06919,0.288478,2.55973,0.087202,0.054966,0.123555,12.157
2025-08-25 10:00:00,2.71457,2.59024,0.257978,2.45659,0.09446,0.068476,0.126543,15.288
2025-08-25 11:00:00,2.56186,3.09404,0.197056,2.36481,0.09938,0.069075,0.122324,13.175
2025-08-25 12:00:00,3.70851,4.91845,0.229329,3.47918,0.090448,0.076489,0.119308,14.346
2025-08-25 13:00:00,2.39411,2.77096,0.187061,2.20705,0.069035,0.054361,0.103956,10.573
2025-08-25 14:00:00,2.04089,2.38421,0.230599,1.81029,0.07484,0.056069,0.105636,9.318
2025-08-25 15:00:00,1.36144,2.28429,0.199978,1.16146,0.093544,0.06443,0.119629,7.635
2025-08-25 16:00:00,2.26087,2.88377,0.273249,1.98763,0.088426,0.061954,0.116737,12.774
2025-08-25 17:00:00,3.17555,3.38544,0.337276,2.83827,0.095126,0.083906,0.130498,15.191
2025-08-25 18:00:00,3.45495,3.51828,0.28719,3.16776,0.094602,0.093016,0.133957,12.062
2025-08-25 19:00:00,2.50278,3.43788,0.225567,2.27721,0.081225,0.072059,0.11859,12.483
2025-08-25 20:00:00,2.85043,4.7826,0.25642,2.59401,0.079682,0.071504,0.110445,12.657
2025-08-25 21:00:00,1.96207,3.59354,0.255472,1.7066,0.079456,0.066401,0.101202,11.674
2025-08-25 22:00:00,1.18607,2.18832,0.273578,0.912491,0.07252,0.045191,0.082999,6.091
2025-08-25 23:00:00,1.38225,2.38319,0.094755,1.2875,0.035419,0.032929,0.065251,5.854
2025-08-26 00:00:00,2.59139,6.92885,0.102165,2.48922,0.052371,0.05209,0.074563,6.382
2025-08-26 01:00:00,1.54421,4.62339,0.127664,1.41655,0.040238,0.032192,0.053501,2.334
2025-08-26 02:00:00,1.03139,2.49127,0.026463,1.00492,0.025665,0.015825,0.054422,1.155
2025-08-26 03:00:00,0.771599,1.47252,0.040371,0.731228,0.026564,0.016083,0.049266,3.714
2025-08-26 04:00:00,0.486264,1.51957,0.026045,0.460219,0.025365,0.021103,0.048751,5.016
2025-08-26 05:00:00,0.271276,1.07649,0.018069,0.253207,0.021694,0.010707,0.045758,2.488
2025-08-26 06:00:00,0.854128,1.729,0.052229,0.801899,0.026794,0.017124,0.053848,3.077
2025-08-26 07:00:00,2.91594,2.8928,0.164063,2.75188,0.071283,0.058877,0.104733,10.866
2025-08-26 08:00:00,4.32659,3.6604,0.190566,4.13603,0.0892,0.080286,0.130907,12.779
2025-08-26 09:00:00,2.2205,2.1028,0.1855,2.0351,0.0905,0.0712,0.1325,12.159
2025-08-26 10:00:00,2.5074,2.4343,0.212,2.2953,0.104,0.0785,0.1439,16.253
2025-08-26 11:00:00,2.34048,2.38824,0.224316,2.11616,0.118672,0.077794,0.13618,16.348
2025-08-26 12:00:00,2.13681,2.73951,0.219716,1.9171,0.081811,0.066676,0.116717,12.343
2025-08-26 13:00:00,2.20925,2.91458,0.230567,1.97868,0.083165,0.057937,0.115788,8.893
2025-08-26 14:00:00,3.63334,3.27328,0.451999,3.18134,0.098639,0.081218,0.130364,14.412
2025-08-26 15:00:00,4.07028,4.09485,0.391491,3.67879,0.09666,0.082116,0.131723,14.875
2025-08-26 16:00:00,3.54235,3.49345,0.254026,3.28833,0.099678,0.085717,0.13496,16.441
2025-08-26 17:00:00,4.40429,3.74514,0.456596,3.94769,0.121961,0.103151,0.152403,19.467
2025-08-26 18:00:00,3.55701,3.38763,0.356207,3.20081,0.106703,0.090316,0.138039,17.289
2025-08-26 19:00:00,1.76366,2.72169,0.18251,1.58115,0.0812,0.079633,0.118291,12.605
2025-08-26 20:00:00,2.6575,3.88524,0.205411,2.45209,0.072137,0.061668,0.109213,10.84
2025-08-26 21:00:00,2.42638,4.19788,0.202863,2.22351,0.076554,0.062186,0.097861,10.752
2025-08-26 22:00:00,3.05358,5.47237,0.551218,2.50236,0.101225,0.053623,0.089235,12.68
2025-08-26 23:00:00,2.49196,5.68941,0.131688,2.36027,0.051579,0.045945,0.072588,5.194
2025-08-27 00:00:00,2.3245,3.68969,0.108135,2.21637,0.055208,0.061819,0.0735,8.522
2025-08-27 01:00:00,1.89927,2.94917,0.063492,1.83577,0.037034,0.053999,0.059524,4.113
2025-08-27 02:00:00,0.30081,1.09785,0.03354,0.26727,0.026457,0.013252,0.044293,1.632
2025-08-27 03:00:00,0.446595,2.01169,0.015289,0.431306,0.01675,0.008622,0.036974,1.927
2025-08-27 04:00:00,1.61912,4.96661,0.044123,1.57499,0.023659,0.018845,0.040916,2.479
2025-08-27 05:00:00,1.05877,3.95064,0.056431,1.00234,0.020567,0.013939,0.039802,2.244
2025-08-27 06:00:00,0.859922,2.08719,0.05192,0.808002,0.036214,0.020431,0.060806,5.25
2025-08-27 07:00:00,3.06478,3.11462,0.192599,2.87218,0.078336,0.074142,0.114535,12.326
2025-08-27 08:00:00,2.33259,2.46574,0.201928,2.13066,0.103197,0.082136,0.131311,15.031
2025-08-27 09:00:00,2.38013,2.28859,0.24093,2.1392,0.083057,0.060185,0.120144,11.871
2025-08-27 10:00:00,2.7786,3.18646,0.375159,2.40344,0.109653,0.075813,0.129857,14.75
2025-08-27 11:00:00,2.82278,3.04178,0.276134,2.54664,0.101533,0.072855,0.136558,16.854
2025-08-27 12:00:00,2.36728,2.7982,0.200336,2.16694,0.084004,0.085078,0.124979,11.341
2025-08-27 13:00:00,2.26679,3.1396,0.235375,2.03142,0.082565,0.061989,0.110806,11.187
2025-08-27 14:00:00,2.14757,2.77463,0.175832,1.97173,0.085929,0.061633,0.118895,9.717
2025-08-27 15:00:00,2.94604,3.36306,0.225567,2.72047,0.079791,0.076707,0.124822,11.645
2025-08-27 16:00:00,2.59352,2.38375,0.23781,2.35571,0.092132,0.071902,0.132561,13.431
2025-08-27 17:00:00,4.26229,3.81925,0.424771,3.83752,0.117629,0.104074,0.159917,24.413
2025-08-27 18:00:00,4.82209,4.17859,0.560697,4.26139,0.128088,0.114274,0.151833,15.583
2025-08-27 19:00:00,3.05888,3.05277,0.276638,2.78224,0.09558,0.079808,0.130499,18.38
2025-08-27 20:00:00,2.11323,2.87124,0.177753,1.93548,0.062422,0.056756,0.09764,9.622
2025-08-27 21:00:00,1.64035,2.74306,0.180416,1.45993,0.063242,0.043244,0.091857,8.814
2025-08-27 22:00:00,1.65965,2.96366,0.1496,1.51005,0.059982,0.040347,0.07516,8.31
2025-08-27 23:00:00,2.24041,5.38559,0.163507,2.0769,0.057473,0.041949,0.072066,8.365
2025-08-28 00:00:00,2.72667,6.19697,0.160981,2.56569,0.058031,0.054485,0.076262,9.862
2025-08-28 01:00:00,1.40511,3.39398,0.053541,1.35156,0.033793,0.030733,0.053341,5.268
2025-08-28 02:00:00,0.716502,1.45041,0.025434,0.691068,0.021519,0.010513,0.041025,2.88
2025-08-28 03:00:00,0.282205,1.25985,0.011053,0.271152,0.017958,0.010053,0.039159,3.047
2025-08-28 04:00:00,0.496737,1.07986,0.020457,0.47628,0.018563,0.012492,0.039183,2.333
2025-08-28 05:00:00,0.08127,0.383345,0.011563,0.069707,0.009984,0.003675,0.033203,1.128
2025-08-28 06:00:00,0.507728,1.25056,0.055502,0.452226,0.027791,0.015341,0.052576,3.424
2025-08-28 07:00:00,2.82916,2.25611,0.251693,2.57747,0.073135,0.05632,0.099603,8.731
2025-08-28 08:00:00,2.52373,2.63437,0.28719,2.23654,0.094896,0.065747,0.12577,14.263
2025-08-28 09:00:00,1.84842,2.20576,0.171517,1.67691,0.076857,0.047294,0.112272,11.215
2025-08-28 10:00:00,2.86385,2.84112,0.195568,2.66828,0.102895,0.074808,0.130321,15.11
2025-08-28 11:00:00,2.7096,2.66168,0.201968,2.50763,0.095344,0.072946,0.132581,14.184
2025-08-28 12:00:00,2.10444,2.41335,0.241914,1.86252,0.089532,0.062192,0.116375,12.456
2025-08-28 13:00:00,1.72463,2.44977,0.275295,1.44934,0.070384,0.056778,0.10967,10.59
2025-08-28 14:00:00,2.48923,2.93541,0.205943,2.28328,0.092141,0.083072,0.133145,12.814
2025-08-28 15:00:00,2.00872,2.25699,0.278384,1.73034,0.099951,0.06952,0.125959,12.534
2025-08-28 16:00:00,1.57197,1.89394,0.163085,1.40888,0.077166,0.053956,0.125171,12.669
2025-08-28 17:00:00,3.20675,3.29235,0.423004,2.78375,0.110909,0.111628,0.144764,17.06
2025-08-28 18:00:00,3.23735,3.44399,0.384112,2.85324,0.109614,0.116545,0.137222,16.103
2025-08-28 19:00:00,3.11964,4.17064,0.614176,2.50546,0.093185,0.075596,0.125583,16.137
2025-08-28 20:00:00,2.32795,3.73069,0.42662,1.90133,0.078096,0.060887,0.110677,16.073
2025-08-28 21:00:00,3.00334,5.64537,0.25611,2.74723,0.077085,0.073041,0.105158,13.15
2025-08-28 22:00:00,1.00539,3.1616,0.088483,0.916904,0.050593,0.034859,0.074499,8.061
2025-08-28 23:00:00,1.38922,5.26219,0.108916,1.2803,0.043696,0.030956,0.064231,7.153
2025-08-29 00:00:00,4.15404,12.5122,0.212394,3.94165,0.067831,0.070949,0.080729,14.083
2025-08-29 01:00:00,2.93518,10.3351,0.05492,2.88026,0.053526,0.047014,0.074115,6.756
2025-08-29 02:00:00,1.13512,4.61429,0.11668,1.01844,0.057559,0.033677,0.078515,7.519
2025-08-29 03:00:00,1.07955,2.23047,0.075795,1.00375,0.058145,0.02749,0.090741,5.577
2025-08-29 04:00:00,0.827004,1.85427,0.066373,0.760631,0.043614,0.018724,0.076266,4.341
2025-08-29 05:00:00,1.11173,3.60952,0.037642,1.07409,0.034569,0.026279,0.075785,2.394
2025-08-29 06:00:00,0.825149,2.82585,0.049006,0.776143,0.038184,0.021087,0.067442,5.546
2025-08-29 07:00:00,2.19015,2.50589,0.17875,2.0114,0.072692,0.059522,0.10589,11.923
2025-08-29 08:00:00,2.39148,2.56596,0.201038,2.19044,0.088446,0.072778,0.123512,10.205
2025-08-29 09:00:00,1.92868,2.11943,0.193129,1.73555,0.076344,0.050492,0.110527,6.934
2025-08-29 10:00:00,2.65944,2.36185,0.242665,2.41678,0.089617,0.066938,0.120831,12.062
2025-08-29 11:00:00,2.01471,2.07702,0.256935,1.75778,0.095082,0.060145,0.125173,11.574
2025-08-29 12:00:00,2.497,2.52732,0.245097,2.2519,0.093917,0.066662,0.125659,13.656
2025-08-29 13:00:00,0.886585,2.63864,0.091883,0.794702,0.075221,0.05589,0.110423,2.484
2025-08-29 14:00:00,2.1933,2.3483,0.1789,2.0144,0.0786,0.0583,0.1267,11.667
2025-08-29 15:00:00,4.1427,4.6338,0.2708,3.8719,0.0857,0.0818,0.1312,13.296
2025-08-29 16:00:00,4.3673,4.1046,0.4355,3.9319,0.121,0.1001,0.1423,17.528
2025-08-29 17:00:00,4.6897,4.6804,0.4081,4.2816,0.113,0.1326,0.1518,20.452
2025-08-29 18:00:00,3.52377,3.85164,0.345552,3.17822,0.101171,0.100459,0.135569,16.063
2025-08-29 19:00:00,2.35784,3.02288,0.283005,2.07484,0.089341,0.068318,0.119338,11.674
2025-08-29 20:00:00,2.5505,4.25083,0.200372,2.35012,0.070862,0.061197,0.10165,11.218
2025-08-29 21:00:00,2.23128,3.64588,0.323862,1.90741,0.069197,0.060071,0.103783,13.115
2025-08-29 22:00:00,2.72897,5.50196,0.206372,2.5226,0.0676,0.052968,0.091392,10.527
2025-08-29 23:00:00,1.04676,3.31253,0.103772,0.942988,0.043252,0.028509,0.062543,5.185
2025-08-30 00:00:00,2.7784,6.31455,0.3204,2.458,0.060976,0.054141,0.075816,9.924
2025-08-30 01:00:00,0.604152,1.61538,0.030656,0.573496,0.044613,0.027401,0.061303,4.544
2025-08-30 02:00:00,1.22351,3.99841,0.033817,1.1897,0.025863,0.029665,0.047922,2.688
2025-08-30 03:00:00,1.0211,2.93418,0.052372,0.968724,0.031399,0.031052,0.04948,3.257
2025-08-30 04:00:00,0.22705,0.834745,0.011692,0.215358,0.008948,0.005743,0.031737,1.276
2025-08-30 05:00:00,0.257004,0.726,0.017831,0.239173,0.013385,0.007143,0.036014,0.535
2025-08-30 06:00:00,0.017019,0.154717,0.002684,0.014335,0.013961,0.006256,0.039752,0.587
2025-08-30 07:00:00,1.7841,2.7448,0.0926,1.6915,0.0474,0.0398,0.0774,7.001
2025-08-30 08:00:00,2.8326,3.2043,0.1744,2.6582,0.0765,0.0617,0.1044,12.968
2025-08-30 09:00:00,1.2367,2.2164,0.1678,1.0689,0.081,0.0523,0.1164,13.47
2025-08-30 10:00:00,1.7854,2.1934,0.1949,1.5906,0.0737,0.0541,0.1133,7.945
2025-08-30 11:00:00,2.2796,3.9577,0.1591,2.1206,0.0968,0.0775,0.138,16.498
2025-08-30 12:00:00,1.8122,2.21,0.1831,1.6291,0.0813,0.0581,0.1126,10.761
2025-08-30 13:00:00,2.5422,4.0352,0.2255,2.3167,0.072,0.0592,0.1065,10.73
2025-08-30 14:00:00,3.9187,4.6875,0.5432,3.3755,0.1118,0.0878,0.1343,16.75
2025-08-30 15:00:00,1.6439,2.3963,0.1921,1.4518,0.0893,0.0758,0.1281,14.129
2025-08-30 16:00:00,3.647,4.4046,0.3074,3.3396,0.1059,0.1089,0.1432,15.805
2025-08-30 17:00:00,4.1018,3.9214,0.2988,3.803,0.1191,0.1188,0.153,14.198
2025-08-30 18:00:00,2.9452,3.6093,0.3121,2.6331,0.0879,0.073,0.1191,14.37
2025-08-30 19:00:00,2.9867,4.756,0.4137,2.5731,0.082,0.0623,0.1061,8.589
2025-08-30 20:00:00,3.2531,7.3599,0.2568,2.9963,0.0799,0.0785,0.1064,13.2
2025-08-30 21:00:00,3.058,5.2363,0.2,2.858,0.062,0.0706,0.1042,12.389
2025-08-30 22:00:00,3.8883,7.5354,0.3848,3.5035,0.0679,0.069,0.0939,11.044
2025-08-30 23:00:00,1.9751,5.9492,0.1247,1.8505,0.0445,0.0388,0.0649,7.279
2025-08-31 00:00:00,3.1806,7.7955,0.1834,2.9972,0.0512,0.0595,0.0672,8.66
2025-08-31 01:00:00,2.3745,7.8109,0.1109,2.2637,0.0454,0.0421,0.0665,7.27
2025-08-31 02:00:00,1.5706,5.2006,0.0853,1.4853,0.0398,0.0412,0.0564,5.225
2025-08-31 03:00:00,0.1761,0.8985,0.0264,0.1497,0.0256,0.02,0.0449,3.519
2025-08-31 04:00:00,0.4344,1.5513,0.0389,0.3954,0.0271,0.0166,0.0423,2.461
2025-08-31 05:00:00,0.5005,3.2082,0.0173,0.4831,0.0154,0.0111,0.0352,1.641
2025-08-31 06:00:00,1.8265,5.6374,0.059,1.7675,0.0231,0.0184,0.0521,3.125
2025-08-31 07:00:00,1.1989,2.7372,0.0891,1.1098,0.0337,0.0291,0.0659,4.68
2025-08-31 08:00:00,1.4462,2.3251,0.1003,1.3459,0.0443,0.0354,0.0795,5.134
2025-08-31 09:00:00,2.6127,2.9095,0.2098,2.4029,0.0746,0.0585,0.1112,11.494
2025-08-31 10:00:00,2.3295,2.4165,0.3187,2.0108,0.0855,0.0588,0.1193,9.316
2025-08-31 11:00:00,2.5385,2.7237,0.2004,2.3381,0.0738,0.06,0.1111,11.104
2025-08-31 12:00:00,3.3046,3.9434,0.328,2.9766,0.0816,0.0794,0.1218,13.158
2025-08-31 13:00:00,3.6707,3.62,0.3218,3.3489,0.0954,0.0834,0.1321,17.723
2025-08-31 14:00:00,4.0294,4.7856,0.3392,3.6903,0.0996,0.0875,0.1317,11.895
2025-08-31 15:00:00,3.6334,4.8445,0.2865,3.3469,0.1114,0.1004,0.1428,15.263
2025-08-31 16:00:00,4.3235,4.9581,0.2567,4.0668,0.0881,0.0901,0.1342,15.811
2025-08-31 17:00:00,4.4248,4.7273,0.345,4.0798,0.1012,0.0816,0.1272,15.231
2025-08-31 18:00:00,2.57,2.6883,0.2424,2.3276,0.0837,0.0656,0.1145,11.23
2025-08-31 19:00:00,4.6107,6.035,0.3554,4.2553,0.0939,0.0859,0.133,16.787
2025-08-31 20:00:00,3.841,6.5547,0.2996,3.5414,0.0913,0.0781,0.1336,16.783
2025-08-31 21:00:00,4.0936,9.0566,0.2173,3.8762,0.084,0.1123,0.1178,12.242
2025-08-31 22:00:00,3.7645,6.3805,0.2494,3.5151,0.0853,0.0987,0.1111,13.87
2025-08-31 23:00:00,2.9029,5.9002,0.1611,2.7418,0.0673,0.0688,0.0857,10.382
2025-09-01 00:00:00,2.8517,4.4697,0.2869,2.5648,0.0652,0.055,0.0765,9.294
2025-09-01 01:00:00,1.9321,5.6164,0.0639,1.8682,0.0347,0.0464,0.0546,3.745
2025-09-01 02:00:00,0.6176,1.9924,0.0225,0.5951,0.0263,0.0276,0.0511,3.15
2025-09-01 03:00:00,1.8733,4.3364,0.0633,1.81,0.0373,0.0369,0.058,4.676
2025-09-01 04:00:00,0.3446,0.9733,0.0157,0.3288,0.0176,0.0071,0.0417,1.012
2025-09-01 05:00:00,0.5791,1.6176,0.0247,0.5544,0.0158,0.0116,0.0405,1.788
2025-09-01 06:00:00,0.5909,1.5468,0.0439,0.547,0.0276,0.021,0.056,3.012
2025-09-01 07:00:00,2.2794,2.451,0.1924,2.087,0.0682,0.0547,0.1015,9.943
2025-09-01 08:00:00,2.9919,2.7961,0.2086,2.7832,0.0842,0.074,0.1294,12.63
2025-09-01 09:00:00,2.8482,3.0692,0.2885,2.5597,0.0872,0.055,0.1236,12.157
2025-09-01 10:00:00,2.7146,2.5902,0.258,2.4566,0.0945,0.0685,0.1265,15.288
2025-09-01 11:00:00,2.61333,2.63379,0.226666,2.38666,0.088431,0.065511,0.12169,13.7793
2025-09-01 12:00:00,2.51205,2.67738,0.195331,2.31672,0.082362,0.062522,0.11688,12.2707
2025-09-01 13:00:00,2.41078,2.72097,0.163997,2.24678,0.076293,0.059532,0.11207,10.762
2025-09-01 14:00:00,1.9506,2.35676,0.15566,1.79494,0.071055,0.056275,0.107347,9.883
2025-09-01 15:00:00,1.49042,1.99254,0.147324,1.3431,0.065816,0.053018,0.102624,9.004
2025-09-01 16:00:00,1.88607,1.85637,0.2176,1.66847,0.08117,0.054396,0.112396,10.655
2025-09-01 17:00:00,2.5765,2.70641,0.383314,2.19319,0.088123,0.072277,0.126604,12.454
2025-09-01 18:00:00,3.07342,3.48461,0.3219,2.75152,0.103719,0.087001,0.132719,14.884
2025-09-01 19:00:00,2.08796,2.76185,0.206901,1.88106,0.081239,0.068652,0.11674,10.808
2025-09-01 20:00:00,1.76578,2.83887,0.161577,1.6042,0.069873,0.049991,0.100446,9.312
2025-09-01 21:00:00,1.25005,2.3149,0.172201,1.07785,0.062608,0.04003,0.085451,8.853
2025-09-01 22:00:00,1.56296,2.22645,0.296462,1.2665,0.061798,0.04995,0.084858,4.25
2025-09-01 23:00:00,0.985626,1.49337,0.077408,0.908218,0.036155,0.035762,0.064633,3.902
2025-09-02 00:00:00,1.02666,1.46248,0.045913,0.980748,0.032423,0.049554,0.057247,3.737
2025-09-02 01:00:00,0.303167,0.453841,0.033669,0.269498,0.027652,0.027184,0.050133,2.71
2025-09-02 02:00:00,0.300605,0.520075,0.016868,0.283737,0.021303,0.014353,0.04503,1.902
2025-09-02 03:00:00,0.172281,0.453371,0.013322,0.158959,0.024845,0.017366,0.056271,1.623
2025-09-02 04:00:00,0.350577,0.755553,0.01098,0.339597,0.021552,0.029355,0.050996,1.399
2025-09-02 05:00:00,0.4956,0.834341,0.020698,0.474902,0.017014,0.012956,0.043499,2.123
2025-09-02 06:00:00,1.14383,2.20816,0.064244,1.07958,0.036271,0.025959,0.06395,3.842
2025-09-02 07:00:00,3.34574,3.52183,0.235187,3.11055,0.078206,0.072903,0.114949,11.856
2025-09-02 08:00:00,2.77348,2.52594,0.204868,2.56861,0.098135,0.106075,0.136177,12.056
2025-09-02 09:00:00,3.36299,2.7297,0.228635,3.13435,0.08998,0.08299,0.134192,13.154
2025-09-02 10:00:00,2.51675,2.72967,0.175409,2.34134,0.075908,0.069999,0.116681,10.207
2025-09-02 11:00:00,1.75238,1.96456,0.137913,1.61447,0.074523,0.063295,0.118003,9.495
2025-09-02 12:00:00,1.51772,1.97619,0.174217,1.3435,0.073683,0.061829,0.108691,6.216
2025-09-02 13:00:00,1.48927,2.00711,0.152018,1.33726,0.077286,0.057095,0.112888,10.455
2025-09-02 14:00:00,0.998246,1.55976,0.115223,0.883023,0.05873,0.034281,0.095441,7.741
2025-09-02 15:00:00,2.53234,3.26333,0.168659,2.36368,0.072335,0.062946,0.107536,9.231
2025-09-02 16:00:00,2.57366,2.90481,0.225509,2.34815,0.081328,0.062481,0.115072,11.516
2025-09-02 17:00:00,2.86135,2.93171,0.258011,2.60333,0.101103,0.083523,0.139239,16.278
2025-09-02 18:00:00,5.00239,4.37272,0.474481,4.52791,0.121027,0.107743,0.157476,21.717
2025-09-02 19:00:00,2.71592,2.9911,0.236387,2.47954,0.096358,0.077685,0.134334,15.545
2025-09-02 20:00:00,2.95289,3.94772,0.409507,2.54339,0.087755,0.06097,0.112999,14.888
2025-09-02 21:00:00,2.68438,4.61235,0.338197,2.34619,0.075846,0.050793,0.093759,11.305
2025-09-02 22:00:00,1.10347,1.6519,0.094587,1.00888,0.037192,0.025993,0.062837,5.729
2025-09-02 23:00:00,1.29117,2.46407,0.139325,1.15185,0.043033,0.034346,0.068082,6.923
2025-09-03 00:00:00,1.51909,4.34025,0.093403,1.42568,0.028315,0.025206,0.047953,4.233
2025-09-03 01:00:00,1.78843,5.51984,0.081305,1.70712,0.035805,0.041949,0.065615,4.466
2025-09-03 02:00:00,0.803362,2.02869,0.063427,0.739935,0.023332,0.017017,0.041424,2.256
2025-09-03 03:00:00,1.09701,2.67563,0.021147,1.07586,0.025216,0.078232,0.053078,1.954
2025-09-03 04:00:00,2.25304,4.52418,0.028757,2.22428,0.026232,0.132809,0.065566,3.394
2025-09-03 05:00:00,0.107366,0.288616,0.010971,0.096395,0.010122,0.005796,0.034659,0.887
2025-09-03 06:00:00,1.06195,2.20322,0.073105,0.988846,0.028614,0.022039,0.056553,3.563
2025-09-03 07:00:00,2.87827,3.57994,0.184495,2.69378,0.07205,0.064507,0.108032,11.025
2025-09-03 08:00:00,3.80132,4.8118,0.249523,3.5518,0.085028,0.084325,0.121648,14.997
2025-09-03 09:00:00,2.3801,2.2886,0.2409,2.1392,0.0831,0.0602,0.1201,11.871
2025-09-03 10:00:00,2.74189,3.95085,0.161024,2.58086,0.071963,0.068567,0.112577,7.44
2025-09-03 11:00:00,0.35776,2.00989,0.029548,0.328212,0.080503,0.059866,0.115928,11.302
2025-09-03 12:00:00,2.3673,2.7982,0.2003,2.1669,0.084,0.0851,0.125,11.341
2025-09-03 13:00:00,2.77462,8.06576,0.093997,2.68063,0.082594,0.108323,0.128114,13.534
2025-09-03 14:00:00,2.1476,2.7746,0.1758,1.9717,0.0859,0.0616,0.1189,9.717
2025-09-03 15:00:00,2.946,3.3631,0.2256,2.7205,0.0798,0.0767,0.1248,11.645
2025-09-03 16:00:00,2.5935,2.3838,0.2378,2.3557,0.0921,0.0719,0.1326,13.431
2025-09-03 17:00:00,4.2623,3.8193,0.4248,3.8375,0.1176,0.1041,0.1599,24.413
2025-09-03 18:00:00,4.8221,4.1786,0.5607,4.2614,0.1281,0.1143,0.1518,15.583
2025-09-03 19:00:00,3.0589,3.0528,0.2766,2.7822,0.0956,0.0798,0.1305,18.38
2025-09-03 20:00:00,2.1132,2.8712,0.1778,1.9355,0.0624,0.0568,0.0976,9.622
2025-09-03 21:00:00,1.6403,2.7431,0.1804,1.4599,0.0632,0.0432,0.0919,8.814
2025-09-03 22:00:00,1.6596,2.9637,0.1496,1.51,0.06,0.0403,0.0752,8.31
2025-09-03 23:00:00,2.2404,5.3856,0.1635,2.0769,0.0575,0.0419,0.0721,8.365
2025-09-04 00:00:00,2.7267,6.197,0.161,2.5657,0.058,0.0545,0.0763,9.862
2025-09-04 01:00:00,1.4051,3.394,0.0535,1.3516,0.0338,0.0307,0.0533,5.268
2025-09-04 02:00:00,0.304081,0.206857,0.0414,0.262681,0.020155,0.00753,0.039509,2.324
2025-09-04 03:00:00,0.139359,0.08798,0.02304,0.116319,0.023591,0.007424,0.045827,2.651
2025-09-04 04:00:00,0.307884,0.210879,0.010505,0.297379,0.016766,0.007089,0.041267,1.738
2025-09-04 05:00:00,0.594992,0.419599,0.03641,0.558582,0.025218,0.012215,0.047779,3.104
2025-09-04 06:00:00,1.8216,0.77515,0.098706,1.7229,0.056586,0.039406,0.083318,5.8
2025-09-04 07:00:00,4.21997,1.29288,0.302732,3.91723,0.106168,0.085525,0.137785,16.373
2025-09-04 08:00:00,3.48805,1.23778,0.264003,3.22405,0.114812,0.089544,0.145382,18.248
2025-09-04 09:00:00,2.61804,0.818649,0.281902,2.33614,0.108535,0.064032,0.136334,15.193
2025-09-04 10:00:00,1.95881,0.637633,0.217174,1.74164,0.087311,0.058964,0.126216,13.656
2025-09-04 11:00:00,2.15832,0.770277,0.273401,1.88492,0.096589,0.071402,0.142877,15.385
2025-09-04 12:00:00,4.58593,1.9716,0.257823,4.32811,0.099267,0.113553,0.137303,15.501
2025-09-04 13:00:00,3.17652,1.28604,0.21703,2.95949,0.096616,0.10054,0.143204,15.343
2025-09-04 14:00:00,2.62297,0.814588,0.215418,2.40755,0.093826,0.072821,0.136058,15.801
2025-09-04 15:00:00,2.92047,0.947588,0.324791,2.59567,0.106558,0.080959,0.140445,14.607
2025-09-04 16:00:00,3.06363,2.11999,0.373896,2.68969,0.108729,0.096279,0.142622,15.8335
2025-09-04 17:00:00,3.2068,3.2924,0.423,2.7837,0.1109,0.1116,0.1448,17.06
2025-09-04 18:00:00,7.3267,2.2095,0.89236,6.43434,0.168715,0.168066,0.186767,35.274
2025-09-04 19:00:00,3.59369,1.50869,0.351728,3.24196,0.114851,0.084106,0.143553,21.333
2025-09-04 20:00:00,5.0877,2.67774,0.383787,4.70391,0.097636,0.117403,0.137295,19.23
2025-09-04 21:00:00,3.0033,5.6454,0.2561,2.7472,0.0771,0.073,0.1052,13.15
2025-09-04 22:00:00,1.0054,3.1616,0.0885,0.9169,0.0506,0.0349,0.0745,8.061
2025-09-04 23:00:00,1.3892,5.2622,0.1089,1.2803,0.0437,0.031,0.0642,7.153
2025-09-05 00:00:00,4.154,12.5122,0.2124,3.9416,0.0678,0.0709,0.0807,14.083
2025-09-05 01:00:00,2.9352,10.3351,0.0549,2.8803,0.0535,0.047,0.0741,6.756
2025-09-05 02:00:00,0.180336,0.296605,0.013391,0.166945,0.027041,0.01915,0.052681,4.532
2025-09-05 03:00:00,0.539808,0.376434,0.04123,0.498578,0.022768,0.010144,0.04439,2.925
2025-09-05 04:00:00,0.266787,0.147396,0.015703,0.251084,0.018968,0.009222,0.040067,2.221
2025-09-05 05:00:00,0.656396,0.487663,0.045359,0.611037,0.025244,0.015464,0.048726,3.157
2025-09-05 06:00:00,2.30391,1.17667,0.183096,2.12081,0.061527,0.045154,0.089662,8.923
2025-09-05 07:00:00,4.74611,1.56328,0.270975,4.47514,0.098569,0.096857,0.138528,14.928
2025-09-05 08:00:00,3.9356,1.31625,0.300811,3.63478,0.109431,0.100493,0.150248,14.14
2025-09-05 09:00:00,2.72707,0.887717,0.204931,2.52214,0.10647,0.082008,0.140225,16.626
2025-09-05 10:00:00,3.90374,1.35924,0.329603,3.57414,0.119788,0.084354,0.141667,18.031
2025-09-05 11:00:00,3.68862,1.17397,0.245828,3.44279,0.099405,0.087499,0.142515,16.968
2025-09-05 12:00:00,4.34304,1.65386,0.228003,4.11504,0.095848,0.101252,0.144332,16.942
2025-09-05 13:00:00,5.11463,1.85986,0.28237,4.83226,0.101353,0.118894,0.145564,17.46
2025-09-05 14:00:00,4.63983,2.35286,0.242259,4.39758,0.116975,0.115156,0.14913,21.733
2025-09-05 15:00:00,4.01178,1.30253,0.291976,3.71981,0.109569,0.085197,0.140153,19.852
2025-09-05 16:00:00,3.53653,1.13133,0.400374,3.13616,0.112973,0.089814,0.144549,19.472
2025-09-05 17:00:00,7.90442,2.25325,0.901762,7.00266,0.173677,0.151775,0.186628,33.045
2025-09-05 18:00:00,8.53598,2.56028,0.807831,7.72815,0.168583,0.169934,0.184117,39.994
2025-09-05 19:00:00,4.3275,1.88644,0.435615,3.89189,0.116622,0.096125,0.139407,14.478
2025-09-05 20:00:00,3.92978,1.91884,0.298276,3.63151,0.095794,0.087133,0.132218,20.409
2025-09-05 21:00:00,3.14924,2.41878,0.310674,2.83857,0.102125,0.081922,0.123687,20.749
2025-09-05 22:00:00,2.40003,1.42014,0.165534,2.2345,0.062618,0.049525,0.092585,13.198
2025-09-05 23:00:00,3.55251,2.22868,0.224589,3.32792,0.06111,0.060316,0.088262,13.965
2025-09-06 00:00:00,2.7784,6.3145,0.3204,2.458,0.061,0.0541,0.0758,9.924
2025-09-06 01:00:00,0.6042,1.6154,0.0307,0.5735,0.0446,0.0274,0.0613,4.544
2025-09-06 02:00:00,1.21949,0.939516,0.041876,1.17762,0.040788,0.072029,0.069628,3.41
2025-09-06 03:00:00,1.08518,0.732236,0.027495,1.05768,0.026055,0.029175,0.049997,2.579
2025-09-06 04:00:00,0.075602,0.066669,0.010668,0.064934,0.02124,0.016833,0.04507,1.129
2025-09-06 05:00:00,0.391921,0.276391,0.024581,0.36734,0.019356,0.009528,0.042654,1.47
2025-09-06 06:00:00,1.07987,0.579333,0.057407,1.02247,0.036611,0.022801,0.066902,4.562
2025-09-06 07:00:00,3.22574,1.39885,0.461599,2.76414,0.164397,0.071646,0.135706,10.675
2025-09-06 08:00:00,2.58861,1.01754,0.296923,2.29169,0.120206,0.075337,0.1483,16.636
2025-09-06 09:00:00,3.18993,1.13601,0.277441,2.91249,0.106819,0.098544,0.155674,17.993
2025-09-06 10:00:00,4.2459,1.47222,0.272357,3.97354,0.102358,0.086326,0.142443,19.567
2025-09-06 11:00:00,3.92606,1.53963,0.270221,3.65584,0.098293,0.086451,0.139916,18.995
2025-09-06 12:00:00,4.85008,2.15368,0.241873,4.60821,0.090757,0.106368,0.139526,18.803
2025-09-06 13:00:00,5.94398,2.61159,0.501844,5.44214,0.097145,0.109744,0.136804,17.199
2025-09-06 14:00:00,5.51473,2.32689,0.358341,5.15639,0.104663,0.103263,0.144942,20.309
2025-09-06 15:00:00,3.93233,1.37977,0.290407,3.64193,0.099635,0.08845,0.137645,16.469
2025-09-06 16:00:00,5.51906,1.93516,0.367235,5.15183,0.112018,0.110616,0.145941,22.373
2025-09-06 17:00:00,3.91403,1.52653,0.372755,3.54128,0.110362,0.105268,0.144678,19.558
2025-09-06 18:00:00,2.84738,1.49078,0.399573,2.44781,0.118262,0.123678,0.151541,16.686
2025-09-06 19:00:00,2.50233,1.09177,0.441538,2.06079,0.10143,0.081965,0.126635,11.735
2025-09-06 20:00:00,2.9879,1.62563,0.387839,2.60006,0.084868,0.072988,0.113777,14.536
2025-09-06 21:00:00,4.29813,2.14692,0.416643,3.88148,0.101226,0.077804,0.114556,14.725
2025-09-06 22:00:00,4.46264,2.12305,0.168317,4.29432,0.069672,0.066955,0.096753,12.042
2025-09-06 23:00:00,2.15632,1.05084,0.11812,2.0382,0.047048,0.034685,0.067539,8.681
2025-09-07 00:00:00,1.62791,1.47456,0.239463,1.38845,0.062188,0.035517,0.064874,8.049
2025-09-07 01:00:00,0.699217,0.51413,0.109049,0.590168,0.041565,0.017793,0.053095,5.924
2025-09-07 02:00:00,0.623569,0.428864,0.098378,0.525191,0.034668,0.013708,0.049113,3.55
2025-09-07 03:00:00,0.307541,0.308776,0.012472,0.295069,0.019578,0.009358,0.039501,2.58
2025-09-07 04:00:00,0.210458,0.169179,0.014804,0.195654,0.024987,0.00954,0.048703,2.934
2025-09-07 05:00:00,0.470334,0.420692,0.036166,0.434168,0.03158,0.012576,0.047679,3.216
2025-09-07 06:00:00,0.683978,0.403765,0.044885,0.639093,0.035339,0.017148,0.06006,3.533
2025-09-07 07:00:00,3.02728,1.49717,0.284505,2.74278,0.0765,0.070326,0.110988,11.9
2025-09-07 08:00:00,2.79098,1.22197,0.181888,2.60909,0.090917,0.069457,0.121421,14.19
2025-09-07 09:00:00,4.47495,1.39581,0.342745,4.13221,0.120219,0.084839,0.150302,18.537
2025-09-07 10:00:00,4.54572,1.6949,0.295924,4.2498,0.113224,0.109632,0.157323,20.5
2025-09-07 11:00:00,4.10998,1.35732,0.321536,3.78844,0.107873,0.08598,0.139978,18.808
2025-09-07 12:00:00,4.42651,1.96559,0.295924,4.13059,0.098368,0.084429,0.132809,19.504
2025-09-07 13:00:00,3.08403,1.07833,0.253928,2.83011,0.093334,0.080805,0.13249,17.014
2025-09-07 14:00:00,3.6621,1.39032,0.297114,3.36499,0.0983,0.086455,0.135318,18.227
2025-09-07 15:00:00,2.93372,0.995833,0.330817,2.60291,0.10432,0.077503,0.136683,12.802
2025-09-07 16:00:00,6.19192,2.00386,0.380703,5.81121,0.11364,0.096772,0.147051,18.728
2025-09-07 17:00:00,4.7428,1.71468,0.582016,4.16079,0.126332,0.116702,0.153844,15.871
2025-09-07 18:00:00,3.0772,1.59937,0.458263,2.61893,0.12624,0.101906,0.146199,21.362
2025-09-07 19:00:00,2.0733,1.08777,0.413629,1.65967,0.104966,0.073281,0.128425,16.569
2025-09-07 20:00:00,2.52882,1.26822,0.465832,2.06299,0.100986,0.065821,0.117299,14.339
2025-09-07 21:00:00,1.46586,0.907089,0.279008,1.18685,0.089647,0.049599,0.100748,9.412
2025-09-07 22:00:00,2.56164,1.32316,0.255294,2.30634,0.076334,0.06003,0.094982,14.471
2025-09-07 23:00:00,4.06925,2.05518,0.293169,3.77609,0.074454,0.071718,0.091998,14.112
2025-09-08 00:00:00,2.8517,4.4697,0.2869,2.5648,0.0652,0.055,0.0765,9.294
2025-09-08 01:00:00,1.9321,5.6164,0.0639,1.8682,0.0347,0.0464,0.0546,3.745
2025-09-08 02:00:00,0.630209,0.346269,0.058851,0.571358,0.027219,0.016162,0.046767,3.734
2025-09-08 03:00:00,1.4064,0.806421,0.052798,1.3536,0.032191,0.026631,0.051279,3.632
2025-09-08 04:00:00,4.85445,3.01519,0.030131,4.82432,0.031016,0.243491,0.072046,3.905
2025-09-08 05:00:00,3.05422,2.54095,0.019584,3.03464,0.033603,0.205188,0.075567,4.446
2025-09-08 06:00:00,1.49242,0.557289,0.120395,1.37202,0.058519,0.038359,0.088309,7.745
2025-09-08 07:00:00,4.36439,1.56206,0.222258,4.14213,0.098954,0.094435,0.138588,15.138
2025-09-08 08:00:00,2.99071,1.04278,0.247436,2.74327,0.110151,0.07907,0.146605,16.42
2025-09-08 09:00:00,4.31336,1.51134,0.285831,4.02753,0.114858,0.089374,0.150584,19.471
2025-09-08 10:00:00,3.38585,1.3468,0.309773,3.07608,0.099333,0.0895,0.140532,18.589
2025-09-08 11:00:00,5.33325,2.22219,0.251622,5.08163,0.094311,0.103954,0.141027,15.916
2025-09-08 12:00:00,5.04927,2.0643,0.387407,4.66187,0.100285,0.092304,0.133313,17.574
2025-09-08 13:00:00,3.17219,1.36262,0.215643,2.95655,0.087876,0.069809,0.124666,13.451
2025-09-08 14:00:00,3.85905,1.40636,0.271105,3.58794,0.105446,0.096311,0.151328,18.018
2025-09-08 15:00:00,2.23639,0.914305,0.200339,2.03605,0.094187,0.057913,0.127817,10.045
2025-09-08 16:00:00,3.29293,1.32034,0.208949,3.08398,0.095025,0.075438,0.134587,16.91
2025-09-08 17:00:00,5.14817,1.68903,0.394001,4.75417,0.13431,0.128246,0.16686,23.474
2025-09-08 18:00:00,4.36937,1.41038,0.476373,3.89299,0.127023,0.116449,0.162851,22.834
2025-09-08 19:00:00,3.15567,1.3532,0.322797,2.83287,0.128399,0.096416,0.149183,24.618
2025-09-08 20:00:00,3.32039,2.00023,0.376737,2.94365,0.139048,0.100504,0.150621,26.338
2025-09-08 21:00:00,3.44032,1.59718,0.333934,3.10638,0.097438,0.071483,0.12141,22.75
2025-09-08 22:00:00,1.8442,0.933298,0.165371,1.67883,0.073748,0.053713,0.091285,13.196
2025-09-08 23:00:00,1.68043,1.49505,0.125992,1.55444,0.055704,0.040898,0.073695,6.947
2025-09-09 00:00:00,2.02176,1.39817,0.107753,1.91401,0.045498,0.039279,0.067663,7.054
2025-09-09 01:00:00,1.21712,0.989528,0.070641,1.14648,0.044303,0.036506,0.064456,4.207
2025-09-09 02:00:00,0.158843,0.228222,0.01399,0.144853,0.022242,0.01213,0.04348,1.483
2025-09-09 03:00:00,1.07075,1.16386,0.017404,1.05335,0.020095,0.014476,0.044482,1.809
2025-09-09 04:00:00,0.138597,0.116664,0.014717,0.12388,0.035987,0.015959,0.057986,1.784
2025-09-09 05:00:00,0.930755,0.816453,0.051371,0.879384,0.030033,0.015594,0.052371,3.822
2025-09-09 06:00:00,1.65202,0.762706,0.114874,1.53715,0.057044,0.035863,0.08305,8.326
2025-09-09 07:00:00,2.69336,0.951046,0.23839,2.45497,0.095584,0.070302,0.126102,13.125
2025-09-09 08:00:00,2.85129,0.990719,0.352023,2.49926,0.115472,0.078684,0.146082,17.843
2025-09-09 09:00:00,3.03383,0.88244,0.285606,2.74822,0.115737,0.080104,0.14433,16.785
2025-09-09 10:00:00,2.95949,0.969055,0.285839,2.67365,0.106652,0.07951,0.140372,16.463
2025-09-09 11:00:00,3.3527,1.17556,0.211811,3.14089,0.106992,0.082773,0.146968,15.241
2025-09-09 12:00:00,5.14163,2.09009,0.301863,4.83977,0.10978,0.108999,0.14212,20.058
2025-09-09 13:00:00,2.26832,1.06694,0.191384,2.07694,0.077598,0.060572,0.120255,11.989
2025-09-09 14:00:00,2.56362,1.07175,0.220658,2.34296,0.098302,0.080855,0.142482,15.507
2025-09-09 15:00:00,2.23915,0.87467,0.176897,2.06226,0.09036,0.073455,0.131559,12.326
2025-09-09 16:00:00,2.5408,0.948768,0.213832,2.32697,0.104474,0.075391,0.151851,16.373
2025-09-09 17:00:00,5.49524,1.59098,0.400183,5.09506,0.150982,0.135823,0.183083,26.473
2025-09-09 18:00:00,5.17455,1.48609,0.426031,4.74852,0.140486,0.127814,0.172348,20.253
2025-09-09 19:00:00,4.05856,1.54789,0.315552,3.74301,0.104462,0.090143,0.141133,19.294
2025-09-09 20:00:00,8.26904,3.4979,0.607434,7.66161,0.121168,0.158225,0.154078,25.696
2025-09-09 21:00:00,5.18125,3.71682,0.24845,4.9328,0.079193,0.127545,0.129147,18.404
2025-09-09 22:00:00,4.05657,3.02278,0.421691,3.63488,0.103809,0.084744,0.101883,17.211
2025-09-09 23:00:00,2.63388,2.47545,0.157079,2.4768,0.060733,0.058513,0.079509,12.428
2025-09-10 00:00:00,2.4455,1.32619,0.093349,2.35215,0.05068,0.039491,0.075509,9.078
2025-09-10 01:00:00,0.991968,0.548049,0.052895,0.939073,0.038047,0.023228,0.056594,4.818
2025-09-10 02:00:00,2.5377,1.07987,0.042368,2.49533,0.039628,0.024475,0.054906,4.414
2025-09-10 03:00:00,1.2168,0.470171,0.027695,1.18911,0.026063,0.012938,0.044472,3.095
2025-09-10 04:00:00,0.947913,0.420174,0.0424,0.905513,0.033161,0.016623,0.047821,3.275
2025-09-10 05:00:00,0.233608,0.240338,0.016028,0.21758,0.020388,0.007693,0.04313,1.529
2025-09-10 06:00:00,2.21975,1.12792,0.11921,2.10054,0.056268,0.041207,0.084854,7.075
2025-09-10 07:00:00,4.58596,2.02203,0.231866,4.35409,0.114206,0.117978,0.151888,17.459
2025-09-10 08:00:00,3.46469,1.10835,0.265118,3.19957,0.115917,0.100949,0.149718,17.983
2025-09-10 09:00:00,3.02511,1.06368,0.259353,2.76575,0.102146,0.072768,0.137458,17.81
2025-09-10 10:00:00,4.16187,1.51561,0.320818,3.84105,0.098872,0.082521,0.137044,18.522
2025-09-10 11:00:00,5.21916,1.63918,0.304772,4.91439,0.127152,0.120507,0.153779,21.639
2025-09-10 12:00:00,6.39079,2.43366,0.235729,6.15506,0.100333,0.100064,0.136517,15.818
2025-09-10 13:00:00,4.52325,1.65444,0.266072,4.25718,0.094315,0.085679,0.130723,15.713
2025-09-10 14:00:00,3.34375,0.981725,0.238936,3.10482,0.106529,0.078175,0.143987,17.623
2025-09-10 15:00:00,6.07794,1.81215,0.437648,5.64029,0.126452,0.110132,0.155168,25.517
2025-09-10 16:00:00,5.07632,1.48866,0.783917,4.2924,0.153792,0.107375,0.155993,21.994
2025-09-10 17:00:00,3.83289,1.19479,0.331434,3.50146,0.130071,0.117086,0.164264,22.298
2025-09-10 18:00:00,5.90055,1.93461,0.40925,5.4913,0.144093,0.140181,0.179011,28.997
2025-09-10 19:00:00,4.87275,1.62209,0.43178,4.44097,0.126218,0.108478,0.152989,21.763
2025-09-10 20:00:00,2.43324,1.52459,0.228342,2.2049,0.089938,0.077732,0.118623,14.441
2025-09-10 21:00:00,3.64185,1.54446,0.456366,3.18548,0.107411,0.078248,0.119683,17.735
2025-09-10 22:00:00,2.45452,1.37277,0.23346,2.22106,0.076605,0.052845,0.100707,13.484
2025-09-10 23:00:00,2.51708,1.70073,0.213557,2.30352,0.075271,0.041674,0.08399,12.83
2025-09-11 00:00:00,0.759935,0.473775,0.077794,0.682141,0.056758,0.021813,0.089313,7.819
2025-09-11 01:00:00,0.756891,0.423791,0.046777,0.710114,0.050816,0.027551,0.070349,9.142
2025-09-11 02:00:00,0.94357,0.576049,0.029998,0.913572,0.041464,0.04463,0.063631,2.611
2025-09-11 03:00:00,0.173872,0.085736,0.013052,0.16082,0.050042,0.02295,0.070429,3.102
2025-09-11 04:00:00,0.471476,0.241535,0.017688,0.453788,0.050389,0.023592,0.080235,3.203
2025-09-11 05:00:00,0.445527,0.249455,0.042542,0.402985,0.03404,0.016054,0.060597,3.515
2025-09-11 06:00:00,1.57912,0.728374,0.082802,1.49631,0.05006,0.035158,0.087197,7.123
2025-09-11 07:00:00,3.52683,1.1835,0.203283,3.32355,0.100842,0.080639,0.136414,16.602
2025-09-11 08:00:00,4.4436,1.69603,0.455033,3.98856,0.119507,0.108411,0.157335,14.709
2025-09-11 09:00:00,1.54964,0.777153,0.156583,1.39306,0.094094,0.062994,0.133213,14.042
2025-09-11 10:00:00,2.81402,1.01151,0.311832,2.50219,0.099207,0.073051,0.134866,12.678
2025-09-11 11:00:00,5.31175,1.75886,0.360297,4.95145,0.116497,0.11818,0.148681,16.383
2025-09-11 12:00:00,5.39285,2.20296,0.255484,5.13736,0.105744,0.117516,0.151586,22.872
2025-09-11 13:00:00,4.40557,1.6828,0.310592,4.09498,0.105081,0.100748,0.143672,21.043
2025-09-11 14:00:00,6.21257,2.13197,0.32139,5.89118,0.105317,0.117552,0.152717,22.672
2025-09-11 15:00:00,4.22286,1.45616,0.296166,3.9267,0.109685,0.106118,0.15442,23.412
2025-09-11 16:00:00,4.29427,1.48283,0.511377,3.7829,0.104481,0.096151,0.144293,21.242
2025-09-11 17:00:00,4.60109,1.29901,0.520911,4.08017,0.144366,0.113992,0.168215,24.942
2025-09-11 18:00:00,4.31756,1.1868,0.413256,3.9043,0.1252,0.109966,0.157492,24.195
2025-09-11 19:00:00,6.42329,2.19675,0.717081,5.70621,0.148212,0.14154,0.159758,20.867
2025-09-11 20:00:00,4.27577,1.92429,0.57485,3.70092,0.101208,0.094427,0.137785,21.408
2025-09-11 21:00:00,4.51499,1.9361,0.410347,4.10465,0.096341,0.081934,0.125055,18.789
2025-09-11 22:00:00,6.00263,3.20653,0.302325,5.7003,0.075436,0.075658,0.094767,13.911
2025-09-11 23:00:00,2.06072,1.54245,0.161605,1.89911,0.056602,0.040271,0.077326,7.985
2025-09-12 00:00:00,2.06925,1.17571,0.058668,2.01058,0.041542,0.029584,0.058786,5.222
2025-09-12 01:00:00,1.47894,0.695646,0.067516,1.41142,0.043086,0.022694,0.059352,6.585
2025-09-12 02:00:00,0.298812,0.126722,0.033639,0.265173,0.040572,0.010298,0.057583,5.589
2025-09-12 03:00:00,0.098535,0.094021,0.016867,0.081668,0.043853,0.011723,0.061191,3.552
2025-09-12 04:00:00,0,0,0,0,0.034562,0.011485,0.054702,0
2025-09-12 05:00:00,0.37899,0.33362,0.03551,0.34348,0.02527,0.011246,0.048212,2.67
2025-09-12 06:00:00,1.43149,0.796154,0.161134,1.27035,0.065717,0.041553,0.0932,10.339
2025-09-12 07:00:00,3.02382,1.02851,0.220532,2.80329,0.09859,0.081568,0.133654,14.121
2025-09-12 08:00:00,3.3736,1.59886,0.289737,3.08386,0.109993,0.096925,0.146204,18.161
2025-09-12 09:00:00,3.82433,1.37368,0.51926,3.30507,0.12487,0.083682,0.145388,19.494
2025-09-12 10:00:00,2.78654,1.05791,0.213509,2.57303,0.09821,0.075227,0.142016,16.842
2025-09-12 11:00:00,3.46928,1.25972,0.293218,3.17606,0.103979,0.08323,0.141285,15.944
2025-09-12 12:00:00,4.47429,1.56663,0.345032,4.12926,0.121151,0.103717,0.146546,20.696
2025-09-12 13:00:00,4.87161,2.08011,0.264294,4.60732,0.096527,0.109034,0.146475,21.84
2025-09-12 14:00:00,4.6398,2.3529,0.2423,4.3976,0.117,0.1152,0.1491,21.733
2025-09-12 15:00:00,3.035,1.3537,0.214839,2.82017,0.110962,0.091787,0.146643,15.91
2025-09-12 16:00:00,4.45805,1.45213,0.390071,4.06797,0.13014,0.109033,0.159484,25.561
2025-09-12 17:00:00,4.82107,1.95185,0.364925,4.45615,0.146539,0.144234,0.181258,23.752
2025-09-12 18:00:00,4.48364,2.02513,0.467346,4.01629,0.151549,0.154795,0.182266,31.317
2025-09-12 19:00:00,3.77045,1.50577,0.341333,3.42911,0.118002,0.095527,0.153484,25.558
2025-09-12 20:00:00,3.33793,1.65736,0.353214,2.98472,0.111289,0.089182,0.136795,19.009
2025-09-12 21:00:00,3.47063,1.92813,0.273976,3.19666,0.092555,0.081428,0.123913,17.112
2025-09-12 22:00:00,3.51157,2.07841,0.249288,3.26228,0.076828,0.070864,0.106107,15.5385
2025-09-12 23:00:00,3.5525,2.2287,0.2246,3.3279,0.0611,0.0603,0.0883,13.965
2025-09-13 00:00:00,2.7784,6.3145,0.3204,2.458,0.061,0.0541,0.0758,9.924
2025-09-13 01:00:00,0.6042,1.6154,0.0307,0.5735,0.0446,0.0274,0.0613,4.544
2025-09-13 02:00:00,1.2195,0.9395,0.0419,1.1776,0.0408,0.072,0.0696,3.41
2025-09-13 03:00:00,1.0852,0.7322,0.0275,1.0577,0.0261,0.0292,0.05,2.579
2025-09-13 04:00:00,0.0756,0.0667,0.0107,0.0649,0.0212,0.0168,0.0451,1.129
2025-09-13 05:00:00,0.3919,0.2764,0.0246,0.3673,0.0194,0.0095,0.0427,1.47
2025-09-13 06:00:00,1.0799,0.5793,0.0574,1.0225,0.0366,0.0228,0.0669,4.562
2025-09-13 07:00:00,3.2257,1.3988,0.4616,2.7641,0.1644,0.0716,0.1357,10.675
2025-09-13 08:00:00,2.5886,1.0175,0.2969,2.2917,0.1202,0.0753,0.1483,16.636
2025-09-13 09:00:00,3.1899,1.136,0.2774,2.9125,0.1068,0.0985,0.1557,17.993
2025-09-13 10:00:00,4.2459,1.4722,0.2724,3.9735,0.1024,0.0863,0.1424,19.567
2025-09-13 11:00:00,3.9261,1.5396,0.2702,3.6558,0.0983,0.0865,0.1399,18.995
2025-09-13 12:00:00,4.8501,2.1537,0.2419,4.6082,0.0908,0.1064,0.1395,18.803
2025-09-13 13:00:00,5.944,2.6116,0.5018,5.4421,0.0971,0.1097,0.1368,17.199
2025-09-13 14:00:00,5.5147,2.3269,0.3583,5.1564,0.1047,0.1033,0.1449,20.309
2025-09-13 15:00:00,3.9323,1.3798,0.2904,3.6419,0.0996,0.0885,0.1376,16.469
2025-09-13 16:00:00,5.5191,1.9352,0.3672,5.1518,0.112,0.1106,0.1459,22.373
2025-09-13 17:00:00,3.914,1.5265,0.3728,3.5413,0.1104,0.1053,0.1447,19.558
2025-09-13 18:00:00,2.8474,1.4908,0.3996,2.4478,0.1183,0.1237,0.1515,16.686
2025-09-13 19:00:00,2.5023,1.0918,0.4415,2.0608,0.1014,0.082,0.1266,11.735
2025-09-13 20:00:00,2.9879,1.6256,0.3878,2.6001,0.0849,0.073,0.1138,14.536
2025-09-13 21:00:00,4.2981,2.1469,0.4166,3.8815,0.1012,0.0778,0.1146,14.725
2025-09-13 22:00:00,4.4626,2.123,0.1683,4.2943,0.0697,0.067,0.0968,12.042
2025-09-13 23:00:00,2.1563,1.0508,0.1181,2.0382,0.047,0.0347,0.0675,8.681
2025-09-14 00:00:00,1.6279,1.4746,0.2395,1.3885,0.0622,0.0355,0.0649,8.049
2025-09-14 01:00:00,0.6992,0.5141,0.109,0.5902,0.0416,0.0178,0.0531,5.924
2025-09-14 02:00:00,0.6236,0.4289,0.0984,0.5252,0.0347,0.0137,0.0491,3.55
2025-09-14 03:00:00,0.3075,0.3088,0.0125,0.2951,0.0196,0.0094,0.0395,2.58
2025-09-14 04:00:00,0.2105,0.1692,0.0148,0.1957,0.025,0.0095,0.0487,2.934
2025-09-14 05:00:00,0.4703,0.4207,0.0362,0.4342,0.0316,0.0126,0.0477,3.216
2025-09-14 06:00:00,0.684,0.4038,0.0449,0.6391,0.0353,0.0171,0.0601,3.533
2025-09-14 07:00:00,3.0273,1.4972,0.2845,2.7428,0.0765,0.0703,0.111,11.9
2025-09-14 08:00:00,2.791,1.222,0.1819,2.6091,0.0909,0.0695,0.1214,14.19
2025-09-14 09:00:00,4.475,1.3958,0.3427,4.1322,0.1202,0.0848,0.1503,18.537
2025-09-14 10:00:00,4.5457,1.6949,0.2959,4.2498,0.1132,0.1096,0.1573,20.5
2025-09-14 11:00:00,4.11,1.3573,0.3215,3.7884,0.1079,0.086,0.14,18.808
2025-09-14 12:00:00,4.4265,1.9656,0.2959,4.1306,0.0984,0.0844,0.1328,19.504
2025-09-14 13:00:00,3.084,1.0783,0.2539,2.8301,0.0933,0.0808,0.1325,17.014
2025-09-14 14:00:00,3.6621,1.3903,0.2971,3.365,0.0983,0.0865,0.1353,18.227
2025-09-14 15:00:00,2.9337,0.9958,0.3308,2.6029,0.1043,0.0775,0.1367,12.802
2025-09-14 16:00:00,6.1919,2.0039,0.3807,5.8112,0.1136,0.0968,0.1471,18.728
2025-09-14 17:00:00,4.7428,1.7147,0.582,4.1608,0.1263,0.1167,0.1538,15.871
2025-09-14 18:00:00,3.0772,1.5994,0.4583,2.6189,0.1262,0.1019,0.1462,21.362
2025-09-14 19:00:00,2.0733,1.0878,0.4136,1.6597,0.105,0.0733,0.1284,16.569
2025-09-14 20:00:00,2.5288,1.2682,0.4658,2.063,0.101,0.0658,0.1173,14.339
2025-09-14 21:00:00,1.4659,0.9071,0.279,1.1868,0.0896,0.0496,0.1007,9.412
2025-09-14 22:00:00,2.5616,1.3232,0.2553,2.3063,0.0763,0.06,0.095,14.471
2025-09-14 23:00:00,4.0693,2.0552,0.2932,3.7761,0.0745,0.0717,0.092,14.112
2025-09-15 00:00:00,2.8517,4.4697,0.2869,2.5648,0.0652,0.055,0.0765,9.294
2025-09-15 01:00:00,1.9321,5.6164,0.0639,1.8682,0.0347,0.0464,0.0546,3.745
2025-09-15 02:00:00,0.6302,0.3463,0.0589,0.5714,0.0272,0.0162,0.0468,3.734
2025-09-15 03:00:00,1.4064,0.8064,0.0528,1.3536,0.0322,0.0266,0.0513,3.632
2025-09-15 04:00:00,4.8544,3.0152,0.0301,4.8243,0.031,0.2435,0.072,3.905
2025-09-15 05:00:00,3.0542,2.541,0.0196,3.0346,0.0336,0.2052,0.0756,4.446
2025-09-15 06:00:00,1.4924,0.5573,0.1204,1.372,0.0585,0.0384,0.0883,7.745
2025-09-15 07:00:00,4.3644,1.5621,0.2223,4.1421,0.099,0.0944,0.1386,15.138
2025-09-15 08:00:00,2.9907,1.0428,0.2474,2.7433,0.1102,0.0791,0.1466,16.42
2025-09-15 09:00:00,4.3134,1.5113,0.2858,4.0275,0.1149,0.0894,0.1506,19.471
2025-09-15 10:00:00,3.3859,1.3468,0.3098,3.0761,0.0993,0.0895,0.1405,18.589
2025-09-15 11:00:00,5.3333,2.2222,0.2516,5.0816,0.0943,0.104,0.141,15.916
2025-09-15 12:00:00,5.0493,2.0643,0.3874,4.6619,0.1003,0.0923,0.1333,17.574
2025-09-15 13:00:00,3.1722,1.3626,0.2156,2.9565,0.0879,0.0698,0.1247,13.451
2025-09-15 14:00:00,3.859,1.4064,0.2711,3.5879,0.1054,0.0963,0.1513,18.018
2025-09-15 15:00:00,2.2364,0.9143,0.2003,2.0361,0.0942,0.0579,0.1278,10.045
2025-09-15 16:00:00,3.2929,1.3203,0.2089,3.084,0.095,0.0754,0.1346,16.91
2025-09-15 17:00:00,5.1482,1.689,0.394,4.7542,0.1343,0.1282,0.1669,23.474
2025-09-15 18:00:00,4.3694,1.4104,0.4764,3.893,0.127,0.1164,0.1629,22.834
2025-09-15 19:00:00,3.1557,1.3532,0.3228,2.8329,0.1284,0.0964,0.1492,24.618
2025-09-15 20:00:00,3.3204,2.0002,0.3767,2.9437,0.139,0.1005,0.1506,26.338
2025-09-15 21:00:00,3.4403,1.5972,0.3339,3.1064,0.0974,0.0715,0.1214,22.75
2025-09-15 22:00:00,1.8442,0.9333,0.1654,1.6788,0.0737,0.0537,0.0913,13.196
2025-09-15 23:00:00,1.6804,1.495,0.126,1.5544,0.0557,0.0409,0.0737,6.947
2025-09-16 00:00:00,2.0218,1.3982,0.1078,1.914,0.0455,0.0393,0.0677,7.054
2025-09-16 01:00:00,1.2171,0.9895,0.0706,1.1465,0.0443,0.0365,0.0645,4.207
2025-09-16 02:00:00,0.1588,0.2282,0.014,0.1449,0.0222,0.0121,0.0435,1.483
2025-09-16 03:00:00,1.0708,1.1639,0.0174,1.0534,0.0201,0.0145,0.0445,1.809
2025-09-16 04:00:00,0.1386,0.1167,0.0147,0.1239,0.036,0.016,0.058,1.784
2025-09-16 05:00:00,0.9308,0.8165,0.0514,0.8794,0.03,0.0156,0.0524,3.822
2025-09-16 06:00:00,1.652,0.7627,0.1149,1.5371,0.057,0.0359,0.083,8.326
2025-09-16 07:00:00,2.6934,0.951,0.2384,2.455,0.0956,0.0703,0.1261,13.125
2025-09-16 08:00:00,2.8513,0.9907,0.352,2.4993,0.1155,0.0787,0.1461,17.843
2025-09-16 09:00:00,3.0338,0.8824,0.2856,2.7482,0.1157,0.0801,0.1443,16.785
2025-09-16 10:00:00,2.9595,0.9691,0.2858,2.6737,0.1067,0.0795,0.1404,16.463
2025-09-16 11:00:00,3.3527,1.1756,0.2118,3.1409,0.107,0.0828,0.147,15.241
2025-09-16 12:00:00,5.1416,2.0901,0.3019,4.8398,0.1098,0.109,0.1421,20.058
2025-09-16 13:00:00,4.7106,2.05362,0.286831,4.42386,0.1101,0.109489,0.142449,20.2281
2025-09-16 14:00:00,4.27961,2.01714,0.271762,4.00791,0.1104,0.109978,0.142799,20.3983
2025-09-16 15:00:00,3.84861,1.98066,0.256693,3.59197,0.1107,0.110466,0.143148,20.5684
2025-09-16 16:00:00,,,,,,,,
2025-09-16 17:00:00,,,,,,,,
2025-09-16 18:00:00,,,,,,,,
2025-09-16 19:00:00,2.12462,1.83473,0.196416,1.9282,0.111899,0.112422,0.144546,21.249
2025-09-16 20:00:00,3.44277,2.28545,0.236977,3.2058,0.100296,0.114222,0.132411,19.8145
2025-09-16 21:00:00,4.76093,2.73617,0.277538,4.48339,0.088693,0.116022,0.120276,18.38
2025-09-16 22:00:00,3.05432,2.04166,0.278623,2.77569,0.079696,0.07834,0.100031,15.469
2025-09-16 23:00:00,1.80248,1.18897,0.163364,1.63911,0.05403,0.042149,0.071497,8.449
2025-09-17 00:00:00,2.75164,1.49872,0.116515,2.63513,0.05369,0.051814,0.072692,9.382
2025-09-17 01:00:00,2.10657,0.865477,0.097168,2.0094,0.06618,0.055501,0.084815,11.7
2025-09-17 02:00:00,0.759955,0.284627,0.047149,0.712806,0.057143,0.034862,0.075416,6.323
2025-09-17 03:00:00,0.487098,0.184089,0.03538,0.451718,0.044411,0.036291,0.071401,3.748
2025-09-17 04:00:00,0.070903,0.045335,0.015776,0.055127,0.036468,0.020775,0.059039,1.951
2025-09-17 05:00:00,2.55455,2.18711,0.025446,2.5291,0.031318,0.034535,0.069256,2.948
2025-09-17 06:00:00,1.72076,1.13807,0.089977,1.63078,0.056248,0.034176,0.084052,7.755
2025-09-17 07:00:00,3.24586,1.17774,0.258939,2.98692,0.097291,0.090915,0.139919,16.07
2025-09-17 08:00:00,3.71582,1.12669,0.281942,3.43388,0.12221,0.107819,0.169868,18.352
2025-09-17 09:00:00,3.40899,1.11478,0.294916,3.11408,0.103744,0.081814,0.142513,12.795
2025-09-17 10:00:00,4.40119,1.50417,0.23503,4.16616,0.097216,0.080977,0.146547,17.646
2025-09-17 11:00:00,3.13012,1.04897,0.328703,2.80141,0.102675,0.075386,0.141229,16.068
2025-09-17 12:00:00,3.85599,1.33981,0.269442,3.58654,0.098544,0.079114,0.135036,16.319
2025-09-17 13:00:00,5.21589,1.89118,0.316694,4.89919,0.099428,0.097932,0.138591,19.353
2025-09-17 14:00:00,4.60702,1.77877,0.305424,4.3016,0.100615,0.115262,0.160893,19.524
2025-09-17 15:00:00,3.63758,1.32952,0.232209,3.40537,0.102861,0.083325,0.136323,16.527
2025-09-17 16:00:00,4.05705,1.2742,0.277786,3.77927,0.115584,0.110458,0.16804,21.644
2025-09-17 17:00:00,9.08893,3.79655,0.675298,8.41363,0.156867,0.163089,0.170838,20.729
2025-09-17 18:00:00,6.87042,2.30551,0.767657,6.10277,0.161951,0.123277,0.162252,17.932
2025-09-17 19:00:00,3.99027,1.76249,0.347568,3.6427,0.104684,0.097426,0.141497,20.261
2025-09-17 20:00:00,3.30011,1.58203,0.368707,2.93141,0.099136,0.073742,0.128791,19.467
2025-09-17 21:00:00,5.40883,2.93958,0.30411,5.10472,0.089828,0.108182,0.125074,20.471
2025-09-17 22:00:00,5.45426,3.45644,0.31172,5.14254,0.084279,0.091564,0.107849,15.72
2025-09-17 23:00:00,3.47935,2.42632,0.284951,3.1944,0.061877,0.051205,0.079871,12.637
2025-09-18 00:00:00,2.38611,1.97199,0.150971,2.23514,0.035425,0.034418,0.056008,6.704
2025-09-18 01:00:00,0.427674,0.236545,0.020532,0.407142,0.038978,0.031206,0.067592,3.56
2025-09-18 02:00:00,1.00115,0.352268,0.041098,0.960048,0.042112,0.031449,0.075698,4.562
2025-09-18 03:00:00,1.66128,0.590361,0.076738,1.58454,0.049022,0.058629,0.093,6.674
2025-09-18 04:00:00,0.110915,0.306394,0.003416,0.107499,0.04268,0.049927,0.087064,1.052
2025-09-18 05:00:00,0.129114,0.129113,0.011916,0.117198,0.015375,0.008782,0.040543,1.227
2025-09-18 06:00:00,1.34501,0.764212,0.096349,1.24866,0.047765,0.029267,0.074284,6.582
2025-09-18 07:00:00,3.3395,1.44442,0.351505,2.98799,0.095805,0.083067,0.134476,14.821
2025-09-18 08:00:00,3.61392,1.47748,0.307944,3.30598,0.114141,0.099131,0.144278,17.415
2025-09-18 09:00:00,4.40003,2.06574,0.311139,4.08889,0.102475,0.093896,0.146659,20.788
2025-09-18 10:00:00,4.08116,1.68504,0.276561,3.80459,0.107775,0.088702,0.147918,21.446
2025-09-18 11:00:00,2.01782,0.807128,0.283499,1.73432,0.103545,0.070533,0.141963,15.242
2025-09-18 12:00:00,2.88847,1.0698,0.288683,2.59979,0.098089,0.071363,0.128589,16.088
2025-09-18 13:00:00,2.19612,0.898577,0.29657,1.89955,0.084955,0.061402,0.12331,13.314
2025-09-18 14:00:00,3.49621,1.21228,0.320514,3.17569,0.111649,0.083749,0.14429,19.225
2025-09-18 15:00:00,4.61483,1.61245,0.377995,4.23684,0.108443,0.093454,0.140858,20.359
2025-09-18 16:00:00,2.53875,1.08032,0.242863,2.29589,0.107703,0.090158,0.142986,13.945
2025-09-18 17:00:00,4.77026,1.5671,0.443415,4.32684,0.137906,0.121962,0.165661,24.118
2025-09-18 18:00:00,5.13462,1.53731,0.457725,4.6769,0.13711,0.125072,0.169937,19.418
2025-09-18 19:00:00,3.3573,1.27751,0.305073,3.05223,0.104839,0.084902,0.136224,18.028
2025-09-18 20:00:00,3.24745,1.52034,0.476946,2.7705,0.1013,0.07646,0.123026,16.376
2025-09-18 21:00:00,5.05089,3.2336,0.369367,4.68152,0.098934,0.095512,0.118033,20.082
2025-09-18 22:00:00,2.80246,1.92477,0.155763,2.6467,0.07439,0.079397,0.10366,9.276
2025-09-18 23:00:00,2.09334,1.58346,0.116054,1.97729,0.04875,0.041122,0.074513,7.922
2025-09-19 00:00:00,2.08699,1.31423,0.098378,1.98861,0.050309,0.040961,0.071206,9.639
2025-09-19 01:00:00,0.431724,0.216947,0.032195,0.399529,0.037084,0.019657,0.053712,4.296
2025-09-19 02:00:00,1.49936,0.711271,0.061871,1.43749,0.051502,0.032613,0.067828,7.665
2025-09-19 03:00:00,0.205963,0.094392,0.025872,0.180091,0.032074,0.008409,0.05087,4.855
2025-09-19 04:00:00,0.146542,0.684772,0.007146,0.139396,0.027789,0.010699,0.046308,1.143
2025-09-19 05:00:00,1.06551,1.07628,0.031436,1.03408,0.023575,0.017255,0.047675,3.053
2025-09-19 06:00:00,1.65404,0.994011,0.096402,1.55763,0.042133,0.027844,0.067843,5.713
2025-09-19 07:00:00,2.39269,0.983835,0.280846,2.11184,0.094986,0.057758,0.121412,13.826
2025-09-19 08:00:00,4.3989,1.73322,0.292334,4.10657,0.105794,0.104895,0.141358,17.799
2025-09-19 09:00:00,3.36805,1.26523,0.362515,3.00554,0.110076,0.084935,0.134538,17.35
2025-09-19 10:00:00,2.89128,1.19081,0.243047,2.64824,0.09449,0.072526,0.12721,14.353
2025-09-19 11:00:00,4.42019,1.58203,0.355284,4.06491,0.116703,0.125073,0.156994,20.334
2025-09-19 12:00:00,3.71883,1.63537,0.327021,3.39181,0.113882,0.095907,0.148204,20.558
2025-09-19 13:00:00,2.70186,1.06456,0.305931,2.39593,0.099456,0.085424,0.132478,18.289
2025-09-19 14:00:00,8.76796,2.91876,0.34935,8.41861,0.115315,0.110607,0.149652,20.279
2025-09-19 15:00:00,4.12098,1.46238,0.400035,3.72094,0.118597,0.093317,0.154222,22.957
2025-09-19 16:00:00,6.869,2.6098,0.283987,6.58502,0.138962,0.117001,0.173112,25.853
2025-09-19 17:00:00,5.02562,1.59442,0.48511,4.54051,0.144869,0.134461,0.178955,28.458
2025-09-19 18:00:00,4.37303,1.94357,0.382484,3.99055,0.153495,0.159169,0.187048,25.157
2025-09-19 19:00:00,4.32803,1.85434,0.534355,3.79367,0.133157,0.111384,0.157552,25.197
2025-09-19 20:00:00,5.51568,4.49893,0.325436,5.19025,0.108779,0.109906,0.143551,24.342
2025-09-19 21:00:00,3.08993,1.33301,0.332361,2.75757,0.097639,0.076813,0.12251,19.381
2025-09-19 22:00:00,6.17421,2.27999,1.47219,4.70201,0.153799,0.124566,0.143913,27.709
2025-09-19 23:00:00,5.31359,2.7675,0.915243,4.39835,0.112626,0.095991,0.113003,17.701
2025-09-20 00:00:00,1.87028,1.07735,0.10498,1.7653,0.04893,0.036628,0.072974,5.978
2025-09-20 01:00:00,0.966106,0.351568,0.106477,0.859629,0.067068,0.041357,0.094218,8.122
2025-09-20 02:00:00,0.537052,0.174029,0.066923,0.470129,0.059451,0.031066,0.091369,8.406
2025-09-20 03:00:00,0.552093,0.163052,0.038511,0.513582,0.041677,0.014769,0.062037,5.188
2025-09-20 04:00:00,0.062946,0.160576,0.009918,0.053028,0.0371,0.00942,0.054103,1.1
2025-09-20 05:00:00,1.17435,1.33449,0.033746,1.14061,0.018313,0.018853,0.046242,2.507
2025-09-20 06:00:00,0.770252,0.541669,0.072429,0.697823,0.036642,0.022078,0.062501,3.434
2025-09-20 07:00:00,2.42239,1.00016,0.140433,2.28196,0.062612,0.053967,0.097816,9.936
2025-09-20 08:00:00,4.68493,1.61105,0.314306,4.37062,0.094804,0.082064,0.123639,16.092
2025-09-20 09:00:00,2.3966,0.867706,0.253539,2.14306,0.099396,0.06995,0.135443,16.154
2025-09-20 10:00:00,6.02211,2.1145,0.278786,5.74332,0.10671,0.119804,0.151546,19.741
2025-09-20 11:00:00,4.87386,1.72221,0.287246,4.58661,0.107793,0.087952,0.140811,15.962
2025-09-20 12:00:00,2.28271,0.860103,0.250897,2.03181,0.105328,0.070495,0.131856,15.664
2025-09-20 13:00:00,5.54617,2.13643,0.292082,5.25409,0.095608,0.083795,0.135389,15.921
2025-09-20 14:00:00,4.18382,1.55186,0.434961,3.74886,0.115056,0.101167,0.148462,19.019
2025-09-20 15:00:00,5.52049,1.76261,0.356003,5.16449,0.120196,0.121367,0.162746,23.479
2025-09-20 16:00:00,8.64133,2.84254,0.521489,8.11984,0.136514,0.17845,0.18578,31.487
2025-09-20 17:00:00,5.57251,1.77356,0.523251,5.04926,0.142845,0.134863,0.17896,25.525
2025-09-20 18:00:00,6.09133,1.98933,0.818975,5.27235,0.145291,0.140776,0.170978,27.843
2025-09-20 19:00:00,4.04509,1.74961,0.692755,3.35234,0.125937,0.09368,0.144306,23.85
2025-09-20 20:00:00,4.5193,2.13982,0.547334,3.97197,0.118382,0.096307,0.137558,21.573
2025-09-20 21:00:00,5.36378,2.36498,0.70567,4.65811,0.127028,0.1236,0.145058,25.939
2025-09-20 22:00:00,6.25085,3.11297,1.57437,4.67648,0.185451,0.132038,0.143409,22.496
2025-09-20 23:00:00,3.76029,2.43858,0.436265,3.32402,0.102276,0.114174,0.115831,17.093
2025-09-21 00:00:00,3.38743,2.24631,0.289551,3.09788,0.076467,0.068457,0.078824,8.979
2025-09-21 01:00:00,1.5776,0.774093,0.090664,1.48694,0.054564,0.035755,0.071433,5.644
2025-09-21 02:00:00,1.25506,0.66195,0.061374,1.19368,0.048974,0.048628,0.077327,5.763
2025-09-21 03:00:00,0.677726,0.462928,0.047876,0.62985,0.049077,0.057708,0.068382,4.277
2025-09-21 04:00:00,0.216831,0.951013,0.011983,0.204848,0.049967,0.081654,0.071296,1.889
2025-09-21 05:00:00,0.384051,0.308228,0.015078,0.368973,0.021906,0.015249,0.049715,2.807
2025-09-21 06:00:00,0.56442,0.452985,0.048663,0.515757,0.02826,0.020082,0.061634,3.79
2025-09-21 07:00:00,2.52637,1.55565,0.151153,2.37522,0.062459,0.056761,0.095168,9.002
2025-09-21 08:00:00,3.20978,1.37523,0.226989,2.98279,0.089925,0.069816,0.119581,14.162
2025-09-21 09:00:00,4.57841,1.49037,0.341982,4.23643,0.119275,0.100117,0.149101,20.844
2025-09-21 10:00:00,3.47166,1.23021,0.360815,3.11084,0.116226,0.093707,0.146903,18.252
2025-09-21 11:00:00,3.28669,1.23097,0.330749,2.95594,0.114772,0.084091,0.14197,17.623
2025-09-21 12:00:00,4.2461,1.76626,0.985333,3.26077,0.179626,0.094158,0.149482,21.416
2025-09-21 13:00:00,4.60353,1.73718,0.699387,3.90415,0.134638,0.104505,0.149818,17.755
2025-09-21 14:00:00,6.02352,2.14055,1.59689,4.42663,0.183579,0.11764,0.167897,22.217
2025-09-21 15:00:00,5.3738,1.87502,0.671993,4.70181,0.143327,0.134213,0.170856,23.883
2025-09-21 16:00:00,2.8073,1.23235,0.32164,2.48566,0.131215,0.109987,0.162933,20.544
2025-09-21 17:00:00,5.44133,1.67117,0.5015,4.93983,0.134067,0.135932,0.173791,20.717
2025-09-21 18:00:00,4.31299,1.62143,0.375023,3.93797,0.121327,0.097832,0.148637,22.44
2025-09-21 19:00:00,3.59177,1.22503,0.289657,3.30212,0.109784,0.094372,0.143425,17.153
2025-09-21 20:00:00,4.65124,1.85014,0.438657,4.21259,0.113862,0.107097,0.136472,16.944
2025-09-21 21:00:00,2.50311,1.71212,0.347124,2.15599,0.099982,0.069681,0.115793,17.611
2025-09-21 22:00:00,5.8122,2.54252,1.62393,4.18827,0.162949,0.111931,0.135137,22.46
2025-09-21 23:00:00,4.49458,2.6946,0.755997,3.73859,0.106502,0.081407,0.105365,17.055
2025-09-22 00:00:00,2.93619,1.82372,0.455138,2.48105,0.083184,0.052241,0.093029,12.88
2025-09-22 01:00:00,1.40917,0.644046,0.070284,1.33889,0.05157,0.028166,0.07219,5.295
2025-09-22 02:00:00,0.575089,0.249388,0.073345,0.501744,0.047703,0.015265,0.063175,7.728
2025-09-22 03:00:00,1.73219,0.810194,0.086814,1.64538,0.04268,0.025763,0.05867,5.573
2025-09-22 04:00:00,0,0,0,0,0.040451,0.020055,0.056017,1.593
2025-09-22 05:00:00,1.6362,1.56724,0.037395,1.5988,0.02367,0.020017,0.048576,2.951
2025-09-22 06:00:00,2.08203,0.906018,0.139581,1.94245,0.060826,0.038121,0.086959,7.165
2025-09-22 07:00:00,3.93393,1.38421,0.27072,3.66321,0.098289,0.094079,0.139569,15.906
2025-09-22 08:00:00,3.71482,1.45451,0.422701,3.29212,0.118876,0.094151,0.151794,21.312
2025-09-22 09:00:00,3.23816,1.32929,0.215392,3.02276,0.099639,0.077781,0.147443,16.391
2025-09-22 10:00:00,3.08298,1.42204,0.219919,2.86307,0.095758,0.073632,0.134372,15.612
2025-09-22 11:00:00,3.3717,1.67579,0.250858,3.12084,0.0965,0.069638,0.132842,14.509
2025-09-22 12:00:00,3.82563,1.76949,0.299023,3.5266,0.113113,0.089836,0.143902,17.798
2025-09-22 13:00:00,3.23747,1.31712,0.343356,2.89412,0.101604,0.075321,0.137925,17.341
2025-09-22 14:00:00,3.22127,1.25929,0.226977,2.9943,0.102208,0.075993,0.137129,18.392
2025-09-22 15:00:00,2.34802,0.880728,0.249921,2.0981,0.103349,0.065041,0.136272,15.972
2025-09-22 16:00:00,4.34246,1.52796,0.303303,4.03916,0.106223,0.112276,0.150338,17.918
2025-09-22 17:00:00,3.94218,1.72148,0.390109,3.55207,0.1521,0.133436,0.169335,27.565
2025-09-22 18:00:00,4.74981,1.59819,0.471676,4.27814,0.149763,0.132586,0.177533,29.018
2025-09-22 19:00:00,3.3778,1.35982,0.401309,2.97649,0.123383,0.098379,0.154283,19.816
2025-09-22 20:00:00,3.80174,1.74552,0.304724,3.49701,0.088979,0.084755,0.130134,17.395
2025-09-22 21:00:00,4.11937,2.14775,0.330232,3.78914,0.085257,0.076619,0.110471,15.749
2025-09-22 22:00:00,3.00803,1.61202,0.234947,2.77308,0.072289,0.062001,0.098605,14.091
2025-09-22 23:00:00,0.522102,0.389047,0.087635,0.434467,0.032267,0.017196,0.058483,4.574
2025-09-23 00:00:00,1.78524,1.12847,0.075512,1.70972,0.047378,0.031795,0.074011,6.345
2025-09-23 01:00:00,1.23076,0.575657,0.077107,1.15365,0.04779,0.025457,0.067966,8.219
2025-09-23 02:00:00,0.371408,0.160228,0.068081,0.303327,0.054435,0.015956,0.06619,8.984
2025-09-23 03:00:00,1.26791,0.448023,0.087587,1.18032,0.050222,0.023469,0.064141,7.466
2025-09-23 04:00:00,0.159935,0.509348,0.024363,0.135572,0.057744,0.020864,0.067135,2.44
2025-09-23 05:00:00,0.071184,0.083157,0.009987,0.061197,0.014841,0.00434,0.040484,1.143
2025-09-23 06:00:00,1.19165,0.96412,0.086795,1.10486,0.03932,0.02579,0.067016,5.211
2025-09-23 07:00:00,3.13881,1.35762,0.216684,2.92212,0.090564,0.07754,0.127052,14.097
2025-09-23 08:00:00,2.38519,1.3207,0.178782,2.20641,0.105343,0.086652,0.137665,13.575
2025-09-23 09:00:00,2.92487,1.09957,0.229316,2.69555,0.098636,0.071635,0.136889,12.688
2025-09-23 10:00:00,1.72731,0.682193,0.253919,1.47339,0.090093,0.05919,0.127734,14.663
2025-09-23 11:00:00,3.03399,1.05567,0.334672,2.69931,0.107514,0.076846,0.136971,18.013
2025-09-23 12:00:00,4.61038,1.62109,1.32481,3.28557,0.176749,0.086534,0.138732,20.847
2025-09-23 13:00:00,4.34106,1.67221,0.728629,3.61243,0.123914,0.088554,0.146177,20.414
2025-09-23 14:00:00,3.06317,1.0688,0.393509,2.66966,0.114965,0.080248,0.144079,16.985
2025-09-23 15:00:00,3.40953,0.99869,0.309381,3.10015,0.111894,0.090417,0.144419,18.99
2025-09-23 16:00:00,4.68997,1.53167,0.326186,4.36379,0.125437,0.119476,0.161535,24.35
2025-09-23 17:00:00,5.76556,1.80061,0.477385,5.28817,0.144121,0.136847,0.180561,32.599
2025-09-23 18:00:00,4.14406,1.41435,0.321012,3.82304,0.116227,0.110371,0.157194,25.594
2025-09-23 19:00:00,3.70077,1.61888,0.371384,3.32938,0.111435,0.095284,0.14276,19.928
2025-09-23 20:00:00,3.99323,2.468,0.289656,3.70357,0.094807,0.093498,0.124587,17.083
2025-09-23 21:00:00,3.40978,2.16357,0.316836,3.09295,0.089709,0.071343,0.110245,16.468
2025-09-23 22:00:00,2.93579,2.43029,0.209618,2.72617,0.052274,0.049786,0.078663,8.972
2025-09-23 23:00:00,1.97797,1.73506,0.111453,1.86652,0.049413,0.040345,0.068792,4.527
2025-09-24 00:00:00,1.36965,1.33494,0.039131,1.33052,0.028583,0.025113,0.050528,3.051
2025-09-24 01:00:00,0.968781,0.472577,0.050758,0.918023,0.042109,0.034557,0.062144,5.579
2025-09-24 02:00:00,0.339593,0.183167,0.018201,0.321392,0.029889,0.021922,0.050261,2.227
2025-09-24 03:00:00,0.809147,0.424082,0.024909,0.784238,0.034253,0.013055,0.055245,3.535
2025-09-24 04:00:00,0.126653,0.150777,0.00846,0.118193,0.043634,0.021626,0.060204,2.524
2025-09-24 05:00:00,0.259683,0.23186,0.022613,0.23707,0.022892,0.009192,0.049269,2.769
2025-09-24 06:00:00,1.40465,0.891276,0.089932,1.31472,0.049598,0.031528,0.079433,6.302
2025-09-24 07:00:00,3.44988,1.25816,0.316449,3.13343,0.112818,0.081168,0.139195,18.111
2025-09-24 08:00:00,3.60966,1.44156,0.296633,3.31303,0.116055,0.113292,0.155557,18.373
2025-09-24 09:00:00,3.34106,1.45898,0.247772,3.09329,0.107732,0.093641,0.144929,17.187
2025-09-24 10:00:00,3.56019,1.2093,0.266495,3.2937,0.106677,0.087433,0.146063,19.729
2025-09-24 11:00:00,3.8814,1.2198,0.337975,3.54342,0.117731,0.102429,0.152714,18.303
2025-09-24 12:00:00,2.78193,1.11904,0.203396,2.57853,0.124883,0.079868,0.138525,16.584
2025-09-24 13:00:00,3.22797,1.15367,0.280288,2.94769,0.11546,0.080883,0.133126,18.576
2025-09-24 14:00:00,5.36226,1.91646,0.375286,4.98697,0.134627,0.098775,0.149774,21.713
2025-09-24 15:00:00,4.51566,1.51634,0.396452,4.11921,0.117973,0.104311,0.154981,16.54
2025-09-24 16:00:00,4.0571,1.2742,0.2778,3.7793,0.1156,0.1105,0.168,21.644
2025-09-24 17:00:00,5.19811,1.78875,0.476891,4.72122,0.138351,0.129038,0.174139,24.89
2025-09-24 18:00:00,5.29699,1.70541,0.656772,4.64022,0.158066,0.142434,0.181316,27.653
2025-09-24 19:00:00,3.56092,1.3297,0.402493,3.15843,0.127662,0.102586,0.158617,23.898
2025-09-24 20:00:00,4.52031,2.52814,0.35569,4.16462,0.113161,0.08563,0.138679,17.931
2025-09-24 21:00:00,3.61161,1.4042,0.442054,3.16956,0.132784,0.089841,0.142541,22.051
2025-09-24 22:00:00,2.86499,1.85316,0.221478,2.64351,0.082579,0.068938,0.106173,15.366
2025-09-24 23:00:00,1.7173,1.55271,0.246564,1.47073,0.068064,0.051544,0.07598,9.562
2025-09-25 00:00:00,1.0274,0.641325,0.05482,0.972584,0.052479,0.043205,0.065688,3.887
2025-09-25 01:00:00,0.440684,0.183008,0.045263,0.395421,0.044485,0.017611,0.061523,4.706
2025-09-25 02:00:00,0.429923,0.196312,0.030475,0.399448,0.04922,0.018425,0.069066,5.602
2025-09-25 03:00:00,0.37318,0.130482,0.027934,0.345246,0.05735,0.015737,0.063797,7.042
2025-09-25 04:00:00,0.181469,0.487819,0.006591,0.174878,0.041425,0.020785,0.05728,1.041
2025-09-25 05:00:00,0.238519,0.227161,0.017446,0.221073,0.021984,0.009374,0.046159,2.189
2025-09-25 06:00:00,1.54348,0.757351,0.08166,1.46182,0.051482,0.032553,0.077178,6.164
2025-09-25 07:00:00,2.5847,0.937166,0.17747,2.40723,0.088735,0.068919,0.128434,13.296
2025-09-25 08:00:00,3.33765,1.30275,0.301128,3.03652,0.115269,0.093007,0.151921,17.638
2025-09-25 09:00:00,3.6698,1.32675,0.419291,3.25051,0.156467,0.10023,0.167462,19.54
2025-09-25 10:00:00,3.45925,1.08577,0.444438,3.01481,0.141581,0.09165,0.159218,24.005
2025-09-25 11:00:00,3.77677,1.27507,0.314904,3.46187,0.100621,0.093278,0.149878,17.549
2025-09-25 12:00:00,3.44078,1.2056,0.361962,3.07882,0.118622,0.096723,0.147968,15.081
2025-09-25 13:00:00,3.18409,1.10405,0.355798,2.82829,0.104291,0.078471,0.138368,15.719
2025-09-25 14:00:00,3.98159,1.47905,0.302211,3.67938,0.105885,0.077916,0.140614,19.775
2025-09-25 15:00:00,3.44777,1.57576,0.271526,3.17624,0.114717,0.094918,0.14954,21.034
2025-09-25 16:00:00,3.68161,1.18992,0.298841,3.38277,0.114683,0.097832,0.157603,20.818
2025-09-25 17:00:00,5.2119,1.68343,0.431236,4.78066,0.134583,0.137362,0.175615,27.063
2025-09-25 18:00:00,5.90676,1.74653,0.544333,5.36243,0.153244,0.161352,0.184019,32.407
2025-09-25 19:00:00,4.2352,1.29994,0.425703,3.8095,0.131668,0.122022,0.162466,24.438
2025-09-25 20:00:00,3.0441,0.975674,0.259982,2.78412,0.098619,0.082552,0.128892,17.655
2025-09-25 21:00:00,3.58934,1.80732,0.288026,3.30132,0.087211,0.088553,0.121015,16.82
2025-09-25 22:00:00,5.36005,2.76291,0.313852,5.0462,0.073713,0.08127,0.103579,15.116
2025-09-25 23:00:00,3.26724,1.54699,0.181747,3.0855,0.065362,0.058897,0.092915,16.273
2025-09-26 00:00:00,2.87004,2.01265,0.652683,2.21736,0.077299,0.058305,0.092941,14.425
2025-09-26 01:00:00,2.34226,1.12826,0.316929,2.02533,0.054232,0.046642,0.081447,7.463
2025-09-26 02:00:00,2.82043,1.20326,0.219048,2.60139,0.056402,0.065477,0.077521,7.227
2025-09-26 03:00:00,0.530528,0.183447,0.060045,0.470483,0.041394,0.037243,0.065884,4.746
2025-09-26 04:00:00,0.011966,0.03716,0.003387,0.008579,0.031187,0.022725,0.054218,0.822
2025-09-26 05:00:00,0.490498,0.477138,0.027979,0.462519,0.029526,0.034083,0.057272,2.677
2025-09-26 06:00:00,1.19959,0.632697,0.124699,1.07489,0.052688,0.027636,0.078925,6.669
2025-09-26 07:00:00,3.04615,1.22434,0.22248,2.82367,0.096914,0.086307,0.135653,15.447
2025-09-26 08:00:00,3.78254,1.25084,0.325658,3.45688,0.113906,0.09858,0.149125,17.925
2025-09-26 09:00:00,5.43748,1.66284,0.27981,5.15767,0.115659,0.105162,0.153039,18.62
2025-09-26 10:00:00,4.54128,1.42538,0.349715,4.19156,0.112959,0.106534,0.155276,21.803
2025-09-26 11:00:00,7.28665,2.38438,0.383491,6.90316,0.117918,0.126264,0.162105,22.301
2025-09-26 12:00:00,3.84008,1.44908,0.386066,3.45401,0.118095,0.094115,0.154699,20.189
2025-09-26 13:00:00,3.21591,1.24551,0.33211,2.8838,0.102935,0.076661,0.136293,16.328
2025-09-26 14:00:00,3.99694,1.5492,0.284027,3.71291,0.113509,0.100372,0.147069,20.222
2025-09-26 15:00:00,4.57595,1.85863,0.346345,4.22961,0.113955,0.103856,0.148713,19.487
2025-09-26 16:00:00,4.8972,1.5171,1.04816,3.84904,0.150175,0.107986,0.161354,22.159
2025-09-26 17:00:00,5.1654,2.42963,0.484134,4.68126,0.136044,0.137823,0.173356,21.08
2025-09-26 18:00:00,5.32264,2.19762,0.450282,4.87235,0.128261,0.119128,0.163898,19.102
2025-09-26 19:00:00,3.35825,1.48071,0.463549,2.8947,0.120265,0.099134,0.150083,20.555
2025-09-26 20:00:00,2.84034,1.46561,0.430506,2.40984,0.102716,0.076959,0.131493,16.707
2025-09-26 21:00:00,3.40447,2.00499,0.281161,3.12331,0.093609,0.086317,0.125238,14.382
2025-09-26 22:00:00,4.06781,2.37884,0.278136,3.78967,0.088401,0.083602,0.109299,16.254
2025-09-26 23:00:00,2.0571,1.88725,0.110046,1.94705,0.0467,0.038243,0.070934,7.147
2025-09-27 00:00:00,1.82648,1.57727,0.111205,1.71527,0.054051,0.039365,0.070972,7.844
2025-09-27 01:00:00,1.49041,1.09108,0.066963,1.42345,0.050365,0.04487,0.072362,7.428
2025-09-27 02:00:00,0.797535,0.504132,0.041426,0.756109,0.032216,0.026876,0.051917,3.861
2025-09-27 03:00:00,0.562664,0.295828,0.041822,0.520842,0.034945,0.027533,0.06152,3.774
2025-09-27 04:00:00,0.121372,0.689609,0.005157,0.116215,0.027709,0.026687,0.048276,0.757
2025-09-27 05:00:00,0.341032,0.465891,0.011092,0.32994,0.013706,0.006692,0.04318,1.152
2025-09-27 06:00:00,0.725972,0.626918,0.038351,0.687621,0.026049,0.016961,0.053663,3.241
2025-09-27 07:00:00,4.6064,3.33314,0.192646,4.41375,0.056254,0.0721,0.089675,8.037
2025-09-27 08:00:00,3.2878,1.50955,0.205726,3.08208,0.077777,0.070797,0.112798,13.585
2025-09-27 09:00:00,2.79027,1.35978,0.279271,2.511,0.110735,0.084863,0.140841,18.073
2025-09-27 10:00:00,3.74978,1.85816,0.299941,3.44983,0.110807,0.093562,0.145457,19.366
2025-09-27 11:00:00,4.88954,2.35527,0.324952,4.56459,0.116788,0.113198,0.150222,20.7
2025-09-27 12:00:00,3.58582,2.2217,0.538143,3.04767,0.130114,0.084724,0.135083,16.728
2025-09-27 13:00:00,3.5705,1.95751,0.329763,3.24073,0.104111,0.095243,0.136068,16.349
2025-09-27 14:00:00,3.4826,1.68894,0.377831,3.10477,0.112171,0.088371,0.141056,17.357
2025-09-27 15:00:00,3.79099,1.6187,0.43714,3.35385,0.109066,0.102716,0.144904,18.395
2025-09-27 16:00:00,3.67602,1.69246,0.365826,3.31019,0.114615,0.091291,0.143924,21.22
2025-09-27 17:00:00,3.19918,1.3958,0.357697,2.84148,0.10461,0.085142,0.139914,18.699
2025-09-27 18:00:00,2.63241,1.28913,0.303063,2.32934,0.109584,0.086,0.14037,18.636
2025-09-27 19:00:00,2.84733,1.40401,0.234515,2.61281,0.08815,0.078099,0.127772,17.176
2025-09-27 20:00:00,2.42673,1.27858,0.237303,2.18943,0.092266,0.08035,0.129597,18.186
2025-09-27 21:00:00,2.82316,1.71725,0.435949,2.38721,0.1093,0.076902,0.121686,21.634
2025-09-27 22:00:00,3.08085,1.96734,0.35805,2.7228,0.08301,0.066129,0.096587,13.599
2025-09-27 23:00:00,4.49351,4.13767,0.319912,4.1736,0.074479,0.087834,0.0882,13.556
2025-09-28 00:00:00,2.14703,1.89667,0.090307,2.05673,0.047096,0.048011,0.069495,7.943
2025-09-28 01:00:00,3.32816,1.77408,0.159082,3.16908,0.056344,0.053469,0.073664,12.1
2025-09-28 02:00:00,1.66883,0.738419,0.092225,1.57661,0.055557,0.033039,0.070461,8.442
2025-09-28 03:00:00,0.539759,0.236529,0.063643,0.476116,0.057358,0.034718,0.070532,9.7
2025-09-28 04:00:00,0.049164,0.179432,0.00827,0.040894,0.056049,0.01335,0.065762,0
2025-09-28 05:00:00,0.188966,0.154636,0.010719,0.178247,0.015393,0.006496,0.041815,1.059
2025-09-28 06:00:00,1.19777,0.835267,0.077123,1.12065,0.042472,0.030513,0.069007,5.269
2025-09-28 07:00:00,3.53541,1.64132,0.237896,3.29752,0.086254,0.078545,0.130052,14.641
2025-09-28 08:00:00,3.40849,2.00736,0.298226,3.11026,0.103609,0.09428,0.142135,16.862
2025-09-28 09:00:00,2.55212,1.57733,0.251816,2.3003,0.092861,0.073027,0.135366,16.71
2025-09-28 10:00:00,2.88159,1.48842,0.387389,2.4942,0.113371,0.086209,0.141607,20.737
2025-09-28 11:00:00,3.42004,1.58335,0.510101,2.90994,0.113702,0.085757,0.14904,20.223
2025-09-28 12:00:00,2.9857,1.57142,0.270344,2.71536,0.101247,0.09608,0.15293,15.291
2025-09-28 13:00:00,3.60826,1.71008,0.258281,3.34998,0.1137,0.089711,0.133654,15.708
2025-09-28 14:00:00,2.10031,1.4366,0.389298,1.71102,0.112407,0.076615,0.130961,12.1
2025-09-28 15:00:00,3.47495,1.49782,0.421559,3.05339,0.12091,0.090871,0.145008,23.24
2025-09-28 16:00:00,2.80106,1.44534,0.308435,2.49263,0.119727,0.092309,0.149234,20.47
2025-09-28 17:00:00,3.46024,1.65879,0.35952,3.10072,0.118686,0.094478,0.152912,21.642
2025-09-28 18:00:00,4.41897,2.06687,0.403939,4.01503,0.126187,0.118948,0.163973,22.655
2025-09-28 19:00:00,3.94406,1.8799,0.346999,3.59706,0.112549,0.102493,0.146875,19.7484
2025-09-28 20:00:00,3.46915,1.69293,0.290059,3.17909,0.098911,0.086039,0.129777,16.8418
2025-09-28 21:00:00,2.99424,1.50595,0.23312,2.76112,0.085274,0.069584,0.112679,13.9352
2025-09-28 22:00:00,,,,,,,,
2025-09-28 23:00:00,2.04441,1.13201,0.11924,1.92517,0.057998,0.036676,0.078483,8.122
2025-09-29 00:00:00,0.924386,0.835792,0.057252,0.867134,0.035102,0.021409,0.05408,4.176
2025-09-29 01:00:00,1.57263,0.808968,0.092703,1.47993,0.041266,0.023776,0.057733,4.556
2025-09-29 02:00:00,0.409224,0.180434,0.037704,0.37152,0.044117,0.013754,0.058737,5.089
2025-09-29 03:00:00,0.830326,0.366751,0.042126,0.7882,0.047032,0.01922,0.068442,8.101
2025-09-29 04:00:00,0,0,0,0,0.043105,0.009064,0.05878,1.771
2025-09-29 05:00:00,0.258137,0.356544,0.052296,0.205841,0.020871,0.010904,0.044994,1.209
2025-09-29 06:00:00,0.928184,0.563903,0.084499,0.843685,0.053371,0.034377,0.077983,6.15
2025-09-29 07:00:00,2.53758,1.37912,0.184671,2.35291,0.092435,0.073035,0.126535,13.01
2025-09-29 08:00:00,3.6449,1.49996,0.343158,3.30174,0.111704,0.097707,0.147647,16.754
2025-09-29 09:00:00,2.7898,1.14149,0.262924,2.52688,0.106269,0.071864,0.1413,15.733
2025-09-29 10:00:00,3.20961,1.38704,0.235934,2.97367,0.113973,0.096337,0.179803,17.162
2025-09-29 11:00:00,2.67426,1.2358,0.206605,2.46766,0.098696,0.075186,0.159017,14.546
2025-09-29 12:00:00,2.52825,1.37107,0.275426,2.25283,0.090095,0.07296,0.128746,12.278
2025-09-29 13:00:00,1.57816,1.09442,0.155724,1.42243,0.079925,0.058388,0.116711,10.912
2025-09-29 14:00:00,2.89529,1.83015,0.281384,2.61391,0.096529,0.078066,0.137376,17.405
2025-09-29 15:00:00,2.33741,1.36372,0.340194,1.99721,0.091623,0.072979,0.13545,15.601
2025-09-29 16:00:00,2.56062,1.35626,0.267832,2.29279,0.09637,0.073822,0.135991,15.814
2025-09-29 17:00:00,4.03114,1.80769,0.406622,3.62452,0.115636,0.101015,0.151317,20.563
2025-09-29 18:00:00,4.34154,2.27068,0.550301,3.79124,0.125318,0.105774,0.151175,22.541
2025-09-29 19:00:00,4.55903,2.43278,0.487507,4.07152,0.116333,0.108073,0.154041,23.194
2025-09-29 20:00:00,4.08594,2.15049,0.449376,3.63656,0.116628,0.095108,0.13192,18.303
2025-09-29 21:00:00,3.23602,1.75109,0.289549,2.94647,0.10084,0.094924,0.124763,17.434
2025-09-29 22:00:00,4.23331,2.54406,0.301304,3.93201,0.109956,0.087784,0.112296,16.384
2025-09-29 23:00:00,2.58304,2.14895,0.138728,2.44431,0.069669,0.065352,0.092318,10.744
2025-09-30 00:00:00,2.15191,2.25567,0.118846,2.03306,0.046638,0.060735,0.071286,6.466
2025-09-30 01:00:00,1.73622,0.892202,0.076892,1.65933,0.039386,0.035101,0.071152,5.963
2025-09-30 02:00:00,0.314854,0.117395,0.030379,0.284475,0.042834,0.019689,0.063267,4.488
2025-09-30 03:00:00,1.77974,0.615402,0.097231,1.68251,0.048693,0.04087,0.075702,7.235
2025-09-30 04:00:00,0.386361,1.07322,0.024355,0.362006,0.061209,0.055361,0.082,0
2025-09-30 05:00:00,0.777917,1.05409,0.034487,0.74343,0.025113,0.015235,0.049958,2.878
2025-09-30 06:00:00,1.0592,0.655447,0.082036,0.977166,0.050347,0.031043,0.080535,7.552
2025-09-30 07:00:00,2.83015,1.76884,0.196262,2.63389,0.099168,0.094173,0.127567,11.061
2025-09-30 08:00:00,2.83612,1.20277,0.216372,2.61975,0.103248,0.085154,0.143735,15.634
2025-09-30 09:00:00,2.45573,1.01476,0.250808,2.20492,0.109444,0.071531,0.140264,16.428
2025-09-30 10:00:00,3.34829,1.27311,0.405477,2.94281,0.115393,0.093696,0.145075,18.093
2025-09-30 11:00:00,4.31367,1.85934,0.42098,3.89269,0.114824,0.100813,0.151746,17.538
2025-09-30 12:00:00,2.84688,1.25413,0.27612,2.57076,0.102553,0.08224,0.145485,15.653
2025-09-30 13:00:00,4.50272,2.26268,0.390974,4.11175,0.114017,0.107851,0.150674,18.195
2025-09-30 14:00:00,4.00694,1.96034,0.350453,3.65649,0.1138,0.096817,0.154229,23.653
2025-09-30 15:00:00,3.69978,1.83886,0.343907,3.35587,0.111873,0.094598,0.146858,23.691
2025-09-30 16:00:00,3.99009,1.52877,0.402681,3.58741,0.134572,0.109731,0.165763,25.323
2025-09-30 17:00:00,4.40521,1.68782,0.616544,3.78867,0.152087,0.123816,0.170889,23.093
2025-09-30 18:00:00,3.85016,1.77754,0.375717,3.47444,0.118522,0.104899,0.162461,20.415
2025-09-30 19:00:00,3.20124,1.7884,0.453378,2.74786,0.124521,0.09474,0.153052,19.458
2025-09-30 20:00:00,4.04138,2.26535,0.460094,3.58129,0.125882,0.111999,0.159511,28.619
2025-09-30 21:00:00,4.18178,2.07019,0.350975,3.8308,0.096994,0.09672,0.125033,19.279
2025-09-30 22:00:00,3.97465,2.06368,0.289374,3.68528,0.07636,0.079415,0.113776,21.408
2025-09-30 23:00:00,2.72124,1.56034,0.188781,2.53246,0.062987,0.05116,0.094021,14.686
2025-10-01 00:00:00,1.55478,0.795693,0.130371,1.42441,0.05077,0.031357,0.067899,8.392
2025-10-01 01:00:00,1.34743,0.535546,0.094635,1.2528,0.046255,0.02636,0.064707,6.127
2025-10-01 02:00:00,1.19216,0.36795,0.077469,1.11469,0.060577,0.049907,0.073474,6.558
2025-10-01 03:00:00,0.34711,0.107001,0.046636,0.300474,0.041489,0.014035,0.057368,3.999
2025-10-01 04:00:00,0.067861,0.172235,0.005123,0.062738,0.036939,0.013424,0.053529,0.95
2025-10-01 05:00:00,1.17834,1.25089,0.026528,1.15181,0.016215,0.016609,0.044001,1.762
2025-10-01 06:00:00,1.1098,0.92023,0.079282,1.03052,0.039983,0.026783,0.062985,5.917
2025-10-01 07:00:00,2.23766,1.30857,0.173997,2.06366,0.076844,0.055653,0.101847,10.096
2025-10-01 08:00:00,2.93722,2.07431,0.167437,2.76979,0.093366,0.089008,0.127235,17.161
2025-10-01 09:00:00,3.94955,1.7445,0.243052,3.7065,0.100871,0.081548,0.137182,12.003
2025-10-01 10:00:00,3.26219,1.53154,0.374412,2.88777,0.116337,0.081846,0.140043,19.423
2025-10-01 11:00:00,1.77245,1.26966,0.14171,1.63074,0.100172,0.072409,0.137604,14.813
2025-10-01 12:00:00,1.72354,1.12797,0.207692,1.51585,0.078519,0.07586,0.127954,9.957
2025-10-01 13:00:00,2.35045,1.621,0.197762,2.15269,0.086453,0.062867,0.118383,12.608
2025-10-01 14:00:00,3.18448,2.10058,0.400456,2.78403,0.088711,0.076275,0.122651,13.836
2025-10-01 15:00:00,2.73157,1.5753,0.223906,2.50766,0.101738,0.089042,0.128045,14.224
2025-10-01 16:00:00,3.10429,2.01577,0.378816,2.72548,0.107054,0.085136,0.135709,15.184
2025-10-01 17:00:00,4.74632,3.09812,0.368281,4.37804,0.102909,0.093652,0.138656,18.304
2025-10-01 18:00:00,2.03687,1.36703,0.231382,1.80549,0.081528,0.086074,0.118383,13.03
2025-10-01 19:00:00,2.32088,1.70905,0.225575,2.09531,0.079423,0.057242,0.100644,10.282
2025-10-01 20:00:00,1.71299,1.26888,0.275918,1.43707,0.079593,0.05925,0.103747,12.016
2025-10-01 21:00:00,2.1261,1.73985,0.197687,1.92841,0.064555,0.055454,0.092104,10.321
2025-10-01 22:00:00,2.58724,1.84277,0.39295,2.19429,0.078496,0.047383,0.085975,9.955
2025-10-01 23:00:00,3.16735,3.73508,0.251858,2.91549,0.046812,0.05175,0.069542,5.535
2025-10-02 00:00:00,2.22704,2.88477,0.071374,2.15567,0.035901,0.032684,0.05682,5.659
2025-10-02 01:00:00,1.29237,0.852488,0.140402,1.15197,0.055004,0.040201,0.070334,5.008
2025-10-02 02:00:00,0.739564,0.433001,0.040685,0.698879,0.045159,0.074877,0.077861,4.334
2025-10-02 03:00:00,0.538756,0.334217,0.02479,0.513966,0.034044,0.045357,0.057646,3.282
2025-10-02 04:00:00,0.082619,0.509991,0.004742,0.077877,0.041492,0.088359,0.064065,0.811
2025-10-02 05:00:00,0.353524,0.424907,0.047573,0.305951,0.026441,0.025085,0.04999,2.257
2025-10-02 06:00:00,0.523735,0.539933,0.043762,0.479973,0.025323,0.024536,0.050362,2.901
2025-10-02 07:00:00,1.49551,1.12275,0.148539,1.34697,0.055796,0.037995,0.082489,7.763
2025-10-02 08:00:00,1.28342,0.966431,0.120868,1.16255,0.059517,0.042676,0.0904,8.433
2025-10-02 09:00:00,1.82906,1.15617,0.133125,1.69593,0.075946,0.053028,0.110388,11.741
2025-10-02 10:00:00,1.87999,1.24999,0.146932,1.73306,0.07251,0.04927,0.110246,11.726
2025-10-02 11:00:00,2.07022,1.31193,0.186325,1.8839,0.091768,0.064128,0.121489,14.859
2025-10-02 12:00:00,1.6907,1.32085,0.193996,1.4967,0.079003,0.052883,0.102743,9.557
2025-10-02 13:00:00,2.69306,1.86759,0.346712,2.34635,0.09379,0.075426,0.117063,14.106
2025-10-02 14:00:00,4.31205,2.57898,0.316641,3.99541,0.096951,0.094394,0.130209,17.069
2025-10-02 15:00:00,3.27944,2.12951,0.380947,2.89849,0.113194,0.080964,0.144005,20.749
2025-10-02 16:00:00,2.54255,1.71562,0.233568,2.30898,0.087697,0.067966,0.124104,11.077
2025-10-02 17:00:00,3.98399,2.52151,0.35256,3.63143,0.104532,0.092444,0.134642,21.359
2025-10-02 18:00:00,2.92885,2.01434,0.356953,2.5719,0.093714,0.073491,0.117655,14.314
2025-10-02 19:00:00,1.85358,1.27657,0.20651,1.64707,0.071774,0.045986,0.089989,9.948
2025-10-02 20:00:00,2.49286,1.7051,0.201079,2.29178,0.075116,0.056451,0.097712,11.709
2025-10-02 21:00:00,2.42523,2.05528,0.194574,2.23066,0.06853,0.057985,0.094213,12.872
2025-10-02 22:00:00,2.56735,2.22474,0.230066,2.33728,0.068437,0.049659,0.082749,11.159
2025-10-02 23:00:00,1.22591,1.06231,0.091425,1.13448,0.039019,0.029184,0.062845,5.315
2025-10-03 00:00:00,1.3182,1.7031,0.073371,1.24483,0.037569,0.030345,0.054487,5.411
2025-10-03 01:00:00,1.93459,1.98216,0.090193,1.8444,0.055261,0.064805,0.076124,5.676
2025-10-03 02:00:00,0.230766,0.176697,0.017463,0.213303,0.052309,0.052428,0.080919,2.767
2025-10-03 03:00:00,0.527425,0.350681,0.023832,0.503593,0.038518,0.017953,0.061545,3.556
2025-10-03 04:00:00,0.217146,1.0967,0.010068,0.207078,0.032598,0.021892,0.051719,1.024
2025-10-03 05:00:00,0.579762,1.44941,0.013775,0.565987,0.013438,0.010642,0.03433,1.522
2025-10-03 06:00:00,2.12241,3.56109,0.105061,2.01735,0.045308,0.027811,0.062166,7.469
2025-10-03 07:00:00,0.763234,0.616506,0.084924,0.67831,0.051025,0.025336,0.077557,8.101
2025-10-03 08:00:00,0.913536,0.926506,0.106253,0.807283,0.068771,0.0393,0.097325,10.897
2025-10-03 09:00:00,2.75799,1.97281,0.231393,2.52659,0.101806,0.072557,0.131953,18.793
2025-10-03 10:00:00,3.9294,1.85,0.488529,3.44087,0.112611,0.086957,0.140578,17.504
2025-10-03 11:00:00,2.95858,2.0603,0.195099,2.76349,0.076764,0.068119,0.111073,10.805
2025-10-03 12:00:00,2.14422,1.33347,0.187888,1.95634,0.079797,0.057946,0.109702,11.064
2025-10-03 13:00:00,3.03651,1.75927,0.345008,2.6915,0.090872,0.072111,0.114388,13.203
2025-10-03 14:00:00,2.44164,2.0347,0.402926,2.03872,0.08623,0.059749,0.107058,11.06
2025-10-03 15:00:00,2.6285,1.95573,0.277851,2.35065,0.088507,0.06781,0.114312,13.938
2025-10-03 16:00:00,2.37927,1.48705,0.209048,2.17022,0.087562,0.071237,0.122108,14.721
2025-10-03 17:00:00,2.37761,1.89301,0.262124,2.11549,0.089548,0.069483,0.117721,13.27
2025-10-03 18:00:00,3.37842,2.51745,1.09078,2.28764,0.12975,0.064994,0.116665,15.123
2025-10-03 19:00:00,1.89721,1.45269,0.163026,1.73419,0.056579,0.047729,0.091174,8.634
2025-10-03 20:00:00,1.94856,2.12262,0.147642,1.80092,0.059666,0.047296,0.087116,8.91
2025-10-03 21:00:00,2.09574,2.61314,0.302609,1.79313,0.07171,0.050223,0.086999,9.147
2025-10-03 22:00:00,2.43211,2.64936,0.244441,2.18767,0.06477,0.039523,0.080622,7.866
2025-10-03 23:00:00,0.555029,1.24446,0.028238,0.526791,0.053735,0.05162,0.080903,6.603
2025-10-04 00:00:00,1.8265,1.5773,0.1112,1.7153,0.0541,0.0394,0.071,7.844
2025-10-04 01:00:00,1.4904,1.0911,0.067,1.4234,0.0504,0.0449,0.0724,7.428
2025-10-04 02:00:00,0.7975,0.5041,0.0414,0.7561,0.0322,0.0269,0.0519,3.861
2025-10-04 03:00:00,0.5627,0.2958,0.0418,0.5208,0.0349,0.0275,0.0615,3.774
2025-10-04 04:00:00,0.1214,0.6896,0.0052,0.1162,0.0277,0.0267,0.0483,0.757
2025-10-04 05:00:00,0.341,0.4659,0.0111,0.3299,0.0137,0.0067,0.0432,1.152
2025-10-04 06:00:00,0.726,0.6269,0.0384,0.6876,0.026,0.017,0.0537,3.241
2025-10-04 07:00:00,4.6064,3.3331,0.1926,4.4137,0.0563,0.0721,0.0897,8.037
2025-10-04 08:00:00,3.2878,1.5096,0.2057,3.0821,0.0778,0.0708,0.1128,13.585
2025-10-04 09:00:00,2.7903,1.3598,0.2793,2.511,0.1107,0.0849,0.1408,18.073
2025-10-04 10:00:00,3.7498,1.8582,0.2999,3.4498,0.1108,0.0936,0.1455,19.366
2025-10-04 11:00:00,4.8895,2.3553,0.325,4.5646,0.1168,0.1132,0.1502,20.7
2025-10-04 12:00:00,3.5858,2.2217,0.5381,3.0477,0.1301,0.0847,0.1351,16.728
2025-10-04 13:00:00,3.5705,1.9575,0.3298,3.2407,0.1041,0.0952,0.1361,16.349
2025-10-04 14:00:00,3.4826,1.6889,0.3778,3.1048,0.1122,0.0884,0.1411,17.357
2025-10-04 15:00:00,3.791,1.6187,0.4371,3.3539,0.1091,0.1027,0.1449,18.395
2025-10-04 16:00:00,3.676,1.6925,0.3658,3.3102,0.1146,0.0913,0.1439,21.22
2025-10-04 17:00:00,3.1992,1.3958,0.3577,2.8415,0.1046,0.0851,0.1399,18.699
2025-10-04 18:00:00,2.6324,1.2891,0.3031,2.3293,0.1096,0.086,0.1404,18.636
2025-10-04 19:00:00,2.8473,1.404,0.2345,2.6128,0.0882,0.0781,0.1278,17.176
2025-10-04 20:00:00,2.4267,1.2786,0.2373,2.1894,0.0923,0.0803,0.1296,18.186
2025-10-04 21:00:00,2.8232,1.7173,0.4359,2.3872,0.1093,0.0769,0.1217,21.634
2025-10-04 22:00:00,3.0809,1.9673,0.3581,2.7228,0.083,0.0661,0.0966,13.599
2025-10-04 23:00:00,4.4935,4.1377,0.3199,4.1736,0.0745,0.0878,0.0882,13.556
2025-10-05 00:00:00,2.147,1.8967,0.0903,2.0567,0.0471,0.048,0.0695,7.943
2025-10-05 01:00:00,3.3282,1.7741,0.1591,3.1691,0.0563,0.0535,0.0737,12.1
2025-10-05 02:00:00,1.6688,0.7384,0.0922,1.5766,0.0556,0.033,0.0705,8.442
2025-10-05 03:00:00,0.5398,0.2365,0.0636,0.4761,0.0574,0.0347,0.0705,9.7
2025-10-05 04:00:00,0.0492,0.1794,0.0083,0.0409,0.056,0.0133,0.0658,0
2025-10-05 05:00:00,0.189,0.1546,0.0107,0.1782,0.0154,0.0065,0.0418,1.059
2025-10-05 06:00:00,1.1978,0.8353,0.0771,1.1207,0.0425,0.0305,0.069,5.269
2025-10-05 07:00:00,3.5354,1.6413,0.2379,3.2975,0.0863,0.0785,0.1301,14.641
2025-10-05 08:00:00,3.4085,2.0074,0.2982,3.1103,0.1036,0.0943,0.1421,16.862
2025-10-05 09:00:00,2.5521,1.5773,0.2518,2.3003,0.0929,0.073,0.1354,16.71
2025-10-05 10:00:00,2.8816,1.4884,0.3874,2.4942,0.1134,0.0862,0.1416,20.737
2025-10-05 11:00:00,3.42,1.5834,0.5101,2.9099,0.1137,0.0858,0.149,20.223
2025-10-05 12:00:00,2.9857,1.5714,0.2703,2.7154,0.1012,0.0961,0.1529,15.291
2025-10-05 13:00:00,3.6083,1.7101,0.2583,3.35,0.1137,0.0897,0.1337,15.708
2025-10-05 14:00:00,2.1003,1.4366,0.3893,1.711,0.1124,0.0766,0.131,12.1
2025-10-05 15:00:00,3.4749,1.4978,0.4216,3.0534,0.1209,0.0909,0.145,23.24
2025-10-05 16:00:00,2.8011,1.4453,0.3084,2.4926,0.1197,0.0923,0.1492,20.47
2025-10-05 17:00:00,3.4602,1.6588,0.3595,3.1007,0.1187,0.0945,0.1529,21.642
2025-10-05 18:00:00,2.64808,2.08839,0.195954,2.45213,0.085759,0.074685,0.117186,11.454
2025-10-05 19:00:00,1.18142,0.937632,0.158117,1.0233,0.096895,0.047118,0.093848,6.79
2025-10-05 20:00:00,1.34142,1.30488,0.138111,1.20331,0.076701,0.059922,0.107972,10.79
2025-10-05 21:00:00,1.96525,1.65425,0.259936,1.70531,0.076948,0.049617,0.086426,10.14
2025-10-05 22:00:00,2.46351,1.72514,0.27845,2.18506,0.070115,0.054301,0.085063,9.798
2025-10-05 23:00:00,2.0444,1.132,0.1192,1.9252,0.058,0.0367,0.0785,8.122
2025-10-06 00:00:00,0.9244,0.8358,0.0573,0.8671,0.0351,0.0214,0.0541,4.176
2025-10-06 01:00:00,1.5726,0.809,0.0927,1.4799,0.0413,0.0238,0.0577,4.556
2025-10-06 02:00:00,0.4092,0.1804,0.0377,0.3715,0.0441,0.0138,0.0587,5.089
2025-10-06 03:00:00,0.8303,0.3668,0.0421,0.7882,0.047,0.0192,0.0684,8.101
2025-10-06 04:00:00,0,0,0,0,0.0431,0.0091,0.0588,1.771
2025-10-06 05:00:00,0.2581,0.3565,0.0523,0.2058,0.0209,0.0109,0.045,1.209
2025-10-06 06:00:00,0.9282,0.5639,0.0845,0.8437,0.0534,0.0344,0.078,6.15
2025-10-06 07:00:00,2.5376,1.3791,0.1847,2.3529,0.0924,0.073,0.1265,13.01
2025-10-06 08:00:00,3.6449,1.5,0.3432,3.3017,0.1117,0.0977,0.1476,16.754
2025-10-06 09:00:00,2.7898,1.1415,0.2629,2.5269,0.1063,0.0719,0.1413,15.733
2025-10-06 10:00:00,3.2096,1.387,0.2359,2.9737,0.114,0.0963,0.1798,17.162
2025-10-06 11:00:00,2.6743,1.2358,0.2066,2.4677,0.0987,0.0752,0.159,14.546
2025-10-06 12:00:00,2.5283,1.3711,0.2754,2.2528,0.0901,0.073,0.1287,12.278
2025-10-06 13:00:00,1.5782,1.0944,0.1557,1.4224,0.0799,0.0584,0.1167,10.912
2025-10-06 14:00:00,2.8953,1.8301,0.2814,2.6139,0.0965,0.0781,0.1374,17.405
2025-10-06 15:00:00,2.3374,1.3637,0.3402,1.9972,0.0916,0.073,0.1354,15.601
2025-10-06 16:00:00,2.5606,1.3563,0.2678,2.2928,0.0964,0.0738,0.136,15.814
2025-10-06 17:00:00,4.0311,1.8077,0.4066,3.6245,0.1156,0.101,0.1513,20.563
2025-10-06 18:00:00,4.3415,2.2707,0.5503,3.7912,0.1253,0.1058,0.1512,22.541
2025-10-06 19:00:00,4.559,2.4328,0.4875,4.0715,0.1163,0.1081,0.154,23.194
2025-10-06 20:00:00,4.0859,2.1505,0.4494,3.6366,0.1166,0.0951,0.1319,18.303
2025-10-06 21:00:00,3.236,1.7511,0.2895,2.9465,0.1008,0.0949,0.1248,17.434
2025-10-06 22:00:00,4.2333,2.5441,0.3013,3.932,0.11,0.0878,0.1123,16.384
2025-10-06 23:00:00,2.583,2.1489,0.1387,2.4443,0.0697,0.0654,0.0923,10.744
2025-10-07 00:00:00,2.1519,2.2557,0.1188,2.0331,0.0466,0.0607,0.0713,6.466
2025-10-07 01:00:00,1.7362,0.8922,0.0769,1.6593,0.0394,0.0351,0.0712,5.963
2025-10-07 02:00:00,0.3149,0.1174,0.0304,0.2845,0.0428,0.0197,0.0633,4.488
2025-10-07 03:00:00,1.7797,0.6154,0.0972,1.6825,0.0487,0.0409,0.0757,7.235
2025-10-07 04:00:00,0.3864,1.0732,0.0244,0.362,0.0612,0.0554,0.082,0
2025-10-07 05:00:00,0.7779,1.0541,0.0345,0.7434,0.0251,0.0152,0.05,2.878
2025-10-07 06:00:00,1.0592,0.6554,0.082,0.9772,0.0503,0.031,0.0805,7.552
2025-10-07 07:00:00,2.8301,1.7688,0.1963,2.6339,0.0992,0.0942,0.1276,11.061
2025-10-07 08:00:00,2.8361,1.2028,0.2164,2.6197,0.1032,0.0852,0.1437,15.634
2025-10-07 09:00:00,2.4557,1.0148,0.2508,2.2049,0.1094,0.0715,0.1403,16.428
2025-10-07 10:00:00,3.3483,1.2731,0.4055,2.9428,0.1154,0.0937,0.1451,18.093
2025-10-07 11:00:00,4.3137,1.8593,0.421,3.8927,0.1148,0.1008,0.1517,17.538
2025-10-07 12:00:00,2.8469,1.2541,0.2761,2.5708,0.1026,0.0822,0.1455,15.653
2025-10-07 13:00:00,4.5027,2.2627,0.391,4.1118,0.114,0.1079,0.1507,18.195
2025-10-07 14:00:00,4.0069,1.9603,0.3505,3.6565,0.1138,0.0968,0.1542,23.653
2025-10-07 15:00:00,3.6998,1.8389,0.3439,3.3559,0.1119,0.0946,0.1469,23.691
2025-10-07 16:00:00,3.9901,1.5288,0.4027,3.5874,0.1346,0.1097,0.1658,25.323
2025-10-07 17:00:00,4.4052,1.6878,0.6165,3.7887,0.1521,0.1238,0.1709,23.093
2025-10-07 18:00:00,3.8502,1.7775,0.3757,3.4744,0.1185,0.1049,0.1625,20.415
2025-10-07 19:00:00,3.2012,1.7884,0.4534,2.7479,0.1245,0.0947,0.1531,19.458
2025-10-07 20:00:00,4.0414,2.2654,0.4601,3.5813,0.1259,0.112,0.1595,28.619
2025-10-07 21:00:00,4.1818,2.0702,0.351,3.8308,0.097,0.0967,0.125,19.279
2025-10-07 22:00:00,3.9747,2.0637,0.2894,3.6853,0.0764,0.0794,0.1138,21.408
2025-10-07 23:00:00,2.23067,1.60943,0.16749,2.06318,0.053693,0.043114,0.0734,8.947
2025-10-08 00:00:00,2.97224,2.46047,0.135597,2.83665,0.054832,0.064513,0.070734,8.663
2025-10-08 01:00:00,1.09265,0.530415,0.085583,1.00707,0.044634,0.023568,0.063771,7.141
2025-10-08 02:00:00,3.90328,1.107,0.10569,3.79759,0.053792,0.045196,0.07118,9.767
2025-10-08 03:00:00,3.28045,0.930887,0.062893,3.21755,0.055354,0.055581,0.076875,7.924
2025-10-08 04:00:00,0.174689,0.677088,0.018217,0.156472,0.037898,0.015267,0.055402,1.49
2025-10-08 05:00:00,0.181524,0.223552,0.02304,0.158484,0.015627,0.005828,0.040408,1.289
2025-10-08 06:00:00,0.481316,0.448152,0.064729,0.416587,0.026907,0.013547,0.048278,2.247
2025-10-08 07:00:00,1.7099,1.04389,0.089315,1.62058,0.049729,0.033683,0.078911,6.622
2025-10-08 08:00:00,2.74372,1.56964,0.37724,2.36648,0.076958,0.059192,0.100856,11.212
2025-10-08 09:00:00,2.78609,1.23937,0.204045,2.58205,0.090536,0.077142,0.124441,13.636
2025-10-08 10:00:00,3.58016,1.7567,0.321208,3.25895,0.107104,0.086534,0.133576,16.069
2025-10-08 11:00:00,3.21183,1.64036,0.243166,2.96866,0.099172,0.088532,0.135917,16.011
2025-10-08 12:00:00,4.01576,2.15669,0.340512,3.67525,0.113181,0.098167,0.138834,19.122
2025-10-08 13:00:00,3.1499,1.47744,0.237957,2.91194,0.096529,0.082935,0.127826,15.323
2025-10-08 14:00:00,3.41388,1.47659,0.265521,3.14836,0.103503,0.092802,0.141506,15.874
2025-10-08 15:00:00,3.30837,1.83594,0.308399,2.99997,0.105634,0.081814,0.137985,16.202
2025-10-08 16:00:00,3.74083,1.57708,0.476278,3.26456,0.109833,0.087929,0.14527,17.543
2025-10-08 17:00:00,2.52923,1.19869,0.366671,2.16256,0.109385,0.074564,0.133502,17.031
2025-10-08 18:00:00,3.06583,1.55626,0.246426,2.8194,0.08695,0.075447,0.12,15.57
2025-10-08 19:00:00,2.79197,1.91493,0.2169,2.57507,0.079657,0.065837,0.113386,14.235
2025-10-08 20:00:00,2.85306,1.69422,0.371286,2.48178,0.106172,0.070001,0.128111,14.204
2025-10-08 21:00:00,4.0392,2.31871,0.420438,3.61876,0.094758,0.079198,0.110356,16.53
2025-10-08 22:00:00,3.66841,1.83604,0.351199,3.31721,0.082353,0.071269,0.099338,14.302
2025-10-08 23:00:00,5.82882,2.97997,0.419293,5.40953,0.06946,0.057544,0.081336,9.738
2025-10-09 00:00:00,1.53138,1.2251,0.092045,1.43933,0.039586,0.023748,0.056808,5.582
2025-10-09 01:00:00,1.62168,0.84639,0.069254,1.55243,0.051576,0.042119,0.079816,6.623
2025-10-09 02:00:00,2.39859,0.927528,0.057583,2.34101,0.061279,0.052131,0.096597,4.223
2025-10-09 03:00:00,0.452115,0.162048,0.033106,0.419009,0.050172,0.050252,0.098399,5.007
2025-10-09 04:00:00,0.055116,0.171167,0.007606,0.04751,0.051827,0.018577,0.074762,1.246
2025-10-09 05:00:00,0.147177,0.13729,0.014081,0.133096,0.020964,0.013168,0.054169,1.924
2025-10-09 06:00:00,0.793448,0.416289,0.066599,0.726849,0.046123,0.029649,0.074646,5.407
2025-10-09 07:00:00,2.06356,0.961586,0.182383,1.88118,0.081769,0.056567,0.119861,11.772
2025-10-09 08:00:00,3.07053,1.74264,0.247517,2.82302,0.099488,0.084094,0.141369,17.204
2025-10-09 09:00:00,2.66856,1.2064,0.270652,2.39791,0.092256,0.069579,0.132806,15.679
2025-10-09 10:00:00,1.63662,0.774916,0.223738,1.41288,0.093194,0.048978,0.119614,13.538
2025-10-09 11:00:00,2.1148,1.16198,0.18961,1.92519,0.082226,0.060206,0.119452,12.329
2025-10-09 12:00:00,1.78398,1.13485,0.209268,1.57472,0.082022,0.062745,0.116151,11.284
2025-10-09 13:00:00,2.00182,1.18873,0.228881,1.77294,0.078819,0.051962,0.107189,11.742
2025-10-09 14:00:00,2.78629,1.32554,0.243304,2.54298,0.084301,0.070947,0.118459,13.593
2025-10-09 15:00:00,3.39039,1.88146,0.237648,3.15274,0.092501,0.087722,0.127872,14.599
2025-10-09 16:00:00,5.57175,2.91714,0.332133,5.23961,0.105424,0.109753,0.146705,17.683
2025-10-09 17:00:00,4.54895,2.05835,0.387471,4.16148,0.118512,0.113832,0.150725,23.051
2025-10-09 18:00:00,8.27861,3.65986,0.746557,7.53205,0.154315,0.177084,0.185579,36.452
2025-10-09 19:00:00,6.66394,3.37244,0.406991,6.25694,0.11549,0.120995,0.143795,22.607
2025-10-09 20:00:00,3.25385,1.79177,0.283962,2.96989,0.087651,0.070207,0.117774,18.716
2025-10-09 21:00:00,3.42958,2.11442,0.456141,2.97344,0.093636,0.071645,0.107326,16.045
2025-10-09 22:00:00,4.17697,2.9793,0.47407,3.7029,0.090237,0.063972,0.106055,14.756
2025-10-09 23:00:00,1.32014,0.93893,0.105876,1.21426,0.044217,0.02843,0.07594,6.834
2025-10-10 00:00:00,1.38672,1.69112,0.242841,1.14388,0.035726,0.019459,0.055206,5.424
2025-10-10 01:00:00,1.95007,1.30178,0.063606,1.88646,0.032257,0.029466,0.056534,5.565
2025-10-10 02:00:00,1.8924,0.845577,0.079919,1.81248,0.044569,0.040981,0.064876,6.098
2025-10-10 03:00:00,1.36456,0.620821,0.047767,1.3168,0.052445,0.03269,0.077969,5.492
2025-10-10 04:00:00,0.018623,0.062916,0.002136,0.016487,0.031485,0.016516,0.050616,0.612
2025-10-10 05:00:00,0.079868,0.100845,0.043102,0.036766,0.010221,0.002817,0.037872,1.108
2025-10-10 06:00:00,1.05248,0.765997,0.084454,0.968025,0.036792,0.025696,0.064695,4.245
2025-10-10 07:00:00,3.14448,1.12464,0.20851,2.93597,0.089873,0.077795,0.124248,14.683
2025-10-10 08:00:00,3.7274,1.51644,0.360847,3.36655,0.108498,0.084166,0.139208,19.38
2025-10-10 09:00:00,2.5053,1.10171,0.24155,2.26375,0.100536,0.072312,0.141402,17.067
2025-10-10 10:00:00,3.20243,1.44644,0.303752,2.89867,0.104599,0.075377,0.138568,17.394
2025-10-10 11:00:00,3.39037,1.54811,0.304672,3.08569,0.094892,0.070084,0.133916,16.498
2025-10-10 12:00:00,2.59699,1.26806,0.258151,2.33884,0.084838,0.062342,0.116648,14.373
2025-10-10 13:00:00,2.37598,1.12075,0.245863,2.13012,0.087341,0.066271,0.121572,15.478
2025-10-10 14:00:00,4.30579,1.72646,0.252015,4.05377,0.095799,0.099714,0.144445,18.89
2025-10-10 15:00:00,3.04324,1.55267,0.213268,2.82997,0.093592,0.078042,0.134591,15.394
2025-10-10 16:00:00,1.84477,0.833228,0.193272,1.65149,0.086824,0.059661,0.126322,13.409
2025-10-10 17:00:00,4.56762,2.02825,0.432049,4.13557,0.118936,0.119152,0.159495,21.499
2025-10-10 18:00:00,4.64769,2.1577,0.361712,4.28597,0.118433,0.10772,0.15115,21.729
2025-10-10 19:00:00,3.5665,1.37916,0.598007,2.9685,0.152091,0.099048,0.144742,22.661
2025-10-10 20:00:00,2.5444,1.18015,0.272614,2.27179,0.087795,0.074695,0.116945,15.898
2025-10-10 21:00:00,4.32757,2.18344,0.689915,3.63766,0.116134,0.074813,0.118191,18.331
2025-10-10 22:00:00,4.5309,2.73605,0.191749,4.33915,0.077106,0.07727,0.097617,13.037
2025-10-10 23:00:00,3.06217,2.15646,0.18713,2.87504,0.048057,0.049785,0.076679,8.339
2025-10-11 00:00:00,1.47195,1.38602,0.048875,1.42307,0.027214,0.037573,0.055355,3.787
2025-10-11 01:00:00,0.684574,0.685946,0.03368,0.650894,0.024804,0.032335,0.048057,2.729
2025-10-11 02:00:00,0.235428,0.217185,0.021773,0.213655,0.015806,0.008828,0.039287,2.181
2025-10-11 03:00:00,0.030394,0.031994,0.005543,0.024851,0.010811,0.003735,0.034181,1.467
2025-10-11 04:00:00,0.607823,0.620227,0.030937,0.576886,0.013236,0.00724,0.039276,1.753
2025-10-11 05:00:00,0.532144,0.493641,0.04155,0.490594,0.020533,0.010074,0.044494,2.75
2025-10-11 06:00:00,1.15076,0.712989,0.11239,1.03837,0.037068,0.025059,0.063553,5.034
2025-10-11 07:00:00,3.62629,1.63789,0.503334,3.12295,0.111809,0.079688,0.125555,15.109
2025-10-11 08:00:00,3.39694,1.78598,0.320917,3.07602,0.103133,0.081895,0.138245,17.763
2025-10-11 09:00:00,2.74832,1.41812,0.204265,2.54405,0.093379,0.0673,0.124053,13.735
2025-10-11 10:00:00,11.9422,5.67597,0.630263,11.312,0.109985,0.124145,0.137348,16.287
2025-10-11 11:00:00,2.84949,1.27895,0.341603,2.50789,0.087716,0.06986,0.133978,14.551
2025-10-11 12:00:00,2.85435,1.30217,0.225631,2.62872,0.085183,0.063095,0.118802,13.348
2025-10-11 13:00:00,3.07707,1.60098,0.301289,2.77578,0.09984,0.088143,0.125942,13.316
2025-10-11 14:00:00,3.64086,1.85003,0.461258,3.1796,0.114882,0.089135,0.139512,18.325
2025-10-11 15:00:00,3.11756,1.5403,0.262324,2.85524,0.108299,0.091032,0.143585,15.892
2025-10-11 16:00:00,3.54839,1.47481,0.328599,3.21979,0.104565,0.091492,0.142981,17.142
2025-10-11 17:00:00,3.49779,1.59425,0.312255,3.18553,0.112702,0.093717,0.154656,19.778
2025-10-11 18:00:00,5.17008,2.42499,0.516015,4.65406,0.128647,0.123235,0.156906,22.8
2025-10-11 19:00:00,4.11226,1.86413,0.38196,3.7303,0.100454,0.098949,0.136386,17.892
2025-10-11 20:00:00,2.9343,1.74661,0.275021,2.65928,0.083547,0.075104,0.114842,14.052
2025-10-11 21:00:00,3.68442,2.87845,0.262884,3.42153,0.085578,0.078661,0.107684,14.977
2025-10-11 22:00:00,1.66576,0.945378,0.160648,1.50511,0.062615,0.042755,0.087556,10.386
2025-10-11 23:00:00,1.9591,1.73065,0.115857,1.84324,0.044751,0.048055,0.075205,8.073
2025-10-12 00:00:00,1.23177,0.926142,0.06125,1.17052,0.033157,0.025597,0.055375,4.266
2025-10-12 01:00:00,1.46067,0.722387,0.07952,1.38115,0.063101,0.048471,0.079084,5.062
2025-10-12 02:00:00,1.33886,0.444213,0.061265,1.27759,0.063388,0.059504,0.088602,5.429
2025-10-12 03:00:00,0.829276,0.294279,0.047932,0.781344,0.050007,0.055925,0.073104,4.376
2025-10-12 04:00:00,0.014346,0.032021,0.002503,0.011843,0.033368,0.010808,0.05297,0.766
2025-10-12 05:00:00,0.314394,0.220782,0.019853,0.294541,0.02573,0.011806,0.05166,2.387
2025-10-12 06:00:00,0.370645,0.287767,0.068332,0.302313,0.022899,0.008749,0.047478,2.093
2025-10-12 07:00:00,0.971666,0.587463,0.077427,0.894239,0.039005,0.027656,0.074133,5.569
2025-10-12 08:00:00,2.88314,1.26564,0.184289,2.69885,0.071656,0.068484,0.109464,12.368
2025-10-12 09:00:00,3.07027,1.27397,0.413998,2.65627,0.103342,0.072865,0.13124,15.852
2025-10-12 10:00:00,3.49521,1.31498,0.289929,3.20528,0.104503,0.087958,0.143296,18.86
2025-10-12 11:00:00,2.64882,1.04531,0.333263,2.31556,0.093105,0.062479,0.124318,15.009
2025-10-12 12:00:00,3.06138,1.4704,0.337436,2.72394,0.089596,0.072513,0.123733,13.781
2025-10-12 13:00:00,2.8904,1.41826,0.226498,2.66391,0.094861,0.079667,0.12957,14.094
2025-10-12 14:00:00,3.22103,1.4265,0.241573,2.97946,0.094627,0.078264,0.131518,15.176
2025-10-12 15:00:00,4.2754,1.78588,0.350852,3.92455,0.103439,0.098702,0.145308,17.688
2025-10-12 16:00:00,4.79079,1.94906,0.485302,4.30549,0.11502,0.097591,0.143174,19.347
2025-10-12 17:00:00,4.36645,2.10736,0.495208,3.87124,0.123538,0.104199,0.152028,19.731
2025-10-12 18:00:00,3.59996,2.11514,0.682657,2.9173,0.142102,0.077973,0.140883,17.37
2025-10-12 19:00:00,3.18181,1.7349,0.297816,2.884,0.075617,0.06535,0.106653,13.25
2025-10-12 20:00:00,6.00088,4.46494,0.351326,5.64955,0.09654,0.104969,0.119496,21.954
2025-10-12 21:00:00,3.97211,2.39284,0.33441,3.6377,0.094028,0.078911,0.115902,20.849
2025-10-12 22:00:00,3.97569,2.99375,0.360425,3.61527,0.079484,0.084876,0.10629,17.79
2025-10-12 23:00:00,1.34251,1.00487,0.117168,1.22534,0.042068,0.033595,0.071541,8.451
2025-10-13 00:00:00,0.647129,0.377995,0.060239,0.58689,0.042373,0.019044,0.05711,4.024
2025-10-13 01:00:00,0.525168,0.193788,0.036234,0.488934,0.040571,0.014279,0.059587,5.659
2025-10-13 02:00:00,1.32861,0.447643,0.067856,1.26075,0.039751,0.022412,0.057363,6.084
2025-10-13 03:00:00,0.406114,0.14876,0.035009,0.371105,0.034684,0.01053,0.052323,4.044
2025-10-13 04:00:00,0.410512,0.143136,0.039599,0.370913,0.042689,0.011284,0.059424,5.474
2025-10-13 05:00:00,0.138353,0.130032,0.019974,0.118379,0.023612,0.008026,0.051491,1.96
2025-10-13 06:00:00,1.12687,0.645399,0.085027,1.04184,0.04545,0.027964,0.070645,4.998
2025-10-13 07:00:00,1.83571,0.844391,0.204562,1.63114,0.095637,0.06321,0.122358,10.936
2025-10-13 08:00:00,3.35287,1.54795,0.282186,3.07068,0.101541,0.080432,0.136574,15.998
2025-10-13 09:00:00,2.01868,0.834857,0.217629,1.80105,0.094715,0.058009,0.127292,13.865
2025-10-13 10:00:00,2.65634,1.24012,0.266799,2.38954,0.094647,0.06701,0.137577,14.351
2025-10-13 11:00:00,2.07963,0.93846,0.22288,1.85675,0.103038,0.07701,0.138113,15.02
2025-10-13 12:00:00,3.90145,1.73244,0.225658,3.67579,0.096999,0.103179,0.149429,16.892
2025-10-13 13:00:00,2.7306,1.17193,0.188118,2.54248,0.092012,0.075453,0.13794,17.197
2025-10-13 14:00:00,3.91778,1.86739,0.45736,3.46042,0.102961,0.089505,0.141116,19.228
2025-10-13 15:00:00,4.80702,2.36333,0.289604,4.51741,0.089107,0.096725,0.132844,16.831
2025-10-13 16:00:00,3.86893,1.81469,0.245543,3.62338,0.09744,0.091026,0.144971,20.029
2025-10-13 17:00:00,3.27115,1.49504,0.343288,2.92787,0.115883,0.092963,0.149142,20.222
2025-10-13 18:00:00,4.86145,2.12848,0.456784,4.40466,0.132385,0.168007,0.169914,28.863
2025-10-13 19:00:00,6.3822,2.79186,0.518637,5.86356,0.15426,0.134435,0.162218,24.674
2025-10-13 20:00:00,4.08927,2.21521,0.533733,3.55554,0.108758,0.087663,0.127847,20.088
2025-10-13 21:00:00,3.06922,2.50753,0.231281,2.83793,0.084515,0.071599,0.117602,16.337
2025-10-13 22:00:00,2.30808,1.24761,0.235184,2.0729,0.100686,0.069139,0.112721,14.356
2025-10-13 23:00:00,1.92231,1.52564,0.148067,1.77425,0.06044,0.045156,0.082101,9.389
2025-10-14 00:00:00,1.17188,0.958988,0.06964,1.10224,0.054335,0.042262,0.070431,5.613
2025-10-14 01:00:00,1.78178,1.10669,0.05743,1.72435,0.037668,0.031225,0.058096,4.195
2025-10-14 02:00:00,0.19677,0.083661,0.030245,0.166525,0.032078,0.007838,0.05182,3.469
2025-10-14 03:00:00,0.300841,0.138636,0.030727,0.270114,0.034063,0.009485,0.051668,4.259
2025-10-14 04:00:00,0.037272,0.172554,0.005413,0.031859,0.033524,0.014543,0.053531,0.981
2025-10-14 05:00:00,0.334037,0.475835,0.021524,0.312513,0.018085,0.007041,0.043806,1.687
2025-10-14 06:00:00,0.776927,0.532141,0.068965,0.707962,0.04394,0.025398,0.073088,4.802
2025-10-14 07:00:00,2.52373,1.19608,0.323519,2.20021,0.100559,0.069364,0.123379,14.36
2025-10-14 08:00:00,3.45713,2.036,0.263755,3.19338,0.11516,0.104956,0.150568,16.127
2025-10-14 09:00:00,2.56563,1.16514,0.205366,2.36027,0.097571,0.072099,0.131859,13.678
2025-10-14 10:00:00,1.31135,0.579218,0.144192,1.16716,0.087468,0.057803,0.129445,13.032
2025-10-14 11:00:00,3.28052,1.49659,0.241982,3.03854,0.109361,0.089349,0.141736,16.839
2025-10-14 12:00:00,2.90881,1.25272,0.283553,2.62526,0.111809,0.083882,0.137086,15.539
2025-10-14 13:00:00,3.79055,2.04232,0.213913,3.57664,0.089654,0.0938,0.134378,15.574
2025-10-14 14:00:00,4.57796,1.93,0.590853,3.98711,0.132311,0.096272,0.141558,19.868
2025-10-14 15:00:00,3.37139,1.39314,0.339486,3.03191,0.100896,0.090894,0.135065,14.72
2025-10-14 16:00:00,4.70325,2.26553,0.355186,4.34806,0.103715,0.099522,0.141959,20.259
2025-10-14 17:00:00,5.39743,2.3165,0.467566,4.92987,0.121052,0.148281,0.169007,24.408
2025-10-14 18:00:00,4.79969,1.9245,0.472841,4.32685,0.137621,0.114565,0.163646,24
2025-10-14 19:00:00,6.10966,2.56708,0.511666,5.59799,0.125463,0.13095,0.157569,21.675
2025-10-14 20:00:00,4.91159,2.24889,0.402739,4.50885,0.107317,0.10344,0.13437,21.761
2025-10-14 21:00:00,5.56307,2.89141,0.597643,4.96543,0.082567,0.077635,0.123969,22.877
2025-10-14 22:00:00,4.31932,2.19478,0.421231,3.89809,0.082845,0.077629,0.102817,15.383
2025-10-14 23:00:00,3.9452,2.61965,0.281115,3.66409,0.083123,0.077624,0.104888,14.244
2025-10-15 00:00:00,2.2651,1.52225,0.11587,2.14923,0.083401,0.077618,0.081777,8.996
2025-10-15 01:00:00,1.25578,0.65066,0.055247,1.20053,,,0.086034,5.014
2025-10-15 02:00:00,0.635695,0.326332,0.037924,0.597771,,,0.086691,3.745
2025-10-15 03:00:00,0.599029,0.341133,0.033315,0.565714,,,0.062132,3.458
2025-10-15 04:00:00,0.050648,0.245866,0.005122,0.045526,,,0.057985,0
2025-10-15 05:00:00,0.40478,0.333425,0.023845,0.380935,,,0.047047,2.165
2025-10-15 06:00:00,1.7443,1.05332,0.119093,1.62521,,,0.072054,6.031
2025-10-15 07:00:00,3.32851,1.58955,0.220787,3.10772,,,0.125319,14.168
2025-10-15 08:00:00,2.63471,1.3121,0.261667,2.37304,,,0.132967,15.14
2025-10-15 09:00:00,3.06839,1.35291,0.263795,2.8046,,,0.131634,15.552
2025-10-15 10:00:00,2.84688,1.33281,0.242297,2.60458,,,0.140685,15.196
2025-10-15 11:00:00,3.89526,1.79175,0.226046,3.66921,,,0.130519,15.538
2025-10-15 12:00:00,5.57435,2.5042,0.232353,5.34199,,,0.142146,17.281
2025-10-15 13:00:00,5.18428,2.80839,0.290872,4.89341,,,0.141516,16.475
2025-10-15 14:00:00,3.54546,1.32888,0.254298,3.29116,,,0.129283,15.723
2025-10-15 15:00:00,3.21748,1.36103,0.23074,2.98674,,,0.139532,17.282
2025-10-15 16:00:00,4.06248,2.00715,0.482492,3.57998,,,0.148805,18.382
2025-10-15 17:00:00,4.87106,2.14207,0.44356,4.42751,,,0.163167,23.153
2025-10-15 18:00:00,7.28328,3.02462,0.563757,6.71952,,,0.189255,32.203
2025-10-15 19:00:00,4.08395,1.98443,0.449698,3.63426,,,0.143073,22.947
2025-10-15 20:00:00,5.15496,2.9157,0.565157,4.5898,,,0.138668,24.977
2025-10-15 21:00:00,3.45557,2.45424,0.280648,3.17492,,,0.116448,16.785
2025-10-15 22:00:00,2.39447,1.51934,0.221799,2.17267,,,0.092346,11.448
2025-10-15 23:00:00,1.39231,0.828755,0.101539,1.29077,,,0.07902,8.294
2025-10-16 00:00:00,1.63209,0.895769,0.102778,1.52931,,,0.06865,7.595
2025-10-16 01:00:00,0.668932,0.285869,0.035204,0.633728,,,0.076762,4.259
2025-10-16 02:00:00,0.280185,0.156879,0.014612,0.265573,,,0.054134,2.005
2025-10-16 03:00:00,0.073642,0.037573,0.009976,0.063666,,,0.044669,2.056
2025-10-16 04:00:00,0.154266,0.063432,0.012949,0.141317,,,0.057655,2.81
2025-10-16 05:00:00,0.470692,0.258054,0.01511,0.455582,,,0.04699,2.17
2025-10-16 06:00:00,1.33763,0.727766,0.087712,1.24992,,,0.07271,5.796
2025-10-16 07:00:00,3.3624,1.62907,0.209242,3.15316,,,0.13042,13.249
2025-10-16 08:00:00,2.993,1.40781,0.253522,2.73948,,,0.140814,15.581
2025-10-16 09:00:00,3.90413,1.81082,0.388333,3.51579,,,0.142132,17.282
2025-10-16 10:00:00,3.27248,1.62325,0.458473,2.81401,,,0.138199,16.363
2025-10-16 11:00:00,2.7308,1.44487,0.211373,2.51942,,,0.133296,13.101
2025-10-16 12:00:00,3.9649,2.05011,0.225092,3.73981,,,0.139323,18.848
2025-10-16 13:00:00,2.289,1.23998,0.286545,2.00246,,,0.12838,15.647
2025-10-16 14:00:00,2.84484,1.24337,0.286922,2.55791,,,0.132577,18.062
2025-10-16 15:00:00,2.78885,1.03984,0.29142,2.49743,,,0.135137,16.544
2025-10-16 16:00:00,2.95901,1.35115,0.282543,2.67647,,,0.140618,17.236
2025-10-16 17:00:00,5.05598,2.69509,0.380865,4.67512,,,0.166212,25.163
2025-10-16 18:00:00,5.09116,1.95513,0.551921,4.53924,,,0.168502,27.335
2025-10-16 19:00:00,3.93835,1.51126,0.348708,3.58964,,,0.147841,22.733
2025-10-16 20:00:00,2.36595,1.68515,0.25265,2.1133,,,0.12761,15.412
2025-10-16 21:00:00,3.12767,1.84632,0.327151,2.80052,,,0.120979,17.256
2025-10-16 22:00:00,5.28989,2.95195,0.677665,4.61222,,,0.134678,20.88
2025-10-16 23:00:00,3.80716,3.12575,0.415185,3.39197,,,0.110072,17.214
2025-10-17 00:00:00,1.20959,1.34102,0.094781,1.11481,,,0.131583,7.712
2025-10-17 01:00:00,0.893997,0.680363,0.02992,0.864077,,,0.099606,3.18
2025-10-17 02:00:00,0.078743,0.069074,0.008639,0.070104,,,0.087313,1.513
2025-10-17 03:00:00,0.093815,0.06818,0.012089,0.081726,,,0.045056,1.792
2025-10-17 04:00:00,0.052584,0.044791,0.00987,0.042714,,,0.0389,1.922
2025-10-17 05:00:00,0.188602,0.152344,0.01716,0.171442,,,0.041964,2.248
2025-10-17 06:00:00,1.04084,0.650528,0.069867,0.970977,,,0.07221,5.602
2025-10-17 07:00:00,6.79626,2.98868,0.49907,6.29719,,,0.140697,18.163
2025-10-17 08:00:00,3.91707,2.06815,0.274671,3.6424,,,0.144986,17.432
2025-10-17 09:00:00,3.04625,1.54319,0.355423,2.69083,,,0.139591,18.481
2025-10-17 10:00:00,3.54823,1.54137,0.284902,3.26333,,,0.141505,18.728
2025-10-17 11:00:00,2.5581,1.28806,0.253317,2.30478,,,0.129889,14.679
2025-10-17 12:00:00,5.26974,3.05315,0.363618,4.90612,,,0.146169,21.721
2025-10-17 13:00:00,2.89133,1.67129,0.240418,2.65091,,,0.129316,16.326
2025-10-17 14:00:00,3.85544,2.09763,0.24757,3.60787,,,0.139029,16.673
2025-10-17 15:00:00,2.13396,1.13509,0.291721,1.84224,,,0.13235,13.272
2025-10-17 16:00:00,3.84146,1.81201,0.445833,3.39563,,,0.168539,23.679
2025-10-17 17:00:00,5.72339,2.50806,0.436917,5.28648,,,0.164596,24.689
2025-10-17 18:00:00,4.53428,2.7414,0.425442,4.10884,,,0.169079,27.256
2025-10-17 19:00:00,4.34093,2.50342,0.419269,3.92166,,,0.164272,28.19
2025-10-17 20:00:00,3.71843,2.22394,0.374492,3.34394,,,0.134288,20.459
2025-10-17 21:00:00,3.8927,2.35636,0.331229,3.56148,,,0.125663,18.207
2025-10-17 22:00:00,2.78882,1.53232,0.239515,2.5493,,,0.089632,11.933
2025-10-17 23:00:00,2.81786,1.733,0.219871,2.59799,,,0.088653,13.097
2025-10-18 00:00:00,1.98974,1.36658,0.108418,1.88132,,,0.067467,6.135
2025-10-18 01:00:00,0.340593,0.189851,0.033909,0.306684,,,0.047293,2.699
2025-10-18 02:00:00,1.59993,0.868583,0.045658,1.55427,,,0.046961,3.353
2025-10-18 03:00:00,0.988283,1.01051,0.040253,0.94803,,,0.038237,2.209
2025-10-18 04:00:00,0.302095,0.232739,0.015447,0.286648,,,0.037729,1.269
2025-10-18 05:00:00,0.565117,0.336378,0.017654,0.547463,,,0.041865,2.307
2025-10-18 06:00:00,0.933244,0.506647,0.067446,0.865798,,,0.058815,4.098
2025-10-18 07:00:00,3.30762,1.61347,0.288776,3.01885,,,0.107311,11.288
2025-10-18 08:00:00,4.27709,1.72324,0.216393,4.0607,,,0.132669,15.476
2025-10-18 09:00:00,3.55358,1.47451,0.232656,3.32092,,,0.16205,19.649
2025-10-18 10:00:00,3.66705,1.74455,0.269235,3.39781,,,0.156469,22.487
2025-10-18 11:00:00,3.0347,1.38192,0.347698,2.687,,,0.145579,18.042
2025-10-18 12:00:00,4.11512,2.13884,0.404594,3.71053,,,0.15141,21.285
2025-10-18 13:00:00,3.03488,1.58067,0.230265,2.80462,,,0.134698,16.371
2025-10-18 14:00:00,3.43549,1.59198,0.241532,3.19395,,,0.142309,15.3
2025-10-18 15:00:00,3.01591,1.42126,0.234654,2.78126,,,0.144981,16.073
2025-10-18 16:00:00,3.44721,1.36469,0.339966,3.10724,,,0.155821,17.992
2025-10-18 17:00:00,4.68734,1.83386,0.60248,4.08486,,,0.156415,21.916
2025-10-18 18:00:00,4.16454,1.97372,0.427141,3.7374,,,0.135444,17.343
2025-10-18 19:00:00,3.54615,1.78737,0.303473,3.24268,,,0.126276,17.035
2025-10-18 20:00:00,4.57812,2.78474,0.254967,4.32315,,,0.116615,15.606
2025-10-18 21:00:00,2.42258,1.32093,0.241328,2.18126,,,0.112657,16.809
2025-10-18 22:00:00,4.28725,2.21449,0.970464,3.31679,,,0.126293,22.893
2025-10-18 23:00:00,5.31252,3.95277,0.345694,4.96682,,,0.113439,20.66
2025-10-19 00:00:00,2.75146,1.75252,0.149633,2.60182,,,0.075119,11.079
2025-10-19 01:00:00,3.60629,2.27096,0.199689,3.4066,,,0.06582,8.293
2025-10-19 02:00:00,0.994408,0.522273,0.037353,0.957055,,,0.047788,3.389
2025-10-19 03:00:00,0.47731,0.272127,0.024291,0.453019,,,0.041693,2.073
2025-10-19 04:00:00,0.167363,0.101927,0.013813,0.15355,,,0.042177,1.959
2025-10-19 05:00:00,0.594679,0.374012,0.082632,0.512047,,,0.04691,2.781
2025-10-19 06:00:00,0.644127,0.358247,0.044701,0.599426,,,0.062519,3.753
2025-10-19 07:00:00,2.39511,1.20721,0.146258,2.24885,,,0.087169,9.299
2025-10-19 08:00:00,4.2701,1.59095,0.697053,3.57304,,,0.113834,13.399
2025-10-19 09:00:00,3.28802,1.30788,0.231599,3.05642,,,0.129132,11.679
2025-10-19 10:00:00,5.90419,2.97591,0.275544,5.62865,,,0.136643,20.057
2025-10-19 11:00:00,2.91656,1.37704,0.281868,2.63469,,,0.13298,15.445
2025-10-19 12:00:00,3.79954,1.76723,0.247944,3.55159,,,0.133743,16.073
2025-10-19 13:00:00,5.11543,3.12679,0.255854,4.85958,,,0.135337,17.896
2025-10-19 14:00:00,2.43292,1.26058,0.275918,2.157,,,0.125807,13.909
2025-10-19 15:00:00,5.2063,2.41704,0.633221,4.57308,,,0.145806,19.674
2025-10-19 16:00:00,4.4732,1.96021,0.725549,3.74765,,,0.149848,19.479
2025-10-19 17:00:00,3.51066,1.58854,0.33013,3.18053,,,0.140326,19.921
2025-10-19 18:00:00,3.36609,1.54834,0.325398,3.04069,,,0.132508,18.829
2025-10-19 19:00:00,2.35407,1.04254,0.194288,2.15978,,,0.118457,13.727
2025-10-19 20:00:00,3.67382,1.82233,0.304606,3.36921,,,0.114518,13.963
2025-10-19 21:00:00,2.58408,1.59906,0.330791,2.25329,,,0.099991,11.513
2025-10-19 22:00:00,3.6029,2.49854,0.305719,3.29718,,,0.102538,15.643
2025-10-19 23:00:00,2.8946,2.42429,0.143592,2.75101,,,0.085819,9.976
2025-10-20 00:00:00,1.54471,1.04513,0.096127,1.44858,,,0.069325,5.456
2025-10-20 01:00:00,0.97872,0.637188,0.042135,0.936585,,,0.054987,3.553
2025-10-20 02:00:00,0.876239,0.568986,0.031779,0.84446,,,0.046838,4.048
2025-10-20 03:00:00,0.846832,0.638637,0.034958,0.811874,,,0.044289,3.254
2025-10-20 04:00:00,0.320159,0.259449,0.015198,0.304961,,,0.041286,2.483
2025-10-20 05:00:00,0.801404,0.629045,0.097119,0.704285,,,0.051298,3.906
2025-10-20 06:00:00,1.62211,0.757287,0.152149,1.46996,,,0.082844,8.579
2025-10-20 07:00:00,2.37097,0.971708,0.204967,2.166,,,0.12887,13.122
2025-10-20 08:00:00,4.55511,1.88696,0.274899,4.28022,,,0.15104,13.035
2025-10-20 09:00:00,2.74849,1.1348,0.259197,2.4893,,,0.143697,16.873
2025-10-20 10:00:00,2.36998,1.11267,0.218521,2.15146,,,0.129161,15.019
2025-10-20 11:00:00,3.68128,1.59778,0.691338,2.98994,,,0.143655,17.061
2025-10-20 12:00:00,3.04131,1.48212,0.253725,2.78759,,,0.136263,14.365
2025-10-20 13:00:00,2.43786,1.29673,0.230315,2.20755,,,0.123226,12.823
2025-10-20 14:00:00,2.45759,1.10404,0.197823,2.25977,,,0.126225,13.586
2025-10-20 15:00:00,1.71688,1.04944,0.157938,1.55895,,,0.128168,14.662
2025-10-20 16:00:00,3.57672,1.73627,0.327734,3.24898,,,0.141116,16.35
2025-10-20 17:00:00,3.55946,1.5848,0.339464,3.21999,,,0.156088,20.071
2025-10-20 18:00:00,4.27559,1.50232,0.431533,3.84406,,,0.1648,22.497
2025-10-20 19:00:00,4.27611,1.53156,0.387611,3.88849,,,0.150246,19.964
2025-10-20 20:00:00,3.90969,1.31462,0.404655,3.50503,,,0.136034,19.23
2025-10-20 21:00:00,2.41479,1.11796,0.260391,2.1544,,,0.114541,18.112
2025-10-20 22:00:00,5.46121,2.79775,0.474226,4.98699,,,0.110329,19.488
2025-10-20 23:00:00,4.77313,3.15683,0.250259,4.52287,,,0.094031,15.304
2025-10-21 00:00:00,1.69754,0.888766,0.103116,1.59442,,,0.065085,8.046
2025-10-21 01:00:00,1.01284,0.49167,0.035796,0.977043,,,0.052339,3.662
2025-10-21 02:00:00,0.413835,0.212223,0.020095,0.39374,,,0.044904,2.431
2025-10-21 03:00:00,0.63677,0.382674,0.042463,0.594307,,,0.049743,4.949
2025-10-21 04:00:00,0.6879,0.3788,0.042405,0.645495,,,0.042395,2.434
2025-10-21 05:00:00,0.462092,0.307651,0.024006,0.438086,,,0.043426,2.661
2025-10-21 06:00:00,0.812187,0.397741,0.076181,0.736006,,,0.066208,5.124
2025-10-21 07:00:00,3.08422,1.25682,0.27727,2.80695,,,0.129479,16.3
2025-10-21 08:00:00,2.75935,1.09759,0.373233,2.38611,,,0.146196,15.671
2025-10-21 09:00:00,3.30777,1.43193,0.271985,3.03579,,,0.139921,15.028
2025-10-21 10:00:00,2.20511,0.919563,0.248602,1.95651,,,0.17454,17.076
2025-10-21 11:00:00,3.70816,1.82488,0.353405,3.35475,,,0.165179,20.045
2025-10-21 12:00:00,2.92264,1.29206,0.302303,2.62034,,,0.143188,16.938
2025-10-21 13:00:00,2.13021,1.14404,0.218743,1.91147,,,0.167587,17.032
2025-10-21 14:00:00,2.73817,1.09265,0.271063,2.46711,,,0.169419,20.46
2025-10-21 15:00:00,4.16806,1.27933,0.364121,3.80394,,,0.186759,23.159
2025-10-21 16:00:00,3.94684,1.3352,0.458273,3.48856,,,0.196016,24.478
2025-10-21 17:00:00,3.77442,1.46182,0.462944,3.31147,,,0.190905,27.767
2025-10-21 18:00:00,3.58614,1.51314,0.475558,3.11058,,,0.176115,24.851
2025-10-21 19:00:00,2.38769,1.20957,0.293108,2.09459,,,0.158225,18.938
2025-10-21 20:00:00,3.39555,2.19919,0.664856,2.73069,,,0.16315,17.861
2025-10-21 21:00:00,4.74386,2.9247,0.836996,3.90686,,,0.14287,14.936
2025-10-21 22:00:00,4.94872,3.18451,0.583158,4.36557,,,0.113374,15.023
2025-10-21 23:00:00,3.98942,3.48117,0.34714,3.64228,,,0.087304,9.736
2025-10-22 00:00:00,0.682258,0.674169,0.031746,0.650512,,,0.049679,3.059
2025-10-22 01:00:00,1.11168,0.903804,0.030635,1.08104,,,0.04515,2.905
2025-10-22 02:00:00,0.208384,0.163825,0.009062,0.199322,,,0.040941,2.082
2025-10-22 03:00:00,0.642018,0.6034,0.019334,0.622684,,,0.040353,1.912
2025-10-22 04:00:00,0.246774,0.195853,0.014604,0.23217,,,0.038543,2.138
2025-10-22 05:00:00,0.445413,0.35072,0.02459,0.420823,,,0.044828,3.318
2025-10-22 06:00:00,1.78286,1.18541,0.091761,1.6911,,,0.076417,6.688
2025-10-22 07:00:00,3.22024,1.59576,0.199467,3.02078,,,0.124247,13.369
2025-10-22 08:00:00,2.95355,1.38795,0.286272,2.66728,,,0.156728,12.007
2025-10-22 09:00:00,2.95953,1.00255,0.341429,2.6181,,,0.147608,16.616
2025-10-22 10:00:00,3.19808,1.43155,0.2508,2.94728,,,0.153309,15.752
2025-10-22 11:00:00,2.85965,1.21895,0.301045,2.55861,,,0.142513,15.606
2025-10-22 12:00:00,3.08891,1.49079,0.225081,2.86383,,,0.144983,16.316
2025-10-22 13:00:00,4.66008,1.99149,0.291596,4.36848,,,0.146151,23.718
2025-10-22 14:00:00,3.19089,1.42961,0.244889,2.946,,,0.144007,19.933
2025-10-22 15:00:00,2.85388,1.35641,0.299439,2.55444,,,0.142499,15.863
2025-10-22 16:00:00,2.69687,1.15945,0.280482,2.41639,,,0.131816,14.968
2025-10-22 17:00:00,4.38425,2.09974,0.388891,3.99536,,,0.171702,24.255
2025-10-22 18:00:00,4.11855,2.19072,0.41589,3.70266,,,0.160547,23.151
2025-10-22 19:00:00,3.18798,1.4911,0.433945,2.75403,,,0.133339,17.155
2025-10-22 20:00:00,2.57175,1.32701,0.247231,2.32451,,,0.122631,16.763
2025-10-22 21:00:00,4.79559,2.17586,0.300316,4.49528,,,0.118848,13.456
2025-10-22 22:00:00,1.91599,0.970615,0.204818,1.71118,,,0.090734,8.715
2025-10-22 23:00:00,1.91999,1.197,0.10557,1.81442,,,0.067221,6.04
2025-10-23 00:00:00,1.84177,1.12853,0.097043,1.74472,,,0.06077,4.515
2025-10-23 01:00:00,1.20025,0.723918,0.030078,1.17018,,,0.045777,2.35
2025-10-23 02:00:00,0.081724,0.055519,0.010675,0.071049,,,0.037061,1.763
2025-10-23 03:00:00,0.068172,0.040969,0.006772,0.0614,,,0.054523,1.351
2025-10-23 04:00:00,0.064809,0.036906,0.006823,0.057986,,,0.036451,1.279
2025-10-23 05:00:00,0.62185,0.390609,0.031191,0.590659,,,0.048528,2.363
2025-10-23 06:00:00,0.880894,0.457844,0.053935,0.826959,,,0.065905,4.279
2025-10-23 07:00:00,3.29341,1.62557,0.217887,3.07552,,,0.128188,14.046
2025-10-23 08:00:00,2.81676,1.25748,0.254891,2.56186,,,0.144383,15.788
2025-10-23 09:00:00,2.72673,0.919949,0.24324,2.48349,,,0.136478,16.338
2025-10-23 10:00:00,2.67917,1.0777,0.256398,2.42277,,,0.140881,19.1
2025-10-23 11:00:00,2.89961,1.07792,0.217078,2.68253,,,0.155612,17.073
2025-10-23 12:00:00,3.26815,1.31887,0.241363,3.02679,,,0.145733,18.356
2025-10-23 13:00:00,3.64824,1.72087,0.50892,3.13932,,,0.177771,19.058
2025-10-23 14:00:00,4.37259,1.63522,0.357454,4.01514,,,0.171506,22.623
2025-10-23 15:00:00,3.94556,1.73203,0.41847,3.52709,,,0.16779,21.979
2025-10-23 16:00:00,3.88053,1.73393,1.02063,2.85989,,,0.176889,21.764
2025-10-23 17:00:00,4.56897,2.8881,1.19475,3.37422,,,0.192395,28.54
2025-10-23 18:00:00,4.30126,1.9202,0.393272,3.90799,,,0.193394,26.447
2025-10-23 19:00:00,3.17349,1.54804,0.348729,2.82476,,,0.172891,20.375
2025-10-23 20:00:00,2.53349,1.42491,0.371127,2.16236,,,0.145956,17.421
2025-10-23 21:00:00,1.71182,0.75212,0.209209,1.50262,,,0.13699,10.503
2025-10-23 22:00:00,6.75659,3.63257,0.176974,6.57961,,,0.131396,12.904
2025-10-23 23:00:00,1.68064,1.28686,0.107707,1.57293,,,0.11004,8.629
2025-10-24 00:00:00,1.36652,1.2136,0.088384,1.27813,,,0.106055,10.843
2025-10-24 01:00:00,0.921115,0.794064,0.044291,0.876824,,,0.092168,5.408
2025-10-24 02:00:00,0.286689,0.213947,0.022029,0.26466,,,0.094282,4.296
2025-10-24 03:00:00,0.546553,0.417855,0.027354,0.519199,,,0.082941,2.995
2025-10-24 04:00:00,1.24933,0.78181,0.042349,1.20698,,,0.086304,2.964
2025-10-24 05:00:00,0.763376,0.428864,0.028972,0.734404,,,0.089819,2.88
2025-10-24 06:00:00,0.941513,0.456159,0.074341,0.867172,,,0.104409,5.057
2025-10-24 07:00:00,2.38845,1.15384,0.167989,2.22046,,,0.160151,13.545
2025-10-24 08:00:00,3.223,1.56153,0.240424,2.98258,,,0.175744,15.664
2025-10-24 09:00:00,2.39955,0.932225,0.24066,2.15889,,,0.162226,14.421
2025-10-24 10:00:00,2.50551,1.00542,0.194106,2.31141,,,0.171758,13.58
2025-10-24 11:00:00,3.69169,1.51299,0.20956,3.48213,,,0.162715,12.789
2025-10-24 12:00:00,3.30394,1.58386,0.576216,2.72772,,,0.156942,14.421
2025-10-24 13:00:00,1.94202,0.937265,0.235629,1.70639,,,0.149074,10.185
2025-10-24 14:00:00,1.94537,0.792734,0.230823,1.71455,,,0.155243,12.488
2025-10-24 15:00:00,2.83487,1.13577,0.262922,2.57195,,,0.168433,14.2
2025-10-24 16:00:00,2.65373,0.9331,0.256088,2.39765,,,0.173446,15.692
2025-10-24 17:00:00,4.5544,2.20019,0.352642,4.20176,,,0.194767,22.43
2025-10-24 18:00:00,4.48689,2.42272,0.345782,4.1411,,,0.188392,22.232
2025-10-24 19:00:00,3.87245,1.93044,0.428171,3.44428,,,0.174169,20.774
2025-10-24 20:00:00,2.423,1.39093,0.229237,2.19376,,,0.15488,13.828
2025-10-24 21:00:00,2.14775,1.77793,0.250459,1.89729,,,0.159543,16.692
2025-10-24 22:00:00,4.04124,2.4228,0.294317,3.74692,,,0.141983,14.568
2025-10-24 23:00:00,1.41825,1.34559,0.158874,1.25938,,,0.114934,10.694
2025-10-25 00:00:00,1.41717,1.72405,0.111908,1.30526,,,0.106806,10.191
2025-10-25 01:00:00,2.17049,2.21028,0.077262,2.09323,,,0.104255,7.129
2025-10-25 02:00:00,0.9709,1.31916,0.032229,0.938671,,,0.097375,4.393
2025-10-25 03:00:00,1.18256,0.988758,0.034541,1.14801,,,0.097834,3.045
2025-10-25 04:00:00,0.97084,0.743369,0.023866,0.946974,,,0.088185,2.292
2025-10-25 05:00:00,0.829495,0.628406,0.031589,0.797906,,,0.079236,3.956
2025-10-25 06:00:00,1.13611,0.765571,0.098646,1.03746,,,0.097459,5.12
2025-10-25 07:00:00,2.07021,1.16697,0.09983,1.97038,,,0.128489,8.594
2025-10-25 08:00:00,4.32795,2.1341,0.24021,4.08774,,,0.161093,15.71
2025-10-25 09:00:00,3.43082,1.34121,0.284033,3.14679,,,0.173867,17.711
2025-10-25 10:00:00,3.72898,1.64272,0.328478,3.40051,,,0.175473,17.186
2025-10-25 11:00:00,3.83499,1.85265,0.309026,3.52597,,,0.175298,18.168
2025-10-25 12:00:00,2.46697,1.40809,0.250022,2.21694,,,0.167556,14.947
2025-10-25 13:00:00,2.10232,1.36515,0.298945,1.80338,,,0.154413,12.266
2025-10-25 14:00:00,3.44735,1.70661,0.290152,3.1572,,,0.166422,15.392
2025-10-25 15:00:00,2.77315,2.00372,0.185093,2.58806,,,0.168244,14.937
2025-10-25 16:00:00,3.50219,1.71845,0.28926,3.21293,,,0.178355,16.306
2025-10-25 17:00:00,4.88975,2.28921,0.342642,4.5471,,,0.186195,22.028
2025-10-25 18:00:00,4.23851,2.3263,0.438647,3.79987,,,0.169243,17.347
2025-10-25 19:00:00,2.12469,1.24835,0.223345,1.90135,,,0.158989,14.105
2025-10-25 20:00:00,1.80413,1.02975,0.207767,1.59636,,,0.144413,14.295
2025-10-25 21:00:00,4.04215,2.1031,0.260371,3.78178,,,0.15714,10.914
2025-10-25 22:00:00,3.37763,1.74105,0.25381,3.12382,,,0.136072,13.294
2025-10-25 23:00:00,2.77375,1.14807,0.430898,2.34285,,,0.12548,11.053
2025-10-26 00:00:00,2.35916,1.28495,0.14372,2.21544,,,0.116157,10.945
2025-10-26 01:00:00,2.47383,1.73724,0.095664,2.37817,,,0.110922,7.782
2025-10-26 02:00:00,3.12301,1.95677,0.067765,3.05524,,,0.108611,8.295
2025-10-26 03:00:00,2.50209,1.42164,0.054109,2.44798,,,0.121253,5.721
2025-10-26 04:00:00,2.1414,1.17016,0.054848,2.08656,,,0.104898,5.997
2025-10-26 05:00:00,0.058867,0.042969,0.009703,0.049164,,,0.089281,1.123
2025-10-26 06:00:00,0.569888,0.469431,0.132113,0.437775,,,0.10556,2.746
2025-10-26 07:00:00,2.1902,1.165,0.133474,2.05672,,,0.125532,8.302
2025-10-26 08:00:00,3.14044,1.42617,0.217581,2.92286,,,0.141658,11.403
2025-10-26 09:00:00,3.07904,1.2948,0.26192,2.81712,,,0.164416,15.164
2025-10-26 10:00:00,2.34721,1.33213,0.173548,2.17366,,,0.158777,11.819
2025-10-26 11:00:00,3.33158,1.71378,0.293444,3.03814,,,0.165817,14.052
2025-10-26 12:00:00,3.68665,1.85819,0.420771,3.26587,,,0.164695,16.207
2025-10-26 13:00:00,2.55085,1.45265,0.242656,2.30819,,,0.161323,14.156
2025-10-26 14:00:00,6.20843,3.44913,0.262464,5.94596,,,0.171345,16.866
2025-10-26 15:00:00,2.77556,1.27553,0.30676,2.4688,,,0.164488,14.183
2025-10-26 16:00:00,3.99663,1.59483,0.458514,3.53812,,,0.200407,19.933
2025-10-26 17:00:00,6.1764,2.51482,0.69975,5.47665,,,0.190026,29.531
2025-10-26 18:00:00,7.88938,3.36291,0.74976,7.13962,,,0.209937,31.127
2025-10-26 19:00:00,3.34592,1.64338,0.471353,2.87456,,,0.191407,16.76
2025-10-26 20:00:00,3.24871,1.77914,0.260912,2.98779,,,0.171267,16.617
2025-10-26 21:00:00,10.3984,6.11672,0.472155,9.92627,,,0.169713,19.837
2025-10-26 22:00:00,3.50802,2.55686,0.324403,3.18362,,,0.145265,15.741
2025-10-26 23:00:00,2.31437,2.58878,0.128568,2.1858,,,0.11172,12.127
2025-10-27 00:00:00,2.32909,2.14071,0.071355,2.25773,,,0.108548,7.31
2025-10-27 01:00:00,0.852998,0.693494,0.038644,0.814354,,,0.091514,5.349
2025-10-27 02:00:00,0.680167,0.59248,0.038644,0.641523,,,0.082476,4.274
2025-10-27 03:00:00,0.0962,0.071048,0.009127,0.087073,,,0.071342,1.256
2025-10-27 04:00:00,0.173064,0.143028,0.009043,0.164021,,,0.077541,1.458
2025-10-27 05:00:00,0.115722,0.094236,0.008368,0.107354,,,0.081284,1.37
2025-10-27 06:00:00,1.31919,0.749541,0.105614,1.21358,,,0.113306,5.019
2025-10-27 07:00:00,2.94703,1.22182,0.478729,2.4683,,,0.169121,14.147
2025-10-27 08:00:00,2.73805,1.4231,0.296629,2.44142,,,0.172677,15.732
2025-10-27 09:00:00,2.0563,1.03124,0.182699,1.8736,,,0.167378,13.613
2025-10-27 10:00:00,3.27161,1.66071,0.255874,3.01573,,,0.170806,17.049
2025-10-27 11:00:00,3.57011,1.6559,0.278542,3.29157,,,0.175757,17.187
2025-10-27 12:00:00,4.31102,2.76348,0.29061,4.02041,,,0.174884,14.773
2025-10-27 13:00:00,2.57745,2.05211,0.188206,2.38925,,,0.150533,11.321
2025-10-27 14:00:00,3.40094,1.72988,0.256373,3.14457,,,0.16658,14.562
2025-10-27 15:00:00,3.62321,1.92519,0.288367,3.33484,,,0.17193,16.845
2025-10-27 16:00:00,3.53099,1.85256,0.337317,3.19367,,,0.174751,18.41
2025-10-27 17:00:00,3.32901,1.28932,0.315946,3.01307,,,0.189869,20.282
2025-10-27 18:00:00,3.0453,1.31037,0.30908,2.73623,,,0.191883,19.919
2025-10-27 19:00:00,1.5224,1.08743,0.212896,1.3095,,,0.158391,14.042
2025-10-27 20:00:00,2.38296,1.38867,0.299926,2.08303,,,0.142455,12.767
2025-10-27 21:00:00,3.49704,2.1994,0.4204,3.07664,,,0.137724,13.107
2025-10-27 22:00:00,3.72006,2.52378,0.29074,3.42932,,,0.135871,12.279
2025-10-27 23:00:00,2.17805,2.08626,0.12095,2.0571,,,0.106151,8.28
2025-10-28 00:00:00,1.50629,1.52151,0.066749,1.43954,,,0.081598,3.725
2025-10-28 01:00:00,0.472971,0.567111,0.030685,0.442286,,,0.072806,2.538
2025-10-28 02:00:00,0.056185,0.063702,0.009641,0.046544,,,0.081171,1.105
2025-10-28 03:00:00,0.071044,0.07309,0.010777,0.060267,,,0.07305,1.229
2025-10-28 04:00:00,0.174721,0.159708,0.018541,0.15618,,,0.070961,1.745
2025-10-28 05:00:00,0.422562,0.432953,0.021037,0.401525,,,0.076815,2.13
2025-10-28 06:00:00,0.716656,0.456468,0.059347,0.657309,,,0.111588,4.523
2025-10-28 07:00:00,2.86168,1.28097,0.258102,2.60358,,,0.167892,13.619
2025-10-28 08:00:00,3.58957,1.73409,0.189552,3.40002,,,0.165493,13.372
2025-10-28 09:00:00,1.99257,0.635387,0.197723,1.79485,,,0.17094,16.261
2025-10-28 10:00:00,2.25794,0.796735,0.243513,2.01443,,,0.165451,14.867
2025-10-28 11:00:00,2.23594,1.02098,0.255303,1.98063,,,0.17082,15.464
2025-10-28 12:00:00,2.44946,1.29738,0.219037,2.23042,,,0.165939,15.011
2025-10-28 13:00:00,3.2086,1.67814,0.250344,2.95825,,,0.172866,16.213
2025-10-28 14:00:00,1.97068,1.01897,0.184071,1.78661,,,0.160437,12.246
2025-10-28 15:00:00,2.90675,1.25291,0.348237,2.55852,,,0.171633,15.086
2025-10-28 16:00:00,2.94961,1.23209,0.309909,2.6397,,,0.172708,18.083
2025-10-28 17:00:00,5.09053,2.26649,0.514656,4.57587,,,0.203361,24.884
2025-10-28 18:00:00,4.45032,1.80175,0.461547,3.98877,,,0.190771,21.425
2025-10-28 19:00:00,2.53707,1.11962,0.238495,2.29858,,,0.173724,16.62
2025-10-28 20:00:00,1.56879,0.75495,0.19178,1.37701,,,0.156816,15.845
2025-10-28 21:00:00,1.68257,0.913448,0.159827,1.52275,,,0.140295,10.203
2025-10-28 22:00:00,2.77258,1.44405,0.244054,2.52852,,,0.138374,13.648
2025-10-28 23:00:00,2.26631,1.17547,0.119075,2.14724,,,0.121562,12.063
2025-10-29 00:00:00,2.10257,1.37423,0.078172,2.0244,,,0.112633,6.941
2025-10-29 01:00:00,1.03646,0.697485,0.037238,0.999224,,,0.096959,4.063
2025-10-29 02:00:00,0.149196,0.106417,0.008299,0.140897,,,0.077168,1.69
2025-10-29 03:00:00,0.392053,0.281243,0.021051,0.371002,,,0.077733,1.657
2025-10-29 04:00:00,0.154892,0.089948,0.016397,0.138495,,,0.081,1.594
2025-10-29 05:00:00,0.155178,0.097719,0.040564,0.114614,,,0.08101,1.462
2025-10-29 06:00:00,0.656848,0.320102,0.100252,0.556596,,,0.111289,3.837
2025-10-29 07:00:00,4.95301,2.11126,0.251952,4.70106,,,0.163289,10.234
2025-10-29 08:00:00,3.82166,1.61252,0.302263,3.5194,,,0.176474,18.379
2025-10-29 09:00:00,2.24844,0.826023,0.274703,1.97373,,,0.157464,12.38
2025-10-29 10:00:00,2.68561,1.1556,0.179007,2.5066,,,0.159979,12.857
2025-10-29 11:00:00,1.92557,0.964714,0.206258,1.71931,,,0.160848,13.318
2025-10-29 12:00:00,2.69756,1.28211,0.3307,2.36686,,,0.158723,13.257
2025-10-29 13:00:00,3.12396,1.87513,0.224945,2.89902,,,0.156667,13.659
2025-10-29 14:00:00,3.33262,1.82709,0.215604,3.11701,,,0.164211,14.618
2025-10-29 15:00:00,3.12368,1.46928,0.236841,2.88684,,,0.165195,13.833
2025-10-29 16:00:00,2.97044,1.25019,0.301196,2.66925,,,0.171409,15.265
2025-10-29 17:00:00,3.86231,1.70146,0.322981,3.53933,,,0.190194,19.799
2025-10-29 18:00:00,3.32885,1.29527,0.369363,2.95949,,,0.187794,19.166
2025-10-29 19:00:00,2.55118,1.11406,0.247477,2.30371,,,0.163939,15.249
2025-10-29 20:00:00,3.14013,1.57954,0.534255,2.60588,,,0.153089,14.598
2025-10-29 21:00:00,2.65047,1.6483,0.367702,2.28277,,,0.145004,11.276
2025-10-29 22:00:00,3.06606,2.38418,0.200217,2.86584,,,0.13601,12.2
2025-10-29 23:00:00,2.14993,1.28584,0.280473,1.86946,,,0.12695,9.04
2025-10-30 00:00:00,1.38356,0.998241,0.063818,1.31974,,,0.094687,4.235
2025-10-30 01:00:00,2.211,1.47008,0.40721,1.80379,,,0.09612,4.866
2025-10-30 02:00:00,0.666731,0.577756,0.04244,0.624291,,,0.071134,1.716
2025-10-30 03:00:00,0.204326,0.175839,0.012819,0.191507,,,0.085256,1.053
2025-10-30 04:00:00,0.036754,0.022744,0.008589,0.028165,,,0.0936,1.101
2025-10-30 05:00:00,0.158394,0.099244,0.013144,0.14525,,,0.071144,1.393
2025-10-30 06:00:00,1.09736,0.694531,0.048153,1.0492,,,0.101877,3.701
2025-10-30 07:00:00,2.3516,1.08369,0.194106,2.15749,,,0.157585,12.876
2025-10-30 08:00:00,3.7097,1.96073,0.217398,3.4923,,,0.173486,15.048
2025-10-30 09:00:00,2.27317,1.07428,0.269956,2.00322,,,0.163707,13.674
2025-10-30 10:00:00,2.54404,1.15115,0.208236,2.33581,,,0.166377,15.612
2025-10-30 11:00:00,1.64697,0.80813,0.159492,1.48748,,,0.162533,12.439
2025-10-30 12:00:00,1.77561,0.929637,0.245591,1.53002,,,0.1592,12.357
2025-10-30 13:00:00,2.37617,1.27751,0.214073,2.1621,,,0.158961,14.863
2025-10-30 14:00:00,2.35196,1.22498,0.253108,2.09885,,,0.162419,14.682
2025-10-30 15:00:00,2.57113,1.08854,0.217949,2.35318,,,0.164855,13.468
2025-10-30 16:00:00,3.444,1.39886,0.247307,3.19669,,,0.172769,17.104
2025-10-30 17:00:00,4.80293,1.77361,0.327321,4.47561,,,0.192951,20.857
2025-10-30 18:00:00,5.6601,2.15049,0.580557,5.07954,,,0.190964,17.84
2025-10-30 19:00:00,4.3012,1.55615,0.359667,3.94153,,,0.174628,21.576
2025-10-30 20:00:00,6.83687,2.88719,0.308478,6.52839,,,0.166603,20.943
2025-10-30 21:00:00,6.49201,3.9203,0.148261,6.34375,,,0.128838,11.121
2025-10-30 22:00:00,2.97478,2.15252,0.234915,2.73986,,,0.129625,10.836
2025-10-30 23:00:00,3.60532,4.5293,0.182383,3.42294,,,0.118552,9.58
2025-10-31 00:00:00,3.09904,4.40205,0.457128,2.64191,,,0.099053,8.073
2025-10-31 01:00:00,0.909217,1.0193,0.040695,0.868522,,,0.075237,2.789
2025-10-31 02:00:00,0.378233,0.425939,0.016178,0.362055,,,0.065679,1.42
2025-10-31 03:00:00,0.05633,0.067221,0.011666,0.044664,,,0.055118,0.759
2025-10-31 04:00:00,0.112845,0.126224,0.00779,0.105055,,,0.057014,0.743
2025-10-31 05:00:00,0.421141,0.395069,0.022566,0.398575,,,0.080198,1.805
2025-10-31 06:00:00,2.37237,1.91012,0.12266,2.24971,,,0.108002,5.023
2025-10-31 07:00:00,2.67388,1.29674,0.195024,2.47886,,,0.160058,13.054
2025-10-31 08:00:00,3.38032,1.59299,0.209545,3.17077,,,0.171619,14.459
2025-10-31 09:00:00,4.71268,2.19399,0.416704,4.29598,,,0.167874,15.99
2025-10-31 10:00:00,2.95358,1.29999,0.229925,2.72365,,,0.174691,17.814
2025-10-31 11:00:00,3.54991,1.56798,0.353059,3.19685,,,0.170373,15.556
2025-10-31 12:00:00,3.83544,1.72302,0.300893,3.53455,,,0.164977,14.324
2025-10-31 13:00:00,2.43718,1.28951,0.372234,2.06494,,,0.154874,12.733
2025-10-31 14:00:00,2.88168,1.14534,0.211365,2.67032,,,0.166326,15.047
2025-10-31 15:00:00,3.07237,1.1964,0.312269,2.7601,,,0.175134,15.429
2025-10-31 16:00:00,3.80039,1.77921,0.306866,3.49353,,,0.185627,20.866
2025-10-31 17:00:00,9.4625,4.78872,0.503783,8.95872,,,0.215041,28.024
2025-10-31 18:00:00,7.24445,3.32925,0.604017,6.64044,,,0.215619,30.955
2025-10-31 19:00:00,4.745,2.54834,0.404155,4.34084,,,0.202467,23.588
2025-10-31 20:00:00,2.52789,1.48003,0.204444,2.32345,,,0.157924,13.662
2025-10-31 21:00:00,2.61377,1.32142,0.309747,2.30402,,,0.153862,16.108
2025-10-31 22:00:00,4.0205,2.1295,0.240252,3.78025,,,0.143206,19.071
2025-10-31 23:00:00,3.68422,1.9744,0.195993,3.48823,,,0.140272,14.011
2025-11-01 00:00:00,3.9308,2.23087,0.302047,3.62875,,,0.130026,14.802
2025-11-01 01:00:00,3.82637,2.17903,0.114496,3.71188,,,0.147445,14.461
2025-11-01 02:00:00,2.19782,1.59958,0.055854,2.14197,,,0.114453,4.668
2025-11-01 03:00:00,0.610534,0.491573,0.03396,0.576574,,,0.093818,2.651
2025-11-01 04:00:00,0.570611,0.428386,0.030031,0.54058,,,0.098968,2.316
2025-11-01 05:00:00,0.586095,0.589633,0.023809,0.562286,,,0.089175,2.101
2025-11-01 06:00:00,1.15607,0.923376,0.060225,1.09584,,,0.099928,3.892
2025-11-01 07:00:00,1.95245,1.34466,0.118181,1.83427,,,0.13186,9.768
2025-11-01 08:00:00,3.82054,1.86368,0.291044,3.5295,,,0.157037,14.945
2025-11-01 09:00:00,3.23506,1.1964,0.233239,3.00182,,,0.168357,13.946
2025-11-01 10:00:00,3.75359,1.77056,0.275888,3.4777,,,0.174929,16.618
2025-11-01 11:00:00,3.5484,1.69943,0.269192,3.27921,,,0.181646,18.53
2025-11-01 12:00:00,3.33786,1.78495,0.277178,3.06068,,,0.172186,15.409
2025-11-01 13:00:00,2.79344,1.68077,0.288948,2.50449,,,0.158679,13.405
2025-11-01 14:00:00,6.23169,3.49702,0.257554,5.97413,,,0.172885,15.971
2025-11-01 15:00:00,8.80157,4.71681,0.263457,8.53811,,,0.175953,16.704
2025-11-01 16:00:00,3.66962,1.69732,0.416947,3.25267,,,0.174038,15.244
2025-11-01 17:00:00,4.64313,2.40328,0.298399,4.34473,,,0.174458,19.936
2025-11-01 18:00:00,4.05049,1.54717,0.470818,3.57967,,,0.189337,23.256
2025-11-01 19:00:00,2.90187,1.39112,0.431505,2.47036,,,0.161752,15.157
2025-11-01 20:00:00,2.69019,1.44789,0.245008,2.44518,,,0.163054,14.327
2025-11-01 21:00:00,3.47596,2.26005,0.313825,3.16214,,,0.172585,20.849
2025-11-01 22:00:00,3.23974,2.34085,0.279426,2.96032,,,0.143624,16.39
2025-11-01 23:00:00,2.42093,1.83682,0.216899,2.20404,,,0.129643,12.119
2025-11-02 00:00:00,2.4946,1.73236,0.090299,2.4043,,,0.114209,10.8
2025-11-02 01:00:00,1.80902,1.15078,0.057636,1.75138,,,0.105163,7.508
2025-11-02 02:00:00,0.912951,0.609447,0.050353,0.862598,,,0.093746,4.434
2025-11-02 03:00:00,0.1134,0.079302,0.016832,0.096568,,,0.083448,1.882
2025-11-02 04:00:00,0.122856,0.08508,0.010882,0.111974,,,0.084637,1.714
2025-11-02 05:00:00,0.410354,0.253932,0.031246,0.379108,,,0.085169,3.091
2025-11-02 06:00:00,1.41698,0.659674,0.068643,1.34834,,,0.112846,6.094
2025-11-02 07:00:00,2.60176,1.23541,0.13377,2.46799,,,0.135279,10.655
2025-11-02 08:00:00,2.36358,1.09223,0.147986,2.21559,,,0.143993,11.022
2025-11-02 09:00:00,3.14505,1.34519,0.266303,2.87874,,,0.163082,14.091
2025-11-02 10:00:00,3.92703,1.55464,0.290698,3.63633,,,0.174774,16.61
2025-11-02 11:00:00,3.38801,1.43438,0.328998,3.05902,,,0.163882,13.301
2025-11-02 12:00:00,3.54981,1.97211,0.373607,3.1762,,,0.170609,16.777
2025-11-02 13:00:00,4.4896,2.38808,0.345117,4.14448,,,0.170406,12.715
2025-11-02 14:00:00,4.89574,2.94215,0.405424,4.49032,,,0.171538,16.203
2025-11-02 15:00:00,4.05292,1.99455,0.324072,3.72885,,,0.17447,15.873
2025-11-02 16:00:00,6.38027,3.08822,0.441612,5.93866,,,0.185557,22.979
2025-11-02 17:00:00,5.82066,2.76647,0.438423,5.38224,,,0.177949,20.258
2025-11-02 18:00:00,4.29615,2.00193,0.322524,3.97363,,,0.166204,20.383
2025-11-02 19:00:00,2.85188,1.3898,0.514879,2.337,,,0.15528,15.964
2025-11-02 20:00:00,3.29298,1.70092,0.880281,2.4127,,,0.148925,14.672
2025-11-02 21:00:00,5.70497,3.06061,0.30677,5.3982,,,0.155042,20.032
2025-11-02 22:00:00,5.6178,2.94125,0.286085,5.33171,,,0.145239,21.985
2025-11-02 23:00:00,1.80823,1.15174,0.117229,1.691,,,0.109822,11.237
2025-11-03 00:00:00,3.70362,3.01107,0.134956,3.56867,,,0.107038,8.402
2025-11-03 01:00:00,1.49811,1.22595,0.053366,1.44474,,,0.08723,3.175
2025-11-03 02:00:00,1.01121,0.862808,0.052624,0.958586,,,0.089433,3.872
2025-11-03 03:00:00,0.373349,0.289868,0.035018,0.338331,,,0.09509,6.134
2025-11-03 04:00:00,0.455667,0.255133,0.031037,0.42463,,,0.09333,3.495
2025-11-03 05:00:00,0.240831,0.159703,0.015388,0.225443,,,0.087042,2.879
2025-11-03 06:00:00,1.81716,1.02433,0.23301,1.58415,,,0.113996,6.155
2025-11-03 07:00:00,2.27854,0.823172,0.201499,2.07704,,,0.156153,12.4
2025-11-03 08:00:00,3.67083,1.69319,0.318359,3.35247,,,0.178596,17.939
2025-11-03 09:00:00,2.86178,1.14839,0.305199,2.55658,,,0.164234,13.98
2025-11-03 10:00:00,4.84088,2.07585,0.267141,4.57374,,,0.166596,17.048
2025-11-03 11:00:00,2.78964,1.23764,0.273582,2.51606,,,0.164907,16.067
2025-11-03 12:00:00,2.61494,1.14993,0.215753,2.39919,,,0.163551,12.357
2025-11-03 13:00:00,2.51353,1.25677,0.252545,2.26099,,,0.150324,13.309
2025-11-03 14:00:00,2.51687,1.14612,0.221484,2.29539,,,0.156867,13.401
2025-11-03 15:00:00,1.79644,0.983814,0.156866,1.63958,,,0.156165,10.715
2025-11-03 16:00:00,2.77894,1.43838,0.315091,2.46385,,,0.163732,13.659
2025-11-03 17:00:00,3.76285,1.99093,0.612265,3.15059,,,0.18286,19.462
2025-11-03 18:00:00,5.40149,2.68464,1.69194,3.70955,,,0.20607,24.365
2025-11-03 19:00:00,8.5875,4.43569,0.685758,7.90174,,,0.177893,22.172
2025-11-03 20:00:00,3.63785,1.93915,0.529022,3.10883,,,0.154866,19.388
2025-11-03 21:00:00,2.65679,1.36807,0.365859,2.29093,,,0.148286,14.495
2025-11-03 22:00:00,3.13675,1.89417,0.507666,2.62909,,,0.125355,11.322
2025-11-03 23:00:00,1.32288,0.851274,0.088136,1.23474,,,0.098831,6.506
2025-11-04 00:00:00,3.83092,2.45257,1.5864,2.24452,,,0.113559,9.521
2025-11-04 01:00:00,0.775853,0.491045,0.020782,0.755071,,,0.07146,2.155
2025-11-04 02:00:00,0.534501,0.357287,0.012472,0.522029,,,0.061805,1.423
2025-11-04 03:00:00,0.973932,0.632423,0.036801,0.937131,,,0.06967,2.239
2025-11-04 04:00:00,0.070669,0.036692,0.008401,0.062268,,,0.067421,1.426
2025-11-04 05:00:00,0.332101,0.201274,0.022422,0.309679,,,0.069396,1.547
2025-11-04 06:00:00,1.06092,0.551988,0.08987,0.971051,,,0.105598,4.88
2025-11-04 07:00:00,3.51117,1.50823,0.465268,3.0459,,,0.16228,11.971
2025-11-04 08:00:00,3.8969,1.72429,0.445449,3.45146,,,0.179977,17.354
2025-11-04 09:00:00,3.74362,1.91196,0.359579,3.38404,,,0.192308,18.67
2025-11-04 10:00:00,1.93383,1.11911,0.156132,1.77769,,,0.154835,10.68
2025-11-04 11:00:00,3.00111,1.55821,0.181126,2.81999,,,0.160154,11.358
2025-11-04 12:00:00,1.91861,0.940495,0.1896,1.72901,,,0.1565,12.887
2025-11-04 13:00:00,3.27163,1.7201,0.203624,3.068,,,0.166294,15.144
2025-11-04 14:00:00,3.5636,1.84642,0.269395,3.2942,,,0.177927,15.786
2025-11-04 15:00:00,1.73333,0.806201,0.145603,1.58773,,,0.17471,10.741
2025-11-04 16:00:00,3.37856,1.33329,0.273142,3.10541,,,0.173678,17.007
2025-11-04 17:00:00,3.745,1.46748,0.38585,3.35915,,,0.19278,20.35
2025-11-04 18:00:00,5.07568,2.14707,0.552402,4.52328,,,0.192488,22.76
2025-11-04 19:00:00,3.21653,1.42703,0.308214,2.90831,,,0.165432,18.623
2025-11-04 20:00:00,4.12418,1.89356,0.675772,3.44841,,,0.162756,19.362
2025-11-04 21:00:00,2.69397,1.49665,0.282173,2.41179,,,0.142714,17.444
2025-11-04 22:00:00,2.35979,1.24725,0.199713,2.16008,,,0.134334,14.001
2025-11-04 23:00:00,2.27595,1.66128,0.126912,2.14904,,,0.117672,9.618
2025-11-05 00:00:00,2.65094,2.57373,0.345923,2.30502,,,0.096611,6.635
2025-11-05 01:00:00,1.20962,0.469938,0.049259,1.16036,,,0.092575,4.717
2025-11-05 02:00:00,0.980408,0.341605,0.054852,0.925556,,,0.105601,7.604
2025-11-05 03:00:00,0.677635,0.2277,0.024251,0.653384,,,0.090214,3.806
2025-11-05 04:00:00,0.854872,0.233444,0.033387,0.821485,,,0.096194,3.51
2025-11-05 05:00:00,0.217379,0.102441,0.018242,0.199137,,,0.087201,2.704
2025-11-05 06:00:00,1.31268,0.748394,0.109436,1.20325,,,0.108981,5.017
2025-11-05 07:00:00,3.3673,1.73037,0.413668,2.95363,,,0.165145,13.748
2025-11-05 08:00:00,2.85033,1.33443,0.271381,2.57895,,,0.166418,13.909
2025-11-05 09:00:00,1.79828,1.04917,0.178022,1.62026,,,0.15868,12.065
2025-11-05 10:00:00,1.16006,0.873537,0.16006,0.999997,,,0.156673,8.794
2025-11-05 11:00:00,1.88027,1.14094,0.202132,1.67814,,,0.165972,12.492
2025-11-05 12:00:00,3.13584,1.3344,0.207079,2.92876,,,0.164141,15.196
2025-11-05 13:00:00,2.97406,1.33366,0.268769,2.70529,,,0.156266,15.649
2025-11-05 14:00:00,2.60873,1.3573,0.345305,2.26342,,,0.155313,12.253
2025-11-05 15:00:00,2.0777,1.04198,0.176883,1.90082,,,0.156014,12.026
2025-11-05 16:00:00,2.96633,1.35325,0.196641,2.76969,,,0.169667,14.749
2025-11-05 17:00:00,3.34764,1.49716,0.366353,2.98128,,,0.184752,18.788
2025-11-05 18:00:00,3.89834,1.69052,0.397587,3.50075,,,0.188944,22.405
2025-11-05 19:00:00,2.91756,1.2511,0.311084,2.60648,,,0.170814,21.261
2025-11-05 20:00:00,3.39327,1.7295,0.294277,3.09899,,,0.152406,18.873
2025-11-05 21:00:00,4.42119,2.3051,0.517493,3.90369,,,0.150263,17.194
2025-11-05 22:00:00,3.0661,2.3842,0.2002,2.8658,,,0.136,12.2
2025-11-05 23:00:00,1.99873,1.7502,0.133753,1.86497,,,0.122635,10.96
2025-11-06 00:00:00,2.22066,2.01512,0.14761,2.07305,,,0.110314,11.643
2025-11-06 01:00:00,1.56015,1.32216,0.079277,1.48087,,,0.089629,4.521
2025-11-06 02:00:00,0.553724,0.501561,0.020242,0.533482,,,0.071678,1.7
2025-11-06 03:00:00,0.438356,0.372119,0.024138,0.414218,,,0.079233,4.572
2025-11-06 04:00:00,0.074942,0.06266,0.01127,0.063672,,,0.072812,2.511
2025-11-06 05:00:00,0.150809,0.141738,0.012383,0.138426,,,0.068109,1.316
2025-11-06 06:00:00,1.02402,0.600244,0.092505,0.931511,,,0.104582,5.04
2025-11-06 07:00:00,3.55027,1.50181,0.245385,3.30489,,,0.158078,13.755
2025-11-06 08:00:00,4.29184,1.9385,0.260408,4.03143,,,0.171377,17.107
2025-11-06 09:00:00,3.17366,1.3715,0.215075,2.95859,,,0.16899,14.891
2025-11-06 10:00:00,3.41028,1.62394,0.267797,3.14248,,,0.180113,18.934
2025-11-06 11:00:00,3.5779,2.0539,0.225794,3.35211,,,0.163705,14.073
2025-11-06 12:00:00,2.7458,1.25609,0.230039,2.51576,,,0.161593,11.319
2025-11-06 13:00:00,2.99857,1.31286,0.230471,2.7681,,,0.158396,13.997
2025-11-06 14:00:00,2.48727,0.97847,0.214564,2.27271,,,0.169653,15.465
2025-11-06 15:00:00,3.55154,1.46395,0.450382,3.10115,,,0.188632,14.251
2025-11-06 16:00:00,3.38939,1.48788,0.452744,2.93665,,,0.187496,18.255
2025-11-06 17:00:00,4.17839,1.84558,0.2971,3.88129,,,0.202678,19.736
2025-11-06 18:00:00,5.81198,2.53356,0.430827,5.38116,,,0.18562,23.114
2025-11-06 19:00:00,4.58273,1.70235,0.428522,4.15421,,,0.181638,20.595
2025-11-06 20:00:00,5.81796,2.61599,0.988015,4.82995,,,0.175307,21.466
2025-11-06 21:00:00,6.83733,3.207,0.348788,6.48854,,,0.158872,14.107
2025-11-06 22:00:00,4.6923,2.81313,0.284301,4.408,,,0.144164,19.778
2025-11-06 23:00:00,7.86934,6.22574,0.287337,7.582,,,0.149996,24.002
2025-11-07 00:00:00,11.406,12.6452,0.516801,10.8892,,,0.121986,11.766
2025-11-07 01:00:00,2.70907,1.80604,0.116067,2.593,,,0.11209,8.703
2025-11-07 02:00:00,0.850952,0.434159,0.055809,0.795143,,,0.132292,8.365
2025-11-07 03:00:00,1.52065,0.676447,0.063892,1.45676,,,0.107213,8.263
2025-11-07 04:00:00,0.409967,0.173274,0.056468,0.353499,,,0.112988,5.788
2025-11-07 05:00:00,0.659737,0.22124,0.04359,0.616147,,,0.105903,6.701
2025-11-07 06:00:00,1.00292,0.356912,0.076054,0.926869,,,0.126569,11.162
2025-11-07 07:00:00,7.00775,1.73202,1.14383,5.86393,,,0.181052,24.455
2025-11-07 08:00:00,5.29354,1.52288,0.326701,4.96684,,,0.188748,27.98
2025-11-07 09:00:00,3.6389,1.29961,0.260799,3.37811,,,0.176188,20.527
2025-11-07 10:00:00,3.20435,1.57539,0.205697,2.99865,,,0.169351,14.698
2025-11-07 11:00:00,1.7066,1.04828,0.145576,1.56102,,,0.14505,8.851
2025-11-07 12:00:00,1.69188,0.932682,0.136394,1.55549,,,0.138053,7.57
2025-11-07 13:00:00,2.15321,1.40733,0.189345,1.96386,,,0.148728,10.015
2025-11-07 14:00:00,1.88077,1.12891,0.236569,1.6442,,,0.148482,10.947
2025-11-07 15:00:00,2.26873,1.39529,0.266904,2.00183,,,0.154253,10.841
2025-11-07 16:00:00,4.13716,1.90127,0.294649,3.84251,,,0.181915,18.035
2025-11-07 17:00:00,5.00422,2.59824,0.503193,4.50102,,,0.218564,23.609
2025-11-07 18:00:00,5.89409,3.08914,0.574677,5.31941,,,0.209536,26.703
2025-11-07 19:00:00,4.7762,2.2679,0.45178,4.32442,,,0.215028,28.034
2025-11-07 20:00:00,4.03186,1.84609,0.395033,3.63682,,,0.204058,27.131
2025-11-07 21:00:00,3.80329,2.67085,0.330047,3.47324,,,0.187061,24.132
2025-11-07 22:00:00,3.59567,2.1052,0.250868,3.34481,,,0.158499,20.589
2025-11-07 23:00:00,3.22417,2.28017,0.201892,3.02227,,,0.124554,11.977
2025-11-08 00:00:00,1.9995,1.90067,0.089779,1.90972,,,0.09647,7.362
2025-11-08 01:00:00,1.90643,1.62388,0.060572,1.84586,,,0.096916,6.248
2025-11-08 02:00:00,0.412978,0.437476,0.028033,0.384945,,,0.077624,3.838
2025-11-08 03:00:00,0.49944,0.425416,0.026191,0.473249,,,0.08079,4.269
2025-11-08 04:00:00,0.185258,0.115932,0.023712,0.161546,,,0.08777,3.824
2025-11-08 05:00:00,0.152355,0.08941,0.008544,0.143811,,,0.08194,3.392
2025-11-08 06:00:00,1.47538,0.868891,0.068803,1.40657,,,0.110518,6.653
2025-11-08 07:00:00,1.96899,1.12771,0.222296,1.74669,,,0.128634,10.218
2025-11-08 08:00:00,2.87932,1.36461,0.184434,2.69489,,,0.151339,14.953
2025-11-08 09:00:00,4.75916,1.97804,0.290516,4.46865,,,0.169691,16.82
2025-11-08 10:00:00,3.89098,1.92623,0.310422,3.58056,,,0.170553,17.4
2025-11-08 11:00:00,2.92542,1.5033,0.27793,2.64749,,,0.164123,13.233
2025-11-08 12:00:00,2.84505,1.68946,0.460417,2.38463,,,0.165588,12.978
2025-11-08 13:00:00,2.43782,1.40104,0.199401,2.23841,,,0.160481,13.387
2025-11-08 14:00:00,3.17796,1.88715,0.285433,2.89253,,,0.172639,15.684
2025-11-08 15:00:00,4.7827,2.8951,0.344022,4.43868,,,0.183868,15.853
2025-11-08 16:00:00,4.9002,2.41152,0.655808,4.24439,,,0.178754,20.466
2025-11-08 17:00:00,3.79767,1.97179,0.408015,3.38966,,,0.175122,17.28
2025-11-08 18:00:00,3.04363,1.97895,0.272358,2.77127,,,0.153866,13.047
2025-11-08 19:00:00,2.5486,2.58479,0.157125,2.39147,,,0.153283,12.317
2025-11-08 20:00:00,3.08247,2.05224,0.2591,2.82337,,,0.149087,15.523
2025-11-08 21:00:00,4.74419,3.02563,0.420655,4.32353,,,0.173578,17.818
2025-11-08 22:00:00,3.31456,2.1085,0.313602,3.00096,,,0.151541,14.388
2025-11-08 23:00:00,3.10112,1.87719,0.238882,2.86224,,,0.125082,7.844
2025-11-09 00:00:00,4.42859,2.88696,0.240893,4.1877,,,0.118821,10.422
2025-11-09 01:00:00,1.53665,1.18203,0.07252,1.46412,,,0.100263,4.598
2025-11-09 02:00:00,0.510101,0.316047,0.029765,0.480336,,,0.089475,3.029
2025-11-09 03:00:00,0.660767,0.446464,0.035718,0.625049,,,0.079878,3.176
2025-11-09 04:00:00,0.230313,0.341711,0.009454,0.220859,,,0.075339,1.258
2025-11-09 05:00:00,0.4104,0.2539,0.0312,0.3791,,,0.0852,3.091
2025-11-09 06:00:00,1.417,0.6597,0.0686,1.3483,,,0.1128,6.094
2025-11-09 07:00:00,2.6018,1.2354,0.1338,2.468,,,0.1353,10.655
2025-11-09 08:00:00,2.3636,1.0922,0.148,2.2156,,,0.144,11.022
2025-11-09 09:00:00,3.145,1.3452,0.2663,2.8787,,,0.1631,14.091
2025-11-09 10:00:00,3.927,1.5546,0.2907,3.6363,,,0.1748,16.61
2025-11-09 11:00:00,3.388,1.4344,0.329,3.059,,,0.1639,13.301
2025-11-09 12:00:00,3.5498,1.9721,0.3736,3.1762,,,0.1706,16.777
2025-11-09 13:00:00,4.4896,2.3881,0.3451,4.1445,,,0.1704,12.715
2025-11-09 14:00:00,4.8957,2.9422,0.4054,4.4903,,,0.1715,16.203
2025-11-09 15:00:00,4.0529,1.9945,0.3241,3.7289,,,0.1745,15.873
2025-11-09 16:00:00,6.3803,3.0882,0.4416,5.9387,,,0.1856,22.979
2025-11-09 17:00:00,5.8207,2.7665,0.4384,5.3822,,,0.1779,20.258
2025-11-09 18:00:00,4.2961,2.0019,0.3225,3.9736,,,0.1662,20.383
2025-11-09 19:00:00,2.8519,1.3898,0.5149,2.337,,,0.1553,15.964
2025-11-09 20:00:00,3.293,1.7009,0.8803,2.4127,,,0.1489,14.672
2025-11-09 21:00:00,5.705,3.0606,0.3068,5.3982,,,0.155,20.032
2025-11-09 22:00:00,5.6178,2.9413,0.2861,5.3317,,,0.1452,21.985
2025-11-09 23:00:00,1.8082,1.1517,0.1172,1.691,,,0.1098,11.237
2025-11-10 00:00:00,3.7036,3.0111,0.135,3.5687,,,0.107,8.402
2025-11-10 01:00:00,1.4981,1.2259,0.0534,1.4447,,,0.0872,3.175
2025-11-10 02:00:00,1.0112,0.8628,0.0526,0.9586,,,0.0894,3.872
2025-11-10 03:00:00,0.3733,0.2899,0.035,0.3383,,,0.0951,6.134
2025-11-10 04:00:00,0.4557,0.2551,0.031,0.4246,,,0.0933,3.495
2025-11-10 05:00:00,0.2408,0.1597,0.0154,0.2254,,,0.087,2.879
2025-11-10 06:00:00,1.8172,1.0243,0.233,1.5842,,,0.114,6.155
2025-11-10 07:00:00,2.2785,0.8232,0.2015,2.077,,,0.1562,12.4
2025-11-10 08:00:00,2.29858,0.971159,0.198931,2.09964,,,0.156869,12.484
2025-11-10 09:00:00,2.31865,1.11912,0.196362,2.12229,,,0.157538,12.568
2025-11-10 10:00:00,2.33873,1.26708,0.193792,2.14493,,,0.158207,12.652
2025-11-10 11:00:00,,,,,,,,
2025-11-10 12:00:00,2.37887,1.56299,0.188654,2.19022,,,0.159545,12.82
2025-11-10 13:00:00,2.57965,1.29371,0.235587,2.34406,,,0.166582,12.56
2025-11-10 14:00:00,2.4578,1.10911,0.21382,2.24398,,,0.17596,14.758
2025-11-10 15:00:00,3.23013,1.35606,0.260762,2.96937,,,0.191779,15.143
2025-11-10 16:00:00,4.13508,1.89682,0.426087,3.70899,,,0.199109,16.819
2025-11-10 17:00:00,3.94546,1.99467,0.484109,3.46135,,,0.18604,19.07
2025-11-10 18:00:00,5.07292,2.46738,0.529317,4.54361,,,0.193059,23.059
2025-11-10 19:00:00,3.81663,1.79016,0.403025,3.4136,,,0.180949,20.785
2025-11-10 20:00:00,3.30684,1.93157,0.258275,3.04857,,,0.159815,17.013
2025-11-10 21:00:00,4.11284,2.4836,0.425124,3.68772,,,0.152013,16.556
2025-11-10 22:00:00,1.39925,0.859493,0.237696,1.16156,,,0.1139,8.738
2025-11-10 23:00:00,2.60893,2.64061,0.165497,2.44343,,,0.112108,7.188
2025-11-11 00:00:00,2.33996,2.17873,0.115797,2.22416,,,0.108174,7.714
2025-11-11 01:00:00,1.21583,1.0993,0.083012,1.13282,,,0.092921,4.008
2025-11-11 02:00:00,0.391536,0.474014,0.030404,0.361132,,,0.072514,1.78
2025-11-11 03:00:00,0.231137,0.233472,0.021212,0.209925,,,0.074701,1.66
2025-11-11 04:00:00,0.060313,0.066134,0.009285,0.051028,,,0.075778,1.378
2025-11-11 05:00:00,0.211004,0.253001,0.012382,0.198622,,,0.07511,1.478
2025-11-11 06:00:00,0.841897,0.589563,0.068758,0.773139,,,0.099579,4.561
2025-11-11 07:00:00,2.80971,1.48977,0.237108,2.5726,,,0.150866,11.351
2025-11-11 08:00:00,3.42068,1.71548,0.195522,3.22515,,,0.17307,14.839
2025-11-11 09:00:00,2.07513,1.11686,0.200162,1.87496,,,0.161263,11.502
2025-11-11 10:00:00,4.25096,2.27567,0.294696,3.95626,,,0.181361,15.244
2025-11-11 11:00:00,3.0875,1.67254,0.263205,2.8243,,,0.174191,16.272
2025-11-11 12:00:00,2.55804,1.33788,0.388719,2.16932,,,0.159681,12.866
2025-11-11 13:00:00,1.73277,0.846079,0.270668,1.4621,,,0.15331,10.596
2025-11-11 14:00:00,2.08793,1.07293,0.201656,1.88627,,,0.160914,12.986
2025-11-11 15:00:00,1.97883,0.950449,0.290138,1.6887,,,0.165075,12.341
2025-11-11 16:00:00,2.10851,1.01273,0.253176,1.85534,,,0.168205,12.523
2025-11-11 17:00:00,3.20951,1.8595,0.278943,2.93056,,,0.195161,17.176
2025-11-11 18:00:00,3.32051,2.43439,0.309493,3.01102,,,0.187647,21.005
2025-11-11 19:00:00,2.17732,1.26588,0.338401,1.83892,,,0.161488,15.991
2025-11-11 20:00:00,2.49266,1.40511,0.418169,2.07449,,,0.158646,14.498
2025-11-11 21:00:00,1.83275,1.36569,0.198399,1.63435,,,0.142948,12.264
2025-11-11 22:00:00,2.33938,1.45847,0.396832,1.94255,,,0.119935,9.162
2025-11-11 23:00:00,1.91841,1.49177,0.115282,1.80313,,,0.096116,5
2025-11-12 00:00:00,2.81853,2.69975,0.134879,2.68366,,,0.105219,6.445
2025-11-12 01:00:00,2.52924,2.38159,0.051651,2.47759,,,0.082637,3.254
2025-11-12 02:00:00,0.966524,0.974318,0.033508,0.933016,,,0.071533,2.368
2025-11-12 03:00:00,0.759405,0.861004,0.030112,0.729293,,,0.063879,1.957
2025-11-12 04:00:00,0.495438,0.320051,0.032215,0.463223,,,0.07934,2.981
2025-11-12 05:00:00,1.16147,1.05588,0.033352,1.12811,,,0.065976,2.134
2025-11-12 06:00:00,1.31479,0.932479,0.069607,1.24519,,,0.102228,4.362
2025-11-12 07:00:00,2.52574,1.12655,0.202449,2.32329,,,0.157777,12.723
2025-11-12 08:00:00,3.86903,1.95208,0.227257,3.64177,,,0.170277,14.308
2025-11-12 09:00:00,2.65872,1.11057,0.165643,2.49307,,,0.161086,12.624
2025-11-12 10:00:00,2.19209,0.982121,0.149558,2.04254,,,0.16107,14.075
2025-11-12 11:00:00,4.4652,1.86672,0.324115,4.14108,,,0.173565,18.647
2025-11-12 12:00:00,3.97941,1.94878,0.266759,3.71265,,,0.170363,16.477
2025-11-12 13:00:00,4.26652,2.41319,0.19427,4.07225,,,0.156277,12.999
2025-11-12 14:00:00,2.08346,0.894188,0.207403,1.87605,,,0.153751,12.263
2025-11-12 15:00:00,2.57625,1.11816,0.293859,2.28239,,,0.175659,16.814
2025-11-12 16:00:00,2.79904,1.08322,0.289226,2.50981,,,0.168275,15.486
2025-11-12 17:00:00,4.30627,2.13182,0.313992,3.99228,,,0.186039,19.202
2025-11-12 18:00:00,3.48084,2.25151,0.419629,3.06121,,,0.179698,18.297
2025-11-12 19:00:00,4.4446,2.71675,0.381684,4.06292,,,0.163255,16.886
2025-11-12 20:00:00,3.53015,2.47209,0.246026,3.28412,,,0.145852,13.432
2025-11-12 21:00:00,3.47171,2.29915,0.292908,3.17881,,,0.140549,14.761
2025-11-12 22:00:00,2.04313,1.58628,0.191948,1.85118,,,0.131356,13.448
2025-11-12 23:00:00,1.6125,1.4848,0.09789,1.51461,,,0.1128,9.555
2025-11-13 00:00:00,1.3723,1.0926,0.068047,1.30425,,,0.093545,5.741
2025-11-13 01:00:00,1.25277,1.04224,0.098205,1.15456,,,0.085678,4.368
2025-11-13 02:00:00,0.743615,0.697574,0.034732,0.708883,,,0.09441,4.45
2025-11-13 03:00:00,1.96222,1.69742,0.043667,1.91855,,,0.092158,5.03
2025-11-13 04:00:00,0.848439,0.50085,0.072553,0.775886,,,0.098258,4.777
2025-11-13 05:00:00,0.621767,0.523373,0.025699,0.596068,,,0.08349,3.107
2025-11-13 06:00:00,0.797235,0.566218,0.060658,0.736577,,,0.106881,5.485
2025-11-13 07:00:00,2.88186,1.35172,0.18776,2.6941,,,0.159506,13.773
2025-11-13 08:00:00,2.95948,1.3319,0.250602,2.70888,,,0.173373,16.311
2025-11-13 09:00:00,2.31856,1.03971,0.29878,2.01978,,,0.172067,15.769
2025-11-13 10:00:00,2.61862,1.08118,0.293504,2.32511,,,0.174642,16.612
2025-11-13 11:00:00,1.86532,1.03285,0.279308,1.58601,,,0.167691,12.161
2025-11-13 12:00:00,2.37094,1.53757,0.193622,2.17732,,,0.161049,11.178
2025-11-13 13:00:00,1.94159,1.33168,0.164785,1.7768,,,0.153815,13.098
2025-11-13 14:00:00,1.50005,0.86708,0.167583,1.33247,,,0.158427,11.171
2025-11-13 15:00:00,2.6494,1.41376,0.234294,2.4151,,,0.164695,12.831
2025-11-13 16:00:00,4.99045,2.72107,0.259603,4.73085,,,0.192409,19.607
2025-11-13 17:00:00,5.79844,2.65496,0.409192,5.38925,,,0.191124,21.279
2025-11-13 18:00:00,5.64438,3.38799,0.317837,5.32655,,,0.177619,21.084
2025-11-13 19:00:00,9.45675,5.60234,0.292251,9.1645,,,0.189259,19.054
2025-11-13 20:00:00,3.29769,2.40356,0.270548,3.02714,,,0.168848,15.513
2025-11-13 21:00:00,4.3039,3.18336,0.51792,3.78598,,,0.175345,17.267
2025-11-13 22:00:00,3.04845,2.12584,0.176147,2.8723,,,0.130062,13.901
2025-11-13 23:00:00,1.27993,0.905185,0.092151,1.18778,,,0.11552,6.65
2025-11-14 00:00:00,1.60014,0.897945,0.088522,1.51162,,,0.099058,8.059
2025-11-14 01:00:00,2.04965,1.43936,0.046353,2.0033,,,0.087502,4.576
2025-11-14 02:00:00,3.40894,2.69269,0.0438,3.36514,,,0.09308,5.349
2025-11-14 03:00:00,0.053763,0.038184,0.009131,0.044632,,,0.06236,1.446
2025-11-14 04:00:00,0.064558,0.045463,0.015067,0.049491,,,0.067564,1.594
2025-11-14 05:00:00,0.26025,0.142995,0.022169,0.238081,,,0.078972,2.645
2025-11-14 06:00:00,0.659768,0.374868,0.06044,0.599328,,,0.106852,5.193
2025-11-14 07:00:00,2.67188,1.26151,0.203713,2.46816,,,0.154316,14.746
2025-11-14 08:00:00,2.95151,1.40548,0.261779,2.68974,,,0.166266,15.625
2025-11-14 09:00:00,2.25749,1.02988,0.219672,2.03781,,,0.165328,14.514
2025-11-14 10:00:00,3.45749,1.52447,0.307168,3.15032,,,0.175005,15.717
2025-11-14 11:00:00,2.0965,1.01378,0.238234,1.85827,,,0.168609,13.736
2025-11-14 12:00:00,2.91835,1.59998,0.292617,2.62574,,,0.167229,15.596
2025-11-14 13:00:00,3.08485,1.82752,0.239889,2.84496,,,0.164257,14.185
2025-11-14 14:00:00,2.05934,1.09539,0.311908,1.74743,,,0.161477,11.705
2025-11-14 15:00:00,2.66944,1.20898,0.20592,2.46352,,,0.174814,18.601
2025-11-14 16:00:00,2.27129,1.1015,0.200101,2.07119,,,0.174121,14.167
2025-11-14 17:00:00,3.86644,2.1795,0.355256,3.51118,,,0.192118,20.562
2025-11-14 18:00:00,4.81348,2.45586,0.421252,4.39222,,,0.189257,22.47
2025-11-14 19:00:00,3.52255,2.02213,0.272784,3.24977,,,0.17595,18.501
2025-11-14 20:00:00,1.89641,1.5147,0.214921,1.68149,,,0.142189,11.948
2025-11-14 21:00:00,3.15413,2.08606,0.456767,2.69736,,,0.15046,14.672
2025-11-14 22:00:00,2.9022,1.88945,0.25841,2.64379,,,0.155495,16.986
2025-11-14 23:00:00,2.03902,1.64703,0.159628,1.87939,,,0.13117,13.431
2025-11-15 00:00:00,2.10702,1.12916,0.139117,1.96791,,,0.132224,13.596
2025-11-15 01:00:00,1.9109,1.12538,0.081145,1.82975,,,0.098434,5.444
2025-11-15 02:00:00,1.4855,1.07645,0.073504,1.412,,,0.094645,5.82
2025-11-15 03:00:00,0.139816,0.124613,0.017645,0.122171,,,0.067939,1.839
2025-11-15 04:00:00,0.285526,0.201928,0.015396,0.27013,,,0.077476,1.952
2025-11-15 05:00:00,0.572139,0.4128,0.06788,0.504259,,,0.074157,1.952
2025-11-15 06:00:00,1.42602,1.05164,0.370398,1.05562,,,0.096787,5.096
2025-11-15 07:00:00,2.20526,1.15822,0.28599,1.91927,,,0.138157,11.584
2025-11-15 08:00:00,1.837,0.976089,0.13303,1.70397,,,0.148691,11.433
2025-11-15 09:00:00,4.69643,2.42084,0.274154,4.42228,,,0.176965,17.648
2025-11-15 10:00:00,4.87269,2.50395,0.299581,4.57311,,,0.186399,21.22
2025-11-15 11:00:00,3.5097,1.74612,0.446469,3.06323,,,0.173554,15.671
2025-11-15 12:00:00,2.94601,1.38701,0.253,2.69301,,,0.166431,15.977
2025-11-15 13:00:00,5.31101,2.85846,0.352645,4.95837,,,0.177123,22.275
2025-11-15 14:00:00,3.67609,1.83072,0.263433,3.41266,,,0.170617,15.965
2025-11-15 15:00:00,2.32669,1.09234,0.183463,2.14323,,,0.174202,13.967
2025-11-15 16:00:00,2.50079,1.2643,0.356557,2.14423,,,0.166262,13.69
2025-11-15 17:00:00,3.70298,1.88351,0.322083,3.3809,,,0.176272,17.255
2025-11-15 18:00:00,2.48154,1.56861,0.235479,2.24606,,,0.156927,11.733
2025-11-15 19:00:00,2.41179,1.3519,0.297046,2.11474,,,0.148289,13.298
2025-11-15 20:00:00,2.62791,1.50338,0.180742,2.44717,,,0.159917,15.132
2025-11-15 21:00:00,4.73311,2.82068,0.996673,3.73644,,,0.160293,16.125
2025-11-15 22:00:00,2.84515,1.55984,0.259162,2.58599,,,0.139675,11.793
2025-11-15 23:00:00,3.54799,2.54154,0.374562,3.17343,,,0.12833,10.033
2025-11-16 00:00:00,0.905774,0.645139,0.059096,0.846678,,,0.103514,6.768
2025-11-16 01:00:00,2.55785,1.25262,0.163807,2.39404,,,0.110566,9.198
2025-11-16 02:00:00,0.538347,0.284839,0.03134,0.507007,,,0.091654,3.593
2025-11-16 03:00:00,0.696383,0.352778,0.039349,0.657034,,,0.102912,4.651
2025-11-16 04:00:00,0.512661,0.227849,0.040055,0.472606,,,0.1056,4.106
2025-11-16 05:00:00,0.907435,0.480633,0.017045,0.89039,,,0.091797,2.375
2025-11-16 06:00:00,0.773859,0.618098,0.064253,0.709606,,,0.103004,4.282
2025-11-16 07:00:00,2.00049,1.08134,0.123773,1.87671,,,0.126729,8.201
2025-11-16 08:00:00,1.84683,1.08255,0.172617,1.67422,,,0.137159,11.582
2025-11-16 09:00:00,3.67833,1.98829,0.322401,3.35593,,,0.163872,19.363
2025-11-16 10:00:00,3.58469,1.79414,0.266149,3.31855,,,0.168946,16.227
2025-11-16 11:00:00,3.5107,1.87738,0.251666,3.25903,,,0.163327,14.093
2025-11-16 12:00:00,5.1688,2.65885,0.27364,4.89516,,,0.166381,16.976
2025-11-16 13:00:00,3.98904,2.43531,0.245654,3.74339,,,0.169885,17.796
2025-11-16 14:00:00,4.10053,2.18811,0.257843,3.84268,,,0.164934,15.769
2025-11-16 15:00:00,3.08191,1.43079,0.326406,2.75551,,,0.168646,13.64
2025-11-16 16:00:00,3.21312,1.63768,0.270946,2.94218,,,0.164215,15.064
2025-11-16 17:00:00,3.80067,2.14002,0.35761,3.44306,,,0.173978,14.912
2025-11-16 18:00:00,2.16932,1.2256,0.300498,1.86882,,,0.148536,12.08
2025-11-16 19:00:00,2.11243,1.37528,0.219355,1.89307,,,0.158708,17.224
2025-11-16 20:00:00,2.26807,1.22334,0.244205,2.02387,,,0.148948,12.481
2025-11-16 21:00:00,3.22102,2.11909,0.225607,2.99542,,,0.131489,12.687
2025-11-16 22:00:00,6.38365,5.54137,0.4309,5.95275,,,0.128705,12.993
2025-11-16 23:00:00,1.93294,1.14375,0.257914,1.67502,,,0.117286,10.018
2025-11-17 00:00:00,2.40385,1.32956,0.107568,2.29628,,,0.10723,7.848
2025-11-17 01:00:00,2.01196,1.07362,0.060612,1.95134,,,0.103454,5.924
2025-11-17 02:00:00,1.10669,0.530531,0.037417,1.06927,,,0.094113,4.47
2025-11-17 03:00:00,0.496968,0.234198,0.018655,0.478313,,,0.087026,2.584
2025-11-17 04:00:00,0.149828,0.158718,0.008703,0.141125,,,0.065131,1.07
2025-11-17 05:00:00,0.206963,0.212925,0.025695,0.181268,,,0.06511,1.26
2025-11-17 06:00:00,1.6223,1.1021,0.071373,1.55093,,,0.116005,6.035
2025-11-17 07:00:00,2.45755,0.999817,0.203487,2.25406,,,0.15813,12.431
2025-11-17 08:00:00,2.84888,1.14505,0.282537,2.56635,,,0.171789,14.741
2025-11-17 09:00:00,2.46674,0.970395,0.183957,2.28279,,,0.16251,14.998
2025-11-17 10:00:00,2.15732,0.907961,0.434639,1.72268,,,0.159594,13.018
2025-11-17 11:00:00,2.31653,1.11265,0.201913,2.11461,,,0.161839,12.797
2025-11-17 12:00:00,2.32941,1.24301,0.217291,2.11212,,,0.15578,13.554
2025-11-17 13:00:00,2.27178,1.27199,0.162224,2.10956,,,0.145393,11.004
2025-11-17 14:00:00,1.87402,1.02518,0.177823,1.6962,,,0.159503,10.634
2025-11-17 15:00:00,2.13695,1.25408,0.161644,1.97531,,,0.151722,12.171
2025-11-17 16:00:00,1.87256,0.88162,0.157501,1.71506,,,0.16488,12.365
2025-11-17 17:00:00,3.43007,1.76808,0.327681,3.10239,,,0.173306,17.076
2025-11-17 18:00:00,5.17783,2.81098,0.731012,4.44681,,,0.186884,15.837
2025-11-17 19:00:00,5.63672,2.94499,0.567662,5.06906,,,0.17194,22.853
2025-11-17 20:00:00,2.80148,1.53086,0.361798,2.43968,,,0.154692,15.86
2025-11-17 21:00:00,1.737,0.972564,0.194346,1.54265,,,0.139204,11.869
2025-11-17 22:00:00,2.18064,1.17745,0.147831,2.03281,,,0.129796,12.855
2025-11-17 23:00:00,1.54452,0.992624,0.092544,1.45198,,,0.11116,9.605
2025-11-18 00:00:00,1.60349,1.01873,0.099215,1.50427,,,0.10571,8.537
2025-11-18 01:00:00,2.70002,1.32224,0.055385,2.64463,,,0.10305,4.635
2025-11-18 02:00:00,1.63136,0.969891,0.067973,1.56338,,,0.098968,7.45
2025-11-18 03:00:00,2.34784,1.64185,0.573351,1.77449,,,0.1014,7.63
2025-11-18 04:00:00,2.53593,2.62518,0.06293,2.473,,,0.091535,7.112
2025-11-18 05:00:00,0.779833,0.766042,0.030923,0.74891,,,0.079024,5.192
2025-11-18 06:00:00,0.94232,0.572491,0.113177,0.829143,,,0.115122,8.188
2025-11-18 07:00:00,3.99109,1.872,0.350373,3.64072,,,0.171007,17.6
2025-11-18 08:00:00,3.11668,1.65254,0.214456,2.90223,,,0.169918,16.87
2025-11-18 09:00:00,2.55454,1.06795,0.191596,2.36294,,,0.170327,16.085
2025-11-18 10:00:00,2.21905,0.90132,0.244053,1.975,,,0.170542,15.636
2025-11-18 11:00:00,1.94521,0.874645,0.291401,1.65381,,,0.162779,12.195
2025-11-18 12:00:00,3.61831,1.67981,0.266391,3.35192,,,0.180104,12.969
2025-11-18 13:00:00,2.05473,0.891811,0.17861,1.87612,,,0.153537,13.095
2025-11-18 14:00:00,3.29941,1.38631,0.204378,3.09504,,,0.173467,16.516
2025-11-18 15:00:00,2.53329,0.84443,0.220984,2.31231,,,0.170085,16.802
2025-11-18 16:00:00,3.45181,1.37962,0.393606,3.0582,,,0.178214,20.286
2025-11-18 17:00:00,4.10997,1.71678,0.478024,3.63195,,,0.199773,21.637
2025-11-18 18:00:00,5.26588,2.54636,0.483256,4.78262,,,0.183669,20.835
2025-11-18 19:00:00,3.73876,1.7669,0.32989,3.40887,,,0.179087,19.784
2025-11-18 20:00:00,1.73331,1.022,0.212694,1.52062,,,0.162803,14.908
2025-11-18 21:00:00,2.59436,1.37998,0.275109,2.31925,,,0.142299,16.474
2025-11-18 22:00:00,2.76462,2.1872,0.159109,2.60551,,,0.128524,8.975
2025-11-18 23:00:00,1.1972,1.12098,0.066586,1.13062,,,0.101066,4.271
2025-11-19 00:00:00,1.6377,1.39024,0.112872,1.52483,,,0.098786,6.704
2025-11-19 01:00:00,1.13347,0.722874,0.040046,1.09342,,,0.096036,3.603
2025-11-19 02:00:00,0.332141,0.191325,0.096545,0.235596,,,0.081213,1.733
2025-11-19 03:00:00,0.903554,0.575512,0.03925,0.864304,,,0.08512,1.908
2025-11-19 04:00:00,1.39021,0.700711,0.058818,1.33139,,,0.099722,4.789
2025-11-19 05:00:00,3.21728,2.15635,0.096102,3.12118,,,0.111004,5.417
2025-11-19 06:00:00,1.27538,0.854812,0.180932,1.09445,,,0.110785,5.75
2025-11-19 07:00:00,2.80686,1.32775,0.170649,2.63621,,,0.158856,12.152
2025-11-19 08:00:00,3.26813,1.52431,0.252621,3.01551,,,0.175214,17.746
2025-11-19 09:00:00,2.69495,0.967317,0.441694,2.25325,,,0.170399,17.534
2025-11-19 10:00:00,1.90586,0.96353,0.235416,1.67045,,,0.156997,10.183
2025-11-19 11:00:00,1.78772,0.878917,0.220575,1.56714,,,0.168347,13.317
2025-11-19 12:00:00,2.1372,1.0216,0.181224,1.95597,,,0.159682,11.664
2025-11-19 13:00:00,2.63812,1.17563,0.331667,2.30645,,,0.159029,13.263
2025-11-19 14:00:00,3.91421,1.62281,0.554673,3.35954,,,0.170595,18.131
2025-11-19 15:00:00,2.75683,1.0003,0.377997,2.37884,,,0.174792,16.893
2025-11-19 16:00:00,2.56359,1.00297,0.39486,2.16873,,,0.165894,15.234
2025-11-19 17:00:00,3.9435,1.58374,0.48301,3.46049,,,0.186285,21.015
2025-11-19 18:00:00,3.41374,1.66687,0.492308,2.92143,,,0.187362,22.297
2025-11-19 19:00:00,4.22234,2.00111,0.408889,3.81345,,,0.175147,23.185
2025-11-19 20:00:00,2.75336,1.71229,0.424975,2.32838,,,0.158897,16.006
2025-11-19 21:00:00,4.14906,2.79963,0.333034,3.81602,,,0.145585,16.633
2025-11-19 22:00:00,3.22737,2.49796,0.216136,3.01123,,,0.133418,13.462
2025-11-19 23:00:00,3.7517,3.33781,0.343587,3.40811,,,0.12688,13.329
2025-11-20 00:00:00,1.39469,1.03771,0.09842,1.29627,,,0.110239,12.236
2025-11-20 01:00:00,0.251391,0.148402,0.023881,0.22751,,,0.092961,3.77
2025-11-20 02:00:00,0.349799,0.247034,0.021801,0.327998,,,0.09064,3.252
2025-11-20 03:00:00,0.165387,0.118472,0.009569,0.155818,,,0.073551,1.363
2025-11-20 04:00:00,0.389611,0.221119,0.023637,0.365974,,,0.086728,2.358
2025-11-20 05:00:00,0.693583,0.481655,0.040658,0.652925,,,0.100361,3.317
2025-11-20 06:00:00,1.14648,0.64627,0.240974,0.90551,,,0.114443,6.273
2025-11-20 07:00:00,2.29241,1.03917,0.280725,2.01168,,,0.151687,12.608
2025-11-20 08:00:00,3.85755,1.90779,0.396302,3.46125,,,0.177222,15.075
2025-11-20 09:00:00,3.16356,1.72495,0.20733,2.95623,,,0.166749,15.932
2025-11-20 10:00:00,3.00243,1.41092,0.247619,2.75481,,,0.174976,16.739
2025-11-20 11:00:00,3.04737,1.6244,0.208716,2.83866,,,0.177295,14.056
2025-11-20 12:00:00,3.5002,1.83834,0.235099,3.2651,,,0.166754,15.385
2025-11-20 13:00:00,3.33036,1.79631,0.714901,2.61546,,,0.184693,17.05
2025-11-20 14:00:00,3.37387,1.68022,0.448284,2.92559,,,0.163168,14.926
2025-11-20 15:00:00,2.19079,1.08886,0.242021,1.94877,,,0.159678,12.726
2025-11-20 16:00:00,3.18929,1.61238,0.305407,2.88388,,,0.188641,15.411
2025-11-20 17:00:00,2.90375,1.45624,0.23052,2.67323,,,0.177327,16.027
2025-11-20 18:00:00,4.72775,2.92922,0.553552,4.1742,,,0.182928,19.198
2025-11-20 19:00:00,4.36614,2.33234,0.404148,3.962,,,0.167608,20.26
2025-11-20 20:00:00,2.72048,1.6428,0.38523,2.33525,,,0.154339,15.043
2025-11-20 21:00:00,4.09389,2.5523,0.235326,3.85857,,,0.151506,15.745
2025-11-20 22:00:00,3.87455,3.60088,0.18978,3.68477,,,0.134431,15.571
2025-11-20 23:00:00,1.7114,1.48559,0.08017,1.63123,,,0.114715,7.725
2025-11-21 00:00:00,1.1545,0.900545,0.112113,1.04239,,,0.101718,8.798
2025-11-21 01:00:00,1.33018,0.769781,0.148175,1.18201,,,0.0972,4.84
2025-11-21 02:00:00,0.733027,0.563,0.025271,0.707756,,,0.090676,2.627
2025-11-21 03:00:00,1.90484,1.37039,0.044685,1.86016,,,0.092122,3.115
2025-11-21 04:00:00,0.272173,0.158057,0.107708,0.164465,,,0.093492,2.693
2025-11-21 05:00:00,0.411013,0.309033,0.074149,0.336864,,,0.0967,2.802
2025-11-21 06:00:00,0.485389,0.272079,0.061654,0.423735,,,0.103123,3.44
2025-11-21 07:00:00,1.9616,0.941267,0.133454,1.82815,,,0.152479,11.304
2025-11-21 08:00:00,2.47651,1.23825,0.23943,2.23708,,,0.165963,11.797
2025-11-21 09:00:00,2.01701,0.884654,0.183944,1.83307,,,0.174646,13.09
2025-11-21 10:00:00,1.88346,0.916971,0.246157,1.6373,,,0.166998,14.722
2025-11-21 11:00:00,1.62963,0.776753,0.277434,1.35219,,,0.160037,12.802
2025-11-21 12:00:00,3.51157,2.14643,0.209487,3.30208,,,0.161082,13.272
2025-11-21 13:00:00,1.99999,0.933702,0.259112,1.74088,,,0.150729,12.076
2025-11-21 14:00:00,2.03432,1.08555,0.183961,1.85036,,,0.163395,12.602
2025-11-21 15:00:00,2.9477,1.24691,0.367701,2.58,,,0.169758,17.985
2025-11-21 16:00:00,5.39267,1.73175,0.405,4.98766,,,0.186775,24.68
2025-11-21 17:00:00,5.47599,2.5235,0.422112,5.05388,,,0.208007,26.403
2025-11-21 18:00:00,4.68002,2.63218,0.419275,4.26075,,,0.196223,24.595
2025-11-21 19:00:00,4.29934,2.59936,0.414478,3.88487,,,0.175972,19.961
2025-11-21 20:00:00,4.86599,3.18455,0.353405,4.51259,,,0.175502,19.757
2025-11-21 21:00:00,4.48063,2.80039,0.226765,4.25387,,,0.161868,18.816
2025-11-21 22:00:00,4.52196,3.29109,0.370832,4.15113,,,0.15411,17.632
2025-11-21 23:00:00,3.15206,1.90342,0.158411,2.99365,,,0.13281,16.601
2025-11-22 00:00:00,1.62299,1.38245,0.087813,1.53518,,,0.107424,8.756
2025-11-22 01:00:00,0.937149,0.895937,0.190553,0.746596,,,0.093967,3.724
2025-11-22 02:00:00,0.603888,0.722354,0.222464,0.381424,,,0.079172,3.16
2025-11-22 03:00:00,0.216339,0.227246,0.015417,0.200922,,,0.083985,2.121
2025-11-22 04:00:00,0.896649,0.742259,0.019396,0.877253,,,0.081079,1.973
2025-11-22 05:00:00,0.416241,0.427352,0.02911,0.387131,,,0.084609,2.445
2025-11-22 06:00:00,0.905083,0.828831,0.05157,0.853513,,,0.098569,5.469
2025-11-22 07:00:00,1.78651,1.08536,0.15559,1.63092,,,0.132,8.932
2025-11-22 08:00:00,3.60255,1.85317,0.563684,3.03887,,,0.16277,19.129
2025-11-22 09:00:00,2.77458,1.39426,0.223275,2.5513,,,0.162188,13.462
2025-11-22 10:00:00,2.82113,1.44082,0.261879,2.55925,,,0.171711,15.061
2025-11-22 11:00:00,3.56968,2.04683,0.470437,3.09924,,,0.17045,14.868
2025-11-22 12:00:00,3.23448,1.58088,0.296068,2.93841,,,0.164955,14.522
2025-11-22 13:00:00,2.4523,1.33422,0.197907,2.25439,,,0.153835,11.289
2025-11-22 14:00:00,3.3287,1.80516,0.285693,3.04301,,,0.172154,18.318
2025-11-22 15:00:00,2.49175,1.49385,0.264558,2.22719,,,0.168284,18.299
2025-11-22 16:00:00,2.90122,1.60821,0.363625,2.53759,,,0.169426,17.951
2025-11-22 17:00:00,3.60265,1.98166,0.339791,3.26286,,,0.174047,21.494
2025-11-22 18:00:00,5.16077,2.94901,0.3996,4.76117,,,0.172734,21.994
2025-11-22 19:00:00,3.33457,2.47005,0.237976,3.09659,,,0.159952,19.309
2025-11-22 20:00:00,7.31252,4.76076,0.716759,6.59577,,,0.169025,20.626
2025-11-22 21:00:00,3.45755,2.25984,0.436307,3.02124,,,0.162613,19.112
2025-11-22 22:00:00,3.01616,2.08298,0.388668,2.62749,,,0.136625,14.51
2025-11-22 23:00:00,3.6414,2.94136,0.227266,3.41413,,,0.126628,11.942
2025-11-23 00:00:00,3.3754,2.40071,0.1757,3.1997,,,0.119337,11.399
2025-11-23 01:00:00,2.90901,1.9088,0.192469,2.71654,,,0.123001,11.183
2025-11-23 02:00:00,1.42128,0.924112,0.102054,1.31923,,,0.108208,7.86
2025-11-23 03:00:00,0.795853,0.5327,0.053671,0.742182,,,0.095015,3.414
2025-11-23 04:00:00,0.173778,0.113878,0.013028,0.16075,,,0.084738,1.955
2025-11-23 05:00:00,0.237535,0.148273,0.019306,0.218229,,,0.087578,2.175
2025-11-23 06:00:00,0.4493,0.299134,0.033197,0.416103,,,0.098813,3.617
2025-11-23 07:00:00,2.53191,1.32145,0.789958,1.74195,,,0.140992,11.933
2025-11-23 08:00:00,1.67855,0.760213,0.163168,1.51538,,,0.145048,11.388
2025-11-23 09:00:00,3.37661,1.30371,0.536276,2.84033,,,0.167842,16.5
2025-11-23 10:00:00,3.87969,1.60053,0.378565,3.50112,,,0.176599,18.238
2025-11-23 11:00:00,4.60522,2.22474,0.309945,4.29527,,,0.177597,17.437
2025-11-23 12:00:00,3.29409,1.4865,0.259093,3.035,,,0.163711,14.626
2025-11-23 13:00:00,4.36966,1.92327,0.414209,3.95545,,,0.169466,18.789
2025-11-23 14:00:00,6.3458,2.99613,1.02496,5.32084,,,0.18021,20.088
2025-11-23 15:00:00,3.95104,1.97552,0.41968,3.53136,,,0.1744,19.038
2025-11-23 16:00:00,4.67828,2.31369,0.374341,4.30393,,,0.179464,20.114
2025-11-23 17:00:00,6.27497,3.15325,0.319791,5.95517,,,0.183192,19.558
2025-11-23 18:00:00,2.07544,1.02339,0.243315,1.83212,,,0.156383,12.847
2025-11-23 19:00:00,3.47879,1.86431,0.276032,3.20276,,,0.152737,13.377
2025-11-23 20:00:00,3.74642,2.74262,0.215163,3.53126,,,0.150499,12.54
2025-11-23 21:00:00,4.26701,2.57981,0.402067,3.86494,,,0.144164,14.679
2025-11-23 22:00:00,1.8813,1.4931,0.237201,1.6441,,,0.115422,9.195
2025-11-23 23:00:00,1.84819,1.79785,0.220297,1.6279,,,0.110703,8.498
2025-11-24 00:00:00,0.600569,1.61443,0.028822,0.571747,,,0.106168,1.85
2025-11-24 01:00:00,1.40076,0.714673,0.070432,1.33033,,,0.095418,7.461
2025-11-24 02:00:00,0.781454,0.638442,0.029587,0.751867,,,0.084198,3.01
2025-11-24 03:00:00,0.170531,0.149589,0.009504,0.161027,,,0.069881,1.616
2025-11-24 04:00:00,0.265344,0.229535,0.018456,0.246888,,,0.074919,1.812
2025-11-24 05:00:00,0.116736,0.092209,0.009978,0.106758,,,0.071027,0.961
2025-11-24 06:00:00,1.10727,0.648285,0.105569,1.0017,,,0.110545,5.553
2025-11-24 07:00:00,2.73824,1.33054,0.239021,2.49922,,,0.161033,13
2025-11-24 08:00:00,3.27713,1.36889,0.22426,3.05287,,,0.180924,15.638
2025-11-24 09:00:00,1.81193,0.775653,0.137777,1.67415,,,0.162008,11.027
2025-11-24 10:00:00,3.61025,1.5246,0.464388,3.14586,,,0.181489,19.834
2025-11-24 11:00:00,3.14779,1.74103,0.462675,2.68512,,,0.165862,15.085
2025-11-24 12:00:00,3.64225,1.68623,0.296133,3.34612,,,0.164798,14.48
2025-11-24 13:00:00,2.06015,1.20477,0.200637,1.85951,,,0.150899,12.221
2025-11-24 14:00:00,2.42255,1.52746,0.214466,2.20808,,,0.154824,9.704
2025-11-24 15:00:00,1.7552,0.923787,0.153634,1.60156,,,0.154145,11.296
2025-11-24 16:00:00,2.81176,1.28862,0.314942,2.49682,,,0.176875,16.677
2025-11-24 17:00:00,4.34129,2.19701,0.346296,3.99499,,,0.187502,18.798
2025-11-24 18:00:00,3.71702,2.02012,0.453449,3.26357,,,0.174927,17.717
2025-11-24 19:00:00,4.27697,2.20463,0.771572,3.5054,,,0.158893,16.789
2025-11-24 20:00:00,2.65089,1.46458,0.199315,2.45158,,,0.141156,12.814
2025-11-24 21:00:00,2.47431,1.71351,0.193985,2.28032,,,0.149493,13.721
2025-11-24 22:00:00,1.66494,1.07973,0.117704,1.54724,,,0.117587,8.471
2025-11-24 23:00:00,2.1735,2.21785,0.119978,2.05352,,,0.113967,9.654
2025-11-25 00:00:00,1.77003,1.85928,0.087409,1.68262,,,0.101446,6.922
2025-11-25 01:00:00,1.42789,1.19589,0.054413,1.37347,,,0.08568,3.536
2025-11-25 02:00:00,0.285336,0.215837,0.018293,0.267043,,,0.07319,1.754
2025-11-25 03:00:00,0.281412,0.25171,0.014699,0.266713,,,0.072208,1.256
2025-11-25 04:00:00,0.045084,0.039617,0.00566,0.039424,,,0.06115,0.739
2025-11-25 05:00:00,0.211387,0.190097,0.010047,0.20134,,,0.063258,1.025
2025-11-25 06:00:00,0.885802,0.588181,0.101594,0.784208,,,0.111258,4.902
2025-11-25 07:00:00,1.82903,0.871797,0.287408,1.54162,,,0.15729,11.025
2025-11-25 08:00:00,3.62648,2.01247,0.285847,3.34063,,,0.163131,13.031
2025-11-25 09:00:00,2.22443,0.954692,0.196704,2.02773,,,0.16677,14.656
2025-11-25 10:00:00,2.28938,0.966801,0.275847,2.01354,,,0.159035,12.903
2025-11-25 11:00:00,2.16463,1.07801,0.258555,1.90608,,,0.156866,11.556
2025-11-25 12:00:00,1.95001,1.1311,0.208592,1.74142,,,0.154479,10.848
2025-11-25 13:00:00,2.67846,1.48309,0.208806,2.46965,,,0.158932,12.75
2025-11-25 14:00:00,2.02677,1.32642,0.246762,1.78,,,0.150926,11.279
2025-11-25 15:00:00,3.42822,1.98853,0.284195,3.14403,,,0.160552,13.279
2025-11-25 16:00:00,2.07544,1.02441,0.294945,1.7805,,,0.167935,14.825
2025-11-25 17:00:00,4.26291,1.93593,0.34847,3.91444,,,0.186591,21.777
2025-11-25 18:00:00,5.0878,2.34245,0.351151,4.73665,,,0.192589,24.946
2025-11-25 19:00:00,3.78755,2.01895,0.403314,3.38424,,,0.168805,18.443
2025-11-25 20:00:00,2.53986,1.44147,0.291693,2.24817,,,0.140003,12.772
2025-11-25 21:00:00,3.04622,1.92069,0.228042,2.81817,,,0.144645,19.501
2025-11-25 22:00:00,3.04259,2.0558,0.170586,2.872,,,0.137282,16.923
2025-11-25 23:00:00,2.20963,1.78772,0.117896,2.09173,,,0.109982,7.326
2025-11-26 00:00:00,2.34281,1.64523,0.124068,2.21874,,,0.108158,7.995
2025-11-26 01:00:00,9.04815,5.46386,0.110819,8.93734,,,0.128646,8.618
2025-11-26 02:00:00,1.18957,0.808131,0.070496,1.11907,,,0.091452,4.202
2025-11-26 03:00:00,2.31944,1.58432,0.079766,2.23968,,,0.092844,3.213
2025-11-26 04:00:00,1.32114,0.807545,0.02296,1.29818,,,0.069821,1.594
2025-11-26 05:00:00,0.21038,0.131652,0.009496,0.200884,,,0.066812,1.252
2025-11-26 06:00:00,1.81946,1.06029,0.180888,1.63857,,,0.111829,7.159
2025-11-26 07:00:00,3.30305,1.32016,0.294504,3.00855,,,0.162779,12.858
2025-11-26 08:00:00,3.95443,1.57171,0.285161,3.66927,,,0.182773,17.682
2025-11-26 09:00:00,1.87724,0.80087,0.19656,1.68068,,,0.165712,14.239
2025-11-26 10:00:00,2.15321,0.733881,0.199504,1.9537,,,0.168837,12.951
2025-11-26 11:00:00,3.33606,1.50544,0.172743,3.16332,,,0.173493,12.156
2025-11-26 12:00:00,4.013,2.26467,0.303403,3.7096,,,0.185128,17.247
2025-11-26 13:00:00,1.72596,1.06279,0.194406,1.53156,,,0.160946,13.144
2025-11-26 14:00:00,1.27522,0.768204,0.144469,1.13075,,,0.162383,12.408
2025-11-26 15:00:00,1.79389,0.922785,0.277256,1.51664,,,0.18793,13.841
2025-11-26 16:00:00,2.91668,1.46273,0.353383,2.5633,,,0.211297,21.499
2025-11-26 17:00:00,6.44853,3.26673,0.408877,6.03965,,,0.224341,25.418
2025-11-26 18:00:00,4.02494,1.57964,0.401072,3.62386,,,0.212158,23.396
2025-11-26 19:00:00,3.41814,1.76375,0.276705,3.14144,,,0.19344,19.335
2025-11-26 20:00:00,3.08642,1.80704,0.354428,2.73199,,,0.18047,18.199
2025-11-26 21:00:00,3.93373,2.90956,0.281216,3.65251,,,0.159706,15.686
2025-11-26 22:00:00,2.17044,1.19386,0.175817,1.99462,,,0.138357,11.104
2025-11-26 23:00:00,0.741255,0.519086,0.056314,0.684941,,,0.099381,4.423
2025-11-27 00:00:00,1.22455,0.952218,0.092321,1.13223,,,0.088745,4.485
2025-11-27 01:00:00,0.716931,0.348363,0.050711,0.66622,,,0.091565,4.323
2025-11-27 02:00:00,0.278375,0.155865,0.022393,0.255982,,,0.083361,2.111
2025-11-27 03:00:00,0.11837,0.064613,0.009352,0.109018,,,0.073171,1.322
2025-11-27 04:00:00,0.738115,0.337347,0.037886,0.700229,,,0.091045,3.414
2025-11-27 05:00:00,0.396387,0.265675,0.022839,0.373548,,,0.082474,1.616
2025-11-27 06:00:00,0.652425,0.354194,0.046398,0.606027,,,0.109072,3.977
2025-11-27 07:00:00,2.1844,0.822438,0.258675,1.92572,,,0.153303,10.329
2025-11-27 08:00:00,2.46279,0.904772,0.181813,2.28098,,,0.164403,12.542
2025-11-27 09:00:00,2.43256,0.965303,0.204061,2.2285,,,0.178902,13.208
2025-11-27 10:00:00,2.44338,0.967291,0.246396,2.19698,,,0.208457,15.258
2025-11-27 11:00:00,3.49935,1.55388,0.240912,3.25843,,,0.176546,14.473
2025-11-27 12:00:00,2.13219,1.07145,0.146848,1.98534,,,0.158305,9.668
2025-11-27 13:00:00,1.47318,0.882145,0.180413,1.29277,,,0.19094,10.762
2025-11-27 14:00:00,2.59491,1.54828,0.192768,2.40214,,,0.19781,12.619
2025-11-27 15:00:00,1.98292,1.01169,0.197692,1.78523,,,0.171588,12.456
2025-11-27 16:00:00,2.563,1.17569,0.213861,2.34914,,,0.17514,13.131
2025-11-27 17:00:00,5.87847,2.50148,0.498592,5.37988,,,0.196219,23.144
2025-11-27 18:00:00,5.33087,2.41653,0.860148,4.47072,,,0.199558,24.548
2025-11-27 19:00:00,3.16117,1.40747,0.281634,2.87954,,,0.170032,16.587
2025-11-27 20:00:00,2.18235,1.30368,0.230292,1.95206,,,0.15819,14.878
2025-11-27 21:00:00,1.75491,0.802063,0.179965,1.57495,,,0.132596,11.738
2025-11-27 22:00:00,1.71071,0.804661,0.142188,1.56852,,,0.119644,9.474
2025-11-27 23:00:00,1.3537,0.758801,0.128365,1.22534,,,0.107735,8.784
2025-11-28 00:00:00,1.18583,0.635495,0.08313,1.1027,,,0.107377,6.085
2025-11-28 01:00:00,1.76362,0.718085,0.083602,1.68001,,,0.108958,6.406
2025-11-28 02:00:00,1.30142,0.585697,0.048627,1.25279,,,0.100159,5.605
2025-11-28 03:00:00,0.221312,0.121868,0.018049,0.203263,,,0.078518,2.15
2025-11-28 04:00:00,0.059663,0.037667,0.042419,0.017244,,,0.068088,1.119
2025-11-28 05:00:00,0.137247,0.082382,0.011985,0.125262,,,0.066205,1.137
2025-11-28 06:00:00,0.709688,0.468133,0.091395,0.618293,,,0.097852,4.101
2025-11-28 07:00:00,2.81695,1.2028,0.1972,2.61975,,,0.157457,11.71
2025-11-28 08:00:00,5.15519,2.43629,0.433512,4.72168,,,0.177531,19.052
2025-11-28 09:00:00,2.73061,1.12278,0.272045,2.45856,,,0.168373,14.058
2025-11-28 10:00:00,1.95625,0.832448,0.220091,1.73616,,,0.167583,12.894
2025-11-28 11:00:00,1.93093,0.878495,0.274765,1.65617,,,0.167343,13.954
2025-11-28 12:00:00,2.91033,1.50795,0.217158,2.69318,,,0.168703,14.228
2025-11-28 13:00:00,2.31035,1.20582,0.208629,2.10172,,,0.159117,12.325
2025-11-28 14:00:00,4.38638,1.89722,0.300888,4.0855,,,0.177031,14.531
2025-11-28 15:00:00,3.45345,1.27906,0.408988,3.04446,,,0.176013,16.343
2025-11-28 16:00:00,3.94491,1.31409,0.489931,3.45498,,,0.194251,19.762
2025-11-28 17:00:00,5.78826,2.52102,0.367203,5.42106,,,0.20133,22.699
2025-11-28 18:00:00,4.60955,2.03422,0.418002,4.19155,,,0.199303,25.432
2025-11-28 19:00:00,4.2262,2.06156,0.34503,3.88117,,,0.182342,22.659
2025-11-28 20:00:00,5.91407,2.95408,0.28368,5.63039,,,0.169608,20.809
2025-11-28 21:00:00,4.4034,2.36234,0.287208,4.1162,,,0.163946,24.365
2025-11-28 22:00:00,1.91932,1.39283,0.199762,1.71956,,,0.130826,13.007
2025-11-28 23:00:00,1.4063,1.41764,0.101053,1.30524,,,0.117922,7.501
2025-11-29 00:00:00,1.10758,1.00689,0.070497,1.03708,,,0.096148,6.945
2025-11-29 01:00:00,0.683569,0.668854,0.067968,0.615601,,,0.082471,3.298
2025-11-29 02:00:00,0.224916,0.234777,0.028111,0.196805,,,0.061215,1.123
2025-11-29 03:00:00,0.557524,0.51243,0.024261,0.533263,,,0.072498,2.098
2025-11-29 04:00:00,0.132218,0.082327,0.022876,0.109342,,,0.070798,1.441
2025-11-29 05:00:00,1.17148,0.769697,0.072832,1.09865,,,0.082418,2.863
2025-11-29 06:00:00,0.817807,0.487952,0.131397,0.68641,,,0.097435,3.602
2025-11-29 07:00:00,1.99616,1.33791,0.146625,1.84954,,,0.13638,9.496
2025-11-29 08:00:00,2.67631,1.2165,0.241173,2.43513,,,0.158322,14.442
2025-11-29 09:00:00,3.88517,1.44645,0.263147,3.62202,,,0.176787,17.128
2025-11-29 10:00:00,3.75653,1.63612,0.294964,3.46157,,,0.178688,16.063
2025-11-29 11:00:00,3.5613,1.8724,0.281154,3.28015,,,0.165052,13.111
2025-11-29 12:00:00,2.4478,1.11976,0.298568,2.14923,,,0.161836,11.855
2025-11-29 13:00:00,2.09501,1.08213,0.207153,1.88785,,,0.162986,11.497
2025-11-29 14:00:00,1.43649,1.09156,0.131265,1.30523,,,0.164202,11.813
2025-11-29 15:00:00,2.82492,1.39709,0.397544,2.42738,,,0.172943,15.832
2025-11-29 16:00:00,2.95818,1.46881,0.266689,2.69149,,,0.174138,15.553
2025-11-29 17:00:00,2.86662,1.24419,0.356188,2.51043,,,0.16901,16.546
2025-11-29 18:00:00,3.37792,1.9964,0.270572,3.10735,,,0.166389,16.117
2025-11-29 19:00:00,1.76467,1.13557,0.232624,1.53205,,,0.140543,10.872
2025-11-29 20:00:00,1.4803,1.04393,0.182542,1.29776,,,0.135671,9.402
2025-11-29 21:00:00,2.93811,1.96661,0.227998,2.71011,,,0.140233,12.567
2025-11-29 22:00:00,3.82854,2.87428,0.37698,3.45156,,,0.150702,18.188
2025-11-29 23:00:00,3.45417,2.77666,0.189185,3.26499,,,0.121711,13.709
2025-11-30 00:00:00,2.20407,1.70593,0.191727,2.01234,,,0.114005,12.667
2025-11-30 01:00:00,2.38445,2.40853,0.103052,2.28139,,,0.105592,10.781
2025-11-30 02:00:00,0.878032,0.81906,0.052212,0.82582,,,0.096703,6.486
2025-11-30 03:00:00,0.9973,0.78281,0.044407,0.952893,,,0.090328,5.81
2025-11-30 04:00:00,0.33508,0.210477,0.11065,0.22443,,,0.095195,5.959
2025-11-30 05:00:00,0.234658,0.188027,0.032151,0.202507,,,0.092042,4.991
2025-11-30 06:00:00,0.471161,0.29896,0.095312,0.375849,,,0.107908,6.136
2025-11-30 07:00:00,2.24429,1.10339,0.154402,2.08988,,,0.136594,12.846
2025-11-30 08:00:00,3.87764,1.72955,0.240502,3.63714,,,0.149565,13.499
2025-11-30 09:00:00,2.76907,1.2092,0.23768,2.53139,,,0.162527,14.007
2025-11-30 10:00:00,3.9437,2.04337,0.311733,3.63196,,,0.166371,18.072
2025-11-30 11:00:00,3.40753,1.72971,0.312891,3.09464,,,0.162028,14.356
2025-11-30 12:00:00,2.8232,1.39624,0.291668,2.53153,,,0.15666,13.525
2025-11-30 13:00:00,2.8746,1.20782,0.263495,2.61111,,,0.160862,12.931
2025-11-30 14:00:00,3.39538,1.62926,0.317943,3.07744,,,0.165568,14.737
2025-11-30 15:00:00,2.3778,1.02403,0.220253,2.15755,,,0.171524,13.29
2025-11-30 16:00:00,3.56297,1.6389,0.305297,3.25767,,,0.176081,14.922
2025-11-30 17:00:00,3.35471,1.45984,0.299625,3.05508,,,0.166164,16.57
2025-11-30 18:00:00,5.43495,2.51851,0.376185,5.05877,,,0.172956,19.712
2025-11-30 19:00:00,3.7413,1.58261,0.530032,3.21126,,,0.167171,19.401
2025-11-30 20:00:00,2.45906,1.3815,0.287936,2.17113,,,0.152452,15.354
2025-11-30 21:00:00,1.68237,0.99196,0.128436,1.55393,,,0.128793,9.265
2025-11-30 22:00:00,3.28477,2.57024,0.210648,3.07413,,,0.12814,12.219
2025-11-30 23:00:00,2.65088,2.7671,0.168136,2.48275,,,0.125753,13.494
2025-12-01 00:00:00,1.04338,1.13906,0.068911,0.974472,,,0.089028,6.051
2025-12-01 01:00:00,0.954969,0.904325,0.062243,0.892726,,,0.077733,3.929
2025-12-01 02:00:00,1.74252,1.40526,0.069002,1.67352,,,0.090543,5.021
2025-12-01 03:00:00,0.565371,0.434234,0.030815,0.534556,,,0.083623,2.566
2025-12-01 04:00:00,0.573289,0.375682,0.027014,0.546275,,,0.080551,2.5
2025-12-01 05:00:00,1.32411,0.972178,0.040304,1.2838,,,0.085039,3.479
2025-12-01 06:00:00,1.22903,0.636804,0.083533,1.1455,,,0.111078,5.833
2025-12-01 07:00:00,3.3153,1.291,0.212782,3.10251,,,0.163282,12.768
2025-12-01 08:00:00,3.3517,1.40946,0.266716,3.08499,,,0.170648,13.896
2025-12-01 09:00:00,1.71251,0.680107,0.232503,1.48001,,,0.171543,13.384
2025-12-01 10:00:00,2.1747,0.788505,0.186255,1.98844,,,0.188459,14.868
2025-12-01 11:00:00,2.28674,0.983966,0.176338,2.1104,,,0.166343,12.66
2025-12-01 12:00:00,2.83514,1.47817,0.444638,2.3905,,,0.162144,13.017
2025-12-01 13:00:00,2.21338,1.27206,0.18682,2.02656,,,0.154852,10.458
2025-12-01 14:00:00,2.15674,0.928032,0.245424,1.91132,,,0.159426,12.994
2025-12-01 15:00:00,3.23158,1.6744,0.251057,2.98053,,,0.169518,15.45
2025-12-01 16:00:00,2.22066,0.990482,0.249175,1.97149,,,0.180356,13.514
2025-12-01 17:00:00,3.7151,1.82113,0.359683,3.35541,,,0.182511,17.746
2025-12-01 18:00:00,4.14754,2.1357,0.367318,3.78022,,,0.176874,20.405
2025-12-01 19:00:00,4.23255,2.3436,0.326816,3.90573,,,0.169872,19.86
2025-12-01 20:00:00,5.28338,2.41471,0.506306,4.77707,,,0.161504,15.617
2025-12-01 21:00:00,3.29799,1.60721,0.282788,3.0152,,,0.14107,16.522
2025-12-01 22:00:00,1.676,0.965435,0.110491,1.5655,,,0.131242,9.828
2025-12-01 23:00:00,1.45193,0.867344,0.159734,1.2922,,,0.11336,8.153
2025-12-02 00:00:00,0.650778,0.593776,0.073397,0.577381,,,0.09788,6.73
2025-12-02 01:00:00,0.999182,0.646301,0.041167,0.958015,,,0.094481,6.515
2025-12-02 02:00:00,0.175238,0.130579,0.014292,0.160946,,,0.071096,1.604
2025-12-02 03:00:00,0.033006,0.024162,0.005459,0.027547,,,0.068175,1.336
2025-12-02 04:00:00,0.893539,0.561268,0.028891,0.864648,,,0.082779,3.042
2025-12-02 05:00:00,0.581668,0.363089,0.017992,0.563676,,,0.074768,1.93
2025-12-02 06:00:00,1.14952,0.666,0.090011,1.05951,,,0.113342,5.936
2025-12-02 07:00:00,2.32575,1.01384,0.201914,2.12384,,,0.154821,11.107
2025-12-02 08:00:00,3.22119,1.11229,0.293235,2.92796,,,0.17728,15.485
2025-12-02 09:00:00,2.90436,1.17776,0.230027,2.67434,,,0.171817,14.147
2025-12-02 10:00:00,1.75169,0.878482,0.148569,1.60312,,,0.162269,11.863
2025-12-02 11:00:00,2.93564,1.46197,0.31762,2.61802,,,0.178234,11.276
2025-12-02 12:00:00,3.39706,2.08665,0.284493,3.11257,,,0.177499,17.841
2025-12-02 13:00:00,3.33514,1.57914,0.201828,3.13332,,,0.16538,12.444
2025-12-02 14:00:00,3.03758,1.45757,0.261834,2.77575,,,0.164907,11.734
2025-12-02 15:00:00,2.82658,1.43336,0.216245,2.61033,,,0.17718,14.184
2025-12-02 16:00:00,2.8397,1.2433,0.213714,2.62598,,,0.174507,14.39
2025-12-02 17:00:00,3.35754,1.61731,0.284308,3.07323,,,0.189349,18.424
2025-12-02 18:00:00,2.681,1.08543,0.255224,2.42578,,,0.187497,17.6
2025-12-02 19:00:00,3.562,1.63544,0.300475,3.26152,,,0.179114,20.299
2025-12-02 20:00:00,5.07915,2.83119,0.350238,4.72891,,,0.174466,18.574
2025-12-02 21:00:00,4.90803,3.0334,0.316747,4.59129,,,0.164432,20.978
2025-12-02 22:00:00,5.69779,3.11695,0.290746,5.40705,,,0.154163,21.292
2025-12-02 23:00:00,5.158,3.59192,0.365155,4.79284,,,0.136479,17.838
2025-12-03 00:00:00,2.1384,1.99477,0.14344,1.99496,,,0.106128,9.658
2025-12-03 01:00:00,1.23983,0.828764,0.05866,1.18117,,,0.100676,6.76
2025-12-03 02:00:00,1.19611,0.717094,0.087039,1.10907,,,0.099624,2.955
2025-12-03 03:00:00,0.515015,0.332268,0.030877,0.484138,,,0.094659,3.183
2025-12-03 04:00:00,0.119335,0.07689,0.020575,0.09876,,,0.094473,2.905
2025-12-03 05:00:00,0.465989,0.303379,0.033866,0.432123,,,0.090554,3.303
2025-12-03 06:00:00,1.08446,0.467439,0.083105,1.00135,,,0.110467,5.289
2025-12-03 07:00:00,4.06674,1.76969,0.270552,3.79619,,,0.163937,16.854
2025-12-03 08:00:00,6.32958,2.46287,0.358007,5.97158,,,0.186488,19.064
2025-12-03 09:00:00,3.89132,1.51413,0.284276,3.60705,,,0.175103,18.741
2025-12-03 10:00:00,2.65684,1.12578,0.460544,2.19629,,,0.170022,16.133
2025-12-03 11:00:00,2.27219,1.12932,0.188529,2.08366,,,0.160919,10.391
2025-12-03 12:00:00,2.95229,1.86382,0.200373,2.75192,,,0.166754,13.419
2025-12-03 13:00:00,2.1368,1.27646,0.18311,1.95369,,,0.151348,10.79
2025-12-03 14:00:00,2.10723,1.31866,0.187993,1.91923,,,0.155521,11.444
2025-12-03 15:00:00,2.67875,1.33138,0.166153,2.51259,,,0.172871,13.388
2025-12-03 16:00:00,2.6821,1.29696,0.266493,2.41561,,,0.182203,13.943
2025-12-03 17:00:00,3.50312,1.84764,0.402977,3.10014,,,0.201113,18.488
2025-12-03 18:00:00,2.93313,1.58205,0.299861,2.63327,,,0.200563,17.894
2025-12-03 19:00:00,2.19976,1.19163,0.176771,2.02299,,,0.149931,11.801
2025-12-03 20:00:00,4.04371,2.5023,0.328785,3.71493,,,0.164649,18.676
2025-12-03 21:00:00,2.95395,1.69767,0.204786,2.74916,,,0.14111,13.472
2025-12-03 22:00:00,1.58881,0.928045,0.200069,1.38874,,,0.122088,10.434
2025-12-03 23:00:00,0.990392,0.577151,0.067301,0.923091,,,0.102695,4.786
2025-12-04 00:00:00,1.11287,0.585107,0.075661,1.03721,,,0.088839,4.761
2025-12-04 01:00:00,1.38664,1.11826,0.056219,1.33042,,,0.077981,4.144
2025-12-04 02:00:00,1.03743,0.770749,0.048726,0.988701,,,0.075272,3.262
2025-12-04 03:00:00,1.30947,0.854745,0.057494,1.25197,,,0.087135,4.622
2025-12-04 04:00:00,1.12926,1.08167,0.029785,1.09947,,,0.079094,2.857
2025-12-04 05:00:00,0.953843,1.04818,0.026458,0.927385,,,0.065286,2.031
2025-12-04 06:00:00,1.09024,0.800472,0.067366,1.02288,,,0.095962,4.223
2025-12-04 07:00:00,2.88991,1.50203,0.236258,2.65365,,,0.15806,13.506
2025-12-04 08:00:00,4.09011,1.83248,0.353805,3.7363,,,0.177649,12.439
2025-12-04 09:00:00,2.57607,1.10942,0.20007,2.376,,,0.168533,14.247
2025-12-04 10:00:00,1.94894,0.783336,0.276411,1.67253,,,0.164274,13.065
2025-12-04 11:00:00,1.72028,0.788397,0.183197,1.53709,,,0.156937,10.264
2025-12-04 12:00:00,2.41012,1.23469,0.186111,2.22401,,,0.156206,12.18
2025-12-04 13:00:00,2.12327,1.00533,0.209941,1.91333,,,0.15016,9.513
2025-12-04 14:00:00,1.89444,0.854119,0.293953,1.60048,,,0.165085,14.076
2025-12-04 15:00:00,1.73066,0.929462,0.185436,1.54522,,,0.16489,11.656
2025-12-04 16:00:00,2.563,1.1757,0.2139,2.3491,,,0.1751,13.131
2025-12-04 17:00:00,3.87004,1.84816,0.353005,3.51704,,,0.192339,17.981
2025-12-04 18:00:00,4.55066,1.82611,0.321318,4.22934,,,0.188118,20.518
2025-12-04 19:00:00,2.62346,0.930966,0.228898,2.39457,,,0.177002,15.982
2025-12-04 20:00:00,3.65988,1.85217,0.261958,3.39792,,,0.164185,18.155
2025-12-04 21:00:00,3.31377,1.94927,0.214311,3.09945,,,0.133349,13.9
2025-12-04 22:00:00,3.57723,2.44346,0.25501,3.32222,,,0.131424,14.231
2025-12-04 23:00:00,4.70052,4.2044,0.159043,4.54148,,,0.120899,12.657
2025-12-05 00:00:00,0.871319,1.23068,0.044526,0.826793,,,0.161658,4.113
2025-12-05 01:00:00,0.447805,0.631533,0.024472,0.423334,,,0.149118,2.347
2025-12-05 02:00:00,0.024292,0.032389,0.004418,0.019874,,,0.136578,0.581
2025-12-05 03:00:00,0.203335,0.112589,0.036434,0.166901,,,0.149092,3.68
2025-12-05 04:00:00,0.239704,0.124976,0.033166,0.206538,,,0.144055,2.47
2025-12-05 05:00:00,0.140493,0.07497,0.024298,0.116195,,,0.146871,2.566
2025-12-05 06:00:00,1.09715,0.580505,0.126702,0.970452,,,0.164709,4.633
2025-12-05 07:00:00,3.08615,1.11494,0.459852,2.6263,,,0.226075,13.092
2025-12-05 08:00:00,3.1984,1.07763,0.242145,2.95626,,,0.247505,16.46
2025-12-05 09:00:00,2.84805,1.0349,0.218846,2.62921,,,0.238427,16.899
2025-12-05 10:00:00,2.91143,1.20907,0.242315,2.66912,,,0.23827,18.929
2025-12-05 11:00:00,2.6311,1.09356,0.238314,2.39278,,,0.230311,12.432
2025-12-05 12:00:00,2.31288,1.01799,0.196275,2.1166,,,0.226953,12.476
2025-12-05 13:00:00,3.54905,1.62205,0.658504,2.89054,,,0.225707,15.063
2025-12-05 14:00:00,2.83518,1.10922,0.286989,2.54819,,,0.228012,15.886
2025-12-05 15:00:00,3.10659,1.15917,0.652494,2.45409,,,0.233877,15.501
2025-12-05 16:00:00,2.79969,1.22151,0.288186,2.51151,0.428044,0.070691,0.238486,14.907
2025-12-05 17:00:00,4.00962,1.85287,0.380125,3.62949,0.442212,0.093399,0.248808,20.768
2025-12-05 18:00:00,7.93921,4.41558,0.615238,7.32397,0.456522,0.137689,0.258734,26.018
2025-12-05 19:00:00,4.19213,1.97556,0.429331,3.7628,0.446861,0.086437,0.23757,19.611
2025-12-05 20:00:00,7.04258,3.88235,0.704969,6.33761,0.41781,0.10885,0.244448,28.208
2025-12-05 21:00:00,5.80695,3.33733,0.319091,5.48786,0.374457,0.083226,0.225172,22.163
2025-12-05 22:00:00,3.71403,1.74368,0.306685,3.40735,0.338686,0.060904,0.200091,15.057
2025-12-05 23:00:00,3.33366,1.96792,0.24668,3.08698,0.330586,0.054875,0.191786,15.865
2025-12-06 00:00:00,1.39361,0.576826,0.107939,1.28567,0.30797,0.023969,0.175253,8.504
2025-12-06 01:00:00,2.36856,1.14093,0.222068,2.1465,0.252197,0.035255,0.161184,8.071
2025-12-06 02:00:00,0.229415,0.091255,0.017938,0.211477,0.186589,0.00555,0.13425,3.444
2025-12-06 03:00:00,0.245787,0.091643,0.016112,0.229675,0.244564,0.00766,0.144361,4.035
2025-12-06 04:00:00,0.219139,0.096707,0.024049,0.19509,0.205795,0.007815,0.137357,1.923
2025-12-06 05:00:00,0.197296,0.105845,0.022935,0.174361,0.186102,0.004212,0.13534,1.925
2025-12-06 06:00:00,0.739754,0.34927,0.050415,0.689339,0.257981,0.015299,0.164556,3.885
2025-12-06 07:00:00,3.40231,1.40824,0.180655,3.22165,0.37045,0.048936,0.198348,10.949
2025-12-06 08:00:00,4.39965,1.60688,0.347942,4.0517,0.417513,0.071491,0.224161,15.704
2025-12-06 09:00:00,3.53474,1.15514,0.299639,3.2351,0.42916,0.069169,0.237167,17.856
2025-12-06 10:00:00,3.43104,1.23864,0.360571,3.07047,0.434733,0.073209,0.243783,18.188
2025-12-06 11:00:00,3.30157,1.26594,0.355722,2.94584,0.407608,0.065569,0.235218,15.268
2025-12-06 12:00:00,2.42295,1.2739,0.246196,2.17676,0.422528,0.067621,0.230542,13.253
2025-12-06 13:00:00,4.62571,1.76554,0.272164,4.35355,0.403865,0.082254,0.235379,15.486
2025-12-06 14:00:00,4.31792,1.7887,0.378843,3.93908,0.421492,0.070354,0.236183,16.874
2025-12-06 15:00:00,3.34367,1.17239,0.408831,2.93484,0.443454,0.069836,0.239505,15.539
2025-12-06 16:00:00,4.23797,1.71717,0.373856,3.86411,0.457232,0.08873,0.248353,19.201
2025-12-06 17:00:00,3.41302,1.52231,0.358962,3.05406,0.437422,0.085379,0.24064,19.341
2025-12-06 18:00:00,4.36735,1.97618,0.370587,3.99676,0.412302,0.081844,0.236253,18.909
2025-12-06 19:00:00,3.78278,2.36129,0.313983,3.4688,0.380418,0.066818,0.221908,17.561
2025-12-06 20:00:00,3.15584,2.04394,0.340471,2.81537,0.395792,0.076371,0.229044,20.065
2025-12-06 21:00:00,3.29155,1.71256,0.442393,2.84915,0.415441,0.07994,0.220663,19.523
2025-12-06 22:00:00,3.97262,2.56961,0.49248,3.48014,0.392713,0.063513,0.214807,23.83
2025-12-06 23:00:00,4.37765,3.46882,0.217331,4.16032,0.339976,0.048594,0.189981,17.52
2025-12-07 00:00:00,4.34103,1.60898,0.146747,4.19428,0.342668,0.054143,0.188897,12.441
2025-12-07 01:00:00,3.93947,1.70098,0.125942,3.81353,0.324306,0.073875,0.184562,9.851
2025-12-07 02:00:00,2.8216,1.23537,0.100215,2.72138,0.344296,0.073182,0.169377,5.129
2025-12-07 03:00:00,0.71272,0.278841,0.032437,0.680283,0.306523,0.039118,0.158325,2.528
2025-12-07 04:00:00,0.101794,0.045202,0.012648,0.089146,0.262328,0.004339,0.145916,1.271
2025-12-07 05:00:00,0.306788,0.193435,0.028653,0.278135,0.242313,0.006934,0.1491,2.344
2025-12-07 06:00:00,0.482163,0.34003,0.071367,0.410796,0.26856,0.010412,0.162133,2.844
2025-12-07 07:00:00,1.55201,0.764537,0.118877,1.43314,0.343986,0.027735,0.185155,6.072
2025-12-07 08:00:00,3.04185,1.28674,0.201768,2.84009,0.400419,0.060217,0.218634,12.316
2025-12-07 09:00:00,3.08054,1.12183,0.651976,2.42857,0.431361,0.058858,0.229818,14.38
2025-12-07 10:00:00,3.62975,1.38224,0.430041,3.19971,0.43236,0.068416,0.237482,17.627
2025-12-07 11:00:00,2.80891,1.1182,0.365197,2.44371,0.441779,0.065515,0.230723,16.588
2025-12-07 12:00:00,2.68477,1.27603,0.400703,2.28407,0.474134,0.07095,0.23654,21.263
2025-12-07 13:00:00,2.4397,1.02165,0.330225,2.10948,0.437795,0.065639,0.236215,15.162
2025-12-07 14:00:00,3.01256,1.30076,0.342015,2.67055,0.434727,0.067813,0.232893,13.669
2025-12-07 15:00:00,5.66358,2.07305,0.400282,5.2633,0.428378,0.093677,0.247124,21.059
2025-12-07 16:00:00,3.95432,1.47329,0.615148,3.33917,0.434834,0.099106,0.256245,19.245
2025-12-07 17:00:00,3.63651,1.05836,0.388039,3.24847,0.412494,0.082364,0.242995,20.26
2025-12-07 18:00:00,5.39836,1.36529,0.402417,4.99595,0.461523,0.090091,0.243362,23.436
2025-12-07 19:00:00,3.31712,0.918362,0.343409,2.97372,0.422448,0.074525,0.232993,15.926
2025-12-07 20:00:00,3.91934,1.22098,0.278102,3.64124,0.402438,0.069531,0.226762,17.138
2025-12-07 21:00:00,3.35121,0.937664,0.352523,2.99869,0.394472,0.063751,0.223464,18.28
2025-12-07 22:00:00,1.95621,0.846843,0.161145,1.79506,0.363216,0.057378,0.204469,17.096
2025-12-07 23:00:00,3.00822,1.15435,0.147165,2.86106,0.31346,0.046003,0.18769,12.801
2025-12-08 00:00:00,1.28611,0.557724,0.073358,1.21275,0.243469,0.026765,0.164639,6.239
2025-12-08 01:00:00,1.35736,0.547321,0.140852,1.2165,0.306347,0.02088,0.165177,6.609
2025-12-08 02:00:00,1.87324,0.784441,0.081958,1.79129,0.307569,0.023836,0.167478,5.43
2025-12-08 03:00:00,1.20918,0.442276,0.041652,1.16753,0.290133,0.019871,0.163515,3.479
2025-12-08 04:00:00,0.080238,0.041022,0.0174,0.062838,0.217848,0.003178,0.139921,1.577
2025-12-08 05:00:00,0.945346,0.483306,0.042801,0.902545,0.261252,0.012518,0.15212,3.145
2025-12-08 06:00:00,1.29953,0.380423,0.123028,1.1765,0.349046,0.028363,0.186001,6.181
2025-12-08 07:00:00,3.79083,0.698384,0.32905,3.46178,0.461057,0.091119,0.247046,18.172
2025-12-08 08:00:00,4.76336,0.830143,0.537612,4.22575,0.50181,0.113709,0.272805,24.986
2025-12-08 09:00:00,4.22659,0.831025,0.392723,3.83387,0.458449,0.07973,0.249997,20.563
2025-12-08 10:00:00,3.68619,0.727058,0.634744,3.05144,0.485169,0.083714,0.257612,21.828
2025-12-08 11:00:00,3.0656,0.644033,0.336433,2.72916,0.473239,0.082042,0.256245,20.727
2025-12-08 12:00:00,3.8558,0.904691,0.389447,3.46635,0.458309,0.081896,0.245499,17.958
2025-12-08 13:00:00,3.55189,0.68835,0.469404,3.08248,0.432791,0.065253,0.24352,18.557
2025-12-08 14:00:00,4.56135,0.979672,0.77502,3.78633,0.464093,0.083058,0.250278,20.89
2025-12-08 15:00:00,5.17064,1.18321,0.50194,4.6687,0.47148,0.092525,0.251677,20.923
2025-12-08 16:00:00,3.64423,0.770451,0.492097,3.15213,0.46731,0.079511,0.253385,21.673
2025-12-08 17:00:00,4.97839,1.07525,0.569452,4.40893,0.486108,0.12041,0.274462,28.155
2025-12-08 18:00:00,6.23942,1.42063,0.506717,5.7327,0.47071,0.134141,0.279839,30.871
2025-12-08 19:00:00,7.22991,1.82574,0.538456,6.69145,0.448624,0.120353,0.260779,28.191
2025-12-08 20:00:00,4.87912,1.33748,0.312079,4.56704,0.430883,0.08717,0.241233,23.463
2025-12-08 21:00:00,3.99035,1.18902,0.380311,3.61004,0.418911,0.070184,0.223315,23.193
2025-12-08 22:00:00,4.05688,1.45826,0.450376,3.6065,0.3836,0.05622,0.20626,19.465
2025-12-08 23:00:00,3.25133,1.28919,0.185609,3.06572,0.347631,0.04128,0.189681,12.841
2025-12-09 00:00:00,3.14964,1.28767,0.370223,2.77942,0.361704,0.034631,0.18339,10.934
2025-12-09 01:00:00,2.6777,0.931697,0.172448,2.50525,0.349082,0.030369,0.179326,7.042
2025-12-09 02:00:00,1.17657,0.457097,0.063552,1.11301,0.306504,0.016163,0.172356,4.93
2025-12-09 03:00:00,0.718418,0.291803,0.044071,0.674347,0.307778,0.011449,0.176729,4.087
2025-12-09 04:00:00,0.325784,0.137928,0.022909,0.302875,0.270773,0.007785,0.158384,2.737
2025-12-09 05:00:00,0.410723,0.159195,0.028854,0.381869,0.25933,0.010615,0.165104,3.584
2025-12-09 06:00:00,1.98255,0.558779,0.106571,1.87598,0.345967,0.031755,0.201743,7.302
2025-12-09 07:00:00,5.63598,1.11559,0.498361,5.13762,0.458409,0.099373,0.257525,20.187
2025-12-09 08:00:00,4.0375,0.769047,0.348335,3.68916,0.471261,0.113195,0.263403,24.107
2025-12-09 09:00:00,2.7386,0.592771,0.270446,2.46816,0.461462,0.074455,0.262677,21.506
2025-12-09 10:00:00,3.78597,0.755081,0.366661,3.41931,0.458004,0.077896,0.261496,23.394
2025-12-09 11:00:00,3.02395,0.698049,0.321079,2.70287,0.467034,0.081102,0.260957,20.031
2025-12-09 12:00:00,5.77797,1.40652,0.640794,5.13718,0.47254,0.112323,0.261989,25.962
2025-12-09 13:00:00,4.16377,0.993266,0.602748,3.56102,0.446819,0.082371,0.249883,21.616
2025-12-09 14:00:00,3.23429,0.710832,0.597814,2.63647,0.471167,0.092935,0.256201,19.322
2025-12-09 15:00:00,3.78456,0.829583,0.273208,3.51135,0.48125,0.097971,0.255738,22.674
2025-12-09 16:00:00,6.01873,1.22332,0.688608,5.33012,0.489485,0.132965,0.271592,29.348
2025-12-09 17:00:00,7.72397,1.59454,0.614162,7.1098,0.484073,0.139411,0.286758,33.148
2025-12-09 18:00:00,8.14446,1.65807,0.555257,7.58921,0.468844,0.128461,0.305958,29.584
2025-12-09 19:00:00,7.00881,1.77889,0.369188,6.63962,0.438673,0.103253,0.272712,22.88
2025-12-09 20:00:00,6.89074,2.06557,0.489253,6.40149,0.419449,0.10581,0.261208,27.609
2025-12-09 21:00:00,6.49789,2.06939,0.696348,5.80154,0.40597,0.10267,0.257026,27.888
2025-12-09 22:00:00,6.74787,2.30145,0.460411,6.28745,0.388055,0.097209,0.232783,18.521
2025-12-09 23:00:00,3.55111,1.25216,0.157855,3.39326,0.337962,0.056247,0.221345,14.546
2025-12-10 00:00:00,3.48217,1.22612,0.173404,3.30876,0.41038,0.060234,0.228953,15.202
2025-12-10 01:00:00,3.83392,1.1343,0.159634,3.67429,0.365689,0.055629,0.191746,9.733
2025-12-10 02:00:00,9.4071,2.9638,0.385417,9.02169,0.357229,0.063427,0.179506,5.745
2025-12-10 03:00:00,1.25154,0.365093,0.055795,1.19575,0.353277,0.0245,0.176618,5.857
2025-12-10 04:00:00,1.53032,0.498149,0.080214,1.4501,0.31723,0.017459,0.17666,6.137
2025-12-10 05:00:00,1.21248,0.47924,0.056464,1.15602,0.295243,0.016348,0.17053,5.288
2025-12-10 06:00:00,1.96816,0.500804,0.169223,1.79893,0.362768,0.034676,0.195851,7.594
2025-12-10 07:00:00,5.00721,0.945113,0.342988,4.66422,0.460049,0.100896,0.248061,19.893
2025-12-10 08:00:00,6.0043,1.13331,0.457959,5.54634,0.482354,0.112597,0.265803,26.078
2025-12-10 09:00:00,3.81837,0.686016,0.63312,3.18525,0.464959,0.09184,0.266015,25.283
2025-12-10 10:00:00,3.65648,0.766558,0.399906,3.25658,0.472636,0.087386,0.269351,25.019
2025-12-10 11:00:00,4.00253,0.870115,0.401843,3.60069,0.478101,0.089255,0.267743,21.272
2025-12-10 12:00:00,6.91631,1.74919,0.386116,6.53019,0.449188,0.137974,0.26741,23.043
2025-12-10 13:00:00,4.71685,1.13495,0.545068,4.17178,0.442285,0.092728,0.261564,23.236
2025-12-10 14:00:00,6.26743,1.43683,0.502235,5.7652,0.464785,0.113524,0.27492,30.039
2025-12-10 15:00:00,7.12277,1.74236,0.489579,6.63319,0.461917,0.131256,0.277652,29.783
2025-12-10 16:00:00,4.90306,1.05943,0.404057,4.499,0.472391,0.1127,0.291312,28.986
2025-12-10 17:00:00,6.59694,1.32842,0.666089,5.93085,0.510541,0.150938,0.293703,35.666
2025-12-10 18:00:00,5.948,1.28968,0.604995,5.343,0.470764,0.132203,0.280791,30.88
2025-12-10 19:00:00,5.54434,1.3132,0.343335,5.20101,0.436919,0.097417,0.250207,23.053
2025-12-10 20:00:00,3.68299,1.02648,0.324758,3.35824,0.428387,0.071861,0.23261,16.747
2025-12-10 21:00:00,3.92584,0.993883,0.291363,3.63448,0.429219,0.073691,0.225619,20.162
2025-12-10 22:00:00,4.58101,1.45707,0.291462,4.28955,0.414881,0.082776,0.224317,21.323
2025-12-10 23:00:00,4.47781,1.83066,0.184817,4.29299,0.377484,0.061455,0.203179,18.34
2025-12-11 00:00:00,4.44166,1.57394,0.146139,4.29552,0.345108,0.050965,0.190251,15.058
2025-12-11 01:00:00,0.910979,0.329111,0.036041,0.874938,0.291298,0.016841,0.160748,3.201
2025-12-11 02:00:00,0.360821,0.136468,0.032638,0.328183,0.320729,0.009609,0.165198,3.608
2025-12-11 03:00:00,0.577563,0.212338,0.045477,0.532086,0.335595,0.013769,0.16832,3.834
2025-12-11 04:00:00,1.53877,0.649271,0.038658,1.50012,0.324773,0.037533,0.172119,4.082
2025-12-11 05:00:00,0.365832,0.161444,0.025636,0.340196,0.305318,0.007993,0.160555,2.854
2025-12-11 06:00:00,2.62683,0.765393,0.143917,2.48291,0.357006,0.034732,0.213563,8.641
2025-12-11 07:00:00,4.71052,1.0294,0.335543,4.37498,0.456833,0.091447,0.245835,18.716
2025-12-11 08:00:00,8.1867,1.79454,0.467196,7.71951,0.471183,0.143163,0.268111,26.009
2025-12-11 09:00:00,4.34877,0.940071,0.436112,3.91266,0.452708,0.086624,0.265314,24.964
2025-12-11 10:00:00,3.45987,0.781009,0.331878,3.12799,0.461575,0.080206,0.255657,19.023
2025-12-11 11:00:00,4.05972,0.944561,0.68853,3.37119,0.458957,0.086359,0.264992,23.682
2025-12-11 12:00:00,4.92602,1.14612,0.555881,4.37014,0.449421,0.081087,0.247886,19.911
2025-12-11 13:00:00,4.05877,0.918689,0.310955,3.74781,0.438053,0.07822,0.252068,18.759
2025-12-11 14:00:00,2.69282,0.732142,0.333597,2.35922,0.47013,0.082742,0.264571,19.419
2025-12-11 15:00:00,5.03981,1.07919,0.62711,4.4127,0.442916,0.106555,0.269736,27.592
2025-12-11 16:00:00,6.08284,1.10236,0.948563,5.13428,0.469094,0.113973,0.289971,28.981
2025-12-11 17:00:00,6.01709,1.3207,0.675271,5.34182,0.47613,0.123186,0.288334,31.457
2025-12-11 18:00:00,6.16153,1.41514,0.597813,5.56372,0.465301,0.112805,0.280274,31.574
2025-12-11 19:00:00,6.754,1.59972,0.453235,6.30077,0.436991,0.113652,0.282276,34.924
2025-12-11 20:00:00,4.46314,1.18637,0.38972,4.07341,0.406215,0.078575,0.250612,26.14
2025-12-11 21:00:00,6.52001,1.84807,0.460984,6.05902,0.408198,0.094777,0.248321,19.892
2025-12-11 22:00:00,5.07298,1.68426,0.306133,4.76685,0.393816,0.079458,0.241097,25.84
2025-12-11 23:00:00,5.62049,2.23568,0.313392,5.3071,0.376308,0.075085,0.238511,27.381
2025-12-12 00:00:00,2.97964,1.01625,0.149723,2.82992,0.342429,0.060681,0.202377,16.782
2025-12-12 01:00:00,1.5543,0.540062,0.083044,1.47125,0.343981,0.020935,0.189755,8.918
2025-12-12 02:00:00,1.83669,0.575045,0.086649,1.75004,0.342527,0.02669,0.185238,9.879
2025-12-12 03:00:00,0.52119,0.182874,0.034424,0.486766,0.311803,0.019478,0.167836,4.107
2025-12-12 04:00:00,0.430217,0.204671,0.035177,0.39504,0.274614,0.007633,0.158682,3.572
2025-12-12 05:00:00,0.965066,0.461754,0.076613,0.888453,0.291013,0.010722,0.164099,4.998
2025-12-12 06:00:00,1.71142,0.513014,0.172141,1.53928,0.333619,0.030068,0.197586,8.72
2025-12-12 07:00:00,5.42347,1.13795,0.308889,5.11458,0.433857,0.09074,0.254203,20.408
2025-12-12 08:00:00,4.87844,1.04107,0.379096,4.49934,0.45473,0.101021,0.270402,26.691
2025-12-12 09:00:00,6.00534,1.23364,1.1177,4.88764,0.48047,0.096291,0.275264,26.093
2025-12-12 10:00:00,3.98365,0.880558,0.334676,3.64897,0.468863,0.083549,0.266949,27.542
2025-12-12 11:00:00,4.59383,1.11663,0.380547,4.21328,0.481108,0.102645,0.276799,24.389
2025-12-12 12:00:00,6.75817,1.77847,0.522304,6.23587,0.450631,0.105472,0.271536,28.482
2025-12-12 13:00:00,6.34853,1.5217,0.364258,5.98427,0.428921,0.131277,0.266479,23.693
2025-12-12 14:00:00,4.80449,1.0218,0.619573,4.18492,0.462192,0.096109,0.282116,28.059
2025-12-12 15:00:00,5.61128,1.33921,0.903845,4.70744,0.46049,0.099433,0.28198,30.556
2025-12-12 16:00:00,5.02116,1.1223,0.602802,4.41836,0.46597,0.096151,0.287905,31.359
2025-12-12 17:00:00,7.85364,1.66109,1.06996,6.78368,0.494247,0.158705,0.300946,37.222
2025-12-12 18:00:00,4.73663,1.08888,0.596904,4.13973,0.45798,0.102065,0.274368,29.118
2025-12-12 19:00:00,5.94013,1.56237,0.564343,5.37579,0.445609,0.097472,0.276938,31.183
2025-12-12 20:00:00,4.84095,1.30766,0.404424,4.43652,0.385434,0.086444,0.256525,29.089
2025-12-12 21:00:00,5.69135,1.65446,0.516843,5.17451,0.400555,0.096335,0.258038,28.535
2025-12-12 22:00:00,4.35483,1.42222,0.571651,3.78318,0.366079,0.068069,0.23602,22.347
2025-12-12 23:00:00,6.34649,2.48298,0.300315,6.04618,0.352814,0.086005,0.238378,30.645
2025-12-13 00:00:00,5.9834,1.87333,0.370692,5.61271,0.355218,0.074763,0.23613,22.049
2025-12-13 01:00:00,4.18786,1.76554,0.225756,3.9621,0.397425,0.061488,0.229308,19.102
2025-12-13 02:00:00,1.11372,0.33425,0.098368,1.01535,0.380476,0.026323,0.203979,11.968
2025-12-13 03:00:00,0.533881,0.163768,0.051783,0.482098,0.322888,0.012655,0.195445,7.635
2025-12-13 04:00:00,0.577085,0.221786,0.038065,0.53902,0.278034,0.017688,0.175629,4.327
2025-12-13 05:00:00,0.696892,0.293551,0.034876,0.662016,0.25086,0.010284,0.165555,4.007
2025-12-13 06:00:00,1.43908,0.507076,0.14057,1.29851,0.282586,0.019288,0.180419,6.014
2025-12-13 07:00:00,2.75186,0.786247,0.205131,2.54673,0.363871,0.04138,0.217321,12.498
2025-12-13 08:00:00,4.37943,1.24204,0.654863,3.72456,0.410827,0.079914,0.246709,19.059
2025-12-13 09:00:00,10.8665,2.77348,0.40795,10.4585,0.412454,0.103115,0.251268,24.723
2025-12-13 10:00:00,4.63586,1.28062,0.392958,4.2429,0.401137,0.080695,0.252996,23.235
2025-12-13 11:00:00,4.43811,1.19755,0.688103,3.75001,0.417805,0.072287,0.249917,22.124
2025-12-13 12:00:00,3.63063,0.958961,0.588594,3.04203,0.397775,0.067012,0.243096,17.484
2025-12-13 13:00:00,5.3045,1.59774,0.374241,4.93026,0.379153,0.072063,0.243308,19.478
2025-12-13 14:00:00,3.0799,0.915003,0.324523,2.75538,0.395689,0.059547,0.23677,17.275
2025-12-13 15:00:00,4.82708,1.36127,0.433361,4.39372,0.407535,0.070709,0.245409,18.453
2025-12-13 16:00:00,4.96016,1.25383,0.481217,4.47895,0.423916,0.091183,0.254802,23.286
2025-12-13 17:00:00,5.34352,1.51546,0.586946,4.75657,0.440053,0.104455,0.257983,23.902
2025-12-13 18:00:00,5.0494,1.5969,0.372972,4.67643,0.403056,0.082739,0.250366,20.901
2025-12-13 19:00:00,2.79635,0.927786,0.228046,2.5683,0.394269,0.073301,0.239214,19.948
2025-12-13 20:00:00,2.7011,0.921249,0.250643,2.45046,0.35966,0.048872,0.224557,17.035
2025-12-13 21:00:00,2.77076,0.884662,0.331729,2.43903,0.351895,0.043371,0.22345,14.673
2025-12-13 22:00:00,2.95534,1.01079,0.300443,2.6549,0.361351,0.042792,0.216431,15.3625
2025-12-13 23:00:00,3.13992,1.13693,0.269157,2.87077,0.370807,0.042214,0.209412,16.052
2025-12-14 00:00:00,3.32451,1.26306,0.237871,3.08664,0.380263,0.041635,0.202393,16.7415
2025-12-14 01:00:00,3.50909,1.38919,0.206585,3.3025,0.389719,0.041056,0.195374,17.431
2025-12-14 02:00:00,0.874751,0.330594,0.131182,0.743569,0.371252,0.02058,0.176592,10.428
2025-12-14 03:00:00,0.595378,0.221495,0.05654,0.538838,0.379684,0.011592,0.169057,7.619
2025-12-14 04:00:00,0.06652,0.109769,0.021298,0.045222,0.360894,0.007129,0.16804,2.089
2025-12-14 05:00:00,0.27436,0.224885,0.046349,0.228011,0.314747,0.008764,0.16507,2.4665
2025-12-14 06:00:00,0.4822,0.34,0.0714,0.4108,0.2686,0.0104,0.1621,2.844
2025-12-14 07:00:00,1.552,0.7645,0.1189,1.4331,0.344,0.0277,0.1852,6.072
2025-12-14 08:00:00,3.0419,1.2867,0.2018,2.8401,0.4004,0.0602,0.2186,12.316
2025-12-14 09:00:00,3.0805,1.1218,0.652,2.4286,0.4314,0.0589,0.2298,14.38
2025-12-14 10:00:00,3.6298,1.3822,0.43,3.1997,0.4324,0.0684,0.2375,17.627
2025-12-14 11:00:00,2.8089,1.1182,0.3652,2.4437,0.4418,0.0655,0.2307,16.588
2025-12-14 12:00:00,2.6848,1.276,0.4007,2.2841,0.4741,0.071,0.2365,21.263
2025-12-14 13:00:00,2.4397,1.0217,0.3302,2.1095,0.4378,0.0656,0.2362,15.162
2025-12-14 14:00:00,3.0126,1.3008,0.342,2.6705,0.4347,0.0678,0.2329,13.669
2025-12-14 15:00:00,5.6636,2.0731,0.4003,5.2633,0.4284,0.0937,0.2471,21.059
2025-12-14 16:00:00,3.9543,1.4733,0.6151,3.3392,0.4348,0.0991,0.2562,19.245
2025-12-14 17:00:00,3.6365,1.0584,0.388,3.2485,0.4125,0.0824,0.243,20.26
2025-12-14 18:00:00,5.3984,1.3653,0.4024,4.9959,0.4615,0.0901,0.2434,23.436
2025-12-14 19:00:00,3.3171,0.9184,0.3434,2.9737,0.4224,0.0745,0.233,15.926
2025-12-14 20:00:00,3.9193,1.221,0.2781,3.6412,0.4024,0.0695,0.2268,17.138
2025-12-14 21:00:00,3.3512,0.9377,0.3525,2.9987,0.3945,0.0638,0.2235,18.28
2025-12-14 22:00:00,1.9562,0.8468,0.1611,1.7951,0.3632,0.0574,0.2045,17.096
2025-12-14 23:00:00,3.0082,1.1543,0.1472,2.8611,0.3135,0.046,0.1877,12.801
2025-12-15 00:00:00,1.2861,0.5577,0.0734,1.2128,0.2435,0.0268,0.1646,6.239
2025-12-15 01:00:00,1.3574,0.5473,0.1409,1.2165,0.3063,0.0209,0.1652,6.609
2025-12-15 02:00:00,1.8732,0.7844,0.082,1.7913,0.3076,0.0238,0.1675,5.43
2025-12-15 03:00:00,1.2092,0.4423,0.0417,1.1675,0.2901,0.0199,0.1635,3.479
2025-12-15 04:00:00,0.0802,0.041,0.0174,0.0628,0.2178,0.0032,0.1399,1.577
2025-12-15 05:00:00,0.9453,0.4833,0.0428,0.9025,0.2613,0.0125,0.1521,3.145
2025-12-15 06:00:00,1.2995,0.3804,0.123,1.1765,0.349,0.0284,0.186,6.181
2025-12-15 07:00:00,3.7908,0.6984,0.3291,3.4618,0.4611,0.0911,0.247,18.172
2025-12-15 08:00:00,3.96115,0.754568,0.325158,3.63604,0.448549,0.087971,0.251168,20.149
2025-12-15 09:00:00,4.13151,0.810735,0.321217,3.81029,0.435997,0.084843,0.255336,22.126
2025-12-15 10:00:00,3.888,0.839741,0.320715,3.56728,0.442054,0.086185,0.259928,21.52
2025-12-15 11:00:00,2.99168,0.714346,0.311925,2.67976,0.43345,0.065989,0.245802,16.929
2025-12-15 12:00:00,6.4951,1.6527,0.346922,6.14818,0.423286,0.094131,0.248201,21.157
2025-12-15 13:00:00,4.17095,1.05647,0.407211,3.76374,0.42169,0.080762,0.243862,18.925
2025-12-15 14:00:00,5.1608,1.11272,0.441628,4.71917,0.441963,0.080077,0.253887,21.481
2025-12-15 15:00:00,3.55181,0.72074,0.372594,3.17921,0.439926,0.084371,0.253304,20.204
2025-12-15 16:00:00,4.84325,1.01536,0.363453,4.4798,0.440795,0.095521,0.254839,21.185
2025-12-15 17:00:00,5.23012,1.13304,0.507506,4.72261,0.48449,0.109041,0.270635,29.915
2025-12-15 18:00:00,4.52453,0.935593,0.441804,4.08272,0.461802,0.117315,0.268537,26.943
2025-12-15 19:00:00,5.27244,1.42576,0.531586,4.74085,0.444601,0.100925,0.252584,25.841
2025-12-15 20:00:00,7.49895,2.30312,0.535307,6.96364,0.411378,0.104768,0.245615,30.623
2025-12-15 21:00:00,5.31239,1.52043,0.409786,4.9026,0.396478,0.079437,0.229727,27.049
2025-12-15 22:00:00,3.97663,1.37695,0.292245,3.68438,0.363652,0.054382,0.207733,15.526
2025-12-15 23:00:00,2.58668,1.11977,0.295267,2.29141,0.320042,0.040803,0.183901,11.213
2025-12-16 00:00:00,3.49887,1.83187,0.114816,3.38406,0.304202,0.042084,0.183562,10.309
2025-12-16 01:00:00,9.31849,5.75216,0.24097,9.07752,0.297218,0.071114,0.186839,9.842
2025-12-16 02:00:00,4.47443,2.24395,0.150315,4.32411,0.308497,0.047396,0.176982,7.86
2025-12-16 03:00:00,1.05595,0.420361,0.01624,1.03971,0.321272,0.012071,0.163877,5.806
2025-12-16 04:00:00,0.152793,0.063242,0.014064,0.138729,0.282473,0.00464,0.155326,2.171
2025-12-16 05:00:00,0.143879,0.058297,0.019013,0.124866,0.279119,0.004738,0.153813,2.101
2025-12-16 06:00:00,1.59969,0.419205,0.11652,1.48317,0.351182,0.028292,0.191978,8.535
2025-12-16 07:00:00,3.41878,0.658979,0.3136,3.10518,0.444838,0.065771,0.239402,17.199
2025-12-16 08:00:00,3.89974,0.76918,0.375666,3.52407,0.469797,0.095268,0.25956,20.243
2025-12-16 09:00:00,2.98346,0.535631,0.321303,2.66216,0.456525,0.080155,0.267527,23.98
2025-12-16 10:00:00,3.48632,0.714703,0.392428,3.09389,0.463556,0.083021,0.256667,21.66
2025-12-16 11:00:00,2.09506,0.478325,0.242938,1.85213,0.454868,0.062578,0.244938,17.714
2025-12-16 12:00:00,4.57493,1.18953,0.411339,4.16359,0.451129,0.083983,0.246573,20.449
2025-12-16 13:00:00,4.86937,1.09819,0.359018,4.51035,0.445266,0.097713,0.259269,22.517
2025-12-16 14:00:00,2.92456,0.669235,0.320946,2.60361,0.456221,0.08474,0.254724,21.983
2025-12-16 15:00:00,3.68411,0.75961,0.429059,3.25505,0.458488,0.114459,0.275114,25.217
2025-12-16 16:00:00,4.32911,0.876339,0.495193,3.83392,0.474436,0.110846,0.272698,26.862
2025-12-16 17:00:00,6.98572,1.5333,0.669444,6.31628,0.497521,0.147962,0.28314,34.796
2025-12-16 18:00:00,5.53188,1.26011,0.563496,4.96839,0.483138,0.114664,0.270315,31.18
2025-12-16 19:00:00,6.08616,1.53613,0.485534,5.60063,0.446745,0.102905,0.261902,32.153
2025-12-16 20:00:00,6.43936,1.73008,0.806566,5.63279,0.44122,0.110865,0.261209,28.192
2025-12-16 21:00:00,4.34726,1.23713,0.395957,3.95131,0.410168,0.073476,0.232595,21.245
2025-12-16 22:00:00,3.25921,1.12775,0.218453,3.04075,0.395608,0.06371,0.218333,18.058
2025-12-16 23:00:00,3.00047,1.86828,0.283013,2.71745,0.3889,0.057807,0.206638,15.27
2025-12-17 00:00:00,2.01407,0.761751,0.105589,1.90848,0.334098,0.02762,0.172278,5.578
2025-12-17 01:00:00,2.33448,0.820845,0.065157,2.26933,0.309131,0.029779,0.164507,4.52
2025-12-17 02:00:00,0.75935,0.22955,0.060846,0.698504,0.33041,0.01242,0.165002,3.536
2025-12-17 03:00:00,0.397435,0.128122,0.026315,0.37112,0.295681,0.008814,0.154239,2.422
2025-12-17 04:00:00,0.476056,0.156494,0.020607,0.455449,0.287027,0.007242,0.152789,2.076
2025-12-17 05:00:00,0.244866,0.085617,0.021596,0.22327,0.292797,0.006498,0.157787,2.194
2025-12-17 06:00:00,1.97788,0.501238,0.219049,1.75883,0.389441,0.034519,0.199266,8.46
2025-12-17 07:00:00,5.74427,1.21598,0.533347,5.21093,0.482932,0.108057,0.256068,23.673
2025-12-17 08:00:00,5.97927,1.22778,0.511639,5.46763,0.489127,0.125716,0.272842,27.92
2025-12-17 09:00:00,5.20116,1.00564,0.453718,4.74744,0.45429,0.101805,0.262741,24.9
2025-12-17 10:00:00,4.35526,0.806232,0.398722,3.95654,0.483354,0.092346,0.265593,27.127
2025-12-17 11:00:00,3.52462,0.811377,0.651545,2.87308,0.463597,0.083987,0.26275,22.317
2025-12-17 12:00:00,5.5568,1.32621,0.367036,5.18976,0.455722,0.112813,0.263338,23.574
2025-12-17 13:00:00,3.76413,0.845873,0.430853,3.33328,0.464264,0.088257,0.251587,21.422
2025-12-17 14:00:00,6.24102,1.47333,0.40956,5.83146,0.474394,0.099943,0.264074,26.797
2025-12-17 15:00:00,4.98042,1.21002,0.394856,4.58556,0.460791,0.109556,0.261339,26.856
2025-12-17 16:00:00,4.08337,0.887304,0.534075,3.5493,0.48615,0.104293,0.272144,31.016
2025-12-17 17:00:00,6.17586,1.44161,0.829608,5.34625,0.500199,0.143553,0.285717,34.315
2025-12-17 18:00:00,6.40808,1.57215,0.472275,5.93581,0.471317,0.121491,0.271436,30.999
2025-12-17 19:00:00,4.50639,1.42427,0.606665,3.89972,0.466402,0.096821,0.253837,24.307
2025-12-17 20:00:00,3.58022,1.03475,0.330043,3.25018,0.446453,0.079678,0.239519,21.993
2025-12-17 21:00:00,3.2559,1.0774,0.504765,2.75114,0.459424,0.065266,0.230212,19.757
2025-12-17 22:00:00,7.27272,2.50784,0.486958,6.78577,0.443158,0.092613,0.221394,19.481
2025-12-17 23:00:00,7.18951,3.09359,0.247348,6.94216,0.417617,0.073578,0.203186,18.289
2025-12-18 00:00:00,3.41294,1.23033,0.246303,3.16664,0.394622,0.035297,0.181805,11.293
2025-12-18 01:00:00,2.02885,0.731909,0.115202,1.91365,0.366833,0.031135,0.179689,8.791
2025-12-18 02:00:00,2.79384,0.949639,0.567867,2.22597,0.390039,0.026485,0.181069,9.113
2025-12-18 03:00:00,1.4953,0.439536,0.55892,0.936381,0.383421,0.018943,0.181314,8.339
2025-12-18 04:00:00,0.364098,0.140253,0.038811,0.325287,0.358795,0.009905,0.165542,4.425
2025-12-18 05:00:00,1.91159,0.880919,0.074683,1.83691,0.334933,0.028217,0.176594,6.442
2025-12-18 06:00:00,3.31067,0.95189,0.178898,3.13178,0.382407,0.052001,0.201943,10.63
2025-12-18 07:00:00,4.77543,1.02919,0.496402,4.27902,0.448327,0.113175,0.253956,23.518
2025-12-18 08:00:00,6.39018,1.32963,0.44218,5.948,0.473207,0.140445,0.277523,31.256
2025-12-18 09:00:00,3.96037,0.821312,0.383215,3.57715,0.463098,0.095625,0.263964,26.225
2025-12-18 10:00:00,4.02806,0.896718,0.375983,3.65207,0.470599,0.08824,0.261769,26.284
2025-12-18 11:00:00,3.49422,0.83754,0.316994,3.17722,0.485014,0.086229,0.250877,20.224
2025-12-18 12:00:00,5.76201,1.45139,0.536999,5.22501,0.494203,0.109515,0.254502,22.601
2025-12-18 13:00:00,2.88759,0.739269,0.338586,2.549,0.470043,0.068721,0.24092,16.252
2025-12-18 14:00:00,2.49978,0.556001,0.297634,2.20215,0.47071,0.072008,0.249577,20.539
2025-12-18 15:00:00,4.49267,0.928621,0.643109,3.84956,0.474341,0.110504,0.277995,29.81
2025-12-18 16:00:00,5.64876,1.15943,0.750598,4.89816,0.497392,0.117893,0.276869,33.899
2025-12-18 17:00:00,6.92922,1.40952,0.624661,6.30456,0.495596,0.155493,0.284048,35.586
2025-12-18 18:00:00,5.33795,1.19578,0.624073,4.71388,0.484618,0.121631,0.272045,30.033
2025-12-18 19:00:00,6.35309,1.58273,0.414885,5.9382,0.456978,0.099363,0.261687,27.569
2025-12-18 20:00:00,4.12792,1.12785,0.407296,3.72062,0.459611,0.094465,0.241725,28.031
2025-12-18 21:00:00,5.86355,1.73171,0.907739,4.95582,0.424907,0.084384,0.239651,31.397
2025-12-18 22:00:00,7.64316,2.68181,0.906157,6.73701,0.41406,0.086975,0.226942,28.725
2025-12-18 23:00:00,5.37577,2.13324,0.268967,5.1068,0.37772,0.073163,0.210016,20.742
2025-12-19 00:00:00,2.54451,0.996285,0.123124,2.42139,0.354662,0.04371,0.186192,9.805
2025-12-19 01:00:00,3.5294,1.23061,0.151814,3.37758,0.364866,0.046895,0.192362,10.562
2025-12-19 02:00:00,0.749026,0.249842,0.050653,0.698373,0.341725,0.017347,0.165778,5.095
2025-12-19 03:00:00,0.675329,0.237124,0.056054,0.619275,0.331241,0.010446,0.160545,3.149
2025-12-19 04:00:00,0.198678,0.077187,0.025918,0.17276,0.293679,0.00453,0.154065,2.252
2025-12-19 05:00:00,0.387239,0.160948,0.021653,0.365586,0.275252,0.00746,0.150476,2.196
2025-12-19 06:00:00,1.58483,0.487042,0.161265,1.42357,0.370131,0.031335,0.189795,6.908
2025-12-19 07:00:00,4.63581,0.900507,0.42729,4.20852,0.454855,0.098231,0.251375,23.614
2025-12-19 08:00:00,6.90607,1.33271,0.753384,6.15269,0.486001,0.128938,0.275672,31.096
2025-12-19 09:00:00,4.92506,0.966078,0.578234,4.34683,0.466421,0.099879,0.262855,28.517
2025-12-19 10:00:00,5.8774,1.16017,0.714473,5.16293,0.47051,0.123595,0.285783,32.147
2025-12-19 11:00:00,4.43349,0.941692,0.45551,3.97798,0.47878,0.113318,0.286273,26.655
2025-12-19 12:00:00,4.55011,1.11468,0.594058,3.95605,0.462654,0.084188,0.250461,24.049
2025-12-19 13:00:00,4.03511,0.890752,0.536003,3.49911,0.473669,0.087565,0.253995,22.507
2025-12-19 14:00:00,4.34384,0.984552,0.473096,3.87075,0.477283,0.104396,0.262879,25.846
2025-12-19 15:00:00,3.94841,0.812431,0.609709,3.33871,0.489564,0.102819,0.26328,26.899
2025-12-19 16:00:00,5.27959,0.998409,0.613895,4.66569,0.488621,0.125524,0.284476,35.643
2025-12-19 17:00:00,13.4968,2.97942,0.970924,12.5258,0.497783,0.176207,0.309588,37.141
2025-12-19 18:00:00,19.5862,4.79584,1.09481,18.4914,0.4757,0.196065,0.323033,31.064
2025-12-19 19:00:00,40.684,10.8549,0.803669,39.8803,0.441583,0.308485,0.347597,34.552
2025-12-19 20:00:00,85.4264,24.7613,3.39853,82.0279,0.48036,0.490582,0.332281,30.773
2025-12-19 21:00:00,9.85655,2.75015,0.682093,9.17445,0.435273,0.117632,0.248085,27.484
2025-12-19 22:00:00,5.66369,1.65605,0.383392,5.28029,0.41388,0.098882,0.23943,25.831
2025-12-19 23:00:00,3.35961,1.10296,0.251659,3.10795,0.399913,0.069323,0.210562,17.58
2025-12-20 00:00:00,4.21936,1.38978,0.384147,3.83522,0.368185,0.052359,0.191283,13.247
2025-12-20 01:00:00,2.90305,0.900449,0.224393,2.67865,0.359469,0.037234,0.183167,8.476
2025-12-20 02:00:00,0.888412,0.282934,0.039587,0.848825,0.323301,0.01382,0.170176,4.253
2025-12-20 03:00:00,0.799092,0.265127,0.058261,0.740831,0.319201,0.016722,0.172466,5.558
2025-12-20 04:00:00,0.747366,0.274969,0.043973,0.703393,0.346709,0.01244,0.170314,6.497
2025-12-20 05:00:00,2.04549,0.844543,0.082403,1.96308,0.384013,0.022828,0.176181,8.582
2025-12-20 06:00:00,2.15689,0.775861,0.108926,2.04797,0.376425,0.02852,0.184637,8.761
2025-12-20 07:00:00,3.50547,0.885667,0.21211,3.29336,0.428433,0.056868,0.214255,12.322
2025-12-20 08:00:00,3.992,0.79872,0.436039,3.55597,0.450825,0.083839,0.24357,22.369
2025-12-20 09:00:00,4.86898,0.971076,0.428494,4.44048,0.460285,0.091337,0.260136,27.264
2025-12-20 10:00:00,6.31064,1.24914,0.615934,5.69471,0.482801,0.13346,0.280391,32.051
2025-12-20 11:00:00,3.94393,0.877989,0.374017,3.56991,0.451403,0.09185,0.25499,23.755
2025-12-20 12:00:00,4.16343,0.864499,0.439257,3.72417,0.457454,0.101057,0.258271,22.157
2025-12-20 13:00:00,4.19389,0.9957,0.572163,3.62172,0.442592,0.089758,0.248663,21.421
2025-12-20 14:00:00,5.6841,1.30369,0.727865,4.95624,0.44147,0.110595,0.266439,25.208
2025-12-20 15:00:00,12.3508,2.70969,3.25294,9.09782,0.448398,0.155159,0.327571,36.947
2025-12-20 16:00:00,7.54947,1.71657,0.92339,6.62608,0.506721,0.159248,0.302601,36.981
2025-12-20 17:00:00,5.51096,1.35272,0.589023,4.92194,0.464937,0.109126,0.269348,32.649
2025-12-20 18:00:00,11.5622,3.12493,0.837253,10.725,0.452473,0.139794,0.297282,30.199
2025-12-20 19:00:00,5.35545,1.42508,0.349968,5.00549,0.414376,0.083466,0.26636,21.476
2025-12-20 20:00:00,17.9869,5.65981,0.371994,17.6149,0.414971,0.158406,0.299777,21.44
2025-12-20 21:00:00,33.8119,10.1233,0.425085,33.3868,0.452959,0.229026,0.328408,21.372
2025-12-20 22:00:00,36.2554,9.81467,0.934038,35.3213,0.418992,0.25153,0.31378,24.117
2025-12-20 23:00:00,39.6343,15.604,0.984128,38.6501,0.405812,0.267558,0.286894,20.041
2025-12-21 00:00:00,38.0951,12.9752,0.94074,37.1544,0.48329,0.22813,0.248636,17.097
2025-12-21 01:00:00,4.01036,1.42211,0.19678,3.81358,0.391293,0.065183,0.207158,12.932
2025-12-21 02:00:00,0.619151,0.223037,0.091691,0.52746,0.38545,0.0173,0.174763,6.225
2025-12-21 03:00:00,0.681645,0.200484,0.039157,0.642488,0.393351,0.011569,0.16867,4.568
2025-12-21 04:00:00,0.074349,0.024345,0.017033,0.057316,0.326411,0.005235,0.160211,2.159
2025-12-21 05:00:00,0.253503,0.087475,0.022073,0.23143,0.290039,0.006978,0.15628,2.33
2025-12-21 06:00:00,0.524496,0.173904,0.045549,0.478947,0.335838,0.013613,0.173001,3.828
2025-12-21 07:00:00,2.5773,0.670823,0.204061,2.37324,0.38766,0.044595,0.213217,12.512
2025-12-21 08:00:00,13.5172,3.05267,0.693788,12.8235,0.428334,0.121515,0.250112,20.131
2025-12-21 09:00:00,6.55595,1.40084,0.363636,6.19231,0.446238,0.098295,0.253927,24.035
2025-12-21 10:00:00,5.98701,1.19884,0.5116,5.47541,0.469062,0.110678,0.266161,29.249
2025-12-21 11:00:00,6.31902,1.32474,0.620683,5.69833,0.465865,0.108456,0.260723,27.055
2025-12-21 12:00:00,5.45097,1.22274,0.470497,4.98048,0.449548,0.102351,0.250577,26.729
2025-12-21 13:00:00,4.66974,1.07548,0.423115,4.24663,0.450227,0.085397,0.247067,22.549
2025-12-21 14:00:00,5.57746,1.32418,0.486716,5.09075,0.441873,0.110186,0.25872,27.249
2025-12-21 15:00:00,5.49381,1.20005,0.465762,5.02805,0.462802,0.10998,0.263826,29.05
2025-12-21 16:00:00,7.18868,1.58761,0.766304,6.42238,0.480704,0.156859,0.295001,33.79
2025-12-21 17:00:00,6.9798,1.67381,0.765667,6.21413,0.445482,0.118384,0.294019,31.848
2025-12-21 18:00:00,5.65196,1.4819,0.619539,5.03243,0.44246,0.098557,0.276104,27.691
2025-12-21 19:00:00,5.77889,1.76078,0.330399,5.44849,0.408167,0.087015,0.270684,22.385
2025-12-21 20:00:00,8.91984,2.86443,0.475401,8.44444,0.409498,0.118738,0.281806,24.3
2025-12-21 21:00:00,3.09904,1.02482,0.289307,2.80974,0.407996,0.060415,0.250084,21.11
2025-12-21 22:00:00,3.35107,1.03166,0.308685,3.04239,0.413847,0.064491,0.251484,21.6324
2025-12-21 23:00:00,3.6031,1.0385,0.328064,3.27504,0.419699,0.068567,0.252885,22.1548
2025-12-22 00:00:00,3.85513,1.04534,0.347442,3.50769,0.42555,0.072642,0.254286,22.6773
2025-12-22 01:00:00,,,,,,,,
2025-12-22 02:00:00,,,,,,,,
2025-12-22 03:00:00,,,,,,,,
2025-12-22 04:00:00,,,,,,,,
2025-12-22 05:00:00,,,,,,,,
2025-12-22 06:00:00,,,,,,,,
2025-12-22 07:00:00,,,,,,,,
2025-12-22 08:00:00,,,,,,,,
2025-12-22 09:00:00,6.12339,1.1069,0.521846,5.60154,0.478211,0.109325,0.266891,27.379
2025-12-22 10:00:00,3.96089,0.776036,0.373951,3.58694,0.466634,0.097658,0.261673,25.693
2025-12-22 11:00:00,6.57969,1.42727,0.410703,6.16899,0.475675,0.113241,0.263224,26.939
2025-12-22 12:00:00,3.81371,0.879141,0.541531,3.27218,0.464346,0.07957,0.247695,22.295
2025-12-22 13:00:00,2.27101,0.544607,0.280346,1.99067,0.467161,0.054118,0.238473,17.293
2025-12-22 14:00:00,3.42114,0.70134,0.375829,3.04531,0.466571,0.076318,0.248241,22.348
2025-12-22 15:00:00,4.2665,0.930737,0.441858,3.82464,0.446788,0.083805,0.251588,25.242
2025-12-22 16:00:00,3.83097,0.797122,0.50207,3.3289,0.490956,0.102854,0.268426,31.255
2025-12-22 17:00:00,5.44813,1.28011,0.593297,4.85483,0.479823,0.126122,0.277776,37.829
2025-12-22 18:00:00,6.53273,1.51501,0.529854,6.00288,0.493962,0.124125,0.272185,30.972
2025-12-22 19:00:00,5.31698,1.26114,0.708898,4.60809,0.5015,0.104289,0.268032,29.214
2025-12-22 20:00:00,5.90712,1.52245,0.476444,5.43068,0.425382,0.099836,0.248862,26.616
2025-12-22 21:00:00,5.06062,1.52062,0.334991,4.72563,0.418614,0.096908,0.237704,25.979
2025-12-22 22:00:00,7.59425,2.70643,0.360768,7.23348,0.389103,0.10335,0.236429,25.91
2025-12-22 23:00:00,4.29668,1.6863,0.178972,4.11771,0.390572,0.060789,0.20544,16.76
2025-12-23 00:00:00,3.8588,1.4485,0.411977,3.44682,0.373846,0.042818,0.185245,10.486
2025-12-23 01:00:00,2.06142,0.63195,0.183059,1.87836,0.393078,0.028689,0.175467,7.277
2025-12-23 02:00:00,1.94464,0.653441,0.093429,1.85121,0.327535,0.028375,0.164767,4.906
2025-12-23 03:00:00,0.123852,0.036151,0.017958,0.105894,0.350652,0.007332,0.165809,2.807
2025-12-23 04:00:00,0.301329,0.118914,0.012807,0.288522,0.2741,0.007248,0.152682,2.055
2025-12-23 05:00:00,0.042946,0.018835,0.007559,0.035387,0.286246,0.003355,0.152561,1.862
2025-12-23 06:00:00,1.80452,0.53074,0.114583,1.68993,0.360535,0.031478,0.191906,7.672
2025-12-23 07:00:00,5.41199,1.13411,0.479447,4.93254,0.441954,0.1052,0.266042,25.872
2025-12-23 08:00:00,5.9127,1.19642,0.436912,5.47579,0.466427,0.121055,0.275477,27.144
2025-12-23 09:00:00,5.33048,1.13656,0.516391,4.81409,0.469713,0.115852,0.275882,28.753
2025-12-23 10:00:00,4.64529,0.941105,0.492947,4.15235,0.474747,0.102302,0.26301,26.984
2025-12-23 11:00:00,3.10711,0.649209,0.629954,2.47716,0.476549,0.082145,0.256143,21.59
2025-12-23 12:00:00,3.53951,0.844752,0.461948,3.07756,0.470572,0.077269,0.249554,18.827
2025-12-23 13:00:00,4.62821,1.22764,0.774779,3.85343,0.457867,0.092082,0.244655,20.688
2025-12-23 14:00:00,5.05185,1.15444,0.382637,4.66922,0.470845,0.108707,0.25171,22.016
2025-12-23 15:00:00,4.97379,1.21966,0.571336,4.40245,0.482533,0.097242,0.252272,24.808
2025-12-23 16:00:00,5.64314,1.15733,0.477466,5.16567,0.471736,0.105402,0.262028,30.125
2025-12-23 17:00:00,7.29117,1.58573,0.761725,6.52944,0.488014,0.146514,0.283569,41.129
2025-12-23 18:00:00,7.38442,1.80196,0.563132,6.82129,0.462321,0.143957,0.281519,38.565
2025-12-23 19:00:00,6.33305,1.50859,0.721221,5.61183,0.458132,0.09769,0.249865,25.265
2025-12-23 20:00:00,2.50971,0.637631,0.252046,2.25767,0.421207,0.054,0.222157,15.421
2025-12-23 21:00:00,3.20717,0.882061,0.505996,2.70118,0.42956,0.060452,0.225421,18.834
2025-12-23 22:00:00,4.67871,1.59683,0.33808,4.34063,0.393309,0.076286,0.224857,20.208
2025-12-23 23:00:00,2.90725,0.945141,0.252926,2.65433,0.346115,0.050342,0.202562,17.129
2025-12-24 00:00:00,4.81733,1.96305,0.176729,4.6406,0.32581,0.079502,0.214273,18.035
2025-12-24 01:00:00,0.901795,0.33524,0.072389,0.829406,0.303108,0.020349,0.179703,6.451
2025-12-24 02:00:00,0.208497,0.084686,0.039674,0.168823,0.277759,0.007331,0.15998,2.084
2025-12-24 03:00:00,0.509665,0.209911,0.028151,0.481514,0.2727,0.009441,0.158988,2.774
2025-12-24 04:00:00,0.252307,0.100122,0.019393,0.232914,0.242005,0.00593,0.160795,2.465
2025-12-24 05:00:00,0.345407,0.183336,0.01995,0.325457,0.234627,0.006745,0.150486,1.984
2025-12-24 06:00:00,2.14026,0.644658,0.151402,1.98886,0.357498,0.036643,0.192974,8.87
2025-12-24 07:00:00,5.64467,1.07517,0.40076,5.24391,0.451281,0.108944,0.250465,22.532
2025-12-24 08:00:00,4.99732,1.07655,0.417749,4.57957,0.490436,0.123162,0.267764,28.265
2025-12-24 09:00:00,4.99679,0.999758,0.55882,4.43797,0.487469,0.094033,0.267891,30.648
2025-12-24 10:00:00,6.88886,1.36036,0.714517,6.17434,0.526961,0.120276,0.286487,41.492
2025-12-24 11:00:00,5.35469,1.21808,0.402661,4.95203,0.452887,0.103591,0.26275,25.103
2025-12-24 12:00:00,5.08659,1.10099,0.615839,4.47075,0.450737,0.110619,0.261349,26.293
2025-12-24 13:00:00,4.40548,0.987777,0.449423,3.95606,0.436447,0.091595,0.267286,27.612
2025-12-24 14:00:00,3.69713,0.847577,0.400551,3.29658,0.462488,0.092836,0.278262,27.088
2025-12-24 15:00:00,3.97764,0.825238,0.441826,3.53582,0.464617,0.096215,0.278886,26.999
2025-12-24 16:00:00,4.78447,1.06749,0.448617,4.33585,0.464222,0.108517,0.276448,28.663
2025-12-24 17:00:00,5.98715,1.29145,0.654233,5.33292,0.479707,0.125513,0.287493,37.288
2025-12-24 18:00:00,7.29491,1.75527,0.716545,6.57837,0.473917,0.137632,0.282614,32.351
2025-12-24 19:00:00,4.85059,1.32602,0.568918,4.28167,0.442232,0.09565,0.258469,27.569
2025-12-24 20:00:00,3.51176,0.947587,0.33319,3.17857,0.410569,0.082397,0.244369,19.896
2025-12-24 21:00:00,4.07994,1.13647,0.406497,3.67345,0.415772,0.065602,0.231434,19.808
2025-12-24 22:00:00,5.54762,1.80469,0.48971,5.05791,0.38424,0.081106,0.230938,23.969
2025-12-24 23:00:00,3.69533,1.37067,0.377311,3.31802,0.355971,0.054849,0.200969,16.674
2025-12-25 00:00:00,0.635321,0.30053,0.062628,0.572693,0.283357,0.015458,0.159955,3.961
2025-12-25 01:00:00,0.666402,0.303461,0.068346,0.598056,0.251528,0.01024,0.149871,2.759
2025-12-25 02:00:00,0.823035,0.355063,0.043101,0.779934,0.250082,0.012616,0.141595,3.253
2025-12-25 03:00:00,0.471247,0.189256,0.025062,0.446185,0.223867,0.011619,0.07918,1.816
2025-12-25 04:00:00,0.331031,0.131362,0.017226,0.313805,0.25328,0.016257,0.082737,1.802
2025-12-25 05:00:00,0.526458,0.218448,0.02837,0.498088,0.287919,0.009418,0.090916,2.846
2025-12-25 06:00:00,2.03927,0.590067,0.155544,1.88373,0.34166,0.048294,0.130967,10.134
2025-12-25 07:00:00,4.40648,0.972732,0.51167,3.89481,0.417686,0.119404,0.189413,22.869
2025-12-25 08:00:00,5.27461,1.09523,0.372931,4.90168,0.432169,0.138143,0.206009,27.911
2025-12-25 09:00:00,3.90479,0.810459,0.621171,3.28362,0.423707,0.11102,0.197769,24.638
2025-12-25 10:00:00,4.55989,1.03634,0.36669,4.1932,0.43032,0.110247,0.20165,25.325
2025-12-25 11:00:00,3.45384,0.869547,0.338962,3.11488,0.438854,0.093303,0.189244,21.23
2025-12-25 12:00:00,3.27665,0.762012,0.39457,2.88208,0.403641,0.095664,0.197368,21.271
2025-12-25 13:00:00,4.26505,1.0505,0.773705,3.49134,0.430368,0.102113,0.18701,22.278
2025-12-25 14:00:00,4.00651,0.859397,0.420451,3.58606,0.436909,0.124485,0.202481,25.581
2025-12-25 15:00:00,4.75808,1.05501,0.491984,4.2661,0.407152,0.136812,0.210437,29.146
2025-12-25 16:00:00,5.44238,1.17954,0.570351,4.87202,0.441689,0.147655,0.223582,29.828
2025-12-25 17:00:00,7.12416,1.64076,0.859476,6.26469,0.439395,0.186814,0.233284,37.894
2025-12-25 18:00:00,7.12436,1.69789,0.664472,6.45989,0.4352,0.166377,0.218639,32.921
2025-12-25 19:00:00,6.32635,1.6073,0.45017,5.87618,0.387628,0.13943,0.20249,30.019
2025-12-25 20:00:00,5.47093,1.60438,0.451816,5.01912,0.363311,0.130328,0.191271,28.64
2025-12-25 21:00:00,3.51097,1.09513,0.460197,3.05078,0.369092,0.090765,0.167863,25.83
2025-12-25 22:00:00,4.05417,1.47317,0.33261,3.72156,0.331562,0.114006,0.166979,24.914
2025-12-25 23:00:00,5.29271,2.1137,0.612389,4.68032,0.329985,0.115019,0.153034,21.921
2025-12-26 00:00:00,4.33752,1.76897,0.441162,3.89635,0.322195,0.09243,0.129023,15.057
2025-12-26 01:00:00,2.49173,0.918102,0.1774,2.31433,0.306326,0.048704,0.112567,8.441
2025-12-26 02:00:00,5.52201,1.93212,0.284151,5.23786,0.32655,0.07082,0.117006,8.602
2025-12-26 03:00:00,7.87147,2.90246,0.249988,7.62148,0.317745,0.132296,0.128273,9.341
2025-12-26 04:00:00,1.24689,0.458415,0.045436,1.20145,0.305447,0.030568,0.103489,5.916
2025-12-26 05:00:00,0.138353,0.052968,0.079212,0.059141,0.304653,0.014072,0.100048,4.108
2025-12-26 06:00:00,1.6806,0.464512,0.179865,1.50074,0.349317,0.033451,0.133123,11.685
2025-12-26 07:00:00,4.20446,0.8752,0.506218,3.69824,0.421058,0.102073,0.182405,21.841
2025-12-26 08:00:00,5.2508,1.12005,0.448272,4.80253,0.445457,0.151511,0.21682,28.068
2025-12-26 09:00:00,3.77867,0.779751,0.463116,3.31556,0.439607,0.111391,0.203765,24.123
2025-12-26 10:00:00,5.81769,1.18006,0.540868,5.27682,0.43483,0.14857,0.216173,30.861
2025-12-26 11:00:00,4.99624,1.11077,1.01111,3.98513,0.449927,0.125648,0.209271,27.197
2025-12-26 12:00:00,6.44083,1.43257,0.4137,6.02713,0.414994,0.144138,0.204719,22.788
2025-12-26 13:00:00,3.47082,0.805294,0.540317,2.9305,0.450351,0.094095,0.194459,21.14
2025-12-26 14:00:00,3.85352,0.840647,0.55646,3.29706,0.457275,0.116127,0.211255,25.256
2025-12-26 15:00:00,5.07712,0.999826,0.504171,4.57295,0.443795,0.125727,0.20509,27.49
2025-12-26 16:00:00,5.0702,0.968336,0.707975,4.36223,0.454847,0.135344,0.218023,33.609
2025-12-26 17:00:00,7.19006,1.63708,0.649017,6.54105,0.44863,0.181159,0.24591,36.595
2025-12-26 18:00:00,7.74926,1.99312,0.855366,6.89389,0.436116,0.185379,0.237539,36.035
2025-12-26 19:00:00,6.43422,1.66863,0.433261,6.00096,0.425411,0.135833,0.222145,26.66
2025-12-26 20:00:00,5.13308,1.41174,0.446085,4.68699,0.363238,0.132105,0.19105,26.795
2025-12-26 21:00:00,4.22184,1.41104,0.404846,3.81699,0.380492,0.105476,0.171938,21.375
2025-12-26 22:00:00,2.91527,1.00112,0.444863,2.4704,0.354404,0.077392,0.152822,17.52
2025-12-26 23:00:00,3.6917,1.34931,0.210348,3.48136,0.324217,0.079477,0.142425,13.768
2025-12-27 00:00:00,1.3613,0.549797,0.154718,1.20658,0.318091,0.043536,0.115768,10.011
2025-12-27 01:00:00,0.5069,0.212626,0.04448,0.46242,0.305677,0.021955,0.10542,5.72
2025-12-27 02:00:00,0.624182,0.280153,0.083389,0.540793,0.282796,0.020378,0.095867,3.625
2025-12-27 03:00:00,0.888235,0.359028,0.0288,0.859435,0.289087,0.01541,0.092388,3.203
2025-12-27 04:00:00,0.351511,0.145013,0.029393,0.322118,0.269775,0.00819,0.096297,2.57
2025-12-27 05:00:00,0.161486,0.069307,0.011369,0.150117,0.255046,0.004502,0.085998,1.621
2025-12-27 06:00:00,1.42748,0.483236,0.103574,1.32391,0.308748,0.030638,0.115212,5.801
2025-12-27 07:00:00,2.38598,0.567821,0.251322,2.13466,0.401402,0.062842,0.157864,11.618
2025-12-27 08:00:00,3.67014,0.732563,0.466677,3.20347,0.414505,0.095894,0.179896,21.264
2025-12-27 09:00:00,6.09861,1.21875,0.537735,5.56087,0.415753,0.151524,0.212784,30.296
2025-12-27 10:00:00,6.14021,1.2629,0.509095,5.63112,0.423518,0.152703,0.215695,30.51
2025-12-27 11:00:00,6.13091,1.38146,0.545398,5.58551,0.414398,0.144159,0.218125,26.93
2025-12-27 12:00:00,5.29841,1.28043,0.445391,4.85302,0.40232,0.148341,0.224444,29.782
2025-12-27 13:00:00,7.97888,1.85125,0.425129,7.55375,0.439792,0.141219,0.202418,25.65
2025-12-27 14:00:00,6.17872,1.33854,0.541635,5.63708,0.400838,0.142227,0.226674,30.563
2025-12-27 15:00:00,6.7254,1.48792,0.665118,6.06028,0.417567,0.208793,0.237452,31.888
2025-12-27 16:00:00,4.47594,0.919084,0.565817,3.91012,0.438719,0.14467,0.227012,29.338
2025-12-27 17:00:00,5.95632,1.30335,0.629402,5.32691,0.435065,0.148445,0.211455,28.904
2025-12-27 18:00:00,5.57016,1.31434,0.655892,4.91427,0.425523,0.13123,0.206136,24.117
2025-12-27 19:00:00,4.73444,1.4685,0.294165,4.44027,0.393657,0.105171,0.180594,20.34
2025-12-27 20:00:00,4.61309,1.32332,0.474482,4.13861,0.384617,0.125945,0.171894,17.338
2025-12-27 21:00:00,2.87171,0.840173,0.246635,2.62508,0.421164,0.217982,0.191579,21.269
2025-12-27 22:00:00,2.45823,0.711293,0.208753,2.24947,0.382933,0.088568,0.166407,13.738
2025-12-27 23:00:00,2.41864,0.759622,0.171543,2.24709,0.337823,0.060791,0.131895,12.089
2025-12-28 00:00:00,1.36661,0.54016,0.103464,1.26314,0.327506,0.044584,0.120256,10.702
2025-12-28 01:00:00,1.21024,0.626417,0.194387,1.01585,0.316206,0.033005,0.115607,10.7
2025-12-28 02:00:00,0.424408,0.170308,0.084412,0.339996,0.322725,0.019206,0.108344,5.837
2025-12-28 03:00:00,1.58498,0.697,0.049418,1.53556,0.309377,0.045977,0.109675,6.526
2025-12-28 04:00:00,2.37568,1.00835,0.056952,2.31873,0.29577,0.053788,0.11116,5.895
2025-12-28 05:00:00,0.146892,0.061616,0.014099,0.132793,0.301122,0.007832,0.097484,1.91
2025-12-28 06:00:00,0.968701,0.299907,0.08316,0.885541,0.336107,0.022318,0.120077,6.442
2025-12-28 07:00:00,3.36348,0.862432,0.214803,3.14868,0.389331,0.071277,0.151087,13.25
2025-12-28 08:00:00,4.09916,0.938023,0.443037,3.65612,0.395077,0.122806,0.179545,18.414
2025-12-28 09:00:00,4.9885,1.02391,0.381177,4.60732,0.386366,0.114155,0.200685,22.778
2025-12-28 10:00:00,5.6808,1.28177,0.387815,5.29298,0.350151,0.159264,0.209748,26.994
2025-12-28 11:00:00,5.36419,0.99595,0.525926,4.83826,0.392376,0.157999,0.214312,26.318
2025-12-28 12:00:00,4.79297,0.940906,0.446626,4.34635,0.405282,0.144175,0.199558,22.367
2025-12-28 13:00:00,4.60286,0.988163,0.449246,4.15362,0.424537,0.158072,0.203309,27.236
2025-12-28 14:00:00,7.78294,1.90478,1.27838,6.50457,0.405939,0.288012,0.23949,34.97
2025-12-28 15:00:00,8.30922,1.98216,0.530635,7.77859,0.371303,0.193789,0.221529,36.2
2025-12-28 16:00:00,6.41015,1.40635,0.71263,5.69752,0.415619,0.147141,0.210895,32.789
2025-12-28 17:00:00,6.60791,1.5915,0.501052,6.10685,0.388956,0.156828,0.207015,31.386
2025-12-28 18:00:00,4.52363,1.19483,0.454618,4.06902,0.404475,0.124348,0.197222,21.482
2025-12-28 19:00:00,5.29002,1.54498,0.378917,4.91111,0.379955,0.11358,0.18576,26.187
2025-12-28 20:00:00,9.51278,2.80779,0.526652,8.98613,0.388256,0.222769,0.19939,22.946
2025-12-28 21:00:00,5.09129,1.32241,0.409034,4.68226,0.350139,0.116733,0.161696,18.168
2025-12-28 22:00:00,5.02813,1.71843,0.464356,4.56378,0.336903,0.109974,0.157268,19.474
2025-12-28 23:00:00,1.82571,0.639701,0.1757,1.65001,0.328388,0.119225,0.142519,10.341
2025-12-29 00:00:00,2.6605,1.18878,0.0863,2.5742,0.299516,0.053438,0.105946,6.63
2025-12-29 01:00:00,2.03825,1.0357,0.074586,1.96366,0.294028,0.057475,0.102523,5.291
2025-12-29 02:00:00,2.69403,1.28532,0.058842,2.63519,0.298293,0.062207,0.104016,4.945
2025-12-29 03:00:00,1.35764,0.705634,0.065339,1.2923,0.25817,0.028838,0.090809,5.085
2025-12-29 04:00:00,0.048034,0.022808,0.008207,0.039827,0.260977,0.005965,0.077365,1.095
2025-12-29 05:00:00,0.973521,0.386624,0.034249,0.939272,0.309034,0.018369,0.102092,2.776
2025-12-29 06:00:00,2.03565,0.561405,0.163607,1.87205,0.368002,0.04449,0.132395,8.629
2025-12-29 07:00:00,3.94277,0.816307,0.361145,3.58162,0.444143,0.113717,0.186042,20.086
2025-12-29 08:00:00,5.24436,1.13613,0.459586,4.78477,0.423968,0.136204,0.200352,24.664
2025-12-29 09:00:00,3.20129,0.824651,0.281881,2.91941,0.409587,0.089984,0.191031,18.866
2025-12-29 10:00:00,4.05855,0.987963,0.312106,3.74644,0.403505,0.11228,0.194886,22.515
2025-12-29 11:00:00,3.19026,0.813427,0.308469,2.88179,0.417858,0.090127,0.188905,20.442
2025-12-29 12:00:00,4.74033,1.24877,0.335139,4.4052,0.403765,0.115041,0.189151,24.443
2025-12-29 13:00:00,7.60494,1.84407,0.346379,7.25856,0.414457,0.13908,0.191708,25.49
2025-12-29 14:00:00,3.28556,0.712393,0.425233,2.86033,0.440583,0.095546,0.191699,22.41
2025-12-29 15:00:00,3.2008,0.770906,0.327362,2.87344,0.438119,0.086942,0.185536,19.765
2025-12-29 16:00:00,4.8458,1.04121,0.64853,4.19727,0.444786,0.120715,0.205577,23.533
2025-12-29 17:00:00,5.03613,1.14562,0.528633,4.50749,0.437282,0.147337,0.215897,31.212
2025-12-29 18:00:00,5.00099,1.21383,0.540297,4.46069,0.446685,0.134366,0.206901,26.182
2025-12-29 19:00:00,2.7958,0.835064,0.281436,2.51436,0.390914,0.110634,0.191261,19.987
2025-12-29 20:00:00,3.71313,1.09081,0.280981,3.43215,0.3881,0.088385,0.167208,20.554
2025-12-29 21:00:00,6.88003,2.22511,0.587658,6.29237,0.360526,0.137563,0.1724,26.626
2025-12-29 22:00:00,9.08034,3.15071,0.482385,8.59795,0.293438,0.181373,0.171416,25.098
2025-12-29 23:00:00,4.05173,1.89688,0.229807,3.82192,0.316711,0.102921,0.141681,16.553
2025-12-30 00:00:00,4.33361,2.43461,0.11519,4.21842,0.283525,0.111947,0.134319,13.762
2025-12-30 01:00:00,2.18687,1.31898,0.088245,2.09862,0.277505,0.053112,0.111792,6.92
2025-12-30 02:00:00,0.720241,0.430251,0.045028,0.675213,0.236359,0.017494,0.086418,3.132
2025-12-30 03:00:00,0.421416,0.24702,0.012285,0.409131,0.209048,0.014186,0.078121,1.29
2025-12-30 04:00:00,0.349141,0.202518,0.03262,0.316521,0.220544,0.016463,0.084343,1.766
2025-12-30 05:00:00,0.280275,0.136188,0.021264,0.259011,0.239113,0.011267,0.083262,1.571
2025-12-30 06:00:00,3.60905,1.30763,0.179867,3.42919,0.300804,0.079616,0.139841,10.411
2025-12-30 07:00:00,5.01681,1.16833,0.335763,4.68105,0.410743,0.11459,0.181728,20.046
2025-12-30 08:00:00,4.82104,0.988728,0.4619,4.35914,0.446182,0.150945,0.217096,25.387
2025-12-30 09:00:00,3.07781,0.621026,0.498068,2.57974,0.453303,0.099421,0.202104,23.237
2025-12-30 10:00:00,2.89053,0.556513,0.334004,2.55652,0.480782,0.116284,0.214345,22.189
2025-12-30 11:00:00,3.53326,0.748573,0.365957,3.16731,0.473054,0.131652,0.212796,24.858
2025-12-30 12:00:00,5.08194,1.1369,0.378,4.70394,0.410463,0.145032,0.214603,25.041
2025-12-30 13:00:00,3.65464,0.807834,0.41909,3.23555,0.419789,0.12619,0.193548,23.317
2025-12-30 14:00:00,6.10271,1.20894,0.356046,5.74666,0.408922,0.131896,0.210506,26.591
2025-12-30 15:00:00,7.02035,1.48046,0.486888,6.53346,0.394279,0.166794,0.215368,26.1
2025-12-30 16:00:00,4.88438,1.10307,0.539014,4.34537,0.456721,0.124291,0.209139,24.582
2025-12-30 17:00:00,5.95119,1.30968,0.906948,5.04424,0.454038,0.167744,0.224567,32.335
2025-12-30 18:00:00,3.1286,0.777099,0.516416,2.61219,0.43393,0.116453,0.201329,25.014
2025-12-30 19:00:00,5.54112,1.57867,0.376915,5.16421,0.388557,0.140347,0.199551,21.987
2025-12-30 20:00:00,3.20777,0.974414,0.263178,2.94459,0.360685,0.110808,0.192687,17.674
2025-12-30 21:00:00,3.34677,1.12686,0.321032,3.02574,0.40933,0.071086,0.162575,19.504
2025-12-30 22:00:00,6.03233,2.02699,0.873099,5.15923,0.370555,0.147229,0.171316,19.715
2025-12-30 23:00:00,5.29985,2.04785,0.885791,4.41406,0.32772,0.157599,0.159928,19.776
2025-12-31 00:00:00,6.32159,2.42951,0.383847,5.93774,0.31774,0.114358,0.139298,15.113
2025-12-31 01:00:00,1.25956,0.526133,0.13877,1.12079,0.340557,0.036367,0.113141,5.095
2025-12-31 02:00:00,0.953118,0.354847,0.030724,0.922394,0.363848,0.027066,0.106487,3.726
2025-12-31 03:00:00,0.859092,0.239168,0.039559,0.819533,0.40533,0.029218,0.110331,2.951
2025-12-31 04:00:00,0.573439,0.172619,0.049995,0.523444,0.327717,0.027918,0.102807,3.157
2025-12-31 05:00:00,0.304668,0.115143,0.035531,0.269137,0.323115,0.008594,0.092644,2.331
2025-12-31 06:00:00,2.21863,0.687733,0.112076,2.10655,0.326377,0.048249,0.128344,8.752
2025-12-31 07:00:00,3.95643,0.909525,0.446352,3.51008,0.396574,0.12112,0.188784,21.318
2025-12-31 08:00:00,4.74512,1.032,0.488905,4.25622,0.424209,0.134488,0.211448,26.359
2025-12-31 09:00:00,3.19414,0.6594,0.409494,2.78464,0.448033,0.090821,0.191821,20.824
2025-12-31 10:00:00,3.61113,0.79716,0.474523,3.13661,0.451752,0.110828,0.202206,25.147
2025-12-31 11:00:00,3.90825,0.856697,0.430603,3.47765,0.451523,0.112624,0.208357,25.097
2025-12-31 12:00:00,3.95195,0.850613,0.394571,3.55738,0.417727,0.101119,0.200287,23.081
2025-12-31 13:00:00,4.01971,0.795037,0.385295,3.63441,0.429944,0.116649,0.192135,21.786
2025-12-31 14:00:00,5.25958,1.10079,0.619432,4.64015,0.473026,0.132673,0.204542,24.783
2025-12-31 15:00:00,4.06401,0.88967,0.447174,3.61684,0.427885,0.117002,0.207255,27.688
2025-12-31 16:00:00,5.31095,1.10369,0.475939,4.83501,0.448077,0.152125,0.218481,31.108
2025-12-31 17:00:00,5.94092,1.30226,0.767865,5.17305,0.438576,0.160849,0.223875,36.38
2025-12-31 18:00:00,10.4893,2.43485,0.609842,9.8795,0.432791,0.187896,0.221558,31.729
2025-12-31 19:00:00,4.22947,1.1716,0.865883,3.36358,0.469835,0.168434,0.207211,27.191
2025-12-31 20:00:00,7.1526,2.04127,1.69973,5.45287,0.44291,0.136467,0.197383,29.593
2025-12-31 21:00:00,7.45041,2.20688,1.61888,5.83154,0.434563,0.139233,0.186361,28.242
2025-12-31 22:00:00,3.66252,1.01455,0.394418,3.2681,0.371502,0.207584,0.177362,17.502
2025-12-31 23:00:00,2.5083,0.880723,0.233054,2.27524,0.393634,0.17367,0.16098,11.29
2026-01-01 00:00:00,2.63288,1.04479,0.249415,2.38347,0.385344,0.07621,0.142164,9.561
2026-01-01 01:00:00,0.884926,0.527369,0.07029,0.814636,0.337664,0.054844,0.119118,4.114
2026-01-01 02:00:00,0.650851,0.308168,0.100794,0.550057,0.341831,0.037149,0.107517,3.872
2026-01-01 03:00:00,1.18609,0.444894,0.061753,1.12434,0.36522,0.04562,0.119531,4.441
2026-01-01 04:00:00,0.417183,0.172248,0.03862,0.378563,0.338795,0.019022,0.113698,2.793
2026-01-01 05:00:00,0.758016,0.364081,0.029438,0.728578,0.297377,0.016326,0.097358,2.539
2026-01-01 06:00:00,0.748732,0.324688,0.157154,0.591578,0.332508,0.019414,0.113296,4.406
2026-01-01 07:00:00,1.1928,0.388786,0.091895,1.1009,0.356862,0.037599,0.134129,6.301
2026-01-01 08:00:00,2.09682,0.58245,0.22708,1.86974,0.400857,0.06084,0.164117,13.296
2026-01-01 09:00:00,3.19581,0.785983,0.302442,2.89336,0.401234,0.092433,0.177727,15.887
2026-01-01 10:00:00,3.26268,0.753505,0.272322,2.99036,0.410005,0.099268,0.186981,19.18
2026-01-01 11:00:00,3.25704,0.886511,0.359524,2.89751,0.415577,0.123843,0.192698,19.43
2026-01-01 12:00:00,2.96314,0.815841,0.309353,2.65378,0.39515,0.120935,0.189895,17.274
2026-01-01 13:00:00,4.03484,1.08873,0.46861,3.56623,0.383718,0.115683,0.188975,18.932
2026-01-01 14:00:00,3.65746,0.929232,0.310726,3.34673,0.415921,0.109363,0.196561,20.653
2026-01-01 15:00:00,4.87574,1.28783,0.591306,4.28443,0.441694,0.128913,0.20558,23.129
2026-01-01 16:00:00,6.44877,1.54721,0.625536,5.82324,0.367323,0.152441,0.208419,30.102
2026-01-01 17:00:00,4.89498,1.25384,0.660415,4.23457,0.402236,0.116555,0.197903,26.023
2026-01-01 18:00:00,4.74967,1.41191,0.579143,4.17053,0.406381,0.122441,0.19117,18.76
2026-01-01 19:00:00,3.78568,1.41468,0.407842,3.37783,0.37991,0.101284,0.173332,17.415
2026-01-01 20:00:00,2.37716,0.90112,0.347185,2.02997,0.401505,0.065315,0.151397,13.523
2026-01-01 21:00:00,1.93628,0.802768,0.223219,1.71306,0.380059,0.061861,0.147991,9.61
2026-01-01 22:00:00,2.96014,1.03141,0.303157,2.65698,0.386548,0.08339,0.144553,13.276
2026-01-01 23:00:00,2.22547,1.05473,0.225559,1.99992,0.349774,0.053418,0.12937,9.269
2026-01-02 00:00:00,1.17951,0.629408,0.096842,1.08267,0.296552,0.029918,0.108382,4.862
2026-01-02 01:00:00,0.56191,0.371142,0.048837,0.513073,0.286488,0.025973,0.093474,4.133
2026-01-02 02:00:00,0.744213,0.431678,0.037699,0.706514,0.275733,0.016792,0.09373,4.749
2026-01-02 03:00:00,1.49023,0.556888,0.058875,1.43136,0.294269,0.029503,0.102176,5.503
2026-01-02 04:00:00,0.197774,0.073033,0.019051,0.178723,0.340387,0.011269,0.099601,3.779
2026-01-02 05:00:00,0.213681,0.094716,0.019783,0.193898,0.27802,0.008014,0.087051,2.714
2026-01-02 06:00:00,1.61894,0.803047,0.081196,1.53775,0.294174,0.026728,0.103635,5.351
2026-01-02 07:00:00,1.97965,0.781853,0.100646,1.87901,0.348244,0.055267,0.131106,8.605
2026-01-02 08:00:00,2.65345,0.822521,0.212984,2.44047,0.375747,0.07192,0.161508,11.352
2026-01-02 09:00:00,3.87236,1.02011,0.312734,3.55962,0.393634,0.095728,0.183297,20.745
2026-01-02 10:00:00,2.88237,0.709943,0.320036,2.56233,0.403803,0.09531,0.186343,17.477
2026-01-02 11:00:00,4.88844,1.21241,0.409093,4.47934,0.404219,0.15404,0.210677,21.851
2026-01-02 12:00:00,4.24215,1.23678,0.553675,3.68847,0.404834,0.123492,0.194325,21.352
2026-01-02 13:00:00,3.11431,0.968381,0.428778,2.68553,0.393917,0.084586,0.179252,19.677
2026-01-02 14:00:00,4.74793,1.2916,0.67486,4.07307,0.435674,0.119292,0.195987,20.634
2026-01-02 15:00:00,4.2213,1.0676,0.440118,3.78118,0.440448,0.110899,0.19214,20.896
2026-01-02 16:00:00,5.34129,1.27966,0.523999,4.81729,0.433548,0.149287,0.219801,25.901
2026-01-02 17:00:00,4.42366,1.17401,0.491781,3.93188,0.412559,0.138758,0.208456,22.807
2026-01-02 18:00:00,4.90665,1.63664,0.359683,4.54696,0.369053,0.123981,0.185066,24.247
2026-01-02 19:00:00,4.0656,1.38947,0.323116,3.74248,0.380602,0.083658,0.164641,16.338
2026-01-02 20:00:00,3.16914,1.31718,0.388745,2.78039,0.367577,0.080321,0.163062,15.743
2026-01-02 21:00:00,2.89199,1.09132,0.354681,2.53731,0.35992,0.109302,0.164171,19.397
2026-01-02 22:00:00,3.57238,1.39655,0.336369,3.23601,0.331685,0.07696,0.148639,19.819
2026-01-02 23:00:00,2.17933,0.94425,0.193432,1.98589,0.327727,0.051205,0.124517,11.52
2026-01-03 00:00:00,2.87779,1.21324,0.082838,2.79495,0.292049,0.058051,0.113993,8.448
2026-01-03 01:00:00,1.3252,0.637116,0.136864,1.18834,0.277123,0.036442,0.104602,5.276
2026-01-03 02:00:00,0.517386,0.234749,0.053289,0.464097,0.357314,0.037421,0.116581,2.434
2026-01-03 03:00:00,0.300177,0.100461,0.025173,0.275004,0.319118,0.021349,0.10251,2.241
2026-01-03 04:00:00,0.694162,0.223491,0.03986,0.654302,0.322316,0.023918,0.102616,2.966
2026-01-03 05:00:00,0.377453,0.142975,0.038917,0.338536,0.299501,0.041678,0.102769,3.033
2026-01-03 06:00:00,0.306124,0.113295,0.028496,0.277628,0.281974,0.010159,0.098042,2.379
2026-01-03 07:00:00,1.35702,0.427813,0.104362,1.25266,0.37113,0.042012,0.135809,8.604
2026-01-03 08:00:00,2.26353,0.642319,0.192262,2.07127,0.391266,0.06085,0.148336,10.704
2026-01-03 09:00:00,2.86334,0.702143,0.25751,2.60583,0.437742,0.082199,0.171954,16.625
2026-01-03 10:00:00,5.02081,1.13388,0.424511,4.5963,0.414843,0.130363,0.196441,22.248
2026-01-03 11:00:00,2.6816,0.671407,0.342504,2.3391,0.452225,0.091254,0.184108,18.808
2026-01-03 12:00:00,3.60297,0.956201,0.332757,3.27021,0.431898,0.097324,0.18482,19.022
2026-01-03 13:00:00,4.22227,1.15048,0.339968,3.88231,0.427629,0.099691,0.177617,18.425
2026-01-03 14:00:00,4.71852,1.16105,0.347485,4.37103,0.418968,0.118217,0.191138,20.409
2026-01-03 15:00:00,8.98328,1.98482,0.710643,8.27263,0.399642,0.181037,0.218133,30.303
2026-01-03 16:00:00,34.5858,8.89554,2.03385,32.552,0.434338,0.335947,0.230438,30.504
2026-01-03 17:00:00,9.03249,2.13939,0.853803,8.17869,0.441447,0.161956,0.202253,31.147
2026-01-03 18:00:00,5.55334,1.61905,0.405753,5.14758,0.355079,0.14801,0.192312,23.945
2026-01-03 19:00:00,4.87214,1.53889,0.467098,4.40504,0.389526,0.105051,0.175224,23.122
2026-01-03 20:00:00,3.62615,1.19596,0.327972,3.29818,0.398906,0.090683,0.160779,17.295
2026-01-03 21:00:00,5.05283,1.3935,0.408409,4.64443,0.355039,0.111777,0.165538,21.029
2026-01-03 22:00:00,5.06402,1.51708,0.289534,4.77449,0.306337,0.094556,0.14948,15.842
2026-01-03 23:00:00,4.22783,1.33877,0.208138,4.01969,0.321549,0.085845,0.13482,13.543
2026-01-04 00:00:00,1.75249,0.589667,0.164163,1.58833,0.331337,0.042714,0.113149,5.8
2026-01-04 01:00:00,0.810309,0.288572,0.052128,0.758181,0.284753,0.019753,0.098214,3.654
2026-01-04 02:00:00,0.536096,0.171716,0.033378,0.502718,0.321981,0.025415,0.110951,4.893
2026-01-04 03:00:00,1.10531,0.31048,0.033714,1.0716,0.350869,0.098368,0.116659,3.17
2026-01-04 04:00:00,1.60914,0.490592,0.042582,1.56656,0.334623,0.02561,0.113438,3.622
2026-01-04 05:00:00,0.2716,0.119648,0.027018,0.244582,0.258522,0.008772,0.089519,2.448
2026-01-04 06:00:00,1.27757,0.388083,0.130863,1.14671,0.348704,0.037871,0.129575,7.515
2026-01-04 07:00:00,3.98027,0.896053,0.353803,3.62646,0.416036,0.114055,0.186877,21.34
2026-01-04 08:00:00,4.29197,0.94997,0.411019,3.88095,0.435351,0.126005,0.198407,23.115
2026-01-04 09:00:00,5.15952,1.19933,0.314708,4.84481,0.390939,0.106727,0.193442,24.173
2026-01-04 10:00:00,3.36739,0.835994,0.298403,3.06898,0.418219,0.093886,0.193248,19.31
2026-01-04 11:00:00,3.11662,0.82146,0.328628,2.78799,0.407738,0.087579,0.185997,20.108
2026-01-04 12:00:00,4.64999,1.2931,0.392415,4.25758,0.38843,0.120372,0.210056,24.982
2026-01-04 13:00:00,3.37576,0.912368,0.400956,2.97481,0.417871,0.099842,0.189738,17.837
2026-01-04 14:00:00,4.0852,0.963945,0.349768,3.73543,0.389631,0.11133,0.190704,22.71
2026-01-04 15:00:00,4.3277,1.06751,0.37438,3.95332,0.403127,0.123725,0.195703,26.171
2026-01-04 16:00:00,5.22529,1.32219,0.671353,4.55394,0.39556,0.14902,0.211353,30.319
2026-01-04 17:00:00,6.36651,1.53484,0.708208,5.65831,0.429349,0.165983,0.226441,34.537
2026-01-04 18:00:00,6.91827,1.66786,0.545179,6.37309,0.422685,0.1541,0.21172,29.875
2026-01-04 19:00:00,4.40462,1.24848,0.402733,4.00189,0.375399,0.126465,0.188991,24.785
2026-01-04 20:00:00,4.70132,1.44124,0.284825,4.4165,0.367754,0.178101,0.189506,19.849
2026-01-04 21:00:00,7.27426,2.29038,0.464884,6.80937,0.347133,0.169348,0.178157,19.148
2026-01-04 22:00:00,4.06319,1.45321,0.306908,3.75628,0.332307,0.097731,0.155085,17.239
2026-01-04 23:00:00,4.10409,1.72586,0.354548,3.74954,0.308402,0.084526,0.140412,15.02
2026-01-05 00:00:00,2.25711,1.51892,0.193259,2.06385,0.273787,0.078272,0.119475,10.43
2026-01-05 01:00:00,1.63631,0.859406,0.155191,1.48112,0.275537,0.049755,0.102649,6.933
2026-01-05 02:00:00,0.171415,0.082331,0.042224,0.129191,0.334282,0.012869,0.104143,5.674
2026-01-05 03:00:00,0.804463,0.268512,0.275626,0.528837,0.367485,0.016188,0.109292,7.637
2026-01-05 04:00:00,0.324858,0.089889,0.15159,0.173268,0.384447,0.011434,0.105958,6.521
2026-01-05 05:00:00,0.163349,0.056758,0.022075,0.141274,0.316541,0.006888,0.096173,2.871
2026-01-05 06:00:00,1.23652,0.364755,0.07782,1.1587,0.368411,0.031121,0.12357,6.125
2026-01-05 07:00:00,4.45064,1.02549,0.353902,4.09674,0.404818,0.113988,0.184223,20.345
2026-01-05 08:00:00,5.0527,1.15994,0.422115,4.63058,0.408839,0.131839,0.201563,24.201
2026-01-05 09:00:00,3.45395,0.764824,0.287363,3.16658,0.40914,0.101385,0.195313,22.104
2026-01-05 10:00:00,2.53354,0.617334,0.297357,2.23618,0.426999,0.087928,0.189926,18.819
2026-01-05 11:00:00,2.88031,0.742731,0.297501,2.58281,0.414948,0.091298,0.191741,18.228
2026-01-05 12:00:00,3.40532,0.959246,0.328093,3.07723,0.436059,0.137334,0.188687,18.205
2026-01-05 13:00:00,2.69336,0.682554,0.232369,2.46099,0.424048,0.082786,0.176282,18.713
2026-01-05 14:00:00,3.11102,0.709955,0.330556,2.78046,0.430033,0.096203,0.195862,20.288
2026-01-05 15:00:00,2.89133,0.66682,0.376501,2.51483,0.42098,0.101578,0.19413,20.174
2026-01-05 16:00:00,2.8176,0.674068,0.283679,2.53392,0.429996,0.09545,0.194276,20.334
2026-01-05 17:00:00,6.03611,1.42495,0.723913,5.3122,0.395623,0.154464,0.228396,30.736
2026-01-05 18:00:00,5.7298,1.44765,0.730467,4.99933,0.408593,0.15403,0.218975,30.982
2026-01-05 19:00:00,3.29835,0.886177,0.581228,2.71712,0.398151,0.112356,0.193867,26.925
2026-01-05 20:00:00,3.83361,1.14231,0.626046,3.20756,0.38419,0.101655,0.185088,25.943
2026-01-05 21:00:00,6.05669,1.94749,0.493343,5.56334,0.335498,0.126848,0.174301,24.961
2026-01-05 22:00:00,5.39381,1.98302,0.326453,5.06735,0.31213,0.122014,0.160026,22.154
2026-01-05 23:00:00,7.57331,2.81118,0.25687,7.31644,0.315125,0.110144,0.143543,14.887
2026-01-06 00:00:00,2.54216,1.0072,0.163501,2.37866,0.32109,0.053464,0.124972,14.356
2026-01-06 01:00:00,1.37124,0.645592,0.116939,1.2543,0.31341,0.034253,0.114063,11.77
2026-01-06 02:00:00,0.583479,0.22018,0.0391,0.544379,0.332572,0.016908,0.113346,6.137
2026-01-06 03:00:00,0.402578,0.120101,0.033748,0.36883,0.399596,0.026463,0.112921,3.979
2026-01-06 04:00:00,0.201621,0.057084,0.021128,0.180493,0.378465,0.052647,0.108431,3.602
2026-01-06 05:00:00,0.476671,0.16796,0.049218,0.427453,0.306802,0.014099,0.097318,3.809
2026-01-06 06:00:00,2.34097,0.689738,0.132996,2.20798,0.350062,0.048671,0.129246,8.388
2026-01-06 07:00:00,4.28816,0.997246,0.336029,3.95213,0.388342,0.126978,0.19133,21.512
2026-01-06 08:00:00,5.53651,1.29782,0.405836,5.13067,0.395044,0.146999,0.208407,27.842
2026-01-06 09:00:00,4.30651,0.916669,0.395999,3.91051,0.411726,0.109394,0.192894,24.676
2026-01-06 10:00:00,3.17638,0.69688,0.333167,2.84321,0.416201,0.096191,0.192642,21.322
2026-01-06 11:00:00,2.30843,0.497078,0.29144,2.01699,0.426563,0.079553,0.187379,18.508
2026-01-06 12:00:00,3.93394,0.969907,0.442114,3.49183,0.4227,0.10275,0.189987,21.028
2026-01-06 13:00:00,2.9116,0.7642,0.259884,2.65172,0.412166,0.086166,0.178913,17.974
2026-01-06 14:00:00,3.182,0.770834,0.369116,2.81289,0.41853,0.100997,0.193168,20.914
2026-01-06 15:00:00,3.12781,0.777676,0.289781,2.83803,0.445393,0.084254,0.183996,18.859
2026-01-06 16:00:00,2.54011,0.575467,0.323335,2.21678,0.423511,0.105406,0.202894,20.373
2026-01-06 17:00:00,4.3324,0.989584,0.469475,3.86293,0.449937,0.127869,0.208818,30.719
2026-01-06 18:00:00,5.88482,1.60175,0.483572,5.40124,0.414473,0.133727,0.193335,23.653
2026-01-06 19:00:00,3.40674,1.10108,0.430977,2.97576,0.397912,0.101537,0.186278,18.236
2026-01-06 20:00:00,5.55115,1.6482,0.424314,5.12684,0.338308,0.11968,0.174705,24.752
2026-01-06 21:00:00,22.6841,7.25659,0.876923,21.8072,0.371358,0.255061,0.206785,23.165
2026-01-06 22:00:00,12.9246,4.63912,0.745528,12.1791,0.296159,0.22775,0.177619,24.916
2026-01-06 23:00:00,5.05009,2.02165,0.54024,4.50985,0.320931,0.129323,0.151515,15.771
2026-01-07 00:00:00,3.98639,1.70797,0.321956,3.66444,0.316344,0.081428,0.127132,9.617
2026-01-07 01:00:00,4.68331,1.76595,0.162683,4.52062,0.278595,0.073114,0.116649,10.231
2026-01-07 02:00:00,1.9219,0.663641,0.105469,1.81644,0.341406,0.040559,0.122484,7.415
2026-01-07 03:00:00,0.726597,0.200607,0.080846,0.645751,0.393532,0.036588,0.121858,10.402
2026-01-07 04:00:00,1.03389,0.304445,0.076296,0.957598,0.36859,0.034187,0.113125,8.606
2026-01-07 05:00:00,1.0218,0.333487,0.113495,0.908309,0.347306,0.020624,0.111461,7.983
2026-01-07 06:00:00,2.05367,0.533698,0.200218,1.85345,0.387595,0.039007,0.129129,12.038
2026-01-07 07:00:00,3.85513,0.869448,0.367176,3.48796,0.395171,0.127266,0.187886,24.812
2026-01-07 08:00:00,4.25504,0.978169,0.322289,3.93275,0.419601,0.127231,0.201573,24.682
2026-01-07 09:00:00,5.06676,1.19895,0.503669,4.56309,0.402969,0.130962,0.196408,24.048
2026-01-07 10:00:00,4.4158,1.07076,0.312373,4.10342,0.412028,0.10987,0.19121,20.935
2026-01-07 11:00:00,3.73483,0.989621,0.285118,3.44971,0.423497,0.091556,0.184644,18.611
2026-01-07 12:00:00,4.02103,0.973614,0.303521,3.71751,0.39978,0.111452,0.198826,19.544
2026-01-07 13:00:00,3.83468,1.05989,0.322507,3.51217,0.415843,0.107329,0.190034,23.934
2026-01-07 14:00:00,3.46476,0.867926,0.36914,3.09562,0.416097,0.10703,0.192316,22.297
2026-01-07 15:00:00,4.47083,1.01333,0.35752,4.11331,0.434202,0.125096,0.199721,23.958
2026-01-07 16:00:00,4.48371,1.12487,0.41385,4.06986,0.400866,0.125597,0.204215,26.347
2026-01-07 17:00:00,6.70773,1.67275,0.819523,5.88821,0.430651,0.172032,0.229968,40.994
2026-01-07 18:00:00,4.49239,1.22475,0.429583,4.06281,0.416782,0.131631,0.202452,30.115
2026-01-07 19:00:00,8.0383,3.45288,0.491661,7.54664,0.363402,0.182926,0.208066,35.868
2026-01-07 20:00:00,7.20896,2.45203,0.790867,6.4181,0.355647,0.162297,0.198294,33.233
2026-01-07 21:00:00,7.01479,2.26138,0.642534,6.37226,0.380421,0.150849,0.18236,29.702
2026-01-07 22:00:00,7.25746,2.85952,0.667106,6.59035,0.367464,0.149922,0.171331,25.621
2026-01-07 23:00:00,9.35268,4.66235,0.236177,9.1165,0.30234,0.147283,0.15482,20.517
2026-01-08 00:00:00,3.90748,1.89133,0.188254,3.71923,0.296536,0.07338,0.119491,10.603
2026-01-08 01:00:00,0.960526,0.515304,0.093616,0.86691,0.268045,0.029598,0.09636,5.324
2026-01-08 02:00:00,1.13718,0.600414,0.183488,0.953697,0.313824,0.023314,0.102735,4.509
2026-01-08 03:00:00,2.32031,0.902143,0.510941,1.80937,0.328778,0.040385,0.121131,9.223
2026-01-08 04:00:00,1.66681,0.55156,0.148897,1.51792,0.319315,0.027509,0.106247,7.717
2026-01-08 05:00:00,0.601926,0.261479,0.038466,0.56346,0.311028,0.01523,0.099619,5.409
2026-01-08 06:00:00,2.07836,0.687744,0.236497,1.84187,0.369502,0.050716,0.134188,12.185
2026-01-08 07:00:00,4.5284,1.08595,0.414669,4.11373,0.401172,0.136202,0.186544,20.441
2026-01-08 08:00:00,5.8582,1.33627,0.397609,5.46059,0.392393,0.140407,0.205184,25.862
2026-01-08 09:00:00,5.66164,1.19494,0.443862,5.21778,0.42315,0.135918,0.209118,28.354
2026-01-08 10:00:00,3.29888,0.709436,0.274372,3.02451,0.426433,0.108588,0.191694,20.49
2026-01-08 11:00:00,3.02544,0.655709,0.30411,2.72133,0.446506,0.082827,0.186041,17.235
2026-01-08 12:00:00,3.39365,0.840012,0.279167,3.11448,0.415731,0.113653,0.191997,20.36
2026-01-08 13:00:00,2.5899,0.691748,0.286564,2.30334,0.411357,0.080158,0.173172,15.119
2026-01-08 14:00:00,2.34124,0.530893,0.234177,2.10706,0.4148,0.085913,0.196065,17.076
2026-01-08 15:00:00,3.03389,0.724079,0.278609,2.75528,0.424146,0.090117,0.181371,19.067
2026-01-08 16:00:00,3.63276,0.888204,0.414732,3.21802,0.419123,0.105163,0.201134,23.621
2026-01-08 17:00:00,5.21513,1.14267,0.456287,4.75884,0.424939,0.162742,0.223376,30.791
2026-01-08 18:00:00,5.64532,1.36558,0.835065,4.81026,0.433618,0.142597,0.212289,32.91
2026-01-08 19:00:00,8.00631,2.06454,0.575966,7.43034,0.433185,0.132511,0.188847,25.776
2026-01-08 20:00:00,6.23365,1.64043,0.817723,5.41592,0.401031,0.130362,0.180539,23.798
2026-01-08 21:00:00,7.73484,2.32977,0.662149,7.07269,0.341458,0.164159,0.190018,30.221
2026-01-08 22:00:00,5.66259,1.75639,0.389996,5.27259,0.307324,0.129169,0.170483,28.711
2026-01-08 23:00:00,5.33609,1.70373,0.247342,5.08875,0.325601,0.090918,0.147488,19.792
2026-01-09 00:00:00,3.26207,1.31854,0.187212,3.07486,0.337444,0.058641,0.122583,14.787
2026-01-09 01:00:00,4.60008,2.11595,0.128701,4.47138,0.291159,0.058616,0.11346,8.216
2026-01-09 02:00:00,2.12445,0.945882,0.071405,2.05304,0.294823,0.04871,0.110865,6.603
2026-01-09 03:00:00,1.52816,0.457806,0.04804,1.48012,0.333422,0.028419,0.110091,5.745
2026-01-09 04:00:00,0.332903,0.08793,0.027332,0.305571,0.367776,0.010553,0.105711,2.711
2026-01-09 05:00:00,0.523883,0.212788,0.026468,0.497415,0.321478,0.013013,0.103602,2.888
2026-01-09 06:00:00,17.5378,6.25457,0.209416,17.3284,0.354621,0.119409,0.159514,10.457
2026-01-09 07:00:00,5.11967,1.20918,0.516933,4.60274,0.38682,0.123645,0.187827,20.035
2026-01-09 08:00:00,5.66729,1.16803,0.461289,5.206,0.4131,0.136514,0.211816,28.511
2026-01-09 09:00:00,4.60568,1.05635,0.550199,4.05548,0.435571,0.121205,0.204868,28.207
2026-01-09 10:00:00,2.62001,0.624109,0.352995,2.26701,0.435181,0.088845,0.1997,17.551
2026-01-09 11:00:00,2.9751,0.678626,0.331803,2.6433,0.421201,0.11002,0.206401,22.008
2026-01-09 12:00:00,3.58527,0.884815,0.456001,3.12927,0.4009,0.108171,0.197011,20.844
2026-01-09 13:00:00,3.65593,0.888656,0.549844,3.10609,0.42186,0.116267,0.194184,21.304
2026-01-09 14:00:00,11.6561,2.57195,0.51647,11.1396,0.446629,0.161957,0.205507,24.004
2026-01-09 15:00:00,5.58986,1.31712,0.538516,5.05135,0.417074,0.134167,0.204372,32.43
2026-01-09 16:00:00,5.43786,1.18317,0.66852,4.76934,0.414459,0.13214,0.208754,30.674
2026-01-09 17:00:00,6.88489,1.49153,0.677514,6.20737,0.429366,0.183635,0.22931,36.479
2026-01-09 18:00:00,4.65798,1.01525,0.485311,4.17267,0.425583,0.152299,0.216831,30.882
2026-01-09 19:00:00,5.00274,1.35282,0.418822,4.58391,0.391782,0.116806,0.193966,25.498
2026-01-09 20:00:00,4.27836,1.4009,0.400876,3.87748,0.39188,0.106544,0.175509,19.273
2026-01-09 21:00:00,4.57361,1.53477,0.443151,4.13046,0.369832,0.107414,0.171294,24.924
2026-01-09 22:00:00,7.13232,2.19321,0.470901,6.66142,0.325269,0.120884,0.167234,30.96
2026-01-09 23:00:00,3.41003,1.08531,0.23564,3.17439,0.317868,0.073374,0.139859,13.478
2026-01-10 00:00:00,3.95156,1.46463,0.960524,2.99103,0.390985,0.08285,0.139882,16.095
2026-01-10 01:00:00,1.48161,0.612235,0.083464,1.39815,0.340998,0.036137,0.109201,7.129
2026-01-10 02:00:00,0.570982,0.2176,0.043551,0.527431,0.363129,0.017518,0.102206,3.718
2026-01-10 03:00:00,0.671489,0.196918,0.050511,0.620978,0.351981,0.021834,0.105316,3.775
2026-01-10 04:00:00,0.422164,0.119865,0.038941,0.383223,0.34991,0.014552,0.099209,3.913
2026-01-10 05:00:00,0.803317,0.313795,0.034954,0.768363,0.301475,0.021505,0.095485,3.384
2026-01-10 06:00:00,1.3614,0.543255,0.067308,1.29409,0.32162,0.023133,0.109202,5.091
2026-01-10 07:00:00,1.8957,0.609548,0.166473,1.72922,0.377939,0.053019,0.140952,9.427
2026-01-10 08:00:00,4.59906,1.02201,0.369092,4.22997,0.398532,0.105099,0.17898,19.657
2026-01-10 09:00:00,7.21608,1.57832,0.699772,6.5163,0.399412,0.151451,0.200965,26.166
2026-01-10 10:00:00,5.22301,1.18221,0.592749,4.63026,0.423563,0.122477,0.199289,25.743
2026-01-10 11:00:00,3.36706,0.786696,0.477619,2.88944,0.408499,0.099472,0.191941,19.22
2026-01-10 12:00:00,5.95601,1.47865,0.514437,5.44157,0.410155,0.108619,0.184257,21.025
2026-01-10 13:00:00,5.68506,1.37719,0.487822,5.19724,0.406479,0.115225,0.188543,21.84
2026-01-10 14:00:00,6.71379,1.57527,0.426274,6.28751,0.398499,0.143601,0.197666,25.668
2026-01-10 15:00:00,4.64387,1.0265,0.424639,4.21923,0.415868,0.121049,0.2052,21.956
2026-01-10 16:00:00,4.06673,0.97852,0.360573,3.70616,0.408049,0.110444,0.18941,20.63
2026-01-10 17:00:00,5.71528,1.27973,0.382685,5.33259,0.415318,0.121709,0.189466,22.952
2026-01-10 18:00:00,3.57356,0.922447,0.318413,3.25515,0.386953,0.097153,0.179057,18.562
2026-01-10 19:00:00,3.17813,1.06936,0.232056,2.94608,0.396622,0.089177,0.167887,15.809
2026-01-10 20:00:00,4.82484,1.68819,0.378352,4.44648,0.361426,0.118687,0.181256,22.607
2026-01-10 21:00:00,5.69835,1.71122,0.645221,5.05313,0.401281,0.107807,0.164103,25.95
2026-01-10 22:00:00,4.32728,1.34471,0.281279,4.046,0.37331,0.11641,0.156403,20.878
2026-01-10 23:00:00,2.84898,1.14509,0.227406,2.62157,0.329023,0.070797,0.138086,15.172
2026-01-11 00:00:00,0.825764,0.365382,0.06581,0.759954,0.327002,0.058456,0.118971,7.266
2026-01-11 01:00:00,0.616106,0.312427,0.041079,0.575027,0.299888,0.053601,0.116206,4.405
2026-01-11 02:00:00,0.28674,0.130811,0.030518,0.256222,0.282389,0.03877,0.115512,2.918
2026-01-11 03:00:00,1.08448,0.351877,0.065736,1.01875,0.319391,0.042788,0.116505,6.252
2026-01-11 04:00:00,0.818482,0.273557,0.042779,0.775703,0.356312,0.026634,0.116299,4.996
2026-01-11 05:00:00,0.933448,0.42858,0.037934,0.895514,0.306207,0.017699,0.105715,3.805
2026-01-11 06:00:00,0.446199,0.216813,0.034583,0.411616,0.328033,0.013402,0.108596,3.107
2026-01-11 07:00:00,1.20451,0.456601,0.098012,1.1065,0.376254,0.0395,0.135662,8.229
2026-01-11 08:00:00,2.68775,0.808103,0.180828,2.50692,0.380629,0.064881,0.162582,14.436
2026-01-11 09:00:00,2.90259,0.772786,0.282286,2.6203,0.421778,0.085071,0.176726,18.121
2026-01-11 10:00:00,3.06317,0.821666,0.327633,2.73554,0.393654,0.083774,0.181671,18.926
2026-01-11 11:00:00,5.85926,1.378,0.436663,5.4226,0.393495,0.12828,0.195192,24.013
2026-01-11 12:00:00,3.34099,0.891882,0.556315,2.78468,0.418525,0.089493,0.183024,18.931
2026-01-11 13:00:00,3.50548,0.903473,0.299746,3.20573,0.414793,0.096988,0.182401,18.538
2026-01-11 14:00:00,4.24186,0.934743,0.411663,3.8302,0.389077,0.102467,0.189535,19.438
2026-01-11 15:00:00,6.90444,1.50489,0.601659,6.30278,0.40613,0.152976,0.205071,27.1
2026-01-11 16:00:00,5.64354,1.37046,0.581975,5.06156,0.396076,0.142192,0.205062,26.813
2026-01-11 17:00:00,3.71287,0.957418,0.585944,3.12692,0.417808,0.102755,0.186076,20.332
2026-01-11 18:00:00,5.81248,1.61727,0.493784,5.31869,0.392812,0.118382,0.191437,23.356
2026-01-11 19:00:00,3.69442,1.09888,0.353462,3.34096,0.410834,0.099142,0.177029,21.728
2026-01-11 20:00:00,2.57583,0.876729,0.240381,2.33545,0.375208,0.074969,0.161944,17.825
2026-01-11 21:00:00,2.95493,0.968196,0.21425,2.74068,0.351137,0.079354,0.151412,16.088
2026-01-11 22:00:00,2.56341,0.838812,0.234866,2.32854,0.311903,0.069334,0.152406,15.048
2026-01-11 23:00:00,3.25726,1.29462,0.183494,3.07376,0.332031,0.067605,0.136452,13.146
2026-01-12 00:00:00,1.24857,0.560904,0.073283,1.17529,0.310616,0.028853,0.107661,7.902
2026-01-12 01:00:00,2.02426,0.945915,0.025576,1.99868,0.257541,0.032191,0.093137,3.158
2026-01-12 02:00:00,0.526777,0.21678,0.03765,0.489127,0.299043,0.017771,0.101194,3.841
2026-01-12 03:00:00,0.618272,0.210296,0.037255,0.581017,0.306273,0.015853,0.100022,4.59
2026-01-12 04:00:00,0.882949,0.255631,0.04387,0.839079,0.320178,0.021462,0.105706,5.088
2026-01-12 05:00:00,1.25861,0.495515,0.049683,1.20893,0.284448,0.018487,0.098433,4.749
2026-01-12 06:00:00,1.47757,0.460588,0.132772,1.34479,0.329161,0.040309,0.128183,8.723
2026-01-12 07:00:00,3.95628,0.878782,0.414245,3.54203,0.409492,0.110992,0.182872,20.671
2026-01-12 08:00:00,4.38905,1.00252,0.439895,3.94915,0.433737,0.129831,0.199263,25.591
2026-01-12 09:00:00,3.4917,0.728349,0.487207,3.0045,0.427397,0.10637,0.194591,18.694
2026-01-12 10:00:00,3.18857,0.701402,0.402089,2.78648,0.396558,0.111212,0.194783,21.577
2026-01-12 11:00:00,2.85008,0.660353,0.252763,2.59732,0.418877,0.089483,0.186294,18
2026-01-12 12:00:00,2.49246,0.590631,0.320597,2.17187,0.437555,0.091685,0.182418,18.627
2026-01-12 13:00:00,4.81559,1.14222,0.489563,4.32602,0.407973,0.128584,0.179684,21.677
2026-01-12 14:00:00,3.72052,0.806006,0.37537,3.34515,0.391037,0.107082,0.207684,24.008
2026-01-12 15:00:00,3.84835,0.89455,0.353087,3.49527,0.420261,0.115656,0.202238,23.352
2026-01-12 16:00:00,3.47253,0.79865,0.354162,3.11837,0.418711,0.110285,0.201339,22.516
2026-01-12 17:00:00,5.49329,1.2164,0.502892,4.99039,0.418921,0.150258,0.215358,31.532
2026-01-12 18:00:00,3.87142,0.97566,0.513176,3.35824,0.435034,0.124374,0.196643,24.565
2026-01-12 19:00:00,3.56772,1.03352,0.486111,3.0816,0.400971,0.099599,0.183523,26.435
2026-01-12 20:00:00,3.92617,1.32462,0.432463,3.49371,0.376576,0.090207,0.163493,20.991
2026-01-12 21:00:00,3.89351,1.15672,0.530107,3.3634,0.388999,0.090893,0.163659,26.794
2026-01-12 22:00:00,4.55,1.80842,0.416727,4.13327,0.338013,0.089322,0.144255,18.77
2026-01-12 23:00:00,3.67428,1.58238,0.984744,2.68953,0.345001,0.063429,0.133684,13.738
2026-01-13 00:00:00,2.01017,1.02143,0.120481,1.88969,0.308171,0.050577,0.117945,7.095
2026-01-13 01:00:00,0.212961,0.124538,0.040335,0.172626,0.280022,0.013116,0.096634,3.592
2026-01-13 02:00:00,0.213711,0.117423,0.059164,0.154547,0.32262,0.024164,0.105838,4.294
2026-01-13 03:00:00,0.540312,0.198937,0.34042,0.199892,0.37501,0.015668,0.107217,7.129
2026-01-13 04:00:00,0.433279,0.153863,0.146726,0.286553,0.392307,0.013788,0.105704,6.083
2026-01-13 05:00:00,0.706735,0.300994,0.071835,0.6349,0.29198,0.013767,0.099179,5.175
2026-01-13 06:00:00,2.09118,0.744191,0.142295,1.94888,0.306337,0.056784,0.129447,10.175
2026-01-13 07:00:00,4.40002,1.08375,0.32842,4.0716,0.400168,0.130647,0.183822,22.199
2026-01-13 08:00:00,4.6782,1.11333,0.499557,4.17864,0.42517,0.142066,0.204411,27.176
2026-01-13 09:00:00,6.87713,1.53713,0.391595,6.48553,0.416711,0.15083,0.201087,26.418
2026-01-13 10:00:00,4.92176,1.17745,0.355565,4.5662,0.410238,0.12994,0.201006,23.66
2026-01-13 11:00:00,4.36055,1.09014,0.350744,4.00981,0.433696,0.099019,0.191459,20.874
2026-01-13 12:00:00,3.74412,0.948358,0.283954,3.46016,0.399927,0.115595,0.190359,20.986
2026-01-13 13:00:00,3.87071,0.877314,0.503178,3.36753,0.404857,0.106193,0.191318,23.437
2026-01-13 14:00:00,3.53179,0.791881,0.456022,3.07577,0.4199,0.102333,0.196759,21.551
2026-01-13 15:00:00,3.11123,0.702626,0.37314,2.73809,0.403525,0.100687,0.198881,23.384
2026-01-13 16:00:00,7.44615,1.71255,0.476425,6.96973,0.425338,0.1561,0.211502,25.359
2026-01-13 17:00:00,5.80926,1.29961,0.559673,5.24959,0.41064,0.158812,0.2177,34.784
2026-01-13 18:00:00,4.55157,1.18407,0.420614,4.13096,0.418084,0.135211,0.212583,28.105
2026-01-13 19:00:00,3.42087,0.829101,0.483983,2.93689,0.42036,0.106384,0.194,21.462
2026-01-13 20:00:00,2.63708,0.733338,0.322468,2.31461,0.395263,0.092555,0.173183,21.602
2026-01-13 21:00:00,4.17912,1.21628,0.350661,3.82846,0.34599,0.11055,0.167388,22.112
2026-01-13 22:00:00,5.26185,1.98411,1.00356,4.25829,0.373033,0.126936,0.161042,22.889
2026-01-13 23:00:00,2.59928,1.04138,0.240735,2.35854,0.308082,0.061674,0.132203,13.154
2026-01-14 00:00:00,2.0622,0.959165,0.102738,1.95947,0.33817,0.109528,0.120181,8.583
2026-01-14 01:00:00,1.33465,0.655528,0.089918,1.24474,0.301484,0.025839,0.096442,4.457
2026-01-14 02:00:00,0.940951,0.380029,0.08789,0.853061,0.349543,0.037343,0.112538,5.323
2026-01-14 03:00:00,0.457159,0.145314,0.03218,0.424979,0.347179,0.020657,0.104263,2.744
2026-01-14 04:00:00,0.354125,0.115426,0.030372,0.323753,0.351255,0.039049,0.109606,2.798
2026-01-14 05:00:00,1.5892,0.575798,0.033908,1.5553,0.370823,0.025579,0.108202,2.991
2026-01-14 06:00:00,1.14169,0.351721,0.08646,1.05523,0.371525,0.028311,0.122307,7.911
2026-01-14 07:00:00,4.36841,1.00608,0.346039,4.02237,0.436013,0.103498,0.178365,17.647
2026-01-14 08:00:00,5.26791,1.21101,0.390563,4.87734,0.438735,0.139739,0.198616,22.689
2026-01-14 09:00:00,6.27089,1.348,0.385921,5.88497,0.425999,0.126401,0.199767,25.639
2026-01-14 10:00:00,4.94408,1.09334,0.395057,4.54902,0.426099,0.123968,0.200209,26.874
2026-01-14 11:00:00,3.27828,0.779429,0.407003,2.87127,0.417416,0.091785,0.194233,21.457
2026-01-14 12:00:00,3.83697,0.946932,0.430297,3.40667,0.413795,0.101579,0.193853,21.498
2026-01-14 13:00:00,3.29415,0.81057,0.626204,2.66795,0.411429,0.091301,0.176383,22.003
2026-01-14 14:00:00,3.33403,0.773916,0.640092,2.69394,0.436656,0.09841,0.188297,20.931
2026-01-14 15:00:00,4.18873,1.09252,0.486144,3.70259,0.460691,0.115909,0.209918,25.612
2026-01-14 16:00:00,3.55043,0.870204,0.419431,3.131,0.431634,0.135166,0.210557,26.26
2026-01-14 17:00:00,4.38723,1.0659,0.52412,3.86311,0.443533,0.135178,0.207225,28.704
2026-01-14 18:00:00,4.52972,1.12177,0.494309,4.03541,0.42874,0.12418,0.205827,25.949
2026-01-14 19:00:00,2.81366,0.718872,0.475036,2.33863,0.409865,0.10445,0.19113,20.572
2026-01-14 20:00:00,4.31288,1.23578,0.500473,3.81241,0.397843,0.11664,0.177928,23.657
2026-01-14 21:00:00,2.69726,0.872899,0.410021,2.28724,0.40374,0.089657,0.164264,18.416
2026-01-14 22:00:00,2.87752,1.07853,0.201525,2.67599,0.379563,0.082883,0.146188,13.131
2026-01-14 23:00:00,2.39318,1.13206,0.166436,2.22674,0.321013,0.072536,0.132909,11.245
2026-01-15 00:00:00,1.31072,0.654053,0.070535,1.24019,0.356962,0.028867,0.110365,7.611
2026-01-15 01:00:00,1.06933,0.684589,0.040126,1.0292,0.332021,0.026789,0.101783,4.784
2026-01-15 02:00:00,0.38565,0.173093,0.086543,0.299107,0.364045,0.016271,0.102586,3.478
2026-01-15 03:00:00,0.446715,0.142084,0.048298,0.398417,0.391646,0.014301,0.109709,5.126
2026-01-15 04:00:00,0.44561,0.136439,0.041826,0.403784,0.4274,0.01461,0.108763,4.288
2026-01-15 05:00:00,0.494881,0.21276,0.023623,0.471258,0.342947,0.01082,0.096534,2.445
2026-01-15 06:00:00,0.882508,0.259561,0.079133,0.803375,0.36693,0.024294,0.121576,6.256
2026-01-15 07:00:00,3.61487,0.85864,0.305251,3.30962,0.410372,0.105618,0.173736,16.043
2026-01-15 08:00:00,4.3521,1.02018,0.413232,3.93887,0.411472,0.124195,0.207851,25.388
2026-01-15 09:00:00,4.7063,0.97439,0.428869,4.27743,0.410798,0.111559,0.199742,26.894
2026-01-15 10:00:00,2.46933,0.539154,0.351279,2.11805,0.427865,0.090223,0.192793,23.298
2026-01-15 11:00:00,2.87305,0.698358,0.329106,2.54394,0.416603,0.096011,0.204015,20.26
2026-01-15 12:00:00,3.66378,0.859638,0.462048,3.20173,0.432749,0.105976,0.196006,20.325
2026-01-15 13:00:00,3.80852,0.892762,0.402973,3.40555,0.402726,0.104566,0.202486,19.54
2026-01-15 14:00:00,3.78513,0.780761,0.412031,3.3731,0.419702,0.115266,0.20118,25.892
2026-01-15 15:00:00,2.55057,0.619071,0.365173,2.1854,0.423186,0.098657,0.195131,19.854
2026-01-15 16:00:00,3.59091,0.799758,0.335621,3.25529,0.43297,0.105914,0.199036,21.299
2026-01-15 17:00:00,5.32951,1.10433,0.556961,4.77255,0.435713,0.148216,0.218071,31.517
2026-01-15 18:00:00,5.60458,1.48584,0.525463,5.07911,0.401931,0.148371,0.204502,31.241
2026-01-15 19:00:00,3.34123,0.873296,0.401375,2.93986,0.420216,0.093305,0.181013,20.15
2026-01-15 20:00:00,3.44325,1.16405,0.807383,2.63586,0.385418,0.092823,0.174692,26.022
2026-01-15 21:00:00,5.25754,1.69817,0.332177,4.92536,0.373448,0.120261,0.172519,23.443
2026-01-15 22:00:00,4.30119,1.56863,0.364396,3.9368,0.381475,0.101635,0.155703,21.892
2026-01-15 23:00:00,3.72588,1.65742,0.356601,3.36928,0.359106,0.085858,0.14861,19.892
2026-01-16 00:00:00,0.823531,0.481598,0.071714,0.751817,0.334716,0.030274,0.10766,8.364
2026-01-16 01:00:00,1.66302,0.961282,0.065229,1.59779,0.344433,0.029245,0.098632,4.202
2026-01-16 02:00:00,2.587,1.40598,0.07491,2.51209,0.319742,0.075467,0.097926,4.164
2026-01-16 03:00:00,1.10936,0.756724,0.026818,1.08254,0.279733,0.037484,0.08621,2.824
2026-01-16 04:00:00,0.209813,0.129514,0.014966,0.194847,0.274699,0.007685,0.076656,2.146
2026-01-16 05:00:00,0.499709,0.265802,0.024137,0.475572,0.277023,0.009234,0.081876,1.688
2026-01-16 06:00:00,1.36723,0.482778,0.099155,1.26807,0.332789,0.032122,0.117062,7.189
2026-01-16 07:00:00,3.81328,0.940622,0.445066,3.36821,0.413244,0.106455,0.177501,18.033
2026-01-16 08:00:00,4.13223,0.998123,0.453059,3.67917,0.444233,0.126541,0.199271,22.962
2026-01-16 09:00:00,2.68584,0.571211,0.342451,2.34339,0.437331,0.092192,0.195203,21.809
2026-01-16 10:00:00,2.44528,0.577808,0.308207,2.13707,0.435338,0.08018,0.19009,18.951
2026-01-16 11:00:00,4.19942,0.958771,0.359273,3.84014,0.435076,0.122174,0.196834,21.828
2026-01-16 12:00:00,3.83403,1.05042,0.289514,3.54451,0.414595,0.098219,0.188213,19.339
2026-01-16 13:00:00,2.79109,0.795635,0.299216,2.49187,0.390441,0.083094,0.178086,16.967
2026-01-16 14:00:00,4.35399,1.08362,0.608346,3.74564,0.373894,0.118718,0.201583,25.318
2026-01-16 15:00:00,3.70871,0.985311,0.628492,3.08022,0.38777,0.114542,0.208176,25.701
2026-01-16 16:00:00,5.55158,1.40832,0.633305,4.91828,0.405003,0.145835,0.210659,29.615
2026-01-16 17:00:00,6.56941,1.49577,0.730291,5.83912,0.411851,0.172416,0.234499,37.938
2026-01-16 18:00:00,4.67417,1.1406,0.454732,4.21944,0.407113,0.135147,0.20489,31.142
2026-01-16 19:00:00,5.54562,1.65442,0.469919,5.0757,0.409269,0.13168,0.187978,27.329
2026-01-16 20:00:00,4.27665,1.31751,0.296548,3.98011,0.382365,0.104386,0.170862,21.591
2026-01-16 21:00:00,3.73872,1.15179,0.30924,3.42948,0.384949,0.096643,0.162713,20.921
2026-01-16 22:00:00,4.67776,1.48784,0.290416,4.38734,0.347219,0.100011,0.159866,24.745
2026-01-16 23:00:00,3.87603,1.57947,0.265194,3.61084,0.36086,0.07975,0.143734,20.215
2026-01-17 00:00:00,2.8049,1.23238,0.151227,2.65368,0.336354,0.060654,0.12464,15.72
2026-01-17 01:00:00,0.929285,0.473642,0.056563,0.872722,0.363365,0.023867,0.104917,5.662
2026-01-17 02:00:00,0.819882,0.317537,0.06248,0.757402,0.450743,0.04565,0.116625,6
2026-01-17 03:00:00,1.00171,0.322925,0.044723,0.956991,0.385884,0.020843,0.108655,4.772
2026-01-17 04:00:00,0.907263,0.290603,0.04887,0.858393,0.387277,0.01868,0.108363,5.069
2026-01-17 05:00:00,0.742448,0.263279,0.031313,0.711135,0.37594,0.014939,0.10348,4.262
2026-01-17 06:00:00,1.39241,0.559651,0.081243,1.31117,0.40376,0.019861,0.110096,4.375
2026-01-17 07:00:00,1.88854,0.609993,0.18763,1.70091,0.370662,0.053721,0.145192,8.886
2026-01-17 08:00:00,2.78416,0.693612,0.232912,2.55125,0.390925,0.075686,0.170135,14.134
2026-01-17 09:00:00,3.71715,0.835691,0.351711,3.36544,0.408235,0.097388,0.185502,19.457
2026-01-17 10:00:00,5.12327,1.2129,0.580763,4.54251,0.42386,0.126553,0.193899,26.131
2026-01-17 11:00:00,4.24533,0.975938,0.445417,3.79991,0.412742,0.120969,0.203347,23.65
2026-01-17 12:00:00,7.11221,1.67979,0.462007,6.6502,0.394641,0.144554,0.206279,24.688
2026-01-17 13:00:00,6.09729,1.58289,0.468246,5.62904,0.385522,0.130711,0.206675,23.248
2026-01-17 14:00:00,4.32587,0.976936,0.425056,3.90082,0.422455,0.123043,0.203259,24.715
2026-01-17 15:00:00,7.90728,1.78655,0.604719,7.30256,0.389452,0.160773,0.215645,28.837
2026-01-17 16:00:00,7.6634,1.81683,0.650634,7.01277,0.444251,0.171129,0.215195,30.432
2026-01-17 17:00:00,5.59032,1.36816,0.831455,4.75886,0.399801,0.16245,0.211031,29.579
2026-01-17 18:00:00,4.95562,1.39281,0.590492,4.36513,0.435609,0.130528,0.19816,29.721
2026-01-17 19:00:00,2.51219,0.831299,0.317016,2.19517,0.391475,0.083823,0.164882,15.077
2026-01-17 20:00:00,3.25929,1.20714,0.484403,2.77489,0.420637,0.088106,0.163561,16.704
2026-01-17 21:00:00,3.87064,1.17792,0.282554,3.58809,0.357597,0.122747,0.160888,18.849
2026-01-17 22:00:00,4.62545,1.55425,0.366453,4.259,0.338373,0.141805,0.163908,24.548
2026-01-17 23:00:00,3.02401,1.22927,0.214714,2.8093,0.297801,0.073919,0.140886,17.598
2026-01-18 00:00:00,1.09003,0.519555,0.068238,1.02179,0.328389,0.045246,0.117481,10.74
2026-01-18 01:00:00,1.53589,0.684442,0.159145,1.37674,0.341477,0.03718,0.112705,9.761
2026-01-18 02:00:00,1.11785,0.470872,0.087369,1.03048,0.358129,0.050718,0.112947,7.177
2026-01-18 03:00:00,0.866824,0.317751,0.033796,0.833028,0.346167,0.018604,0.104153,4.618
2026-01-18 04:00:00,1.11513,0.414238,0.053132,1.062,0.332487,0.028098,0.109541,6.108
2026-01-18 05:00:00,0.399948,0.187241,0.017451,0.382497,0.30079,0.011694,0.087684,2.107
2026-01-18 06:00:00,0.735879,0.300604,0.043094,0.692785,0.295883,0.015365,0.099809,2.91
2026-01-18 07:00:00,2.35463,0.889883,0.154579,2.20005,0.367063,0.049126,0.129439,9.555
2026-01-18 08:00:00,1.86481,0.635585,0.20023,1.66458,0.375231,0.046376,0.137392,8.211
2026-01-18 09:00:00,4.82874,1.37885,0.298782,4.52996,0.366408,0.102888,0.168105,18.687
2026-01-18 10:00:00,3.8041,0.931009,0.423736,3.38037,0.387965,0.08912,0.170845,17.736
2026-01-18 11:00:00,3.22161,0.845123,0.4715,2.75011,0.404417,0.096039,0.177669,18.115
2026-01-18 12:00:00,3.76644,1.10194,0.508246,3.25819,0.413959,0.094469,0.173708,18.84
2026-01-18 13:00:00,4.81467,1.46165,0.336886,4.47779,0.405175,0.129656,0.17091,18.085
2026-01-18 14:00:00,4.08628,1.05317,0.454565,3.63172,0.392784,0.10657,0.1817,20.108
2026-01-18 15:00:00,3.97157,1.06935,0.356001,3.61557,0.405749,0.096149,0.179569,24.01
2026-01-18 16:00:00,3.36018,0.883792,0.361361,2.99882,0.41208,0.098425,0.182529,21.791
2026-01-18 17:00:00,3.11459,0.974529,0.324045,2.79055,0.414007,0.092837,0.171107,18.565
2026-01-18 18:00:00,2.27382,0.746493,0.18468,2.08914,0.398104,0.067203,0.154137,14.266
2026-01-18 19:00:00,3.1582,1.03888,0.257589,2.90061,0.394833,0.083475,0.162857,13.544
2026-01-18 20:00:00,4.1914,1.18468,0.35138,3.84002,0.353863,0.090624,0.156895,22.01
2026-01-18 21:00:00,3.9173,1.18062,0.394191,3.52311,0.371395,0.087076,0.148714,19.573
2026-01-18 22:00:00,3.14842,1.07381,0.266743,2.88168,0.363055,0.069667,0.142902,19.193
2026-01-18 23:00:00,3.16197,1.31093,0.193064,2.96891,0.335176,0.078063,0.141789,19.524
2026-01-19 00:00:00,1.55322,0.697138,0.102664,1.45056,0.316675,0.044399,0.114217,9.816
2026-01-19 01:00:00,3.09367,1.32548,0.099521,2.99415,0.31262,0.064193,0.10994,8.991
2026-01-19 02:00:00,1.61846,0.666034,0.062433,1.55603,0.325443,0.044472,0.117265,5.095
2026-01-19 03:00:00,0.268436,0.096352,0.034013,0.234423,0.289036,0.009054,0.090299,2.146
2026-01-19 04:00:00,0.366459,0.12199,0.016051,0.350408,0.326083,0.008603,0.091178,1.777
2026-01-19 05:00:00,0.171159,0.068793,0.01931,0.151849,0.265973,0.007462,0.083341,2.433
2026-01-19 06:00:00,1.63733,0.513916,0.125548,1.51179,0.289306,0.034696,0.113997,6.009
2026-01-19 07:00:00,3.54276,0.804077,0.36602,3.17674,0.405857,0.097228,0.17996,18.956
2026-01-19 08:00:00,5.0177,1.17126,0.431442,4.58626,0.406773,0.130261,0.192444,23.014
2026-01-19 09:00:00,3.49137,0.951327,0.309521,3.18185,0.400588,0.08668,0.175164,17.795
2026-01-19 10:00:00,3.53791,0.837573,0.246307,3.2916,0.394333,0.080221,0.178396,17.835
2026-01-19 11:00:00,24.7015,5.95503,1.15722,23.5442,0.395145,0.238086,0.228506,20.002
2026-01-19 12:00:00,3.78644,1.16506,0.634217,3.15223,0.379486,0.155843,0.266412,19.038
2026-01-19 13:00:00,5.44809,1.56464,0.395452,5.05264,0.366716,0.099595,0.202592,16.191
2026-01-19 14:00:00,3.71157,0.970091,0.958749,2.75282,0.361453,0.095901,0.181997,14.032
2026-01-19 15:00:00,3.3107,0.829749,1.32539,1.98531,0.359728,0.096282,0.177488,17.155
2026-01-19 16:00:00,2.20165,0.576953,0.464087,1.73757,0.40936,0.077496,0.182745,18.239
2026-01-19 17:00:00,4.747,1.26925,0.409102,4.33789,0.425393,0.12473,0.19719,23.386
2026-01-19 18:00:00,3.94243,1.03043,0.437162,3.50527,0.408408,0.120035,0.19097,24.028
2026-01-19 19:00:00,5.12782,1.67139,0.363534,4.76429,0.350858,0.111316,0.169838,18.002
2026-01-19 20:00:00,2.90861,1.0256,0.224745,2.68387,0.36977,0.074469,0.152224,18.422
2026-01-19 21:00:00,3.69791,1.28937,0.237031,3.46088,0.361349,0.084025,0.148441,16.362
2026-01-19 22:00:00,4.3675,1.70872,0.276029,4.09147,0.329609,0.091324,0.139501,18.515
2026-01-19 23:00:00,3.50612,1.45603,0.277207,3.22891,0.293558,0.069594,0.134317,16.037
2026-01-20 00:00:00,2.49846,1.31498,0.409951,2.08851,0.313534,0.053982,0.123656,10.685
2026-01-20 01:00:00,0.306549,0.157044,0.043549,0.263,0.285832,0.028744,0.09856,2.208
2026-01-20 02:00:00,0.286794,0.137749,0.020901,0.265893,0.371811,0.04143,0.108035,3.097
2026-01-20 03:00:00,0.387527,0.116936,0.031322,0.356205,0.366047,0.027164,0.115595,3.205
2026-01-20 04:00:00,0.310475,0.084094,0.036829,0.273646,0.357381,0.011071,0.102973,4.618
2026-01-20 05:00:00,0.867655,0.388387,0.019678,0.847977,0.268849,0.02779,0.091449,3.053
2026-01-20 06:00:00,0.625924,0.197827,0.054918,0.571006,0.349005,0.024677,0.117481,4.386
2026-01-20 07:00:00,3.25273,0.754693,0.390078,2.86265,0.4107,0.093219,0.178452,18.569
2026-01-20 08:00:00,5.27851,1.35555,0.870812,4.4077,0.413044,0.15345,0.206506,26.987
2026-01-20 09:00:00,4.74035,1.03591,0.839747,3.9006,0.4136,0.122309,0.202212,24.275
2026-01-20 10:00:00,3.8325,0.894191,0.325848,3.50665,0.440975,0.10724,0.197228,20.578
2026-01-20 11:00:00,3.35855,0.934487,0.358014,3.00053,0.43565,0.095567,0.182649,18.241
2026-01-20 12:00:00,3.32823,0.929154,0.271784,3.05645,0.407064,0.095109,0.18074,16.19
2026-01-20 13:00:00,3.22094,0.94845,0.31473,2.90621,0.413859,0.096725,0.178799,19.689
2026-01-20 14:00:00,2.57743,0.658179,0.266663,2.31076,0.416439,0.100678,0.180885,16.902
2026-01-20 15:00:00,3.90749,1.0045,0.373226,3.53426,0.436015,0.102639,0.187229,21.917
2026-01-20 16:00:00,5.13918,1.49221,0.442965,4.69621,0.408723,0.12176,0.190429,22.095
2026-01-20 17:00:00,6.25426,1.56748,0.496596,5.75767,0.431909,0.18076,0.214241,30.08
2026-01-20 18:00:00,4.03146,1.06315,0.355403,3.67606,0.42673,0.114214,0.191752,23.695
2026-01-20 19:00:00,4.48018,1.50645,0.434207,4.04597,0.396849,0.092471,0.16873,20.686
2026-01-20 20:00:00,3.24811,1.23502,0.316631,2.93148,0.356386,0.092624,0.160687,17.807
2026-01-20 21:00:00,3.7234,1.36689,0.330516,3.39288,0.362059,0.072077,0.143048,15.07
2026-01-20 22:00:00,3.63674,1.69308,0.203984,3.43275,0.323761,0.078497,0.140228,16.649
2026-01-20 23:00:00,3.93347,2.04655,0.203446,3.73002,0.29909,0.083848,0.132497,16.483
2026-01-21 00:00:00,3.62225,2.18735,0.168315,3.45394,0.286978,0.049579,0.110215,8.979
2026-01-21 01:00:00,2.57097,1.5544,0.065331,2.50564,0.264761,0.038124,0.095365,4.907
2026-01-21 02:00:00,0.379704,0.167418,0.039276,0.340428,0.321423,0.045171,0.100442,2.195
2026-01-21 03:00:00,0.235651,0.084403,0.028656,0.206995,0.386685,0.037125,0.109528,2.235
2026-01-21 04:00:00,0.313345,0.107457,0.022623,0.290722,0.361587,0.026718,0.102668,2.297
2026-01-21 05:00:00,0.619596,0.273673,0.02754,0.592056,0.295949,0.01295,0.084283,2.299
2026-01-21 06:00:00,1.20089,0.45454,0.078938,1.12196,0.318158,0.036893,0.116562,6.43
2026-01-21 07:00:00,2.95925,0.751842,0.282551,2.6767,0.411442,0.090715,0.168322,14.539
2026-01-21 08:00:00,5.43589,1.32196,0.414703,5.02119,0.420844,0.145882,0.200316,23.145
2026-01-21 09:00:00,3.90428,0.921255,0.387125,3.51715,0.422161,0.118751,0.197456,22.205
2026-01-21 10:00:00,2.82823,0.701795,0.462725,2.36551,0.424734,0.092939,0.186526,18.668
2026-01-21 11:00:00,3.16531,0.776955,0.333974,2.83134,0.430678,0.081976,0.183666,18.018
2026-01-21 12:00:00,5.17043,1.31296,0.328764,4.84166,0.376865,0.122989,0.194381,23.669
2026-01-21 13:00:00,3.29351,0.906303,0.430892,2.86261,0.39938,0.103513,0.186391,17.915
2026-01-21 14:00:00,2.73205,0.75263,0.405708,2.32634,0.432973,0.08576,0.177788,17.438
2026-01-21 15:00:00,3.20575,0.876366,0.354289,2.85146,0.407473,0.09071,0.198436,22.133
2026-01-21 16:00:00,4.43532,1.21051,0.439446,3.99587,0.412141,0.134788,0.227128,26.701
2026-01-21 17:00:00,12.8959,3.13008,0.578601,12.3173,0.409273,0.19414,0.261222,34.281
2026-01-21 18:00:00,3.61708,1.0212,0.40219,3.21489,0.403079,0.117609,0.220729,25.724
2026-01-21 19:00:00,5.19834,1.57621,0.727102,4.47124,0.388029,0.121198,0.213546,26.222
2026-01-21 20:00:00,2.81558,0.963579,0.25805,2.55753,0.375644,0.088484,0.190566,19.598
2026-01-21 21:00:00,2.38345,0.779926,0.279694,2.10376,0.351099,0.060895,0.174278,15.572
2026-01-21 22:00:00,3.69385,1.40237,0.210265,3.48359,0.339209,0.080257,0.169799,18.619
2026-01-21 23:00:00,7.18855,3.04858,0.346619,6.84194,0.325354,0.114863,0.159576,18.946
2026-01-22 00:00:00,4.48681,2.19297,0.248902,4.23791,0.300194,0.095171,0.159201,16.053
2026-01-22 01:00:00,3.30621,1.63999,0.18584,3.12037,0.306289,0.068792,0.134802,12.685
2026-01-22 02:00:00,1.46515,0.615608,0.065942,1.3992,0.32035,0.05572,0.118224,7.796
2026-01-22 03:00:00,1.31137,0.40625,0.077147,1.23423,0.344371,0.076501,0.129539,5.647
2026-01-22 04:00:00,2.08259,0.640403,0.086402,1.99619,0.34023,0.05713,0.123918,3.685
2026-01-22 05:00:00,1.24954,0.491171,0.062217,1.18732,0.307243,0.021377,0.105554,4.832
2026-01-22 06:00:00,1.7605,0.568271,0.114322,1.64618,0.341339,0.04116,0.131978,8.542
2026-01-22 07:00:00,4.04414,0.941374,0.490231,3.55391,0.406182,0.098665,0.182092,18.516
2026-01-22 08:00:00,5.96284,1.39711,0.431172,5.53167,0.411394,0.140617,0.217869,28.816
2026-01-22 09:00:00,4.11083,0.962725,0.409708,3.70113,0.412223,0.10816,0.203738,26.629
2026-01-22 10:00:00,3.13407,0.730212,0.291873,2.8422,0.421947,0.097803,0.208592,22.198
2026-01-22 11:00:00,5.73731,1.35955,0.881577,4.85573,0.446607,0.135707,0.213216,24.694
2026-01-22 12:00:00,4.07373,1.15012,0.626031,3.44769,0.420443,0.113331,0.208142,19.416
2026-01-22 13:00:00,12.7822,3.47722,0.722832,12.0594,0.409645,0.159472,0.208711,24.177
2026-01-22 14:00:00,3.42838,0.883604,0.348347,3.08004,0.4003,0.111266,0.201884,24.17
2026-01-22 15:00:00,4.504,1.17292,0.41465,4.08935,0.405667,0.116118,0.193716,23.345
2026-01-22 16:00:00,4.70245,1.22015,0.417884,4.28457,0.430073,0.123314,0.206722,24.929
2026-01-22 17:00:00,9.38794,2.43463,0.771721,8.61622,0.409022,0.202063,0.249357,38.862
2026-01-22 18:00:00,8.90164,2.41499,0.679053,8.22259,0.39144,0.166789,0.220662,30.698
2026-01-22 19:00:00,4.8888,1.64385,0.423092,4.46571,0.384468,0.140374,0.196283,20.124
2026-01-22 20:00:00,4.60035,1.59072,0.494756,4.10559,0.383526,0.139498,0.196727,24.516
2026-01-22 21:00:00,5.40283,2.01598,0.384066,5.01877,0.342165,0.123336,0.175101,24.812
2026-01-22 22:00:00,5.95248,2.60388,0.407602,5.54488,0.316581,0.115018,0.177588,21.893
2026-01-22 23:00:00,4.32882,1.7469,0.191735,4.13709,0.286798,0.085455,0.159856,14.786
2026-01-23 00:00:00,3.64092,1.90226,0.17052,3.4704,0.285363,0.051302,0.13268,13.818
2026-01-23 01:00:00,1.40977,0.705591,0.100954,1.30882,0.262781,0.030862,0.108916,8.475
2026-01-23 02:00:00,0.602689,0.266205,0.068544,0.534145,0.320599,0.017785,0.112127,6.645
2026-01-23 03:00:00,0.831676,0.28738,0.065079,0.766597,0.342534,0.015668,0.126596,4.832
2026-01-23 04:00:00,0.301964,0.108856,0.021312,0.280652,0.329098,0.010726,0.094663,2.302
2026-01-23 05:00:00,0.475825,0.221726,0.025922,0.449903,0.264537,0.008994,0.085618,2.008
2026-01-23 06:00:00,1.63003,0.554432,0.113289,1.51674,0.326086,0.043723,0.118659,5.451
2026-01-23 07:00:00,4.07013,0.908917,0.451661,3.61847,0.412243,0.112015,0.178254,16.858
2026-01-23 08:00:00,5.03514,1.20458,0.401561,4.63358,0.419204,0.138809,0.196295,23.598
2026-01-23 09:00:00,9.71783,2.17304,0.549893,9.16794,0.380891,0.146959,0.214788,29.894
2026-01-23 10:00:00,6.27517,1.4146,0.802258,5.47291,0.404524,0.132616,0.204321,28.416
2026-01-23 11:00:00,5.96788,1.4692,0.406099,5.56178,0.393585,0.128294,0.205895,26.182
2026-01-23 12:00:00,4.45606,1.10847,0.49184,3.96422,0.398954,0.124678,0.209216,25.058
2026-01-23 13:00:00,5.60274,1.36919,0.66662,4.93612,0.41018,0.120315,0.194182,27.947
2026-01-23 14:00:00,5.84343,1.42314,0.471493,5.37194,0.372931,0.126678,0.201368,26.147
2026-01-23 15:00:00,5.26141,1.15585,0.406206,4.85521,0.391162,0.11576,0.193493,26.068
2026-01-23 16:00:00,5.25618,1.12794,0.506599,4.74958,0.418844,0.119708,0.20039,27.468
2026-01-23 17:00:00,7.6125,1.71221,0.79918,6.81332,0.452546,0.175754,0.222497,36.203
2026-01-23 18:00:00,5.48318,1.32572,0.504383,4.9788,0.431379,0.154131,0.218684,33.085
2026-01-23 19:00:00,3.41241,0.853957,0.450078,2.96233,0.399621,0.108935,0.186129,25.289
2026-01-23 20:00:00,5.79703,1.76095,0.270515,5.52652,0.350992,0.133027,0.177679,20.625
2026-01-23 21:00:00,4.35834,1.48344,0.390639,3.9677,0.360447,0.098815,0.159795,20.488
2026-01-23 22:00:00,5.6508,1.93256,0.666815,4.98398,0.325865,0.122374,0.159062,20.805
2026-01-23 23:00:00,3.74996,1.66813,0.265392,3.48457,0.320877,0.083995,0.134072,13.04
2026-01-24 00:00:00,3.93698,1.93369,0.167546,3.76944,0.320169,0.09095,0.119894,7.117
2026-01-24 01:00:00,0.397251,0.214036,0.030368,0.366883,0.276073,0.011815,0.090996,2.343
2026-01-24 02:00:00,0.802481,0.3729,0.046341,0.75614,0.292305,0.023251,0.096755,2.737
2026-01-24 03:00:00,0.791665,0.220274,0.057967,0.733698,0.333742,0.017452,0.103857,3.447
2026-01-24 04:00:00,0.098319,0.027541,0.021865,0.076454,0.319448,0.00611,0.096874,2.144
2026-01-24 05:00:00,0.671897,0.304577,0.045995,0.625902,0.301729,0.015717,0.097037,5.378
2026-01-24 06:00:00,1.60038,0.746448,0.077609,1.52278,0.318699,0.02734,0.111345,6.235
2026-01-24 07:00:00,2.73775,0.672998,0.228643,2.50911,0.372394,0.061876,0.152396,11.585
2026-01-24 08:00:00,3.56227,0.824982,0.305483,3.25679,0.453133,0.090375,0.18038,18.096
2026-01-24 09:00:00,4.9959,1.00562,0.466291,4.52961,0.509477,0.117013,0.204272,25.36
2026-01-24 10:00:00,4.46063,0.976923,0.423188,4.03744,0.553655,0.116984,0.214553,24.259
2026-01-24 11:00:00,4.5692,1.15911,0.412941,4.15625,0.513732,0.115001,0.210021,26.441
2026-01-24 12:00:00,6.48425,1.52355,0.925203,5.55905,0.417205,0.152471,0.214996,33.42
2026-01-24 13:00:00,4.02847,0.860783,0.42362,3.60485,0.47578,0.12716,0.213435,25.086
2026-01-24 14:00:00,4.98832,1.11247,0.575482,4.41283,0.504812,0.123742,0.213375,27.055
2026-01-24 15:00:00,5.42545,1.25589,0.591455,4.83399,0.543267,0.146748,0.208906,28.282
2026-01-24 16:00:00,3.86614,0.923587,0.473859,3.39228,0.527896,0.128452,0.210988,27.088
2026-01-24 17:00:00,4.31874,0.980641,0.426567,3.89217,0.508631,0.126849,0.206405,28.154
2026-01-24 18:00:00,2.18329,0.771482,0.18223,2.00106,0.417476,0.092127,0.184507,20.353
2026-01-24 19:00:00,4.17288,1.21729,0.310666,3.86222,0.375945,0.102868,0.17761,24.278
2026-01-24 20:00:00,3.81529,1.16391,0.359201,3.45609,0.388141,0.090914,0.171393,19.945
2026-01-24 21:00:00,3.92602,1.37466,0.41579,3.51023,0.354648,0.084023,0.157419,19.374
2026-01-24 22:00:00,3.93389,1.57104,0.343939,3.58995,0.380926,0.083656,0.149698,18.635
2026-01-24 23:00:00,3.10275,1.36565,0.235067,2.86768,0.326613,0.072463,0.135783,19.462
2026-01-25 00:00:00,2.4498,1.31005,0.184301,2.2655,0.293374,0.057897,0.116926,13.28
2026-01-25 01:00:00,0.877461,0.469733,0.097928,0.779533,0.284007,0.028002,0.103945,7.702
2026-01-25 02:00:00,0.769684,0.40046,0.046094,0.72359,0.315489,0.047715,0.106657,4.608
2026-01-25 03:00:00,1.19234,0.363298,0.064881,1.12746,0.314961,0.032728,0.114784,5.513
2026-01-25 04:00:00,0.632953,0.189167,0.035791,0.597162,0.334377,0.022796,0.103853,4.632
2026-01-25 05:00:00,0.090491,0.033943,0.017256,0.073235,0.283713,0.008645,0.098993,3.711
2026-01-25 06:00:00,0.94223,0.406133,0.05036,0.89187,0.306192,0.019892,0.103749,4.753
2026-01-25 07:00:00,1.0513,0.373065,0.213228,0.838069,0.386719,0.03444,0.127155,7.679
2026-01-25 08:00:00,1.56168,0.429269,0.171823,1.38986,0.396717,0.044631,0.155131,11.722
2026-01-25 09:00:00,3.7187,0.757682,0.329499,3.3892,0.402739,0.094848,0.177777,18.33
2026-01-25 10:00:00,4.44554,0.994084,0.416975,4.02857,0.430048,0.118268,0.188216,21.112
2026-01-25 11:00:00,2.6816,0.730282,0.247582,2.43402,0.421072,0.079772,0.172655,16.112
2026-01-25 12:00:00,2.84279,0.759293,0.281113,2.56168,0.420566,0.081921,0.175507,14.759
2026-01-25 13:00:00,3.92066,1.0777,0.391352,3.52931,0.401969,0.091269,0.174369,21.787
2026-01-25 14:00:00,4.13987,1.14551,0.431411,3.70846,0.405867,0.104058,0.185213,24.158
2026-01-25 15:00:00,3.79268,1.03343,0.31896,3.47371,0.405499,0.103204,0.182498,19.929
2026-01-25 16:00:00,4.47579,1.1729,0.417808,4.05799,0.395999,0.120639,0.19172,22.392
2026-01-25 17:00:00,3.98981,0.936136,0.341365,3.64845,0.407139,0.102408,0.18274,22.898
2026-01-25 18:00:00,2.92331,0.722161,0.31288,2.61043,0.417987,0.087884,0.183917,20.915
2026-01-25 19:00:00,4.20444,1.23081,0.301988,3.90246,0.457789,0.102558,0.173153,18.046
2026-01-25 20:00:00,3.37316,1.08253,0.227314,3.14584,0.422906,0.094926,0.16368,19.22
2026-01-25 21:00:00,3.06497,1.0299,0.296754,2.76822,0.352918,0.067051,0.145796,16.227
2026-01-25 22:00:00,3.40134,1.528,0.245645,3.15569,0.352987,0.074258,0.139861,16.843
2026-01-25 23:00:00,4.79226,2.42769,0.258699,4.53356,0.30632,0.103653,0.139628,18.05
2026-01-26 00:00:00,2.15637,1.05394,0.079916,2.07646,0.303806,0.051533,0.108122,6.919
2026-01-26 01:00:00,1.00343,0.524808,0.056036,0.947397,0.280289,0.027585,0.098897,5.722
2026-01-26 02:00:00,1.20882,0.555525,0.056482,1.15234,0.311314,0.037699,0.104848,6.1
2026-01-26 03:00:00,1.04666,0.363172,0.035644,1.01102,0.307899,0.030891,0.103459,5.715
2026-01-26 04:00:00,1.51299,0.459875,0.077936,1.43505,0.375155,0.027603,0.104174,4.861
2026-01-26 05:00:00,0.69923,0.274639,0.045691,0.653539,0.290685,0.017305,0.096106,3.605
2026-01-26 06:00:00,1.31484,0.360823,0.129761,1.18508,0.350662,0.036501,0.126558,7.73
2026-01-26 07:00:00,4.82627,0.979754,0.386845,4.43943,0.412178,0.123868,0.184594,22.049
2026-01-26 08:00:00,5.52446,1.2665,0.496974,5.02749,0.427219,0.157034,0.218813,28.309
2026-01-26 09:00:00,4.17411,0.925523,0.530959,3.64315,0.425258,0.113404,0.205448,24.622
2026-01-26 10:00:00,3.69407,0.901432,0.298688,3.39538,0.387174,0.137438,0.216224,25.078
2026-01-26 11:00:00,4.16897,1.08173,0.436553,3.73241,0.422712,0.122584,0.207638,24.517
2026-01-26 12:00:00,4.11413,1.18563,0.279,3.83513,0.420271,0.110757,0.185233,18.969
2026-01-26 13:00:00,3.71399,1.05993,0.259591,3.4544,0.417781,0.087941,0.170683,17.249
2026-01-26 14:00:00,5.51702,1.4791,0.537513,4.97951,0.395496,0.125011,0.194942,22.046
2026-01-26 15:00:00,4.73575,1.4036,0.415413,4.32034,0.411358,0.122735,0.20437,22.479
2026-01-26 16:00:00,3.75291,0.956888,0.506229,3.24669,0.431109,0.10579,0.199811,19.54
2026-01-26 17:00:00,4.30861,1.01858,0.661658,3.64695,0.449893,0.127705,0.207896,28.877
2026-01-26 18:00:00,5.84016,1.45277,0.622755,5.2174,0.469981,0.159012,0.203254,28.832
2026-01-26 19:00:00,3.19498,0.888482,0.287314,2.90767,0.419215,0.099785,0.173175,19.316
2026-01-26 20:00:00,2.80708,0.832963,0.29775,2.50933,0.388082,0.071358,0.162816,17.076
2026-01-26 21:00:00,2.37337,0.766099,0.282884,2.09049,0.366031,0.062141,0.142166,12.454
2026-01-26 22:00:00,1.84596,0.740159,0.189738,1.65622,0.359001,0.058492,0.129879,12.316
2026-01-26 23:00:00,3.91992,1.80475,0.238623,3.68129,0.296007,0.093549,0.135062,15.193
2026-01-27 00:00:00,2.9073,1.57151,0.143976,2.76332,0.31516,0.060471,0.113888,10.957
2026-01-27 01:00:00,2.19566,1.35702,0.056143,2.13952,0.239113,0.049419,0.09615,6.021
2026-01-27 02:00:00,2.01932,1.20917,0.038532,1.98079,0.254084,0.053387,0.090463,5.641
2026-01-27 03:00:00,0.090947,0.046977,0.015115,0.075832,0.241889,0.004246,0.081224,3.366
2026-01-27 04:00:00,0.073606,0.036439,0.007986,0.06562,0.190641,0.003475,0.067577,0.919
2026-01-27 05:00:00,0.299887,0.138197,0.020454,0.279433,0.254117,0.008394,0.080665,1.602
2026-01-27 06:00:00,1.57367,0.507962,0.099676,1.47399,0.332102,0.037365,0.118964,5.947
2026-01-27 07:00:00,3.31522,0.738356,0.294739,3.02048,0.406551,0.09301,0.170679,17.076
2026-01-27 08:00:00,4.65077,1.03397,0.382068,4.26871,0.454931,0.120128,0.194185,20.283
2026-01-27 09:00:00,4.26381,0.946671,0.388933,3.87487,0.419813,0.128515,0.203193,26.913
2026-01-27 10:00:00,3.86661,0.933965,0.291007,3.57561,0.415804,0.099453,0.189435,21.459
2026-01-27 11:00:00,3.06055,0.777974,0.317945,2.7426,0.448287,0.092796,0.194897,21.176
2026-01-27 12:00:00,6.10104,1.53062,0.403047,5.69799,0.415923,0.118253,0.188999,23.005
2026-01-27 13:00:00,3.73562,0.965275,0.3139,3.42172,0.412399,0.106214,0.190529,18.965
2026-01-27 14:00:00,5.59205,1.33589,0.566095,5.02596,0.404176,0.150619,0.207914,32.849
2026-01-27 15:00:00,3.12405,0.749891,0.312807,2.81124,0.419294,0.096754,0.188244,21.433
2026-01-27 16:00:00,3.55107,0.89764,0.430242,3.12082,0.422597,0.105996,0.19576,22.635
2026-01-27 17:00:00,4.57445,0.984175,0.53379,4.04066,0.437804,0.13697,0.204776,27.465
2026-01-27 18:00:00,4.44713,1.06697,0.454858,3.99227,0.404456,0.130169,0.201567,28.785
2026-01-27 19:00:00,4.1536,1.15764,0.37445,3.77915,0.362398,0.115166,0.188101,21.349
2026-01-27 20:00:00,2.94899,1.0141,0.267963,2.68103,0.367354,0.090049,0.161732,19.191
2026-01-27 21:00:00,4.36116,1.64696,0.328121,4.03304,0.323724,0.106603,0.155565,20.633
2026-01-27 22:00:00,7.47393,3.03572,0.346616,7.12732,0.322888,0.153447,0.160451,24.093
2026-01-27 23:00:00,3.45585,1.45817,0.194975,3.26088,0.266597,0.070835,0.12819,14.58
2026-01-28 00:00:00,2.07393,1.17837,0.127068,1.94686,0.245473,0.043803,0.104662,7.564
2026-01-28 01:00:00,1.64138,0.973538,0.138769,1.50262,0.242216,0.024669,0.098335,4.225
2026-01-28 02:00:00,2.26345,1.17035,0.110135,2.15331,0.31418,0.034572,0.103909,3.849
2026-01-28 03:00:00,0.705898,0.242743,0.03908,0.666818,0.319855,0.017393,0.102456,2.885
2026-01-28 04:00:00,1.43014,0.447757,0.041531,1.38861,0.359997,0.026825,0.104792,4.558
2026-01-28 05:00:00,2.17133,0.870621,0.035108,2.13622,0.309189,0.026902,0.114016,4.148
2026-01-28 06:00:00,1.57758,0.534411,0.116923,1.46066,0.354392,0.034952,0.121663,6.924
2026-01-28 07:00:00,3.7328,0.856932,0.329346,3.40345,0.419793,0.109808,0.17668,17.863
2026-01-28 08:00:00,7.41548,1.78514,0.512279,6.9032,0.40554,0.153332,0.203651,26.542
2026-01-28 09:00:00,3.82447,0.882433,0.441026,3.38344,0.411281,0.109796,0.196758,25.181
2026-01-28 10:00:00,3.72126,0.84651,0.396583,3.32468,0.426981,0.093625,0.185592,22.296
2026-01-28 11:00:00,2.87658,0.742152,0.372544,2.50404,0.445035,0.088298,0.182924,18.78
2026-01-28 12:00:00,3.19776,0.797845,0.310475,2.88729,0.424437,0.092893,0.181963,20.573
2026-01-28 13:00:00,4.62966,1.21132,0.331054,4.2986,0.404913,0.108599,0.1843,19.794
2026-01-28 14:00:00,3.80319,0.905523,0.484888,3.31831,0.42033,0.103925,0.191882,23.346
2026-01-28 15:00:00,4.2583,0.988923,0.487505,3.7708,0.433116,0.094851,0.192759,25.076
2026-01-28 16:00:00,3.89125,0.880771,0.354518,3.53673,0.433134,0.102791,0.198459,24.246
2026-01-28 17:00:00,5.1612,1.2377,0.566457,4.59474,0.421503,0.160589,0.220837,30.905
2026-01-28 18:00:00,4.98788,1.34662,0.556474,4.43141,0.403163,0.131887,0.200332,29.543
2026-01-28 19:00:00,2.43293,0.790427,0.248233,2.1847,0.411133,0.084236,0.169924,18.104
2026-01-28 20:00:00,2.39064,0.881503,0.230431,2.1602,0.397458,0.075849,0.16054,16.02
2026-01-28 21:00:00,5.29121,1.70794,0.395376,4.89584,0.34707,0.145432,0.191917,29.4
2026-01-28 22:00:00,6.70613,2.99648,0.498912,6.20721,0.314166,0.137039,0.173239,26.942
2026-01-28 23:00:00,2.49641,1.23097,0.187769,2.30864,0.29837,0.065534,0.130015,13.458
2026-01-29 00:00:00,1.35125,0.722594,0.08273,1.26852,0.350632,0.036755,0.107502,5.079
2026-01-29 01:00:00,0.684855,0.330848,0.061367,0.623488,0.327534,0.018088,0.102466,4.695
2026-01-29 02:00:00,0.7982,0.304192,0.053869,0.744331,0.355398,0.039201,0.11722,5.071
2026-01-29 03:00:00,0.68298,0.202185,0.034106,0.648874,0.382993,0.065875,0.11887,3.542
2026-01-29 04:00:00,0.267797,0.072811,0.030658,0.237139,0.30037,0.021319,0.107291,3.117
2026-01-29 05:00:00,0.455121,0.187756,0.025964,0.429157,0.26395,0.011925,0.090481,2.714
2026-01-29 06:00:00,0.981352,0.33539,0.074334,0.907018,0.322193,0.031635,0.115944,5.622
2026-01-29 07:00:00,4.49808,1.05046,0.398124,4.09995,0.414807,0.109769,0.172741,18.163
2026-01-29 08:00:00,4.96969,1.25307,0.427607,4.54209,0.440717,0.123837,0.199141,23.175
2026-01-29 09:00:00,4.63643,1.21056,0.430595,4.20583,0.423064,0.123013,0.195073,26.566
2026-01-29 10:00:00,3.75464,0.922062,0.419841,3.3348,0.416558,0.098016,0.201085,24.387
2026-01-29 11:00:00,6.63496,1.76274,0.490412,6.14454,0.399354,0.133865,0.200846,27.469
2026-01-29 12:00:00,6.03118,1.73012,0.289577,5.74161,0.414685,0.116199,0.178874,20.892
2026-01-29 13:00:00,3.20597,0.907178,0.503377,2.70259,0.444716,0.090118,0.17411,14.222
2026-01-29 14:00:00,2.78026,0.777912,0.333969,2.44629,0.431698,0.107552,0.186544,18.533
2026-01-29 15:00:00,4.78648,1.26426,0.412539,4.37394,0.434543,0.108637,0.189285,20.1
2026-01-29 16:00:00,3.96274,1.08807,0.388859,3.57389,0.416006,0.107763,0.189005,22.87
2026-01-29 17:00:00,5.70403,1.4175,0.797489,4.90654,0.413354,0.176621,0.22305,39.249
2026-01-29 18:00:00,4.89877,1.22103,0.54082,4.35795,0.406799,0.153595,0.218017,32.188
2026-01-29 19:00:00,6.22665,1.98934,0.515044,5.7116,0.360429,0.140037,0.192443,25.906
2026-01-29 20:00:00,4.55982,1.70524,0.408335,4.15148,0.395515,0.105726,0.177162,22.317
2026-01-29 21:00:00,3.12085,1.21434,0.300212,2.82064,0.351552,0.083434,0.150499,14.921
2026-01-29 22:00:00,3.40978,1.30643,0.280469,3.12931,0.308117,0.081537,0.143624,18.873
2026-01-29 23:00:00,3.34268,1.58722,0.204212,3.13847,0.311377,0.071222,0.133163,14.486
2026-01-30 00:00:00,1.74491,0.89851,0.113126,1.63178,0.314217,0.046385,0.109966,6.399
2026-01-30 01:00:00,1.51192,1.04127,0.055241,1.45667,0.282091,0.034147,0.096643,3.071
2026-01-30 02:00:00,1.44297,0.592353,0.039782,1.40319,0.293134,0.019843,0.096357,2.708
2026-01-30 03:00:00,0.493949,0.165978,0.046376,0.447573,0.316526,0.02278,0.099294,3.016
2026-01-30 04:00:00,0.816432,0.252766,0.03699,0.779442,0.302946,0.025835,0.101765,3.423
2026-01-30 05:00:00,0.689548,0.310608,0.019701,0.669847,0.263431,0.010381,0.083478,1.546
2026-01-30 06:00:00,1.50851,0.574452,0.119962,1.38855,0.323016,0.044076,0.118931,6.463
2026-01-30 07:00:00,4.46544,1.04773,0.333731,4.13171,0.425926,0.106762,0.173297,18.731
2026-01-30 08:00:00,5.38832,1.32652,0.477132,4.91119,0.435538,0.148178,0.201346,25.404
2026-01-30 09:00:00,4.8267,1.14431,0.398491,4.42821,0.400591,0.128184,0.199251,26.867
2026-01-30 10:00:00,5.60417,1.42527,0.510664,5.09351,0.392353,0.14338,0.206563,27.387
2026-01-30 11:00:00,5.94942,1.5421,0.532568,5.41685,0.381178,0.149528,0.203689,29.534
2026-01-30 12:00:00,5.8956,1.58399,0.444034,5.45156,0.357592,0.13753,0.195318,25.319
2026-01-30 13:00:00,5.55435,1.51758,0.42899,5.12536,0.420015,0.121245,0.187538,22.755
2026-01-30 14:00:00,6.2617,1.63662,0.604726,5.65698,0.406918,0.138712,0.205584,33.496
2026-01-30 15:00:00,4.80494,1.17999,0.448006,4.35693,0.413673,0.125203,0.207961,29.83
2026-01-30 16:00:00,5.07818,1.21954,0.683625,4.39456,0.436722,0.120143,0.207965,29.713
2026-01-30 17:00:00,6.91904,1.63803,0.633672,6.28537,0.445503,0.177409,0.220958,35.972
2026-01-30 18:00:00,5.09302,1.36835,0.536252,4.55676,0.431758,0.135961,0.203095,30.379
2026-01-30 19:00:00,2.37468,0.712263,0.311358,2.06333,0.403148,0.081581,0.174503,18.654
2026-01-30 20:00:00,2.72399,0.979148,0.265315,2.45867,0.377323,0.087559,0.168894,21.229
2026-01-30 21:00:00,4.00231,1.37536,0.352371,3.64994,0.362099,0.119971,0.170567,26.061
2026-01-30 22:00:00,3.85921,1.34374,0.399452,3.45976,0.353139,0.085275,0.149816,16.54
2026-01-30 23:00:00,3.97919,1.81037,0.41863,3.56056,0.323411,0.070846,0.138742,19.125
2026-01-31 00:00:00,4.02815,2.17268,0.222665,3.80548,0.308969,0.085397,0.128969,12.165
2026-01-31 01:00:00,1.369,0.822718,0.058678,1.31032,0.313711,0.038188,0.109261,5.53
2026-01-31 02:00:00,0.505799,0.262072,0.040166,0.465633,0.284061,0.024418,0.105845,5.075
2026-01-31 03:00:00,0.558828,0.207743,0.033226,0.525602,0.286817,0.020112,0.103991,4.085
2026-01-31 04:00:00,0.573919,0.214629,0.036545,0.537374,0.309871,0.02611,0.11281,3.941
2026-01-31 05:00:00,0.562989,0.269889,0.02585,0.537139,0.288031,0.009508,0.093984,3.287
2026-01-31 06:00:00,1.41342,0.721132,0.07407,1.33935,0.318194,0.021953,0.10794,5.006
2026-01-31 07:00:00,2.8248,0.806163,0.186713,2.63808,0.374597,0.058774,0.139907,10.309
2026-01-31 08:00:00,4.26843,1.05759,0.327623,3.9408,0.385822,0.097673,0.169389,18.646
2026-01-31 09:00:00,6.50984,1.65645,0.762131,5.74771,0.4105,0.139751,0.194146,26.858
2026-01-31 10:00:00,4.19777,1.14819,0.579641,3.61813,0.446758,0.142501,0.20255,24.107
2026-01-31 11:00:00,3.47996,0.923067,0.462223,3.01774,0.449052,0.116935,0.199608,27.676
2026-01-31 12:00:00,3.93253,1.17529,0.388725,3.5438,0.406612,0.11685,0.191098,22.201
2026-01-31 13:00:00,4.17066,1.29927,0.415049,3.75562,0.381319,0.108243,0.181394,20.39
2026-01-31 14:00:00,4.63361,1.11438,0.479205,4.1544,0.417421,0.14786,0.206837,26.768
2026-01-31 15:00:00,6.50249,1.70669,0.606339,5.89615,0.417001,0.147949,0.206692,31.422
2026-01-31 16:00:00,5.39554,1.43498,0.526983,4.86855,0.409113,0.131781,0.199557,28.536
2026-01-31 17:00:00,5.05515,1.23779,0.421511,4.63364,0.413611,0.128371,0.199688,26.376
2026-01-31 18:00:00,4.73495,1.29158,0.397785,4.33716,0.399839,0.119651,0.189006,27.06
2026-01-31 19:00:00,3.30446,1.0913,0.319876,2.98458,0.376011,0.088236,0.16982,20.755
2026-01-31 20:00:00,3.4876,1.34449,0.309763,3.17784,0.352057,0.116384,0.178681,20.501
2026-01-31 21:00:00,4.11255,1.47192,0.342641,3.76991,0.333769,0.15181,0.22431,24.273
2026-01-31 22:00:00,4.29746,1.63402,0.314027,3.98344,0.330552,0.098087,0.158345,21.365
2026-01-31 23:00:00,4.09785,1.69613,0.510872,3.58698,0.345114,0.084769,0.144478,19.431
2026-02-01 00:00:00,4.32409,2.41839,0.43492,3.88917,0.327889,0.065713,0.118001,12.61
2026-02-01 01:00:00,2.32187,1.26326,0.163341,2.15853,0.322886,0.04313,0.114119,12.315
2026-02-01 02:00:00,1.25198,0.551047,0.072842,1.17914,0.297646,0.031726,0.106463,6.022
2026-02-01 03:00:00,0.180381,0.067106,0.022853,0.157528,0.304896,0.011067,0.093285,2.615
2026-02-01 04:00:00,0.359695,0.132631,0.022253,0.337442,0.262327,0.008499,0.089437,2.134
2026-02-01 05:00:00,0.15157,0.068958,0.014081,0.137489,0.244592,0.009065,0.087813,2.039
2026-02-01 06:00:00,0.438471,0.203939,0.063793,0.374678,0.308501,0.011856,0.096535,3.228
2026-02-01 07:00:00,1.86721,0.673595,0.127163,1.74004,0.380173,0.04393,0.133012,7.422
2026-02-01 08:00:00,3.04638,0.766964,0.214336,2.83204,0.367967,0.086946,0.159771,13.947
2026-02-01 09:00:00,3.61268,0.817719,0.470638,3.14204,0.385741,0.094653,0.173295,18.367
2026-02-01 10:00:00,3.92508,0.908584,0.390357,3.53472,0.419558,0.107468,0.186572,23.184
2026-02-01 11:00:00,4.01372,1.06239,0.476444,3.53728,0.410739,0.104434,0.187065,24.726
2026-02-01 12:00:00,4.00088,1.22877,0.379592,3.62128,0.408108,0.10495,0.184226,19.761
2026-02-01 13:00:00,2.71543,0.833979,0.298238,2.4172,0.418751,0.084998,0.175831,16.829
2026-02-01 14:00:00,4.61575,1.27436,0.808229,3.80752,0.407921,0.117221,0.197781,21.835
2026-02-01 15:00:00,4.70429,1.22444,0.805274,3.89901,0.406651,0.145269,0.198656,23.887
2026-02-01 16:00:00,5.45341,1.48352,0.750481,4.70293,0.456811,0.135208,0.195713,29.38
2026-02-01 17:00:00,3.45765,1.03833,0.375683,3.08197,0.427877,0.105209,0.187848,23.98
2026-02-01 18:00:00,2.91544,0.897059,0.362192,2.55325,0.413546,0.090577,0.174497,17.108
2026-02-01 19:00:00,3.93514,1.35414,0.372994,3.56215,0.432741,0.11055,0.193316,18.024
2026-02-01 20:00:00,4.34143,1.68272,0.648005,3.69342,0.372069,0.100596,0.177324,24.454
2026-02-01 21:00:00,4.81024,1.91186,0.309519,4.50072,0.340392,0.110847,0.163423,22.08
2026-02-01 22:00:00,3.58274,1.85634,0.277097,3.30564,0.319615,0.081102,0.139547,17.311
2026-02-01 23:00:00,3.90935,2.29692,0.225136,3.68422,0.306014,0.072235,0.134166,17.915
2026-02-02 00:00:00,2.12249,1.31995,0.174417,1.94807,0.305413,0.040686,0.106496,11.43
2026-02-02 01:00:00,0.341126,0.243662,0.033064,0.308062,0.284578,0.010169,0.087173,5.638
2026-02-02 02:00:00,0.923812,0.597549,0.035512,0.8883,0.274308,0.022012,0.085122,2.636
2026-02-02 03:00:00,1.15597,0.511042,0.043282,1.11269,0.293159,0.035395,0.094841,3.431
2026-02-02 04:00:00,0.947498,0.436635,0.034763,0.912735,0.444413,0.095935,0.108045,4.804
2026-02-02 05:00:00,0.374652,0.206534,0.021502,0.35315,0.229202,0.009451,0.081077,1.848
2026-02-02 06:00:00,1.82435,0.681747,0.119558,1.7048,0.315476,0.039671,0.119437,7.791
2026-02-02 07:00:00,4.46978,1.12306,0.361562,4.10822,0.429585,0.110266,0.179553,16.729
2026-02-02 08:00:00,4.24242,0.998685,0.425602,3.81681,0.433505,0.12514,0.206932,25.041
2026-02-02 09:00:00,4.37891,0.959866,0.32728,4.05163,0.443798,0.10751,0.192944,24.323
2026-02-02 10:00:00,2.9347,0.702416,0.275139,2.65956,0.428673,0.094623,0.196224,21.445
2026-02-02 11:00:00,4.14706,1.02346,0.385482,3.76158,0.425218,0.118969,0.197795,23.23
2026-02-02 12:00:00,3.48473,1.10979,0.32348,3.16125,0.413303,0.129755,0.188852,20.846
2026-02-02 13:00:00,2.61599,0.720261,0.308914,2.30707,0.416707,0.112019,0.187749,19.092
2026-02-02 14:00:00,6.0123,1.54558,0.418404,5.59389,0.420965,0.117598,0.191945,23.489
2026-02-02 15:00:00,4.62674,1.13679,0.511186,4.11555,0.416173,0.13205,0.204433,25.902
2026-02-02 16:00:00,5.87878,1.35581,0.571376,5.3074,0.429828,0.143924,0.208897,26.717
2026-02-02 17:00:00,5.76555,1.51565,0.713147,5.0524,0.446104,0.156217,0.214344,29.983
2026-02-02 18:00:00,4.56413,1.48282,0.448917,4.11521,0.444739,0.109858,0.192806,27.13
2026-02-02 19:00:00,3.71053,1.26986,0.313716,3.39681,0.43486,0.10135,0.17975,25.515
2026-02-02 20:00:00,2.70739,1.06172,0.274789,2.4326,0.40326,0.068958,0.156166,13.96
2026-02-02 21:00:00,2.63243,0.941497,0.235316,2.39711,0.369068,0.078743,0.152348,15.375
2026-02-02 22:00:00,2.86235,1.21081,0.191706,2.67064,0.376894,0.062315,0.143756,13.664
2026-02-02 23:00:00,4.23868,2.41934,0.454271,3.78441,0.357845,0.087749,0.145465,16.019
2026-02-03 00:00:00,3.50941,2.28477,0.168695,3.34071,0.300359,0.042831,0.107832,9.866
2026-02-03 01:00:00,0.65647,0.45525,0.04599,0.61048,0.267963,0.018158,0.087428,3.518
2026-02-03 02:00:00,0.468939,0.329774,0.037357,0.431582,0.292057,0.011467,0.092456,5.674
2026-02-03 03:00:00,0.23797,0.160573,0.020136,0.217834,0.311574,0.004995,0.080873,2.579
2026-02-03 04:00:00,0.561964,0.364439,0.028145,0.533819,0.308751,0.008421,0.083939,2.958
2026-02-03 05:00:00,0.395196,0.240973,0.031187,0.364009,0.324017,0.007752,0.085584,2.936
2026-02-03 06:00:00,1.64305,0.677828,0.089379,1.55368,0.356976,0.037382,0.118323,6.999
2026-02-03 07:00:00,4.79469,1.14981,0.424563,4.37013,0.418125,0.105286,0.17554,19.841
2026-02-03 08:00:00,3.94588,0.928879,0.411482,3.5344,0.441042,0.119027,0.203288,24.924
2026-02-03 09:00:00,3.64015,0.863413,0.370004,3.27015,0.430602,0.109315,0.199638,27.34
2026-02-03 10:00:00,4.44544,1.03143,0.413604,4.03184,0.448681,0.124594,0.20372,28
2026-02-03 11:00:00,3.73181,0.876836,0.370451,3.36136,0.449027,0.105407,0.197278,23.148
2026-02-03 12:00:00,4.28226,1.19549,0.372757,3.9095,0.400675,0.159098,0.220897,21.037
2026-02-03 13:00:00,4.73922,1.22841,0.472421,4.2668,0.392028,0.127665,0.208317,26.447
2026-02-03 14:00:00,5.99368,1.48138,0.512637,5.48105,0.39831,0.156258,0.212541,28.373
2026-02-03 15:00:00,5.231,1.38606,0.530709,4.70029,0.417897,0.130274,0.203508,26.887
2026-02-03 16:00:00,5.70001,1.50635,0.506961,5.19305,0.419767,0.13913,0.214522,32.098
2026-02-03 17:00:00,7.81606,2.03755,0.571103,7.24496,0.413834,0.202818,0.234465,37.632
2026-02-03 18:00:00,6.78688,1.86967,0.46465,6.32224,0.412093,0.169476,0.228472,23.384
2026-02-03 19:00:00,5.91645,2.13899,1.04307,4.87338,0.377223,0.113197,0.20065,22.387
2026-02-03 20:00:00,4.14759,1.58426,0.34162,3.80597,0.384496,0.108289,0.207369,20.4
2026-02-03 21:00:00,5.01529,1.82109,0.374094,4.6412,0.360359,0.137452,0.209282,24.884
2026-02-03 22:00:00,4.75125,1.84873,0.276858,4.47439,0.366429,0.093127,0.183706,20.188
2026-02-03 23:00:00,4.52809,2.33166,0.259392,4.2687,0.316173,0.071967,0.149134,15.491
2026-02-04 00:00:00,3.14042,1.60553,0.132365,3.00806,0.289967,0.06851,0.120827,9.933
2026-02-04 01:00:00,0.729789,0.444451,0.04938,0.680409,0.277833,0.028477,0.091691,3.115
2026-02-04 02:00:00,0.249575,0.125038,0.021672,0.227903,0.256266,0.017153,0.088414,1.996
2026-02-04 03:00:00,0.383875,0.145297,0.034248,0.349627,0.291523,0.022327,0.095213,3.378
2026-02-04 04:00:00,0.405061,0.130749,0.03537,0.369691,0.293544,0.008226,0.089428,2.834
2026-02-04 05:00:00,0.57668,0.230672,0.044451,0.532229,0.301544,0.013509,0.095986,3.22
2026-02-04 06:00:00,1.25053,0.461792,0.102546,1.14799,0.330005,0.032308,0.112531,4.766
2026-02-04 07:00:00,4.5732,1.1811,0.35263,4.22057,0.403012,0.115487,0.181843,20.604
2026-02-04 08:00:00,4.44109,1.14226,0.688998,3.7521,0.445062,0.138971,0.202697,25.076
2026-02-04 09:00:00,4.79274,1.13572,0.50802,4.28472,0.442363,0.13378,0.205664,29.588
2026-02-04 10:00:00,2.92239,0.767434,0.457645,2.46474,0.440465,0.094031,0.191832,24.886
2026-02-04 11:00:00,2.91663,1.05751,0.370436,2.54619,0.457915,0.121884,0.207983,24.488
2026-02-04 12:00:00,4.0248,1.09668,0.535227,3.48957,0.439293,0.113551,0.19296,21.089
2026-02-04 13:00:00,3.20504,0.824342,0.53246,2.67258,0.414758,0.104586,0.191318,20.523
2026-02-04 14:00:00,4.57336,1.20162,0.657755,3.91561,0.433679,0.130817,0.207771,27.189
2026-02-04 15:00:00,3.40902,0.89664,0.438795,2.97023,0.456058,0.109775,0.199873,24.088
2026-02-04 16:00:00,4.73745,1.27625,0.450503,4.28695,0.461693,0.138691,0.201791,24.344
2026-02-04 17:00:00,3.79128,1.29484,0.379149,3.41214,0.444363,0.151408,0.211816,29.281
2026-02-04 18:00:00,5.6516,1.54584,0.619733,5.03187,0.432695,0.153529,0.208862,29.289
2026-02-04 19:00:00,4.89863,1.68686,0.643792,4.25484,0.414383,0.143061,0.18731,21.749
2026-02-04 20:00:00,4.42513,1.35574,0.422974,4.00216,0.408304,0.122914,0.176719,20.955
2026-02-04 21:00:00,3.35813,1.23009,0.679006,2.67913,0.377375,0.089901,0.159532,19.426
2026-02-04 22:00:00,2.92662,1.23486,0.49638,2.43024,0.379464,0.075272,0.150786,17.679
2026-02-04 23:00:00,2.96486,1.64532,0.190512,2.77435,0.325761,0.077046,0.136241,11.551
2026-02-05 00:00:00,1.89293,0.923382,0.136105,1.75683,0.390136,0.045717,0.119366,9.681
2026-02-05 01:00:00,0.237458,0.136785,0.041792,0.195666,0.299039,0.011779,0.093193,2.699
2026-02-05 02:00:00,0.656756,0.307758,0.027977,0.628779,0.289269,0.022026,0.100855,3.408
2026-02-05 03:00:00,2.10507,0.665739,0.061851,2.04322,0.301302,0.039709,0.108685,7.01
2026-02-05 04:00:00,0.774173,0.232624,0.043936,0.730237,0.3281,0.022585,0.107739,4.324
2026-02-05 05:00:00,0.385392,0.133538,0.030477,0.354915,0.302148,0.020937,0.098538,3.049
2026-02-05 06:00:00,1.14975,0.461376,0.067841,1.08191,0.323668,0.029581,0.117867,6.111
2026-02-05 07:00:00,3.82681,1.03876,0.31586,3.51095,0.414333,0.099177,0.174813,18.911
2026-02-05 08:00:00,4.54392,1.07421,0.411675,4.13225,0.445393,0.138905,0.197547,24.207
2026-02-05 09:00:00,4.41433,1.05758,0.613041,3.80129,0.436822,0.127536,0.203466,26.497
2026-02-05 10:00:00,8.10234,2.06271,0.865891,7.23644,0.40786,0.163786,0.229559,29.582
2026-02-05 11:00:00,10.9469,3.05439,0.66298,10.284,0.415486,0.181422,0.228172,28.283
2026-02-05 12:00:00,8.15017,2.11035,2.59166,5.55851,0.413587,0.148397,0.229592,27.023
2026-02-05 13:00:00,6.11734,1.57258,0.748127,5.36921,0.440254,0.140528,0.221288,29.506
2026-02-05 14:00:00,4.87446,1.06429,0.452628,4.42183,0.4387,0.128347,0.220313,29.674
2026-02-05 15:00:00,6.6495,1.49629,0.789797,5.85971,0.444041,0.167211,0.241137,41.026
2026-02-05 16:00:00,6.34506,1.5506,0.637922,5.70714,0.41791,0.160329,0.233398,33.208
2026-02-05 17:00:00,6.93037,1.75186,0.799261,6.13111,0.439415,0.189681,0.25037,41.732
2026-02-05 18:00:00,6.90202,1.96192,0.651924,6.25009,0.414327,0.190903,0.235212,35.534
2026-02-05 19:00:00,5.13654,1.65588,0.807554,4.32899,0.418178,0.129574,0.200794,33.383
2026-02-05 20:00:00,2.65416,0.991097,0.37642,2.27774,0.378623,0.10072,0.182948,21.276
2026-02-05 21:00:00,4.58228,1.56499,0.999448,3.58284,0.357476,0.106876,0.191864,22.537
2026-02-05 22:00:00,4.47037,2.02279,0.45699,4.01338,0.348697,0.10635,0.188705,22.375
2026-02-05 23:00:00,7.54759,3.95576,0.443792,7.1038,0.337402,0.104414,0.184549,16.319
2026-02-06 00:00:00,0.724754,0.41273,0.152333,0.572421,0.330068,0.037889,0.125931,7.98
2026-02-06 01:00:00,1.04505,0.582522,0.096303,0.948742,0.312931,0.027834,0.131825,9.934
2026-02-06 02:00:00,1.05209,0.592392,0.09316,0.95893,0.318662,0.027081,0.116673,8.144
2026-02-06 03:00:00,4.78032,1.94638,0.073352,4.70697,0.305543,0.044072,0.108935,6.725
2026-02-06 04:00:00,1.51566,0.546776,0.060939,1.45472,0.304868,0.030446,0.102965,5.834
2026-02-06 05:00:00,0.339826,0.159543,0.036018,0.303808,0.263559,0.010488,0.098161,3.236
2026-02-06 06:00:00,1.05942,0.423091,0.069723,0.989697,0.321975,0.026423,0.119235,5.674
2026-02-06 07:00:00,5.70375,1.55925,0.438579,5.26517,0.404573,0.122077,0.175518,21.483
2026-02-06 08:00:00,5.57074,1.35212,0.376152,5.19459,0.419227,0.138236,0.204879,24.788
2026-02-06 09:00:00,4.61851,1.02862,0.541195,4.07731,0.433786,0.139039,0.213573,31.458
2026-02-06 10:00:00,4.22371,1.05435,0.453746,3.76997,0.440498,0.141409,0.218707,31.762
2026-02-06 11:00:00,3.38287,0.855988,0.42076,2.96211,0.450107,0.146302,0.210992,23.285
2026-02-06 12:00:00,3.8766,1.03486,0.416144,3.46045,0.454161,0.120613,0.199017,17.055
2026-02-06 13:00:00,5.48727,1.39554,0.64681,4.84046,0.432268,0.126715,0.195235,27.24
2026-02-06 14:00:00,5.27044,1.2975,0.570209,4.70023,0.438416,0.16386,0.215034,31.312
2026-02-06 15:00:00,5.36207,1.25517,0.488821,4.87325,0.418568,0.183935,0.224573,31.282
2026-02-06 16:00:00,4.33784,1.20764,0.404964,3.93288,0.42398,0.154228,0.217605,27.227
2026-02-06 17:00:00,5.98629,1.54605,0.977785,5.0085,0.448827,0.151998,0.216782,33.317
2026-02-06 18:00:00,5.96837,1.4686,0.782271,5.1861,0.468644,0.153686,0.207895,33.273
2026-02-06 19:00:00,5.77956,1.96183,0.333405,5.44616,0.438274,0.109502,0.182588,24.189
2026-02-06 20:00:00,4.19551,1.67152,0.410991,3.78451,0.410246,0.091434,0.166599,20.76
2026-02-06 21:00:00,6.51112,2.83338,0.387896,6.12322,0.380806,0.110327,0.168377,21.704
2026-02-06 22:00:00,3.7711,1.65545,0.22347,3.54763,0.352994,0.094103,0.150132,18.364
2026-02-06 23:00:00,2.68743,1.31996,0.223547,2.46389,0.358907,0.063334,0.129182,11.411
2026-02-07 00:00:00,0.824328,0.566938,0.067832,0.756496,0.320303,0.025728,0.101645,4.95
2026-02-07 01:00:00,0.384085,0.250707,0.036953,0.347132,0.309486,0.030647,0.099601,3.575
2026-02-07 02:00:00,0.537208,0.311245,0.035617,0.501591,0.261009,0.014514,0.092296,3.164
2026-02-07 03:00:00,0.469548,0.19913,0.031199,0.438349,0.267118,0.014146,0.084268,2.113
2026-02-07 04:00:00,1.0506,0.42569,0.027474,1.02313,0.327029,0.032961,0.100984,2.239
2026-02-07 05:00:00,0.481885,0.240942,0.025227,0.456658,0.308944,0.013376,0.095801,2.563
2026-02-07 06:00:00,2.04204,1.05477,0.112951,1.92908,0.353933,0.086355,0.113973,5.839
2026-02-07 07:00:00,1.89025,0.751291,0.157608,1.73264,0.364034,0.050697,0.138191,10.096
2026-02-07 08:00:00,3.60851,1.05204,0.339161,3.26934,0.40743,0.107074,0.16852,17.815
2026-02-07 09:00:00,4.44048,1.17847,0.378763,4.06172,0.408097,0.115149,0.185637,24.788
2026-02-07 10:00:00,5.76412,1.42114,0.55342,5.2107,0.419971,0.145051,0.203003,30.611
2026-02-07 11:00:00,4.27247,1.08493,0.460045,3.81243,0.433888,0.114298,0.193516,24.294
2026-02-07 12:00:00,5.72414,1.6025,0.344194,5.37995,0.408735,0.129927,0.185381,21.79
2026-02-07 13:00:00,6.09021,1.6759,0.782136,5.30808,0.426137,0.148955,0.202136,31.436
2026-02-07 14:00:00,5.71551,1.51284,0.597207,5.11831,0.434009,0.13516,0.200915,28.753
2026-02-07 15:00:00,4.99852,1.36646,0.547792,4.45073,0.397112,0.129631,0.19956,29.524
2026-02-07 16:00:00,5.84886,1.39524,0.671295,5.17756,0.42614,0.145886,0.211255,30.634
2026-02-07 17:00:00,12.6052,3.17831,0.60162,12.0035,0.435346,0.209512,0.218303,29.151
2026-02-07 18:00:00,4.73966,1.46921,0.43606,4.3036,0.438596,0.128499,0.200263,30.275
2026-02-07 19:00:00,1.96611,0.757946,0.229242,1.73687,0.413277,0.066272,0.164198,17.297
2026-02-07 20:00:00,2.24166,1.01341,0.333089,1.90857,0.403417,0.065191,0.154683,13.775
2026-02-07 21:00:00,2.46126,0.937978,0.2164,2.24486,0.394136,0.067123,0.148356,15.206
2026-02-07 22:00:00,3.07067,1.33392,0.250859,2.81982,0.354174,0.067402,0.141511,15.457
2026-02-07 23:00:00,2.76839,1.44942,0.186326,2.58206,0.34036,0.05706,0.124077,8.547
2026-02-08 00:00:00,2.68947,1.64594,0.117959,2.57151,0.307949,0.047369,0.105082,6.82
2026-02-08 01:00:00,0.546802,0.380782,0.063956,0.482846,0.270285,0.012364,0.093077,4.455
2026-02-08 02:00:00,0.281069,0.176329,0.033016,0.248053,0.32307,0.041015,0.106747,4.614
2026-02-08 03:00:00,0.111919,0.05196,0.022481,0.089438,0.276898,0.006869,0.086715,3.163
2026-02-08 04:00:00,0.362631,0.178636,0.029715,0.332916,0.350719,0.010266,0.087028,2.839
2026-02-08 05:00:00,0.404633,0.22111,0.026184,0.378449,0.335568,0.009557,0.090929,3.317
2026-02-08 06:00:00,1.22883,0.670026,0.068046,1.16078,0.316507,0.020773,0.099801,4.141
2026-02-08 07:00:00,1.71968,0.630382,0.09641,1.62327,0.382758,0.053946,0.131783,7.392
2026-02-08 08:00:00,2.05261,0.594614,0.159235,1.89337,0.417634,0.054055,0.150049,12.272
2026-02-08 09:00:00,3.64495,0.957685,0.372066,3.27289,0.415547,0.089247,0.179343,20.635
2026-02-08 10:00:00,4.96248,1.25632,0.885413,4.07706,0.446095,0.126056,0.196198,26.382
2026-02-08 11:00:00,3.03084,0.840967,0.422372,2.60847,0.439984,0.106622,0.190866,21.844
2026-02-08 12:00:00,3.67937,1.18004,0.371744,3.30763,0.411569,0.102717,0.178905,21.645
2026-02-08 13:00:00,4.32167,1.34548,0.369311,3.95236,0.418813,0.106996,0.184031,21.753
2026-02-08 14:00:00,6.62826,1.74796,0.598539,6.02972,0.433515,0.146487,0.200469,28.907
2026-02-08 15:00:00,6.34886,1.57228,0.671806,5.67705,0.417291,0.145375,0.203314,29.342
2026-02-08 16:00:00,6.37633,1.5909,0.794941,5.58139,0.43977,0.15476,0.21156,32.187
2026-02-08 17:00:00,7.15299,1.99804,1.01722,6.13577,0.443705,0.165541,0.20809,34.242
2026-02-08 18:00:00,3.75459,1.09912,0.498679,3.25591,0.440094,0.10451,0.187051,22.548
2026-02-08 19:00:00,2.96491,0.952122,0.374472,2.59043,0.424234,0.084983,0.168893,17.153
2026-02-08 20:00:00,4.22299,1.40673,0.388031,3.83496,0.399749,0.0996,0.167509,20.325
2026-02-08 21:00:00,3.57696,1.17663,0.640255,2.93671,0.424147,0.092509,0.170875,22.121
2026-02-08 22:00:00,2.93246,1.0421,0.302717,2.62974,0.375012,0.06611,0.146486,15.784
2026-02-08 23:00:00,1.41306,0.548124,0.138329,1.27473,0.394914,0.033475,0.125618,11.176
2026-02-09 00:00:00,2.44058,1.19871,0.127876,2.3127,0.345969,0.05031,0.123077,10.039
2026-02-09 01:00:00,1.23003,0.689482,0.08553,1.1445,0.299415,0.028236,0.105096,6.804
2026-02-09 02:00:00,0.728013,0.305888,0.042267,0.685746,0.330967,0.029464,0.111219,5.664
2026-02-09 03:00:00,0.439431,0.135459,0.031066,0.408365,0.297568,0.016366,0.098236,3.709
2026-02-09 04:00:00,0.382063,0.122613,0.026618,0.355445,0.363114,0.009121,0.099865,3.848
2026-02-09 05:00:00,0.388012,0.159675,0.032346,0.355666,0.293001,0.010081,0.08694,2.649
2026-02-09 06:00:00,1.67391,0.545247,0.082865,1.59104,0.344811,0.037522,0.115752,6.112
2026-02-09 07:00:00,4.11843,0.944161,0.418379,3.70005,0.413953,0.116764,0.185856,20.483
2026-02-09 08:00:00,5.40271,1.15938,0.448814,4.95389,0.420182,0.125964,0.206347,28.188
2026-02-09 09:00:00,4.22117,0.893559,0.424344,3.79683,0.422632,0.125451,0.204832,32.158
2026-02-09 10:00:00,5.09617,1.15194,0.557109,4.53907,0.435911,0.135375,0.204835,30.119
2026-02-09 11:00:00,4.06692,0.9929,0.457266,3.60965,0.443045,0.107263,0.194674,25.953
2026-02-09 12:00:00,6.54685,1.4954,0.441221,6.10563,0.429859,0.144705,0.202801,28.129
2026-02-09 13:00:00,5.27099,1.31184,0.437616,4.83337,0.422113,0.129838,0.194841,27.173
2026-02-09 14:00:00,5.89925,1.44377,0.468967,5.43028,0.427139,0.144606,0.204591,26.832
2026-02-09 15:00:00,4.25698,1.05059,0.485887,3.77109,0.428531,0.121917,0.208317,27.597
2026-02-09 16:00:00,3.69196,0.916574,0.483996,3.20796,0.442514,0.120714,0.199577,26.517
2026-02-09 17:00:00,6.14003,1.35065,0.748755,5.39128,0.435856,0.166028,0.229595,37.128
2026-02-09 18:00:00,6.71728,1.72681,1.13767,5.57961,0.455346,0.160539,0.216577,33.633
2026-02-09 19:00:00,4.17668,1.27727,0.380856,3.79583,0.43429,0.115451,0.188463,23.383
2026-02-09 20:00:00,4.80854,1.48871,0.506511,4.30203,0.420813,0.135035,0.186683,24.67
2026-02-09 21:00:00,3.57844,1.20162,0.485347,3.09309,0.414628,0.087122,0.170222,24.012
2026-02-09 22:00:00,5.86996,2.18865,0.40112,5.46884,0.361412,0.113698,0.160119,27.061
2026-02-09 23:00:00,2.54832,1.1407,0.178503,2.36982,0.329285,0.064886,0.134524,17.008
2026-02-10 00:00:00,2.27613,1.29916,0.128344,2.14778,0.341157,0.049279,0.12006,12.4
2026-02-10 01:00:00,0.629198,0.38041,0.060142,0.569056,0.342675,0.018465,0.105367,5.068
2026-02-10 02:00:00,0.435456,0.24192,0.053987,0.381469,0.308377,0.024946,0.099871,4.137
2026-02-10 03:00:00,0.495931,0.181394,0.039578,0.456353,0.374246,0.016619,0.103041,4.977
2026-02-10 04:00:00,0.223603,0.081192,0.026166,0.197437,0.343896,0.007484,0.095404,3.188
2026-02-10 05:00:00,0.345142,0.149932,0.01609,0.329052,0.293881,0.009684,0.089129,2.792
2026-02-10 06:00:00,2.04063,1.00722,0.103546,1.93709,0.314697,0.043711,0.11411,8.206
2026-02-10 07:00:00,4.47787,1.18839,0.507553,3.97032,0.40165,0.113423,0.17117,19.514
2026-02-10 08:00:00,6.7522,1.60385,0.496745,6.25545,0.39324,0.161947,0.213806,29.592
2026-02-10 09:00:00,4.02017,1.34634,0.351847,3.66832,0.405575,0.135982,0.202215,28.749
2026-02-10 10:00:00,10.5799,2.6663,0.626208,9.95368,0.426775,0.173456,0.221128,35.558
2026-02-10 11:00:00,4.50686,1.20055,0.394239,4.11262,0.452536,0.118862,0.202745,23.447
2026-02-10 12:00:00,6.01988,1.50272,0.402463,5.61742,0.414052,0.132279,0.203469,27.054
2026-02-10 13:00:00,3.82806,1.07469,0.444462,3.3836,0.422809,0.11069,0.189303,23.813
2026-02-10 14:00:00,5.50723,1.33801,0.525468,4.98176,0.436915,0.150276,0.209879,31.92
2026-02-10 15:00:00,3.72842,0.959942,0.525765,3.20265,0.428968,0.1348,0.205285,27.187
2026-02-10 16:00:00,6.04816,1.57177,0.806462,5.24169,0.416949,0.159144,0.221551,36.34
2026-02-10 17:00:00,7.89699,2.08144,0.899753,6.99723,0.434334,0.188963,0.237839,36.257
2026-02-10 18:00:00,8.54212,2.3597,0.707958,7.83416,0.435812,0.173276,0.231447,28.77
2026-02-10 19:00:00,4.4905,1.27716,0.41266,4.07784,0.407988,0.118541,0.209537,21.664
2026-02-10 20:00:00,2.83506,1.03243,0.298569,2.53649,0.399961,0.087746,0.197087,18.905
2026-02-10 21:00:00,2.4583,0.848859,0.390459,2.06784,0.399578,0.091604,0.19053,18.917
2026-02-10 22:00:00,3.04262,1.43385,0.265904,2.77671,0.360631,0.081586,0.180703,20.086
2026-02-10 23:00:00,1.48306,0.786353,0.155264,1.3278,0.341588,0.039246,0.15073,13.024
2026-02-11 00:00:00,2.70155,1.51773,0.199409,2.50215,0.331182,0.04041,0.138157,12.229
2026-02-11 01:00:00,1.04702,0.580388,0.11845,0.92857,0.314324,0.028645,0.130249,9.606
2026-02-11 02:00:00,1.35271,0.676353,0.057994,1.29471,0.303131,0.041594,0.113683,6.554
2026-02-11 03:00:00,0.851728,0.313136,0.033073,0.818655,0.298125,0.017047,0.093725,3.828
2026-02-11 04:00:00,0.708991,0.258945,0.033068,0.675923,0.38644,0.023071,0.104466,5.444
2026-02-11 05:00:00,0.274545,0.126987,0.023775,0.25077,0.248207,0.008064,0.086738,2.356
2026-02-11 06:00:00,0.751522,0.302302,0.062096,0.689426,0.322544,0.023729,0.111586,5.171
2026-02-11 07:00:00,4.61156,1.21549,0.329395,4.28216,0.422887,0.105596,0.17069,18.37
2026-02-11 08:00:00,5.38106,1.46703,0.430194,4.95087,0.412704,0.123479,0.196585,26.131
2026-02-11 09:00:00,5.34367,1.31165,0.54206,4.80161,0.439816,0.148504,0.204242,31.368
2026-02-11 10:00:00,4.55119,1.1748,0.45409,4.0971,0.420348,0.157298,0.214433,32.178
2026-02-11 11:00:00,4.11544,1.08874,0.460701,3.65474,0.434439,0.117374,0.200887,28.213
2026-02-11 12:00:00,5.36772,1.37423,0.444518,4.9232,0.398601,0.146243,0.199184,29.03
2026-02-11 13:00:00,5.4534,1.48675,0.390653,5.06274,0.422198,0.129028,0.189971,24.287
2026-02-11 14:00:00,4.5878,1.15678,0.462814,4.12499,0.433445,0.174619,0.222779,29.429
2026-02-11 15:00:00,5.24779,1.20252,0.536241,4.71155,0.433935,0.155816,0.214032,28.202
2026-02-11 16:00:00,5.0926,1.33036,0.704404,4.3882,0.436385,0.143212,0.204394,30.295
2026-02-11 17:00:00,6.11334,1.5314,0.665058,5.44828,0.431029,0.162567,0.231902,32.98
2026-02-11 18:00:00,6.1692,1.65928,0.797401,5.37179,0.408058,0.165458,0.22395,35.888
2026-02-11 19:00:00,4.18459,1.27191,0.478503,3.70609,0.406549,0.113007,0.195151,31.171
2026-02-11 20:00:00,2.83968,1.00201,0.396415,2.44327,0.41632,0.078761,0.171856,20.79
2026-02-11 21:00:00,3.77056,1.4017,0.442888,3.32768,0.366337,0.100343,0.168018,22.803
2026-02-11 22:00:00,3.76187,1.74808,0.346992,3.41488,0.321183,0.099938,0.156326,23.121
2026-02-11 23:00:00,2.36403,1.07261,0.227393,2.13664,0.288402,0.0736,0.126666,12.372
2026-02-12 00:00:00,2.09649,1.12957,0.156894,1.93959,0.24837,0.048613,0.103525,6.1
2026-02-12 01:00:00,0.509856,0.293696,0.038307,0.471549,0.238996,0.018192,0.086649,3.57
2026-02-12 02:00:00,0.657458,0.386285,0.028041,0.629417,0.273524,0.016285,0.087732,2.975
2026-02-12 03:00:00,0.654878,0.286223,0.031192,0.623686,0.338615,0.019795,0.103633,5.218
2026-02-12 04:00:00,0.644326,0.242959,0.034515,0.609811,0.387501,0.017449,0.117581,5.419
2026-02-12 05:00:00,0.583951,0.314968,0.033234,0.550717,0.288675,0.01433,0.088405,4.888
2026-02-12 06:00:00,0.925975,0.432699,0.076946,0.849029,0.343486,0.025848,0.109127,6.166
2026-02-12 07:00:00,4.34882,1.26053,0.305237,4.04358,0.395258,0.096241,0.167506,18.827
2026-02-12 08:00:00,5.69604,1.40158,0.547326,5.14871,0.402821,0.138048,0.201578,25.62
2026-02-12 09:00:00,5.72623,1.43206,0.533608,5.19262,0.403723,0.136429,0.201328,26.1627
2026-02-12 10:00:00,5.75642,1.46254,0.51989,5.23653,0.404626,0.134809,0.201078,26.7054
2026-02-12 11:00:00,5.78661,1.49301,0.506172,5.28044,0.405528,0.133189,0.200828,27.2481
2026-02-12 12:00:00,,,,,,,,
2026-02-12 13:00:00,,,,,,,,
2026-02-12 14:00:00,,,,,,,,
2026-02-12 15:00:00,5.90738,1.61492,0.451301,5.45608,0.409137,0.126711,0.199828,29.419
2026-02-12 16:00:00,8.3886,2.29072,0.504462,7.88414,0.402055,0.166278,0.213004,30.419
2026-02-12 17:00:00,7.20962,1.7662,0.77902,6.4306,0.436799,0.192282,0.223413,37.978
2026-02-12 18:00:00,7.61894,2.14618,0.637811,6.98112,0.39823,0.159123,0.203222,29.217
2026-02-12 19:00:00,3.66701,1.09922,0.342457,3.32455,0.411416,0.1029,0.185487,23.925
2026-02-12 20:00:00,2.62593,0.94799,0.270478,2.35546,0.394649,0.083873,0.166536,17.978
2026-02-12 21:00:00,2.10125,0.766319,0.372889,1.72836,0.39392,0.065435,0.159893,16.28
2026-02-12 22:00:00,4.66538,1.8812,0.23539,4.42999,0.353485,0.077324,0.145765,16.34
2026-02-12 23:00:00,8.58741,4.49132,0.358802,8.2286,0.295425,0.130981,0.150292,21.374
2026-02-13 00:00:00,4.12937,2.25402,0.215441,3.91393,0.281869,0.071536,0.121676,13.251
2026-02-13 01:00:00,0.793082,0.558509,0.050874,0.742208,0.250967,0.03987,0.105969,6.17
2026-02-13 02:00:00,0.529544,0.327284,0.091442,0.438102,0.313048,0.031597,0.108495,8.779
2026-02-13 03:00:00,0.488646,0.174642,0.035724,0.452922,0.386004,0.035987,0.116884,5.558
2026-02-13 04:00:00,0.491464,0.154355,0.043937,0.447527,0.409216,0.035379,0.11505,4.297
2026-02-13 05:00:00,0.343519,0.144093,0.028598,0.314921,0.249535,0.012771,0.09067,3.063
2026-02-13 06:00:00,0.907885,0.434812,0.077274,0.830611,0.290594,0.024704,0.10817,5.725
2026-02-13 07:00:00,3.1283,0.978817,0.284981,2.84332,0.396028,0.084515,0.158791,17.613
2026-02-13 08:00:00,4.07614,1.20882,0.480211,3.59593,0.424725,0.105041,0.179955,21.57
2026-02-13 09:00:00,3.31619,0.935191,0.371447,2.94474,0.451159,0.10751,0.188978,21.305
2026-02-13 10:00:00,4.34613,1.33153,0.338498,4.00763,0.425432,0.114865,0.193732,22.23
2026-02-13 11:00:00,4.0316,1.1652,0.489559,3.54204,0.44933,0.11793,0.194932,25.062
2026-02-13 12:00:00,4.01355,1.24413,0.412547,3.60101,0.418196,0.113507,0.187398,22.131
2026-02-13 13:00:00,5.03737,1.77372,0.366006,4.67136,0.375718,0.124601,0.184939,21.387
2026-02-13 14:00:00,5.26908,1.48258,0.932059,4.33702,0.413809,0.123907,0.19379,24.581
2026-02-13 15:00:00,5.02902,1.41265,1.14505,3.88397,0.433182,0.117848,0.190923,25.103
2026-02-13 16:00:00,3.99113,1.09586,0.371951,3.61918,0.432591,0.117426,0.189406,24.919
2026-02-13 17:00:00,5.72996,1.5596,0.576056,5.15391,0.40823,0.156616,0.209191,33.095
2026-02-13 18:00:00,3.95472,1.16247,0.435991,3.51873,0.423058,0.116435,0.18959,25.202
2026-02-13 19:00:00,3.24828,1.09149,0.457672,2.7906,0.381391,0.088186,0.167671,20.968
2026-02-13 20:00:00,2.50847,0.889529,0.316546,2.19192,0.370232,0.067358,0.155092,14.822
2026-02-13 21:00:00,3.67008,1.22827,0.503702,3.16637,0.413954,0.087881,0.157592,20.558
2026-02-13 22:00:00,3.31491,1.32703,0.228593,3.08632,0.374206,0.071936,0.139213,16.628
2026-02-13 23:00:00,3.96126,1.73739,0.394097,3.56716,0.299449,0.070136,0.134379,15.275
2026-02-14 00:00:00,2.60741,1.50717,0.427339,2.18007,0.269809,0.045432,0.109449,8.514
2026-02-14 01:00:00,0.67927,0.461461,0.055029,0.624241,0.178558,0.022034,0.083131,3.74
2026-02-14 02:00:00,0.285302,0.200352,0.039885,0.245417,0.166292,0.011376,0.06861,2.19
2026-02-14 03:00:00,0.681672,0.382962,0.019688,0.661984,0.219292,0.016499,0.072791,1.262
2026-02-14 04:00:00,0.927971,0.404874,0.040954,0.887017,0.267033,0.025596,0.097305,4.109
2026-02-14 05:00:00,0.149993,0.111105,0.025083,0.12491,0.231316,0.006796,0.085362,2.901
2026-02-14 06:00:00,0.664551,0.323539,0.071214,0.593337,0.259562,0.018755,0.099154,4.424
2026-02-14 07:00:00,2.98286,1.08153,0.254968,2.72789,0.369758,0.092647,0.149279,14.398
2026-02-14 08:00:00,3.16484,0.949263,0.448545,2.7163,0.393469,0.084134,0.175657,17.261
2026-02-14 09:00:00,3.97897,1.07598,0.403302,3.57567,0.410627,0.103202,0.179108,23.27
2026-02-14 10:00:00,2.77803,0.752853,0.438381,2.33965,0.443501,0.089044,0.182169,19.645
2026-02-14 11:00:00,2.78402,0.778965,0.357742,2.42628,0.422835,0.090304,0.182126,19.939
2026-02-14 12:00:00,3.30239,1.06804,0.457958,2.84443,0.387231,0.090415,0.17575,21.146
2026-02-14 13:00:00,4.31169,1.48987,0.430563,3.88113,0.378707,0.108505,0.175859,22.328
2026-02-14 14:00:00,4.42633,1.28151,0.358222,4.06811,0.422894,0.106218,0.180544,23.527
2026-02-14 15:00:00,4.39508,1.43162,0.354533,4.04055,0.394363,0.105046,0.177175,22.078
2026-02-14 16:00:00,4.64794,1.43544,0.339807,4.30814,0.430692,0.10613,0.177613,22.044
2026-02-14 17:00:00,4.00315,1.1671,0.379494,3.62366,0.429309,0.114381,0.181419,24.191
2026-02-14 18:00:00,2.84611,0.93254,0.27264,2.57347,0.386671,0.09056,0.167187,18.656
2026-02-14 19:00:00,1.7769,0.676141,0.18544,1.59146,0.384914,0.054052,0.145416,11.493
2026-02-14 20:00:00,1.51994,0.615361,0.153787,1.36616,0.363148,0.045184,0.137748,9.712
2026-02-14 21:00:00,2.04594,0.822984,0.297695,1.74824,0.36345,0.053368,0.138315,10.996
2026-02-14 22:00:00,2.25126,0.957168,0.213746,2.03751,0.321226,0.047725,0.127195,11.352
2026-02-14 23:00:00,3.84198,1.81055,0.127175,3.71481,0.303035,0.052441,0.117825,9.572
2026-02-15 00:00:00,3.14966,1.91585,0.142969,3.00669,0.279402,0.06029,0.115865,12.948
2026-02-15 01:00:00,2.51496,1.8657,0.092027,2.42293,0.268955,0.049836,0.09737,7.512
2026-02-15 02:00:00,0.638935,0.419249,0.036236,0.602699,0.25148,0.014545,0.085789,3.395
2026-02-15 03:00:00,4.30953,2.2306,0.121137,4.18839,0.265426,0.106196,0.103595,8.062
2026-02-15 04:00:00,4.47821,2.13655,0.211826,4.26638,0.287682,0.061798,0.102712,7.375
2026-02-15 05:00:00,0.787278,0.410896,0.034077,0.753201,0.282103,0.014852,0.09534,3.6
2026-02-15 06:00:00,1.26711,0.738411,0.064386,1.20273,0.281761,0.024947,0.091286,3.921
2026-02-15 07:00:00,1.56721,0.724887,0.098872,1.46833,0.365204,0.036989,0.11932,8.665
2026-02-15 08:00:00,3.11506,1.16582,0.19465,2.92041,0.35744,0.058361,0.145938,13.606
2026-02-15 09:00:00,4.94193,1.74012,0.323054,4.61887,0.366636,0.090194,0.170892,19.347
2026-02-15 10:00:00,9.59513,3.60719,0.655644,8.93948,0.379642,0.130205,0.191205,18.671
2026-02-15 11:00:00,2.83339,1.26491,0.262409,2.57098,0.389881,0.071609,0.180031,17.004
2026-02-15 12:00:00,2.81465,1.23884,0.286224,2.52843,0.417452,0.070785,0.175657,17.879
2026-02-15 13:00:00,1.74261,0.896405,0.2328,1.50981,0.403744,0.057312,0.171253,17.053
2026-02-15 14:00:00,2.31534,0.999715,0.313909,2.00143,0.417778,0.05965,0.180601,19.508
2026-02-15 15:00:00,3.68527,1.59674,0.331739,3.35353,0.418721,0.074214,0.178172,16.012
2026-02-15 16:00:00,2.59521,1.18395,0.187115,2.40809,0.395059,0.064684,0.159015,15.127
2026-02-15 17:00:00,3.42035,1.44075,0.326093,3.09425,0.405309,0.069578,0.147911,18.234
2026-02-15 18:00:00,2.37621,1.2001,0.157016,2.21919,0.368759,0.054864,0.132801,11.714
2026-02-15 19:00:00,1.3015,0.679989,0.148496,1.15301,0.365573,0.045301,0.126424,10.074
2026-02-15 20:00:00,1.44557,0.745905,0.146656,1.29891,0.388293,0.035528,0.124623,9.975
2026-02-15 21:00:00,1.85138,0.866749,0.152485,1.69889,0.345833,0.043157,0.117308,7.183
2026-02-15 22:00:00,2.75172,1.50532,0.187722,2.564,0.35433,0.064118,0.122792,11.888
2026-02-15 23:00:00,1.98907,1.07984,0.125898,1.86317,0.301008,0.0447,0.11359,8.786
2026-02-16 00:00:00,0.703571,0.434303,0.053794,0.649777,0.27769,0.015823,0.085935,4.505
2026-02-16 01:00:00,0.271302,0.17063,0.025534,0.245768,0.282009,0.008669,0.080475,3.91
2026-02-16 02:00:00,0.179212,0.11257,0.01545,0.163762,0.242034,0.009147,0.072344,1.816
2026-02-16 03:00:00,0.103495,0.061973,0.018488,0.085007,0.2657,0.009802,0.079389,3.25
2026-02-16 04:00:00,0.044504,0.023875,0.01274,0.031764,0.254699,0.005943,0.077192,1.994
2026-02-16 05:00:00,0.724999,0.488544,0.031275,0.693724,0.290905,0.011745,0.084323,3.002
2026-02-16 06:00:00,1.30938,0.733133,0.061177,1.2482,0.283348,0.022007,0.09242,5.503
2026-02-16 07:00:00,0.843643,0.473425,0.069057,0.774586,0.354328,0.021155,0.101799,5.916
2026-02-16 08:00:00,1.49379,0.760586,0.098345,1.39545,0.354569,0.036184,0.124455,7.943
2026-02-16 09:00:00,2.52463,1.09958,0.243729,2.2809,0.40279,0.060457,0.150885,13.562
2026-02-16 10:00:00,2.09767,0.77007,0.382086,1.71558,0.415467,0.0442,0.139336,12.257
2026-02-16 11:00:00,2.05874,0.753014,0.304695,1.75405,0.399143,0.051225,0.139919,9.748
2026-02-16 12:00:00,2.71128,1.3356,0.135539,2.57574,0.336643,0.061495,0.127937,10.097
2026-02-16 13:00:00,1.27983,0.682941,0.091554,1.18828,0.344014,0.030393,0.112619,6.293
2026-02-16 14:00:00,1.95968,0.932293,0.172489,1.78719,0.372395,0.041215,0.123743,9.264
2026-02-16 15:00:00,2.55918,1.32326,0.293548,2.26563,0.369736,0.053023,0.127951,10.248
2026-02-16 16:00:00,2.85198,1.50104,0.181866,2.67011,0.364367,0.060354,0.12726,9.527
2026-02-16 17:00:00,1.57415,0.748882,0.146756,1.42739,0.361884,0.050922,0.132345,8.314
2026-02-16 18:00:00,0.724868,0.422417,0.093191,0.631677,0.341517,0.027475,0.111911,5.639
2026-02-16 19:00:00,1.76659,0.908741,0.219945,1.54665,0.374448,0.038656,0.118525,6.414
2026-02-16 20:00:00,1.57148,0.762853,0.112147,1.45933,0.374588,0.039384,0.119068,6.916
2026-02-16 21:00:00,1.4279,0.763583,0.140843,1.28706,0.352028,0.052407,0.120429,7.299
2026-02-16 22:00:00,0.884903,0.706792,0.089152,0.795751,0.363786,0.035079,0.111147,8.923
2026-02-16 23:00:00,1.2825,0.901901,0.124799,1.1577,0.304272,0.028627,0.101031,6.166
2026-02-17 00:00:00,2.40491,1.47541,0.125343,2.27957,0.297295,0.044204,0.10467,7.854
2026-02-17 01:00:00,1.99135,1.61635,0.116785,1.87456,0.244089,0.035195,0.086807,5.452
2026-02-17 02:00:00,0.350318,0.291446,0.025364,0.324954,0.211812,0.014902,0.070965,2.551
2026-02-17 03:00:00,0.122346,0.088529,0.010639,0.111707,0.187138,0.008246,0.0706,1.997
2026-02-17 04:00:00,0.559395,0.332181,0.022142,0.537253,0.195919,0.014015,0.072757,2.471
2026-02-17 05:00:00,0.068974,0.051782,0.008758,0.060216,0.157213,0.00373,0.057116,0.982
2026-02-17 06:00:00,0.608962,0.484072,0.043047,0.565915,0.228618,0.011111,0.077309,3.415
2026-02-17 07:00:00,2.52208,1.64841,0.18418,2.3379,0.310314,0.046556,0.111026,8.937
2026-02-17 08:00:00,1.97621,1.04561,0.126704,1.8495,0.330222,0.037005,0.118514,9.476
2026-02-17 09:00:00,3.09811,1.68927,0.163185,2.93493,0.369239,0.077596,0.130534,8.533
2026-02-17 10:00:00,2.56005,1.42225,0.235044,2.32501,0.379983,0.068878,0.141133,14.407
2026-02-17 11:00:00,1.86871,1.10968,0.215566,1.65314,0.374204,0.064475,0.14024,10.029
2026-02-17 12:00:00,1.31541,0.799155,0.149457,1.16595,0.34135,0.038095,0.119017,6.703
2026-02-17 13:00:00,1.61443,1.05381,0.146931,1.4675,0.353305,0.046899,0.120592,6.742
2026-02-17 14:00:00,1.37861,0.882592,0.12223,1.25638,0.378697,0.043981,0.120095,6.311
2026-02-17 15:00:00,2.63278,1.68552,0.13329,2.49949,0.333464,0.05377,0.125249,10.068
2026-02-17 16:00:00,1.55514,0.821957,0.181935,1.37321,0.372464,0.045109,0.131872,8.368
2026-02-17 17:00:00,1.46932,0.792516,0.205286,1.26404,0.375784,0.046265,0.13734,8.976
2026-02-17 18:00:00,1.88293,0.962644,0.238673,1.64426,0.36707,0.044976,0.133455,8.761
2026-02-17 19:00:00,1.56184,0.815155,0.125676,1.43616,0.357078,0.041731,0.125732,7.749
2026-02-17 20:00:00,1.51191,0.724094,0.107571,1.40434,0.356364,0.033369,0.123637,6.622
2026-02-17 21:00:00,2.21395,1.12842,0.229356,1.9846,0.346567,0.043776,0.117519,7.729
2026-02-17 22:00:00,3.0134,1.62011,0.172034,2.84137,0.337896,0.057511,0.119931,10.491
2026-02-17 23:00:00,3.16688,1.42524,0.13469,3.03219,0.281371,0.055927,0.114926,9.84
2026-02-18 00:00:00,1.90398,1.00421,0.111724,1.79226,0.265925,0.030327,0.090224,6.372
2026-02-18 01:00:00,0.406903,0.231457,0.022772,0.384131,0.226018,0.009477,0.075273,2.229
2026-02-18 02:00:00,0.366398,0.200876,0.018001,0.348397,0.221076,0.013672,0.080644,2.143
2026-02-18 03:00:00,0.193412,0.078368,0.016627,0.176785,0.233989,0.005495,0.077982,2.059
2026-02-18 04:00:00,0.471517,0.187109,0.025094,0.446423,0.273584,0.010605,0.088116,2.965
2026-02-18 05:00:00,0.272002,0.140207,0.018295,0.253707,0.239567,0.0056,0.076351,1.945
2026-02-18 06:00:00,0.764161,0.782953,0.053364,0.710797,0.247127,0.01303,0.069458,2.589
2026-02-18 07:00:00,0.977079,0.523062,0.083193,0.893886,0.278562,0.016225,0.090607,3.313
2026-02-18 08:00:00,1.1624,0.696882,0.108818,1.05358,0.35015,0.027889,0.107551,5.302
2026-02-18 09:00:00,1.8935,0.963122,0.14033,1.75317,0.378056,0.048341,0.129054,9.265
2026-02-18 10:00:00,3.1052,1.66767,0.20605,2.89915,0.376761,0.068454,0.139695,12.489
2026-02-18 11:00:00,1.56942,0.831263,0.1616,1.40782,0.369105,0.053496,0.137513,8.784
2026-02-18 12:00:00,0.78535,0.537911,0.08295,0.7024,0.355348,0.033023,0.114538,4.404
2026-02-18 13:00:00,0.786249,0.501433,0.093533,0.692716,0.345995,0.033603,0.12399,5.66
2026-02-18 14:00:00,1.78983,1.01464,0.12713,1.6627,0.384346,0.051793,0.133324,7.317
2026-02-18 15:00:00,3.79155,2.45567,0.194068,3.59748,0.406716,0.085878,0.139994,11.801
2026-02-18 16:00:00,1.70111,0.958914,0.210883,1.49023,0.38875,0.050179,0.135327,11.21
2026-02-18 17:00:00,2.60002,1.35842,0.287115,2.31291,0.394234,0.067545,0.13818,12.058
2026-02-18 18:00:00,1.88174,1.40638,0.175753,1.70599,0.369799,0.054817,0.124259,10.418
2026-02-18 19:00:00,1.31733,0.829553,0.096483,1.22085,0.368682,0.043457,0.12485,8.512
2026-02-18 20:00:00,1.13026,0.684177,0.127486,1.00277,0.37612,0.038636,0.120018,8.141
2026-02-18 21:00:00,1.58028,0.935078,0.19778,1.3825,0.413715,0.045763,0.121445,10.035
2026-02-18 22:00:00,2.12221,1.25723,0.126138,1.99607,0.363426,0.040144,0.111349,6.659
2026-02-18 23:00:00,1.0501,0.935918,0.088517,0.961584,0.308744,0.036041,0.100202,3.625
2026-02-19 00:00:00,4.79155,4.77246,0.04364,4.74791,0.201152,0.02739,0.070272,2.081
2026-02-19 01:00:00,0.369816,0.330784,0.107183,0.262633,0.184663,0.014124,0.064192,1.317
2026-02-19 02:00:00,0.208356,0.218863,0.013619,0.194737,0.194288,0.006422,0.063207,1.118
2026-02-19 03:00:00,0.264493,0.161473,0.020377,0.244116,0.233816,0.007103,0.073526,1.372
2026-02-19 04:00:00,0.722982,0.422797,0.029378,0.693604,0.226775,0.019654,0.078542,2.312
2026-02-19 05:00:00,0.475462,0.393594,0.025698,0.449764,0.214141,0.007824,0.066295,1.663
2026-02-19 06:00:00,0.7237,0.587418,0.040605,0.683095,0.292718,0.010571,0.083719,2.83
2026-02-19 07:00:00,1.16024,0.630567,0.077136,1.08311,0.327621,0.031806,0.103534,4.395
2026-02-19 08:00:00,1.03335,0.546168,0.070002,0.963348,0.356897,0.026034,0.111536,5.79
2026-02-19 09:00:00,2.63379,1.49988,0.174936,2.45885,0.371822,0.058034,0.131256,9.747
2026-02-19 10:00:00,1.73036,0.937359,0.151601,1.57876,0.401751,0.051212,0.135074,6.958
2026-02-19 11:00:00,2.43734,1.23598,0.184234,2.25311,0.397268,0.053808,0.132466,9.374
2026-02-19 12:00:00,1.33303,0.804973,0.169167,1.16387,0.387969,0.040865,0.124939,6.539
2026-02-19 13:00:00,1.64818,0.911604,0.156442,1.49174,0.390003,0.044783,0.130212,7.358
2026-02-19 14:00:00,7.70923,3.37828,0.212046,7.49718,0.395527,0.073279,0.142618,9.137
2026-02-19 15:00:00,1.53792,0.753146,0.140528,1.3974,0.384881,0.050948,0.137692,8.817
2026-02-19 16:00:00,3.20249,1.53083,0.252033,2.95046,0.384117,0.080259,0.145121,14.04
2026-02-19 17:00:00,2.34204,1.10058,0.293143,2.0489,0.378615,0.070041,0.143984,13.103
2026-02-19 18:00:00,2.2402,1.24455,0.161462,2.07873,0.384089,0.051864,0.131672,11.539
2026-02-19 19:00:00,2.04263,1.52891,0.178672,1.86396,0.398481,0.050012,0.131308,9.872
2026-02-19 20:00:00,2.06434,1.33528,0.157789,1.90655,0.425331,0.050357,0.130372,11.604
2026-02-19 21:00:00,1.529,0.916666,0.178196,1.3508,0.396872,0.040913,0.125683,10.798
2026-02-19 22:00:00,2.3597,1.55243,0.161477,2.19822,0.339351,0.047743,0.122189,10.792
2026-02-19 23:00:00,2.59691,1.76661,0.409851,2.18706,0.365564,0.043628,0.115914,8.906
2026-02-20 00:00:00,1.97029,2.0105,0.136514,1.83378,0.268476,0.037729,0.091131,6.288
2026-02-20 01:00:00,2.06778,2.47935,0.067257,2.00052,0.201707,0.028225,0.07522,4.009
2026-02-20 02:00:00,1.27981,1.21424,0.036652,1.24315,0.204961,0.018929,0.074105,2.288
2026-02-20 03:00:00,0.800934,0.470032,0.048276,0.752658,0.257677,0.011429,0.083534,2.887
2026-02-20 04:00:00,0.612834,0.350994,0.045455,0.567379,0.302487,0.010902,0.087036,2.562
2026-02-20 05:00:00,0.139853,0.107085,0.016772,0.123081,0.187577,0.003921,0.061605,1.446
2026-02-20 06:00:00,0.656561,0.440054,0.068673,0.587888,0.258123,0.009168,0.07857,2.556
2026-02-20 07:00:00,1.33409,0.647617,0.060941,1.27315,0.319036,0.025796,0.100365,3.971
2026-02-20 08:00:00,1.45471,0.621138,0.131018,1.32369,0.364508,0.032596,0.12584,7.093
2026-02-20 09:00:00,1.93528,0.748949,0.183224,1.75206,0.396304,0.045393,0.138126,10.507
2026-02-20 10:00:00,2.96081,1.28062,0.315225,2.64558,0.424971,0.070515,0.152838,14.506
2026-02-20 11:00:00,2.84476,1.1095,0.331128,2.51363,0.41413,0.072847,0.154773,14.228
2026-02-20 12:00:00,1.96217,0.895149,0.291251,1.67092,0.409109,0.055496,0.148023,10.382
2026-02-20 13:00:00,2.21472,0.937648,0.270599,1.94413,0.411065,0.056562,0.144497,10.731
2026-02-20 14:00:00,2.449,1.05926,0.281666,2.16733,0.428769,0.059874,0.146806,10.224
2026-02-20 15:00:00,2.47801,0.929484,0.349247,2.12876,0.418397,0.070273,0.160851,16.115
2026-02-20 16:00:00,3.25235,1.28348,0.290719,2.96163,0.429042,0.079911,0.156883,14.915
2026-02-20 17:00:00,4.22352,1.94992,0.337915,3.88561,0.410267,0.105105,0.156811,16.07
2026-02-20 18:00:00,2.28937,1.12334,0.213372,2.07599,0.413122,0.059275,0.138118,11.303
2026-02-20 19:00:00,2.4487,1.32077,0.194021,2.25468,0.389288,0.05984,0.139545,11.233
2026-02-20 20:00:00,2.66533,1.57525,0.281193,2.38414,0.37999,0.062886,0.169674,14.687
2026-02-20 21:00:00,1.80324,0.904334,0.222928,1.58031,0.392512,0.045323,0.162836,11.76
2026-02-20 22:00:00,4.52974,2.41715,0.786218,3.74352,0.406152,0.068795,0.162633,13.051
2026-02-20 23:00:00,22.1298,17.6193,2.44721,19.6826,0.398563,0.15465,0.15636,11.705
2026-02-21 00:00:00,10.5955,8.55859,1.18674,9.40879,0.333798,0.099613,0.126829,11.247
2026-02-21 01:00:00,0.610553,0.509643,0.074436,0.536117,0.309619,0.038014,0.108702,9.237
2026-02-21 02:00:00,3.01571,2.12673,0.070779,2.94493,0.280333,0.035182,0.114846,7.447
2026-02-21 03:00:00,0.808143,0.459172,0.053437,0.754706,0.318139,0.033515,0.114842,6.027
2026-02-21 04:00:00,0.784724,0.426945,0.076766,0.707958,0.306371,0.0253,0.104086,7.304
2026-02-21 05:00:00,0.868324,0.662844,0.049857,0.818467,0.241538,0.01662,0.087704,4.394
2026-02-21 06:00:00,0.579784,0.438566,0.036244,0.54354,0.277969,0.013102,0.08862,3.892
2026-02-21 07:00:00,0.484549,0.302087,0.052893,0.431656,0.350005,0.01928,0.107904,5.007
2026-02-21 08:00:00,1.18856,0.616472,0.107309,1.08125,0.368647,0.036778,0.127534,8.166
2026-02-21 09:00:00,2.04546,0.805299,0.164285,1.88118,0.394589,0.053177,0.159703,13.551
2026-02-21 10:00:00,2.32402,0.93635,0.186972,2.13705,0.406031,0.066031,0.16808,13.796
2026-02-21 11:00:00,3.40389,1.47482,0.252246,3.15165,0.383678,0.083891,0.17346,15.213
2026-02-21 12:00:00,5.88994,2.65313,0.275503,5.61444,0.389882,0.100428,0.181128,14.607
2026-02-21 13:00:00,2.29304,0.905623,0.415281,1.87776,0.418665,0.064332,0.178805,13.277
2026-02-21 14:00:00,3.32048,1.29001,0.42349,2.89698,0.436552,0.085153,0.18653,17.769
2026-02-21 15:00:00,3.83222,1.2402,0.420893,3.41133,0.411148,0.101511,0.197292,21.122
2026-02-21 16:00:00,4.00284,1.23013,0.405362,3.59748,0.40799,0.103161,0.197095,19.167
2026-02-21 17:00:00,4.37001,1.60544,0.503992,3.86602,0.403213,0.112355,0.1979,19.038
2026-02-21 18:00:00,4.9344,2.13057,0.334144,4.60026,0.391049,0.106358,0.188864,15.278
2026-02-21 19:00:00,2.06844,0.923411,0.275349,1.79309,0.409755,0.058494,0.171757,15.376
2026-02-21 20:00:00,2.69135,1.15212,0.316181,2.37517,0.406076,0.060716,0.175358,17.49
2026-02-21 21:00:00,3.48671,1.63388,0.289744,3.19696,0.40303,0.083355,0.173759,17.861
2026-02-21 22:00:00,3.23302,1.59892,0.240613,2.99241,0.370445,0.073277,0.160447,13.888
2026-02-21 23:00:00,4.689,1.95864,0.19899,4.49001,0.336565,0.068523,0.123072,11.253
2026-02-22 00:00:00,2.52618,1.68637,0.084809,2.44138,0.307261,0.051794,0.104465,7.424
2026-02-22 01:00:00,0.464881,0.344355,0.033676,0.431205,0.267084,0.014385,0.084374,2.325
2026-02-22 02:00:00,0.596442,0.386297,0.034832,0.56161,0.235441,0.038281,0.088946,2.454
2026-02-22 03:00:00,1.03898,0.62816,0.010483,1.02849,0.280066,0.023795,0.083705,1.294
2026-02-22 04:00:00,0.133611,0.077143,0.012306,0.121305,0.246931,0.006246,0.076835,1.216
2026-02-22 05:00:00,0.208494,0.144788,0.014948,0.193546,0.233308,0.006287,0.06951,1.39
2026-02-22 06:00:00,0.435811,0.305618,0.028345,0.407466,0.247008,0.010022,0.078666,2.077
2026-02-22 07:00:00,3.11348,1.64908,0.132556,2.98092,0.351519,0.052077,0.11624,7.192
2026-02-22 08:00:00,2.97329,1.34295,0.16708,2.80621,0.389108,0.062932,0.136692,9.686
2026-02-22 09:00:00,2.5302,0.982222,0.146247,2.38396,0.401658,0.066145,0.151585,10.179
2026-02-22 10:00:00,3.15186,1.12647,0.298082,2.85378,0.394166,0.094164,0.165837,16.472
2026-02-22 11:00:00,3.14428,1.11105,0.27825,2.86603,0.407167,0.082049,0.16198,16.097
2026-02-22 12:00:00,1.89979,0.762356,0.190819,1.70897,0.421274,0.058559,0.152034,10.817
2026-02-22 13:00:00,2.14365,0.810147,0.238787,1.90486,0.41858,0.075145,0.155908,11.364
2026-02-22 14:00:00,4.96306,1.82869,0.271904,4.69116,0.42187,0.104789,0.162899,15.617
2026-02-22 15:00:00,5.40831,1.60484,0.34436,5.06395,0.435272,0.127918,0.180262,22.778
2026-02-22 16:00:00,3.32864,1.02357,0.290335,3.03831,0.423476,0.088803,0.163131,11.872
2026-02-22 17:00:00,2.63663,0.993454,0.312225,2.3244,0.434041,0.091108,0.168407,16.938
2026-02-22 18:00:00,2.02687,0.851626,0.208746,1.81812,0.409433,0.064541,0.149991,11.687
2026-02-22 19:00:00,2.14189,0.885081,0.469377,1.67252,0.427164,0.060059,0.149533,13.096
2026-02-22 20:00:00,2.23299,0.884003,0.294001,1.93899,0.432079,0.06299,0.144862,14.173
2026-02-22 21:00:00,2.94011,1.10614,0.462331,2.47778,0.448155,0.068803,0.146376,15.87
2026-02-22 22:00:00,3.73964,1.34908,0.459926,3.27971,0.409722,0.065269,0.133491,14.306
2026-02-22 23:00:00,2.20719,0.969767,0.157697,2.04949,0.350471,0.041863,0.109261,7.483
2026-02-23 00:00:00,0.992582,0.480902,0.057328,0.935254,0.323655,0.030598,0.104327,4.209
2026-02-23 01:00:00,1.52087,0.679565,0.048215,1.47265,0.344396,0.023403,0.100741,5.276
2026-02-23 02:00:00,0.553186,0.235599,0.038566,0.51462,0.292308,0.022942,0.096765,3.691
2026-02-23 03:00:00,0.720518,0.276272,0.027643,0.692875,0.347353,0.025821,0.103584,5.585
2026-02-23 04:00:00,0.268439,0.095124,0.03037,0.238069,0.343585,0.017236,0.101016,3.44
2026-02-23 05:00:00,0.638049,0.26652,0.032825,0.605224,0.313486,0.013482,0.090967,3.468
2026-02-23 06:00:00,1.26827,0.575963,0.064073,1.2042,0.318831,0.028687,0.101044,5.874
2026-02-23 07:00:00,1.89178,0.70066,0.115805,1.77598,0.377108,0.048333,0.127775,9.378
2026-02-23 08:00:00,2.14567,0.691705,0.164078,1.98159,0.40838,0.05403,0.145432,9.968
2026-02-23 09:00:00,3.14984,0.931907,0.263686,2.88616,0.395078,0.076267,0.158484,13.605
2026-02-23 10:00:00,3.37854,1.04469,0.307519,3.07103,0.431793,0.087558,0.167939,17.354
2026-02-23 11:00:00,3.3095,0.948825,0.318493,2.99101,0.427872,0.092564,0.167137,17.113
2026-02-23 12:00:00,2.89735,0.874803,0.297518,2.59983,0.410332,0.095613,0.16889,15.943
2026-02-23 13:00:00,2.99421,0.96215,0.202058,2.79215,0.416842,0.080404,0.159789,14.617
2026-02-23 14:00:00,2.89491,0.805485,0.359448,2.53546,0.42969,0.084087,0.166416,14.614
2026-02-23 15:00:00,4.35195,1.08581,0.37462,3.97733,0.399165,0.108403,0.175397,18.121
2026-02-23 16:00:00,3.69463,1.1115,0.285547,3.40908,0.402593,0.109369,0.174,18.774
2026-02-23 17:00:00,3.30299,0.904432,0.350097,2.95289,0.409704,0.093219,0.172918,19.152
2026-02-23 18:00:00,3.55499,1.06183,0.331733,3.22326,0.4047,0.094021,0.16841,17.869
2026-02-23 19:00:00,2.65168,0.776707,0.289247,2.36243,0.402082,0.066799,0.1534,14.336
2026-02-23 20:00:00,2.07255,0.655456,0.21932,1.85323,0.365641,0.063924,0.152188,12.836
2026-02-23 21:00:00,4.49798,1.6859,0.372657,4.12532,0.342525,0.101915,0.160341,20.068
2026-02-23 22:00:00,3.31146,1.31616,0.28375,3.02771,0.340164,0.081762,0.144953,16.545
2026-02-23 23:00:00,4.03928,1.76696,0.58917,3.45011,0.336411,0.043778,0.111727,5.828
2026-02-24 00:00:00,1.69768,0.796288,0.078572,1.61911,0.321642,0.032434,0.101713,4.986
2026-02-24 01:00:00,0.576781,0.224254,0.048079,0.528702,0.309287,0.017559,0.095285,3.103
2026-02-24 02:00:00,1.12523,0.457782,0.038716,1.08651,0.344588,0.02313,0.102117,3.51
2026-02-24 03:00:00,0.141571,0.052317,0.01936,0.122211,0.326852,0.010931,0.098342,3.233
2026-02-24 04:00:00,0.155214,0.051773,0.015553,0.139661,0.300258,0.00596,0.087921,2.067
2026-02-24 05:00:00,0.181111,0.069074,0.016204,0.164907,0.310798,0.00662,0.08925,2.171
2026-02-24 06:00:00,0.66178,0.225709,0.066802,0.594978,0.372168,0.027736,0.111455,4.72
2026-02-24 07:00:00,6.25059,1.55953,0.399174,5.85142,0.43054,0.13459,0.172837,18.91
2026-02-24 08:00:00,4.69523,1.10165,0.537708,4.15752,0.440813,0.133278,0.191026,22.274
2026-02-24 09:00:00,2.92504,0.780845,0.38036,2.54468,0.412094,0.081131,0.167646,16.733
2026-02-24 10:00:00,3.73589,1.13346,0.64174,3.09415,0.439891,0.096515,0.181645,18.651
2026-02-24 11:00:00,3.50347,1.10589,0.30613,3.19734,0.431548,0.08854,0.178394,18.468
2026-02-24 12:00:00,3.81055,1.10643,0.327517,3.48304,0.419986,0.095073,0.186563,24.953
2026-02-24 13:00:00,4.00108,1.35355,0.390944,3.61014,0.408626,0.102536,0.179649,19.017
2026-02-24 14:00:00,4.67902,1.54423,0.42322,4.2558,0.438362,0.110053,0.18853,18.645
2026-02-24 15:00:00,4.67624,1.46315,0.366906,4.30933,0.433796,0.143385,0.196276,19.695
2026-02-24 16:00:00,3.52029,1.1098,0.389221,3.13107,0.438371,0.104487,0.188558,20.826
2026-02-24 17:00:00,4.97461,1.33511,0.737535,4.23707,0.45831,0.135981,0.204957,28.677
2026-02-24 18:00:00,3.96927,1.20573,0.458233,3.51104,0.421821,0.113254,0.19574,25.089
2026-02-24 19:00:00,3.30311,1.25881,0.38895,2.91416,0.399312,0.095108,0.17815,14.064
2026-02-24 20:00:00,2.49631,0.934948,0.278081,2.21823,0.408817,0.073678,0.156106,17.116
2026-02-24 21:00:00,2.16565,0.827217,0.294421,1.87123,0.379785,0.062358,0.150938,16.236
2026-02-24 22:00:00,3.66921,1.77772,0.196269,3.47295,0.346948,0.066916,0.13164,12.533
2026-02-24 23:00:00,2.91495,1.32377,0.149827,2.76512,0.335027,0.06044,0.127979,14.433
2026-02-25 00:00:00,1.33825,0.581342,0.075888,1.26236,0.329556,0.029935,0.105448,5.599
2026-02-25 01:00:00,1.55314,0.660346,0.067683,1.48545,0.286201,0.032449,0.098981,4.128
2026-02-25 02:00:00,0.553763,0.25171,0.02833,0.525433,0.268038,0.012346,0.092538,2.694
2026-02-25 03:00:00,0.0839,0.031377,0.02231,0.06159,0.291482,0.008098,0.093706,3.159
2026-02-25 04:00:00,0.330637,0.108477,0.027235,0.303402,0.332623,0.015028,0.101871,3.312
2026-02-25 05:00:00,0.448919,0.168135,0.032305,0.416614,0.310911,0.015027,0.095745,3.009
2026-02-25 06:00:00,1.69687,0.655164,0.105416,1.59146,0.311217,0.040821,0.117612,6.697
2026-02-25 07:00:00,3.28001,0.760317,0.264514,3.0155,0.422314,0.08441,0.1668,17.235
2026-02-25 08:00:00,4.13714,1.08643,0.383537,3.7536,0.428473,0.115375,0.194822,22.516
2026-02-25 09:00:00,3.21709,0.87326,0.3295,2.88759,0.401893,0.097396,0.183054,17.853
2026-02-25 10:00:00,3.25368,0.911396,0.378741,2.87494,0.39983,0.103194,0.186643,19.713
2026-02-25 11:00:00,3.31902,0.961476,0.376109,2.94291,0.4344,0.096188,0.187495,21.293
2026-02-25 12:00:00,5.11114,1.46872,0.88219,4.22895,0.434908,0.13803,0.230157,24.887
2026-02-25 13:00:00,4.28824,1.31059,0.362683,3.92556,0.372572,0.110058,0.234373,26.225
2026-02-25 14:00:00,3.3179,0.974133,0.395325,2.92257,0.421783,0.103702,0.206613,23.185
2026-02-25 15:00:00,3.47988,1.06094,0.436776,3.04311,0.412216,0.096073,0.209202,20.221
2026-02-25 16:00:00,4.43813,1.20667,0.376014,4.06211,0.41337,0.121097,0.211747,25.824
2026-02-25 17:00:00,4.22786,1.09644,0.512872,3.71499,0.43623,0.130164,0.232115,31.474
2026-02-25 18:00:00,4.3531,1.26765,0.69282,3.66028,0.434724,0.125283,0.223505,30.894
2026-02-25 19:00:00,6.43727,2.26346,0.387315,6.04996,0.390749,0.146603,0.202308,24.399
2026-02-25 20:00:00,3.88738,1.45923,0.297651,3.58973,0.371626,0.107859,0.195909,21.889
2026-02-25 21:00:00,3.78478,1.31966,0.437193,3.34758,0.380212,0.096905,0.191101,25.193
2026-02-25 22:00:00,3.93796,1.38174,0.389695,3.54826,0.3624,0.097215,0.170746,18.145
2026-02-25 23:00:00,2.85928,1.15386,0.219382,2.63989,0.333645,0.111004,0.182638,15.027
2026-02-26 00:00:00,4.0476,1.72974,0.197953,3.84965,0.300002,0.103092,0.155517,16.244
2026-02-26 01:00:00,2.38103,0.962423,0.10733,2.27371,0.293852,0.048427,0.143289,11.795
2026-02-26 02:00:00,2.67828,0.937117,0.085611,2.59267,0.313484,0.0536,0.12048,10.812
2026-02-26 03:00:00,2.85159,0.904693,0.105424,2.74617,0.316985,0.057944,0.119779,10.321
2026-02-26 04:00:00,0.498742,0.150223,0.035067,0.463675,0.348316,0.013613,0.105163,4.663
2026-02-26 05:00:00,0.480746,0.15538,0.038828,0.441918,0.328435,0.011509,0.105396,4.538
2026-02-26 06:00:00,1.18638,0.38796,0.103011,1.08337,0.347356,0.029639,0.125499,7.724
2026-02-26 07:00:00,5.01339,1.25209,0.42956,4.58383,0.403676,0.105541,0.172105,19.734
2026-02-26 08:00:00,5.57829,1.59016,0.473408,5.10489,0.389471,0.1461,0.201555,28.922
2026-02-26 09:00:00,5.21479,1.45991,0.368301,4.84649,0.387402,0.128145,0.1978,24.885
2026-02-26 10:00:00,6.66898,1.79757,0.631935,6.03705,0.388486,0.130461,0.224267,28.961
2026-02-26 11:00:00,3.37369,1.05362,0.307096,3.06659,0.422306,0.099611,0.209816,23.095
2026-02-26 12:00:00,3.36928,1.08059,0.344199,3.02508,0.41548,0.093004,0.205908,20.951
2026-02-26 13:00:00,3.15812,0.951242,0.39837,2.75975,0.412427,0.093215,0.190182,20.56
2026-02-26 14:00:00,3.84013,1.0475,0.306895,3.53324,0.421931,0.109969,0.203834,22.648
2026-02-26 15:00:00,3.8631,1.03903,0.480906,3.38219,0.435259,0.110884,0.216926,29.53
2026-02-26 16:00:00,2.76185,0.770176,0.337696,2.42416,0.434253,0.093259,0.212031,27.713
2026-02-26 17:00:00,4.98049,1.39353,0.598871,4.38162,0.43355,0.152556,0.224388,33.977
2026-02-26 18:00:00,12.5888,3.24285,0.823515,11.7652,0.383036,0.195785,0.223094,28.884
2026-02-26 19:00:00,3.74696,1.35172,0.327833,3.41913,0.370781,0.120144,0.200072,20.766
2026-02-26 20:00:00,3.3525,1.06564,0.392905,2.9596,0.384396,0.085341,0.165115,19.468
2026-02-26 21:00:00,2.71198,1.02961,0.272749,2.43923,0.356257,0.093201,0.15669,18.222
2026-02-26 22:00:00,2.30777,0.880155,0.268247,2.03952,0.343437,0.080255,0.148299,18.745
2026-02-26 23:00:00,2.39401,1.14546,0.135608,2.2584,0.320487,0.05949,0.127302,13.113
2026-02-27 00:00:00,2.47373,1.38507,0.108309,2.36542,0.308331,0.051047,0.11153,7.826
2026-02-27 01:00:00,0.686066,0.319695,0.045738,0.640328,0.310479,0.020676,0.100851,4.305
2026-02-27 02:00:00,1.79007,0.686904,0.07039,1.71968,0.333252,0.061769,0.11212,5.169
2026-02-27 03:00:00,1.14049,0.384003,0.033392,1.1071,0.330509,0.034311,0.107428,4.569
2026-02-27 04:00:00,0.31013,0.102083,0.021753,0.288377,0.336296,0.017217,0.101289,3.565
2026-02-27 05:00:00,0.256564,0.10438,0.01753,0.239034,0.276953,0.00848,0.088664,2.142
2026-02-27 06:00:00,0.903536,0.363742,0.06103,0.842506,0.306644,0.024116,0.104895,4.121
2026-02-27 07:00:00,3.63914,0.993758,0.399294,3.23985,0.417203,0.101932,0.171348,17.273
2026-02-27 08:00:00,5.80245,1.564,0.41722,5.38523,0.417518,0.143003,0.198719,22.964
2026-02-27 09:00:00,3.15845,0.880772,0.297346,2.8611,0.401935,0.099249,0.183846,19.666
2026-02-27 10:00:00,2.82085,0.759517,0.285471,2.53538,0.432854,0.087806,0.189149,19.321
2026-02-27 11:00:00,3.46193,1.05611,0.377883,3.08405,0.448773,0.099052,0.189501,18.691
2026-02-27 12:00:00,4.18296,1.21669,0.503472,3.67949,0.412904,0.103194,0.189084,20.56
2026-02-27 13:00:00,2.96727,0.870167,0.312276,2.65499,0.431437,0.091417,0.177597,17.828
2026-02-27 14:00:00,4.07646,1.12423,0.329761,3.74669,0.39193,0.10959,0.184604,20.816
2026-02-27 15:00:00,4.05343,1.1247,0.388249,3.66518,0.411854,0.105324,0.194514,27.389
2026-02-27 16:00:00,3.67093,1.08351,0.545894,3.12504,0.441464,0.109325,0.190731,21.448
2026-02-27 17:00:00,4.94804,1.11896,0.468042,4.48,0.465333,0.137019,0.211544,31.055
2026-02-27 18:00:00,4.13637,0.949144,0.364794,3.77157,0.445616,0.108537,0.191396,24.063
2026-02-27 19:00:00,2.88887,0.924734,0.313483,2.57539,0.389074,0.091541,0.180109,19.321
2026-02-27 20:00:00,2.76219,0.902086,0.315505,2.44668,0.370589,0.073827,0.1631,19.61
2026-02-27 21:00:00,4.91999,1.75839,0.37396,4.54603,0.362861,0.089574,0.158406,21.316
2026-02-27 22:00:00,5.29926,1.98029,0.325616,4.97365,0.321371,0.106345,0.161732,23.405
2026-02-27 23:00:00,4.77027,2.00263,0.270385,4.49989,0.313083,0.106322,0.14804,15.108
2026-02-28 00:00:00,4.39412,2.04378,0.143021,4.2511,0.311987,0.08062,0.129896,13.638
2026-02-28 01:00:00,3.28826,1.30694,0.102705,3.18555,0.289955,0.066597,0.123699,9.33
2026-02-28 02:00:00,1.05284,0.421472,0.050316,1.00252,0.325687,0.025575,0.108794,5.506
2026-02-28 03:00:00,1.19102,0.404834,0.050361,1.14066,0.318364,0.02469,0.105457,5.119
2026-02-28 04:00:00,0.314145,0.103473,0.022696,0.291449,0.346314,0.014133,0.101291,3.768
2026-02-28 05:00:00,0.676933,0.306859,0.021549,0.655384,0.301599,0.008002,0.096262,2.905
2026-02-28 06:00:00,1.55271,0.609384,0.10482,1.44789,0.344809,0.031152,0.120233,7.079
2026-02-28 07:00:00,3.04063,0.813003,0.285817,2.75481,0.407582,0.090156,0.172546,18.035
2026-02-28 08:00:00,5.12817,1.40884,0.544401,4.58377,0.425888,0.128743,0.197627,23.668
2026-02-28 09:00:00,4.36273,1.11408,0.335465,4.02727,0.426799,0.096335,0.190981,22.362
2026-02-28 10:00:00,4.22432,1.28477,0.453908,3.77041,0.425366,0.113849,0.191761,23.133
2026-02-28 11:00:00,3.58311,0.993652,0.407229,3.17588,0.41984,0.104939,0.194105,23.159
2026-02-28 12:00:00,4.19096,1.24657,0.883058,3.3079,0.406814,0.11568,0.189279,21.288
2026-02-28 13:00:00,5.43872,1.46281,0.40592,5.0328,0.423392,0.133591,0.199603,22.041
2026-02-28 14:00:00,5.17394,1.48314,0.376727,4.79722,0.412838,0.126155,0.190958,20.7122
2026-02-28 15:00:00,4.90917,1.50346,0.347535,4.56164,0.402284,0.11872,0.182312,19.3834
2026-02-28 16:00:00,4.6444,1.52379,0.318342,4.32605,0.39173,0.111284,0.173666,18.0545
2026-02-28 17:00:00,,,,,,,,
2026-02-28 18:00:00,,,,,,,,
2026-02-28 19:00:00,,,,,,,,
2026-02-28 20:00:00,,,,,,,,
2026-02-28 21:00:00,,,,,,,,
2026-02-28 22:00:00,,,,,,,,
2026-02-28 23:00:00,,,,,,,,
2026-03-01 00:00:00,2.5262,1.6864,0.0848,2.4414,0.3073,0.0518,0.1045,7.424
2026-03-01 01:00:00,0.4649,0.3444,0.0337,0.4312,0.2671,0.0144,0.0844,2.325
2026-03-01 02:00:00,0.5964,0.3863,0.0348,0.5616,0.2354,0.0383,0.0889,2.454
2026-03-01 03:00:00,1.039,0.6282,0.0105,1.0285,0.2801,0.0238,0.0837,1.294
2026-03-01 04:00:00,0.1336,0.0771,0.0123,0.1213,0.2469,0.0062,0.0768,1.216
2026-03-01 05:00:00,0.2085,0.1448,0.0149,0.1935,0.2333,0.0063,0.0695,1.39
2026-03-01 06:00:00,0.4358,0.3056,0.0283,0.4075,0.247,0.01,0.0787,2.077
2026-03-01 07:00:00,3.1135,1.6491,0.1326,2.9809,0.3515,0.0521,0.1162,7.192
2026-03-01 08:00:00,2.9733,1.343,0.1671,2.8062,0.3891,0.0629,0.1367,9.686
2026-03-01 09:00:00,2.5302,0.9822,0.1462,2.384,0.4017,0.0661,0.1516,10.179
2026-03-01 10:00:00,3.1519,1.1265,0.2981,2.8538,0.3942,0.0942,0.1658,16.472
2026-03-01 11:00:00,3.1443,1.1111,0.2783,2.866,0.4072,0.082,0.162,16.097
2026-03-01 12:00:00,1.8998,0.7624,0.1908,1.709,0.4213,0.0586,0.152,10.817
2026-03-01 13:00:00,2.1437,0.8101,0.2388,1.9049,0.4186,0.0751,0.1559,11.364
2026-03-01 14:00:00,4.9631,1.8287,0.2719,4.6912,0.4219,0.1048,0.1629,15.617
2026-03-01 15:00:00,5.4083,1.6048,0.3444,5.064,0.4353,0.1279,0.1803,22.778
2026-03-01 16:00:00,3.3286,1.0236,0.2903,3.0383,0.4235,0.0888,0.1631,11.872
2026-03-01 17:00:00,5.01488,1.4943,0.548764,4.46612,0.391335,0.125644,0.18416,25.468
2026-03-01 18:00:00,2.69327,0.879004,0.26407,2.4292,0.389777,0.080658,0.162631,15.907
2026-03-01 19:00:00,3.41403,1.32327,0.339628,3.07441,0.387741,0.082443,0.159761,17.962
2026-03-01 20:00:00,3.08726,1.29608,0.218838,2.86842,0.352735,0.071226,0.148033,17.247
2026-03-01 21:00:00,2.79806,0.972225,0.380835,2.41723,0.363249,0.064956,0.14878,17.036
2026-03-01 22:00:00,2.15307,0.880243,0.221797,1.93128,0.383319,0.073751,0.150445,15.828
2026-03-01 23:00:00,2.20598,1.24773,0.113071,2.09291,0.328388,0.068379,0.133851,12.168
2026-03-02 00:00:00,3.13987,1.18844,0.13541,3.00446,0.30677,0.061832,0.118061,10.332
2026-03-02 01:00:00,1.33355,0.496481,0.086753,1.2468,0.317526,0.023588,0.110618,6.261
2026-03-02 02:00:00,0.913388,0.30426,0.075803,0.837585,0.382574,0.034141,0.113534,6.366
2026-03-02 03:00:00,3.41761,1.06203,0.085415,3.3322,0.422001,0.050044,0.121518,7.842
2026-03-02 04:00:00,1.83557,0.523848,0.03684,1.79873,0.433146,0.028557,0.109637,4.136
2026-03-02 05:00:00,1.08231,0.42949,0.041318,1.041,0.333014,0.015302,0.097893,3.833
2026-03-02 06:00:00,1.76393,0.620666,0.090971,1.67296,0.345677,0.032397,0.115079,6.173
2026-03-02 07:00:00,4.11594,1.00585,0.305689,3.81025,0.393677,0.09909,0.168215,19.609
2026-03-02 08:00:00,6.37395,1.58556,0.522931,5.85102,0.391263,0.150813,0.207867,29.005
2026-03-02 09:00:00,5.17779,1.62926,0.367984,4.80981,0.372917,0.104519,0.181892,23.695
2026-03-02 10:00:00,2.2328,0.657478,0.291611,1.94118,0.408076,0.070614,0.173238,15.55
2026-03-02 11:00:00,3.18726,1.0674,0.341684,2.84557,0.389454,0.081179,0.180689,18.179
2026-03-02 12:00:00,3.5207,1.12988,0.423904,3.0968,0.380787,0.086639,0.169664,17.1
2026-03-02 13:00:00,5.08415,1.74353,0.392715,4.69143,0.387174,0.107052,0.170901,18.881
2026-03-02 14:00:00,2.40208,0.874756,0.307906,2.09417,0.399477,0.073054,0.166676,17.201
2026-03-02 15:00:00,3.73123,1.3412,0.368848,3.36238,0.385924,0.101593,0.178173,23.681
2026-03-02 16:00:00,5.88876,2.06623,0.342597,5.54616,0.402304,0.134405,0.192659,27.088
2026-03-02 17:00:00,5.2668,1.57406,0.484964,4.78183,0.389446,0.146394,0.205778,33.189
2026-03-02 18:00:00,4.51513,1.36905,0.440635,4.0745,0.396015,0.123268,0.199283,26.02
2026-03-02 19:00:00,3.3981,1.01801,0.783394,2.61471,0.432068,0.093588,0.177204,23.067
2026-03-02 20:00:00,2.82861,0.940363,0.241641,2.58697,0.377668,0.068313,0.155733,16.45
2026-03-02 21:00:00,3.53545,1.08516,0.314301,3.22115,0.372376,0.073673,0.148679,15.66
2026-03-02 22:00:00,3.48775,1.42357,0.260345,3.2274,0.339446,0.082752,0.150209,18.769
2026-03-02 23:00:00,2.95757,1.3542,0.180605,2.77696,0.275429,0.07427,0.133742,8.341
2026-03-03 00:00:00,1.84348,1.00847,0.085605,1.75788,0.311188,0.035021,0.110235,7.404
2026-03-03 01:00:00,1.28807,0.702325,0.050114,1.23795,0.326076,0.014663,0.09805,4.318
2026-03-03 02:00:00,0.911013,0.439678,0.062394,0.848619,0.353706,0.017248,0.106865,4.058
2026-03-03 03:00:00,1.16536,0.377383,0.041684,1.12367,0.363307,0.041609,0.109594,4.582
2026-03-03 04:00:00,0.812258,0.270392,0.046584,0.765674,0.343074,0.03078,0.103421,4.081
2026-03-03 05:00:00,0.412419,0.178382,0.027285,0.385134,0.293269,0.013876,0.101974,2.846
2026-03-03 06:00:00,1.22652,0.521479,0.094236,1.13228,0.324841,0.029644,0.113103,5.691
2026-03-03 07:00:00,3.86438,1.03603,0.569518,3.29486,0.426532,0.091731,0.166936,19.095
2026-03-03 08:00:00,5.37888,1.40587,0.428756,4.95012,0.419174,0.120482,0.187991,22.478
2026-03-03 09:00:00,3.62113,0.9771,0.327442,3.29369,0.390289,0.092617,0.192901,21.222
2026-03-03 10:00:00,3.14411,0.934079,0.405255,2.73885,0.409051,0.088518,0.179597,19.584
2026-03-03 11:00:00,2.49968,0.792543,0.294247,2.20543,0.43238,0.081697,0.177741,19.643
2026-03-03 12:00:00,3.73201,1.19386,0.619106,3.1129,0.432222,0.096967,0.174254,18.281
2026-03-03 13:00:00,3.51462,1.11011,0.373969,3.14065,0.423789,0.089256,0.168957,17.117
2026-03-03 14:00:00,2.80259,1.16194,0.213818,2.58878,0.399454,0.099955,0.181844,20.133
2026-03-03 15:00:00,3.32064,1.0287,0.348523,2.97212,0.393733,0.092129,0.181639,21.87
2026-03-03 16:00:00,5.18065,1.57467,0.536632,4.64402,0.434998,0.110352,0.190677,24.999
2026-03-03 17:00:00,5.36832,1.32945,0.63544,4.73288,0.423454,0.142174,0.211428,29.398
2026-03-03 18:00:00,7.02046,1.9458,0.748067,6.2724,0.402428,0.164401,0.214043,33.268
2026-03-03 19:00:00,3.64634,1.46439,0.353212,3.29313,0.362736,0.086333,0.166855,18.477
2026-03-03 20:00:00,2.81524,0.978874,0.267385,2.54786,0.358052,0.079567,0.166006,18.467
2026-03-03 21:00:00,5.13925,1.9966,0.356411,4.78284,0.342578,0.10396,0.161023,19.67
2026-03-03 22:00:00,7.69486,3.334,0.355717,7.33914,0.337515,0.112323,0.156387,23.407
2026-03-03 23:00:00,3.65019,1.71049,0.196831,3.45336,0.273776,0.072328,0.139024,20.065
2026-03-04 00:00:00,2.28206,1.2608,0.12025,2.16181,0.328061,0.037946,0.110121,9.399
2026-03-04 01:00:00,0.922124,0.517466,0.047378,0.874746,0.311884,0.017438,0.10074,5.584
2026-03-04 02:00:00,0.937802,0.437001,0.046286,0.891516,0.332869,0.031365,0.106496,5.381
2026-03-04 03:00:00,0.65475,0.22001,0.047503,0.607247,0.355193,0.022029,0.108582,6.302
2026-03-04 04:00:00,0.491037,0.166453,0.028888,0.462149,0.352539,0.011604,0.097324,3.285
2026-03-04 05:00:00,0.549684,0.237547,0.035333,0.514351,0.317845,0.011712,0.091673,4.017
2026-03-04 06:00:00,1.63044,0.547497,0.141205,1.48924,0.343392,0.038995,0.122683,8.092
2026-03-04 07:00:00,4.17884,1.04838,0.338564,3.84028,0.431761,0.10416,0.176653,19.304
2026-03-04 08:00:00,4.89822,1.36898,0.426601,4.47161,0.416916,0.126184,0.19247,21.321
2026-03-04 09:00:00,6.50568,1.74042,0.434649,6.07103,0.368866,0.148657,0.198079,27.827
2026-03-04 10:00:00,6.14211,1.69859,0.435709,5.7064,0.377001,0.135337,0.199243,28.375
2026-03-04 11:00:00,4.79139,1.61435,0.385593,4.40579,0.377523,0.115309,0.19113,23.987
2026-03-04 12:00:00,5.08751,1.56154,0.78229,4.30522,0.39342,0.113243,0.192911,23.119
2026-03-04 13:00:00,2.94375,0.822277,0.354991,2.58876,0.372213,0.089264,0.187826,21.29
2026-03-04 14:00:00,4.21166,1.15325,0.386738,3.82492,0.403076,0.106685,0.186643,21.924
2026-03-04 15:00:00,3.92279,0.801552,0.501209,3.42158,0.342778,0.121998,0.23595,28.889
2026-03-04 16:00:00,4.18397,0.878985,0.400098,3.78387,0.313689,0.140904,0.258171,32.682
2026-03-04 17:00:00,4.20911,0.875075,0.510724,3.69839,0.346152,0.146065,0.25341,34.761
2026-03-04 18:00:00,4.77526,1.11571,0.793304,3.98195,0.363273,0.134393,0.24148,28.911
2026-03-04 19:00:00,3.82789,1.11211,0.440689,3.3872,0.393301,0.099352,0.192746,21.337
2026-03-04 20:00:00,3.63432,1.2672,0.267735,3.36658,0.385,0.097788,0.174167,18.813
2026-03-04 21:00:00,4.53555,1.78988,0.385925,4.14962,0.34016,0.110701,0.167475,21.567
2026-03-04 22:00:00,4.68911,2.02117,0.439682,4.24943,0.339801,0.106913,0.14693,19.721
2026-03-04 23:00:00,3.22884,1.51446,0.451664,2.77717,0.337637,0.061382,0.131615,16.868
2026-03-05 00:00:00,1.20695,0.663888,0.068991,1.13796,0.298487,0.041677,0.106218,5.933
2026-03-05 01:00:00,1.70024,0.956265,0.061656,1.63858,0.282331,0.043426,0.100274,6.414
2026-03-05 02:00:00,1.36405,0.665389,0.027212,1.33684,0.356979,0.034787,0.097581,2.753
2026-03-05 03:00:00,0.423784,0.169379,0.02128,0.402504,0.33875,0.021885,0.091563,2.362
2026-03-05 04:00:00,1.07538,0.374174,0.050896,1.02448,0.334885,0.022486,0.094968,3.841
2026-03-05 05:00:00,0.29692,0.114112,0.016607,0.280313,0.26173,0.007381,0.080515,1.625
2026-03-05 06:00:00,0.935624,0.330376,0.075648,0.859976,0.332702,0.030034,0.120972,6.357
2026-03-05 07:00:00,4.08502,1.09518,0.364594,3.72042,0.409615,0.111736,0.180477,19.378
2026-03-05 08:00:00,6.41784,1.58153,0.469056,5.94879,0.410134,0.151279,0.207771,26.846
2026-03-05 09:00:00,4.57268,1.16888,0.359608,4.21307,0.390804,0.118982,0.196552,27.511
2026-03-05 10:00:00,3.64841,1.06804,0.297717,3.3507,0.392077,0.109858,0.191136,23.181
2026-03-05 11:00:00,3.75034,1.05052,0.430404,3.31994,0.409522,0.095547,0.184488,21.473
2026-03-05 12:00:00,3.17367,0.960555,0.373862,2.79981,0.401162,0.091903,0.178205,20.489
2026-03-05 13:00:00,4.29822,1.32825,0.36406,3.93416,0.398708,0.127276,0.186669,22.866
2026-03-05 14:00:00,4.51387,1.22526,0.390614,4.12325,0.414987,0.107232,0.189891,22.327
2026-03-05 15:00:00,3.75359,0.963448,0.362426,3.39117,0.431601,0.108265,0.186464,20.639
2026-03-05 16:00:00,5.40691,1.49859,0.465083,4.94183,0.394429,0.141789,0.207471,30.057
2026-03-05 17:00:00,5.96521,1.60011,0.627992,5.33722,0.381014,0.183378,0.228777,34.863
2026-03-05 18:00:00,3.93966,1.15533,0.378358,3.5613,0.392759,0.122721,0.207958,24.691
2026-03-05 19:00:00,2.9241,0.930059,0.309367,2.61474,0.403071,0.102314,0.185906,20.46
2026-03-05 20:00:00,4.07893,1.41042,0.363316,3.71562,0.369795,0.105077,0.175035,21.879
2026-03-05 21:00:00,3.88625,1.63425,0.331491,3.55476,0.363653,0.09997,0.169707,20.205
2026-03-05 22:00:00,2.25805,0.993859,0.278549,1.9795,0.370216,0.063168,0.148529,16.107
2026-03-05 23:00:00,2.23016,1.22671,0.194182,2.03598,0.344069,0.069111,0.144801,13.285
2026-03-06 00:00:00,2.41656,1.30766,0.105743,2.31081,0.311251,0.04359,0.108644,7.684
2026-03-06 01:00:00,0.789013,0.404622,0.025069,0.763944,0.301047,0.016552,0.095865,2.898
2026-03-06 02:00:00,0.317942,0.123043,0.030347,0.287595,0.364306,0.01207,0.103859,3.584
2026-03-06 03:00:00,1.15122,0.39184,0.03659,1.11464,0.322424,0.031854,0.103706,4.453
2026-03-06 04:00:00,0.457153,0.157313,0.027799,0.429354,0.320325,0.011544,0.090413,3.165
2026-03-06 05:00:00,0.09078,0.041528,0.014527,0.076253,0.291493,0.006421,0.088321,2.348
2026-03-06 06:00:00,1.57729,0.597913,0.087753,1.48954,0.343987,0.039495,0.121137,6.911
2026-03-06 07:00:00,4.88472,1.27805,0.302451,4.58227,0.408126,0.12146,0.182907,20.311
2026-03-06 08:00:00,4.4578,1.17682,0.318723,4.13908,0.406242,0.130734,0.194251,21.454
2026-03-06 09:00:00,4.19058,1.17434,0.34208,3.8485,0.407194,0.119963,0.194938,21.784
2026-03-06 10:00:00,3.92335,1.17185,0.365437,3.55792,0.408146,0.109193,0.195625,22.114
2026-03-06 11:00:00,4.509,1.47064,0.358762,4.15024,0.421636,0.099837,0.190918,21.123
2026-03-06 12:00:00,3.21279,1.06173,0.329525,2.88326,0.412087,0.083134,0.17775,19.64
2026-03-06 13:00:00,5.07236,1.57234,0.440123,4.63224,0.393378,0.11405,0.184184,23.075
2026-03-06 14:00:00,4.0765,1.1242,0.3298,3.7467,0.3919,0.1096,0.1846,20.816
2026-03-06 15:00:00,3.5349,1.28542,0.417616,3.11728,0.418186,0.11812,0.202037,20.247
2026-03-06 16:00:00,4.43264,1.19221,0.508912,3.92373,0.418321,0.127759,0.207954,24.977
2026-03-06 17:00:00,6.03484,1.47119,0.62507,5.40977,0.448452,0.143724,0.217028,32.571
2026-03-06 18:00:00,4.90787,1.40546,0.583888,4.32398,0.405439,0.149124,0.220372,30.743
2026-03-06 19:00:00,2.05803,0.659203,0.249585,1.80845,0.415075,0.080998,0.18699,16.992
2026-03-06 20:00:00,2.88843,1.01065,0.284613,2.60382,0.379755,0.098958,0.192465,17.572
2026-03-06 21:00:00,2.47085,1.06686,0.346809,2.12404,0.372898,0.074983,0.180358,15.763
2026-03-06 22:00:00,3.01302,1.27239,0.342106,2.67091,0.380388,0.074877,0.144957,15.944
2026-03-06 23:00:00,2.80141,1.44851,0.310177,2.49124,0.359797,0.063785,0.134956,14.299
2026-03-07 00:00:00,1.45673,0.779,0.08732,1.36941,0.318801,0.04705,0.111419,7.329
2026-03-07 01:00:00,2.72292,1.69547,0.081147,2.64177,0.312522,0.054332,0.112944,5.826
2026-03-07 02:00:00,1.39409,0.729127,0.077764,1.31632,0.337672,0.031681,0.10397,5.531
2026-03-07 03:00:00,2.61552,1.15629,0.129274,2.48624,0.307339,0.093897,0.123215,8.701
2026-03-07 04:00:00,2.24993,0.852891,0.178573,2.07135,0.322958,0.086093,0.115234,5.628
2026-03-07 05:00:00,1.63665,0.771277,0.04641,1.59024,0.262237,0.077048,0.156597,5.752
2026-03-07 06:00:00,1.65912,0.84649,0.086399,1.57272,0.29884,0.033567,0.111101,5.16
2026-03-07 07:00:00,2.414,0.91439,0.184196,2.2298,0.346315,0.057196,0.138676,9.7825
2026-03-07 08:00:00,3.16887,0.982291,0.281993,2.88688,0.39379,0.080824,0.166251,14.405
2026-03-07 09:00:00,3.40059,0.85571,0.373533,3.02706,0.426636,0.101675,0.188669,21.942
2026-03-07 10:00:00,4.6288,1.21236,0.495796,4.133,0.431724,0.107596,0.194659,22.967
2026-03-07 11:00:00,4.58506,1.33597,0.558265,4.0268,0.435514,0.107417,0.192389,24.071
2026-03-07 12:00:00,5.43376,1.52978,0.52442,4.90934,0.40484,0.139419,0.195313,24.7
2026-03-07 13:00:00,5.01473,1.44351,0.540147,4.47459,0.399496,0.123459,0.190991,24.306
2026-03-07 14:00:00,5.38997,1.53386,0.5915,4.79847,0.407246,0.138647,0.199307,28.363
2026-03-07 15:00:00,8.32991,2.4229,0.65313,7.67678,0.413105,0.162765,0.204206,27.433
2026-03-07 16:00:00,6.67949,1.84618,0.517612,6.16188,0.386599,0.165647,0.209693,31.695
2026-03-07 17:00:00,5.1177,1.4877,0.476916,4.64078,0.404997,0.129045,0.194176,23.062
2026-03-07 18:00:00,3.45239,1.15774,0.326232,3.12616,0.395587,0.11038,0.188611,20.377
2026-03-07 19:00:00,3.55225,1.35375,0.3798,3.17245,0.388549,0.087771,0.180907,15.364
2026-03-07 20:00:00,2.55574,1.04316,0.306017,2.24972,0.378846,0.074985,0.169227,14.781
2026-03-07 21:00:00,2.52937,1.00134,0.350258,2.17911,0.37212,0.071941,0.158718,17.704
2026-03-07 22:00:00,2.93959,1.14738,0.47038,2.46921,0.372339,0.064749,0.159309,16.211
2026-03-07 23:00:00,6.02055,3.12918,0.221623,5.79892,0.347564,0.089068,0.133447,11
2026-03-08 00:00:00,4.03082,2.29024,0.128927,3.90189,0.291292,0.075081,0.123071,7.923
2026-03-08 01:00:00,0.916693,0.513841,0.072363,0.84433,0.287402,0.029273,0.100792,3.166
2026-03-08 02:00:00,0.825168,0.415074,0.036584,0.788584,0.279057,0.023975,0.096443,3.337
2026-03-08 03:00:00,0.991135,0.386257,0.024468,0.966667,0.306058,0.023617,0.096621,2.933
2026-03-08 04:00:00,0.480138,0.177435,0.021833,0.458305,0.333008,0.015882,0.096288,2.7
2026-03-08 05:00:00,0.095918,0.040991,0.022262,0.073656,0.261695,0.00807,0.083919,1.599
2026-03-08 06:00:00,0.483987,0.194216,0.038895,0.445092,0.294589,0.013039,0.099771,3.24
2026-03-08 07:00:00,1.72862,0.571633,0.133356,1.59526,0.360784,0.042183,0.138229,9.843
2026-03-08 08:00:00,2.98258,0.886617,0.551628,2.43095,0.400187,0.08646,0.178518,15.68
2026-03-08 09:00:00,3.70336,0.978172,0.560943,3.14241,0.414288,0.106695,0.193562,19.829
2026-03-08 10:00:00,4.64963,1.32468,0.524975,4.12465,0.38813,0.117482,0.19805,20.166
2026-03-08 11:00:00,5.32312,1.46642,0.545124,4.77799,0.398886,0.124158,0.197998,24.102
2026-03-08 12:00:00,3.47109,1.12698,0.379351,3.09174,0.413486,0.088562,0.179689,17.887
2026-03-08 13:00:00,3.33317,0.945849,0.398958,2.93421,0.425778,0.087125,0.17927,17.108
2026-03-08 14:00:00,3.68952,1.04401,0.452003,3.23752,0.418874,0.103815,0.195341,19.559
2026-03-08 15:00:00,8.57265,2.18467,0.643897,7.92875,0.398205,0.191482,0.223905,35.955
2026-03-08 16:00:00,6.0972,1.63815,0.650518,5.44668,0.417382,0.156653,0.216343,32.453
2026-03-08 17:00:00,5.10394,1.33541,0.372221,4.73172,0.409529,0.130054,0.194712,22.092
2026-03-08 18:00:00,4.82702,1.56518,0.41649,4.41053,0.408836,0.125587,0.186444,20.287
2026-03-08 19:00:00,2.8093,0.915082,0.489549,2.31975,0.403479,0.089128,0.173012,17.653
2026-03-08 20:00:00,2.57185,0.896116,0.268476,2.30337,0.390928,0.079027,0.160217,15.923
2026-03-08 21:00:00,4.33464,1.68009,0.284164,4.05048,0.348507,0.106242,0.156857,19.259
2026-03-08 22:00:00,4.01195,1.71451,0.536598,3.47535,0.368765,0.100706,0.152719,19.113
2026-03-08 23:00:00,4.36961,1.90314,0.828975,3.54063,0.347705,0.077084,0.142265,17.397
2026-03-09 00:00:00,0.572034,0.380849,0.105594,0.46644,0.308351,0.020542,0.09723,5.539
2026-03-09 01:00:00,0.490903,0.288088,0.116424,0.374479,0.289392,0.017372,0.097257,5.491
2026-03-09 02:00:00,0.995979,0.550873,0.165255,0.830724,0.381735,0.036656,0.112672,6.332
2026-03-09 03:00:00,0.838406,0.295213,0.14994,0.688466,0.469727,0.041731,0.12358,6.832
2026-03-09 04:00:00,1.18247,0.410296,0.174841,1.00763,0.500988,0.031959,0.126416,8.167
2026-03-09 05:00:00,0.494302,0.25271,0.152525,0.341777,0.31474,0.019352,0.098487,5.467
2026-03-09 06:00:00,1.36292,0.504785,0.167054,1.19586,0.380411,0.04145,0.14448,9.842
2026-03-09 07:00:00,5.42561,1.26118,0.536798,4.88881,0.402839,0.144173,0.203,22.589
2026-03-09 08:00:00,6.57648,1.64576,0.507954,6.06852,0.390669,0.152691,0.214754,26.872
2026-03-09 09:00:00,5.86432,1.73912,0.433544,5.43078,0.417077,0.135744,0.218085,28.463
2026-03-09 10:00:00,3.55971,0.997117,0.344899,3.21481,0.401912,0.098574,0.196765,24.165
2026-03-09 11:00:00,3.51473,1.0755,0.387546,3.12718,0.41042,0.098402,0.192173,22.484
2026-03-09 12:00:00,3.4675,1.12874,0.376207,3.09129,0.405506,0.092768,0.184682,19.204
2026-03-09 13:00:00,3.68128,1.11554,0.31682,3.36446,0.434605,0.090531,0.181525,18.357
2026-03-09 14:00:00,3.93976,1.16354,0.37889,3.56087,0.432457,0.10637,0.193123,22.097
2026-03-09 15:00:00,3.58255,1.08628,0.33243,3.25012,0.420914,0.110665,0.197586,23.489
2026-03-09 16:00:00,4.49516,1.30521,0.353841,4.14131,0.421664,0.114923,0.201449,24.246
2026-03-09 17:00:00,4.29102,1.1821,0.613937,3.67709,0.464026,0.127986,0.217766,28.404
2026-03-09 18:00:00,3.51553,0.999867,0.362485,3.15305,0.438158,0.102923,0.198537,23.343
2026-03-09 19:00:00,3.07361,1.08839,0.25818,2.81543,0.417171,0.09065,0.188743,18.306
2026-03-09 20:00:00,2.37799,0.885986,0.208502,2.16948,0.417357,0.058193,0.155883,12.082
2026-03-09 21:00:00,2.28159,0.80451,0.352566,1.92902,0.401905,0.077054,0.15897,12.766
2026-03-09 22:00:00,2.89839,1.50176,0.24664,2.65176,0.324965,0.058028,0.140094,14.907
2026-03-09 23:00:00,2.74436,1.57903,0.211136,2.53322,0.311684,0.069199,0.14082,16.096
2026-03-10 00:00:00,1.28267,0.772692,0.076474,1.20619,0.291557,0.028172,0.105957,5.052
2026-03-10 01:00:00,0.91585,0.568145,0.043563,0.872287,0.278134,0.013853,0.091725,3.321
2026-03-10 02:00:00,0.755461,0.346224,0.031862,0.723599,0.370326,0.016155,0.100625,3.589
2026-03-10 03:00:00,0.648222,0.22857,0.028677,0.619545,0.33932,0.017464,0.108417,3.581
2026-03-10 04:00:00,0.466185,0.136952,0.039013,0.427172,0.340766,0.012587,0.104035,3.624
2026-03-10 05:00:00,0.537807,0.214437,0.036878,0.500929,0.321945,0.010001,0.096297,2.9
2026-03-10 06:00:00,1.94991,0.72112,0.130481,1.81943,0.345751,0.04283,0.133485,8.035
2026-03-10 07:00:00,4.45627,1.17024,0.337938,4.11834,0.434715,0.118597,0.195569,20.092
2026-03-10 08:00:00,4.71161,1.15594,0.373638,4.33797,0.43144,0.126385,0.205404,24.42
2026-03-10 09:00:00,7.62361,2.01151,0.497278,7.12633,0.415495,0.143625,0.225218,24.759
2026-03-10 10:00:00,6.55277,1.68365,0.389117,6.16365,0.417255,0.137247,0.225545,23.053
2026-03-10 11:00:00,3.04249,0.925332,0.30489,2.7376,0.414506,0.09619,0.223201,22.9
2026-03-10 12:00:00,3.6171,1.11777,0.47523,3.14187,0.430012,0.106029,0.213271,23.888
2026-03-10 13:00:00,3.15772,0.998017,0.313973,2.84375,0.424964,0.089656,0.212386,20.594
2026-03-10 14:00:00,3.25763,0.997437,0.313522,2.94411,0.41704,0.091683,0.217593,23.352
2026-03-10 15:00:00,4.00258,1.16215,0.389743,3.61284,0.416442,0.10508,0.220363,24.018
2026-03-10 16:00:00,4.74753,1.32687,0.465965,4.28156,0.415843,0.118477,0.223133,24.684
2026-03-10 17:00:00,5.3304,1.32137,0.595606,4.73479,0.415627,0.147669,0.238799,32.553
2026-03-10 18:00:00,4.39142,1.14838,0.395433,3.99599,0.423944,0.118341,0.215963,26.962
2026-03-10 19:00:00,3.99872,1.18516,0.393058,3.60567,0.401442,0.099732,0.208623,24.119
2026-03-10 20:00:00,2.72605,0.875417,0.377384,2.34867,0.391668,0.070312,0.187968,17.724
2026-03-10 21:00:00,5.76619,2.03465,0.430482,5.33571,0.369145,0.134354,0.203772,24.363
2026-03-10 22:00:00,4.94738,2.08574,0.424581,4.5228,0.368631,0.097558,0.17094,15.375
2026-03-10 23:00:00,1.62077,0.974021,0.116167,1.5046,0.349732,0.046581,0.176391,14.79
2026-03-11 00:00:00,1.80308,0.977807,0.151116,1.65196,0.334253,0.041172,0.161623,12.641
2026-03-11 01:00:00,1.28835,0.662048,0.079729,1.20862,0.283204,0.023404,0.113737,7.47
2026-03-11 02:00:00,1.34746,0.673727,0.068458,1.279,0.308314,0.022208,0.104503,6.083
2026-03-11 03:00:00,0.579302,0.236643,0.024499,0.554803,0.269129,0.010914,0.095032,3.509
2026-03-11 04:00:00,0.598562,0.20113,0.034663,0.563899,0.300747,0.012174,0.102206,4.337
2026-03-11 05:00:00,1.07145,0.446809,0.05165,1.0198,0.337357,0.019259,0.106462,5.429
2026-03-11 06:00:00,1.90507,0.730473,0.151504,1.75357,0.359025,0.04628,0.147667,9.732
2026-03-11 07:00:00,3.69964,1.00588,0.346445,3.3532,0.411364,0.113901,0.194874,22.201
2026-03-11 08:00:00,4.29576,1.04165,0.410218,3.88554,0.396844,0.12321,0.212742,24.522
2026-03-11 09:00:00,4.44955,1.27494,0.471688,3.97787,0.419475,0.128609,0.217671,25.229
2026-03-11 10:00:00,5.16406,1.46208,0.388041,4.77602,0.403042,0.110732,0.22352,26.976
2026-03-11 11:00:00,3.68655,1.07105,0.299123,3.38742,0.414177,0.105756,0.215797,21.826
2026-03-11 12:00:00,4.66944,1.56697,0.651525,4.01792,0.424661,0.106604,0.21761,22.062
2026-03-11 13:00:00,5.65234,2.0629,1.00393,4.64841,0.435145,0.107452,0.219423,22.298
2026-03-11 14:00:00,4.87614,1.4028,0.574463,4.30168,0.392519,0.125357,0.213493,25.869
2026-03-11 15:00:00,6.26679,1.85848,0.431477,5.83531,0.399124,0.129581,0.231223,25.941
2026-03-11 16:00:00,6.94102,1.97975,0.486481,6.45454,0.39879,0.162276,0.246862,34.286
2026-03-11 17:00:00,7.77444,2.05782,1.06032,6.71412,0.423252,0.171266,0.250254,36.736
2026-03-11 18:00:00,4.70467,1.32079,0.770839,3.93383,0.412055,0.127808,0.226762,26.955
2026-03-11 19:00:00,2.7508,0.853755,0.30098,2.44982,0.401918,0.101653,0.207152,21.378
2026-03-11 20:00:00,2.8635,1.00474,0.265736,2.59776,0.379994,0.095252,0.202583,19.351
2026-03-11 21:00:00,2.03987,0.758879,0.263371,1.7765,0.362249,0.058956,0.18134,14.165
2026-03-11 22:00:00,5.03093,2.27233,0.341448,4.68948,0.336085,0.093336,0.175139,13.913
2026-03-11 23:00:00,4.77783,2.89917,0.364726,4.41311,0.324935,0.079734,0.153547,17.123
2026-03-12 00:00:00,2.56218,1.74298,0.150859,2.41133,0.344789,0.042601,0.118569,10.793
2026-03-12 01:00:00,0.606603,0.417772,0.107787,0.498816,0.295336,0.015925,0.098495,4.807
2026-03-12 02:00:00,0.181229,0.103206,0.024728,0.156501,0.281134,0.010061,0.09828,2.919
2026-03-12 03:00:00,1.05296,0.519208,0.039543,1.01341,0.321464,0.0253,0.107331,4
2026-03-12 04:00:00,0.649536,0.282653,0.05641,0.593126,0.321347,0.028925,0.109692,7.29
2026-03-12 05:00:00,0.297335,0.146327,0.040927,0.256408,0.310665,0.010728,0.095795,5.23
2026-03-12 06:00:00,2.35019,0.880222,0.115051,2.23514,0.330191,0.038064,0.128244,9.039
2026-03-12 07:00:00,5.59452,1.41633,0.291075,5.30345,0.402754,0.129262,0.198342,19.83
2026-03-12 08:00:00,4.64326,1.12701,0.511432,4.13183,0.411594,0.127197,0.215126,23.355
2026-03-12 09:00:00,4.93633,1.25863,0.425582,4.51075,0.415096,0.115869,0.203853,24.724
2026-03-12 10:00:00,3.65277,1.03419,0.432871,3.2199,0.433216,0.097685,0.200423,24.844
2026-03-12 11:00:00,4.28219,1.25651,0.434184,3.848,0.433764,0.112875,0.208892,22.24
2026-03-12 12:00:00,3.82782,1.21827,0.360488,3.46733,0.404194,0.102399,0.197536,25.029
2026-03-12 13:00:00,9.74968,2.96343,0.584573,9.1651,0.395573,0.153267,0.212066,26.111
2026-03-12 14:00:00,5.67276,1.65098,0.584592,5.08817,0.396016,0.122871,0.221297,26.85
2026-03-12 15:00:00,3.32674,0.904005,0.386704,2.94003,0.464172,0.100628,0.222976,22.017
2026-03-12 16:00:00,3.45993,0.92462,0.356609,3.10332,0.418791,0.131443,0.230004,24.359
2026-03-12 17:00:00,5.02325,1.3424,0.552796,4.47045,0.445756,0.146302,0.244109,32.25
2026-03-12 18:00:00,6.4734,1.66926,0.569315,5.90409,0.415618,0.177954,0.248995,33.457
2026-03-12 19:00:00,4.6949,1.54235,0.511889,4.18301,0.408761,0.128795,0.217496,21.841
2026-03-12 20:00:00,3.92716,1.52334,0.895057,3.0321,0.425551,0.11757,0.219136,20.218
2026-03-12 21:00:00,2.71725,1.10637,0.33094,2.38631,0.372988,0.098595,0.164467,16.73
2026-03-12 22:00:00,5.64806,2.39528,0.741647,4.90641,0.348518,0.137131,0.175521,17.708
2026-03-12 23:00:00,6.94598,3.2795,0.644787,6.3012,0.333213,0.139994,0.154305,18.175
2026-03-13 00:00:00,2.06021,1.16265,0.117465,1.94275,0.305246,0.045767,0.128616,8.579
2026-03-13 01:00:00,0.764298,0.457664,0.078418,0.68588,0.30874,0.022552,0.120618,7.647
2026-03-13 02:00:00,1.8999,0.8429,0.119757,1.78014,0.533641,0.039938,0.130727,8.257
2026-03-13 03:00:00,11.8615,4.19431,0.448691,11.4128,0.34711,0.094982,0.118399,5.77
2026-03-13 04:00:00,16.7024,6.11809,0.607209,16.0952,0.336868,0.127337,0.12047,6.559
2026-03-13 05:00:00,0.258457,0.115382,0.028591,0.229866,0.279745,0.00707,0.094291,3.707
2026-03-13 06:00:00,2.31993,0.784289,0.146769,2.17316,0.30909,0.045614,0.135132,10.276
2026-03-13 07:00:00,4.18594,0.958319,0.386244,3.7997,0.414248,0.10941,0.198467,21.161
2026-03-13 08:00:00,6.52935,1.57107,0.618412,5.91094,0.406814,0.146734,0.220286,28.981
2026-03-13 09:00:00,3.75888,0.925377,0.53514,3.22374,0.418636,0.126089,0.213966,25.365
2026-03-13 10:00:00,4.42508,1.1458,0.386582,4.0385,0.425514,0.103873,0.203016,24.289
2026-03-13 11:00:00,4.06195,1.16388,1.18156,2.88039,0.467723,0.090028,0.193477,21.886
2026-03-13 12:00:00,4.66721,1.4212,0.60968,4.05753,0.437191,0.100901,0.192901,22.204
2026-03-13 13:00:00,3.77794,1.10531,0.406124,3.37182,0.401266,0.102076,0.200255,22.806
2026-03-13 14:00:00,4.53566,1.2488,0.387233,4.14842,0.412393,0.104483,0.204543,23.351
2026-03-13 15:00:00,4.27154,1.29441,0.437638,3.8339,0.41378,0.098681,0.203399,23.68
2026-03-13 16:00:00,5.25506,1.40435,0.639409,4.61566,0.42622,0.121768,0.203413,24.496
2026-03-13 17:00:00,6.18165,1.71617,0.765261,5.41639,0.435826,0.154888,0.23939,32.159
2026-03-13 18:00:00,4.28845,1.27937,0.450622,3.83783,0.419432,0.119225,0.224879,28.841
2026-03-13 19:00:00,3.6172,1.16759,0.483324,3.13388,0.400917,0.096818,0.217843,25.097
2026-03-13 20:00:00,3.36054,1.04106,0.386243,2.9743,0.400046,0.097519,0.205138,20.928
2026-03-13 21:00:00,4.1563,1.45529,0.466388,3.68991,0.371259,0.106187,0.201814,26.036
2026-03-13 22:00:00,3.94747,1.52648,0.292996,3.65448,0.340824,0.112697,0.181308,16.736
2026-03-13 23:00:00,3.09933,1.26092,0.264533,2.8348,0.322547,0.075153,0.166189,18.577
2026-03-14 00:00:00,3.00839,1.53333,0.199262,2.80913,0.293826,0.051136,0.137927,11.458
2026-03-14 01:00:00,1.12926,0.677014,0.100063,1.0292,0.299182,0.038381,0.109725,7.971
2026-03-14 02:00:00,2.65354,1.16588,0.072842,2.5807,0.335744,0.076457,0.139812,6.462
2026-03-14 03:00:00,9.56587,3.18014,0.233624,9.33225,0.311475,0.091734,0.123953,5.699
2026-03-14 04:00:00,0.899619,0.275618,0.044244,0.855375,0.346022,0.051624,0.116122,4.98
2026-03-14 05:00:00,0.298246,0.13127,0.027483,0.270763,0.29399,0.041583,0.105092,3.656
2026-03-14 06:00:00,1.95297,0.920346,0.119878,1.83309,0.302413,0.038071,0.116505,7.319
2026-03-14 07:00:00,2.36908,0.646937,0.203134,2.16595,0.364819,0.046551,0.163584,12.428
2026-03-14 08:00:00,6.95046,1.66518,0.623424,6.32704,0.372,0.127833,0.196553,23.136
2026-03-14 09:00:00,4.79725,1.19394,0.508702,4.28855,0.386498,0.13875,0.213055,27.563
2026-03-14 10:00:00,4.58764,1.08352,0.425586,4.16206,0.392276,0.127518,0.209694,25.779
2026-03-14 11:00:00,5.18072,1.23586,0.441154,4.73957,0.411314,0.123497,0.232747,31.314
2026-03-14 12:00:00,5.90155,1.72157,0.567748,5.3338,0.399263,0.144714,0.234216,35.096
2026-03-14 13:00:00,6.27864,1.82944,0.631775,5.64687,0.404675,0.15846,0.237988,35.987
2026-03-14 14:00:00,5.77662,1.70301,0.603786,5.17283,0.420053,0.151605,0.23665,36.037
2026-03-14 15:00:00,6.15257,1.74294,0.519873,5.6327,0.421404,0.139007,0.228426,28.869
2026-03-14 16:00:00,4.58663,1.43153,0.354854,4.23178,0.41631,0.125353,0.219866,23.644
2026-03-14 17:00:00,5.42704,1.53915,0.540249,4.88679,0.401967,0.1428,0.231675,28.637
2026-03-14 18:00:00,6.72711,2.0141,0.733706,5.99341,0.396513,0.169586,0.241854,31.971
2026-03-14 19:00:00,5.75879,2.24252,0.424117,5.33467,0.352891,0.110181,0.204227,25.06
2026-03-14 20:00:00,4.37071,1.88881,0.363149,4.00756,0.339474,0.097142,0.20243,24.88
2026-03-14 21:00:00,4.98553,1.96901,0.261945,4.72359,0.354568,0.099879,0.18319,18.969
2026-03-14 22:00:00,6.94811,2.813,0.349459,6.59865,0.365484,0.100448,0.161477,14.373
2026-03-14 23:00:00,4.32346,1.61806,0.219626,4.10383,0.291253,0.099681,0.145311,14.394
2026-03-15 00:00:00,8.19004,4.10323,1.31457,6.87547,0.359745,0.159446,0.14634,15.926
2026-03-15 01:00:00,2.85945,1.80293,0.440504,2.41894,0.292072,0.054749,0.111268,8.57
2026-03-15 02:00:00,0.908025,0.447744,0.067569,0.840456,0.339893,0.036125,0.108691,5.487
2026-03-15 03:00:00,1.61388,0.419407,0.098077,1.5158,0.362182,0.056508,0.115409,6.544
2026-03-15 04:00:00,0.355593,0.104279,0.039094,0.316499,0.335444,0.029573,0.106388,4.35
2026-03-15 05:00:00,0.351545,0.156104,0.032965,0.31858,0.328699,0.008512,0.096087,3.85
2026-03-15 06:00:00,0.519444,0.257405,0.036708,0.482736,0.308467,0.013905,0.104955,4.915
2026-03-15 07:00:00,1.45248,0.467937,0.089887,1.36259,0.351037,0.029618,0.134215,7.253
2026-03-15 08:00:00,2.36703,0.646022,0.205472,2.16155,0.369547,0.064617,0.169054,13.658
2026-03-15 09:00:00,2.8353,0.729243,0.2451,2.5902,0.407328,0.078033,0.178605,17.558
2026-03-15 10:00:00,10.7409,2.81618,0.606762,10.1341,0.405445,0.149532,0.221316,23.067
2026-03-15 11:00:00,6.63265,1.83121,0.477962,6.15468,0.400427,0.127351,0.221291,26.19
2026-03-15 12:00:00,4.58507,1.51823,0.515188,4.06988,0.398224,0.105038,0.217629,26.28
2026-03-15 13:00:00,3.44502,1.02959,0.33265,3.11237,0.422188,0.09228,0.211676,22.771
2026-03-15 14:00:00,4.14288,1.1197,0.390509,3.75237,0.397636,0.113469,0.221089,24.823
2026-03-15 15:00:00,6.20829,1.7274,0.739578,5.46871,0.407367,0.153451,0.236588,27.677
2026-03-15 16:00:00,5.99051,1.65119,0.954986,5.03552,0.424357,0.16475,0.236416,28.417
2026-03-15 17:00:00,6.40744,1.80288,0.418256,5.98918,0.392448,0.117793,0.206155,22.05
2026-03-15 18:00:00,5.28529,1.58432,0.375239,4.91005,0.405366,0.118845,0.19953,21.571
2026-03-15 19:00:00,2.80359,0.760192,0.291347,2.51224,0.413276,0.079406,0.18345,16.637
2026-03-15 20:00:00,2.31249,0.727197,0.253924,2.05856,0.392815,0.068264,0.179003,15.682
2026-03-15 21:00:00,3.18645,1.19972,0.450609,2.73584,0.368795,0.090691,0.171365,19.165
2026-03-15 22:00:00,4.80376,2.26592,0.327647,4.47611,0.302466,0.107048,0.17482,21.672
2026-03-15 23:00:00,2.00493,0.983775,0.167584,1.83735,0.304723,0.040576,0.133674,10.007
2026-03-16 00:00:00,2.30286,1.304,0.12133,2.18153,0.288128,0.040234,0.119102,8.123
2026-03-16 01:00:00,2.87536,1.65822,0.113728,2.76163,0.275366,0.047695,0.126378,9.641
2026-03-16 02:00:00,1.52487,0.605106,0.089683,1.43518,0.2991,0.025348,0.12565,9.872
2026-03-16 03:00:00,0.86838,0.23034,0.079063,0.789317,0.36459,0.023359,0.137307,6.234
2026-03-16 04:00:00,0.554254,0.158539,0.118895,0.435359,0.358733,0.020738,0.119832,8.597
2026-03-16 05:00:00,0.795998,0.29569,0.062709,0.733289,0.341185,0.021042,0.110407,7.673
2026-03-16 06:00:00,3.10304,0.89219,0.191171,2.91187,0.33493,0.061756,0.168183,14.424
2026-03-16 07:00:00,14.6504,3.70335,0.68775,13.9627,0.403519,0.190068,0.226494,22.536
2026-03-16 08:00:00,11.0375,2.6777,0.652689,10.3848,0.434524,0.180974,0.223865,25.041
2026-03-16 09:00:00,3.21884,0.792818,0.34654,2.8723,0.42591,0.107181,0.209785,23.588
2026-03-16 10:00:00,4.92786,1.15841,0.409964,4.5179,0.410526,0.110613,0.205195,27.37
2026-03-16 11:00:00,4.03068,1.02614,0.366631,3.66405,0.414682,0.102899,0.209661,25.695
2026-03-16 12:00:00,2.99099,0.786275,0.313974,2.67702,0.419146,0.091989,0.187788,20.762
2026-03-16 13:00:00,3.21617,0.81878,0.399743,2.81642,0.403552,0.086426,0.194105,19.871
2026-03-16 14:00:00,8.12318,1.83367,0.622599,7.50058,0.433043,0.128288,0.210115,24.241
2026-03-16 15:00:00,4.56179,1.17029,0.442477,4.11931,0.420757,0.118781,0.232713,26.467
2026-03-16 16:00:00,4.37424,1.08866,0.411266,3.96298,0.407502,0.128487,0.227429,27.023
2026-03-16 17:00:00,5.61188,1.38702,0.452063,5.15981,0.431448,0.138642,0.22145,28.096
2026-03-16 18:00:00,6.10271,1.48919,0.58058,5.52213,0.391988,0.136109,0.224103,30.232
2026-03-16 19:00:00,5.18429,1.44088,0.37593,4.80836,0.379344,0.118636,0.192004,22.99
2026-03-16 20:00:00,2.09378,0.732603,0.22196,1.87182,0.386712,0.063312,0.177276,15.171
2026-03-16 21:00:00,1.93226,0.643656,0.277089,1.65517,0.372978,0.052484,0.154257,11.562
2026-03-16 22:00:00,3.31491,1.17717,0.233171,3.08174,0.316962,0.08576,0.16205,12.337
2026-03-16 23:00:00,2.66983,1.08266,0.196232,2.4736,0.300807,0.076799,0.155572,13.819
2026-03-17 00:00:00,2.05746,0.951648,0.094741,1.96272,0.29616,0.039261,0.119163,9.478
2026-03-17 01:00:00,1.30527,0.625729,0.076694,1.22858,0.297251,0.025304,0.109469,8.037
2026-03-17 02:00:00,0.366427,0.22591,0.021436,0.344991,0.288059,0.012074,0.0969,3.3
2026-03-17 03:00:00,0.71314,0.287556,0.035919,0.677221,0.280115,0.020965,0.117638,4.16
2026-03-17 04:00:00,0.422735,0.14812,0.019091,0.403644,0.276872,0.011674,0.103088,2.628
2026-03-17 05:00:00,0.488057,0.203019,0.028852,0.459205,0.286724,0.012942,0.112063,3.294
2026-03-17 06:00:00,1.61229,0.741623,0.080667,1.53162,0.325896,0.055991,0.142802,7.732
2026-03-17 07:00:00,6.62189,1.65382,0.404595,6.21729,0.397059,0.137975,0.203208,26.145
2026-03-17 08:00:00,3.46483,0.862328,0.335513,3.12932,0.407507,0.119597,0.207978,23.45
2026-03-17 09:00:00,4.31215,1.08074,0.381492,3.93066,0.413302,0.145748,0.208706,24.713
2026-03-17 10:00:00,5.36726,1.51361,0.363131,5.00413,0.409053,0.115926,0.206953,25.592
2026-03-17 11:00:00,3.45661,0.836547,0.374367,3.08225,0.436253,0.094328,0.195652,20.595
2026-03-17 12:00:00,3.67269,1.01455,0.319477,3.35321,0.432515,0.113904,0.196283,23.626
2026-03-17 13:00:00,12.1607,3.19514,0.7018,11.4589,0.433787,0.150559,0.209548,23.413
2026-03-17 14:00:00,2.84334,0.845226,0.312335,2.53101,0.441042,0.08731,0.203485,21.858
2026-03-17 15:00:00,3.59226,1.02989,0.367745,3.22452,0.437723,0.099006,0.2222,22.972
2026-03-17 16:00:00,3.81671,1.11015,0.58566,3.23105,0.457818,0.119728,0.240194,25.15
2026-03-17 17:00:00,5.05415,1.24425,0.623045,4.43111,0.429375,0.157835,0.239844,31.2
2026-03-17 18:00:00,16.6894,4.73323,1.0572,15.6322,0.431908,0.211432,0.251829,30.946
2026-03-17 19:00:00,26.8358,8.20165,0.868088,25.9677,0.420937,0.227849,0.230256,27.664
2026-03-17 20:00:00,4.39454,1.55284,0.555355,3.83919,0.40539,0.096911,0.182139,18.8
2026-03-17 21:00:00,4.10465,1.45041,0.301619,3.80303,0.384751,0.09642,0.159665,15.106
2026-03-17 22:00:00,4.49121,1.8139,0.414142,4.07707,0.367908,0.095199,0.158525,17.514
2026-03-17 23:00:00,5.6946,3.05177,0.290566,5.40403,0.335699,0.083133,0.151699,13.959
2026-03-18 00:00:00,4.93139,2.34828,0.190696,4.74069,0.300201,0.060595,0.118855,8.403
2026-03-18 01:00:00,1.08069,0.459088,0.081267,0.999427,0.254317,0.033209,0.109074,7.375
2026-03-18 02:00:00,0.662573,0.321014,0.066685,0.595888,0.303063,0.025949,0.109665,5.686
2026-03-18 03:00:00,0.599918,0.203499,0.047375,0.552543,0.288,0.023301,0.112037,5.576
2026-03-18 04:00:00,0.557639,0.168166,0.036832,0.520807,0.312634,0.021486,0.102109,2.988
2026-03-18 05:00:00,0.41227,0.135526,0.023148,0.389122,0.308898,0.008006,0.092498,2.296
2026-03-18 06:00:00,2.43782,0.714904,0.126518,2.31131,0.357007,0.033345,0.130753,7.485
2026-03-18 07:00:00,4.42834,0.969002,0.428292,4.00005,0.406067,0.124753,0.19238,22.31
2026-03-18 08:00:00,5.2149,1.37596,0.38712,4.82778,0.418828,0.132094,0.199136,27.444
2026-03-18 09:00:00,4.03932,0.952669,0.498328,3.54099,0.403328,0.127151,0.205576,25.29
2026-03-18 10:00:00,3.20927,0.873034,0.369899,2.83937,0.428792,0.102926,0.192979,22.974
2026-03-18 11:00:00,4.82358,1.41953,0.420514,4.40307,0.41122,0.120288,0.203449,28.82
2026-03-18 12:00:00,6.20786,1.74182,0.60342,5.60444,0.373083,0.136942,0.215373,33.256
2026-03-18 13:00:00,3.20751,0.820754,0.301459,2.90605,0.398762,0.101733,0.191451,21.022
2026-03-18 14:00:00,4.62177,1.22528,0.378446,4.24332,0.422836,0.128596,0.200797,25.435
2026-03-18 15:00:00,4.54951,1.31641,0.521734,4.02778,0.418927,0.108216,0.20198,24.21
2026-03-18 16:00:00,4.0564,1.10109,0.43098,3.62542,0.440829,0.12086,0.206054,29.501
2026-03-18 17:00:00,5.14419,1.34383,0.546825,4.59737,0.42286,0.142937,0.214651,29.768
2026-03-18 18:00:00,15.7479,4.40625,0.755582,14.9923,0.386263,0.223746,0.257208,30.063
2026-03-18 19:00:00,9.31697,3.0388,0.695924,8.62105,0.390091,0.144053,0.212878,28.441
2026-03-18 20:00:00,4.43537,1.56175,0.41962,4.01574,0.390657,0.110043,0.211395,28.608
2026-03-18 21:00:00,5.70786,1.7893,0.455115,5.25274,0.356248,0.109473,0.195518,29.265
2026-03-18 22:00:00,2.30577,0.85972,0.249595,2.05617,0.395775,0.056446,0.166124,14.328
2026-03-18 23:00:00,2.93255,1.29759,0.197584,2.73497,0.3414,0.077655,0.160287,14.818
2026-03-19 00:00:00,1.73929,0.930101,0.128097,1.61119,0.330595,0.053795,0.157129,9.563
2026-03-19 01:00:00,1.4969,0.859298,0.128357,1.36854,0.402421,0.040619,0.149516,9.271
2026-03-19 02:00:00,1.17,0.477163,0.076841,1.09316,0.434466,0.024716,0.130208,7.935
2026-03-19 03:00:00,1.89589,0.513791,0.071548,1.82434,0.423563,0.03444,0.1126,7.186
2026-03-19 04:00:00,1.08993,0.378449,0.061376,1.02856,0.336085,0.023246,0.113089,5.517
2026-03-19 05:00:00,1.12707,0.511374,0.051202,1.07587,0.310636,0.019014,0.09472,4.263
2026-03-19 06:00:00,2.08627,0.74563,0.14188,1.94439,0.363872,0.038972,0.129579,8.98
2026-03-19 07:00:00,4.56414,1.17149,0.512974,4.05116,0.421718,0.130773,0.198874,22.764
2026-03-19 08:00:00,4.7746,1.14389,0.439916,4.33469,0.421531,0.146825,0.210983,25.434
2026-03-19 09:00:00,4.63943,1.19696,0.566229,4.0732,0.451049,0.134016,0.212074,28.405
2026-03-19 10:00:00,8.73606,2.36878,0.556064,8.18,0.429135,0.16929,0.230942,25.399
2026-03-19 11:00:00,3.00452,0.821356,0.306454,2.69807,0.44341,0.12014,0.230281,22.327
2026-03-19 12:00:00,4.65835,1.5154,0.380453,4.2779,0.406904,0.133337,0.227481,24.778
2026-03-19 13:00:00,4.48105,1.23786,0.668164,3.81289,0.421795,0.110749,0.219274,25.377
2026-03-19 14:00:00,3.48529,0.872631,0.546638,2.93865,0.451461,0.097129,0.195669,22.5
2026-03-19 15:00:00,4.07814,1.11852,0.369424,3.70872,0.425813,0.115726,0.211165,28.108
2026-03-19 16:00:00,5.65514,1.57437,0.643324,5.01182,0.423962,0.108882,0.212289,32.182
2026-03-19 17:00:00,5.3772,1.35582,0.585723,4.79147,0.444637,0.157582,0.229787,35.794
2026-03-19 18:00:00,5.70519,1.39151,0.513305,5.19188,0.437347,0.136793,0.214246,29.756
2026-03-19 19:00:00,10.5048,2.76296,0.788375,9.71641,0.4057,0.174391,0.230353,28.566
2026-03-19 20:00:00,3.51212,1.13148,0.440322,3.0718,0.403805,0.091359,0.202419,24.375
2026-03-19 21:00:00,2.84514,0.91249,0.422243,2.4229,0.40639,0.075852,0.186469,22.517
2026-03-19 22:00:00,2.52229,1.04055,0.265289,2.257,0.394782,0.067764,0.180464,17.764
2026-03-19 23:00:00,1.2819,0.608689,0.138528,1.14337,0.337045,0.048111,0.150655,11.433
2026-03-20 00:00:00,1.1623,0.542116,0.087485,1.07481,0.335222,0.031283,0.12166,10.819
2026-03-20 01:00:00,2.23238,1.01288,0.09361,2.13877,0.357352,0.035608,0.113061,9.823
2026-03-20 02:00:00,0.942406,0.489816,0.075785,0.866621,0.343517,0.024425,0.108457,9.607
2026-03-20 03:00:00,2.47009,1.17066,0.094137,2.37595,0.331643,0.029441,0.104415,5.077
2026-03-20 04:00:00,6.39371,3.18412,0.241835,6.15188,0.278699,0.057488,0.100945,4.562
2026-03-20 05:00:00,0.226221,0.119189,0.033491,0.19273,0.276465,0.009285,0.100149,3.779
2026-03-20 06:00:00,1.88902,0.660959,0.13391,1.75511,0.351214,0.055268,0.14254,10.024
2026-03-20 07:00:00,4.54502,1.09836,0.362798,4.18222,0.426488,0.125428,0.206417,22.821
2026-03-20 08:00:00,5.26452,1.34025,0.438611,4.82591,0.40622,0.149687,0.217099,29.816
2026-03-20 09:00:00,7.61562,2.01899,0.551424,7.06419,0.402583,0.145535,0.217518,29.554
2026-03-20 10:00:00,4.38111,1.12163,0.363634,4.01747,0.43247,0.113785,0.204165,22.664
2026-03-20 11:00:00,12.618,3.03025,0.692819,11.9251,0.396186,0.177224,0.210502,28.109
2026-03-20 12:00:00,13.8888,3.81559,0.618632,13.2701,0.413877,0.18629,0.208033,30.898
2026-03-20 13:00:00,3.28164,0.864499,0.294621,2.98702,0.430258,0.09001,0.181914,18.965
2026-03-20 14:00:00,4.0851,1.15138,0.361772,3.72333,0.439084,0.110828,0.19056,21.172
2026-03-20 15:00:00,3.89551,1.01657,0.54393,3.35158,0.441514,0.104065,0.194562,23.15
2026-03-20 16:00:00,4.22199,1.0732,0.532329,3.68966,0.44655,0.123329,0.212995,25.623
2026-03-20 17:00:00,9.26437,2.23777,0.695922,8.56845,0.423235,0.182431,0.235361,36.169
2026-03-20 18:00:00,6.54033,1.70677,0.505738,6.03459,0.421915,0.16523,0.225646,34.922
2026-03-20 19:00:00,4.74425,1.42128,0.450665,4.29358,0.397201,0.122276,0.198886,27.705
2026-03-20 20:00:00,6.55493,2.12271,1.12053,5.4344,0.391995,0.155179,0.217885,28.032
2026-03-20 21:00:00,4.31153,1.34149,0.492661,3.81887,0.400566,0.101834,0.177812,25.233
2026-03-20 22:00:00,3.61107,1.35246,0.230869,3.3802,0.371901,0.079397,0.153325,20.382
2026-03-20 23:00:00,3.76025,1.74409,0.243396,3.51685,0.321597,0.079984,0.143103,17.511
2026-03-21 00:00:00,3.36447,1.41722,0.146926,3.21754,0.313553,0.076508,0.127436,11.579
2026-03-21 01:00:00,4.34074,1.93783,0.137583,4.20316,0.298592,0.071205,0.123468,13.081
2026-03-21 02:00:00,2.1914,0.857353,0.089329,2.10207,0.322956,0.06104,0.126571,12.212
2026-03-21 03:00:00,1.21076,0.466395,0.090769,1.11999,0.346046,0.034194,0.11344,5.482
2026-03-21 04:00:00,0.466666,0.181441,0.036548,0.430118,0.358094,0.014347,0.103337,3.568
2026-03-21 05:00:00,0.580749,0.258111,0.039736,0.541013,0.297387,0.012827,0.090538,2.796
2026-03-21 06:00:00,1.31731,0.529893,0.11866,1.19865,0.335757,0.033109,0.120349,7.363
2026-03-21 07:00:00,3.10104,0.761179,0.334913,2.76613,0.41459,0.067971,0.157357,14.024
2026-03-21 08:00:00,5.37486,1.24765,0.408092,4.96677,0.404523,0.126697,0.206467,22.256
2026-03-21 09:00:00,5.60642,1.34253,0.48664,5.11978,0.405177,0.130109,0.20402,27.626
2026-03-21 10:00:00,6.79985,1.63537,0.589755,6.2101,0.396983,0.187545,0.229654,33.12
2026-03-21 11:00:00,4.56633,1.1631,0.435251,4.13108,0.423113,0.129323,0.206514,23.434
2026-03-21 12:00:00,4.0436,1.076,0.482081,3.56152,0.429224,0.108532,0.192049,22.308
2026-03-21 13:00:00,5.00084,1.27572,0.326795,4.67404,0.421732,0.112589,0.188385,21.215
2026-03-21 14:00:00,4.25129,0.989133,0.3354,3.91589,0.418482,0.115975,0.194432,20.979
2026-03-21 15:00:00,4.64173,1.25656,0.563694,4.07804,0.408996,0.146403,0.203478,24.144
2026-03-21 16:00:00,4.66931,1.28915,0.537451,4.13185,0.400719,0.14357,0.20641,24.015
2026-03-21 17:00:00,4.80863,1.40685,0.715222,4.09341,0.437385,0.141113,0.20762,29.619
2026-03-21 18:00:00,4.98651,1.53242,0.859039,4.12747,0.409702,0.171987,0.212526,29.959
2026-03-21 19:00:00,4.05672,1.24758,0.550749,3.50597,0.402463,0.132896,0.194715,24.5175
2026-03-21 20:00:00,3.12693,0.962725,0.242458,2.88447,0.395224,0.093806,0.176903,19.076
2026-03-21 21:00:00,5.47596,1.58356,0.464602,5.01136,0.33979,0.109113,0.177431,25.124
2026-03-21 22:00:00,5.00761,1.57175,0.319254,4.68835,0.348298,0.109926,0.163698,24.891
2026-03-21 23:00:00,6.11802,2.01782,0.315166,5.80286,0.333006,0.089353,0.142466,15.824
2026-03-22 00:00:00,4.29011,1.44741,0.214813,4.0753,0.297886,0.074636,0.135585,16.011
2026-03-22 01:00:00,1.38143,0.490217,0.076879,1.30455,0.303226,0.042452,0.109752,7.558
2026-03-22 02:00:00,0.939379,0.282775,0.051027,0.888352,0.349778,0.025411,0.104931,5.056
2026-03-22 03:00:00,0.997662,0.236862,0.04814,0.949522,0.344783,0.033707,0.107147,5.272
2026-03-22 04:00:00,0.29194,0.096287,0.022481,0.269459,0.308789,0.011167,0.094349,3.377
2026-03-22 05:00:00,0.514035,0.174486,0.035322,0.478713,0.281028,0.009771,0.093788,3.426
2026-03-22 06:00:00,0.714026,0.241225,0.059112,0.654914,0.330086,0.017439,0.11528,5.442
2026-03-22 07:00:00,2.81573,0.788279,0.257306,2.55843,0.400197,0.066983,0.153883,13.043
2026-03-22 08:00:00,2.47019,0.602486,0.273637,2.19655,0.39199,0.071275,0.171428,15.926
2026-03-22 09:00:00,3.20054,0.767873,0.419642,2.7809,0.419459,0.090182,0.185137,17.775
2026-03-22 10:00:00,3.93089,0.93326,0.565647,3.36524,0.446929,0.10909,0.198846,19.624
2026-03-22 11:00:00,4.03241,0.938206,0.327423,3.70499,0.425828,0.115362,0.194607,20.471
2026-03-22 12:00:00,4.41335,1.14099,0.367871,4.04548,0.381817,0.106383,0.186779,22.799
2026-03-22 13:00:00,3.11492,0.799519,0.385036,2.72989,0.413522,0.096968,0.186963,18.486
2026-03-22 14:00:00,11.784,3.19175,0.610573,11.1734,0.412503,0.165044,0.197631,24.191
2026-03-22 15:00:00,8.16704,2.25341,0.602807,7.56423,0.415125,0.148915,0.20388,26.995
2026-03-22 16:00:00,4.55013,1.31506,0.595041,3.95508,0.417747,0.132786,0.210128,29.799
2026-03-22 17:00:00,4.41216,1.27815,0.51566,3.8965,0.422007,0.123907,0.199153,25.22
2026-03-22 18:00:00,6.01027,1.89479,0.781907,5.22837,0.409927,0.12471,0.192419,24.761
2026-03-22 19:00:00,4.77004,1.4668,0.396534,4.3735,0.388829,0.126492,0.186292,19.433
2026-03-22 20:00:00,3.83654,1.11268,0.416076,3.42046,0.377287,0.107964,0.182571,22.3
2026-03-22 21:00:00,3.52467,1.15035,0.36389,3.16078,0.374837,0.117336,0.179107,18.197
2026-03-22 22:00:00,3.62754,1.303,0.31602,3.31152,0.364551,0.085777,0.154067,16.157
2026-03-22 23:00:00,4.04431,1.67397,0.289441,3.75487,0.315342,0.091502,0.143612,14.316
2026-03-23 00:00:00,4.02056,1.90728,0.229419,3.79114,0.334976,0.071681,0.129448,11.505
2026-03-23 01:00:00,3.61798,1.55012,0.12644,3.49154,0.339884,0.072409,0.123417,11.495
2026-03-23 02:00:00,3.22443,1.05858,0.116844,3.10758,0.336138,0.056499,0.117558,9.582
2026-03-23 03:00:00,0.47186,0.123073,0.052669,0.419191,0.379591,0.036177,0.119389,5.062
2026-03-23 04:00:00,0.277911,0.088226,0.038257,0.239654,0.329057,0.013349,0.104634,4.121
2026-03-23 05:00:00,0.426819,0.160218,0.041354,0.385465,0.288118,0.011744,0.098953,3.051
2026-03-23 06:00:00,1.58871,0.477089,0.159406,1.4293,0.362217,0.042798,0.137731,9.335
2026-03-23 07:00:00,4.89114,1.26841,0.396088,4.49505,0.388102,0.110486,0.180085,19.318
2026-03-23 08:00:00,8.19357,2.05972,0.632771,7.5608,0.413988,0.178174,0.222438,29.301
2026-03-23 09:00:00,5.4658,1.31263,0.501431,4.96437,0.42293,0.144481,0.212551,28.988
2026-03-23 10:00:00,6.54868,1.5445,0.763793,5.78489,0.430263,0.15075,0.225153,32.893
2026-03-23 11:00:00,5.98417,1.44058,0.686118,5.29805,0.39699,0.141981,0.211754,27.824
2026-03-23 12:00:00,3.82201,1.08765,0.33696,3.48505,0.404909,0.109243,0.195448,20.376
2026-03-23 13:00:00,3.76549,0.971487,0.421452,3.34403,0.407993,0.105168,0.196786,22.936
2026-03-23 14:00:00,5.11303,1.44354,0.57608,4.53695,0.427939,0.112188,0.194,25.141
2026-03-23 15:00:00,4.64462,1.2774,0.414349,4.23027,0.434312,0.137781,0.205594,26.805
2026-03-23 16:00:00,4.56253,1.20766,0.405857,4.15668,0.424959,0.117624,0.203178,24.215
2026-03-23 17:00:00,5.71318,1.48472,0.70788,5.0053,0.430897,0.157177,0.227178,32.319
2026-03-23 18:00:00,5.73095,1.41715,0.576266,5.15469,0.387042,0.154073,0.221184,34.124
2026-03-23 19:00:00,3.18901,0.859572,0.428323,2.76069,0.403705,0.134083,0.194404,26.301
2026-03-23 20:00:00,2.55775,0.708519,0.333653,2.2241,0.406428,0.130347,0.18313,19.967
2026-03-23 21:00:00,3.92609,1.19844,0.474903,3.45119,0.396049,0.085079,0.164168,20.978
2026-03-23 22:00:00,4.04685,1.51228,0.477006,3.56985,0.348675,0.116607,0.166083,26.286
2026-03-23 23:00:00,3.49923,1.5109,0.236998,3.26223,0.32544,0.086974,0.147658,18.611
2026-03-24 00:00:00,0.830692,0.29562,0.0601,0.770592,0.332807,0.026029,0.109856,4.84
2026-03-24 01:00:00,0.476982,0.172071,0.042004,0.434978,0.327015,0.02037,0.101488,3.518
2026-03-24 02:00:00,0.370753,0.11338,0.037638,0.333115,0.393869,0.02506,0.105993,3.484
2026-03-24 03:00:00,0.550525,0.152163,0.038707,0.511818,0.495217,0.033286,0.113902,4.127
2026-03-24 04:00:00,0.304541,0.111799,0.02294,0.281601,0.347781,0.018143,0.103044,2.315
2026-03-24 05:00:00,0.543116,0.170899,0.023455,0.519661,0.325069,0.016697,0.104354,2.905
2026-03-24 06:00:00,2.07801,0.568696,0.149835,1.92818,0.370402,0.051614,0.139702,10.295
2026-03-24 07:00:00,7.27525,1.49697,0.673847,6.60141,0.414693,0.153749,0.203682,26.483
2026-03-24 08:00:00,4.25535,1.08114,0.463726,3.79163,0.413886,0.123822,0.204425,24.703
2026-03-24 09:00:00,4.02799,0.99555,0.415995,3.612,0.410672,0.120313,0.206908,26.57
2026-03-24 10:00:00,2.96429,0.833604,0.321473,2.64282,0.413487,0.08488,0.191385,20.494
2026-03-24 11:00:00,4.06723,1.10044,0.367052,3.70018,0.431932,0.102548,0.195867,21.443
2026-03-24 12:00:00,4.5399,1.15755,0.39456,4.14534,0.445863,0.127716,0.207023,25.415
2026-03-24 13:00:00,3.62825,0.918545,0.383622,3.24463,0.426769,0.115393,0.19504,20.488
2026-03-24 14:00:00,5.88115,1.59036,2.78055,3.1006,0.506277,0.117014,0.207777,22.247
2026-03-24 15:00:00,2.8885,0.760131,0.408467,2.48003,0.432845,0.087088,0.186054,18.467
2026-03-24 16:00:00,4.12205,1.16376,0.447606,3.67445,0.417262,0.126167,0.211391,24.294
2026-03-24 17:00:00,5.10131,1.27151,0.66148,4.43983,0.446569,0.164852,0.22485,31.857
2026-03-24 18:00:00,4.65228,1.23599,0.591343,4.06094,0.421183,0.135741,0.218547,29.888
2026-03-24 19:00:00,4.36804,1.21808,0.544228,3.82381,0.425534,0.123257,0.198733,28.403
2026-03-24 20:00:00,5.33451,1.62143,0.701361,4.63315,0.434839,0.143502,0.199115,23.506
2026-03-24 21:00:00,4.8518,1.56712,0.454997,4.3968,0.37595,0.106742,0.166744,19.537
2026-03-24 22:00:00,10.8462,3.89591,0.463679,10.3825,0.355135,0.273213,0.18353,21.414
2026-03-24 23:00:00,2.56244,1.03742,0.19285,2.36959,0.305473,0.058937,0.136714,15.566
2026-03-25 00:00:00,2.17095,0.859442,0.130257,2.04069,0.318346,0.052949,0.12278,8.466
2026-03-25 01:00:00,1.26545,0.469729,0.060625,1.20482,0.30304,0.036627,0.107356,4.995
2026-03-25 02:00:00,1.27283,0.399508,0.036298,1.23653,0.383108,0.05454,0.111031,3.276
2026-03-25 03:00:00,0.786396,0.238158,0.026554,0.759842,0.333789,0.053436,0.110377,2.974
2026-03-25 04:00:00,0.358022,0.123883,0.03554,0.322482,0.33088,0.01294,0.092128,1.977
2026-03-25 05:00:00,0.424503,0.165951,0.031745,0.392758,0.300429,0.01329,0.095168,2.665
2026-03-25 06:00:00,4.70512,1.50227,0.179284,4.52584,0.374832,0.057688,0.139584,10.512
2026-03-25 07:00:00,5.54037,1.36462,0.422723,5.11765,0.422992,0.139732,0.1985,25.351
2026-03-25 08:00:00,5.26936,1.23868,0.427831,4.84153,0.40558,0.143809,0.208507,27.882
2026-03-25 09:00:00,3.68076,0.862812,0.34229,3.33847,0.41974,0.123136,0.206201,26.09
2026-03-25 10:00:00,5.10517,1.27502,0.878574,4.2266,0.424957,0.122621,0.20492,28.134
2026-03-25 11:00:00,4.05938,1.0103,0.65055,3.40883,0.44194,0.110892,0.20311,22.833
2026-03-25 12:00:00,3.46917,0.991757,0.368384,3.10078,0.417761,0.106243,0.190937,22.968
2026-03-25 13:00:00,3.2476,0.942973,0.331665,2.91593,0.429162,0.090746,0.185874,17.374
2026-03-25 14:00:00,3.98538,1.16192,0.349468,3.63591,0.427238,0.099241,0.187207,20.484
2026-03-25 15:00:00,6.63557,1.88297,0.46199,6.17358,0.393511,0.153473,0.207598,26.334
2026-03-25 16:00:00,7.48169,1.98559,0.439883,7.04181,0.38597,0.145344,0.212355,28.349
2026-03-25 17:00:00,6.38464,1.57568,0.838918,5.54573,0.423581,0.177689,0.230174,34.85
2026-03-25 18:00:00,5.52399,1.50517,0.682908,4.84108,0.43845,0.13988,0.215859,21.249
2026-03-25 19:00:00,3.36923,1.06218,0.441795,2.92744,0.410973,0.109442,0.199674,25.746
2026-03-25 20:00:00,5.19376,1.56063,0.499117,4.69465,0.383448,0.130377,0.190205,23.336
2026-03-25 21:00:00,4.42052,1.47942,0.366205,4.05432,0.390427,0.113058,0.177598,22.816
2026-03-25 22:00:00,3.99314,1.52526,0.311544,3.6816,0.356094,0.096119,0.160797,18.213
2026-03-25 23:00:00,3.86217,1.77816,0.232375,3.62979,0.305479,0.066806,0.134882,16.234
2026-03-26 00:00:00,1.48792,0.617393,0.122528,1.36539,0.320349,0.031683,0.120122,8.686
2026-03-26 01:00:00,0.788915,0.317598,0.069748,0.719167,0.325872,0.023607,0.107927,5.437
2026-03-26 02:00:00,1.16088,0.404208,0.052815,1.10807,0.386402,0.057151,0.121461,5.715
2026-03-26 03:00:00,0.483473,0.139651,0.040784,0.442689,0.409296,0.043283,0.117768,5.128
2026-03-26 04:00:00,0.208541,0.067271,0.022257,0.186284,0.408898,0.012295,0.102882,2.992
2026-03-26 05:00:00,0.076076,0.029834,0.015204,0.060872,0.290588,0.009817,0.090674,1.886
2026-03-26 06:00:00,2.3533,0.686494,0.156584,2.19672,0.360853,0.056569,0.143374,10.382
2026-03-26 07:00:00,5.97658,1.44571,0.434183,5.54239,0.409739,0.150751,0.20357,24.003
2026-03-26 08:00:00,6.02827,1.50556,1.20654,4.82173,0.434877,0.139039,0.211122,28.927
2026-03-26 09:00:00,2.91138,0.730402,0.323372,2.58801,0.422608,0.112193,0.209599,25.308
2026-03-26 10:00:00,3.93723,0.889165,0.671599,3.26563,0.44036,0.104984,0.202482,26.147
2026-03-26 11:00:00,3.64819,0.96106,0.577389,3.0708,0.456544,0.102566,0.199606,20.84
2026-03-26 12:00:00,4.01438,1.08909,0.441942,3.57244,0.425725,0.115557,0.199217,21.959
2026-03-26 13:00:00,3.05479,0.799264,0.422425,2.63236,0.427973,0.098644,0.195764,23.169
2026-03-26 14:00:00,4.78411,1.13153,0.881542,3.90257,0.422453,0.108257,0.203448,27.636
2026-03-26 15:00:00,3.36706,0.815269,0.559976,2.80708,0.424671,0.108906,0.213061,25.724
2026-03-26 16:00:00,4.70192,1.12379,0.424051,4.27787,0.428357,0.129192,0.214185,26.552
2026-03-26 17:00:00,5.49116,1.32637,0.561491,4.92967,0.459017,0.173055,0.23514,33.779
2026-03-26 18:00:00,4.53761,1.09445,0.451582,4.08603,0.447911,0.123265,0.208723,28.365
2026-03-26 19:00:00,3.56648,1.00919,0.497288,3.06919,0.407379,0.110228,0.203538,23.908
2026-03-26 20:00:00,4.18131,1.33163,0.580276,3.60104,0.408908,0.113689,0.186274,23.673
2026-03-26 21:00:00,3.53287,1.11447,0.409668,3.1232,0.397913,0.096377,0.169465,19.612
2026-03-26 22:00:00,2.99783,1.16375,0.397734,2.60009,0.3791,0.079524,0.149856,15.752
2026-03-26 23:00:00,1.65862,0.832641,0.168475,1.49015,0.334154,0.050385,0.132347,12.177
2026-03-27 00:00:00,1.71627,0.898571,0.118847,1.59742,0.32319,0.036765,0.111379,7.57
2026-03-27 01:00:00,2.95597,1.55414,0.113811,2.84216,0.275248,0.037911,0.097937,5.235
2026-03-27 02:00:00,0.472614,0.364672,0.023664,0.44895,0.219478,0.011373,0.06793,1.503
2026-03-27 03:00:00,0.140204,0.086975,0.011004,0.1292,0.208653,0.00375,0.070573,1.102
2026-03-27 04:00:00,0.081848,0.055527,0.010469,0.071379,0.217255,0.003333,0.070145,1.106
2026-03-27 05:00:00,0.343306,0.206562,0.030144,0.313162,0.267768,0.010024,0.085702,2.464
2026-03-27 06:00:00,2.03606,0.632708,0.167942,1.86811,0.385222,0.048988,0.137473,10.029
2026-03-27 07:00:00,4.59986,1.08079,0.560425,4.03943,0.435239,0.125541,0.196348,23.793
2026-03-27 08:00:00,5.44322,1.17311,0.624893,4.81833,0.443222,0.153378,0.214484,29.758
2026-03-27 09:00:00,4.3164,1.0085,0.559153,3.75724,0.426109,0.134409,0.212793,28.639
2026-03-27 10:00:00,4.28239,1.02156,0.480752,3.80164,0.434623,0.105123,0.198328,22.871
2026-03-27 11:00:00,2.89509,0.697277,0.341815,2.55328,0.455607,0.097564,0.206745,21.289
2026-03-27 12:00:00,4.16289,1.0539,0.343706,3.81919,0.418932,0.113954,0.199807,21.768
2026-03-27 13:00:00,8.37832,2.303,0.396688,7.98163,0.410612,0.18193,0.203367,26.071
2026-03-27 14:00:00,11.4909,2.90615,0.431247,11.0597,0.428165,0.132451,0.203245,26.887
2026-03-27 15:00:00,5.56549,1.36879,0.488259,5.07723,0.414368,0.150572,0.218225,29.083
2026-03-27 16:00:00,4.74686,1.16688,0.491249,4.25561,0.418551,0.1346,0.213306,27.458
2026-03-27 17:00:00,6.8976,1.7569,0.74813,6.14947,0.428431,0.177931,0.232109,34.381
2026-03-27 18:00:00,6.9752,1.94187,0.671936,6.30326,0.390154,0.177282,0.225534,32.478
2026-03-27 19:00:00,5.22099,1.60646,0.494832,4.72616,0.383106,0.125728,0.199872,27.882
2026-03-27 20:00:00,4.59925,1.42215,0.460506,4.13874,0.371742,0.135193,0.207243,33.08
2026-03-27 21:00:00,3.3556,0.978879,0.509171,2.84643,0.423766,0.095437,0.181443,28.021
2026-03-27 22:00:00,4.9026,1.65852,0.468007,4.43459,0.356031,0.107818,0.163882,19.546
2026-03-27 23:00:00,3.03414,1.19737,0.266063,2.76807,0.346122,0.06875,0.144173,15.465
2026-03-28 00:00:00,6.40755,2.79562,0.195235,6.21232,0.337559,0.102059,0.134544,13.613
2026-03-28 01:00:00,1.40934,0.72274,0.153603,1.25574,0.313788,0.039222,0.110707,7.824
2026-03-28 02:00:00,1.65508,0.78514,0.083612,1.57146,0.343074,0.034341,0.113321,6.511
2026-03-28 03:00:00,1.26662,0.517833,0.047963,1.21866,0.32164,0.021567,0.099048,4.442
2026-03-28 04:00:00,0.124894,0.043426,0.0211,0.103794,0.331514,0.007138,0.093147,2.779
2026-03-28 05:00:00,0.415403,0.191961,0.028618,0.386785,0.286585,0.014867,0.093675,2.362
2026-03-28 06:00:00,1.64756,0.68591,0.100681,1.54688,0.346983,0.035858,0.122343,8.372
2026-03-28 07:00:00,2.89411,0.862368,0.290399,2.60371,0.394933,0.075333,0.15933,14.386
2026-03-28 08:00:00,4.15811,1.1112,0.355864,3.80225,0.40617,0.102634,0.18053,15.655
2026-03-28 09:00:00,4.05086,0.961743,0.385718,3.66514,0.416458,0.111598,0.195698,23.643
2026-03-28 10:00:00,4.73627,1.22006,0.461211,4.27506,0.423467,0.125943,0.203065,28.575
2026-03-28 11:00:00,6.23948,1.56221,0.445257,5.79423,0.448224,0.160446,0.211681,30.525
2026-03-28 12:00:00,4.84249,1.46122,0.495075,4.34741,0.42186,0.112291,0.20165,24.071
2026-03-28 13:00:00,3.95348,1.30306,0.362074,3.59141,0.41704,0.098878,0.180584,20.395
2026-03-28 14:00:00,5.73651,1.65891,0.595094,5.14142,0.432887,0.120083,0.193796,25.653
2026-03-28 15:00:00,4.42623,1.28222,0.527984,3.89825,0.440401,0.106655,0.195725,25.116
2026-03-28 16:00:00,4.36821,1.15684,0.468704,3.89951,0.431069,0.126338,0.204961,25.393
2026-03-28 17:00:00,4.24707,1.06124,0.440839,3.80623,0.43018,0.121846,0.198757,22.803
2026-03-28 18:00:00,5.61777,1.5324,0.518391,5.09938,0.400164,0.125595,0.209243,24.422
2026-03-28 19:00:00,5.026,1.83431,0.778943,4.24706,0.418465,0.121031,0.192863,26.985
2026-03-28 20:00:00,3.05041,1.0636,0.381082,2.66933,0.409196,0.081151,0.170859,20.919
2026-03-28 21:00:00,3.4278,1.22948,0.535459,2.89234,0.384692,0.086031,0.16724,21.419
2026-03-28 22:00:00,3.8942,2.04742,0.338874,3.55533,0.344925,0.101746,0.164137,23.387
2026-03-28 23:00:00,4.06451,2.19466,0.242807,3.8217,0.295722,0.078275,0.14045,17.72
2026-03-29 00:00:00,2.75582,1.62298,0.11893,2.63689,0.301282,0.057685,0.115626,10.508
2026-03-29 01:00:00,0.956114,0.600575,0.050084,0.90603,0.262576,0.029233,0.09716,6.897
2026-03-29 02:00:00,0.501067,0.239974,0.036208,0.464859,0.283694,0.030359,0.096339,3.909
2026-03-29 03:00:00,0.443595,0.17645,0.020815,0.42278,0.284526,0.024875,0.093309,2.055
2026-03-29 04:00:00,0.396131,0.158579,0.036999,0.359132,0.298507,0.014937,0.097636,4.828
2026-03-29 05:00:00,0.669478,0.309371,0.031823,0.637655,0.248994,0.011593,0.084029,3.631
2026-03-29 06:00:00,1.25853,0.500213,0.077838,1.1807,0.30564,0.029018,0.112871,5.659
2026-03-29 07:00:00,5.55839,1.72943,0.2097,5.34869,0.367924,0.093833,0.16018,12.586
2026-03-29 08:00:00,3.91747,0.991263,0.327432,3.59004,0.41552,0.104082,0.178434,15.381
2026-03-29 09:00:00,3.76664,0.878415,0.375004,3.39164,0.417848,0.105648,0.1927,24.099
2026-03-29 10:00:00,3.22283,0.800505,0.390596,2.83224,0.455923,0.09621,0.192938,19.951
2026-03-29 11:00:00,4.23277,1.05819,0.591308,3.64146,0.437768,0.114937,0.193008,20.219
2026-03-29 12:00:00,4.79301,1.26265,0.358014,4.43499,0.428332,0.110354,0.184255,20.134
2026-03-29 13:00:00,5.32208,1.57551,0.574242,4.74784,0.399707,0.113303,0.188535,22.214
2026-03-29 14:00:00,5.52523,1.5221,0.54776,4.97747,0.438555,0.124804,0.197118,25.763
2026-03-29 15:00:00,5.30598,1.76044,0.419717,4.88626,0.425433,0.155064,0.209899,26.371
2026-03-29 16:00:00,6.15853,1.68174,0.535167,5.62336,0.43927,0.149869,0.208729,26.634
2026-03-29 17:00:00,5.44604,1.33744,0.478978,4.96706,0.416288,0.143393,0.210404,28.374
2026-03-29 18:00:00,4.70491,1.2323,0.482044,4.22287,0.408784,0.130604,0.194548,25.376
2026-03-29 19:00:00,3.43368,0.985558,0.590099,2.84359,0.438082,0.088001,0.175905,18.709
2026-03-29 20:00:00,2.87938,0.79278,0.287944,2.59143,0.416767,0.082124,0.172689,19.733
2026-03-29 21:00:00,4.73874,1.35625,0.399942,4.33879,0.392487,0.105083,0.176552,22.339
2026-03-29 22:00:00,3.34289,1.48837,0.236701,3.10618,0.329467,0.075633,0.15579,17.547
2026-03-29 23:00:00,5.08365,2.2122,0.229358,4.85429,0.308692,0.11214,0.148193,12.789
2026-03-30 00:00:00,1.55275,0.846644,0.087153,1.46559,0.292739,0.029895,0.106583,5.761
2026-03-30 01:00:00,0.207908,0.105645,0.024037,0.183871,0.264504,0.008083,0.084063,2.028
2026-03-30 02:00:00,1.19773,0.536617,0.038769,1.15896,0.309943,0.029211,0.098066,3.217
2026-03-30 03:00:00,0.810293,0.312854,0.041003,0.76929,0.294031,0.025761,0.093788,3.862
2026-03-30 04:00:00,0.385774,0.148488,0.143358,0.242416,0.296151,0.010058,0.08802,1.909
2026-03-30 05:00:00,0.407417,0.168354,0.067637,0.33978,0.299712,0.008701,0.09068,2.227
2026-03-30 06:00:00,1.71674,0.478733,0.126728,1.59001,0.358356,0.058067,0.145129,12.295
2026-03-30 07:00:00,5.38406,1.32874,0.470566,4.9135,0.42364,0.125991,0.194912,22.936
2026-03-30 08:00:00,5.46769,1.47536,0.467665,5.00003,0.408435,0.140467,0.203631,26.612
2026-03-30 09:00:00,4.205,1.12977,0.463017,3.74198,0.419485,0.112927,0.195021,23.44
2026-03-30 10:00:00,3.93756,1.14398,0.316346,3.62122,0.418686,0.102497,0.193299,19.534
2026-03-30 11:00:00,3.16018,0.819125,0.42454,2.73564,0.438923,0.10315,0.203454,21.893
2026-03-30 12:00:00,5.46702,1.68113,0.364819,5.10221,0.403362,0.145612,0.202604,23.931
2026-03-30 13:00:00,4.38466,1.21796,0.394002,3.99065,0.385911,0.119841,0.198443,25.228
2026-03-30 14:00:00,5.41623,1.21713,0.457668,4.95856,0.422088,0.135683,0.211669,26.013
2026-03-30 15:00:00,5.52232,1.24265,0.592403,4.92992,0.441361,0.129101,0.201539,29.498
2026-03-30 16:00:00,4.40415,1.02517,0.590806,3.81334,0.446398,0.117093,0.202364,24.68
2026-03-30 17:00:00,5.25354,1.31404,0.695119,4.55842,0.466006,0.137332,0.214236,29.091
2026-03-30 18:00:00,4.33639,1.0394,0.444932,3.89146,0.450044,0.139216,0.213678,27.371
2026-03-30 19:00:00,5.6853,1.65366,0.36763,5.31767,0.425112,0.111773,0.189512,21.605
2026-03-30 20:00:00,12.3356,3.66476,0.555159,11.7804,0.421263,0.198551,0.188879,24.465
2026-03-30 21:00:00,27.6585,10.0649,0.716731,26.9417,0.388564,0.31281,0.183533,19.958
2026-03-30 22:00:00,5.44615,2.28255,0.28155,5.1646,0.354249,0.090874,0.145759,11.708
2026-03-30 23:00:00,2.46396,1.38269,0.208659,2.2553,0.321098,0.054206,0.129857,13.138
2026-03-31 00:00:00,1.7773,0.996242,0.131901,1.6454,0.335151,0.04024,0.111573,7.316
2026-03-31 01:00:00,1.95327,1.11234,0.082928,1.87034,0.294425,0.046189,0.111455,9.65
2026-03-31 02:00:00,1.27828,0.567619,0.050586,1.22769,0.295958,0.028253,0.101087,4.702
2026-03-31 03:00:00,0.271373,0.091371,0.028975,0.242398,0.35654,0.014119,0.107695,4.293
2026-03-31 04:00:00,0.991529,0.368598,0.021039,0.97049,0.289179,0.018704,0.097266,3.339
2026-03-31 05:00:00,0.273508,0.111182,0.031591,0.241917,0.320849,0.009048,0.095921,2.886
2026-03-31 06:00:00,2.30675,0.714605,0.150154,2.15659,0.338493,0.059372,0.139845,10.396
2026-03-31 07:00:00,4.4653,1.02556,0.341399,4.1239,0.41825,0.127925,0.200651,26.152
2026-03-31 08:00:00,5.5222,1.29205,0.46261,5.05959,0.420885,0.146663,0.212991,31.037
2026-03-31 09:00:00,4.20618,0.94309,0.476832,3.72935,0.437471,0.132188,0.21148,30.356
2026-03-31 10:00:00,4.32721,1.03324,0.707847,3.61936,0.439368,0.107264,0.195465,24.03
2026-03-31 11:00:00,2.15103,0.590294,0.27888,1.87215,0.453618,0.08387,0.188854,17.048
2026-03-31 12:00:00,6.43515,1.74868,0.926433,5.50871,0.384967,0.158524,0.209274,27.236
2026-03-31 13:00:00,5.05843,1.33116,0.558806,4.49962,0.42863,0.119344,0.189891,22.929
2026-03-31 14:00:00,3.93919,1.02263,0.317859,3.62133,0.429528,0.109664,0.195465,22.004
2026-03-31 15:00:00,6.30729,1.70283,0.362888,5.9444,0.419738,0.119296,0.191906,22.898
2026-03-31 16:00:00,6.10192,1.61171,0.440124,5.6618,0.440271,0.129338,0.194605,25.61
2026-03-31 17:00:00,6.06595,1.58545,0.585823,5.48012,0.422996,0.160828,0.218852,33.159
2026-03-31 18:00:00,4.59763,1.2555,0.557973,4.03965,0.426008,0.131671,0.213853,28.638
2026-03-31 19:00:00,3.37893,0.98339,0.328192,3.05074,0.415101,0.101854,0.191181,23.316
2026-03-31 20:00:00,3.66377,1.253,0.324287,3.33948,0.392149,0.091631,0.180457,20.7
2026-03-31 21:00:00,5.83414,1.93183,0.342787,5.49136,0.359188,0.134864,0.185467,25.669
2026-03-31 22:00:00,5.23914,2.1007,0.274444,4.9647,0.357093,0.099038,0.161592,21.042
2026-03-31 23:00:00,3.39085,1.28441,0.31216,3.07869,0.350008,0.0675,0.1411,10.824
2026-04-01 00:00:00,2.6209,1.04836,0.133068,2.48783,0.333999,0.077631,0.128057,10.986
2026-04-01 01:00:00,2.15099,0.822245,0.136969,2.01403,0.334733,0.040726,0.112477,8.66
2026-04-01 02:00:00,1.73204,0.516103,0.108073,1.62397,0.341766,0.048342,0.127392,5.846
2026-04-01 03:00:00,0.789209,0.195737,0.039204,0.750005,0.376556,0.03403,0.117884,4.004
2026-04-01 04:00:00,0.176998,0.066044,0.024737,0.152261,0.332069,0.008555,0.097347,2.607
2026-04-01 05:00:00,0.294721,0.129604,0.033377,0.261344,0.31056,0.010742,0.096823,3
2026-04-01 06:00:00,1.79602,0.645124,0.161011,1.63501,0.353784,0.046461,0.134385,8.021
2026-04-01 07:00:00,4.74856,1.21446,0.520997,4.22756,0.42322,0.124269,0.191586,23.169
2026-04-01 08:00:00,5.31533,1.29769,0.436576,4.87875,0.435932,0.128,0.201516,24.063
2026-04-01 09:00:00,4.72363,1.10417,0.542376,4.18126,0.43548,0.118091,0.201282,25.819
2026-04-01 10:00:00,3.73618,0.936855,0.534189,3.20199,0.43503,0.106001,0.202281,23.722
2026-04-01 11:00:00,3.55936,0.907999,0.505764,3.05359,0.45222,0.105698,0.204433,23.568
2026-04-01 12:00:00,5.18122,1.34928,0.791063,4.39015,0.439991,0.132192,0.204107,26.181
2026-04-01 13:00:00,4.23085,1.16424,0.437381,3.79347,0.427114,0.117597,0.1939,16.623
2026-04-01 14:00:00,3.65943,0.981608,0.429056,3.23038,0.4565,0.114272,0.19599,22.868
2026-04-01 15:00:00,3.44232,0.771129,0.410002,3.03232,0.471905,0.119672,0.206995,25.527
2026-04-01 16:00:00,4.15219,0.983931,0.434903,3.71729,0.438604,0.123207,0.200631,27.389
2026-04-01 17:00:00,6.7861,1.72938,0.721788,6.06431,0.426682,0.166433,0.225647,35.203
2026-04-01 18:00:00,5.42786,1.48221,0.868622,4.55924,0.395207,0.151542,0.218649,31.942
2026-04-01 19:00:00,3.41223,1.17018,0.366734,3.0455,0.384266,0.100511,0.185353,21.874
2026-04-01 20:00:00,3.55031,1.05979,0.464237,3.08607,0.402084,0.099649,0.183588,22.504
2026-04-01 21:00:00,3.85522,1.227,0.479749,3.37547,0.361913,0.118762,0.176347,22.324
2026-04-01 22:00:00,3.14003,1.12627,0.250345,2.88968,0.337845,0.076569,0.150038,15.514
2026-04-01 23:00:00,3.29949,1.2929,0.196774,3.10271,0.33955,0.056305,0.135437,12.377
2026-04-02 00:00:00,1.79441,0.708133,0.117307,1.6771,0.335931,0.04198,0.119457,9.341
2026-04-02 01:00:00,1.67286,0.660689,0.056485,1.61638,0.291534,0.030115,0.113102,4.252
2026-04-02 02:00:00,0.550141,0.209817,0.038631,0.51151,0.261188,0.016986,0.098945,2.601
2026-04-02 03:00:00,0.642808,0.194202,0.045619,0.597189,0.314246,0.018286,0.105498,4.325
2026-04-02 04:00:00,0.101041,0.037147,0.021176,0.079865,0.298973,0.009737,0.107618,3.569
2026-04-02 05:00:00,0.352742,0.146245,0.019987,0.332755,0.307089,0.013944,0.104085,2.698
2026-04-02 06:00:00,1.99259,0.623072,0.14426,1.84832,0.378048,0.051052,0.145143,8.931
2026-04-02 07:00:00,5.2828,1.22856,0.372513,4.91029,0.404124,0.139006,0.195668,23.582
2026-04-02 08:00:00,5.56784,1.26888,0.439289,5.12855,0.440658,0.144603,0.209087,29.776
2026-04-02 09:00:00,4.6167,1.10712,0.516855,4.09984,0.429928,0.136035,0.213595,30.693
2026-04-02 10:00:00,4.73485,1.23819,0.39623,4.33862,0.440966,0.121069,0.210461,26.428
2026-04-02 11:00:00,3.83048,0.96583,0.590699,3.23978,0.462751,0.114443,0.206561,21.971
2026-04-02 12:00:00,4.80838,1.22226,0.768795,4.03958,0.440835,0.122932,0.203719,28.464
2026-04-02 13:00:00,5.25788,1.50915,0.56649,4.69139,0.401085,0.138905,0.207852,27.824
2026-04-02 14:00:00,5.0697,1.32161,0.547482,4.52222,0.426521,0.126007,0.204898,25.245
2026-04-02 15:00:00,5.34472,1.30105,0.525589,4.81913,0.434199,0.153359,0.218083,29.197
2026-04-02 16:00:00,4.29131,1.15919,0.510254,3.78105,0.455848,0.122366,0.204599,24.446
2026-04-02 17:00:00,5.96749,1.44212,0.624309,5.34318,0.45031,0.167996,0.222961,33.907
2026-04-02 18:00:00,6.77281,1.78797,0.514223,6.25859,0.431388,0.156126,0.210974,27.406
2026-04-02 19:00:00,5.70715,1.76473,0.477519,5.22963,0.420551,0.129946,0.20642,26.657
2026-04-02 20:00:00,4.41445,1.52644,0.402063,4.01239,0.410384,0.118195,0.186807,20.027
2026-04-02 21:00:00,3.53514,1.29873,0.365523,3.16962,0.387807,0.099904,0.168687,19.106
2026-04-02 22:00:00,2.48122,1.00863,0.251201,2.23002,0.375714,0.074784,0.141975,12.456
2026-04-02 23:00:00,4.0976,2.12752,0.372655,3.72495,0.319325,0.081967,0.138117,16.951
2026-04-03 00:00:00,4.05354,2.21021,0.127291,3.92624,0.152667,0.065585,0.108178,15.209
2026-04-03 01:00:00,0.56695,0.347822,0.032471,0.534479,0.032517,0.021643,0.052192,3.3
2026-04-03 02:00:00,0.147971,0.097994,0.023255,0.124716,0.026408,0.008927,0.044763,2.461
2026-04-03 03:00:00,0.291386,0.173444,0.026316,0.26507,0.02372,0.008253,0.041389,1.753
2026-04-03 04:00:00,0.140076,0.069413,0.027223,0.112853,0.029349,0.005745,0.045707,3.094
2026-04-03 05:00:00,0.807347,0.431276,0.046781,0.760566,0.034309,0.017447,0.052693,4.46
2026-04-03 06:00:00,3.33676,1.08126,0.167804,3.16896,0.07192,0.078125,0.100452,11.661
2026-04-03 07:00:00,4.2862,0.901978,0.585926,3.70028,0.133835,0.135258,0.168548,22.761
2026-04-03 08:00:00,6.30197,1.45341,0.564387,5.73758,0.149617,0.168744,0.197062,31.082
2026-04-03 09:00:00,5.78412,1.39444,0.404575,5.37954,0.133383,0.147451,0.179762,29.492
2026-04-03 10:00:00,3.82133,0.944939,0.575903,3.24543,0.135284,0.121712,0.176615,25.51
2026-04-03 11:00:00,4.32058,1.13461,0.435795,3.88478,0.12479,0.109576,0.166077,23.293
2026-04-03 12:00:00,4.636,1.20729,0.381981,4.25402,0.124009,0.123887,0.164878,21.858
2026-04-03 13:00:00,5.10586,1.30987,0.602563,4.5033,0.132627,0.128787,0.170149,27.534
2026-04-03 14:00:00,5.49526,1.37657,0.480647,5.01461,0.138932,0.136962,0.186867,30.291
2026-04-03 15:00:00,5.87863,1.40034,0.716709,5.16192,0.169689,0.154929,0.188712,33.32
2026-04-03 16:00:00,7.44675,1.60352,0.868431,6.57832,0.171567,0.179093,0.198066,41.352
2026-04-03 17:00:00,6.20718,1.45163,0.539216,5.66797,0.155698,0.170566,0.197867,36.365
2026-04-03 18:00:00,7.0446,1.7907,0.77368,6.27092,0.15648,0.158774,0.176719,32.977
2026-04-03 19:00:00,3.80422,1.15841,0.388694,3.41553,0.120814,0.112083,0.154034,23.482
2026-04-03 20:00:00,3.1072,0.990185,0.341739,2.76546,0.11452,0.09397,0.139943,22.017
2026-04-03 21:00:00,3.47678,0.989971,0.376991,3.09979,0.107915,0.094872,0.134982,23.4
2026-04-03 22:00:00,3.28056,1.07489,0.265348,3.01521,0.129335,0.081897,0.117829,18.626
2026-04-03 23:00:00,3.01109,1.08002,0.251168,2.75992,0.079297,0.070775,0.10082,17.266
2026-04-04 00:00:00,2.1702,0.82267,0.138066,2.03214,0.068475,0.063767,0.084035,13.023
2026-04-04 01:00:00,1.49704,0.522709,0.12938,1.36766,0.06514,0.043861,0.074905,12.119
2026-04-04 02:00:00,0.883537,0.346485,0.075318,0.808219,0.041927,0.02181,0.057664,7.154
2026-04-04 03:00:00,1.54709,0.473115,0.054832,1.49225,0.038415,0.027793,0.056445,6.833
2026-04-04 04:00:00,0.353558,0.128567,0.033931,0.319627,0.032424,0.008877,0.050733,5.718
2026-04-04 05:00:00,0.943122,0.355359,0.044149,0.898973,0.035697,0.017176,0.053725,5.74
2026-04-04 06:00:00,1.93736,0.647946,0.123988,1.81337,0.058319,0.043755,0.079655,9.854
2026-04-04 07:00:00,2.61283,0.691225,0.189522,2.42331,0.08645,0.075209,0.117824,16.204
2026-04-04 08:00:00,5.42069,1.25653,0.437674,4.98301,0.119568,0.108837,0.151375,23.861
2026-04-04 09:00:00,5.67581,1.29881,0.495665,5.18015,0.138473,0.139622,0.167906,28.381
2026-04-04 10:00:00,5.41661,1.40109,0.393807,5.0228,0.116989,0.13303,0.160917,24.846
2026-04-04 11:00:00,3.97948,1.12161,0.382069,3.59741,0.118846,0.104151,0.154374,23.685
2026-04-04 12:00:00,3.68612,1.17094,0.393987,3.29213,0.109803,0.096282,0.144271,18.437
2026-04-04 13:00:00,4.46428,1.51846,0.350023,4.11426,0.101615,0.107258,0.141806,17.818
2026-04-04 14:00:00,10.7793,3.52956,0.353505,10.4258,0.100357,0.129225,0.144385,19.908
2026-04-04 15:00:00,3.48317,1.10088,0.358652,3.12452,0.114219,0.102966,0.150752,19.943
2026-04-04 16:00:00,4.9965,1.45247,0.504898,4.4916,0.121956,0.140889,0.164232,22.671
2026-04-04 17:00:00,5.91958,1.69713,0.619976,5.2996,0.134681,0.136659,0.16232,23.862
2026-04-04 18:00:00,11.7129,3.84282,0.423876,11.289,0.113761,0.140283,0.154811,22.434
2026-04-04 19:00:00,3.89679,1.51155,0.313261,3.58353,0.097743,0.092928,0.133736,17.216
2026-04-04 20:00:00,2.73341,1.11024,0.3253,2.40811,0.089735,0.072631,0.113018,15.246
2026-04-04 21:00:00,3.74589,1.22655,0.654465,3.09143,0.112026,0.100783,0.127151,19.417
2026-04-04 22:00:00,4.51072,1.57277,0.362606,4.14811,0.103018,0.105807,0.121741,20.602
2026-04-04 23:00:00,3.42364,1.37495,0.311824,3.11181,0.087441,0.071284,0.097337,18.355
2026-04-05 00:00:00,1.63075,0.556949,0.077159,1.55359,0.049924,0.040121,0.075737,7.718
2026-04-05 01:00:00,0.55912,0.214551,0.056341,0.502779,0.031492,0.016222,0.049589,3.392
2026-04-05 02:00:00,0.310448,0.127337,0.027603,0.282845,0.029791,0.011191,0.048402,3.128
2026-04-05 03:00:00,0.970713,0.36086,0.048227,0.922486,0.033995,0.018154,0.055353,4.041
2026-04-05 04:00:00,0.446031,0.196836,0.026828,0.419203,0.022,0.010997,0.042243,2.258
2026-04-05 05:00:00,1.31597,0.504204,0.045385,1.27059,0.028286,0.017752,0.049288,3.886
2026-04-05 06:00:00,1.38813,0.528612,0.070914,1.31722,0.041917,0.033573,0.065148,5.509
2026-04-05 07:00:00,1.99209,0.777553,0.162323,1.82977,0.069386,0.050555,0.101347,12.053
2026-04-05 08:00:00,3.79401,1.25215,0.259997,3.53402,0.089647,0.087107,0.125479,15.946
2026-04-05 09:00:00,4.82665,1.31017,0.412902,4.41375,0.115932,0.10963,0.147648,20.789
2026-04-05 10:00:00,3.71798,1.24514,0.360277,3.3577,0.103619,0.092907,0.13676,17.003
2026-04-05 11:00:00,4.3602,1.34991,0.386161,3.97404,0.115534,0.100031,0.144849,18.789
2026-04-05 12:00:00,4.25137,1.57342,0.327807,3.92356,0.09385,0.100493,0.135747,16.816
2026-04-05 13:00:00,5.42524,2.03498,0.511692,4.91355,0.111425,0.112486,0.145693,20.174
2026-04-05 14:00:00,3.53523,1.22157,0.252245,3.28298,0.094901,0.095281,0.136799,17.126
2026-04-05 15:00:00,3.85777,1.21313,0.397049,3.46072,0.109712,0.127856,0.145313,19.155
2026-04-05 16:00:00,3.60021,1.26501,0.364248,3.23596,0.109097,0.104776,0.142089,18.918
2026-04-05 17:00:00,3.47837,1.26119,0.324181,3.15418,0.100944,0.091528,0.138608,19.91
2026-04-05 18:00:00,3.44549,1.39947,0.291044,3.15445,0.097445,0.090502,0.133005,16.834
2026-04-05 19:00:00,3.55762,1.27788,0.582731,2.97489,0.119602,0.093364,0.131538,18.921
2026-04-05 20:00:00,3.71176,1.21777,0.499818,3.21194,0.112018,0.0822,0.12015,18.644
2026-04-05 21:00:00,4.679,2.07219,0.509694,4.16931,0.127421,0.103547,0.122505,19.855
2026-04-05 22:00:00,4.24002,1.91509,0.445472,3.79455,0.100584,0.109771,0.117994,19.473
2026-04-05 23:00:00,3.53699,1.66997,0.182026,3.35496,0.06875,0.066297,0.08413,10.346
2026-04-06 00:00:00,1.85881,0.670565,0.109428,1.74938,0.063151,0.047154,0.076336,9.306
2026-04-06 01:00:00,1.87445,0.751585,0.082726,1.79173,0.048995,0.033579,0.063137,7.893
2026-04-06 02:00:00,1.95282,0.727579,0.054851,1.89797,0.054454,0.038563,0.069687,8.417
2026-04-06 03:00:00,1.31803,0.410346,0.041855,1.27618,0.04313,0.037308,0.062118,5.795
2026-04-06 04:00:00,0.751202,0.284762,0.02349,0.727712,0.025899,0.016236,0.047486,3.196
2026-04-06 05:00:00,0.297656,0.117651,0.024619,0.273037,0.026206,0.008727,0.045004,2.294
2026-04-06 06:00:00,0.863283,0.366419,0.052063,0.81122,0.038039,0.023945,0.062601,4.352
2026-04-06 07:00:00,1.99621,0.641868,0.128823,1.86739,0.063675,0.05359,0.094735,8.426
2026-04-06 08:00:00,3.21948,0.927804,0.250264,2.96922,0.095618,0.088259,0.12515,17.042
2026-04-06 09:00:00,3.71886,0.828253,0.348851,3.37001,0.121217,0.093373,0.157157,22.403
2026-04-06 10:00:00,3.68228,0.881773,0.398254,3.28403,0.130155,0.120406,0.163329,22.148
2026-04-06 11:00:00,3.08991,0.746355,0.309697,2.78021,0.121031,0.097915,0.151801,18.339
2026-04-06 12:00:00,4.23787,1.17004,0.506073,3.7318,0.119455,0.096171,0.142907,21.145
2026-04-06 13:00:00,4.8309,1.43777,0.375312,4.45559,0.11181,0.110914,0.150539,20.853
2026-04-06 14:00:00,11.2806,3.06537,0.424016,10.8565,0.121373,0.176284,0.174461,26.196
2026-04-06 15:00:00,5.1178,1.35463,0.464156,4.65364,0.126577,0.122012,0.160346,28.017
2026-04-06 16:00:00,5.16611,1.32873,0.474383,4.69173,0.135333,0.148515,0.173282,31.726
2026-04-06 17:00:00,4.88283,1.39112,0.511847,4.37098,0.135984,0.13007,0.161591,29.135
2026-04-06 18:00:00,6.17169,1.73168,0.488051,5.68364,0.131169,0.139703,0.158495,27.561
2026-04-06 19:00:00,7.69223,2.30998,0.494546,7.19769,0.123699,0.127944,0.147068,23.319
2026-04-06 20:00:00,3.29168,1.16726,0.519004,2.77267,0.112541,0.09654,0.132153,18.632
2026-04-06 21:00:00,3.19604,1.11205,0.32293,2.87311,0.106535,0.093701,0.130516,19.362
2026-04-06 22:00:00,3.19147,1.37682,0.2423,2.94917,0.101046,0.091363,0.119466,17.451
2026-04-06 23:00:00,2.44914,1.07043,0.197552,2.25159,0.077607,0.064089,0.10608,13.912
2026-04-07 00:00:00,2.40733,1.10631,0.120146,2.28718,0.066084,0.057917,0.097111,8.518
2026-04-07 01:00:00,1.56167,0.60955,0.064129,1.49754,0.047561,0.024963,0.071298,5.549
2026-04-07 02:00:00,0.214226,0.095894,0.021458,0.192768,0.02319,0.009646,0.046974,2.493
2026-04-07 03:00:00,0.205399,0.068239,0.019494,0.185905,0.024307,0.006681,0.046968,2.902
2026-04-07 04:00:00,1.81001,0.725748,0.018353,1.79166,0.022888,0.02306,0.048622,2.412
2026-04-07 05:00:00,0.585432,0.220751,0.035299,0.550133,0.027682,0.013705,0.04979,2.992
2026-04-07 06:00:00,2.83944,0.845072,0.234333,2.60511,0.077771,0.06367,0.099572,11.286
2026-04-07 07:00:00,4.88665,1.11364,0.448793,4.43786,0.12756,0.128082,0.167934,24.536
2026-04-07 08:00:00,3.9293,0.949564,0.35162,3.57768,0.124314,0.110793,0.164197,22.685
2026-04-07 09:00:00,3.89181,0.914429,0.494214,3.39759,0.13409,0.111173,0.164011,26.021
2026-04-07 10:00:00,3.39181,0.892111,0.343149,3.04866,0.124048,0.098341,0.157543,22.032
2026-04-07 11:00:00,3.78199,1.03446,0.40661,3.37538,0.133662,0.102125,0.17642,26.594
2026-04-07 12:00:00,6.02048,1.45072,0.414394,5.60608,0.129477,0.123654,0.158008,23.55
2026-04-07 13:00:00,3.98615,0.995543,0.416107,3.57005,0.134204,0.125568,0.168837,25.268
2026-04-07 14:00:00,4.01204,1.15687,0.39335,3.61869,0.129915,0.12667,0.166823,25.582
2026-04-07 15:00:00,3.80755,1.04259,0.456326,3.35123,0.13346,0.119736,0.167364,23.749
2026-04-07 16:00:00,3.56342,0.925083,0.395275,3.16814,0.126376,0.111145,0.161083,24.069
2026-04-07 17:00:00,5.17615,1.34445,0.607679,4.56847,0.158226,0.157889,0.194551,30.532
2026-04-07 18:00:00,5.5533,1.40235,0.542495,5.01081,0.14683,0.126824,0.172648,30.446
2026-04-07 19:00:00,3.4837,0.972014,0.335442,3.14826,0.118179,0.107787,0.150539,20.936
2026-04-07 20:00:00,2.59524,0.803479,0.28083,2.31441,0.09997,0.075665,0.131783,18.243
2026-04-07 21:00:00,2.55466,0.96112,0.351982,2.20268,0.096988,0.065869,0.119802,14.925
2026-04-07 22:00:00,1.78572,0.72946,0.182277,1.60344,0.102938,0.084678,0.111036,10.806
2026-04-07 23:00:00,0.889749,0.374473,0.134516,0.755233,0.062011,0.038518,0.085576,8.907
2026-04-08 00:00:00,1.46097,0.623279,0.06694,1.39403,0.052744,0.038339,0.077766,6.183
2026-04-08 01:00:00,0.601983,0.249372,0.050879,0.551104,0.037024,0.018534,0.057618,3.936
2026-04-08 02:00:00,0.50973,0.211682,0.033206,0.476524,0.034495,0.017964,0.058412,3.342
2026-04-08 03:00:00,0.500382,0.147692,0.033436,0.466946,0.03232,0.014086,0.054401,3.135
2026-04-08 04:00:00,0.521138,0.192018,0.024003,0.497135,0.023769,0.010038,0.045167,2.29
2026-04-08 05:00:00,0.301635,0.114865,0.025142,0.276493,0.0249,0.011294,0.048845,2.482
2026-04-08 06:00:00,2.96054,0.840585,0.160895,2.79964,0.065395,0.058341,0.091883,9.648
2026-04-08 07:00:00,6.24305,1.27879,0.559141,5.68391,0.122243,0.141457,0.164273,27.12
2026-04-08 08:00:00,7.69113,1.87863,0.462559,7.22857,0.13523,0.149949,0.170026,26.787
2026-04-08 09:00:00,3.5617,0.89535,0.418456,3.14325,0.12373,0.097565,0.162303,27.549
2026-04-08 10:00:00,3.8407,0.916636,0.432128,3.40858,0.115184,0.086365,0.154762,25.117
2026-04-08 11:00:00,3.85894,0.980921,0.519836,3.33911,0.123944,0.092189,0.160652,23.33
2026-04-08 12:00:00,4.29934,1.18309,0.61912,3.68022,0.136789,0.105431,0.166446,24.076
2026-04-08 13:00:00,3.90933,1.08895,0.472914,3.43642,0.123849,0.094978,0.153195,23.277
2026-04-08 14:00:00,4.19563,1.07746,0.504289,3.69134,0.123185,0.097033,0.152883,26.45
2026-04-08 15:00:00,4.6282,1.14108,0.483706,4.14449,0.128996,0.104926,0.158444,28.739
2026-04-08 16:00:00,4.68774,1.18737,0.499856,4.18789,0.131864,0.111487,0.162377,29.622
2026-04-08 17:00:00,7.74026,1.82467,0.82816,6.9121,0.163963,0.164992,0.19668,38.137
2026-04-08 18:00:00,6.76962,1.76476,0.59276,6.17686,0.164145,0.159957,0.182574,34.501
2026-04-08 19:00:00,5.26182,1.54851,0.410288,4.85153,0.112826,0.105298,0.147756,25.83
2026-04-08 20:00:00,4.4834,1.58201,0.404966,4.07844,0.096574,0.091216,0.130027,21.477
2026-04-08 21:00:00,4.7811,1.42549,0.50211,4.27899,0.116883,0.084813,0.133999,21.152
2026-04-08 22:00:00,3.19254,0.981112,0.300077,2.89246,0.109821,0.087475,0.116729,15.447
2026-04-08 23:00:00,1.94091,0.742505,0.157418,1.78349,0.072376,0.069809,0.104676,11.882
2026-04-09 00:00:00,1.21412,0.46129,0.109242,1.10487,0.066165,0.040932,0.08454,10.247
2026-04-09 01:00:00,1.41798,0.492014,0.077295,1.34069,0.040095,0.031272,0.063817,6.026
2026-04-09 02:00:00,1.07829,0.38183,0.063558,1.01473,0.037143,0.023503,0.056227,3.613
2026-04-09 03:00:00,0.293787,0.087489,0.027045,0.266742,0.029454,0.017211,0.058092,2.661
2026-04-09 04:00:00,0.187968,0.073368,0.023273,0.164695,0.030843,0.011072,0.055435,3.798
2026-04-09 05:00:00,0.432765,0.184942,0.043177,0.389588,0.034102,0.011987,0.056171,5.452
2026-04-09 06:00:00,2.2811,0.576035,0.180921,2.10018,0.073668,0.051189,0.100387,11.916
2026-04-09 07:00:00,6.44376,1.41434,0.570201,5.87356,0.117969,0.12755,0.153365,23.661
2026-04-09 08:00:00,8.00223,1.95272,0.644946,7.35728,0.139802,0.149129,0.173433,30.625
2026-04-09 09:00:00,5.81457,1.42514,0.544623,5.26995,0.131476,0.124917,0.16602,30.597
2026-04-09 10:00:00,3.71146,0.89953,0.516374,3.19509,0.124259,0.094208,0.154074,23.464
2026-04-09 11:00:00,4.22748,1.04589,0.566953,3.66053,0.118496,0.094507,0.154353,22.714
2026-04-09 12:00:00,6.99596,1.98298,1.26729,5.72867,0.169594,0.131401,0.17135,27.316
2026-04-09 13:00:00,3.90379,0.938861,0.477407,3.42638,0.125468,0.088183,0.149213,21.142
2026-04-09 14:00:00,3.7786,0.996467,0.339999,3.4386,0.119541,0.094431,0.153865,23.366
2026-04-09 15:00:00,4.03053,0.979234,0.334551,3.69597,0.111504,0.0871,0.146648,23.796
2026-04-09 16:00:00,4.84753,1.15307,0.562624,4.2849,0.136772,0.115781,0.166568,28.812
2026-04-09 17:00:00,6.35704,1.579,0.669795,5.68725,0.146626,0.149952,0.181534,34.982
2026-04-09 18:00:00,4.51933,1.06337,0.541153,3.97818,0.139329,0.118939,0.170013,28.896
2026-04-09 19:00:00,4.10985,1.24768,0.37979,3.73006,0.111571,0.094886,0.145519,23.296
2026-04-09 20:00:00,3.24962,1.09268,0.536876,2.71274,0.105953,0.076994,0.128558,17.153
2026-04-09 21:00:00,2.89193,0.956959,0.315062,2.57687,0.093508,0.074615,0.124443,19.361
2026-04-09 22:00:00,2.57628,1.13793,0.34323,2.23305,0.081779,0.06217,0.102959,16.283
2026-04-09 23:00:00,2.49281,1.32455,0.192426,2.30038,0.069379,0.065191,0.096188,14.853
2026-04-10 00:00:00,2.86055,1.27136,0.218044,2.6425,0.082461,0.062672,0.087056,11.2
2026-04-10 01:00:00,0.707223,0.333596,0.048212,0.659011,0.036234,0.033452,0.05888,3.932
2026-04-10 02:00:00,1.4028,0.675724,0.044181,1.35862,0.03737,0.030242,0.053776,4.836
2026-04-10 03:00:00,1.34627,0.71231,0.046647,1.29962,0.029721,0.034799,0.051035,4.052
2026-04-10 04:00:00,0.525214,0.339286,0.027336,0.497878,0.021017,0.014912,0.043015,1.73
2026-04-10 05:00:00,0.617766,0.327554,0.042249,0.575517,0.030001,0.017219,0.062583,2.38
2026-04-10 06:00:00,2.24225,0.725645,0.175855,2.06639,0.065571,0.047779,0.094331,9.389
2026-04-10 07:00:00,5.73937,1.38032,0.447928,5.29144,0.111875,0.114318,0.149468,22.254
2026-04-10 08:00:00,6.51094,1.46313,0.672401,5.83854,0.149498,0.14559,0.175729,30.946
2026-04-10 09:00:00,4.47726,1.10933,0.43215,4.04511,0.128355,0.108317,0.163856,27.848
2026-04-10 10:00:00,3.56714,0.80486,0.427489,3.13965,0.122489,0.098465,0.167373,26.921
2026-04-10 11:00:00,6.2612,1.43936,0.753323,5.50787,0.140129,0.122373,0.168401,29.365
2026-04-10 12:00:00,6.53576,1.71362,0.759334,5.77643,0.154935,0.138015,0.177326,30.07
2026-04-10 13:00:00,4.46035,1.23693,0.480445,3.97991,0.11947,0.10931,0.157471,23.155
2026-04-10 14:00:00,4.00752,0.962882,0.401517,3.606,0.123119,0.094596,0.154358,25.507
2026-04-10 15:00:00,4.33626,1.04994,0.495492,3.84077,0.129863,0.098846,0.157868,26.619
2026-04-10 16:00:00,4.38976,1.07119,0.456435,3.93332,0.122766,0.106865,0.163289,28.444
2026-04-10 17:00:00,6.0991,1.41774,0.640771,5.45833,0.158207,0.142813,0.186704,35.267
2026-04-10 18:00:00,7.45341,1.66519,0.869474,6.58394,0.16184,0.156956,0.184214,35.777
2026-04-10 19:00:00,5.94217,1.68908,0.778093,5.16408,0.129191,0.118498,0.157881,25.486
2026-04-10 20:00:00,4.16165,1.31117,0.465618,3.69603,0.124609,0.100344,0.147652,26.575
2026-04-10 21:00:00,4.81074,1.68917,0.528193,4.28255,0.122581,0.103859,0.137288,24.397
2026-04-10 22:00:00,4.26988,1.77764,0.821808,3.44807,0.143795,0.086674,0.120479,20.066
2026-04-10 23:00:00,1.84237,0.923031,0.233339,1.60903,0.10513,0.067805,0.105696,13.748
2026-04-11 00:00:00,1.82532,0.695097,0.247622,1.5777,0.07634,0.05122,0.096116,8.839
2026-04-11 01:00:00,1.54832,0.701868,0.113044,1.43528,0.053913,0.039145,0.08954,7.457
2026-04-11 02:00:00,4.03856,1.69403,0.090546,3.94801,0.050927,0.064792,0.065404,4.036
2026-04-11 03:00:00,0.390928,0.146745,0.041114,0.349814,0.040447,0.029174,0.063786,3.709
2026-04-11 04:00:00,0.095684,0.041457,0.02108,0.074604,0.026011,0.011666,0.050063,1.57
2026-04-11 05:00:00,0.417241,0.187946,0.031758,0.385483,0.028503,0.012944,0.051041,3.281
2026-04-11 06:00:00,2.04173,0.796926,0.121,1.92073,0.058086,0.039696,0.081726,9.049
2026-04-11 07:00:00,3.33316,1.12835,0.270495,3.06266,0.090823,0.075278,0.116366,10.901
2026-04-11 08:00:00,4.09652,1.08316,0.350644,3.74587,0.111417,0.107784,0.148496,21.623
2026-04-11 09:00:00,4.36853,1.01123,0.490553,3.87797,0.12575,0.124309,0.167094,22.533
2026-04-11 10:00:00,6.24967,1.64292,0.562329,5.68734,0.139317,0.161642,0.175857,27.852
2026-04-11 11:00:00,5.4373,1.4987,0.415498,5.0218,0.126846,0.122594,0.165169,25.433
2026-04-11 12:00:00,3.51767,0.959016,0.397228,3.12044,0.118187,0.10684,0.161224,21.617
2026-04-11 13:00:00,3.06716,0.966946,0.393361,2.67379,0.115062,0.089392,0.144842,19.223
2026-04-11 14:00:00,6.21251,1.83476,0.566105,5.6464,0.126909,0.133152,0.166245,27.936
2026-04-11 15:00:00,5.8078,1.67565,0.555239,5.25256,0.123273,0.137469,0.1623,25.022
2026-04-11 16:00:00,5.22581,1.4247,0.394029,4.83178,0.118376,0.122859,0.160026,20.922
2026-04-11 17:00:00,4.20228,1.13208,0.469916,3.73236,0.126639,0.121323,0.16135,21.697
2026-04-11 18:00:00,4.19497,1.15819,0.543197,3.65177,0.134093,0.115189,0.159144,23.158
2026-04-11 19:00:00,3.69213,1.17884,0.407447,3.28468,0.115784,0.105825,0.139678,18.634
2026-04-11 20:00:00,5.80478,1.92211,0.605962,5.19882,0.118573,0.127876,0.143919,25.821
2026-04-11 21:00:00,5.44854,1.61009,0.622808,4.82573,0.128399,0.121528,0.144164,26.994
2026-04-11 22:00:00,3.66073,1.15408,0.445554,3.21518,0.118744,0.093243,0.123034,18.718
2026-04-11 23:00:00,2.59497,1.1742,0.186612,2.40836,0.072152,0.065474,0.089949,11.821
2026-04-12 00:00:00,1.79326,0.809234,0.2168,1.57646,0.095968,0.061755,0.083735,7.663
2026-04-12 01:00:00,0.853814,0.418536,0.099902,0.753912,0.041919,0.019613,0.054794,4.093
2026-04-12 02:00:00,0.512248,0.250611,0.142806,0.369442,0.039344,0.013927,0.054377,4.647
2026-04-12 03:00:00,0.891183,0.285087,0.047432,0.843751,0.03196,0.016687,0.055351,4.217
2026-04-12 04:00:00,0.088789,0.028772,0.01942,0.069369,0.0254,0.005301,0.04641,2.82
2026-04-12 05:00:00,0.385643,0.175611,0.031359,0.354284,0.022402,0.009314,0.044721,2.439
2026-04-12 06:00:00,1.38381,0.550005,0.112949,1.27086,0.052009,0.031373,0.077499,8.052
2026-04-12 07:00:00,2.93983,0.932096,0.184079,2.75575,0.07537,0.062211,0.104748,12.939
2026-04-12 08:00:00,4.83479,1.20629,0.4001,4.43469,0.109433,0.105025,0.141619,21.343
2026-04-12 09:00:00,5.99595,1.45958,0.38517,5.61078,0.125673,0.132558,0.168042,23.474
2026-04-12 10:00:00,3.63358,0.835305,0.417548,3.21603,0.121095,0.110152,0.157358,19.275
2026-04-12 11:00:00,5.67263,1.52081,0.450713,5.22191,0.123638,0.127699,0.158421,24.137
2026-04-12 12:00:00,2.97884,0.932053,0.348441,2.6304,0.107921,0.091729,0.143451,19.624
2026-04-12 13:00:00,6.52062,1.81532,0.50146,6.01916,0.120752,0.113504,0.152565,24.338
2026-04-12 14:00:00,4.62831,1.20278,0.382846,4.24546,0.114406,0.107491,0.149408,21.153
2026-04-12 15:00:00,5.43632,1.44353,0.445355,4.99097,0.1252,0.131209,0.162641,23.755
2026-04-12 16:00:00,5.11418,1.2371,0.433005,4.68118,0.124583,0.125612,0.163138,25.469
2026-04-12 17:00:00,4.98097,1.22744,0.642394,4.33857,0.139551,0.125961,0.165906,24.769
2026-04-12 18:00:00,3.17275,1.0873,0.280356,2.8924,0.121769,0.116228,0.161792,21.975
2026-04-12 19:00:00,2.96245,0.87285,0.337434,2.62502,0.10654,0.083214,0.134185,16.556
2026-04-12 20:00:00,3.62782,1.11283,0.452313,3.17551,0.105006,0.09363,0.133211,17.369
2026-04-12 21:00:00,3.44699,0.963386,0.266092,3.1809,0.087174,0.079239,0.115658,15.158
2026-04-12 22:00:00,2.06841,0.695499,0.350374,1.71804,0.102028,0.066716,0.104223,13.942
2026-04-12 23:00:00,1.28166,0.668228,0.113312,1.16835,0.063053,0.052433,0.088958,7.584
2026-04-13 00:00:00,1.57561,0.714887,0.085451,1.49016,0.052144,0.051847,0.078426,5.192
2026-04-13 01:00:00,0.38966,0.178743,0.041911,0.347749,0.028743,0.019802,0.050474,2.135
2026-04-13 02:00:00,0.530294,0.229564,0.045485,0.484809,0.030608,0.014795,0.054878,4.162
2026-04-13 03:00:00,0.772466,0.29756,0.037554,0.734912,0.027644,0.014891,0.049024,2.956
2026-04-13 04:00:00,0.484324,0.186566,0.021678,0.462646,0.023268,0.009767,0.045034,1.998
2026-04-13 05:00:00,0.798307,0.351058,0.033915,0.764392,0.021491,0.014063,0.047305,2.256
2026-04-13 06:00:00,1.99907,0.707884,0.180266,1.8188,0.063583,0.049225,0.086958,8.838
2026-04-13 07:00:00,4.27893,1.05289,0.418884,3.86005,0.128827,0.128547,0.162571,23.239
2026-04-13 08:00:00,4.6877,1.12469,0.429737,4.25797,0.139138,0.136959,0.172464,23.11
2026-04-13 09:00:00,3.09774,0.728194,0.360835,2.7369,0.118606,0.099757,0.152844,21.324
2026-04-13 10:00:00,3.62726,0.991596,0.423997,3.20326,0.122766,0.10129,0.163043,25.548
2026-04-13 11:00:00,3.56297,0.90339,0.424312,3.13866,0.131768,0.101543,0.166825,23.375
2026-04-13 12:00:00,4.0649,1.19135,0.436391,3.62851,0.128567,0.119848,0.171857,22.134
2026-04-13 13:00:00,3.12674,0.93503,0.435734,2.691,0.121593,0.091575,0.148676,21.583
2026-04-13 14:00:00,2.60968,0.712637,0.439682,2.16999,0.123367,0.083559,0.144773,19.253
2026-04-13 15:00:00,2.94216,0.687421,0.42071,2.52145,0.123772,0.090219,0.149614,20.644
2026-04-13 16:00:00,5.29781,1.23723,0.538988,4.75882,0.137685,0.125365,0.164352,26.025
2026-04-13 17:00:00,5.34783,1.24426,0.642852,4.70497,0.151087,0.140444,0.190501,31.172
2026-04-13 18:00:00,5.78372,1.57939,0.9081,4.87562,0.161778,0.150784,0.181497,28.072
2026-04-13 19:00:00,5.32849,1.45032,0.641287,4.6872,0.141711,0.123489,0.162625,24.95
2026-04-13 20:00:00,3.07485,1.02222,0.37033,2.70452,0.115196,0.08912,0.136227,17.537
2026-04-13 21:00:00,2.84522,0.956699,0.378628,2.46659,0.107707,0.08698,0.126342,15.72
2026-04-13 22:00:00,7.85492,3.12447,0.664866,7.19006,0.127011,0.131751,0.121138,18.835
2026-04-13 23:00:00,2.70203,1.13722,0.255848,2.44618,0.083524,0.078046,0.096966,9.368
2026-04-14 00:00:00,1.9912,1.14569,0.086203,1.905,0.035213,0.031965,0.059119,4.63
2026-04-14 01:00:00,0.344761,0.21177,0.02453,0.320231,0.034564,0.019839,0.051392,1.644
2026-04-14 02:00:00,0.982932,0.592843,0.023444,0.959488,0.020162,0.016865,0.043677,1.649
2026-04-14 03:00:00,0.288203,0.20154,0.016836,0.271367,0.018925,0.008087,0.041705,1.362
2026-04-14 04:00:00,0.151732,0.086904,0.008055,0.143677,0.013085,0.00435,0.036783,0.815
2026-04-14 05:00:00,0.216835,0.099374,0.041453,0.175382,0.023161,0.007275,0.044706,2.067
2026-04-14 06:00:00,1.84807,0.592328,0.142876,1.70519,0.061467,0.048646,0.089453,8.823
2026-04-14 07:00:00,5.82196,1.42555,0.516736,5.30522,0.124426,0.145604,0.163184,22.164
2026-04-14 08:00:00,7.31234,1.75862,0.602008,6.71034,0.134021,0.167301,0.177881,29.356
2026-04-14 09:00:00,4.41026,1.05408,0.541053,3.86921,0.137715,0.123661,0.170949,26.429
2026-04-14 10:00:00,2.75786,0.690501,0.426706,2.33115,0.129418,0.091102,0.165025,23.488
2026-04-14 11:00:00,4.49278,1.20579,0.497976,3.9948,0.141296,0.118266,0.171417,23.392
2026-04-14 12:00:00,5.00852,1.1807,0.510728,4.49779,0.132494,0.121245,0.16846,21.861
2026-04-14 13:00:00,3.53095,1.0054,0.423637,3.10731,0.109346,0.104983,0.149448,19.872
2026-04-14 14:00:00,3.23554,0.853254,0.404931,2.83061,0.125986,0.108874,0.15276,22.304
2026-04-14 15:00:00,3.24974,0.846727,0.425965,2.82378,0.121959,0.100567,0.1629,23.296
2026-04-14 16:00:00,5.92166,1.52306,0.430262,5.4914,0.140262,0.145639,0.184717,23.016
2026-04-14 17:00:00,5.1762,1.3445,0.6077,4.5685,0.1582,0.1579,0.1946,30.532
2026-04-14 18:00:00,5.5533,1.4024,0.5425,5.0108,0.1468,0.1268,0.1726,30.446
2026-04-14 19:00:00,3.4837,0.972,0.3354,3.1483,0.1182,0.1078,0.1505,20.936
2026-04-14 20:00:00,2.5952,0.8035,0.2808,2.3144,0.1,0.0757,0.1318,18.243
2026-04-14 21:00:00,2.5547,0.9611,0.352,2.2027,0.097,0.0659,0.1198,14.925
2026-04-14 22:00:00,1.7857,0.7295,0.1823,1.6034,0.1029,0.0847,0.111,10.806
2026-04-14 23:00:00,0.8897,0.3745,0.1345,0.7552,0.062,0.0385,0.0856,8.907
2026-04-15 00:00:00,1.461,0.6233,0.0669,1.394,0.0527,0.0383,0.0778,6.183
2026-04-15 01:00:00,0.602,0.2494,0.0509,0.5511,0.037,0.0185,0.0576,3.936
2026-04-15 02:00:00,0.5097,0.2117,0.0332,0.4765,0.0345,0.018,0.0584,3.342
2026-04-15 03:00:00,0.5004,0.1477,0.0334,0.4669,0.0323,0.0141,0.0544,3.135
2026-04-15 04:00:00,0.5211,0.192,0.024,0.4971,0.0238,0.01,0.0452,2.29
2026-04-15 05:00:00,0.3016,0.1149,0.0251,0.2765,0.0249,0.0113,0.0488,2.482
2026-04-15 06:00:00,2.9605,0.8406,0.1609,2.7996,0.0654,0.0583,0.0919,9.648
2026-04-15 07:00:00,6.243,1.2788,0.5591,5.6839,0.1222,0.1415,0.1643,27.12
2026-04-15 08:00:00,7.6911,1.8786,0.4626,7.2286,0.1352,0.1499,0.17,26.787
2026-04-15 09:00:00,3.5617,0.8954,0.4185,3.1432,0.1237,0.0976,0.1623,27.549
2026-04-15 10:00:00,3.8407,0.9166,0.4321,3.4086,0.1152,0.0864,0.1548,25.117
2026-04-15 11:00:00,3.8589,0.9809,0.5198,3.3391,0.1239,0.0922,0.1607,23.33
2026-04-15 12:00:00,4.2993,1.1831,0.6191,3.6802,0.1368,0.1054,0.1664,24.076
2026-04-15 13:00:00,3.9093,1.0889,0.4729,3.4364,0.1238,0.095,0.1532,23.277
2026-04-15 14:00:00,4.1956,1.0775,0.5043,3.6913,0.1232,0.097,0.1529,26.45
2026-04-15 15:00:00,4.6282,1.1411,0.4837,4.1445,0.129,0.1049,0.1584,28.739
2026-04-15 16:00:00,4.6877,1.1874,0.4999,4.1879,0.1319,0.1115,0.1624,29.622
2026-04-15 17:00:00,7.7403,1.8247,0.8282,6.9121,0.164,0.165,0.1967,38.137
2026-04-15 18:00:00,6.7696,1.7648,0.5928,6.1769,0.1641,0.16,0.1826,34.501
2026-04-15 19:00:00,5.2618,1.5485,0.4103,4.8515,0.1128,0.1053,0.1478,25.83
2026-04-15 20:00:00,4.4834,1.582,0.405,4.0784,0.0966,0.0912,0.13,21.477
2026-04-15 21:00:00,4.7811,1.4255,0.5021,4.279,0.1169,0.0848,0.134,21.152
2026-04-15 22:00:00,3.1925,0.9811,0.3001,2.8925,0.1098,0.0875,0.1167,15.447
2026-04-15 23:00:00,1.9409,0.7425,0.1574,1.7835,0.0724,0.0698,0.1047,11.882
2026-04-16 00:00:00,1.2141,0.4613,0.1092,1.1049,0.0662,0.0409,0.0845,10.247
2026-04-16 01:00:00,1.418,0.492,0.0773,1.3407,0.0401,0.0313,0.0638,6.026
2026-04-16 02:00:00,1.0783,0.3818,0.0636,1.0147,0.0371,0.0235,0.0562,3.613
2026-04-16 03:00:00,0.2938,0.0875,0.027,0.2667,0.0295,0.0172,0.0581,2.661
2026-04-16 04:00:00,0.188,0.0734,0.0233,0.1647,0.0308,0.0111,0.0554,3.798
2026-04-16 05:00:00,0.4328,0.1849,0.0432,0.3896,0.0341,0.012,0.0562,5.452
2026-04-16 06:00:00,2.2811,0.576,0.1809,2.1002,0.0737,0.0512,0.1004,11.916
2026-04-16 07:00:00,6.4438,1.4143,0.5702,5.8736,0.118,0.1276,0.1534,23.661
2026-04-16 08:00:00,8.0022,1.9527,0.6449,7.3573,0.1398,0.1491,0.1734,30.625
2026-04-16 09:00:00,5.8146,1.4251,0.5446,5.2699,0.1315,0.1249,0.166,30.597
2026-04-16 10:00:00,3.7115,0.8995,0.5164,3.1951,0.1243,0.0942,0.1541,23.464
2026-04-16 11:00:00,4.2275,1.0459,0.567,3.6605,0.1185,0.0945,0.1544,22.714
2026-04-16 12:00:00,6.996,1.983,1.2673,5.7287,0.1696,0.1314,0.1714,27.316
2026-04-16 13:00:00,3.9038,0.9389,0.4774,3.4264,0.1255,0.0882,0.1492,21.142
2026-04-16 14:00:00,3.7786,0.9965,0.34,3.4386,0.1195,0.0944,0.1539,23.366
2026-04-16 15:00:00,4.0305,0.9792,0.3346,3.696,0.1115,0.0871,0.1466,23.796
2026-04-16 16:00:00,4.8475,1.1531,0.5626,4.2849,0.1368,0.1158,0.1666,28.812
2026-04-16 17:00:00,6.357,1.579,0.6698,5.6872,0.1466,0.15,0.1815,34.982
2026-04-16 18:00:00,4.5193,1.0634,0.5412,3.9782,0.1393,0.1189,0.17,28.896
2026-04-16 19:00:00,4.1098,1.2477,0.3798,3.7301,0.1116,0.0949,0.1455,23.296
2026-04-16 20:00:00,3.2496,1.0927,0.5369,2.7127,0.106,0.077,0.1286,17.153
2026-04-16 21:00:00,2.8919,0.957,0.3151,2.5769,0.0935,0.0746,0.1244,19.361
2026-04-16 22:00:00,2.5763,1.1379,0.3432,2.2331,0.0818,0.0622,0.103,16.283
2026-04-16 23:00:00,2.4928,1.3246,0.1924,2.3004,0.0694,0.0652,0.0962,14.853
2026-04-17 00:00:00,2.8605,1.2714,0.218,2.6425,0.0825,0.0627,0.0871,11.2
2026-04-17 01:00:00,0.7072,0.3336,0.0482,0.659,0.0362,0.0335,0.0589,3.932
2026-04-17 02:00:00,1.4028,0.6757,0.0442,1.3586,0.0374,0.0302,0.0538,4.836
2026-04-17 03:00:00,1.3463,0.7123,0.0466,1.2996,0.0297,0.0348,0.051,4.052
2026-04-17 04:00:00,0.5252,0.3393,0.0273,0.4979,0.021,0.0149,0.043,1.73
2026-04-17 05:00:00,0.6178,0.3276,0.0422,0.5755,0.03,0.0172,0.0626,2.38
2026-04-17 06:00:00,2.2422,0.7256,0.1759,2.0664,0.0656,0.0478,0.0943,9.389
2026-04-17 07:00:00,5.7394,1.3803,0.4479,5.2914,0.1119,0.1143,0.1495,22.254
2026-04-17 08:00:00,6.5109,1.4631,0.6724,5.8385,0.1495,0.1456,0.1757,30.946
2026-04-17 09:00:00,4.4773,1.1093,0.4322,4.0451,0.1284,0.1083,0.1639,27.848
2026-04-17 10:00:00,3.5671,0.8049,0.4275,3.1397,0.1225,0.0985,0.1674,26.921
2026-04-17 11:00:00,6.2612,1.4394,0.7533,5.5079,0.1401,0.1224,0.1684,29.365
2026-04-17 12:00:00,6.5358,1.7136,0.7593,5.7764,0.1549,0.138,0.1773,30.07
2026-04-17 13:00:00,4.4604,1.2369,0.4804,3.9799,0.1195,0.1093,0.1575,23.155
2026-04-17 14:00:00,4.0075,0.9629,0.4015,3.606,0.1231,0.0946,0.1544,25.507
2026-04-17 15:00:00,4.3363,1.0499,0.4955,3.8408,0.1299,0.0988,0.1579,26.619
2026-04-17 16:00:00,4.3898,1.0712,0.4564,3.9333,0.1228,0.1069,0.1633,28.444
2026-04-17 17:00:00,6.0991,1.4177,0.6408,5.4583,0.1582,0.1428,0.1867,35.267
2026-04-17 18:00:00,7.4534,1.6652,0.8695,6.5839,0.1618,0.157,0.1842,35.777
2026-04-17 19:00:00,5.9422,1.6891,0.7781,5.1641,0.1292,0.1185,0.1579,25.486
2026-04-17 20:00:00,4.1616,1.3112,0.4656,3.696,0.1246,0.1003,0.1477,26.575
2026-04-17 21:00:00,4.8107,1.6892,0.5282,4.2825,0.1226,0.1039,0.1373,24.397
2026-04-17 22:00:00,4.2699,1.7776,0.8218,3.4481,0.1438,0.0867,0.1205,20.066
2026-04-17 23:00:00,1.8424,0.923,0.2333,1.609,0.1051,0.0678,0.1057,13.748
2026-04-18 00:00:00,1.8253,0.6951,0.2476,1.5777,0.0763,0.0512,0.0961,8.839
2026-04-18 01:00:00,1.5483,0.7019,0.113,1.4353,0.0539,0.0391,0.0895,7.457
2026-04-18 02:00:00,4.0386,1.694,0.0905,3.948,0.0509,0.0648,0.0654,4.036
2026-04-18 03:00:00,0.3909,0.1467,0.0411,0.3498,0.0404,0.0292,0.0638,3.709
2026-04-18 04:00:00,0.0957,0.0415,0.0211,0.0746,0.026,0.0117,0.0501,1.57
2026-04-18 05:00:00,0.4172,0.1879,0.0318,0.3855,0.0285,0.0129,0.051,3.281
2026-04-18 06:00:00,2.0417,0.7969,0.121,1.9207,0.0581,0.0397,0.0817,9.049
2026-04-18 07:00:00,3.3332,1.1284,0.2705,3.0627,0.0908,0.0753,0.1164,10.901
2026-04-18 08:00:00,4.0965,1.0832,0.3506,3.7459,0.1114,0.1078,0.1485,21.623
2026-04-18 09:00:00,4.3685,1.0112,0.4906,3.878,0.1258,0.1243,0.1671,22.533
2026-04-18 10:00:00,6.2497,1.6429,0.5623,5.6873,0.1393,0.1616,0.1759,27.852
2026-04-18 11:00:00,5.4373,1.4987,0.4155,5.0218,0.1268,0.1226,0.1652,25.433
2026-04-18 12:00:00,3.5177,0.959,0.3972,3.1204,0.1182,0.1068,0.1612,21.617
2026-04-18 13:00:00,3.0672,0.9669,0.3934,2.6738,0.1151,0.0894,0.1448,19.223
2026-04-18 14:00:00,6.2125,1.8348,0.5661,5.6464,0.1269,0.1332,0.1662,27.936
2026-04-18 15:00:00,5.8078,1.6757,0.5552,5.2526,0.1233,0.1375,0.1623,25.022
2026-04-18 16:00:00,5.2258,1.4247,0.394,4.8318,0.1184,0.1229,0.16,20.922
2026-04-18 17:00:00,4.2023,1.1321,0.4699,3.7324,0.1266,0.1213,0.1613,21.697
2026-04-18 18:00:00,4.195,1.1582,0.5432,3.6518,0.1341,0.1152,0.1591,23.158
2026-04-18 19:00:00,3.6921,1.1788,0.4074,3.2847,0.1158,0.1058,0.1397,18.634
2026-04-18 20:00:00,5.8048,1.9221,0.606,5.1988,0.1186,0.1279,0.1439,25.821
2026-04-18 21:00:00,5.4485,1.6101,0.6228,4.8257,0.1284,0.1215,0.1442,26.994
2026-04-18 22:00:00,3.6607,1.1541,0.4456,3.2152,0.1187,0.0932,0.123,18.718
2026-04-18 23:00:00,2.595,1.1742,0.1866,2.4084,0.0722,0.0655,0.0899,11.821
2026-04-19 00:00:00,1.7933,0.8092,0.2168,1.5765,0.096,0.0618,0.0837,7.663
2026-04-19 01:00:00,0.8538,0.4185,0.0999,0.7539,0.0419,0.0196,0.0548,4.093
2026-04-19 02:00:00,0.5122,0.2506,0.1428,0.3694,0.0393,0.0139,0.0544,4.647
2026-04-19 03:00:00,0.8912,0.2851,0.0474,0.8438,0.032,0.0167,0.0554,4.217
2026-04-19 04:00:00,0.0888,0.0288,0.0194,0.0694,0.0254,0.0053,0.0464,2.82
2026-04-19 05:00:00,0.3856,0.1756,0.0314,0.3543,0.0224,0.0093,0.0447,2.439
2026-04-19 06:00:00,1.3838,0.55,0.1129,1.2709,0.052,0.0314,0.0775,8.052
2026-04-19 07:00:00,2.9398,0.9321,0.1841,2.7557,0.0754,0.0622,0.1047,12.939
2026-04-19 08:00:00,4.8348,1.2063,0.4001,4.4347,0.1094,0.105,0.1416,21.343
2026-04-19 09:00:00,5.996,1.4596,0.3852,5.6108,0.1257,0.1326,0.168,23.474
2026-04-19 10:00:00,3.6336,0.8353,0.4175,3.216,0.1211,0.1102,0.1574,19.275
2026-04-19 11:00:00,5.6726,1.5208,0.4507,5.2219,0.1236,0.1277,0.1584,24.137
2026-04-19 12:00:00,2.9788,0.9321,0.3484,2.6304,0.1079,0.0917,0.1435,19.624
2026-04-19 13:00:00,6.5206,1.8153,0.5015,6.0192,0.1208,0.1135,0.1526,24.338
2026-04-19 14:00:00,4.6283,1.2028,0.3828,4.2455,0.1144,0.1075,0.1494,21.153
2026-04-19 15:00:00,5.4363,1.4435,0.4454,4.991,0.1252,0.1312,0.1626,23.755
2026-04-19 16:00:00,5.1142,1.2371,0.433,4.6812,0.1246,0.1256,0.1631,25.469
2026-04-19 17:00:00,4.981,1.2274,0.6424,4.3386,0.1396,0.126,0.1659,24.769
2026-04-19 18:00:00,3.1728,1.0873,0.2804,2.8924,0.1218,0.1162,0.1618,21.975
2026-04-19 19:00:00,2.9625,0.8729,0.3374,2.625,0.1065,0.0832,0.1342,16.556
2026-04-19 20:00:00,3.6278,1.1128,0.4523,3.1755,0.105,0.0936,0.1332,17.369
2026-04-19 21:00:00,3.447,0.9634,0.2661,3.1809,0.0872,0.0792,0.1157,15.158
2026-04-19 22:00:00,2.0684,0.6955,0.3504,1.718,0.102,0.0667,0.1042,13.942
2026-04-19 23:00:00,1.2817,0.6682,0.1133,1.1684,0.0631,0.0524,0.089,7.584
2026-04-20 00:00:00,1.5756,0.7149,0.0855,1.4902,0.0521,0.0518,0.0784,5.192
2026-04-20 01:00:00,0.3897,0.1787,0.0419,0.3477,0.0287,0.0198,0.0505,2.135
2026-04-20 02:00:00,0.5303,0.2296,0.0455,0.4848,0.0306,0.0148,0.0549,4.162
2026-04-20 03:00:00,0.7725,0.2976,0.0376,0.7349,0.0276,0.0149,0.049,2.956
2026-04-20 04:00:00,0.4843,0.1866,0.0217,0.4626,0.0233,0.0098,0.045,1.998
2026-04-20 05:00:00,0.7983,0.3511,0.0339,0.7644,0.0215,0.0141,0.0473,2.256
2026-04-20 06:00:00,1.9991,0.7079,0.1803,1.8188,0.0636,0.0492,0.087,8.838
2026-04-20 07:00:00,4.2789,1.0529,0.4189,3.86,0.1288,0.1285,0.1626,23.239
2026-04-20 08:00:00,4.6877,1.1247,0.4297,4.258,0.1391,0.137,0.1725,23.11
2026-04-20 09:00:00,3.0977,0.7282,0.3608,2.7369,0.1186,0.0998,0.1528,21.324
2026-04-20 10:00:00,3.6273,0.9916,0.424,3.2033,0.1228,0.1013,0.163,25.548
2026-04-20 11:00:00,3.563,0.9034,0.4243,3.1387,0.1318,0.1015,0.1668,23.375
2026-04-20 12:00:00,4.0649,1.1914,0.4364,3.6285,0.1286,0.1198,0.1719,22.134
2026-04-20 13:00:00,3.1267,0.935,0.4357,2.691,0.1216,0.0916,0.1487,21.583
2026-04-20 14:00:00,2.6097,0.7126,0.4397,2.17,0.1234,0.0836,0.1448,19.253
2026-04-20 15:00:00,2.9422,0.6874,0.4207,2.5215,0.1238,0.0902,0.1496,20.644
2026-04-20 16:00:00,5.2978,1.2372,0.539,4.7588,0.1377,0.1254,0.1644,26.025
2026-04-20 17:00:00,5.3478,1.2443,0.6429,4.705,0.1511,0.1404,0.1905,31.172
2026-04-20 18:00:00,5.7837,1.5794,0.9081,4.8756,0.1618,0.1508,0.1815,28.072
2026-04-20 19:00:00,5.3285,1.4503,0.6413,4.6872,0.1417,0.1235,0.1626,24.95
2026-04-20 20:00:00,3.0749,1.0222,0.3703,2.7045,0.1152,0.0891,0.1362,17.537
2026-04-20 21:00:00,2.8452,0.9567,0.3786,2.4666,0.1077,0.087,0.1263,15.72
2026-04-20 22:00:00,7.8549,3.1245,0.6649,7.1901,0.127,0.1318,0.1211,18.835
2026-04-20 23:00:00,2.702,1.1372,0.2558,2.4462,0.0835,0.078,0.097,9.368
2026-04-21 00:00:00,1.9912,1.1457,0.0862,1.905,0.0352,0.032,0.0591,4.63
2026-04-21 01:00:00,0.3448,0.2118,0.0245,0.3202,0.0346,0.0198,0.0514,1.644
2026-04-21 02:00:00,0.9829,0.5928,0.0234,0.9595,0.0202,0.0169,0.0437,1.649
2026-04-21 03:00:00,0.2882,0.2015,0.0168,0.2714,0.0189,0.0081,0.0417,1.362
2026-04-21 04:00:00,0.1517,0.0869,0.0081,0.1437,0.0131,0.0043,0.0368,0.815
2026-04-21 05:00:00,0.2168,0.0994,0.0415,0.1754,0.0232,0.0073,0.0447,2.067
2026-04-21 06:00:00,1.8481,0.5923,0.1429,1.7052,0.0615,0.0486,0.0895,8.823
2026-04-21 07:00:00,5.822,1.4256,0.5167,5.3052,0.1244,0.1456,0.1632,22.164
2026-04-21 08:00:00,7.3123,1.7586,0.602,6.7103,0.134,0.1673,0.1779,29.356
2026-04-21 09:00:00,4.4103,1.0541,0.5411,3.8692,0.1377,0.1237,0.1709,26.429
2026-04-21 10:00:00,2.7579,0.6905,0.4267,2.3312,0.1294,0.0911,0.165,23.488
2026-04-21 11:00:00,4.4928,1.2058,0.498,3.9948,0.1413,0.1183,0.1714,23.392
2026-04-21 12:00:00,5.0085,1.1807,0.5107,4.4978,0.1325,0.1212,0.1685,21.861
2026-04-21 13:00:00,3.531,1.0054,0.4236,3.1073,0.1093,0.105,0.1494,19.872
2026-04-21 14:00:00,3.2355,0.8533,0.4049,2.8306,0.126,0.1089,0.1528,22.304
2026-04-21 15:00:00,3.2497,0.8467,0.426,2.8238,0.122,0.1006,0.1629,23.296
2026-04-21 16:00:00,5.9217,1.5231,0.4303,5.4914,0.1403,0.1456,0.1847,23.016
2026-04-21 17:00:00,5.1762,1.3445,0.6077,4.5685,0.1582,0.1579,0.1946,30.532
2026-04-21 18:00:00,5.5533,1.4024,0.5425,5.0108,0.1468,0.1268,0.1726,30.446
2026-04-21 19:00:00,3.4837,0.972,0.3354,3.1483,0.1182,0.1078,0.1505,20.936
2026-04-21 20:00:00,2.5952,0.8035,0.2808,2.3144,0.1,0.0757,0.1318,18.243
2026-04-21 21:00:00,2.5547,0.9611,0.352,2.2027,0.097,0.0659,0.1198,14.925
2026-04-21 22:00:00,1.7857,0.7295,0.1823,1.6034,0.1029,0.0847,0.111,10.806
2026-04-21 23:00:00,0.8897,0.3745,0.1345,0.7552,0.062,0.0385,0.0856,8.907
2026-04-22 00:00:00,1.461,0.6233,0.0669,1.394,0.0527,0.0383,0.0778,6.183
2026-04-22 01:00:00,0.602,0.2494,0.0509,0.5511,0.037,0.0185,0.0576,3.936
2026-04-22 02:00:00,0.5097,0.2117,0.0332,0.4765,0.0345,0.018,0.0584,3.342
2026-04-22 03:00:00,0.5004,0.1477,0.0334,0.4669,0.0323,0.0141,0.0544,3.135
2026-04-22 04:00:00,0.5211,0.192,0.024,0.4971,0.0238,0.01,0.0452,2.29
2026-04-22 05:00:00,0.3016,0.1149,0.0251,0.2765,0.0249,0.0113,0.0488,2.482
2026-04-22 06:00:00,2.9605,0.8406,0.1609,2.7996,0.0654,0.0583,0.0919,9.648
2026-04-22 07:00:00,6.243,1.2788,0.5591,5.6839,0.1222,0.1415,0.1643,27.12
2026-04-22 08:00:00,7.6911,1.8786,0.4626,7.2286,0.1352,0.1499,0.17,26.787
2026-04-22 09:00:00,3.5617,0.8954,0.4185,3.1432,0.1237,0.0976,0.1623,27.549
2026-04-22 10:00:00,3.8407,0.9166,0.4321,3.4086,0.1152,0.0864,0.1548,25.117
2026-04-22 11:00:00,3.8589,0.9809,0.5198,3.3391,0.1239,0.0922,0.1607,23.33
2026-04-22 12:00:00,4.2993,1.1831,0.6191,3.6802,0.1368,0.1054,0.1664,24.076
2026-04-22 13:00:00,3.9093,1.0889,0.4729,3.4364,0.1238,0.095,0.1532,23.277
2026-04-22 14:00:00,4.1956,1.0775,0.5043,3.6913,0.1232,0.097,0.1529,26.45
2026-04-22 15:00:00,4.6282,1.1411,0.4837,4.1445,0.129,0.1049,0.1584,28.739
2026-04-22 16:00:00,4.6877,1.1874,0.4999,4.1879,0.1319,0.1115,0.1624,29.622
2026-04-22 17:00:00,7.7403,1.8247,0.8282,6.9121,0.164,0.165,0.1967,38.137
2026-04-22 18:00:00,6.7696,1.7648,0.5928,6.1769,0.1641,0.16,0.1826,34.501
2026-04-22 19:00:00,5.2618,1.5485,0.4103,4.8515,0.1128,0.1053,0.1478,25.83
2026-04-22 20:00:00,4.4834,1.582,0.405,4.0784,0.0966,0.0912,0.13,21.477
2026-04-22 21:00:00,4.7811,1.4255,0.5021,4.279,0.1169,0.0848,0.134,21.152
2026-04-22 22:00:00,3.1925,0.9811,0.3001,2.8925,0.1098,0.0875,0.1167,15.447
2026-04-22 23:00:00,1.9409,0.7425,0.1574,1.7835,0.0724,0.0698,0.1047,11.882
2026-04-23 00:00:00,1.2141,0.4613,0.1092,1.1049,0.0662,0.0409,0.0845,10.247
2026-04-23 01:00:00,1.418,0.492,0.0773,1.3407,0.0401,0.0313,0.0638,6.026
2026-04-23 02:00:00,1.0783,0.3818,0.0636,1.0147,0.0371,0.0235,0.0562,3.613
2026-04-23 03:00:00,0.2938,0.0875,0.027,0.2667,0.0295,0.0172,0.0581,2.661
2026-04-23 04:00:00,0.188,0.0734,0.0233,0.1647,0.0308,0.0111,0.0554,3.798
2026-04-23 05:00:00,0.4328,0.1849,0.0432,0.3896,0.0341,0.012,0.0562,5.452
2026-04-23 06:00:00,2.2811,0.576,0.1809,2.1002,0.0737,0.0512,0.1004,11.916
2026-04-23 07:00:00,6.4438,1.4143,0.5702,5.8736,0.118,0.1276,0.1534,23.661
2026-04-23 08:00:00,8.0022,1.9527,0.6449,7.3573,0.1398,0.1491,0.1734,30.625
2026-04-23 09:00:00,5.8146,1.4251,0.5446,5.2699,0.1315,0.1249,0.166,30.597
2026-04-23 10:00:00,3.7115,0.8995,0.5164,3.1951,0.1243,0.0942,0.1541,23.464
2026-04-23 11:00:00,4.2275,1.0459,0.567,3.6605,0.1185,0.0945,0.1544,22.714
2026-04-23 12:00:00,6.996,1.983,1.2673,5.7287,0.1696,0.1314,0.1714,27.316
2026-04-23 13:00:00,3.9038,0.9389,0.4774,3.4264,0.1255,0.0882,0.1492,21.142
2026-04-23 14:00:00,3.7786,0.9965,0.34,3.4386,0.1195,0.0944,0.1539,23.366
2026-04-23 15:00:00,4.0305,0.9792,0.3346,3.696,0.1115,0.0871,0.1466,23.796
2026-04-23 16:00:00,4.8475,1.1531,0.5626,4.2849,0.1368,0.1158,0.1666,28.812
2026-04-23 17:00:00,6.357,1.579,0.6698,5.6872,0.1466,0.15,0.1815,34.982
2026-04-23 18:00:00,4.5193,1.0634,0.5412,3.9782,0.1393,0.1189,0.17,28.896
2026-04-23 19:00:00,4.1098,1.2477,0.3798,3.7301,0.1116,0.0949,0.1455,23.296
2026-04-23 20:00:00,3.2496,1.0927,0.5369,2.7127,0.106,0.077,0.1286,17.153
2026-04-23 21:00:00,2.8919,0.957,0.3151,2.5769,0.0935,0.0746,0.1244,19.361
2026-04-23 22:00:00,2.5763,1.1379,0.3432,2.2331,0.0818,0.0622,0.103,16.283
2026-04-23 23:00:00,2.4928,1.3246,0.1924,2.3004,0.0694,0.0652,0.0962,14.853
2026-04-24 00:00:00,2.8605,1.2714,0.218,2.6425,0.0825,0.0627,0.0871,11.2
2026-04-24 01:00:00,0.7072,0.3336,0.0482,0.659,0.0362,0.0335,0.0589,3.932
2026-04-24 02:00:00,1.4028,0.6757,0.0442,1.3586,0.0374,0.0302,0.0538,4.836
2026-04-24 03:00:00,1.3463,0.7123,0.0466,1.2996,0.0297,0.0348,0.051,4.052
2026-04-24 04:00:00,0.5252,0.3393,0.0273,0.4979,0.021,0.0149,0.043,1.73
2026-04-24 05:00:00,0.6178,0.3276,0.0422,0.5755,0.03,0.0172,0.0626,2.38
2026-04-24 06:00:00,2.2422,0.7256,0.1759,2.0664,0.0656,0.0478,0.0943,9.389
2026-04-24 07:00:00,5.7394,1.3803,0.4479,5.2914,0.1119,0.1143,0.1495,22.254
2026-04-24 08:00:00,6.5109,1.4631,0.6724,5.8385,0.1495,0.1456,0.1757,30.946
2026-04-24 09:00:00,4.4773,1.1093,0.4322,4.0451,0.1284,0.1083,0.1639,27.848
2026-04-24 10:00:00,3.5671,0.8049,0.4275,3.1397,0.1225,0.0985,0.1674,26.921
2026-04-24 11:00:00,6.2612,1.4394,0.7533,5.5079,0.1401,0.1224,0.1684,29.365
2026-04-24 12:00:00,6.5358,1.7136,0.7593,5.7764,0.1549,0.138,0.1773,30.07
2026-04-24 13:00:00,4.4604,1.2369,0.4804,3.9799,0.1195,0.1093,0.1575,23.155
2026-04-24 14:00:00,4.0075,0.9629,0.4015,3.606,0.1231,0.0946,0.1544,25.507
2026-04-24 15:00:00,4.3363,1.0499,0.4955,3.8408,0.1299,0.0988,0.1579,26.619
2026-04-24 16:00:00,4.3898,1.0712,0.4564,3.9333,0.1228,0.1069,0.1633,28.444
2026-04-24 17:00:00,6.0991,1.4177,0.6408,5.4583,0.1582,0.1428,0.1867,35.267
2026-04-24 18:00:00,7.4534,1.6652,0.8695,6.5839,0.1618,0.157,0.1842,35.777
2026-04-24 19:00:00,5.9422,1.6891,0.7781,5.1641,0.1292,0.1185,0.1579,25.486
2026-04-24 20:00:00,4.1616,1.3112,0.4656,3.696,0.1246,0.1003,0.1477,26.575
2026-04-24 21:00:00,4.8107,1.6892,0.5282,4.2825,0.1226,0.1039,0.1373,24.397
2026-04-24 22:00:00,4.2699,1.7776,0.8218,3.4481,0.1438,0.0867,0.1205,20.066
2026-04-24 23:00:00,1.8424,0.923,0.2333,1.609,0.1051,0.0678,0.1057,13.748
2026-04-25 00:00:00,1.8253,0.6951,0.2476,1.5777,0.0763,0.0512,0.0961,8.839
2026-04-25 01:00:00,1.5483,0.7019,0.113,1.4353,0.0539,0.0391,0.0895,7.457
2026-04-25 02:00:00,4.0386,1.694,0.0905,3.948,0.0509,0.0648,0.0654,4.036
2026-04-25 03:00:00,0.3909,0.1467,0.0411,0.3498,0.0404,0.0292,0.0638,3.709
2026-04-25 04:00:00,0.0957,0.0415,0.0211,0.0746,0.026,0.0117,0.0501,1.57
2026-04-25 05:00:00,0.4172,0.1879,0.0318,0.3855,0.0285,0.0129,0.051,3.281
2026-04-25 06:00:00,2.0417,0.7969,0.121,1.9207,0.0581,0.0397,0.0817,9.049
2026-04-25 07:00:00,3.3332,1.1284,0.2705,3.0627,0.0908,0.0753,0.1164,10.901
2026-04-25 08:00:00,4.0965,1.0832,0.3506,3.7459,0.1114,0.1078,0.1485,21.623
2026-04-25 09:00:00,4.3685,1.0112,0.4906,3.878,0.1258,0.1243,0.1671,22.533
2026-04-25 10:00:00,6.2497,1.6429,0.5623,5.6873,0.1393,0.1616,0.1759,27.852
2026-04-25 11:00:00,5.4373,1.4987,0.4155,5.0218,0.1268,0.1226,0.1652,25.433
2026-04-25 12:00:00,3.5177,0.959,0.3972,3.1204,0.1182,0.1068,0.1612,21.617
2026-04-25 13:00:00,3.0672,0.9669,0.3934,2.6738,0.1151,0.0894,0.1448,19.223
2026-04-25 14:00:00,6.2125,1.8348,0.5661,5.6464,0.1269,0.1332,0.1662,27.936
2026-04-25 15:00:00,5.8078,1.6757,0.5552,5.2526,0.1233,0.1375,0.1623,25.022
2026-04-25 16:00:00,5.2258,1.4247,0.394,4.8318,0.1184,0.1229,0.16,20.922
2026-04-25 17:00:00,4.2023,1.1321,0.4699,3.7324,0.1266,0.1213,0.1613,21.697
2026-04-25 18:00:00,4.195,1.1582,0.5432,3.6518,0.1341,0.1152,0.1591,23.158
2026-04-25 19:00:00,3.6921,1.1788,0.4074,3.2847,0.1158,0.1058,0.1397,18.634
2026-04-25 20:00:00,5.8048,1.9221,0.606,5.1988,0.1186,0.1279,0.1439,25.821
2026-04-25 21:00:00,5.4485,1.6101,0.6228,4.8257,0.1284,0.1215,0.1442,26.994
2026-04-25 22:00:00,3.6607,1.1541,0.4456,3.2152,0.1187,0.0932,0.123,18.718
2026-04-25 23:00:00,2.595,1.1742,0.1866,2.4084,0.0722,0.0655,0.0899,11.821
2026-04-26 00:00:00,1.7933,0.8092,0.2168,1.5765,0.096,0.0618,0.0837,7.663
2026-04-26 01:00:00,0.8538,0.4185,0.0999,0.7539,0.0419,0.0196,0.0548,4.093
2026-04-26 02:00:00,0.5122,0.2506,0.1428,0.3694,0.0393,0.0139,0.0544,4.647
2026-04-26 03:00:00,0.8912,0.2851,0.0474,0.8438,0.032,0.0167,0.0554,4.217
2026-04-26 04:00:00,0.0888,0.0288,0.0194,0.0694,0.0254,0.0053,0.0464,2.82
2026-04-26 05:00:00,0.3856,0.1756,0.0314,0.3543,0.0224,0.0093,0.0447,2.439
2026-04-26 06:00:00,1.3838,0.55,0.1129,1.2709,0.052,0.0314,0.0775,8.052
2026-04-26 07:00:00,2.9398,0.9321,0.1841,2.7557,0.0754,0.0622,0.1047,12.939
2026-04-26 08:00:00,4.8348,1.2063,0.4001,4.4347,0.1094,0.105,0.1416,21.343
2026-04-26 09:00:00,5.996,1.4596,0.3852,5.6108,0.1257,0.1326,0.168,23.474
2026-04-26 10:00:00,3.6336,0.8353,0.4175,3.216,0.1211,0.1102,0.1574,19.275
2026-04-26 11:00:00,5.6726,1.5208,0.4507,5.2219,0.1236,0.1277,0.1584,24.137
2026-04-26 12:00:00,2.9788,0.9321,0.3484,2.6304,0.1079,0.0917,0.1435,19.624
2026-04-26 13:00:00,6.5206,1.8153,0.5015,6.0192,0.1208,0.1135,0.1526,24.338
2026-04-26 14:00:00,4.6283,1.2028,0.3828,4.2455,0.1144,0.1075,0.1494,21.153
2026-04-26 15:00:00,5.4363,1.4435,0.4454,4.991,0.1252,0.1312,0.1626,23.755
2026-04-26 16:00:00,5.1142,1.2371,0.433,4.6812,0.1246,0.1256,0.1631,25.469
2026-04-26 17:00:00,4.981,1.2274,0.6424,4.3386,0.1396,0.126,0.1659,24.769
2026-04-26 18:00:00,3.1728,1.0873,0.2804,2.8924,0.1218,0.1162,0.1618,21.975
2026-04-26 19:00:00,2.9625,0.8729,0.3374,2.625,0.1065,0.0832,0.1342,16.556
2026-04-26 20:00:00,3.6278,1.1128,0.4523,3.1755,0.105,0.0936,0.1332,17.369
2026-04-26 21:00:00,3.447,0.9634,0.2661,3.1809,0.0872,0.0792,0.1157,15.158
2026-04-26 22:00:00,2.0684,0.6955,0.3504,1.718,0.102,0.0667,0.1042,13.942
2026-04-26 23:00:00,1.2817,0.6682,0.1133,1.1684,0.0631,0.0524,0.089,7.584
2026-04-27 00:00:00,1.5756,0.7149,0.0855,1.4902,0.0521,0.0518,0.0784,5.192
2026-04-27 01:00:00,0.3897,0.1787,0.0419,0.3477,0.0287,0.0198,0.0505,2.135
2026-04-27 02:00:00,0.5303,0.2296,0.0455,0.4848,0.0306,0.0148,0.0549,4.162
2026-04-27 03:00:00,0.7725,0.2976,0.0376,0.7349,0.0276,0.0149,0.049,2.956
2026-04-27 04:00:00,0.4843,0.1866,0.0217,0.4626,0.0233,0.0098,0.045,1.998
2026-04-27 05:00:00,0.7983,0.3511,0.0339,0.7644,0.0215,0.0141,0.0473,2.256
2026-04-27 06:00:00,1.9991,0.7079,0.1803,1.8188,0.0636,0.0492,0.087,8.838
2026-04-27 07:00:00,4.2789,1.0529,0.4189,3.86,0.1288,0.1285,0.1626,23.239
2026-04-27 08:00:00,4.6877,1.1247,0.4297,4.258,0.1391,0.137,0.1725,23.11
2026-04-27 09:00:00,3.0977,0.7282,0.3608,2.7369,0.1186,0.0998,0.1528,21.324
2026-04-27 10:00:00,3.6273,0.9916,0.424,3.2033,0.1228,0.1013,0.163,25.548
2026-04-27 11:00:00,3.563,0.9034,0.4243,3.1387,0.1318,0.1015,0.1668,23.375
2026-04-27 12:00:00,4.0649,1.1914,0.4364,3.6285,0.1286,0.1198,0.1719,22.134
2026-04-27 13:00:00,3.1267,0.935,0.4357,2.691,0.1216,0.0916,0.1487,21.583
2026-04-27 14:00:00,2.6097,0.7126,0.4397,2.17,0.1234,0.0836,0.1448,19.253
2026-04-27 15:00:00,2.9422,0.6874,0.4207,2.5215,0.1238,0.0902,0.1496,20.644
2026-04-27 16:00:00,5.2978,1.2372,0.539,4.7588,0.1377,0.1254,0.1644,26.025
2026-04-27 17:00:00,5.3478,1.2443,0.6429,4.705,0.1511,0.1404,0.1905,31.172
2026-04-27 18:00:00,5.7837,1.5794,0.9081,4.8756,0.1618,0.1508,0.1815,28.072
2026-04-27 19:00:00,5.3285,1.4503,0.6413,4.6872,0.1417,0.1235,0.1626,24.95
2026-04-27 20:00:00,3.0749,1.0222,0.3703,2.7045,0.1152,0.0891,0.1362,17.537
2026-04-27 21:00:00,2.8452,0.9567,0.3786,2.4666,0.1077,0.087,0.1263,15.72
2026-04-27 22:00:00,7.8549,3.1245,0.6649,7.1901,0.127,0.1318,0.1211,18.835
2026-04-27 23:00:00,2.702,1.1372,0.2558,2.4462,0.0835,0.078,0.097,9.368
2026-04-28 00:00:00,1.9912,1.1457,0.0862,1.905,0.0352,0.032,0.0591,4.63
2026-04-28 01:00:00,0.3448,0.2118,0.0245,0.3202,0.0346,0.0198,0.0514,1.644
2026-04-28 02:00:00,0.9829,0.5928,0.0234,0.9595,0.0202,0.0169,0.0437,1.649
2026-04-28 03:00:00,0.2882,0.2015,0.0168,0.2714,0.0189,0.0081,0.0417,1.362
2026-04-28 04:00:00,0.1517,0.0869,0.0081,0.1437,0.0131,0.0043,0.0368,0.815
2026-04-28 05:00:00,0.2168,0.0994,0.0415,0.1754,0.0232,0.0073,0.0447,2.067
2026-04-28 06:00:00,1.8481,0.5923,0.1429,1.7052,0.0615,0.0486,0.0895,8.823
2026-04-28 07:00:00,5.822,1.4256,0.5167,5.3052,0.1244,0.1456,0.1632,22.164
2026-04-28 08:00:00,7.3123,1.7586,0.602,6.7103,0.134,0.1673,0.1779,29.356
2026-04-28 09:00:00,4.4103,1.0541,0.5411,3.8692,0.1377,0.1237,0.1709,26.429
2026-04-28 10:00:00,2.7579,0.6905,0.4267,2.3312,0.1294,0.0911,0.165,23.488
2026-04-28 11:00:00,4.4928,1.2058,0.498,3.9948,0.1413,0.1183,0.1714,23.392
2026-04-28 12:00:00,5.0085,1.1807,0.5107,4.4978,0.1325,0.1212,0.1685,21.861
2026-04-28 13:00:00,3.531,1.0054,0.4236,3.1073,0.1093,0.105,0.1494,19.872
2026-04-28 14:00:00,3.2355,0.8533,0.4049,2.8306,0.126,0.1089,0.1528,22.304
2026-04-28 15:00:00,3.2497,0.8467,0.426,2.8238,0.122,0.1006,0.1629,23.296
2026-04-28 16:00:00,5.9217,1.5231,0.4303,5.4914,0.1403,0.1456,0.1847,23.016
2026-04-28 17:00:00,5.1762,1.3445,0.6077,4.5685,0.1582,0.1579,0.1946,30.532
2026-04-28 18:00:00,5.5533,1.4024,0.5425,5.0108,0.1468,0.1268,0.1726,30.446
2026-04-28 19:00:00,3.4837,0.972,0.3354,3.1483,0.1182,0.1078,0.1505,20.936
2026-04-28 20:00:00,2.5952,0.8035,0.2808,2.3144,0.1,0.0757,0.1318,18.243
2026-04-28 21:00:00,2.5547,0.9611,0.352,2.2027,0.097,0.0659,0.1198,14.925
2026-04-28 22:00:00,1.7857,0.7295,0.1823,1.6034,0.1029,0.0847,0.111,10.806
2026-04-28 23:00:00,0.8897,0.3745,0.1345,0.7552,0.062,0.0385,0.0856,8.907
2026-04-29 00:00:00,1.461,0.6233,0.0669,1.394,0.0527,0.0383,0.0778,6.183
2026-04-29 01:00:00,0.602,0.2494,0.0509,0.5511,0.037,0.0185,0.0576,3.936
2026-04-29 02:00:00,0.5097,0.2117,0.0332,0.4765,0.0345,0.018,0.0584,3.342
2026-04-29 03:00:00,0.5004,0.1477,0.0334,0.4669,0.0323,0.0141,0.0544,3.135
2026-04-29 04:00:00,0.5211,0.192,0.024,0.4971,0.0238,0.01,0.0452,2.29
2026-04-29 05:00:00,0.3016,0.1149,0.0251,0.2765,0.0249,0.0113,0.0488,2.482
2026-04-29 06:00:00,2.9605,0.8406,0.1609,2.7996,0.0654,0.0583,0.0919,9.648
2026-04-29 07:00:00,6.243,1.2788,0.5591,5.6839,0.1222,0.1415,0.1643,27.12
2026-04-29 08:00:00,7.6911,1.8786,0.4626,7.2286,0.1352,0.1499,0.17,26.787
2026-04-29 09:00:00,3.5617,0.8954,0.4185,3.1432,0.1237,0.0976,0.1623,27.549
2026-04-29 10:00:00,3.8407,0.9166,0.4321,3.4086,0.1152,0.0864,0.1548,25.117
2026-04-29 11:00:00,3.8589,0.9809,0.5198,3.3391,0.1239,0.0922,0.1607,23.33
2026-04-29 12:00:00,4.2993,1.1831,0.6191,3.6802,0.1368,0.1054,0.1664,24.076
2026-04-29 13:00:00,3.9093,1.0889,0.4729,3.4364,0.1238,0.095,0.1532,23.277
2026-04-29 14:00:00,4.1956,1.0775,0.5043,3.6913,0.1232,0.097,0.1529,26.45
2026-04-29 15:00:00,4.6282,1.1411,0.4837,4.1445,0.129,0.1049,0.1584,28.739
2026-04-29 16:00:00,4.6877,1.1874,0.4999,4.1879,0.1319,0.1115,0.1624,29.622
2026-04-29 17:00:00,7.7403,1.8247,0.8282,6.9121,0.164,0.165,0.1967,38.137
2026-04-29 18:00:00,6.7696,1.7648,0.5928,6.1769,0.1641,0.16,0.1826,34.501
2026-04-29 19:00:00,5.2618,1.5485,0.4103,4.8515,0.1128,0.1053,0.1478,25.83
2026-04-29 20:00:00,4.4834,1.582,0.405,4.0784,0.0966,0.0912,0.13,21.477
2026-04-29 21:00:00,4.7811,1.4255,0.5021,4.279,0.1169,0.0848,0.134,21.152
2026-04-29 22:00:00,3.1925,0.9811,0.3001,2.8925,0.1098,0.0875,0.1167,15.447
2026-04-29 23:00:00,1.9409,0.7425,0.1574,1.7835,0.0724,0.0698,0.1047,11.882
2026-04-30 00:00:00,1.2141,0.4613,0.1092,1.1049,0.0662,0.0409,0.0845,10.247
2026-04-30 01:00:00,1.418,0.492,0.0773,1.3407,0.0401,0.0313,0.0638,6.026
2026-04-30 02:00:00,1.0783,0.3818,0.0636,1.0147,0.0371,0.0235,0.0562,3.613
2026-04-30 03:00:00,0.2938,0.0875,0.027,0.2667,0.0295,0.0172,0.0581,2.661
2026-04-30 04:00:00,0.188,0.0734,0.0233,0.1647,0.0308,0.0111,0.0554,3.798
2026-04-30 05:00:00,0.4328,0.1849,0.0432,0.3896,0.0341,0.012,0.0562,5.452
2026-04-30 06:00:00,2.2811,0.576,0.1809,2.1002,0.0737,0.0512,0.1004,11.916
2026-04-30 07:00:00,6.4438,1.4143,0.5702,5.8736,0.118,0.1276,0.1534,23.661
2026-04-30 08:00:00,8.0022,1.9527,0.6449,7.3573,0.1398,0.1491,0.1734,30.625
2026-04-30 09:00:00,5.8146,1.4251,0.5446,5.2699,0.1315,0.1249,0.166,30.597
2026-04-30 10:00:00,3.7115,0.8995,0.5164,3.1951,0.1243,0.0942,0.1541,23.464
2026-04-30 11:00:00,4.2275,1.0459,0.567,3.6605,0.1185,0.0945,0.1544,22.714
2026-04-30 12:00:00,6.996,1.983,1.2673,5.7287,0.1696,0.1314,0.1714,27.316
2026-04-30 13:00:00,3.9038,0.9389,0.4774,3.4264,0.1255,0.0882,0.1492,21.142
2026-04-30 14:00:00,3.7786,0.9965,0.34,3.4386,0.1195,0.0944,0.1539,23.366
2026-04-30 15:00:00,4.0305,0.9792,0.3346,3.696,0.1115,0.0871,0.1466,23.796
2026-04-30 16:00:00,4.8475,1.1531,0.5626,4.2849,0.1368,0.1158,0.1666,28.812
2026-04-30 17:00:00,6.357,1.579,0.6698,5.6872,0.1466,0.15,0.1815,34.982
2026-04-30 18:00:00,4.5193,1.0634,0.5412,3.9782,0.1393,0.1189,0.17,28.896
2026-04-30 19:00:00,4.1098,1.2477,0.3798,3.7301,0.1116,0.0949,0.1455,23.296
2026-04-30 20:00:00,3.2496,1.0927,0.5369,2.7127,0.106,0.077,0.1286,17.153
2026-04-30 21:00:00,2.8919,0.957,0.3151,2.5769,0.0935,0.0746,0.1244,19.361
2026-04-30 22:00:00,2.5763,1.1379,0.3432,2.2331,0.0818,0.0622,0.103,16.283
2026-04-30 23:00:00,2.4928,1.3246,0.1924,2.3004,0.0694,0.0652,0.0962,14.853
