timestamp,flow,single_flow,uflow,dflow,pusch,pdsch,pdcch,conn
2025-07-24 22:00:00,4.40562,8.95451,0.744191,3.66143,0.121864,0.057508,0.093318,21.582
2025-07-24 23:00:00,4.4216,8.92313,0.743474,3.67812,0.121994,0.057727,0.093471,21.5979
2025-07-25 00:00:00,4.43758,8.89174,0.742757,3.69482,0.122124,0.057946,0.093624,21.6138
2025-07-25 01:00:00,4.45356,8.86035,0.742041,3.71151,0.122254,0.058165,0.093776,21.6296
2025-07-25 02:00:00,,,,,,,,
2025-07-25 03:00:00,,,,,,,,
2025-07-25 04:00:00,,,,,,,,
2025-07-25 05:00:00,,,,,,,,
2025-07-25 06:00:00,,,,,,,,
2025-07-25 07:00:00,,,,,,,,
2025-07-25 08:00:00,,,,,,,,
2025-07-25 09:00:00,,,,,,,,
2025-07-25 10:00:00,,,,,,,,
2025-07-25 11:00:00,,,,,,,,
2025-07-25 12:00:00,,,,,,,,
2025-07-25 13:00:00,,,,,,,,
2025-07-25 14:00:00,,,,,,,,
2025-07-25 15:00:00,,,,,,,,
2025-07-25 16:00:00,,,,,,,,
2025-07-25 17:00:00,,,,,,,,
2025-07-25 18:00:00,,,,,,,,
2025-07-25 19:00:00,,,,,,,,
2025-07-25 20:00:00,,,,,,,,
2025-07-25 21:00:00,,,,,,,,
2025-07-25 22:00:00,,,,,,,,
2025-07-25 23:00:00,,,,,,,,
2025-07-26 00:00:00,,,,,,,,
2025-07-26 01:00:00,,,,,,,,
2025-07-26 02:00:00,,,,,,,,
2025-07-26 03:00:00,,,,,,,,
2025-07-26 04:00:00,,,,,,,,
2025-07-26 05:00:00,,,,,,,,
2025-07-26 06:00:00,,,,,,,,
2025-07-26 07:00:00,,,,,,,,
2025-07-26 08:00:00,,,,,,,,
2025-07-26 09:00:00,,,,,,,,
2025-07-26 10:00:00,,,,,,,,
2025-07-26 11:00:00,,,,,,,,
2025-07-26 12:00:00,,,,,,,,
2025-07-26 13:00:00,,,,,,,,
2025-07-26 14:00:00,,,,,,,,
2025-07-26 15:00:00,,,,,,,,
2025-07-26 16:00:00,,,,,,,,
2025-07-26 17:00:00,,,,,,,,
2025-07-26 18:00:00,,,,,,,,
2025-07-26 19:00:00,,,,,,,,
2025-07-26 20:00:00,,,,,,,,
2025-07-26 21:00:00,,,,,,,,
2025-07-26 22:00:00,,,,,,,,
2025-07-26 23:00:00,,,,,,,,
2025-07-27 00:00:00,,,,,,,,
2025-07-27 01:00:00,,,,,,,,
2025-07-27 02:00:00,,,,,,,,
2025-07-27 03:00:00,,,,,,,,
2025-07-27 04:00:00,,,,,,,,
2025-07-27 05:00:00,,,,,,,,
2025-07-27 06:00:00,,,,,,,,
2025-07-27 07:00:00,,,,,,,,
2025-07-27 08:00:00,,,,,,,,
2025-07-27 09:00:00,,,,,,,,
2025-07-27 10:00:00,,,,,,,,
2025-07-27 11:00:00,,,,,,,,
2025-07-27 12:00:00,,,,,,,,
2025-07-27 13:00:00,,,,,,,,
2025-07-27 14:00:00,,,,,,,,
2025-07-27 15:00:00,,,,,,,,
2025-07-27 16:00:00,,,,,,,,
2025-07-27 17:00:00,,,,,,,,
2025-07-27 18:00:00,,,,,,,,
2025-07-27 19:00:00,,,,,,,,
2025-07-27 20:00:00,,,,,,,,
2025-07-27 21:00:00,,,,,,,,
2025-07-27 22:00:00,,,,,,,,
2025-07-27 23:00:00,,,,,,,,
2025-07-28 00:00:00,,,,,,,,
2025-07-28 01:00:00,,,,,,,,
2025-07-28 02:00:00,,,,,,,,
2025-07-28 03:00:00,,,,,,,,
2025-07-28 04:00:00,,,,,,,,
2025-07-28 05:00:00,,,,,,,,
2025-07-28 06:00:00,,,,,,,,
2025-07-28 07:00:00,,,,,,,,
2025-07-28 08:00:00,,,,,,,,
2025-07-28 09:00:00,,,,,,,,
2025-07-28 10:00:00,,,,,,,,
2025-07-28 11:00:00,,,,,,,,
2025-07-28 12:00:00,,,,,,,,
2025-07-28 13:00:00,,,,,,,,
2025-07-28 14:00:00,,,,,,,,
2025-07-28 15:00:00,,,,,,,,
2025-07-28 16:00:00,,,,,,,,
2025-07-28 17:00:00,,,,,,,,
2025-07-28 18:00:00,,,,,,,,
2025-07-28 19:00:00,,,,,,,,
2025-07-28 20:00:00,,,,,,,,
2025-07-28 21:00:00,,,,,,,,
2025-07-28 22:00:00,,,,,,,,
2025-07-28 23:00:00,,,,,,,,
2025-07-29 00:00:00,,,,,,,,
2025-07-29 01:00:00,,,,,,,,
2025-07-29 02:00:00,,,,,,,,
2025-07-29 03:00:00,,,,,,,,
2025-07-29 04:00:00,,,,,,,,
2025-07-29 05:00:00,,,,,,,,
2025-07-29 06:00:00,,,,,,,,
2025-07-29 07:00:00,,,,,,,,
2025-07-29 08:00:00,,,,,,,,
2025-07-29 09:00:00,,,,,,,,
2025-07-29 10:00:00,,,,,,,,
2025-07-29 11:00:00,,,,,,,,
2025-07-29 12:00:00,,,,,,,,
2025-07-29 13:00:00,,,,,,,,
2025-07-29 14:00:00,,,,,,,,
2025-07-29 15:00:00,,,,,,,,
2025-07-29 16:00:00,,,,,,,,
2025-07-29 17:00:00,6.2432,5.3452,0.661763,5.58143,0.136821,0.082708,0.110873,23.408
2025-07-29 18:00:00,6.99808,3.87062,1.25947,5.73861,0.178272,0.095463,0.121412,28.55
2025-07-29 19:00:00,4.6344,3.07729,0.525869,4.10853,0.114633,0.077549,0.103904,20.306
2025-07-29 20:00:00,3.24832,2.84441,0.278486,2.96983,0.093475,0.054081,0.095539,16.618
2025-07-29 21:00:00,3.32355,4.36161,0.443072,2.88048,0.110962,0.067371,0.104885,16.96
2025-07-29 22:00:00,2.33156,2.92176,0.43257,1.89899,0.083978,0.041688,0.086938,12.137
2025-07-29 23:00:00,2.44969,4.71094,0.148523,2.30116,0.056665,0.043792,0.072487,9.113
2025-07-30 00:00:00,2.43346,6.75962,0.116536,2.31693,0.057282,0.043602,0.078569,9.874
2025-07-30 01:00:00,1.43838,4.92595,0.082749,1.35563,0.046062,0.03905,0.063811,4.395
2025-07-30 02:00:00,0.302537,1.15472,0.015589,0.286948,0.011513,0.00454,0.051882,1.478
2025-07-30 03:00:00,0.31883,1.59415,0.016763,0.302067,0.011967,0.004235,0.051342,1.872
2025-07-30 04:00:00,0.414343,2.32777,0.016334,0.398009,0.007569,0.004661,0.050308,1.206
2025-07-30 05:00:00,0.293177,1.24227,0.010618,0.282559,0.015657,0.00707,0.054177,1.126
2025-07-30 06:00:00,1.14534,2.33743,0.092874,1.05247,0.043321,0.01644,0.065188,5.492
2025-07-30 07:00:00,3.17988,3.77657,0.230804,2.94907,0.070216,0.043098,0.083071,11.113
2025-07-30 08:00:00,2.86386,3.42566,0.917603,1.94625,0.18286,0.056029,0.098349,16.302
2025-07-30 09:00:00,2.22168,2.76329,0.209303,2.01238,0.071961,0.038478,0.103934,11.151
2025-07-30 10:00:00,3.00083,3.57241,0.25936,2.74147,0.086362,0.042918,0.091005,12.097
2025-07-30 11:00:00,4.88846,4.03339,0.40549,4.48297,0.115439,0.066188,0.103912,19.417
2025-07-30 12:00:00,6.01875,5.63554,0.364133,5.65462,0.11365,0.075791,0.097079,15.987
2025-07-30 13:00:00,4.83838,5.77372,0.324487,4.51389,0.096371,0.063924,0.098739,20.511
2025-07-30 14:00:00,3.02345,5.23088,0.258769,2.76468,0.08467,0.050832,0.092947,15.861
2025-07-30 15:00:00,1.81644,2.64018,0.251747,1.5647,0.072315,0.038521,0.08921,11.664
2025-07-30 16:00:00,2.84578,3.1975,0.289424,2.55635,0.077016,0.041468,0.095744,12.79
2025-07-30 17:00:00,4.07305,3.27943,0.420512,3.65254,0.122511,0.069357,0.108289,20.443
2025-07-30 18:00:00,5.79641,3.90068,0.639169,5.15724,0.148586,0.104528,0.116744,24.628
2025-07-30 19:00:00,5.47664,4.33965,0.518837,4.95781,0.130642,0.082355,0.107241,24.782
2025-07-30 20:00:00,3.03741,2.73641,0.438589,2.59882,0.107983,0.05577,0.09756,18.57
2025-07-30 21:00:00,3.5032,3.61901,0.540082,2.96312,0.135306,0.062757,0.095602,16.442
2025-07-30 22:00:00,4.13584,6.22867,0.850086,3.28575,0.163944,0.066359,0.102801,20.779
2025-07-30 23:00:00,5.52975,8.27807,0.911288,4.61846,0.183444,0.078394,0.098676,26.365
2025-07-31 00:00:00,3.82122,9.55306,0.229613,3.59161,0.064937,0.052419,0.072783,12.931
2025-07-31 01:00:00,1.82415,6.9624,0.120683,1.70347,0.048111,0.02844,0.066204,9.723
2025-07-31 02:00:00,0.956809,3.54373,0.05742,0.899389,0.021902,0.014591,0.060974,3.258
2025-07-31 03:00:00,0.795035,2.36618,0.031768,0.763267,0.023789,0.014226,0.059665,3.732
2025-07-31 04:00:00,0.071574,0.223668,0.027943,0.043631,0.014794,0.005298,0.053442,0.831
2025-07-31 05:00:00,0.06527,0.169091,0.018717,0.046553,0.006762,0.0026,0.050281,0.635
2025-07-31 06:00:00,1.0218,1.7087,0.086631,0.935171,0.036008,0.01285,0.06276,4.123
2025-07-31 07:00:00,3.61456,4.08887,0.712587,2.90198,0.082989,0.041223,0.091324,12.791
2025-07-31 08:00:00,4.70314,3.95222,0.409083,4.29405,0.104455,0.065509,0.099921,20.048
2025-07-31 09:00:00,2.36428,2.2603,0.270104,2.09417,0.091597,0.040646,0.100356,14.547
2025-07-31 10:00:00,2.60497,2.5291,0.318352,2.28662,0.082351,0.036986,0.096761,13.579
2025-07-31 11:00:00,3.05615,2.79867,0.342943,2.71321,0.100583,0.048446,0.108357,11.424
2025-07-31 12:00:00,4.82014,3.9252,0.421804,4.39834,0.140214,0.069598,0.104368,19.719
2025-07-31 13:00:00,3.36042,3.58254,0.276999,3.08342,0.085614,0.047651,0.091435,15.588
2025-07-31 14:00:00,2.49661,3.02253,0.310062,2.18655,0.091374,0.039861,0.091053,14.106
2025-07-31 15:00:00,3.05254,3.91351,0.256069,2.79647,0.077511,0.046265,0.089991,12.912
2025-07-31 16:00:00,4.12174,4.33867,0.451346,3.67039,0.113748,0.057907,0.103664,17.596
2025-07-31 17:00:00,4.93047,4.06805,0.636307,4.29417,0.115984,0.064882,0.104271,21.226
2025-07-31 18:00:00,6.33308,4.35562,0.755671,5.5774,0.136723,0.091249,0.115841,27.263
2025-07-31 19:00:00,4.95353,3.43518,0.381266,4.57227,0.100893,0.069558,0.100705,18.778
2025-07-31 20:00:00,3.9958,3.06427,0.679253,3.31655,0.11813,0.064867,0.099932,18.833
2025-07-31 21:00:00,3.06089,2.93751,0.312456,2.74843,0.098397,0.076368,0.096217,17.196
2025-07-31 22:00:00,2.90663,4.52746,0.238207,2.66842,0.077385,0.053185,0.083556,12.772
2025-07-31 23:00:00,3.70254,8.30167,0.467767,3.23478,0.083287,0.053762,0.083711,13.94
2025-08-01 00:00:00,1.69913,4.96821,0.115882,1.58325,0.037293,0.03042,0.067557,7.117
2025-08-01 01:00:00,1.94639,7.54415,0.237908,1.70848,0.0323,0.023081,0.059709,4.172
2025-08-01 02:00:00,0.879354,4.4865,0.047319,0.832035,0.020827,0.013268,0.055263,2.666
2025-08-01 03:00:00,0.235618,0.669369,0.046356,0.189262,0.016098,0.007648,0.053927,1.772
2025-08-01 04:00:00,0.138131,0.46353,0.012801,0.12533,0.011934,0.005172,0.051555,0.865
2025-08-01 05:00:00,0.302539,0.859487,0.027487,0.275052,0.011166,0.003866,0.052618,1.908
2025-08-01 06:00:00,0.939538,1.52522,0.091576,0.847962,0.041152,0.012923,0.064613,4.235
2025-08-01 07:00:00,4.82322,6.50029,0.285376,4.53784,0.071052,0.048298,0.088439,10.784
2025-08-01 08:00:00,4.22906,3.83067,0.42519,3.80387,0.114199,0.065196,0.104348,18.201
2025-08-01 09:00:00,3.16333,3.81124,0.240946,2.92238,0.082384,0.042515,0.091688,14.489
2025-08-01 10:00:00,1.9412,2.13788,0.200568,1.74063,0.07702,0.034075,0.090607,11.883
2025-08-01 11:00:00,4.11865,4.01428,0.356204,3.76245,0.117547,0.05943,0.099732,20.329
2025-08-01 12:00:00,4.21884,3.47516,0.499603,3.71924,0.138179,0.064514,0.105965,19.603
2025-08-01 13:00:00,2.8512,2.85691,0.253856,2.59734,0.087931,0.044607,0.095201,13.294
2025-08-01 14:00:00,1.85313,2.5455,0.193788,1.65934,0.079129,0.034595,0.090594,10.58
2025-08-01 15:00:00,2.345,2.89506,0.262613,2.08239,0.07725,0.051831,0.089564,10.318
2025-08-01 16:00:00,2.91756,3.3768,0.280267,2.63729,0.082829,0.049198,0.092226,13.86
2025-08-01 17:00:00,4.21958,3.34887,0.444099,3.77548,0.110755,0.064015,0.104933,20.454
2025-08-01 18:00:00,7.45243,5.31557,0.935147,6.51728,0.174592,0.104221,0.118914,19.393
2025-08-01 19:00:00,4.65661,3.19822,0.480197,4.17642,0.129107,0.081725,0.107542,19.421
2025-08-01 20:00:00,3.33209,2.59509,0.571275,2.76082,0.102553,0.064737,0.096598,15.471
2025-08-01 21:00:00,3.25361,3.24065,0.539275,2.71433,0.106274,0.057558,0.091642,15.62
2025-08-01 22:00:00,3.31236,4.2685,0.439537,2.87282,0.109403,0.058773,0.092081,12.466
2025-08-01 23:00:00,3.61661,6.52818,0.366375,3.25024,0.094925,0.056944,0.08673,13.87
2025-08-02 00:00:00,1.85473,5.32969,0.158784,1.69595,0.058842,0.027381,0.069018,7.933
2025-08-02 01:00:00,2.14683,8.38605,0.138891,2.00794,0.039076,0.037277,0.067514,4.359
2025-08-02 02:00:00,0.364012,2.60008,0.026445,0.337567,0.016719,0.012757,0.054931,2.019
2025-08-02 03:00:00,0.70241,2.85532,0.051467,0.650943,0.017314,0.007323,0.052848,2.526
2025-08-02 04:00:00,1.88775,10.4875,0.040774,1.84698,0.030171,0.023823,0.059228,4.504
2025-08-02 05:00:00,0.703249,3.03125,0.017859,0.68539,0.016418,0.00801,0.054685,2.146
2025-08-02 06:00:00,0.725526,1.84144,0.077254,0.648272,0.032177,0.012677,0.061846,4.331
2025-08-02 07:00:00,1.62362,3.51433,0.106895,1.51673,0.082242,0.023508,0.072188,6.239
2025-08-02 08:00:00,3.64117,4.34507,0.244277,3.39689,0.094663,0.051353,0.087661,13.268
2025-08-02 09:00:00,3.33615,3.76541,0.260611,3.07554,0.079266,0.043123,0.09016,13.147
2025-08-02 10:00:00,3.31988,3.99985,0.245637,3.07424,0.124388,0.064141,0.100948,20.703
2025-08-02 11:00:00,7.19641,5.9573,0.492984,6.70343,0.141064,0.093745,0.106546,25.244
2025-08-02 12:00:00,4.61584,3.83376,0.422793,4.19305,0.126999,0.061799,0.101379,21.339
2025-08-02 13:00:00,3.3645,3.67303,0.274563,3.08994,0.08069,0.047384,0.092861,13.741
2025-08-02 14:00:00,3.35802,4.07527,0.270204,3.08782,0.081235,0.04889,0.090552,13.632
2025-08-02 15:00:00,4.7568,5.25033,0.656245,4.10055,0.107692,0.061121,0.09444,15.527
2025-08-02 16:00:00,5.12884,5.04807,0.576224,4.55262,0.114223,0.068347,0.100972,18.713
2025-08-02 17:00:00,4.40334,3.98853,0.680212,3.72313,0.133706,0.077251,0.104208,19.58
2025-08-02 18:00:00,4.50706,3.38876,0.676182,3.83087,0.137766,0.075575,0.102999,19.96
2025-08-02 19:00:00,5.94132,4.70786,0.847158,5.09416,0.154021,0.08196,0.111913,22.926
2025-08-02 20:00:00,4.80047,5.17292,0.653418,4.14705,0.142955,0.062659,0.099225,20.32
2025-08-02 21:00:00,4.43715,4.82299,0.716558,3.72059,0.152479,0.063537,0.109116,17.295
2025-08-02 22:00:00,5.50071,5.90206,0.438748,5.06197,0.108873,0.076284,0.095089,17.956
2025-08-02 23:00:00,4.4212,7.6757,0.295239,4.12596,0.076395,0.068267,0.094711,14.821
2025-08-03 00:00:00,2.49876,4.67932,0.214804,2.28395,0.061725,0.044418,0.070495,9.13
2025-08-03 01:00:00,1.15596,4.69903,0.052383,1.10358,0.026483,0.021691,0.058545,4.038
2025-08-03 02:00:00,0.26842,1.38362,0.027969,0.240451,0.0237,0.01077,0.055062,3.081
2025-08-03 03:00:00,0.38249,2.33225,0.061178,0.321312,0.017597,0.008512,0.0573,2.419
2025-08-03 04:00:00,0.31553,2.39038,0.008174,0.307356,0.008138,0.005172,0.052067,0.818
2025-08-03 05:00:00,2.41695,9.90552,0.716157,1.70079,0.067916,0.017188,0.060054,4.489
2025-08-03 06:00:00,1.076,2.0613,0.390554,0.685447,0.043524,0.010134,0.061293,3.673
2025-08-03 07:00:00,2.17418,2.84579,0.158656,2.01553,0.050119,0.027844,0.074323,7.28
2025-08-03 08:00:00,2.2632,2.24524,0.206932,2.05627,0.065436,0.030231,0.078597,8.675
2025-08-03 09:00:00,2.99171,3.78697,0.169009,2.8227,0.136159,0.051893,0.091603,10.203
2025-08-03 10:00:00,4.13433,4.14262,0.343178,3.79115,0.096088,0.057801,0.093384,14.771
2025-08-03 11:00:00,2.97122,2.7309,0.360937,2.61029,0.105361,0.055923,0.093185,16.402
2025-08-03 12:00:00,4.40976,3.07086,0.405185,4.00457,0.133665,0.067653,0.104713,19.493
2025-08-03 13:00:00,4.10042,4.07596,0.324889,3.77553,0.102162,0.061054,0.091787,14.779
2025-08-03 14:00:00,3.99889,4.58588,0.271009,3.72788,0.095309,0.063454,0.091721,13.287
2025-08-03 15:00:00,2.79636,3.33695,0.191546,2.60482,0.08574,0.052413,0.087217,10.05
2025-08-03 16:00:00,2.64014,2.08542,0.218128,2.42201,0.082664,0.046121,0.088752,12.129
2025-08-03 17:00:00,6.84143,5.37848,0.435028,6.4064,0.096954,0.067488,0.092999,15.141
2025-08-03 18:00:00,6.50916,5.68982,0.543836,5.96532,0.130976,0.103844,0.106511,22.665
2025-08-03 19:00:00,4.10281,3.9149,0.486168,3.61665,0.10263,0.062758,0.09822,18.584
2025-08-03 20:00:00,3.83829,3.77042,0.487744,3.35054,0.118873,0.058783,0.097319,17.049
2025-08-03 21:00:00,2.90779,3.71841,0.312362,2.59543,0.086456,0.046832,0.087531,14.735
2025-08-03 22:00:00,2.89133,5.1631,0.277348,2.61399,0.073669,0.054996,0.07901,12.659
2025-08-03 23:00:00,2.71923,4.70455,0.216004,2.50323,0.062812,0.039901,0.080541,10.705
2025-08-04 00:00:00,1.21773,2.56905,0.064146,1.15358,0.039131,0.022917,0.068242,5.723
2025-08-04 01:00:00,1.08347,2.94421,0.064845,1.01862,0.030628,0.020582,0.060124,3.12
2025-08-04 02:00:00,0.672353,3.82019,0.032191,0.640162,0.02211,0.014652,0.056411,2.172
2025-08-04 03:00:00,0.914941,3.91001,0.033632,0.881309,0.02145,0.013577,0.055889,1.977
2025-08-04 04:00:00,0.287457,1.1056,0.0144,0.273057,0.014984,0.007868,0.053842,0.976
2025-08-04 05:00:00,0.712269,2.52578,0.031696,0.680573,0.022176,0.011055,0.057512,2.204
2025-08-04 06:00:00,1.04433,2.32074,0.089824,0.954507,0.037323,0.017347,0.064792,4.379
2025-08-04 07:00:00,3.58994,3.9021,0.468835,3.1211,0.073257,0.039696,0.084604,12.644
2025-08-04 08:00:00,3.31177,2.85006,0.30433,3.00744,0.082831,0.056113,0.097064,13.917
2025-08-04 09:00:00,4.30361,4.60772,0.378219,3.92539,0.084248,0.046143,0.089778,12.108
2025-08-04 10:00:00,2.78752,3.06996,0.250564,2.53696,0.08113,0.0406,0.099719,15.442
2025-08-04 11:00:00,3.89417,3.75885,0.479234,3.41493,0.109986,0.048758,0.102658,18.485
2025-08-04 12:00:00,4.86951,4.09202,0.499524,4.36998,0.123298,0.064594,0.100022,20.287
2025-08-04 13:00:00,4.90094,5.76582,0.381645,4.5193,0.111995,0.065753,0.100883,20.578
2025-08-04 14:00:00,3.43038,4.88658,0.317361,3.11302,0.089963,0.049964,0.091927,14.871
2025-08-04 15:00:00,3.6297,5.81683,0.379397,3.2503,0.083602,0.045268,0.089392,12.236
2025-08-04 16:00:00,3.8388,5.31689,0.391587,3.44721,0.082462,0.048095,0.089901,12.492
2025-08-04 17:00:00,3.70566,3.40594,0.609424,3.09624,0.102964,0.054213,0.100182,17.482
2025-08-04 18:00:00,5.57213,4.06725,0.557416,5.01472,0.129572,0.077036,0.110424,25.658
2025-08-04 19:00:00,4.67374,4.0783,0.578086,4.09565,0.146605,0.071479,0.105362,22.13
2025-08-04 20:00:00,4.77164,4.18565,0.455989,4.31565,0.122588,0.072218,0.100265,20.414
2025-08-04 21:00:00,3.17728,3.94204,0.511304,2.66598,0.096599,0.05364,0.091152,13.345
2025-08-04 22:00:00,2.93087,5.42754,0.410643,2.52023,0.075401,0.051105,0.085748,14.625
2025-08-04 23:00:00,2.80678,6.04909,0.226591,2.58018,0.062515,0.068024,0.084426,10.499
2025-08-05 00:00:00,1.75943,6.32888,0.143265,1.61616,0.049828,0.032407,0.066322,6.186
2025-08-05 01:00:00,1.48897,6.53056,0.074521,1.41445,0.025732,0.018704,0.058932,3.883
2025-08-05 02:00:00,0.574777,2.41502,0.027577,0.5472,0.016187,0.009488,0.054955,2.127
2025-08-05 03:00:00,0.194245,1.06728,0.013733,0.180512,0.013218,0.00628,0.053746,1.598
2025-08-05 04:00:00,0.328732,1.53613,0.02218,0.306552,0.016347,0.005703,0.052207,2.047
2025-08-05 05:00:00,0.291464,1.07156,0.047691,0.243773,0.019304,0.003851,0.055541,3.517
2025-08-05 06:00:00,1.02265,1.9591,0.094017,0.928635,0.0449,0.014036,0.067305,5.794
2025-08-05 07:00:00,2.46001,2.56251,0.254098,2.20591,0.077605,0.033184,0.082887,13.994
2025-08-05 08:00:00,3.72824,2.89459,0.284305,3.44393,0.088332,0.050261,0.096444,16.633
2025-08-05 09:00:00,2.27444,3.88129,0.147275,2.12716,0.072455,0.037063,0.088984,11.241
2025-08-05 10:00:00,2.47403,2.72471,0.233763,2.24027,0.08138,0.034749,0.091475,13.753
2025-08-05 11:00:00,2.82347,3.03599,0.255513,2.56795,0.096541,0.04578,0.09673,14.295
2025-08-05 12:00:00,4.06387,3.81942,0.465455,3.59841,0.125014,0.06499,0.107385,17.996
2025-08-05 13:00:00,4.14217,4.61267,0.346739,3.79543,0.101266,0.052018,0.100831,16.847
2025-08-05 14:00:00,5.38179,6.34645,0.373611,5.00818,0.091783,0.059034,0.091437,14.867
2025-08-05 15:00:00,4.56887,9.721,0.269469,4.2994,0.095561,0.068408,0.09854,13.682
2025-08-05 16:00:00,4.05188,5.40251,0.297273,3.75461,0.079768,0.050308,0.093135,14.503
2025-08-05 17:00:00,4.15832,2.86781,0.5412,3.61712,0.144147,0.064711,0.105831,20.703
2025-08-05 18:00:00,7.91012,6.49435,0.525732,7.38438,0.157344,0.111823,0.119311,20.358
2025-08-05 19:00:00,3.42554,3.39836,0.361613,3.06393,0.142055,0.071435,0.097163,19.21
2025-08-05 20:00:00,2.72319,3.92391,0.198384,2.52481,0.093312,0.080352,0.104713,14.113
2025-08-05 21:00:00,2.51605,2.98818,0.346538,2.16951,0.086395,0.047881,0.086556,9.603
2025-08-05 22:00:00,2.84956,5.91195,0.316655,2.53291,0.10158,0.069492,0.098207,16.52
2025-08-05 23:00:00,1.1955,2.63327,0.108467,1.08703,0.061686,0.041829,0.075037,5.628
2025-08-06 00:00:00,0.548395,6.68775,0.033409,0.514986,0.027841,0.020213,0.059241,2.939
2025-08-06 01:00:00,1.4384,4.926,0.0827,1.3556,0.0461,0.0391,0.0638,4.395
2025-08-06 02:00:00,0.3025,1.1547,0.0156,0.2869,0.0115,0.0045,0.0519,1.478
2025-08-06 03:00:00,0.3188,1.5942,0.0168,0.3021,0.012,0.0042,0.0513,1.872
2025-08-06 04:00:00,0.4143,2.3278,0.0163,0.398,0.0076,0.0047,0.0503,1.206
2025-08-06 05:00:00,0.2932,1.2423,0.0106,0.2826,0.0157,0.0071,0.0542,1.126
2025-08-06 06:00:00,1.1453,2.3374,0.0929,1.0525,0.0433,0.0164,0.0652,5.492
2025-08-06 07:00:00,3.1799,3.7766,0.2308,2.9491,0.0702,0.0431,0.0831,11.113
2025-08-06 08:00:00,2.8639,3.4257,0.9176,1.9463,0.1829,0.056,0.0983,16.302
2025-08-06 09:00:00,2.2217,2.7633,0.2093,2.0124,0.072,0.0385,0.1039,11.151
2025-08-06 10:00:00,3.0008,3.5724,0.2594,2.7415,0.0864,0.0429,0.091,12.097
2025-08-06 11:00:00,4.8885,4.0334,0.4055,4.483,0.1154,0.0662,0.1039,19.417
2025-08-06 12:00:00,6.0188,5.6355,0.3641,5.6546,0.1136,0.0758,0.0971,15.987
2025-08-06 13:00:00,4.8384,5.7737,0.3245,4.5139,0.0964,0.0639,0.0987,20.511
2025-08-06 14:00:00,3.0234,5.2309,0.2588,2.7647,0.0847,0.0508,0.0929,15.861
2025-08-06 15:00:00,1.8164,2.6402,0.2517,1.5647,0.0723,0.0385,0.0892,11.664
2025-08-06 16:00:00,2.8458,3.1975,0.2894,2.5564,0.077,0.0415,0.0957,12.79
2025-08-06 17:00:00,4.0731,3.2794,0.4205,3.6525,0.1225,0.0694,0.1083,20.443
2025-08-06 18:00:00,5.7964,3.9007,0.6392,5.1572,0.1486,0.1045,0.1167,24.628
2025-08-06 19:00:00,5.4766,4.3397,0.5188,4.9578,0.1306,0.0824,0.1072,24.782
2025-08-06 20:00:00,3.0374,2.7364,0.4386,2.5988,0.108,0.0558,0.0976,18.57
2025-08-06 21:00:00,3.5032,3.619,0.5401,2.9631,0.1353,0.0628,0.0956,16.442
2025-08-06 22:00:00,4.1358,6.2287,0.8501,3.2858,0.1639,0.0664,0.1028,20.779
2025-08-06 23:00:00,5.5298,8.2781,0.9113,4.6185,0.1834,0.0784,0.0987,26.365
2025-08-07 00:00:00,2.57946,7.54229,0.183573,2.39589,0.046493,0.031087,0.065952,7.684
2025-08-07 01:00:00,1.51996,4.63403,0.063526,1.45643,0.028903,0.019083,0.059321,3.292
2025-08-07 02:00:00,1.39525,6.28492,0.068011,1.32724,0.025354,0.014126,0.058625,3.113
2025-08-07 03:00:00,0.643705,2.29894,0.035781,0.607924,0.017442,0.006981,0.052851,1.226
2025-08-07 04:00:00,0.354502,1.23402,0.02724,0.327262,0.012121,0.004791,0.051576,0.9305
2025-08-07 05:00:00,0.0653,0.1691,0.0187,0.0466,0.0068,0.0026,0.0503,0.635
2025-08-07 06:00:00,1.0218,1.7087,0.0866,0.9352,0.036,0.0128,0.0628,4.123
2025-08-07 07:00:00,3.6146,4.0889,0.7126,2.902,0.083,0.0412,0.0913,12.791
2025-08-07 08:00:00,4.7031,3.9522,0.4091,4.2941,0.1045,0.0655,0.0999,20.048
2025-08-07 09:00:00,2.3643,2.2603,0.2701,2.0942,0.0916,0.0406,0.1004,14.547
2025-08-07 10:00:00,2.605,2.5291,0.3184,2.2866,0.0824,0.037,0.0968,13.579
2025-08-07 11:00:00,3.0561,2.7987,0.3429,2.7132,0.1006,0.0484,0.1084,11.424
2025-08-07 12:00:00,4.8201,3.9252,0.4218,4.3983,0.1402,0.0696,0.1044,19.719
2025-08-07 13:00:00,3.3604,3.5825,0.277,3.0834,0.0856,0.0477,0.0914,15.588
2025-08-07 14:00:00,4.67007,4.96816,0.427443,4.24263,0.083261,0.042903,0.089263,17.138
2025-08-07 15:00:00,2.30711,4.3043,0.376338,1.93077,0.091289,0.038721,0.09467,15.757
2025-08-07 16:00:00,5.06142,6.64228,0.583657,4.47776,0.089247,0.045133,0.094466,15.076
2025-08-07 17:00:00,4.93053,4.83385,0.699164,4.23137,0.105604,0.061116,0.102026,22.203
2025-08-07 18:00:00,6.3331,4.3556,0.7557,5.5774,0.1367,0.0912,0.1158,27.263
2025-08-07 19:00:00,4.9535,3.4352,0.3813,4.5723,0.1009,0.0696,0.1007,18.778
2025-08-07 20:00:00,3.9958,3.0643,0.6793,3.3166,0.1181,0.0649,0.0999,18.833
2025-08-07 21:00:00,4.57305,4.66638,0.407555,4.16549,0.124928,0.07288,0.09706,19.804
2025-08-07 22:00:00,3.93186,6.32131,0.502793,3.42906,0.11318,0.05863,0.088767,15.588
2025-08-07 23:00:00,3.931,9.35954,0.466487,3.46452,0.09112,0.054512,0.079629,13.23
2025-08-08 00:00:00,4.00784,10.9504,0.15871,3.84913,0.051772,0.046088,0.069743,9.638
2025-08-08 01:00:00,2.81251,10.8174,0.126321,2.68619,0.043291,0.027872,0.064425,8.537
2025-08-08 02:00:00,0.682007,3.27887,0.051922,0.630085,0.026206,0.01067,0.058451,4.59
2025-08-08 03:00:00,0.414376,1.74107,0.017306,0.39707,0.034257,0.009968,0.060792,2.254
2025-08-08 04:00:00,0.351182,1.99535,0.021343,0.329839,0.025343,0.009854,0.055849,3.911
2025-08-08 05:00:00,0.593151,2.24678,0.048807,0.544344,0.036918,0.010171,0.058641,4.909
2025-08-08 06:00:00,1.6047,2.81526,0.721829,0.88287,0.083134,0.017034,0.067852,7.113
2025-08-08 07:00:00,3.22542,3.68198,0.415912,2.80951,0.081913,0.042094,0.081822,12.081
2025-08-08 08:00:00,5.17925,3.67844,0.351824,4.82742,0.110027,0.068667,0.107973,20.022
2025-08-08 09:00:00,3.37202,3.83185,0.268467,3.10356,0.096961,0.047781,0.094388,15.784
2025-08-08 10:00:00,3.71191,4.52672,0.248691,3.46322,0.081791,0.046591,0.095185,13.943
2025-08-08 11:00:00,4.38922,4.2367,0.352785,4.03643,0.108406,0.062074,0.105795,19.337
2025-08-08 12:00:00,4.28125,4.70467,0.322069,3.95918,0.123772,0.070264,0.102659,22.112
2025-08-08 13:00:00,4.77205,4.51044,0.618765,4.15328,0.112887,0.064953,0.10093,14.845
2025-08-08 14:00:00,3.81273,4.67246,0.331759,3.48097,0.090739,0.059436,0.094938,15.456
2025-08-08 15:00:00,2.20913,3.76985,0.187161,2.02197,0.100769,0.044517,0.090002,12.604
2025-08-08 16:00:00,4.32794,5.45081,0.5313,3.79664,0.116185,0.056383,0.096338,16.94
2025-08-08 17:00:00,5.19027,4.59316,0.689879,4.50039,0.122975,0.071617,0.10584,18.079
2025-08-08 18:00:00,4.7934,3.28315,0.511738,4.28167,0.123075,0.068484,0.108036,22.739
2025-08-08 19:00:00,4.62674,3.48399,0.448026,4.17872,0.120277,0.065019,0.103863,20.863
2025-08-08 20:00:00,3.90708,4.69601,0.523941,3.38314,0.118328,0.061325,0.099291,20.766
2025-08-08 21:00:00,2.98843,4.51425,0.350807,2.63763,0.095853,0.055099,0.08645,11.851
2025-08-08 22:00:00,4.35612,8.25023,0.25832,4.0978,0.080512,0.055743,0.097054,14.049
2025-08-08 23:00:00,3.56537,7.55375,0.226106,3.33926,0.069919,0.054592,0.08295,8.825
2025-08-09 00:00:00,1.8547,5.3297,0.1588,1.6959,0.0588,0.0274,0.069,7.933
2025-08-09 01:00:00,2.1468,8.3861,0.1389,2.0079,0.0391,0.0373,0.0675,4.359
2025-08-09 02:00:00,2.1749,7.39761,0.105388,2.06951,0.055027,0.033929,0.070479,4.899
2025-08-09 03:00:00,1.39888,5.87767,0.05206,1.34682,0.022241,0.011123,0.059116,2.413
2025-08-09 04:00:00,0.401618,1.68747,0.017811,0.383807,0.013116,0.005546,0.0521,1.643
2025-08-09 05:00:00,0.269225,1.17054,0.028373,0.240852,0.017005,0.004855,0.05402,1.747
2025-08-09 06:00:00,0.800587,1.50486,0.057903,0.742684,0.030369,0.012777,0.062217,4.124
2025-08-09 07:00:00,2.51471,3.6235,0.145577,2.36913,0.065887,0.0313,0.07775,8.575
2025-08-09 08:00:00,2.73319,3.48621,0.193814,2.53937,0.0812,0.040195,0.08679,11.697
2025-08-09 09:00:00,2.36749,3.46124,0.168388,2.1991,0.076828,0.040633,0.086956,9.223
2025-08-09 10:00:00,3.98529,3.53933,0.314353,3.67094,0.101078,0.05042,0.096054,15.89
2025-08-09 11:00:00,5.33225,4.07664,0.315815,5.01644,0.104124,0.068302,0.098207,14.203
2025-08-09 12:00:00,4.03131,2.74613,0.380486,3.65083,0.117585,0.061928,0.101709,19.091
2025-08-09 13:00:00,6.60867,5.46171,0.536175,6.07249,0.143901,0.094233,0.11161,19.071
2025-08-09 14:00:00,3.78828,3.50118,0.331537,3.45674,0.102396,0.060459,0.097369,16.84
2025-08-09 15:00:00,5.37107,6.15948,0.305119,5.06595,0.143885,0.074734,0.099276,19.975
2025-08-09 16:00:00,5.18204,4.44428,0.385534,4.7965,0.098635,0.061883,0.100172,16.928
2025-08-09 17:00:00,2.39569,3.22001,0.227957,2.16773,0.099395,0.05401,0.094965,13.263
2025-08-09 18:00:00,5.34284,4.16758,1.10131,4.24153,0.14565,0.077168,0.104474,22.041
2025-08-09 19:00:00,4.40591,4.10233,0.378699,4.02721,0.09929,0.061629,0.097965,15.49
2025-08-09 20:00:00,4.07093,3.74855,0.456932,3.61399,0.113522,0.063343,0.096129,16.9
2025-08-09 21:00:00,5.53179,4.89539,0.590004,4.94179,0.124209,0.073394,0.098904,21.602
2025-08-09 22:00:00,2.71395,2.92452,0.25754,2.45641,0.085373,0.056684,0.097653,11.891
2025-08-09 23:00:00,3.66506,6.71256,0.232751,3.43231,0.072264,0.052571,0.084051,14.116
2025-08-10 00:00:00,4.65437,11.1349,0.229111,4.42526,0.05998,0.050027,0.074985,11.352
2025-08-10 01:00:00,2.7457,7.15272,0.166746,2.57896,0.043881,0.030659,0.067777,7.5575
2025-08-10 02:00:00,0.837033,3.17058,0.104381,0.732652,0.027783,0.011291,0.060568,3.763
2025-08-10 03:00:00,0.241491,1.29834,0.025065,0.216426,0.018633,0.006604,0.055256,3.159
2025-08-10 04:00:00,0.214726,0.852086,0.03611,0.178616,0.019287,0.00537,0.052762,1.376
2025-08-10 05:00:00,0.472437,2.12809,0.02549,0.446947,0.014406,0.00566,0.053582,1.747
2025-08-10 06:00:00,1.23657,5.33007,0.045002,1.19157,0.028516,0.014683,0.061082,2.939
2025-08-10 07:00:00,1.36445,1.88459,0.085603,1.27884,0.052281,0.023818,0.072184,7.123
2025-08-10 08:00:00,2.10185,2.06468,0.150127,1.95172,0.063607,0.032023,0.084337,9.292
2025-08-10 09:00:00,2.89705,2.50177,0.192883,2.70417,0.078017,0.042094,0.086172,10.958
2025-08-10 10:00:00,2.5817,2.57654,0.187755,2.39394,0.118407,0.055777,0.098055,15.27
2025-08-10 11:00:00,4.81135,4.10525,0.655765,4.15558,0.091207,0.059448,0.098191,16.378
2025-08-10 12:00:00,3.21092,3.31707,0.368541,2.84238,0.124446,0.059162,0.099681,16.798
2025-08-10 13:00:00,3.80598,4.98165,0.342083,3.4639,0.126132,0.071888,0.093776,17.29
2025-08-10 14:00:00,3.92813,4.39388,0.534275,3.39385,0.100752,0.053621,0.088702,15.414
2025-08-10 15:00:00,2.05461,2.79919,0.18334,1.87127,0.083517,0.042847,0.08961,10.496
2025-08-10 16:00:00,3.28792,3.37569,0.406512,2.88141,0.099982,0.057453,0.095031,14.471
2025-08-10 17:00:00,4.17416,4.02135,0.589938,3.58422,0.113894,0.062268,0.109067,17.98
2025-08-10 18:00:00,3.86618,2.68484,0.304769,3.56141,0.106943,0.06693,0.101027,17.322
2025-08-10 19:00:00,4.23428,4.51416,0.30091,3.93337,0.099677,0.061608,0.094412,15.921
2025-08-10 20:00:00,2.7398,2.59943,0.300369,2.43943,0.080532,0.04195,0.086837,13.713
2025-08-10 21:00:00,3.31168,4.04851,0.462556,2.84912,0.090105,0.048081,0.088475,15.979
2025-08-10 22:00:00,2.79196,4.50316,0.380701,2.41126,0.099777,0.050006,0.092477,14.571
2025-08-10 23:00:00,4.33752,6.57199,0.414911,3.9226,0.103665,0.069071,0.091029,15.42
2025-08-11 00:00:00,2.83887,5.77007,0.155093,2.68378,0.050826,0.040639,0.068572,8.45
2025-08-11 01:00:00,2.09051,6.96838,0.090964,1.99955,0.033531,0.024247,0.064118,5.399
2025-08-11 02:00:00,0.739141,2.9804,0.047724,0.691417,0.020801,0.017515,0.057539,2.191
2025-08-11 03:00:00,0.189247,1.05137,0.018372,0.170875,0.024146,0.008985,0.056051,2.614
2025-08-11 04:00:00,0.115403,0.384677,0.016512,0.098891,0.012878,0.003904,0.052647,0.474
2025-08-11 05:00:00,0.56507,1.519,0.054423,0.510647,0.017237,0.006672,0.054691,1.557
2025-08-11 06:00:00,0.980879,2.05205,0.069116,0.911763,0.023476,0.01041,0.060147,2.526
2025-08-11 07:00:00,2.61603,3.59344,0.192928,2.4231,0.059255,0.035974,0.079459,9.978
2025-08-11 08:00:00,2.9241,3.62791,0.227727,2.69637,0.095467,0.056893,0.095536,16.841
2025-08-11 09:00:00,3.45869,3.75945,0.216279,3.24241,0.073823,0.045856,0.092135,12.151
2025-08-11 10:00:00,2.70128,3.29424,0.22216,2.47912,0.086875,0.046227,0.0975,12.928
2025-08-11 11:00:00,4.37854,3.24817,0.40841,3.97012,0.126616,0.072179,0.115005,12.371
2025-08-11 12:00:00,5.02713,3.63758,0.402487,4.62465,0.120557,0.064639,0.101286,16.764
2025-08-11 13:00:00,3.43256,3.55338,0.275466,3.15709,0.097371,0.050213,0.093835,14.405
2025-08-11 14:00:00,3.98427,4.55867,0.328317,3.65596,0.091691,0.051252,0.095461,15.256
2025-08-11 15:00:00,1.99169,2.12787,0.195058,1.79663,0.068264,0.030561,0.086789,11.639
2025-08-11 16:00:00,2.00141,1.83615,0.2563,1.74511,0.067966,0.034824,0.088722,10.422
2025-08-11 17:00:00,3.96215,3.45135,0.47719,3.48495,0.108893,0.059121,0.101258,17.453
2025-08-11 18:00:00,4.81914,3.70703,0.489694,4.32944,0.122135,0.068166,0.105536,20.478
2025-08-11 19:00:00,5.73369,4.10135,0.560201,5.17349,0.1343,0.084587,0.110681,24.419
2025-08-11 20:00:00,4.3361,3.4359,0.591284,3.74482,0.133439,0.072099,0.12237,21.977
2025-08-11 21:00:00,4.1642,5.17935,0.453514,3.71068,0.128532,0.079937,0.099559,25.569
2025-08-11 22:00:00,4.23776,6.26887,0.361694,3.87606,0.094907,0.058858,0.085944,16.185
2025-08-11 23:00:00,5.4126,9.94963,0.293988,5.11861,0.082655,0.076801,0.090148,14.506
2025-08-12 00:00:00,3.68773,7.68277,0.309706,3.37802,0.055943,0.046101,0.068913,6.492
2025-08-12 01:00:00,1.1858,3.92648,0.055754,1.13004,0.042742,0.022275,0.062307,5.553
2025-08-12 02:00:00,0.521165,3.3408,0.03065,0.490515,0.07003,0.01698,0.064181,7.701
2025-08-12 03:00:00,1.0283,6.50824,0.024303,1.004,0.019073,0.008852,0.053102,1.368
2025-08-12 04:00:00,2.90194,13.0718,0.044981,2.85696,0.015633,0.017262,0.053306,1.868
2025-08-12 05:00:00,1.53621,7.4573,0.678012,0.858193,0.083453,0.015036,0.063288,6.148
2025-08-12 06:00:00,0.883151,2.49478,0.092922,0.790229,0.047531,0.018088,0.070381,8.445
2025-08-12 07:00:00,2.12632,2.50745,0.532355,1.59396,0.073458,0.02799,0.083375,12.811
2025-08-12 08:00:00,3.43049,2.75762,0.306452,3.12403,0.096964,0.058457,0.105711,13.142
2025-08-12 09:00:00,4.03697,3.88171,0.432584,3.60439,0.079064,0.051806,0.088698,9.918
2025-08-12 10:00:00,3.47518,3.91349,0.233012,3.24216,0.070087,0.039416,0.094144,11.694
2025-08-12 11:00:00,4.41074,3.82877,0.367493,4.04324,0.111586,0.058735,0.101078,17.598
2025-08-12 12:00:00,4.64641,4.11187,0.616983,4.02943,0.137065,0.063563,0.102291,20.736
2025-08-12 13:00:00,3.51271,3.18181,0.299619,3.21309,0.085895,0.046551,0.094042,15.205
2025-08-12 14:00:00,4.97907,5.72307,0.444021,4.53505,0.083521,0.059848,0.094166,16.137
2025-08-12 15:00:00,4.53313,6.29601,0.318636,4.21449,0.09502,0.055596,0.097808,17.258
2025-08-12 16:00:00,2.25342,3.33347,0.404116,1.84931,0.068893,0.036655,0.086174,11.887
2025-08-12 17:00:00,3.85222,2.7674,0.493392,3.35883,0.116854,0.063961,0.106677,21.478
2025-08-12 18:00:00,6.97802,5.25454,1.08192,5.89611,0.152783,0.07598,0.107572,21.269
2025-08-12 19:00:00,4.55299,3.87819,0.53057,4.02242,0.125415,0.068395,0.109437,23.124
2025-08-12 20:00:00,5.21588,5.78257,0.637368,4.57851,0.146767,0.058892,0.10083,18.518
2025-08-12 21:00:00,3.70966,5.3147,0.436065,3.2736,0.097783,0.052761,0.089454,14.599
2025-08-12 22:00:00,3.14823,4.56265,0.422716,2.72551,0.09174,0.051001,0.089298,15.75
2025-08-12 23:00:00,2.99312,8.36068,0.145642,2.84748,0.063135,0.058838,0.077932,11.986
2025-08-13 00:00:00,2.45908,8.08908,0.137587,2.32149,0.043032,0.038532,0.070013,4.356
2025-08-13 01:00:00,1.72125,5.77601,0.088883,1.63237,0.044713,0.027499,0.065155,7.642
2025-08-13 02:00:00,0.664027,2.96441,0.074087,0.58994,0.027124,0.008075,0.056654,2.055
2025-08-13 03:00:00,0.348932,1.63052,0.016359,0.332573,0.018087,0.005609,0.05251,2.068
2025-08-13 04:00:00,0.408514,1.60832,0.033418,0.375096,0.017795,0.00518,0.053124,2.161
2025-08-13 05:00:00,0.451508,1.64784,0.033243,0.418265,0.022681,0.006282,0.055941,3.876
2025-08-13 06:00:00,2.10751,4.18157,0.087273,2.02024,0.03953,0.021221,0.066218,6.21
2025-08-13 07:00:00,2.29132,2.85701,0.199218,2.0921,0.056709,0.029714,0.077469,9.026
2025-08-13 08:00:00,3.27615,2.86377,0.23649,3.03966,0.08719,0.053027,0.097065,9.922
2025-08-13 09:00:00,1.62146,2.44196,0.096582,1.52488,0.150503,0.045688,0.090044,8.867
2025-08-13 10:00:00,2.57316,3.44927,0.208155,2.365,0.078869,0.05518,0.09475,11.762
2025-08-13 11:00:00,3.8794,4.44886,0.38864,3.49076,0.09818,0.051515,0.106654,17.35
2025-08-13 12:00:00,3.753,2.65417,0.438385,3.31462,0.11649,0.05256,0.100625,20.09
2025-08-13 13:00:00,4.00884,4.25567,0.32726,3.68158,0.10522,0.049278,0.092405,17.973
2025-08-13 14:00:00,2.78962,4.16361,0.22015,2.56947,0.075635,0.03532,0.091543,14.098
2025-08-13 15:00:00,3.13026,4.72849,0.314454,2.81581,0.083133,0.042554,0.089667,13.757
2025-08-13 16:00:00,2.44154,3.05192,0.200809,2.24073,0.059662,0.030623,0.089087,9.886
2025-08-13 17:00:00,4.64008,3.59139,0.551604,4.08848,0.1064,0.077015,0.104578,18.839
2025-08-13 18:00:00,4.89173,3.80976,0.433885,4.45784,0.112503,0.069296,0.107085,22.742
2025-08-13 19:00:00,3.97328,3.1335,0.365597,3.60768,0.112963,0.066384,0.108814,20.164
2025-08-13 20:00:00,3.61192,2.88032,0.727387,2.88454,0.117872,0.055294,0.104166,19.303
2025-08-13 21:00:00,2.09914,2.99022,0.275256,1.82388,0.128732,0.050935,0.095504,12.608
2025-08-13 22:00:00,4.11743,6.57736,0.418022,3.69941,0.099239,0.059655,0.086346,17.283
2025-08-13 23:00:00,1.9628,4.71827,0.173506,1.7893,0.057537,0.035665,0.070282,8.579
2025-08-14 00:00:00,2.6639,9.8663,0.17028,2.49362,0.045456,0.031517,0.065175,6.878
2025-08-14 01:00:00,1.11629,6.49006,0.052241,1.06405,0.030585,0.016325,0.05874,5.175
2025-08-14 02:00:00,0.978637,8.89671,0.050067,0.92857,0.036255,0.014183,0.063033,4.422
2025-08-14 03:00:00,0.740983,5.00665,0.02499,0.715993,0.015833,0.007471,0.051721,1.757
2025-08-14 04:00:00,0.204742,1.36495,0.016618,0.188124,0.014988,0.00459,0.051477,2.365
2025-08-14 05:00:00,0.238867,0.622049,0.021527,0.21734,0.07243,0.007244,0.057466,2.76
2025-08-14 06:00:00,1.09849,3.81419,0.064921,1.03357,0.057952,0.018377,0.067471,5.419
2025-08-14 07:00:00,2.19691,3.08555,0.163113,2.0338,0.149006,0.044099,0.089234,8.691
2025-08-14 08:00:00,3.10525,2.65406,0.264089,2.84116,0.104598,0.053878,0.096079,12.506
2025-08-14 09:00:00,2.35585,2.818,0.250332,2.10552,0.08062,0.04124,0.094962,13.897
2025-08-14 10:00:00,3.76562,4.98098,0.264573,3.50105,0.083645,0.052821,0.097081,16.065
2025-08-14 11:00:00,4.80465,4.80464,0.28958,4.51507,0.092809,0.060409,0.096984,16.659
2025-08-14 12:00:00,5.87979,4.69632,0.421232,5.45855,0.110657,0.077944,0.106853,21.647
2025-08-14 13:00:00,5.03898,5.28195,0.30428,4.7347,0.093499,0.061353,0.096977,16.786
2025-08-14 14:00:00,3.43271,4.31246,0.251824,3.18089,0.080332,0.048964,0.092722,14.155
2025-08-14 15:00:00,2.63262,3.56724,0.337296,2.29533,0.072828,0.037003,0.090361,10.344
2025-08-14 16:00:00,2.29624,2.18274,0.238247,2.05799,0.076335,0.034118,0.089626,13.202
2025-08-14 17:00:00,3.27582,3.72253,0.323525,2.9523,0.109942,0.0609,0.103307,16.247
2025-08-14 18:00:00,5.90215,3.43149,0.573292,5.32886,0.136762,0.083469,0.112385,24.497
2025-08-14 19:00:00,5.12502,3.91821,0.586703,4.53831,0.126399,0.078563,0.108452,25.874
2025-08-14 20:00:00,4.49748,4.33283,0.66706,3.83042,0.112823,0.060828,0.095235,18.677
2025-08-14 21:00:00,2.22054,2.9141,0.360201,1.86034,0.099178,0.050139,0.089814,11.561
2025-08-14 22:00:00,3.88863,6.94399,0.378809,3.50982,0.085347,0.050551,0.084688,14.284
2025-08-14 23:00:00,2.7125,5.11792,0.192471,2.52003,0.065143,0.073364,0.080908,10.222
2025-08-15 00:00:00,2.49422,5.91047,0.123866,2.37035,0.048097,0.048322,0.073988,7.702
2025-08-15 01:00:00,1.73716,3.55976,0.111256,1.62591,0.043484,0.026154,0.065042,4.514
2025-08-15 02:00:00,0.975771,2.95688,0.05,0.925771,0.035154,0.024079,0.0611,4.092
2025-08-15 03:00:00,0.42127,0.957434,0.020043,0.401227,0.013864,0.00479,0.052187,1.522
2025-08-15 04:00:00,0.736932,1.9191,0.027671,0.709261,0.015745,0.00814,0.053039,2.145
2025-08-15 05:00:00,1.01098,2.50242,0.048429,0.962549,0.028012,0.014491,0.058907,3.046
2025-08-15 06:00:00,1.07002,2.26699,0.070779,0.999239,0.037838,0.016437,0.063354,3.979
2025-08-15 07:00:00,3.5297,4.57216,0.274397,3.25531,0.075403,0.047811,0.086384,13.23
2025-08-15 08:00:00,3.14415,2.50331,0.314895,2.82926,0.092177,0.054073,0.099624,15.098
2025-08-15 09:00:00,2.06352,3.00804,0.239462,1.82405,0.065153,0.039211,0.090684,11.572
2025-08-15 10:00:00,2.45698,3.15807,0.2812,2.17578,0.075159,0.034557,0.093339,12.589
2025-08-15 11:00:00,3.79798,3.5363,0.295443,3.50254,0.102048,0.059887,0.10013,17.478
2025-08-15 12:00:00,4.60384,4.45246,0.341494,4.26235,0.11631,0.076456,0.105977,23.206
2025-08-15 13:00:00,4.6008,4.49297,0.281597,4.31921,0.091658,0.057843,0.094158,17.558
2025-08-15 14:00:00,3.72588,4.21479,0.271598,3.45428,0.087207,0.049791,0.094467,15.154
2025-08-15 15:00:00,2.47268,3.5527,0.248748,2.22393,0.070935,0.036224,0.090028,12.071
2025-08-15 16:00:00,2.44725,4.33909,0.211572,2.23567,0.071009,0.038118,0.089399,9.429
2025-08-15 17:00:00,4.5641,4.44844,0.400779,4.16333,0.098625,0.063234,0.100081,18.394
2025-08-15 18:00:00,5.74368,3.96116,0.755341,4.98834,0.140494,0.07883,0.119835,26.043
2025-08-15 19:00:00,5.57647,3.42957,0.887998,4.68847,0.1411,0.085471,0.11194,23.745
2025-08-15 20:00:00,3.78549,3.3206,0.49921,3.28628,0.107519,0.059131,0.097628,17.83
2025-08-15 21:00:00,3.61981,4.50225,0.40936,3.21045,0.09322,0.053585,0.091134,16.102
2025-08-15 22:00:00,4.15223,6.61184,0.412744,3.73949,0.096879,0.070168,0.095821,14.077
2025-08-15 23:00:00,4.25813,6.3177,0.768799,3.48933,0.100067,0.075761,0.091719,15.678
2025-08-16 00:00:00,2.40823,6.27144,0.234105,2.17413,0.067781,0.051551,0.076169,5.473
2025-08-16 01:00:00,1.00124,4.76782,0.087657,0.913585,0.045871,0.02123,0.066476,6.058
2025-08-16 02:00:00,0.840477,1.94555,0.068088,0.772389,0.033618,0.015139,0.060859,4.7
2025-08-16 03:00:00,0.737257,1.94015,0.04461,0.692647,0.019824,0.009846,0.055045,2.012
2025-08-16 04:00:00,0.324287,1.29714,0.011401,0.312886,0.011318,0.006314,0.05167,0.792
2025-08-16 05:00:00,0.807786,2.19507,0.571983,0.235803,0.060253,0.006009,0.055766,3.102
2025-08-16 06:00:00,0.992246,2.12928,0.059226,0.93302,0.038402,0.017711,0.066622,5.384
2025-08-16 07:00:00,1.44648,1.67806,0.103465,1.34302,0.043163,0.020088,0.074836,6.696
2025-08-16 08:00:00,2.79361,2.25291,0.304667,2.48894,0.087647,0.039175,0.086768,12.6
2025-08-16 09:00:00,3.23842,2.73515,0.258599,2.97982,0.098515,0.050631,0.092141,14.07
2025-08-16 10:00:00,2.65333,2.77545,0.320475,2.33286,0.097359,0.042598,0.094965,11.922
2025-08-16 11:00:00,2.40645,2.88543,0.235357,2.17109,0.099082,0.0601,0.099139,17.63
2025-08-16 12:00:00,5.81327,4.39733,0.746883,5.06639,0.138616,0.081529,0.107025,23.829
2025-08-16 13:00:00,5.20981,4.54608,0.287806,4.922,0.105925,0.066485,0.096612,12.495
2025-08-16 14:00:00,5.22471,5.33133,0.461644,4.76306,0.103484,0.066177,0.095377,14.427
2025-08-16 15:00:00,5.54669,7.41536,0.345126,5.20156,0.09936,0.063954,0.09893,17.996
2025-08-16 16:00:00,3.71279,4.18107,0.366571,3.34622,0.110401,0.049361,0.093301,16.768
2025-08-16 17:00:00,3.34333,2.9022,0.330184,3.01315,0.138446,0.051155,0.097998,16.958
2025-08-16 18:00:00,6.60172,4.44261,1.07631,5.5254,0.14307,0.098387,0.116771,25.663
2025-08-16 19:00:00,5.75556,5.12974,0.593268,5.1623,0.13581,0.082861,0.105494,17.936
2025-08-16 20:00:00,4.47384,5.56448,0.389026,4.08481,0.105269,0.072587,0.093761,17.005
2025-08-16 21:00:00,4.26232,5.93639,0.575257,3.68707,0.105297,0.068724,0.091875,15.201
2025-08-16 22:00:00,4.37666,6.41739,0.419882,3.95678,0.097216,0.064806,0.104374,17.548
2025-08-16 23:00:00,4.11962,8.14154,0.276665,3.84295,0.061381,0.047356,0.080956,8.283
2025-08-17 00:00:00,3.61763,7.66448,0.201148,3.41649,0.073031,0.05389,0.094034,10.921
2025-08-17 01:00:00,3.54608,10.4296,0.113136,3.43294,0.041882,0.041343,0.066558,6.494
2025-08-17 02:00:00,1.41871,4.57649,0.121082,1.29763,0.031434,0.016657,0.05983,3.467
2025-08-17 03:00:00,0.533075,2.61312,0.02417,0.508905,0.026385,0.019151,0.060051,2.201
2025-08-17 04:00:00,0.868968,2.80312,0.041042,0.827926,0.02796,0.015107,0.059899,1.789
2025-08-17 05:00:00,0.490729,1.83109,0.029316,0.461413,0.041304,0.010992,0.062591,2.74
2025-08-17 06:00:00,1.08301,1.81713,0.073562,1.00945,0.042661,0.015858,0.066761,4.252
2025-08-17 07:00:00,1.82559,2.44063,0.151594,1.674,0.048484,0.023515,0.072236,6.911
2025-08-17 08:00:00,3.13898,3.60802,0.198783,2.9402,0.069881,0.040428,0.081648,11.249
2025-08-17 09:00:00,3.04455,2.6156,0.197686,2.84687,0.072131,0.044368,0.08688,11.741
2025-08-17 10:00:00,4.7314,3.7432,0.310842,4.42056,0.099579,0.069562,0.102535,17.519
2025-08-17 11:00:00,3.95375,3.38506,0.624067,3.32968,0.132379,0.055634,0.10298,20.244
2025-08-17 12:00:00,6.21685,4.18361,0.558479,5.65837,0.142199,0.082009,0.119881,19.012
2025-08-17 13:00:00,4.65125,3.50244,0.683283,3.96796,0.137949,0.076336,0.132372,12.496
2025-08-17 14:00:00,3.50458,3.50458,0.31894,3.18564,0.093579,0.060208,0.093475,12.228
2025-08-17 15:00:00,6.11392,5.93585,0.286759,5.82716,0.088354,0.082403,0.094889,14.224
2025-08-17 16:00:00,6.1097,5.04934,0.428944,5.68076,0.108387,0.078425,0.104347,19.329
2025-08-17 17:00:00,4.14365,3.37431,0.578071,3.56558,0.12126,0.056811,0.114445,17.545
2025-08-17 18:00:00,5.75741,4.30299,0.506706,5.2507,0.127799,0.076766,0.107898,15.476
2025-08-17 19:00:00,2.98562,2.88745,0.235003,2.75062,0.093258,0.057614,0.103347,16.72
2025-08-17 20:00:00,2.87469,2.59449,0.37044,2.50425,0.105349,0.050453,0.092794,17.231
2025-08-17 21:00:00,2.4782,3.92121,0.205661,2.27254,0.084736,0.049507,0.089623,17.054
2025-08-17 22:00:00,3.1558,5.19046,0.355327,2.80048,0.082884,0.052809,0.101863,8.672
2025-08-17 23:00:00,4.48379,10.3313,0.513766,3.97002,0.084542,0.057897,0.097478,13.84
2025-08-18 00:00:00,3.48402,8.84269,0.149851,3.33417,0.055729,0.055059,0.071845,8.35
2025-08-18 01:00:00,2.43915,8.24039,0.108296,2.33086,0.045387,0.030407,0.065045,5.425
2025-08-18 02:00:00,0.905444,3.71084,0.07882,0.826624,0.022413,0.013414,0.055596,4.041
2025-08-18 03:00:00,1.00352,2.48395,0.033643,0.969874,0.025617,0.011704,0.057657,1.343
2025-08-18 04:00:00,1.11195,3.00527,0.039278,1.07267,0.02218,0.010951,0.05459,2.098
2025-08-18 05:00:00,0.778822,2.2252,0.04464,0.734182,0.028379,0.010753,0.058284,3.052
2025-08-18 06:00:00,1.02132,2.08433,0.175371,0.845951,0.055471,0.016815,0.074261,8.373
2025-08-18 07:00:00,4.69214,5.38089,0.406153,4.28599,0.083304,0.056258,0.087339,15.283
2025-08-18 08:00:00,7.30621,6.0084,0.413895,6.89231,0.113432,0.080582,0.108214,19.759
2025-08-18 09:00:00,3.75988,4.01696,0.259838,3.50004,0.088006,0.049778,0.096125,14.243
2025-08-18 10:00:00,3.24081,3.4998,0.250477,2.99034,0.085629,0.043924,0.092986,13.629
2025-08-18 11:00:00,0.734595,3.71007,0.058842,0.675753,0.085827,0.052372,0.093645,3.573
2025-08-18 12:00:00,5.0271,3.6376,0.4025,4.6246,0.1206,0.0646,0.1013,16.764
2025-08-18 13:00:00,3.4326,3.5534,0.2755,3.1571,0.0974,0.0502,0.0938,14.405
2025-08-18 14:00:00,3.42832,3.49828,0.226069,3.20225,0.084216,0.045681,0.095787,14.612
2025-08-18 15:00:00,3.61141,4.59467,0.522708,3.0887,0.080858,0.047294,0.093124,12.721
2025-08-18 16:00:00,2.55507,3.0563,0.281596,2.27347,0.085888,0.038449,0.093272,13.81
2025-08-18 17:00:00,5.1544,4.28106,0.415187,4.73921,0.120384,0.073733,0.107628,20.748
2025-08-18 18:00:00,5.72748,3.57521,0.510821,5.21666,0.140315,0.092181,0.123332,26.735
2025-08-18 19:00:00,4.99232,3.7035,0.554314,4.43801,0.125639,0.078755,0.111323,24.677
2025-08-18 20:00:00,3.86656,3.44613,0.43663,3.42993,0.120331,0.061402,0.099822,20.011
2025-08-18 21:00:00,4.1642,5.1794,0.4535,3.7107,0.1285,0.0799,0.0996,25.569
2025-08-18 22:00:00,3.44091,7.57909,0.438755,3.00215,0.109207,0.060145,0.090123,12.764
2025-08-18 23:00:00,3.08801,7.83759,0.186622,2.90139,0.070215,0.049603,0.077926,10.14
2025-08-19 00:00:00,4.53981,11.1818,0.335813,4.204,0.074661,0.050235,0.07216,8.707
2025-08-19 01:00:00,1.59562,6.53944,0.335593,1.26003,0.067358,0.018593,0.064888,8.898
2025-08-19 02:00:00,1.479,11.5547,0.0505,1.4285,0.039046,0.018582,0.063768,4.995
2025-08-19 03:00:00,1.31674,7.23485,0.052187,1.26456,0.033789,0.013094,0.059836,6.761
2025-08-19 04:00:00,0.217459,1.37632,0.023045,0.194414,0.025021,0.004594,0.05611,4.65
2025-08-19 05:00:00,0.66803,2.02433,0.033135,0.634895,0.030348,0.006292,0.058368,5.56
2025-08-19 06:00:00,1.3571,3.34261,0.056596,1.30051,0.05069,0.024409,0.070703,6.419
2025-08-19 07:00:00,3.35754,3.29817,0.275057,3.08248,0.065454,0.042929,0.084734,11.817
2025-08-19 08:00:00,4.9642,3.60247,0.377288,4.58691,0.10886,0.068445,0.102834,19.354
2025-08-19 09:00:00,2.5789,2.46549,0.280907,2.29799,0.083108,0.044141,0.097178,11.791
2025-08-19 10:00:00,3.0142,3.66691,0.249099,2.7651,0.082537,0.041167,0.093485,13.305
2025-08-19 11:00:00,4.06212,3.18348,0.340542,3.72157,0.104515,0.052009,0.097991,17.966
2025-08-19 12:00:00,7.56476,5.5298,1.00952,6.55524,0.209569,0.100432,0.111161,26.549
2025-08-19 13:00:00,4.75944,4.5676,0.629734,4.1297,0.117501,0.065064,0.102472,20.312
2025-08-19 14:00:00,2.52333,4.57125,0.261557,2.26178,0.102653,0.047651,0.102442,17.899
2025-08-19 15:00:00,2.64702,5.11008,0.443235,2.20378,0.099898,0.048992,0.096061,11.432
2025-08-19 16:00:00,2.65224,3.21094,0.22881,2.42343,0.079692,0.039824,0.09348,13.281
2025-08-19 17:00:00,3.34866,3.02772,0.436931,2.91173,0.107902,0.051357,0.102021,17.287
2025-08-19 18:00:00,6.978,5.2545,1.0819,5.8961,0.1528,0.076,0.1076,21.269
2025-08-19 19:00:00,4.553,3.8782,0.5306,4.0224,0.1254,0.0684,0.1094,23.124
2025-08-19 20:00:00,5.2159,5.7826,0.6374,4.5785,0.1468,0.0589,0.1008,18.518
2025-08-19 21:00:00,3.7097,5.3147,0.4361,3.2736,0.0978,0.0528,0.0895,14.599
2025-08-19 22:00:00,3.1482,4.5627,0.4227,2.7255,0.0917,0.051,0.0893,15.75
2025-08-19 23:00:00,2.9931,8.3607,0.1456,2.8475,0.0631,0.0588,0.0779,11.986
2025-08-20 00:00:00,2.4591,8.0891,0.1376,2.3215,0.043,0.0385,0.07,4.356
2025-08-20 01:00:00,1.7212,5.776,0.0889,1.6324,0.0447,0.0275,0.0652,7.642
2025-08-20 02:00:00,1.28259,8.11768,0.048151,1.23444,0.036752,0.026144,0.06228,5.144
2025-08-20 03:00:00,3.87694,9.1008,0.097525,3.77942,0.041109,0.032459,0.06344,5.946
2025-08-20 04:00:00,0.629395,2.51758,0.027848,0.601547,0.02864,0.013877,0.058991,2.951
2025-08-20 05:00:00,0.475524,1.39043,0.053424,0.4221,0.016988,0.005144,0.056663,1.348
2025-08-20 06:00:00,0.871994,1.48805,0.050775,0.821219,0.027302,0.010296,0.06149,3.869
2025-08-20 07:00:00,2.92926,3.92663,0.242801,2.68646,0.069058,0.039745,0.083881,9.611
2025-08-20 08:00:00,4.78358,3.92097,0.316951,4.46663,0.114816,0.074589,0.112909,21.589
2025-08-20 09:00:00,2.04819,2.2409,0.19819,1.85,0.07804,0.032916,0.093125,14.124
2025-08-20 10:00:00,2.54996,2.83329,0.325959,2.224,0.086421,0.037137,0.093226,9.66
2025-08-20 11:00:00,2.38862,2.94165,0.223291,2.16533,0.103333,0.051327,0.102355,16.072
2025-08-20 12:00:00,5.17582,3.78903,0.377636,4.79818,0.114239,0.064238,0.098349,18.067
2025-08-20 13:00:00,2.82324,3.00985,0.294272,2.52896,0.094025,0.04705,0.092444,13.73
2025-08-20 14:00:00,2.83072,3.17345,0.263334,2.56738,0.085087,0.046758,0.094013,12.778
2025-08-20 15:00:00,3.86305,4.47112,0.370414,3.49263,0.108952,0.059617,0.11524,19.034
2025-08-20 16:00:00,2.50092,3.29068,0.32302,2.1779,0.095063,0.05441,0.11212,18.063
2025-08-20 17:00:00,4.05096,3.77184,0.601272,3.44969,0.106578,0.058035,0.10682,16.25
2025-08-20 18:00:00,4.88455,3.69482,0.508908,4.37564,0.125892,0.070737,0.107778,21.881
2025-08-20 19:00:00,4.96356,5.67913,1.19453,3.76903,0.159653,0.084831,0.111911,17.902
2025-08-20 20:00:00,3.53843,4.58345,0.504499,3.03393,0.10761,0.084261,0.107375,19.145
2025-08-20 21:00:00,3.23098,3.87407,0.303724,2.92725,0.0913,0.05488,0.088266,14.219
2025-08-20 22:00:00,3.30959,5.22017,0.316493,2.99309,0.080636,0.058998,0.090217,14.073
2025-08-20 23:00:00,1.99305,4.38998,0.154544,1.83851,0.048235,0.041915,0.06986,7.528
2025-08-21 00:00:00,4.20042,10.661,0.141166,4.05925,0.041566,0.044468,0.066824,7.641
2025-08-21 01:00:00,1.43927,5.14023,0.121558,1.31771,0.038062,0.019241,0.06051,5.653
2025-08-21 02:00:00,1.05211,5.31369,0.036637,1.01547,0.018981,0.012513,0.05541,2.46
2025-08-21 03:00:00,0.469405,3.009,0.028438,0.440967,0.017621,0.010052,0.056047,1.757
2025-08-21 04:00:00,0.437647,2.87926,0.016021,0.421626,0.009582,0.004176,0.051862,1.207
2025-08-21 05:00:00,0.664831,2.61745,0.03708,0.627751,0.022078,0.00971,0.056214,2.054
2025-08-21 06:00:00,1.94971,5.02503,0.67309,1.27662,0.093651,0.026408,0.074276,4.852
2025-08-21 07:00:00,2.23735,2.72848,0.249769,1.98758,0.065117,0.038151,0.087748,9.812
2025-08-21 08:00:00,4.51741,3.78342,0.355464,4.16194,0.10359,0.072033,0.103345,18.133
2025-08-21 09:00:00,2.49063,2.71902,0.30765,2.18298,0.091386,0.039357,0.096486,13.044
2025-08-21 10:00:00,2.41425,3.16002,0.181403,2.23285,0.072429,0.036062,0.092727,12.243
2025-08-21 11:00:00,2.57943,3.5238,0.250628,2.3288,0.106485,0.051257,0.096799,12.253
2025-08-21 12:00:00,4.72411,4.42332,0.351096,4.37301,0.115923,0.064077,0.100048,17.57
2025-08-21 13:00:00,2.76388,3.65592,0.252567,2.51131,0.099562,0.048448,0.093464,16.267
2025-08-21 14:00:00,4.80002,4.22537,1.16541,3.63462,0.226727,0.076192,0.111493,17.567
2025-08-21 15:00:00,3.12002,4.10529,0.36573,2.75429,0.166861,0.071948,0.10825,23.899
2025-08-21 16:00:00,3.51953,3.17075,0.363605,3.15592,0.11316,0.051039,0.095775,15.204
2025-08-21 17:00:00,4.90501,4.1288,0.533356,4.37166,0.121413,0.069896,0.120772,21.197
2025-08-21 18:00:00,4.80376,3.29928,0.5122,4.29156,0.121858,0.072524,0.108727,21.435
2025-08-21 19:00:00,4.04509,2.96126,0.344722,3.70037,0.101434,0.066171,0.09828,16.66
2025-08-21 20:00:00,2.95225,2.59425,0.420769,2.53148,0.107008,0.048891,0.096991,15.509
2025-08-21 21:00:00,2.3739,2.2826,0.34647,2.02743,0.101275,0.044209,0.100449,16.082
2025-08-21 22:00:00,2.86502,4.651,0.342527,2.52249,0.107158,0.055886,0.090214,14.461
2025-08-21 23:00:00,2.91461,4.27363,0.380773,2.53384,0.066675,0.049993,0.080204,12.067
2025-08-22 00:00:00,2.2119,5.44803,0.170069,2.04183,0.05474,0.034075,0.071576,13.196
2025-08-22 01:00:00,2.42977,8.09922,0.1216,2.30817,0.053111,0.040212,0.06596,6.231
2025-08-22 02:00:00,2.50499,8.46282,0.163226,2.34177,0.041923,0.033575,0.062913,5.685
2025-08-22 03:00:00,1.0432,4.74183,0.140579,0.902625,0.031998,0.013001,0.054679,2.049
2025-08-22 04:00:00,0.481935,2.4842,0.027806,0.454129,0.015964,0.007925,0.053776,2.007
2025-08-22 05:00:00,0.570169,1.8633,0.031067,0.539102,0.023644,0.008056,0.055391,3.531
2025-08-22 06:00:00,1.03345,1.88586,0.074322,0.959129,0.038349,0.015676,0.063709,4.967
2025-08-22 07:00:00,3.6782,4.67964,0.219831,3.45837,0.068463,0.046069,0.084074,12.084
2025-08-22 08:00:00,4.95304,3.58396,0.431059,4.52198,0.105882,0.064634,0.101163,17.907
2025-08-22 09:00:00,3.78202,4.40795,0.350863,3.43116,0.094025,0.048768,0.096686,17.662
2025-08-22 10:00:00,3.59846,4.57819,0.263344,3.33511,0.07839,0.045462,0.093702,15.567
2025-08-22 11:00:00,2.83269,2.40875,0.275761,2.55693,0.086914,0.041486,0.092788,12.712
2025-08-22 12:00:00,3.93313,3.44407,0.657976,3.27515,0.118898,0.051917,0.098685,17.281
2025-08-22 13:00:00,3.6134,4.14381,0.634667,2.97873,0.100906,0.049063,0.091855,15.553
2025-08-22 14:00:00,3.65105,3.65105,0.336534,3.31452,0.105688,0.053702,0.095844,15.892
2025-08-22 15:00:00,3.0189,3.02495,0.23441,2.78449,0.086103,0.043581,0.093133,12.397
2025-08-22 16:00:00,3.94699,3.83202,0.323565,3.62342,0.092295,0.052494,0.094758,13.817
2025-08-22 17:00:00,4.25735,3.08057,0.384044,3.87331,0.108545,0.064868,0.108177,20.471
2025-08-22 18:00:00,8.66388,5.94231,2.19673,6.46715,0.158526,0.099441,0.123458,30.972
2025-08-22 19:00:00,3.4659,2.83625,0.359399,3.1065,0.10424,0.059304,0.099082,18.747
2025-08-22 20:00:00,2.22144,2.24842,0.319921,1.90152,0.087265,0.037803,0.086571,13.287
2025-08-22 21:00:00,4.31265,5.8122,0.605272,3.70738,0.132085,0.061435,0.10296,14.071
2025-08-22 22:00:00,3.0488,4.0328,0.283826,2.76497,0.093959,0.06387,0.084786,11.445
2025-08-22 23:00:00,4.42737,8.44918,0.696179,3.73119,0.084697,0.062253,0.083461,14.86
2025-08-23 00:00:00,4.31927,6.54435,0.182516,4.13675,0.057744,0.053977,0.073138,9.717
2025-08-23 01:00:00,1.88902,4.74627,0.115639,1.77338,0.037202,0.02472,0.062295,5.2
2025-08-23 02:00:00,0.399435,1.86652,0.028217,0.371218,0.040386,0.018409,0.062659,4.002
2025-08-23 03:00:00,0.494182,2.09399,0.033032,0.46115,0.017721,0.014241,0.055992,2.143
2025-08-23 04:00:00,0.479239,2.54914,0.018995,0.460244,0.009912,0.00575,0.051867,0.939
2025-08-23 05:00:00,0.450679,1.46324,0.071625,0.379054,0.038617,0.010097,0.06309,1.474
2025-08-23 06:00:00,1.14415,2.49815,0.086526,1.05763,0.061013,0.020319,0.071904,4.135
2025-08-23 07:00:00,1.60593,2.27469,0.425997,1.17994,0.058598,0.019946,0.071213,6.204
2025-08-23 08:00:00,3.43488,3.80807,0.634329,2.80055,0.091115,0.039853,0.088716,11.996
2025-08-23 09:00:00,2.59844,3.12312,0.221028,2.37741,0.080203,0.0438,0.092682,13.039
2025-08-23 10:00:00,3.43159,3.16567,0.351479,3.08011,0.110131,0.050472,0.098132,12.513
2025-08-23 11:00:00,2.32142,2.45393,0.232375,2.08905,0.094144,0.046318,0.093185,14.535
2025-08-23 12:00:00,4.26074,3.37618,0.524369,3.73637,0.124331,0.058492,0.097144,19.629
2025-08-23 13:00:00,3.40403,3.79068,0.452305,2.95172,0.098544,0.048685,0.090012,15.833
2025-08-23 14:00:00,4.20151,5.86803,0.411905,3.78961,0.110975,0.06302,0.100006,18.457
2025-08-23 15:00:00,2.70221,3.43793,0.227303,2.47491,0.083151,0.054405,0.092867,15.5
2025-08-23 16:00:00,4.25147,4.47523,0.306629,3.94484,0.083041,0.056883,0.096247,18.258
2025-08-23 17:00:00,3.95157,3.54719,0.307418,3.64415,0.080361,0.048556,0.091408,10.167
2025-08-23 18:00:00,4.78663,4.49871,0.593475,4.19316,0.116046,0.064835,0.100196,19.431
2025-08-23 19:00:00,4.49747,4.29968,0.437256,4.06021,0.111912,0.076124,0.103232,17.949
2025-08-23 20:00:00,5.07337,6.42198,0.835099,4.23827,0.142685,0.071901,0.11621,22.338
2025-08-23 21:00:00,4.27295,5.0152,0.638027,3.63492,0.124525,0.061212,0.112,21.897
2025-08-23 22:00:00,3.73037,6.85731,0.420517,3.30986,0.100417,0.061648,0.097245,18.41
2025-08-23 23:00:00,3.37952,6.84113,0.303467,3.07605,0.082423,0.050019,0.084779,17.239
2025-08-24 00:00:00,3.02888,7.53453,0.149465,2.87942,0.053877,0.040462,0.086304,10.623
2025-08-24 01:00:00,1.30984,4.06783,0.087872,1.22197,0.039554,0.022114,0.069235,6.477
2025-08-24 02:00:00,0.727337,5.51012,0.033664,0.693673,0.026822,0.016299,0.057388,3.837
2025-08-24 03:00:00,0.695146,3.18874,0.09856,0.596586,0.024735,0.010831,0.055408,3.269
2025-08-24 04:00:00,0.365942,2.17823,0.027628,0.338314,0.018595,0.009587,0.053927,2.659
2025-08-24 05:00:00,0.157704,0.723415,0.011399,0.146305,0.008463,0.0055,0.052676,1.066
2025-08-24 06:00:00,0.418199,0.937667,0.030949,0.38725,0.021161,0.007423,0.060029,3.154
2025-08-24 07:00:00,1.26787,2.0189,0.069406,1.19846,0.033677,0.017051,0.066828,4.669
2025-08-24 08:00:00,2.15812,2.7044,0.229216,1.9289,0.06836,0.032582,0.079216,7.234
2025-08-24 09:00:00,2.23632,2.40982,0.16516,2.07116,0.060419,0.033334,0.081388,10.042
2025-08-24 10:00:00,3.10745,3.07061,0.217773,2.88968,0.074185,0.050853,0.088005,9.166
2025-08-24 11:00:00,3.27925,2.73271,0.309645,2.96961,0.092296,0.050694,0.098035,14.123
2025-08-24 12:00:00,5.93533,4.67349,0.491274,5.44406,0.125104,0.078845,0.109516,21.19
2025-08-24 13:00:00,4.65272,4.63418,0.506945,4.14578,0.118624,0.060241,0.096828,15.74
2025-08-24 14:00:00,3.28824,3.19247,0.279568,3.00867,0.099055,0.057295,0.095115,12.624
2025-08-24 15:00:00,2.7487,3.66493,0.201968,2.54673,0.089127,0.051976,0.093723,11.704
2025-08-24 16:00:00,3.82435,3.49575,0.320523,3.50383,0.108335,0.065381,0.098568,16.452
2025-08-24 17:00:00,4.05213,3.52359,0.872005,3.18013,0.123315,0.056103,0.098905,15.54
2025-08-24 18:00:00,4.14229,2.96726,0.806222,3.33607,0.111734,0.051769,0.093665,14.821
2025-08-24 19:00:00,4.70003,3.38131,0.531725,4.1683,0.124047,0.070392,0.103938,23.698
2025-08-24 20:00:00,3.23589,2.98514,0.408509,2.82738,0.118734,0.054694,0.098256,20.746
2025-08-24 21:00:00,1.91974,4.52769,0.380624,1.53912,0.111175,0.047647,0.091417,12.708
2025-08-24 22:00:00,2.92799,5.03092,0.420751,2.50724,0.093087,0.052203,0.087748,14.105
2025-08-24 23:00:00,4.12262,6.4416,0.275297,3.84733,0.078306,0.056276,0.081042,15.125
2025-08-25 00:00:00,2.87339,8.30458,0.226998,2.64639,0.061644,0.043674,0.076556,8.035
2025-08-25 01:00:00,3.07005,11.7178,0.098466,2.97158,0.052148,0.04845,0.070641,7.993
2025-08-25 02:00:00,2.03029,7.00101,0.070964,1.95933,0.048264,0.032836,0.065369,6.824
2025-08-25 03:00:00,1.0613,2.85297,0.065808,0.995493,0.031352,0.015132,0.058862,5.02
2025-08-25 04:00:00,0.809705,2.57868,0.052983,0.756722,0.020966,0.009931,0.055268,1.961
2025-08-25 05:00:00,0.755636,1.54212,0.036436,0.7192,0.01851,0.00869,0.055168,2.51
2025-08-25 06:00:00,0.832259,1.77833,0.058681,0.773578,0.032325,0.011855,0.06147,4.315
2025-08-25 07:00:00,2.9672,3.25351,0.34537,2.62183,0.075035,0.037948,0.081327,12.701
2025-08-25 08:00:00,4.13476,3.05374,0.438325,3.69644,0.094878,0.051402,0.097169,16.103
2025-08-25 09:00:00,2.42067,2.75702,0.32202,2.09864,0.086815,0.034362,0.094441,14.041
2025-08-25 10:00:00,2.59539,2.72054,0.244203,2.35119,0.071282,0.037652,0.091265,11.218
2025-08-25 11:00:00,4.1453,3.32688,0.367281,3.77802,0.112288,0.057557,0.102242,17.122
2025-08-25 12:00:00,4.35405,3.53413,0.3482,4.00585,0.109227,0.061479,0.109535,17.327
2025-08-25 13:00:00,4.67949,4.07621,0.45592,4.22357,0.107249,0.058309,0.113285,21.264
2025-08-25 14:00:00,4.40882,5.24859,0.360687,4.04813,0.096803,0.057491,0.108542,14.213
2025-08-25 15:00:00,2.07629,2.62158,0.182898,1.89339,0.079277,0.039606,0.090511,10.738
2025-08-25 16:00:00,2.64638,2.90811,0.261738,2.38465,0.084186,0.04461,0.096514,17.465
2025-08-25 17:00:00,4.16634,3.47195,0.38626,3.78008,0.107988,0.057161,0.103415,20.201
2025-08-25 18:00:00,5.56821,3.44568,0.544327,5.02388,0.138017,0.083166,0.114176,17.95
2025-08-25 19:00:00,5.3001,4.14718,0.730557,4.56954,0.159157,0.079496,0.106236,18.894
2025-08-25 20:00:00,4.99609,5.21513,1.06117,3.93492,0.148103,0.077784,0.10011,21.76
2025-08-25 21:00:00,2.50684,3.03492,0.391444,2.1154,0.107324,0.060813,0.094956,17.516
2025-08-25 22:00:00,1.06856,2.55637,0.163506,0.905058,0.073436,0.037325,0.080671,7.237
2025-08-25 23:00:00,5.39972,13.6357,0.281035,5.11868,0.078588,0.073862,0.077053,9.581
2025-08-26 00:00:00,2.51458,6.51447,0.117491,2.39709,0.049768,0.049969,0.067338,7.511
2025-08-26 01:00:00,2.4161,10.4142,0.190297,2.22581,0.05366,0.043208,0.070529,7.598
2025-08-26 02:00:00,1.2119,5.55917,0.062723,1.14918,0.024087,0.018153,0.057062,2.745
2025-08-26 03:00:00,2.12727,9.33014,0.100474,2.0268,0.029139,0.019917,0.057113,4.537
2025-08-26 04:00:00,0.159048,0.994053,0.017914,0.141134,0.01604,0.010394,0.053731,1.672
2025-08-26 05:00:00,0.316039,0.908157,0.030788,0.285251,0.018202,0.006997,0.054672,2.314
2025-08-26 06:00:00,0.893157,2.13674,0.06372,0.829437,0.033963,0.011883,0.062913,3.279
2025-08-26 07:00:00,3.57516,3.81961,0.233702,3.34145,0.063452,0.046077,0.081587,12.125
2025-08-26 08:00:00,2.82417,2.34177,0.280248,2.54392,0.082889,0.041406,0.095287,14.466
2025-08-26 09:00:00,2.5789,2.4655,0.2809,2.298,0.0831,0.0441,0.0972,11.791
2025-08-26 10:00:00,3.0142,3.6669,0.2491,2.7651,0.0825,0.0412,0.0935,13.305
2025-08-26 11:00:00,3.62143,3.59269,0.453505,3.16792,0.107632,0.057155,0.094791,14.626
2025-08-26 12:00:00,4.87855,4.2945,0.585917,4.29264,0.138548,0.069907,0.102628,20.346
2025-08-26 13:00:00,3.39714,3.38361,0.336397,3.06074,0.114467,0.058274,0.104439,13.983
2025-08-26 14:00:00,3.61868,4.86382,0.314406,3.30428,0.081755,0.047296,0.091863,13.82
2025-08-26 15:00:00,2.98869,2.93585,0.252041,2.73665,0.082696,0.045298,0.093474,14.034
2025-08-26 16:00:00,2.92503,3.37763,0.260351,2.66468,0.082972,0.044168,0.095713,16.003
2025-08-26 17:00:00,5.2949,3.87621,1.01005,4.28485,0.164377,0.070486,0.109506,22.853
2025-08-26 18:00:00,7.77935,5.70334,0.992902,6.78645,0.188454,0.107853,0.120867,29.646
2025-08-26 19:00:00,3.45059,3.9662,0.414702,3.03589,0.129262,0.077867,0.112901,27.391
2025-08-26 20:00:00,3.29277,2.70343,0.431005,2.86177,0.114726,0.058533,0.100846,20.311
2025-08-26 21:00:00,3.68219,5.14272,0.501717,3.18047,0.101037,0.053077,0.091704,16.492
2025-08-26 22:00:00,3.0326,5.45432,0.294572,2.73803,0.087827,0.048498,0.084449,14.993
2025-08-26 23:00:00,2.53753,4.9177,0.127022,2.41051,0.054826,0.035979,0.072809,7.626
2025-08-27 00:00:00,2.27182,3.12923,0.107534,2.16429,0.0468,0.036039,0.068898,6.449
2025-08-27 01:00:00,0.873863,1.51712,0.06382,0.810043,0.045697,0.021149,0.062703,4.207
2025-08-27 02:00:00,0.456172,1.36579,0.045377,0.410795,0.032859,0.013525,0.058965,3.881
2025-08-27 03:00:00,1.73742,4.64551,0.040324,1.6971,0.026079,0.022256,0.058298,4.462
2025-08-27 04:00:00,0.473955,1.99141,0.01951,0.454445,0.009956,0.005832,0.051913,1.538
2025-08-27 05:00:00,0.216743,0.24686,0.022209,0.194534,0.014796,0.004114,0.053759,2.174
2025-08-27 06:00:00,1.25115,1.04262,0.091153,1.16,0.038722,0.014951,0.063914,4.996
2025-08-27 07:00:00,2.37971,1.63442,0.243881,2.13583,0.061293,0.03065,0.076554,9.484
2025-08-27 08:00:00,2.95488,3.2832,0.212115,2.74277,0.09701,0.056083,0.097168,15.909
2025-08-27 09:00:00,1.98935,2.61756,0.1601,1.82925,0.062987,0.029871,0.094015,9.965
2025-08-27 10:00:00,3.29779,4.13257,0.220717,3.07708,0.0697,0.039664,0.091854,12.76
2025-08-27 11:00:00,3.09456,2.85476,0.292898,2.80166,0.098963,0.045705,0.096844,15.899
2025-08-27 12:00:00,4.90912,3.99765,0.42834,4.48078,0.12183,0.074039,0.109159,20.043
2025-08-27 13:00:00,4.77599,5.42726,0.350353,4.42563,0.13079,0.064048,0.114284,19.877
2025-08-27 14:00:00,4.08093,6.33685,0.233857,3.84708,0.086901,0.051973,0.103351,11.172
2025-08-27 15:00:00,2.45734,3.38477,0.257527,2.19981,0.078519,0.039026,0.089638,12.58
2025-08-27 16:00:00,3.62448,4.24412,0.31833,3.30615,0.079922,0.057473,0.095582,14.044
2025-08-27 17:00:00,4.06993,3.83232,0.60817,3.46176,0.1114,0.051714,0.101743,18.646
2025-08-27 18:00:00,4.89743,4.52627,0.565376,4.33205,0.126677,0.075119,0.113096,14.697
2025-08-27 19:00:00,5.12413,4.82498,0.615598,4.50853,0.129909,0.072181,0.102737,18.794
2025-08-27 20:00:00,4.51817,5.16953,0.505632,4.01254,0.123916,0.069742,0.103187,21.339
2025-08-27 21:00:00,4.17365,4.64771,0.540278,3.63337,0.125137,0.064016,0.100249,23.351
2025-08-27 22:00:00,4.23143,6.48993,0.370593,3.86084,0.116109,0.087601,0.097529,19.042
2025-08-27 23:00:00,3.9695,9.10437,0.270947,3.69856,0.091447,0.054567,0.083679,11.011
2025-08-28 00:00:00,2.43534,4.33334,0.138504,2.29683,0.050567,0.033476,0.070294,7.855
2025-08-28 01:00:00,2.7248,5.36379,0.092361,2.63244,0.041516,0.034303,0.076917,7.518
2025-08-28 02:00:00,0.990446,2.51382,0.050194,0.940252,0.030211,0.018079,0.059306,3.5
2025-08-28 03:00:00,1.31415,7.22059,0.06974,1.24441,0.034638,0.019382,0.063805,5.885
2025-08-28 04:00:00,7.45793,34.8501,0.182451,7.27548,0.027103,0.042007,0.06234,3.821
2025-08-28 05:00:00,0.193314,0.592986,0.01972,0.173594,0.018601,0.00439,0.055411,1.16
2025-08-28 06:00:00,0.411675,0.82999,0.04906,0.362615,0.027086,0.011938,0.062403,3.072
2025-08-28 07:00:00,2.37503,3.02937,0.171091,2.20393,0.059049,0.031829,0.077619,7.021
2025-08-28 08:00:00,3.44435,2.73796,0.393339,3.05101,0.10256,0.052393,0.100093,15.705
2025-08-28 09:00:00,2.43574,2.87912,0.443699,1.99204,0.078981,0.033889,0.089171,12.999
2025-08-28 10:00:00,2.49459,2.64818,0.255259,2.23933,0.103177,0.040364,0.091786,14.525
2025-08-28 11:00:00,3.13756,2.63218,0.469676,2.66788,0.099384,0.048005,0.101095,16.576
2025-08-28 12:00:00,4.33279,3.26265,0.422839,3.90996,0.125809,0.067166,0.104364,20.122
2025-08-28 13:00:00,3.42878,2.74302,0.33906,3.08972,0.094594,0.046279,0.094522,16.631
2025-08-28 14:00:00,3.16288,4.8068,0.254405,2.90847,0.085626,0.04766,0.093618,15.201
2025-08-28 15:00:00,3.27207,4.12099,0.275751,2.99632,0.084952,0.046946,0.095785,16.773
2025-08-28 16:00:00,2.62762,2.38009,0.285905,2.34171,0.083929,0.037807,0.096397,16.421
2025-08-28 17:00:00,5.06228,3.1326,0.589453,4.47282,0.123234,0.067426,0.108842,21.827
2025-08-28 18:00:00,7.63102,4.33581,0.618209,7.01281,0.228661,0.116337,0.128054,29.464
2025-08-28 19:00:00,4.10386,3.05802,0.404924,3.69893,0.115401,0.066484,0.101414,20.08
2025-08-28 20:00:00,4.64775,2.97551,0.467723,4.18002,0.134232,0.077955,0.101712,24.282
2025-08-28 21:00:00,2.87144,2.57297,0.458601,2.41284,0.125978,0.053829,0.092089,17.845
2025-08-28 22:00:00,2.03509,2.80316,0.206787,1.82831,0.093924,0.053162,0.085815,13.918
2025-08-28 23:00:00,3.87066,8.13164,0.237705,3.63295,0.086766,0.060678,0.088703,13.477
2025-08-29 00:00:00,2.84753,5.06678,0.146582,2.70095,0.058616,0.043666,0.072122,8.254
2025-08-29 01:00:00,1.58772,4.96162,0.06752,1.5202,0.044118,0.032756,0.064257,5.702
2025-08-29 02:00:00,1.00579,2.61924,0.044124,0.961663,0.03089,0.022256,0.06214,4.477
2025-08-29 03:00:00,0.420144,0.827056,0.039713,0.380431,0.023693,0.008637,0.056777,4.319
2025-08-29 04:00:00,0.833601,2.22887,0.038543,0.795058,0.031064,0.012661,0.069089,5.498
2025-08-29 05:00:00,0.324317,0.587535,0.124355,0.199962,0.036787,0.006786,0.060466,5.274
2025-08-29 06:00:00,0.849275,1.83826,0.05924,0.790035,0.045428,0.016494,0.068527,7.974
2025-08-29 07:00:00,1.92531,2.44328,0.239098,1.68621,0.065959,0.027736,0.080451,10.444
2025-08-29 08:00:00,4.69393,4.2364,1.20653,3.4874,0.147382,0.058157,0.101864,13.662
2025-08-29 09:00:00,2.67693,3.44965,0.236221,2.44071,0.083241,0.035156,0.089095,9.332
2025-08-29 10:00:00,3.23168,2.88543,0.215998,3.01568,0.073975,0.038663,0.094536,12.596
2025-08-29 11:00:00,3.34267,3.23276,0.247988,3.09468,0.097756,0.047606,0.09668,14.086
2025-08-29 12:00:00,5.64363,4.4649,0.493992,5.14964,0.147931,0.079094,0.109301,23.331
2025-08-29 13:00:00,2.53325,4.20805,0.229989,2.30326,0.123034,0.080152,0.107396,5.765
2025-08-29 14:00:00,3.6511,3.6511,0.3365,3.3145,0.1057,0.0537,0.0958,15.892
2025-08-29 15:00:00,3.0189,3.025,0.2344,2.7845,0.0861,0.0436,0.0931,12.397
2025-08-29 16:00:00,3.947,3.832,0.3236,3.6234,0.0923,0.0525,0.0948,13.817
2025-08-29 17:00:00,4.2574,3.0806,0.384,3.8733,0.1085,0.0649,0.1082,20.471
2025-08-29 18:00:00,4.40683,3.01769,0.581132,3.82565,0.122345,0.067655,0.107772,21.0505
2025-08-29 19:00:00,4.55627,2.95478,0.778265,3.778,0.13619,0.070409,0.107343,21.63
2025-08-29 20:00:00,3.07982,2.46781,0.451433,2.62839,0.10447,0.055272,0.099452,17.897
2025-08-29 21:00:00,3.40759,3.28918,0.456062,2.95153,0.10269,0.049898,0.091112,14.443
2025-08-29 22:00:00,4.29056,7.85816,0.500425,3.79013,0.112288,0.065263,0.089185,15.952
2025-08-29 23:00:00,2.42265,5.22123,0.161074,2.26158,0.057692,0.036893,0.083223,9.744
2025-08-30 00:00:00,4.75182,11.5898,0.233685,4.51813,0.070861,0.059284,0.078205,13.632
2025-08-30 01:00:00,2.0535,6.58174,0.126523,1.92698,0.040039,0.02562,0.061963,5.412
2025-08-30 02:00:00,1.86959,6.44686,0.092176,1.77741,0.040009,0.023698,0.064671,5.834
2025-08-30 03:00:00,1.52086,5.67485,0.062187,1.45867,0.027363,0.018015,0.057368,3.043
2025-08-30 04:00:00,0.240208,1.84775,0.051318,0.18889,0.014376,0.006225,0.053336,2.014
2025-08-30 05:00:00,0.56712,1.43212,0.032678,0.534442,0.013387,0.00575,0.053355,1.173
2025-08-30 06:00:00,0.456266,4.47319,0.018371,0.437895,0.028641,0.013975,0.059846,1.648
2025-08-30 07:00:00,1.6059,2.2747,0.426,1.1799,0.0586,0.0199,0.0712,6.204
2025-08-30 08:00:00,3.4349,3.8081,0.6343,2.8005,0.0911,0.0399,0.0887,11.996
2025-08-30 09:00:00,2.5984,3.1231,0.221,2.3774,0.0802,0.0438,0.0927,13.039
2025-08-30 10:00:00,3.4316,3.1657,0.3515,3.0801,0.1101,0.0505,0.0981,12.513
2025-08-30 11:00:00,2.3214,2.4539,0.2324,2.089,0.0941,0.0463,0.0932,14.535
2025-08-30 12:00:00,4.2607,3.3762,0.5244,3.7364,0.1243,0.0585,0.0971,19.629
2025-08-30 13:00:00,3.404,3.7907,0.4523,2.9517,0.0985,0.0487,0.09,15.833
2025-08-30 14:00:00,4.2015,5.868,0.4119,3.7896,0.111,0.063,0.1,18.457
2025-08-30 15:00:00,2.7022,3.4379,0.2273,2.4749,0.0832,0.0544,0.0929,15.5
2025-08-30 16:00:00,4.2515,4.4752,0.3066,3.9448,0.083,0.0569,0.0962,18.258
2025-08-30 17:00:00,3.9516,3.5472,0.3074,3.6442,0.0804,0.0486,0.0914,10.167
2025-08-30 18:00:00,4.7866,4.4987,0.5935,4.1932,0.116,0.0648,0.1002,19.431
2025-08-30 19:00:00,4.4975,4.2997,0.4373,4.0602,0.1119,0.0761,0.1032,17.949
2025-08-30 20:00:00,5.0734,6.422,0.8351,4.2383,0.1427,0.0719,0.1162,22.338
2025-08-30 21:00:00,4.2729,5.0152,0.638,3.6349,0.1245,0.0612,0.112,21.897
2025-08-30 22:00:00,3.7304,6.8573,0.4205,3.3099,0.1004,0.0616,0.0972,18.41
2025-08-30 23:00:00,3.3795,6.8411,0.3035,3.0761,0.0824,0.05,0.0848,17.239
2025-08-31 00:00:00,3.0289,7.5345,0.1495,2.8794,0.0539,0.0405,0.0863,10.623
2025-08-31 01:00:00,1.3098,4.0678,0.0879,1.222,0.0396,0.0221,0.0692,6.477
2025-08-31 02:00:00,0.7273,5.5101,0.0337,0.6937,0.0268,0.0163,0.0574,3.837
2025-08-31 03:00:00,0.6951,3.1887,0.0986,0.5966,0.0247,0.0108,0.0554,3.269
2025-08-31 04:00:00,0.3659,2.1782,0.0276,0.3383,0.0186,0.0096,0.0539,2.659
2025-08-31 05:00:00,0.1577,0.7234,0.0114,0.1463,0.0085,0.0055,0.0527,1.066
2025-08-31 06:00:00,0.4182,0.9377,0.0309,0.3873,0.0212,0.0074,0.06,3.154
2025-08-31 07:00:00,1.2679,2.0189,0.0694,1.1985,0.0337,0.0171,0.0668,4.669
2025-08-31 08:00:00,2.1581,2.7044,0.2292,1.9289,0.0684,0.0326,0.0792,7.234
2025-08-31 09:00:00,2.2363,2.4098,0.1652,2.0712,0.0604,0.0333,0.0814,10.042
2025-08-31 10:00:00,3.1075,3.0706,0.2178,2.8897,0.0742,0.0509,0.088,9.166
2025-08-31 11:00:00,3.2793,2.7327,0.3096,2.9696,0.0923,0.0507,0.098,14.123
2025-08-31 12:00:00,5.9353,4.6735,0.4913,5.4441,0.1251,0.0788,0.1095,21.19
2025-08-31 13:00:00,4.6527,4.6342,0.5069,4.1458,0.1186,0.0602,0.0968,15.74
2025-08-31 14:00:00,3.2882,3.1925,0.2796,3.0087,0.0991,0.0573,0.0951,12.624
2025-08-31 15:00:00,2.7487,3.6649,0.202,2.5467,0.0891,0.052,0.0937,11.704
2025-08-31 16:00:00,3.8244,3.4957,0.3205,3.5038,0.1083,0.0654,0.0986,16.452
2025-08-31 17:00:00,4.0521,3.5236,0.872,3.1801,0.1233,0.0561,0.0989,15.54
2025-08-31 18:00:00,4.1423,2.9673,0.8062,3.3361,0.1117,0.0518,0.0937,14.821
2025-08-31 19:00:00,4.7,3.3813,0.5317,4.1683,0.124,0.0704,0.1039,23.698
2025-08-31 20:00:00,3.2359,2.9851,0.4085,2.8274,0.1187,0.0547,0.0983,20.746
2025-08-31 21:00:00,1.9197,4.5277,0.3806,1.5391,0.1112,0.0476,0.0914,12.708
2025-08-31 22:00:00,2.928,5.0309,0.4208,2.5072,0.0931,0.0522,0.0877,14.105
2025-08-31 23:00:00,4.1226,6.4416,0.2753,3.8473,0.0783,0.0563,0.081,15.125
2025-09-01 00:00:00,2.8734,8.3046,0.227,2.6464,0.0616,0.0437,0.0766,8.035
2025-09-01 01:00:00,3.0701,11.7178,0.0985,2.9716,0.0521,0.0485,0.0706,7.993
2025-09-01 02:00:00,2.0303,7.001,0.071,1.9593,0.0483,0.0328,0.0654,6.824
2025-09-01 03:00:00,1.0613,2.853,0.0658,0.9955,0.0314,0.0151,0.0589,5.02
2025-09-01 04:00:00,0.8097,2.5787,0.053,0.7567,0.021,0.0099,0.0553,1.961
2025-09-01 05:00:00,0.7556,1.5421,0.0364,0.7192,0.0185,0.0087,0.0552,2.51
2025-09-01 06:00:00,0.8323,1.7783,0.0587,0.7736,0.0323,0.0119,0.0615,4.315
2025-09-01 07:00:00,2.9672,3.2535,0.3454,2.6218,0.075,0.0379,0.0813,12.701
2025-09-01 08:00:00,4.1348,3.0537,0.4383,3.6964,0.0949,0.0514,0.0972,16.103
2025-09-01 09:00:00,2.4207,2.757,0.322,2.0986,0.0868,0.0344,0.0944,14.041
2025-09-01 10:00:00,2.5954,2.7205,0.2442,2.3512,0.0713,0.0377,0.0913,11.218
2025-09-01 11:00:00,4.12076,4.19464,0.576465,3.5443,0.101911,0.050981,0.107478,14.5833
2025-09-01 12:00:00,5.64612,5.66878,0.908729,4.73739,0.132521,0.064263,0.123656,17.9487
2025-09-01 13:00:00,7.17148,7.14292,1.24099,5.93049,0.163132,0.077544,0.139834,21.314
2025-09-01 14:00:00,5.42412,5.6141,0.738826,4.68529,0.124349,0.063468,0.119318,17.2925
2025-09-01 15:00:00,3.67676,4.08528,0.236658,3.4401,0.085566,0.049391,0.098801,13.271
2025-09-01 16:00:00,4.07552,4.51831,0.283229,3.79229,0.08617,0.051973,0.095115,16.509
2025-09-01 17:00:00,3.70802,2.93356,0.483633,3.22439,0.10387,0.055371,0.098825,17.268
2025-09-01 18:00:00,4.62088,3.00057,0.517411,4.10347,0.121348,0.071715,0.108217,20.392
2025-09-01 19:00:00,4.03509,3.09915,0.529922,3.50516,0.128219,0.059015,0.103282,23.047
2025-09-01 20:00:00,3.79683,4.22809,0.608273,3.18856,0.124049,0.065851,0.098789,20.516
2025-09-01 21:00:00,3.32516,4.06499,0.336292,2.98887,0.094649,0.050704,0.086125,15.042
2025-09-01 22:00:00,3.97297,6.3063,0.365131,3.60784,0.094556,0.067201,0.088373,11.637
2025-09-01 23:00:00,2.9266,6.44626,0.224516,2.70208,0.075141,0.055963,0.081321,13.67
2025-09-02 00:00:00,1.94494,6.11618,0.133127,1.81182,0.038829,0.027373,0.062642,4.571
2025-09-02 01:00:00,1.43524,4.69033,0.050997,1.38425,0.023234,0.014966,0.058892,3.075
2025-09-02 02:00:00,1.60673,4.34251,0.069298,1.53743,0.022675,0.018131,0.057412,2.826
2025-09-02 03:00:00,1.13595,2.39653,0.051892,1.08406,0.021001,0.013285,0.055677,3.402
2025-09-02 04:00:00,1.06537,3.55123,0.043752,1.02162,0.013584,0.009445,0.052135,2.311
2025-09-02 05:00:00,0.374375,0.895633,0.047175,0.3272,0.016313,0.005198,0.053254,2.608
2025-09-02 06:00:00,1.23573,2.12325,0.075337,1.16039,0.035816,0.016824,0.063382,4.653
2025-09-02 07:00:00,3.48064,3.22879,0.555831,2.92481,0.081645,0.040396,0.089384,13.131
2025-09-02 08:00:00,3.86622,2.9334,0.38244,3.48378,0.101597,0.053866,0.101234,15.82
2025-09-02 09:00:00,2.0107,2.32182,0.185023,1.82567,0.062363,0.031897,0.09166,10.229
2025-09-02 10:00:00,2.56132,3.35251,0.239473,2.32185,0.070193,0.03728,0.088749,11.793
2025-09-02 11:00:00,4.3069,3.67483,0.348317,3.95859,0.101058,0.053452,0.09946,16.398
2025-09-02 12:00:00,5.13077,3.79495,0.748701,4.38207,0.173217,0.06849,0.104525,16.532
2025-09-02 13:00:00,3.34057,3.63105,0.272925,3.06765,0.080698,0.043891,0.086879,12.174
2025-09-02 14:00:00,3.25215,4.3362,0.226922,3.02523,0.067389,0.037642,0.086397,10.459
2025-09-02 15:00:00,2.41564,3.73939,0.174163,2.24148,0.058974,0.032378,0.084967,10.431
2025-09-02 16:00:00,3.08769,3.66709,0.238765,2.84892,0.074587,0.040487,0.088927,12.479
2025-09-02 17:00:00,5.46988,4.57348,0.57816,4.89172,0.122613,0.074062,0.110358,20.264
2025-09-02 18:00:00,5.66741,3.84492,0.657039,5.01037,0.169416,0.095965,0.122138,29.525
2025-09-02 19:00:00,5.79527,3.69596,0.906051,4.88922,0.15074,0.086315,0.109469,23.754
2025-09-02 20:00:00,4.27602,4.18398,0.42321,3.85282,0.096058,0.061944,0.096899,15.516
2025-09-02 21:00:00,3.0631,3.05699,0.426987,2.63611,0.115555,0.057522,0.091777,17.556
2025-09-02 22:00:00,4.75605,7.92675,0.425463,4.33059,0.104023,0.070617,0.089768,17.306
2025-09-02 23:00:00,3.90882,6.42898,0.191934,3.71688,0.059762,0.054917,0.075845,9.943
2025-09-03 00:00:00,2.60894,6.0673,0.265611,2.34333,0.062405,0.037557,0.071815,9.06
2025-09-03 01:00:00,1.45948,4.93069,0.078829,1.38065,0.033873,0.020812,0.061459,2.679
2025-09-03 02:00:00,0.590089,3.01066,0.02861,0.561479,0.0195,0.017472,0.055279,1.791
2025-09-03 03:00:00,0.097418,0.507387,0.015665,0.081753,0.008838,0.00286,0.049984,0.829
2025-09-03 04:00:00,0.323504,1.97258,0.017843,0.305661,0.013715,0.005714,0.051635,1.539
2025-09-03 05:00:00,0.381463,1.02544,0.043061,0.338402,0.019983,0.007584,0.054692,2.344
2025-09-03 06:00:00,0.806285,1.44495,0.05989,0.746395,0.033268,0.013488,0.063441,4.352
2025-09-03 07:00:00,3.86802,3.306,0.284058,3.58397,0.080391,0.052235,0.089701,13.614
2025-09-03 08:00:00,6.07793,4.99009,0.425489,5.65244,0.120939,0.09408,0.112635,22.628
2025-09-03 09:00:00,1.9893,2.6176,0.1601,1.8292,0.063,0.0299,0.094,9.965
2025-09-03 10:00:00,3.29419,4.36896,0.270574,3.02362,0.089314,0.039721,0.093177,12.081
2025-09-03 11:00:00,0.908323,3.91519,0.097272,0.811051,0.109673,0.060027,0.098792,18.205
2025-09-03 12:00:00,4.9091,3.9977,0.4283,4.4808,0.1218,0.074,0.1092,20.043
2025-09-03 13:00:00,2.17349,3.50562,0.241815,1.93167,0.116924,0.069649,0.098455,16.925
2025-09-03 14:00:00,4.0809,6.3369,0.2339,3.8471,0.0869,0.052,0.1034,11.172
2025-09-03 15:00:00,2.4573,3.3848,0.2575,2.1998,0.0785,0.039,0.0896,12.58
2025-09-03 16:00:00,3.6245,4.2441,0.3183,3.3062,0.0799,0.0575,0.0956,14.044
2025-09-03 17:00:00,4.0699,3.8323,0.6082,3.4618,0.1114,0.0517,0.1017,18.646
2025-09-03 18:00:00,4.8974,4.5263,0.5654,4.3321,0.1267,0.0751,0.1131,14.697
2025-09-03 19:00:00,5.1241,4.825,0.6156,4.5085,0.1299,0.0722,0.1027,18.794
2025-09-03 20:00:00,4.5182,5.1695,0.5056,4.0125,0.1239,0.0697,0.1032,21.339
2025-09-03 21:00:00,4.1736,4.6477,0.5403,3.6334,0.1251,0.064,0.1002,23.351
2025-09-03 22:00:00,4.2314,6.4899,0.3706,3.8608,0.1161,0.0876,0.0975,19.042
2025-09-03 23:00:00,3.9695,9.1044,0.2709,3.6986,0.0914,0.0546,0.0837,11.011
2025-09-04 00:00:00,2.4353,4.3333,0.1385,2.2968,0.0506,0.0335,0.0703,7.855
2025-09-04 01:00:00,2.7248,5.3638,0.0924,2.6324,0.0415,0.0343,0.0769,7.518
2025-09-04 02:00:00,2.16136,8.78602,0.073123,2.08824,0.030943,0.02181,0.05831,3.84
2025-09-04 03:00:00,0.242431,1.37745,0.024398,0.218033,0.013768,0.010427,0.051854,1.122
2025-09-04 04:00:00,0.173034,0.901221,0.017188,0.155846,0.012608,0.008209,0.05111,0.907
2025-09-04 05:00:00,0.134022,0.452779,0.016415,0.117607,0.015441,0.008822,0.053597,1.073
2025-09-04 06:00:00,0.667522,1.10517,0.082715,0.584807,0.036152,0.015784,0.065814,2.749
2025-09-04 07:00:00,3.28664,2.98785,0.216097,3.07054,0.075793,0.052704,0.092934,10.881
2025-09-04 08:00:00,4.19293,2.93212,0.417519,3.77541,0.116951,0.062591,0.103537,18.359
2025-09-04 09:00:00,2.71669,2.80071,0.226772,2.48991,0.077261,0.038437,0.094516,12.337
2025-09-04 10:00:00,2.09672,2.31938,0.18426,1.91246,0.068047,0.031156,0.091782,12.339
2025-09-04 11:00:00,2.8191,2.54892,0.330634,2.48847,0.098141,0.03975,0.097277,15.427
2025-09-04 12:00:00,4.4876,3.41522,0.682557,3.80505,0.13183,0.064838,0.103226,18.197
2025-09-04 13:00:00,3.80485,4.34344,0.369611,3.43524,0.096369,0.051552,0.104086,17.081
2025-09-04 14:00:00,3.89704,4.8713,0.28023,3.61681,0.095199,0.05216,0.102977,15.405
2025-09-04 15:00:00,2.68965,3.49305,0.206621,2.48303,0.063995,0.036266,0.086687,7.935
2025-09-04 16:00:00,3.87597,3.31283,0.398061,3.47791,0.093598,0.051833,0.097744,14.881
2025-09-04 17:00:00,5.0623,3.1326,0.5895,4.4728,0.1232,0.0674,0.1088,21.827
2025-09-04 18:00:00,5.76137,3.95699,0.634978,5.1264,0.140213,0.086467,0.114996,24.32
2025-09-04 19:00:00,4.84126,3.81803,0.525795,4.31547,0.125432,0.069204,0.103277,19.935
2025-09-04 20:00:00,3.53306,3.79084,0.339766,3.19329,0.09288,0.054143,0.095332,14.958
2025-09-04 21:00:00,2.8714,2.573,0.4586,2.4128,0.126,0.0538,0.0921,17.845
2025-09-04 22:00:00,2.0351,2.8032,0.2068,1.8283,0.0939,0.0532,0.0858,13.918
2025-09-04 23:00:00,3.8707,8.1316,0.2377,3.633,0.0868,0.0607,0.0887,13.477
2025-09-05 00:00:00,2.8475,5.0668,0.1466,2.7009,0.0586,0.0437,0.0721,8.254
2025-09-05 01:00:00,1.5877,4.9616,0.0675,1.5202,0.0441,0.0328,0.0643,5.702
2025-09-05 02:00:00,0.527742,2.89968,0.021181,0.506561,0.029119,0.015862,0.058201,2.376
2025-09-05 03:00:00,2.08762,5.16739,0.099532,1.98809,0.05367,0.027265,0.065708,7.212
2025-09-05 04:00:00,0.483572,1.46537,0.029333,0.454239,0.019378,0.014411,0.053644,2.213
2025-09-05 05:00:00,0.270637,0.522465,0.02757,0.243067,0.020917,0.008712,0.055888,2.198
2025-09-05 06:00:00,0.464121,0.910043,0.052921,0.4112,0.035502,0.018106,0.063509,3.112
2025-09-05 07:00:00,2.78466,2.63699,0.227793,2.55687,0.075491,0.050313,0.092198,10.954
2025-09-05 08:00:00,3.95094,3.14566,0.447947,3.503,0.10777,0.066031,0.099745,12.432
2025-09-05 09:00:00,3.15585,2.99985,0.255077,2.90077,0.07696,0.040995,0.090624,12.995
2025-09-05 10:00:00,2.27034,2.54522,0.309205,1.96113,0.076515,0.040798,0.091412,12.523
2025-09-05 11:00:00,3.07057,3.13324,0.291376,2.7792,0.090774,0.053831,0.097898,14.356
2025-09-05 12:00:00,4.33721,3.49212,0.422966,3.91425,0.122075,0.062216,0.09856,17.93
2025-09-05 13:00:00,2.33505,2.25827,0.232862,2.10219,0.080696,0.037117,0.086542,11.745
2025-09-05 14:00:00,2.38464,4.6575,0.197212,2.18743,0.073171,0.041555,0.087251,11.656
2025-09-05 15:00:00,2.18354,3.40115,0.306817,1.87672,0.061887,0.034675,0.084974,10.194
2025-09-05 16:00:00,2.47188,2.58564,0.240945,2.23093,0.066009,0.034499,0.087971,11.024
2025-09-05 17:00:00,3.18787,2.45599,0.299641,2.88823,0.096804,0.048586,0.101129,16.74
2025-09-05 18:00:00,5.64016,4.33859,0.630044,5.01012,0.124181,0.090211,0.120332,23.616
2025-09-05 19:00:00,3.49793,3.09005,0.425978,3.07195,0.107193,0.055246,0.096287,11.733
2025-09-05 20:00:00,4.15901,4.59052,0.692906,3.4661,0.146487,0.068536,0.105378,19.436
2025-09-05 21:00:00,1.43902,2.48108,0.174426,1.2646,0.080489,0.039136,0.083834,12.214
2025-09-05 22:00:00,2.37863,4.66398,0.180777,2.19785,0.060546,0.040129,0.083394,8.5
2025-09-05 23:00:00,6.81665,13.366,0.155755,6.6609,0.063272,0.082244,0.085291,9.775
2025-09-06 00:00:00,4.7518,11.5898,0.2337,4.5181,0.0709,0.0593,0.0782,13.632
2025-09-06 01:00:00,2.0535,6.5817,0.1265,1.927,0.04,0.0256,0.062,5.412
2025-09-06 02:00:00,0.510662,1.71363,0.020808,0.489854,0.011531,0.007266,0.051991,1.467
2025-09-06 03:00:00,0.50825,1.11949,0.029488,0.478762,0.016382,0.008314,0.055291,1.767
2025-09-06 04:00:00,1.54941,7.44907,0.058696,1.49071,0.033311,0.022576,0.058498,3.226
2025-09-06 05:00:00,1.16224,2.45198,0.056059,1.10618,0.032601,0.018996,0.060058,4.828
2025-09-06 06:00:00,1.03783,1.94351,0.069518,0.968316,0.029205,0.013998,0.062105,4.113
2025-09-06 07:00:00,1.9093,2.85823,0.14086,1.76844,0.052871,0.026938,0.074353,5.327
2025-09-06 08:00:00,2.8826,2.95955,0.19337,2.68923,0.079653,0.045668,0.087117,11.045
2025-09-06 09:00:00,1.87041,1.96471,0.183899,1.68651,0.063378,0.029473,0.085581,9.8
2025-09-06 10:00:00,3.53743,3.58766,0.487996,3.04944,0.11872,0.051394,0.092759,13.945
2025-09-06 11:00:00,2.80285,2.08856,0.423567,2.37928,0.118268,0.041217,0.094451,15.152
2025-09-06 12:00:00,4.57692,3.31661,0.552019,4.0249,0.150553,0.066237,0.100023,18.149
2025-09-06 13:00:00,3.25017,3.174,0.359397,2.89078,0.126233,0.052193,0.093187,15.814
2025-09-06 14:00:00,5.17031,5.91568,0.417335,4.75297,0.109893,0.064352,0.096302,16.762
2025-09-06 15:00:00,4.29844,5.38651,0.251124,4.04731,0.083187,0.051512,0.09272,15.509
2025-09-06 16:00:00,3.5858,2.92957,0.381899,3.2039,0.100246,0.051939,0.099774,16.188
2025-09-06 17:00:00,4.7726,3.91197,0.483647,4.28895,0.1119,0.066646,0.10398,18.52
2025-09-06 18:00:00,3.74733,4.17298,0.435786,3.31155,0.126745,0.072362,0.106617,19.111
2025-09-06 19:00:00,3.07193,2.75757,0.332163,2.73977,0.092834,0.041277,0.086964,8.944
2025-09-06 20:00:00,3.52604,3.97076,0.296554,3.22948,0.08468,0.048975,0.084942,13.97
2025-09-06 21:00:00,4.35153,7.5286,0.342644,4.00888,0.094963,0.056959,0.087762,13.051
2025-09-06 22:00:00,3.2176,6.38413,0.26101,2.95659,0.066278,0.046356,0.091706,7.92
2025-09-06 23:00:00,4.16815,9.22157,0.307393,3.86076,0.101346,0.060933,0.083122,13.418
2025-09-07 00:00:00,2.56937,8.98383,0.104768,2.46461,0.085708,0.049183,0.075145,9.375
2025-09-07 01:00:00,2.58942,10.5261,0.07748,2.51194,0.035336,0.02758,0.061654,5.739
2025-09-07 02:00:00,0.780234,2.97799,0.028482,0.751752,0.016249,0.009118,0.053168,1.161
2025-09-07 03:00:00,0.747525,3.46076,0.022595,0.72493,0.013715,0.008752,0.053198,2.41
2025-09-07 04:00:00,0.025765,0.104739,0.005725,0.02004,0.007028,0.002806,0.049883,0.606
2025-09-07 05:00:00,0.330841,1.13302,0.011767,0.319074,0.0163,0.012394,0.053663,1.114
2025-09-07 06:00:00,0.975085,2.09246,0.051676,0.923409,0.02642,0.011575,0.059946,3.675
2025-09-07 07:00:00,1.35509,1.8563,0.081046,1.27405,0.043622,0.022328,0.067903,4.112
2025-09-07 08:00:00,3.35009,3.05108,0.174429,3.17566,0.071744,0.047301,0.084866,10.96
2025-09-07 09:00:00,3.79079,4.01567,0.207325,3.58346,0.080603,0.053741,0.089993,11.94
2025-09-07 10:00:00,2.30254,2.29337,0.194197,2.10834,0.075138,0.035563,0.085943,10.968
2025-09-07 11:00:00,3.21179,2.33077,0.270369,2.94143,0.09181,0.051714,0.092984,14.196
2025-09-07 12:00:00,4.24661,3.66087,0.50741,3.7392,0.113559,0.06065,0.0947,16.781
2025-09-07 13:00:00,2.64853,2.56641,0.264557,2.38397,0.091031,0.041181,0.09201,12.84
2025-09-07 14:00:00,3.8191,4.79786,0.291775,3.52732,0.088103,0.053843,0.094082,14.854
2025-09-07 15:00:00,3.02687,4.81986,0.24636,2.78051,0.08132,0.043705,0.085445,9.565
2025-09-07 16:00:00,7.9821,8.73316,0.375878,7.60623,0.117118,0.100719,0.102997,19.943
2025-09-07 17:00:00,5.87324,4.92721,0.529413,5.34382,0.142031,0.074565,0.100644,14.854
2025-09-07 18:00:00,4.58449,4.19057,0.272628,4.31186,0.119362,0.083891,0.101872,19.583
2025-09-07 19:00:00,4.75145,6.13882,0.40695,4.3445,0.114237,0.080005,0.104833,19.233
2025-09-07 20:00:00,2.95603,2.37623,0.300207,2.65582,0.10705,0.059243,0.099153,16.776
2025-09-07 21:00:00,1.79923,2.94956,0.162331,1.6369,0.080243,0.045441,0.08813,11.285
2025-09-07 22:00:00,2.07373,4.06614,0.26648,1.80725,0.069224,0.028869,0.073113,8.653
2025-09-07 23:00:00,5.0247,13.8804,0.466538,4.55816,0.089153,0.06552,0.085279,13.112
2025-09-08 00:00:00,2.8734,8.3046,0.227,2.6464,0.0616,0.0437,0.0766,8.035
2025-09-08 01:00:00,3.0701,11.7178,0.0985,2.9716,0.0521,0.0485,0.0706,7.993
2025-09-08 02:00:00,1.9201,10.0005,0.067055,1.85305,0.033007,0.028051,0.062918,3.858
2025-09-08 03:00:00,0.378135,2.52091,0.020833,0.357302,0.012132,0.007534,0.053634,1.275
2025-09-08 04:00:00,0.051569,0.214874,0.008183,0.043386,0.013659,0.007392,0.052358,0.788
2025-09-08 05:00:00,0.471021,2.45323,0.021855,0.449166,0.018592,0.006879,0.053446,2.233
2025-09-08 06:00:00,0.552287,1.01151,0.043479,0.508808,0.026136,0.009543,0.061052,3.272
2025-09-08 07:00:00,2.4042,2.61326,0.231657,2.17254,0.087855,0.035769,0.087578,10.255
2025-09-08 08:00:00,5.1147,4.02732,0.325607,4.78909,0.089791,0.070164,0.108843,16.899
2025-09-08 09:00:00,4.43335,3.90948,1.21873,3.21462,0.136879,0.044647,0.104469,16.488
2025-09-08 10:00:00,2.85329,3.24976,0.229566,2.62372,0.082269,0.039678,0.097386,13.833
2025-09-08 11:00:00,3.07842,2.93743,0.38818,2.69024,0.100454,0.038346,0.095083,14.418
2025-09-08 12:00:00,3.60994,3.10132,0.265548,3.34439,0.102457,0.054655,0.098266,15.601
2025-09-08 13:00:00,3.40896,4.17765,0.314988,3.09397,0.087643,0.052367,0.09213,13.942
2025-09-08 14:00:00,2.10394,3.28741,0.368945,1.735,0.080026,0.043014,0.092222,12.698
2025-09-08 15:00:00,2.4575,3.68994,0.354881,2.10262,0.087414,0.035856,0.095113,12.382
2025-09-08 16:00:00,1.55417,1.98236,0.175383,1.37879,0.062325,0.02513,0.085118,9.841
2025-09-08 17:00:00,4.34647,3.53372,0.576857,3.76962,0.126701,0.065191,0.107824,20.422
2025-09-08 18:00:00,4.38855,3.28484,0.670517,3.71803,0.152209,0.077229,0.113491,20.214
2025-09-08 19:00:00,2.91559,3.59062,0.513951,2.40164,0.143051,0.066366,0.110545,18.234
2025-09-08 20:00:00,3.33975,4.60021,0.798473,2.54128,0.16565,0.071716,0.115547,25.302
2025-09-08 21:00:00,2.83617,3.84305,0.399322,2.43685,0.100701,0.056738,0.093612,15.253
2025-09-08 22:00:00,2.01587,3.27252,0.391937,1.62394,0.087239,0.036575,0.080225,11.569
2025-09-08 23:00:00,2.91548,8.52481,0.220506,2.69498,0.075532,0.049825,0.081159,9.675
2025-09-09 00:00:00,4.41615,13.3017,0.256145,4.16001,0.064232,0.052853,0.072745,10.194
2025-09-09 01:00:00,1.98514,6.20357,0.084257,1.90089,0.037435,0.025867,0.061936,4.738
2025-09-09 02:00:00,0.291503,1.44309,0.021045,0.270458,0.019803,0.012497,0.055952,1.645
2025-09-09 03:00:00,0.58934,2.88892,0.054623,0.534717,0.022329,0.01163,0.05665,2.003
2025-09-09 04:00:00,0.516145,1.28394,0.041674,0.474471,0.015744,0.007099,0.052752,1.55
2025-09-09 05:00:00,0.34887,0.748647,0.019836,0.329034,0.013066,0.006506,0.054858,1.724
2025-09-09 06:00:00,1.75503,3.36214,0.091903,1.66313,0.039082,0.020994,0.066404,5.009
2025-09-09 07:00:00,3.61726,2.74868,0.302486,3.31478,0.079935,0.043629,0.084822,12.268
2025-09-09 08:00:00,4.1018,3.19455,0.33027,3.77153,0.101077,0.059624,0.100558,17.663
2025-09-09 09:00:00,4.0059,5.35548,0.201426,3.80447,0.073405,0.052788,0.091712,12.465
2025-09-09 10:00:00,2.391,3.01894,0.207371,2.18363,0.078073,0.034396,0.101028,12.872
2025-09-09 11:00:00,4.19321,4.28754,0.348613,3.8446,0.103555,0.054555,0.105911,15.745
2025-09-09 12:00:00,4.3902,3.72051,0.560439,3.82976,0.13203,0.06086,0.101508,19.113
2025-09-09 13:00:00,3.65279,4.24743,0.451986,3.2008,0.116134,0.050183,0.094048,17.227
2025-09-09 14:00:00,2.63219,3.06781,0.225191,2.40699,0.086532,0.042387,0.095616,13.127
2025-09-09 15:00:00,2.15868,3.24126,0.311738,1.84694,0.085932,0.034504,0.114645,14.757
2025-09-09 16:00:00,1.91791,1.81965,0.20352,1.71439,0.079461,0.031674,0.097397,14.274
2025-09-09 17:00:00,4.10994,3.43641,0.385951,3.72399,0.105268,0.061935,0.109182,16.725
2025-09-09 18:00:00,6.80659,4.47802,0.587969,6.21863,0.133828,0.09048,0.128547,17.547
2025-09-09 19:00:00,6.02799,4.75394,0.808804,5.21919,0.145829,0.081605,0.133023,22.739
2025-09-09 20:00:00,2.46128,2.56918,0.34688,2.1144,0.102418,0.046555,0.101493,14.896
2025-09-09 21:00:00,5.49795,11.0401,0.184158,5.31379,0.069871,0.059854,0.082874,9.494
2025-09-09 22:00:00,2.29735,5.46988,0.182654,2.1147,0.089595,0.100093,0.089201,11.762
2025-09-09 23:00:00,3.22353,12.1185,0.261343,2.96219,0.083244,0.055119,0.084897,15.193
2025-09-10 00:00:00,2.28021,8.26164,0.236846,2.04337,0.06494,0.04049,0.085651,9.184
2025-09-10 01:00:00,1.52436,8.56384,0.118983,1.40538,0.037973,0.026125,0.067137,3.376
2025-09-10 02:00:00,1.03195,5.67005,0.05595,0.976,0.024404,0.020906,0.06276,2.753
2025-09-10 03:00:00,0.402491,3.53062,0.026657,0.375834,0.013618,0.008063,0.051966,1.736
2025-09-10 04:00:00,0.197305,0.9578,0.020488,0.176817,0.014897,0.006853,0.052268,1.197
2025-09-10 05:00:00,0.107077,0.6529,0.012155,0.094922,0.012576,0.002442,0.05182,0.82
2025-09-10 06:00:00,0.703013,1.52829,0.053328,0.649685,0.041237,0.012359,0.065569,3.523
2025-09-10 07:00:00,2.11822,2.79448,0.145328,1.97289,0.064972,0.035262,0.08129,8.168
2025-09-10 08:00:00,3.77117,2.90537,0.385087,3.38608,0.09899,0.051834,0.100966,17.567
2025-09-10 09:00:00,2.74222,3.53379,0.200337,2.54188,0.063928,0.036445,0.090424,11.543
2025-09-10 10:00:00,2.45993,3.10597,0.215074,2.24485,0.065092,0.037067,0.088431,12.017
2025-09-10 11:00:00,3.42943,3.98771,0.24601,3.18342,0.085551,0.042718,0.098409,13.632
2025-09-10 12:00:00,2.96025,2.27711,0.372972,2.58727,0.124825,0.050257,0.101394,16.882
2025-09-10 13:00:00,4.1855,4.13587,0.356438,3.82906,0.115995,0.069614,0.101522,16.369
2025-09-10 14:00:00,4.76168,5.86414,0.408413,4.35327,0.1093,0.07141,0.126551,19.301
2025-09-10 15:00:00,2.4116,3.3776,0.280477,2.13113,0.092969,0.041796,0.097577,14.218
2025-09-10 16:00:00,2.47194,3.05934,0.176164,2.29578,0.062253,0.040074,0.089953,10.546
2025-09-10 17:00:00,5.65794,5.68067,0.354384,5.30356,0.105507,0.084874,0.109746,20.85
2025-09-10 18:00:00,6.57512,4.40102,1.03965,5.53547,0.196481,0.094938,0.12046,26.745
2025-09-10 19:00:00,9.97313,9.25151,0.740426,9.2327,0.155613,0.105641,0.12728,22.597
2025-09-10 20:00:00,7.65585,11.9998,0.566783,7.08906,0.141114,0.110846,0.105947,23.314
2025-09-10 21:00:00,4.2936,6.66708,0.542774,3.75082,0.093581,0.065362,0.090798,14.226
2025-09-10 22:00:00,3.39628,6.5313,0.488922,2.90735,0.086789,0.061061,0.085612,13.713
2025-09-10 23:00:00,3.56692,7.85665,0.221198,3.34572,0.057035,0.042767,0.074152,10.726
2025-09-11 00:00:00,1.96001,8.52179,0.13228,1.82773,0.044169,0.03033,0.06917,7.498
2025-09-11 01:00:00,1.18467,3.42389,0.063132,1.12153,0.027273,0.016921,0.060337,4.468
2025-09-11 02:00:00,1.42952,3.97088,0.06673,1.36278,0.026432,0.017201,0.057408,3.779
2025-09-11 03:00:00,1.4867,4.56044,0.026752,1.45995,0.014853,0.014849,0.054296,2.595
2025-09-11 04:00:00,0.69395,2.29785,0.053038,0.640912,0.018973,0.008673,0.05537,2.956
2025-09-11 05:00:00,0.312306,0.627122,0.028771,0.283535,0.016294,0.007632,0.05457,1.561
2025-09-11 06:00:00,0.926407,1.23521,0.167186,0.759221,0.035121,0.011505,0.063133,3.789
2025-09-11 07:00:00,2.20795,1.83996,0.24981,1.95814,0.060475,0.034316,0.085105,10.081
2025-09-11 08:00:00,3.6109,3.22979,0.406304,3.2046,0.108453,0.058377,0.101737,11.545
2025-09-11 09:00:00,2.32988,3.90919,0.141919,2.18796,0.080042,0.041828,0.098364,12.489
2025-09-11 10:00:00,1.97379,2.17858,0.284227,1.68957,0.075324,0.031467,0.10673,9.569
2025-09-11 11:00:00,3.37374,2.72076,0.304889,3.06886,0.116636,0.046455,0.107614,15.145
2025-09-11 12:00:00,5.03251,3.64147,0.354868,4.67764,0.12419,0.07245,0.108108,20.917
2025-09-11 13:00:00,3.51743,3.56737,0.297508,3.21992,0.117605,0.05847,0.096329,17.022
2025-09-11 14:00:00,2.15297,2.17033,0.200875,1.95209,0.079772,0.037357,0.091424,11.994
2025-09-11 15:00:00,3.1792,3.34653,0.305739,2.87346,0.079258,0.041522,0.091067,13.192
2025-09-11 16:00:00,2.72343,2.87889,0.411118,2.31232,0.086219,0.036535,0.093103,12.975
2025-09-11 17:00:00,4.89034,3.85066,0.626072,4.26427,0.12455,0.072982,0.106118,21.938
2025-09-11 18:00:00,6.837,4.78112,0.674723,6.16228,0.16987,0.107229,0.119321,28.105
2025-09-11 19:00:00,5.78782,5.01544,0.427335,5.36049,0.123337,0.07513,0.105359,13.785
2025-09-11 20:00:00,2.10891,1.9933,0.338017,1.77089,0.105037,0.050231,0.094558,13.179
2025-09-11 21:00:00,5.50223,7.29739,0.293861,5.20837,0.093857,0.074669,0.091379,15.328
2025-09-11 22:00:00,4.20327,5.3341,0.95528,3.24799,0.122232,0.058535,0.09041,17.443
2025-09-11 23:00:00,5.79194,9.28196,0.81825,4.97369,0.113824,0.077269,0.11795,20.974
2025-09-12 00:00:00,3.24807,6.27041,0.165284,3.08279,0.046989,0.045854,0.070061,7.628
2025-09-12 01:00:00,2.17153,6.38685,0.084816,2.08671,0.035946,0.028743,0.064372,7.207
2025-09-12 02:00:00,1.16055,3.20593,0.160318,1.00023,0.018857,0.011796,0.053934,2.613
2025-09-12 03:00:00,0.487,0.857394,0.023033,0.463967,0.016592,0.006534,0.053623,2.375
2025-09-12 04:00:00,0.369332,0.785812,0.01896,0.350372,0.019979,0.0144,0.057715,2.045
2025-09-12 05:00:00,0.387186,0.762178,0.034273,0.352913,0.024963,0.012463,0.073654,4.775
2025-09-12 06:00:00,1.86904,3.86166,0.090376,1.77867,0.036121,0.045737,0.092816,5.67
2025-09-12 07:00:00,3.16187,3.11822,0.201232,2.96064,0.061748,0.035988,0.082919,10.416
2025-09-12 08:00:00,3.33843,3.37898,0.233829,3.1046,0.097554,0.058153,0.09749,15.964
2025-09-12 09:00:00,4.93033,5.95451,0.32624,4.60409,0.088392,0.058248,0.106015,16.615
2025-09-12 10:00:00,2.98802,4.39415,0.222375,2.76565,0.085973,0.03953,0.094583,13.765
2025-09-12 11:00:00,3.01446,2.62583,0.285214,2.72924,0.092,0.044472,0.097592,13.374
2025-09-12 12:00:00,3.45183,3.33188,0.312498,3.13933,0.098042,0.049124,0.096136,13.511
2025-09-12 13:00:00,2.78522,2.78522,0.267312,2.51791,0.114513,0.045972,0.096815,15.128
2025-09-12 14:00:00,2.3846,4.6575,0.1972,2.1874,0.0732,0.0416,0.0873,11.656
2025-09-12 15:00:00,2.26081,4.18668,0.39467,1.86614,0.082304,0.042134,0.099664,11.174
2025-09-12 16:00:00,2.81161,3.11708,0.391256,2.42035,0.081049,0.040268,0.096034,12.545
2025-09-12 17:00:00,3.29628,3.62229,0.473814,2.82246,0.126656,0.066152,0.107612,15.005
2025-09-12 18:00:00,6.40229,5.56721,0.933004,5.46928,0.15921,0.112284,0.125508,32.089
2025-09-12 19:00:00,4.12604,3.15447,0.509971,3.61607,0.12762,0.067862,0.109955,18.786
2025-09-12 20:00:00,3.82473,4.01757,0.459968,3.36476,0.112048,0.058742,0.096231,15.96
2025-09-12 21:00:00,3.42988,4.5977,0.389365,3.04052,0.111912,0.049137,0.088614,13.485
2025-09-12 22:00:00,5.12329,8.98185,0.272582,4.85071,0.087606,0.065668,0.086957,11.63
2025-09-12 23:00:00,6.8167,13.366,0.1558,6.6609,0.0633,0.0822,0.0853,9.775
2025-09-13 00:00:00,4.7518,11.5898,0.2337,4.5181,0.0709,0.0593,0.0782,13.632
2025-09-13 01:00:00,2.0535,6.5817,0.1265,1.927,0.04,0.0256,0.062,5.412
2025-09-13 02:00:00,0.5107,1.7136,0.0208,0.4899,0.0115,0.0073,0.052,1.467
2025-09-13 03:00:00,0.5083,1.1195,0.0295,0.4788,0.0164,0.0083,0.0553,1.767
2025-09-13 04:00:00,1.5494,7.4491,0.0587,1.4907,0.0333,0.0226,0.0585,3.226
2025-09-13 05:00:00,1.1622,2.452,0.0561,1.1062,0.0326,0.019,0.0601,4.828
2025-09-13 06:00:00,1.0378,1.9435,0.0695,0.9683,0.0292,0.014,0.0621,4.113
2025-09-13 07:00:00,1.9093,2.8582,0.1409,1.7684,0.0529,0.0269,0.0744,5.327
2025-09-13 08:00:00,2.8826,2.9595,0.1934,2.6892,0.0797,0.0457,0.0871,11.045
2025-09-13 09:00:00,1.8704,1.9647,0.1839,1.6865,0.0634,0.0295,0.0856,9.8
2025-09-13 10:00:00,3.5374,3.5877,0.488,3.0494,0.1187,0.0514,0.0928,13.945
2025-09-13 11:00:00,2.8029,2.0886,0.4236,2.3793,0.1183,0.0412,0.0945,15.152
2025-09-13 12:00:00,4.5769,3.3166,0.552,4.0249,0.1506,0.0662,0.1,18.149
2025-09-13 13:00:00,3.2502,3.174,0.3594,2.8908,0.1262,0.0522,0.0932,15.814
2025-09-13 14:00:00,5.1703,5.9157,0.4173,4.753,0.1099,0.0644,0.0963,16.762
2025-09-13 15:00:00,4.2984,5.3865,0.2511,4.0473,0.0832,0.0515,0.0927,15.509
2025-09-13 16:00:00,3.5858,2.9296,0.3819,3.2039,0.1002,0.0519,0.0998,16.188
2025-09-13 17:00:00,4.7726,3.912,0.4836,4.289,0.1119,0.0666,0.104,18.52
2025-09-13 18:00:00,3.7473,4.173,0.4358,3.3115,0.1267,0.0724,0.1066,19.111
2025-09-13 19:00:00,3.0719,2.7576,0.3322,2.7398,0.0928,0.0413,0.087,8.944
2025-09-13 20:00:00,3.526,3.9708,0.2966,3.2295,0.0847,0.049,0.0849,13.97
2025-09-13 21:00:00,4.3515,7.5286,0.3426,4.0089,0.095,0.057,0.0878,13.051
2025-09-13 22:00:00,3.2176,6.3841,0.261,2.9566,0.0663,0.0464,0.0917,7.92
2025-09-13 23:00:00,4.1681,9.2216,0.3074,3.8608,0.1013,0.0609,0.0831,13.418
2025-09-14 00:00:00,2.5694,8.9838,0.1048,2.4646,0.0857,0.0492,0.0751,9.375
2025-09-14 01:00:00,2.5894,10.5261,0.0775,2.5119,0.0353,0.0276,0.0617,5.739
2025-09-14 02:00:00,0.7802,2.978,0.0285,0.7518,0.0162,0.0091,0.0532,1.161
2025-09-14 03:00:00,0.7475,3.4608,0.0226,0.7249,0.0137,0.0088,0.0532,2.41
2025-09-14 04:00:00,0.0258,0.1047,0.0057,0.02,0.007,0.0028,0.0499,0.606
2025-09-14 05:00:00,0.3308,1.133,0.0118,0.3191,0.0163,0.0124,0.0537,1.114
2025-09-14 06:00:00,0.9751,2.0925,0.0517,0.9234,0.0264,0.0116,0.0599,3.675
2025-09-14 07:00:00,1.3551,1.8563,0.081,1.274,0.0436,0.0223,0.0679,4.112
2025-09-14 08:00:00,3.3501,3.0511,0.1744,3.1757,0.0717,0.0473,0.0849,10.96
2025-09-14 09:00:00,3.7908,4.0157,0.2073,3.5835,0.0806,0.0537,0.09,11.94
2025-09-14 10:00:00,2.3025,2.2934,0.1942,2.1083,0.0751,0.0356,0.0859,10.968
2025-09-14 11:00:00,3.2118,2.3308,0.2704,2.9414,0.0918,0.0517,0.093,14.196
2025-09-14 12:00:00,4.2466,3.6609,0.5074,3.7392,0.1136,0.0607,0.0947,16.781
2025-09-14 13:00:00,2.6485,2.5664,0.2646,2.384,0.091,0.0412,0.092,12.84
2025-09-14 14:00:00,3.8191,4.7979,0.2918,3.5273,0.0881,0.0538,0.0941,14.854
2025-09-14 15:00:00,3.0269,4.8199,0.2464,2.7805,0.0813,0.0437,0.0854,9.565
2025-09-14 16:00:00,7.9821,8.7332,0.3759,7.6062,0.1171,0.1007,0.103,19.943
2025-09-14 17:00:00,5.8732,4.9272,0.5294,5.3438,0.142,0.0746,0.1006,14.854
2025-09-14 18:00:00,4.5845,4.1906,0.2726,4.3119,0.1194,0.0839,0.1019,19.583
2025-09-14 19:00:00,4.7514,6.1388,0.407,4.3445,0.1142,0.08,0.1048,19.233
2025-09-14 20:00:00,2.956,2.3762,0.3002,2.6558,0.1071,0.0592,0.0992,16.776
2025-09-14 21:00:00,1.7992,2.9496,0.1623,1.6369,0.0802,0.0454,0.0881,11.285
2025-09-14 22:00:00,2.0737,4.0661,0.2665,1.8073,0.0692,0.0289,0.0731,8.653
2025-09-14 23:00:00,5.0247,13.8804,0.4665,4.5582,0.0892,0.0655,0.0853,13.112
2025-09-15 00:00:00,2.8734,8.3046,0.227,2.6464,0.0616,0.0437,0.0766,8.035
2025-09-15 01:00:00,3.0701,11.7178,0.0985,2.9716,0.0521,0.0485,0.0706,7.993
2025-09-15 02:00:00,1.9201,10.0005,0.0671,1.853,0.033,0.0281,0.0629,3.858
2025-09-15 03:00:00,0.3781,2.5209,0.0208,0.3573,0.0121,0.0075,0.0536,1.275
2025-09-15 04:00:00,0.0516,0.2149,0.0082,0.0434,0.0137,0.0074,0.0524,0.788
2025-09-15 05:00:00,0.471,2.4532,0.0219,0.4492,0.0186,0.0069,0.0534,2.233
2025-09-15 06:00:00,0.5523,1.0115,0.0435,0.5088,0.0261,0.0095,0.0611,3.272
2025-09-15 07:00:00,2.4042,2.6133,0.2317,2.1725,0.0879,0.0358,0.0876,10.255
2025-09-15 08:00:00,5.1147,4.0273,0.3256,4.7891,0.0898,0.0702,0.1088,16.899
2025-09-15 09:00:00,4.4333,3.9095,1.2187,3.2146,0.1369,0.0446,0.1045,16.488
2025-09-15 10:00:00,2.8533,3.2498,0.2296,2.6237,0.0823,0.0397,0.0974,13.833
2025-09-15 11:00:00,3.0784,2.9374,0.3882,2.6902,0.1005,0.0383,0.0951,14.418
2025-09-15 12:00:00,3.6099,3.1013,0.2655,3.3444,0.1025,0.0547,0.0983,15.601
2025-09-15 13:00:00,3.409,4.1776,0.315,3.094,0.0876,0.0524,0.0921,13.942
2025-09-15 14:00:00,2.1039,3.2874,0.3689,1.735,0.08,0.043,0.0922,12.698
2025-09-15 15:00:00,2.4575,3.6899,0.3549,2.1026,0.0874,0.0359,0.0951,12.382
2025-09-15 16:00:00,1.5542,1.9824,0.1754,1.3788,0.0623,0.0251,0.0851,9.841
2025-09-15 17:00:00,4.3465,3.5337,0.5769,3.7696,0.1267,0.0652,0.1078,20.422
2025-09-15 18:00:00,4.3885,3.2848,0.6705,3.718,0.1522,0.0772,0.1135,20.214
2025-09-15 19:00:00,2.9156,3.5906,0.514,2.4016,0.1431,0.0664,0.1105,18.234
2025-09-15 20:00:00,3.3398,4.6002,0.7985,2.5413,0.1657,0.0717,0.1155,25.302
2025-09-15 21:00:00,2.8362,3.843,0.3993,2.4368,0.1007,0.0567,0.0936,15.253
2025-09-15 22:00:00,2.0159,3.2725,0.3919,1.6239,0.0872,0.0366,0.0802,11.569
2025-09-15 23:00:00,2.9155,8.5248,0.2205,2.695,0.0755,0.0498,0.0812,9.675
2025-09-16 00:00:00,4.4162,13.3017,0.2561,4.16,0.0642,0.0529,0.0727,10.194
2025-09-16 01:00:00,1.9851,6.2036,0.0843,1.9009,0.0374,0.0259,0.0619,4.738
2025-09-16 02:00:00,0.2915,1.4431,0.021,0.2705,0.0198,0.0125,0.056,1.645
2025-09-16 03:00:00,0.5893,2.8889,0.0546,0.5347,0.0223,0.0116,0.0567,2.003
2025-09-16 04:00:00,0.5161,1.2839,0.0417,0.4745,0.0157,0.0071,0.0528,1.55
2025-09-16 05:00:00,0.3489,0.7486,0.0198,0.329,0.0131,0.0065,0.0549,1.724
2025-09-16 06:00:00,1.755,3.3621,0.0919,1.6631,0.0391,0.021,0.0664,5.009
2025-09-16 07:00:00,3.6173,2.7487,0.3025,3.3148,0.0799,0.0436,0.0848,12.268
2025-09-16 08:00:00,4.1018,3.1945,0.3303,3.7715,0.1011,0.0596,0.1006,17.663
2025-09-16 09:00:00,4.0059,5.3555,0.2014,3.8045,0.0734,0.0528,0.0917,12.465
2025-09-16 10:00:00,2.391,3.0189,0.2074,2.1836,0.0781,0.0344,0.101,12.872
2025-09-16 11:00:00,4.1932,4.2875,0.3486,3.8446,0.1036,0.0546,0.1059,15.745
2025-09-16 12:00:00,4.3902,3.7205,0.5604,3.8298,0.132,0.0609,0.1015,19.113
2025-09-16 13:00:00,4.02992,3.59584,0.515253,3.51466,0.134242,0.060342,0.10272,19.5574
2025-09-16 14:00:00,3.66963,3.47118,0.470105,3.19953,0.136483,0.059784,0.103941,20.0019
2025-09-16 15:00:00,3.30935,3.34652,0.424958,2.88439,0.138725,0.059226,0.105161,20.4463
2025-09-16 16:00:00,,,,,,,,
2025-09-16 17:00:00,,,,,,,,
2025-09-16 18:00:00,,,,,,,,
2025-09-16 19:00:00,1.86821,2.84788,0.244369,1.62384,0.147691,0.056993,0.110042,22.224
2025-09-16 20:00:00,2.05059,2.7468,0.241981,1.80861,0.113362,0.047456,0.095448,16.5805
2025-09-16 21:00:00,2.23298,2.64571,0.239593,1.99339,0.079033,0.037918,0.080854,10.937
2025-09-16 22:00:00,2.68572,5.45877,0.533565,2.15215,0.105004,0.044866,0.095542,12.479
2025-09-16 23:00:00,3.17753,7.49417,0.145984,3.03155,0.055237,0.042063,0.073104,9.919
2025-09-17 00:00:00,2.03216,5.23752,0.125253,1.9069,0.040602,0.029713,0.064711,6.944
2025-09-17 01:00:00,0.503831,1.85232,0.039004,0.464827,0.020068,0.009591,0.055513,3.566
2025-09-17 02:00:00,0.812849,3.12634,0.03264,0.780209,0.016038,0.015689,0.055377,2.873
2025-09-17 03:00:00,0.089574,0.285268,0.009162,0.080412,0.008035,0.011613,0.054111,0.561
2025-09-17 04:00:00,0.064315,1.19101,0.003283,0.061032,0.008363,0.005942,0.051429,0.198
2025-09-17 05:00:00,0.110462,0.334732,0.014983,0.095479,0.013756,0.003532,0.054128,1.485
2025-09-17 06:00:00,0.706825,1.98546,0.055904,0.650921,0.036579,0.014228,0.065507,6.02
2025-09-17 07:00:00,3.02073,3.17304,0.25504,2.76569,0.077678,0.042459,0.091454,13.719
2025-09-17 08:00:00,5.76887,4.20471,0.384334,5.38453,0.115998,0.079812,0.111359,21.758
2025-09-17 09:00:00,4.31275,5.23392,0.388248,3.9245,0.105853,0.061648,0.100556,13.012
2025-09-17 10:00:00,3.71241,3.30285,0.304536,3.40787,0.087323,0.048717,0.099656,17.111
2025-09-17 11:00:00,3.13613,2.60044,0.239849,2.89628,0.088737,0.0418,0.100333,15.19
2025-09-17 12:00:00,3.44837,2.55057,0.331916,3.11646,0.115405,0.05541,0.100887,18.362
2025-09-17 13:00:00,2.93435,2.33627,0.30007,2.63428,0.100302,0.065749,0.101818,17.945
2025-09-17 14:00:00,3.03008,3.31519,0.26433,2.76575,0.09118,0.066514,0.098392,17.737
2025-09-17 15:00:00,4.86463,6.08078,1.03451,3.83012,0.130871,0.053737,0.102362,18.643
2025-09-17 16:00:00,2.99159,2.86002,0.281757,2.70983,0.07952,0.043194,0.098362,14.547
2025-09-17 17:00:00,3.94458,4.37315,1.22622,2.71836,0.154323,0.054433,0.106596,15.481
2025-09-17 18:00:00,4.59295,3.2482,0.516257,4.0767,0.130807,0.072126,0.114955,17.798
2025-09-17 19:00:00,4.11201,3.80742,0.559757,3.55225,0.131154,0.063387,0.10733,16.414
2025-09-17 20:00:00,3.58183,3.74668,0.475501,3.10633,0.1237,0.053087,0.096572,16.272
2025-09-17 21:00:00,3.00137,3.75172,0.591558,2.40982,0.125686,0.059444,0.09499,13.988
2025-09-17 22:00:00,3.6504,4.55162,0.538767,3.11163,0.124478,0.059178,0.092294,11.867
2025-09-17 23:00:00,2.36161,6.0554,0.213394,2.14821,0.074167,0.038319,0.079454,9.738
2025-09-18 00:00:00,1.88757,8.57984,0.088131,1.79943,0.03575,0.025405,0.068035,6.444
2025-09-18 01:00:00,0.264926,1.76617,0.016957,0.247969,0.01239,0.01049,0.05331,1.434
2025-09-18 02:00:00,0.276744,0.898522,0.022027,0.254717,0.023201,0.055879,0.071055,1.614
2025-09-18 03:00:00,0.503269,1.52506,0.033555,0.469714,0.023162,0.009123,0.054657,2.564
2025-09-18 04:00:00,0.029303,0.586058,0.005806,0.023497,0.030911,0.005258,0.061287,1.174
2025-09-18 05:00:00,0.306969,0.791158,0.030233,0.276736,0.014962,0.004727,0.055817,2.691
2025-09-18 06:00:00,1.00887,2.1018,0.063557,0.94531,0.033807,0.015755,0.064479,4.602
2025-09-18 07:00:00,2.11812,2.55811,0.191777,1.92634,0.057635,0.03239,0.081411,10.587
2025-09-18 08:00:00,5.53933,4.32085,0.462792,5.07654,0.111092,0.066554,0.099674,18.98
2025-09-18 09:00:00,2.61286,3.11055,0.30221,2.31065,0.082998,0.038532,0.097999,14.78
2025-09-18 10:00:00,2.27729,2.30029,0.222216,2.05507,0.07642,0.035187,0.099141,14.278
2025-09-18 11:00:00,2.36063,2.42365,0.222904,2.13773,0.087299,0.039739,0.098401,14.654
2025-09-18 12:00:00,4.85739,4.91638,0.979061,3.87832,0.122719,0.061546,0.110453,22.112
2025-09-18 13:00:00,3.10879,3.38648,0.251306,2.85749,0.095227,0.045083,0.106435,16.358
2025-09-18 14:00:00,5.90751,8.51227,0.73116,5.17635,0.106383,0.05821,0.101154,16.069
2025-09-18 15:00:00,2.9277,4.08897,0.342091,2.58561,0.099003,0.040411,0.101336,15.921
2025-09-18 16:00:00,2.87213,4.35171,0.257637,2.61449,0.085986,0.046672,0.103919,10.759
2025-09-18 17:00:00,4.39979,3.72864,0.372478,4.02732,0.110054,0.064315,0.113294,20.033
2025-09-18 18:00:00,6.18051,3.93163,0.616405,5.56411,0.149723,0.093402,0.126303,22.816
2025-09-18 19:00:00,4.72575,4.45826,0.495643,4.23011,0.135368,0.068133,0.114719,21.264
2025-09-18 20:00:00,3.55534,3.71121,0.59644,2.9589,0.12823,0.054908,0.102418,16.875
2025-09-18 21:00:00,2.26317,3.22389,0.318992,1.94418,0.079271,0.042457,0.086282,12.434
2025-09-18 22:00:00,2.05336,6.89048,0.269032,1.78433,0.074265,0.041327,0.081529,8.308
2025-09-18 23:00:00,2.05315,5.29161,0.16833,1.88482,0.051714,0.02934,0.073693,7.662
2025-09-19 00:00:00,2.7667,9.04151,0.429263,2.33744,0.091921,0.047696,0.103583,12.19
2025-09-19 01:00:00,1.23437,6.85763,0.32438,0.909993,0.062356,0.027417,0.07798,6.826
2025-09-19 02:00:00,0.685481,3.32758,0.060141,0.62534,0.034234,0.019018,0.062201,2.986
2025-09-19 03:00:00,0.722888,1.99693,0.051246,0.671642,0.01762,0.008672,0.053839,2.337
2025-09-19 04:00:00,0.104811,1.31014,0.00651,0.098301,0.013289,0.006253,0.053453,0.509
2025-09-19 05:00:00,0.575718,1.15143,0.047342,0.528376,0.018536,0.00556,0.055802,2.448
2025-09-19 06:00:00,0.951898,1.78258,0.087526,0.864372,0.038839,0.01377,0.069084,5.537
2025-09-19 07:00:00,3.84074,4.67244,1.07419,2.76655,0.088616,0.040757,0.086468,11.487
2025-09-19 08:00:00,6.72129,6.12139,0.386203,6.33509,0.105772,0.081001,0.1078,21.906
2025-09-19 09:00:00,2.66314,3.04011,0.282742,2.38039,0.09173,0.040732,0.09383,14.529
2025-09-19 10:00:00,2.61564,3.20544,0.321352,2.29429,0.086341,0.039088,0.116598,14.185
2025-09-19 11:00:00,2.65866,2.60653,0.293753,2.36491,0.097686,0.040282,0.100399,13.922
2025-09-19 12:00:00,3.35952,2.98359,0.456298,2.90322,0.130842,0.053534,0.102047,16.499
2025-09-19 13:00:00,3.65331,3.96238,0.330902,3.32241,0.100944,0.051974,0.095993,16.545
2025-09-19 14:00:00,3.40184,4.2417,0.275445,3.1264,0.095654,0.054332,0.102468,16.196
2025-09-19 15:00:00,2.52005,2.99293,0.286808,2.23324,0.084943,0.044227,0.108094,15.612
2025-09-19 16:00:00,3.55296,5.07566,0.246038,3.30693,0.091111,0.054011,0.095745,14.59
2025-09-19 17:00:00,4.11497,3.45796,0.357917,3.75706,0.106908,0.054273,0.104697,17.577
2025-09-19 18:00:00,4.58901,4.18705,0.47053,4.11848,0.145308,0.089013,0.117568,19.703
2025-09-19 19:00:00,4.768,4.44776,0.683399,4.0846,0.150386,0.075547,0.112091,21.66
2025-09-19 20:00:00,9.53806,13.4718,0.392324,9.14574,0.143961,0.105902,0.11218,24.719
2025-09-19 21:00:00,3.08772,4.0735,0.276558,2.81116,0.093116,0.056985,0.10298,19.467
2025-09-19 22:00:00,3.31062,5.06211,0.598121,2.7125,0.092693,0.058146,0.107607,16.575
2025-09-19 23:00:00,3.44103,6.88206,0.765444,2.67559,0.078973,0.04292,0.082869,12.502
2025-09-20 00:00:00,1.96564,4.96374,0.237443,1.7282,0.050018,0.030244,0.070713,5.143
2025-09-20 01:00:00,1.22285,2.87054,0.218574,1.00428,0.066795,0.033352,0.069656,6.557
2025-09-20 02:00:00,1.16575,3.46948,0.063518,1.10223,0.024875,0.015597,0.058134,3.617
2025-09-20 03:00:00,0.742607,1.83814,0.239845,0.502762,0.022588,0.011136,0.055655,2.789
2025-09-20 04:00:00,0.036019,0.947876,0.006485,0.029534,0.014726,0.00534,0.053766,0.516
2025-09-20 05:00:00,0.768785,1.51934,0.150742,0.618043,0.056282,0.011732,0.059256,2.713
2025-09-20 06:00:00,0.800985,1.80402,0.062597,0.738388,0.031997,0.013249,0.064631,3.742
2025-09-20 07:00:00,2.12649,3.59205,0.13303,1.99346,0.049254,0.02726,0.073281,7.703
2025-09-20 08:00:00,3.29149,4.37699,0.613199,2.6783,0.086647,0.038639,0.089067,13.645
2025-09-20 09:00:00,3.27827,3.65879,0.224752,3.05352,0.074045,0.047958,0.093569,12.213
2025-09-20 10:00:00,3.11671,3.28767,0.418737,2.69797,0.088885,0.04434,0.093536,13.402
2025-09-20 11:00:00,4.33197,3.19467,0.622418,3.70955,0.154406,0.065817,0.111579,20.128
2025-09-20 12:00:00,5.00015,4.71713,0.527963,4.47219,0.127447,0.07087,0.103651,20.419
2025-09-20 13:00:00,4.7481,4.31646,0.424202,4.3239,0.116145,0.065136,0.10066,19.252
2025-09-20 14:00:00,2.93495,3.93425,0.217797,2.71715,0.085165,0.050173,0.095781,14.103
2025-09-20 15:00:00,4.0099,3.96235,0.508022,3.50188,0.107782,0.056841,0.098943,14.918
2025-09-20 16:00:00,4.27566,3.77042,0.395394,3.88027,0.102459,0.056075,0.099497,17.765
2025-09-20 17:00:00,5.41668,4.48401,0.941256,4.47543,0.138864,0.070262,0.109232,23.456
2025-09-20 18:00:00,5.52417,3.57783,0.627502,4.89667,0.123637,0.078712,0.107763,20.985
2025-09-20 19:00:00,5.52872,4.67743,0.706321,4.8224,0.158809,0.076193,0.107183,22.664
2025-09-20 20:00:00,4.42094,4.51116,0.538166,3.88277,0.114858,0.063107,0.101597,20.832
2025-09-20 21:00:00,4.10207,5.00253,0.347061,3.75501,0.095849,0.062374,0.094052,18.886
2025-09-20 22:00:00,4.40486,5.93647,1.05312,3.35174,0.125063,0.067062,0.102692,16.733
2025-09-20 23:00:00,3.03147,8.1491,0.569303,2.46216,0.081461,0.036201,0.082941,12.793
2025-09-21 00:00:00,2.12748,4.90203,0.292153,1.83533,0.056051,0.03205,0.073735,7.07
2025-09-21 01:00:00,1.43827,7.05035,0.058048,1.38023,0.035499,0.026872,0.064382,4.327
2025-09-21 02:00:00,0.640202,2.54048,0.09355,0.546652,0.030024,0.017527,0.065181,3.896
2025-09-21 03:00:00,0.379631,1.34621,0.037512,0.342119,0.017003,0.007833,0.055366,1.755
2025-09-21 04:00:00,0.127071,2.54141,0.010573,0.116498,0.021524,0.008216,0.057451,0.764
2025-09-21 05:00:00,1.03811,3.05327,0.457772,0.580339,0.058838,0.010161,0.061447,2.544
2025-09-21 06:00:00,0.621731,1.37551,0.041735,0.579996,0.026,0.010242,0.062321,3.563
2025-09-21 07:00:00,1.08997,1.90553,0.115539,0.974428,0.037916,0.013828,0.066049,5.602
2025-09-21 08:00:00,3.72632,4.81437,0.176611,3.54971,0.061252,0.042293,0.080757,9.702
2025-09-21 09:00:00,3.03288,3.76289,0.210978,2.82191,0.072726,0.036568,0.089267,11.343
2025-09-21 10:00:00,3.33559,3.53347,0.270835,3.06476,0.086555,0.045152,0.09443,15.088
2025-09-21 11:00:00,4.08514,3.02155,0.340544,3.74459,0.103854,0.05936,0.102027,17.195
2025-09-21 12:00:00,5.06302,3.8649,0.564396,4.49862,0.176285,0.080287,0.115056,22.616
2025-09-21 13:00:00,3.68321,3.82076,0.445246,3.23796,0.12389,0.06606,0.096414,12.067
2025-09-21 14:00:00,5.43289,5.13506,0.731362,4.70153,0.117838,0.068622,0.100955,14.367
2025-09-21 15:00:00,5.08735,4.25363,0.898325,4.18902,0.13493,0.068096,0.106842,19.406
2025-09-21 16:00:00,4.15733,4.97288,0.450496,3.70683,0.123505,0.076757,0.103953,21.144
2025-09-21 17:00:00,8.32218,7.18669,1.1388,7.18339,0.210432,0.107751,0.116781,22.827
2025-09-21 18:00:00,5.61598,4.99642,0.703114,4.91286,0.167276,0.074226,0.106896,22.499
2025-09-21 19:00:00,5.55606,4.53186,1.60753,3.94853,0.288133,0.070222,0.108566,15.039
2025-09-21 20:00:00,5.85673,5.21061,0.516008,5.34072,0.135845,0.07734,0.103001,19.742
2025-09-21 21:00:00,3.32499,7.91665,0.364074,2.96092,0.105868,0.070332,0.097111,16.987
2025-09-21 22:00:00,2.65478,5.16494,0.393078,2.2617,0.09874,0.043762,0.089865,14.122
2025-09-21 23:00:00,2.93007,7.79275,0.462498,2.46758,0.076823,0.050202,0.075046,9.282
2025-09-22 00:00:00,1.7506,5.05953,0.14224,1.60836,0.041063,0.025852,0.062572,5.809
2025-09-22 01:00:00,2.07565,5.43365,0.115498,1.96016,0.032593,0.024926,0.063212,4.903
2025-09-22 02:00:00,0.626869,3.07289,0.057726,0.569143,0.01621,0.009852,0.054764,2.37
2025-09-22 03:00:00,0.507141,1.90655,0.023073,0.484068,0.024923,0.013245,0.058337,1.87
2025-09-22 04:00:00,0,0,0,0,0.030667,0.014269,0.060954,0.261
2025-09-22 05:00:00,0.18743,0.646316,0.017066,0.170364,0.020792,0.00866,0.05556,0.97
2025-09-22 06:00:00,0.440711,1.23795,0.038228,0.402483,0.021417,0.008041,0.060365,2.192
2025-09-22 07:00:00,3.11976,4.44411,0.222349,2.89741,0.062257,0.039981,0.080695,10.218
2025-09-22 08:00:00,4.1455,3.44311,0.375688,3.76981,0.097538,0.056311,0.101591,17.48
2025-09-22 09:00:00,2.13666,2.75343,0.218745,1.91791,0.070863,0.029527,0.092044,12.438
2025-09-22 10:00:00,1.95755,2.60312,0.208478,1.74907,0.064943,0.030559,0.091848,10.22
2025-09-22 11:00:00,2.39854,2.46764,0.246195,2.15235,0.09168,0.038798,0.095332,14.524
2025-09-22 12:00:00,5.60359,4.49005,0.660321,4.94327,0.127352,0.07293,0.118994,21.473
2025-09-22 13:00:00,3.05319,2.86416,0.293674,2.75951,0.099962,0.048066,0.10162,17.422
2025-09-22 14:00:00,2.21847,3.00606,0.289611,1.92886,0.083458,0.033684,0.095049,14.776
2025-09-22 15:00:00,2.77826,4.18413,0.294777,2.48349,0.084378,0.039568,0.091571,11.951
2025-09-22 16:00:00,3.90465,4.61542,0.330412,3.57424,0.082623,0.049522,0.094382,15.24
2025-09-22 17:00:00,8.17478,2.59188,0.849867,7.32492,0.207235,0.145072,0.143951,47.32
2025-09-22 18:00:00,15.3042,3.15551,2.03598,13.2682,0.312893,0.241482,0.182318,72.954
2025-09-22 19:00:00,4.49155,4.3188,0.659862,3.83169,0.13622,0.069101,0.104675,20.009
2025-09-22 20:00:00,4.34489,4.20202,0.309354,4.03553,0.096546,0.063769,0.100984,18.058
2025-09-22 21:00:00,4.53523,6.53492,0.450531,4.0847,0.101572,0.058455,0.090953,15.724
2025-09-22 22:00:00,6.88619,13.0916,0.373374,6.51282,0.081424,0.068697,0.090695,13
2025-09-22 23:00:00,1.74384,5.6253,0.294174,1.44967,0.064127,0.027976,0.071388,7.347
2025-09-23 00:00:00,1.93357,4.80988,0.126056,1.80752,0.043325,0.028509,0.07059,7.003
2025-09-23 01:00:00,0.88503,2.48604,0.045511,0.839519,0.037711,0.040791,0.065385,2.861
2025-09-23 02:00:00,1.24196,3.88114,0.078201,1.16376,0.029896,0.03059,0.062717,2.419
2025-09-23 03:00:00,2.53208,5.57728,0.06741,2.46467,0.030616,0.026412,0.062422,4.657
2025-09-23 04:00:00,0.058199,1.45497,0.003653,0.054546,0.015723,0.009214,0.060021,0.442
2025-09-23 05:00:00,0.467053,1.23559,0.031276,0.435777,0.013733,0.007703,0.056107,2.028
2025-09-23 06:00:00,0.907696,2.41408,0.079782,0.827914,0.029695,0.012519,0.06098,4.087
2025-09-23 07:00:00,2.50136,3.83645,0.295419,2.20595,0.067434,0.03371,0.082291,11.231
2025-09-23 08:00:00,2.56246,2.76724,0.29402,2.26844,0.08622,0.048073,0.094942,10.823
2025-09-23 09:00:00,3.15499,3.97354,0.362162,2.79283,0.093874,0.052015,0.105193,10.77
2025-09-23 10:00:00,2.6799,3.86152,0.334328,2.34557,0.076879,0.034966,0.09159,13.556
2025-09-23 11:00:00,4.06466,4.26961,0.275762,3.7889,0.105413,0.060723,0.099796,15.148
2025-09-23 12:00:00,5.10268,5.73335,1.09575,4.00693,0.199256,0.057566,0.11543,20.38
2025-09-23 13:00:00,5.59496,6.49067,0.565833,5.02913,0.127936,0.068179,0.098383,16.216
2025-09-23 14:00:00,3.72888,5.46757,0.261764,3.46712,0.083941,0.043328,0.096351,10.347
2025-09-23 15:00:00,2.82628,4.03755,0.373771,2.45251,0.104074,0.041966,0.089977,9.276
2025-09-23 16:00:00,2.65837,3.32297,0.355988,2.30239,0.07376,0.033289,0.090961,12.626
2025-09-23 17:00:00,12.538,4.14618,1.21296,11.3251,0.20065,0.160985,0.140508,44.832
2025-09-23 18:00:00,7.40778,4.82277,1.05936,6.34842,0.158394,0.106913,0.12466,33.617
2025-09-23 19:00:00,4.23101,3.61625,0.511703,3.7193,0.121761,0.070913,0.109147,20.154
2025-09-23 20:00:00,3.38033,4.39004,0.488223,2.89211,0.108973,0.052697,0.089139,14.74
2025-09-23 21:00:00,3.81788,6.40584,0.86477,2.95311,0.124483,0.054295,0.08473,14.208
2025-09-23 22:00:00,3.4137,6.59016,0.240855,3.17285,0.068428,0.049409,0.084918,11.572
2025-09-23 23:00:00,1.98873,6.25387,0.238148,1.75058,0.054312,0.033343,0.070623,4.367
2025-09-24 00:00:00,0.989552,2.81123,0.105786,0.883766,0.050687,0.022058,0.067693,4.213
2025-09-24 01:00:00,1.35164,6.08846,0.044995,1.30664,0.016686,0.017526,0.054935,2.602
2025-09-24 02:00:00,0.973399,4.26929,0.054406,0.918993,0.027168,0.052367,0.059893,3.593
2025-09-24 03:00:00,1.59675,3.4265,0.063818,1.53293,0.03679,0.02714,0.065587,7.298
2025-09-24 04:00:00,0,0,0,0,0.024918,0.008357,0.057745,1.062
2025-09-24 05:00:00,0.825454,2.7887,0.163266,0.662188,0.043209,0.011638,0.057428,2.914
2025-09-24 06:00:00,0.64938,2.2239,0.035266,0.614114,0.024033,0.013828,0.062369,2.405
2025-09-24 07:00:00,2.4037,2.76287,0.251474,2.15222,0.066693,0.032725,0.080936,10.3
2025-09-24 08:00:00,7.68999,5.62133,0.80896,6.88103,0.15624,0.087396,0.11011,23.469
2025-09-24 09:00:00,4.15676,3.72469,0.322111,3.83465,0.118788,0.054424,0.112625,20.357
2025-09-24 10:00:00,2.68063,2.7187,0.284298,2.39634,0.097493,0.041373,0.099789,17.553
2025-09-24 11:00:00,3.67667,2.96028,0.41054,3.26613,0.114111,0.057833,0.111277,18.919
2025-09-24 12:00:00,3.78459,2.90229,0.390184,3.3944,0.114559,0.059863,0.103139,18.901
2025-09-24 13:00:00,2.45019,2.30281,0.251548,2.19865,0.082873,0.034868,0.088875,13.942
2025-09-24 14:00:00,2.34688,3.44118,0.264151,2.08273,0.075333,0.035422,0.093007,14.173
2025-09-24 15:00:00,2.42642,3.13491,0.374782,2.05164,0.070458,0.033169,0.090809,9.306
2025-09-24 16:00:00,2.9916,2.86,0.2818,2.7098,0.0795,0.0432,0.0984,14.547
2025-09-24 17:00:00,5.72525,4.49392,0.414776,5.31047,0.131825,0.227121,0.129195,22.546
2025-09-24 18:00:00,7.31669,4.50535,0.899864,6.41682,0.19027,0.102676,0.13163,28.257
2025-09-24 19:00:00,6.51905,5.67861,0.95356,5.56549,0.189844,0.095914,0.1194,26.618
2025-09-24 20:00:00,3.38735,3.78899,0.378179,3.00918,0.114096,0.053416,0.103809,18.565
2025-09-24 21:00:00,2.95388,3.79676,0.377221,2.57666,0.116268,0.051192,0.091571,13.559
2025-09-24 22:00:00,2.47375,4.6499,0.373854,2.09989,0.064207,0.040383,0.080982,10.202
2025-09-24 23:00:00,1.84699,4.73588,0.208884,1.63811,0.059886,0.04079,0.078906,8.899
2025-09-25 00:00:00,3.16489,10.2756,0.194239,2.97065,0.039848,0.036116,0.064926,3.605
2025-09-25 01:00:00,0.860703,3.14125,0.058978,0.801725,0.043017,0.040798,0.069264,3.688
2025-09-25 02:00:00,0.522159,2.37345,0.033464,0.488695,0.031014,0.025497,0.060849,3.263
2025-09-25 03:00:00,1.01147,1.86619,0.054592,0.956883,0.022488,0.013935,0.05723,3.364
2025-09-25 04:00:00,0.160367,1.90913,0.005391,0.154976,0.012881,0.008313,0.053362,0.545
2025-09-25 05:00:00,0.636652,1.87251,0.361355,0.275297,0.047083,0.005577,0.053094,1.681
2025-09-25 06:00:00,0.561893,1.13743,0.035476,0.526417,0.020705,0.009484,0.062917,3.078
2025-09-25 07:00:00,2.44107,2.79299,0.21805,2.22302,0.071006,0.034562,0.083707,11.262
2025-09-25 08:00:00,4.66084,4.56051,0.776152,3.88469,0.121439,0.066182,0.099339,17.996
2025-09-25 09:00:00,2.75384,2.99983,0.198552,2.55529,0.06907,0.03747,0.088237,11.505
2025-09-25 10:00:00,2.60733,3.20311,0.321324,2.28601,0.083921,0.031993,0.09149,12.763
2025-09-25 11:00:00,2.61896,2.25773,0.458217,2.16075,0.10816,0.043533,0.099569,14.744
2025-09-25 12:00:00,2.95193,2.58941,0.279716,2.67222,0.086256,0.042436,0.095796,14.027
2025-09-25 13:00:00,4.05677,4.81801,0.28389,3.77288,0.093483,0.049702,0.097682,16.824
2025-09-25 14:00:00,4.69554,5.4096,0.330309,4.36523,0.094946,0.055929,0.103797,16.457
2025-09-25 15:00:00,2.55775,5.68389,0.181949,2.3758,0.073783,0.043701,0.098341,13.582
2025-09-25 16:00:00,3.25705,3.76973,0.502708,2.75434,0.087598,0.047942,0.112501,17.023
2025-09-25 17:00:00,3.98993,3.40438,0.362309,3.62762,0.114149,0.061252,0.108725,20.882
2025-09-25 18:00:00,5.19707,3.36598,0.700224,4.49684,0.156531,0.0867,0.123764,29.075
2025-09-25 19:00:00,4.54458,3.73118,0.636953,3.90763,0.132756,0.081489,0.114506,20.901
2025-09-25 20:00:00,3.23448,3.03422,0.503556,2.73092,0.10889,0.059132,0.094232,15.993
2025-09-25 21:00:00,3.33122,4.74533,0.687848,2.64338,0.109133,0.050982,0.087558,15.291
2025-09-25 22:00:00,1.78246,4.14526,0.293241,1.48922,0.068765,0.028254,0.074244,8.122
2025-09-25 23:00:00,3.08022,8.0214,0.232024,2.84819,0.051329,0.03469,0.068243,7.998
2025-09-26 00:00:00,1.40245,5.11843,0.094333,1.30812,0.031567,0.019789,0.062047,4.401
2025-09-26 01:00:00,0.568459,1.51995,0.04937,0.519089,0.035174,0.024203,0.063619,3.017
2025-09-26 02:00:00,5.32396,16.1332,0.088349,5.23561,0.039127,0.049613,0.068726,6.984
2025-09-26 03:00:00,2.5536,4.21385,0.077687,2.47591,0.035371,0.028168,0.063664,5.804
2025-09-26 04:00:00,0.062152,0.722705,0.002344,0.059808,0.013162,0.009336,0.057243,0.465
2025-09-26 05:00:00,0.834495,1.37705,0.021891,0.812604,0.011704,0.012503,0.053584,1.583
2025-09-26 06:00:00,0.979299,1.57952,0.083896,0.895403,0.029648,0.019502,0.066246,3.855
2025-09-26 07:00:00,3.14702,3.18524,0.206953,2.94007,0.07019,0.040944,0.090984,13.19
2025-09-26 08:00:00,4.22665,4.14377,0.520626,3.70602,0.101934,0.055458,0.097108,17.219
2025-09-26 09:00:00,3.30103,4.48509,0.250454,3.05057,0.077836,0.046218,0.099292,13.809
2025-09-26 10:00:00,3.0695,3.38051,0.610643,2.45886,0.119691,0.038474,0.09379,13.54
2025-09-26 11:00:00,2.5609,2.20009,0.217197,2.3437,0.086281,0.040481,0.096917,12.797
2025-09-26 12:00:00,5.28066,5.334,0.420508,4.86015,0.105206,0.065927,0.103923,15.277
2025-09-26 13:00:00,3.21989,3.52286,0.286744,2.93315,0.096828,0.047364,0.103499,16.447
2025-09-26 14:00:00,4.87926,4.37209,0.368965,4.51029,0.112029,0.070183,0.107155,20.742
2025-09-26 15:00:00,4.14529,3.56737,0.467767,3.67752,0.135337,0.056664,0.103138,20.376
2025-09-26 16:00:00,3.72022,3.3576,0.482134,3.23808,0.103407,0.048847,0.107943,19.105
2025-09-26 17:00:00,3.66674,2.81192,0.421412,3.24533,0.11687,0.059377,0.111361,17.38
2025-09-26 18:00:00,7.30515,5.11565,1.0326,6.27255,0.179285,0.105333,0.130898,24.178
2025-09-26 19:00:00,6.90425,4.14919,0.611999,6.29225,0.132423,0.10203,0.115684,26.04
2025-09-26 20:00:00,5.36361,4.58428,0.557522,4.80609,0.139912,0.075863,0.10511,21.366
2025-09-26 21:00:00,4.00666,4.54269,0.437981,3.56867,0.116029,0.072683,0.094959,11.878
2025-09-26 22:00:00,6.55527,9.99279,0.46038,6.09489,0.112794,0.101594,0.090751,14.44
2025-09-26 23:00:00,2.9789,6.03017,0.296772,2.68213,0.10255,0.04934,0.087396,13.172
2025-09-27 00:00:00,1.01852,2.6116,0.130033,0.88849,0.054113,0.027957,0.0694,5.842
2025-09-27 01:00:00,1.78662,5.80071,0.089305,1.69731,0.043389,0.029787,0.065183,4.374
2025-09-27 02:00:00,1.02443,4.26844,0.16932,0.855107,0.0487,0.019833,0.065209,2.854
2025-09-27 03:00:00,0.669066,1.37668,0.040997,0.628069,0.022897,0.010487,0.056829,2.75
2025-09-27 04:00:00,0.03805,0.528461,0.010084,0.027966,0.020442,0.006978,0.055498,0.624
2025-09-27 05:00:00,2.63399,7.56892,0.397695,2.23629,0.095603,0.027301,0.080192,9.078
2025-09-27 06:00:00,0.396942,1.12768,0.033434,0.363508,0.018883,0.006869,0.058195,2.223
2025-09-27 07:00:00,2.60517,5.68814,0.326493,2.27868,0.076503,0.03269,0.076337,8.23
2025-09-27 08:00:00,3.6613,4.21809,0.524941,3.13636,0.129905,0.05054,0.092649,15.606
2025-09-27 09:00:00,4.03438,3.91687,0.439377,3.595,0.110827,0.057131,0.105681,19.278
2025-09-27 10:00:00,4.68009,4.24691,0.647705,4.03239,0.132989,0.069576,0.11269,20.368
2025-09-27 11:00:00,3.38593,2.95456,0.446159,2.93977,0.111797,0.053337,0.102419,17.248
2025-09-27 12:00:00,4.78712,3.21715,0.643156,4.14397,0.138003,0.072375,0.114346,23.306
2025-09-27 13:00:00,3.27953,3.08807,0.314334,2.9652,0.098485,0.049144,0.095354,15.402
2025-09-27 14:00:00,4.94487,4.55329,0.552735,4.39213,0.125189,0.061492,0.101086,18.194
2025-09-27 15:00:00,3.57455,3.75477,0.570697,3.00385,0.107913,0.054369,0.100603,15.01
2025-09-27 16:00:00,3.7886,3.20524,0.394338,3.39426,0.100144,0.051736,0.099347,16.29
2025-09-27 17:00:00,5.01327,3.83277,0.512576,4.50069,0.114537,0.067487,0.106851,21.647
2025-09-27 18:00:00,4.99802,3.27096,0.631924,4.3661,0.165513,0.07365,0.116724,25.6
2025-09-27 19:00:00,4.19542,4.98268,0.684877,3.51054,0.135488,0.064436,0.103373,20.826
2025-09-27 20:00:00,2.93557,2.74866,0.588905,2.34666,0.096515,0.048592,0.099592,16.456
2025-09-27 21:00:00,2.04746,2.1828,0.247918,1.79955,0.079082,0.034622,0.08507,13.429
2025-09-27 22:00:00,3.87948,5.67175,0.255042,3.62443,0.070411,0.047823,0.082895,10.353
2025-09-27 23:00:00,4.15639,10.9379,0.240038,3.91635,0.060136,0.05168,0.083132,10.656
2025-09-28 00:00:00,3.15822,9.1278,0.112879,3.04534,0.043518,0.034947,0.081345,8.269
2025-09-28 01:00:00,1.11835,3.12389,0.064432,1.05392,0.034725,0.028902,0.068276,3.962
2025-09-28 02:00:00,0.762103,2.93117,0.045052,0.717051,0.039078,0.084235,0.070365,2.208
2025-09-28 03:00:00,0.646302,2.04526,0.043454,0.602848,0.015169,0.015306,0.053788,1.665
2025-09-28 04:00:00,0.074448,1.69199,0.00401,0.070438,0.016615,0.012851,0.054518,0
2025-09-28 05:00:00,1.90357,4.15627,1.08237,0.821207,0.251683,0.012599,0.060769,3.445
2025-09-28 06:00:00,0.85392,2.07262,0.052614,0.801306,0.027197,0.014029,0.065748,3.797
2025-09-28 07:00:00,2.13872,2.77036,0.300033,1.83868,0.059448,0.028003,0.081079,9.493
2025-09-28 08:00:00,3.83537,3.43057,0.386429,3.44894,0.098429,0.04706,0.098073,16.369
2025-09-28 09:00:00,2.98529,3.03383,0.332608,2.65268,0.083743,0.03745,0.092069,14.625
2025-09-28 10:00:00,2.04704,2.65849,0.29243,1.75461,0.076629,0.028659,0.096528,11.518
2025-09-28 11:00:00,2.09532,2.2056,0.361027,1.73429,0.096655,0.038315,0.099594,13.384
2025-09-28 12:00:00,4.03767,3.16928,0.637573,3.4001,0.163258,0.063755,0.116142,20.023
2025-09-28 13:00:00,3.94524,3.84527,0.511456,3.43379,0.114547,0.049198,0.105062,15.263
2025-09-28 14:00:00,2.24216,3.81321,0.234225,2.00794,0.080009,0.045385,0.104418,10.755
2025-09-28 15:00:00,3.61035,6.20334,0.312875,3.29747,0.076178,0.043232,0.094857,14.163
2025-09-28 16:00:00,2.58906,2.83889,0.281715,2.30735,0.082604,0.037245,0.094135,15.173
2025-09-28 17:00:00,4.09324,2.95754,0.421747,3.67149,0.110221,0.058388,0.105475,19.269
2025-09-28 18:00:00,6.89327,4.11784,0.705725,6.18755,0.185279,0.101166,0.120444,30.102
2025-09-28 19:00:00,6.13027,4.84895,0.627849,5.50242,0.16346,0.09146,0.113654,26.456
2025-09-28 20:00:00,5.36726,5.58005,0.549973,4.81729,0.141641,0.081755,0.106863,22.81
2025-09-28 21:00:00,4.60426,6.31115,0.472097,4.13216,0.119822,0.07205,0.100072,19.164
2025-09-28 22:00:00,,,,,,,,
2025-09-28 23:00:00,3.07825,7.77336,0.316345,2.7619,0.076185,0.052639,0.08649,11.872
2025-09-29 00:00:00,1.86444,7.06228,0.10099,1.76345,0.039518,0.025437,0.062767,5.602
2025-09-29 01:00:00,2.51801,6.2327,0.143481,2.37453,0.050033,0.029126,0.065378,7.404
2025-09-29 02:00:00,1.35682,3.37516,0.053882,1.30293,0.022325,0.018241,0.058583,3.256
2025-09-29 03:00:00,1.32181,2.33535,0.060635,1.26118,0.027049,0.018247,0.058972,4.073
2025-09-29 04:00:00,0,0,0,0,0.012476,0.008532,0.05323,0.439
2025-09-29 05:00:00,0.338527,1.27266,0.017864,0.320663,0.018842,0.007758,0.054457,1.456
2025-09-29 06:00:00,0.741852,1.83627,0.082963,0.658889,0.023865,0.012662,0.06081,3.167
2025-09-29 07:00:00,3.15661,3.61168,0.187529,2.96908,0.06981,0.040204,0.082185,11.729
2025-09-29 08:00:00,4.5346,3.72299,0.3456,4.189,0.102415,0.065342,0.104901,19.407
2025-09-29 09:00:00,3.51963,4.02704,0.294258,3.22537,0.092163,0.048769,0.097902,18.695
2025-09-29 10:00:00,4.35668,5.37861,0.459748,3.89693,0.100849,0.057525,0.107911,16.319
2025-09-29 11:00:00,3.74546,4.2659,0.393243,3.35222,0.110348,0.059581,0.114849,15.963
2025-09-29 12:00:00,3.53127,3.6107,0.404534,3.12673,0.103339,0.048055,0.102207,14.892
2025-09-29 13:00:00,3.14248,3.4762,0.412896,2.72959,0.088281,0.041182,0.092367,14.25
2025-09-29 14:00:00,2.46247,4.21655,0.249283,2.21318,0.075283,0.03578,0.089585,11.945
2025-09-29 15:00:00,4.3627,5.62203,0.302549,4.06015,0.08812,0.05261,0.094922,15.459
2025-09-29 16:00:00,3.39105,3.18109,0.268249,3.1228,0.079343,0.047484,0.094721,14.485
2025-09-29 17:00:00,3.20908,2.80024,0.462042,2.74704,0.112245,0.04986,0.103271,18.268
2025-09-29 18:00:00,5.43478,3.89869,0.690397,4.74438,0.13208,0.083709,0.1157,25.111
2025-09-29 19:00:00,5.67944,5.29798,0.375815,5.30362,0.109934,0.077325,0.108576,17.728
2025-09-29 20:00:00,3.51921,3.80867,0.732815,2.78639,0.132437,0.052232,0.101025,17.737
2025-09-29 21:00:00,2.30519,3.06541,0.528343,1.77685,0.112943,0.044456,0.091112,13.254
2025-09-29 22:00:00,3.02606,5.66678,0.431917,2.59414,0.075846,0.043236,0.080682,10.747
2025-09-29 23:00:00,1.31714,4.01567,0.153338,1.1638,0.046139,0.021338,0.067454,5.965
2025-09-30 00:00:00,0.892749,5.01545,0.074466,0.818283,0.022852,0.013881,0.057671,3.729
2025-09-30 01:00:00,0.379302,2.28495,0.034015,0.345287,0.019936,0.010453,0.055233,1.947
2025-09-30 02:00:00,0.472978,2.25228,0.045512,0.427466,0.02513,0.01747,0.05817,1.99
2025-09-30 03:00:00,0.372367,0.959707,0.03086,0.341507,0.028743,0.017025,0.062512,3.657
2025-09-30 04:00:00,0.040899,0.639044,0.003484,0.037415,0.028594,0.024661,0.063099,0
2025-09-30 05:00:00,0.211288,0.656173,0.019725,0.191563,0.018977,0.012312,0.056222,1.47
2025-09-30 06:00:00,0.962477,2.4305,0.057748,0.904729,0.026418,0.013628,0.062027,3.2
2025-09-30 07:00:00,2.52879,3.201,0.236037,2.29275,0.073921,0.037786,0.085958,10.643
2025-09-30 08:00:00,3.61843,3.0874,0.429726,3.1887,0.098528,0.055713,0.103715,17.155
2025-09-30 09:00:00,1.90366,2.05579,0.214455,1.6892,0.074819,0.030871,0.094998,12.562
2025-09-30 10:00:00,3.06018,3.31906,0.202884,2.85729,0.075955,0.04404,0.097094,11.823
2025-09-30 11:00:00,3.54818,3.11791,0.311673,3.2365,0.106328,0.054434,0.108397,17.699
2025-09-30 12:00:00,2.76666,2.62492,0.323178,2.44348,0.095499,0.043403,0.100194,15.499
2025-09-30 13:00:00,3.05167,3.10761,0.608526,2.44315,0.102771,0.053366,0.101559,13.708
2025-09-30 14:00:00,3.57953,3.95966,0.279858,3.29968,0.090737,0.049984,0.103181,14.736
2025-09-30 15:00:00,3.43998,3.9907,0.408689,3.03129,0.09757,0.045324,0.096497,15.864
2025-09-30 16:00:00,4.33504,3.93379,0.361858,3.97318,0.088096,0.059105,0.101017,13.928
2025-09-30 17:00:00,5.12045,3.51679,0.751337,4.36911,0.139947,0.076473,0.113879,23.265
2025-09-30 18:00:00,5.05647,3.32225,0.585678,4.47079,0.148737,0.082361,0.121656,24.33
2025-09-30 19:00:00,5.47923,4.05268,0.679131,4.8001,0.145394,0.081365,0.128558,23.289
2025-09-30 20:00:00,4.2656,4.72905,0.39965,3.86595,0.11181,0.060298,0.103616,21.998
2025-09-30 21:00:00,3.06826,4.02658,0.291612,2.77665,0.087156,0.053383,0.086148,13.47
2025-09-30 22:00:00,2.00864,3.59972,0.218166,1.79048,0.06627,0.033843,0.074624,8.875
2025-09-30 23:00:00,1.86221,4.47648,0.159855,1.70236,0.051526,0.037886,0.084511,7.603
2025-10-01 00:00:00,1.27498,5.22532,0.095665,1.17931,0.030979,0.01807,0.061548,4.93
2025-10-01 01:00:00,0.775644,3.91738,0.077207,0.698437,0.030271,0.022843,0.058429,2.529
2025-10-01 02:00:00,1.04244,5.92296,0.05358,0.98886,0.017237,0.012417,0.054469,2.441
2025-10-01 03:00:00,1.00245,3.48074,0.045828,0.956624,0.023647,0.012785,0.061117,3.407
2025-10-01 04:00:00,0.057769,1.44421,0.00446,0.053309,0.018198,0.012398,0.053606,0.33
2025-10-01 05:00:00,1.27243,5.34633,0.162811,1.10962,0.04763,0.017025,0.057883,4.635
2025-10-01 06:00:00,1.53255,5.07469,0.088798,1.44376,0.038624,0.050892,0.067736,6.389
2025-10-01 07:00:00,1.79786,3.12129,0.291035,1.50683,0.053199,0.033941,0.073304,7.501
2025-10-01 08:00:00,1.89446,3.52131,0.182992,1.71147,0.074383,0.035291,0.081878,11.058
2025-10-01 09:00:00,2.07049,2.68198,0.244485,1.826,0.063563,0.029212,0.080965,6.3
2025-10-01 10:00:00,2.23122,3.19659,0.298186,1.93303,0.080407,0.038931,0.087538,11.027
2025-10-01 11:00:00,3.06457,3.46671,0.392954,2.67162,0.145758,0.060765,0.102208,17.863
2025-10-01 12:00:00,2.87182,3.10804,0.345629,2.5262,0.112019,0.044203,0.092113,15.472
2025-10-01 13:00:00,2.85849,3.35503,0.27478,2.58371,0.081243,0.036373,0.084184,12.301
2025-10-01 14:00:00,3.52741,4.99633,0.287737,3.23968,0.08452,0.044117,0.089135,13.417
2025-10-01 15:00:00,4.37157,5.37048,0.29258,4.07899,0.075723,0.048386,0.087823,13.585
2025-10-01 16:00:00,3.26002,3.36779,0.321964,2.93806,0.132466,0.048134,0.090615,13.383
2025-10-01 17:00:00,4.72942,5.18576,0.473955,4.25546,0.083074,0.04809,0.088615,13.621
2025-10-01 18:00:00,3.41001,3.98365,0.315514,3.09449,0.097787,0.044809,0.086985,12.714
2025-10-01 19:00:00,4.11244,4.39363,0.529346,3.58309,0.108203,0.049798,0.100097,14.545
2025-10-01 20:00:00,3.18933,5.33333,0.355009,2.83432,0.085311,0.037871,0.088878,12.403
2025-10-01 21:00:00,5.58682,11.3553,0.31304,5.27378,0.079998,0.057606,0.083,14.161
2025-10-01 22:00:00,4.04184,8.63641,0.468265,3.57358,0.068801,0.038879,0.074612,10.191
2025-10-01 23:00:00,2.12963,8.12835,0.141947,1.98768,0.043327,0.029217,0.065845,5.735
2025-10-02 00:00:00,2.82871,11.7863,0.306384,2.52232,0.060803,0.043335,0.076405,7.022
2025-10-02 01:00:00,4.30601,18.886,0.375259,3.93075,0.068949,0.048665,0.068584,6.971
2025-10-02 02:00:00,2.19114,12.4497,0.086972,2.10417,0.039146,0.033626,0.059737,4.489
2025-10-02 03:00:00,0.415914,1.43419,0.022757,0.393157,0.012316,0.009846,0.051179,1.344
2025-10-02 04:00:00,0.057382,1.43453,0.009655,0.047727,0.022639,0.015695,0.055588,0.608
2025-10-02 05:00:00,1.73057,6.31597,0.338755,1.39182,0.066564,0.02451,0.058034,4.963
2025-10-02 06:00:00,1.09669,3.91675,0.136262,0.960429,0.034579,0.027489,0.065764,3.701
2025-10-02 07:00:00,1.21704,2.43409,0.075403,1.14164,0.032064,0.021031,0.065243,4.62
2025-10-02 08:00:00,1.33544,2.86576,0.101961,1.23348,0.044764,0.019375,0.068771,5.929
2025-10-02 09:00:00,2.66015,3.87777,0.271996,2.38815,0.065495,0.029726,0.079817,9.605
2025-10-02 10:00:00,1.75031,2.52206,0.139605,1.61071,0.052781,0.024452,0.077321,8.381
2025-10-02 11:00:00,2.55259,3.34109,0.216517,2.33607,0.070544,0.036234,0.081698,11.387
2025-10-02 12:00:00,4.02531,6.55588,0.463699,3.56161,0.096002,0.049572,0.09441,14.101
2025-10-02 13:00:00,3.81145,5.02829,0.242792,3.56866,0.085311,0.04591,0.08876,11.398
2025-10-02 14:00:00,1.96927,3.58049,0.206957,1.76231,0.067905,0.027015,0.079717,9.764
2025-10-02 15:00:00,2.9015,4.7722,0.3667,2.5348,0.083639,0.035753,0.083523,12.436
2025-10-02 16:00:00,2.25995,3.69273,0.176459,2.08349,0.061408,0.03068,0.078279,7.089
2025-10-02 17:00:00,3.28895,4.9682,0.30222,2.98673,0.076342,0.043833,0.095048,12.572
2025-10-02 18:00:00,2.27334,3.55209,0.255297,2.01804,0.073818,0.030817,0.081299,10.769
2025-10-02 19:00:00,1.90541,3.5816,0.176737,1.72867,0.06174,0.030226,0.079009,10.279
2025-10-02 20:00:00,1.48791,3.52584,0.190546,1.29736,0.057928,0.025536,0.072343,8.238
2025-10-02 21:00:00,1.99946,4.30919,0.173052,1.82641,0.05106,0.024864,0.072357,9.945
2025-10-02 22:00:00,3.06358,7.81525,0.287698,2.77588,0.067331,0.037959,0.083318,10.975
2025-10-02 23:00:00,2.49883,8.8611,0.211245,2.28758,0.067752,0.030151,0.066633,8.656
2025-10-03 00:00:00,3.44176,15.5034,0.157216,3.28454,0.042047,0.033598,0.066233,7.408
2025-10-03 01:00:00,2.70785,15.9285,0.07637,2.63148,0.027246,0.032769,0.061372,4.562
2025-10-03 02:00:00,1.31121,7.99518,0.040749,1.27046,0.020037,0.019935,0.055223,2.319
2025-10-03 03:00:00,0.178703,0.698052,0.016146,0.162557,0.013613,0.006066,0.052244,1.394
2025-10-03 04:00:00,0.020181,0.325511,0.002305,0.017876,0.018339,0.007991,0.055779,0.38
2025-10-03 05:00:00,0.65014,2.53961,0.081853,0.568287,0.030007,0.01289,0.056925,2.439
2025-10-03 06:00:00,0.385552,1.16833,0.02432,0.361232,0.024491,0.012185,0.058192,1.79
2025-10-03 07:00:00,0.796801,1.53822,0.080066,0.716735,0.031527,0.0183,0.067394,4.036
2025-10-03 08:00:00,2.04108,4.03375,0.126154,1.91493,0.053458,0.036808,0.076088,8.353
2025-10-03 09:00:00,2.21704,4.24721,0.116707,2.10033,0.056154,0.027916,0.076718,8.725
2025-10-03 10:00:00,2.64596,4.07071,0.174299,2.47166,0.064537,0.03108,0.079396,9.605
2025-10-03 11:00:00,4.18119,5.61988,0.270044,3.91114,0.08718,0.045924,0.080991,12.068
2025-10-03 12:00:00,2.93775,3.5566,0.284912,2.65284,0.102513,0.052574,0.098108,15.675
2025-10-03 13:00:00,2.42565,3.26907,0.171606,2.25404,0.072979,0.039232,0.081307,12.163
2025-10-03 14:00:00,3.00629,4.74178,0.241632,2.76465,0.069702,0.034152,0.079849,11.175
2025-10-03 15:00:00,2.72237,4.79291,0.18377,2.5386,0.063762,0.036152,0.082376,8.467
2025-10-03 16:00:00,2.87812,3.83749,0.256749,2.62137,0.072797,0.040179,0.089921,11.662
2025-10-03 17:00:00,2.14649,3.11085,0.242591,1.90389,0.066931,0.03272,0.081843,10.661
2025-10-03 18:00:00,2.91953,3.96675,0.392693,2.52684,0.085251,0.039458,0.085982,13.215
2025-10-03 19:00:00,2.50818,3.22389,0.3664,2.14178,0.098759,0.041646,0.098373,11.164
2025-10-03 20:00:00,1.94497,3.47317,0.38293,1.56204,0.077369,0.032963,0.076482,9.345
2025-10-03 21:00:00,0.952646,2.13598,0.202653,0.749993,0.048098,0.020922,0.071011,5.292
2025-10-03 22:00:00,1.69788,3.26516,0.352915,1.34497,0.055162,0.025752,0.075844,6.991
2025-10-03 23:00:00,1.11473,9.13711,0.139995,0.974732,0.053441,0.033443,0.068718,7.577
2025-10-04 00:00:00,1.0185,2.6116,0.13,0.8885,0.0541,0.028,0.0694,5.842
2025-10-04 01:00:00,1.7866,5.8007,0.0893,1.6973,0.0434,0.0298,0.0652,4.374
2025-10-04 02:00:00,1.0244,4.2684,0.1693,0.8551,0.0487,0.0198,0.0652,2.854
2025-10-04 03:00:00,0.6691,1.3767,0.041,0.6281,0.0229,0.0105,0.0568,2.75
2025-10-04 04:00:00,0.0381,0.5285,0.0101,0.028,0.0204,0.007,0.0555,0.624
2025-10-04 05:00:00,2.634,7.5689,0.3977,2.2363,0.0956,0.0273,0.0802,9.078
2025-10-04 06:00:00,0.3969,1.1277,0.0334,0.3635,0.0189,0.0069,0.0582,2.223
2025-10-04 07:00:00,2.6052,5.6881,0.3265,2.2787,0.0765,0.0327,0.0763,8.23
2025-10-04 08:00:00,3.6613,4.2181,0.5249,3.1364,0.1299,0.0505,0.0926,15.606
2025-10-04 09:00:00,4.0344,3.9169,0.4394,3.595,0.1108,0.0571,0.1057,19.278
2025-10-04 10:00:00,4.6801,4.2469,0.6477,4.0324,0.133,0.0696,0.1127,20.368
2025-10-04 11:00:00,3.3859,2.9546,0.4462,2.9398,0.1118,0.0533,0.1024,17.248
2025-10-04 12:00:00,4.7871,3.2172,0.6432,4.144,0.138,0.0724,0.1143,23.306
2025-10-04 13:00:00,3.2795,3.0881,0.3143,2.9652,0.0985,0.0491,0.0954,15.402
2025-10-04 14:00:00,4.9449,4.5533,0.5527,4.3921,0.1252,0.0615,0.1011,18.194
2025-10-04 15:00:00,3.5745,3.7548,0.5707,3.0038,0.1079,0.0544,0.1006,15.01
2025-10-04 16:00:00,3.7886,3.2052,0.3943,3.3943,0.1001,0.0517,0.0993,16.29
2025-10-04 17:00:00,5.0133,3.8328,0.5126,4.5007,0.1145,0.0675,0.1069,21.647
2025-10-04 18:00:00,4.998,3.271,0.6319,4.3661,0.1655,0.0736,0.1167,25.6
2025-10-04 19:00:00,4.1954,4.9827,0.6849,3.5105,0.1355,0.0644,0.1034,20.826
2025-10-04 20:00:00,2.9356,2.7487,0.5889,2.3467,0.0965,0.0486,0.0996,16.456
2025-10-04 21:00:00,2.0475,2.1828,0.2479,1.7995,0.0791,0.0346,0.0851,13.429
2025-10-04 22:00:00,3.8795,5.6717,0.255,3.6244,0.0704,0.0478,0.0829,10.353
2025-10-04 23:00:00,4.1564,10.9379,0.24,3.9164,0.0601,0.0517,0.0831,10.656
2025-10-05 00:00:00,3.1582,9.1278,0.1129,3.0453,0.0435,0.0349,0.0813,8.269
2025-10-05 01:00:00,1.1184,3.1239,0.0644,1.0539,0.0347,0.0289,0.0683,3.962
2025-10-05 02:00:00,0.7621,2.9312,0.0451,0.7171,0.0391,0.0842,0.0704,2.208
2025-10-05 03:00:00,0.6463,2.0453,0.0435,0.6028,0.0152,0.0153,0.0538,1.665
2025-10-05 04:00:00,0.0744,1.692,0.004,0.0704,0.0166,0.0129,0.0545,0
2025-10-05 05:00:00,1.9036,4.1563,1.0824,0.8212,0.2517,0.0126,0.0608,3.445
2025-10-05 06:00:00,0.8539,2.0726,0.0526,0.8013,0.0272,0.014,0.0657,3.797
2025-10-05 07:00:00,2.1387,2.7704,0.3,1.8387,0.0594,0.028,0.0811,9.493
2025-10-05 08:00:00,3.8354,3.4306,0.3864,3.4489,0.0984,0.0471,0.0981,16.369
2025-10-05 09:00:00,2.9853,3.0338,0.3326,2.6527,0.0837,0.0375,0.0921,14.625
2025-10-05 10:00:00,2.047,2.6585,0.2924,1.7546,0.0766,0.0287,0.0965,11.518
2025-10-05 11:00:00,2.0953,2.2056,0.361,1.7343,0.0967,0.0383,0.0996,13.384
2025-10-05 12:00:00,4.0377,3.1693,0.6376,3.4001,0.1633,0.0638,0.1161,20.023
2025-10-05 13:00:00,3.9452,3.8453,0.5115,3.4338,0.1145,0.0492,0.1051,15.263
2025-10-05 14:00:00,2.2422,3.8132,0.2342,2.0079,0.08,0.0454,0.1044,10.755
2025-10-05 15:00:00,3.6103,6.2033,0.3129,3.2975,0.0762,0.0432,0.0949,14.163
2025-10-05 16:00:00,2.5891,2.8389,0.2817,2.3073,0.0826,0.0372,0.0941,15.173
2025-10-05 17:00:00,4.0932,2.9575,0.4217,3.6715,0.1102,0.0584,0.1055,19.269
2025-10-05 18:00:00,2.92543,3.64767,0.364734,2.5607,0.083045,0.042769,0.103523,13.375
2025-10-05 19:00:00,3.58071,5.57743,0.346992,3.23372,0.084872,0.046044,0.092063,16.496
2025-10-05 20:00:00,2.01371,3.43637,0.184492,1.82922,0.054546,0.025082,0.07238,8.699
2025-10-05 21:00:00,2.30121,4.00908,0.393925,1.90729,0.066274,0.024124,0.072038,10.1
2025-10-05 22:00:00,4.02144,10.5827,0.398949,3.62249,0.069184,0.052208,0.08027,13.078
2025-10-05 23:00:00,3.0782,7.7734,0.3163,2.7619,0.0762,0.0526,0.0865,11.872
2025-10-06 00:00:00,1.8644,7.0623,0.101,1.7635,0.0395,0.0254,0.0628,5.602
2025-10-06 01:00:00,2.518,6.2327,0.1435,2.3745,0.05,0.0291,0.0654,7.404
2025-10-06 02:00:00,1.3568,3.3752,0.0539,1.3029,0.0223,0.0182,0.0586,3.256
2025-10-06 03:00:00,1.3218,2.3354,0.0606,1.2612,0.027,0.0182,0.059,4.073
2025-10-06 04:00:00,0,0,0,0,0.0125,0.0085,0.0532,0.439
2025-10-06 05:00:00,0.3385,1.2727,0.0179,0.3207,0.0188,0.0078,0.0545,1.456
2025-10-06 06:00:00,0.7419,1.8363,0.083,0.6589,0.0239,0.0127,0.0608,3.167
2025-10-06 07:00:00,3.1566,3.6117,0.1875,2.9691,0.0698,0.0402,0.0822,11.729
2025-10-06 08:00:00,4.5346,3.723,0.3456,4.189,0.1024,0.0653,0.1049,19.407
2025-10-06 09:00:00,3.5196,4.027,0.2943,3.2254,0.0922,0.0488,0.0979,18.695
2025-10-06 10:00:00,4.3567,5.3786,0.4597,3.8969,0.1008,0.0575,0.1079,16.319
2025-10-06 11:00:00,3.7455,4.2659,0.3932,3.3522,0.1103,0.0596,0.1148,15.963
2025-10-06 12:00:00,3.5313,3.6107,0.4045,3.1267,0.1033,0.0481,0.1022,14.892
2025-10-06 13:00:00,3.1425,3.4762,0.4129,2.7296,0.0883,0.0412,0.0924,14.25
2025-10-06 14:00:00,2.4625,4.2166,0.2493,2.2132,0.0753,0.0358,0.0896,11.945
2025-10-06 15:00:00,4.3627,5.622,0.3025,4.0601,0.0881,0.0526,0.0949,15.459
2025-10-06 16:00:00,3.391,3.1811,0.2682,3.1228,0.0793,0.0475,0.0947,14.485
2025-10-06 17:00:00,3.2091,2.8002,0.462,2.747,0.1122,0.0499,0.1033,18.268
2025-10-06 18:00:00,5.4348,3.8987,0.6904,4.7444,0.1321,0.0837,0.1157,25.111
2025-10-06 19:00:00,5.6794,5.298,0.3758,5.3036,0.1099,0.0773,0.1086,17.728
2025-10-06 20:00:00,3.5192,3.8087,0.7328,2.7864,0.1324,0.0522,0.101,17.737
2025-10-06 21:00:00,2.3052,3.0654,0.5283,1.7768,0.1129,0.0445,0.0911,13.254
2025-10-06 22:00:00,3.0261,5.6668,0.4319,2.5941,0.0758,0.0432,0.0807,10.747
2025-10-06 23:00:00,1.3171,4.0157,0.1533,1.1638,0.0461,0.0213,0.0675,5.965
2025-10-07 00:00:00,0.8927,5.0154,0.0745,0.8183,0.0229,0.0139,0.0577,3.729
2025-10-07 01:00:00,0.3793,2.2849,0.034,0.3453,0.0199,0.0105,0.0552,1.947
2025-10-07 02:00:00,0.473,2.2523,0.0455,0.4275,0.0251,0.0175,0.0582,1.99
2025-10-07 03:00:00,0.3724,0.9597,0.0309,0.3415,0.0287,0.017,0.0625,3.657
2025-10-07 04:00:00,0.0409,0.639,0.0035,0.0374,0.0286,0.0247,0.0631,0
2025-10-07 05:00:00,0.2113,0.6562,0.0197,0.1916,0.019,0.0123,0.0562,1.47
2025-10-07 06:00:00,0.9625,2.4305,0.0577,0.9047,0.0264,0.0136,0.062,3.2
2025-10-07 07:00:00,2.5288,3.201,0.236,2.2928,0.0739,0.0378,0.086,10.643
2025-10-07 08:00:00,3.6184,3.0874,0.4297,3.1887,0.0985,0.0557,0.1037,17.155
2025-10-07 09:00:00,1.9037,2.0558,0.2145,1.6892,0.0748,0.0309,0.095,12.562
2025-10-07 10:00:00,3.0602,3.3191,0.2029,2.8573,0.076,0.044,0.0971,11.823
2025-10-07 11:00:00,3.5482,3.1179,0.3117,3.2365,0.1063,0.0544,0.1084,17.699
2025-10-07 12:00:00,2.7667,2.6249,0.3232,2.4435,0.0955,0.0434,0.1002,15.499
2025-10-07 13:00:00,3.0517,3.1076,0.6085,2.4431,0.1028,0.0534,0.1016,13.708
2025-10-07 14:00:00,3.5795,3.9597,0.2799,3.2997,0.0907,0.05,0.1032,14.736
2025-10-07 15:00:00,3.44,3.9907,0.4087,3.0313,0.0976,0.0453,0.0965,15.864
2025-10-07 16:00:00,4.335,3.9338,0.3619,3.9732,0.0881,0.0591,0.101,13.928
2025-10-07 17:00:00,5.1205,3.5168,0.7513,4.3691,0.1399,0.0765,0.1139,23.265
2025-10-07 18:00:00,5.0565,3.3223,0.5857,4.4708,0.1487,0.0824,0.1217,24.33
2025-10-07 19:00:00,5.4792,4.0527,0.6791,4.8001,0.1454,0.0814,0.1286,23.289
2025-10-07 20:00:00,4.2656,4.729,0.3996,3.8659,0.1118,0.0603,0.1036,21.998
2025-10-07 21:00:00,3.0683,4.0266,0.2916,2.7766,0.0872,0.0534,0.0861,13.47
2025-10-07 22:00:00,2.0086,3.5997,0.2182,1.7905,0.0663,0.0338,0.0746,8.875
2025-10-07 23:00:00,1.38807,3.96592,0.145275,1.2428,0.041069,0.024406,0.070415,6.989
2025-10-08 00:00:00,2.36829,7.54234,0.100802,2.26749,0.032597,0.024923,0.06282,5.025
2025-10-08 01:00:00,1.00203,4.47336,0.04333,0.958703,0.018135,0.014212,0.055123,2.49
2025-10-08 02:00:00,0.733552,2.26405,0.029083,0.704469,0.01966,0.010981,0.05594,2.105
2025-10-08 03:00:00,0.478173,1.56265,0.032404,0.445769,0.01697,0.011711,0.055365,2.037
2025-10-08 04:00:00,0.075924,1.2654,0.003036,0.072888,0.010901,0.015294,0.052944,0.293
2025-10-08 05:00:00,0.81601,2.4286,0.133549,0.682461,0.032769,0.013006,0.055825,3.086
2025-10-08 06:00:00,0.716971,2.37408,0.051025,0.665946,0.021841,0.011838,0.057959,2.831
2025-10-08 07:00:00,1.3871,3.36675,0.135195,1.25191,0.033322,0.021012,0.066893,5.098
2025-10-08 08:00:00,1.8939,3.39408,0.159792,1.73411,0.050677,0.02447,0.075398,9.217
2025-10-08 09:00:00,3.45169,6.61243,0.231523,3.22017,0.067783,0.041099,0.083508,11.692
2025-10-08 10:00:00,2.57373,3.53533,0.283175,2.29055,0.073409,0.0367,0.085806,10.324
2025-10-08 11:00:00,3.45841,3.30001,0.468936,2.98948,0.10065,0.043164,0.08981,13.598
2025-10-08 12:00:00,4.5339,4.18257,0.381827,4.15208,0.111278,0.059679,0.091535,14.737
2025-10-08 13:00:00,2.08653,2.60816,0.205269,1.88126,0.072428,0.029895,0.081817,10.03
2025-10-08 14:00:00,2.66905,3.58744,0.312205,2.35685,0.083117,0.041781,0.088625,13.453
2025-10-08 15:00:00,3.4093,4.50966,0.485338,2.92397,0.094528,0.047149,0.090457,14.134
2025-10-08 16:00:00,3.24884,3.38421,0.32103,2.92781,0.093497,0.048344,0.096688,17.305
2025-10-08 17:00:00,3.30486,3.11779,0.271867,3.03299,0.089471,0.047573,0.091976,15.009
2025-10-08 18:00:00,5.27386,5.232,0.767384,4.50647,0.133373,0.068265,0.099897,18.679
2025-10-08 19:00:00,4.06208,4.79019,0.482155,3.57993,0.121379,0.063344,0.099573,17.858
2025-10-08 20:00:00,2.36222,3.14963,0.396303,1.96592,0.085754,0.040167,0.083954,12.56
2025-10-08 21:00:00,1.85156,2.83113,0.353996,1.49756,0.08893,0.037422,0.09592,12.159
2025-10-08 22:00:00,2.539,6.3475,0.324539,2.21446,0.072772,0.039255,0.078724,10.125
2025-10-08 23:00:00,4.17919,12.5125,0.232579,3.94661,0.063981,0.052345,0.073877,11.129
2025-10-09 00:00:00,3.39929,14.5269,0.11114,3.28816,0.037537,0.036113,0.067848,7.185
2025-10-09 01:00:00,0.847185,3.78208,0.07211,0.775075,0.026681,0.027068,0.060093,3.693
2025-10-09 02:00:00,0.590651,2.89535,0.035546,0.555105,0.013775,0.007402,0.054108,1.651
2025-10-09 03:00:00,0.657871,1.3763,0.025664,0.632207,0.013037,0.012729,0.054937,1.649
2025-10-09 04:00:00,0.065508,0.963356,0.002888,0.06262,0.011749,0.012745,0.056268,0.317
2025-10-09 05:00:00,2.00963,4.58819,0.050578,1.95905,0.036035,0.024912,0.06508,6.016
2025-10-09 06:00:00,1.49819,3.92195,0.082067,1.41612,0.038869,0.019866,0.067508,5.511
2025-10-09 07:00:00,2.32026,2.56099,0.232378,2.08788,0.06024,0.030791,0.079769,10.521
2025-10-09 08:00:00,4.12156,3.7537,0.287835,3.83373,0.080076,0.055696,0.09829,16.187
2025-10-09 09:00:00,4.47816,6.58553,0.194145,4.28402,0.062743,0.046166,0.094401,11.995
2025-10-09 10:00:00,2.44882,3.73296,0.542602,1.90622,0.116202,0.032756,0.097013,14.283
2025-10-09 11:00:00,2.35094,2.99101,0.225298,2.12564,0.099704,0.049774,0.099289,15.158
2025-10-09 12:00:00,5.02615,5.88542,0.321389,4.70476,0.093179,0.065736,0.103674,18.139
2025-10-09 13:00:00,2.62115,3.21219,0.277942,2.34321,0.085473,0.044741,0.09153,12.922
2025-10-09 14:00:00,1.71926,2.40121,0.223601,1.49566,0.073117,0.029839,0.091382,10.593
2025-10-09 15:00:00,2.76351,3.61715,0.364648,2.39886,0.084153,0.034771,0.091223,11.433
2025-10-09 16:00:00,2.60913,2.85462,0.210767,2.39836,0.06433,0.034914,0.093684,11.784
2025-10-09 17:00:00,4.70291,4.09661,0.596899,4.10601,0.159752,0.067999,0.112033,18.762
2025-10-09 18:00:00,4.4364,3.35076,0.647282,3.78912,0.133817,0.068734,0.111638,22.085
2025-10-09 19:00:00,3.39416,3.22026,0.357587,3.03657,0.111466,0.058048,0.103147,18.31
2025-10-09 20:00:00,3.31275,4.2147,0.392822,2.91993,0.122321,0.054214,0.092201,17.64
2025-10-09 21:00:00,2.63541,3.40492,0.252724,2.38269,0.079243,0.043892,0.08478,12.969
2025-10-09 22:00:00,2.75628,4.48906,0.283299,2.47298,0.061865,0.041797,0.079169,10.821
2025-10-09 23:00:00,4.68538,11.8318,0.174164,4.51122,0.061481,0.066943,0.095742,13.437
2025-10-10 00:00:00,3.69301,14.7721,0.150205,3.54281,0.041992,0.033507,0.066896,8.341
2025-10-10 01:00:00,1.00597,2.87421,0.107701,0.898273,0.036407,0.01958,0.060696,3.262
2025-10-10 02:00:00,1.63092,5.36487,0.079564,1.55136,0.020851,0.02164,0.058045,3.542
2025-10-10 03:00:00,1.27522,3.46526,0.053607,1.22161,0.01704,0.018022,0.055751,2.932
2025-10-10 04:00:00,0.412961,4.80188,0.004413,0.408548,0.015571,0.01888,0.058276,0.571
2025-10-10 05:00:00,1.70619,3.72529,0.433084,1.2731,0.069003,0.018523,0.056777,3.221
2025-10-10 06:00:00,0.554073,1.28258,0.033864,0.520209,0.015945,0.009968,0.059663,2.271
2025-10-10 07:00:00,3.45215,4.6525,0.264429,3.18772,0.069421,0.04277,0.089126,12.169
2025-10-10 08:00:00,4.71399,4.28545,0.377881,4.33611,0.107043,0.071534,0.11044,19.521
2025-10-10 09:00:00,3.28226,4.04219,0.189476,3.09278,0.074738,0.042732,0.109163,13.658
2025-10-10 10:00:00,2.51804,3.29586,0.454542,2.06349,0.100632,0.031772,0.091057,11.356
2025-10-10 11:00:00,2.44437,2.74033,0.34765,2.09672,0.089733,0.038175,0.097201,11.91
2025-10-10 12:00:00,3.07718,3.09576,0.348565,2.72862,0.10469,0.051734,0.11243,15.409
2025-10-10 13:00:00,3.9163,4.21107,0.272851,3.64345,0.101242,0.060157,0.107611,14.824
2025-10-10 14:00:00,2.05722,2.84933,0.303679,1.75354,0.075855,0.039547,0.102951,14.111
2025-10-10 15:00:00,2.501,3.23963,0.247854,2.25314,0.071209,0.0404,0.101711,12.6
2025-10-10 16:00:00,2.83134,3.18128,0.314141,2.5172,0.087281,0.044498,0.103055,13.469
2025-10-10 17:00:00,4.83088,4.47304,0.840901,3.98998,0.126788,0.068267,0.115483,19.328
2025-10-10 18:00:00,6.80774,4.66923,0.989728,5.81801,0.183133,0.096648,0.122249,29.261
2025-10-10 19:00:00,3.78793,4.20881,0.450811,3.33712,0.117242,0.069224,0.107547,20.518
2025-10-10 20:00:00,2.82476,4.27993,0.473985,2.35077,0.111444,0.051373,0.098385,17.835
2025-10-10 21:00:00,2.88578,3.86834,0.324067,2.56172,0.085898,0.045421,0.093825,15.39
2025-10-10 22:00:00,3.88354,6.30445,0.308569,3.57497,0.101423,0.059643,0.09096,13.99
2025-10-10 23:00:00,2.87549,6.3617,0.448982,2.42651,0.069535,0.041165,0.078342,10.672
2025-10-11 00:00:00,3.31605,13.8169,0.457568,2.85848,0.0527,0.047438,0.070742,9.571
2025-10-11 01:00:00,1.6933,5.16251,0.052861,1.64044,0.031136,0.0204,0.060644,4.985
2025-10-11 02:00:00,1.39562,6.28659,0.066957,1.32867,0.030659,0.023293,0.060476,4.293
2025-10-11 03:00:00,0.823899,1.73818,0.058202,0.765697,0.023603,0.013951,0.058626,3.366
2025-10-11 04:00:00,0.053822,1.49503,0.009865,0.043957,0.017526,0.005339,0.054107,0.675
2025-10-11 05:00:00,1.87562,4.28224,0.546552,1.32907,0.12585,0.024194,0.072423,6.071
2025-10-11 06:00:00,1.10517,3.56508,0.080336,1.02484,0.032806,0.021658,0.065897,5.198
2025-10-11 07:00:00,1.45741,2.04692,0.128703,1.3287,0.050019,0.022309,0.079203,7.519
2025-10-11 08:00:00,3.48473,3.22064,0.299862,3.18486,0.087881,0.052473,0.107865,15.826
2025-10-11 09:00:00,3.23201,4.21933,0.400038,2.83197,0.100683,0.043617,0.097721,13.521
2025-10-11 10:00:00,3.86079,4.54211,0.438426,3.42237,0.105304,0.052866,0.101284,13.698
2025-10-11 11:00:00,2.7754,2.76986,0.309748,2.46565,0.096108,0.043105,0.100768,12.948
2025-10-11 12:00:00,4.20085,3.91871,0.481892,3.71896,0.123773,0.066969,0.106947,19.796
2025-10-11 13:00:00,5.32421,5.48888,0.480662,4.84355,0.123435,0.063346,0.098026,18.965
2025-10-11 14:00:00,4.49248,4.6506,1.03491,3.45756,0.125425,0.050945,0.102255,18.113
2025-10-11 15:00:00,4.03974,5.3015,0.665938,3.3738,0.122368,0.049041,0.09993,18.982
2025-10-11 16:00:00,3.30399,3.40617,0.416409,2.88758,0.100772,0.046808,0.100955,16.557
2025-10-11 17:00:00,4.66165,3.83359,0.524429,4.13722,0.138944,0.070267,0.110627,21.421
2025-10-11 18:00:00,7.27633,4.90318,0.981118,6.29521,0.163113,0.109822,0.123827,35.576
2025-10-11 19:00:00,5.40814,5.35459,0.414067,4.99407,0.118802,0.072491,0.112177,21.618
2025-10-11 20:00:00,3.52271,3.55829,0.49071,3.032,0.114494,0.056027,0.102889,19.75
2025-10-11 21:00:00,2.75171,1.03292,0.315982,2.43573,0.096287,0.043233,0.095291,14.185
2025-10-11 22:00:00,2.41304,1.01645,0.23632,2.17672,0.078352,0.043004,0.085853,11.307
2025-10-11 23:00:00,4.39409,3.01378,0.422048,3.97204,0.082306,0.058391,0.082728,13.159
2025-10-12 00:00:00,4.2319,3.38552,0.340396,3.8915,0.060826,0.045081,0.073607,8.862
2025-10-12 01:00:00,2.15865,1.31786,0.103108,2.05554,0.037977,0.034424,0.066924,6.42
2025-10-12 02:00:00,1.18207,0.545738,0.109035,1.07303,0.044373,0.018168,0.062334,4.825
2025-10-12 03:00:00,1.79503,0.713446,0.074632,1.7204,0.04693,0.027674,0.06928,6.91
2025-10-12 04:00:00,0.335771,1.22544,0.010407,0.325364,0.03949,0.022138,0.066589,1.652
2025-10-12 05:00:00,0.761524,0.445335,0.047422,0.714102,0.025185,0.007827,0.057883,3.686
2025-10-12 06:00:00,0.781582,0.525964,0.055084,0.726498,0.027376,0.009186,0.060703,2.918
2025-10-12 07:00:00,1.65709,0.809128,0.120593,1.5365,0.047887,0.021737,0.071944,6.876
2025-10-12 08:00:00,2.55081,0.841294,0.190103,2.3607,0.074881,0.035724,0.084973,12.714
2025-10-12 09:00:00,4.60037,1.43672,0.338423,4.26195,0.100808,0.058041,0.099566,18.327
2025-10-12 10:00:00,5.64807,1.51993,0.416279,5.23179,0.121049,0.068892,0.111344,23.775
2025-10-12 11:00:00,5.04176,1.51132,0.442056,4.59971,0.124885,0.079111,0.118098,27.333
2025-10-12 12:00:00,5.19948,1.35192,0.48343,4.71605,0.141653,0.075187,0.120628,23.729
2025-10-12 13:00:00,4.78267,1.28567,0.469379,4.31329,0.130537,0.072241,0.108826,21.743
2025-10-12 14:00:00,3.01418,0.961153,0.494475,2.5197,0.111483,0.047516,0.102024,17.637
2025-10-12 15:00:00,3.31232,1.06849,0.357561,2.95476,0.100538,0.049779,0.102534,17.573
2025-10-12 16:00:00,4.31065,1.16127,1.02502,3.28562,0.130159,0.061789,0.110061,19.637
2025-10-12 17:00:00,3.82058,0.93918,0.383058,3.43753,0.111579,0.062206,0.113067,20.083
2025-10-12 18:00:00,4.19233,1.13675,0.393743,3.79859,0.123286,0.069768,0.115411,21.935
2025-10-12 19:00:00,4.96891,1.58246,0.510398,4.45852,0.123537,0.071556,0.107259,27.891
2025-10-12 20:00:00,3.10018,1.23908,0.540058,2.56013,0.112135,0.051285,0.095328,18.073
2025-10-12 21:00:00,2.38549,0.993128,0.377144,2.00835,0.095978,0.044228,0.086375,13.497
2025-10-12 22:00:00,3.27931,1.5281,0.251589,3.02772,0.079425,0.062305,0.087987,14.891
2025-10-12 23:00:00,4.07129,2.57676,0.177581,3.89371,0.059676,0.060017,0.080079,11.147
2025-10-13 00:00:00,3.61931,2.50992,0.142058,3.47725,0.0457,0.051677,0.070992,8.057
2025-10-13 01:00:00,3.19728,2.02616,0.168923,3.02836,0.058865,0.046902,0.072884,10.566
2025-10-13 02:00:00,1.09929,0.72994,0.067159,1.03213,0.030173,0.016491,0.060416,4.737
2025-10-13 03:00:00,0.570299,0.261126,0.044659,0.52564,0.029228,0.013322,0.059125,3.543
2025-10-13 04:00:00,0.12144,0.391745,0.009378,0.112062,0.018499,0.007602,0.054748,1.642
2025-10-13 05:00:00,1.51149,0.847248,0.322279,1.18921,0.073035,0.018177,0.061998,4.9
2025-10-13 06:00:00,0.962136,0.477725,0.099302,0.862834,0.034116,0.019943,0.069284,5.452
2025-10-13 07:00:00,3.13863,0.918264,0.264586,2.87404,0.076867,0.043004,0.092989,14.136
2025-10-13 08:00:00,4.74443,1.17436,0.50278,4.24165,0.118416,0.072205,0.118286,23.076
2025-10-13 09:00:00,3.23577,1.08656,0.275853,2.95991,0.090189,0.047879,0.109503,17.223
2025-10-13 10:00:00,2.85538,1.0176,0.359744,2.49564,0.099831,0.043695,0.112151,16.078
2025-10-13 11:00:00,2.65339,0.851537,0.303473,2.34992,0.110167,0.047383,0.115891,18.295
2025-10-13 12:00:00,5.1452,1.52858,0.532171,4.61303,0.134899,0.078891,0.139119,28.984
2025-10-13 13:00:00,3.56079,0.989108,0.316588,3.2442,0.116901,0.063276,0.117444,20.851
2025-10-13 14:00:00,4.78958,1.63244,0.490767,4.29882,0.15085,0.066387,0.120743,21.213
2025-10-13 15:00:00,4.92623,1.49642,0.350688,4.57554,0.106817,0.064202,0.107636,20.232
2025-10-13 16:00:00,4.03608,1.18848,0.478053,3.55802,0.113088,0.058304,0.117481,19.566
2025-10-13 17:00:00,5.32875,1.37127,1.08211,4.24665,0.172065,0.080489,0.119943,27.584
2025-10-13 18:00:00,6.89772,1.81902,0.739633,6.15809,0.168136,0.105606,0.127877,32.408
2025-10-13 19:00:00,4.79292,1.17015,0.766667,4.02625,0.162335,0.078624,0.123382,29.563
2025-10-13 20:00:00,3.44824,1.00532,0.379648,3.06859,0.11747,0.059551,0.108021,22.012
2025-10-13 21:00:00,2.64751,1.2852,0.479115,2.16839,0.120397,0.057834,0.101328,18.615
2025-10-13 22:00:00,5.30347,2.53028,0.773843,4.52962,0.141473,0.101123,0.134696,18.09
2025-10-13 23:00:00,3.50586,1.94554,0.22438,3.28148,0.088655,0.073347,0.137433,13.055
2025-10-14 00:00:00,4.4111,2.73302,0.169532,4.24157,0.055325,0.065673,0.133908,11.22
2025-10-14 01:00:00,3.33437,2.2964,0.207415,3.12696,0.079701,0.044403,0.092667,9.483
2025-10-14 02:00:00,0.649234,0.461759,0.043967,0.605267,0.023301,0.009798,0.05834,2.578
2025-10-14 03:00:00,0.528458,0.217652,0.034161,0.494297,0.02403,0.014315,0.059122,2.757
2025-10-14 04:00:00,0.333804,1.2549,0.011683,0.322121,0.035184,0.041933,0.065662,0.868
2025-10-14 05:00:00,0.838743,0.488209,0.202969,0.635774,0.048424,0.010591,0.059517,4.865
2025-10-14 06:00:00,0.789635,0.378904,0.078886,0.710749,0.030461,0.011838,0.063704,4.635
2025-10-14 07:00:00,3.11471,0.94271,0.252085,2.86263,0.082418,0.043814,0.090783,14.136
2025-10-14 08:00:00,4.55602,1.19455,0.457729,4.09829,0.11772,0.068432,0.111907,21.108
2025-10-14 09:00:00,3.48808,1.31924,0.391321,3.09676,0.09284,0.053323,0.102591,17.851
2025-10-14 10:00:00,2.71962,0.95025,0.299948,2.41967,0.103137,0.043251,0.105467,18.127
2025-10-14 11:00:00,3.93477,1.03438,0.459972,3.47479,0.139795,0.061183,0.119673,23.327
2025-10-14 12:00:00,6.38228,1.65516,1.10991,5.27237,0.178953,0.086546,0.132469,28.632
2025-10-14 13:00:00,5.39159,1.4347,0.554655,4.83694,0.13572,0.07821,0.121892,24.904
2025-10-14 14:00:00,6.32423,2.19744,1.02409,5.30013,0.153251,0.071167,0.110505,24.667
2025-10-14 15:00:00,3.03838,1.35884,0.347086,2.69129,0.089161,0.048239,0.102184,17.542
2025-10-14 16:00:00,3.39523,1.24641,0.367404,3.02782,0.099921,0.051291,0.110701,17.627
2025-10-14 17:00:00,7.44999,1.81618,0.536602,6.91339,0.133484,0.099603,0.114551,24.753
2025-10-14 18:00:00,7.21985,1.7618,0.913825,6.30603,0.169068,0.108372,0.124451,29.519
2025-10-14 19:00:00,5.15727,1.33677,0.561954,4.59531,0.142577,0.086893,0.130457,27.669
2025-10-14 20:00:00,5.13516,1.48501,0.74712,4.38804,0.153281,0.081862,0.127843,25.151
2025-10-14 21:00:00,4.6236,2.19753,0.87348,3.75012,0.112292,0.046604,0.108533,20.001
2025-10-14 22:00:00,6.42476,3.24811,0.387128,6.03763,0.112446,0.046612,0.108455,21.922
2025-10-14 23:00:00,3.80101,2.17948,0.175609,3.6254,0.112601,0.04662,0.077817,10.287
2025-10-15 00:00:00,1.98842,1.34534,0.093962,1.89446,0.112756,0.046628,0.064883,5.467
2025-10-15 01:00:00,1.46877,1.02568,0.044942,1.42383,,,0.060695,2.767
2025-10-15 02:00:00,1.23376,1.00798,0.038433,1.19533,,,0.065946,2.75
2025-10-15 03:00:00,0.834884,0.365216,0.037656,0.797228,,,0.070126,2.99
2025-10-15 04:00:00,0.29582,1.00619,0.02377,0.27205,,,0.068066,0
2025-10-15 05:00:00,0.499376,0.272288,0.039302,0.460074,,,0.061011,2.841
2025-10-15 06:00:00,1.3763,0.934984,0.070478,1.30582,,,0.067602,5.168
2025-10-15 07:00:00,2.81809,1.08221,0.401066,2.41702,,,0.090972,12.654
2025-10-15 08:00:00,5.69784,1.51943,0.431731,5.26611,,,0.121315,25.036
2025-10-15 09:00:00,3.13577,0.999288,0.286738,2.84903,,,0.114716,19.215
2025-10-15 10:00:00,4.7043,1.53635,0.335762,4.36854,,,0.112719,17.344
2025-10-15 11:00:00,4.16013,1.19201,0.33433,3.8258,,,0.120709,19.07
2025-10-15 12:00:00,6.36104,2.08285,0.721841,5.6392,,,0.11942,23.968
2025-10-15 13:00:00,4.80625,1.374,0.47518,4.33107,,,0.113219,22.31
2025-10-15 14:00:00,6.57564,2.33344,0.529609,6.04603,,,0.127956,25.53
2025-10-15 15:00:00,3.4198,1.22573,0.279728,3.14007,,,0.101535,17.16
2025-10-15 16:00:00,3.97993,1.47296,0.350261,3.62967,,,0.115469,18.494
2025-10-15 17:00:00,6.22437,1.58623,0.588219,5.63615,,,0.129507,27.165
2025-10-15 18:00:00,7.19993,1.78747,0.772365,6.42757,,,0.148287,29.084
2025-10-15 19:00:00,5.751,1.39384,0.834565,4.91644,,,0.123037,27.047
2025-10-15 20:00:00,6.65411,2.10041,0.704756,5.94935,,,0.134066,28.028
2025-10-15 21:00:00,3.9684,1.63848,0.471989,3.49641,,,0.106625,20.484
2025-10-15 22:00:00,3.313,1.55248,0.441662,2.87133,,,0.085395,12.078
2025-10-15 23:00:00,3.59158,1.88238,0.247283,3.34429,,,0.081514,11.489
2025-10-16 00:00:00,4.94713,3.28495,0.905464,4.04167,,,0.069504,7.165
2025-10-16 01:00:00,1.56793,1.15971,0.066534,1.50139,,,0.063674,4.089
2025-10-16 02:00:00,0.554457,0.347404,0.030957,0.5235,,,0.056833,2.805
2025-10-16 03:00:00,0.468345,0.304516,0.047111,0.421234,,,0.054766,2.429
2025-10-16 04:00:00,0.416706,0.261421,0.031745,0.384961,,,0.052786,1.676
2025-10-16 05:00:00,1.78408,1.05317,0.888155,0.895922,,,0.064299,5.378
2025-10-16 06:00:00,1.74228,0.795563,0.08521,1.65707,,,0.070642,5.82
2025-10-16 07:00:00,3.56431,1.07423,0.298937,3.26537,,,0.098318,15.099
2025-10-16 08:00:00,6.15678,1.47432,0.47962,5.67716,,,0.125562,26.819
2025-10-16 09:00:00,3.89153,1.3839,0.315449,3.57608,,,0.104106,18.063
2025-10-16 10:00:00,3.58002,1.36226,0.241997,3.33803,,,0.11629,15.507
2025-10-16 11:00:00,3.80884,0.994994,0.453042,3.3558,,,0.1278,20.695
2025-10-16 12:00:00,5.81793,1.4819,0.476603,5.34133,,,0.121499,25.349
2025-10-16 13:00:00,2.48622,1.06249,0.254944,2.23128,,,0.10801,17.802
2025-10-16 14:00:00,4.52984,1.68021,0.553782,3.97606,,,0.121503,21.384
2025-10-16 15:00:00,3.79443,1.36785,0.255257,3.53917,,,0.120141,16.351
2025-10-16 16:00:00,4.4843,1.4075,0.405731,4.07857,,,0.12922,21.15
2025-10-16 17:00:00,7.04317,1.87418,1.02637,6.0168,,,0.134408,28.298
2025-10-16 18:00:00,7.13537,2.19685,0.783512,6.35186,,,0.140422,31.402
2025-10-16 19:00:00,3.93822,1.0124,0.632503,3.30572,,,0.113647,23.374
2025-10-16 20:00:00,3.89544,1.13702,0.416235,3.4792,,,0.107917,21.808
2025-10-16 21:00:00,4.37961,1.66399,0.526824,3.85279,,,0.100882,19.065
2025-10-16 22:00:00,4.27251,1.8641,0.280703,3.9918,,,0.089855,14.238
2025-10-16 23:00:00,2.28221,1.39329,0.354225,1.92799,,,0.080278,10.905
2025-10-17 00:00:00,3.3973,1.98673,0.143871,3.25343,,,0.068884,6.67
2025-10-17 01:00:00,1.52673,1.1144,0.068477,1.45825,,,0.063592,4.543
2025-10-17 02:00:00,1.28576,1.02045,0.042222,1.24354,,,0.058655,2.764
2025-10-17 03:00:00,0.434328,0.345252,0.038665,0.395663,,,0.055405,1.835
2025-10-17 04:00:00,0.192776,0.151792,0.011657,0.181119,,,0.056798,1.214
2025-10-17 05:00:00,0.884166,0.57638,0.049158,0.835008,,,0.066393,3.944
2025-10-17 06:00:00,2.05669,1.08935,0.602614,1.45408,,,0.072788,6.411
2025-10-17 07:00:00,3.20696,0.803346,0.312767,2.89419,,,0.100489,14.053
2025-10-17 08:00:00,4.29318,0.959584,0.426165,3.86701,,,0.107282,20.787
2025-10-17 09:00:00,3.12714,0.990227,0.610659,2.51648,,,0.104369,17.843
2025-10-17 10:00:00,3.5591,1.16007,0.921084,2.63801,,,0.111568,17.921
2025-10-17 11:00:00,3.97011,1.11457,0.411278,3.55883,,,0.108492,19.832
2025-10-17 12:00:00,5.07729,1.22521,0.433141,4.64415,,,0.124377,25.029
2025-10-17 13:00:00,4.46366,1.28045,0.325864,4.13779,,,0.118418,22.043
2025-10-17 14:00:00,4.5734,1.4696,0.460024,4.11338,,,0.114486,24.901
2025-10-17 15:00:00,2.68397,0.993327,0.342831,2.34114,,,0.106799,13.056
2025-10-17 16:00:00,4.59753,1.58645,0.38688,4.21065,,,0.121936,20.043
2025-10-17 17:00:00,6.29672,1.55398,0.551133,5.74558,,,0.123291,26.683
2025-10-17 18:00:00,6.92915,2.09847,1.06561,5.86354,,,0.142226,34.212
2025-10-17 19:00:00,5.48922,1.68691,0.466744,5.02248,,,0.117543,21.366
2025-10-17 20:00:00,7.21083,2.4951,0.721344,6.48949,,,0.123664,25.983
2025-10-17 21:00:00,4.36939,1.58541,0.598911,3.77048,,,0.116163,19.881
2025-10-17 22:00:00,3.51841,1.66591,0.299368,3.21904,,,0.097338,14.843
2025-10-17 23:00:00,3.7259,2.17127,0.22005,3.50585,,,0.084803,11.343
2025-10-18 00:00:00,3.35555,2.0263,0.162481,3.19307,,,0.076909,8.213
2025-10-18 01:00:00,1.86355,1.07347,0.107071,1.75648,,,0.065391,5.785
2025-10-18 02:00:00,2.8017,1.93487,0.188621,2.61308,,,0.061576,4.075
2025-10-18 03:00:00,0.400074,0.320572,0.018553,0.381521,,,0.054439,1.555
2025-10-18 04:00:00,0.533786,0.418328,0.026238,0.507548,,,0.056747,1.603
2025-10-18 05:00:00,0.367201,0.270797,0.024243,0.342958,,,0.060331,2.563
2025-10-18 06:00:00,0.434319,0.184975,0.048038,0.386281,,,0.069767,3.677
2025-10-18 07:00:00,2.26671,0.762687,0.192728,2.07398,,,0.084381,10.028
2025-10-18 08:00:00,5.67174,1.50126,0.63858,5.03316,,,0.124986,21.83
2025-10-18 09:00:00,5.04585,1.32298,0.448625,4.59722,,,0.113203,21.434
2025-10-18 10:00:00,3.17341,0.897965,0.264815,2.90859,,,0.106807,16.781
2025-10-18 11:00:00,4.56338,1.22408,0.504391,4.05899,,,0.1269,19.818
2025-10-18 12:00:00,4.39251,0.872915,0.587035,3.80548,,,0.129282,22.28
2025-10-18 13:00:00,5.60603,1.38901,0.683459,4.92258,,,0.127232,22.906
2025-10-18 14:00:00,6.54166,2.01654,0.466899,6.07476,,,0.124021,22.83
2025-10-18 15:00:00,5.75138,1.57745,0.496182,5.2552,,,0.122807,23.579
2025-10-18 16:00:00,6.17672,1.46715,0.650591,5.52613,,,0.132096,26.926
2025-10-18 17:00:00,6.24785,1.57535,0.529853,5.718,,,0.134235,27.344
2025-10-18 18:00:00,6.71939,1.85618,0.699089,6.0203,,,0.130435,28.071
2025-10-18 19:00:00,8.70091,2.64949,0.979655,7.72126,,,0.132215,26.174
2025-10-18 20:00:00,5.34956,1.61912,0.573803,4.77576,,,0.111137,21.053
2025-10-18 21:00:00,3.92506,1.39285,0.478568,3.4465,,,0.103091,16.99
2025-10-18 22:00:00,3.04587,1.55401,0.690043,2.35582,,,0.086083,12.614
2025-10-18 23:00:00,3.7647,2.46704,0.356896,3.40781,,,0.085509,12.074
2025-10-19 00:00:00,2.83467,1.86737,0.115379,2.71929,,,0.076973,9.17
2025-10-19 01:00:00,1.49612,1.40613,0.178388,1.31773,,,0.063913,4.431
2025-10-19 02:00:00,0.605217,0.687746,0.043202,0.562015,,,0.058143,2.201
2025-10-19 03:00:00,0.241654,0.268506,0.016639,0.225015,,,0.055561,1.037
2025-10-19 04:00:00,0.408853,0.498602,0.019309,0.389544,,,0.054195,1.841
2025-10-19 05:00:00,1.66508,1.62924,0.761522,0.903558,,,0.068463,5.455
2025-10-19 06:00:00,0.97778,0.50873,0.070946,0.906834,,,0.068503,4.257
2025-10-19 07:00:00,1.51796,0.537142,0.11855,1.39941,,,0.076745,8.542
2025-10-19 08:00:00,2.24832,0.68967,0.284961,1.96336,,,0.092661,12.155
2025-10-19 09:00:00,2.90654,0.86918,0.33412,2.57242,,,0.101826,9.727
2025-10-19 10:00:00,2.98149,1.01067,0.379316,2.60217,,,0.102326,14.084
2025-10-19 11:00:00,4.52713,1.11892,0.441377,4.08575,,,0.109534,19.737
2025-10-19 12:00:00,3.82836,0.899097,0.372983,3.45537,,,0.108751,19.096
2025-10-19 13:00:00,5.06017,1.5096,0.772863,4.2873,,,0.112817,22.05
2025-10-19 14:00:00,5.61777,1.65912,0.546206,5.07157,,,0.120532,22.832
2025-10-19 15:00:00,3.26367,0.909101,0.388368,2.8753,,,0.1025,16.882
2025-10-19 16:00:00,5.37541,1.51676,0.678016,4.69739,,,0.113121,19
2025-10-19 17:00:00,4.97287,1.24074,0.64393,4.32894,,,0.113666,20.579
2025-10-19 18:00:00,6.58267,1.58542,1.00814,5.57453,,,0.135341,26.311
2025-10-19 19:00:00,3.12903,0.923564,0.349151,2.77988,,,0.108722,18.236
2025-10-19 20:00:00,2.62421,0.966203,0.38203,2.24218,,,0.090602,13.64
2025-10-19 21:00:00,4.63397,1.79195,0.482252,4.15172,,,0.095988,15.438
2025-10-19 22:00:00,4.78074,2.29623,0.385644,4.3951,,,0.090851,16.051
2025-10-19 23:00:00,3.2548,2.08909,0.448964,2.80584,,,0.077772,13.742
2025-10-20 00:00:00,3.61228,2.31854,0.95588,2.6564,,,0.078855,13.444
2025-10-20 01:00:00,1.89975,1.52713,0.249784,1.64996,,,0.067838,6.345
2025-10-20 02:00:00,4.20665,2.77484,0.045535,4.16112,,,0.069134,6.075
2025-10-20 03:00:00,1.41249,0.930496,0.038237,1.37426,,,0.060807,5.14
2025-10-20 04:00:00,0.393923,0.283808,0.014577,0.379346,,,0.054817,1.186
2025-10-20 05:00:00,0.132466,0.094081,0.012517,0.119949,,,0.053336,1.139
2025-10-20 06:00:00,0.918696,0.421034,0.091084,0.827612,,,0.065767,4.874
2025-10-20 07:00:00,2.90888,0.821718,0.264465,2.64442,,,0.08912,12.305
2025-10-20 08:00:00,3.86919,1.05428,0.400228,3.46896,,,0.107968,14.473
2025-10-20 09:00:00,3.33887,1.31245,0.256479,3.08239,,,0.114971,15.495
2025-10-20 10:00:00,2.64339,1.02696,0.335688,2.3077,,,0.106668,14.512
2025-10-20 11:00:00,4.86356,1.40484,0.491003,4.37256,,,0.146627,22.838
2025-10-20 12:00:00,6.73964,1.86384,0.841649,5.89799,,,0.138351,28.661
2025-10-20 13:00:00,4.50215,1.62533,0.388563,4.11359,,,0.113386,17.446
2025-10-20 14:00:00,4.66352,1.83459,0.412657,4.25086,,,0.10105,17.529
2025-10-20 15:00:00,3.06831,1.51148,0.186818,2.88149,,,0.106293,16.397
2025-10-20 16:00:00,3.31474,1.10639,0.380304,2.93444,,,0.103602,15.319
2025-10-20 17:00:00,5.49242,1.35148,0.580868,4.91155,,,0.136141,25.802
2025-10-20 18:00:00,6.23875,1.53891,0.747862,5.49089,,,0.133256,30.898
2025-10-20 19:00:00,5.72722,1.37806,1.11415,4.61307,,,0.137535,26.122
2025-10-20 20:00:00,5.40543,1.84486,0.815516,4.58992,,,0.108244,20.196
2025-10-20 21:00:00,3.8939,1.71537,0.465433,3.42847,,,0.104386,18.481
2025-10-20 22:00:00,3.33435,1.90317,0.282148,3.0522,,,0.103303,13.919
2025-10-20 23:00:00,3.49447,2.05557,0.184713,3.30976,,,0.100599,12.354
2025-10-21 00:00:00,1.77089,1.16353,0.139779,1.63111,,,0.07308,5.995
2025-10-21 01:00:00,1.14533,0.867678,0.065142,1.08019,,,0.065218,5.018
2025-10-21 02:00:00,0.456222,0.28985,0.044465,0.411757,,,0.057165,2.937
2025-10-21 03:00:00,0.457934,0.306927,0.023952,0.433982,,,0.052754,1.899
2025-10-21 04:00:00,1.11388,0.623676,0.035114,1.07877,,,0.055013,2.496
2025-10-21 05:00:00,1.79461,1.05318,1.00223,0.792381,,,0.062756,5.047
2025-10-21 06:00:00,1.519,0.719903,0.118159,1.40084,,,0.073639,8.049
2025-10-21 07:00:00,3.28182,0.832103,0.275215,3.0066,,,0.097117,15.358
2025-10-21 08:00:00,3.77351,0.817484,0.452643,3.32087,,,0.116731,21.241
2025-10-21 09:00:00,2.80202,0.768942,0.394064,2.40796,,,0.105441,15.551
2025-10-21 10:00:00,3.77788,1.0339,0.555016,3.22287,,,0.115977,19.251
2025-10-21 11:00:00,4.5325,1.12805,0.442864,4.08964,,,0.108226,19.715
2025-10-21 12:00:00,4.90096,1.18495,0.598323,4.30264,,,0.116205,22.808
2025-10-21 13:00:00,5.43729,1.63282,0.434787,5.0025,,,0.112656,25.963
2025-10-21 14:00:00,4.81209,1.5892,0.289206,4.52288,,,0.106211,18.18
2025-10-21 15:00:00,2.66285,0.813332,0.475323,2.18753,,,0.101431,16.056
2025-10-21 16:00:00,3.08634,0.809637,0.469095,2.61724,,,0.105918,16.253
2025-10-21 17:00:00,6.57247,1.5822,0.643288,5.92918,,,0.131913,26.061
2025-10-21 18:00:00,5.75857,1.43319,0.953499,4.80507,,,0.126143,31.113
2025-10-21 19:00:00,4.35591,1.16158,0.550804,3.8051,,,0.108847,22.854
2025-10-21 20:00:00,3.92144,1.15745,0.542722,3.37872,,,0.110022,20.119
2025-10-21 21:00:00,2.01708,0.825996,0.256024,1.76106,,,0.093201,11.687
2025-10-21 22:00:00,2.71362,1.3394,0.467533,2.24609,,,0.08474,11.516
2025-10-21 23:00:00,1.79412,0.865887,0.220253,1.57387,,,0.078536,9.446
2025-10-22 00:00:00,1.06916,0.796694,0.081271,0.987893,,,0.072599,5.408
2025-10-22 01:00:00,0.797413,0.678071,0.258226,0.539187,,,0.067228,8.063
2025-10-22 02:00:00,0.406187,0.360095,0.041778,0.364409,,,0.061131,4.471
2025-10-22 03:00:00,0.15116,0.148487,0.016054,0.135106,,,0.056981,0.699
2025-10-22 04:00:00,2.1522,1.52206,1.05943,1.09277,,,0.070454,5.198
2025-10-22 05:00:00,2.70388,1.77887,1.44854,1.25534,,,0.066324,6.644
2025-10-22 06:00:00,1.47191,0.630639,0.142927,1.32898,,,0.069066,6.344
2025-10-22 07:00:00,2.57587,0.700726,0.419001,2.15687,,,0.087891,11.485
2025-10-22 08:00:00,4.07744,1.09608,0.482066,3.59537,,,0.118554,14.001
2025-10-22 09:00:00,4.65878,1.82411,0.569919,4.08886,,,0.110224,18.765
2025-10-22 10:00:00,3.45943,1.20454,0.390478,3.06895,,,0.120105,17.353
2025-10-22 11:00:00,4.36943,1.20436,0.313697,4.05574,,,0.118435,20.885
2025-10-22 12:00:00,4.0932,0.938377,0.593342,3.49986,,,0.11398,24.367
2025-10-22 13:00:00,4.43184,1.39366,0.333445,4.09839,,,0.112193,21.719
2025-10-22 14:00:00,4.20686,1.25879,0.472845,3.73402,,,0.105088,20.255
2025-10-22 15:00:00,4.02215,1.31874,0.631134,3.39102,,,0.118552,21.157
2025-10-22 16:00:00,4.08322,1.07059,0.353164,3.73005,,,0.113457,19.056
2025-10-22 17:00:00,5.79458,1.44287,0.536573,5.25801,,,0.11852,25.358
2025-10-22 18:00:00,6.08918,1.46727,0.673339,5.41584,,,0.124244,28.415
2025-10-22 19:00:00,3.32877,0.813879,0.533419,2.79535,,,0.11403,23.312
2025-10-22 20:00:00,2.39502,0.636634,0.382116,2.0129,,,0.097514,16.82
2025-10-22 21:00:00,2.36658,0.771877,0.231079,2.1355,,,0.099163,15.18
2025-10-22 22:00:00,2.20867,1.01688,0.238194,1.97048,,,0.088998,14.387
2025-10-22 23:00:00,4.36837,2.25639,0.220279,4.14809,,,0.092464,14.345
2025-10-23 00:00:00,2.34133,1.04898,0.142376,2.19895,,,0.068099,6.592
2025-10-23 01:00:00,0.53608,0.335049,0.045273,0.490807,,,0.057495,2.873
2025-10-23 02:00:00,0.443838,0.33472,0.036631,0.407207,,,0.055486,2.399
2025-10-23 03:00:00,0.409998,0.356519,0.019855,0.390143,,,0.054383,1.535
2025-10-23 04:00:00,0.300968,0.169084,0.013485,0.287483,,,0.055145,1.644
2025-10-23 05:00:00,1.46026,0.925388,0.435044,1.02522,,,0.065881,3.847
2025-10-23 06:00:00,0.897167,0.411545,0.082308,0.814859,,,0.069485,5.387
2025-10-23 07:00:00,3.57535,1.09405,0.297302,3.27804,,,0.09993,15.191
2025-10-23 08:00:00,4.53834,1.19054,0.391986,4.14636,,,0.120689,21.726
2025-10-23 09:00:00,3.52767,1.30558,0.297247,3.23042,,,0.115492,15.662
2025-10-23 10:00:00,3.03508,1.14101,0.437251,2.59783,,,0.106444,16.27
2025-10-23 11:00:00,3.7679,1.01125,0.323904,3.444,,,0.114519,17.871
2025-10-23 12:00:00,5.97151,1.34071,0.429403,5.54211,,,0.129337,24.501
2025-10-23 13:00:00,4.12641,1.39312,0.3709,3.75551,,,0.117383,21.967
2025-10-23 14:00:00,3.39938,1.11455,0.309467,3.08991,,,0.105793,18.08
2025-10-23 15:00:00,3.21923,1.17921,0.426734,2.7925,,,0.097962,15.281
2025-10-23 16:00:00,3.14059,1.12324,0.341077,2.79951,,,0.101129,16.939
2025-10-23 17:00:00,4.17822,1.43977,0.416747,3.76147,,,0.118182,27.175
2025-10-23 18:00:00,6.16857,1.63276,0.820603,5.34797,,,0.13936,30.383
2025-10-23 19:00:00,6.85273,1.93799,0.923496,5.92924,,,0.142496,28.679
2025-10-23 20:00:00,4.04095,1.49998,0.664754,3.3762,,,0.120959,21.334
2025-10-23 21:00:00,3.72681,1.49072,0.443866,3.28294,,,0.102238,16.074
2025-10-23 22:00:00,2.02578,1.16157,0.177074,1.8487,,,0.090554,11.935
2025-10-23 23:00:00,3.58815,2.31494,0.334275,3.25388,,,0.087716,10.742
2025-10-24 00:00:00,1.40109,0.924201,0.102301,1.29879,,,0.071607,6.997
2025-10-24 01:00:00,0.899843,0.640002,0.074932,0.824911,,,0.065122,3.599
2025-10-24 02:00:00,0.825189,0.54432,0.179808,0.645381,,,0.06605,3.503
2025-10-24 03:00:00,1.35376,0.891807,0.144545,1.20922,,,0.058934,3.092
2025-10-24 04:00:00,0.686086,0.530205,0.189377,0.496709,,,0.057999,2.409
2025-10-24 05:00:00,1.97653,1.28014,0.941196,1.03533,,,0.066981,5.171
2025-10-24 06:00:00,2.77859,1.263,0.236351,2.54224,,,0.067239,5.504
2025-10-24 07:00:00,3.76508,1.15848,0.405933,3.35914,,,0.102876,15.467
2025-10-24 08:00:00,4.53273,1.17794,0.321925,4.2108,,,0.111776,20.219
2025-10-24 09:00:00,4.12511,1.2891,0.540747,3.58437,,,0.113236,19.395
2025-10-24 10:00:00,2.29104,0.79165,0.281189,2.00985,,,0.10359,13.88
2025-10-24 11:00:00,2.98081,0.739288,0.364492,2.61632,,,0.118176,21.024
2025-10-24 12:00:00,6.28774,1.51148,0.484166,5.80358,,,0.119762,26.238
2025-10-24 13:00:00,4.36811,1.2698,0.568027,3.80008,,,0.114741,18.906
2025-10-24 14:00:00,2.4182,0.99188,0.224631,2.19357,,,0.104787,14.001
2025-10-24 15:00:00,2.64774,1.0416,0.384208,2.26353,,,0.104462,14.156
2025-10-24 16:00:00,3.61707,1.18592,0.259686,3.35738,,,0.103729,17.294
2025-10-24 17:00:00,5.57891,1.41741,0.850354,4.72855,,,0.127526,29.049
2025-10-24 18:00:00,7.60019,2.01383,0.986086,6.6141,,,0.137601,35.595
2025-10-24 19:00:00,5.49903,1.41509,1.43556,4.06347,,,0.12045,26.708
2025-10-24 20:00:00,3.38622,1.15099,0.376541,3.00968,,,0.101815,17.202
2025-10-24 21:00:00,2.00528,0.990751,0.285822,1.71946,,,0.097051,19.236
2025-10-24 22:00:00,3.49685,1.46557,0.290882,3.20597,,,0.089825,14.691
2025-10-24 23:00:00,5.54634,2.00809,0.219464,5.32688,,,0.084976,12.353
2025-10-25 00:00:00,2.00242,1.03538,0.107752,1.89467,,,0.083776,9.187
2025-10-25 01:00:00,0.87545,0.690418,0.075746,0.799704,,,0.060067,3.262
2025-10-25 02:00:00,0.288662,0.428281,0.011177,0.277485,,,0.052488,1.345
2025-10-25 03:00:00,0.136481,0.135937,0.022924,0.113557,,,0.052497,1.272
2025-10-25 04:00:00,0.795701,0.790956,0.167734,0.627967,,,0.058832,4.38
2025-10-25 05:00:00,2.09863,1.48628,0.277888,1.82074,,,0.074392,7.216
2025-10-25 06:00:00,0.899585,0.498109,0.088763,0.810822,,,0.070232,4.405
2025-10-25 07:00:00,2.65532,0.931691,0.191591,2.46373,,,0.083836,10.078
2025-10-25 08:00:00,3.13446,0.818396,0.265879,2.86858,,,0.095437,13.285
2025-10-25 09:00:00,4.73173,1.30207,0.303517,4.42821,,,0.117035,19.481
2025-10-25 10:00:00,3.11529,0.914648,0.24708,2.86821,,,0.101398,17.224
2025-10-25 11:00:00,5.04679,1.07287,0.446582,4.6002,,,0.111208,21.792
2025-10-25 12:00:00,5.268,1.2519,0.571862,4.69614,,,0.118807,25.414
2025-10-25 13:00:00,4.74306,1.40078,0.388464,4.35459,,,0.116412,20.108
2025-10-25 14:00:00,3.11282,0.841757,0.358904,2.75391,,,0.108566,17.517
2025-10-25 15:00:00,4.16569,1.60219,0.255361,3.91033,,,0.107156,21.489
2025-10-25 16:00:00,4.41176,1.16713,0.422634,3.98913,,,0.127155,22.329
2025-10-25 17:00:00,5.26458,1.24694,0.546486,4.71809,,,0.137719,25.132
2025-10-25 18:00:00,7.12668,1.83111,0.711145,6.41553,,,0.135181,26.175
2025-10-25 19:00:00,4.73408,1.23091,0.46388,4.2702,,,0.121862,25.298
2025-10-25 20:00:00,3.84518,1.00712,0.739897,3.10528,,,0.108446,18.938
2025-10-25 21:00:00,3.04745,1.25307,0.335628,2.71183,,,0.092898,7.605
2025-10-25 22:00:00,2.83584,1.31654,0.284635,2.5512,,,0.099575,15.378
2025-10-25 23:00:00,3.55681,2.15564,0.316609,3.24021,,,0.090394,15.425
2025-10-26 00:00:00,2.41266,1.87902,0.147221,2.26544,,,0.086616,13.496
2025-10-26 01:00:00,1.55837,1.1595,0.14485,1.41352,,,0.066859,5.124
2025-10-26 02:00:00,1.1799,0.957713,0.047019,1.13288,,,0.063922,4.562
2025-10-26 03:00:00,5.46657,4.40142,0.045808,5.42076,,,0.059607,3.198
2025-10-26 04:00:00,2.20853,1.58659,0.025616,2.18291,,,0.059201,2.959
2025-10-26 05:00:00,0.795094,0.525161,0.042326,0.752768,,,0.066659,4.153
2025-10-26 06:00:00,0.533952,0.353143,0.19764,0.336312,,,0.068659,4.762
2025-10-26 07:00:00,1.49981,0.619242,0.361885,1.13792,,,0.077993,9.175
2025-10-26 08:00:00,3.07592,0.888993,0.43586,2.64006,,,0.097579,15.502
2025-10-26 09:00:00,3.2866,0.898961,0.2702,3.0164,,,0.10148,16.015
2025-10-26 10:00:00,3.88945,1.04219,0.386664,3.50279,,,0.106466,18.642
2025-10-26 11:00:00,5.03899,1.18064,0.45769,4.5813,,,0.11704,23.312
2025-10-26 12:00:00,5.17186,1.16588,0.544602,4.62725,,,0.122447,22.861
2025-10-26 13:00:00,3.50355,0.729298,0.364271,3.13928,,,0.117887,20.894
2025-10-26 14:00:00,5.17857,1.39509,0.481388,4.69718,,,0.119672,21.281
2025-10-26 15:00:00,7.05311,2.12443,0.995704,6.05741,,,0.110464,21.921
2025-10-26 16:00:00,5.22857,1.33929,0.59315,4.63542,,,0.111374,20.953
2025-10-26 17:00:00,6.16559,1.61997,0.648024,5.51756,,,0.119191,26.857
2025-10-26 18:00:00,5.9738,1.50625,0.713101,5.2607,,,0.115614,25.277
2025-10-26 19:00:00,3.20671,0.854213,0.570319,2.63639,,,0.103563,16.867
2025-10-26 20:00:00,3.41655,1.12018,0.485428,2.93112,,,0.103338,19.047
2025-10-26 21:00:00,2.03663,0.758803,0.228358,1.80827,,,0.087195,12.613
2025-10-26 22:00:00,4.48265,2.52971,0.315606,4.16704,,,0.090754,16.752
2025-10-26 23:00:00,3.28874,2.06062,0.363239,2.9255,,,0.08151,11.854
2025-10-27 00:00:00,1.1028,0.697977,0.106647,0.996157,,,0.077775,6.552
2025-10-27 01:00:00,0.987363,0.825554,0.06524,0.922123,,,0.069888,4.7
2025-10-27 02:00:00,0.274128,0.251957,0.021799,0.252329,,,0.05342,2.696
2025-10-27 03:00:00,0.221434,0.264873,0.022578,0.198856,,,0.052464,1.446
2025-10-27 04:00:00,0.192583,0.163482,0.023482,0.169101,,,0.054173,1.647
2025-10-27 05:00:00,0.759619,0.558542,0.044507,0.715112,,,0.058141,2.644
2025-10-27 06:00:00,0.559117,0.330838,0.05319,0.505927,,,0.062854,3.401
2025-10-27 07:00:00,3.47315,1.10119,0.21604,3.25711,,,0.091372,12.502
2025-10-27 08:00:00,4.39312,1.16776,0.476326,3.9168,,,0.113032,22.386
2025-10-27 09:00:00,3.38653,1.08473,0.316821,3.0697,,,0.113959,17.494
2025-10-27 10:00:00,2.87652,1.02004,0.330027,2.54649,,,0.121322,19.856
2025-10-27 11:00:00,3.16632,0.930177,0.249498,2.91682,,,0.118317,17.62
2025-10-27 12:00:00,5.14762,1.22855,0.408144,4.73948,,,0.131528,26.39
2025-10-27 13:00:00,6.15106,1.55017,0.403104,5.74795,,,0.124218,21.143
2025-10-27 14:00:00,3.70364,1.07539,0.390564,3.31308,,,0.102812,15.714
2025-10-27 15:00:00,3.03733,1.10128,0.239951,2.79738,,,0.109587,15.654
2025-10-27 16:00:00,3.4702,1.15673,0.349203,3.12099,,,0.111256,15.471
2025-10-27 17:00:00,5.51982,1.40311,0.488692,5.03113,,,0.136444,25.276
2025-10-27 18:00:00,5.59107,1.47756,0.65565,4.93542,,,0.134894,28.627
2025-10-27 19:00:00,5.01604,1.67424,0.399969,4.61607,,,0.126282,26.654
2025-10-27 20:00:00,5.13406,1.36689,0.609235,4.52482,,,0.112914,22.362
2025-10-27 21:00:00,3.40651,1.42056,0.534611,2.8719,,,0.113641,20.021
2025-10-27 22:00:00,4.05986,2.29112,0.428328,3.63153,,,0.10587,16.152
2025-10-27 23:00:00,3.02953,1.80544,0.351868,2.67766,,,0.092239,13.591
2025-10-28 00:00:00,1.18191,0.811753,0.095713,1.0862,,,0.064377,5.837
2025-10-28 01:00:00,1.10738,0.95794,0.057042,1.05034,,,0.063148,4.429
2025-10-28 02:00:00,0.678697,0.483403,0.037556,0.641141,,,0.054868,2.583
2025-10-28 03:00:00,0.769184,0.640986,0.331667,0.437517,,,0.056553,2.66
2025-10-28 04:00:00,0.51152,0.46083,0.026549,0.484971,,,0.056529,2.378
2025-10-28 05:00:00,0.566174,0.416303,0.043011,0.523163,,,0.063469,3.193
2025-10-28 06:00:00,1.34494,0.853391,0.074058,1.27089,,,0.076283,5.579
2025-10-28 07:00:00,3.37294,0.975402,0.275944,3.097,,,0.099609,14.78
2025-10-28 08:00:00,5.16247,1.24397,0.645122,4.51735,,,0.113066,24.245
2025-10-28 09:00:00,2.99246,0.966556,0.381782,2.61067,,,0.108788,18.378
2025-10-28 10:00:00,3.02603,0.958212,0.374181,2.65185,,,0.109185,15.442
2025-10-28 11:00:00,4.25125,1.13367,0.637432,3.61382,,,0.119576,21.152
2025-10-28 12:00:00,6.69532,1.77313,0.601133,6.09419,,,0.125362,28.37
2025-10-28 13:00:00,4.81429,1.66239,0.423598,4.39069,,,0.105095,18.201
2025-10-28 14:00:00,4.32803,1.56134,0.36961,3.95843,,,0.104166,16.512
2025-10-28 15:00:00,4.15988,1.42951,0.29062,3.86926,,,0.104106,15.678
2025-10-28 16:00:00,4.35649,1.39542,0.646707,3.70978,,,0.120726,20.079
2025-10-28 17:00:00,4.62535,1.18417,0.534717,4.09064,,,0.129175,24.299
2025-10-28 18:00:00,5.60891,1.31912,0.804914,4.804,,,0.136849,28.543
2025-10-28 19:00:00,4.28221,1.19282,0.811593,3.47062,,,0.124548,21.704
2025-10-28 20:00:00,3.4237,1.01233,0.422855,3.00085,,,0.09829,18.041
2025-10-28 21:00:00,5.62466,1.84294,0.644347,4.98032,,,0.111545,18.875
2025-10-28 22:00:00,2.96883,1.33611,0.379202,2.58963,,,0.087372,13.896
2025-10-28 23:00:00,2.72095,1.63126,0.263771,2.45718,,,0.082823,11.457
2025-10-29 00:00:00,2.79736,1.63207,0.164719,2.63264,,,0.081771,13.386
2025-10-29 01:00:00,1.93563,1.04629,0.101652,1.83398,,,0.072426,9.986
2025-10-29 02:00:00,0.501992,0.324704,0.048842,0.45315,,,0.057934,2.615
2025-10-29 03:00:00,0.285216,0.207883,0.016816,0.2684,,,0.05296,1.57
2025-10-29 04:00:00,0.323272,0.210737,0.012789,0.310483,,,0.053306,1.363
2025-10-29 05:00:00,0.216438,0.132784,0.014124,0.202314,,,0.052658,1.22
2025-10-29 06:00:00,0.656407,0.28942,0.061517,0.59489,,,0.066604,3.665
2025-10-29 07:00:00,3.0914,0.887313,0.266098,2.8253,,,0.092507,12.356
2025-10-29 08:00:00,5.21751,1.29983,0.421655,4.79585,,,0.113816,22.254
2025-10-29 09:00:00,3.45525,1.13959,0.786368,2.66888,,,0.106196,14.469
2025-10-29 10:00:00,1.96501,0.658075,0.224978,1.74003,,,0.097725,12.755
2025-10-29 11:00:00,3.42085,0.827892,0.490313,2.93054,,,0.115861,17.599
2025-10-29 12:00:00,4.83,1.16498,0.498911,4.33109,,,0.12658,21.828
2025-10-29 13:00:00,4.16391,1.26794,0.485084,3.67883,,,0.115514,17.812
2025-10-29 14:00:00,3.47644,1.28662,0.313767,3.16268,,,0.110088,17.304
2025-10-29 15:00:00,5.11653,1.6931,0.544661,4.57187,,,0.121802,18.587
2025-10-29 16:00:00,5.03705,1.48148,0.539855,4.49719,,,0.124008,19.784
2025-10-29 17:00:00,6.5047,1.50572,0.655195,5.84951,,,0.130739,30.257
2025-10-29 18:00:00,7.65078,1.68149,1.4484,6.20239,,,0.131104,34.399
2025-10-29 19:00:00,6.98378,1.3172,2.83128,4.1525,,,0.131619,29.717
2025-10-29 20:00:00,4.76886,1.23931,0.72709,4.04177,,,0.117119,23.692
2025-10-29 21:00:00,3.3713,1.10245,0.574459,2.79684,,,0.097629,16.017
2025-10-29 22:00:00,5.86398,2.31961,0.828545,5.03544,,,0.112037,25.565
2025-10-29 23:00:00,2.75981,1.58975,0.274727,2.48508,,,0.084127,11.974
2025-10-30 00:00:00,1.38685,0.836461,0.162802,1.22405,,,0.070667,7.181
2025-10-30 01:00:00,1.43808,1.45554,0.12844,1.30964,,,0.062914,5.638
2025-10-30 02:00:00,0.538104,0.427068,0.030991,0.507113,,,0.054189,2.295
2025-10-30 03:00:00,0.229881,0.21246,0.02238,0.207501,,,0.051465,1.571
2025-10-30 04:00:00,0.455412,0.399482,0.035105,0.420307,,,0.055843,2.625
2025-10-30 05:00:00,1.67298,1.32987,0.589747,1.08323,,,0.062682,5.283
2025-10-30 06:00:00,1.76139,1.10224,0.14214,1.61925,,,0.080304,7.124
2025-10-30 07:00:00,3.43555,1.24297,0.233162,3.20239,,,0.108657,13.651
2025-10-30 08:00:00,4.55355,1.1316,0.620734,3.93281,,,0.127352,22.328
2025-10-30 09:00:00,4.22298,1.22122,0.504723,3.71826,,,0.109743,18.915
2025-10-30 10:00:00,2.89851,0.778751,0.353139,2.54537,,,0.102672,16.603
2025-10-30 11:00:00,4.80749,1.19056,0.566619,4.24087,,,0.123271,20.061
2025-10-30 12:00:00,6.11303,1.35124,0.527978,5.58505,,,0.138791,25.666
2025-10-30 13:00:00,4.89774,1.46815,0.540403,4.35734,,,0.110558,23.655
2025-10-30 14:00:00,3.86022,1.20858,0.483336,3.37688,,,0.112723,17.447
2025-10-30 15:00:00,2.48451,0.693998,0.29737,2.18714,,,0.093968,13.007
2025-10-30 16:00:00,3.99257,1.12025,0.667901,3.32467,,,0.105051,17.193
2025-10-30 17:00:00,5.44031,1.27408,0.588674,4.85163,,,0.120985,25.16
2025-10-30 18:00:00,5.5911,1.45223,0.769966,4.82114,,,0.123676,20.098
2025-10-30 19:00:00,5.59822,1.41013,0.608587,4.98963,,,0.13105,26.281
2025-10-30 20:00:00,5.45806,1.64103,0.906055,4.552,,,0.12101,25.952
2025-10-30 21:00:00,5.40824,1.96663,0.578888,4.82935,,,0.105384,22.635
2025-10-30 22:00:00,3.98832,1.64671,0.451444,3.53688,,,0.097262,15.747
2025-10-30 23:00:00,3.444,2.39167,0.310924,3.13308,,,0.089185,16.591
2025-10-31 00:00:00,2.07868,1.43357,0.126143,1.95253,,,0.086818,12.926
2025-10-31 01:00:00,1.30413,1.36415,0.088788,1.21534,,,0.075971,5.884
2025-10-31 02:00:00,0.978755,0.861579,0.071303,0.907452,,,0.063968,4.86
2025-10-31 03:00:00,0.479302,0.416061,0.02696,0.452342,,,0.054551,2.411
2025-10-31 04:00:00,1.3014,0.95973,0.056828,1.24457,,,0.060447,5.476
2025-10-31 05:00:00,2.77776,2.13346,0.98278,1.79498,,,0.070905,7.62
2025-10-31 06:00:00,0.763655,0.44606,0.062335,0.70132,,,0.067964,5.724
2025-10-31 07:00:00,3.85906,1.21584,0.290988,3.56807,,,0.096994,16.313
2025-10-31 08:00:00,4.90131,1.28778,0.395637,4.50567,,,0.116807,23.506
2025-10-31 09:00:00,2.75813,0.857629,0.260768,2.49737,,,0.100644,14.867
2025-10-31 10:00:00,3.08775,1.02515,0.357078,2.73068,,,0.108089,14.913
2025-10-31 11:00:00,5.20901,1.38024,0.432713,4.7763,,,0.131367,29.035
2025-10-31 12:00:00,7.09801,1.98047,0.817427,6.28058,,,0.1367,31.609
2025-10-31 13:00:00,3.96074,1.17879,0.374786,3.58595,,,0.110228,19.461
2025-10-31 14:00:00,4.08084,1.52841,0.32145,3.75939,,,0.101937,16.273
2025-10-31 15:00:00,2.5998,0.878906,0.254029,2.34578,,,0.109544,17.073
2025-10-31 16:00:00,3.74145,1.00468,0.420705,3.32074,,,0.123385,21.039
2025-10-31 17:00:00,4.86722,1.27348,0.498139,4.36909,,,0.132144,25.97
2025-10-31 18:00:00,6.68242,1.76039,0.920502,5.76192,,,0.151248,35.261
2025-10-31 19:00:00,6.84341,1.76014,0.653003,6.19041,,,0.128213,29.44
2025-10-31 20:00:00,4.75706,1.1278,0.58788,4.16918,,,0.123133,25.493
2025-10-31 21:00:00,4.39525,1.3761,0.532045,3.86321,,,0.120031,23.132
2025-10-31 22:00:00,4.00461,1.51117,0.34081,3.6638,,,0.092757,16.493
2025-10-31 23:00:00,4.35984,2.30436,0.245779,4.11406,,,0.091621,18.048
2025-11-01 00:00:00,2.55009,2.04335,0.137943,2.41215,,,0.079728,10.642
2025-11-01 01:00:00,2.61184,1.83416,0.143624,2.46822,,,0.080753,9.12
2025-11-01 02:00:00,1.86766,1.42352,0.128364,1.7393,,,0.06806,7.225
2025-11-01 03:00:00,0.654034,0.536974,0.036869,0.617165,,,0.070907,2.464
2025-11-01 04:00:00,0.334873,0.229995,0.026434,0.308439,,,0.064584,2.086
2025-11-01 05:00:00,0.66349,0.425859,0.041745,0.621745,,,0.063435,4.87
2025-11-01 06:00:00,0.595177,0.253267,0.053944,0.541233,,,0.06727,5.939
2025-11-01 07:00:00,1.45488,0.420243,0.201261,1.25362,,,0.080913,11.074
2025-11-01 08:00:00,4.59223,1.12389,0.622593,3.96964,,,0.107021,22.306
2025-11-01 09:00:00,6.07542,1.55461,0.691409,5.38401,,,0.118846,26.546
2025-11-01 10:00:00,6.1449,1.6771,0.408181,5.73672,,,0.121727,23.593
2025-11-01 11:00:00,4.99294,1.31949,0.410174,4.58276,,,0.116832,20.375
2025-11-01 12:00:00,6.84253,1.4291,1.1029,5.73963,,,0.131532,25.963
2025-11-01 13:00:00,4.38048,1.25803,0.344374,4.0361,,,0.106341,16.458
2025-11-01 14:00:00,4.831,1.40928,0.552705,4.2783,,,0.112696,22.178
2025-11-01 15:00:00,4.9947,1.46215,0.473856,4.52084,,,0.111816,23.36
2025-11-01 16:00:00,3.55428,1.15775,0.384775,3.1695,,,0.105199,16.575
2025-11-01 17:00:00,5.11095,1.37391,0.586051,4.5249,,,0.118927,23.491
2025-11-01 18:00:00,5.62197,1.30744,0.822279,4.79969,,,0.118821,28.405
2025-11-01 19:00:00,5.69156,1.50094,0.918945,4.77261,,,0.117984,24.886
2025-11-01 20:00:00,4.71079,1.21789,0.474062,4.23673,,,0.11193,22.171
2025-11-01 21:00:00,3.14764,1.23051,0.354224,2.79342,,,0.104298,18.825
2025-11-01 22:00:00,4.4998,1.9736,0.456816,4.04298,,,0.097456,20.196
2025-11-01 23:00:00,3.91101,2.51027,0.286644,3.62436,,,0.093486,14.11
2025-11-02 00:00:00,2.12094,1.66479,0.117939,2.003,,,0.075501,8.371
2025-11-02 01:00:00,1.53819,1.08629,0.09785,1.44034,,,0.064279,5.357
2025-11-02 02:00:00,0.804434,0.572144,0.052902,0.751532,,,0.057534,3.398
2025-11-02 03:00:00,0.987385,0.635384,0.052376,0.935009,,,0.058158,4.1
2025-11-02 04:00:00,1.02305,0.587283,0.065765,0.957282,,,0.059397,4.974
2025-11-02 05:00:00,0.793078,0.52245,0.043818,0.74926,,,0.066811,4.45
2025-11-02 06:00:00,0.794372,0.378272,0.080182,0.71419,,,0.067346,5.411
2025-11-02 07:00:00,1.62624,0.513333,0.209567,1.41667,,,0.087011,12.231
2025-11-02 08:00:00,6.32264,1.64139,0.509111,5.81353,,,0.109792,23.427
2025-11-02 09:00:00,4.62716,1.20813,0.500912,4.12624,,,0.123174,21.455
2025-11-02 10:00:00,4.81546,1.24238,0.449621,4.36584,,,0.124469,23.077
2025-11-02 11:00:00,4.93998,1.20253,0.383618,4.55636,,,0.115321,21.333
2025-11-02 12:00:00,4.34848,1.02173,0.396444,3.95203,,,0.11776,25.481
2025-11-02 13:00:00,4.30779,1.06051,0.385507,3.92228,,,0.113898,16.237
2025-11-02 14:00:00,4.42136,1.15925,0.641622,3.77974,,,0.136966,27.037
2025-11-02 15:00:00,4.0248,1.00771,0.380224,3.64458,,,0.119452,20.857
2025-11-02 16:00:00,4.67279,1.10729,0.442272,4.23051,,,0.123602,22.919
2025-11-02 17:00:00,6.93532,1.70653,0.621634,6.31369,,,0.13428,23.989
2025-11-02 18:00:00,6.22847,1.65563,0.746774,5.4817,,,0.126465,27.342
2025-11-02 19:00:00,3.76323,1.01874,0.458287,3.30495,,,0.107985,21.496
2025-11-02 20:00:00,3.70957,0.892582,0.423936,3.28564,,,0.108517,22.714
2025-11-02 21:00:00,3.07565,0.880769,0.292591,2.78306,,,0.10411,20.682
2025-11-02 22:00:00,3.43102,1.43317,0.342517,3.0885,,,0.090636,16.245
2025-11-02 23:00:00,2.82404,1.68499,0.330615,2.49343,,,0.07759,9.179
2025-11-03 00:00:00,1.64945,1.41705,0.166398,1.48306,,,0.068772,8.773
2025-11-03 01:00:00,2.31184,2.1406,0.116767,2.19508,,,0.063967,4.412
2025-11-03 02:00:00,0.867106,0.879418,0.045574,0.821532,,,0.055714,2.327
2025-11-03 03:00:00,0.287051,0.212002,0.017164,0.269887,,,0.054135,2.742
2025-11-03 04:00:00,0.884669,0.609276,0.038975,0.845694,,,0.056941,3.508
2025-11-03 05:00:00,0.97744,0.670398,0.041966,0.935474,,,0.068075,4.376
2025-11-03 06:00:00,1.4716,0.674427,0.104518,1.36708,,,0.072405,6.002
2025-11-03 07:00:00,4.57704,1.21343,0.312507,4.26453,,,0.095868,15.333
2025-11-03 08:00:00,4.92202,1.12735,0.513565,4.40845,,,0.112634,19.362
2025-11-03 09:00:00,3.22642,1.01588,0.476346,2.75007,,,0.10939,17.479
2025-11-03 10:00:00,2.34432,0.789865,0.269635,2.07469,,,0.110231,16.74
2025-11-03 11:00:00,4.42112,1.16345,0.35636,4.06476,,,0.116797,18.952
2025-11-03 12:00:00,6.1464,1.43607,0.630028,5.51637,,,0.122973,24.109
2025-11-03 13:00:00,3.69597,1.07379,0.532958,3.16301,,,0.113354,23.097
2025-11-03 14:00:00,4.59251,1.43426,0.437713,4.15479,,,0.10903,19.749
2025-11-03 15:00:00,5.27632,1.63252,0.592709,4.68361,,,0.142059,24.208
2025-11-03 16:00:00,4.52239,1.13685,0.433545,4.08884,,,0.114775,22.289
2025-11-03 17:00:00,6.34168,1.45987,0.529785,5.8119,,,0.141816,28.038
2025-11-03 18:00:00,5.70185,1.59895,0.71488,4.98697,,,0.126258,32.802
2025-11-03 19:00:00,4.25454,1.05363,0.545397,3.70914,,,0.117142,21.026
2025-11-03 20:00:00,3.53473,0.929703,0.475961,3.05877,,,0.124727,21.663
2025-11-03 21:00:00,5.32098,1.57054,0.837294,4.48369,,,0.124813,19.187
2025-11-03 22:00:00,4.75189,1.93324,0.425081,4.32681,,,0.09819,18.898
2025-11-03 23:00:00,2.67726,1.34943,0.223618,2.45364,,,0.082183,10.639
2025-11-04 00:00:00,2.01618,1.461,0.311185,1.705,,,0.068906,9.008
2025-11-04 01:00:00,1.50741,0.949253,0.070246,1.43717,,,0.065578,5.817
2025-11-04 02:00:00,0.40509,0.27042,0.030008,0.375082,,,0.053869,2.206
2025-11-04 03:00:00,0.568981,0.418369,0.029025,0.539956,,,0.057924,3.489
2025-11-04 04:00:00,0.488566,0.366792,0.019747,0.468819,,,0.052365,1.365
2025-11-04 05:00:00,0.491996,0.382579,0.021051,0.470945,,,0.053752,1.781
2025-11-04 06:00:00,0.467132,0.251146,0.049556,0.417576,,,0.060769,3.01
2025-11-04 07:00:00,3.26214,0.909687,0.25538,3.00676,,,0.095116,12.327
2025-11-04 08:00:00,4.1028,1.03085,0.542722,3.56008,,,0.115811,22.196
2025-11-04 09:00:00,3.40404,1.2114,0.290106,3.11394,,,0.100767,17.601
2025-11-04 10:00:00,2.41803,0.694836,0.243428,2.1746,,,0.107941,17.914
2025-11-04 11:00:00,3.49774,0.849791,0.554501,2.94324,,,0.115437,19.598
2025-11-04 12:00:00,4.91167,1.24409,0.437964,4.47371,,,0.135358,24.199
2025-11-04 13:00:00,4.72818,1.57187,0.450672,4.27751,,,0.108509,20.912
2025-11-04 14:00:00,4.0702,1.29707,0.338988,3.73122,,,0.121237,20.849
2025-11-04 15:00:00,3.6942,1.40357,0.416526,3.27768,,,0.120293,20.994
2025-11-04 16:00:00,5.15476,1.70574,1.0921,4.06266,,,0.119402,21.005
2025-11-04 17:00:00,5.17462,1.2885,0.650416,4.5242,,,0.124439,24.733
2025-11-04 18:00:00,5.70979,1.38252,0.583123,5.12667,,,0.125126,27.907
2025-11-04 19:00:00,4.48759,1.2634,0.509159,3.97844,,,0.116462,22.696
2025-11-04 20:00:00,3.99829,1.34804,0.517362,3.48093,,,0.118847,22.87
2025-11-04 21:00:00,4.14127,1.65122,0.757986,3.38328,,,0.130241,18.183
2025-11-04 22:00:00,4.59561,2.34231,0.424046,4.17156,,,0.102445,17.421
2025-11-04 23:00:00,3.10617,2.50902,0.232526,2.87364,,,0.092175,12.823
2025-11-05 00:00:00,3.35323,2.09577,0.159351,3.19388,,,0.080803,10.161
2025-11-05 01:00:00,1.39635,1.10822,0.073821,1.32253,,,0.060283,4.493
2025-11-05 02:00:00,0.668237,0.548636,0.027696,0.640541,,,0.05292,2.072
2025-11-05 03:00:00,0.168856,0.120956,0.014195,0.154661,,,0.054235,1.383
2025-11-05 04:00:00,0.472764,0.286871,0.033652,0.439112,,,0.054473,1.827
2025-11-05 05:00:00,2.32961,1.58693,1.05031,1.2793,,,0.063363,5.005
2025-11-05 06:00:00,1.00934,0.458376,0.060152,0.949191,,,0.062444,3.885
2025-11-05 07:00:00,3.82479,0.964396,0.487406,3.33739,,,0.097477,16.637
2025-11-05 08:00:00,4.09176,1.02912,0.341987,3.74978,,,0.11319,21.191
2025-11-05 09:00:00,3.25398,1.10304,0.285805,2.96817,,,0.098921,16.597
2025-11-05 10:00:00,4.10986,1.8922,0.312971,3.79689,,,0.103582,12.748
2025-11-05 11:00:00,3.98158,0.925519,0.346304,3.63528,,,0.116506,20.461
2025-11-05 12:00:00,5.21851,1.28282,0.395934,4.82257,,,0.131222,23.985
2025-11-05 13:00:00,4.23894,1.09703,0.376089,3.86285,,,0.108664,21.11
2025-11-05 14:00:00,4.04227,1.25381,0.457381,3.58489,,,0.113221,22.218
2025-11-05 15:00:00,3.41462,1.1022,0.386863,3.02775,,,0.10245,17.994
2025-11-05 16:00:00,4.07483,1.28543,0.844791,3.23003,,,0.108398,20.572
2025-11-05 17:00:00,5.73919,1.5159,1.16023,4.57897,,,0.1299,31.387
2025-11-05 18:00:00,5.49206,1.47636,0.695123,4.79694,,,0.130556,31.09
2025-11-05 19:00:00,5.69878,1.53855,0.588943,5.10983,,,0.119665,24.834
2025-11-05 20:00:00,5.22075,1.50022,0.730148,4.4906,,,0.111888,23.233
2025-11-05 21:00:00,4.85205,1.81997,0.709899,4.14215,,,0.126915,21.488
2025-11-05 22:00:00,5.864,2.3196,0.8285,5.0354,,,0.112,25.565
2025-11-05 23:00:00,3.39003,1.3803,0.22581,3.16422,,,0.082985,11.684
2025-11-06 00:00:00,1.6305,0.840465,0.13158,1.49892,,,0.067725,8.036
2025-11-06 01:00:00,1.70126,1.04628,0.099208,1.60205,,,0.065371,6.399
2025-11-06 02:00:00,0.584696,0.38876,0.07965,0.505046,,,0.05537,2.52
2025-11-06 03:00:00,0.24882,0.21487,0.033601,0.215219,,,0.056225,3.965
2025-11-06 04:00:00,4.88873,3.64831,0.061856,4.82687,,,0.057422,3.099
2025-11-06 05:00:00,0.717115,0.491849,0.032148,0.684967,,,0.053489,1.628
2025-11-06 06:00:00,1.44875,0.723649,0.074125,1.37462,,,0.065585,5.237
2025-11-06 07:00:00,3.61898,1.07388,0.232425,3.38656,,,0.092836,14.6
2025-11-06 08:00:00,5.95398,1.42508,0.522017,5.43196,,,0.1102,22.947
2025-11-06 09:00:00,3.51896,1.07745,0.304693,3.21427,,,0.105876,19.595
2025-11-06 10:00:00,3.15191,0.986823,0.406909,2.745,,,0.103617,16.523
2025-11-06 11:00:00,3.16413,0.910804,0.280257,2.88388,,,0.109905,18.207
2025-11-06 12:00:00,5.08541,1.25442,0.431954,4.65346,,,0.119718,17.939
2025-11-06 13:00:00,7.03565,2.05121,0.777734,6.25791,,,0.116923,23.756
2025-11-06 14:00:00,6.42568,1.54389,0.962628,5.46306,,,0.124127,23.553
2025-11-06 15:00:00,3.53206,1.06967,0.333947,3.19811,,,0.106126,18.155
2025-11-06 16:00:00,5.94366,1.72982,0.563314,5.38035,,,0.114854,21.851
2025-11-06 17:00:00,5.59656,1.31994,0.701581,4.89498,,,0.128486,28.018
2025-11-06 18:00:00,6.65634,1.69286,0.685646,5.9707,,,0.128864,33.932
2025-11-06 19:00:00,6.92265,1.86594,0.72448,6.19817,,,0.12556,25.721
2025-11-06 20:00:00,5.00355,1.51256,0.639999,4.36355,,,0.115249,26.322
2025-11-06 21:00:00,2.53786,0.959855,0.318084,2.21977,,,0.092723,14.883
2025-11-06 22:00:00,2.72345,1.22678,0.390888,2.33256,,,0.086878,11.201
2025-11-06 23:00:00,2.46666,1.39045,0.211671,2.25499,,,0.07841,8.886
2025-11-07 00:00:00,1.89625,1.0523,0.114194,1.78205,,,0.074394,6.124
2025-11-07 01:00:00,0.890836,0.719577,0.122292,0.768544,,,0.063997,3.174
2025-11-07 02:00:00,1.55001,1.40145,0.06874,1.48127,,,0.059974,4.357
2025-11-07 03:00:00,0.471979,0.349097,0.033141,0.438838,,,0.05656,3.383
2025-11-07 04:00:00,1.35788,0.890999,0.068085,1.2898,,,0.061201,5.627
2025-11-07 05:00:00,2.60234,1.51829,0.905445,1.6969,,,0.065642,6.838
2025-11-07 06:00:00,1.69101,0.977462,0.110755,1.58025,,,0.06965,7.202
2025-11-07 07:00:00,2.68142,0.787726,0.208261,2.47316,,,0.091865,13.411
2025-11-07 08:00:00,5.83758,1.34383,0.618737,5.21884,,,0.117995,24.376
2025-11-07 09:00:00,6.20338,1.83858,0.598748,5.60464,,,0.12939,23.261
2025-11-07 10:00:00,5.71983,1.70639,0.58329,5.13654,,,0.118453,25.026
2025-11-07 11:00:00,5.5656,1.32137,0.474319,5.09128,,,0.119138,27.742
2025-11-07 12:00:00,6.43402,1.45698,0.554739,5.87928,,,0.115915,28.228
2025-11-07 13:00:00,4.3935,1.10891,0.329524,4.06398,,,0.103783,18.147
2025-11-07 14:00:00,4.54433,1.54991,0.330933,4.2134,,,0.119946,21.089
2025-11-07 15:00:00,4.10763,1.60957,0.384169,3.72346,,,0.111021,18.424
2025-11-07 16:00:00,4.65187,1.37467,0.68411,3.96776,,,0.115543,19.517
2025-11-07 17:00:00,5.25,1.5861,0.492491,4.75751,,,0.122936,27.683
2025-11-07 18:00:00,7.36281,2.03392,0.605303,6.75751,,,0.125211,34.508
2025-11-07 19:00:00,7.97381,2.40465,0.561839,7.41197,,,0.117589,29.221
2025-11-07 20:00:00,5.03294,1.97061,0.523125,4.50981,,,0.098706,16.241
2025-11-07 21:00:00,4.09259,1.63442,0.308367,3.78423,,,0.091098,12.523
2025-11-07 22:00:00,4.20505,2.0005,0.356665,3.84838,,,0.092971,14.832
2025-11-07 23:00:00,1.59905,0.766566,0.150576,1.44848,,,0.073281,8.195
2025-11-08 00:00:00,3.13759,2.1461,0.13893,2.99866,,,0.069069,6.136
2025-11-08 01:00:00,0.90882,0.735291,0.100504,0.808316,,,0.062588,4.805
2025-11-08 02:00:00,0.53094,0.393288,0.033196,0.497744,,,0.054697,2.252
2025-11-08 03:00:00,0.328146,0.326189,0.027266,0.30088,,,0.052753,1.91
2025-11-08 04:00:00,0.57747,0.518376,0.039579,0.537891,,,0.056739,2.358
2025-11-08 05:00:00,1.15118,1.00981,0.035364,1.11582,,,0.057953,2.606
2025-11-08 06:00:00,0.643862,0.408024,0.042679,0.601183,,,0.061326,3.089
2025-11-08 07:00:00,2.9981,1.0974,0.207788,2.79031,,,0.080579,10.546
2025-11-08 08:00:00,3.86938,1.04128,0.270391,3.59899,,,0.101392,17.352
2025-11-08 09:00:00,3.00226,0.814502,0.387618,2.61464,,,0.101255,17.015
2025-11-08 10:00:00,4.67878,1.09986,0.544173,4.13461,,,0.107731,21.057
2025-11-08 11:00:00,4.65871,0.989952,0.436782,4.22193,,,0.118511,23.819
2025-11-08 12:00:00,5.42061,1.23308,0.460165,4.96045,,,0.127116,26.148
2025-11-08 13:00:00,6.37465,1.54875,0.403561,5.97109,,,0.116505,22.89
2025-11-08 14:00:00,4.68624,1.11206,0.409495,4.27674,,,0.138207,24.324
2025-11-08 15:00:00,4.30717,1.28649,0.375464,3.93171,,,0.126699,22.846
2025-11-08 16:00:00,5.27248,1.39854,0.401802,4.87068,,,0.133163,24.383
2025-11-08 17:00:00,6.66544,1.44211,0.536094,6.12935,,,0.120441,29.371
2025-11-08 18:00:00,6.14447,1.43495,0.672292,5.47218,,,0.12042,26.458
2025-11-08 19:00:00,3.64021,1.34922,0.304089,3.33612,,,0.106315,13.742
2025-11-08 20:00:00,5.28711,1.69676,0.569624,4.71749,,,0.112804,19.373
2025-11-08 21:00:00,5.10977,2.20249,0.489033,4.62074,,,0.115701,17.992
2025-11-08 22:00:00,5.48848,2.44585,0.388585,5.0999,,,0.114809,16.703
2025-11-08 23:00:00,3.65518,1.67362,0.655683,2.9995,,,0.096815,10.503
2025-11-09 00:00:00,1.88656,1.14476,0.16987,1.71669,,,0.072329,6.76
2025-11-09 01:00:00,1.24019,0.77706,0.095372,1.14482,,,0.064386,4.798
2025-11-09 02:00:00,0.357721,0.186896,0.072633,0.285088,,,0.059534,2.597
2025-11-09 03:00:00,0.330965,0.177175,0.160916,0.170049,,,0.059017,3.968
2025-11-09 04:00:00,0.119643,0.119167,0.059526,0.060117,,,0.060038,1.734
2025-11-09 05:00:00,0.7931,0.5225,0.0438,0.7493,,,0.0668,4.45
2025-11-09 06:00:00,0.7944,0.3783,0.0802,0.7142,,,0.0673,5.411
2025-11-09 07:00:00,1.6262,0.5133,0.2096,1.4167,,,0.087,12.231
2025-11-09 08:00:00,6.3226,1.6414,0.5091,5.8135,,,0.1098,23.427
2025-11-09 09:00:00,4.6272,1.2081,0.5009,4.1262,,,0.1232,21.455
2025-11-09 10:00:00,4.8155,1.2424,0.4496,4.3658,,,0.1245,23.077
2025-11-09 11:00:00,4.94,1.2025,0.3836,4.5564,,,0.1153,21.333
2025-11-09 12:00:00,4.3485,1.0217,0.3964,3.952,,,0.1178,25.481
2025-11-09 13:00:00,4.3078,1.0605,0.3855,3.9223,,,0.1139,16.237
2025-11-09 14:00:00,4.4214,1.1592,0.6416,3.7797,,,0.137,27.037
2025-11-09 15:00:00,4.0248,1.0077,0.3802,3.6446,,,0.1195,20.857
2025-11-09 16:00:00,4.6728,1.1073,0.4423,4.2305,,,0.1236,22.919
2025-11-09 17:00:00,6.9353,1.7065,0.6216,6.3137,,,0.1343,23.989
2025-11-09 18:00:00,6.2285,1.6556,0.7468,5.4817,,,0.1265,27.342
2025-11-09 19:00:00,3.7632,1.0187,0.4583,3.3049,,,0.108,21.496
2025-11-09 20:00:00,3.7096,0.8926,0.4239,3.2856,,,0.1085,22.714
2025-11-09 21:00:00,3.0756,0.8808,0.2926,2.7831,,,0.1041,20.682
2025-11-09 22:00:00,3.431,1.4332,0.3425,3.0885,,,0.0906,16.245
2025-11-09 23:00:00,2.824,1.685,0.3306,2.4934,,,0.0776,9.179
2025-11-10 00:00:00,1.6495,1.4171,0.1664,1.4831,,,0.0688,8.773
2025-11-10 01:00:00,2.3118,2.1406,0.1168,2.1951,,,0.064,4.412
2025-11-10 02:00:00,0.8671,0.8794,0.0456,0.8215,,,0.0557,2.327
2025-11-10 03:00:00,0.2871,0.212,0.0172,0.2699,,,0.0541,2.742
2025-11-10 04:00:00,0.8847,0.6093,0.039,0.8457,,,0.0569,3.508
2025-11-10 05:00:00,0.9774,0.6704,0.042,0.9355,,,0.0681,4.376
2025-11-10 06:00:00,1.4716,0.6744,0.1045,1.3671,,,0.0724,6.002
2025-11-10 07:00:00,4.577,1.2134,0.3125,4.2645,,,0.0959,15.333
2025-11-10 08:00:00,4.40903,1.20998,0.346209,4.06283,,,0.099991,17.0022
2025-11-10 09:00:00,4.24107,1.20655,0.379917,3.86115,,,0.104082,18.6714
2025-11-10 10:00:00,4.0731,1.20313,0.413626,3.65948,,,0.108173,20.3406
2025-11-10 11:00:00,,,,,,,,
2025-11-10 12:00:00,3.73717,1.19628,0.481043,3.25613,,,0.116355,23.679
2025-11-10 13:00:00,3.10262,1.00931,0.480977,2.62164,,,0.10485,18.412
2025-11-10 14:00:00,3.14521,0.938308,0.370366,2.77484,,,0.104526,16.759
2025-11-10 15:00:00,2.85342,0.947351,0.346133,2.50729,,,0.104062,14.644
2025-11-10 16:00:00,4.24673,1.33377,1.0326,3.21413,,,0.108544,18.95
2025-11-10 17:00:00,5.74726,1.45574,1.14603,4.60123,,,0.123235,29.343
2025-11-10 18:00:00,7.41514,1.94521,1.004,6.41114,,,0.126811,31.331
2025-11-10 19:00:00,5.22598,1.32505,0.743675,4.48231,,,0.126705,26.492
2025-11-10 20:00:00,5.49402,1.60832,1.41087,4.08315,,,0.131686,29.806
2025-11-10 21:00:00,3.27791,1.23788,0.39629,2.88162,,,0.104602,18.856
2025-11-10 22:00:00,4.90533,2.16284,0.283511,4.62181,,,0.087999,13.979
2025-11-10 23:00:00,3.61918,2.20682,0.20284,3.41634,,,0.076958,12.098
2025-11-11 00:00:00,1.63384,0.947702,0.078379,1.55546,,,0.063354,4.674
2025-11-11 01:00:00,0.974122,0.752798,0.108304,0.865818,,,0.064466,5.063
2025-11-11 02:00:00,0.380247,0.273167,0.066784,0.313463,,,0.06064,3.05
2025-11-11 03:00:00,1.53227,1.29196,0.034133,1.49813,,,0.058215,3.194
2025-11-11 04:00:00,0.262459,0.199135,0.0285,0.233959,,,0.057865,1.677
2025-11-11 05:00:00,0.412749,0.283093,0.030139,0.38261,,,0.066769,2.604
2025-11-11 06:00:00,1.42217,0.646441,0.089878,1.33229,,,0.071269,5.503
2025-11-11 07:00:00,2.9167,0.744057,0.27883,2.63788,,,0.092626,14.034
2025-11-11 08:00:00,3.96204,0.90706,0.396603,3.56544,,,0.110964,19.452
2025-11-11 09:00:00,2.99514,0.838505,0.325573,2.66957,,,0.111918,16.955
2025-11-11 10:00:00,3.27869,0.863269,0.295882,2.98281,,,0.109188,18.404
2025-11-11 11:00:00,3.52209,0.793264,0.39605,3.12604,,,0.107918,19.857
2025-11-11 12:00:00,8.23119,1.9036,0.539237,7.69195,,,0.144126,30.769
2025-11-11 13:00:00,7.14407,2.19278,0.400697,6.74338,,,0.113303,21.485
2025-11-11 14:00:00,3.8413,1.18485,0.599184,3.24211,,,0.105592,18.42
2025-11-11 15:00:00,2.58392,0.781585,0.289627,2.29429,,,0.099834,13.477
2025-11-11 16:00:00,4.0382,1.09973,0.419273,3.61893,,,0.111744,18.926
2025-11-11 17:00:00,5.68586,1.49,0.611187,5.07467,,,0.121111,28.802
2025-11-11 18:00:00,9.51079,2.80058,1.18209,8.32869,,,0.1415,40.704
2025-11-11 19:00:00,8.15569,2.25919,0.929593,7.22609,,,0.132594,27.458
2025-11-11 20:00:00,4.97902,1.50333,0.602927,4.37609,,,0.121049,21.123
2025-11-11 21:00:00,4.23168,1.31746,0.333188,3.89849,,,0.108317,18.369
2025-11-11 22:00:00,2.90731,1.2729,0.380803,2.52651,,,0.082547,10.669
2025-11-11 23:00:00,2.14324,1.24752,0.422707,1.72054,,,0.074655,7.428
2025-11-12 00:00:00,2.92833,1.78339,0.168275,2.76006,,,0.074439,8.406
2025-11-12 01:00:00,1.19952,0.93566,0.082334,1.11718,,,0.062684,4.953
2025-11-12 02:00:00,0.855041,0.631493,0.057662,0.797379,,,0.057149,2.577
2025-11-12 03:00:00,0.287567,0.224311,0.032063,0.255504,,,0.054681,1.532
2025-11-12 04:00:00,0.253113,0.20545,0.025903,0.22721,,,0.054239,1.352
2025-11-12 05:00:00,1.14093,0.781463,0.486258,0.654676,,,0.057131,3.099
2025-11-12 06:00:00,1.2873,0.541792,0.106599,1.1807,,,0.066249,4.855
2025-11-12 07:00:00,3.18673,0.861744,0.243254,2.94347,,,0.09274,15.307
2025-11-12 08:00:00,3.66187,0.914553,0.324676,3.33719,,,0.110072,20.75
2025-11-12 09:00:00,7.68895,2.47871,0.275879,7.41308,,,0.10456,15.761
2025-11-12 10:00:00,2.94978,0.975457,0.469114,2.48067,,,0.100472,17.109
2025-11-12 11:00:00,4.07039,1.19017,0.399683,3.67071,,,0.109675,20.874
2025-11-12 12:00:00,5.60538,1.40627,0.436836,5.16855,,,0.114078,23.069
2025-11-12 13:00:00,5.12284,1.34317,0.547892,4.57495,,,0.114026,22.548
2025-11-12 14:00:00,3.26992,0.919549,0.308938,2.96098,,,0.099821,17.2
2025-11-12 15:00:00,3.37109,0.795819,0.43034,2.94075,,,0.109759,18.569
2025-11-12 16:00:00,3.50279,0.931097,0.425052,3.07773,,,0.112508,18.159
2025-11-12 17:00:00,4.83151,1.10764,0.57649,4.25502,,,0.120721,25.544
2025-11-12 18:00:00,6.46137,1.59147,0.791114,5.67026,,,0.136723,31.926
2025-11-12 19:00:00,6.62997,1.72745,1.15999,5.46998,,,0.172007,28.644
2025-11-12 20:00:00,8.58311,2.54692,1.15326,7.42985,,,0.159043,33
2025-11-12 21:00:00,4.9291,1.69969,0.608401,4.3207,,,0.107997,21.488
2025-11-12 22:00:00,3.77303,1.52016,0.374685,3.39834,,,0.092436,16.248
2025-11-12 23:00:00,9.20023,4.09263,0.286679,8.91355,,,0.095385,14.271
2025-11-13 00:00:00,4.12939,2.23937,0.232894,3.8965,,,0.083507,13.764
2025-11-13 01:00:00,3.39747,1.8833,0.168945,3.22853,,,0.079816,9.824
2025-11-13 02:00:00,1.12309,0.647691,0.050038,1.07306,,,0.057733,3.05
2025-11-13 03:00:00,1.10011,0.632249,0.038571,1.06154,,,0.058779,2.823
2025-11-13 04:00:00,1.20857,0.685131,0.037221,1.17135,,,0.059009,3.117
2025-11-13 05:00:00,0.250367,0.181688,0.024061,0.226306,,,0.056971,2.104
2025-11-13 06:00:00,1.63596,0.722599,0.249136,1.38683,,,0.070394,6.027
2025-11-13 07:00:00,3.81576,0.992653,0.270079,3.54568,,,0.093299,14.079
2025-11-13 08:00:00,5.14474,1.05123,0.545687,4.59905,,,0.114596,22.089
2025-11-13 09:00:00,2.6473,0.652367,0.369415,2.27789,,,0.104313,17.881
2025-11-13 10:00:00,4.57699,1.06889,0.338172,4.23882,,,0.111382,21.528
2025-11-13 11:00:00,4.28219,1.07162,0.406658,3.87553,,,0.110742,20.437
2025-11-13 12:00:00,6.95314,1.88841,1.19539,5.75775,,,0.12545,26.998
2025-11-13 13:00:00,11.1091,3.18129,0.499948,10.6091,,,0.110352,20.47
2025-11-13 14:00:00,4.2781,1.06633,0.385831,3.89227,,,0.110632,18.738
2025-11-13 15:00:00,4.15403,1.10538,0.36038,3.79365,,,0.117926,20.109
2025-11-13 16:00:00,6.12738,1.57597,1.23572,4.89166,,,0.121648,24.509
2025-11-13 17:00:00,4.64239,1.07215,0.529665,4.11273,,,0.113138,26.16
2025-11-13 18:00:00,8.14033,1.89575,1.22252,6.91781,,,0.136759,31.116
2025-11-13 19:00:00,4.79593,1.16803,0.60176,4.19417,,,0.118913,23.8
2025-11-13 20:00:00,3.13909,0.876351,0.37152,2.76757,,,0.109466,21.048
2025-11-13 21:00:00,3.20779,1.17415,0.658762,2.54903,,,0.110614,22.476
2025-11-13 22:00:00,3.75879,1.76303,0.463222,3.29557,,,0.102149,20.072
2025-11-13 23:00:00,2.24339,1.32745,0.252869,1.99052,,,0.082192,12.691
2025-11-14 00:00:00,3.08452,2.15701,0.133155,2.95136,,,0.080731,9.846
2025-11-14 01:00:00,1.50194,1.13783,0.092928,1.40901,,,0.068959,8.905
2025-11-14 02:00:00,1.80879,1.27739,0.1328,1.67599,,,0.065138,7.682
2025-11-14 03:00:00,0.776032,0.602509,0.031965,0.744067,,,0.057028,1.872
2025-11-14 04:00:00,0.543064,0.354944,0.023278,0.519786,,,0.056082,1.946
2025-11-14 05:00:00,1.74182,1.1996,0.75228,0.989544,,,0.061418,4.192
2025-11-14 06:00:00,1.92477,0.968195,0.145002,1.77977,,,0.066931,5.758
2025-11-14 07:00:00,4.10979,1.07361,0.270909,3.83888,,,0.093743,15.971
2025-11-14 08:00:00,4.43429,1.147,0.378969,4.05533,,,0.111082,21.574
2025-11-14 09:00:00,3.8403,1.13484,0.553463,3.28684,,,0.106047,20.158
2025-11-14 10:00:00,3.52872,0.992887,0.338546,3.19017,,,0.107927,19.067
2025-11-14 11:00:00,4.35703,1.3398,0.370929,3.9861,,,0.11165,21.319
2025-11-14 12:00:00,9.05079,2.23366,0.671595,8.37919,,,0.130248,31.261
2025-11-14 13:00:00,5.73057,1.36637,0.503809,5.22677,,,0.11407,25.509
2025-11-14 14:00:00,2.8769,0.940779,0.251692,2.62521,,,0.107449,15.214
2025-11-14 15:00:00,4.03139,1.20196,0.303082,3.72831,,,0.109051,16.68
2025-11-14 16:00:00,4.67304,1.13755,0.410886,4.26215,,,0.109228,19.914
2025-11-14 17:00:00,5.59733,1.33843,0.722483,4.87485,,,0.121484,26.333
2025-11-14 18:00:00,6.2038,1.45356,0.510909,5.69289,,,0.130039,28.623
2025-11-14 19:00:00,5.82215,1.46432,0.626689,5.19546,,,0.120373,29.597
2025-11-14 20:00:00,5.16321,1.50443,0.74647,4.41674,,,0.12931,27.012
2025-11-14 21:00:00,2.92922,1.05978,0.376548,2.55268,,,0.135504,25.749
2025-11-14 22:00:00,2.08051,0.876373,0.249501,1.83101,,,0.135972,22.693
2025-11-14 23:00:00,5.76708,2.97272,0.600862,5.16622,,,0.106537,18.976
2025-11-15 00:00:00,6.20962,3.35293,0.229031,5.98059,,,0.091372,19.094
2025-11-15 01:00:00,1.85666,0.986537,0.133659,1.723,,,0.076779,10.089
2025-11-15 02:00:00,0.593146,0.294804,0.064879,0.528267,,,0.061084,4.518
2025-11-15 03:00:00,0.399975,0.217142,0.027906,0.372069,,,0.054771,2.086
2025-11-15 04:00:00,0.916973,0.513999,0.052655,0.864318,,,0.05966,2.816
2025-11-15 05:00:00,2.12651,1.14699,0.575003,1.55151,,,0.071699,6.671
2025-11-15 06:00:00,1.22801,0.545296,0.080451,1.14756,,,0.066689,5.02
2025-11-15 07:00:00,2.53239,0.795347,0.174283,2.3581,,,0.083446,10.791
2025-11-15 08:00:00,5.57491,1.464,0.274182,5.30073,,,0.10539,18.773
2025-11-15 09:00:00,4.5426,1.17501,0.365616,4.17698,,,0.108388,18.796
2025-11-15 10:00:00,3.50935,0.767239,0.568388,2.94096,,,0.114574,21.372
2025-11-15 11:00:00,5.17355,1.02244,0.648624,4.52492,,,0.115605,23.96
2025-11-15 12:00:00,6.35475,1.3081,0.750128,5.60462,,,0.12145,28.691
2025-11-15 13:00:00,3.4959,0.831564,0.350958,3.14494,,,0.103785,21.105
2025-11-15 14:00:00,4.60602,1.24824,0.313884,4.29214,,,0.10779,18.436
2025-11-15 15:00:00,6.07669,1.55733,0.7413,5.33539,,,0.111592,21.727
2025-11-15 16:00:00,4.17862,1.09503,1.31672,2.8619,,,0.111008,23.402
2025-11-15 17:00:00,6.18788,1.41211,0.791218,5.39667,,,0.117971,26.683
2025-11-15 18:00:00,8.0349,1.74976,0.616863,7.41803,,,0.128932,31.224
2025-11-15 19:00:00,6.72147,1.6442,0.900289,5.82119,,,0.128674,32.326
2025-11-15 20:00:00,4.17104,1.06731,0.737723,3.43332,,,0.116081,23.338
2025-11-15 21:00:00,3.85111,1.32432,0.426755,3.42436,,,0.101147,19.943
2025-11-15 22:00:00,2.30789,0.944308,0.244926,2.06296,,,0.083311,11.728
2025-11-15 23:00:00,5.80175,2.86365,0.234001,5.56774,,,0.093786,10.863
2025-11-16 00:00:00,3.52141,1.6021,0.176326,3.34508,,,0.079779,11.218
2025-11-16 01:00:00,5.57586,2.64008,0.096316,5.47954,,,0.071736,7.194
2025-11-16 02:00:00,1.63891,0.776735,0.052017,1.58689,,,0.064981,4.121
2025-11-16 03:00:00,1.20509,0.543814,0.056807,1.14829,,,0.060153,3.771
2025-11-16 04:00:00,0.353207,0.146317,0.032813,0.320394,,,0.05925,4.073
2025-11-16 05:00:00,1.29392,0.455285,0.359897,0.934021,,,0.063339,5.011
2025-11-16 06:00:00,1.23631,0.369709,0.083893,1.15241,,,0.069013,6.359
2025-11-16 07:00:00,11.4625,3.05992,0.140522,11.3219,,,0.083339,9.245
2025-11-16 08:00:00,3.9646,1.03191,0.261978,3.70262,,,0.09561,15.543
2025-11-16 09:00:00,3.39921,0.971204,0.300359,3.09886,,,0.103139,17.244
2025-11-16 10:00:00,4.48544,1.08135,0.868671,3.61677,,,0.106372,19.475
2025-11-16 11:00:00,6.90906,1.51714,0.560481,6.34858,,,0.120972,22.093
2025-11-16 12:00:00,4.81964,1.09339,0.43148,4.38816,,,0.115329,21.239
2025-11-16 13:00:00,4.87917,1.34561,0.498404,4.38076,,,0.106955,20.581
2025-11-16 14:00:00,4.73252,1.45975,0.360961,4.37156,,,0.115447,18.964
2025-11-16 15:00:00,3.22003,0.936054,0.259948,2.96008,,,0.103867,15.114
2025-11-16 16:00:00,3.90377,1.09472,0.339671,3.5641,,,0.111022,18.216
2025-11-16 17:00:00,7.72305,2.01752,0.724657,6.9984,,,0.127092,25.029
2025-11-16 18:00:00,7.22461,1.79538,0.661025,6.56359,,,0.110828,25.718
2025-11-16 19:00:00,6.33969,1.50016,0.602279,5.73742,,,0.116326,26.175
2025-11-16 20:00:00,4.53093,1.05665,0.725748,3.80518,,,0.114866,20.678
2025-11-16 21:00:00,2.75521,0.87356,0.258031,2.49718,,,0.100588,15.893
2025-11-16 22:00:00,3.24636,1.29131,0.238239,3.00812,,,0.083198,13.342
2025-11-16 23:00:00,3.03859,1.81734,0.232168,2.80642,,,0.082562,12.639
2025-11-17 00:00:00,3.78091,2.6777,0.202793,3.57812,,,0.092194,13.678
2025-11-17 01:00:00,2.82435,1.61761,0.161426,2.66293,,,0.073016,6.182
2025-11-17 02:00:00,1.80408,1.41607,0.051036,1.75304,,,0.063908,4.071
2025-11-17 03:00:00,0.320949,0.251922,0.024538,0.296411,,,0.055742,1.971
2025-11-17 04:00:00,0.324536,0.203089,0.02208,0.302456,,,0.055032,1.93
2025-11-17 05:00:00,0.368994,0.250675,0.022109,0.346885,,,0.054099,1.866
2025-11-17 06:00:00,0.926041,0.470072,0.082304,0.843737,,,0.062941,4.335
2025-11-17 07:00:00,3.01628,0.979948,0.248581,2.7677,,,0.09059,14.466
2025-11-17 08:00:00,3.46656,0.986501,0.456627,3.00994,,,0.106361,17.081
2025-11-17 09:00:00,3.5646,1.40449,0.24809,3.31651,,,0.096954,16.721
2025-11-17 10:00:00,2.67853,0.87135,0.275618,2.40291,,,0.099137,16.266
2025-11-17 11:00:00,2.94644,0.843769,0.327849,2.61859,,,0.111201,18.468
2025-11-17 12:00:00,4.74841,1.24761,0.453199,4.29522,,,0.128963,22.895
2025-11-17 13:00:00,3.47625,1.00007,0.314978,3.16127,,,0.108781,19.808
2025-11-17 14:00:00,3.32894,0.981988,0.394743,2.9342,,,0.105875,19.218
2025-11-17 15:00:00,2.30781,0.699335,0.291042,2.01676,,,0.097598,15.249
2025-11-17 16:00:00,4.64767,1.23542,0.629066,4.0186,,,0.117429,22.926
2025-11-17 17:00:00,5.1197,1.33187,0.85167,4.26803,,,0.130139,27.074
2025-11-17 18:00:00,6.25526,1.59736,0.760912,5.49434,,,0.135257,23.403
2025-11-17 19:00:00,4.7277,1.16389,0.679934,4.04776,,,0.115548,24.803
2025-11-17 20:00:00,4.45583,1.37356,0.54712,3.90871,,,0.12467,27.406
2025-11-17 21:00:00,4.08134,1.70198,0.39398,3.68736,,,0.106303,17.283
2025-11-17 22:00:00,3.9641,1.87516,0.472888,3.49121,,,0.103892,19.573
2025-11-17 23:00:00,2.93503,1.99662,0.160467,2.77456,,,0.077014,8.686
2025-11-18 00:00:00,1.88909,1.20018,0.103463,1.78563,,,0.072478,6.765
2025-11-18 01:00:00,2.03644,1.09486,0.074336,1.96211,,,0.063356,4.51
2025-11-18 02:00:00,2.73587,1.91587,0.054791,2.68108,,,0.057612,3.564
2025-11-18 03:00:00,0.420525,0.349855,0.022634,0.397891,,,0.054372,1.238
2025-11-18 04:00:00,0.461387,0.334338,0.023435,0.437952,,,0.057089,1.554
2025-11-18 05:00:00,1.03758,0.666825,0.456815,0.580765,,,0.05654,2.894
2025-11-18 06:00:00,0.937535,0.373817,0.072271,0.865264,,,0.065147,4.773
2025-11-18 07:00:00,3.00228,0.760841,0.226409,2.77587,,,0.087631,13.479
2025-11-18 08:00:00,3.9344,0.841763,0.488775,3.44563,,,0.113521,20.472
2025-11-18 09:00:00,3.44651,0.844733,0.419149,3.02736,,,0.107245,18.956
2025-11-18 10:00:00,3.30716,0.782945,0.694433,2.61273,,,0.107805,19.519
2025-11-18 11:00:00,3.60112,0.819926,0.42878,3.17234,,,0.118384,23.131
2025-11-18 12:00:00,4.61485,0.963032,0.501008,4.11384,,,0.118996,24.171
2025-11-18 13:00:00,5.89305,1.4105,0.465603,5.42745,,,0.123146,25.904
2025-11-18 14:00:00,3.70447,1.01939,0.378655,3.32581,,,0.11932,20.592
2025-11-18 15:00:00,3.23348,0.960059,0.295904,2.93757,,,0.109292,16.937
2025-11-18 16:00:00,3.30764,1.03235,0.278498,3.02914,,,0.112804,19.357
2025-11-18 17:00:00,4.72755,1.19685,0.847496,3.88005,,,0.135008,26.054
2025-11-18 18:00:00,6.88684,1.82966,1.12336,5.76348,,,0.136343,30.486
2025-11-18 19:00:00,5.01773,1.26137,0.685875,4.33185,,,0.11705,23.805
2025-11-18 20:00:00,3.58973,1.16323,0.426536,3.16319,,,0.097841,18.298
2025-11-18 21:00:00,2.59011,0.966461,0.291381,2.29873,,,0.095468,16.444
2025-11-18 22:00:00,3.50815,1.69149,0.458352,3.0498,,,0.090277,14.532
2025-11-18 23:00:00,1.93628,0.964284,0.33605,1.60023,,,0.082452,9.493
2025-11-19 00:00:00,1.95005,1.07264,0.182579,1.76747,,,0.071822,8.171
2025-11-19 01:00:00,1.87927,1.12397,0.102235,1.77704,,,0.06617,6.213
2025-11-19 02:00:00,0.467375,0.307483,0.029003,0.438372,,,0.057139,1.76
2025-11-19 03:00:00,0.911596,0.779142,0.051756,0.85984,,,0.059278,4.279
2025-11-19 04:00:00,0.172699,0.10595,0.030306,0.142393,,,0.054231,1.518
2025-11-19 05:00:00,0.767534,0.487015,0.087392,0.680142,,,0.056852,2.495
2025-11-19 06:00:00,0.833805,0.36284,0.112815,0.72099,,,0.065144,5.177
2025-11-19 07:00:00,3.86102,0.952868,0.241997,3.61903,,,0.093527,16.083
2025-11-19 08:00:00,4.67873,1.04064,0.384451,4.29428,,,0.114119,21.244
2025-11-19 09:00:00,2.6109,0.710256,0.309448,2.30145,,,0.104473,13.347
2025-11-19 10:00:00,4.01172,1.15946,0.32068,3.69104,,,0.10325,15.561
2025-11-19 11:00:00,4.9527,1.23879,0.39956,4.55314,,,0.114648,21.766
2025-11-19 12:00:00,6.25544,1.33492,0.919837,5.33561,,,0.12542,26.427
2025-11-19 13:00:00,5.64109,1.81619,0.539171,5.10192,,,0.120975,22.459
2025-11-19 14:00:00,4.76319,1.72081,0.608231,4.15496,,,0.130045,21.755
2025-11-19 15:00:00,2.9761,1.12306,0.354242,2.62186,,,0.103787,15.732
2025-11-19 16:00:00,3.74359,1.09976,0.591262,3.15233,,,0.1052,19.248
2025-11-19 17:00:00,4.33472,1.17727,0.670275,3.66444,,,0.113022,23.375
2025-11-19 18:00:00,6.05524,1.45279,0.798094,5.25714,,,0.122882,29.39
2025-11-19 19:00:00,4.01213,1.14763,0.520286,3.49185,,,0.105974,23.104
2025-11-19 20:00:00,3.68443,1.18699,0.816137,2.86829,,,0.108926,23.188
2025-11-19 21:00:00,4.19718,1.38338,0.372806,3.82438,,,0.100873,20.258
2025-11-19 22:00:00,4.14598,1.91059,0.604815,3.54117,,,0.09713,17.791
2025-11-19 23:00:00,4.62776,2.51509,0.25396,4.3738,,,0.091412,13.883
2025-11-20 00:00:00,2.36929,1.59656,0.143589,2.2257,,,0.083482,8.179
2025-11-20 01:00:00,1.72021,1.10838,0.095224,1.62499,,,0.071462,5.185
2025-11-20 02:00:00,2.17138,1.35881,0.081839,2.08955,,,0.061635,3.625
2025-11-20 03:00:00,2.32537,1.47549,0.125252,2.20012,,,0.075208,3.917
2025-11-20 04:00:00,1.09641,0.681845,0.032925,1.06348,,,0.057855,1.89
2025-11-20 05:00:00,1.7928,1.1733,0.793395,0.999403,,,0.061013,4.538
2025-11-20 06:00:00,1.80544,0.772215,0.141407,1.66403,,,0.071942,8.234
2025-11-20 07:00:00,3.48867,1.09569,0.319597,3.16907,,,0.094023,15.404
2025-11-20 08:00:00,4.71845,1.0852,0.439538,4.27891,,,0.121834,21.118
2025-11-20 09:00:00,3.49268,1.10041,0.35594,3.13674,,,0.109884,15.216
2025-11-20 10:00:00,3.87684,1.30797,0.308064,3.56877,,,0.108935,16.274
2025-11-20 11:00:00,4.849,1.24653,0.511895,4.33711,,,0.112852,21.558
2025-11-20 12:00:00,5.01831,1.28807,0.52139,4.49692,,,0.120227,24.192
2025-11-20 13:00:00,4.27808,1.21537,0.417974,3.86011,,,0.108562,20.865
2025-11-20 14:00:00,3.21547,1.03259,0.312115,2.90336,,,0.104373,17.174
2025-11-20 15:00:00,4.6195,1.57878,0.433689,4.18581,,,0.106306,18.295
2025-11-20 16:00:00,3.63173,1.11198,0.851382,2.78035,,,0.115521,17.898
2025-11-20 17:00:00,6.06882,1.57632,1.17907,4.88975,,,0.127552,27.657
2025-11-20 18:00:00,8.48427,2.36068,1.58188,6.90239,,,0.138176,32.316
2025-11-20 19:00:00,5.70323,1.44459,0.681074,5.02215,,,0.119142,26.821
2025-11-20 20:00:00,4.28918,1.52314,0.911892,3.37728,,,0.1029,22.548
2025-11-20 21:00:00,4.1363,1.68829,0.415712,3.72059,,,0.103842,20.601
2025-11-20 22:00:00,5.23271,2.40033,0.583728,4.64898,,,0.097207,21.378
2025-11-20 23:00:00,4.24885,2.83635,0.238372,4.01047,,,0.084546,14.963
2025-11-21 00:00:00,1.24347,1.08885,0.097497,1.14597,,,0.068846,6.832
2025-11-21 01:00:00,1.20176,0.873371,0.082559,1.1192,,,0.061938,3.636
2025-11-21 02:00:00,0.849465,0.827938,0.043896,0.805569,,,0.056625,2.469
2025-11-21 03:00:00,0.647498,0.580195,0.025425,0.622073,,,0.055593,2
2025-11-21 04:00:00,0.335089,0.283014,0.02484,0.310249,,,0.056071,1.518
2025-11-21 05:00:00,2.30534,2.30074,0.810503,1.49484,,,0.064511,5.63
2025-11-21 06:00:00,1.37434,0.76522,0.178834,1.1955,,,0.064985,5.316
2025-11-21 07:00:00,3.10864,0.760431,0.206793,2.90185,,,0.087303,12.742
2025-11-21 08:00:00,4.26801,0.913529,0.751882,3.51612,,,0.110052,20.772
2025-11-21 09:00:00,3.90533,1.08542,0.338537,3.56679,,,0.120643,19.987
2025-11-21 10:00:00,2.99089,0.881748,0.354577,2.63631,,,0.110366,17.826
2025-11-21 11:00:00,4.21944,1.07529,0.498949,3.7205,,,0.116467,23.123
2025-11-21 12:00:00,5.53619,1.46926,0.564011,4.97218,,,0.121366,31.83
2025-11-21 13:00:00,5.53662,1.73998,0.558105,4.97852,,,0.109287,23.395
2025-11-21 14:00:00,3.23543,1.07063,0.352971,2.88246,,,0.10103,18.655
2025-11-21 15:00:00,5.80047,1.34769,1.14597,4.65449,,,0.113688,23.629
2025-11-21 16:00:00,5.07012,1.18185,0.419481,4.65064,,,0.116794,24.518
2025-11-21 17:00:00,4.74718,1.09787,0.575509,4.17167,,,0.118639,25.53
2025-11-21 18:00:00,6.19086,1.44579,0.863363,5.3275,,,0.125414,31.942
2025-11-21 19:00:00,6.06457,1.81357,0.685427,5.37915,,,0.133755,32.051
2025-11-21 20:00:00,5.37171,1.41809,0.525013,4.8467,,,0.118068,28.481
2025-11-21 21:00:00,4.01587,1.26764,0.644559,3.37131,,,0.100005,20.933
2025-11-21 22:00:00,4.27929,1.63083,0.360685,3.9186,,,0.099809,25.351
2025-11-21 23:00:00,3.73523,1.97841,0.27263,3.4626,,,0.086762,16.195
2025-11-22 00:00:00,3.0052,1.74114,0.183781,2.82142,,,0.073614,9.61
2025-11-22 01:00:00,2.21232,1.45165,0.126646,2.08568,,,0.073873,7.053
2025-11-22 02:00:00,1.16683,0.846759,0.076143,1.09069,,,0.062934,4.393
2025-11-22 03:00:00,1.01596,0.942453,0.06352,0.952444,,,0.061312,4.438
2025-11-22 04:00:00,0.394188,0.339232,0.029024,0.365164,,,0.059212,3.062
2025-11-22 05:00:00,1.40073,1.22871,0.449756,0.950972,,,0.066668,6.193
2025-11-22 06:00:00,1.51089,0.782036,0.080406,1.43049,,,0.071375,6.39
2025-11-22 07:00:00,3.30198,1.1676,0.341165,2.96081,,,0.083392,11.964
2025-11-22 08:00:00,4.29174,1.0676,0.503862,3.78788,,,0.101184,19.314
2025-11-22 09:00:00,7.79991,2.12764,1.1768,6.62311,,,0.115178,28.64
2025-11-22 10:00:00,5.26304,1.26637,0.507647,4.75539,,,0.116437,26.51
2025-11-22 11:00:00,4.75317,1.12528,0.64976,4.10341,,,0.123334,25.068
2025-11-22 12:00:00,5.66422,1.36619,0.494816,5.1694,,,0.138638,28.121
2025-11-22 13:00:00,4.9786,1.31223,0.526411,4.45219,,,0.129755,27.483
2025-11-22 14:00:00,6.76799,1.93592,0.471079,6.29692,,,0.128186,27.849
2025-11-22 15:00:00,5.61259,1.53015,0.605643,5.00694,,,0.124367,26.953
2025-11-22 16:00:00,4.97663,1.29062,0.776369,4.20026,,,0.111117,22.205
2025-11-22 17:00:00,7.48171,1.9086,1.46513,6.01658,,,0.122679,32.264
2025-11-22 18:00:00,8.28676,2.0261,0.98546,7.3013,,,0.148901,35.683
2025-11-22 19:00:00,6.97993,1.56431,0.662772,6.31716,,,0.116192,28.802
2025-11-22 20:00:00,4.95439,1.33111,0.514825,4.43956,,,0.117639,23.924
2025-11-22 21:00:00,6.01407,2.09404,0.53709,5.47698,,,0.111552,25.461
2025-11-22 22:00:00,4.42436,1.8481,0.579539,3.84482,,,0.094883,17.579
2025-11-22 23:00:00,2.98403,1.36133,0.21523,2.7688,,,0.090042,14.597
2025-11-23 00:00:00,1.41675,0.733305,0.124844,1.2919,,,0.069247,7.178
2025-11-23 01:00:00,1.01422,0.564083,0.06262,0.9516,,,0.0658,4.973
2025-11-23 02:00:00,0.776602,0.397442,0.04611,0.730492,,,0.056486,3.183
2025-11-23 03:00:00,0.300901,0.200333,0.030122,0.270779,,,0.052063,1.636
2025-11-23 04:00:00,0.392797,0.265763,0.019792,0.373005,,,0.05418,1.544
2025-11-23 05:00:00,0.533092,0.289724,0.031365,0.501727,,,0.059308,2.777
2025-11-23 06:00:00,1.02095,0.497054,0.066193,0.954755,,,0.064863,4.603
2025-11-23 07:00:00,1.80199,0.755868,0.226139,1.57585,,,0.076375,7.641
2025-11-23 08:00:00,3.25902,0.901777,0.435986,2.82304,,,0.090436,13.755
2025-11-23 09:00:00,4.69194,1.28899,0.637236,4.0547,,,0.109113,19.145
2025-11-23 10:00:00,5.01213,1.28384,0.423438,4.58869,,,0.114968,22.184
2025-11-23 11:00:00,5.72727,1.40305,0.590876,5.13639,,,0.112691,22.679
2025-11-23 12:00:00,7.69475,1.80968,0.660475,7.03428,,,0.142686,26.299
2025-11-23 13:00:00,7.0609,1.85131,0.706655,6.35425,,,0.13967,28.525
2025-11-23 14:00:00,4.61139,1.27176,0.866313,3.74508,,,0.110004,20.755
2025-11-23 15:00:00,6.31738,1.54082,1.05641,5.26097,,,0.113439,25.906
2025-11-23 16:00:00,6.21054,1.447,0.646728,5.56381,,,0.108032,21.912
2025-11-23 17:00:00,6.0258,1.43883,0.659744,5.36606,,,0.117549,28.027
2025-11-23 18:00:00,6.97703,1.74775,1.3371,5.63994,,,0.117976,32.234
2025-11-23 19:00:00,4.87527,1.27358,0.870564,4.0047,,,0.113453,25.769
2025-11-23 20:00:00,3.70642,1.00445,0.463083,3.24334,,,0.109007,18.618
2025-11-23 21:00:00,3.46947,1.10072,0.386386,3.08309,,,0.096979,17.656
2025-11-23 22:00:00,3.7405,1.44644,0.620373,3.12012,,,0.095608,15.174
2025-11-23 23:00:00,4.38539,1.82421,0.218124,4.16727,,,0.097869,15.087
2025-11-24 00:00:00,0.542442,0.880588,0.023515,0.518927,,,0.092044,1.594
2025-11-24 01:00:00,4.7566,1.61679,0.13068,4.62592,,,0.07138,9.913
2025-11-24 02:00:00,1.45842,0.958228,0.071139,1.38728,,,0.05985,4.281
2025-11-24 03:00:00,1.3987,0.994805,0.108312,1.29038,,,0.057781,3.398
2025-11-24 04:00:00,0.348929,0.256566,0.089549,0.25938,,,0.054417,2.724
2025-11-24 05:00:00,0.752412,0.558169,0.045376,0.707036,,,0.056586,4.093
2025-11-24 06:00:00,1.25699,0.51856,0.081076,1.17591,,,0.066883,5.539
2025-11-24 07:00:00,3.75231,1.01579,0.589574,3.16274,,,0.09384,13.807
2025-11-24 08:00:00,5.30175,1.32676,0.675866,4.62589,,,0.122953,23.874
2025-11-24 09:00:00,3.33762,0.896245,0.62853,2.70909,,,0.105655,16.163
2025-11-24 10:00:00,2.46072,0.71491,0.247269,2.21345,,,0.100205,14.522
2025-11-24 11:00:00,4.84612,1.36819,0.391424,4.4547,,,0.116795,23.942
2025-11-24 12:00:00,5.47117,1.46601,0.59509,4.87608,,,0.119691,25.386
2025-11-24 13:00:00,7.71478,2.09983,2.10435,5.61043,,,0.129159,25.49
2025-11-24 14:00:00,3.82389,1.07594,0.504369,3.31953,,,0.119651,23.28
2025-11-24 15:00:00,3.54413,1.1567,0.608303,2.93583,,,0.105072,20.078
2025-11-24 16:00:00,2.78691,0.86282,0.693174,2.09374,,,0.110271,18.523
2025-11-24 17:00:00,4.75218,1.17686,0.519267,4.23291,,,0.114772,23.224
2025-11-24 18:00:00,4.76008,1.17649,0.476407,4.28367,,,0.124675,27.619
2025-11-24 19:00:00,6.63207,1.55756,0.620206,6.01186,,,0.115556,27.044
2025-11-24 20:00:00,3.26712,0.994256,0.296609,2.97051,,,0.105135,17.841
2025-11-24 21:00:00,3.69787,1.36655,0.393718,3.30415,,,0.108411,23.509
2025-11-24 22:00:00,2.52324,1.19585,0.17151,2.35173,,,0.086463,12.914
2025-11-24 23:00:00,1.76364,1.0171,0.347027,1.41661,,,0.079378,10.438
2025-11-25 00:00:00,1.68878,1.17767,0.07478,1.614,,,0.071388,4.485
2025-11-25 01:00:00,1.4306,1.0204,0.067891,1.36271,,,0.067796,5.65
2025-11-25 02:00:00,0.184485,0.155815,0.029301,0.155184,,,0.054605,1.167
2025-11-25 03:00:00,0.096065,0.088458,0.010675,0.08539,,,0.053499,1.265
2025-11-25 04:00:00,0.289837,0.206142,0.025427,0.26441,,,0.051725,1.391
2025-11-25 05:00:00,0.928748,0.642288,0.094176,0.834572,,,0.05728,3.427
2025-11-25 06:00:00,1.19625,0.564269,0.108894,1.08736,,,0.065331,4.592
2025-11-25 07:00:00,3.19645,0.989613,0.329059,2.86739,,,0.09023,13.832
2025-11-25 08:00:00,4.91494,1.23615,0.45181,4.46313,,,0.110337,19.947
2025-11-25 09:00:00,2.34703,0.792917,0.298193,2.04884,,,0.099715,12.419
2025-11-25 10:00:00,3.80655,1.34888,0.254304,3.55225,,,0.103744,19.493
2025-11-25 11:00:00,3.11684,0.923783,0.336098,2.78074,,,0.106196,19.645
2025-11-25 12:00:00,6.41953,1.55061,0.652054,5.76747,,,0.123655,26.951
2025-11-25 13:00:00,4.96871,1.56643,0.622067,4.34664,,,0.106224,20.12
2025-11-25 14:00:00,4.22235,1.46102,0.476654,3.7457,,,0.10981,16.756
2025-11-25 15:00:00,3.7658,1.10047,0.494714,3.27109,,,0.113079,16.418
2025-11-25 16:00:00,3.26579,0.989635,0.342878,2.92292,,,0.104961,16.556
2025-11-25 17:00:00,5.68286,1.40248,0.578371,5.10449,,,0.120986,27.466
2025-11-25 18:00:00,6.63881,1.52898,1.09484,5.54397,,,0.126619,29.919
2025-11-25 19:00:00,5.27056,2.30155,0.481047,4.78951,,,0.119371,25.674
2025-11-25 20:00:00,3.05236,3.08943,0.515931,2.53643,,,0.103347,17.067
2025-11-25 21:00:00,2.90682,3.4854,0.537322,2.3695,,,0.103229,15.493
2025-11-25 22:00:00,2.2751,2.81572,0.252592,2.02251,,,0.087025,11.644
2025-11-25 23:00:00,1.32667,3.28385,0.088724,1.23795,,,0.071102,6.549
2025-11-26 00:00:00,1.44712,8.51245,0.105665,1.34145,,,0.064335,5.49
2025-11-26 01:00:00,0.744979,3.10407,0.045173,0.699806,,,0.058708,3.68
2025-11-26 02:00:00,0.485333,2.6963,0.046827,0.438506,,,0.056252,1.425
2025-11-26 03:00:00,0.434341,3.94856,0.025031,0.40931,,,0.051997,1.649
2025-11-26 04:00:00,0.848369,6.42702,0.026472,0.821897,,,0.052111,1.717
2025-11-26 05:00:00,0.302589,1.59257,0.013289,0.2893,,,0.054348,1.452
2025-11-26 06:00:00,0.709556,2.27421,0.067413,0.642143,,,0.061657,3.865
2025-11-26 07:00:00,2.63091,2.97614,0.198101,2.43281,,,0.085276,11.558
2025-11-26 08:00:00,4.36222,3.37633,0.381834,3.98039,,,0.105213,18.552
2025-11-26 09:00:00,2.23928,2.71758,0.337648,1.90164,,,0.095098,11.608
2025-11-26 10:00:00,1.94992,2.45581,0.261628,1.68829,,,0.092827,10.795
2025-11-26 11:00:00,3.07912,2.91583,0.543393,2.53573,,,0.10211,16.209
2025-11-26 12:00:00,6.10717,5.30136,0.632747,5.47442,,,0.117049,18.664
2025-11-26 13:00:00,2.72851,2.45812,0.243409,2.4851,,,0.095421,14.535
2025-11-26 14:00:00,3.20969,3.4888,0.286626,2.92307,,,0.099939,14.161
2025-11-26 15:00:00,2.30741,3.03606,0.2883,2.01911,,,0.095696,14.003
2025-11-26 16:00:00,4.10484,3.70473,0.312631,3.79221,,,0.100058,16.276
2025-11-26 17:00:00,4.15807,3.26379,0.407524,3.75055,,,0.105726,18.592
2025-11-26 18:00:00,6.11186,4.56791,0.91348,5.19838,,,0.122974,26.501
2025-11-26 19:00:00,4.49512,4.35573,0.418234,4.07688,,,0.104759,19.275
2025-11-26 20:00:00,4.15021,4.91731,0.355702,3.79451,,,0.104401,18.099
2025-11-26 21:00:00,4.48465,5.60582,0.347934,4.13672,,,0.110292,20.682
2025-11-26 22:00:00,4.97154,6.96294,0.625819,4.34572,,,0.088152,13.776
2025-11-26 23:00:00,2.08691,2.86664,0.165249,1.92166,,,0.082738,10.379
2025-11-27 00:00:00,1.37498,3.47218,0.101932,1.27305,,,0.069032,5.556
2025-11-27 01:00:00,1.4265,4.6315,0.080393,1.34611,,,0.060337,4.675
2025-11-27 02:00:00,0.660088,1.55681,0.042298,0.61779,,,0.059353,2.41
2025-11-27 03:00:00,0.76352,2.09758,0.034176,0.729344,,,0.054139,2.031
2025-11-27 04:00:00,0.741808,2.07209,0.027366,0.714442,,,0.053519,1.581
2025-11-27 05:00:00,2.79863,12.063,1.35709,1.44154,,,0.064748,5.242
2025-11-27 06:00:00,0.758171,1.86742,0.069555,0.688616,,,0.060912,3.311
2025-11-27 07:00:00,3.45416,4.3946,0.31329,3.14087,,,0.08854,13.23
2025-11-27 08:00:00,3.85828,3.17293,0.328937,3.52934,,,0.101596,17.076
2025-11-27 09:00:00,1.79056,1.79775,0.318956,1.47161,,,0.091229,10.803
2025-11-27 10:00:00,2.08561,1.56577,0.208975,1.87664,,,0.094417,11.952
2025-11-27 11:00:00,3.04829,2.61431,0.272057,2.77623,,,0.100397,12.94
2025-11-27 12:00:00,4.50484,4.29851,0.288492,4.21634,,,0.108203,17.283
2025-11-27 13:00:00,4.07174,4.73458,0.282896,3.78884,,,0.097489,14.987
2025-11-27 14:00:00,3.43832,3.92502,0.230859,3.20746,,,0.103701,15.214
2025-11-27 15:00:00,2.90794,3.85669,0.280026,2.62792,,,0.098217,15.159
2025-11-27 16:00:00,3.35006,3.17842,0.795934,2.55412,,,0.100018,14.781
2025-11-27 17:00:00,4.59309,3.85974,0.631328,3.96177,,,0.1131,23.157
2025-11-27 18:00:00,5.83021,4.26809,0.588116,5.24209,,,0.121228,28.589
2025-11-27 19:00:00,4.59459,4.53115,0.434942,4.15964,,,0.103538,19.152
2025-11-27 20:00:00,3.1269,3.6191,0.398184,2.72872,,,0.100814,16.593
2025-11-27 21:00:00,2.45235,2.5706,0.326981,2.12537,,,0.111528,14.898
2025-11-27 22:00:00,2.84158,4.25386,0.36618,2.4754,,,0.0795,10.908
2025-11-27 23:00:00,3.48072,4.72924,0.291444,3.18928,,,0.079699,9.431
2025-11-28 00:00:00,1.26861,3.33844,0.074878,1.19373,,,0.062654,4.925
2025-11-28 01:00:00,0.993436,2.71431,0.091721,0.901715,,,0.062953,4.87
2025-11-28 02:00:00,0.651306,1.11908,0.049326,0.60198,,,0.06655,3.197
2025-11-28 03:00:00,0.239727,0.542369,0.043486,0.196241,,,0.052798,1.088
2025-11-28 04:00:00,0.139902,0.360572,0.012355,0.127547,,,0.051203,0.889
2025-11-28 05:00:00,0.550397,2.06916,0.06598,0.484417,,,0.062342,2.336
2025-11-28 06:00:00,1.19548,3.11323,0.116563,1.07892,,,0.064234,4.349
2025-11-28 07:00:00,2.66465,3.07696,0.257718,2.40693,,,0.081659,9.966
2025-11-28 08:00:00,3.1029,2.54754,0.282964,2.81994,,,0.106687,16.998
2025-11-28 09:00:00,2.60748,2.60748,0.395173,2.21231,,,0.102188,14.099
2025-11-28 10:00:00,3.23486,3.82371,0.428702,2.80616,,,0.106396,14.761
2025-11-28 11:00:00,4.29378,2.83231,0.380868,3.91291,,,0.108652,18.12
2025-11-28 12:00:00,4.67702,3.0489,0.325305,4.35172,,,0.110114,20.764
2025-11-28 13:00:00,4.20443,3.5272,0.403333,3.8011,,,0.115741,18.109
2025-11-28 14:00:00,3.73258,3.3446,0.713007,3.01957,,,0.117057,18.104
2025-11-28 15:00:00,2.44207,2.87981,0.483009,1.95907,,,0.115011,13.78
2025-11-28 16:00:00,3.62641,3.33923,0.501911,3.1245,,,0.108777,16.192
2025-11-28 17:00:00,5.3331,3.34994,0.550603,4.78249,,,0.129782,27.298
2025-11-28 18:00:00,6.01067,3.44648,0.694001,5.31667,,,0.130023,30.173
2025-11-28 19:00:00,8.03646,6.71945,0.576846,7.45962,,,0.128236,21.711
2025-11-28 20:00:00,5.38014,5.31634,0.745869,4.63427,,,0.120463,21.082
2025-11-28 21:00:00,2.28493,2.84904,0.381278,1.90366,,,0.10195,18.963
2025-11-28 22:00:00,2.58837,3.62517,0.443013,2.14536,,,0.092329,15.461
2025-11-28 23:00:00,3.57583,9.12202,0.286749,3.28908,,,0.089404,15.006
2025-11-29 00:00:00,1.95188,5.74081,0.226226,1.72565,,,0.07468,10.604
2025-11-29 01:00:00,1.57977,4.9368,0.137328,1.44245,,,0.079807,4.625
2025-11-29 02:00:00,0.518578,1.81321,0.0881,0.430478,,,0.057712,2.448
2025-11-29 03:00:00,0.307069,3.57057,0.032011,0.275058,,,0.05052,1.215
2025-11-29 04:00:00,0.833051,4.43112,0.456099,0.376952,,,0.053592,2.214
2025-11-29 05:00:00,2.1578,16.5985,1.15129,1.00652,,,0.062429,5.456
2025-11-29 06:00:00,0.924268,2.43228,0.055167,0.869101,,,0.062331,3.517
2025-11-29 07:00:00,1.85973,3.49573,0.133143,1.72659,,,0.076132,8.044
2025-11-29 08:00:00,4.26902,3.65498,0.965104,3.30392,,,0.093589,13.236
2025-11-29 09:00:00,3.12181,2.95626,0.269378,2.85244,,,0.093847,11.467
2025-11-29 10:00:00,3.76912,3.37734,0.329176,3.43994,,,0.098968,15.223
2025-11-29 11:00:00,2.85227,2.71645,0.723297,2.12897,,,0.097429,13.772
2025-11-29 12:00:00,4.32485,3.06727,0.425026,3.89982,,,0.118155,21.737
2025-11-29 13:00:00,5.41749,5.06308,0.436855,4.98064,,,0.10952,22.82
2025-11-29 14:00:00,2.77788,3.67444,0.216417,2.56146,,,0.105876,15.691
2025-11-29 15:00:00,2.63913,3.2825,0.388798,2.25033,,,0.095606,13.342
2025-11-29 16:00:00,2.75512,2.69581,0.408177,2.34694,,,0.096203,14.541
2025-11-29 17:00:00,3.88604,3.42685,0.403098,3.48294,,,0.107351,18.448
2025-11-29 18:00:00,5.31959,4.70761,0.354115,4.96548,,,0.10219,16.699
2025-11-29 19:00:00,4.90194,4.48075,0.673479,4.22846,,,0.110918,21.618
2025-11-29 20:00:00,5.07397,4.43529,0.508992,4.56498,,,0.1093,20.734
2025-11-29 21:00:00,3.64765,3.83157,0.426528,3.22112,,,0.099296,15.383
2025-11-29 22:00:00,2.73854,5.20636,0.507141,2.2314,,,0.097871,12.322
2025-11-29 23:00:00,2.96563,8.57118,0.202382,2.76325,,,0.09136,11.465
2025-11-30 00:00:00,1.84568,8.16673,0.117928,1.72775,,,0.069941,5.637
2025-11-30 01:00:00,0.668028,4.33784,0.049645,0.618383,,,0.062712,3.503
2025-11-30 02:00:00,0.512943,3.12769,0.039373,0.47357,,,0.051893,1.453
2025-11-30 03:00:00,0.453374,1.63084,0.020826,0.432548,,,0.051866,1.163
2025-11-30 04:00:00,0.155849,0.735137,0.017473,0.138376,,,0.051521,0.818
2025-11-30 05:00:00,0.409159,1.96711,0.034017,0.375142,,,0.053601,1.777
2025-11-30 06:00:00,0.584345,2.33738,0.03333,0.551015,,,0.057199,1.907
2025-11-30 07:00:00,1.56838,3.18776,0.122002,1.44637,,,0.070303,6.396
2025-11-30 08:00:00,1.505,1.7419,0.173342,1.33166,,,0.081635,8.36
2025-11-30 09:00:00,2.74391,3.47331,0.197207,2.54671,,,0.090302,11.835
2025-11-30 10:00:00,3.08124,2.94012,0.361527,2.71972,,,0.097871,13.103
2025-11-30 11:00:00,4.19716,3.95958,0.608314,3.58885,,,0.104967,18.697
2025-11-30 12:00:00,3.8439,2.88581,0.453294,3.3906,,,0.110111,19.275
2025-11-30 13:00:00,4.34663,4.17945,0.30769,4.03894,,,0.10545,17.076
2025-11-30 14:00:00,3.23644,3.51787,0.342297,2.89414,,,0.093801,13.565
2025-11-30 15:00:00,3.39119,3.89791,0.452743,2.93844,,,0.094826,13.82
2025-11-30 16:00:00,3.20957,2.19834,0.340318,2.86925,,,0.11118,15.435
2025-11-30 17:00:00,3.77784,3.03685,0.553138,3.2247,,,0.10479,17.117
2025-11-30 18:00:00,4.89986,4.25335,0.599692,4.30016,,,0.115147,20.615
2025-11-30 19:00:00,3.91706,4.19386,0.638352,3.27871,,,0.127292,22.584
2025-11-30 20:00:00,2.61881,3.2411,0.388145,2.23067,,,0.123576,20.101
2025-11-30 21:00:00,3.78329,5.15434,0.355504,3.42778,,,0.102536,15.767
2025-11-30 22:00:00,2.47859,4.201,0.200547,2.27805,,,0.083173,9.396
2025-11-30 23:00:00,1.94319,4.22432,0.132688,1.8105,,,0.082637,8.873
2025-12-01 00:00:00,1.24986,2.81501,0.067142,1.18272,,,0.066641,4.918
2025-12-01 01:00:00,0.743302,2.19912,0.045949,0.697353,,,0.063653,3.938
2025-12-01 02:00:00,0.559891,3.83488,0.024243,0.535648,,,0.053209,2.077
2025-12-01 03:00:00,0.171198,1.71198,0.012248,0.15895,,,0.051119,1.044
2025-12-01 04:00:00,0.318684,1.33901,0.029133,0.289551,,,0.052548,1.915
2025-12-01 05:00:00,0.698881,2.08,0.034181,0.6647,,,0.055103,2.523
2025-12-01 06:00:00,0.75636,1.32695,0.07695,0.67941,,,0.061169,3.678
2025-12-01 07:00:00,2.77067,2.88612,0.785322,1.98535,,,0.085477,12.08
2025-12-01 08:00:00,5.80871,4.92264,1.84389,3.96482,,,0.108885,20.102
2025-12-01 09:00:00,5.3368,4.1179,1.53768,3.79912,,,0.104247,15.278
2025-12-01 10:00:00,2.48438,2.10898,0.471418,2.01297,,,0.093379,13.243
2025-12-01 11:00:00,2.43407,2.0558,0.452191,1.98188,,,0.101608,13.89
2025-12-01 12:00:00,5.60313,4.63068,0.929418,4.67371,,,0.105829,17.673
2025-12-01 13:00:00,3.65537,3.69977,0.366795,3.28857,,,0.102749,15.11
2025-12-01 14:00:00,2.79983,2.92869,0.336558,2.46327,,,0.099077,13.065
2025-12-01 15:00:00,2.12841,2.6212,0.219541,1.90887,,,0.093497,11.944
2025-12-01 16:00:00,1.97966,2.41422,0.307007,1.67265,,,0.098837,14.961
2025-12-01 17:00:00,4.84985,3.77714,0.53575,4.3141,,,0.11802,22.035
2025-12-01 18:00:00,6.44944,4.8565,1.18518,5.26426,,,0.120713,24.205
2025-12-01 19:00:00,3.40517,2.66445,0.581599,2.82357,,,0.105712,17.821
2025-12-01 20:00:00,3.27112,3.07436,0.701668,2.56946,,,0.107217,18.754
2025-12-01 21:00:00,3.0691,4.50015,0.650099,2.419,,,0.112598,18.241
2025-12-01 22:00:00,3.41002,7.07473,0.213195,3.19682,,,0.095361,12.07
2025-12-01 23:00:00,3.06438,9.06621,0.50186,2.56252,,,0.082754,7.107
2025-12-02 00:00:00,1.06365,3.93944,0.151124,0.912525,,,0.064338,4.419
2025-12-02 01:00:00,0.934123,4.17019,0.025685,0.908438,,,0.064661,2.73
2025-12-02 02:00:00,0.416095,1.60037,0.020518,0.395577,,,0.056718,1.686
2025-12-02 03:00:00,1.14689,5.7924,0.020539,1.12635,,,0.051826,1.63
2025-12-02 04:00:00,0.359824,1.99903,0.01751,0.342314,,,0.052077,1.385
2025-12-02 05:00:00,0.776094,2.39535,0.022993,0.753101,,,0.053478,1.477
2025-12-02 06:00:00,0.759058,1.93637,0.034657,0.724401,,,0.059688,2.51
2025-12-02 07:00:00,2.17564,2.42817,0.174704,2.00094,,,0.085322,10.447
2025-12-02 08:00:00,4.73856,4.1421,1.45268,3.28588,,,0.10411,18.14
2025-12-02 09:00:00,3.55405,4.26145,0.90094,2.65311,,,0.104621,13.024
2025-12-02 10:00:00,2.33935,2.32078,0.251317,2.08803,,,0.094187,12.747
2025-12-02 11:00:00,3.11439,2.77081,0.422557,2.69184,,,0.106776,15.545
2025-12-02 12:00:00,4.31031,3.36743,0.565307,3.745,,,0.1266,19.889
2025-12-02 13:00:00,3.64081,3.1012,0.288348,3.35246,,,0.12392,19.405
2025-12-02 14:00:00,3.01115,3.55928,0.236974,2.77418,,,0.121892,14.985
2025-12-02 15:00:00,3.97254,4.01267,0.314729,3.65781,,,0.11346,17.642
2025-12-02 16:00:00,3.096,3.8128,0.307685,2.78831,,,0.102475,16.097
2025-12-02 17:00:00,4.93422,4.07114,0.453768,4.48045,,,0.118409,18.81
2025-12-02 18:00:00,4.32204,3.53686,0.474288,3.84775,,,0.124422,20.555
2025-12-02 19:00:00,3.51311,3.73735,0.636375,2.87673,,,0.111875,17.814
2025-12-02 20:00:00,3.26165,3.85537,0.307228,2.95442,,,0.095137,14.846
2025-12-02 21:00:00,2.72994,5.5713,0.368491,2.36144,,,0.103054,19.093
2025-12-02 22:00:00,7.55924,14.9392,0.731314,6.82793,,,0.097492,16.911
2025-12-02 23:00:00,2.23814,8.2894,0.389227,1.84891,,,0.087056,9.926
2025-12-03 00:00:00,0.64401,3.53851,0.049399,0.594611,,,0.066634,2.372
2025-12-03 01:00:00,0.776713,6.06808,0.029917,0.746796,,,0.062028,2.865
2025-12-03 02:00:00,0.379273,1.91552,0.0145,0.364773,,,0.054197,1.484
2025-12-03 03:00:00,0.229246,1.15781,0.01864,0.210606,,,0.05364,0.897
2025-12-03 04:00:00,0.530771,2.55178,0.018263,0.512508,,,0.055317,1.056
2025-12-03 05:00:00,0.548896,2.71731,0.037473,0.511423,,,0.071479,2.908
2025-12-03 06:00:00,1.06935,2.44143,0.068002,1.00134,,,0.071503,3.773
2025-12-03 07:00:00,2.42313,3.09073,0.303044,2.12009,,,0.093455,9.286
2025-12-03 08:00:00,6.48729,5.6906,1.52337,4.96392,,,0.12437,19.042
2025-12-03 09:00:00,3.02774,3.52062,0.567563,2.46017,,,0.115788,15.327
2025-12-03 10:00:00,2.83412,2.72512,0.268674,2.56545,,,0.114525,14.559
2025-12-03 11:00:00,4.14965,3.71167,0.324177,3.82547,,,0.12324,17.214
2025-12-03 12:00:00,3.69909,2.71592,0.36148,3.33761,,,0.123922,17.977
2025-12-03 13:00:00,5.22876,5.39048,0.299545,4.92922,,,0.119791,15.457
2025-12-03 14:00:00,4.33487,6.64858,0.256477,4.07839,,,0.114256,13.284
2025-12-03 15:00:00,4.02759,4.93578,0.894829,3.13276,,,0.116107,16.744
2025-12-03 16:00:00,2.55857,2.80545,0.478083,2.08049,,,0.107767,13.887
2025-12-03 17:00:00,4.60509,3.39108,0.519695,4.0854,,,0.126711,22.862
2025-12-03 18:00:00,5.8401,3.58288,0.516168,5.32393,,,0.137523,28.656
2025-12-03 19:00:00,5.25087,3.80498,0.450111,4.80076,,,0.127648,23.572
2025-12-03 20:00:00,4.20566,4.72547,0.45659,3.74907,,,0.113265,18.867
2025-12-03 21:00:00,3.90999,8.11201,0.268602,3.64139,,,0.107345,14.15
2025-12-03 22:00:00,4.47684,10.7101,0.170115,4.30673,,,0.09953,9.971
2025-12-03 23:00:00,3.84786,12.6574,0.232132,3.61572,,,0.093076,10.987
2025-12-04 00:00:00,1.16402,3.70708,0.149832,1.01419,,,0.090236,4.908
2025-12-04 01:00:00,0.458537,2.24773,0.04888,0.409657,,,0.070341,3.535
2025-12-04 02:00:00,0.79944,5.40162,0.048308,0.751132,,,0.062803,3.746
2025-12-04 03:00:00,0.148489,1.10813,0.033176,0.115313,,,0.058891,1.18
2025-12-04 04:00:00,0.837364,3.32287,0.096277,0.741087,,,0.060499,2.449
2025-12-04 05:00:00,0.43633,1.06422,0.069105,0.367225,,,0.060521,5.389
2025-12-04 06:00:00,0.919563,3.12777,0.05741,0.862153,,,0.069207,4.81
2025-12-04 07:00:00,2.21233,3.33182,0.274244,1.93809,,,0.093547,10.071
2025-12-04 08:00:00,3.58341,3.29357,0.64671,2.9367,,,0.115356,17.332
2025-12-04 09:00:00,2.89271,3.25023,0.324283,2.56842,,,0.107603,12.794
2025-12-04 10:00:00,2.74239,3.77739,0.462916,2.27947,,,0.109226,13.926
2025-12-04 11:00:00,3.01078,3.11675,0.627477,2.3833,,,0.112523,15.26
2025-12-04 12:00:00,4.70435,3.71005,0.869479,3.83487,,,0.116715,21.577
2025-12-04 13:00:00,3.11998,3.5056,0.269004,2.85098,,,0.115105,15.944
2025-12-04 14:00:00,4.06011,4.76539,1.73276,2.32735,,,0.119477,16.026
2025-12-04 15:00:00,8.68843,12.3415,0.761312,7.92711,,,0.122429,13.698
2025-12-04 16:00:00,3.3501,3.1784,0.7959,2.5541,,,0.1,14.781
2025-12-04 17:00:00,15.957,11.8376,0.644266,15.3128,,,0.14203,24.062
2025-12-04 18:00:00,5.30704,4.23885,0.769991,4.53704,,,0.130214,23.732
2025-12-04 19:00:00,4.49187,5.23528,0.629896,3.86198,,,0.125353,19.465
2025-12-04 20:00:00,3.01797,3.80097,0.429325,2.58865,,,0.113796,20.083
2025-12-04 21:00:00,2.63612,4.89985,0.523136,2.11298,,,0.107618,17.442
2025-12-04 22:00:00,2.43111,3.47302,0.402792,2.02832,,,0.108187,16.396
2025-12-04 23:00:00,1.3785,2.95816,0.195209,1.18329,,,0.097106,11.042
2025-12-05 00:00:00,1.00904,5.14815,0.097573,0.911465,,,0.082069,5.295
2025-12-05 01:00:00,1.00472,8.37268,0.031216,0.973506,,,0.067515,2.17
2025-12-05 02:00:00,0.385951,2.573,0.016776,0.369175,,,0.06486,1.251
2025-12-05 03:00:00,0.259979,2.70811,0.018519,0.24146,,,0.059088,1.101
2025-12-05 04:00:00,0.180205,0.99013,0.013586,0.166619,,,0.054157,0.847
2025-12-05 05:00:00,0.342907,1.8841,0.013612,0.329295,,,0.058526,1.229
2025-12-05 06:00:00,0.620452,1.37268,0.051383,0.569069,,,0.076196,3.245
2025-12-05 07:00:00,3.85471,4.25465,0.206041,3.64867,,,0.104767,13.12
2025-12-05 08:00:00,3.75895,2.88263,0.350991,3.40796,,,0.111982,16.861
2025-12-05 09:00:00,2.35366,2.82213,0.254656,2.099,,,0.104109,10.692
2025-12-05 10:00:00,2.44437,2.70395,0.591119,1.85325,,,0.109984,11.311
2025-12-05 11:00:00,2.90245,2.86804,0.434698,2.46776,,,0.11714,13.813
2025-12-05 12:00:00,4.55794,3.8302,0.415855,4.14209,,,0.127531,18.294
2025-12-05 13:00:00,3.43734,3.71202,0.352947,3.08439,,,0.122897,17.607
2025-12-05 14:00:00,2.60744,3.40397,0.321212,2.28623,,,0.128988,12.719
2025-12-05 15:00:00,1.68309,2.27444,0.21866,1.46443,,,0.110784,9.636
2025-12-05 16:00:00,3.93604,3.69235,0.420867,3.51518,0.304569,0.056528,0.114442,15.96
2025-12-05 17:00:00,7.58708,5.25421,1.69686,5.89022,0.378312,0.091271,0.132427,26.882
2025-12-05 18:00:00,4.83672,3.6476,0.572456,4.26426,0.323308,0.083512,0.130629,24.818
2025-12-05 19:00:00,4.2041,3.24892,0.685715,3.51839,0.329979,0.065475,0.129351,22.37
2025-12-05 20:00:00,4.37273,3.59599,0.37824,3.99449,0.294513,0.065058,0.115072,15.976
2025-12-05 21:00:00,3.51519,3.85437,0.376857,3.13833,0.274437,0.054595,0.105992,16.237
2025-12-05 22:00:00,2.45453,4.23195,0.250364,2.20417,0.233447,0.05292,0.100973,11.601
2025-12-05 23:00:00,2.51141,4.66805,0.174387,2.33702,0.227516,0.064857,0.100208,9.928
2025-12-06 00:00:00,2.90298,3.14856,0.401652,2.50133,0.223374,0.055487,0.092997,8.266
2025-12-06 01:00:00,1.44195,3.33785,0.121301,1.32065,0.21977,0.037464,0.081277,7.225
2025-12-06 02:00:00,1.87012,5.84413,0.070281,1.79984,0.165825,0.030023,0.101067,4.184
2025-12-06 03:00:00,0.48796,2.05026,0.037372,0.450588,0.097124,0.011375,0.063904,1.51
2025-12-06 04:00:00,0.594788,3.13047,0.015548,0.57924,0.091232,0.013533,0.058891,1.766
2025-12-06 05:00:00,0.991424,4.46587,0.038034,0.95339,0.073666,0.011336,0.058308,2.484
2025-12-06 06:00:00,0.659453,2.35519,0.042264,0.617189,0.118687,0.008901,0.065764,2.521
2025-12-06 07:00:00,1.52186,3.25184,0.177375,1.34449,0.213284,0.022369,0.084978,7.401
2025-12-06 08:00:00,2.36736,3.04288,0.360578,2.00678,0.260458,0.039677,0.106592,11.718
2025-12-06 09:00:00,2.77156,2.67526,0.414873,2.35669,0.255274,0.040834,0.108382,11.832
2025-12-06 10:00:00,3.16905,2.71788,0.368525,2.80053,0.280973,0.051847,0.117125,17.017
2025-12-06 11:00:00,3.90049,3.65214,0.525821,3.37467,0.309033,0.062253,0.134141,19.707
2025-12-06 12:00:00,3.76981,3.15201,0.570115,3.19969,0.318406,0.077981,0.121345,19.001
2025-12-06 13:00:00,3.9645,3.3148,0.379392,3.58511,0.32508,0.065154,0.113284,15.414
2025-12-06 14:00:00,4.85191,4.44314,0.586399,4.26551,0.337321,0.080903,0.120047,18.976
2025-12-06 15:00:00,4.25187,2.91224,0.532258,3.71962,0.323827,0.061653,0.114639,16.906
2025-12-06 16:00:00,4.07839,2.89248,0.563452,3.51494,0.321504,0.061138,0.116544,19.404
2025-12-06 17:00:00,3.40038,1.90178,0.529267,2.87111,0.343419,0.05784,0.119008,18.996
2025-12-06 18:00:00,3.66057,2.46669,0.52526,3.13531,0.310615,0.072638,0.132587,20.314
2025-12-06 19:00:00,4.20585,3.02144,0.854776,3.35107,0.337338,0.066994,0.125477,21.914
2025-12-06 20:00:00,3.78778,3.04974,0.661041,3.12674,0.314798,0.062228,0.12773,18.805
2025-12-06 21:00:00,2.74972,2.6039,0.319319,2.4304,0.301386,0.048377,0.113457,14.537
2025-12-06 22:00:00,2.69872,3.55094,0.242665,2.45605,0.273866,0.057524,0.112566,11.816
2025-12-06 23:00:00,2.31417,2.94423,0.202389,2.11178,0.261521,0.060799,0.106667,8.932
2025-12-07 00:00:00,1.64359,2.14567,0.181656,1.46193,0.196287,0.033003,0.08696,8.157
2025-12-07 01:00:00,1.24137,2.02177,0.082691,1.15868,0.146324,0.031308,0.084286,4.606
2025-12-07 02:00:00,2.31892,4.26273,0.124349,2.19457,0.142871,0.031591,0.075389,6.215
2025-12-07 03:00:00,0.465005,0.793524,0.02412,0.440885,0.08526,0.009036,0.061618,1.812
2025-12-07 04:00:00,0.659742,1.36876,0.029169,0.630573,0.137323,0.018949,0.069145,2.307
2025-12-07 05:00:00,0.909457,2.26233,0.317029,0.592428,0.087323,0.010772,0.067407,2.898
2025-12-07 06:00:00,1.0077,1.42734,0.075617,0.932082,0.16712,0.013795,0.078467,3.871
2025-12-07 07:00:00,1.87777,2.8712,0.121557,1.75621,0.192976,0.026,0.085036,5.742
2025-12-07 08:00:00,2.11007,2.14003,0.200205,1.90986,0.258845,0.029513,0.098761,9.396
2025-12-07 09:00:00,2.94546,2.49616,0.271496,2.67397,0.263669,0.043168,0.128483,14.366
2025-12-07 10:00:00,4.25799,3.59021,0.653699,3.6043,0.291351,0.054525,0.130958,15.506
2025-12-07 11:00:00,3.23049,2.49651,0.284601,2.94589,0.309933,0.052056,0.116423,15.232
2025-12-07 12:00:00,3.34596,2.19551,0.511931,2.83403,0.352855,0.056714,0.119702,18.233
2025-12-07 13:00:00,4.20677,2.86956,0.719012,3.48776,0.293829,0.064931,0.131222,17.22
2025-12-07 14:00:00,4.95051,3.71102,0.549355,4.40115,0.287347,0.061848,0.120945,16.222
2025-12-07 15:00:00,3.283,2.25171,0.387026,2.89597,0.282228,0.055026,0.112706,15.372
2025-12-07 16:00:00,4.11003,2.64481,0.532262,3.57777,0.300514,0.071313,0.120887,18.155
2025-12-07 17:00:00,4.583,2.67386,0.509565,4.07344,0.318515,0.07245,0.123663,20.493
2025-12-07 18:00:00,3.44218,2.25273,0.397257,3.04492,0.317664,0.078775,0.122162,17.834
2025-12-07 19:00:00,4.54233,4.37604,0.808909,3.73342,0.305565,0.065044,0.117428,17.595
2025-12-07 20:00:00,2.57098,2.51563,0.331956,2.23902,0.288108,0.045623,0.117437,16.218
2025-12-07 21:00:00,2.93707,3.50485,0.248102,2.68897,0.25156,0.05255,0.103647,12.001
2025-12-07 22:00:00,1.86361,2.66993,0.188103,1.6755,0.219991,0.045858,0.089915,8.791
2025-12-07 23:00:00,1.89013,3.52635,0.177498,1.71263,0.199549,0.036916,0.085683,9.213
2025-12-08 00:00:00,2.86705,4.42447,0.190395,2.67666,0.207761,0.054852,0.086,7.565
2025-12-08 01:00:00,0.869623,1.75327,0.072609,0.797014,0.146133,0.029181,0.074198,3.022
2025-12-08 02:00:00,0.836571,2.05042,0.052139,0.784432,0.118242,0.020162,0.067124,2.411
2025-12-08 03:00:00,0.537389,2.39906,0.028092,0.509297,0.114481,0.017994,0.065257,1.806
2025-12-08 04:00:00,0.159077,0.828526,0.018757,0.14032,0.059079,0.002214,0.055062,1.026
2025-12-08 05:00:00,0.323842,2.10287,0.016785,0.307057,0.062709,0.004455,0.057511,1.323
2025-12-08 06:00:00,0.641839,1.59662,0.186437,0.455402,0.11753,0.008284,0.066151,2.58
2025-12-08 07:00:00,2.60769,2.92341,0.518771,2.08892,0.258614,0.03741,0.097146,11.751
2025-12-08 08:00:00,2.82234,2.03046,0.278851,2.54349,0.277522,0.04748,0.118376,14.985
2025-12-08 09:00:00,1.98973,2.05127,0.219596,1.77014,0.266747,0.032723,0.109366,11.946
2025-12-08 10:00:00,1.80988,1.67892,0.317451,1.49243,0.2748,0.037104,0.113841,9.61
2025-12-08 11:00:00,2.5607,1.90245,0.36772,2.19298,0.311505,0.05068,0.121763,15.369
2025-12-08 12:00:00,4.49977,3.49905,0.496133,4.00364,0.336425,0.069112,0.12686,20.214
2025-12-08 13:00:00,3.95855,3.02179,0.458155,3.50039,0.323059,0.061806,0.119252,19.147
2025-12-08 14:00:00,2.76374,2.38665,0.289091,2.47465,0.27808,0.046103,0.118149,16.762
2025-12-08 15:00:00,7.10241,8.53655,0.55256,6.54985,0.296545,0.091708,0.120331,22.138
2025-12-08 16:00:00,5.34457,4.75496,0.345032,4.99954,0.29597,0.07697,0.124891,17.199
2025-12-08 17:00:00,5.10346,3.02338,0.62393,4.47953,0.365154,0.099488,0.136783,29.6
2025-12-08 18:00:00,9.35539,5.08445,1.756,7.59939,0.359789,0.125233,0.153818,39.164
2025-12-08 19:00:00,4.22109,2.73033,0.56274,3.65835,0.31004,0.081129,0.13217,20.683
2025-12-08 20:00:00,4.10169,3.09796,0.471777,3.62992,0.290465,0.074138,0.117215,18.999
2025-12-08 21:00:00,2.55112,2.03764,0.267331,2.28379,0.314101,0.051436,0.102906,14.908
2025-12-08 22:00:00,1.63611,1.98557,0.230536,1.40557,0.254931,0.038938,0.096462,12.884
2025-12-08 23:00:00,2.00624,3.31062,0.18102,1.82522,0.22482,0.03853,0.091701,11.394
2025-12-09 00:00:00,1.62463,3.35667,0.103602,1.52102,0.219566,0.035802,0.087449,7.814
2025-12-09 01:00:00,0.828881,3.48269,0.045394,0.783487,0.153456,0.019367,0.075915,5.051
2025-12-09 02:00:00,0.687156,3.94918,0.050621,0.636535,0.056055,0.012469,0.057251,1.844
2025-12-09 03:00:00,0.544898,3.06123,0.031685,0.513213,0.083238,0.015438,0.062323,1.512
2025-12-09 04:00:00,0.613288,3.00632,0.093314,0.519974,0.129629,0.022605,0.0714,4.28
2025-12-09 05:00:00,1.19297,4.11367,0.248933,0.944033,0.124495,0.013385,0.067051,6.394
2025-12-09 06:00:00,0.984757,1.80358,0.14941,0.835347,0.189968,0.014525,0.082729,4.424
2025-12-09 07:00:00,3.703,4.10532,0.526773,3.17623,0.288688,0.050214,0.101548,12.573
2025-12-09 08:00:00,3.77516,2.96323,0.335475,3.43968,0.279968,0.056746,0.11842,17.401
2025-12-09 09:00:00,2.24815,2.73497,0.242916,2.00523,0.265337,0.034432,0.113095,11.92
2025-12-09 10:00:00,2.52995,3.00469,0.404107,2.12584,0.265465,0.042125,0.110498,13.15
2025-12-09 11:00:00,2.91609,2.25354,0.356312,2.55977,0.295532,0.053774,0.121726,17.787
2025-12-09 12:00:00,4.34903,3.47923,0.395378,3.95366,0.332604,0.068825,0.125444,18.659
2025-12-09 13:00:00,3.0438,2.58387,0.29886,2.74494,0.270801,0.048283,0.114876,18.002
2025-12-09 14:00:00,3.95029,4.2114,0.521832,3.42846,0.312428,0.055171,0.125325,16.692
2025-12-09 15:00:00,4.81231,5.17453,1.29995,3.51237,0.357459,0.059135,0.126751,17.235
2025-12-09 16:00:00,5.18045,4.60075,0.666529,4.51392,0.319566,0.067881,0.120905,17.718
2025-12-09 17:00:00,4.55682,2.85158,0.633395,3.92343,0.334807,0.072771,0.127781,26.195
2025-12-09 18:00:00,6.81114,3.75063,0.72291,6.08823,0.360148,0.115766,0.143453,33.933
2025-12-09 19:00:00,4.70739,3.08075,0.37025,4.33714,0.311179,0.072982,0.124517,19.835
2025-12-09 20:00:00,4.03157,3.59962,1.0162,3.01537,0.349118,0.058748,0.113724,16.258
2025-12-09 21:00:00,2.99192,3.05298,0.397885,2.59403,0.291784,0.056994,0.109316,15.728
2025-12-09 22:00:00,2.94176,3.28321,0.324774,2.61698,0.273941,0.04898,0.099415,15.361
2025-12-09 23:00:00,2.27332,2.87762,0.449285,1.82404,0.237202,0.044263,0.092695,10.558
2025-12-10 00:00:00,1.80071,3.39757,0.117433,1.68328,0.208531,0.041332,0.085244,6.745
2025-12-10 01:00:00,0.695882,1.27451,0.051337,0.644545,0.126177,0.020629,0.071032,2.916
2025-12-10 02:00:00,0.616154,1.2129,0.132104,0.48405,0.16462,0.027367,0.071692,4.208
2025-12-10 03:00:00,0.468739,1.55212,0.256793,0.211946,0.098939,0.010789,0.063687,3.185
2025-12-10 04:00:00,0.142845,0.466811,0.018454,0.124391,0.051278,0.002608,0.055246,0.721
2025-12-10 05:00:00,0.358127,1.28822,0.017236,0.340891,0.078033,0.004476,0.056773,1.262
2025-12-10 06:00:00,0.750679,1.59042,0.044242,0.706437,0.144317,0.01069,0.07131,3.305
2025-12-10 07:00:00,3.18436,3.08562,0.519519,2.66484,0.251142,0.044107,0.111207,13.345
2025-12-10 08:00:00,4.46019,3.45751,0.355825,4.10436,0.278742,0.065077,0.12434,17.205
2025-12-10 09:00:00,3.14828,2.95335,0.46879,2.67949,0.271821,0.045995,0.115777,15.128
2025-12-10 10:00:00,2.38387,2.30995,0.290337,2.09354,0.279807,0.041591,0.113757,14.857
2025-12-10 11:00:00,3.32272,2.15202,0.32267,3.00005,0.299277,0.05075,0.121646,14.692
2025-12-10 12:00:00,5.01236,1.12942,0.515539,4.49682,0.357411,0.088753,0.138057,25.003
2025-12-10 13:00:00,3.94105,0.851936,0.465369,3.47568,0.322587,0.067345,0.129807,23.727
2025-12-10 14:00:00,5.48755,1.23928,0.44123,5.04632,0.302324,0.078624,0.139166,23.38
2025-12-10 15:00:00,4.78407,1.11361,0.576983,4.20709,0.294739,0.066129,0.129763,22.349
2025-12-10 16:00:00,4.95392,1.05582,0.554043,4.39988,0.297047,0.070263,0.129836,23.609
2025-12-10 17:00:00,6.80689,1.11735,1.06966,5.73723,0.363364,0.105763,0.155676,38.126
2025-12-10 18:00:00,9.11275,1.41327,1.25492,7.85782,0.34608,0.134191,0.161034,45.719
2025-12-10 19:00:00,6.29232,1.15033,0.943642,5.34868,0.358467,0.097919,0.14239,36.083
2025-12-10 20:00:00,7.64326,1.47496,0.926717,6.71655,0.338874,0.106742,0.137437,30.718
2025-12-10 21:00:00,4.82869,1.11209,0.850944,3.97774,0.309094,0.090653,0.136454,30.037
2025-12-10 22:00:00,4.90773,1.19351,0.732233,4.1755,0.294207,0.096393,0.12804,22.953
2025-12-10 23:00:00,3.66938,1.00421,0.492703,3.17668,0.266826,0.067069,0.108392,17.063
2025-12-11 00:00:00,2.08104,0.666573,0.187162,1.89388,0.239317,0.051067,0.098118,11.04
2025-12-11 01:00:00,3.88106,1.59714,0.224092,3.65697,0.191305,0.040162,0.091333,8.639
2025-12-11 02:00:00,1.22691,0.487644,0.061653,1.16526,0.167452,0.018951,0.075245,4.321
2025-12-11 03:00:00,0.316679,0.158023,0.030105,0.286574,0.107204,0.006952,0.070347,2.384
2025-12-11 04:00:00,0.455088,0.210105,0.0302,0.424888,0.105032,0.007703,0.068588,2.657
2025-12-11 05:00:00,0.795893,0.337529,0.035497,0.760396,0.147475,0.011911,0.079883,3.159
2025-12-11 06:00:00,1.36394,0.429453,0.119423,1.24452,0.235865,0.021275,0.08761,7.07
2025-12-11 07:00:00,4.12748,0.893007,0.428191,3.69929,0.288527,0.060695,0.117641,17.07
2025-12-11 08:00:00,5.74802,1.09112,1.38958,4.35844,0.344755,0.07703,0.134316,24.655
2025-12-11 09:00:00,5.03627,1.15776,0.911162,4.12511,0.325939,0.064859,0.128438,22.957
2025-12-11 10:00:00,3.4811,0.8324,0.383205,3.09789,0.307114,0.063174,0.132654,20.069
2025-12-11 11:00:00,4.73732,1.01615,0.516981,4.22034,0.327197,0.07289,0.135531,22.389
2025-12-11 12:00:00,6.23768,1.31763,0.949028,5.28866,0.385223,0.090724,0.154904,29.499
2025-12-11 13:00:00,5.13706,1.04752,0.491104,4.64595,0.317666,0.083846,0.143367,27.511
2025-12-11 14:00:00,5.7011,1.36325,0.444809,5.25629,0.299628,0.089924,0.137496,26.837
2025-12-11 15:00:00,5.07475,1.1544,0.492557,4.5822,0.285334,0.067253,0.128193,19.264
2025-12-11 16:00:00,5.1952,1.18829,0.389021,4.80618,0.314502,0.07576,0.131672,27.387
2025-12-11 17:00:00,6.18155,1.10031,0.552698,5.62885,0.334902,0.099651,0.144356,30.479
2025-12-11 18:00:00,8.49888,1.30752,1.23487,7.26401,0.383501,0.13275,0.15704,38.413
2025-12-11 19:00:00,5.75362,1.04232,0.536059,5.21756,0.322526,0.102208,0.144773,32.535
2025-12-11 20:00:00,5.23639,1.0152,0.411897,4.8245,0.301184,0.100495,0.146301,29.274
2025-12-11 21:00:00,5.9697,1.23188,0.708054,5.26165,0.308685,0.105553,0.144403,28.464
2025-12-11 22:00:00,4.83736,1.28928,0.486979,4.35038,0.303167,0.112006,0.146433,27.725
2025-12-11 23:00:00,2.16127,0.717553,0.273154,1.88812,0.263486,0.076346,0.115643,13.435
2025-12-12 00:00:00,2.05442,0.766003,0.199259,1.85516,0.220415,0.042051,0.102812,10.205
2025-12-12 01:00:00,1.77579,0.782288,0.119218,1.65658,0.20371,0.041682,0.095991,8.043
2025-12-12 02:00:00,1.24314,0.597088,0.092511,1.15063,0.196491,0.039398,0.098188,9.057
2025-12-12 03:00:00,0.724807,0.423864,0.042703,0.682104,0.126,0.010294,0.078794,4.265
2025-12-12 04:00:00,1.34358,0.719262,0.436078,0.907504,0.218228,0.019194,0.085256,6.528
2025-12-12 05:00:00,2.14682,1.12047,1.12283,1.02399,0.308216,0.019088,0.08738,8.093
2025-12-12 06:00:00,1.3196,0.408293,0.093728,1.22588,0.208958,0.023203,0.098293,9.044
2025-12-12 07:00:00,2.72311,0.579139,0.472008,2.2511,0.236081,0.05001,0.118457,17.401
2025-12-12 08:00:00,6.07746,1.17009,0.675296,5.40217,0.256096,0.08586,0.143112,25.752
2025-12-12 09:00:00,4.46702,1.14539,0.53752,3.9295,0.295155,0.066106,0.138568,23.174
2025-12-12 10:00:00,3.43622,0.784166,0.268052,3.16817,0.269055,0.061054,0.131842,18.869
2025-12-12 11:00:00,4.22106,0.956289,0.447078,3.77398,0.295323,0.066535,0.133129,22.949
2025-12-12 12:00:00,5.52303,1.13223,0.627001,4.89603,0.337646,0.080449,0.130523,24.205
2025-12-12 13:00:00,4.54623,1.03985,0.465546,4.08069,0.282298,0.063796,0.125072,21.229
2025-12-12 14:00:00,5.42376,1.24684,0.553353,4.87041,0.291996,0.079416,0.138501,22.958
2025-12-12 15:00:00,4.38049,0.997834,0.546077,3.83442,0.285256,0.068286,0.127127,22.099
2025-12-12 16:00:00,6.8861,1.34284,1.22887,5.65723,0.330216,0.093927,0.140356,35.38
2025-12-12 17:00:00,7.15113,1.25283,1.07027,6.08086,0.344627,0.107513,0.145586,33.787
2025-12-12 18:00:00,7.42544,1.39157,1.20468,6.22076,0.32283,0.117587,0.148937,36.853
2025-12-12 19:00:00,5.96993,1.18216,0.862877,5.10706,0.330862,0.10384,0.137943,33.199
2025-12-12 20:00:00,5.87897,1.34162,1.16773,4.71124,0.337581,0.084951,0.136893,27.616
2025-12-12 21:00:00,8.07973,2.0455,0.925301,7.15442,0.339073,0.122423,0.137685,36.345
2025-12-12 22:00:00,5.87068,1.91103,0.836938,5.03374,0.333253,0.106115,0.126405,23.17
2025-12-12 23:00:00,5.86969,2.34039,0.357763,5.51193,0.304348,0.117016,0.126038,21.064
2025-12-13 00:00:00,5.96782,2.13594,0.267741,5.70008,0.243326,0.099755,0.113277,11.965
2025-12-13 01:00:00,4.37423,1.79862,0.288283,4.08595,0.249787,0.065491,0.094886,12.132
2025-12-13 02:00:00,2.90141,1.23254,0.144079,2.75733,0.190126,0.039389,0.083179,7.552
2025-12-13 03:00:00,0.938269,0.531296,0.062884,0.875385,0.149163,0.014571,0.071611,3.48
2025-12-13 04:00:00,0.840883,0.401952,0.051842,0.789041,0.206353,0.013374,0.076904,3.572
2025-12-13 05:00:00,0.80141,0.316763,0.041349,0.760061,0.177057,0.012337,0.074284,3.185
2025-12-13 06:00:00,0.577358,0.188679,0.064334,0.513024,0.153078,0.011443,0.077907,4.119
2025-12-13 07:00:00,2.04015,0.518068,0.180373,1.85978,0.230276,0.031321,0.096158,7.793
2025-12-13 08:00:00,3.27454,0.677398,0.490906,2.78364,0.268494,0.050869,0.11211,12.828
2025-12-13 09:00:00,4.91789,1.20359,0.782047,4.13584,0.326498,0.075309,0.128542,21.503
2025-12-13 10:00:00,4.83941,0.971379,0.383857,4.45555,0.296311,0.074238,0.126161,21.449
2025-12-13 11:00:00,6.1816,1.24129,0.495029,5.68658,0.312644,0.091743,0.129648,24.173
2025-12-13 12:00:00,4.86336,0.972671,0.461689,4.40167,0.352465,0.087014,0.130433,25.376
2025-12-13 13:00:00,5.49249,1.09369,0.611739,4.88075,0.308456,0.089295,0.135618,26.112
2025-12-13 14:00:00,5.49831,0.972464,0.618216,4.8801,0.313247,0.097263,0.142317,26.737
2025-12-13 15:00:00,4.54974,0.913603,0.661418,3.88833,0.278455,0.072686,0.130485,24.51
2025-12-13 16:00:00,6.6576,1.32463,0.509006,6.14859,0.284924,0.085945,0.134542,23.171
2025-12-13 17:00:00,5.74001,0.963089,0.963724,4.77629,0.32814,0.090523,0.138966,30.706
2025-12-13 18:00:00,6.18694,1.18162,0.763361,5.42358,0.333296,0.098825,0.14503,32.412
2025-12-13 19:00:00,5.25061,1.07993,0.750541,4.50007,0.275236,0.086052,0.136316,24.298
2025-12-13 20:00:00,4.01293,0.858932,0.361546,3.65139,0.254446,0.063236,0.126784,19.239
2025-12-13 21:00:00,5.56679,1.2922,0.458169,5.10862,0.255311,0.088125,0.128476,23.419
2025-12-13 22:00:00,4.83811,1.26862,0.380952,4.45716,0.243856,0.076696,0.119311,20.5918
2025-12-13 23:00:00,4.10944,1.24504,0.303735,3.80571,0.232401,0.065266,0.110146,17.7645
2025-12-14 00:00:00,3.38077,1.22146,0.226518,3.15425,0.220946,0.053837,0.100981,14.9373
2025-12-14 01:00:00,2.6521,1.19788,0.149301,2.5028,0.209491,0.042407,0.091816,12.11
2025-12-14 02:00:00,2.13129,1.15329,0.114059,2.01723,0.195041,0.030327,0.085242,7.247
2025-12-14 03:00:00,1.87443,1.14855,0.062667,1.81177,0.164974,0.019472,0.0787,4.624
2025-12-14 04:00:00,0.33885,0.826461,0.008253,0.330597,0.184597,0.011957,0.075043,1.286
2025-12-14 05:00:00,2.4081,2.38426,0.146534,2.26157,0.226238,0.029734,0.083215,6.752
2025-12-14 06:00:00,1.0077,1.4273,0.0756,0.9321,0.1671,0.0138,0.0785,3.871
2025-12-14 07:00:00,1.8778,2.8712,0.1216,1.7562,0.193,0.026,0.085,5.742
2025-12-14 08:00:00,2.1101,2.14,0.2002,1.9099,0.2588,0.0295,0.0988,9.396
2025-12-14 09:00:00,2.9455,2.4962,0.2715,2.674,0.2637,0.0432,0.1285,14.366
2025-12-14 10:00:00,4.258,3.5902,0.6537,3.6043,0.2914,0.0545,0.131,15.506
2025-12-14 11:00:00,3.2305,2.4965,0.2846,2.9459,0.3099,0.0521,0.1164,15.232
2025-12-14 12:00:00,3.346,2.1955,0.5119,2.834,0.3529,0.0567,0.1197,18.233
2025-12-14 13:00:00,4.2068,2.8696,0.719,3.4878,0.2938,0.0649,0.1312,17.22
2025-12-14 14:00:00,4.9505,3.711,0.5494,4.4012,0.2873,0.0618,0.1209,16.222
2025-12-14 15:00:00,3.283,2.2517,0.387,2.896,0.2822,0.055,0.1127,15.372
2025-12-14 16:00:00,4.11,2.6448,0.5323,3.5778,0.3005,0.0713,0.1209,18.155
2025-12-14 17:00:00,4.583,2.6739,0.5096,4.0734,0.3185,0.0724,0.1237,20.493
2025-12-14 18:00:00,3.4422,2.2527,0.3973,3.0449,0.3177,0.0788,0.1222,17.834
2025-12-14 19:00:00,4.5423,4.376,0.8089,3.7334,0.3056,0.065,0.1174,17.595
2025-12-14 20:00:00,2.571,2.5156,0.332,2.239,0.2881,0.0456,0.1174,16.218
2025-12-14 21:00:00,2.9371,3.5049,0.2481,2.689,0.2516,0.0525,0.1036,12.001
2025-12-14 22:00:00,1.8636,2.6699,0.1881,1.6755,0.22,0.0459,0.0899,8.791
2025-12-14 23:00:00,1.8901,3.5264,0.1775,1.7126,0.1995,0.0369,0.0857,9.213
2025-12-15 00:00:00,2.8671,4.4245,0.1904,2.6767,0.2078,0.0549,0.086,7.565
2025-12-15 01:00:00,0.8696,1.7533,0.0726,0.797,0.1461,0.0292,0.0742,3.022
2025-12-15 02:00:00,0.8366,2.0504,0.0521,0.7844,0.1182,0.0202,0.0671,2.411
2025-12-15 03:00:00,0.5374,2.3991,0.0281,0.5093,0.1145,0.018,0.0653,1.806
2025-12-15 04:00:00,0.1591,0.8285,0.0188,0.1403,0.0591,0.0022,0.0551,1.026
2025-12-15 05:00:00,0.3238,2.1029,0.0168,0.3071,0.0627,0.0045,0.0575,1.323
2025-12-15 06:00:00,0.6418,1.5966,0.1864,0.4554,0.1175,0.0083,0.0662,2.58
2025-12-15 07:00:00,2.6077,2.9234,0.5188,2.0889,0.2586,0.0374,0.0971,11.751
2025-12-15 08:00:00,4.69938,0.887681,0.515438,4.18394,0.314105,0.080432,0.133668,25.129
2025-12-15 09:00:00,3.62499,0.867637,0.346616,3.27837,0.301935,0.062484,0.130563,19.44
2025-12-15 10:00:00,4.30028,1.11061,0.450128,3.85015,0.302917,0.071458,0.126286,19.974
2025-12-15 11:00:00,6.07596,1.32144,0.62623,5.44973,0.350921,0.099052,0.147075,32.857
2025-12-15 12:00:00,5.59039,1.11719,0.538242,5.05215,0.367675,0.096614,0.147243,29.187
2025-12-15 13:00:00,5.16021,1.08819,0.676516,4.48369,0.311503,0.081873,0.129861,24.907
2025-12-15 14:00:00,5.03624,1.09627,0.531838,4.5044,0.308725,0.084083,0.13193,25.836
2025-12-15 15:00:00,4.91792,1.02201,0.739164,4.17876,0.299164,0.07238,0.139764,21.261
2025-12-15 16:00:00,4.18892,0.825891,0.593601,3.59532,0.296028,0.064132,0.13064,23.93
2025-12-15 17:00:00,6.12794,0.996414,0.731176,5.39677,0.308757,0.099988,0.145035,35.201
2025-12-15 18:00:00,10.2588,1.61353,1.21365,9.04519,0.370952,0.159266,0.163063,43.378
2025-12-15 19:00:00,4.30754,0.743448,0.593057,3.71448,0.326666,0.083079,0.137472,29.406
2025-12-15 20:00:00,5.35385,1.08509,0.605774,4.74807,0.304623,0.095634,0.135754,30.699
2025-12-15 21:00:00,3.38637,0.748203,0.509123,2.87724,0.303349,0.075951,0.130739,20.878
2025-12-15 22:00:00,6.15701,1.5195,0.677703,5.47931,0.307795,0.099456,0.125313,29.7
2025-12-15 23:00:00,5.23406,1.66055,0.515412,4.71865,0.275794,0.087156,0.114919,21.128
2025-12-16 00:00:00,3.90225,1.60984,0.198224,3.70403,0.210725,0.050784,0.092018,9.866
2025-12-16 01:00:00,1.73981,0.995316,0.460156,1.27966,0.19295,0.031072,0.086998,6.997
2025-12-16 02:00:00,0.533206,0.283621,0.056182,0.477024,0.147931,0.013457,0.075402,4.773
2025-12-16 03:00:00,3.19269,1.77371,0.051918,3.14077,0.135156,0.023412,0.073434,3.963
2025-12-16 04:00:00,0.466536,0.259765,0.025096,0.44144,0.10498,0.006508,0.065515,2.081
2025-12-16 05:00:00,0.632692,0.340157,0.033837,0.598855,0.156594,0.010557,0.084405,2.889
2025-12-16 06:00:00,1.11812,0.404821,0.076141,1.04198,0.210439,0.016214,0.083385,5.292
2025-12-16 07:00:00,3.57323,0.833697,0.313293,3.25993,0.284547,0.056141,0.113182,16.618
2025-12-16 08:00:00,6.88098,1.29977,1.50059,5.38039,0.41083,0.091547,0.148706,28.975
2025-12-16 09:00:00,3.08937,0.767735,0.614259,2.47511,0.287003,0.046908,0.1344,19.146
2025-12-16 10:00:00,2.862,0.593775,0.380392,2.48161,0.290424,0.049248,0.127066,19.573
2025-12-16 11:00:00,4.69443,0.830285,0.480485,4.21395,0.311079,0.071062,0.139434,25.296
2025-12-16 12:00:00,6.99238,1.28159,1.12417,5.86821,0.341538,0.098578,0.143623,29.181
2025-12-16 13:00:00,3.41983,0.683693,0.463727,2.95611,0.318768,0.052859,0.121218,17.641
2025-12-16 14:00:00,4.71353,1.03549,0.625933,4.0876,0.306386,0.076344,0.144926,20.761
2025-12-16 15:00:00,7.03089,1.50877,1.90663,5.12426,0.40459,0.104117,0.160019,28.012
2025-12-16 16:00:00,6.03287,1.13187,1.17498,4.85789,0.356801,0.083411,0.145135,26.575
2025-12-16 17:00:00,6.18386,1.1019,0.723438,5.46042,0.33535,0.094082,0.147535,32.172
2025-12-16 18:00:00,7.74492,1.41227,1.22599,6.51893,0.360797,0.122641,0.148542,40.437
2025-12-16 19:00:00,6.16552,1.19118,0.598337,5.56718,0.309069,0.101714,0.146025,29.64
2025-12-16 20:00:00,5.45291,1.10071,0.606192,4.84671,0.302102,0.093819,0.143211,27.157
2025-12-16 21:00:00,4.71362,1.16099,0.643346,4.07027,0.323061,0.086317,0.13328,24.127
2025-12-16 22:00:00,6.34454,1.73538,0.414607,5.92993,0.317287,0.106459,0.121707,19.774
2025-12-16 23:00:00,6.2611,2.23133,0.305824,5.95528,0.266478,0.091367,0.124111,20.252
2025-12-17 00:00:00,3.08869,1.25761,0.160242,2.92845,0.2318,0.053326,0.10463,11.794
2025-12-17 01:00:00,0.706951,0.343514,0.061033,0.645918,0.175876,0.020253,0.078754,4.09
2025-12-17 02:00:00,1.77806,0.922229,0.148946,1.62911,0.166414,0.021674,0.078284,5.054
2025-12-17 03:00:00,0.705787,0.383997,0.046234,0.659553,0.120777,0.011241,0.068369,3.181
2025-12-17 04:00:00,0.660956,0.350454,0.187629,0.473327,0.141232,0.010215,0.078076,4.756
2025-12-17 05:00:00,1.77398,0.853697,0.462591,1.31139,0.242024,0.019678,0.082112,6.294
2025-12-17 06:00:00,0.638541,0.236848,0.062078,0.576463,0.192175,0.012586,0.080389,4.438
2025-12-17 07:00:00,3.98659,0.898691,0.312835,3.67376,0.292389,0.063118,0.120272,20.349
2025-12-17 08:00:00,5.79458,1.07987,1.43696,4.35762,0.356647,0.082998,0.148357,25.655
2025-12-17 09:00:00,4.76684,1.21603,1.19255,3.57429,0.320663,0.063468,0.137374,23.394
2025-12-17 10:00:00,2.83282,0.708204,0.337764,2.49505,0.285886,0.0523,0.125565,19.584
2025-12-17 11:00:00,3.4165,0.662369,0.32061,3.09589,0.294855,0.062028,0.137569,19.872
2025-12-17 12:00:00,5.77014,1.09118,1.83905,3.93109,0.418997,0.069737,0.136086,22.892
2025-12-17 13:00:00,5.04926,0.985799,0.877369,4.1719,0.352014,0.072823,0.13897,26.376
2025-12-17 14:00:00,3.45717,0.73463,0.288462,3.16871,0.279352,0.059166,0.127716,23.061
2025-12-17 15:00:00,5.66958,1.18116,0.585096,5.08448,0.29021,0.080656,0.145567,28.17
2025-12-17 16:00:00,7.12555,1.31225,0.669991,6.45556,0.299332,0.085122,0.141271,27.309
2025-12-17 17:00:00,5.31657,0.850651,0.77271,4.54386,0.329509,0.096134,0.150346,32.559
2025-12-17 18:00:00,7.35865,1.23178,1.10051,6.25814,0.354644,0.117086,0.149147,43.229
2025-12-17 19:00:00,8.41395,1.38296,0.532952,7.881,0.315525,0.120336,0.139414,30.257
2025-12-17 20:00:00,6.24924,1.20688,0.632039,5.6172,0.304957,0.110614,0.138549,25.236
2025-12-17 21:00:00,3.73314,0.792262,0.604537,3.1286,0.306181,0.070763,0.12453,22.382
2025-12-17 22:00:00,3.66254,0.883816,0.430357,3.23218,0.297837,0.078426,0.117745,20.181
2025-12-17 23:00:00,4.84333,1.71749,0.327239,4.51609,0.280499,0.090829,0.113942,21.545
2025-12-18 00:00:00,2.31033,0.880459,0.181242,2.12908,0.216146,0.046731,0.0991,10.73
2025-12-18 01:00:00,2.51219,1.06089,0.140496,2.37169,0.206105,0.036785,0.08295,9.125
2025-12-18 02:00:00,1.4285,0.813494,0.080209,1.34829,0.21899,0.020987,0.078577,6.791
2025-12-18 03:00:00,0.435836,0.242941,0.032554,0.403282,0.214243,0.009747,0.076593,3.374
2025-12-18 04:00:00,0.814042,0.442414,0.246125,0.567917,0.178352,0.008963,0.069994,3.552
2025-12-18 05:00:00,3.15302,1.73243,1.52801,1.625,0.382107,0.02438,0.092002,8.288
2025-12-18 06:00:00,1.48701,0.575468,0.181415,1.3056,0.245009,0.023314,0.085841,6.833
2025-12-18 07:00:00,4.34239,1.02463,0.269641,4.07275,0.261772,0.049004,0.10811,15.745
2025-12-18 08:00:00,5.27237,0.902494,0.474238,4.79813,0.300124,0.083143,0.136088,25.604
2025-12-18 09:00:00,3.9484,0.76847,0.412411,3.53599,0.297125,0.081773,0.138062,25.344
2025-12-18 10:00:00,5.32568,1.15274,0.470162,4.85551,0.297532,0.078361,0.134163,25.356
2025-12-18 11:00:00,7.43435,1.51228,0.615552,6.8188,0.31807,0.093793,0.139018,30.081
2025-12-18 12:00:00,6.77971,1.31645,0.596951,6.18276,0.350444,0.095256,0.146606,32.05
2025-12-18 13:00:00,6.50478,1.48375,0.506464,5.99831,0.311384,0.094302,0.134608,28.423
2025-12-18 14:00:00,7.46148,1.63916,1.55172,5.90976,0.351267,0.089935,0.148473,31.735
2025-12-18 15:00:00,5.86555,1.05458,0.435318,5.43024,0.295315,0.081974,0.136902,27.397
2025-12-18 16:00:00,5.42704,0.94779,1.22675,4.20029,0.365123,0.090236,0.140416,30.181
2025-12-18 17:00:00,7.60918,1.2017,0.778286,6.8309,0.343073,0.115153,0.1469,37.686
2025-12-18 18:00:00,7.07649,1.1254,0.77876,6.29773,0.34245,0.114265,0.149155,39.692
2025-12-18 19:00:00,6.33425,1.0736,0.776008,5.55824,0.33198,0.094151,0.141814,34.612
2025-12-18 20:00:00,4.96754,1.03232,0.513029,4.45451,0.303097,0.093816,0.136695,30.9
2025-12-18 21:00:00,6.56624,1.63583,0.463436,6.1028,0.301042,0.113204,0.135044,25.418
2025-12-18 22:00:00,3.824,0.922779,0.369563,3.45443,0.270099,0.087293,0.124549,20.95
2025-12-18 23:00:00,8.34422,2.68131,0.297125,8.0471,0.263104,0.118862,0.125699,21.843
2025-12-19 00:00:00,5.70145,2.04646,0.317518,5.38393,0.256625,0.088258,0.120439,19.826
2025-12-19 01:00:00,4.42035,1.78672,0.196447,4.22391,0.219588,0.051977,0.09678,11.281
2025-12-19 02:00:00,2.04113,0.948481,0.103159,1.93797,0.2103,0.029109,0.081467,7.017
2025-12-19 03:00:00,0.914754,0.50151,0.094291,0.820463,0.172543,0.014523,0.072444,4.548
2025-12-19 04:00:00,0.281145,0.133879,0.043837,0.237308,0.163678,0.00975,0.074645,6.653
2025-12-19 05:00:00,1.16715,0.434533,0.321009,0.846146,0.195103,0.014625,0.082373,3.696
2025-12-19 06:00:00,1.50491,0.460782,0.230945,1.27397,0.222764,0.015484,0.086804,5.247
2025-12-19 07:00:00,2.97938,0.696767,0.287841,2.69154,0.249463,0.047586,0.107397,13.499
2025-12-19 08:00:00,5.20655,0.956383,0.422185,4.78436,0.291186,0.078186,0.129994,23.078
2025-12-19 09:00:00,4.35572,1.07761,0.742003,3.61371,0.307072,0.062232,0.123509,19.215
2025-12-19 10:00:00,5.70775,1.36418,0.613599,5.09415,0.3063,0.076245,0.127649,25.09
2025-12-19 11:00:00,4.55379,0.940477,0.482371,4.07142,0.318259,0.079555,0.134536,22.88
2025-12-19 12:00:00,6.33218,1.37477,0.61347,5.71871,0.340349,0.09002,0.141669,26.216
2025-12-19 13:00:00,4.30367,0.998532,0.374836,3.92884,0.303426,0.070584,0.132489,21.381
2025-12-19 14:00:00,3.73113,0.930456,0.307742,3.42339,0.301112,0.059287,0.127271,19.554
2025-12-19 15:00:00,4.35212,0.980648,0.554176,3.79794,0.296138,0.067149,0.13387,25.064
2025-12-19 16:00:00,4.92114,1.05333,0.646548,4.27459,0.307857,0.079443,0.134305,32.035
2025-12-19 17:00:00,7.68198,1.40695,0.886788,6.79519,0.31401,0.108603,0.155596,37.021
2025-12-19 18:00:00,8.22049,1.27331,1.10642,7.11407,0.352169,0.116991,0.156621,41.672
2025-12-19 19:00:00,6.96006,1.27848,0.919086,6.04098,0.342586,0.117909,0.151721,39.596
2025-12-19 20:00:00,7.4429,1.55905,0.782203,6.66069,0.332234,0.117127,0.14271,33.86
2025-12-19 21:00:00,5.17685,1.10948,0.530399,4.64645,0.306869,0.096597,0.134787,27.836
2025-12-19 22:00:00,4.55667,1.01757,0.487842,4.06883,0.305301,0.104132,0.133244,25.146
2025-12-19 23:00:00,4.33709,1.22934,0.376607,3.96049,0.274494,0.072457,0.121074,21.085
2025-12-20 00:00:00,3.66831,1.2318,0.413998,3.25431,0.267183,0.077311,0.139387,18.267
2025-12-20 01:00:00,4.51564,1.54328,0.26565,4.24999,0.249133,0.066675,0.115413,12.519
2025-12-20 02:00:00,1.95442,0.81029,0.109359,1.84506,0.18264,0.027188,0.084312,8.052
2025-12-20 03:00:00,0.634355,0.324312,0.036071,0.598284,0.14698,0.009378,0.073165,3.27
2025-12-20 04:00:00,0.585911,0.270254,0.181284,0.404627,0.210646,0.009424,0.074213,2.792
2025-12-20 05:00:00,2.48763,1.31066,1.10098,1.38664,0.527296,0.024395,0.085788,8.918
2025-12-20 06:00:00,0.511661,0.172277,0.145846,0.365815,0.194593,0.012688,0.081011,3.604
2025-12-20 07:00:00,2.55235,0.701965,0.16723,2.38512,0.268744,0.038318,0.09682,10.017
2025-12-20 08:00:00,5.1483,1.15848,0.535041,4.61325,0.317515,0.06402,0.124395,19.382
2025-12-20 09:00:00,4.51216,0.972867,0.645483,3.86667,0.312006,0.067883,0.13486,21.623
2025-12-20 10:00:00,5.65716,1.0792,0.539109,5.11805,0.318126,0.091321,0.142357,25.756
2025-12-20 11:00:00,5.62783,1.03643,0.570499,5.05733,0.336965,0.099613,0.147922,28.689
2025-12-20 12:00:00,4.3015,0.809465,0.481035,3.82046,0.322646,0.07403,0.138538,24.292
2025-12-20 13:00:00,5.2825,0.996698,0.808704,4.4738,0.356769,0.077832,0.139053,26.366
2025-12-20 14:00:00,3.80807,0.666678,0.574322,3.23374,0.321548,0.060366,0.128339,19.962
2025-12-20 15:00:00,4.64849,0.807871,0.785868,3.86262,0.361223,0.077805,0.135618,29.364
2025-12-20 16:00:00,5.0571,0.861809,0.979617,4.07748,0.372718,0.081087,0.138279,33.108
2025-12-20 17:00:00,5.85382,0.965339,0.769267,5.08455,0.351157,0.092217,0.142166,31.477
2025-12-20 18:00:00,7.2586,1.137,0.787632,6.47097,0.326798,0.111779,0.15519,36.505
2025-12-20 19:00:00,5.47255,0.929756,0.576449,4.8961,0.300656,0.082783,0.13719,28.512
2025-12-20 20:00:00,5.09216,0.96333,0.744834,4.34733,0.320384,0.079112,0.153972,29.56
2025-12-20 21:00:00,4.89576,1.11419,0.717217,4.17855,0.315297,0.087491,0.141263,28.868
2025-12-20 22:00:00,7.56822,1.6048,0.759771,6.80845,0.287311,0.112424,0.128058,29.38
2025-12-20 23:00:00,3.34167,0.990419,0.234013,3.10766,0.253608,0.073863,0.116021,13.276
2025-12-21 00:00:00,4.19874,1.35095,0.244297,3.95444,0.233174,0.059908,0.100195,11.989
2025-12-21 01:00:00,7.07947,2.59131,0.37834,6.70113,0.233822,0.075368,0.097267,13.547
2025-12-21 02:00:00,5.00187,2.13938,0.253627,4.74825,0.214804,0.064851,0.109085,10.637
2025-12-21 03:00:00,1.94856,0.92524,0.066908,1.88165,0.165986,0.02153,0.077384,5.682
2025-12-21 04:00:00,1.03215,0.504967,0.050315,0.981836,0.147524,0.013021,0.075005,4.531
2025-12-21 05:00:00,2.24071,1.06094,1.02915,1.21156,0.342408,0.022035,0.105365,6.771
2025-12-21 06:00:00,1.17628,0.377254,0.142427,1.03385,0.237469,0.019165,0.097458,6.872
2025-12-21 07:00:00,1.70705,0.564502,0.111229,1.59582,0.219268,0.022775,0.097152,8.699
2025-12-21 08:00:00,3.89012,0.835147,0.336508,3.55361,0.285543,0.052532,0.118605,18.847
2025-12-21 09:00:00,5.03379,1.15032,0.347114,4.68668,0.288249,0.072325,0.131603,22.325
2025-12-21 10:00:00,7.064,1.53033,0.421091,6.6429,0.287106,0.090155,0.130715,24.099
2025-12-21 11:00:00,5.55957,1.09354,0.536177,5.0234,0.29764,0.088013,0.138654,31.068
2025-12-21 12:00:00,6.60635,1.31235,0.568554,6.03779,0.293731,0.096316,0.152251,32.082
2025-12-21 13:00:00,6.07949,1.1317,0.569762,5.50973,0.296106,0.09483,0.140416,30.01
2025-12-21 14:00:00,6.00859,1.13756,0.951636,5.05695,0.316408,0.088425,0.144141,29.328
2025-12-21 15:00:00,4.3435,0.837544,0.621862,3.72164,0.310359,0.079689,0.146656,25.637
2025-12-21 16:00:00,5.36972,0.942056,0.664949,4.70477,0.310581,0.085355,0.139312,26.163
2025-12-21 17:00:00,4.24139,0.70455,0.595241,3.64615,0.329535,0.081264,0.133608,27.669
2025-12-21 18:00:00,6.43918,1.22885,0.608776,5.83041,0.329241,0.097496,0.140262,29.036
2025-12-21 19:00:00,4.82043,0.947411,0.549337,4.27109,0.319088,0.088868,0.130918,24.384
2025-12-21 20:00:00,6.05039,1.2067,0.684619,5.36577,0.309669,0.096721,0.129118,30.27
2025-12-21 21:00:00,3.83397,0.958971,0.406153,3.42781,0.269404,0.084201,0.125908,25.879
2025-12-21 22:00:00,3.8792,0.96516,0.410723,3.46848,0.270251,0.082357,0.126927,25.506
2025-12-21 23:00:00,3.92443,0.971348,0.415294,3.50914,0.271098,0.080513,0.127946,25.133
2025-12-22 00:00:00,3.96967,0.977537,0.419864,3.54981,0.271945,0.078668,0.128965,24.76
2025-12-22 01:00:00,,,,,,,,
2025-12-22 02:00:00,,,,,,,,
2025-12-22 03:00:00,,,,,,,,
2025-12-22 04:00:00,,,,,,,,
2025-12-22 05:00:00,,,,,,,,
2025-12-22 06:00:00,,,,,,,,
2025-12-22 07:00:00,,,,,,,,
2025-12-22 08:00:00,,,,,,,,
2025-12-22 09:00:00,4.37678,1.03323,0.460998,3.91579,0.279568,0.062072,0.138138,21.403
2025-12-22 10:00:00,3.53972,0.910423,0.34702,3.1927,0.283913,0.061205,0.130641,19.736
2025-12-22 11:00:00,4.04119,0.898442,0.581992,3.4592,0.294577,0.061691,0.14253,22.268
2025-12-22 12:00:00,4.69318,0.950036,0.762528,3.93065,0.343483,0.077161,0.148942,26.491
2025-12-22 13:00:00,9.31592,2.02608,0.650218,8.6657,0.327486,0.102191,0.144638,29.85
2025-12-22 14:00:00,4.46048,0.987705,0.441941,4.01854,0.298107,0.071539,0.13108,23.923
2025-12-22 15:00:00,4.61319,1.08802,0.477538,4.13565,0.316984,0.083364,0.141026,26.68
2025-12-22 16:00:00,4.37642,0.933934,0.515485,3.86093,0.300159,0.06816,0.129198,26.978
2025-12-22 17:00:00,6.18189,1.16027,0.659507,5.52239,0.322298,0.09925,0.148633,35.729
2025-12-22 18:00:00,6.54838,1.20242,0.949935,5.59845,0.353113,0.11269,0.155302,42.687
2025-12-22 19:00:00,5.93121,1.22041,0.681343,5.24987,0.326864,0.108695,0.157771,38.012
2025-12-22 20:00:00,3.85976,0.772569,0.551715,3.30804,0.317395,0.070089,0.128055,25.197
2025-12-22 21:00:00,4.34328,1.15206,0.52993,3.81335,0.311319,0.071204,0.125625,24.7
2025-12-22 22:00:00,3.98366,1.31648,0.329788,3.65387,0.285819,0.07051,0.123195,21.455
2025-12-22 23:00:00,2.23896,0.956822,0.267789,1.97117,0.227783,0.04853,0.101851,10.108
2025-12-23 00:00:00,2.50219,1.14885,0.157315,2.34488,0.21091,0.050871,0.09665,8.344
2025-12-23 01:00:00,1.62832,0.809303,0.11497,1.51335,0.181058,0.032997,0.079795,5.228
2025-12-23 02:00:00,0.548235,0.507626,0.033613,0.514622,0.139997,0.017185,0.084474,3.705
2025-12-23 03:00:00,0.576184,0.44322,0.056823,0.519361,0.105834,0.011405,0.064694,2.247
2025-12-23 04:00:00,0.441365,0.270113,0.029946,0.411419,0.135071,0.007293,0.067172,2.249
2025-12-23 05:00:00,0.656372,0.338685,0.055358,0.601014,0.164711,0.00877,0.085086,3.388
2025-12-23 06:00:00,0.739469,0.326909,0.07496,0.664509,0.224842,0.014028,0.101217,7.019
2025-12-23 07:00:00,4.39643,1.04727,0.307871,4.08856,0.267258,0.060793,0.116564,15.539
2025-12-23 08:00:00,5.7678,1.11005,0.667354,5.10045,0.307787,0.086747,0.14051,29.418
2025-12-23 09:00:00,3.39577,0.91284,0.37462,3.02115,0.290387,0.053506,0.131503,18.705
2025-12-23 10:00:00,3.99996,1.17646,0.420352,3.57961,0.284293,0.055696,0.13809,18.254
2025-12-23 11:00:00,8.24415,1.90396,0.521521,7.72263,0.29932,0.089227,0.142231,27.809
2025-12-23 12:00:00,5.12975,1.09986,0.592737,4.53702,0.352377,0.080435,0.132669,25.951
2025-12-23 13:00:00,6.96885,1.4752,0.490061,6.47879,0.282805,0.092641,0.149261,30.248
2025-12-23 14:00:00,5.24067,1.08055,0.52948,4.71119,0.31067,0.076825,0.146566,18.988
2025-12-23 15:00:00,6.27957,1.34639,0.766869,5.51271,0.31228,0.087653,0.15333,25.802
2025-12-23 16:00:00,5.34001,1.00565,0.717843,4.62217,0.31075,0.076131,0.144023,24.427
2025-12-23 17:00:00,7.40102,1.365,0.831106,6.56991,0.325168,0.126262,0.15665,37.371
2025-12-23 18:00:00,9.30961,1.47351,1.45034,7.85928,0.395121,0.138231,0.167304,44.891
2025-12-23 19:00:00,6.29809,1.14386,0.796571,5.50152,0.360135,0.119859,0.159622,34.642
2025-12-23 20:00:00,10.0139,2.08536,0.462531,9.55137,0.312205,0.136277,0.14015,26.945
2025-12-23 21:00:00,3.80561,0.97082,0.664629,3.14099,0.325229,0.084225,0.125094,20.669
2025-12-23 22:00:00,3.89347,1.13051,0.347017,3.54646,0.263228,0.076886,0.122061,19.006
2025-12-23 23:00:00,3.18459,1.19542,0.398913,2.78568,0.290834,0.063966,0.116251,14.89
2025-12-24 00:00:00,3.77514,1.72381,0.236885,3.53825,0.250567,0.054427,0.100896,12.834
2025-12-24 01:00:00,2.77625,1.64275,0.154835,2.62142,0.212507,0.03899,0.088553,8.861
2025-12-24 02:00:00,1.10522,0.614697,0.058646,1.04658,0.165083,0.020813,0.077609,3.893
2025-12-24 03:00:00,1.60784,0.934791,0.038052,1.56979,0.119296,0.012537,0.069158,2.797
2025-12-24 04:00:00,1.37876,1.05089,0.033746,1.34502,0.121783,0.012139,0.068304,2.664
2025-12-24 05:00:00,0.621022,0.346166,0.033561,0.587461,0.141752,0.00857,0.07151,2.584
2025-12-24 06:00:00,0.815771,0.310179,0.055698,0.760073,0.199155,0.01409,0.083554,4.463
2025-12-24 07:00:00,4.51867,1.15449,0.329007,4.18967,0.277951,0.070401,0.115694,16.461
2025-12-24 08:00:00,4.47573,0.893359,0.512903,3.96283,0.288685,0.070606,0.130783,22.567
2025-12-24 09:00:00,7.37659,1.94325,0.338723,7.03787,0.278311,0.084144,0.140418,20.523
2025-12-24 10:00:00,4.5511,1.17115,0.352292,4.19881,0.262314,0.07112,0.142303,24.288
2025-12-24 11:00:00,4.92509,0.980702,0.518955,4.40613,0.311162,0.081005,0.140026,25.396
2025-12-24 12:00:00,6.59015,1.34823,0.788858,5.80129,0.369334,0.094887,0.141542,27.971
2025-12-24 13:00:00,5.70122,1.49325,0.436491,5.26473,0.301639,0.090097,0.139357,26.045
2025-12-24 14:00:00,6.04549,1.24958,0.662393,5.3831,0.310429,0.11423,0.140233,26.448
2025-12-24 15:00:00,5.99139,1.3654,0.592081,5.39931,0.297867,0.083249,0.14527,26.705
2025-12-24 16:00:00,4.80942,1.02546,0.500598,4.30882,0.316263,0.076837,0.139867,26.815
2025-12-24 17:00:00,6.97854,1.24218,0.959265,6.01928,0.34914,0.110988,0.150243,35.737
2025-12-24 18:00:00,8.46264,1.55621,1.03979,7.42285,0.37922,0.142609,0.169208,44.728
2025-12-24 19:00:00,5.78159,1.27798,0.716898,5.06469,0.330371,0.110566,0.158,28.083
2025-12-24 20:00:00,4.47499,0.98222,0.721125,3.75387,0.314007,0.084888,0.141592,27.293
2025-12-24 21:00:00,4.99536,1.21482,0.767448,4.22791,0.334242,0.113361,0.143089,26.659
2025-12-24 22:00:00,4.60522,1.26032,0.413504,4.19172,0.284963,0.085918,0.122949,18.777
2025-12-24 23:00:00,5.27705,1.81467,0.687761,4.58929,0.273789,0.077205,0.107461,17.948
2025-12-25 00:00:00,4.1419,1.83921,0.616946,3.52495,0.227691,0.054817,0.098882,14.119
2025-12-25 01:00:00,2.17116,1.01267,0.169197,2.00196,0.215475,0.029819,0.089226,11.272
2025-12-25 02:00:00,0.83252,0.468762,0.073251,0.759269,0.158107,0.016126,0.071488,5.193
2025-12-25 03:00:00,0.51383,0.311035,0.042306,0.471524,0.157109,0.011511,0.041644,4.325
2025-12-25 04:00:00,0.190441,0.103387,0.017825,0.172616,0.180723,0.006098,0.040762,2.256
2025-12-25 05:00:00,0.543376,0.279803,0.035785,0.507591,0.167948,0.013063,0.046733,4.297
2025-12-25 06:00:00,1.09657,0.390795,0.102074,0.994498,0.226812,0.023734,0.063066,9.134
2025-12-25 07:00:00,2.73708,0.700022,0.256841,2.48024,0.265195,0.060765,0.087121,17.606
2025-12-25 08:00:00,6.91563,1.26706,0.61851,6.29712,0.296549,0.124106,0.112218,27.095
2025-12-25 09:00:00,5.54091,1.41422,0.562781,4.97813,0.257446,0.102412,0.101496,25.268
2025-12-25 10:00:00,3.53202,0.883446,0.336081,3.19594,0.269423,0.075873,0.097577,18.876
2025-12-25 11:00:00,4.37633,1.01304,0.68319,3.69314,0.300781,0.094639,0.101159,24.506
2025-12-25 12:00:00,5.08565,1.0951,0.62638,4.45927,0.31402,0.114692,0.108781,31.447
2025-12-25 13:00:00,4.60259,1.03662,0.379008,4.22358,0.278015,0.082505,0.09515,22.046
2025-12-25 14:00:00,5.01454,1.15436,1.48908,3.52546,0.316449,0.081788,0.094676,23.218
2025-12-25 15:00:00,3.56133,0.78478,0.405321,3.15601,0.280648,0.074462,0.094294,21.62
2025-12-25 16:00:00,4.07106,0.929465,0.416324,3.65473,0.270125,0.090492,0.097498,23.072
2025-12-25 17:00:00,4.9714,0.946573,0.549759,4.42164,0.302976,0.129877,0.119753,33.004
2025-12-25 18:00:00,6.41225,1.14341,0.93208,5.48017,0.331306,0.175271,0.121765,40.945
2025-12-25 19:00:00,5.30741,1.01558,0.677227,4.63018,0.328589,0.136205,0.111472,34.419
2025-12-25 20:00:00,5.00036,1.10726,0.93154,4.06882,0.299958,0.117698,0.099442,29.01
2025-12-25 21:00:00,3.06181,0.730742,0.336657,2.72515,0.292761,0.104962,0.087011,17.583
2025-12-25 22:00:00,3.68748,1.10338,0.37534,3.31214,0.250196,0.097645,0.081508,19.63
2025-12-25 23:00:00,2.91671,0.8717,0.26702,2.64969,0.235716,0.080762,0.077995,17.327
2025-12-26 00:00:00,3.20355,1.24073,0.179538,3.02401,0.20248,0.093874,0.065992,10.578
2025-12-26 01:00:00,2.56212,1.13368,0.14744,2.41468,0.188159,0.055682,0.056094,9.142
2025-12-26 02:00:00,2.83391,1.45777,0.104971,2.72894,0.180479,0.047409,0.051644,6.875
2025-12-26 03:00:00,0.868314,0.451307,0.049948,0.818366,0.145631,0.015291,0.055326,3.982
2025-12-26 04:00:00,0.586804,0.308196,0.032742,0.554062,0.14372,0.009544,0.041288,3.173
2025-12-26 05:00:00,0.692552,0.34593,0.03321,0.659342,0.147451,0.018232,0.045413,3.814
2025-12-26 06:00:00,1.07382,0.378373,0.094996,0.978825,0.201864,0.020706,0.052521,5.379
2025-12-26 07:00:00,2.77586,0.64585,0.237971,2.53789,0.26843,0.062399,0.079313,14.361
2025-12-26 08:00:00,3.90434,0.715605,0.393574,3.51077,0.282342,0.098969,0.108481,26.112
2025-12-26 09:00:00,3.45607,0.794864,0.331301,3.12477,0.314071,0.073587,0.10506,22.439
2025-12-26 10:00:00,3.14864,0.68898,0.37278,2.77586,0.309764,0.07422,0.099132,21.607
2025-12-26 11:00:00,3.67374,0.757472,0.390234,3.28351,0.285827,0.102386,0.100266,24.12
2025-12-26 12:00:00,5.81662,1.06259,0.637262,5.17936,0.291324,0.121845,0.121432,31.248
2025-12-26 13:00:00,5.51759,1.09,0.739382,4.77821,0.234668,0.10493,0.108619,28.654
2025-12-26 14:00:00,3.83296,0.805245,0.364759,3.46821,0.275215,0.07829,0.096901,22.861
2025-12-26 15:00:00,5.57318,1.04445,0.614246,4.95894,0.289185,0.10535,0.109783,26.158
2025-12-26 16:00:00,5.59683,1.00015,0.668861,4.92797,0.290256,0.112529,0.11521,28.288
2025-12-26 17:00:00,5.20943,0.91877,0.72452,4.48491,0.300425,0.112814,0.115052,31.225
2025-12-26 18:00:00,6.77716,1.1299,0.8338,5.94336,0.308403,0.158458,0.133606,41.481
2025-12-26 19:00:00,5.49496,1.00017,1.13338,4.36158,0.30359,0.113833,0.109159,31.833
2025-12-26 20:00:00,5.53328,1.13807,0.646469,4.88681,0.307665,0.120999,0.100533,30.887
2025-12-26 21:00:00,5.18676,1.3019,0.402602,4.78416,0.258295,0.131637,0.096113,24.275
2025-12-26 22:00:00,3.33591,0.940224,0.296657,3.03926,0.253836,0.087604,0.077108,17.666
2025-12-26 23:00:00,3.61112,1.19574,0.24933,3.36179,0.234683,0.073396,0.068177,13.454
2025-12-27 00:00:00,3.60037,1.50141,0.368468,3.2319,0.224674,0.068293,0.062747,13.697
2025-12-27 01:00:00,2.46297,1.1762,0.158836,2.30414,0.190054,0.050816,0.055806,9.579
2025-12-27 02:00:00,1.24752,0.587345,0.091999,1.15552,0.169324,0.026854,0.050847,6.348
2025-12-27 03:00:00,1.60959,0.74243,0.072056,1.53753,0.164089,0.038893,0.048408,6.371
2025-12-27 04:00:00,1.12346,0.548031,0.081005,1.04246,0.152523,0.019942,0.041337,4.35
2025-12-27 05:00:00,0.412237,0.213153,0.041916,0.370321,0.153122,0.007765,0.040539,2.625
2025-12-27 06:00:00,0.919766,0.384839,0.078467,0.841299,0.211195,0.016867,0.051984,4.579
2025-12-27 07:00:00,2.67609,0.803148,0.186878,2.48921,0.245703,0.051834,0.071092,11.199
2025-12-27 08:00:00,4.83117,1.11523,0.371567,4.4596,0.274277,0.080278,0.087388,19.127
2025-12-27 09:00:00,4.213,1.0655,0.294984,3.91802,0.254836,0.082523,0.093684,19.373
2025-12-27 10:00:00,5.07533,1.20155,0.39565,4.67968,0.267151,0.101149,0.102894,24.144
2025-12-27 11:00:00,5.03219,1.05056,0.430662,4.60153,0.265467,0.118831,0.113335,27.099
2025-12-27 12:00:00,6.66562,1.40506,0.953579,5.71204,0.335039,0.130002,0.117398,33.972
2025-12-27 13:00:00,5.35307,1.14627,0.518477,4.8346,0.28955,0.112825,0.101487,25.167
2025-12-27 14:00:00,3.33671,0.784002,0.301585,3.03513,0.259945,0.075071,0.093987,17.375
2025-12-27 15:00:00,4.05857,0.866106,0.421178,3.6374,0.25294,0.081047,0.099731,18.974
2025-12-27 16:00:00,4.1978,0.841916,0.442524,3.75527,0.270046,0.089354,0.106481,24.972
2025-12-27 17:00:00,6.56473,1.27967,0.640673,5.92406,0.305801,0.12824,0.110177,29.59
2025-12-27 18:00:00,7.12006,1.47474,0.738403,6.38166,0.26129,0.156589,0.113962,33.975
2025-12-27 19:00:00,5.84172,1.17304,0.45647,5.38525,0.252496,0.140038,0.11123,28.478
2025-12-27 20:00:00,4.39967,0.956034,0.573199,3.82647,0.251435,0.104378,0.098181,25.848
2025-12-27 21:00:00,5.39891,1.41481,0.932617,4.4663,0.267448,0.131854,0.104395,29.145
2025-12-27 22:00:00,5.8854,1.66536,0.483623,5.40178,0.236616,0.115426,0.09065,25.572
2025-12-27 23:00:00,3.61631,1.34136,0.271063,3.34525,0.196728,0.121602,0.071903,16.329
2025-12-28 00:00:00,3.61029,1.68863,0.213245,3.39704,0.21284,0.084686,0.069448,10.886
2025-12-28 01:00:00,1.79877,1.00828,0.110199,1.68857,0.165072,0.05023,0.050269,6.161
2025-12-28 02:00:00,1.21513,0.809007,0.081003,1.13413,0.155034,0.040157,0.050248,4.754
2025-12-28 03:00:00,0.413873,0.210088,0.027007,0.386866,0.157247,0.015262,0.043311,2.115
2025-12-28 04:00:00,1.43937,0.670097,0.059823,1.37955,0.168773,0.023184,0.053167,2.299
2025-12-28 05:00:00,0.553369,0.33619,0.032851,0.520518,0.121287,0.012851,0.045678,2.383
2025-12-28 06:00:00,1.77919,0.70435,0.088088,1.6911,0.19317,0.033091,0.069022,7.307
2025-12-28 07:00:00,2.04081,0.635766,0.200476,1.84033,0.221392,0.036097,0.063873,9.682
2025-12-28 08:00:00,4.22531,0.960735,0.333217,3.8921,0.254178,0.098648,0.082118,18.501
2025-12-28 09:00:00,3.74971,0.898779,0.276046,3.47366,0.259248,0.078818,0.088138,18.585
2025-12-28 10:00:00,4.53097,0.971061,0.654141,3.87683,0.294126,0.095169,0.098466,24.945
2025-12-28 11:00:00,5.27968,1.01066,0.590927,4.68875,0.293459,0.120031,0.107859,26.522
2025-12-28 12:00:00,6.34362,1.18131,1.25407,5.08955,0.392367,0.134565,0.113036,33.899
2025-12-28 13:00:00,5.00077,0.959841,0.560257,4.44051,0.309848,0.104338,0.099502,23.989
2025-12-28 14:00:00,6.53896,1.2872,0.695867,5.8431,0.264166,0.120452,0.100675,28.358
2025-12-28 15:00:00,7.69092,1.37731,0.471678,7.21924,0.253207,0.130396,0.100165,29.117
2025-12-28 16:00:00,6.61784,1.12855,0.521199,6.09664,0.268835,0.121683,0.106096,29.989
2025-12-28 17:00:00,6.19171,1.13693,0.662445,5.52927,0.292313,0.131029,0.111489,31.522
2025-12-28 18:00:00,6.2648,1.22599,0.638259,5.62655,0.306266,0.12873,0.107473,28.454
2025-12-28 19:00:00,5.07753,1.08033,0.723007,4.35453,0.303035,0.126409,0.095804,25.675
2025-12-28 20:00:00,4.73859,1.13039,0.418835,4.31975,0.254578,0.115782,0.092954,26.958
2025-12-28 21:00:00,5.11996,1.4789,0.456765,4.6632,0.244111,0.149597,0.09314,26.624
2025-12-28 22:00:00,5.05624,1.68992,0.25511,4.80113,0.235954,0.137865,0.086088,15.999
2025-12-28 23:00:00,3.13771,1.13438,0.213474,2.92423,0.196527,0.099407,0.074212,12.431
2025-12-29 00:00:00,2.12215,1.16474,0.127009,1.99514,0.158266,0.064709,0.054843,7.376
2025-12-29 01:00:00,1.51508,0.823414,0.093537,1.42155,0.150499,0.038926,0.046589,6.925
2025-12-29 02:00:00,0.735054,0.438054,0.040831,0.694223,0.127669,0.026722,0.052942,3.116
2025-12-29 03:00:00,0.480495,0.3108,0.041466,0.439029,0.103956,0.012791,0.039147,2.245
2025-12-29 04:00:00,0.581552,0.334226,0.025659,0.555893,0.112321,0.009469,0.036067,2.019
2025-12-29 05:00:00,0.374842,0.195842,0.025154,0.349688,0.127232,0.011271,0.037196,2.261
2025-12-29 06:00:00,1.3959,0.587499,0.08991,1.30599,0.218912,0.024986,0.053896,7.147
2025-12-29 07:00:00,3.67329,0.904307,0.268915,3.40438,0.261291,0.061494,0.078572,15.454
2025-12-29 08:00:00,3.86787,0.842672,0.312077,3.55579,0.260868,0.086467,0.094942,19.942
2025-12-29 09:00:00,3.34312,0.865645,0.560942,2.78218,0.266705,0.065011,0.088804,17.789
2025-12-29 10:00:00,4.23631,1.21454,0.666512,3.5698,0.247095,0.094588,0.101953,25.848
2025-12-29 11:00:00,5.35718,1.23154,0.408716,4.94846,0.260123,0.107962,0.104647,28.667
2025-12-29 12:00:00,5.74619,1.42798,1.45618,4.29001,0.387214,0.119844,0.122063,31.752
2025-12-29 13:00:00,4.0271,1.03845,0.472927,3.55417,0.284549,0.090232,0.100953,23.64
2025-12-29 14:00:00,3.98652,0.966663,0.381075,3.60544,0.269203,0.08933,0.101741,24.174
2025-12-29 15:00:00,5.2345,1.2145,0.442874,4.79162,0.26534,0.096003,0.108962,27.829
2025-12-29 16:00:00,5.22093,1.10332,0.590348,4.63058,0.276542,0.093152,0.100811,25.491
2025-12-29 17:00:00,7.25967,1.2973,0.642725,6.61694,0.271095,0.1621,0.129609,35.93
2025-12-29 18:00:00,6.21448,1.18778,1.01044,5.20404,0.298792,0.149005,0.117722,39.133
2025-12-29 19:00:00,5.42666,1.05536,0.770868,4.65579,0.30797,0.117013,0.106927,30.684
2025-12-29 20:00:00,8.06776,1.55869,0.639446,7.42831,0.278541,0.158595,0.110871,35.757
2025-12-29 21:00:00,6.30363,1.40205,0.543518,5.76011,0.24891,0.149114,0.106615,30.926
2025-12-29 22:00:00,5.25005,1.33657,1.04292,4.20713,0.251548,0.143753,0.095725,22.741
2025-12-29 23:00:00,3.56609,1.78126,0.20006,3.36603,0.206366,0.106257,0.07922,15.131
2025-12-30 00:00:00,3.24656,1.31333,0.225174,3.02139,0.190067,0.107203,0.068044,12.572
2025-12-30 01:00:00,1.79454,0.7496,0.098585,1.69596,0.169452,0.046279,0.051565,5.387
2025-12-30 02:00:00,0.32821,0.191487,0.039732,0.288478,0.131298,0.011232,0.038851,2.41
2025-12-30 03:00:00,0.310137,0.200866,0.030275,0.279862,0.111271,0.008581,0.038299,2.458
2025-12-30 04:00:00,1.35747,0.777475,0.056596,1.30088,0.131879,0.02069,0.040415,4.087
2025-12-30 05:00:00,0.271673,0.155064,0.024811,0.246862,0.162184,0.007265,0.054479,4.957
2025-12-30 06:00:00,1.13858,0.409562,0.069158,1.06943,0.211577,0.02124,0.054878,5.87
2025-12-30 07:00:00,3.44787,0.836862,0.335661,3.11221,0.256467,0.069309,0.084779,15.311
2025-12-30 08:00:00,5.52464,1.17196,0.591511,4.93313,0.275415,0.11672,0.106099,26.074
2025-12-30 09:00:00,4.32491,1.33485,0.610872,3.71404,0.250734,0.0829,0.099125,20.065
2025-12-30 10:00:00,4.16472,1.17714,0.331837,3.83288,0.258771,0.077804,0.096205,20.648
2025-12-30 11:00:00,4.19684,0.966122,0.373204,3.82363,0.274582,0.091129,0.111043,22.922
2025-12-30 12:00:00,6.86806,1.53717,0.574038,6.29402,0.256307,0.13638,0.119002,30.371
2025-12-30 13:00:00,5.23673,1.25341,0.475965,4.76076,0.267279,0.092907,0.095367,23.638
2025-12-30 14:00:00,3.85744,0.835668,0.402843,3.4546,0.25865,0.081587,0.10493,20.07
2025-12-30 15:00:00,4.49497,1.01329,0.470092,4.02487,0.297279,0.090782,0.099829,21.023
2025-12-30 16:00:00,4.67151,1.02221,0.530636,4.14088,0.273023,0.087571,0.09895,23.902
2025-12-30 17:00:00,6.22741,1.20035,0.840698,5.38671,0.309129,0.122916,0.112718,31.823
2025-12-30 18:00:00,5.09937,0.963964,0.787645,4.31173,0.305276,0.116508,0.116339,33.257
2025-12-30 19:00:00,5.89879,1.30273,0.644624,5.25416,0.271222,0.126416,0.128471,33.099
2025-12-30 20:00:00,4.96621,1.07821,0.71568,4.25053,0.287302,0.111622,0.113769,30.662
2025-12-30 21:00:00,4.13501,1.02099,0.603981,3.53103,0.278158,0.104084,0.090542,23.35
2025-12-30 22:00:00,5.05377,1.43818,0.576085,4.47769,0.274017,0.120863,0.081483,22.316
2025-12-30 23:00:00,5.03593,1.97643,0.35252,4.68341,0.230334,0.148028,0.088563,21.597
2025-12-31 00:00:00,2.89225,1.28544,0.21042,2.68183,0.198256,0.077455,0.064645,10.961
2025-12-31 01:00:00,1.44785,0.833055,0.107758,1.34009,0.19539,0.051833,0.054121,6.393
2025-12-31 02:00:00,0.884929,0.640325,0.075526,0.809403,0.144388,0.022366,0.046422,3.85
2025-12-31 03:00:00,1.66324,0.903933,0.044462,1.61878,0.159716,0.017656,0.0454,3.515
2025-12-31 04:00:00,0.428049,0.212748,0.028195,0.399854,0.152483,0.009499,0.042778,2.761
2025-12-31 05:00:00,0.468676,0.272486,0.045148,0.423528,0.160346,0.011336,0.04246,4.224
2025-12-31 06:00:00,1.05599,0.484844,0.060054,0.995937,0.197415,0.022005,0.054465,5.072
2025-12-31 07:00:00,3.20902,0.882083,0.252814,2.95621,0.25238,0.063417,0.080195,16.265
2025-12-31 08:00:00,4.05832,0.897857,0.390365,3.66795,0.270616,0.084276,0.10247,24.422
2025-12-31 09:00:00,3.66761,1.00208,0.40133,3.26628,0.262519,0.071359,0.093866,21.535
2025-12-31 10:00:00,6.17844,1.63797,0.353994,5.82445,0.259793,0.107075,0.103582,24.542
2025-12-31 11:00:00,5.48603,1.23894,0.529022,4.95701,0.279662,0.09225,0.109828,25.399
2025-12-31 12:00:00,6.2507,1.48826,0.724099,5.5266,0.313038,0.11602,0.11102,33.183
2025-12-31 13:00:00,5.91756,1.61594,0.583835,5.33373,0.30444,0.103887,0.099509,25.505
2025-12-31 14:00:00,3.97512,1.00892,0.330448,3.64468,0.283619,0.09895,0.106821,21.055
2025-12-31 15:00:00,5.32273,1.27155,0.741712,4.58101,0.272186,0.108828,0.112402,25.121
2025-12-31 16:00:00,5.58445,1.25719,0.53233,5.05212,0.27011,0.109815,0.098983,25.505
2025-12-31 17:00:00,5.63956,1.05491,0.689485,4.95008,0.3079,0.118964,0.110029,32.21
2025-12-31 18:00:00,6.20758,1.24351,0.730912,5.47666,0.314817,0.134478,0.115667,41.064
2025-12-31 19:00:00,4.41524,0.859665,0.446543,3.9687,0.298732,0.10351,0.10365,29.24
2025-12-31 20:00:00,4.93783,0.997946,0.535648,4.40219,0.283102,0.101392,0.097019,26.429
2025-12-31 21:00:00,5.35341,1.11483,0.528975,4.82443,0.276159,0.127592,0.099217,29.217
2025-12-31 22:00:00,3.33403,0.891929,0.335906,2.99812,0.26952,0.085616,0.085301,22.975
2025-12-31 23:00:00,2.78496,0.910713,0.279664,2.50529,0.249011,0.07152,0.080905,16.247
2026-01-01 00:00:00,5.42936,2.10277,0.902373,4.52699,0.281798,0.112414,0.085691,19.399
2026-01-01 01:00:00,2.96527,1.1538,0.196868,2.76841,0.220418,0.069002,0.070117,10.993
2026-01-01 02:00:00,1.72549,0.616688,0.538293,1.1872,0.238578,0.046026,0.064412,6.405
2026-01-01 03:00:00,2.36351,0.780037,0.159913,2.2036,0.20177,0.043914,0.060825,8.281
2026-01-01 04:00:00,1.89118,0.657116,0.086509,1.80467,0.170279,0.026461,0.051507,5.644
2026-01-01 05:00:00,1.4812,0.654242,0.242531,1.23867,0.172125,0.02214,0.048613,5.109
2026-01-01 06:00:00,0.830556,0.370785,0.074892,0.755664,0.166166,0.018033,0.051203,5.351
2026-01-01 07:00:00,2.11786,0.660593,0.172971,1.94489,0.198841,0.03599,0.061159,9.623
2026-01-01 08:00:00,2.62886,0.71866,0.264562,2.3643,0.248101,0.048961,0.076462,15.551
2026-01-01 09:00:00,2.93113,0.782887,0.263508,2.66762,0.278217,0.065487,0.085822,17.105
2026-01-01 10:00:00,3.93196,0.822242,0.381561,3.5504,0.280708,0.073021,0.094639,20.763
2026-01-01 11:00:00,4.16346,0.795464,0.407597,3.75586,0.285521,0.092087,0.096571,24.429
2026-01-01 12:00:00,5.06809,0.976887,0.576715,4.49137,0.289652,0.106741,0.099732,26.314
2026-01-01 13:00:00,3.89916,0.83637,0.407243,3.49192,0.286667,0.096002,0.087353,23.873
2026-01-01 14:00:00,4.90933,1.19974,0.489043,4.42029,0.282199,0.096576,0.09724,21.903
2026-01-01 15:00:00,4.80479,1.12052,0.299356,4.50543,0.259327,0.094875,0.090982,18.259
2026-01-01 16:00:00,3.90853,0.959856,0.318385,3.59015,0.25622,0.083337,0.092806,19.448
2026-01-01 17:00:00,4.19794,0.946334,0.415492,3.78245,0.2734,0.105832,0.095588,22.913
2026-01-01 18:00:00,5.22039,1.19187,0.373107,4.84728,0.278544,0.127181,0.096303,22.097
2026-01-01 19:00:00,4.3047,0.950265,0.584827,3.71988,0.305548,0.109806,0.092268,19.888
2026-01-01 20:00:00,4.97724,1.2116,0.786612,4.19062,0.332046,0.111637,0.095443,20.618
2026-01-01 21:00:00,2.90937,0.931298,0.760437,2.14894,0.273266,0.074314,0.09793,18.003
2026-01-01 22:00:00,4.02784,1.3206,0.359199,3.66864,0.234119,0.074655,0.08294,14.185
2026-01-01 23:00:00,3.21448,1.35176,0.244011,2.97046,0.185017,0.084707,0.075405,13.577
2026-01-02 00:00:00,2.72342,1.40673,0.14361,2.57981,0.188089,0.073526,0.057952,8.109
2026-01-02 01:00:00,1.48813,0.939474,0.087163,1.40096,0.174854,0.043573,0.049448,5.953
2026-01-02 02:00:00,0.814134,0.540594,0.106427,0.707707,0.195708,0.022487,0.048471,7.618
2026-01-02 03:00:00,0.688717,0.40995,0.079404,0.609313,0.165629,0.016723,0.044361,6.016
2026-01-02 04:00:00,0.606242,0.333467,0.02778,0.578462,0.121315,0.010702,0.035569,2.557
2026-01-02 05:00:00,0.390001,0.292794,0.023071,0.36693,0.103807,0.010943,0.034227,2.082
2026-01-02 06:00:00,0.959944,0.589646,0.062627,0.897317,0.146935,0.076907,0.042198,3.354
2026-01-02 07:00:00,1.02961,0.410531,0.119696,0.909916,0.196419,0.024033,0.05446,5.711
2026-01-02 08:00:00,2.13454,0.631148,0.195169,1.93937,0.232613,0.05193,0.076095,12.726
2026-01-02 09:00:00,3.12275,0.861687,0.217585,2.90517,0.242279,0.077644,0.086299,14.009
2026-01-02 10:00:00,3.64355,0.861766,0.300195,3.34335,0.245897,0.081196,0.087907,16.757
2026-01-02 11:00:00,3.81013,0.840346,0.350446,3.45968,0.267617,0.076364,0.088298,20.221
2026-01-02 12:00:00,5.91967,1.18536,0.854722,5.06495,0.335688,0.113045,0.10042,27.755
2026-01-02 13:00:00,4.36928,0.967939,0.610227,3.75905,0.273186,0.097192,0.095931,29.058
2026-01-02 14:00:00,4.24953,0.995673,0.403558,3.84597,0.257043,0.091137,0.089303,20.063
2026-01-02 15:00:00,5.07265,1.22706,0.441288,4.63136,0.237355,0.104918,0.093112,20.327
2026-01-02 16:00:00,3.16048,0.651377,0.281398,2.87908,0.255695,0.070633,0.087846,18.717
2026-01-02 17:00:00,4.07046,0.814418,0.546771,3.52369,0.284801,0.088594,0.095966,22.094
2026-01-02 18:00:00,6.91233,1.35802,0.832646,6.07968,0.30939,0.125526,0.104592,30.185
2026-01-02 19:00:00,6.08933,1.44915,1.26042,4.8289,0.333515,0.103201,0.100057,28.086
2026-01-02 20:00:00,3.30121,0.8443,0.322075,2.97914,0.257665,0.077866,0.079859,16.598
2026-01-02 21:00:00,3.42587,1.00289,0.29509,3.13078,0.249426,0.075983,0.081528,23.31
2026-01-02 22:00:00,5.39403,1.88999,0.408197,4.98583,0.241235,0.107762,0.087151,22.153
2026-01-02 23:00:00,5.02898,2.02618,0.302041,4.72694,0.213514,0.097836,0.076249,16.688
2026-01-03 00:00:00,2.773,1.76624,0.132394,2.64061,0.201102,0.06183,0.063363,9.309
2026-01-03 01:00:00,1.56699,1.13221,0.127713,1.43927,0.192532,0.041406,0.059767,6.697
2026-01-03 02:00:00,1.1026,0.662618,0.067207,1.03539,0.148424,0.028785,0.048836,5.541
2026-01-03 03:00:00,0.666372,0.433272,0.050651,0.615721,0.136656,0.022381,0.043708,4.239
2026-01-03 04:00:00,1.12986,0.661508,0.035374,1.09448,0.136997,0.028569,0.038103,3.681
2026-01-03 05:00:00,0.435298,0.376556,0.021842,0.413456,0.158946,0.011023,0.038807,2.9
2026-01-03 06:00:00,0.834124,0.482152,0.053308,0.780816,0.185306,0.015585,0.043415,3.35
2026-01-03 07:00:00,1.6059,0.62244,0.222134,1.38376,0.231422,0.03186,0.059318,6.94
2026-01-03 08:00:00,2.25135,0.592774,0.151875,2.09948,0.266173,0.055163,0.077528,10.999
2026-01-03 09:00:00,2.95747,0.781574,0.314763,2.64271,0.250467,0.066814,0.079062,15.019
2026-01-03 10:00:00,3.6856,0.915449,0.352604,3.33299,0.2604,0.079829,0.09158,19.34
2026-01-03 11:00:00,4.61215,0.916565,0.500166,4.11199,0.310275,0.093994,0.096176,21.589
2026-01-03 12:00:00,5.74223,1.13573,0.527383,5.21485,0.306135,0.115287,0.095573,26.044
2026-01-03 13:00:00,3.3764,0.690753,0.398606,2.97779,0.291379,0.074131,0.091929,19.998
2026-01-03 14:00:00,3.30039,0.69336,0.289273,3.01112,0.254503,0.081184,0.090553,19.107
2026-01-03 15:00:00,4.49712,0.895484,0.390004,4.10712,0.275172,0.099704,0.094078,20.989
2026-01-03 16:00:00,5.11597,1.01306,0.697698,4.41827,0.278659,0.10491,0.095237,24.517
2026-01-03 17:00:00,5.12256,0.940609,0.671952,4.45061,0.29951,0.11608,0.108006,28.384
2026-01-03 18:00:00,5.42758,1.00214,0.520637,4.90694,0.285173,0.116699,0.105423,29.05
2026-01-03 19:00:00,6.15186,1.2679,0.917193,5.23466,0.299968,0.132168,0.109092,33.094
2026-01-03 20:00:00,5.14746,1.04623,0.698661,4.4488,0.310293,0.117178,0.097869,28.645
2026-01-03 21:00:00,6.22099,1.54597,0.701257,5.51973,0.259088,0.138638,0.098564,30.966
2026-01-03 22:00:00,3.62823,1.25025,0.299029,3.3292,0.254723,0.101154,0.078768,17.886
2026-01-03 23:00:00,3.52782,1.5963,0.212358,3.31546,0.205754,0.093929,0.073914,13.046
2026-01-04 00:00:00,2.63917,1.48602,0.21144,2.42773,0.176407,0.077497,0.069637,10.269
2026-01-04 01:00:00,1.23297,0.716007,0.071663,1.1613,0.173319,0.033595,0.066858,6.31
2026-01-04 02:00:00,1.29991,0.814478,0.09275,1.20716,0.158608,0.040699,0.059056,8.786
2026-01-04 03:00:00,1.55373,0.68932,0.066465,1.48726,0.161976,0.026574,0.046165,5.504
2026-01-04 04:00:00,2.01719,0.970734,0.057939,1.95925,0.157536,0.031361,0.046547,4.112
2026-01-04 05:00:00,1.06141,0.586413,0.04343,1.01798,0.142618,0.020254,0.040685,3.123
2026-01-04 06:00:00,1.63272,0.699538,0.086188,1.54653,0.195227,0.030344,0.054769,5.846
2026-01-04 07:00:00,3.55602,1.00001,0.305749,3.25027,0.260559,0.066599,0.074522,15.465
2026-01-04 08:00:00,4.66939,1.02986,0.352593,4.3168,0.278863,0.097269,0.106274,23.039
2026-01-04 09:00:00,3.98479,1.13916,0.358943,3.62584,0.258875,0.07984,0.096039,19.231
2026-01-04 10:00:00,2.93954,0.811579,0.292895,2.64665,0.258744,0.069366,0.101358,18.003
2026-01-04 11:00:00,2.92182,0.68235,0.385149,2.53667,0.273354,0.063032,0.100261,18.264
2026-01-04 12:00:00,3.98377,0.894024,0.656526,3.32725,0.309615,0.086058,0.100592,24.779
2026-01-04 13:00:00,2.05748,0.744923,0.233823,1.82365,0.279748,0.061146,0.093111,17.263
2026-01-04 14:00:00,2.44449,0.722366,0.479155,1.96533,0.286128,0.056811,0.091904,17.231
2026-01-04 15:00:00,2.88024,0.77509,0.28065,2.59959,0.262212,0.07011,0.091774,17.288
2026-01-04 16:00:00,3.39701,0.790002,0.285822,3.11119,0.248176,0.079306,0.092308,20.161
2026-01-04 17:00:00,4.79948,0.959897,0.930952,3.86853,0.305199,0.101799,0.106381,27.246
2026-01-04 18:00:00,5.04935,0.921078,0.592783,4.45656,0.301048,0.125246,0.113226,33.034
2026-01-04 19:00:00,7.13216,1.21419,0.672121,6.46004,0.306931,0.142516,0.106551,30.688
2026-01-04 20:00:00,4.37188,0.809907,0.658799,3.71308,0.285028,0.114943,0.093503,23.432
2026-01-04 21:00:00,4.44952,0.959361,0.546111,3.9034,0.27779,0.107328,0.093439,24.441
2026-01-04 22:00:00,4.26941,1.27903,0.777283,3.49213,0.26248,0.098011,0.082045,20.703
2026-01-04 23:00:00,2.75799,1.00657,0.326832,2.43116,0.214605,0.084812,0.070932,15.282
2026-01-05 00:00:00,2.80434,1.39658,0.163839,2.6405,0.185207,0.056398,0.06024,14.405
2026-01-05 01:00:00,5.60476,3.29692,0.13556,5.4692,0.159124,0.10209,0.060118,9.348
2026-01-05 02:00:00,3.19895,2.04536,0.07714,3.12181,0.125839,0.082982,0.04858,6.226
2026-01-05 03:00:00,1.61886,0.780552,0.05865,1.56021,0.143681,0.023384,0.049481,4.379
2026-01-05 04:00:00,2.68703,1.21695,0.064326,2.6227,0.142136,0.030646,0.046496,4.188
2026-01-05 05:00:00,1.24928,0.586518,0.084869,1.16441,0.160766,0.021997,0.054546,4.464
2026-01-05 06:00:00,1.12894,0.409631,0.093185,1.03576,0.226903,0.023464,0.059824,6.226
2026-01-05 07:00:00,3.58199,0.822311,0.309499,3.27249,0.250672,0.072658,0.085582,16.364
2026-01-05 08:00:00,4.73157,0.958972,0.36552,4.36605,0.270782,0.085563,0.090834,19.632
2026-01-05 09:00:00,3.46643,0.909346,0.351047,3.11538,0.278672,0.069134,0.090312,16.601
2026-01-05 10:00:00,3.33068,0.93611,0.382424,2.94826,0.266705,0.060021,0.085473,15.665
2026-01-05 11:00:00,3.08873,0.701029,0.33702,2.75171,0.285638,0.068809,0.098469,22.486
2026-01-05 12:00:00,4.45655,0.909129,0.426895,4.02966,0.325426,0.103953,0.106894,25.542
2026-01-05 13:00:00,4.11456,0.981526,0.430611,3.68395,0.289146,0.088082,0.108686,27.052
2026-01-05 14:00:00,6.47889,1.60607,0.486655,5.99223,0.249343,0.107903,0.113497,25.282
2026-01-05 15:00:00,4.64643,1.1793,0.376529,4.2699,0.276311,0.101985,0.106408,22.036
2026-01-05 16:00:00,3.52311,0.8018,0.619945,2.90317,0.318645,0.070324,0.100763,22.824
2026-01-05 17:00:00,5.16514,0.957927,0.659133,4.50601,0.312989,0.100031,0.106762,29.139
2026-01-05 18:00:00,5.39665,1.03305,0.712168,4.68448,0.31461,0.129861,0.114272,35.568
2026-01-05 19:00:00,7.00421,1.55166,0.808758,6.19545,0.282977,0.147451,0.123528,33.608
2026-01-05 20:00:00,4.4415,1.15424,0.412549,4.02895,0.252761,0.10035,0.095083,27.355
2026-01-05 21:00:00,3.03108,0.832715,0.288091,2.74299,0.266971,0.107309,0.084606,18.181
2026-01-05 22:00:00,3.36546,1.49842,0.325996,3.03947,0.233619,0.117094,0.082241,20.452
2026-01-05 23:00:00,4.29201,1.78092,0.776637,3.51537,0.262161,0.104366,0.078227,18.466
2026-01-06 00:00:00,2.7922,1.25662,0.184075,2.60813,0.22143,0.079109,0.069879,12.657
2026-01-06 01:00:00,1.63248,0.929658,0.067046,1.56543,0.149462,0.035597,0.043985,4.754
2026-01-06 02:00:00,2.42311,1.43719,0.133764,2.28934,0.12274,0.043308,0.04203,3.753
2026-01-06 03:00:00,1.29247,0.640471,0.033492,1.25898,0.156713,0.023335,0.041573,3.598
2026-01-06 04:00:00,1.02005,0.449362,0.030391,0.98966,0.139553,0.013479,0.037593,2.324
2026-01-06 05:00:00,0.321366,0.185546,0.025873,0.295493,0.15208,0.007509,0.036903,2.168
2026-01-06 06:00:00,1.99266,0.742975,0.075647,1.91701,0.209985,0.0236,0.053752,5.112
2026-01-06 07:00:00,2.76311,0.623163,0.362306,2.4008,0.265878,0.061161,0.081753,15.157
2026-01-06 08:00:00,3.90109,0.765521,0.337362,3.56373,0.259491,0.089691,0.102099,22.711
2026-01-06 09:00:00,3.97725,0.950585,0.354109,3.62314,0.261389,0.071552,0.092583,19.708
2026-01-06 10:00:00,2.72037,0.713258,0.292823,2.42754,0.268254,0.060515,0.086443,16.202
2026-01-06 11:00:00,3.77492,0.826021,0.475164,3.29975,0.293936,0.073377,0.09855,23.153
2026-01-06 12:00:00,6.11357,1.40348,0.470728,5.64285,0.29558,0.126132,0.114462,27.801
2026-01-06 13:00:00,6.37729,1.52494,0.525842,5.85145,0.26423,0.117043,0.112559,30.033
2026-01-06 14:00:00,3.84299,0.934579,0.322633,3.52035,0.241332,0.106383,0.112952,23.225
2026-01-06 15:00:00,3.7742,0.820478,0.409141,3.36506,0.275095,0.092507,0.105706,24.857
2026-01-06 16:00:00,3.28372,0.616083,0.396474,2.88725,0.301504,0.071741,0.099161,24.736
2026-01-06 17:00:00,5.69907,0.935809,0.764319,4.93476,0.322592,0.118208,0.110824,32.081
2026-01-06 18:00:00,6.42469,1.09861,0.734304,5.69039,0.303305,0.162725,0.140162,32.918
2026-01-06 19:00:00,5.40765,1.09912,0.406616,5.00104,0.279176,0.127231,0.108086,26.145
2026-01-06 20:00:00,4.88522,1.01648,0.583376,4.30184,0.269583,0.138096,0.112355,25.725
2026-01-06 21:00:00,4.98307,1.05395,0.742967,4.2401,0.272431,0.113469,0.097582,22.64
2026-01-06 22:00:00,8.80267,2.31649,0.382724,8.41995,0.239636,0.150828,0.08259,17.943
2026-01-06 23:00:00,4.78045,1.70487,0.416138,4.36431,0.21251,0.109931,0.083072,17.516
2026-01-07 00:00:00,2.36592,0.972031,0.127741,2.23818,0.202867,0.066234,0.058923,10.021
2026-01-07 01:00:00,1.92833,0.990922,0.096086,1.83225,0.168407,0.062216,0.059556,9.868
2026-01-07 02:00:00,1.92518,1.0889,0.084844,1.84034,0.159774,0.036784,0.050068,5.729
2026-01-07 03:00:00,1.54048,0.520433,0.061776,1.47871,0.170635,0.026112,0.056724,5.97
2026-01-07 04:00:00,0.651304,0.228688,0.02431,0.626994,0.178894,0.020872,0.049602,3.13
2026-01-07 05:00:00,1.59985,0.622993,0.624994,0.974852,0.290623,0.021035,0.051797,5.147
2026-01-07 06:00:00,1.00838,0.33412,0.135438,0.872937,0.230596,0.021521,0.057599,5.792
2026-01-07 07:00:00,3.3894,0.718398,0.308179,3.08122,0.264796,0.073158,0.085974,16.823
2026-01-07 08:00:00,4.20419,0.840837,0.425588,3.7786,0.261834,0.089039,0.104744,23.573
2026-01-07 09:00:00,2.68166,0.71245,0.315799,2.36586,0.261735,0.066039,0.096753,23.704
2026-01-07 10:00:00,4.67755,1.26625,0.363281,4.31426,0.254893,0.089908,0.1042,29.116
2026-01-07 11:00:00,3.87074,0.909053,0.444266,3.42648,0.280557,0.098939,0.110918,24.966
2026-01-07 12:00:00,5.65725,1.28166,0.47959,5.17766,0.284175,0.11718,0.108642,26.665
2026-01-07 13:00:00,4.29489,1.13561,0.554136,3.74075,0.236257,0.098373,0.104007,25.95
2026-01-07 14:00:00,6.02289,1.36573,0.714072,5.30882,0.274506,0.114536,0.09777,25.413
2026-01-07 15:00:00,6.0251,1.3081,0.76549,5.25962,0.273848,0.117438,0.109237,26.789
2026-01-07 16:00:00,4.30264,0.920547,0.364501,3.93814,0.265742,0.088408,0.106689,25
2026-01-07 17:00:00,6.53752,1.1579,0.550505,5.98702,0.284407,0.136836,0.129978,32.972
2026-01-07 18:00:00,6.5652,1.14496,0.796586,5.76861,0.299418,0.153945,0.121793,34.758
2026-01-07 19:00:00,5.31838,1.03229,0.608315,4.71007,0.31306,0.134835,0.113643,36.111
2026-01-07 20:00:00,4.51364,0.947448,0.569446,3.94419,0.30387,0.099607,0.093684,25.871
2026-01-07 21:00:00,4.61162,1.10115,0.38673,4.22489,0.253452,0.110172,0.091976,24.149
2026-01-07 22:00:00,4.45334,1.26948,0.514255,3.93908,0.254722,0.118335,0.087125,21.466
2026-01-07 23:00:00,3.34279,1.17704,0.473824,2.86897,0.23031,0.1002,0.081545,18.824
2026-01-08 00:00:00,3.38421,1.22705,0.15417,3.23003,0.208311,0.082483,0.06514,10.256
2026-01-08 01:00:00,2.75227,1.20081,0.12282,2.62945,0.185625,0.062356,0.059591,9.037
2026-01-08 02:00:00,1.12589,0.508991,0.049959,1.07593,0.168212,0.030826,0.045797,4.757
2026-01-08 03:00:00,0.691272,0.28803,0.046306,0.644966,0.191544,0.02309,0.048155,6.023
2026-01-08 04:00:00,0.327993,0.133006,0.041952,0.286041,0.173677,0.015292,0.044952,5.02
2026-01-08 05:00:00,0.538884,0.248334,0.05967,0.479214,0.209678,0.016893,0.050625,6.138
2026-01-08 06:00:00,0.848097,0.310431,0.115274,0.732823,0.226855,0.02449,0.055976,8.453
2026-01-08 07:00:00,3.61844,0.780509,0.382976,3.23546,0.261063,0.07963,0.086223,18.096
2026-01-08 08:00:00,4.58123,0.893028,0.501593,4.07964,0.267394,0.097245,0.103484,25.049
2026-01-08 09:00:00,2.81548,0.696212,0.330894,2.48459,0.288904,0.056227,0.089161,15.617
2026-01-08 10:00:00,4.41449,1.10973,0.580123,3.83437,0.279519,0.090868,0.105557,24.711
2026-01-08 11:00:00,5.27245,1.16082,0.501139,4.77131,0.274098,0.109893,0.102715,26.098
2026-01-08 12:00:00,8.2658,1.75793,0.643112,7.62268,0.278993,0.159353,0.134651,37.727
2026-01-08 13:00:00,8.51808,1.79177,0.497283,8.0208,0.275418,0.14053,0.105128,26.935
2026-01-08 14:00:00,4.30547,0.91958,0.385037,3.92044,0.29391,0.091713,0.092017,20.679
2026-01-08 15:00:00,3.7346,0.800729,0.343764,3.39084,0.275222,0.080726,0.097075,18.994
2026-01-08 16:00:00,5.60411,1.03741,0.675314,4.92879,0.285174,0.105406,0.104167,27.33
2026-01-08 17:00:00,5.60978,0.961896,0.69975,4.91003,0.303624,0.12608,0.116749,32.906
2026-01-08 18:00:00,7.53713,1.38347,0.931896,6.60523,0.319174,0.17838,0.127015,36.788
2026-01-08 19:00:00,5.99625,1.14214,0.687953,5.3083,0.31121,0.122611,0.098303,27.47
2026-01-08 20:00:00,7.96424,1.69308,1.16784,6.7964,0.323886,0.129878,0.097465,34.637
2026-01-08 21:00:00,4.12695,0.912234,0.44903,3.67792,0.24864,0.105276,0.094004,27.168
2026-01-08 22:00:00,4.86351,1.30669,0.813863,4.04964,0.263173,0.12785,0.099887,30.228
2026-01-08 23:00:00,4.13085,1.37512,0.395169,3.73568,0.221776,0.112208,0.083129,20.488
2026-01-09 00:00:00,4.0253,1.60499,0.209704,3.8156,0.212736,0.099444,0.06872,15.79
2026-01-09 01:00:00,1.57694,0.659257,0.116818,1.46012,0.21216,0.044345,0.056862,8.313
2026-01-09 02:00:00,0.685101,0.311409,0.051197,0.633904,0.170172,0.023877,0.045186,4.314
2026-01-09 03:00:00,1.13409,0.473722,0.05535,1.07874,0.164467,0.027589,0.045757,4.845
2026-01-09 04:00:00,0.445981,0.165056,0.046477,0.399504,0.173881,0.014102,0.042646,3.341
2026-01-09 05:00:00,0.81514,0.358461,0.109822,0.705318,0.181959,0.019325,0.049049,4.534
2026-01-09 06:00:00,0.752615,0.256165,0.052365,0.70025,0.195058,0.031119,0.05745,4.576
2026-01-09 07:00:00,3.62571,0.804641,0.369365,3.25635,0.264756,0.111833,0.086323,16.398
2026-01-09 08:00:00,4.97529,0.995456,0.40034,4.57495,0.25316,0.096922,0.098629,21.442
2026-01-09 09:00:00,4.24943,1.07039,0.438554,3.81088,0.238738,0.079591,0.105905,20.826
2026-01-09 10:00:00,4.37428,1.1609,0.288508,4.08577,0.242852,0.082228,0.099151,21.36
2026-01-09 11:00:00,3.81161,0.791447,0.417227,3.39438,0.290395,0.08722,0.105387,23.436
2026-01-09 12:00:00,5.33544,1.10419,0.459768,4.87567,0.273076,0.114276,0.110657,28.558
2026-01-09 13:00:00,4.92754,1.13017,0.532697,4.39484,0.264881,0.09189,0.101614,25.983
2026-01-09 14:00:00,4.54414,1.00891,0.505347,4.03879,0.248465,0.090512,0.104966,21.65
2026-01-09 15:00:00,4.14565,0.869839,0.417778,3.72787,0.258313,0.090938,0.107711,24.102
2026-01-09 16:00:00,4.24446,0.869766,0.545438,3.69902,0.281212,0.089496,0.106642,23.734
2026-01-09 17:00:00,5.26961,0.862175,0.760256,4.50936,0.293046,0.11973,0.115537,32.819
2026-01-09 18:00:00,7.47586,1.26111,0.879389,6.59647,0.314247,0.158713,0.129231,39.354
2026-01-09 19:00:00,5.28277,0.978654,0.509693,4.77308,0.264766,0.122103,0.104758,29.389
2026-01-09 20:00:00,5.80684,1.1476,0.504755,5.30209,0.27145,0.112118,0.096331,26.416
2026-01-09 21:00:00,3.66038,0.811255,0.351024,3.30936,0.232918,0.116225,0.095739,20.691
2026-01-09 22:00:00,3.3571,0.976469,0.627748,2.72935,0.283898,0.102625,0.08204,18.943
2026-01-09 23:00:00,4.2841,1.29195,0.328218,3.95588,0.247658,0.114701,0.078591,16.612
2026-01-10 00:00:00,3.25447,1.34817,0.308955,2.94552,0.243965,0.092817,0.072951,13.008
2026-01-10 01:00:00,5.22389,2.3897,0.156286,5.0676,0.209306,0.086147,0.061427,8.312
2026-01-10 02:00:00,5.39187,2.30816,0.090032,5.30184,0.173094,0.058099,0.050467,6.633
2026-01-10 03:00:00,1.27114,0.534092,0.062393,1.20875,0.152176,0.01692,0.042571,4.768
2026-01-10 04:00:00,0.322194,0.12373,0.023107,0.299087,0.150175,0.009357,0.053848,2.582
2026-01-10 05:00:00,1.26088,0.533368,0.414316,0.846565,0.216709,0.017031,0.051638,5.018
2026-01-10 06:00:00,0.859477,0.311631,0.085975,0.773502,0.21057,0.017523,0.054571,5.107
2026-01-10 07:00:00,1.89307,0.576452,0.138325,1.75474,0.213319,0.041122,0.065659,8.634
2026-01-10 08:00:00,3.79233,0.83642,0.265343,3.52698,0.263662,0.079896,0.088349,18.176
2026-01-10 09:00:00,4.28357,1.03518,0.35305,3.93052,0.247702,0.084329,0.097794,24.954
2026-01-10 10:00:00,4.49546,0.889838,0.368105,4.12735,0.272995,0.095609,0.103003,23.343
2026-01-10 11:00:00,5.32768,1.17298,0.482038,4.84565,0.297915,0.118635,0.100659,24.548
2026-01-10 12:00:00,4.06884,0.769448,0.461743,3.6071,0.300635,0.089615,0.097751,23.876
2026-01-10 13:00:00,4.97976,0.974132,0.582311,4.39745,0.267479,0.103479,0.103316,25.837
2026-01-10 14:00:00,4.49084,0.877461,0.453999,4.03684,0.275163,0.103149,0.11078,24.735
2026-01-10 15:00:00,4.64284,0.888073,0.44748,4.19536,0.284784,0.101459,0.0987,21.709
2026-01-10 16:00:00,5.32187,1.02541,0.779106,4.54276,0.313462,0.123491,0.112934,26.083
2026-01-10 17:00:00,6.35747,1.18654,0.669202,5.68827,0.282716,0.135999,0.120468,32.395
2026-01-10 18:00:00,5.78699,1.14413,0.58144,5.20555,0.317877,0.131968,0.113242,32.072
2026-01-10 19:00:00,5.16806,1.12203,0.493967,4.67409,0.284541,0.117256,0.102338,27.157
2026-01-10 20:00:00,6.9961,1.57997,0.438844,6.55725,0.260236,0.188583,0.10576,27.616
2026-01-10 21:00:00,6.29093,1.41879,0.567889,5.72304,0.245322,0.132364,0.092919,23.845
2026-01-10 22:00:00,4.61846,1.35837,0.33812,4.28034,0.25037,0.11029,0.09287,21.506
2026-01-10 23:00:00,4.10882,1.72785,0.260724,3.8481,0.236024,0.113383,0.080029,13.304
2026-01-11 00:00:00,1.90493,0.894332,0.130245,1.77468,0.211631,0.06465,0.064044,7.754
2026-01-11 01:00:00,1.24702,0.725011,0.101059,1.14596,0.18883,0.033809,0.047747,5.814
2026-01-11 02:00:00,1.12382,0.690306,0.0662,1.05762,0.153397,0.023054,0.047795,4.493
2026-01-11 03:00:00,1.28269,0.682281,0.072097,1.21059,0.158595,0.02326,0.047591,4.179
2026-01-11 04:00:00,2.27219,1.02628,0.070648,2.20154,0.166637,0.026484,0.050481,4.747
2026-01-11 05:00:00,0.961288,0.526444,0.159409,0.801879,0.158902,0.017512,0.064009,4.235
2026-01-11 06:00:00,0.550429,0.284019,0.036316,0.514113,0.142554,0.011315,0.044287,2.955
2026-01-11 07:00:00,1.72793,0.605441,0.111207,1.61672,0.196784,0.032419,0.059746,7.644
2026-01-11 08:00:00,3.7465,0.997471,0.243061,3.50344,0.228649,0.076048,0.080779,14.625
2026-01-11 09:00:00,5.30707,1.21388,0.597128,4.70994,0.278461,0.102247,0.101289,21.943
2026-01-11 10:00:00,2.83301,0.654578,0.275335,2.55768,0.266266,0.066548,0.0942,17.347
2026-01-11 11:00:00,6.23483,1.18533,0.732835,5.50199,0.284048,0.121778,0.1056,30.133
2026-01-11 12:00:00,5.56658,1.16602,0.81479,4.75179,0.30775,0.103873,0.099452,28.634
2026-01-11 13:00:00,5.96104,1.18698,0.659756,5.30128,0.319321,0.128785,0.114762,29.022
2026-01-11 14:00:00,5.18056,1.05639,0.594139,4.58642,0.265145,0.107221,0.116979,23.46
2026-01-11 15:00:00,4.13447,0.901542,0.382993,3.75148,0.258092,0.103428,0.101766,25.52
2026-01-11 16:00:00,9.10866,1.97756,0.730418,8.37824,0.251885,0.164483,0.102766,30.795
2026-01-11 17:00:00,7.86834,1.63176,0.656395,7.21195,0.279798,0.150495,0.11086,32.796
2026-01-11 18:00:00,5.28889,1.19658,0.498004,4.79088,0.271637,0.124485,0.108184,29.259
2026-01-11 19:00:00,4.04251,1.01469,0.673156,3.36935,0.285248,0.084265,0.088459,23.978
2026-01-11 20:00:00,5.85003,1.61871,0.372635,5.4774,0.267212,0.122685,0.088804,21.652
2026-01-11 21:00:00,3.18879,0.902317,0.427485,2.7613,0.284052,0.09315,0.08366,21.804
2026-01-11 22:00:00,5.11581,1.60672,0.394136,4.72167,0.26911,0.150001,0.082126,18.941
2026-01-11 23:00:00,1.96762,0.835154,0.168464,1.79916,0.208018,0.079217,0.0676,9.075
2026-01-12 00:00:00,2.32643,1.27546,0.14191,2.18452,0.208985,0.054259,0.060091,8.197
2026-01-12 01:00:00,1.30841,0.769651,0.08629,1.22212,0.158764,0.036253,0.049452,6.007
2026-01-12 02:00:00,0.706598,0.439974,0.02605,0.680548,0.1205,0.015739,0.035257,2.29
2026-01-12 03:00:00,0.174466,0.099016,0.017289,0.157177,0.117572,0.01152,0.041771,2.004
2026-01-12 04:00:00,0.158001,0.074741,0.019046,0.138955,0.134843,0.005687,0.038406,1.559
2026-01-12 05:00:00,1.40886,0.778375,0.057588,1.35127,0.156374,0.018283,0.046299,3.985
2026-01-12 06:00:00,0.688873,0.251231,0.062715,0.626158,0.203447,0.014812,0.050484,4.032
2026-01-12 07:00:00,3.92317,0.920933,0.247969,3.67521,0.254196,0.073241,0.077782,13.287
2026-01-12 08:00:00,4.61719,0.955545,0.526947,4.09025,0.266139,0.095107,0.09657,22.214
2026-01-12 09:00:00,2.66434,0.777683,0.344511,2.31983,0.241137,0.068035,0.092126,16.161
2026-01-12 10:00:00,3.66896,1.06967,0.303252,3.36571,0.242269,0.076428,0.096421,19.269
2026-01-12 11:00:00,4.11085,0.948948,0.428283,3.68256,0.269323,0.079721,0.0996,24.721
2026-01-12 12:00:00,4.6854,1.04445,0.669449,4.01595,0.287967,0.107165,0.115142,29.217
2026-01-12 13:00:00,3.8656,0.854464,0.432622,3.43297,0.239856,0.105453,0.118409,29.154
2026-01-12 14:00:00,3.28707,0.722432,0.574513,2.71255,0.299472,0.075925,0.093532,21.144
2026-01-12 15:00:00,2.84256,0.610778,0.389141,2.45342,0.265355,0.06483,0.09568,22.256
2026-01-12 16:00:00,4.54614,0.919899,0.444502,4.10164,0.281082,0.104133,0.111372,28.33
2026-01-12 17:00:00,4.62207,0.827142,0.545202,4.07687,0.306548,0.111329,0.107087,27.236
2026-01-12 18:00:00,6.42388,1.09138,0.685789,5.73809,0.320478,0.139847,0.120157,36.165
2026-01-12 19:00:00,4.50858,0.801952,0.437957,4.07062,0.281057,0.117937,0.110816,26.944
2026-01-12 20:00:00,5.32974,1.05875,0.63625,4.6935,0.27684,0.114059,0.097138,29.432
2026-01-12 21:00:00,2.90418,0.640252,0.268241,2.63594,0.249533,0.08453,0.081075,19.246
2026-01-12 22:00:00,3.80927,1.07607,0.358009,3.45126,0.226151,0.141661,0.085813,17.16
2026-01-12 23:00:00,4.45875,1.65384,0.331278,4.12747,0.217478,0.120552,0.078685,15.798
2026-01-13 00:00:00,2.31233,1.04159,0.204983,2.10735,0.18455,0.083253,0.074845,9.011
2026-01-13 01:00:00,1.52462,0.917341,0.08955,1.43507,0.177017,0.047012,0.058986,5.866
2026-01-13 02:00:00,0.234385,0.141708,0.028624,0.205761,0.149546,0.020717,0.045825,2.185
2026-01-13 03:00:00,1.72369,0.859268,0.095397,1.62829,0.170425,0.030582,0.050674,4.406
2026-01-13 04:00:00,1.09359,0.587952,0.053095,1.0405,0.165687,0.015515,0.043243,4.2
2026-01-13 05:00:00,1.42131,0.659233,0.042256,1.37905,0.166882,0.01808,0.046613,3.865
2026-01-13 06:00:00,1.25149,0.433041,0.090411,1.16108,0.23012,0.025889,0.056949,7.051
2026-01-13 07:00:00,3.56001,0.901269,0.376217,3.1838,0.253503,0.070334,0.081259,18.347
2026-01-13 08:00:00,5.50701,1.06725,0.539809,4.9672,0.28031,0.117006,0.104492,25.289
2026-01-13 09:00:00,4.70986,1.21765,0.367991,4.34187,0.248464,0.086324,0.09707,23.328
2026-01-13 10:00:00,4.72842,1.22944,0.285762,4.44266,0.265434,0.102623,0.097715,23.063
2026-01-13 11:00:00,3.65869,0.862085,0.307645,3.35105,0.269029,0.071648,0.0943,20.944
2026-01-13 12:00:00,5.7639,1.42178,0.825021,4.93888,0.316987,0.105448,0.101522,30.361
2026-01-13 13:00:00,5.66183,1.22976,0.990297,4.67154,0.304933,0.107324,0.096841,25.278
2026-01-13 14:00:00,3.65354,0.841442,0.358709,3.29483,0.26967,0.073843,0.094751,20.643
2026-01-13 15:00:00,3.20906,0.894885,0.235853,2.9732,0.257977,0.075957,0.090461,18.44
2026-01-13 16:00:00,3.78546,0.81548,0.456295,3.32916,0.26064,0.078261,0.099507,19.089
2026-01-13 17:00:00,5.97619,1.10588,0.681812,5.29438,0.289424,0.12512,0.114382,32.305
2026-01-13 18:00:00,6.19584,1.12366,0.880776,5.31506,0.314012,0.136418,0.110661,33.638
2026-01-13 19:00:00,5.34643,1.02148,0.542803,4.80363,0.287116,0.130694,0.103163,31.914
2026-01-13 20:00:00,4.10636,0.787565,0.380108,3.72626,0.291469,0.109402,0.09905,24.185
2026-01-13 21:00:00,3.20795,0.660071,0.488057,2.71989,0.287457,0.080589,0.088937,21.754
2026-01-13 22:00:00,4.45183,1.23183,0.344196,4.10764,0.23797,0.11173,0.091953,20.019
2026-01-13 23:00:00,8.72468,3.14063,0.262422,8.46226,0.23489,0.151333,0.081279,12.049
2026-01-14 00:00:00,4.00479,1.70127,0.179032,3.82576,0.196417,0.082872,0.068982,9.686
2026-01-14 01:00:00,1.73069,0.753128,0.115794,1.61489,0.177479,0.045213,0.051592,8.052
2026-01-14 02:00:00,1.02166,0.462707,0.051024,0.970632,0.145936,0.040462,0.05517,3.93
2026-01-14 03:00:00,0.530755,0.203043,0.042748,0.488007,0.145967,0.012881,0.046199,3.304
2026-01-14 04:00:00,1.32574,0.421942,0.068081,1.25766,0.172918,0.019859,0.062572,4.472
2026-01-14 05:00:00,0.987767,0.425395,0.067363,0.920404,0.171918,0.016365,0.054258,5.146
2026-01-14 06:00:00,1.83878,0.53453,0.117853,1.72093,0.219084,0.031464,0.061636,7.566
2026-01-14 07:00:00,3.05408,0.743809,0.262094,2.79198,0.249805,0.057315,0.077056,14.933
2026-01-14 08:00:00,4.33111,0.778417,0.361863,3.96925,0.277684,0.096406,0.102118,23.422
2026-01-14 09:00:00,2.79959,0.680833,0.309541,2.49005,0.268118,0.07012,0.096703,18.27
2026-01-14 10:00:00,7.53459,1.6545,0.412787,7.12181,0.279365,0.116977,0.10809,23.89
2026-01-14 11:00:00,3.84528,0.885601,0.44003,3.40525,0.295932,0.090096,0.099346,22.76
2026-01-14 12:00:00,5.13097,1.08385,0.633936,4.49703,0.348789,0.107665,0.107153,24.364
2026-01-14 13:00:00,4.24993,0.985149,0.431504,3.81843,0.280706,0.088002,0.090817,26.245
2026-01-14 14:00:00,4.93884,1.12656,0.385837,4.553,0.268623,0.097716,0.097301,21.937
2026-01-14 15:00:00,4.22901,0.948634,0.470623,3.75839,0.278203,0.092395,0.098656,21.158
2026-01-14 16:00:00,4.07107,0.817813,0.673767,3.3973,0.32663,0.094457,0.112639,27.114
2026-01-14 17:00:00,6.46718,1.13739,0.794294,5.67289,0.309185,0.135839,0.11836,36.99
2026-01-14 18:00:00,6.72587,1.17421,0.732307,5.99357,0.314696,0.148073,0.123485,35.769
2026-01-14 19:00:00,6.32655,1.06904,0.664278,5.66228,0.333674,0.133363,0.109959,34.331
2026-01-14 20:00:00,4.69924,0.860036,0.500389,4.19885,0.292259,0.109333,0.099856,28.809
2026-01-14 21:00:00,5.07612,1.16371,0.491649,4.58447,0.297234,0.120905,0.092938,24.51
2026-01-14 22:00:00,4.55299,1.37469,0.41803,4.13496,0.260336,0.121535,0.09146,19.76
2026-01-14 23:00:00,3.8285,1.31745,0.351794,3.47671,0.227094,0.121152,0.084349,15.901
2026-01-15 00:00:00,2.58372,1.17442,0.141862,2.44186,0.184363,0.117341,0.071527,9.953
2026-01-15 01:00:00,1.01441,0.615541,0.064619,0.949792,0.192604,0.041087,0.065482,5.963
2026-01-15 02:00:00,1.18464,0.717961,0.04565,1.13899,0.165328,0.022398,0.053283,3.628
2026-01-15 03:00:00,2.19277,1.13969,0.050647,2.14212,0.172357,0.030549,0.046916,5.609
2026-01-15 04:00:00,0.862807,0.455067,0.036282,0.826525,0.183772,0.019802,0.045985,4.283
2026-01-15 05:00:00,1.43003,0.796234,0.178499,1.25154,0.196648,0.02351,0.050181,4.95
2026-01-15 06:00:00,1.18248,0.493522,0.095717,1.08676,0.23281,0.024398,0.059039,6.139
2026-01-15 07:00:00,4.12415,1.00004,0.263654,3.8605,0.254208,0.076196,0.079995,16.128
2026-01-15 08:00:00,3.53058,0.994528,0.469489,3.06109,0.265668,0.096935,0.103457,21.545
2026-01-15 09:00:00,4.0472,1.1261,0.448528,3.59867,0.254643,0.077597,0.100135,19.888
2026-01-15 10:00:00,2.92705,0.792808,0.322945,2.6041,0.263138,0.074018,0.099201,18.687
2026-01-15 11:00:00,5.50205,1.12655,0.419547,5.08251,0.281973,0.115271,0.115705,26.406
2026-01-15 12:00:00,5.28019,1.05815,0.526517,4.75368,0.295982,0.127006,0.108895,28.383
2026-01-15 13:00:00,4.44347,1.0977,0.52535,3.91812,0.280181,0.109577,0.108664,30.531
2026-01-15 14:00:00,4.15584,0.986199,0.371879,3.78396,0.270707,0.103802,0.102379,17.849
2026-01-15 15:00:00,5.9018,1.35798,0.6625,5.2393,0.28378,0.109955,0.101767,27.253
2026-01-15 16:00:00,4.15715,0.969032,0.469844,3.6873,0.276898,0.09253,0.099678,24.192
2026-01-15 17:00:00,7.50569,1.42099,0.777279,6.72841,0.275731,0.151743,0.120831,37.292
2026-01-15 18:00:00,7.13482,1.2888,1.16455,5.97027,0.332457,0.145251,0.12088,38.088
2026-01-15 19:00:00,4.21526,0.79986,0.673857,3.5414,0.279337,0.097194,0.099706,24.6
2026-01-15 20:00:00,7.3029,1.45244,0.469329,6.83357,0.283348,0.160537,0.111495,30.93
2026-01-15 21:00:00,10.5701,2.38388,0.856379,9.71373,0.295161,0.168517,0.105521,34.064
2026-01-15 22:00:00,7.28599,2.19855,0.880852,6.40514,0.297413,0.129873,0.084529,23.618
2026-01-15 23:00:00,4.12683,1.39138,0.469802,3.65702,0.239892,0.125155,0.079903,16.351
2026-01-16 00:00:00,3.31345,1.48319,0.191695,3.12175,0.198535,0.093878,0.0635,10.323
2026-01-16 01:00:00,1.4968,0.820612,0.083578,1.41322,0.180807,0.036649,0.05232,5.482
2026-01-16 02:00:00,0.933516,0.613347,0.046613,0.886903,0.133876,0.026789,0.042156,3.636
2026-01-16 03:00:00,0.668813,0.437133,0.034786,0.634027,0.102966,0.013323,0.03423,2.305
2026-01-16 04:00:00,1.76812,0.941488,0.064507,1.70361,0.153296,0.027072,0.051682,5.189
2026-01-16 05:00:00,1.09164,0.598488,0.054711,1.03693,0.195963,0.02046,0.043936,5.826
2026-01-16 06:00:00,0.920818,0.349589,0.072714,0.848104,0.215437,0.023094,0.053319,4.872
2026-01-16 07:00:00,3.12218,0.648025,0.344149,2.77803,0.268028,0.065999,0.087229,16.854
2026-01-16 08:00:00,5.43474,1.07279,0.444682,4.99006,0.26008,0.109727,0.105676,23.356
2026-01-16 09:00:00,4.36635,1.13589,0.36281,4.00354,0.257622,0.080202,0.093445,20.989
2026-01-16 10:00:00,3.39268,0.825469,0.394867,2.99781,0.244669,0.069042,0.096016,18.419
2026-01-16 11:00:00,5.51206,1.18794,0.580559,4.9315,0.283224,0.113699,0.124217,27.42
2026-01-16 12:00:00,6.28102,1.36722,0.702498,5.57852,0.318713,0.116435,0.111795,26.432
2026-01-16 13:00:00,4.6511,1.05948,0.702259,3.94884,0.276638,0.093594,0.099839,23.88
2026-01-16 14:00:00,3.64105,0.800935,0.581048,3.06,0.289363,0.084113,0.101557,24.377
2026-01-16 15:00:00,4.36412,0.925386,0.409185,3.95493,0.27792,0.081054,0.095896,21.69
2026-01-16 16:00:00,2.65441,0.497827,0.284869,2.36954,0.280068,0.072509,0.102375,22.568
2026-01-16 17:00:00,4.69817,0.838959,0.6799,4.01827,0.331637,0.104099,0.111399,30.385
2026-01-16 18:00:00,6.9656,1.27063,0.767134,6.19847,0.309629,0.155405,0.126179,38.376
2026-01-16 19:00:00,5.72902,1.06845,0.73265,4.99637,0.301548,0.126768,0.112054,32.672
2026-01-16 20:00:00,4.95753,1.09535,0.581332,4.3762,0.288185,0.13074,0.108634,35.248
2026-01-16 21:00:00,7.56057,1.68914,0.700133,6.86044,0.272309,0.144207,0.106305,29.934
2026-01-16 22:00:00,3.80627,1.05029,0.34669,3.45958,0.249916,0.113718,0.089573,23.891
2026-01-16 23:00:00,3.50666,0.968691,0.314965,3.19169,0.253017,0.116181,0.091602,17.099
2026-01-17 00:00:00,3.2073,1.16291,0.200266,3.00703,0.218943,0.076699,0.067173,15.377
2026-01-17 01:00:00,1.97449,1.0403,0.124763,1.84973,0.193852,0.04446,0.054704,9.134
2026-01-17 02:00:00,1.34724,0.993537,0.046743,1.30049,0.172862,0.03561,0.046654,5.764
2026-01-17 03:00:00,0.47418,0.257427,0.035976,0.438204,0.1783,0.02583,0.047948,5.077
2026-01-17 04:00:00,1.87434,0.947594,0.063913,1.81043,0.257488,0.086494,0.054197,6.257
2026-01-17 05:00:00,0.648388,0.35162,0.10813,0.540258,0.162308,0.012928,0.044336,3.023
2026-01-17 06:00:00,0.840307,0.331875,0.086585,0.753722,0.178455,0.021082,0.064102,5.262
2026-01-17 07:00:00,2.61537,0.885966,0.260175,2.3552,0.229932,0.044777,0.073722,12.888
2026-01-17 08:00:00,4.2731,1.01306,0.39897,3.87413,0.259168,0.084869,0.091101,19.935
2026-01-17 09:00:00,5.67631,1.13254,0.417998,5.25831,0.240837,0.107933,0.11017,26.8
2026-01-17 10:00:00,5.56492,1.0118,0.925748,4.63917,0.289335,0.115185,0.113102,20.678
2026-01-17 11:00:00,4.52372,0.811284,0.460812,4.06291,0.283317,0.105317,0.107058,28.236
2026-01-17 12:00:00,4.57916,0.809898,0.443032,4.13613,0.298065,0.101159,0.106989,27.975
2026-01-17 13:00:00,6.61195,1.39847,0.589254,6.0227,0.265394,0.133061,0.11504,33.19
2026-01-17 14:00:00,7.76006,1.32424,1.01535,6.74471,0.262879,0.150468,0.119493,33.187
2026-01-17 15:00:00,5.0769,0.90821,0.502205,4.57469,0.263599,0.110409,0.108966,24.938
2026-01-17 16:00:00,5.52354,0.975891,0.571442,4.9521,0.282072,0.130241,0.117272,27.858
2026-01-17 17:00:00,8.14948,1.50749,0.935544,7.21393,0.307507,0.158691,0.125919,35.129
2026-01-17 18:00:00,6.49209,1.1956,0.901205,5.59089,0.333155,0.135061,0.113196,31.836
2026-01-17 19:00:00,5.83129,1.25512,0.575521,5.25577,0.283941,0.143753,0.106859,29.813
2026-01-17 20:00:00,5.85202,1.40202,0.763166,5.08885,0.29761,0.114721,0.095907,32.371
2026-01-17 21:00:00,4.66748,1.4388,0.427714,4.23977,0.223155,0.111882,0.092052,25.888
2026-01-17 22:00:00,4.2883,1.26648,0.408,3.8803,0.244239,0.108073,0.086339,17.473
2026-01-17 23:00:00,3.11933,0.951597,0.278821,2.84051,0.261446,0.104441,0.08383,15.457
2026-01-18 00:00:00,2.19952,0.729285,0.204854,1.99467,0.203422,0.085202,0.077356,14.259
2026-01-18 01:00:00,2.10476,0.80828,0.107776,1.99699,0.213779,0.07127,0.068997,11.892
2026-01-18 02:00:00,0.870627,0.335115,0.073986,0.796641,0.185493,0.047459,0.056515,8.655
2026-01-18 03:00:00,0.899007,0.322225,0.053731,0.845276,0.189886,0.02784,0.053098,6.422
2026-01-18 04:00:00,0.608818,0.224988,0.058183,0.550635,0.225344,0.029555,0.050698,6.136
2026-01-18 05:00:00,0.972134,0.377674,0.065454,0.90668,0.221681,0.018151,0.050673,5.768
2026-01-18 06:00:00,0.995975,0.352433,0.061801,0.934174,0.230244,0.021846,0.052873,5.103
2026-01-18 07:00:00,2.6721,0.918879,0.139931,2.53217,0.197388,0.058275,0.061247,9.793
2026-01-18 08:00:00,2.3078,0.604769,0.233737,2.07406,0.244178,0.059884,0.074157,11.396
2026-01-18 09:00:00,3.87955,0.925023,0.398853,3.48069,0.278726,0.096205,0.087915,18.458
2026-01-18 10:00:00,4.71879,1.04214,0.599959,4.11883,0.279481,0.093629,0.09206,21.813
2026-01-18 11:00:00,6.29558,1.31377,0.580464,5.71512,0.2969,0.142419,0.108278,25.092
2026-01-18 12:00:00,7.0742,1.50195,0.852094,6.22211,0.300794,0.130507,0.101869,28.567
2026-01-18 13:00:00,4.50881,0.869084,0.424991,4.08382,0.296856,0.093308,0.091551,23.973
2026-01-18 14:00:00,4.81081,1.06575,0.443555,4.36725,0.29212,0.113856,0.10275,23.666
2026-01-18 15:00:00,5.27437,1.22375,0.549655,4.72471,0.279389,0.12988,0.115781,31.227
2026-01-18 16:00:00,4.58714,1.03734,0.656878,3.93026,0.286542,0.103689,0.099896,28.451
2026-01-18 17:00:00,4.3534,0.849942,0.555468,3.79793,0.311862,0.108637,0.100596,24.688
2026-01-18 18:00:00,3.42476,0.612659,0.495251,2.92951,0.30233,0.0886,0.091411,23.487
2026-01-18 19:00:00,3.8302,0.882128,0.411764,3.41844,0.269116,0.09908,0.092794,24.491
2026-01-18 20:00:00,3.29068,0.829304,0.464977,2.8257,0.269178,0.08331,0.08655,22.123
2026-01-18 21:00:00,2.66854,0.668473,0.294796,2.37375,0.246306,0.083826,0.079344,15.704
2026-01-18 22:00:00,2.35038,0.681665,0.278151,2.07223,0.22174,0.075632,0.076385,12.049
2026-01-18 23:00:00,4.44069,1.43712,0.274353,4.16634,0.217609,0.123855,0.079312,18.123
2026-01-19 00:00:00,3.31635,1.6052,0.233466,3.08288,0.24329,0.095771,0.072018,14.419
2026-01-19 01:00:00,1.35315,0.733814,0.092993,1.26016,0.175709,0.04953,0.052933,5.576
2026-01-19 02:00:00,0.288598,0.189369,0.02956,0.259038,0.119682,0.016746,0.041677,2.463
2026-01-19 03:00:00,0.176878,0.077852,0.023579,0.153299,0.143341,0.007871,0.051073,2.579
2026-01-19 04:00:00,0.141554,0.066897,0.026105,0.115449,0.135681,0.004954,0.048428,2.666
2026-01-19 05:00:00,0.932446,0.515163,0.033324,0.899122,0.154924,0.012543,0.048931,3.646
2026-01-19 06:00:00,3.48913,1.46479,0.578365,2.91077,0.200646,0.030586,0.059441,5.529
2026-01-19 07:00:00,3.56053,0.879143,0.218566,3.34196,0.235177,0.074763,0.077761,14.892
2026-01-19 08:00:00,4.93999,1.10415,0.504194,4.43579,0.260804,0.11846,0.10634,22.705
2026-01-19 09:00:00,2.38628,0.807268,0.177122,2.20916,0.232323,0.050298,0.08658,13.784
2026-01-19 10:00:00,2.66154,0.908997,0.274547,2.387,0.25169,0.063127,0.088946,14.164
2026-01-19 11:00:00,3.50767,1.00564,0.413851,3.09382,0.279652,0.068779,0.091984,19.738
2026-01-19 12:00:00,3.64264,1.00737,0.451636,3.191,0.289699,0.069582,0.088575,18.108
2026-01-19 13:00:00,4.22916,1.17673,0.468285,3.76088,0.261327,0.088357,0.094143,19.5
2026-01-19 14:00:00,3.41945,0.895145,0.355556,3.0639,0.268213,0.084405,0.100025,18.967
2026-01-19 15:00:00,4.37154,1.01193,0.648729,3.72281,0.32964,0.091454,0.098007,19.671
2026-01-19 16:00:00,3.59768,0.796651,0.361189,3.23649,0.282158,0.077818,0.098185,23.304
2026-01-19 17:00:00,6.0389,1.13088,0.611084,5.42782,0.288585,0.114806,0.111829,30.957
2026-01-19 18:00:00,6.62662,1.28672,0.825506,5.80112,0.340836,0.137706,0.11767,32.512
2026-01-19 19:00:00,5.20249,1.03142,0.511834,4.69066,0.297572,0.120117,0.101501,26.503
2026-01-19 20:00:00,7.34245,1.65147,0.525219,6.81724,0.253272,0.124995,0.104438,23.082
2026-01-19 21:00:00,2.87608,0.658745,0.32077,2.55531,0.241965,0.088147,0.097648,23.417
2026-01-19 22:00:00,3.02575,1.03764,0.474879,2.55087,0.244941,0.108594,0.091866,16.802
2026-01-19 23:00:00,3.03564,1.24821,0.192362,2.84328,0.232717,0.113257,0.074953,13.879
2026-01-20 00:00:00,3.31448,1.68762,0.145009,3.16947,0.216753,0.068668,0.061685,10.298
2026-01-20 01:00:00,1.66153,0.864481,0.077994,1.58354,0.191822,0.038881,0.053332,6.468
2026-01-20 02:00:00,0.856189,0.451101,0.258562,0.597627,0.227779,0.020893,0.046726,4.007
2026-01-20 03:00:00,0.439078,0.173549,0.036027,0.403051,0.192917,0.016059,0.046575,2.581
2026-01-20 04:00:00,0.483564,0.200816,0.047551,0.436013,0.185094,0.015145,0.044897,2.526
2026-01-20 05:00:00,0.593592,0.306925,0.027942,0.56565,0.176978,0.015219,0.050338,2.774
2026-01-20 06:00:00,0.689509,0.274049,0.061171,0.628338,0.213267,0.018654,0.053649,4.59
2026-01-20 07:00:00,4.11958,1.03299,0.437745,3.68184,0.23934,0.070366,0.080144,15.486
2026-01-20 08:00:00,4.56267,1.01168,0.384719,4.17796,0.273271,0.089412,0.102569,22.963
2026-01-20 09:00:00,2.90072,0.887614,0.276109,2.62461,0.263213,0.06165,0.092161,17.235
2026-01-20 10:00:00,2.47829,0.733222,0.318726,2.15957,0.266224,0.057717,0.087656,14.984
2026-01-20 11:00:00,3.50589,0.826083,0.335547,3.17035,0.304344,0.07726,0.094414,19.495
2026-01-20 12:00:00,4.62647,1.00053,0.450761,4.17571,0.285245,0.094336,0.099107,26.908
2026-01-20 13:00:00,4.47147,1.00078,0.511703,3.95977,0.278566,0.081975,0.08748,22.751
2026-01-20 14:00:00,4.89442,1.1961,0.352684,4.54174,0.285864,0.083006,0.100888,20.962
2026-01-20 15:00:00,4.75302,1.08171,0.406024,4.34699,0.265036,0.087883,0.102313,23.324
2026-01-20 16:00:00,6.33219,1.43783,0.446134,5.88605,0.250622,0.113491,0.102739,26.557
2026-01-20 17:00:00,3.93448,0.832871,0.711848,3.22263,0.30208,0.091193,0.102857,26.206
2026-01-20 18:00:00,7.36327,1.37837,0.934117,6.42915,0.318903,0.146823,0.112165,35.003
2026-01-20 19:00:00,6.89069,1.58845,0.675288,6.21541,0.313659,0.153033,0.108573,30.825
2026-01-20 20:00:00,6.18887,1.51465,0.946756,5.24212,0.289904,0.121655,0.103068,26.393
2026-01-20 21:00:00,5.8165,1.49065,0.653029,5.16347,0.32605,0.121068,0.106858,25.745
2026-01-20 22:00:00,2.70842,0.803209,0.310584,2.39784,0.262677,0.074408,0.078784,19.523
2026-01-20 23:00:00,3.75861,1.44451,0.767535,2.99107,0.255888,0.092071,0.076016,17.138
2026-01-21 00:00:00,2.79208,1.03641,0.223975,2.5681,0.19992,0.080242,0.066899,15.098
2026-01-21 01:00:00,2.14369,1.11072,0.105659,2.03803,0.169484,0.058628,0.062751,10.175
2026-01-21 02:00:00,1.37044,0.88188,0.066388,1.30405,0.149068,0.029063,0.050322,7.56
2026-01-21 03:00:00,0.194208,0.087798,0.030366,0.163842,0.181673,0.020986,0.058732,5.77
2026-01-21 04:00:00,0.513593,0.280346,0.051686,0.461907,0.184427,0.042252,0.057747,7.729
2026-01-21 05:00:00,1.02705,0.55516,0.052423,0.974624,0.153315,0.01873,0.04469,5.243
2026-01-21 06:00:00,1.03836,0.430497,0.081268,0.957091,0.181739,0.018766,0.055804,5.575
2026-01-21 07:00:00,2.57576,0.754469,0.400034,2.17572,0.25825,0.054294,0.073441,12.897
2026-01-21 08:00:00,4.86812,1.06992,0.428474,4.43964,0.278771,0.087262,0.094713,19.992
2026-01-21 09:00:00,2.68531,0.838636,0.276776,2.40854,0.255113,0.06127,0.08645,18.712
2026-01-21 10:00:00,4.2711,1.13957,0.422422,3.84868,0.276829,0.068292,0.092229,19.238
2026-01-21 11:00:00,3.03208,0.768394,0.339284,2.6928,0.299311,0.06918,0.09905,19.012
2026-01-21 12:00:00,4.46798,0.928894,0.684625,3.78336,0.332961,0.092935,0.099135,22.074
2026-01-21 13:00:00,4.27319,1.09177,0.490763,3.78242,0.291584,0.098932,0.10607,21.876
2026-01-21 14:00:00,4.75858,1.20654,0.459142,4.29944,0.316375,0.095677,0.111074,27.907
2026-01-21 15:00:00,6.7668,1.92457,0.882788,5.88402,0.299518,0.123594,0.115274,28.897
2026-01-21 16:00:00,4.41312,1.11274,0.454299,3.95882,0.268874,0.095778,0.11015,24.586
2026-01-21 17:00:00,4.1154,0.774736,0.439689,3.67571,0.279108,0.108322,0.119549,29.075
2026-01-21 18:00:00,6.01923,1.18629,0.780997,5.23824,0.310796,0.142817,0.116566,34.409
2026-01-21 19:00:00,5.80362,1.44369,0.534455,5.26916,0.304786,0.149479,0.121307,33.95
2026-01-21 20:00:00,5.52464,1.40006,0.633166,4.89147,0.272094,0.134404,0.114412,35.541
2026-01-21 21:00:00,3.60748,1.03604,0.515489,3.09199,0.238265,0.100549,0.109693,25.762
2026-01-21 22:00:00,4.1357,1.25629,0.567419,3.56828,0.243265,0.138788,0.089114,20.078
2026-01-21 23:00:00,2.37521,0.832824,0.306613,2.0686,0.22219,0.125151,0.079625,12.612
2026-01-22 00:00:00,6.33873,2.77771,0.178959,6.15977,0.179519,0.106687,0.070026,12.065
2026-01-22 01:00:00,1.51816,0.843421,0.074889,1.44327,0.16281,0.049228,0.054344,5.757
2026-01-22 02:00:00,0.839507,0.525348,0.051228,0.788279,0.16126,0.035698,0.057259,7.262
2026-01-22 03:00:00,1.47464,0.689729,0.048945,1.4257,0.163838,0.027259,0.046005,3.855
2026-01-22 04:00:00,1.35129,0.657242,0.11361,1.23768,0.190169,0.025361,0.047531,6.542
2026-01-22 05:00:00,0.858162,0.445567,0.136634,0.721528,0.178288,0.018472,0.045285,6.543
2026-01-22 06:00:00,1.00865,0.422028,0.09878,0.909867,0.210537,0.022361,0.056221,9.288
2026-01-22 07:00:00,3.26812,0.819898,0.389464,2.87865,0.24147,0.054741,0.077012,14.831
2026-01-22 08:00:00,6.13144,1.27261,0.743986,5.38745,0.292713,0.104226,0.095307,21.927
2026-01-22 09:00:00,3.99187,1.09068,0.371637,3.62023,0.238162,0.083622,0.103123,25.616
2026-01-22 10:00:00,3.80894,0.915611,0.530574,3.27837,0.267495,0.080717,0.100184,24.766
2026-01-22 11:00:00,3.0362,0.699264,0.363491,2.67271,0.302177,0.11359,0.107767,21.426
2026-01-22 12:00:00,4.15585,0.873445,0.449051,3.7068,0.291749,0.097275,0.104511,24.055
2026-01-22 13:00:00,3.88488,0.943848,0.7368,3.14808,0.290525,0.091908,0.096755,21.803
2026-01-22 14:00:00,3.97316,0.832947,0.504297,3.46886,0.296117,0.088214,0.105679,27.54
2026-01-22 15:00:00,3.48127,0.791199,0.467554,3.01372,0.297507,0.081133,0.096873,20.463
2026-01-22 16:00:00,4.25263,0.945449,0.469537,3.78309,0.300263,0.09426,0.101939,20.973
2026-01-22 17:00:00,4.18326,0.704727,0.466607,3.71665,0.308735,0.096843,0.107493,29.267
2026-01-22 18:00:00,6.01589,0.945003,0.76494,5.25095,0.323025,0.146179,0.121669,24.718
2026-01-22 19:00:00,3.65168,0.61024,0.470548,3.18113,0.301845,0.109834,0.110089,31.096
2026-01-22 20:00:00,4.78931,0.804386,0.546084,4.24323,0.257213,0.12437,0.094773,29.093
2026-01-22 21:00:00,4.633,0.906653,0.572191,4.06081,0.277454,0.112625,0.092583,25.016
2026-01-22 22:00:00,3.51766,0.953296,0.344427,3.17323,0.256365,0.118604,0.08264,17.058
2026-01-22 23:00:00,3.9533,1.31777,0.234821,3.71848,0.224162,0.114487,0.074146,13.399
2026-01-23 00:00:00,3.87484,1.51007,0.284585,3.59026,0.214103,0.115648,0.08006,8.468
2026-01-23 01:00:00,1.67605,0.710189,0.136483,1.53956,0.187701,0.067206,0.060411,7.262
2026-01-23 02:00:00,0.858905,0.428168,0.062897,0.796008,0.185564,0.032035,0.055006,7.019
2026-01-23 03:00:00,0.513808,0.203247,0.029014,0.484794,0.170308,0.011924,0.051571,2.636
2026-01-23 04:00:00,0.777377,0.337989,0.030494,0.746883,0.134779,0.015328,0.041537,2.171
2026-01-23 05:00:00,0.996892,0.425295,0.211422,0.78547,0.201832,0.017969,0.044732,3.178
2026-01-23 06:00:00,0.646492,0.251945,0.050635,0.595857,0.199394,0.01432,0.050283,4.116
2026-01-23 07:00:00,3.18078,0.718658,0.252565,2.92821,0.26112,0.068109,0.076731,15.755
2026-01-23 08:00:00,3.90985,0.847755,0.397456,3.51239,0.266157,0.083061,0.0935,21.82
2026-01-23 09:00:00,3.38028,0.991283,0.302601,3.07767,0.266887,0.072153,0.094776,19.254
2026-01-23 10:00:00,2.80965,0.742901,0.307736,2.50192,0.271858,0.060212,0.101103,18.948
2026-01-23 11:00:00,3.71764,0.841856,0.636265,3.08137,0.309943,0.082316,0.106453,22.459
2026-01-23 12:00:00,3.72058,0.794996,0.480753,3.23983,0.315975,0.095841,0.10799,25.686
2026-01-23 13:00:00,4.89462,1.05624,0.532008,4.36262,0.290942,0.09702,0.101,25.45
2026-01-23 14:00:00,6.48935,1.54656,0.580278,5.90908,0.271534,0.110515,0.11557,27.735
2026-01-23 15:00:00,3.82432,0.936873,0.463559,3.36076,0.260879,0.089153,0.106321,25.309
2026-01-23 16:00:00,4.21891,0.950205,0.488431,3.73048,0.276242,0.086957,0.104674,26.931
2026-01-23 17:00:00,4.91383,0.917786,0.547733,4.36609,0.285701,0.108796,0.111011,30.912
2026-01-23 18:00:00,8.86923,1.59518,1.36207,7.50716,0.33451,0.176308,0.120617,42.806
2026-01-23 19:00:00,4.9273,0.999452,0.721632,4.20567,0.29956,0.104771,0.098439,26.153
2026-01-23 20:00:00,3.894,0.817037,0.520612,3.37338,0.28522,0.102343,0.09773,22.518
2026-01-23 21:00:00,4.17094,0.958396,0.447063,3.72388,0.278143,0.142625,0.093045,25.4
2026-01-23 22:00:00,6.60215,1.94295,0.943055,5.65909,0.266645,0.173322,0.091787,30.431
2026-01-23 23:00:00,7.08766,2.34225,1.01501,6.07265,0.256828,0.174168,0.092581,30.86
2026-01-24 00:00:00,3.87114,1.63477,0.254944,3.61619,0.20988,0.123136,0.067347,9.607
2026-01-24 01:00:00,2.01465,0.991461,0.10633,1.90832,0.217538,0.090362,0.063522,7.014
2026-01-24 02:00:00,1.5997,0.769824,0.309668,1.29003,0.223907,0.043831,0.065306,7.318
2026-01-24 03:00:00,0.634521,0.225808,0.044281,0.59024,0.15832,0.014477,0.055961,3.476
2026-01-24 04:00:00,1.05024,0.445771,0.057838,0.992399,0.172105,0.025069,0.055877,6.1
2026-01-24 05:00:00,1.1146,0.554529,0.048645,1.06596,0.173529,0.019022,0.05556,6.633
2026-01-24 06:00:00,0.610645,0.268297,0.064505,0.54614,0.180971,0.012296,0.047613,3.806
2026-01-24 07:00:00,2.29244,0.739975,0.127072,2.16537,0.22178,0.035451,0.060986,7.856
2026-01-24 08:00:00,6.2979,1.40515,0.330714,5.96718,0.251219,0.094039,0.084411,20.806
2026-01-24 09:00:00,5.47033,1.2124,0.482959,4.98737,0.259366,0.109587,0.096346,25.758
2026-01-24 10:00:00,4.68127,0.937379,0.529696,4.15157,0.278747,0.094111,0.100829,28.814
2026-01-24 11:00:00,4.78776,0.878165,0.377827,4.40993,0.262589,0.107937,0.100264,26.765
2026-01-24 12:00:00,5.4306,0.99571,0.993584,4.43702,0.324215,0.104193,0.102723,28.778
2026-01-24 13:00:00,7.51917,1.51413,0.808446,6.71072,0.329649,0.133443,0.112243,29.085
2026-01-24 14:00:00,6.72254,1.36693,0.690841,6.0317,0.284677,0.119247,0.094116,26.442
2026-01-24 15:00:00,6.39415,1.30015,0.546808,5.84734,0.263224,0.117363,0.10342,27.95
2026-01-24 16:00:00,7.79484,1.43393,0.781306,7.01354,0.268096,0.136588,0.101211,30.494
2026-01-24 17:00:00,5.48532,1.05123,0.68229,4.80303,0.280601,0.110637,0.101451,30.369
2026-01-24 18:00:00,6.92558,1.32623,0.603197,6.32238,0.273403,0.126022,0.098317,33.456
2026-01-24 19:00:00,6.1292,1.16525,0.962963,5.16624,0.280495,0.128251,0.101139,36.414
2026-01-24 20:00:00,4.58935,0.888376,0.724359,3.86499,0.277709,0.10782,0.092573,27.324
2026-01-24 21:00:00,6.36478,1.25687,0.553706,5.81107,0.266398,0.124489,0.097791,30.41
2026-01-24 22:00:00,5.81519,1.36507,0.820719,4.99447,0.248975,0.122548,0.087722,28.216
2026-01-24 23:00:00,4.6839,1.61961,0.539659,4.14424,0.252247,0.108596,0.080176,17.424
2026-01-25 00:00:00,3.43445,1.2758,0.228419,3.20604,0.276186,0.094623,0.07763,8.645
2026-01-25 01:00:00,2.3817,1.11294,0.113928,2.26777,0.198405,0.087094,0.071054,8.177
2026-01-25 02:00:00,0.972869,0.539883,0.112318,0.860551,0.143455,0.047196,0.048905,4.073
2026-01-25 03:00:00,0.410628,0.186989,0.043249,0.367379,0.153581,0.027496,0.045397,2.386
2026-01-25 04:00:00,0.858863,0.456357,0.038979,0.819884,0.166246,0.015893,0.046121,3.459
2026-01-25 05:00:00,0.853274,0.537325,0.119675,0.733599,0.148885,0.013777,0.065686,3.285
2026-01-25 06:00:00,1.81496,0.882762,0.20053,1.61443,0.195614,0.024627,0.056196,6.804
2026-01-25 07:00:00,2.44246,0.863061,0.193643,2.24882,0.216811,0.047339,0.064406,8.717
2026-01-25 08:00:00,3.49803,1.00518,0.528855,2.96918,0.254272,0.075935,0.084583,17.972
2026-01-25 09:00:00,5.55091,1.53765,0.381183,5.16972,0.262809,0.106864,0.098027,22.665
2026-01-25 10:00:00,5.0557,1.08028,0.369743,4.68596,0.28669,0.099953,0.096434,23.968
2026-01-25 11:00:00,4.0234,0.778824,0.547193,3.47621,0.330654,0.096557,0.100357,22.38
2026-01-25 12:00:00,5.02044,1.0292,0.458188,4.56226,0.311291,0.109207,0.099699,25.598
2026-01-25 13:00:00,4.77005,1.0038,0.546339,4.22371,0.290345,0.097592,0.102959,23.894
2026-01-25 14:00:00,4.44612,1.02872,0.47695,3.96917,0.271522,0.097321,0.102886,22.534
2026-01-25 15:00:00,4.35602,0.927602,0.417396,3.93862,0.286265,0.088329,0.099335,22.114
2026-01-25 16:00:00,4.28687,0.893098,0.522762,3.76411,0.279998,0.09597,0.093394,26.022
2026-01-25 17:00:00,5.18654,0.941637,0.900169,4.28637,0.290476,0.106875,0.098297,29.954
2026-01-25 18:00:00,6.31582,1.13146,0.785504,5.53032,0.313323,0.13822,0.1103,35.916
2026-01-25 19:00:00,5.40147,1.09253,0.629624,4.77185,0.279502,0.132724,0.09586,29.428
2026-01-25 20:00:00,4.73613,1.0691,0.489678,4.24646,0.262397,0.117619,0.094048,26.279
2026-01-25 21:00:00,4.13584,0.996108,0.357539,3.7783,0.263705,0.103903,0.084052,22.377
2026-01-25 22:00:00,4.36613,1.11438,0.304813,4.06132,0.231608,0.101198,0.080025,17.172
2026-01-25 23:00:00,4.87999,1.78885,0.295265,4.58472,0.22095,0.16567,0.080216,21.835
2026-01-26 00:00:00,4.17239,1.83482,0.240387,3.932,0.210173,0.158638,0.073183,15.541
2026-01-26 01:00:00,1.54987,0.855335,0.120126,1.42974,0.18763,0.142516,0.064604,10.708
2026-01-26 02:00:00,1.09394,0.729296,0.05724,1.0367,0.148698,0.051026,0.047518,5.66
2026-01-26 03:00:00,1.34214,0.693253,0.05505,1.28709,0.152879,0.034188,0.048381,4.829
2026-01-26 04:00:00,1.05323,0.520886,0.051289,1.00194,0.176338,0.021097,0.042628,4.386
2026-01-26 05:00:00,0.308425,0.171157,0.019441,0.288984,0.141967,0.008397,0.035667,1.692
2026-01-26 06:00:00,1.10357,0.505762,0.082778,1.02079,0.185525,0.018857,0.050808,4.902
2026-01-26 07:00:00,2.73101,0.698825,0.177477,2.55353,0.240467,0.060794,0.080709,13.25
2026-01-26 08:00:00,3.85984,0.766753,0.45739,3.40245,0.276479,0.074842,0.093114,17.742
2026-01-26 09:00:00,2.55123,0.730592,0.270188,2.28104,0.25289,0.0623,0.089237,17.281
2026-01-26 10:00:00,2.61822,0.670994,0.367015,2.2512,0.266805,0.064775,0.092776,17.901
2026-01-26 11:00:00,3.60382,0.844777,0.447466,3.15635,0.286066,0.086029,0.102804,24.761
2026-01-26 12:00:00,5.39356,1.17302,0.492677,4.90089,0.287305,0.12537,0.112682,26.818
2026-01-26 13:00:00,4.61609,1.02992,0.348419,4.26767,0.259982,0.109698,0.107512,25.144
2026-01-26 14:00:00,4.58904,1.10633,0.496682,4.09236,0.255611,0.102967,0.101515,21.667
2026-01-26 15:00:00,4.87185,1.11077,0.558478,4.31337,0.290294,0.114682,0.110244,26.033
2026-01-26 16:00:00,4.18682,0.941282,0.859322,3.3275,0.282091,0.09177,0.102753,20.784
2026-01-26 17:00:00,4.14842,0.739469,0.46936,3.67906,0.292091,0.0966,0.110258,28.477
2026-01-26 18:00:00,9.0274,1.52645,1.27109,7.75631,0.399925,0.16011,0.119911,38.877
2026-01-26 19:00:00,5.06231,0.933662,0.724587,4.33773,0.339721,0.121249,0.102832,28.696
2026-01-26 20:00:00,4.69375,0.895412,0.568356,4.1254,0.304664,0.121142,0.10349,25.373
2026-01-26 21:00:00,4.96764,1.1352,0.622036,4.3456,0.26416,0.120282,0.094277,28.411
2026-01-26 22:00:00,5.09671,1.6273,0.540586,4.55613,0.253601,0.146124,0.085112,18.526
2026-01-26 23:00:00,4.32797,1.5865,0.311892,4.01608,0.242935,0.142091,0.081247,16.826
2026-01-27 00:00:00,2.99027,1.22252,0.325842,2.66443,0.229588,0.115086,0.085455,16.325
2026-01-27 01:00:00,3.58171,1.89709,0.127304,3.4544,0.176789,0.076053,0.056237,9.654
2026-01-27 02:00:00,2.57965,1.37215,0.066866,2.51278,0.143964,0.030499,0.044058,4.411
2026-01-27 03:00:00,1.78526,1.15775,0.07298,1.71228,0.161376,0.026869,0.042541,5.618
2026-01-27 04:00:00,0.724362,0.520375,0.044312,0.68005,0.137838,0.014626,0.039443,5.055
2026-01-27 05:00:00,0.882984,0.569667,0.035184,0.8478,0.140705,0.013604,0.050688,3.975
2026-01-27 06:00:00,1.19086,0.558563,0.067423,1.12343,0.186394,0.019142,0.058066,5.332
2026-01-27 07:00:00,3.38415,0.934849,0.273142,3.11101,0.245077,0.066142,0.076105,16.062
2026-01-27 08:00:00,3.59662,0.709953,0.749167,2.84746,0.27562,0.077297,0.088793,18.609
2026-01-27 09:00:00,3.63907,0.879851,0.284988,3.35408,0.261882,0.071462,0.087826,15.561
2026-01-27 10:00:00,3.74107,0.832089,0.321248,3.41982,0.281675,0.083648,0.093562,18.816
2026-01-27 11:00:00,5.15255,1.11142,0.402992,4.74955,0.289155,0.117276,0.103283,26.021
2026-01-27 12:00:00,5.62779,1.1868,0.660098,4.96769,0.309297,0.102344,0.098624,29.02
2026-01-27 13:00:00,5.44493,1.34642,0.841245,4.60368,0.287944,0.096623,0.099741,24.421
2026-01-27 14:00:00,4.02748,0.977069,0.290282,3.73719,0.271528,0.087444,0.097474,17.816
2026-01-27 15:00:00,3.59898,0.921869,0.455245,3.14373,0.290009,0.07513,0.096663,18.429
2026-01-27 16:00:00,5.45225,1.21811,0.70359,4.74866,0.283064,0.097446,0.098767,24.65
2026-01-27 17:00:00,7.27397,1.43358,0.844019,6.42995,0.298198,0.14261,0.113634,35.106
2026-01-27 18:00:00,6.78566,1.22795,0.907537,5.87812,0.306685,0.134657,0.112513,33.282
2026-01-27 19:00:00,5.47464,1.01684,0.735631,4.73901,0.314857,0.111877,0.104321,27.124
2026-01-27 20:00:00,3.71556,0.640615,0.516047,3.19952,0.278834,0.09291,0.09813,25.728
2026-01-27 21:00:00,5.91663,1.31715,0.648514,5.26812,0.254731,0.128491,0.091397,25.912
2026-01-27 22:00:00,4.23365,1.21657,0.362087,3.87156,0.247185,0.110025,0.090941,22.38
2026-01-27 23:00:00,3.49514,1.45996,0.215154,3.27999,0.230487,0.109934,0.07843,18.896
2026-01-28 00:00:00,1.78371,1.08896,0.098131,1.68558,0.212299,0.0624,0.063864,7.166
2026-01-28 01:00:00,2.45366,1.6058,0.069564,2.3841,0.166304,0.073251,0.061763,6.85
2026-01-28 02:00:00,0.924676,0.516001,0.050592,0.874084,0.143707,0.040484,0.060553,2.933
2026-01-28 03:00:00,0.33645,0.163803,0.033593,0.302857,0.148328,0.018662,0.046238,2.24
2026-01-28 04:00:00,0.931579,0.400507,0.240229,0.69135,0.180782,0.015116,0.044053,3.653
2026-01-28 05:00:00,1.91228,1.01825,1.14701,0.765273,0.277749,0.017894,0.052908,5.714
2026-01-28 06:00:00,0.955911,0.356949,0.091687,0.864224,0.185274,0.019834,0.056269,5.381
2026-01-28 07:00:00,3.29952,0.776723,0.330618,2.9689,0.252049,0.066021,0.079315,16.511
2026-01-28 08:00:00,4.83586,0.911739,0.375988,4.45987,0.253399,0.087863,0.099409,22.413
2026-01-28 09:00:00,3.71834,0.876554,0.437013,3.28133,0.269183,0.082776,0.090973,20.815
2026-01-28 10:00:00,2.31638,0.548384,0.286436,2.02994,0.263944,0.061481,0.096888,18.884
2026-01-28 11:00:00,5.1687,1.10964,0.662711,4.50599,0.311906,0.099749,0.102773,25.041
2026-01-28 12:00:00,6.80868,1.50568,0.846916,5.96176,0.326123,0.129864,0.112001,30.22
2026-01-28 13:00:00,5.64027,1.28773,0.799101,4.84116,0.287918,0.1167,0.104718,30.107
2026-01-28 14:00:00,6.78262,1.46177,0.400039,6.38258,0.260163,0.120826,0.103065,31.107
2026-01-28 15:00:00,3.73945,0.748189,0.346127,3.39332,0.284657,0.086841,0.09795,21.298
2026-01-28 16:00:00,5.22707,1.06155,0.941079,4.28599,0.299617,0.095339,0.098442,26.602
2026-01-28 17:00:00,5.73676,0.979304,0.702395,5.03437,0.299941,0.12034,0.113901,38.026
2026-01-28 18:00:00,6.43337,1.10767,0.784401,5.64897,0.315814,0.143398,0.111406,37.832
2026-01-28 19:00:00,5.68837,0.994123,0.521057,5.16732,0.294722,0.112155,0.101512,31.673
2026-01-28 20:00:00,6.97629,1.35778,0.773406,6.20288,0.262335,0.142623,0.111161,33.101
2026-01-28 21:00:00,6.3565,1.22334,0.609533,5.74697,0.28281,0.153388,0.105337,31.702
2026-01-28 22:00:00,4.87448,1.20596,0.472657,4.40182,0.268964,0.114792,0.083581,24.202
2026-01-28 23:00:00,3.36417,1.04672,0.288063,3.07611,0.22874,0.148732,0.086935,11.6
2026-01-29 00:00:00,3.61277,1.51542,0.168415,3.44435,0.217556,0.100123,0.067051,11.598
2026-01-29 01:00:00,1.2232,0.630514,0.089897,1.1333,0.180671,0.045954,0.059341,5.688
2026-01-29 02:00:00,0.361841,0.183303,0.067283,0.294558,0.158899,0.046838,0.056543,2.579
2026-01-29 03:00:00,0.464711,0.165378,0.031908,0.432803,0.168448,0.01473,0.045178,2.214
2026-01-29 04:00:00,0.694045,0.262697,0.029243,0.664802,0.166143,0.012892,0.041024,2.108
2026-01-29 05:00:00,1.08491,0.422803,0.058533,1.02638,0.182318,0.014007,0.044384,2.963
2026-01-29 06:00:00,1.19903,0.450424,0.090535,1.1085,0.204673,0.023214,0.063646,6.087
2026-01-29 07:00:00,3.62317,0.915866,0.244935,3.37823,0.25897,0.070197,0.078992,15.498
2026-01-29 08:00:00,5.9742,1.22523,0.352975,5.62122,0.24951,0.104283,0.098158,23.392
2026-01-29 09:00:00,4.32502,1.09163,0.265245,4.05978,0.251941,0.090904,0.114226,24.424
2026-01-29 10:00:00,3.7695,0.901363,0.502263,3.26723,0.274413,0.071652,0.100565,21.941
2026-01-29 11:00:00,3.60237,0.754265,0.566891,3.03548,0.312405,0.076231,0.099508,21.455
2026-01-29 12:00:00,4.5088,0.888609,0.505036,4.00377,0.309248,0.101119,0.105864,26.839
2026-01-29 13:00:00,2.93619,0.632798,0.393814,2.54237,0.276821,0.071467,0.098748,23.972
2026-01-29 14:00:00,2.59196,0.559336,0.566542,2.02542,0.28336,0.066126,0.094537,21.082
2026-01-29 15:00:00,3.36149,0.728857,0.437092,2.9244,0.273055,0.076206,0.100035,23.249
2026-01-29 16:00:00,4.90879,1.05429,0.540984,4.3678,0.274383,0.113997,0.1052,31.07
2026-01-29 17:00:00,5.28702,0.972237,0.631721,4.6553,0.296369,0.118689,0.115439,38.911
2026-01-29 18:00:00,8.02626,1.39007,1.05507,6.97119,0.312268,0.151868,0.120585,45.836
2026-01-29 19:00:00,4.08311,0.690414,0.635934,3.44718,0.306522,0.091492,0.094062,25.715
2026-01-29 20:00:00,4.77635,0.895118,0.54608,4.23027,0.288237,0.113583,0.092054,25.721
2026-01-29 21:00:00,4.85753,1.00321,0.687448,4.17009,0.289429,0.10762,0.093281,26.816
2026-01-29 22:00:00,3.46355,0.896365,0.478529,2.98502,0.287288,0.112537,0.093717,20.479
2026-01-29 23:00:00,4.5686,1.44759,0.284615,4.28398,0.244799,0.116668,0.083933,18.037
2026-01-30 00:00:00,4.79047,1.96653,0.193327,4.59715,0.207215,0.110517,0.077986,12.138
2026-01-30 01:00:00,2.55973,1.12962,0.080286,2.47944,0.171808,0.072502,0.061986,5.443
2026-01-30 02:00:00,1.39682,0.886308,0.048707,1.34812,0.166785,0.039738,0.052006,4.812
2026-01-30 03:00:00,0.65583,0.304188,0.048876,0.606954,0.171971,0.01546,0.046438,5.003
2026-01-30 04:00:00,0.758939,0.310278,0.063349,0.69559,0.193635,0.016798,0.046361,6.04
2026-01-30 05:00:00,2.03315,1.01152,0.817191,1.21596,0.300209,0.026651,0.055948,9.971
2026-01-30 06:00:00,1.45725,0.559622,0.318186,1.13907,0.243787,0.024718,0.066264,9.768
2026-01-30 07:00:00,3.21485,0.789503,0.246389,2.96847,0.249303,0.064742,0.08074,13.777
2026-01-30 08:00:00,4.58186,0.899462,0.347187,4.23468,0.263481,0.085341,0.09127,21.715
2026-01-30 09:00:00,3.80305,0.913317,0.485743,3.31731,0.289437,0.088735,0.104193,22.064
2026-01-30 10:00:00,2.62775,0.705626,0.271252,2.3565,0.28018,0.062787,0.089314,19.273
2026-01-30 11:00:00,3.44243,0.705126,0.469203,2.97322,0.304792,0.079483,0.101092,26.024
2026-01-30 12:00:00,6.05247,1.33609,0.544516,5.50795,0.281476,0.126317,0.114937,33.56
2026-01-30 13:00:00,3.87243,1.01585,0.670197,3.20223,0.283463,0.083443,0.092519,26.458
2026-01-30 14:00:00,4.02568,1.05384,0.47452,3.55116,0.283447,0.085657,0.099226,24.256
2026-01-30 15:00:00,4.62296,1.05837,0.585836,4.03713,0.288265,0.087645,0.105628,23.857
2026-01-30 16:00:00,4.40119,0.828537,0.4675,3.93369,0.284903,0.084795,0.100084,25.919
2026-01-30 17:00:00,6.62381,1.23165,0.943234,5.68058,0.301305,0.127219,0.114767,37.863
2026-01-30 18:00:00,7.98402,1.29695,0.915771,7.06825,0.30663,0.166639,0.125877,47.506
2026-01-30 19:00:00,4.78104,0.873729,0.489353,4.29169,0.30456,0.10612,0.098771,30.097
2026-01-30 20:00:00,4.99416,1.06078,0.578321,4.41584,0.269478,0.118436,0.090981,23.44
2026-01-30 21:00:00,12.0024,3.12237,1.04479,10.9576,0.256317,0.170768,0.098659,35.129
2026-01-30 22:00:00,4.87991,1.35628,0.551366,4.32854,0.253351,0.120173,0.085429,23.919
2026-01-30 23:00:00,4.74254,1.62974,0.436907,4.30564,0.256398,0.110806,0.082439,20.054
2026-01-31 00:00:00,3.23899,1.34958,0.258398,2.98059,0.205176,0.079409,0.075428,10.931
2026-01-31 01:00:00,0.82546,0.417743,0.131603,0.693857,0.191168,0.054654,0.066327,5.091
2026-01-31 02:00:00,0.377247,0.189953,0.091052,0.286195,0.171577,0.038217,0.052192,3.436
2026-01-31 03:00:00,0.616504,0.285155,0.072441,0.544063,0.164073,0.027552,0.052542,3.296
2026-01-31 04:00:00,0.66927,0.293026,0.078186,0.591084,0.171827,0.022095,0.049513,3.327
2026-01-31 05:00:00,0.611314,0.29532,0.092598,0.518716,0.198463,0.013638,0.043003,3.128
2026-01-31 06:00:00,1.2485,0.509174,0.109194,1.1393,0.221782,0.037356,0.059011,6.806
2026-01-31 07:00:00,2.32768,0.750866,0.14398,2.1837,0.23175,0.043022,0.070443,10.06
2026-01-31 08:00:00,3.18099,0.772461,0.263009,2.91798,0.264145,0.06662,0.082475,15.648
2026-01-31 09:00:00,4.86106,1.05081,0.352657,4.5084,0.261254,0.096834,0.093518,24.049
2026-01-31 10:00:00,4.92769,1.10437,0.389716,4.53798,0.266659,0.091742,0.09948,22.061
2026-01-31 11:00:00,4.86344,0.884261,0.890459,3.97298,0.326131,0.099976,0.098901,28.296
2026-01-31 12:00:00,9.21253,1.86187,0.747802,8.46473,0.300146,0.156457,0.112892,33.917
2026-01-31 13:00:00,5.63994,1.12394,0.60464,5.0353,0.285691,0.110864,0.103831,28.376
2026-01-31 14:00:00,2.85656,0.584643,0.254436,2.60213,0.265599,0.076483,0.09155,16.492
2026-01-31 15:00:00,3.81778,0.797365,0.524248,3.29353,0.285149,0.10244,0.104068,19.743
2026-01-31 16:00:00,6.6981,1.29008,0.43087,6.26723,0.26669,0.120428,0.104701,23.316
2026-01-31 17:00:00,5.93223,1.08848,0.477897,5.45433,0.275972,0.109385,0.101518,28.19
2026-01-31 18:00:00,5.08889,1.07724,0.657335,4.43156,0.313783,0.117618,0.107611,30.735
2026-01-31 19:00:00,3.56367,0.819234,0.537674,3.02599,0.28681,0.08134,0.091144,23.603
2026-01-31 20:00:00,3.40446,0.816026,0.350142,3.05431,0.296517,0.085719,0.092821,20.17
2026-01-31 21:00:00,5.17448,1.36818,0.567345,4.60713,0.225742,0.110111,0.091898,22.593
2026-01-31 22:00:00,4.92051,1.34074,0.563804,4.35671,0.214671,0.141528,0.094844,27.426
2026-01-31 23:00:00,5.57187,1.56513,0.400249,5.17162,0.224254,0.183372,0.095711,26.527
2026-02-01 00:00:00,2.89391,0.985662,0.170359,2.72355,0.212564,0.099053,0.079876,15.735
2026-02-01 01:00:00,1.45863,0.537446,0.086925,1.3717,0.18383,0.080389,0.077087,9.879
2026-02-01 02:00:00,1.14561,0.511889,0.067176,1.07843,0.169604,0.028417,0.046604,7.218
2026-02-01 03:00:00,0.600014,0.251052,0.051096,0.548918,0.227889,0.014888,0.048367,5.592
2026-02-01 04:00:00,0.948025,0.396,0.079865,0.86816,0.239859,0.019586,0.047324,6.264
2026-02-01 05:00:00,0.396584,0.198292,0.053051,0.343533,0.250676,0.015264,0.045937,5.298
2026-02-01 06:00:00,0.724569,0.311509,0.060615,0.663954,0.250872,0.019644,0.051438,4.696
2026-02-01 07:00:00,2.69886,0.707249,0.253336,2.44553,0.220905,0.047334,0.06322,10.745
2026-02-01 08:00:00,4.20304,0.884479,0.285091,3.91795,0.26203,0.073838,0.078348,17.844
2026-02-01 09:00:00,3.37033,0.789675,0.322115,3.04822,0.258711,0.083757,0.093347,20.841
2026-02-01 10:00:00,4.13138,0.774537,0.379769,3.75161,0.272856,0.094419,0.098621,23.174
2026-02-01 11:00:00,3.89477,0.698238,0.679773,3.215,0.291954,0.098347,0.095182,26.843
2026-02-01 12:00:00,5.59722,0.999147,1.06297,4.53425,0.323759,0.108359,0.095991,27.273
2026-02-01 13:00:00,6.9245,1.38048,0.755417,6.16909,0.285288,0.148778,0.106114,32.766
2026-02-01 14:00:00,5.32252,1.09833,0.759577,4.56295,0.297457,0.106557,0.095336,25.185
2026-02-01 15:00:00,6.84197,1.44528,0.690937,6.15103,0.269716,0.133952,0.100625,29.543
2026-02-01 16:00:00,5.08287,0.959395,0.449446,4.63343,0.269309,0.103118,0.096036,25.848
2026-02-01 17:00:00,9.58179,1.75942,0.728562,8.85322,0.278859,0.173602,0.108543,33.936
2026-02-01 18:00:00,9.89689,2.1459,1.41862,8.47827,0.340376,0.18838,0.115983,45.462
2026-02-01 19:00:00,7.70722,1.53286,1.47131,6.23591,0.284883,0.128811,0.10803,36.203
2026-02-01 20:00:00,5.88284,1.24848,0.717509,5.16533,0.271418,0.121846,0.09192,28.926
2026-02-01 21:00:00,10.366,2.31591,1.13281,9.23322,0.312271,0.189556,0.113897,30.292
2026-02-01 22:00:00,3.41753,1.0774,0.277209,3.14032,0.243529,0.127125,0.0886,23.45
2026-02-01 23:00:00,4.45826,1.40109,0.417156,4.04111,0.245796,0.102099,0.078429,16.377
2026-02-02 00:00:00,5.7287,2.39094,0.286325,5.44237,0.196897,0.119442,0.080538,16.839
2026-02-02 01:00:00,1.33469,0.581313,0.06715,1.26754,0.168697,0.059623,0.053307,5.325
2026-02-02 02:00:00,0.490806,0.242253,0.036205,0.454601,0.122572,0.021626,0.042012,2.523
2026-02-02 03:00:00,1.46385,0.549906,0.047691,1.41616,0.17084,0.025982,0.04555,3.752
2026-02-02 04:00:00,2.202,0.778091,0.089392,2.11261,0.176858,0.036456,0.047767,4.388
2026-02-02 05:00:00,1.50503,0.722183,0.173129,1.3319,0.185819,0.023289,0.044069,5.188
2026-02-02 06:00:00,1.42488,0.520788,0.068839,1.35604,0.21273,0.023209,0.055789,4.885
2026-02-02 07:00:00,3.75258,0.925192,0.432824,3.31975,0.255477,0.065597,0.075615,14.464
2026-02-02 08:00:00,5.12789,0.966797,0.675603,4.45229,0.285271,0.09599,0.096556,22.417
2026-02-02 09:00:00,3.64687,0.782589,0.288974,3.35789,0.240492,0.082548,0.108214,21.24
2026-02-02 10:00:00,2.70909,0.630021,0.487716,2.22137,0.270708,0.058981,0.097521,19.194
2026-02-02 11:00:00,4.53583,0.868601,0.473112,4.06272,0.30998,0.084632,0.104227,25.871
2026-02-02 12:00:00,5.50756,0.999194,0.592722,4.91483,0.296227,0.105577,0.101774,30.168
2026-02-02 13:00:00,5.54011,1.22083,0.50748,5.03263,0.27359,0.094164,0.097504,22.644
2026-02-02 14:00:00,4.67268,1.14135,0.615282,4.0574,0.276842,0.088206,0.099379,24.283
2026-02-02 15:00:00,3.9683,0.948446,0.439028,3.52927,0.278123,0.092299,0.104556,28.071
2026-02-02 16:00:00,4.19398,0.976252,0.582114,3.61186,0.274263,0.096824,0.103846,27.331
2026-02-02 17:00:00,4.46356,0.880734,0.533758,3.9298,0.347043,0.130543,0.14982,34.685
2026-02-02 18:00:00,7.77656,1.51531,0.892194,6.88436,0.295029,0.156943,0.123387,41.435
2026-02-02 19:00:00,5.68031,1.25117,0.496311,5.184,0.287767,0.114853,0.103741,28.001
2026-02-02 20:00:00,5.57089,1.21901,0.773778,4.79711,0.28169,0.111677,0.095452,27.177
2026-02-02 21:00:00,3.73719,1.02165,0.554561,3.18263,0.262739,0.099573,0.102545,23.627
2026-02-02 22:00:00,3.86115,1.21649,0.481059,3.38009,0.244496,0.103552,0.086508,21.453
2026-02-02 23:00:00,4.22772,1.48133,0.270078,3.95764,0.194547,0.147945,0.094894,21.224
2026-02-03 00:00:00,4.27664,1.64107,0.152535,4.1241,0.201223,0.099707,0.074191,13.306
2026-02-03 01:00:00,3.6181,1.79114,0.112337,3.50577,0.172808,0.075014,0.06211,8.437
2026-02-03 02:00:00,0.546084,0.278615,0.045764,0.50032,0.16564,0.02983,0.054554,4.685
2026-02-03 03:00:00,0.682652,0.425594,0.037768,0.644884,0.150606,0.016394,0.040715,3.738
2026-02-03 04:00:00,1.33801,0.67508,0.045749,1.29226,0.145819,0.02989,0.041643,3.059
2026-02-03 05:00:00,0.449727,0.243622,0.148126,0.301601,0.169312,0.010589,0.045206,2.847
2026-02-03 06:00:00,2.01808,0.787084,0.194146,1.82394,0.185272,0.029551,0.053261,5.849
2026-02-03 07:00:00,4.17496,1.05269,0.448972,3.72598,0.263967,0.079808,0.082614,15.899
2026-02-03 08:00:00,5.87034,1.0863,0.478743,5.3916,0.260135,0.108286,0.104046,25.738
2026-02-03 09:00:00,5.39016,1.18102,0.586148,4.80401,0.27831,0.117843,0.112025,25.516
2026-02-03 10:00:00,4.28559,1.10454,0.529551,3.75604,0.262843,0.085864,0.106174,23.553
2026-02-03 11:00:00,8.10945,1.79413,1.35497,6.75448,0.329674,0.135169,0.106792,32.481
2026-02-03 12:00:00,4.45491,0.875915,0.501231,3.95367,0.301635,0.103384,0.104937,28.697
2026-02-03 13:00:00,5.55384,1.2447,0.64577,4.90807,0.277697,0.107772,0.101388,29.363
2026-02-03 14:00:00,4.13423,0.979212,0.556637,3.5776,0.259358,0.093643,0.101857,20.943
2026-02-03 15:00:00,4.85119,1.25614,0.518013,4.33318,0.255345,0.093141,0.108991,27.823
2026-02-03 16:00:00,5.22297,1.10329,0.470246,4.75273,0.275968,0.09012,0.104939,24.515
2026-02-03 17:00:00,6.16754,1.18789,0.769962,5.39758,0.303312,0.128375,0.118296,33.814
2026-02-03 18:00:00,7.3561,1.24469,1.09254,6.26356,0.328788,0.158637,0.127777,43.239
2026-02-03 19:00:00,5.82858,1.16759,0.680427,5.14816,0.313398,0.141172,0.130664,31.294
2026-02-03 20:00:00,4.41502,1.06901,0.416777,3.99824,0.267253,0.106421,0.094321,25.415
2026-02-03 21:00:00,4.69426,1.16715,1.01654,3.67771,0.300106,0.117612,0.102712,25.005
2026-02-03 22:00:00,4.8408,1.39263,0.446958,4.39384,0.238461,0.127943,0.093481,25.163
2026-02-03 23:00:00,4.30071,1.34734,0.35372,3.94699,0.227032,0.095046,0.076851,19.429
2026-02-04 00:00:00,3.33399,1.23116,0.219161,3.11483,0.205263,0.086898,0.065162,11.563
2026-02-04 01:00:00,2.1567,0.942614,0.108429,2.04827,0.178259,0.044378,0.051261,6.396
2026-02-04 02:00:00,1.80829,0.810891,0.063298,1.74499,0.14935,0.038083,0.045367,3.931
2026-02-04 03:00:00,0.348691,0.155112,0.03194,0.316751,0.146328,0.017389,0.042189,2.624
2026-02-04 04:00:00,0.608813,0.247284,0.035773,0.57304,0.181317,0.014608,0.042496,2.504
2026-02-04 05:00:00,1.70437,0.820988,0.086258,1.61811,0.171374,0.025887,0.054593,5.023
2026-02-04 06:00:00,2.67018,1.12381,0.179103,2.49108,0.205526,0.036181,0.064097,9.286
2026-02-04 07:00:00,3.30474,0.839619,0.234585,3.07016,0.249475,0.066788,0.080118,16.286
2026-02-04 08:00:00,9.5387,1.98723,0.449354,9.08934,0.272252,0.133211,0.10017,26.25
2026-02-04 09:00:00,5.55457,1.52682,0.595737,4.95883,0.25036,0.096022,0.098376,23.282
2026-02-04 10:00:00,5.54525,1.51179,0.397153,5.1481,0.253434,0.106201,0.106641,22.694
2026-02-04 11:00:00,5.04267,1.50169,0.701913,4.34076,0.323822,0.133405,0.115251,27.43
2026-02-04 12:00:00,6.45626,1.48352,1.04207,5.41419,0.312618,0.112596,0.113089,27.648
2026-02-04 13:00:00,5.7449,1.38298,0.519393,5.22551,0.252187,0.09177,0.092814,23.262
2026-02-04 14:00:00,5.07651,1.31994,0.442242,4.63427,0.258631,0.099274,0.098893,28.295
2026-02-04 15:00:00,6.77691,1.58044,1.08091,5.69601,0.271602,0.115734,0.110188,33.058
2026-02-04 16:00:00,4.88709,1.12814,1.15674,3.73035,0.277312,0.102987,0.10586,25.816
2026-02-04 17:00:00,8.19281,1.60833,1.3667,6.82611,0.330396,0.133828,0.123743,39.484
2026-02-04 18:00:00,8.29997,1.49119,0.831987,7.46798,0.307474,0.189854,0.125341,42.231
2026-02-04 19:00:00,6.02627,1.18023,0.705159,5.32111,0.285786,0.129843,0.104127,31.032
2026-02-04 20:00:00,4.3718,0.842675,0.551098,3.8207,0.285296,0.11087,0.096345,27.964
2026-02-04 21:00:00,4.75612,1.06449,0.916832,3.83929,0.272913,0.128509,0.098761,30.496
2026-02-04 22:00:00,4.18462,1.30606,1.6363,2.54832,0.343192,0.089614,0.093775,18.545
2026-02-04 23:00:00,3.16438,1.23512,0.591938,2.57244,0.237302,0.108718,0.098684,12.908
2026-02-05 00:00:00,2.42683,1.0579,0.140605,2.28622,0.209654,0.076938,0.081509,7.557
2026-02-05 01:00:00,0.688664,0.358307,0.226877,0.461787,0.167564,0.08518,0.075561,3.384
2026-02-05 02:00:00,0.809972,0.473667,0.16644,0.643532,0.155979,0.045765,0.068256,2.984
2026-02-05 03:00:00,0.194431,0.09241,0.034264,0.160167,0.12915,0.020576,0.050684,2.362
2026-02-05 04:00:00,0.193803,0.094171,0.021732,0.172071,0.153248,0.014226,0.048719,2.735
2026-02-05 05:00:00,0.939341,0.472031,0.047414,0.891927,0.137973,0.018231,0.048152,3.566
2026-02-05 06:00:00,0.962725,0.413897,0.078325,0.8844,0.193091,0.024154,0.057389,5.511
2026-02-05 07:00:00,3.39819,0.802975,0.283464,3.11473,0.247425,0.067434,0.083088,16.06
2026-02-05 08:00:00,7.13874,1.50289,0.497182,6.64156,0.265288,0.13077,0.107805,27.464
2026-02-05 09:00:00,4.22713,1.026,0.274017,3.95311,0.25259,0.081659,0.089226,19.545
2026-02-05 10:00:00,4.84782,1.27507,0.395788,4.45203,0.238185,0.096832,0.104731,25.072
2026-02-05 11:00:00,3.84295,0.923787,0.351043,3.49191,0.290468,0.089353,0.117546,22.646
2026-02-05 12:00:00,4.30442,0.944366,0.489143,3.81528,0.287681,0.130661,0.136865,25.656
2026-02-05 13:00:00,4.10301,1.05097,0.430187,3.67282,0.263973,0.097067,0.109026,27.243
2026-02-05 14:00:00,6.54483,1.50456,0.978263,5.56656,0.251986,0.123185,0.118433,24.427
2026-02-05 15:00:00,5.19359,1.19613,0.706359,4.48723,0.266623,0.112809,0.117495,24.289
2026-02-05 16:00:00,4.82383,1.02113,0.633625,4.19021,0.276165,0.096187,0.109078,24.231
2026-02-05 17:00:00,6.9801,1.31353,0.652608,6.3275,0.297285,0.138217,0.113199,31.78
2026-02-05 18:00:00,7.7794,1.53077,0.902031,6.87737,0.320689,0.157171,0.119369,36.425
2026-02-05 19:00:00,6.08107,1.26795,0.586565,5.4945,0.297987,0.131307,0.105015,28.559
2026-02-05 20:00:00,8.11574,1.89178,0.695665,7.42007,0.267622,0.128813,0.104255,29.932
2026-02-05 21:00:00,4.57777,1.18288,0.633435,3.94433,0.222623,0.114739,0.106636,27.811
2026-02-05 22:00:00,4.67491,1.38311,0.345992,4.32892,0.250079,0.130969,0.09075,23.121
2026-02-05 23:00:00,4.24635,1.3886,0.332524,3.91382,0.237216,0.143072,0.079533,20.024
2026-02-06 00:00:00,1.64325,0.680153,0.127173,1.51608,0.203504,0.08268,0.060508,8.423
2026-02-06 01:00:00,0.953325,0.429039,0.096577,0.856748,0.182158,0.048717,0.063949,8.548
2026-02-06 02:00:00,2.64559,1.28927,0.112885,2.5327,0.153884,0.05898,0.05835,8.58
2026-02-06 03:00:00,1.26137,0.633219,0.05941,1.20196,0.12048,0.015021,0.040607,2.855
2026-02-06 04:00:00,1.89372,0.80928,0.056701,1.83702,0.136071,0.019977,0.040901,3.232
2026-02-06 05:00:00,1.04909,0.491148,0.054526,0.994567,0.132584,0.018442,0.049573,4.05
2026-02-06 06:00:00,2.28082,0.922663,0.083756,2.19707,0.195164,0.031323,0.050731,5.385
2026-02-06 07:00:00,3.16885,0.857838,0.197108,2.97174,0.233233,0.055411,0.068577,12.045
2026-02-06 08:00:00,5.50073,1.05661,0.336468,5.16427,0.259977,0.093349,0.097937,19.98
2026-02-06 09:00:00,4.13342,0.970742,0.377528,3.75589,0.269725,0.080075,0.093336,21.438
2026-02-06 10:00:00,3.38401,0.719085,0.380766,3.00325,0.288035,0.065016,0.099304,20.766
2026-02-06 11:00:00,4.70366,0.98692,0.549059,4.1546,0.282316,0.096561,0.110179,28.061
2026-02-06 12:00:00,4.95863,1.00622,0.486597,4.47203,0.278662,0.117567,0.108898,27.468
2026-02-06 13:00:00,4.09279,0.95492,0.442114,3.65067,0.278729,0.121439,0.112545,25.892
2026-02-06 14:00:00,5.96495,1.37822,0.520923,5.44403,0.279824,0.095878,0.121285,23.448
2026-02-06 15:00:00,4.16723,1.04181,0.375552,3.79167,0.278334,0.079693,0.105084,17.453
2026-02-06 16:00:00,5.23816,1.0756,0.591798,4.64636,0.303843,0.092925,0.103467,27.26
2026-02-06 17:00:00,7.45377,1.37727,0.636741,6.81703,0.286797,0.14218,0.11984,40.171
2026-02-06 18:00:00,8.79529,1.57565,1.06944,7.72585,0.335966,0.170815,0.12272,47.826
2026-02-06 19:00:00,7.29138,1.38199,0.766109,6.52527,0.307584,0.147553,0.108822,38.965
2026-02-06 20:00:00,5.13889,1.05262,0.806739,4.33216,0.279777,0.10744,0.08937,29.004
2026-02-06 21:00:00,6.74475,1.44675,0.618,6.12675,0.274487,0.113403,0.098915,23.824
2026-02-06 22:00:00,4.09608,1.06281,0.31058,3.7855,0.262734,0.128624,0.094579,20.232
2026-02-06 23:00:00,3.05554,0.975587,0.320527,2.73501,0.277137,0.082974,0.090427,19.342
2026-02-07 00:00:00,2.07983,1.05682,0.151891,1.92794,0.222742,0.059641,0.065623,10.255
2026-02-07 01:00:00,1.6484,0.845332,0.111547,1.53685,0.181199,0.034895,0.054325,6.37
2026-02-07 02:00:00,0.645805,0.442332,0.047891,0.597914,0.146536,0.052003,0.046718,2.866
2026-02-07 03:00:00,0.550244,0.309822,0.031781,0.518463,0.126589,0.035498,0.041605,2.574
2026-02-07 04:00:00,0.223613,0.106787,0.016564,0.207049,0.141135,0.007545,0.036227,1.535
2026-02-07 05:00:00,1.13152,0.708976,0.040319,1.09121,0.164134,0.016701,0.039943,2.826
2026-02-07 06:00:00,0.916045,0.490913,0.053256,0.862789,0.149421,0.017931,0.042856,3.307
2026-02-07 07:00:00,1.813,0.554773,0.125834,1.68716,0.223618,0.033229,0.05973,7.682
2026-02-07 08:00:00,2.87527,0.743349,0.295606,2.57967,0.252262,0.056476,0.080889,16.77
2026-02-07 09:00:00,4.65078,1.05126,0.390167,4.26061,0.307435,0.084269,0.104501,23.321
2026-02-07 10:00:00,5.19646,1.11512,0.435342,4.76112,0.281403,0.105674,0.113189,26.603
2026-02-07 11:00:00,5.45489,1.03666,0.678957,4.77593,0.312887,0.122638,0.120459,30.426
2026-02-07 12:00:00,7.81371,1.32301,0.82431,6.9894,0.338252,0.15287,0.116683,33.771
2026-02-07 13:00:00,5.52794,1.01133,0.456626,5.07131,0.295855,0.113324,0.10611,29.237
2026-02-07 14:00:00,5.80106,1.13479,0.464004,5.33706,0.264519,0.117081,0.107174,28.167
2026-02-07 15:00:00,5.71572,1.14406,0.874723,4.841,0.277012,0.108935,0.104927,33.509
2026-02-07 16:00:00,5.47956,1.02269,0.668108,4.81145,0.27381,0.11178,0.103271,30.691
2026-02-07 17:00:00,5.26178,0.951152,0.572002,4.68977,0.256789,0.124421,0.100916,28.026
2026-02-07 18:00:00,6.28029,1.06662,0.900068,5.38022,0.339877,0.141966,0.108411,34.907
2026-02-07 19:00:00,5.98294,0.981452,0.607446,5.37549,0.297157,0.119876,0.095222,27.377
2026-02-07 20:00:00,5.68076,1.07184,0.680093,5.00066,0.285236,0.119347,0.094804,29.796
2026-02-07 21:00:00,5.9729,1.13683,1.29395,4.67895,0.306093,0.145779,0.100741,28.333
2026-02-07 22:00:00,6.43839,1.42695,0.969623,5.46877,0.319002,0.142058,0.091774,25.723
2026-02-07 23:00:00,3.82059,1.24368,0.320055,3.50053,0.269875,0.142262,0.078977,14.22
2026-02-08 00:00:00,2.55793,0.950902,0.15631,2.40162,0.185499,0.09894,0.077187,8.392
2026-02-08 01:00:00,1.48695,0.53758,0.08622,1.40073,0.184082,0.062417,0.057193,5.352
2026-02-08 02:00:00,0.416502,0.163079,0.042695,0.373807,0.175472,0.025813,0.053381,3.025
2026-02-08 03:00:00,0.367524,0.154812,0.029631,0.337893,0.152021,0.019324,0.055982,2.058
2026-02-08 04:00:00,0.668613,0.248555,0.210837,0.457776,0.215765,0.020851,0.054684,2.724
2026-02-08 05:00:00,0.443891,0.206269,0.031949,0.411942,0.129496,0.021743,0.052307,2.583
2026-02-08 06:00:00,1.01982,0.395588,0.075948,0.943876,0.183278,0.020748,0.050751,3.555
2026-02-08 07:00:00,1.44592,0.431618,0.126107,1.31981,0.224093,0.030923,0.060398,8.815
2026-02-08 08:00:00,3.68388,0.7998,0.382129,3.30175,0.255618,0.069654,0.08372,17.158
2026-02-08 09:00:00,4.34222,0.872983,0.392657,3.94956,0.27954,0.081604,0.099817,24.43
2026-02-08 10:00:00,5.5172,1.1182,0.512285,5.00491,0.271516,0.112086,0.110432,29.775
2026-02-08 11:00:00,6.05549,1.21158,0.436574,5.61892,0.279673,0.127531,0.102982,26.809
2026-02-08 12:00:00,8.38175,1.66503,0.58225,7.7995,0.28702,0.175572,0.111215,31.159
2026-02-08 13:00:00,6.46538,1.22869,0.631057,5.83433,0.317252,0.133549,0.114146,30.872
2026-02-08 14:00:00,5.50266,0.996859,0.621316,4.88134,0.277103,0.108355,0.107709,28.455
2026-02-08 15:00:00,4.89188,0.908933,0.538742,4.35314,0.26054,0.110148,0.104486,27.308
2026-02-08 16:00:00,4.07277,0.710285,0.437841,3.63493,0.286655,0.085881,0.096716,25.796
2026-02-08 17:00:00,6.96101,1.41946,0.751641,6.20937,0.271751,0.125798,0.107518,33.445
2026-02-08 18:00:00,5.31532,1.18276,0.528176,4.78715,0.284808,0.114757,0.105257,27.867
2026-02-08 19:00:00,5.55385,1.09113,0.570654,4.98319,0.270481,0.110816,0.101075,21.24
2026-02-08 20:00:00,5.3842,1.11336,0.618007,4.76619,0.282447,0.101493,0.09112,23.048
2026-02-08 21:00:00,3.90496,0.971383,0.545122,3.35984,0.275977,0.089431,0.081534,17.587
2026-02-08 22:00:00,6.08347,1.68517,0.747931,5.33554,0.283287,0.110846,0.077749,20.124
2026-02-08 23:00:00,4.46074,1.68203,0.501666,3.95908,0.23829,0.108305,0.07902,13.426
2026-02-09 00:00:00,2.66285,1.15375,0.215082,2.44777,0.201449,0.060481,0.071659,11.326
2026-02-09 01:00:00,1.48192,0.836299,0.059129,1.42279,0.163301,0.067921,0.068159,4.781
2026-02-09 02:00:00,0.679149,0.466449,0.049742,0.629407,0.141904,0.035372,0.052021,5.069
2026-02-09 03:00:00,0.268024,0.130616,0.033602,0.234422,0.18403,0.014301,0.045067,2.582
2026-02-09 04:00:00,0.433811,0.173663,0.031647,0.402164,0.197126,0.01075,0.041514,2.113
2026-02-09 05:00:00,0.710023,0.330243,0.043084,0.666939,0.157085,0.012584,0.04105,3.351
2026-02-09 06:00:00,0.940869,0.477115,0.072431,0.868438,0.18483,0.019727,0.048269,5.039
2026-02-09 07:00:00,2.87985,0.864302,0.219068,2.66078,0.242687,0.065056,0.07406,13.305
2026-02-09 08:00:00,4.82299,1.01366,0.378426,4.44457,0.267542,0.086691,0.090941,21.802
2026-02-09 09:00:00,3.44216,1.00589,0.26598,3.17618,0.264203,0.066836,0.096804,17.609
2026-02-09 10:00:00,3.54861,0.933354,0.332329,3.21628,0.29868,0.076724,0.104385,21.903
2026-02-09 11:00:00,3.12436,0.706549,0.418155,2.70621,0.304786,0.066808,0.107933,25.093
2026-02-09 12:00:00,4.66291,0.986651,0.474679,4.18823,0.289117,0.102254,0.109011,29.907
2026-02-09 13:00:00,5.58473,1.4039,0.667619,4.91711,0.26979,0.105519,0.106196,27.602
2026-02-09 14:00:00,2.03385,0.756639,0.246495,1.78735,0.276151,0.072657,0.091812,19.218
2026-02-09 15:00:00,5.18075,1.42406,0.396844,4.7839,0.265177,0.107071,0.097448,23.365
2026-02-09 16:00:00,4.84162,1.21162,0.477627,4.364,0.261225,0.096357,0.111646,26.976
2026-02-09 17:00:00,5.73466,1.09691,0.940064,4.7946,0.304734,0.118205,0.120266,33.914
2026-02-09 18:00:00,7.35316,1.25781,0.826773,6.52639,0.338745,0.137373,0.11769,42.65
2026-02-09 19:00:00,8.61021,1.52339,0.605858,8.00435,0.302774,0.122893,0.098816,32.117
2026-02-09 20:00:00,3.35814,0.592892,0.41214,2.946,0.280402,0.085611,0.089686,21.79
2026-02-09 21:00:00,4.06482,0.838452,0.495996,3.56882,0.289369,0.108054,0.086511,20.966
2026-02-09 22:00:00,3.29646,0.830344,0.436385,2.86008,0.263534,0.091535,0.087246,22.813
2026-02-09 23:00:00,4.73459,1.54725,0.313344,4.42125,0.204397,0.108307,0.076755,15.777
2026-02-10 00:00:00,1.38668,0.549399,0.138138,1.24855,0.191182,0.0658,0.066275,10.988
2026-02-10 01:00:00,1.95582,0.904636,0.114852,1.84097,0.168392,0.089853,0.079604,6.104
2026-02-10 02:00:00,0.959916,0.454936,0.059868,0.900048,0.15305,0.033929,0.054729,3.155
2026-02-10 03:00:00,0.904246,0.341741,0.042641,0.861605,0.153908,0.025467,0.044537,3.069
2026-02-10 04:00:00,1.30806,0.463852,0.039408,1.26865,0.159174,0.018892,0.040245,2.807
2026-02-10 05:00:00,0.513881,0.219232,0.053836,0.460045,0.153661,0.011933,0.039105,2.548
2026-02-10 06:00:00,1.2796,0.455049,0.062522,1.21707,0.186706,0.02974,0.048713,4.039
2026-02-10 07:00:00,4.07177,1.05159,0.252354,3.81941,0.220983,0.06843,0.072938,14.064
2026-02-10 08:00:00,5.60373,1.11806,0.402194,5.20153,0.258625,0.103549,0.101205,23.722
2026-02-10 09:00:00,4.6922,1.06399,0.429364,4.26283,0.261368,0.11523,0.1046,23.543
2026-02-10 10:00:00,4.39727,0.98904,0.464015,3.93326,0.278028,0.114205,0.120336,25.45
2026-02-10 11:00:00,4.62922,0.986619,0.544092,4.08512,0.32038,0.104295,0.122332,26.251
2026-02-10 12:00:00,4.35271,0.836417,0.509623,3.84309,0.288077,0.093069,0.112067,24.97
2026-02-10 13:00:00,5.48965,1.30334,0.605226,4.88443,0.275179,0.117362,0.122739,27.58
2026-02-10 14:00:00,5.77764,1.42447,0.602232,5.1754,0.266756,0.129332,0.122986,28.789
2026-02-10 15:00:00,8.16272,1.95467,0.641599,7.52112,0.269491,0.130569,0.119614,30.216
2026-02-10 16:00:00,4.70336,1.03189,0.897119,3.80624,0.27949,0.093436,0.115281,28.019
2026-02-10 17:00:00,9.01584,1.81187,2.00366,7.01218,0.276867,0.168991,0.130427,38.731
2026-02-10 18:00:00,10.179,1.83075,0.857724,9.32124,0.33239,0.184623,0.131553,48.858
2026-02-10 19:00:00,4.70132,0.888718,0.560444,4.14088,0.295908,0.10811,0.103361,32.632
2026-02-10 20:00:00,5.70034,1.20668,0.983219,4.71712,0.277942,0.167114,0.102317,33.064
2026-02-10 21:00:00,6.32675,1.37299,0.710824,5.61593,0.312199,0.343052,0.118618,27.742
2026-02-10 22:00:00,3.12672,0.946918,0.423151,2.70357,0.255585,0.080642,0.089127,17.07
2026-02-10 23:00:00,4.2984,1.47004,0.680669,3.61773,0.284311,0.125433,0.09659,13.647
2026-02-11 00:00:00,8.69973,4.04639,0.617479,8.08225,0.23583,0.178379,0.099083,15.226
2026-02-11 01:00:00,2.20673,1.33096,0.1578,2.04893,0.148053,0.04604,0.048496,8.29
2026-02-11 02:00:00,0.547659,0.341008,0.043592,0.504067,0.134509,0.024979,0.042295,2.85
2026-02-11 03:00:00,0.68559,0.334761,0.03453,0.65106,0.131232,0.023165,0.048491,2.543
2026-02-11 04:00:00,0.146323,0.059385,0.022911,0.123412,0.111628,0.006877,0.036291,2.063
2026-02-11 05:00:00,0.487426,0.28979,0.056274,0.431152,0.15616,0.012944,0.043117,5.324
2026-02-11 06:00:00,0.668926,0.328872,0.074324,0.594602,0.17174,0.017993,0.048037,4.794
2026-02-11 07:00:00,2.76732,0.755273,0.276726,2.4906,0.23037,0.054936,0.069594,14.847
2026-02-11 08:00:00,3.32437,0.699572,0.324718,2.99965,0.267449,0.07203,0.091466,20.451
2026-02-11 09:00:00,7.67335,1.86881,0.490742,7.1826,0.28073,0.106039,0.102977,22.682
2026-02-11 10:00:00,4.37921,1.20973,0.711417,3.66779,0.330906,0.086585,0.104803,22.286
2026-02-11 11:00:00,2.9502,0.690266,0.344673,2.60553,0.31227,0.077955,0.109894,23.679
2026-02-11 12:00:00,4.99857,0.968339,0.57946,4.41911,0.363352,0.107296,0.112565,30.933
2026-02-11 13:00:00,3.98819,0.765194,0.402676,3.58552,0.298875,0.094495,0.101158,26.169
2026-02-11 14:00:00,7.81704,1.69567,0.555256,7.26178,0.273005,0.136724,0.105698,27.444
2026-02-11 15:00:00,5.714,1.18155,0.582396,5.1316,0.28814,0.107448,0.109077,31.935
2026-02-11 16:00:00,3.94654,0.847989,0.478254,3.46828,0.281086,0.08821,0.097557,26.961
2026-02-11 17:00:00,6.39469,1.20746,0.53097,5.86372,0.277116,0.121866,0.112444,35.904
2026-02-11 18:00:00,10.7867,1.78292,0.929221,9.85747,0.303503,0.173596,0.122621,47.725
2026-02-11 19:00:00,5.73914,1.03857,0.801219,4.93792,0.292715,0.11314,0.108418,34.338
2026-02-11 20:00:00,4.79438,0.978845,0.557021,4.23736,0.269633,0.11222,0.101448,27.74
2026-02-11 21:00:00,3.94023,0.819857,0.690966,3.24927,0.284167,0.104918,0.0986,25.549
2026-02-11 22:00:00,4.97494,1.25503,1.17451,3.80042,0.287605,0.107968,0.087088,21.873
2026-02-11 23:00:00,2.61249,0.812846,0.299076,2.31341,0.219625,0.061147,0.072782,13.442
2026-02-12 00:00:00,2.11762,0.798499,0.140982,1.97664,0.183688,0.053598,0.062517,8.371
2026-02-12 01:00:00,1.98761,0.852322,0.084677,1.90294,0.165658,0.047391,0.055386,6.934
2026-02-12 02:00:00,0.571008,0.270619,0.059022,0.511986,0.161989,0.031809,0.046829,3.216
2026-02-12 03:00:00,0.200623,0.093054,0.022445,0.178178,0.098834,0.010858,0.034283,1.731
2026-02-12 04:00:00,1.30882,0.557894,0.058541,1.25028,0.129645,0.021152,0.03806,3.914
2026-02-12 05:00:00,0.628661,0.320745,0.026694,0.601967,0.139595,0.011364,0.037539,2.351
2026-02-12 06:00:00,1.27551,0.578725,0.090454,1.18506,0.180007,0.020168,0.04564,5.437
2026-02-12 07:00:00,3.65751,0.990122,0.205775,3.45174,0.244145,0.060892,0.067663,13.159
2026-02-12 08:00:00,5.04072,0.98298,0.706377,4.33434,0.259906,0.101891,0.101836,27.202
2026-02-12 09:00:00,5.07488,1.03056,0.709517,4.36536,0.265757,0.100289,0.100494,26.4084
2026-02-12 10:00:00,5.10904,1.07813,0.712656,4.39638,0.271608,0.098687,0.099152,25.6149
2026-02-12 11:00:00,5.1432,1.12571,0.715796,4.4274,0.277459,0.097084,0.097809,24.8213
2026-02-12 12:00:00,,,,,,,,
2026-02-12 13:00:00,,,,,,,,
2026-02-12 14:00:00,,,,,,,,
2026-02-12 15:00:00,5.27983,1.31601,0.728354,4.55148,0.300863,0.090675,0.092441,21.647
2026-02-12 16:00:00,3.87738,0.816634,0.539088,3.33829,0.279861,0.097528,0.095139,23.336
2026-02-12 17:00:00,5.71481,1.07019,0.508757,5.20605,0.269035,0.126981,0.101132,27.781
2026-02-12 18:00:00,6.25525,1.06309,0.634755,5.6205,0.31114,0.133136,0.112777,34.116
2026-02-12 19:00:00,5.8139,1.01642,0.705173,5.10873,0.303078,0.121126,0.109896,35.822
2026-02-12 20:00:00,5.81272,1.08446,0.723436,5.08928,0.284501,0.114684,0.097179,28.906
2026-02-12 21:00:00,4.80973,1.07745,0.702301,4.10743,0.261863,0.099708,0.093755,24.594
2026-02-12 22:00:00,6.40456,1.65921,0.445898,5.95866,0.250671,0.141553,0.08471,24.024
2026-02-12 23:00:00,2.68603,1.02364,0.237904,2.44813,0.205821,0.07868,0.066877,11.301
2026-02-13 00:00:00,5.10619,2.47393,0.35323,4.75296,0.208511,0.094423,0.062002,10.736
2026-02-13 01:00:00,3.99283,2.00443,0.121635,3.8712,0.165473,0.058979,0.056426,6.026
2026-02-13 02:00:00,2.13212,1.21419,0.071202,2.06091,0.135829,0.033264,0.04787,3.817
2026-02-13 03:00:00,0.702146,0.373482,0.033034,0.669112,0.101333,0.038555,0.038202,2.39
2026-02-13 04:00:00,0.555616,0.268933,0.036969,0.518647,0.115442,0.014365,0.03677,3.098
2026-02-13 05:00:00,0.928926,0.445314,0.045835,0.883091,0.153141,0.018299,0.043575,4.583
2026-02-13 06:00:00,1.37321,0.620801,0.093999,1.27921,0.197582,0.025164,0.048734,5.438
2026-02-13 07:00:00,7.86984,2.59217,0.270491,7.59934,0.247633,0.111028,0.07715,16.935
2026-02-13 08:00:00,4.55411,1.04885,0.31649,4.23762,0.256459,0.084318,0.09175,21.506
2026-02-13 09:00:00,4.40154,1.07093,0.506245,3.8953,0.300332,0.09883,0.094906,24.514
2026-02-13 10:00:00,3.9757,0.987997,0.351104,3.62459,0.266557,0.080691,0.092129,24.644
2026-02-13 11:00:00,4.22701,0.887654,0.537357,3.68965,0.297588,0.078687,0.089115,22.054
2026-02-13 12:00:00,3.38542,0.762138,0.504156,2.88126,0.305064,0.075054,0.089277,20.675
2026-02-13 13:00:00,5.24768,1.23883,0.719439,4.52825,0.287528,0.094216,0.087014,26.21
2026-02-13 14:00:00,7.24742,1.74553,0.601988,6.64544,0.291531,0.109331,0.089287,29.02
2026-02-13 15:00:00,4.92875,1.02214,0.846024,4.08272,0.323095,0.093079,0.092849,29.327
2026-02-13 16:00:00,4.15592,0.828203,0.731129,3.42479,0.315208,0.087438,0.091535,25.219
2026-02-13 17:00:00,6.69494,1.41423,0.73647,5.95847,0.283372,0.115097,0.096855,29.795
2026-02-13 18:00:00,6.38678,1.29812,0.810111,5.57666,0.304395,0.117211,0.100195,32.633
2026-02-13 19:00:00,5.96319,1.46228,0.641032,5.32216,0.312151,0.110033,0.100885,21.465
2026-02-13 20:00:00,4.37486,1.12464,0.458485,3.91638,0.274688,0.10515,0.090901,26.493
2026-02-13 21:00:00,4.59896,1.33924,0.577661,4.0213,0.267917,0.108505,0.087909,26.455
2026-02-13 22:00:00,5.22443,1.71068,0.474009,4.75042,0.261721,0.087371,0.077523,17.068
2026-02-13 23:00:00,2.76892,1.08076,0.207165,2.56175,0.215101,0.074741,0.066924,10.279
2026-02-14 00:00:00,3.0414,1.31548,0.207658,2.83374,0.185724,0.073743,0.061425,12.616
2026-02-14 01:00:00,1.96572,0.961701,0.141774,1.82394,0.158352,0.041955,0.048309,6.746
2026-02-14 02:00:00,1.86067,0.905876,0.07034,1.79033,0.151467,0.034018,0.042804,3.85
2026-02-14 03:00:00,0.690992,0.306835,0.040324,0.650668,0.152053,0.025343,0.044736,1.941
2026-02-14 04:00:00,0.913712,0.497665,0.039338,0.874374,0.15477,0.017044,0.036783,3.416
2026-02-14 05:00:00,0.317718,0.205509,0.031956,0.285762,0.186332,0.008807,0.037513,2.24
2026-02-14 06:00:00,1.05733,0.507356,0.088086,0.969245,0.183576,0.018313,0.046213,3.771
2026-02-14 07:00:00,4.10735,1.43113,0.222325,3.88502,0.223811,0.069173,0.070407,13.48
2026-02-14 08:00:00,4.91535,1.31708,0.355524,4.55982,0.25455,0.09429,0.090894,18.602
2026-02-14 09:00:00,3.55013,0.979077,0.803014,2.74712,0.284554,0.058,0.082573,16.953
2026-02-14 10:00:00,3.22577,0.81665,0.296408,2.92936,0.273313,0.064302,0.083267,18.412
2026-02-14 11:00:00,5.62253,1.25279,0.587032,5.03549,0.280808,0.099287,0.093373,25.891
2026-02-14 12:00:00,5.22574,1.06604,0.782779,4.44296,0.29682,0.100182,0.093064,23.929
2026-02-14 13:00:00,4.20456,0.995868,0.433897,3.77066,0.26999,0.085703,0.085255,21.197
2026-02-14 14:00:00,4.52487,1.11395,0.489641,4.03523,0.285483,0.078687,0.08586,21.363
2026-02-14 15:00:00,5.08905,1.24854,0.529529,4.55952,0.275838,0.086807,0.08657,26.657
2026-02-14 16:00:00,6.48277,1.54868,0.765787,5.71698,0.238455,0.101907,0.089287,27.402
2026-02-14 17:00:00,4.13612,1.03094,0.554675,3.58144,0.276401,0.074701,0.079636,21.578
2026-02-14 18:00:00,4.96237,1.01688,0.470867,4.49151,0.260422,0.086883,0.081635,22.67
2026-02-14 19:00:00,2.9662,0.683455,0.405985,2.56021,0.256662,0.058233,0.074872,17.338
2026-02-14 20:00:00,2.44138,0.625034,0.31185,2.12953,0.241445,0.05509,0.070924,14.95
2026-02-14 21:00:00,2.45021,0.857316,0.273348,2.17686,0.230865,0.056833,0.069428,13.341
2026-02-14 22:00:00,1.82265,0.746986,0.265964,1.55668,0.220716,0.052371,0.065049,13.546
2026-02-14 23:00:00,1.98414,0.803297,0.226308,1.75784,0.223679,0.060457,0.072229,12.907
2026-02-15 00:00:00,2.13784,1.09745,0.17951,1.95833,0.207267,0.061706,0.071798,8.325
2026-02-15 01:00:00,0.816904,0.45083,0.089153,0.727751,0.163146,0.060317,0.060609,3.577
2026-02-15 02:00:00,0.388172,0.304688,0.092545,0.295627,0.126644,0.023278,0.03894,2.057
2026-02-15 03:00:00,0.099079,0.059903,0.016886,0.082193,0.118761,0.010011,0.040706,1.827
2026-02-15 04:00:00,0.209393,0.137216,0.033838,0.175555,0.106531,0.005991,0.028561,1.378
2026-02-15 05:00:00,0.08862,0.062496,0.01705,0.07157,0.097963,0.004401,0.029101,1.319
2026-02-15 06:00:00,0.608715,0.444966,0.037485,0.57123,0.103914,0.011139,0.032458,2.711
2026-02-15 07:00:00,1.92272,1.17814,0.086463,1.83626,0.161522,0.027354,0.04611,5.006
2026-02-15 08:00:00,2.52228,0.871554,0.189465,2.33281,0.213535,0.049767,0.066656,11.17
2026-02-15 09:00:00,3.10016,0.963382,0.222479,2.87769,0.223342,0.059025,0.066771,11.528
2026-02-15 10:00:00,2.73997,0.814496,0.29851,2.44145,0.273071,0.050753,0.086727,18.298
2026-02-15 11:00:00,3.43004,1.20606,0.47654,2.9535,0.253971,0.058041,0.08029,16.508
2026-02-15 12:00:00,1.60385,0.69251,0.340114,1.26374,0.25825,0.03454,0.066691,11.21
2026-02-15 13:00:00,1.9251,0.74674,0.191626,1.73347,0.218196,0.038132,0.059851,12.14
2026-02-15 14:00:00,1.95855,0.689144,0.176364,1.78218,0.220889,0.033751,0.059008,11.712
2026-02-15 15:00:00,2.13255,0.799906,0.416773,1.71578,0.206875,0.035027,0.059943,7.039
2026-02-15 16:00:00,2.399,0.87491,0.220375,2.17863,0.228283,0.046039,0.070026,12.747
2026-02-15 17:00:00,2.11655,0.736961,0.212641,1.90391,0.23099,0.038783,0.064899,13.172
2026-02-15 18:00:00,1.67086,0.634824,0.169286,1.50157,0.261796,0.03797,0.07957,13.131
2026-02-15 19:00:00,0.973073,0.348272,0.134651,0.838422,0.218939,0.027135,0.061687,8.795
2026-02-15 20:00:00,1.88931,0.654191,0.176723,1.71258,0.207901,0.050603,0.058242,9.263
2026-02-15 21:00:00,2.44103,0.952039,0.802076,1.63895,0.244371,0.049174,0.056359,9.359
2026-02-15 22:00:00,2.21914,1.08995,0.104563,2.11458,0.20221,0.041578,0.051317,8.49
2026-02-15 23:00:00,0.79696,0.579187,0.069639,0.727321,0.148969,0.030555,0.050002,4.232
2026-02-16 00:00:00,1.31282,1.28455,0.08256,1.23026,0.14497,0.038452,0.04346,4.702
2026-02-16 01:00:00,0.800966,0.940101,0.046445,0.754521,0.101218,0.020955,0.035863,2.937
2026-02-16 02:00:00,0.411591,0.414075,0.026737,0.384854,0.085503,0.010356,0.029214,1.829
2026-02-16 03:00:00,0.159165,0.194579,0.013003,0.146162,0.077507,0.00449,0.029345,1.604
2026-02-16 04:00:00,0.308299,0.297586,0.012071,0.296228,0.068918,0.005533,0.024486,1.288
2026-02-16 05:00:00,0.076307,0.074959,0.008375,0.067932,0.059301,0.002507,0.023031,0.727
2026-02-16 06:00:00,0.181742,0.187363,0.014841,0.166901,0.062603,0.003397,0.024403,0.927
2026-02-16 07:00:00,0.955956,0.719846,0.063104,0.892852,0.11661,0.013301,0.037208,3.914
2026-02-16 08:00:00,1.2675,0.571978,0.108962,1.15854,0.162551,0.023712,0.050248,6.293
2026-02-16 09:00:00,1.42275,0.618586,0.100648,1.3221,0.205607,0.02545,0.052703,7.243
2026-02-16 10:00:00,2.123,0.817168,0.168859,1.95414,0.218135,0.0395,0.057127,8.89
2026-02-16 11:00:00,2.29574,0.8823,0.313435,1.98231,0.218017,0.04071,0.063215,10.262
2026-02-16 12:00:00,1.35256,0.647156,0.164814,1.18774,0.202893,0.029552,0.053522,7.607
2026-02-16 13:00:00,2.05332,0.918302,0.128279,1.92504,0.192325,0.032152,0.051913,6.902
2026-02-16 14:00:00,1.73098,0.936676,0.280883,1.45009,0.18679,0.028421,0.050297,7.297
2026-02-16 15:00:00,1.49192,0.736389,0.185471,1.30645,0.215816,0.029041,0.058648,9.679
2026-02-16 16:00:00,1.39412,0.692213,0.156028,1.23809,0.200734,0.027683,0.05737,7.503
2026-02-16 17:00:00,1.6283,0.970382,0.183808,1.44449,0.209341,0.032659,0.052887,7.468
2026-02-16 18:00:00,2.28475,1.37635,0.123101,2.16165,0.185673,0.04438,0.051165,7.621
2026-02-16 19:00:00,1.83936,1.13822,0.106699,1.73266,0.15607,0.032374,0.046892,5.211
2026-02-16 20:00:00,1.30404,0.744314,0.103294,1.20074,0.172411,0.027127,0.044378,5.175
2026-02-16 21:00:00,1.2846,0.903375,0.082992,1.20161,0.197409,0.028778,0.048265,6.839
2026-02-16 22:00:00,1.30633,0.961953,0.110935,1.1954,0.145503,0.041944,0.044869,4.716
2026-02-16 23:00:00,1.30971,1.26177,0.048386,1.26133,0.135805,0.02881,0.042832,3.29
2026-02-17 00:00:00,0.935063,0.851607,0.059245,0.875818,0.113646,0.029784,0.039623,3.148
2026-02-17 01:00:00,0.562613,0.764421,0.030156,0.532457,0.076906,0.01894,0.028714,2.103
2026-02-17 02:00:00,0.015702,0.023025,0.003134,0.012568,0.045255,0.012195,0.022525,0.439
2026-02-17 03:00:00,0.46259,0.655227,0.00691,0.45568,0.047588,0.012284,0.023099,0.595
2026-02-17 04:00:00,0.023399,0.01973,0.002777,0.020622,0.065243,0.001824,0.021489,0.434
2026-02-17 05:00:00,0.065529,0.075149,0.007304,0.058225,0.044503,0.006642,0.020928,0.506
2026-02-17 06:00:00,0.225681,0.202223,0.019395,0.206286,0.071422,0.00481,0.026391,1.442
2026-02-17 07:00:00,0.678845,0.526236,0.052726,0.626119,0.112545,0.011297,0.035475,3.285
2026-02-17 08:00:00,0.882099,0.444607,0.078661,0.803438,0.167904,0.018976,0.046532,5.605
2026-02-17 09:00:00,1.08211,0.443851,0.104103,0.978007,0.210906,0.026562,0.056168,6.426
2026-02-17 10:00:00,1.95845,0.763828,0.16776,1.79069,0.219829,0.044579,0.059629,7.757
2026-02-17 11:00:00,1.00257,0.479698,0.141343,0.861227,0.206993,0.026016,0.057368,7.765
2026-02-17 12:00:00,1.43671,0.894591,0.084821,1.35189,0.149754,0.035073,0.049466,5.406
2026-02-17 13:00:00,1.73725,1.13843,0.146632,1.59061,0.184845,0.032727,0.057148,8.194
2026-02-17 14:00:00,1.28307,0.80595,0.095065,1.18801,0.175757,0.028124,0.05172,5.409
2026-02-17 15:00:00,1.66524,1.01416,0.148234,1.51701,0.178685,0.027967,0.049484,7.482
2026-02-17 16:00:00,1.74683,0.93214,0.218282,1.52855,0.191461,0.030619,0.050489,8.957
2026-02-17 17:00:00,1.72605,0.80431,0.19286,1.53319,0.229515,0.032339,0.054539,11.195
2026-02-17 18:00:00,1.67401,0.684947,0.285682,1.38833,0.20661,0.029569,0.054773,8.244
2026-02-17 19:00:00,1.73275,0.815794,0.130708,1.60204,0.193188,0.031946,0.053697,8.016
2026-02-17 20:00:00,2.17718,1.00609,0.230628,1.94655,0.210795,0.040786,0.060481,10.577
2026-02-17 21:00:00,1.50103,0.715455,0.129862,1.37116,0.201003,0.029699,0.063542,6.926
2026-02-17 22:00:00,1.28981,0.671777,0.133066,1.15675,0.222693,0.058648,0.060885,8.492
2026-02-17 23:00:00,1.05984,0.623433,0.111112,0.948724,0.191703,0.043346,0.055396,8.318
2026-02-18 00:00:00,1.67707,1.27631,0.092011,1.58506,0.185157,0.039498,0.063712,7.146
2026-02-18 01:00:00,0.28556,0.256797,0.026657,0.258903,0.101649,0.013616,0.039444,2.258
2026-02-18 02:00:00,0.221712,0.228098,0.013117,0.208595,0.080453,0.015485,0.030205,1.362
2026-02-18 03:00:00,0.368551,0.351,0.012668,0.355883,0.074168,0.008332,0.029039,0.91
2026-02-18 04:00:00,0.024524,0.024426,0.004805,0.019719,0.085605,0.006906,0.043515,0.788
2026-02-18 05:00:00,0.109347,0.115834,0.007091,0.102256,0.059547,0.002679,0.030001,0.578
2026-02-18 06:00:00,0.239998,0.247932,0.028926,0.211072,0.067472,0.004879,0.025325,1.134
2026-02-18 07:00:00,0.846922,0.725105,0.039367,0.807555,0.087746,0.013434,0.031205,2.025
2026-02-18 08:00:00,0.993892,0.578517,0.125081,0.868811,0.164385,0.01743,0.044961,5.448
2026-02-18 09:00:00,1.64615,0.878414,0.222432,1.42372,0.214631,0.030833,0.052625,8.358
2026-02-18 10:00:00,2.22678,1.01959,0.453154,1.77363,0.208988,0.034652,0.054925,8.333
2026-02-18 11:00:00,3.6075,1.34407,0.246816,3.36068,0.20708,0.064475,0.059456,13.585
2026-02-18 12:00:00,2.60762,0.929301,0.291762,2.31586,0.222026,0.046393,0.055964,11.487
2026-02-18 13:00:00,2.36901,1.0124,0.262086,2.10692,0.200963,0.049151,0.058576,10.141
2026-02-18 14:00:00,0.800282,0.460992,0.078198,0.722084,0.194645,0.021361,0.062146,4.778
2026-02-18 15:00:00,1.07984,0.592669,0.091374,0.988469,0.201094,0.027141,0.057602,6.663
2026-02-18 16:00:00,2.24434,1.1045,0.247979,1.99636,0.19586,0.041884,0.052944,8.719
2026-02-18 17:00:00,2.08175,0.855278,0.24294,1.83881,0.216547,0.036745,0.055884,11.579
2026-02-18 18:00:00,3.20902,1.29188,0.290658,2.91836,0.21756,0.049578,0.059852,13.321
2026-02-18 19:00:00,1.19915,0.560353,0.123244,1.07591,0.213621,0.025359,0.050722,7.525
2026-02-18 20:00:00,2.40433,1.20578,0.168597,2.23573,0.199314,0.047627,0.052798,8.864
2026-02-18 21:00:00,2.09337,1.13647,0.156506,1.93687,0.181402,0.046769,0.049345,7.458
2026-02-18 22:00:00,1.31897,0.707603,0.233644,1.08533,0.199091,0.031082,0.047286,6.171
2026-02-18 23:00:00,0.985831,0.678947,0.079234,0.906597,0.161494,0.036048,0.049153,3.913
2026-02-19 00:00:00,0.871942,0.750381,0.033625,0.838317,0.13403,0.026573,0.041679,2.271
2026-02-19 01:00:00,0.082801,0.104545,0.009425,0.073376,0.079422,0.019198,0.040318,0.638
2026-02-19 02:00:00,0.078592,0.089715,0.010837,0.067755,0.071732,0.012984,0.033028,0.676
2026-02-19 03:00:00,0.074775,0.072739,0.014826,0.059949,0.052336,0.007073,0.021817,0.75
2026-02-19 04:00:00,0.028721,0.026594,0.004491,0.02423,0.053801,0.001574,0.021218,0.514
2026-02-19 05:00:00,0.224567,0.21469,0.0159,0.208667,0.083944,0.004811,0.027536,1.427
2026-02-19 06:00:00,0.429805,0.377685,0.022085,0.40772,0.094711,0.009823,0.027794,1.593
2026-02-19 07:00:00,0.845693,0.672253,0.071902,0.773791,0.130915,0.017092,0.037855,4.43
2026-02-19 08:00:00,0.876452,0.559676,0.110834,0.765618,0.164522,0.017341,0.045639,5.279
2026-02-19 09:00:00,1.50147,0.733142,0.198578,1.3029,0.212008,0.030386,0.051264,8.891
2026-02-19 10:00:00,1.77296,0.777612,0.169449,1.60351,0.22323,0.034557,0.054669,8.979
2026-02-19 11:00:00,1.62895,0.702739,0.308956,1.31999,0.218317,0.032166,0.055467,7.02
2026-02-19 12:00:00,2.98007,1.31513,0.410622,2.56945,0.218642,0.045517,0.063124,10.93
2026-02-19 13:00:00,2.16044,1.07485,0.173121,1.98732,0.186723,0.040712,0.053961,8.192
2026-02-19 14:00:00,2.0118,0.951654,0.15827,1.85353,0.178538,0.037297,0.053778,7.885
2026-02-19 15:00:00,2.40857,0.843335,0.168399,2.24017,0.181265,0.041562,0.054421,11.128
2026-02-19 16:00:00,2.48164,1.05243,0.220334,2.26131,0.203981,0.044331,0.056614,10.048
2026-02-19 17:00:00,1.5508,0.536238,0.153086,1.39771,0.20914,0.033074,0.056369,9.454
2026-02-19 18:00:00,3.19865,1.11685,0.202362,2.99628,0.22896,0.060204,0.062141,11.017
2026-02-19 19:00:00,1.54372,0.768019,0.315258,1.22846,0.227667,0.036424,0.05894,13.818
2026-02-19 20:00:00,0.906708,0.509959,0.266297,0.640411,0.208343,0.028901,0.055583,8.876
2026-02-19 21:00:00,1.72651,0.842202,0.456845,1.26967,0.229205,0.037906,0.056336,9.296
2026-02-19 22:00:00,1.40736,0.76487,0.327895,1.07946,0.170215,0.028146,0.052643,6.146
2026-02-19 23:00:00,1.43746,0.907489,0.105104,1.33236,0.164864,0.040586,0.047449,6.46
2026-02-20 00:00:00,0.454043,0.418088,0.03545,0.418593,0.120197,0.027814,0.039451,2.877
2026-02-20 01:00:00,0.203493,0.281067,0.025525,0.177968,0.086382,0.016565,0.032668,1.149
2026-02-20 02:00:00,0.575235,0.591805,0.038227,0.537008,0.067707,0.011978,0.027899,1.902
2026-02-20 03:00:00,0.23865,0.226854,0.009583,0.229067,0.048406,0.004684,0.023596,0.64
2026-02-20 04:00:00,0.06976,0.053744,0.00792,0.06184,0.067882,0.003951,0.023415,0.904
2026-02-20 05:00:00,0.160659,0.161303,0.011471,0.149188,0.063533,0.007099,0.026489,1.208
2026-02-20 06:00:00,0.484956,0.402119,0.031707,0.453249,0.070941,0.008491,0.028434,1.568
2026-02-20 07:00:00,0.736461,0.521572,0.034341,0.70212,0.108923,0.0151,0.035141,2.529
2026-02-20 08:00:00,1.41585,0.762851,0.141656,1.27419,0.168523,0.029393,0.052102,7.02
2026-02-20 09:00:00,1.26965,0.61874,0.268831,1.00082,0.201376,0.033279,0.054784,7.541
2026-02-20 10:00:00,2.23525,0.856419,0.151441,2.08381,0.223317,0.039881,0.061051,9.758
2026-02-20 11:00:00,1.83416,0.696339,0.206764,1.62739,0.226747,0.031221,0.056345,8.642
2026-02-20 12:00:00,1.81875,0.678131,0.335585,1.48316,0.223148,0.032705,0.054323,9.108
2026-02-20 13:00:00,1.01017,0.386742,0.096194,0.913976,0.217983,0.022161,0.052566,7.954
2026-02-20 14:00:00,2.46075,0.900056,0.225342,2.23541,0.205374,0.038958,0.064917,11.449
2026-02-20 15:00:00,2.31231,0.902541,0.199273,2.11303,0.205124,0.048616,0.063677,12.514
2026-02-20 16:00:00,2.72678,1.03209,0.171033,2.55575,0.219435,0.047026,0.062403,10.828
2026-02-20 17:00:00,2.19205,0.739559,0.162161,2.02989,0.228482,0.038331,0.059063,9.998
2026-02-20 18:00:00,2.08336,0.698176,0.193616,1.88974,0.226772,0.040398,0.061864,12.756
2026-02-20 19:00:00,2.32148,0.815126,0.170871,2.15061,0.21457,0.045335,0.060971,9.422
2026-02-20 20:00:00,1.04638,0.381057,0.103536,0.942847,0.214321,0.024897,0.05619,9.075
2026-02-20 21:00:00,1.22012,0.671874,0.160047,1.06008,0.228424,0.034008,0.060306,9.447
2026-02-20 22:00:00,1.61425,1.04145,0.141721,1.47253,0.212313,0.045539,0.057167,9.476
2026-02-20 23:00:00,2.26108,1.63846,0.163559,2.09752,0.179598,0.056641,0.055728,9.768
2026-02-21 00:00:00,0.286794,0.259307,0.031773,0.255021,0.137439,0.028729,0.043717,2.682
2026-02-21 01:00:00,0.82693,0.891088,0.050022,0.776908,0.128791,0.035869,0.040761,2.105
2026-02-21 02:00:00,2.19492,2.29114,0.044816,2.1501,0.160083,0.03991,0.047862,1.934
2026-02-21 03:00:00,0.267115,0.215416,0.009714,0.257401,0.147466,0.00785,0.031993,1.394
2026-02-21 04:00:00,0.036903,0.026858,0.005999,0.030904,0.132343,0.008153,0.031106,1.164
2026-02-21 05:00:00,0.062624,0.059081,0.00789,0.054734,0.11384,0.002943,0.028888,0.696
2026-02-21 06:00:00,0.379945,0.375439,0.028903,0.351042,0.136854,0.02058,0.03647,2.051
2026-02-21 07:00:00,0.80962,0.660376,0.054306,0.755314,0.130529,0.015312,0.03856,2.392
2026-02-21 08:00:00,0.977948,0.485093,0.068635,0.909313,0.158809,0.022516,0.04791,4.831
2026-02-21 09:00:00,1.7788,0.763433,0.165888,1.61291,0.213053,0.038487,0.062699,7.78
2026-02-21 10:00:00,3.31257,1.29803,0.320337,2.99223,0.225079,0.049092,0.065623,8.783
2026-02-21 11:00:00,3.61771,1.46942,0.521871,3.09584,0.208056,0.043456,0.065741,10.23
2026-02-21 12:00:00,2.59825,0.81348,0.197636,2.40062,0.23013,0.048149,0.058139,9.848
2026-02-21 13:00:00,2.61078,0.822034,0.184536,2.42624,0.225799,0.050492,0.057355,9.739
2026-02-21 14:00:00,1.81778,0.561736,0.141551,1.67623,0.214137,0.035207,0.058822,8.948
2026-02-21 15:00:00,3.03733,1.56887,0.302321,2.73501,0.208882,0.051869,0.061133,9.529
2026-02-21 16:00:00,2.23969,0.863411,0.278946,1.96074,0.202413,0.043838,0.062012,9.94
2026-02-21 17:00:00,2.20463,0.620322,0.369239,1.83539,0.255527,0.050219,0.067271,12.921
2026-02-21 18:00:00,2.56699,1.13083,0.347276,2.21972,0.251496,0.055912,0.068569,14.582
2026-02-21 19:00:00,1.9421,0.762204,0.230356,1.71174,0.238743,0.037559,0.062041,12.054
2026-02-21 20:00:00,2.66109,1.06957,0.273818,2.38727,0.224568,0.051281,0.063961,13.395
2026-02-21 21:00:00,1.83093,0.776478,0.166507,1.66443,0.211346,0.041156,0.057723,10.76
2026-02-21 22:00:00,3.20583,1.62567,0.206591,2.99924,0.203298,0.071826,0.066803,11.469
2026-02-21 23:00:00,1.41848,0.892128,0.076078,1.34241,0.192011,0.047523,0.059755,4.267
2026-02-22 00:00:00,1.06228,0.697037,0.080283,0.982002,0.172549,0.081623,0.066977,5.047
2026-02-22 01:00:00,0.779072,0.722701,0.0504,0.728672,0.118503,0.028846,0.039857,3.247
2026-02-22 02:00:00,0.316578,0.373323,0.020786,0.295792,0.074194,0.011978,0.031968,2.204
2026-02-22 03:00:00,0.366099,0.342789,0.020104,0.345995,0.079981,0.008585,0.031286,1.487
2026-02-22 04:00:00,0.065391,0.050455,0.004953,0.060438,0.059002,0.003688,0.024439,0.583
2026-02-22 05:00:00,0.392601,0.440136,0.016533,0.376068,0.06159,0.005139,0.025258,0.983
2026-02-22 06:00:00,0.267429,0.238351,0.080126,0.187303,0.089764,0.008369,0.030717,1.511
2026-02-22 07:00:00,0.605996,0.407255,0.039985,0.566011,0.143789,0.014569,0.042351,4.557
2026-02-22 08:00:00,1.28332,0.654754,0.106142,1.17718,0.19759,0.025695,0.054126,9.728
2026-02-22 09:00:00,1.8925,0.712538,0.252957,1.63954,0.2263,0.04034,0.063525,11.29
2026-02-22 10:00:00,2.28785,0.711396,0.227261,2.06059,0.247108,0.044734,0.068508,11.51
2026-02-22 11:00:00,3.48031,1.0572,0.199896,3.28042,0.263171,0.058028,0.073022,13.634
2026-02-22 12:00:00,2.84456,1.00657,0.28864,2.55592,0.280623,0.051689,0.070303,13.23
2026-02-22 13:00:00,3.06548,0.939178,0.235424,2.83005,0.234812,0.057851,0.067814,12.587
2026-02-22 14:00:00,2.82202,0.867247,0.271027,2.55099,0.254252,0.052793,0.068075,13.263
2026-02-22 15:00:00,2.77317,0.818045,0.228184,2.54499,0.235212,0.060648,0.070334,15.799
2026-02-22 16:00:00,3.04345,0.823444,0.396193,2.64725,0.274127,0.062614,0.073681,16.817
2026-02-22 17:00:00,4.9117,1.36969,0.389217,4.52248,0.255686,0.094898,0.078503,20.555
2026-02-22 18:00:00,4.41077,1.06902,0.582123,3.82865,0.264348,0.082679,0.082034,19.585
2026-02-22 19:00:00,3.5818,0.912794,0.364312,3.21749,0.2472,0.066159,0.071366,11.319
2026-02-22 20:00:00,2.01384,0.566004,0.411308,1.60253,0.247659,0.042148,0.067524,12.56
2026-02-22 21:00:00,1.78735,0.678053,0.222162,1.56519,0.217473,0.043409,0.068812,12.569
2026-02-22 22:00:00,2.14633,0.878202,0.381433,1.76489,0.225798,0.070918,0.073899,12.308
2026-02-22 23:00:00,1.46401,0.740894,0.209029,1.25498,0.205813,0.061163,0.07315,8.719
2026-02-23 00:00:00,2.17101,1.29381,0.171336,1.99967,0.171308,0.062081,0.067071,8.81
2026-02-23 01:00:00,0.323146,0.234844,0.028843,0.294303,0.116452,0.025204,0.042729,2.231
2026-02-23 02:00:00,0.656791,0.565224,0.027208,0.629583,0.107784,0.013869,0.036565,1.807
2026-02-23 03:00:00,0.175624,0.146597,0.013782,0.161842,0.078995,0.009263,0.030463,0.924
2026-02-23 04:00:00,0.075361,0.057353,0.008938,0.066423,0.099034,0.013505,0.033726,0.96
2026-02-23 05:00:00,0.211163,0.181101,0.010077,0.201086,0.089403,0.008932,0.030339,0.987
2026-02-23 06:00:00,0.909965,0.615674,0.043977,0.865988,0.127573,0.018338,0.038696,2.431
2026-02-23 07:00:00,1.3771,0.662705,0.179597,1.1975,0.187049,0.027257,0.050081,5.87
2026-02-23 08:00:00,2.06032,0.643851,0.143834,1.91649,0.22844,0.037538,0.068049,9.341
2026-02-23 09:00:00,2.04396,0.60365,0.210892,1.83306,0.23938,0.045644,0.077205,11.759
2026-02-23 10:00:00,2.70975,0.749793,0.376944,2.33281,0.26716,0.052713,0.074559,15.761
2026-02-23 11:00:00,4.61168,1.04007,0.509645,4.10203,0.293432,0.079438,0.083183,20.113
2026-02-23 12:00:00,4.96898,1.19677,0.541306,4.42767,0.264075,0.091352,0.09843,23.342
2026-02-23 13:00:00,5.14134,1.29635,0.751087,4.39025,0.291918,0.077169,0.085019,19.561
2026-02-23 14:00:00,3.80043,0.980502,0.519746,3.28068,0.270561,0.07988,0.084268,22.799
2026-02-23 15:00:00,3.2363,0.85526,0.716908,2.5194,0.280404,0.05868,0.07765,19.815
2026-02-23 16:00:00,5.1664,1.17901,0.666168,4.50023,0.280786,0.091919,0.086302,22.349
2026-02-23 17:00:00,5.25891,1.18604,0.632492,4.62641,0.304681,0.08778,0.087899,23.131
2026-02-23 18:00:00,6.72425,1.41266,1.51411,5.21015,0.363644,0.116075,0.093019,29.959
2026-02-23 19:00:00,4.47199,1.0224,0.436419,4.03557,0.264038,0.081882,0.080378,19.746
2026-02-23 20:00:00,3.28381,0.947435,0.353681,2.93013,0.249835,0.073994,0.078265,20.016
2026-02-23 21:00:00,3.59185,1.19808,0.613372,2.97847,0.283445,0.09194,0.095627,22.321
2026-02-23 22:00:00,3.25121,1.20683,0.351622,2.89959,0.245206,0.083508,0.075362,14.654
2026-02-23 23:00:00,2.64165,1.08799,0.427331,2.21432,0.235619,0.094116,0.078326,11.366
2026-02-24 00:00:00,2.51462,1.21128,0.233233,2.28138,0.175459,0.074878,0.068702,10.359
2026-02-24 01:00:00,1.23282,0.635475,0.09604,1.13678,0.164758,0.035771,0.053984,8.534
2026-02-24 02:00:00,0.223651,0.123975,0.03196,0.191691,0.132875,0.017941,0.046079,1.678
2026-02-24 03:00:00,0.989867,0.513417,0.03612,0.953747,0.109962,0.016443,0.037413,2.836
2026-02-24 04:00:00,1.64668,0.911786,0.063486,1.5832,0.128758,0.02501,0.040162,3.983
2026-02-24 05:00:00,0.718949,0.40803,0.047483,0.671466,0.166733,0.028152,0.047892,2.986
2026-02-24 06:00:00,0.700686,0.325598,0.059517,0.641169,0.20114,0.035113,0.053617,3.521
2026-02-24 07:00:00,3.53785,0.949503,0.266214,3.27164,0.227035,0.06319,0.078995,16.726
2026-02-24 08:00:00,3.5653,0.763447,0.388104,3.17719,0.25236,0.091103,0.098816,23.17
2026-02-24 09:00:00,2.39166,0.706337,0.284404,2.10725,0.245401,0.059259,0.081261,14.76
2026-02-24 10:00:00,3.48372,0.943585,0.388308,3.09541,0.277053,0.068463,0.085578,17.898
2026-02-24 11:00:00,4.47413,1.10582,0.485208,3.98892,0.27801,0.084727,0.094045,22.104
2026-02-24 12:00:00,6.53029,1.33763,1.09313,5.43716,0.327406,0.118975,0.104107,28.837
2026-02-24 13:00:00,4.79472,1.13136,0.600212,4.19451,0.282153,0.081371,0.089295,22.432
2026-02-24 14:00:00,3.08288,0.777327,0.310989,2.77189,0.245752,0.068227,0.084269,20.126
2026-02-24 15:00:00,5.48057,1.3805,1.13061,4.34995,0.267762,0.093352,0.090001,23.588
2026-02-24 16:00:00,3.76299,0.841079,0.720922,3.04207,0.293538,0.070882,0.085852,20.088
2026-02-24 17:00:00,4.81196,0.955892,0.621757,4.1902,0.282126,0.097215,0.101518,29.064
2026-02-24 18:00:00,7.69525,1.44052,0.759209,6.93604,0.295384,0.154308,0.114084,38.321
2026-02-24 19:00:00,6.88498,1.3677,0.847069,6.03791,0.324914,0.138335,0.099913,28.734
2026-02-24 20:00:00,4.63335,0.858346,0.500108,4.13324,0.272521,0.124098,0.089812,24.016
2026-02-24 21:00:00,3.15199,0.610377,0.405497,2.74649,0.275401,0.081736,0.088289,20.591
2026-02-24 22:00:00,2.39889,0.619869,0.296609,2.10228,0.240908,0.069451,0.073012,15.714
2026-02-24 23:00:00,2.90562,0.904051,0.226202,2.67942,0.224383,0.081378,0.068267,12.139
2026-02-25 00:00:00,3.03462,1.16358,0.34559,2.68903,0.18434,0.076761,0.06396,12.452
2026-02-25 01:00:00,1.39688,0.699141,0.10004,1.29684,0.173392,0.037895,0.049168,5.385
2026-02-25 02:00:00,0.902464,0.580735,0.063489,0.838975,0.138381,0.020504,0.045124,5.528
2026-02-25 03:00:00,0.099616,0.056344,0.021521,0.078095,0.096342,0.004225,0.033852,1.08
2026-02-25 04:00:00,0.259615,0.140636,0.039617,0.219998,0.161186,0.015686,0.046709,5.234
2026-02-25 05:00:00,1.25851,0.770204,0.579391,0.679123,0.212137,0.01833,0.054024,4.471
2026-02-25 06:00:00,1.08817,0.502389,0.263114,0.825061,0.197691,0.0154,0.047658,3.953
2026-02-25 07:00:00,3.55143,0.986507,0.326337,3.22509,0.240809,0.064724,0.071974,13.732
2026-02-25 08:00:00,4.86301,1.06458,0.501212,4.3618,0.259342,0.094523,0.099268,18.382
2026-02-25 09:00:00,3.47506,0.991742,0.265213,3.20985,0.253909,0.065779,0.090168,15.546
2026-02-25 10:00:00,3.55548,0.896491,0.472179,3.0833,0.255745,0.074703,0.097102,20.803
2026-02-25 11:00:00,3.48676,0.715086,0.500662,2.9861,0.286877,0.100721,0.105822,25.599
2026-02-25 12:00:00,3.92331,0.728428,0.45774,3.46557,0.308363,0.07935,0.09348,19.74
2026-02-25 13:00:00,3.97545,0.82753,0.431515,3.54394,0.273158,0.079141,0.096626,21.392
2026-02-25 14:00:00,6.01146,1.39154,0.61067,5.40079,0.249574,0.134722,0.104512,23.195
2026-02-25 15:00:00,4.57426,1.14014,0.542538,4.03172,0.287845,0.087423,0.09102,21.942
2026-02-25 16:00:00,5.85755,1.32165,0.911016,4.94653,0.287593,0.112493,0.100726,29.625
2026-02-25 17:00:00,6.03392,1.23646,0.631515,5.4024,0.289367,0.131457,0.118764,29.952
2026-02-25 18:00:00,9.94334,1.87116,0.828912,9.11443,0.306261,0.163056,0.122035,35.722
2026-02-25 19:00:00,4.49246,0.926281,0.541221,3.95124,0.298462,0.093476,0.102351,26.547
2026-02-25 20:00:00,3.82872,0.900875,0.376005,3.45271,0.258402,0.099478,0.105014,26.536
2026-02-25 21:00:00,2.53722,0.697038,0.357943,2.17928,0.253302,0.064209,0.081095,15.631
2026-02-25 22:00:00,2.75473,0.917631,0.236312,2.51842,0.230544,0.06077,0.065985,13.922
2026-02-25 23:00:00,1.73545,0.783146,0.12122,1.61423,0.190619,0.064027,0.068714,8.961
2026-02-26 00:00:00,3.11477,1.53437,0.13548,2.9793,0.174301,0.080595,0.059682,9.134
2026-02-26 01:00:00,1.49363,0.928876,0.079085,1.41455,0.140045,0.034496,0.045487,5.059
2026-02-26 02:00:00,0.805573,0.470544,0.03307,0.772503,0.112129,0.017978,0.040052,2.649
2026-02-26 03:00:00,0.139037,0.074831,0.01599,0.123047,0.101004,0.010528,0.034883,1.376
2026-02-26 04:00:00,0.115026,0.054671,0.010914,0.104112,0.124107,0.0033,0.033799,1.055
2026-02-26 05:00:00,0.471896,0.247584,0.01987,0.452026,0.149411,0.009444,0.036699,2.096
2026-02-26 06:00:00,0.599865,0.287292,0.044427,0.555438,0.175335,0.011689,0.045664,3.342
2026-02-26 07:00:00,2.63345,0.764205,0.196848,2.4366,0.254772,0.048828,0.070923,12.484
2026-02-26 08:00:00,4.80531,1.15791,0.301336,4.50397,0.255356,0.083325,0.087228,18.348
2026-02-26 09:00:00,2.97274,0.834103,0.306602,2.66614,0.277919,0.054592,0.085333,16.304
2026-02-26 10:00:00,3.96409,1.2093,0.571541,3.39255,0.251896,0.07412,0.09325,20.396
2026-02-26 11:00:00,4.2715,0.95261,0.448551,3.82295,0.285138,0.085854,0.101796,21.98
2026-02-26 12:00:00,5.43143,1.07809,0.595853,4.83558,0.310294,0.100801,0.100299,25.377
2026-02-26 13:00:00,4.47899,1.25814,0.596298,3.8827,0.275447,0.084345,0.091392,20.728
2026-02-26 14:00:00,4.78436,1.30577,0.948469,3.83589,0.340285,0.085651,0.096261,22.788
2026-02-26 15:00:00,3.32641,0.869877,0.389753,2.93666,0.256368,0.069203,0.092837,18.095
2026-02-26 16:00:00,5.58828,1.20281,0.68159,4.90669,0.267291,0.110574,0.09866,24.687
2026-02-26 17:00:00,6.5629,1.20908,1.03976,5.52314,0.315555,0.127293,0.112521,29.762
2026-02-26 18:00:00,7.71898,1.48728,0.841218,6.87776,0.312022,0.159354,0.1166,40.533
2026-02-26 19:00:00,3.92178,0.851081,0.401191,3.52059,0.28188,0.094575,0.093675,21.782
2026-02-26 20:00:00,2.94534,0.756768,0.41654,2.5288,0.257435,0.075538,0.085111,17.944
2026-02-26 21:00:00,2.83748,0.794366,0.574514,2.26296,0.309444,0.071348,0.086708,19.872
2026-02-26 22:00:00,3.89492,1.19038,0.418495,3.47643,0.247204,0.101253,0.088569,17.462
2026-02-26 23:00:00,4.08741,1.47774,0.399687,3.68773,0.25432,0.107949,0.082088,14.483
2026-02-27 00:00:00,2.2813,0.933429,0.167484,2.11382,0.216525,0.057536,0.066097,9.178
2026-02-27 01:00:00,0.788677,0.37449,0.04894,0.739737,0.156436,0.022628,0.04955,4.664
2026-02-27 02:00:00,0.839643,0.463379,0.038953,0.80069,0.137133,0.025852,0.043005,4.208
2026-02-27 03:00:00,0.395604,0.194496,0.12122,0.274384,0.139819,0.012792,0.042423,2.646
2026-02-27 04:00:00,0.562671,0.287664,0.022183,0.540488,0.129543,0.014307,0.041129,1.896
2026-02-27 05:00:00,0.784613,0.562043,0.368166,0.416447,0.20851,0.013903,0.038827,2.83
2026-02-27 06:00:00,1.70827,0.805788,0.341443,1.36683,0.219591,0.028813,0.053156,5.418
2026-02-27 07:00:00,4.15039,1.04386,0.615271,3.53512,0.246991,0.073757,0.076761,16.443
2026-02-27 08:00:00,5.09869,1.12454,0.412014,4.68667,0.265391,0.091332,0.093465,20.049
2026-02-27 09:00:00,2.8202,0.760983,0.261636,2.55857,0.261996,0.063879,0.090071,18.919
2026-02-27 10:00:00,3.2426,0.829734,0.454022,2.78858,0.274481,0.064958,0.091623,18.06
2026-02-27 11:00:00,4.12621,0.956027,0.40945,3.71676,0.314758,0.085331,0.103526,23.338
2026-02-27 12:00:00,4.87767,1.00281,0.517598,4.36007,0.310064,0.09249,0.099691,25.37
2026-02-27 13:00:00,4.64412,1.01223,0.593029,4.05109,0.279511,0.096813,0.093512,25.361
2026-02-27 14:00:00,4.64187,1.18234,0.80498,3.83689,0.275344,0.094819,0.098822,26.456
2026-02-27 15:00:00,4.74501,1.2533,0.44662,4.29839,0.267484,0.104929,0.101058,27.959
2026-02-27 16:00:00,3.9183,0.964148,0.428257,3.49004,0.257282,0.093311,0.095382,25.509
2026-02-27 17:00:00,6.44454,1.31093,0.793598,5.65095,0.264393,0.136359,0.114472,29.07
2026-02-27 18:00:00,8.97202,1.60674,1.18183,7.79019,0.296237,0.187382,0.1226,45.46
2026-02-27 19:00:00,6.45015,1.27172,1.34901,5.10114,0.318678,0.127401,0.10553,33.292
2026-02-27 20:00:00,5.42976,1.09692,0.81933,4.61043,0.294256,0.125264,0.098771,23.088
2026-02-27 21:00:00,2.02234,0.666558,0.229463,1.79287,0.259138,0.098343,0.092901,20.892
2026-02-27 22:00:00,4.20094,1.20509,0.439773,3.76117,0.232,0.109813,0.091937,20.051
2026-02-27 23:00:00,3.71514,1.36086,0.436918,3.27822,0.221972,0.079402,0.089724,16.85
2026-02-28 00:00:00,3.31199,1.37655,0.175902,3.13609,0.191229,0.063808,0.070754,9.71
2026-02-28 01:00:00,3.04189,1.40438,0.119569,2.92232,0.166779,0.056796,0.062395,6.471
2026-02-28 02:00:00,1.1919,0.603187,0.060507,1.13139,0.121399,0.028363,0.049877,3.591
2026-02-28 03:00:00,0.378487,0.175713,0.029551,0.348936,0.116989,0.009751,0.038821,1.783
2026-02-28 04:00:00,1.43171,0.645497,0.027425,1.40429,0.120043,0.02413,0.038674,1.538
2026-02-28 05:00:00,0.737884,0.376088,0.101345,0.636539,0.13866,0.012397,0.040299,3.313
2026-02-28 06:00:00,1.07181,0.442896,0.269272,0.802536,0.185974,0.017757,0.04747,5.386
2026-02-28 07:00:00,5.8704,1.75761,0.330336,5.54007,0.220911,0.077042,0.07626,15.266
2026-02-28 08:00:00,5.71786,1.19871,0.4264,5.29146,0.254372,0.092657,0.091135,20.425
2026-02-28 09:00:00,3.8837,0.992766,0.452991,3.43071,0.253886,0.07489,0.088727,21.549
2026-02-28 10:00:00,3.87167,1.03576,0.429434,3.44224,0.270399,0.075195,0.094295,20.604
2026-02-28 11:00:00,4.02928,0.927979,0.554448,3.47484,0.285882,0.088317,0.095922,21.365
2026-02-28 12:00:00,6.09673,1.46275,0.572083,5.52465,0.28529,0.134757,0.112395,21.109
2026-02-28 13:00:00,5.10428,1.37508,0.584951,4.51933,0.2714,0.091003,0.091339,23.954
2026-02-28 14:00:00,4.73683,1.31343,0.539074,4.19775,0.262409,0.090149,0.089126,22.2352
2026-02-28 15:00:00,4.36937,1.25179,0.493196,3.87618,0.253419,0.089294,0.086914,20.5164
2026-02-28 16:00:00,4.00192,1.19015,0.447319,3.5546,0.244428,0.088439,0.084701,18.7975
2026-02-28 17:00:00,,,,,,,,
2026-02-28 18:00:00,,,,,,,,
2026-02-28 19:00:00,,,,,,,,
2026-02-28 20:00:00,,,,,,,,
2026-02-28 21:00:00,,,,,,,,
2026-02-28 22:00:00,,,,,,,,
2026-02-28 23:00:00,,,,,,,,
2026-03-01 00:00:00,1.0623,0.697,0.0803,0.982,0.1725,0.0816,0.067,5.047
2026-03-01 01:00:00,0.7791,0.7227,0.0504,0.7287,0.1185,0.0288,0.0399,3.247
2026-03-01 02:00:00,0.3166,0.3733,0.0208,0.2958,0.0742,0.012,0.032,2.204
2026-03-01 03:00:00,0.3661,0.3428,0.0201,0.346,0.08,0.0086,0.0313,1.487
2026-03-01 04:00:00,0.0654,0.0505,0.005,0.0604,0.059,0.0037,0.0244,0.583
2026-03-01 05:00:00,0.3926,0.4401,0.0165,0.3761,0.0616,0.0051,0.0253,0.983
2026-03-01 06:00:00,0.2674,0.2384,0.0801,0.1873,0.0898,0.0084,0.0307,1.511
2026-03-01 07:00:00,0.606,0.4073,0.04,0.566,0.1438,0.0146,0.0424,4.557
2026-03-01 08:00:00,1.2833,0.6548,0.1061,1.1772,0.1976,0.0257,0.0541,9.728
2026-03-01 09:00:00,1.8925,0.7125,0.253,1.6395,0.2263,0.0403,0.0635,11.29
2026-03-01 10:00:00,2.2878,0.7114,0.2273,2.0606,0.2471,0.0447,0.0685,11.51
2026-03-01 11:00:00,3.4803,1.0572,0.1999,3.2804,0.2632,0.058,0.073,13.634
2026-03-01 12:00:00,2.8446,1.0066,0.2886,2.5559,0.2806,0.0517,0.0703,13.23
2026-03-01 13:00:00,3.0655,0.9392,0.2354,2.8301,0.2348,0.0579,0.0678,12.587
2026-03-01 14:00:00,2.822,0.8672,0.271,2.551,0.2543,0.0528,0.0681,13.263
2026-03-01 15:00:00,2.7732,0.818,0.2282,2.545,0.2352,0.0606,0.0703,15.799
2026-03-01 16:00:00,3.0434,0.8234,0.3962,2.6473,0.2741,0.0626,0.0737,16.817
2026-03-01 17:00:00,4.88267,1.01765,0.706799,4.17587,0.301883,0.102799,0.095373,24.68
2026-03-01 18:00:00,5.81249,1.13084,0.494085,5.31841,0.273547,0.118961,0.094386,26.049
2026-03-01 19:00:00,3.91714,0.823274,0.46156,3.45558,0.271356,0.087563,0.088899,25.653
2026-03-01 20:00:00,3.12587,0.8635,0.3976,2.72827,0.265726,0.074313,0.080609,19.87
2026-03-01 21:00:00,2.96278,1.00638,0.328194,2.63459,0.229805,0.097753,0.08551,17.432
2026-03-01 22:00:00,2.77659,1.0345,0.216736,2.55985,0.230109,0.080972,0.074561,14.866
2026-03-01 23:00:00,3.15611,1.33507,0.286173,2.86993,0.233923,0.118549,0.078135,12.51
2026-03-02 00:00:00,2.55598,1.19887,0.130237,2.42575,0.194519,0.071084,0.059138,9.15
2026-03-02 01:00:00,1.5655,0.741241,0.060255,1.50525,0.13382,0.037713,0.047356,3.498
2026-03-02 02:00:00,0.569154,0.287451,0.043425,0.525729,0.145491,0.022464,0.041299,2.916
2026-03-02 03:00:00,0.862029,0.388652,0.03024,0.831789,0.152909,0.030941,0.046254,2.414
2026-03-02 04:00:00,0.30356,0.133727,0.021935,0.281625,0.166344,0.014286,0.042289,1.979
2026-03-02 05:00:00,0.347647,0.145703,0.037604,0.310043,0.148504,0.009181,0.037876,2.151
2026-03-02 06:00:00,1.05086,0.361867,0.064412,0.98645,0.17632,0.018744,0.047316,4.404
2026-03-02 07:00:00,2.49222,0.612941,0.265068,2.22715,0.255901,0.052207,0.072291,12.589
2026-03-02 08:00:00,4.66668,0.946588,0.470152,4.19653,0.259437,0.09515,0.095431,22.58
2026-03-02 09:00:00,1.94484,0.587564,0.209533,1.73531,0.263006,0.041372,0.078264,12.175
2026-03-02 10:00:00,2.80632,0.892028,0.32523,2.48109,0.278905,0.052327,0.085643,14.767
2026-03-02 11:00:00,3.74403,0.900009,0.323924,3.42011,0.272029,0.084635,0.10017,21.048
2026-03-02 12:00:00,4.2965,0.884782,0.584108,3.71239,0.297249,0.09036,0.097648,24.122
2026-03-02 13:00:00,3.34605,0.784354,0.47797,2.86808,0.298287,0.068288,0.091923,21.396
2026-03-02 14:00:00,2.62937,0.725142,0.258527,2.37084,0.258993,0.066116,0.089234,17.177
2026-03-02 15:00:00,4.37504,1.21125,0.566974,3.80806,0.26212,0.07542,0.092559,20.106
2026-03-02 16:00:00,2.95922,0.824754,0.334661,2.62456,0.262272,0.064626,0.0896,17.747
2026-03-02 17:00:00,6.48449,1.44356,0.778767,5.70573,0.280721,0.124862,0.110316,33.495
2026-03-02 18:00:00,8.01382,1.43978,0.945185,7.06863,0.333467,0.153579,0.122885,42.203
2026-03-02 19:00:00,5.19582,0.967924,0.912141,4.28368,0.312132,0.098103,0.093126,27.685
2026-03-02 20:00:00,3.57425,0.862512,0.412645,3.16161,0.243327,0.077475,0.088241,22.641
2026-03-02 21:00:00,5.40416,1.54758,0.642992,4.76117,0.272005,0.113818,0.093461,22.365
2026-03-02 22:00:00,4.44267,1.46333,0.77897,3.6637,0.221343,0.106004,0.095057,22.568
2026-03-02 23:00:00,3.38991,1.21328,0.222181,3.16773,0.209084,0.095681,0.077951,13.042
2026-03-03 00:00:00,1.99718,0.939408,0.234275,1.76291,0.207737,0.114414,0.080081,8.735
2026-03-03 01:00:00,1.53513,1.26037,0.049564,1.48557,0.175454,0.084157,0.067434,5.295
2026-03-03 02:00:00,0.795832,0.50242,0.037737,0.758095,0.156769,0.060447,0.069158,2.786
2026-03-03 03:00:00,0.262528,0.135044,0.021515,0.241013,0.153811,0.025021,0.050338,2.366
2026-03-03 04:00:00,0.210792,0.09402,0.019922,0.19087,0.169111,0.007417,0.042821,1.466
2026-03-03 05:00:00,0.248731,0.145457,0.018187,0.230544,0.143903,0.006686,0.047754,1.568
2026-03-03 06:00:00,1.19738,0.579006,0.255512,0.941871,0.204527,0.020175,0.055143,4.99
2026-03-03 07:00:00,3.01561,0.918832,0.196318,2.81929,0.244151,0.055236,0.070337,12.83
2026-03-03 08:00:00,3.35476,0.785291,0.28475,3.07001,0.26775,0.091305,0.090738,19.513
2026-03-03 09:00:00,2.30936,0.638297,0.2318,2.07756,0.280271,0.054833,0.091974,16.685
2026-03-03 10:00:00,4.92304,1.39384,0.472035,4.45101,0.290345,0.074035,0.090895,19.001
2026-03-03 11:00:00,3.95196,0.99146,0.41698,3.53498,0.288182,0.082366,0.098023,21.478
2026-03-03 12:00:00,4.51721,1.11812,0.395196,4.12201,0.272658,0.097242,0.098531,25.714
2026-03-03 13:00:00,4.45861,0.884996,0.374085,4.08453,0.271829,0.087549,0.088194,22.913
2026-03-03 14:00:00,1.91187,0.655647,0.223056,1.68881,0.261936,0.059196,0.083853,16.712
2026-03-03 15:00:00,5.16308,1.38792,0.323834,4.83924,0.262959,0.091048,0.09314,20.251
2026-03-03 16:00:00,4.44366,1.01919,0.464986,3.97868,0.294071,0.10155,0.099222,19.508
2026-03-03 17:00:00,8.66457,1.6844,1.20647,7.4581,0.348348,0.135344,0.114023,33.792
2026-03-03 18:00:00,7.99969,1.55696,1.17866,6.82103,0.325408,0.141056,0.113837,35.401
2026-03-03 19:00:00,4.45189,0.900463,0.531042,3.92085,0.300838,0.098124,0.093116,22.852
2026-03-03 20:00:00,5.38983,1.31203,0.705184,4.68465,0.272798,0.110211,0.092664,26.143
2026-03-03 21:00:00,2.54506,0.707355,0.292172,2.25289,0.25577,0.064983,0.076776,16.046
2026-03-03 22:00:00,2.90581,0.97445,0.243452,2.66236,0.242656,0.09533,0.07556,14.447
2026-03-03 23:00:00,3.53581,1.47202,0.49557,3.04024,0.213232,0.13459,0.082895,11.735
2026-03-04 00:00:00,1.773,0.840283,0.106361,1.66664,0.205512,0.055037,0.068166,8.348
2026-03-04 01:00:00,3.34575,1.91186,0.099665,3.24609,0.156593,0.047205,0.055561,4.638
2026-03-04 02:00:00,2.6508,1.63026,0.425057,2.22574,0.156374,0.050734,0.063144,4.826
2026-03-04 03:00:00,0.6422,0.434506,0.023908,0.618292,0.110778,0.014341,0.040589,1.728
2026-03-04 04:00:00,0.083964,0.05348,0.009354,0.07461,0.093011,0.009664,0.030296,0.889
2026-03-04 05:00:00,0.245565,0.216548,0.015572,0.229993,0.099135,0.009088,0.032489,1.517
2026-03-04 06:00:00,0.957273,0.528296,0.063715,0.893558,0.160759,0.020444,0.047247,4.542
2026-03-04 07:00:00,3.70276,1.04539,0.340569,3.36219,0.251489,0.063432,0.078097,16.718
2026-03-04 08:00:00,4.0787,0.982346,0.431281,3.64742,0.254144,0.07996,0.094197,21.931
2026-03-04 09:00:00,2.12189,0.737279,0.266037,1.85585,0.292825,0.04825,0.07944,13.073
2026-03-04 10:00:00,2.24163,0.745223,0.235487,2.00615,0.265183,0.043119,0.083765,14.991
2026-03-04 11:00:00,4.08779,1.08834,0.432112,3.65568,0.29647,0.079382,0.095122,21.463
2026-03-04 12:00:00,4.60613,0.983795,0.358626,4.2475,0.27727,0.094175,0.092221,22.685
2026-03-04 13:00:00,3.63193,0.971105,0.375698,3.25624,0.260139,0.081486,0.093734,21.612
2026-03-04 14:00:00,6.17524,1.55469,1.09731,5.07793,0.291473,0.099137,0.097787,23.815
2026-03-04 15:00:00,5.74276,1.3932,1.02205,4.72071,0.316471,0.11932,0.099898,22.113
2026-03-04 16:00:00,3.2524,0.759199,0.470082,2.78232,0.291739,0.070583,0.092375,19.139
2026-03-04 17:00:00,6.54169,1.28319,0.575556,5.96614,0.286839,0.138677,0.113219,35.085
2026-03-04 18:00:00,4.67838,0.922758,0.564033,4.11435,0.306454,0.102038,0.106571,30.47
2026-03-04 19:00:00,3.95501,0.855692,0.449556,3.50545,0.289931,0.08247,0.091588,23.323
2026-03-04 20:00:00,4.10374,0.947308,0.530892,3.57284,0.286053,0.093222,0.089766,22.489
2026-03-04 21:00:00,3.66255,0.959787,0.757653,2.90489,0.277862,0.095538,0.086041,20.348
2026-03-04 22:00:00,3.62975,1.16338,0.415548,3.2142,0.222025,0.101763,0.085314,17.251
2026-03-04 23:00:00,2.22095,0.865531,0.168192,2.05276,0.22135,0.08477,0.072086,9.315
2026-03-05 00:00:00,3.08078,1.24125,0.17062,2.91016,0.214434,0.091925,0.086653,11.146
2026-03-05 01:00:00,1.36552,0.747,0.084057,1.28146,0.18868,0.040722,0.058938,4.806
2026-03-05 02:00:00,0.390713,0.229022,0.030197,0.360516,0.179326,0.036536,0.057615,2.281
2026-03-05 03:00:00,0.420648,0.254939,0.038966,0.381682,0.135107,0.018123,0.039792,2.941
2026-03-05 04:00:00,0.447848,0.226874,0.02228,0.425568,0.140724,0.014564,0.038236,2.011
2026-03-05 05:00:00,0.590616,0.361897,0.062022,0.528594,0.14678,0.014627,0.040682,2.337
2026-03-05 06:00:00,1.17531,0.488084,0.097485,1.07782,0.191452,0.01795,0.048343,4.169
2026-03-05 07:00:00,3.53428,0.956761,0.479718,3.05456,0.238414,0.066645,0.077224,15.824
2026-03-05 08:00:00,4.64051,0.986504,0.559142,4.08137,0.273501,0.078338,0.089633,20.603
2026-03-05 09:00:00,2.97344,0.847618,0.424778,2.54867,0.248794,0.055638,0.084867,17.239
2026-03-05 10:00:00,2.34835,0.716835,0.228101,2.12025,0.252479,0.056186,0.082871,14.815
2026-03-05 11:00:00,3.43453,0.878845,0.32952,3.10501,0.284121,0.070044,0.09743,20.76
2026-03-05 12:00:00,4.16456,1.0448,0.546152,3.61841,0.295233,0.084926,0.098049,24.825
2026-03-05 13:00:00,5.52643,1.52664,0.992866,4.53357,0.291444,0.135664,0.116072,23.219
2026-03-05 14:00:00,4.04443,1.20585,0.348907,3.69552,0.256102,0.095172,0.095081,21.212
2026-03-05 15:00:00,4.03024,1.14301,0.469523,3.56071,0.27056,0.103738,0.095729,21.095
2026-03-05 16:00:00,3.01151,0.817901,0.459681,2.55183,0.27103,0.087574,0.102373,21.527
2026-03-05 17:00:00,7.14472,1.60917,0.734065,6.41066,0.283006,0.146843,0.113239,35.123
2026-03-05 18:00:00,7.43539,1.5733,1.00556,6.42983,0.377725,0.162478,0.118381,40.581
2026-03-05 19:00:00,4.41225,0.99375,0.521725,3.89052,0.296053,0.11148,0.101152,28.989
2026-03-05 20:00:00,4.48502,1.21151,0.559931,3.92509,0.258061,0.109659,0.097324,30.057
2026-03-05 21:00:00,5.0121,1.54029,0.472511,4.53959,0.252821,0.10671,0.088934,23.927
2026-03-05 22:00:00,3.96227,1.46534,0.337607,3.62466,0.22629,0.110541,0.081672,17.184
2026-03-05 23:00:00,3.16313,1.36224,0.247708,2.91542,0.207999,0.087282,0.083578,11.721
2026-03-06 00:00:00,1.87879,0.834278,0.152062,1.72673,0.193755,0.092288,0.085197,7.796
2026-03-06 01:00:00,1.57918,0.966448,0.161118,1.41806,0.164464,0.077745,0.070032,7.362
2026-03-06 02:00:00,0.445614,0.346512,0.030894,0.41472,0.118104,0.027883,0.044799,2.698
2026-03-06 03:00:00,0.675815,0.39614,0.028263,0.647552,0.141833,0.023343,0.043493,2.034
2026-03-06 04:00:00,0.356683,0.175532,0.027725,0.328958,0.178512,0.020803,0.057955,2.314
2026-03-06 05:00:00,0.786102,0.454921,0.27954,0.506562,0.201648,0.024267,0.066323,4.057
2026-03-06 06:00:00,1.47239,0.638505,0.503835,0.968556,0.260092,0.030318,0.060873,5.669
2026-03-06 07:00:00,3.93169,0.987862,0.218576,3.71311,0.248059,0.07362,0.07805,15.75
2026-03-06 08:00:00,4.12553,0.980402,0.348817,3.77671,0.23581,0.077684,0.089899,20.693
2026-03-06 09:00:00,3.91248,1.31822,0.513947,3.39853,0.275139,0.073145,0.093001,18.462
2026-03-06 10:00:00,3.61024,1.03505,0.374392,3.23585,0.277792,0.06581,0.089033,17.223
2026-03-06 11:00:00,4.32422,0.978331,0.543738,3.78048,0.305235,0.082146,0.096339,23.61
2026-03-06 12:00:00,4.2576,1.02101,0.399261,3.85834,0.303538,0.088481,0.101287,23.43
2026-03-06 13:00:00,2.90108,0.703462,0.348649,2.55243,0.269257,0.060038,0.08681,18.426
2026-03-06 14:00:00,4.6419,1.1823,0.805,3.8369,0.2753,0.0948,0.0988,26.456
2026-03-06 15:00:00,4.09856,1.17303,0.33361,3.76495,0.256755,0.086104,0.092792,16.162
2026-03-06 16:00:00,5.01224,1.16347,0.605442,4.40679,0.276372,0.101176,0.096893,25.627
2026-03-06 17:00:00,7.95646,1.58432,1.05098,6.90549,0.33562,0.148845,0.112932,32.173
2026-03-06 18:00:00,8.03783,1.51087,0.88793,7.1499,0.314785,0.168058,0.120094,40.526
2026-03-06 19:00:00,4.61543,0.912501,0.468631,4.1468,0.293695,0.106363,0.107344,28.39
2026-03-06 20:00:00,3.53469,0.784789,0.408552,3.12614,0.278219,0.103417,0.094763,23.063
2026-03-06 21:00:00,4.10378,0.944701,0.68062,3.42316,0.251718,0.112942,0.092873,27.722
2026-03-06 22:00:00,3.88304,0.981557,0.422425,3.46062,0.253919,0.107586,0.084282,24.421
2026-03-06 23:00:00,3.89773,1.22263,0.993679,2.90405,0.280822,0.094867,0.07892,21.002
2026-03-07 00:00:00,3.71774,1.45794,0.264087,3.45365,0.206746,0.081121,0.067297,14.796
2026-03-07 01:00:00,4.56275,2.09685,0.232398,4.33035,0.196929,0.108901,0.075177,17.329
2026-03-07 02:00:00,1.75224,0.92908,0.116031,1.63621,0.167722,0.070844,0.056589,7.405
2026-03-07 03:00:00,0.563945,0.259404,0.042021,0.521924,0.187276,0.033337,0.063287,3.734
2026-03-07 04:00:00,0.972784,0.404989,0.060171,0.912613,0.186776,0.042547,0.071198,5.157
2026-03-07 05:00:00,0.553298,0.30136,0.154533,0.398765,0.179468,0.021561,0.053834,2.448
2026-03-07 06:00:00,2.37131,1.02212,0.141725,2.22958,0.200071,0.049653,0.064441,7.515
2026-03-07 07:00:00,1.85113,0.647249,0.272208,1.57892,0.238239,0.036969,0.059867,7.745
2026-03-07 08:00:00,3.11855,0.863385,0.213036,2.90551,0.254405,0.068019,0.076041,12.876
2026-03-07 09:00:00,3.69954,0.907639,0.354393,3.34514,0.265528,0.080716,0.088652,19.605
2026-03-07 10:00:00,6.4996,1.49554,0.568227,5.93138,0.289358,0.136347,0.097668,23.819
2026-03-07 11:00:00,4.96002,0.930934,0.684663,4.27535,0.315716,0.101545,0.097012,26.429
2026-03-07 12:00:00,6.20148,1.23143,1.06041,5.14107,0.323626,0.128783,0.101606,30.126
2026-03-07 13:00:00,6.10271,1.2864,0.816871,5.28584,0.304819,0.124199,0.101833,27.7485
2026-03-07 14:00:00,6.00394,1.34136,0.573331,5.43061,0.286013,0.119615,0.10206,25.371
2026-03-07 15:00:00,4.91492,1.06986,0.468779,4.44614,0.283596,0.109194,0.097324,26.064
2026-03-07 16:00:00,5.53646,1.08686,0.605724,4.93074,0.280554,0.112412,0.097045,27.219
2026-03-07 17:00:00,6.77068,1.26839,0.691261,6.07942,0.306232,0.139103,0.101656,30.76
2026-03-07 18:00:00,8.75225,1.77458,0.772787,7.97946,0.313772,0.15311,0.104652,36.1
2026-03-07 19:00:00,4.48941,0.863348,0.500877,3.98853,0.271092,0.0938,0.093296,28.065
2026-03-07 20:00:00,4.31347,0.819739,0.510709,3.80276,0.280066,0.102245,0.091757,24.317
2026-03-07 21:00:00,3.61981,0.745736,0.544851,3.07496,0.297014,0.089258,0.087874,21.583
2026-03-07 22:00:00,3.54156,1.0745,0.731676,2.80989,0.270503,0.113168,0.090521,17.434
2026-03-07 23:00:00,4.25341,1.5278,0.312737,3.94067,0.237929,0.09643,0.079308,16.192
2026-03-08 00:00:00,2.84577,1.31262,0.310219,2.53555,0.208051,0.164824,0.083095,9.563
2026-03-08 01:00:00,1.95114,0.959262,0.420812,1.53032,0.18122,0.029388,0.048851,6.165
2026-03-08 02:00:00,0.433927,0.236601,0.024432,0.409495,0.17318,0.031215,0.049513,2.573
2026-03-08 03:00:00,0.124545,0.065551,0.013936,0.110609,0.163945,0.015725,0.039713,2.19
2026-03-08 04:00:00,0.163525,0.076701,0.023087,0.140438,0.184043,0.032817,0.042381,1.967
2026-03-08 05:00:00,0.164132,0.081495,0.014188,0.149944,0.126394,0.010072,0.036753,1.593
2026-03-08 06:00:00,1.13191,0.457891,0.054113,1.07779,0.193721,0.019803,0.049092,4.301
2026-03-08 07:00:00,2.95426,0.982787,0.145099,2.80916,0.239586,0.059217,0.069038,10.261
2026-03-08 08:00:00,3.73555,0.987717,0.295693,3.43985,0.255113,0.06536,0.075854,16.025
2026-03-08 09:00:00,3.74294,0.916039,0.303147,3.43979,0.23676,0.080089,0.087888,19.049
2026-03-08 10:00:00,4.68603,1.07379,0.491681,4.19435,0.273322,0.093159,0.09587,23.174
2026-03-08 11:00:00,3.44841,0.682583,0.456313,2.9921,0.297258,0.07653,0.094263,25.627
2026-03-08 12:00:00,4.2145,0.860804,0.443282,3.77121,0.298039,0.098102,0.094186,22.697
2026-03-08 13:00:00,4.11215,1.00198,0.391375,3.72077,0.259801,0.115086,0.10031,21.95
2026-03-08 14:00:00,5.34025,1.4402,0.376671,4.96358,0.230635,0.119647,0.103739,25.913
2026-03-08 15:00:00,8.41322,2.06611,0.815022,7.5982,0.297805,0.149453,0.110971,35.103
2026-03-08 16:00:00,8.25867,1.70352,1.06014,7.19853,0.320765,0.151824,0.103534,30.864
2026-03-08 17:00:00,4.16942,0.85125,0.489261,3.68016,0.300391,0.089146,0.093552,24.507
2026-03-08 18:00:00,5.92446,1.2913,0.755978,5.16848,0.337341,0.11763,0.098917,26.381
2026-03-08 19:00:00,4.95114,1.05929,0.523223,4.42792,0.298933,0.104337,0.094424,27.082
2026-03-08 20:00:00,4.0826,1.05059,0.539559,3.54305,0.287265,0.096136,0.086269,22.47
2026-03-08 21:00:00,4.86034,1.32941,0.542079,4.31826,0.266323,0.1043,0.081716,23.322
2026-03-08 22:00:00,3.17028,0.925359,0.373627,2.79665,0.262439,0.102773,0.083426,20.471
2026-03-08 23:00:00,3.57901,1.27639,0.2309,3.34811,0.217863,0.099837,0.074448,17.323
2026-03-09 00:00:00,4.46719,1.77129,0.215444,4.25174,0.188642,0.089446,0.07113,13.974
2026-03-09 01:00:00,2.77326,1.23037,0.148883,2.62438,0.193893,0.051827,0.063639,13.148
2026-03-09 02:00:00,0.903726,0.413416,0.057212,0.846514,0.185891,0.024597,0.054082,8.933
2026-03-09 03:00:00,0.778684,0.309739,0.045993,0.732691,0.18795,0.026028,0.047568,4.925
2026-03-09 04:00:00,0.696,0.2784,0.030869,0.665131,0.195225,0.031755,0.04534,3.233
2026-03-09 05:00:00,0.59609,0.249202,0.038433,0.557657,0.201603,0.015658,0.045084,3.417
2026-03-09 06:00:00,0.847204,0.286799,0.07371,0.773494,0.227148,0.023774,0.061251,5.662
2026-03-09 07:00:00,4.02213,0.990185,0.249415,3.77271,0.259767,0.066337,0.081237,15.917
2026-03-09 08:00:00,5.14299,1.09612,0.946345,4.19665,0.304467,0.09011,0.095835,22.443
2026-03-09 09:00:00,3.55145,0.890982,0.551538,2.99992,0.292125,0.069784,0.091384,22.587
2026-03-09 10:00:00,3.85143,1.01567,0.320474,3.53096,0.263277,0.075184,0.089242,19.35
2026-03-09 11:00:00,2.6921,0.603339,0.420869,2.27123,0.300459,0.063212,0.093929,19.504
2026-03-09 12:00:00,6.50875,1.43681,0.565605,5.94315,0.303883,0.127445,0.113059,26.355
2026-03-09 13:00:00,4.4999,0.95055,0.458028,4.04188,0.277476,0.097705,0.097308,20.474
2026-03-09 14:00:00,5.72202,1.26762,0.92139,4.80063,0.294783,0.113684,0.102796,24.956
2026-03-09 15:00:00,3.4262,0.790175,0.347963,3.07823,0.279582,0.077648,0.088512,17.57
2026-03-09 16:00:00,3.21545,0.755154,0.418051,2.7974,0.323352,0.083471,0.096843,21.061
2026-03-09 17:00:00,6.11925,1.26431,0.519549,5.5997,0.305816,0.128704,0.116678,28.732
2026-03-09 18:00:00,6.79688,1.2912,0.815707,5.98117,0.307882,0.145313,0.121987,37.421
2026-03-09 19:00:00,4.67417,0.911499,0.538135,4.13603,0.279213,0.119272,0.104672,28.976
2026-03-09 20:00:00,4.48726,0.873347,0.536579,3.95068,0.29004,0.101181,0.095153,24.195
2026-03-09 21:00:00,6.40252,1.51647,0.715398,5.68712,0.280548,0.15704,0.09784,25.427
2026-03-09 22:00:00,3.81388,0.961644,0.724179,3.0897,0.257425,0.084133,0.077962,20.264
2026-03-09 23:00:00,3.5655,1.13407,0.397752,3.16775,0.244559,0.09703,0.077344,15.313
2026-03-10 00:00:00,3.37051,1.25671,0.163293,3.20721,0.192248,0.066721,0.061905,9.575
2026-03-10 01:00:00,1.27472,0.583661,0.10823,1.16648,0.183874,0.045464,0.052672,6.466
2026-03-10 02:00:00,0.992074,0.569503,0.081128,0.910946,0.170388,0.024061,0.048194,7.955
2026-03-10 03:00:00,0.642066,0.317855,0.060787,0.581279,0.177602,0.024195,0.049294,4.12
2026-03-10 04:00:00,0.925475,0.370783,0.055883,0.869592,0.182101,0.020018,0.046919,4.511
2026-03-10 05:00:00,0.271125,0.109945,0.026697,0.244428,0.146452,0.011066,0.039426,2.31
2026-03-10 06:00:00,0.793098,0.264896,0.103161,0.689937,0.218965,0.018288,0.054852,4.808
2026-03-10 07:00:00,4.594,1.0218,0.48548,4.10852,0.265336,0.077135,0.07928,17.688
2026-03-10 08:00:00,4.67566,1.0025,0.87717,3.79849,0.31051,0.086529,0.095513,23.415
2026-03-10 09:00:00,3.6814,0.944433,0.562889,3.11851,0.265677,0.06895,0.09058,18.728
2026-03-10 10:00:00,4.77705,1.1623,0.651103,4.12595,0.302332,0.084529,0.098818,22.659
2026-03-10 11:00:00,4.3655,0.90458,0.529997,3.8355,0.321171,0.086601,0.104494,24.999
2026-03-10 12:00:00,5.34758,1.14903,0.534148,4.81343,0.271744,0.108057,0.098597,22.854
2026-03-10 13:00:00,4.48914,1.08591,0.618472,3.87067,0.280096,0.099826,0.098621,22.228
2026-03-10 14:00:00,4.10901,1.00416,0.344969,3.76404,0.263053,0.079945,0.097707,19.785
2026-03-10 15:00:00,4.43976,0.99715,0.413059,4.0267,0.268308,0.088421,0.099888,23.1605
2026-03-10 16:00:00,4.77052,0.990145,0.481149,4.28937,0.273562,0.096897,0.102068,26.536
2026-03-10 17:00:00,5.86132,1.10466,0.585851,5.27547,0.297205,0.116518,0.108167,28.741
2026-03-10 18:00:00,7.11325,1.38014,0.886553,6.2267,0.321938,0.141224,0.114236,40.385
2026-03-10 19:00:00,6.24483,1.28919,0.840192,5.40464,0.298629,0.12828,0.105704,31.56
2026-03-10 20:00:00,5.29988,1.09276,0.600269,4.69961,0.260433,0.120953,0.094969,27.538
2026-03-10 21:00:00,3.94792,0.893193,0.613257,3.33466,0.270439,0.084904,0.082815,20.11
2026-03-10 22:00:00,4.71701,1.39639,0.717737,3.99928,0.245709,0.102766,0.091922,24.923
2026-03-10 23:00:00,3.52321,1.32851,0.408721,3.11449,0.224205,0.077006,0.077334,15.634
2026-03-11 00:00:00,4.14788,1.81447,0.290163,3.85772,0.199982,0.087294,0.061588,12.549
2026-03-11 01:00:00,1.43528,0.656579,0.076933,1.35835,0.193035,0.036214,0.050201,5.8
2026-03-11 02:00:00,0.569651,0.267442,0.04946,0.520191,0.164254,0.015095,0.042975,3.741
2026-03-11 03:00:00,0.870916,0.362278,0.048888,0.822028,0.17436,0.027201,0.049655,5.883
2026-03-11 04:00:00,1.39586,0.495688,0.057673,1.33819,0.170694,0.028293,0.04806,3.988
2026-03-11 05:00:00,0.429634,0.178716,0.036407,0.393227,0.164182,0.008219,0.041301,2.341
2026-03-11 06:00:00,1.31611,0.452585,0.100043,1.21607,0.217292,0.027776,0.053308,5.489
2026-03-11 07:00:00,3.59384,0.849607,0.307177,3.28666,0.253607,0.06743,0.080479,14.476
2026-03-11 08:00:00,4.96572,0.99954,0.478827,4.48689,0.276392,0.09115,0.095321,22.943
2026-03-11 09:00:00,3.26932,0.851385,0.472018,2.7973,0.268245,0.073791,0.095424,19.026
2026-03-11 10:00:00,3.51302,1.00833,0.440063,3.07296,0.266475,0.07317,0.09593,20.152
2026-03-11 11:00:00,5.19,1.16629,0.499894,4.6901,0.303877,0.098574,0.098769,21.709
2026-03-11 12:00:00,5.94414,1.37787,0.566481,5.37766,0.296419,0.092458,0.098795,24.06
2026-03-11 13:00:00,3.85354,0.879804,0.504474,3.34907,0.281247,0.112157,0.095334,27.446
2026-03-11 14:00:00,4.2413,1.14568,0.491496,3.7498,0.269576,0.092717,0.094363,25.957
2026-03-11 15:00:00,4.51921,1.13093,0.461067,4.05814,0.268583,0.100492,0.096822,24.794
2026-03-11 16:00:00,4.34699,0.960874,0.500623,3.84637,0.257124,0.090756,0.098112,28.931
2026-03-11 17:00:00,4.55805,1.25635,0.768959,3.78909,0.215341,0.090384,0.084872,23.188
2026-03-11 18:00:00,0.002383,0.038427,0.000353,0.00203,0.003041,0.000924,0.033171,0.063
2026-03-11 19:00:00,4.91195,0.95974,1.02402,3.88792,0.292104,0.088421,0.089587,26.421
2026-03-11 20:00:00,6.9953,1.43641,1.95738,5.03792,0.342191,0.123115,0.0932,29.936
2026-03-11 21:00:00,5.15806,1.08774,0.54251,4.61555,0.293225,0.125197,0.094427,28.409
2026-03-11 22:00:00,4.34747,1.13139,0.46708,3.88039,0.260015,0.107575,0.085191,22.5695
2026-03-11 23:00:00,3.53687,1.17504,0.39165,3.14522,0.226804,0.089953,0.075955,16.73
2026-03-12 00:00:00,1.84259,0.769672,0.143825,1.69877,0.190106,0.06253,0.064497,10.481
2026-03-12 01:00:00,1.54454,0.738306,0.103216,1.44132,0.168819,0.060737,0.057418,5.118
2026-03-12 02:00:00,1.51543,0.759994,0.054009,1.46142,0.155906,0.028684,0.050039,3.526
2026-03-12 03:00:00,1.34037,0.589432,0.054148,1.28622,0.150508,0.025784,0.046495,3.807
2026-03-12 04:00:00,0.378742,0.171687,0.025048,0.353694,0.158214,0.013503,0.048904,2.695
2026-03-12 05:00:00,0.748961,0.367138,0.04448,0.704481,0.173139,0.020323,0.050043,3.622
2026-03-12 06:00:00,1.10732,0.400624,0.081964,1.02536,0.233063,0.021661,0.056512,7.551
2026-03-12 07:00:00,3.52768,0.837927,0.241043,3.28663,0.244978,0.071087,0.081212,18.468
2026-03-12 08:00:00,4.36052,0.828367,0.442983,3.91754,0.263613,0.084855,0.097828,22.587
2026-03-12 09:00:00,2.5448,0.666526,0.388821,2.15598,0.267151,0.059982,0.085295,16.372
2026-03-12 10:00:00,2.47866,0.648523,0.326856,2.1518,0.261369,0.059005,0.088167,14.52
2026-03-12 11:00:00,3.97951,0.914828,0.493104,3.4864,0.294274,0.087802,0.103359,27.033
2026-03-12 12:00:00,4.59309,1.03355,0.440202,4.15289,0.288207,0.111679,0.100349,23.412
2026-03-12 13:00:00,3.89249,1.10897,0.406111,3.48638,0.26119,0.083452,0.090005,21.236
2026-03-12 14:00:00,4.55941,1.12801,0.413178,4.14623,0.261506,0.093404,0.094176,23.121
2026-03-12 15:00:00,4.73627,1.01289,0.477684,4.25859,0.283328,0.097544,0.102338,30.13
2026-03-12 16:00:00,4.76927,1.00153,0.594936,4.17433,0.271217,0.107521,0.100973,30.935
2026-03-12 17:00:00,6.20846,1.19578,0.496943,5.71152,0.273354,0.11605,0.108022,30.716
2026-03-12 18:00:00,7.26052,1.4872,0.813769,6.44675,0.284768,0.152422,0.119506,37.34
2026-03-12 19:00:00,7.13516,1.40955,1.00044,6.13472,0.302542,0.136531,0.116376,34.084
2026-03-12 20:00:00,9.4925,2.08443,2.00478,7.48772,0.336245,0.163409,0.122695,32.599
2026-03-12 21:00:00,5.51946,1.31353,0.693166,4.82629,0.282836,0.121139,0.097302,23
2026-03-12 22:00:00,4.55983,1.13485,0.497531,4.0623,0.248258,0.092402,0.092919,22.196
2026-03-12 23:00:00,3.55964,1.11031,0.259863,3.29978,0.237213,0.113868,0.09741,15.245
2026-03-13 00:00:00,3.89728,1.53316,0.152746,3.74453,0.209845,0.075882,0.070622,6.02
2026-03-13 01:00:00,1.1972,0.525549,0.139815,1.05739,0.193933,0.034064,0.066747,4.802
2026-03-13 02:00:00,1.39658,0.658142,0.111697,1.28488,0.200866,0.05007,0.062537,7.211
2026-03-13 03:00:00,2.39406,0.948517,0.056652,2.33741,0.193052,0.045835,0.056847,6.212
2026-03-13 04:00:00,2.43967,0.891041,0.059833,2.37984,0.182705,0.033186,0.048934,4.744
2026-03-13 05:00:00,0.290453,0.12042,0.028443,0.26201,0.152979,0.010095,0.043493,2.357
2026-03-13 06:00:00,1.17849,0.387916,0.130634,1.04786,0.227818,0.024425,0.057262,7.182
2026-03-13 07:00:00,3.60535,0.895962,0.352221,3.25313,0.25411,0.069734,0.077311,15.879
2026-03-13 08:00:00,5.01132,1.05413,0.525108,4.48621,0.287188,0.09586,0.091987,21.556
2026-03-13 09:00:00,4.4506,1.05715,0.508476,3.94212,0.30581,0.087779,0.093565,19.333
2026-03-13 10:00:00,3.73418,0.825051,0.368277,3.3659,0.282304,0.085571,0.09808,20.33
2026-03-13 11:00:00,4.73471,0.910522,0.838382,3.89633,0.303525,0.102814,0.114715,27.988
2026-03-13 12:00:00,5.30409,1.0838,0.810964,4.49313,0.299147,0.107084,0.101445,25.524
2026-03-13 13:00:00,4.8942,1.1978,0.526873,4.36733,0.266734,0.106717,0.093052,26.084
2026-03-13 14:00:00,3.23918,0.829283,0.735884,2.5033,0.27,0.088119,0.09313,20.813
2026-03-13 15:00:00,3.02611,0.778721,0.310922,2.71518,0.242372,0.090217,0.092127,17.012
2026-03-13 16:00:00,3.90237,0.763672,0.350835,3.55153,0.280642,0.088957,0.098993,20.817
2026-03-13 17:00:00,6.62598,1.16409,0.915178,5.71081,0.337884,0.131595,0.114904,39.443
2026-03-13 18:00:00,6.05639,1.08654,0.775913,5.28047,0.324588,0.153932,0.114131,38.386
2026-03-13 19:00:00,7.41899,1.46504,0.871516,6.54747,0.314387,0.13706,0.105418,31.634
2026-03-13 20:00:00,5.34185,1.03967,0.449161,4.89268,0.286618,0.107079,0.091519,28.56
2026-03-13 21:00:00,4.79481,1.07315,0.908599,3.88622,0.289982,0.111404,0.092993,25.502
2026-03-13 22:00:00,5.39056,1.40819,0.540331,4.85023,0.259628,0.114738,0.083191,21.45
2026-03-13 23:00:00,4.63774,1.52557,0.417234,4.22051,0.229098,0.114145,0.087033,21.331
2026-03-14 00:00:00,4.22982,1.65875,0.331756,3.89806,0.228328,0.093238,0.068177,14.06
2026-03-14 01:00:00,4.54825,2.02685,0.19295,4.3553,0.171545,0.072207,0.059334,13.208
2026-03-14 02:00:00,2.97138,1.43823,0.079702,2.89167,0.167264,0.035597,0.047683,5.744
2026-03-14 03:00:00,0.812877,0.331246,0.057365,0.755512,0.181155,0.020004,0.046349,4.54
2026-03-14 04:00:00,1.18812,0.521562,0.066024,1.12209,0.199486,0.024039,0.04627,5.008
2026-03-14 05:00:00,0.849881,0.378398,0.045381,0.8045,0.195317,0.017761,0.04869,3.845
2026-03-14 06:00:00,1.29746,0.451763,0.076694,1.22077,0.216621,0.024397,0.055565,7.447
2026-03-14 07:00:00,2.17106,0.606441,0.187593,1.98347,0.245085,0.039767,0.068823,11.593
2026-03-14 08:00:00,3.77704,0.783618,0.360996,3.41604,0.285743,0.080466,0.086157,16.33
2026-03-14 09:00:00,4.54543,0.926504,0.503678,4.04175,0.273349,0.085773,0.090011,20.922
2026-03-14 10:00:00,4.54819,0.888318,0.389395,4.15879,0.274807,0.092231,0.095758,24.355
2026-03-14 11:00:00,4.23766,0.880645,0.411597,3.82607,0.27585,0.085359,0.092337,24.245
2026-03-14 12:00:00,5.8283,1.2561,0.609565,5.21873,0.308862,0.103422,0.095167,25.263
2026-03-14 13:00:00,5.91008,1.24475,0.479143,5.43094,0.253806,0.121583,0.095106,24.093
2026-03-14 14:00:00,8.77355,1.78542,0.465708,8.30784,0.264153,0.147097,0.099292,29.108
2026-03-14 15:00:00,9.78159,2.07413,0.581988,9.1996,0.264985,0.188478,0.110312,38.37
2026-03-14 16:00:00,5.11812,1.01954,0.61284,4.50528,0.278672,0.115368,0.098239,29.558
2026-03-14 17:00:00,6.20735,1.13521,0.675763,5.53159,0.295292,0.118996,0.100445,28.73
2026-03-14 18:00:00,6.76959,1.35229,0.635606,6.13398,0.288879,0.13607,0.10091,30.656
2026-03-14 19:00:00,5.96387,1.15939,0.641145,5.32273,0.279232,0.118399,0.090363,24.468
2026-03-14 20:00:00,4.19022,0.898803,0.444105,3.74612,0.252941,0.122897,0.085924,19.673
2026-03-14 21:00:00,5.53592,1.32248,0.779509,4.75641,0.262343,0.118251,0.094351,22.572
2026-03-14 22:00:00,6.19645,1.70045,0.251155,5.9453,0.233559,0.117875,0.082366,17.259
2026-03-14 23:00:00,7.04548,2.47037,0.379819,6.66566,0.212535,0.128981,0.086746,16.247
2026-03-15 00:00:00,2.71709,1.0184,0.204095,2.513,0.217728,0.117343,0.090586,11.964
2026-03-15 01:00:00,2.08325,0.831969,0.150864,1.93239,0.19231,0.080991,0.073135,11.735
2026-03-15 02:00:00,3.14272,1.50947,0.093216,3.0495,0.178842,0.077418,0.069808,7.324
2026-03-15 03:00:00,1.75762,0.867534,0.126416,1.63121,0.165081,0.04126,0.057503,4.533
2026-03-15 04:00:00,0.350373,0.146722,0.023554,0.326819,0.161208,0.030176,0.046787,3.036
2026-03-15 05:00:00,1.57412,0.825012,0.064643,1.50948,0.128841,0.019355,0.04218,3.847
2026-03-15 06:00:00,0.885101,0.343063,0.079808,0.805293,0.185935,0.024928,0.05556,4.853
2026-03-15 07:00:00,1.80456,0.540286,0.18721,1.61735,0.238711,0.036306,0.063993,8.936
2026-03-15 08:00:00,4.48795,0.957326,0.369443,4.1185,0.252309,0.084917,0.078819,17.647
2026-03-15 09:00:00,6.68114,1.38786,0.481998,6.19914,0.262926,0.126449,0.101693,24.088
2026-03-15 10:00:00,4.74108,0.948975,0.648347,4.09273,0.279884,0.09943,0.100845,23.31
2026-03-15 11:00:00,4.5938,0.880713,0.668163,3.92564,0.310262,0.106319,0.097651,29.046
2026-03-15 12:00:00,4.66333,0.855343,0.65709,4.00624,0.319362,0.103732,0.094302,24.765
2026-03-15 13:00:00,5.47886,0.925484,0.787906,4.69096,0.304526,0.111458,0.094079,24.434
2026-03-15 14:00:00,5.5383,0.94899,0.687901,4.8504,0.280792,0.096395,0.095081,26.996
2026-03-15 15:00:00,5.7239,1.18116,0.758205,4.96569,0.286797,0.126923,0.102342,30.254
2026-03-15 16:00:00,4.31081,1.022,0.462243,3.84856,0.285922,0.124905,0.101266,28.202
2026-03-15 17:00:00,5.3551,0.947135,0.545139,4.80996,0.280007,0.107953,0.102015,26.996
2026-03-15 18:00:00,5.67974,1.05415,0.854366,4.82538,0.302372,0.122798,0.102105,27.896
2026-03-15 19:00:00,4.29445,0.831613,0.421038,3.87341,0.273099,0.103876,0.095744,23.638
2026-03-15 20:00:00,3.51626,0.685165,0.559445,2.95682,0.275482,0.084884,0.086348,24.369
2026-03-15 21:00:00,4.5285,0.985743,0.498815,4.02969,0.272185,0.103124,0.080467,21.15
2026-03-15 22:00:00,3.24947,0.844896,0.338185,2.91128,0.256477,0.083389,0.077145,17.663
2026-03-15 23:00:00,3.43737,1.1322,0.23926,3.19811,0.210469,0.076326,0.070132,10.382
2026-03-16 00:00:00,2.26009,0.93238,0.143003,2.11709,0.203926,0.070565,0.065112,9.683
2026-03-16 01:00:00,2.88981,1.83364,0.092959,2.79685,0.149165,0.078457,0.05647,5.97
2026-03-16 02:00:00,0.37664,0.239288,0.020721,0.355919,0.118379,0.015417,0.036067,1.892
2026-03-16 03:00:00,0.841431,0.433728,0.029782,0.811649,0.163555,0.024551,0.042495,4.266
2026-03-16 04:00:00,1.09261,0.49529,0.041753,1.05086,0.163547,0.030201,0.042828,3.132
2026-03-16 05:00:00,0.560633,0.291692,0.033003,0.52763,0.130959,0.013046,0.037429,2.427
2026-03-16 06:00:00,1.05392,0.381303,0.102695,0.951228,0.245463,0.021053,0.055532,6.565
2026-03-16 07:00:00,2.72445,0.656493,0.312326,2.41212,0.251628,0.052589,0.077644,13.812
2026-03-16 08:00:00,5.38209,1.12549,0.453884,4.92821,0.26856,0.090483,0.097768,21.307
2026-03-16 09:00:00,2.40738,0.640602,0.285945,2.12144,0.252961,0.052038,0.086768,18.258
2026-03-16 10:00:00,3.25026,0.950925,0.358912,2.89135,0.283589,0.062355,0.089163,17.71
2026-03-16 11:00:00,3.67201,0.868087,0.382147,3.28986,0.280351,0.085441,0.101456,22.226
2026-03-16 12:00:00,4.3179,0.939081,0.484457,3.83344,0.296667,0.093187,0.09727,24.697
2026-03-16 13:00:00,4.87381,1.14194,0.439588,4.43423,0.267792,0.102216,0.093501,24.682
2026-03-16 14:00:00,3.9847,0.987779,0.475097,3.50961,0.243879,0.084737,0.104595,24.767
2026-03-16 15:00:00,4.99129,1.25472,0.408088,4.58321,0.257826,0.093451,0.10052,22.29
2026-03-16 16:00:00,3.79361,0.888433,0.427803,3.3658,0.265695,0.075706,0.094958,21.276
2026-03-16 17:00:00,4.82827,1.01052,0.902096,3.92618,0.315024,0.096886,0.102835,25.742
2026-03-16 18:00:00,5.84655,1.12434,0.844924,5.00162,0.331698,0.125182,0.108208,32.124
2026-03-16 19:00:00,8.00688,1.58114,1.44249,6.56438,0.336909,0.131827,0.103448,29.429
2026-03-16 20:00:00,4.51778,0.981274,0.492556,4.02523,0.275829,0.119399,0.094287,26.628
2026-03-16 21:00:00,4.88052,1.22013,0.715515,4.16501,0.28262,0.122497,0.093761,26.206
2026-03-16 22:00:00,5.25863,1.57633,0.414939,4.84369,0.241271,0.123713,0.085347,17.929
2026-03-16 23:00:00,3.82944,1.22034,0.400214,3.42922,0.219521,0.077545,0.072646,14.415
2026-03-17 00:00:00,2.53858,0.955789,0.102993,2.43558,0.224866,0.056956,0.057301,7.861
2026-03-17 01:00:00,1.87594,1.00533,0.153258,1.72268,0.189664,0.038735,0.053851,7.028
2026-03-17 02:00:00,1.31999,0.701374,0.047382,1.2726,0.131934,0.022837,0.046476,2.998
2026-03-17 03:00:00,0.372947,0.172982,0.04514,0.327807,0.137316,0.016645,0.042185,2.509
2026-03-17 04:00:00,0.580946,0.21939,0.048878,0.532068,0.158452,0.018,0.044367,3.073
2026-03-17 05:00:00,0.482219,0.20126,0.031106,0.451113,0.163531,0.009958,0.043438,2.755
2026-03-17 06:00:00,1.6343,0.716169,0.33104,1.30326,0.248885,0.034371,0.060182,8.103
2026-03-17 07:00:00,4.04997,0.877757,0.341387,3.70858,0.265159,0.066037,0.081954,16.465
2026-03-17 08:00:00,4.58363,0.927485,0.638399,3.94523,0.272859,0.085685,0.094665,20.925
2026-03-17 09:00:00,2.46661,0.596088,0.284266,2.18235,0.260876,0.073949,0.095699,17.329
2026-03-17 10:00:00,2.29598,0.575433,0.248734,2.04725,0.242681,0.057864,0.093604,15.134
2026-03-17 11:00:00,4.44784,1.02108,0.472861,3.97498,0.285733,0.093657,0.096444,22.06
2026-03-17 12:00:00,7.08221,1.41136,0.660747,6.42146,0.263566,0.139451,0.107262,33.496
2026-03-17 13:00:00,4.46083,1.07335,0.656484,3.80435,0.297319,0.08221,0.093012,22.47
2026-03-17 14:00:00,3.60565,0.947359,0.374997,3.23065,0.251427,0.077217,0.097797,17.272
2026-03-17 15:00:00,2.19144,0.772178,0.355123,1.83632,0.268133,0.067905,0.097983,17.437
2026-03-17 16:00:00,3.05681,0.663658,0.328008,2.7288,0.261111,0.07226,0.096294,19.939
2026-03-17 17:00:00,5.74441,1.13886,0.444289,5.30012,0.270798,0.115039,0.111399,29.138
2026-03-17 18:00:00,6.21489,1.18922,1.04415,5.17074,0.313103,0.132538,0.117102,32.439
2026-03-17 19:00:00,7.51138,1.51561,0.750513,6.76087,0.313312,0.174322,0.115069,36.164
2026-03-17 20:00:00,4.19628,0.919833,0.428125,3.76815,0.285753,0.103214,0.0923,27.336
2026-03-17 21:00:00,3.81315,0.958558,0.808015,3.00513,0.266481,0.093926,0.084243,23.42
2026-03-17 22:00:00,4.30441,1.32362,0.767743,3.53667,0.25989,0.082834,0.075227,18.261
2026-03-17 23:00:00,6.24975,2.01996,0.515867,5.73388,0.223844,0.11905,0.087833,19.574
2026-03-18 00:00:00,3.82466,1.61515,0.168744,3.65592,0.214185,0.105296,0.079667,9.565
2026-03-18 01:00:00,0.911352,0.433564,0.212455,0.698897,0.148464,0.029841,0.051808,4.343
2026-03-18 02:00:00,1.50782,0.749416,0.08461,1.42321,0.137789,0.028486,0.052499,5.126
2026-03-18 03:00:00,0.554947,0.23239,0.041056,0.513891,0.144812,0.009924,0.046644,2.064
2026-03-18 04:00:00,0.62242,0.235408,0.072925,0.549495,0.15958,0.011371,0.042314,2.45
2026-03-18 05:00:00,0.419034,0.175327,0.031043,0.387991,0.17834,0.010032,0.042058,2.836
2026-03-18 06:00:00,2.1365,0.742356,0.34864,1.78786,0.236346,0.033934,0.058304,7.658
2026-03-18 07:00:00,3.00222,1.01701,0.42383,2.57839,0.261619,0.07077,0.079061,15.421
2026-03-18 08:00:00,3.60635,0.744497,0.315316,3.29103,0.25875,0.07501,0.092051,20.36
2026-03-18 09:00:00,2.46576,0.733859,0.262408,2.20336,0.255769,0.052457,0.082571,15.173
2026-03-18 10:00:00,4.50209,1.2485,0.468075,4.03402,0.248738,0.08272,0.094295,20.985
2026-03-18 11:00:00,5.10878,1.21233,0.534416,4.57436,0.271197,0.08817,0.098436,23.097
2026-03-18 12:00:00,4.19365,1.02635,0.740756,3.4529,0.303568,0.100361,0.107393,22.779
2026-03-18 13:00:00,6.11385,1.59714,0.655251,5.45859,0.255202,0.123601,0.10698,26.778
2026-03-18 14:00:00,3.96651,1.01394,0.702816,3.2637,0.270754,0.077907,0.098157,22.926
2026-03-18 15:00:00,4.92776,1.2469,0.699477,4.22828,0.251898,0.089865,0.095026,23.518
2026-03-18 16:00:00,3.97213,0.957139,0.505575,3.46655,0.267715,0.079074,0.092789,24.631
2026-03-18 17:00:00,6.27398,1.26901,0.836341,5.43764,0.289146,0.118874,0.109042,33.903
2026-03-18 18:00:00,8.58125,1.5903,1.09204,7.48921,0.296294,0.16506,0.124226,41.222
2026-03-18 19:00:00,7.92271,1.65057,0.751411,7.1713,0.27126,0.140687,0.107009,30.695
2026-03-18 20:00:00,5.22423,1.13867,0.639443,4.58479,0.269592,0.126634,0.094127,27.903
2026-03-18 21:00:00,5.70996,1.58083,0.872619,4.83735,0.274605,0.132296,0.093881,28.637
2026-03-18 22:00:00,4.65402,1.37206,0.72371,3.93031,0.266496,0.108402,0.08294,23.214
2026-03-18 23:00:00,3.64578,1.28463,0.383008,3.26277,0.256292,0.091713,0.081198,15.817
2026-03-19 00:00:00,3.46778,1.59953,0.154278,3.31351,0.193675,0.082786,0.079682,10.504
2026-03-19 01:00:00,1.92225,0.912751,0.11271,1.80954,0.164026,0.037111,0.052436,7.449
2026-03-19 02:00:00,0.626829,0.363169,0.059731,0.567098,0.136601,0.018172,0.039852,3.7
2026-03-19 03:00:00,0.951104,0.482304,0.049863,0.901241,0.126628,0.019333,0.03789,2.626
2026-03-19 04:00:00,0.587792,0.279635,0.027632,0.56016,0.164437,0.014437,0.044126,4.147
2026-03-19 05:00:00,0.254428,0.13405,0.027721,0.226707,0.121847,0.00745,0.037603,2.282
2026-03-19 06:00:00,1.73092,0.707075,0.193813,1.53711,0.20489,0.028223,0.054764,6.396
2026-03-19 07:00:00,3.47163,0.823051,0.304139,3.16749,0.273877,0.063219,0.083167,13.841
2026-03-19 08:00:00,5.5321,1.13316,0.61321,4.9189,0.275542,0.11135,0.098026,24.049
2026-03-19 09:00:00,3.78064,0.913198,0.370501,3.41014,0.269107,0.081448,0.093699,21.107
2026-03-19 10:00:00,2.96222,0.760324,0.324782,2.63744,0.264912,0.053054,0.088559,16.928
2026-03-19 11:00:00,3.60363,0.768693,0.655699,2.94793,0.300946,0.080852,0.095561,23.338
2026-03-19 12:00:00,8.32172,1.59237,0.78156,7.54016,0.33385,0.124586,0.098023,24.693
2026-03-19 13:00:00,4.41754,1.02211,0.556073,3.86146,0.276163,0.095059,0.095169,24.369
2026-03-19 14:00:00,5.3606,1.353,0.359273,5.00133,0.270255,0.094161,0.088251,18.538
2026-03-19 15:00:00,3.76003,0.773987,0.406155,3.35387,0.269692,0.088485,0.097355,20.946
2026-03-19 16:00:00,3.06793,0.668685,0.420239,2.64769,0.269732,0.068658,0.088952,19.931
2026-03-19 17:00:00,5.04304,0.968327,0.678028,4.36502,0.292007,0.112211,0.11446,32.422
2026-03-19 18:00:00,6.89025,1.28934,0.791804,6.09844,0.315167,0.138462,0.117963,36.601
2026-03-19 19:00:00,5.47086,1.24906,0.652842,4.81802,0.308206,0.118869,0.111388,30.339
2026-03-19 20:00:00,4.64853,0.981116,0.891039,3.75749,0.313639,0.109527,0.09552,25.156
2026-03-19 21:00:00,4.20418,1.01306,0.51066,3.69352,0.253777,0.090768,0.086306,20.422
2026-03-19 22:00:00,6.60325,1.91398,1.16761,5.43563,0.267635,0.131291,0.085295,27.684
2026-03-19 23:00:00,5.33432,2.11847,0.335398,4.99892,0.19525,0.104789,0.072195,21.179
2026-03-20 00:00:00,5.08454,2.45868,0.518559,4.56598,0.209203,0.088621,0.070765,11.991
2026-03-20 01:00:00,2.46937,1.1648,0.138006,2.33136,0.162267,0.040322,0.054718,4.368
2026-03-20 02:00:00,0.21558,0.101117,0.022147,0.193433,0.116522,0.008647,0.042525,1.929
2026-03-20 03:00:00,0.671019,0.325421,0.02195,0.649069,0.119624,0.020065,0.043882,2.812
2026-03-20 04:00:00,0.116017,0.06278,0.012681,0.103336,0.109312,0.004218,0.035152,1.214
2026-03-20 05:00:00,0.340036,0.155837,0.028792,0.311244,0.138357,0.006747,0.039376,2.602
2026-03-20 06:00:00,1.19525,0.425657,0.123319,1.07193,0.227992,0.026041,0.054968,6.604
2026-03-20 07:00:00,3.09412,0.696559,0.372388,2.72173,0.257724,0.061845,0.080509,13.816
2026-03-20 08:00:00,5.27984,1.05134,0.763933,4.51591,0.273823,0.109268,0.109622,23.175
2026-03-20 09:00:00,5.08979,1.29775,0.438579,4.65121,0.266476,0.080736,0.092333,20.315
2026-03-20 10:00:00,4.08884,0.951335,0.510873,3.57796,0.28929,0.076151,0.096451,20.306
2026-03-20 11:00:00,4.51695,0.936349,0.532711,3.98424,0.280676,0.08227,0.096939,20.381
2026-03-20 12:00:00,5.37441,1.19431,0.661323,4.71308,0.273881,0.130019,0.10834,29.868
2026-03-20 13:00:00,5.2295,1.12221,0.570585,4.65891,0.28193,0.097098,0.093877,27.079
2026-03-20 14:00:00,3.66139,0.715115,0.426804,3.23459,0.265674,0.087885,0.099224,24.981
2026-03-20 15:00:00,4.57464,1.14195,0.37187,4.20277,0.262982,0.082537,0.090297,21.37
2026-03-20 16:00:00,4.33536,0.952408,0.712741,3.62262,0.281762,0.095085,0.099558,24.245
2026-03-20 17:00:00,5.93809,1.06037,0.569758,5.36833,0.302457,0.115141,0.107769,34.128
2026-03-20 18:00:00,8.54464,1.53405,0.698079,7.84657,0.309378,0.160392,0.118665,40.19
2026-03-20 19:00:00,8.768,1.59942,0.862857,7.90514,0.314249,0.142498,0.108331,32.458
2026-03-20 20:00:00,7.07837,1.37872,0.494688,6.58368,0.280736,0.122937,0.10236,31.306
2026-03-20 21:00:00,7.43133,1.37312,0.615765,6.81556,0.275005,0.139223,0.097513,28.658
2026-03-20 22:00:00,7.38014,1.67731,1.92496,5.45518,0.378844,0.16252,0.106625,25.874
2026-03-20 23:00:00,6.40181,1.89739,0.404573,5.99724,0.227176,0.126013,0.084482,20.156
2026-03-21 00:00:00,2.03989,0.691956,0.15779,1.8821,0.225397,0.293503,0.130072,12.113
2026-03-21 01:00:00,0.81135,0.31399,0.068409,0.742941,0.198979,0.11231,0.077258,4.142
2026-03-21 02:00:00,0.793392,0.31812,0.056168,0.737224,0.148178,0.025208,0.047138,3.706
2026-03-21 03:00:00,1.30202,0.478332,0.091551,1.21047,0.173129,0.025363,0.048408,6.732
2026-03-21 04:00:00,1.98458,0.772812,0.101785,1.88279,0.215803,0.042579,0.053242,8.483
2026-03-21 05:00:00,1.14211,0.488498,0.051983,1.09013,0.145819,0.022493,0.042396,4.508
2026-03-21 06:00:00,2.94902,1.0842,0.121159,2.82786,0.206164,0.059116,0.060097,7.579
2026-03-21 07:00:00,3.2479,0.978872,0.230635,3.01726,0.243604,0.063363,0.074531,11.865
2026-03-21 08:00:00,4.13244,0.929891,0.370928,3.76151,0.264071,0.075827,0.09093,18.228
2026-03-21 09:00:00,4.08735,0.886626,0.447775,3.63957,0.28094,0.091699,0.096012,22.797
2026-03-21 10:00:00,3.9771,0.829946,0.370004,3.6071,0.280287,0.102487,0.102834,23.611
2026-03-21 11:00:00,3.58235,0.717332,0.441462,3.14089,0.294931,0.08374,0.094784,20.907
2026-03-21 12:00:00,5.69118,1.11417,0.598821,5.09235,0.314623,0.132898,0.103722,26.01
2026-03-21 13:00:00,5.85458,1.23462,0.792148,5.06244,0.25919,0.117807,0.095457,26.09
2026-03-21 14:00:00,6.09304,1.30027,1.13386,4.95918,0.350938,0.114586,0.114501,33.945
2026-03-21 15:00:00,5.10157,1.07356,0.735075,4.36649,0.284417,0.109515,0.099408,26.236
2026-03-21 16:00:00,5.93754,1.18561,0.520687,5.41685,0.282024,0.113628,0.1008,24.82
2026-03-21 17:00:00,5.46514,0.976964,0.559536,4.9056,0.289186,0.124648,0.106798,31.014
2026-03-21 18:00:00,6.70811,1.2259,1.1015,5.60661,0.293268,0.141214,0.105846,32.925
2026-03-21 19:00:00,6.66818,1.21771,0.830438,5.83774,0.268362,0.148819,0.102058,33.033
2026-03-21 20:00:00,5.25804,1.08369,0.64263,4.61541,0.282869,0.137829,0.100531,26.384
2026-03-21 21:00:00,4.52454,1.01548,0.505934,4.0186,0.267883,0.129485,0.095257,24.869
2026-03-21 22:00:00,3.79103,0.947284,0.369238,3.42179,0.252896,0.121141,0.089983,23.354
2026-03-21 23:00:00,3.14172,1.03007,0.452909,2.68881,0.233241,0.14185,0.082012,16.25
2026-03-22 00:00:00,2.85197,1.14537,0.163486,2.68848,0.213231,0.108592,0.071748,10.312
2026-03-22 01:00:00,2.71498,1.44414,0.177693,2.53728,0.207971,0.094727,0.063951,11.07
2026-03-22 02:00:00,1.33838,0.855743,0.068742,1.26964,0.162366,0.037043,0.047787,4.344
2026-03-22 03:00:00,0.270294,0.15134,0.017824,0.25247,0.157509,0.00973,0.039351,1.565
2026-03-22 04:00:00,0.524377,0.270019,0.025778,0.498599,0.159571,0.01535,0.041649,2.075
2026-03-22 05:00:00,3.04613,1.59483,0.072162,2.97397,0.165513,0.035342,0.047348,4.997
2026-03-22 06:00:00,0.769538,0.317991,0.060518,0.70902,0.211801,0.027598,0.058032,4.213
2026-03-22 07:00:00,1.70032,0.53402,0.146275,1.55404,0.260372,0.038175,0.069536,7.906
2026-03-22 08:00:00,3.60635,0.891779,0.320087,3.28627,0.272928,0.081068,0.086858,18.721
2026-03-22 09:00:00,5.09636,1.26712,0.915279,4.18108,0.312112,0.0847,0.092155,18.89
2026-03-22 10:00:00,4.86791,1.00163,0.31689,4.55101,0.2723,0.10127,0.099125,21.629
2026-03-22 11:00:00,5.43445,1.10322,0.542759,4.89169,0.279135,0.10336,0.097866,24.489
2026-03-22 12:00:00,6.67684,1.26026,0.875378,5.80146,0.338495,0.132378,0.104306,33.561
2026-03-22 13:00:00,5.24262,1.12454,0.900835,4.34178,0.320143,0.126092,0.103455,32.792
2026-03-22 14:00:00,4.71244,0.989178,0.496348,4.2161,0.289552,0.131025,0.097351,24.703
2026-03-22 15:00:00,5.41346,1.11159,0.731434,4.68203,0.324055,0.122821,0.10012,27.217
2026-03-22 16:00:00,5.46233,1.09509,0.449451,5.01288,0.285731,0.131847,0.09818,25.155
2026-03-22 17:00:00,4.89578,0.908645,0.535825,4.35996,0.291619,0.109413,0.098863,28.552
2026-03-22 18:00:00,5.31065,1.03643,0.719728,4.59092,0.291579,0.113709,0.106897,32.272
2026-03-22 19:00:00,6.63457,1.37818,0.811052,5.82352,0.297513,0.16275,0.111709,34.714
2026-03-22 20:00:00,3.60086,0.764514,0.39968,3.20118,0.250344,0.194813,0.109716,24.668
2026-03-22 21:00:00,4.83595,1.14271,0.50066,4.33529,0.24558,0.164291,0.102548,27.808
2026-03-22 22:00:00,7.31781,1.95038,0.552233,6.76558,0.260184,0.137753,0.084,16.886
2026-03-22 23:00:00,4.54265,1.39602,0.44023,4.10242,0.2345,0.109389,0.079203,11.068
2026-03-23 00:00:00,2.64401,0.826771,0.206693,2.43732,0.245129,0.069322,0.06709,10.79
2026-03-23 01:00:00,3.46864,1.46976,0.158809,3.30983,0.214463,0.09161,0.062331,10.273
2026-03-23 02:00:00,2.54173,1.02428,0.113409,2.42832,0.191016,0.069568,0.059509,8.128
2026-03-23 03:00:00,1.61482,0.57879,0.06801,1.54681,0.167569,0.047525,0.056688,5.983
2026-03-23 04:00:00,0.857042,0.29594,0.03134,0.825702,0.181363,0.023778,0.048575,3.746
2026-03-23 05:00:00,0.772438,0.339087,0.038483,0.733955,0.20484,0.01719,0.048683,2.687
2026-03-23 06:00:00,1.07773,0.379214,0.094257,0.983468,0.258273,0.026359,0.058464,6.019
2026-03-23 07:00:00,2.58695,0.623709,0.212634,2.37432,0.266065,0.05749,0.077534,12.9425
2026-03-23 08:00:00,4.09618,0.868204,0.331011,3.76517,0.273857,0.088622,0.096604,19.866
2026-03-23 09:00:00,4.6222,1.26014,0.405367,4.21683,0.243102,0.086006,0.097329,17.674
2026-03-23 10:00:00,7.5899,2.01217,0.340149,7.24975,0.253773,0.12043,0.098761,19.93
2026-03-23 11:00:00,7.95309,1.97219,0.856718,7.09637,0.3075,0.132441,0.10669,26.128
2026-03-23 12:00:00,8.31628,1.93222,1.37329,6.94299,0.361228,0.144451,0.11462,32.326
2026-03-23 13:00:00,7.13158,1.64841,0.974235,6.15735,0.306457,0.12384,0.107375,29.744
2026-03-23 14:00:00,5.94689,1.36459,0.575182,5.37171,0.251686,0.103228,0.10013,27.162
2026-03-23 15:00:00,5.00485,1.13292,0.52223,4.48262,0.269518,0.098381,0.099918,24.7435
2026-03-23 16:00:00,4.06281,0.901245,0.469277,3.59354,0.28735,0.093534,0.099706,22.325
2026-03-23 17:00:00,5.86004,1.09044,0.545355,5.31468,0.29326,0.117064,0.108472,30.061
2026-03-23 18:00:00,5.37861,1.01906,0.800814,4.5778,0.34447,0.117798,0.110047,30.809
2026-03-23 19:00:00,7.06482,1.49488,0.954408,6.11041,0.312042,0.137258,0.123772,35.711
2026-03-23 20:00:00,5.18285,1.14109,0.599357,4.58349,0.286451,0.129939,0.111014,31.256
2026-03-23 21:00:00,7.39539,1.59315,1.74566,5.64972,0.326985,0.141192,0.100347,31.26
2026-03-23 22:00:00,6.20259,1.59696,0.854471,5.34811,0.262738,0.15265,0.093069,26.643
2026-03-23 23:00:00,3.52522,1.08268,0.553779,2.97144,0.26591,0.092554,0.08424,19.459
2026-03-24 00:00:00,1.8176,0.679221,0.179642,1.63795,0.226471,0.076649,0.07326,10.616
2026-03-24 01:00:00,1.07649,0.478864,0.13825,0.938236,0.259321,0.050071,0.065672,12.325
2026-03-24 02:00:00,2.63877,1.16657,0.075886,2.56288,0.193437,0.047849,0.061799,5.805
2026-03-24 03:00:00,0.526393,0.221173,0.040234,0.486159,0.213197,0.02471,0.055742,3.643
2026-03-24 04:00:00,0.841891,0.376516,0.04055,0.801341,0.257388,0.048555,0.0711,4.063
2026-03-24 05:00:00,0.692983,0.409565,0.027986,0.664997,0.230858,0.015287,0.046504,2.458
2026-03-24 06:00:00,1.80079,0.658183,0.101904,1.69888,0.261703,0.032104,0.058079,5.982
2026-03-24 07:00:00,2.82113,0.716387,0.247305,2.57382,0.255788,0.06974,0.085344,14.949
2026-03-24 08:00:00,3.781,0.781521,0.390121,3.39088,0.272694,0.091276,0.097901,20.159
2026-03-24 09:00:00,3.95274,1.14638,0.488606,3.46413,0.271662,0.085856,0.101614,22.099
2026-03-24 10:00:00,3.1902,0.97381,0.309125,2.88108,0.276609,0.067843,0.09256,17.646
2026-03-24 11:00:00,3.55507,0.833741,0.477977,3.0771,0.287558,0.071262,0.097344,20.869
2026-03-24 12:00:00,3.52463,0.859247,0.316736,3.2079,0.291429,0.105165,0.102639,21.684
2026-03-24 13:00:00,5.04095,1.3864,0.346526,4.69442,0.246283,0.106137,0.09736,23.244
2026-03-24 14:00:00,5.00168,1.28578,0.516728,4.48496,0.258984,0.095587,0.093444,25.11
2026-03-24 15:00:00,3.82945,0.946011,0.499105,3.33034,0.267613,0.117934,0.096521,21.632
2026-03-24 16:00:00,4.74347,1.0513,0.609802,4.13366,0.296119,0.093657,0.098606,20.573
2026-03-24 17:00:00,7.23143,1.34463,0.842608,6.38882,0.303714,0.122938,0.114727,38.438
2026-03-24 18:00:00,8.03555,1.48203,0.930291,7.10526,0.302653,0.158592,0.123474,41.632
2026-03-24 19:00:00,7.92196,1.53944,1.0069,6.91506,0.306462,0.165744,0.13148,36.943
2026-03-24 20:00:00,4.86121,1.01827,0.614179,4.24703,0.301987,0.105086,0.106586,26.282
2026-03-24 21:00:00,5.41175,1.38977,0.523296,4.88845,0.269112,0.117669,0.095449,26.031
2026-03-24 22:00:00,9.2424,2.73121,0.836018,8.40639,0.290854,0.211533,0.094835,28.726
2026-03-24 23:00:00,4.67172,1.55517,0.358708,4.31301,0.222667,0.10761,0.079901,17.956
2026-03-25 00:00:00,3.55828,1.49131,0.156458,3.40182,0.201718,0.085223,0.062589,9.477
2026-03-25 01:00:00,1.75409,0.821975,0.11198,1.64211,0.194116,0.056367,0.063601,8.508
2026-03-25 02:00:00,2.11172,1.13655,0.068802,2.04292,0.178844,0.069746,0.058179,5.18
2026-03-25 03:00:00,2.06526,0.933663,0.068038,1.99723,0.151395,0.046779,0.052755,5.325
2026-03-25 04:00:00,0.630914,0.260708,0.026782,0.604132,0.163826,0.012637,0.047,2.557
2026-03-25 05:00:00,2.71659,1.279,0.068776,2.64782,0.157406,0.029461,0.049707,5.44
2026-03-25 06:00:00,1.54016,0.598817,0.113051,1.42711,0.214135,0.030215,0.055368,6.543
2026-03-25 07:00:00,4.12392,1.05525,0.34791,3.77601,0.269553,0.0825,0.08856,16.635
2026-03-25 08:00:00,4.81511,0.989542,0.424909,4.3902,0.267998,0.096041,0.103708,20.897
2026-03-25 09:00:00,2.86944,0.848946,0.3433,2.52614,0.265702,0.06211,0.090105,15.245
2026-03-25 10:00:00,2.97919,0.785236,0.319245,2.65994,0.26057,0.065194,0.089148,16.851
2026-03-25 11:00:00,5.27796,1.09139,0.584232,4.69373,0.303562,0.093246,0.098626,24.864
2026-03-25 12:00:00,6.36375,1.4048,0.741433,5.62232,0.307962,0.127816,0.109313,31.051
2026-03-25 13:00:00,5.94083,1.4705,0.438668,5.50217,0.269934,0.103098,0.097801,23.059
2026-03-25 14:00:00,4.73567,1.20439,0.366357,4.36932,0.25622,0.101362,0.10194,25.267
2026-03-25 15:00:00,3.49386,0.961967,0.607418,2.88645,0.282243,0.095095,0.100247,23.041
2026-03-25 16:00:00,4.30863,1.12556,0.5537,3.75493,0.290373,0.09544,0.102736,17.872
2026-03-25 17:00:00,4.4082,0.910033,0.553786,3.85441,0.297569,0.105113,0.107669,28.868
2026-03-25 18:00:00,7.0827,1.4384,0.774691,6.30801,0.319292,0.162939,0.13135,38.035
2026-03-25 19:00:00,5.25583,1.03788,0.649932,4.6059,0.290911,0.126188,0.102629,28.234
2026-03-25 20:00:00,4.98741,1.03775,0.600372,4.38704,0.295454,0.107642,0.098449,23.591
2026-03-25 21:00:00,2.74499,0.59287,0.45921,2.28578,0.300148,0.098667,0.092158,19.376
2026-03-25 22:00:00,3.43075,0.94459,0.911682,2.51907,0.24807,0.082854,0.083494,20.824
2026-03-25 23:00:00,1.68006,0.52371,0.312778,1.36729,0.230102,0.054508,0.068313,11.98
2026-03-26 00:00:00,1.63453,0.650689,0.160551,1.47398,0.212768,0.05526,0.056544,8.296
2026-03-26 01:00:00,1.52205,0.72341,0.086269,1.43579,0.179542,0.048325,0.054059,5.61
2026-03-26 02:00:00,1.06178,0.515427,0.058848,1.00293,0.181879,0.033027,0.051299,4.591
2026-03-26 03:00:00,0.989085,0.447955,0.058279,0.930806,0.170499,0.026022,0.049668,4.203
2026-03-26 04:00:00,0.83546,0.370328,0.040498,0.794962,0.163027,0.0237,0.04523,4.463
2026-03-26 05:00:00,0.856346,0.401663,0.045063,0.811283,0.156551,0.01309,0.04178,3.05
2026-03-26 06:00:00,1.06783,0.421402,0.071141,0.996693,0.208583,0.028254,0.05412,5
2026-03-26 07:00:00,4.44196,1.22099,0.28433,4.15763,0.2695,0.084442,0.085166,15.671
2026-03-26 08:00:00,4.57675,0.988925,0.542714,4.03403,0.276799,0.102389,0.100324,24.476
2026-03-26 09:00:00,5.05308,1.49677,0.330015,4.72307,0.250258,0.103218,0.097351,19.873
2026-03-26 10:00:00,3.08833,0.786636,0.347751,2.74058,0.260094,0.073601,0.102935,18.94
2026-03-26 11:00:00,3.99124,0.811228,0.487952,3.50329,0.306204,0.085965,0.098135,21.475
2026-03-26 12:00:00,4.23874,0.857004,0.410565,3.82818,0.305411,0.095803,0.097375,26.251
2026-03-26 13:00:00,3.06041,0.73816,0.364129,2.69628,0.266631,0.085135,0.089112,21.244
2026-03-26 14:00:00,4.00749,0.96846,0.503382,3.50411,0.282967,0.09177,0.096375,20.838
2026-03-26 15:00:00,6.17068,1.61367,0.518914,5.65177,0.262007,0.102493,0.094574,24.371
2026-03-26 16:00:00,6.90301,1.36693,0.798281,6.10473,0.294443,0.118758,0.112479,27.743
2026-03-26 17:00:00,5.73105,1.05157,0.714026,5.01703,0.318871,0.128477,0.115911,31.577
2026-03-26 18:00:00,6.8138,1.0727,0.611418,6.20238,0.337337,0.157508,0.124424,35.816
2026-03-26 19:00:00,4.87223,0.858694,0.688683,4.18354,0.317454,0.12632,0.10706,28.68
2026-03-26 20:00:00,3.71668,0.677485,0.535394,3.18129,0.302802,0.106794,0.099494,25.11
2026-03-26 21:00:00,4.76436,1.02196,0.576881,4.18748,0.270113,0.114597,0.101359,29.834
2026-03-26 22:00:00,3.81832,1.02643,0.622559,3.19577,0.276476,0.096165,0.082639,20.994
2026-03-26 23:00:00,4.52084,1.48516,0.309557,4.21128,0.256471,0.104956,0.074578,17.445
2026-03-27 00:00:00,4.58268,1.68729,0.414279,4.1684,0.236261,0.162352,0.092906,10.453
2026-03-27 01:00:00,2.55289,1.11578,0.152217,2.40068,0.221146,0.065278,0.057911,7.773
2026-03-27 02:00:00,1.83633,0.892288,0.079153,1.75717,0.162531,0.049566,0.051432,6.119
2026-03-27 03:00:00,0.969872,0.474962,0.05326,0.916612,0.169815,0.023746,0.047623,4.497
2026-03-27 04:00:00,0.801189,0.423014,0.060402,0.740787,0.166309,0.019835,0.04601,4.561
2026-03-27 05:00:00,0.718623,0.339614,0.077453,0.64117,0.159122,0.020009,0.046725,4.081
2026-03-27 06:00:00,0.75344,0.292257,0.087531,0.665909,0.211645,0.018221,0.054393,5.213
2026-03-27 07:00:00,2.97513,0.793792,0.293019,2.68211,0.260955,0.065695,0.079857,13.777
2026-03-27 08:00:00,5.81969,1.22882,0.434458,5.38523,0.265024,0.111811,0.103588,26.31
2026-03-27 09:00:00,2.85175,0.811078,0.366965,2.48478,0.28025,0.061218,0.088618,17.315
2026-03-27 10:00:00,2.37598,0.579226,0.326102,2.04988,0.271162,0.060289,0.092732,18.653
2026-03-27 11:00:00,4.79311,1.1423,0.654876,4.13823,0.294601,0.098655,0.102623,25.248
2026-03-27 12:00:00,5.63933,1.18823,0.456045,5.18329,0.281464,0.138896,0.108494,27.07
2026-03-27 13:00:00,4.5946,1.16792,0.389783,4.20482,0.259284,0.115748,0.100784,24.819
2026-03-27 14:00:00,6.04366,1.33473,0.42975,5.61392,0.255257,0.120005,0.10877,25.563
2026-03-27 15:00:00,4.46114,1.01114,0.496556,3.96459,0.262838,0.114657,0.111384,25.019
2026-03-27 16:00:00,5.82341,1.31335,0.583886,5.23953,0.277493,0.135945,0.110008,30.833
2026-03-27 17:00:00,7.46005,1.35146,0.838317,6.62174,0.30546,0.135359,0.109703,34.329
2026-03-27 18:00:00,5.99749,1.03156,0.619613,5.37787,0.304736,0.127718,0.114855,35.602
2026-03-27 19:00:00,8.54834,1.63573,1.15165,7.3967,0.331252,0.147777,0.112628,38.509
2026-03-27 20:00:00,9.10639,1.87915,1.21221,7.89417,0.312846,0.160973,0.108644,34.978
2026-03-27 21:00:00,6.16315,1.52102,1.15873,5.00443,0.278901,0.132792,0.093566,24.343
2026-03-27 22:00:00,4.51995,1.36555,0.514464,4.00549,0.245427,0.12426,0.082762,18.02
2026-03-27 23:00:00,3.55557,1.37281,0.243877,3.31169,0.230287,0.096715,0.074233,15.613
2026-03-28 00:00:00,3.44736,1.48593,0.493662,2.9537,0.241771,0.079533,0.063711,11.691
2026-03-28 01:00:00,1.05824,0.573264,0.168358,0.889886,0.181179,0.064761,0.051721,5.184
2026-03-28 02:00:00,0.459807,0.236527,0.039695,0.420112,0.158164,0.028271,0.04678,2.664
2026-03-28 03:00:00,1.93949,0.846201,0.187575,1.75192,0.175266,0.052463,0.062109,5.437
2026-03-28 04:00:00,2.00106,0.825518,0.058905,1.94215,0.157144,0.037179,0.046097,6.065
2026-03-28 05:00:00,0.663127,0.314279,0.05631,0.606817,0.159722,0.021697,0.047885,5.248
2026-03-28 06:00:00,1.48064,0.56,0.104011,1.37663,0.213369,0.026756,0.057425,5.887
2026-03-28 07:00:00,2.78518,0.845018,0.28961,2.49557,0.235162,0.050012,0.075283,11.262
2026-03-28 08:00:00,4.48326,0.926294,0.365566,4.1177,0.289602,0.088654,0.091816,17.147
2026-03-28 09:00:00,5.56226,1.2705,0.487063,5.07519,0.268401,0.099143,0.095926,24.111
2026-03-28 10:00:00,5.70685,1.23418,0.533818,5.17303,0.264973,0.109473,0.104182,29.254
2026-03-28 11:00:00,5.81679,1.27954,0.517671,5.29912,0.278119,0.118743,0.100788,30.987
2026-03-28 12:00:00,8.69074,2.11866,1.1517,7.53904,0.324007,0.159146,0.105947,36.796
2026-03-28 13:00:00,5.13216,1.20757,0.537555,4.59461,0.266599,0.104955,0.09481,26.783
2026-03-28 14:00:00,5.83205,1.33213,0.544798,5.28725,0.252394,0.110615,0.094649,26.359
2026-03-28 15:00:00,5.61938,1.22587,0.662973,4.95641,0.296209,0.107958,0.095059,28.8
2026-03-28 16:00:00,5.48187,1.15068,0.623255,4.85861,0.29994,0.101355,0.093846,26.334
2026-03-28 17:00:00,6.4438,1.20086,0.74312,5.70068,0.286852,0.131083,0.102136,32.02
2026-03-28 18:00:00,8.11344,1.61687,1.07916,7.03428,0.328304,0.142874,0.104407,32.621
2026-03-28 19:00:00,5.03838,1.12564,0.640223,4.39816,0.285151,0.114566,0.102144,27.895
2026-03-28 20:00:00,4.48602,1.15559,0.605519,3.8805,0.297395,0.10134,0.101013,22.381
2026-03-28 21:00:00,4.48605,1.12772,1.02178,3.46427,0.304286,0.102899,0.093933,22.646
2026-03-28 22:00:00,6.10001,2.00394,1.34965,4.75036,0.293949,0.105165,0.086083,21.429
2026-03-28 23:00:00,3.81601,1.57167,0.629777,3.18623,0.23986,0.091624,0.076794,16.401
2026-03-29 00:00:00,5.86462,2.54983,0.470077,5.39454,0.237502,0.11859,0.074893,19.787
2026-03-29 01:00:00,3.9523,1.77871,0.239891,3.71241,0.231287,0.116303,0.070399,12.313
2026-03-29 02:00:00,1.36276,0.694575,0.066948,1.29581,0.209791,0.109617,0.070333,8.591
2026-03-29 03:00:00,2.17139,0.933531,0.09668,2.07471,0.153268,0.053444,0.053981,7.649
2026-03-29 04:00:00,0.620326,0.328912,0.040635,0.579691,0.169317,0.022504,0.05131,3.276
2026-03-29 05:00:00,0.747909,0.365905,0.044133,0.703776,0.13107,0.011219,0.038584,2.365
2026-03-29 06:00:00,0.806173,0.361189,0.168921,0.637252,0.196635,0.014601,0.050133,4.619
2026-03-29 07:00:00,2.40447,0.809584,0.229395,2.17507,0.246853,0.040088,0.069191,8.873
2026-03-29 08:00:00,2.9538,0.725036,0.282636,2.67116,0.266168,0.055512,0.079426,15.161
2026-03-29 09:00:00,2.94832,0.719805,0.383958,2.56436,0.276967,0.065063,0.086418,18.331
2026-03-29 10:00:00,5.51323,1.14146,1.39429,4.11894,0.312886,0.105922,0.104641,26.178
2026-03-29 11:00:00,6.32968,1.19293,1.0728,5.25688,0.31204,0.126183,0.100635,30.627
2026-03-29 12:00:00,5.45981,1.00475,0.546556,4.91326,0.284793,0.11985,0.09753,26.316
2026-03-29 13:00:00,5.96903,1.21767,0.867897,5.10113,0.364913,0.110784,0.0991,24.87
2026-03-29 14:00:00,3.54005,0.762942,0.453701,3.08635,0.308769,0.092779,0.104287,22.74
2026-03-29 15:00:00,6.50968,1.26993,1.02256,5.48712,0.280172,0.11811,0.099365,29.072
2026-03-29 16:00:00,6.10172,1.26121,0.790519,5.3112,0.272156,0.120054,0.103074,27.562
2026-03-29 17:00:00,4.99969,0.936623,0.536841,4.46285,0.287532,0.108073,0.098288,24.045
2026-03-29 18:00:00,7.31968,1.41744,0.891383,6.4283,0.296729,0.132199,0.105506,32.033
2026-03-29 19:00:00,7.01675,1.53204,0.582417,6.43433,0.287438,0.155322,0.108379,33.766
2026-03-29 20:00:00,5.20622,1.18485,0.545894,4.66033,0.298762,0.116532,0.09537,27.951
2026-03-29 21:00:00,5.15944,1.29504,0.677386,4.48206,0.265373,0.124896,0.093519,23.783
2026-03-29 22:00:00,4.13685,1.26277,0.407245,3.7296,0.243569,0.083558,0.080267,16.89
2026-03-29 23:00:00,4.14365,1.54614,0.286229,3.85742,0.207281,0.101071,0.076301,16.164
2026-03-30 00:00:00,3.83425,1.78171,0.207132,3.62711,0.198678,0.114097,0.071232,16.681
2026-03-30 01:00:00,1.86935,0.880939,0.110906,1.75845,0.173063,0.041385,0.050672,9.327
2026-03-30 02:00:00,1.54099,0.753907,0.074002,1.46698,0.180052,0.036552,0.054501,5.127
2026-03-30 03:00:00,0.340712,0.131854,0.032937,0.307775,0.168475,0.015376,0.047109,4.219
2026-03-30 04:00:00,0.544617,0.200818,0.041205,0.503412,0.178305,0.014806,0.048433,3.698
2026-03-30 05:00:00,0.263678,0.118348,0.028195,0.235483,0.160043,0.00757,0.044479,2.987
2026-03-30 06:00:00,0.600138,0.205105,0.069498,0.53064,0.215829,0.018274,0.059411,6.655
2026-03-30 07:00:00,3.20434,0.78692,0.318052,2.88628,0.267852,0.073699,0.087422,17.617
2026-03-30 08:00:00,4.3941,0.9769,0.525517,3.86858,0.273913,0.081315,0.091822,24.139
2026-03-30 09:00:00,4.17241,1.24923,0.335079,3.83734,0.241541,0.075437,0.089878,21.426
2026-03-30 10:00:00,5.28052,1.58765,0.51793,4.76259,0.251733,0.090252,0.096576,25.658
2026-03-30 11:00:00,3.65313,0.812528,0.382282,3.27084,0.267605,0.096542,0.103017,25.502
2026-03-30 12:00:00,5.2713,1.25747,0.992355,4.27895,0.327465,0.094289,0.100661,26.519
2026-03-30 13:00:00,3.50619,0.959549,0.49592,3.01027,0.283839,0.076983,0.088758,19.293
2026-03-30 14:00:00,5.0798,1.67983,1.26622,3.81358,0.278321,0.091815,0.094215,22.145
2026-03-30 15:00:00,3.58623,1.04616,0.553413,3.03281,0.279102,0.075635,0.091433,21.378
2026-03-30 16:00:00,3.61244,0.916863,0.40188,3.21056,0.275368,0.082771,0.091689,20.041
2026-03-30 17:00:00,7.91969,1.52419,0.782527,7.13717,0.310581,0.148776,0.119182,36.337
2026-03-30 18:00:00,9.31331,1.62423,0.757409,8.55591,0.301274,0.175055,0.121274,43.238
2026-03-30 19:00:00,4.95031,0.925985,0.601932,4.34838,0.275369,0.102701,0.097089,28.985
2026-03-30 20:00:00,4.8085,0.969847,0.54953,4.25897,0.294482,0.118494,0.110186,28.722
2026-03-30 21:00:00,4.45715,1.03945,0.489449,3.9677,0.26529,0.187602,0.106343,23.2
2026-03-30 22:00:00,4.98024,1.39346,0.434243,4.546,0.285678,0.124345,0.089226,23.049
2026-03-30 23:00:00,3.90144,1.28421,0.391952,3.50949,0.229696,0.095876,0.073847,18.939
2026-03-31 00:00:00,2.5322,0.905003,0.152124,2.38007,0.210685,0.144922,0.081884,11.837
2026-03-31 01:00:00,1.45465,0.616378,0.092853,1.3618,0.210497,0.056027,0.062816,8.325
2026-03-31 02:00:00,0.765612,0.377521,0.046767,0.718845,0.14985,0.031676,0.053587,5.492
2026-03-31 03:00:00,0.909085,0.416248,0.037869,0.871216,0.133524,0.019858,0.04236,3.705
2026-03-31 04:00:00,0.961667,0.496216,0.05214,0.909527,0.171555,0.025505,0.044774,3.452
2026-03-31 05:00:00,0.445358,0.269261,0.030404,0.414954,0.140363,0.010643,0.039041,2.396
2026-03-31 06:00:00,1.32272,0.546576,0.163963,1.15875,0.206795,0.021243,0.055583,6.474
2026-03-31 07:00:00,3.96126,1.08172,0.26682,3.69444,0.260223,0.069579,0.082293,15.447
2026-03-31 08:00:00,4.79474,1.01756,0.393433,4.4013,0.263521,0.090148,0.097749,24.689
2026-03-31 09:00:00,2.97736,0.835398,0.290021,2.68734,0.269861,0.066112,0.093774,20.073
2026-03-31 10:00:00,2.68007,0.707143,0.333413,2.34666,0.271213,0.057213,0.090663,17.186
2026-03-31 11:00:00,4.8748,1.14271,0.451828,4.42297,0.303608,0.09786,0.100193,24.562
2026-03-31 12:00:00,5.2241,1.16923,0.565261,4.65884,0.306967,0.114011,0.103063,28.938
2026-03-31 13:00:00,4.62084,1.26598,0.486047,4.13479,0.283406,0.095815,0.097274,24.271
2026-03-31 14:00:00,4.0693,1.24443,0.746853,3.32245,0.262491,0.086791,0.095858,21.944
2026-03-31 15:00:00,4.06201,0.983537,0.405258,3.65675,0.256573,0.098201,0.096668,24.399
2026-03-31 16:00:00,4.80726,1.08272,0.426313,4.38095,0.281636,0.098629,0.095439,24.963
2026-03-31 17:00:00,5.38367,1.19319,0.620257,4.76341,0.295563,0.121559,0.108555,30.164
2026-03-31 18:00:00,6.71657,1.38372,1.00191,5.71467,0.322933,0.145479,0.112952,35.854
2026-03-31 19:00:00,6.25394,1.32219,0.662954,5.59099,0.293928,0.141937,0.104316,33.964
2026-03-31 20:00:00,4.44612,0.877293,0.784659,3.66147,0.311248,0.10618,0.096367,30.752
2026-03-31 21:00:00,2.88915,0.625086,0.56127,2.32788,0.286779,0.083821,0.089735,26.994
2026-03-31 22:00:00,3.20574,0.827075,0.726525,2.47922,0.245717,0.089884,0.076138,16.079
2026-03-31 23:00:00,4.53004,1.40859,0.251859,4.27818,0.209537,0.102207,0.074035,16.872
2026-04-01 00:00:00,2.05257,0.858816,0.154289,1.89828,0.202037,0.101688,0.066042,9.131
2026-04-01 01:00:00,0.746927,0.329042,0.092734,0.654193,0.191349,0.050291,0.055178,7.358
2026-04-01 02:00:00,1.72474,0.907758,0.512778,1.21196,0.201839,0.071111,0.055878,10.133
2026-04-01 03:00:00,0.769306,0.362538,0.072475,0.696831,0.143368,0.019408,0.042581,5.566
2026-04-01 04:00:00,1.03023,0.5377,0.362747,0.667487,0.141213,0.019128,0.047182,4.202
2026-04-01 05:00:00,1.17088,0.525529,0.09003,1.08085,0.14883,0.022423,0.048456,5.16
2026-04-01 06:00:00,2.66644,0.863486,0.390738,2.27571,0.239334,0.041184,0.062214,8.259
2026-04-01 07:00:00,3.81159,0.992085,0.312844,3.49875,0.253921,0.080527,0.085368,17.298
2026-04-01 08:00:00,6.20721,1.20763,0.584863,5.62235,0.272003,0.108876,0.097107,24.75
2026-04-01 09:00:00,3.38552,0.894693,0.304138,3.08138,0.271055,0.06675,0.088902,17.244
2026-04-01 10:00:00,4.22361,1.07745,0.658009,3.5656,0.285299,0.073896,0.094279,22.859
2026-04-01 11:00:00,4.67806,1.00734,0.611789,4.06628,0.312141,0.086496,0.104976,27.612
2026-04-01 12:00:00,6.32627,1.24142,0.636001,5.69027,0.315309,0.113108,0.101947,28.664
2026-04-01 13:00:00,6.0182,1.39117,0.590764,5.42744,0.271768,0.105971,0.102626,26.857
2026-04-01 14:00:00,4.84859,1.33423,0.32093,4.52766,0.261177,0.085491,0.096977,16.952
2026-04-01 15:00:00,3.44445,0.91559,0.350767,3.09368,0.274184,0.084208,0.100307,19.762
2026-04-01 16:00:00,4.85972,1.15159,0.461098,4.39862,0.283153,0.085722,0.099466,22.319
2026-04-01 17:00:00,5.94857,1.09188,0.568701,5.37986,0.289422,0.124871,0.116156,32.951
2026-04-01 18:00:00,6.16294,1.11931,0.927745,5.23519,0.333417,0.13332,0.124373,34.54
2026-04-01 19:00:00,4.20349,0.785993,0.611233,3.59226,0.310769,0.10447,0.104953,26.607
2026-04-01 20:00:00,4.72095,1.00232,0.688776,4.03217,0.304144,0.113948,0.102522,26.192
2026-04-01 21:00:00,3.52003,0.760266,0.410627,3.10941,0.271291,0.088934,0.084959,21.123
2026-04-01 22:00:00,2.62894,0.733932,0.308327,2.32062,0.246607,0.078143,0.077331,14.386
2026-04-01 23:00:00,4.15725,1.38483,0.321157,3.83609,0.225445,0.13513,0.077525,12.035
2026-04-02 00:00:00,3.60128,1.65958,0.177529,3.42375,0.229061,0.098057,0.066274,9.298
2026-04-02 01:00:00,4.17356,2.20125,0.104779,4.06878,0.201323,0.090562,0.062555,4.779
2026-04-02 02:00:00,8.76257,4.41217,0.158514,8.60405,0.16466,0.114192,0.054132,3.394
2026-04-02 03:00:00,1.18738,0.544668,0.080648,1.10673,0.151777,0.020146,0.041349,4.845
2026-04-02 04:00:00,0.439832,0.205337,0.022077,0.417755,0.154265,0.009916,0.039065,2.319
2026-04-02 05:00:00,0.580593,0.304295,0.04219,0.538403,0.150507,0.015232,0.041401,3.286
2026-04-02 06:00:00,1.01847,0.380027,0.095943,0.922531,0.233813,0.021513,0.057759,6.929
2026-04-02 07:00:00,3.1071,0.799151,0.317972,2.78913,0.27115,0.063328,0.088948,14.629
2026-04-02 08:00:00,5.36417,1.12409,0.551114,4.81306,0.262954,0.098607,0.105056,26.083
2026-04-02 09:00:00,4.74604,1.2132,0.931209,3.81483,0.261812,0.094518,0.102337,24.989
2026-04-02 10:00:00,3.56646,0.937063,0.50864,3.05782,0.303987,0.070759,0.097874,22.259
2026-04-02 11:00:00,5.56815,1.29432,0.518276,5.04987,0.299821,0.100888,0.104773,27.248
2026-04-02 12:00:00,7.50099,1.81271,0.538233,6.96275,0.248718,0.145348,0.11489,33.696
2026-04-02 13:00:00,4.29677,1.08614,0.569802,3.72697,0.259992,0.086885,0.092313,22.503
2026-04-02 14:00:00,6.48357,1.89911,0.39385,6.08972,0.248753,0.102984,0.104525,23.659
2026-04-02 15:00:00,4.0331,1.05138,0.504653,3.52845,0.280979,0.078373,0.093794,23.949
2026-04-02 16:00:00,6.15831,1.47046,1.53208,4.62622,0.317918,0.096729,0.097849,26.065
2026-04-02 17:00:00,5.99593,1.28945,1.06221,4.93372,0.331144,0.12949,0.115006,36.51
2026-04-02 18:00:00,7.17107,1.38118,0.690949,6.48012,0.297139,0.143067,0.113511,38.189
2026-04-02 19:00:00,6.23108,1.31847,0.749806,5.48128,0.291042,0.132224,0.10705,34.844
2026-04-02 20:00:00,5.06345,1.08425,0.594612,4.46883,0.265615,0.111784,0.097503,28.765
2026-04-02 21:00:00,3.30439,0.797007,0.405836,2.89856,0.260231,0.117672,0.093242,23.204
2026-04-02 22:00:00,3.52246,1.0403,0.427166,3.0953,0.241132,0.117747,0.079626,23.797
2026-04-02 23:00:00,4.18931,1.64158,0.32021,3.8691,0.244784,0.090619,0.068716,15.049
2026-04-03 00:00:00,2.58391,1.31163,0.368449,2.21546,0.124169,0.066819,0.05613,7.486
2026-04-03 01:00:00,1.45174,0.702001,0.33275,1.11899,0.064702,0.051289,0.036926,5.623
2026-04-03 02:00:00,0.766494,0.451942,0.036515,0.729979,0.035933,0.023623,0.028304,2.866
2026-04-03 03:00:00,4.57304,3.22045,0.174922,4.39812,0.037898,0.044152,0.029495,3.003
2026-04-03 04:00:00,0.474139,0.283576,0.034822,0.439317,0.025476,0.029213,0.025952,3.12
2026-04-03 05:00:00,1.65507,0.896572,0.067956,1.58712,0.032524,0.030792,0.029583,3.836
2026-04-03 06:00:00,1.47572,0.626367,0.123733,1.35199,0.052537,0.030108,0.041495,6.301
2026-04-03 07:00:00,3.61176,0.908389,0.430173,3.18158,0.099875,0.066212,0.064606,16.758
2026-04-03 08:00:00,6.68616,1.3803,0.851688,5.83447,0.144051,0.122578,0.094863,27.417
2026-04-03 09:00:00,4.25733,1.28776,0.34673,3.9106,0.107216,0.103275,0.081474,16.931
2026-04-03 10:00:00,2.97707,0.865426,0.3258,2.65127,0.106112,0.06997,0.079193,19.208
2026-04-03 11:00:00,3.86839,0.939386,0.726946,3.14145,0.134179,0.098966,0.087959,23.956
2026-04-03 12:00:00,6.02166,1.56488,0.610126,5.41154,0.151733,0.141907,0.094845,29.49
2026-04-03 13:00:00,4.70129,1.1908,0.635575,4.06572,0.155696,0.118872,0.092595,22.922
2026-04-03 14:00:00,4.87446,1.15235,0.503553,4.3709,0.129732,0.117404,0.091885,25.832
2026-04-03 15:00:00,3.9121,0.855665,0.689854,3.22224,0.133696,0.081121,0.079085,21.708
2026-04-03 16:00:00,4.28033,0.873538,0.467757,3.81258,0.132385,0.091591,0.08266,24.594
2026-04-03 17:00:00,6.09152,1.11322,0.780186,5.31133,0.171528,0.130075,0.10161,33.679
2026-04-03 18:00:00,6.67752,1.27288,0.806969,5.87056,0.14823,0.146539,0.094911,35.012
2026-04-03 19:00:00,5.17865,1.15081,0.446285,4.73236,0.121978,0.135296,0.08785,26.955
2026-04-03 20:00:00,3.72768,0.908305,0.479763,3.24792,0.114889,0.089358,0.072431,25.946
2026-04-03 21:00:00,2.9516,0.755658,0.343752,2.60785,0.112171,0.104969,0.080531,22.004
2026-04-03 22:00:00,5.20843,1.55013,1.79628,3.41215,0.1595,0.114181,0.07185,24.34
2026-04-03 23:00:00,3.19277,1.10476,0.475368,2.7174,0.093894,0.082176,0.05554,17.559
2026-04-04 00:00:00,3.80451,1.47576,0.607241,3.19727,0.080351,0.079928,0.050923,16.195
2026-04-04 01:00:00,1.74443,0.743575,0.095031,1.6494,0.069194,0.059637,0.044994,8.901
2026-04-04 02:00:00,1.37489,0.788352,0.213658,1.16123,0.054511,0.047733,0.036007,8.959
2026-04-04 03:00:00,0.252672,0.126716,0.049477,0.203195,0.034057,0.015581,0.027916,5.302
2026-04-04 04:00:00,0.156613,0.083483,0.029004,0.127609,0.034603,0.013855,0.027878,4.659
2026-04-04 05:00:00,0.285734,0.151182,0.047396,0.238338,0.041794,0.015116,0.032335,5.282
2026-04-04 06:00:00,0.884771,0.459861,0.097477,0.787294,0.050049,0.021656,0.035517,7.77
2026-04-04 07:00:00,2.94208,1.01732,0.179992,2.76209,0.070192,0.051892,0.050744,11.816
2026-04-04 08:00:00,3.60847,0.916321,0.326126,3.28234,0.089998,0.065429,0.063548,17.336
2026-04-04 09:00:00,3.41019,0.83216,0.433988,2.9762,0.098964,0.070889,0.067166,16.836
2026-04-04 10:00:00,3.4876,0.927552,0.343658,3.14394,0.107729,0.071346,0.074317,20.704
2026-04-04 11:00:00,12.5714,3.11635,0.687692,11.8837,0.130644,0.212077,0.108366,25.007
2026-04-04 12:00:00,8.90024,2.12214,0.935753,7.96449,0.16539,0.147683,0.087662,27.936
2026-04-04 13:00:00,4.91112,1.24458,0.651689,4.25943,0.156038,0.115613,0.08641,24.402
2026-04-04 14:00:00,5.6343,1.31889,0.488453,5.14585,0.116469,0.102351,0.076357,18.648
2026-04-04 15:00:00,8.55271,2.07188,0.892112,7.6606,0.135539,0.156408,0.09149,22.848
2026-04-04 16:00:00,3.72555,0.799474,0.554689,3.17086,0.118754,0.079044,0.07236,22.003
2026-04-04 17:00:00,5.14145,1.09766,0.501156,4.6403,0.118381,0.095018,0.075073,24.553
2026-04-04 18:00:00,6.40965,1.53414,0.611552,5.79809,0.128445,0.116376,0.079578,23.804
2026-04-04 19:00:00,6.70758,1.4919,0.80115,5.90643,0.12331,0.120415,0.086772,30.74
2026-04-04 20:00:00,6.97518,1.92898,0.65804,6.31714,0.144268,0.14591,0.08573,33.417
2026-04-04 21:00:00,4.82408,1.39505,0.789239,4.03484,0.129263,0.10253,0.072195,22.149
2026-04-04 22:00:00,4.10842,1.38145,0.485133,3.62329,0.10699,0.089972,0.059534,15.412
2026-04-04 23:00:00,2.61105,0.970651,0.259738,2.35131,0.075787,0.064281,0.049986,10.954
2026-04-05 00:00:00,1.59355,0.656323,0.22347,1.37008,0.065606,0.056339,0.049662,7.823
2026-04-05 01:00:00,1.30835,0.576875,0.079568,1.22879,0.060819,0.050102,0.041223,5.411
2026-04-05 02:00:00,0.985357,0.503247,0.232223,0.753134,0.037611,0.030743,0.029606,3.661
2026-04-05 03:00:00,1.48969,0.638255,0.19474,1.29495,0.041956,0.030855,0.031131,5.155
2026-04-05 04:00:00,0.246101,0.09797,0.029364,0.216737,0.026348,0.013637,0.025914,2.321
2026-04-05 05:00:00,0.483319,0.264398,0.027045,0.456274,0.022497,0.012475,0.023234,2.102
2026-04-05 06:00:00,0.842614,0.390461,0.066315,0.776299,0.039019,0.02405,0.032753,4.383
2026-04-05 07:00:00,0.807202,0.411838,0.07922,0.727982,0.049199,0.021219,0.040159,7.169
2026-04-05 08:00:00,3.62847,0.923275,0.408806,3.21966,0.097809,0.07049,0.068048,19.507
2026-04-05 09:00:00,4.57193,1.23432,0.589361,3.98257,0.111742,0.079202,0.072678,18.985
2026-04-05 10:00:00,4.71025,1.33586,0.38066,4.32959,0.10368,0.087623,0.068644,19.112
2026-04-05 11:00:00,4.62781,1.25279,0.418385,4.20942,0.110161,0.087555,0.074296,19.811
2026-04-05 12:00:00,4.22644,1.07488,0.509202,3.71724,0.1232,0.084545,0.06908,21.079
2026-04-05 13:00:00,4.83619,1.3524,0.634733,4.20146,0.117128,0.09074,0.07431,21.609
2026-04-05 14:00:00,4.87942,1.6125,0.815099,4.06432,0.122631,0.082504,0.069115,18.787
2026-04-05 15:00:00,4.72179,1.46367,0.724321,3.99747,0.135202,0.096163,0.073525,22.778
2026-04-05 16:00:00,6.39263,1.77672,0.576309,5.81632,0.123405,0.110996,0.076599,21.664
2026-04-05 17:00:00,4.19617,1.23927,0.722135,3.47403,0.119621,0.085849,0.070513,18.587
2026-04-05 18:00:00,5.54909,1.50138,0.821337,4.72776,0.169875,0.102304,0.078946,23.964
2026-04-05 19:00:00,4.95545,1.34586,0.608629,4.34682,0.128876,0.097087,0.07286,27.155
2026-04-05 20:00:00,7.29934,2.24043,0.530123,6.76921,0.115374,0.103163,0.07372,24.678
2026-04-05 21:00:00,4.74791,1.61714,0.46068,4.28723,0.115011,0.104274,0.071798,18.512
2026-04-05 22:00:00,2.99859,1.17684,0.296618,2.70197,0.081508,0.067343,0.055826,14.312
2026-04-05 23:00:00,3.69352,1.57573,0.310898,3.38262,0.075361,0.067683,0.054436,12.222
2026-04-06 00:00:00,2.5895,1.41503,0.160292,2.42921,0.059435,0.055591,0.043159,8.405
2026-04-06 01:00:00,2.10812,1.19915,0.158007,1.95011,0.047105,0.050046,0.03743,6.685
2026-04-06 02:00:00,0.924941,0.602175,0.067088,0.857853,0.03667,0.030158,0.030123,3.343
2026-04-06 03:00:00,0.582113,0.327397,0.043285,0.538828,0.023896,0.018499,0.025109,2.667
2026-04-06 04:00:00,0.963256,0.518438,0.043521,0.919735,0.02769,0.022636,0.025749,2.957
2026-04-06 05:00:00,1.28682,0.755179,0.035637,1.25119,0.026485,0.015643,0.025592,3.151
2026-04-06 06:00:00,0.874925,0.446846,0.050147,0.824778,0.031304,0.01837,0.029239,3.766
2026-04-06 07:00:00,2.17231,0.822223,0.157924,2.01439,0.059658,0.036835,0.045385,8.964
2026-04-06 08:00:00,3.86808,1.02006,0.244893,3.62319,0.089537,0.072984,0.065873,19.231
2026-04-06 09:00:00,3.1711,0.778374,0.508398,2.6627,0.111412,0.061585,0.06715,15.647
2026-04-06 10:00:00,3.35279,0.728234,0.393353,2.95943,0.110805,0.070482,0.069734,19.165
2026-04-06 11:00:00,3.3697,0.785845,0.364674,3.00503,0.112339,0.083374,0.077062,20.614
2026-04-06 12:00:00,7.22683,1.66134,0.672075,6.55476,0.16219,0.130823,0.091834,31.24
2026-04-06 13:00:00,5.57471,1.31977,0.336032,5.23867,0.111496,0.099849,0.077047,22.834
2026-04-06 14:00:00,7.71826,1.81606,0.941606,6.77665,0.150319,0.117802,0.077006,24.785
2026-04-06 15:00:00,5.80332,1.37,0.562854,5.24047,0.123972,0.118567,0.089258,25.484
2026-04-06 16:00:00,5.27333,1.1646,0.465405,4.80792,0.115529,0.094307,0.077226,24.039
2026-04-06 17:00:00,4.97628,0.956609,0.724463,4.25182,0.141702,0.093727,0.078337,26.314
2026-04-06 18:00:00,6.1151,1.22302,0.812131,5.30297,0.152644,0.118429,0.080376,28.658
2026-04-06 19:00:00,4.70456,0.953884,0.748733,3.95582,0.137773,0.096674,0.080182,25.367
2026-04-06 20:00:00,4.87149,1.12091,0.515617,4.35587,0.141472,0.102768,0.078684,22.344
2026-04-06 21:00:00,3.87554,1.02964,0.423197,3.45235,0.123738,0.089692,0.068835,18.771
2026-04-06 22:00:00,3.18202,1.02911,0.378507,2.80351,0.093165,0.080832,0.060191,15.856
2026-04-06 23:00:00,2.61321,0.945446,0.285759,2.32746,0.068309,0.071304,0.049037,10.084
2026-04-07 00:00:00,2.31463,1.07557,0.216904,2.09772,0.071949,0.070241,0.052893,10.322
2026-04-07 01:00:00,0.887464,0.498016,0.1256,0.761864,0.05912,0.053481,0.048201,8.791
2026-04-07 02:00:00,0.938252,0.513829,0.059089,0.879163,0.056861,0.052486,0.045211,4.83
2026-04-07 03:00:00,1.18445,0.54035,0.042501,1.14195,0.040574,0.045302,0.032294,2.958
2026-04-07 04:00:00,0.766517,0.365008,0.095773,0.670744,0.034291,0.02207,0.02881,3.594
2026-04-07 05:00:00,0.250306,0.147239,0.015656,0.23465,0.02287,0.013445,0.024697,1.762
2026-04-07 06:00:00,1.17243,0.524812,0.100016,1.07241,0.055434,0.030879,0.044135,5.604
2026-04-07 07:00:00,3.37422,0.873698,0.300533,3.07369,0.102126,0.064482,0.064965,15.486
2026-04-07 08:00:00,4.67464,1.01622,0.697267,3.97737,0.108906,0.142075,0.084138,21.381
2026-04-07 09:00:00,4.54487,1.27665,0.428597,4.11627,0.107779,0.092464,0.080307,18.658
2026-04-07 10:00:00,3.57323,0.959515,0.639472,2.93376,0.112772,0.071334,0.074344,16.74
2026-04-07 11:00:00,4.73435,1.1337,0.886519,3.84783,0.148695,0.096564,0.088972,23.25
2026-04-07 12:00:00,3.31466,0.664527,0.454923,2.85974,0.137242,0.086887,0.083515,23.283
2026-04-07 13:00:00,4.55362,1.02652,0.391516,4.16211,0.127747,0.093659,0.080438,22.009
2026-04-07 14:00:00,3.90383,0.974983,0.453372,3.45046,0.114024,0.077293,0.079559,20.765
2026-04-07 15:00:00,4.06843,0.913022,0.402823,3.6656,0.108528,0.075354,0.075974,19.25
2026-04-07 16:00:00,3.14255,0.817522,0.380149,2.76241,0.11844,0.065529,0.07581,18.664
2026-04-07 17:00:00,6.17853,1.23818,0.667435,5.5111,0.143315,0.117259,0.094016,29.963
2026-04-07 18:00:00,5.49469,1.04901,0.830931,4.66376,0.15179,0.123011,0.092226,31.368
2026-04-07 19:00:00,5.787,1.12456,0.916609,4.87039,0.169616,0.126346,0.099617,33.593
2026-04-07 20:00:00,4.41447,0.918534,0.68983,3.72464,0.167961,0.106849,0.105098,32.71
2026-04-07 21:00:00,3.51759,0.7803,0.420677,3.09691,0.107436,0.088908,0.073025,22.838
2026-04-07 22:00:00,4.47795,1.19988,0.39242,4.08553,0.102367,0.099237,0.065993,21.098
2026-04-07 23:00:00,3.94909,1.46046,0.307414,3.64167,0.085864,0.098711,0.066491,15.632
2026-04-08 00:00:00,3.65409,1.66853,0.158717,3.49537,0.073749,0.09991,0.054323,9.34
2026-04-08 01:00:00,2.05663,0.902821,0.181121,1.8755,0.065697,0.052167,0.045834,7.01
2026-04-08 02:00:00,0.992281,0.453097,0.0593,0.932981,0.047931,0.042332,0.042449,5.702
2026-04-08 03:00:00,0.397052,0.179499,0.027005,0.370047,0.024697,0.015181,0.026098,3.128
2026-04-08 04:00:00,1.63238,0.724213,0.10374,1.52864,0.044523,0.031857,0.032205,6.057
2026-04-08 05:00:00,0.488621,0.248031,0.035191,0.45343,0.030993,0.012666,0.026497,2.636
2026-04-08 06:00:00,0.944024,0.415138,0.123551,0.820473,0.051725,0.024715,0.043496,6.188
2026-04-08 07:00:00,3.72756,0.964191,0.378202,3.34936,0.09459,0.065929,0.065425,17.679
2026-04-08 08:00:00,7.1506,1.5954,1.45632,5.69428,0.170904,0.118553,0.089642,26.863
2026-04-08 09:00:00,4.06155,1.2088,0.322034,3.73952,0.095406,0.072698,0.071763,17.983
2026-04-08 10:00:00,5.06327,1.46592,0.896685,4.16659,0.133392,0.079548,0.080529,25.269
2026-04-08 11:00:00,3.92585,0.865869,0.43764,3.48821,0.126001,0.101334,0.09158,22.923
2026-04-08 12:00:00,5.07475,1.10513,0.48209,4.59267,0.132426,0.101162,0.085926,28.218
2026-04-08 13:00:00,5.34299,1.30635,0.541764,4.80122,0.133491,0.110043,0.085395,29.925
2026-04-08 14:00:00,4.4145,1.21277,0.740408,3.67409,0.143778,0.083877,0.082361,22.233
2026-04-08 15:00:00,4.4331,1.21655,0.487296,3.9458,0.133204,0.09794,0.096585,24.386
2026-04-08 16:00:00,3.59637,0.857095,0.502258,3.09411,0.119684,0.078561,0.082146,23.273
2026-04-08 17:00:00,6.44431,1.37055,0.75348,5.69083,0.15486,0.122953,0.097166,29.99
2026-04-08 18:00:00,6.20658,1.27132,0.709489,5.49709,0.163733,0.165142,0.11387,40.44
2026-04-08 19:00:00,5.87527,1.26513,0.533568,5.3417,0.137677,0.107512,0.088687,27.13
2026-04-08 20:00:00,4.4129,1.07684,0.785517,3.62738,0.129783,0.103832,0.080264,28.629
2026-04-08 21:00:00,4.88678,1.35518,0.661788,4.22499,0.122909,0.097077,0.069018,25.345
2026-04-08 22:00:00,4.21302,1.23694,0.394766,3.81826,0.097778,0.096683,0.067712,23.631
2026-04-08 23:00:00,3.85488,1.46685,0.19453,3.66035,0.078486,0.085936,0.059208,14.706
2026-04-09 00:00:00,1.76315,0.714983,0.103072,1.66008,0.062614,0.0465,0.048161,8.451
2026-04-09 01:00:00,1.36338,0.646766,0.069615,1.29377,0.047894,0.049778,0.043706,5.228
2026-04-09 02:00:00,0.515004,0.283281,0.037985,0.477019,0.032656,0.028903,0.029325,3.002
2026-04-09 03:00:00,0.275928,0.137141,0.028174,0.247754,0.021059,0.030034,0.025013,2.442
2026-04-09 04:00:00,0.664408,0.316385,0.051709,0.612699,0.038562,0.028958,0.02989,5.071
2026-04-09 05:00:00,0.543523,0.27873,0.031322,0.512201,0.024789,0.010294,0.025196,2.486
2026-04-09 06:00:00,0.52429,0.189274,0.054768,0.469522,0.038449,0.012373,0.036782,4.203
2026-04-09 07:00:00,3.7483,0.932876,0.250153,3.49814,0.084763,0.067409,0.065112,15.229
2026-04-09 08:00:00,3.91303,0.809146,0.396083,3.51695,0.112137,0.087119,0.085935,22.185
2026-04-09 09:00:00,2.61783,0.703717,0.240227,2.3776,0.098021,0.072242,0.08093,17.242
2026-04-09 10:00:00,2.90281,0.826542,0.37233,2.53049,0.105183,0.070446,0.073298,17.676
2026-04-09 11:00:00,4.23602,1.02966,0.593411,3.64261,0.12556,0.086231,0.084798,22.766
2026-04-09 12:00:00,6.1512,1.42257,0.549995,5.6012,0.143972,0.121678,0.091871,28.782
2026-04-09 13:00:00,4.27269,1.10749,0.470453,3.80223,0.115711,0.084149,0.079458,22.562
2026-04-09 14:00:00,4.10917,1.09403,0.444423,3.66475,0.103448,0.078703,0.078962,18.9
2026-04-09 15:00:00,5.27763,1.38812,0.351849,4.92578,0.113708,0.095764,0.082208,22.771
2026-04-09 16:00:00,4.65502,1.13316,0.521502,4.13352,0.127861,0.08733,0.084877,26.588
2026-04-09 17:00:00,7.61496,1.51031,0.810739,6.80423,0.156007,0.134054,0.09691,33.876
2026-04-09 18:00:00,6.88522,1.33954,0.65727,6.22795,0.166796,0.142776,0.107878,35.932
2026-04-09 19:00:00,5.78432,1.15918,0.557711,5.22661,0.136767,0.119292,0.090467,30.3
2026-04-09 20:00:00,6.41459,1.16714,0.925698,5.48889,0.146477,0.126528,0.084921,29.451
2026-04-09 21:00:00,4.79435,1.06399,0.507927,4.28642,0.132501,0.115225,0.081689,26.594
2026-04-09 22:00:00,3.50038,1.0229,0.732181,2.76819,0.109936,0.083334,0.063289,21.446
2026-04-09 23:00:00,3.61216,1.23704,0.432165,3.18,0.092457,0.0881,0.063605,14.716
2026-04-10 00:00:00,3.36496,1.39163,0.196338,3.16862,0.068853,0.065675,0.047635,12.366
2026-04-10 01:00:00,0.948459,0.478054,0.097749,0.85071,0.045659,0.032593,0.035315,5.993
2026-04-10 02:00:00,1.25195,0.66735,0.088513,1.16343,0.045179,0.039538,0.034547,5.98
2026-04-10 03:00:00,2.22774,1.00986,0.11955,2.10819,0.060444,0.055957,0.046175,12.051
2026-04-10 04:00:00,0.943685,0.483445,0.090018,0.853667,0.045413,0.028261,0.032862,8.002
2026-04-10 05:00:00,0.493072,0.247527,0.045575,0.447497,0.035952,0.014217,0.034216,4.324
2026-04-10 06:00:00,1.32876,0.545916,0.106568,1.22219,0.060788,0.03034,0.045178,8.284
2026-04-10 07:00:00,3.73127,0.955265,0.270354,3.46091,0.090417,0.066805,0.064648,15.429
2026-04-10 08:00:00,5.87,1.27831,0.461966,5.40804,0.122745,0.105581,0.08352,24.968
2026-04-10 09:00:00,3.73091,1.04449,0.463209,3.2677,0.107038,0.070699,0.075218,21.341
2026-04-10 10:00:00,3.42914,0.865944,0.284232,3.14491,0.0974,0.067612,0.078189,18.608
2026-04-10 11:00:00,4.0776,0.867575,0.574809,3.50279,0.133524,0.081824,0.085423,23.855
2026-04-10 12:00:00,5.75162,1.15033,0.572338,5.17929,0.163203,0.126416,0.096152,30.743
2026-04-10 13:00:00,4.8423,1.20816,0.487663,4.35464,0.153665,0.097595,0.082534,24.415
2026-04-10 14:00:00,4.6909,1.4189,0.656591,4.0343,0.119437,0.084174,0.079402,24.8
2026-04-10 15:00:00,5.16425,1.37274,0.907021,4.25723,0.140773,0.098525,0.088734,25.101
2026-04-10 16:00:00,4.79477,1.15592,0.640813,4.15396,0.130367,0.106504,0.085621,21.542
2026-04-10 17:00:00,5.99126,1.2133,0.677161,5.3141,0.157259,0.12878,0.100293,35.667
2026-04-10 18:00:00,10.0961,1.82701,1.35728,8.73878,0.198258,0.190282,0.111677,46.16
2026-04-10 19:00:00,7.5223,1.52273,0.980396,6.54191,0.170854,0.153215,0.100556,44.927
2026-04-10 20:00:00,5.81934,1.32078,0.653365,5.16598,0.138019,0.126997,0.088213,30.678
2026-04-10 21:00:00,6.59079,1.53132,1.10705,5.48374,0.15879,0.122889,0.083365,27.449
2026-04-10 22:00:00,6.85837,1.83379,1.10423,5.75414,0.16127,0.118973,0.074674,25.341
2026-04-10 23:00:00,7.41555,2.49514,1.10621,6.30934,0.142167,0.142911,0.0716,25.892
2026-04-11 00:00:00,4.66742,1.70344,0.649053,4.01836,0.116551,0.094118,0.062422,17.913
2026-04-11 01:00:00,1.3812,0.695467,0.149255,1.23194,0.065759,0.067564,0.051059,7.851
2026-04-11 02:00:00,1.00119,0.551315,0.069276,0.931913,0.042626,0.037337,0.034007,4.719
2026-04-11 03:00:00,0.746556,0.341205,0.055281,0.691275,0.03486,0.018406,0.029273,4.274
2026-04-11 04:00:00,0.614726,0.293286,0.036119,0.578607,0.031805,0.016794,0.028231,2.976
2026-04-11 05:00:00,0.291602,0.161105,0.021998,0.269604,0.021795,0.009007,0.022881,2.099
2026-04-11 06:00:00,1.44146,0.630008,0.099106,1.34235,0.045652,0.024765,0.035878,5.51
2026-04-11 07:00:00,2.76802,0.823816,0.189732,2.57829,0.073089,0.05947,0.052159,11.773
2026-04-11 08:00:00,5.06683,1.09152,0.379346,4.68749,0.103487,0.096802,0.072957,21.691
2026-04-11 09:00:00,5.52486,1.23378,0.401198,5.12366,0.115857,0.109153,0.083206,25.317
2026-04-11 10:00:00,4.82502,1.00063,0.441627,4.38339,0.129404,0.119908,0.086291,24.582
2026-04-11 11:00:00,5.03008,0.983975,0.441405,4.58868,0.124727,0.108939,0.079052,25.043
2026-04-11 12:00:00,6.78619,1.38891,0.674079,6.11211,0.179159,0.138944,0.091266,32.14
2026-04-11 13:00:00,7.43349,1.55253,0.687341,6.74615,0.146719,0.140612,0.085969,31.014
2026-04-11 14:00:00,4.87396,1.05956,0.467164,4.4068,0.126299,0.116941,0.085647,27.116
2026-04-11 15:00:00,4.42246,0.854746,0.514562,3.90789,0.144735,0.092208,0.079069,24.081
2026-04-11 16:00:00,5.45337,1.00764,0.698718,4.75465,0.137936,0.098409,0.0824,28.454
2026-04-11 17:00:00,7.02264,1.14899,0.819789,6.20285,0.152319,0.124654,0.098243,34.304
2026-04-11 18:00:00,5.47851,1.00192,0.816388,4.66212,0.161648,0.126321,0.091587,30.662
2026-04-11 19:00:00,7.22672,1.49436,0.70605,6.52067,0.159049,0.138073,0.098019,32.802
2026-04-11 20:00:00,4.56278,0.954556,0.8833,3.67948,0.158545,0.109203,0.086351,30.268
2026-04-11 21:00:00,6.04271,1.24901,1.09643,4.94628,0.163698,0.14126,0.083684,32.405
2026-04-11 22:00:00,6.27747,1.48054,1.13788,5.13959,0.148268,0.138671,0.086242,26.519
2026-04-11 23:00:00,6.84424,2.29827,0.599487,6.24475,0.102248,0.115085,0.064281,22.409
2026-04-12 00:00:00,6.06409,2.65503,0.280638,5.78345,0.092156,0.175941,0.081266,17.505
2026-04-12 01:00:00,2.08014,1.09251,0.134681,1.94546,0.047379,0.067636,0.046655,8.882
2026-04-12 02:00:00,1.02428,0.498678,0.056251,0.968033,0.054176,0.087154,0.043007,4.383
2026-04-12 03:00:00,0.492513,0.24025,0.037643,0.45487,0.029384,0.024277,0.028315,2.328
2026-04-12 04:00:00,0.718144,0.314424,0.042124,0.67602,0.033934,0.025094,0.027652,3.127
2026-04-12 05:00:00,0.230125,0.119856,0.020547,0.209578,0.021624,0.007112,0.022791,2.472
2026-04-12 06:00:00,1.20412,0.499636,0.121258,1.08286,0.048732,0.024655,0.036501,7.29
2026-04-12 07:00:00,3.87651,1.10191,0.250575,3.62593,0.081997,0.064195,0.060334,14.1
2026-04-12 08:00:00,4.18863,0.945516,0.411026,3.77761,0.108784,0.080687,0.073002,18.586
2026-04-12 09:00:00,4.27358,0.889218,0.372966,3.90061,0.119855,0.095038,0.074964,19.252
2026-04-12 10:00:00,3.99352,0.765336,0.511813,3.48171,0.136564,0.099403,0.084079,25.294
2026-04-12 11:00:00,5.55349,1.16621,0.442962,5.11053,0.139595,0.136377,0.089942,24.469
2026-04-12 12:00:00,5.29142,1.06253,0.47156,4.81986,0.128417,0.1136,0.081556,24.738
2026-04-12 13:00:00,4.24538,0.8863,0.3787,3.86668,0.114558,0.087882,0.072814,20.374
2026-04-12 14:00:00,5.85534,1.31818,0.658105,5.19723,0.163903,0.133846,0.081028,24.053
2026-04-12 15:00:00,5.32701,1.22629,0.56151,4.7655,0.173457,0.130524,0.084973,24.554
2026-04-12 16:00:00,7.07568,1.521,0.667354,6.40832,0.15703,0.14338,0.090124,27.634
2026-04-12 17:00:00,6.79277,1.36346,1.44443,5.34833,0.195166,0.116176,0.085964,28.587
2026-04-12 18:00:00,7.54731,1.67942,1.15531,6.392,0.19353,0.149166,0.096013,32.602
2026-04-12 19:00:00,3.9383,0.827374,0.578378,3.35992,0.136358,0.084959,0.077744,23.927
2026-04-12 20:00:00,3.44909,0.814232,0.403366,3.04572,0.114217,0.082093,0.071761,21.887
2026-04-12 21:00:00,5.75305,1.37239,0.931175,4.82187,0.164793,0.119528,0.076388,26.181
2026-04-12 22:00:00,6.87832,1.90324,1.16515,5.71317,0.151342,0.12846,0.071307,24.537
2026-04-12 23:00:00,4.91346,1.55588,0.835976,4.07749,0.121602,0.0957,0.060457,20.1
2026-04-13 00:00:00,3.48645,1.19073,0.369793,3.11665,0.076938,0.077258,0.048914,13.088
2026-04-13 01:00:00,1.30366,0.494934,0.095662,1.20799,0.048621,0.040511,0.035478,6.879
2026-04-13 02:00:00,1.27566,0.606303,0.068351,1.20731,0.037044,0.022389,0.030448,6.791
2026-04-13 03:00:00,0.919943,0.383949,0.093996,0.825947,0.031122,0.021395,0.027881,3.382
2026-04-13 04:00:00,0.780099,0.322089,0.051773,0.728326,0.027274,0.018485,0.026092,2.523
2026-04-13 05:00:00,0.62527,0.291365,0.105095,0.520175,0.026143,0.012609,0.026306,3.176
2026-04-13 06:00:00,1.62082,0.521166,0.109098,1.51173,0.054583,0.027649,0.041046,7.243
2026-04-13 07:00:00,4.03408,0.995577,0.389328,3.64475,0.103633,0.08224,0.070798,21.116
2026-04-13 08:00:00,4.08565,0.849054,0.408095,3.67755,0.108566,0.081901,0.078623,20.751
2026-04-13 09:00:00,2.94366,0.832482,0.266857,2.6768,0.095691,0.070112,0.07457,17.725
2026-04-13 10:00:00,3.00883,0.802785,0.382249,2.62659,0.105054,0.070304,0.076464,22.279
2026-04-13 11:00:00,3.64343,0.87709,0.432317,3.21111,0.114273,0.069806,0.0769,21.243
2026-04-13 12:00:00,4.7328,1.03021,0.803974,3.92882,0.131889,0.098236,0.083894,23.836
2026-04-13 13:00:00,4.57744,1.24794,0.448879,4.12856,0.11279,0.082526,0.072263,19.5
2026-04-13 14:00:00,4.45486,1.20532,0.365814,4.08904,0.10644,0.083201,0.086645,22.045
2026-04-13 15:00:00,3.25547,0.823752,0.319458,2.93601,0.094761,0.057868,0.07025,15.222
2026-04-13 16:00:00,4.1171,0.979795,0.581015,3.53608,0.127362,0.093746,0.078604,21.619
2026-04-13 17:00:00,5.40119,1.03909,0.599763,4.80143,0.144946,0.120975,0.097879,30.204
2026-04-13 18:00:00,6.57552,1.28982,1.05052,5.525,0.190454,0.151785,0.103063,35.422
2026-04-13 19:00:00,5.9949,1.23504,0.862112,5.13279,0.177266,0.136734,0.090042,31.579
2026-04-13 20:00:00,5.82153,1.25356,0.746515,5.07501,0.186329,0.128901,0.088,27.39
2026-04-13 21:00:00,4.37287,1.06448,0.645959,3.72691,0.149012,0.103505,0.075506,20.228
2026-04-13 22:00:00,4.97669,1.51451,0.581533,4.39515,0.141448,0.133209,0.072632,24.73
2026-04-13 23:00:00,4.4963,1.48983,0.647641,3.84866,0.128428,0.100271,0.063943,16.541
2026-04-14 00:00:00,2.71217,1.16103,0.177296,2.53487,0.066167,0.058848,0.041245,8.825
2026-04-14 01:00:00,1.07038,0.563954,0.184211,0.886173,0.067768,0.047521,0.039225,10.074
2026-04-14 02:00:00,1.10221,0.592584,0.063381,1.03882,0.036745,0.02987,0.029795,3.143
2026-04-14 03:00:00,0.160014,0.070928,0.031423,0.128591,0.01803,0.007656,0.022283,1.667
2026-04-14 04:00:00,0.636776,0.256764,0.048279,0.588497,0.031421,0.015306,0.028835,4.228
2026-04-14 05:00:00,0.884262,0.478496,0.068911,0.815351,0.03202,0.015747,0.027475,4.403
2026-04-14 06:00:00,1.25144,0.456065,0.086281,1.16516,0.05203,0.024825,0.040404,6.662
2026-04-14 07:00:00,4.62758,1.04507,0.417181,4.2104,0.113206,0.090138,0.072719,20.008
2026-04-14 08:00:00,5.5622,1.1023,0.367214,5.19498,0.116868,0.108122,0.085844,23.935
2026-04-14 09:00:00,4.78632,1.31565,0.538831,4.24749,0.11764,0.089063,0.088301,23.829
2026-04-14 10:00:00,3.79421,0.932696,0.469489,3.32472,0.119189,0.087781,0.080968,22.025
2026-04-14 11:00:00,3.42396,0.745636,0.624063,2.7999,0.137281,0.078045,0.085672,24.639
2026-04-14 12:00:00,5.18573,1.12979,0.790236,4.39549,0.166467,0.102652,0.083031,27.128
2026-04-14 13:00:00,3.96462,1.04773,0.432701,3.53192,0.113201,0.080204,0.08075,22.264
2026-04-14 14:00:00,4.29596,1.23235,0.432356,3.8636,0.105886,0.071332,0.073873,19.688
2026-04-14 15:00:00,3.73688,1.02156,0.472571,3.26431,0.131242,0.080097,0.087654,23.454
2026-04-14 16:00:00,4.5778,1.05968,0.45932,4.11848,0.130322,0.091229,0.089986,25.646
2026-04-14 17:00:00,6.1785,1.2382,0.6674,5.5111,0.1433,0.1173,0.094,29.963
2026-04-14 18:00:00,5.4947,1.049,0.8309,4.6638,0.1518,0.123,0.0922,31.368
2026-04-14 19:00:00,5.787,1.1246,0.9166,4.8704,0.1696,0.1263,0.0996,33.593
2026-04-14 20:00:00,4.4145,0.9185,0.6898,3.7246,0.168,0.1068,0.1051,32.71
2026-04-14 21:00:00,3.5176,0.7803,0.4207,3.0969,0.1074,0.0889,0.073,22.838
2026-04-14 22:00:00,4.478,1.1999,0.3924,4.0855,0.1024,0.0992,0.066,21.098
2026-04-14 23:00:00,3.9491,1.4605,0.3074,3.6417,0.0859,0.0987,0.0665,15.632
2026-04-15 00:00:00,3.6541,1.6685,0.1587,3.4954,0.0737,0.0999,0.0543,9.34
2026-04-15 01:00:00,2.0566,0.9028,0.1811,1.8755,0.0657,0.0522,0.0458,7.01
2026-04-15 02:00:00,0.9923,0.4531,0.0593,0.933,0.0479,0.0423,0.0424,5.702
2026-04-15 03:00:00,0.3971,0.1795,0.027,0.37,0.0247,0.0152,0.0261,3.128
2026-04-15 04:00:00,1.6324,0.7242,0.1037,1.5286,0.0445,0.0319,0.0322,6.057
2026-04-15 05:00:00,0.4886,0.248,0.0352,0.4534,0.031,0.0127,0.0265,2.636
2026-04-15 06:00:00,0.944,0.4151,0.1236,0.8205,0.0517,0.0247,0.0435,6.188
2026-04-15 07:00:00,3.7276,0.9642,0.3782,3.3494,0.0946,0.0659,0.0654,17.679
2026-04-15 08:00:00,7.1506,1.5954,1.4563,5.6943,0.1709,0.1186,0.0896,26.863
2026-04-15 09:00:00,4.0616,1.2088,0.322,3.7395,0.0954,0.0727,0.0718,17.983
2026-04-15 10:00:00,5.0633,1.4659,0.8967,4.1666,0.1334,0.0795,0.0805,25.269
2026-04-15 11:00:00,3.9259,0.8659,0.4376,3.4882,0.126,0.1013,0.0916,22.923
2026-04-15 12:00:00,5.0748,1.1051,0.4821,4.5927,0.1324,0.1012,0.0859,28.218
2026-04-15 13:00:00,5.343,1.3064,0.5418,4.8012,0.1335,0.11,0.0854,29.925
2026-04-15 14:00:00,4.4145,1.2128,0.7404,3.6741,0.1438,0.0839,0.0824,22.233
2026-04-15 15:00:00,4.4331,1.2165,0.4873,3.9458,0.1332,0.0979,0.0966,24.386
2026-04-15 16:00:00,3.5964,0.8571,0.5023,3.0941,0.1197,0.0786,0.0821,23.273
2026-04-15 17:00:00,6.4443,1.3705,0.7535,5.6908,0.1549,0.123,0.0972,29.99
2026-04-15 18:00:00,6.2066,1.2713,0.7095,5.4971,0.1637,0.1651,0.1139,40.44
2026-04-15 19:00:00,5.8753,1.2651,0.5336,5.3417,0.1377,0.1075,0.0887,27.13
2026-04-15 20:00:00,4.4129,1.0768,0.7855,3.6274,0.1298,0.1038,0.0803,28.629
2026-04-15 21:00:00,4.8868,1.3552,0.6618,4.225,0.1229,0.0971,0.069,25.345
2026-04-15 22:00:00,4.213,1.2369,0.3948,3.8183,0.0978,0.0967,0.0677,23.631
2026-04-15 23:00:00,3.8549,1.4668,0.1945,3.6603,0.0785,0.0859,0.0592,14.706
2026-04-16 00:00:00,1.7631,0.715,0.1031,1.6601,0.0626,0.0465,0.0482,8.451
2026-04-16 01:00:00,1.3634,0.6468,0.0696,1.2938,0.0479,0.0498,0.0437,5.228
2026-04-16 02:00:00,0.515,0.2833,0.038,0.477,0.0327,0.0289,0.0293,3.002
2026-04-16 03:00:00,0.2759,0.1371,0.0282,0.2478,0.0211,0.03,0.025,2.442
2026-04-16 04:00:00,0.6644,0.3164,0.0517,0.6127,0.0386,0.029,0.0299,5.071
2026-04-16 05:00:00,0.5435,0.2787,0.0313,0.5122,0.0248,0.0103,0.0252,2.486
2026-04-16 06:00:00,0.5243,0.1893,0.0548,0.4695,0.0384,0.0124,0.0368,4.203
2026-04-16 07:00:00,3.7483,0.9329,0.2502,3.4981,0.0848,0.0674,0.0651,15.229
2026-04-16 08:00:00,3.913,0.8091,0.3961,3.5169,0.1121,0.0871,0.0859,22.185
2026-04-16 09:00:00,2.6178,0.7037,0.2402,2.3776,0.098,0.0722,0.0809,17.242
2026-04-16 10:00:00,2.9028,0.8265,0.3723,2.5305,0.1052,0.0704,0.0733,17.676
2026-04-16 11:00:00,4.236,1.0297,0.5934,3.6426,0.1256,0.0862,0.0848,22.766
2026-04-16 12:00:00,6.1512,1.4226,0.55,5.6012,0.144,0.1217,0.0919,28.782
2026-04-16 13:00:00,4.2727,1.1075,0.4705,3.8022,0.1157,0.0841,0.0795,22.562
2026-04-16 14:00:00,4.1092,1.094,0.4444,3.6647,0.1034,0.0787,0.079,18.9
2026-04-16 15:00:00,5.2776,1.3881,0.3518,4.9258,0.1137,0.0958,0.0822,22.771
2026-04-16 16:00:00,4.655,1.1332,0.5215,4.1335,0.1279,0.0873,0.0849,26.588
2026-04-16 17:00:00,7.615,1.5103,0.8107,6.8042,0.156,0.1341,0.0969,33.876
2026-04-16 18:00:00,6.8852,1.3395,0.6573,6.2279,0.1668,0.1428,0.1079,35.932
2026-04-16 19:00:00,5.7843,1.1592,0.5577,5.2266,0.1368,0.1193,0.0905,30.3
2026-04-16 20:00:00,6.4146,1.1671,0.9257,5.4889,0.1465,0.1265,0.0849,29.451
2026-04-16 21:00:00,4.7943,1.064,0.5079,4.2864,0.1325,0.1152,0.0817,26.594
2026-04-16 22:00:00,3.5004,1.0229,0.7322,2.7682,0.1099,0.0833,0.0633,21.446
2026-04-16 23:00:00,3.6122,1.237,0.4322,3.18,0.0925,0.0881,0.0636,14.716
2026-04-17 00:00:00,3.365,1.3916,0.1963,3.1686,0.0689,0.0657,0.0476,12.366
2026-04-17 01:00:00,0.9485,0.4781,0.0977,0.8507,0.0457,0.0326,0.0353,5.993
2026-04-17 02:00:00,1.2519,0.6674,0.0885,1.1634,0.0452,0.0395,0.0345,5.98
2026-04-17 03:00:00,2.2277,1.0099,0.1196,2.1082,0.0604,0.056,0.0462,12.051
2026-04-17 04:00:00,0.9437,0.4834,0.09,0.8537,0.0454,0.0283,0.0329,8.002
2026-04-17 05:00:00,0.4931,0.2475,0.0456,0.4475,0.036,0.0142,0.0342,4.324
2026-04-17 06:00:00,1.3288,0.5459,0.1066,1.2222,0.0608,0.0303,0.0452,8.284
2026-04-17 07:00:00,3.7313,0.9553,0.2704,3.4609,0.0904,0.0668,0.0646,15.429
2026-04-17 08:00:00,5.87,1.2783,0.462,5.408,0.1227,0.1056,0.0835,24.968
2026-04-17 09:00:00,3.7309,1.0445,0.4632,3.2677,0.107,0.0707,0.0752,21.341
2026-04-17 10:00:00,3.4291,0.8659,0.2842,3.1449,0.0974,0.0676,0.0782,18.608
2026-04-17 11:00:00,4.0776,0.8676,0.5748,3.5028,0.1335,0.0818,0.0854,23.855
2026-04-17 12:00:00,5.7516,1.1503,0.5723,5.1793,0.1632,0.1264,0.0962,30.743
2026-04-17 13:00:00,4.8423,1.2082,0.4877,4.3546,0.1537,0.0976,0.0825,24.415
2026-04-17 14:00:00,4.6909,1.4189,0.6566,4.0343,0.1194,0.0842,0.0794,24.8
2026-04-17 15:00:00,5.1643,1.3727,0.907,4.2572,0.1408,0.0985,0.0887,25.101
2026-04-17 16:00:00,4.7948,1.1559,0.6408,4.154,0.1304,0.1065,0.0856,21.542
2026-04-17 17:00:00,5.9913,1.2133,0.6772,5.3141,0.1573,0.1288,0.1003,35.667
2026-04-17 18:00:00,10.0961,1.827,1.3573,8.7388,0.1983,0.1903,0.1117,46.16
2026-04-17 19:00:00,7.5223,1.5227,0.9804,6.5419,0.1709,0.1532,0.1006,44.927
2026-04-17 20:00:00,5.8193,1.3208,0.6534,5.166,0.138,0.127,0.0882,30.678
2026-04-17 21:00:00,6.5908,1.5313,1.1071,5.4837,0.1588,0.1229,0.0834,27.449
2026-04-17 22:00:00,6.8584,1.8338,1.1042,5.7541,0.1613,0.119,0.0747,25.341
2026-04-17 23:00:00,7.4155,2.4951,1.1062,6.3093,0.1422,0.1429,0.0716,25.892
2026-04-18 00:00:00,4.6674,1.7034,0.6491,4.0184,0.1166,0.0941,0.0624,17.913
2026-04-18 01:00:00,1.3812,0.6955,0.1493,1.2319,0.0658,0.0676,0.0511,7.851
2026-04-18 02:00:00,1.0012,0.5513,0.0693,0.9319,0.0426,0.0373,0.034,4.719
2026-04-18 03:00:00,0.7466,0.3412,0.0553,0.6913,0.0349,0.0184,0.0293,4.274
2026-04-18 04:00:00,0.6147,0.2933,0.0361,0.5786,0.0318,0.0168,0.0282,2.976
2026-04-18 05:00:00,0.2916,0.1611,0.022,0.2696,0.0218,0.009,0.0229,2.099
2026-04-18 06:00:00,1.4415,0.63,0.0991,1.3424,0.0457,0.0248,0.0359,5.51
2026-04-18 07:00:00,2.768,0.8238,0.1897,2.5783,0.0731,0.0595,0.0522,11.773
2026-04-18 08:00:00,5.0668,1.0915,0.3793,4.6875,0.1035,0.0968,0.073,21.691
2026-04-18 09:00:00,5.5249,1.2338,0.4012,5.1237,0.1159,0.1092,0.0832,25.317
2026-04-18 10:00:00,4.825,1.0006,0.4416,4.3834,0.1294,0.1199,0.0863,24.582
2026-04-18 11:00:00,5.0301,0.984,0.4414,4.5887,0.1247,0.1089,0.0791,25.043
2026-04-18 12:00:00,6.7862,1.3889,0.6741,6.1121,0.1792,0.1389,0.0913,32.14
2026-04-18 13:00:00,7.4335,1.5525,0.6873,6.7462,0.1467,0.1406,0.086,31.014
2026-04-18 14:00:00,4.874,1.0596,0.4672,4.4068,0.1263,0.1169,0.0856,27.116
2026-04-18 15:00:00,4.4225,0.8547,0.5146,3.9079,0.1447,0.0922,0.0791,24.081
2026-04-18 16:00:00,5.4534,1.0076,0.6987,4.7547,0.1379,0.0984,0.0824,28.454
2026-04-18 17:00:00,7.0226,1.149,0.8198,6.2028,0.1523,0.1247,0.0982,34.304
2026-04-18 18:00:00,5.4785,1.0019,0.8164,4.6621,0.1616,0.1263,0.0916,30.662
2026-04-18 19:00:00,7.2267,1.4944,0.7061,6.5207,0.159,0.1381,0.098,32.802
2026-04-18 20:00:00,4.5628,0.9546,0.8833,3.6795,0.1585,0.1092,0.0864,30.268
2026-04-18 21:00:00,6.0427,1.249,1.0964,4.9463,0.1637,0.1413,0.0837,32.405
2026-04-18 22:00:00,6.2775,1.4805,1.1379,5.1396,0.1483,0.1387,0.0862,26.519
2026-04-18 23:00:00,6.8442,2.2983,0.5995,6.2448,0.1022,0.1151,0.0643,22.409
2026-04-19 00:00:00,6.0641,2.655,0.2806,5.7834,0.0922,0.1759,0.0813,17.505
2026-04-19 01:00:00,2.0801,1.0925,0.1347,1.9455,0.0474,0.0676,0.0467,8.882
2026-04-19 02:00:00,1.0243,0.4987,0.0563,0.968,0.0542,0.0872,0.043,4.383
2026-04-19 03:00:00,0.4925,0.2403,0.0376,0.4549,0.0294,0.0243,0.0283,2.328
2026-04-19 04:00:00,0.7181,0.3144,0.0421,0.676,0.0339,0.0251,0.0277,3.127
2026-04-19 05:00:00,0.2301,0.1199,0.0205,0.2096,0.0216,0.0071,0.0228,2.472
2026-04-19 06:00:00,1.2041,0.4996,0.1213,1.0829,0.0487,0.0247,0.0365,7.29
2026-04-19 07:00:00,3.8765,1.1019,0.2506,3.6259,0.082,0.0642,0.0603,14.1
2026-04-19 08:00:00,4.1886,0.9455,0.411,3.7776,0.1088,0.0807,0.073,18.586
2026-04-19 09:00:00,4.2736,0.8892,0.373,3.9006,0.1199,0.095,0.075,19.252
2026-04-19 10:00:00,3.9935,0.7653,0.5118,3.4817,0.1366,0.0994,0.0841,25.294
2026-04-19 11:00:00,5.5535,1.1662,0.443,5.1105,0.1396,0.1364,0.0899,24.469
2026-04-19 12:00:00,5.2914,1.0625,0.4716,4.8199,0.1284,0.1136,0.0816,24.738
2026-04-19 13:00:00,4.2454,0.8863,0.3787,3.8667,0.1146,0.0879,0.0728,20.374
2026-04-19 14:00:00,5.8553,1.3182,0.6581,5.1972,0.1639,0.1338,0.081,24.053
2026-04-19 15:00:00,5.327,1.2263,0.5615,4.7655,0.1735,0.1305,0.085,24.554
2026-04-19 16:00:00,7.0757,1.521,0.6674,6.4083,0.157,0.1434,0.0901,27.634
2026-04-19 17:00:00,6.7928,1.3635,1.4444,5.3483,0.1952,0.1162,0.086,28.587
2026-04-19 18:00:00,7.5473,1.6794,1.1553,6.392,0.1935,0.1492,0.096,32.602
2026-04-19 19:00:00,3.9383,0.8274,0.5784,3.3599,0.1364,0.085,0.0777,23.927
2026-04-19 20:00:00,3.4491,0.8142,0.4034,3.0457,0.1142,0.0821,0.0718,21.887
2026-04-19 21:00:00,5.753,1.3724,0.9312,4.8219,0.1648,0.1195,0.0764,26.181
2026-04-19 22:00:00,6.8783,1.9032,1.1651,5.7132,0.1513,0.1285,0.0713,24.537
2026-04-19 23:00:00,4.9135,1.5559,0.836,4.0775,0.1216,0.0957,0.0605,20.1
2026-04-20 00:00:00,3.4864,1.1907,0.3698,3.1167,0.0769,0.0773,0.0489,13.088
2026-04-20 01:00:00,1.3037,0.4949,0.0957,1.208,0.0486,0.0405,0.0355,6.879
2026-04-20 02:00:00,1.2757,0.6063,0.0684,1.2073,0.037,0.0224,0.0304,6.791
2026-04-20 03:00:00,0.9199,0.3839,0.094,0.8259,0.0311,0.0214,0.0279,3.382
2026-04-20 04:00:00,0.7801,0.3221,0.0518,0.7283,0.0273,0.0185,0.0261,2.523
2026-04-20 05:00:00,0.6253,0.2914,0.1051,0.5202,0.0261,0.0126,0.0263,3.176
2026-04-20 06:00:00,1.6208,0.5212,0.1091,1.5117,0.0546,0.0276,0.041,7.243
2026-04-20 07:00:00,4.0341,0.9956,0.3893,3.6448,0.1036,0.0822,0.0708,21.116
2026-04-20 08:00:00,4.0857,0.8491,0.4081,3.6776,0.1086,0.0819,0.0786,20.751
2026-04-20 09:00:00,2.9437,0.8325,0.2669,2.6768,0.0957,0.0701,0.0746,17.725
2026-04-20 10:00:00,3.0088,0.8028,0.3822,2.6266,0.1051,0.0703,0.0765,22.279
2026-04-20 11:00:00,3.6434,0.8771,0.4323,3.2111,0.1143,0.0698,0.0769,21.243
2026-04-20 12:00:00,4.7328,1.0302,0.804,3.9288,0.1319,0.0982,0.0839,23.836
2026-04-20 13:00:00,4.5774,1.2479,0.4489,4.1286,0.1128,0.0825,0.0723,19.5
2026-04-20 14:00:00,4.4549,1.2053,0.3658,4.089,0.1064,0.0832,0.0866,22.045
2026-04-20 15:00:00,3.2555,0.8238,0.3195,2.936,0.0948,0.0579,0.0703,15.222
2026-04-20 16:00:00,4.1171,0.9798,0.581,3.5361,0.1274,0.0937,0.0786,21.619
2026-04-20 17:00:00,5.4012,1.0391,0.5998,4.8014,0.1449,0.121,0.0979,30.204
2026-04-20 18:00:00,6.5755,1.2898,1.0505,5.525,0.1905,0.1518,0.1031,35.422
2026-04-20 19:00:00,5.9949,1.235,0.8621,5.1328,0.1773,0.1367,0.09,31.579
2026-04-20 20:00:00,5.8215,1.2536,0.7465,5.075,0.1863,0.1289,0.088,27.39
2026-04-20 21:00:00,4.3729,1.0645,0.646,3.7269,0.149,0.1035,0.0755,20.228
2026-04-20 22:00:00,4.9767,1.5145,0.5815,4.3952,0.1414,0.1332,0.0726,24.73
2026-04-20 23:00:00,4.4963,1.4898,0.6476,3.8487,0.1284,0.1003,0.0639,16.541
2026-04-21 00:00:00,2.7122,1.161,0.1773,2.5349,0.0662,0.0588,0.0412,8.825
2026-04-21 01:00:00,1.0704,0.564,0.1842,0.8862,0.0678,0.0475,0.0392,10.074
2026-04-21 02:00:00,1.1022,0.5926,0.0634,1.0388,0.0367,0.0299,0.0298,3.143
2026-04-21 03:00:00,0.16,0.0709,0.0314,0.1286,0.018,0.0077,0.0223,1.667
2026-04-21 04:00:00,0.6368,0.2568,0.0483,0.5885,0.0314,0.0153,0.0288,4.228
2026-04-21 05:00:00,0.8843,0.4785,0.0689,0.8154,0.032,0.0157,0.0275,4.403
2026-04-21 06:00:00,1.2514,0.4561,0.0863,1.1652,0.052,0.0248,0.0404,6.662
2026-04-21 07:00:00,4.6276,1.0451,0.4172,4.2104,0.1132,0.0901,0.0727,20.008
2026-04-21 08:00:00,5.5622,1.1023,0.3672,5.195,0.1169,0.1081,0.0858,23.935
2026-04-21 09:00:00,4.7863,1.3156,0.5388,4.2475,0.1176,0.0891,0.0883,23.829
2026-04-21 10:00:00,3.7942,0.9327,0.4695,3.3247,0.1192,0.0878,0.081,22.025
2026-04-21 11:00:00,3.424,0.7456,0.6241,2.7999,0.1373,0.078,0.0857,24.639
2026-04-21 12:00:00,5.1857,1.1298,0.7902,4.3955,0.1665,0.1027,0.083,27.128
2026-04-21 13:00:00,3.9646,1.0477,0.4327,3.5319,0.1132,0.0802,0.0807,22.264
2026-04-21 14:00:00,4.296,1.2323,0.4324,3.8636,0.1059,0.0713,0.0739,19.688
2026-04-21 15:00:00,3.7369,1.0216,0.4726,3.2643,0.1312,0.0801,0.0877,23.454
2026-04-21 16:00:00,4.5778,1.0597,0.4593,4.1185,0.1303,0.0912,0.09,25.646
2026-04-21 17:00:00,6.1785,1.2382,0.6674,5.5111,0.1433,0.1173,0.094,29.963
2026-04-21 18:00:00,5.4947,1.049,0.8309,4.6638,0.1518,0.123,0.0922,31.368
2026-04-21 19:00:00,5.787,1.1246,0.9166,4.8704,0.1696,0.1263,0.0996,33.593
2026-04-21 20:00:00,4.4145,0.9185,0.6898,3.7246,0.168,0.1068,0.1051,32.71
2026-04-21 21:00:00,3.5176,0.7803,0.4207,3.0969,0.1074,0.0889,0.073,22.838
2026-04-21 22:00:00,4.478,1.1999,0.3924,4.0855,0.1024,0.0992,0.066,21.098
2026-04-21 23:00:00,3.9491,1.4605,0.3074,3.6417,0.0859,0.0987,0.0665,15.632
2026-04-22 00:00:00,3.6541,1.6685,0.1587,3.4954,0.0737,0.0999,0.0543,9.34
2026-04-22 01:00:00,2.0566,0.9028,0.1811,1.8755,0.0657,0.0522,0.0458,7.01
2026-04-22 02:00:00,0.9923,0.4531,0.0593,0.933,0.0479,0.0423,0.0424,5.702
2026-04-22 03:00:00,0.3971,0.1795,0.027,0.37,0.0247,0.0152,0.0261,3.128
2026-04-22 04:00:00,1.6324,0.7242,0.1037,1.5286,0.0445,0.0319,0.0322,6.057
2026-04-22 05:00:00,0.4886,0.248,0.0352,0.4534,0.031,0.0127,0.0265,2.636
2026-04-22 06:00:00,0.944,0.4151,0.1236,0.8205,0.0517,0.0247,0.0435,6.188
2026-04-22 07:00:00,3.7276,0.9642,0.3782,3.3494,0.0946,0.0659,0.0654,17.679
2026-04-22 08:00:00,7.1506,1.5954,1.4563,5.6943,0.1709,0.1186,0.0896,26.863
2026-04-22 09:00:00,4.0616,1.2088,0.322,3.7395,0.0954,0.0727,0.0718,17.983
2026-04-22 10:00:00,5.0633,1.4659,0.8967,4.1666,0.1334,0.0795,0.0805,25.269
2026-04-22 11:00:00,3.9259,0.8659,0.4376,3.4882,0.126,0.1013,0.0916,22.923
2026-04-22 12:00:00,5.0748,1.1051,0.4821,4.5927,0.1324,0.1012,0.0859,28.218
2026-04-22 13:00:00,5.343,1.3064,0.5418,4.8012,0.1335,0.11,0.0854,29.925
2026-04-22 14:00:00,4.4145,1.2128,0.7404,3.6741,0.1438,0.0839,0.0824,22.233
2026-04-22 15:00:00,4.4331,1.2165,0.4873,3.9458,0.1332,0.0979,0.0966,24.386
2026-04-22 16:00:00,3.5964,0.8571,0.5023,3.0941,0.1197,0.0786,0.0821,23.273
2026-04-22 17:00:00,6.4443,1.3705,0.7535,5.6908,0.1549,0.123,0.0972,29.99
2026-04-22 18:00:00,6.2066,1.2713,0.7095,5.4971,0.1637,0.1651,0.1139,40.44
2026-04-22 19:00:00,5.8753,1.2651,0.5336,5.3417,0.1377,0.1075,0.0887,27.13
2026-04-22 20:00:00,4.4129,1.0768,0.7855,3.6274,0.1298,0.1038,0.0803,28.629
2026-04-22 21:00:00,4.8868,1.3552,0.6618,4.225,0.1229,0.0971,0.069,25.345
2026-04-22 22:00:00,4.213,1.2369,0.3948,3.8183,0.0978,0.0967,0.0677,23.631
2026-04-22 23:00:00,3.8549,1.4668,0.1945,3.6603,0.0785,0.0859,0.0592,14.706
2026-04-23 00:00:00,1.7631,0.715,0.1031,1.6601,0.0626,0.0465,0.0482,8.451
2026-04-23 01:00:00,1.3634,0.6468,0.0696,1.2938,0.0479,0.0498,0.0437,5.228
2026-04-23 02:00:00,0.515,0.2833,0.038,0.477,0.0327,0.0289,0.0293,3.002
2026-04-23 03:00:00,0.2759,0.1371,0.0282,0.2478,0.0211,0.03,0.025,2.442
2026-04-23 04:00:00,0.6644,0.3164,0.0517,0.6127,0.0386,0.029,0.0299,5.071
2026-04-23 05:00:00,0.5435,0.2787,0.0313,0.5122,0.0248,0.0103,0.0252,2.486
2026-04-23 06:00:00,0.5243,0.1893,0.0548,0.4695,0.0384,0.0124,0.0368,4.203
2026-04-23 07:00:00,3.7483,0.9329,0.2502,3.4981,0.0848,0.0674,0.0651,15.229
2026-04-23 08:00:00,3.913,0.8091,0.3961,3.5169,0.1121,0.0871,0.0859,22.185
2026-04-23 09:00:00,2.6178,0.7037,0.2402,2.3776,0.098,0.0722,0.0809,17.242
2026-04-23 10:00:00,2.9028,0.8265,0.3723,2.5305,0.1052,0.0704,0.0733,17.676
2026-04-23 11:00:00,4.236,1.0297,0.5934,3.6426,0.1256,0.0862,0.0848,22.766
2026-04-23 12:00:00,6.1512,1.4226,0.55,5.6012,0.144,0.1217,0.0919,28.782
2026-04-23 13:00:00,4.2727,1.1075,0.4705,3.8022,0.1157,0.0841,0.0795,22.562
2026-04-23 14:00:00,4.1092,1.094,0.4444,3.6647,0.1034,0.0787,0.079,18.9
2026-04-23 15:00:00,5.2776,1.3881,0.3518,4.9258,0.1137,0.0958,0.0822,22.771
2026-04-23 16:00:00,4.655,1.1332,0.5215,4.1335,0.1279,0.0873,0.0849,26.588
2026-04-23 17:00:00,7.615,1.5103,0.8107,6.8042,0.156,0.1341,0.0969,33.876
2026-04-23 18:00:00,6.8852,1.3395,0.6573,6.2279,0.1668,0.1428,0.1079,35.932
2026-04-23 19:00:00,5.7843,1.1592,0.5577,5.2266,0.1368,0.1193,0.0905,30.3
2026-04-23 20:00:00,6.4146,1.1671,0.9257,5.4889,0.1465,0.1265,0.0849,29.451
2026-04-23 21:00:00,4.7943,1.064,0.5079,4.2864,0.1325,0.1152,0.0817,26.594
2026-04-23 22:00:00,3.5004,1.0229,0.7322,2.7682,0.1099,0.0833,0.0633,21.446
2026-04-23 23:00:00,3.6122,1.237,0.4322,3.18,0.0925,0.0881,0.0636,14.716
2026-04-24 00:00:00,3.365,1.3916,0.1963,3.1686,0.0689,0.0657,0.0476,12.366
2026-04-24 01:00:00,0.9485,0.4781,0.0977,0.8507,0.0457,0.0326,0.0353,5.993
2026-04-24 02:00:00,1.2519,0.6674,0.0885,1.1634,0.0452,0.0395,0.0345,5.98
2026-04-24 03:00:00,2.2277,1.0099,0.1196,2.1082,0.0604,0.056,0.0462,12.051
2026-04-24 04:00:00,0.9437,0.4834,0.09,0.8537,0.0454,0.0283,0.0329,8.002
2026-04-24 05:00:00,0.4931,0.2475,0.0456,0.4475,0.036,0.0142,0.0342,4.324
2026-04-24 06:00:00,1.3288,0.5459,0.1066,1.2222,0.0608,0.0303,0.0452,8.284
2026-04-24 07:00:00,3.7313,0.9553,0.2704,3.4609,0.0904,0.0668,0.0646,15.429
2026-04-24 08:00:00,5.87,1.2783,0.462,5.408,0.1227,0.1056,0.0835,24.968
2026-04-24 09:00:00,3.7309,1.0445,0.4632,3.2677,0.107,0.0707,0.0752,21.341
2026-04-24 10:00:00,3.4291,0.8659,0.2842,3.1449,0.0974,0.0676,0.0782,18.608
2026-04-24 11:00:00,4.0776,0.8676,0.5748,3.5028,0.1335,0.0818,0.0854,23.855
2026-04-24 12:00:00,5.7516,1.1503,0.5723,5.1793,0.1632,0.1264,0.0962,30.743
2026-04-24 13:00:00,4.8423,1.2082,0.4877,4.3546,0.1537,0.0976,0.0825,24.415
2026-04-24 14:00:00,4.6909,1.4189,0.6566,4.0343,0.1194,0.0842,0.0794,24.8
2026-04-24 15:00:00,5.1643,1.3727,0.907,4.2572,0.1408,0.0985,0.0887,25.101
2026-04-24 16:00:00,4.7948,1.1559,0.6408,4.154,0.1304,0.1065,0.0856,21.542
2026-04-24 17:00:00,5.9913,1.2133,0.6772,5.3141,0.1573,0.1288,0.1003,35.667
2026-04-24 18:00:00,10.0961,1.827,1.3573,8.7388,0.1983,0.1903,0.1117,46.16
2026-04-24 19:00:00,7.5223,1.5227,0.9804,6.5419,0.1709,0.1532,0.1006,44.927
2026-04-24 20:00:00,5.8193,1.3208,0.6534,5.166,0.138,0.127,0.0882,30.678
2026-04-24 21:00:00,6.5908,1.5313,1.1071,5.4837,0.1588,0.1229,0.0834,27.449
2026-04-24 22:00:00,6.8584,1.8338,1.1042,5.7541,0.1613,0.119,0.0747,25.341
2026-04-24 23:00:00,7.4155,2.4951,1.1062,6.3093,0.1422,0.1429,0.0716,25.892
2026-04-25 00:00:00,4.6674,1.7034,0.6491,4.0184,0.1166,0.0941,0.0624,17.913
2026-04-25 01:00:00,1.3812,0.6955,0.1493,1.2319,0.0658,0.0676,0.0511,7.851
2026-04-25 02:00:00,1.0012,0.5513,0.0693,0.9319,0.0426,0.0373,0.034,4.719
2026-04-25 03:00:00,0.7466,0.3412,0.0553,0.6913,0.0349,0.0184,0.0293,4.274
2026-04-25 04:00:00,0.6147,0.2933,0.0361,0.5786,0.0318,0.0168,0.0282,2.976
2026-04-25 05:00:00,0.2916,0.1611,0.022,0.2696,0.0218,0.009,0.0229,2.099
2026-04-25 06:00:00,1.4415,0.63,0.0991,1.3424,0.0457,0.0248,0.0359,5.51
2026-04-25 07:00:00,2.768,0.8238,0.1897,2.5783,0.0731,0.0595,0.0522,11.773
2026-04-25 08:00:00,5.0668,1.0915,0.3793,4.6875,0.1035,0.0968,0.073,21.691
2026-04-25 09:00:00,5.5249,1.2338,0.4012,5.1237,0.1159,0.1092,0.0832,25.317
2026-04-25 10:00:00,4.825,1.0006,0.4416,4.3834,0.1294,0.1199,0.0863,24.582
2026-04-25 11:00:00,5.0301,0.984,0.4414,4.5887,0.1247,0.1089,0.0791,25.043
2026-04-25 12:00:00,6.7862,1.3889,0.6741,6.1121,0.1792,0.1389,0.0913,32.14
2026-04-25 13:00:00,7.4335,1.5525,0.6873,6.7462,0.1467,0.1406,0.086,31.014
2026-04-25 14:00:00,4.874,1.0596,0.4672,4.4068,0.1263,0.1169,0.0856,27.116
2026-04-25 15:00:00,4.4225,0.8547,0.5146,3.9079,0.1447,0.0922,0.0791,24.081
2026-04-25 16:00:00,5.4534,1.0076,0.6987,4.7547,0.1379,0.0984,0.0824,28.454
2026-04-25 17:00:00,7.0226,1.149,0.8198,6.2028,0.1523,0.1247,0.0982,34.304
2026-04-25 18:00:00,5.4785,1.0019,0.8164,4.6621,0.1616,0.1263,0.0916,30.662
2026-04-25 19:00:00,7.2267,1.4944,0.7061,6.5207,0.159,0.1381,0.098,32.802
2026-04-25 20:00:00,4.5628,0.9546,0.8833,3.6795,0.1585,0.1092,0.0864,30.268
2026-04-25 21:00:00,6.0427,1.249,1.0964,4.9463,0.1637,0.1413,0.0837,32.405
2026-04-25 22:00:00,6.2775,1.4805,1.1379,5.1396,0.1483,0.1387,0.0862,26.519
2026-04-25 23:00:00,6.8442,2.2983,0.5995,6.2448,0.1022,0.1151,0.0643,22.409
2026-04-26 00:00:00,6.0641,2.655,0.2806,5.7834,0.0922,0.1759,0.0813,17.505
2026-04-26 01:00:00,2.0801,1.0925,0.1347,1.9455,0.0474,0.0676,0.0467,8.882
2026-04-26 02:00:00,1.0243,0.4987,0.0563,0.968,0.0542,0.0872,0.043,4.383
2026-04-26 03:00:00,0.4925,0.2403,0.0376,0.4549,0.0294,0.0243,0.0283,2.328
2026-04-26 04:00:00,0.7181,0.3144,0.0421,0.676,0.0339,0.0251,0.0277,3.127
2026-04-26 05:00:00,0.2301,0.1199,0.0205,0.2096,0.0216,0.0071,0.0228,2.472
2026-04-26 06:00:00,1.2041,0.4996,0.1213,1.0829,0.0487,0.0247,0.0365,7.29
2026-04-26 07:00:00,3.8765,1.1019,0.2506,3.6259,0.082,0.0642,0.0603,14.1
2026-04-26 08:00:00,4.1886,0.9455,0.411,3.7776,0.1088,0.0807,0.073,18.586
2026-04-26 09:00:00,4.2736,0.8892,0.373,3.9006,0.1199,0.095,0.075,19.252
2026-04-26 10:00:00,3.9935,0.7653,0.5118,3.4817,0.1366,0.0994,0.0841,25.294
2026-04-26 11:00:00,5.5535,1.1662,0.443,5.1105,0.1396,0.1364,0.0899,24.469
2026-04-26 12:00:00,5.2914,1.0625,0.4716,4.8199,0.1284,0.1136,0.0816,24.738
2026-04-26 13:00:00,4.2454,0.8863,0.3787,3.8667,0.1146,0.0879,0.0728,20.374
2026-04-26 14:00:00,5.8553,1.3182,0.6581,5.1972,0.1639,0.1338,0.081,24.053
2026-04-26 15:00:00,5.327,1.2263,0.5615,4.7655,0.1735,0.1305,0.085,24.554
2026-04-26 16:00:00,7.0757,1.521,0.6674,6.4083,0.157,0.1434,0.0901,27.634
2026-04-26 17:00:00,6.7928,1.3635,1.4444,5.3483,0.1952,0.1162,0.086,28.587
2026-04-26 18:00:00,7.5473,1.6794,1.1553,6.392,0.1935,0.1492,0.096,32.602
2026-04-26 19:00:00,3.9383,0.8274,0.5784,3.3599,0.1364,0.085,0.0777,23.927
2026-04-26 20:00:00,3.4491,0.8142,0.4034,3.0457,0.1142,0.0821,0.0718,21.887
2026-04-26 21:00:00,5.753,1.3724,0.9312,4.8219,0.1648,0.1195,0.0764,26.181
2026-04-26 22:00:00,6.8783,1.9032,1.1651,5.7132,0.1513,0.1285,0.0713,24.537
2026-04-26 23:00:00,4.9135,1.5559,0.836,4.0775,0.1216,0.0957,0.0605,20.1
2026-04-27 00:00:00,3.4864,1.1907,0.3698,3.1167,0.0769,0.0773,0.0489,13.088
2026-04-27 01:00:00,1.3037,0.4949,0.0957,1.208,0.0486,0.0405,0.0355,6.879
2026-04-27 02:00:00,1.2757,0.6063,0.0684,1.2073,0.037,0.0224,0.0304,6.791
2026-04-27 03:00:00,0.9199,0.3839,0.094,0.8259,0.0311,0.0214,0.0279,3.382
2026-04-27 04:00:00,0.7801,0.3221,0.0518,0.7283,0.0273,0.0185,0.0261,2.523
2026-04-27 05:00:00,0.6253,0.2914,0.1051,0.5202,0.0261,0.0126,0.0263,3.176
2026-04-27 06:00:00,1.6208,0.5212,0.1091,1.5117,0.0546,0.0276,0.041,7.243
2026-04-27 07:00:00,4.0341,0.9956,0.3893,3.6448,0.1036,0.0822,0.0708,21.116
2026-04-27 08:00:00,4.0857,0.8491,0.4081,3.6776,0.1086,0.0819,0.0786,20.751
2026-04-27 09:00:00,2.9437,0.8325,0.2669,2.6768,0.0957,0.0701,0.0746,17.725
2026-04-27 10:00:00,3.0088,0.8028,0.3822,2.6266,0.1051,0.0703,0.0765,22.279
2026-04-27 11:00:00,3.6434,0.8771,0.4323,3.2111,0.1143,0.0698,0.0769,21.243
2026-04-27 12:00:00,4.7328,1.0302,0.804,3.9288,0.1319,0.0982,0.0839,23.836
2026-04-27 13:00:00,4.5774,1.2479,0.4489,4.1286,0.1128,0.0825,0.0723,19.5
2026-04-27 14:00:00,4.4549,1.2053,0.3658,4.089,0.1064,0.0832,0.0866,22.045
2026-04-27 15:00:00,3.2555,0.8238,0.3195,2.936,0.0948,0.0579,0.0703,15.222
2026-04-27 16:00:00,4.1171,0.9798,0.581,3.5361,0.1274,0.0937,0.0786,21.619
2026-04-27 17:00:00,5.4012,1.0391,0.5998,4.8014,0.1449,0.121,0.0979,30.204
2026-04-27 18:00:00,6.5755,1.2898,1.0505,5.525,0.1905,0.1518,0.1031,35.422
2026-04-27 19:00:00,5.9949,1.235,0.8621,5.1328,0.1773,0.1367,0.09,31.579
2026-04-27 20:00:00,5.8215,1.2536,0.7465,5.075,0.1863,0.1289,0.088,27.39
2026-04-27 21:00:00,4.3729,1.0645,0.646,3.7269,0.149,0.1035,0.0755,20.228
2026-04-27 22:00:00,4.9767,1.5145,0.5815,4.3952,0.1414,0.1332,0.0726,24.73
2026-04-27 23:00:00,4.4963,1.4898,0.6476,3.8487,0.1284,0.1003,0.0639,16.541
2026-04-28 00:00:00,2.7122,1.161,0.1773,2.5349,0.0662,0.0588,0.0412,8.825
2026-04-28 01:00:00,1.0704,0.564,0.1842,0.8862,0.0678,0.0475,0.0392,10.074
2026-04-28 02:00:00,1.1022,0.5926,0.0634,1.0388,0.0367,0.0299,0.0298,3.143
2026-04-28 03:00:00,0.16,0.0709,0.0314,0.1286,0.018,0.0077,0.0223,1.667
2026-04-28 04:00:00,0.6368,0.2568,0.0483,0.5885,0.0314,0.0153,0.0288,4.228
2026-04-28 05:00:00,0.8843,0.4785,0.0689,0.8154,0.032,0.0157,0.0275,4.403
2026-04-28 06:00:00,1.2514,0.4561,0.0863,1.1652,0.052,0.0248,0.0404,6.662
2026-04-28 07:00:00,4.6276,1.0451,0.4172,4.2104,0.1132,0.0901,0.0727,20.008
2026-04-28 08:00:00,5.5622,1.1023,0.3672,5.195,0.1169,0.1081,0.0858,23.935
2026-04-28 09:00:00,4.7863,1.3156,0.5388,4.2475,0.1176,0.0891,0.0883,23.829
2026-04-28 10:00:00,3.7942,0.9327,0.4695,3.3247,0.1192,0.0878,0.081,22.025
2026-04-28 11:00:00,3.424,0.7456,0.6241,2.7999,0.1373,0.078,0.0857,24.639
2026-04-28 12:00:00,5.1857,1.1298,0.7902,4.3955,0.1665,0.1027,0.083,27.128
2026-04-28 13:00:00,3.9646,1.0477,0.4327,3.5319,0.1132,0.0802,0.0807,22.264
2026-04-28 14:00:00,4.296,1.2323,0.4324,3.8636,0.1059,0.0713,0.0739,19.688
2026-04-28 15:00:00,3.7369,1.0216,0.4726,3.2643,0.1312,0.0801,0.0877,23.454
2026-04-28 16:00:00,4.5778,1.0597,0.4593,4.1185,0.1303,0.0912,0.09,25.646
2026-04-28 17:00:00,6.1785,1.2382,0.6674,5.5111,0.1433,0.1173,0.094,29.963
2026-04-28 18:00:00,5.4947,1.049,0.8309,4.6638,0.1518,0.123,0.0922,31.368
2026-04-28 19:00:00,5.787,1.1246,0.9166,4.8704,0.1696,0.1263,0.0996,33.593
2026-04-28 20:00:00,4.4145,0.9185,0.6898,3.7246,0.168,0.1068,0.1051,32.71
2026-04-28 21:00:00,3.5176,0.7803,0.4207,3.0969,0.1074,0.0889,0.073,22.838
2026-04-28 22:00:00,4.478,1.1999,0.3924,4.0855,0.1024,0.0992,0.066,21.098
2026-04-28 23:00:00,3.9491,1.4605,0.3074,3.6417,0.0859,0.0987,0.0665,15.632
2026-04-29 00:00:00,3.6541,1.6685,0.1587,3.4954,0.0737,0.0999,0.0543,9.34
2026-04-29 01:00:00,2.0566,0.9028,0.1811,1.8755,0.0657,0.0522,0.0458,7.01
2026-04-29 02:00:00,0.9923,0.4531,0.0593,0.933,0.0479,0.0423,0.0424,5.702
2026-04-29 03:00:00,0.3971,0.1795,0.027,0.37,0.0247,0.0152,0.0261,3.128
2026-04-29 04:00:00,1.6324,0.7242,0.1037,1.5286,0.0445,0.0319,0.0322,6.057
2026-04-29 05:00:00,0.4886,0.248,0.0352,0.4534,0.031,0.0127,0.0265,2.636
2026-04-29 06:00:00,0.944,0.4151,0.1236,0.8205,0.0517,0.0247,0.0435,6.188
2026-04-29 07:00:00,3.7276,0.9642,0.3782,3.3494,0.0946,0.0659,0.0654,17.679
2026-04-29 08:00:00,7.1506,1.5954,1.4563,5.6943,0.1709,0.1186,0.0896,26.863
2026-04-29 09:00:00,4.0616,1.2088,0.322,3.7395,0.0954,0.0727,0.0718,17.983
2026-04-29 10:00:00,5.0633,1.4659,0.8967,4.1666,0.1334,0.0795,0.0805,25.269
2026-04-29 11:00:00,3.9259,0.8659,0.4376,3.4882,0.126,0.1013,0.0916,22.923
2026-04-29 12:00:00,5.0748,1.1051,0.4821,4.5927,0.1324,0.1012,0.0859,28.218
2026-04-29 13:00:00,5.343,1.3064,0.5418,4.8012,0.1335,0.11,0.0854,29.925
2026-04-29 14:00:00,4.4145,1.2128,0.7404,3.6741,0.1438,0.0839,0.0824,22.233
2026-04-29 15:00:00,4.4331,1.2165,0.4873,3.9458,0.1332,0.0979,0.0966,24.386
2026-04-29 16:00:00,3.5964,0.8571,0.5023,3.0941,0.1197,0.0786,0.0821,23.273
2026-04-29 17:00:00,6.4443,1.3705,0.7535,5.6908,0.1549,0.123,0.0972,29.99
2026-04-29 18:00:00,6.2066,1.2713,0.7095,5.4971,0.1637,0.1651,0.1139,40.44
2026-04-29 19:00:00,5.8753,1.2651,0.5336,5.3417,0.1377,0.1075,0.0887,27.13
2026-04-29 20:00:00,4.4129,1.0768,0.7855,3.6274,0.1298,0.1038,0.0803,28.629
2026-04-29 21:00:00,4.8868,1.3552,0.6618,4.225,0.1229,0.0971,0.069,25.345
2026-04-29 22:00:00,4.213,1.2369,0.3948,3.8183,0.0978,0.0967,0.0677,23.631
2026-04-29 23:00:00,3.8549,1.4668,0.1945,3.6603,0.0785,0.0859,0.0592,14.706
2026-04-30 00:00:00,1.7631,0.715,0.1031,1.6601,0.0626,0.0465,0.0482,8.451
2026-04-30 01:00:00,1.3634,0.6468,0.0696,1.2938,0.0479,0.0498,0.0437,5.228
2026-04-30 02:00:00,0.515,0.2833,0.038,0.477,0.0327,0.0289,0.0293,3.002
2026-04-30 03:00:00,0.2759,0.1371,0.0282,0.2478,0.0211,0.03,0.025,2.442
2026-04-30 04:00:00,0.6644,0.3164,0.0517,0.6127,0.0386,0.029,0.0299,5.071
2026-04-30 05:00:00,0.5435,0.2787,0.0313,0.5122,0.0248,0.0103,0.0252,2.486
2026-04-30 06:00:00,0.5243,0.1893,0.0548,0.4695,0.0384,0.0124,0.0368,4.203
2026-04-30 07:00:00,3.7483,0.9329,0.2502,3.4981,0.0848,0.0674,0.0651,15.229
2026-04-30 08:00:00,3.913,0.8091,0.3961,3.5169,0.1121,0.0871,0.0859,22.185
2026-04-30 09:00:00,2.6178,0.7037,0.2402,2.3776,0.098,0.0722,0.0809,17.242
2026-04-30 10:00:00,2.9028,0.8265,0.3723,2.5305,0.1052,0.0704,0.0733,17.676
2026-04-30 11:00:00,4.236,1.0297,0.5934,3.6426,0.1256,0.0862,0.0848,22.766
2026-04-30 12:00:00,6.1512,1.4226,0.55,5.6012,0.144,0.1217,0.0919,28.782
2026-04-30 13:00:00,4.2727,1.1075,0.4705,3.8022,0.1157,0.0841,0.0795,22.562
2026-04-30 14:00:00,4.1092,1.094,0.4444,3.6647,0.1034,0.0787,0.079,18.9
2026-04-30 15:00:00,5.2776,1.3881,0.3518,4.9258,0.1137,0.0958,0.0822,22.771
2026-04-30 16:00:00,4.655,1.1332,0.5215,4.1335,0.1279,0.0873,0.0849,26.588
2026-04-30 17:00:00,7.615,1.5103,0.8107,6.8042,0.156,0.1341,0.0969,33.876
2026-04-30 18:00:00,6.8852,1.3395,0.6573,6.2279,0.1668,0.1428,0.1079,35.932
2026-04-30 19:00:00,5.7843,1.1592,0.5577,5.2266,0.1368,0.1193,0.0905,30.3
2026-04-30 20:00:00,6.4146,1.1671,0.9257,5.4889,0.1465,0.1265,0.0849,29.451
2026-04-30 21:00:00,4.7943,1.064,0.5079,4.2864,0.1325,0.1152,0.0817,26.594
2026-04-30 22:00:00,3.5004,1.0229,0.7322,2.7682,0.1099,0.0833,0.0633,21.446
2026-04-30 23:00:00,3.6122,1.237,0.4322,3.18,0.0925,0.0881,0.0636,14.716
