timestamp,flow,single_flow,uflow,dflow,pusch,pdsch,pdcch,conn
2025-06-01 00:00:00,0.032787,0.630498,0.002928,0.029859,0.000524,0.001049,0.019798,0.15
2025-06-01 01:00:00,0.076703,1.128,0.005202,0.071501,0.000731,0.001619,0.020501,0.205
2025-06-01 02:00:00,0.945206,33.7574,0.02669,0.918516,0.002532,0.01519,0.027209,1.43
2025-06-01 03:00:00,0.021917,0.576781,0.000936,0.020981,0.000335,0.000874,0.01866,0.069
2025-06-01 04:00:00,0.000772,0.038619,0.000118,0.000654,5.1e-05,5e-05,0.018064,0.009
2025-06-01 05:00:00,0.022958,1.2754,0.0005,0.022458,0.000127,0.000799,0.018698,0.068
2025-06-01 06:00:00,0.174477,3.793,0.005559,0.168918,0.000815,0.00348,0.021791,0.403
2025-06-01 07:00:00,0.028683,0.377407,0.006567,0.022116,0.001247,0.001041,0.021677,0.257
2025-06-01 08:00:00,0.078865,0.857225,0.031258,0.047607,0.003105,0.002869,0.024432,0.309
2025-06-01 09:00:00,0.516907,3.9762,0.372693,0.144214,0.012248,0.006901,0.02987,0.785
2025-06-01 10:00:00,0.913377,3.9712,0.046766,0.866611,0.008242,0.029697,0.042198,2.528
2025-06-01 11:00:00,0.371644,1.08036,0.026716,0.344928,0.006388,0.013133,0.035145,1.381
2025-06-01 12:00:00,0.954916,2.0759,0.092335,0.862581,0.014097,0.023416,0.044884,3.062
2025-06-01 13:00:00,0.476556,1.09302,0.027976,0.44858,0.006421,0.01171,0.034499,1.444
2025-06-01 14:00:00,0.447915,2.76491,0.021761,0.426154,0.003476,0.011545,0.03067,0.927
2025-06-01 15:00:00,0.51747,3.00854,0.045494,0.471976,0.004619,0.011912,0.032338,1.48
2025-06-01 16:00:00,0.492726,3.623,0.044022,0.448704,0.007618,0.016744,0.03756,2.101
2025-06-01 17:00:00,0.272749,1.43552,0.020777,0.251972,0.005213,0.008492,0.035666,1.581
2025-06-01 18:00:00,0.344627,1.5955,0.044264,0.300363,0.013095,0.016703,0.048541,1.46
2025-06-01 19:00:00,0.152929,0.993045,0.013919,0.13901,0.017655,0.006715,0.036567,0.95
2025-06-01 20:00:00,0.607166,3.37314,0.037892,0.569274,0.004287,0.014617,0.034839,1.464
2025-06-01 21:00:00,0.211885,1.47142,0.016917,0.194968,0.004139,0.006429,0.029242,0.818
2025-06-01 22:00:00,0.113209,1.1552,0.012667,0.100542,0.003937,0.005096,0.026998,0.527
2025-06-01 23:00:00,0.055701,0.352544,0.005805,0.049896,0.001976,0.002247,0.023913,0.338
2025-06-02 00:00:00,0.114175,1.78398,0.015567,0.098608,0.002415,0.002974,0.023353,0.683
2025-06-02 01:00:00,0.036179,0.565296,0.005319,0.03086,0.00116,0.001219,0.020858,0.384
2025-06-02 02:00:00,0.095336,0.574302,0.008257,0.087079,0.001321,0.002381,0.021862,0.434
2025-06-02 03:00:00,0.008117,0.041412,0.000339,0.007778,0.000276,0.000371,0.019093,0.054
2025-06-02 04:00:00,0.004187,0.032702,0.000472,0.003715,0.00046,0.000673,0.0193,0.05
2025-06-02 05:00:00,0.047716,1.08444,0.001212,0.046504,0.000178,0.000897,0.01879,0.043
2025-06-02 06:00:00,0.044953,0.832489,0.005746,0.039207,0.000662,0.000649,0.02018,0.114
2025-06-02 07:00:00,0.115959,1.28843,0.006681,0.109278,0.001176,0.003612,0.023384,0.327
2025-06-02 08:00:00,0.17917,1.51839,0.019937,0.159233,0.003272,0.003979,0.028363,0.593
2025-06-02 09:00:00,0.412038,1.79147,0.031179,0.380859,0.005369,0.014132,0.032242,1.224
2025-06-02 10:00:00,0.221684,0.833401,0.017829,0.203855,0.003501,0.007503,0.031435,1.015
2025-06-02 11:00:00,0.555552,2.86367,0.058238,0.497314,0.010224,0.014139,0.039544,2.422
2025-06-02 12:00:00,0.316463,0.828436,0.017087,0.299376,0.003732,0.0091,0.032214,0.981
2025-06-02 13:00:00,0.188572,1.12245,0.017139,0.171433,0.003465,0.004933,0.026555,0.557
2025-06-02 14:00:00,0.416459,2.23902,0.020987,0.395472,0.004469,0.010552,0.031094,0.951
2025-06-02 15:00:00,0.270654,1.85379,0.022559,0.248095,0.00378,0.006657,0.02978,0.942
2025-06-02 16:00:00,0.876993,3.39919,0.069974,0.807019,0.010044,0.024669,0.044562,3.43
2025-06-02 17:00:00,0.822551,3.99296,0.051687,0.770864,0.008412,0.019221,0.040476,2.144
2025-06-02 18:00:00,0.769823,6.31002,0.051843,0.71798,0.006618,0.027881,0.038145,1.58
2025-06-02 19:00:00,0.533377,2.86762,0.048966,0.484411,0.008413,0.015579,0.037754,1.809
2025-06-02 20:00:00,0.362127,1.49639,0.02766,0.334467,0.005991,0.019832,0.039055,1.631
2025-06-02 21:00:00,0.364202,1.71793,0.024404,0.339798,0.004087,0.0096,0.033318,1.386
2025-06-02 22:00:00,0.858732,7.1561,0.452941,0.405791,0.023948,0.01262,0.03642,2.177
2025-06-02 23:00:00,0.988934,7.97528,0.17952,0.809414,0.015119,0.014455,0.034016,1.973
2025-06-03 00:00:00,0.028454,0.395205,0.002577,0.025877,0.000893,0.001846,0.020863,0.245
2025-06-03 01:00:00,0.301106,5.01844,0.005242,0.295864,0.001088,0.005435,0.021901,0.265
2025-06-03 02:00:00,0.030627,0.612534,0.001816,0.028811,0.000325,0.000745,0.019631,0.098
2025-06-03 03:00:00,0.213167,5.07544,0.016292,0.196875,0.002603,0.005736,0.022245,0.491
2025-06-03 04:00:00,0.001086,0.028582,0.000525,0.000561,0.000105,6.3e-05,0.018379,0.036
2025-06-03 05:00:00,0.013984,0.317813,0.000281,0.013703,0.000323,0.000526,0.020694,0.047
2025-06-03 06:00:00,0.02883,0.411852,0.001401,0.027429,0.000613,0.001149,0.02114,0.089
2025-06-03 07:00:00,0.368304,2.33103,0.018503,0.349801,0.003073,0.005933,0.027961,0.812
2025-06-03 08:00:00,0.254151,1.67204,0.01641,0.237741,0.002375,0.006516,0.030547,0.814
2025-06-03 09:00:00,0.259728,2.88586,0.15567,0.104058,0.007056,0.003544,0.030172,0.742
2025-06-03 10:00:00,0.230428,1.55695,0.020489,0.209939,0.002947,0.004884,0.03167,0.83
2025-06-03 11:00:00,0.237434,1.27653,0.017793,0.219641,0.00344,0.007262,0.032102,0.92
2025-06-03 12:00:00,0.337581,2.91018,0.026159,0.311422,0.01225,0.015685,0.07268,3.377
2025-06-03 13:00:00,0.104263,0.755533,0.018463,0.0858,0.004812,0.005443,0.053894,1.919
2025-06-03 14:00:00,0.028445,0.25859,0.004608,0.023837,0.001612,0.001657,0.026515,0.191
2025-06-03 15:00:00,0.154175,2.56962,0.00765,0.146525,0.00146,0.004508,0.027023,0.312
2025-06-03 16:00:00,0.137335,1.43057,0.024837,0.112498,0.006135,0.004552,0.030175,0.553
2025-06-03 17:00:00,0.318528,2.79412,0.029704,0.288824,0.003932,0.007977,0.037542,1.547
2025-06-03 18:00:00,0.272608,2.06521,0.018853,0.253755,0.004537,0.00647,0.032802,0.832
2025-06-03 19:00:00,0.981105,6.20953,0.075306,0.905799,0.009032,0.027217,0.050057,3.991
2025-06-03 20:00:00,1.14675,6.99241,0.17708,0.969675,0.014156,0.031293,0.050327,3.584
2025-06-03 21:00:00,0.166597,1.51452,0.017635,0.148962,0.0048,0.015021,0.031186,0.615
2025-06-03 22:00:00,0.154047,2.65597,0.015032,0.139015,0.009706,0.047154,0.041061,0.494
2025-06-03 23:00:00,0.620964,5.97079,0.01134,0.609624,0.006712,0.041132,0.039588,0.623
2025-06-04 00:00:00,0.452686,9.43098,0.010357,0.442329,0.002438,0.009905,0.023894,0.52
2025-06-04 01:00:00,0.7637,15.9104,0.018753,0.744947,0.003518,0.011137,0.027407,1.442
2025-06-04 02:00:00,0.002106,0.081021,0.000168,0.001938,0.000396,0.000253,0.01853,0.037
2025-06-04 03:00:00,0.007194,0.299709,0.000482,0.006712,0.000345,0.000342,0.019054,0.025
2025-06-04 04:00:00,0.410249,12.8203,0.014306,0.395943,0.001095,0.006568,0.020991,0.468
2025-06-04 05:00:00,0.002232,0.085848,0.000104,0.002128,0.000295,0.002743,0.0188,0.019
2025-06-04 06:00:00,0.010867,0.175293,0.000685,0.010182,0.000257,0.000629,0.019927,0.037
2025-06-04 07:00:00,0.132791,1.27685,0.017379,0.115412,0.005404,0.004629,0.028568,0.925
2025-06-04 08:00:00,0.270463,1.6904,0.026752,0.243711,0.004761,0.008056,0.037013,1.205
2025-06-04 09:00:00,0.359544,1.20652,0.021799,0.337745,0.005931,0.008288,0.035329,0.913
2025-06-04 10:00:00,0.06872,0.361676,0.008964,0.059756,0.002405,0.00228,0.028219,0.448
2025-06-04 11:00:00,0.364032,1.97844,0.050358,0.313674,0.005013,0.010262,0.033114,0.872
2025-06-04 12:00:00,0.066379,0.442519,0.011867,0.054512,0.01116,0.005865,0.038677,1.29
2025-06-04 13:00:00,0.068234,0.355381,0.008458,0.059776,0.00261,0.002591,0.028955,0.682
2025-06-04 14:00:00,0.119783,0.457191,0.016454,0.103329,0.004455,0.004713,0.034983,1.087
2025-06-04 15:00:00,0.110482,0.464212,0.018679,0.091803,0.00315,0.003576,0.03049,0.92
2025-06-04 16:00:00,0.039694,0.287637,0.00845,0.031244,0.00494,0.002906,0.032024,0.47
2025-06-04 17:00:00,0.592866,3.36856,0.027541,0.565325,0.004396,0.017836,0.037908,1.562
2025-06-04 18:00:00,0.193032,0.736761,0.034525,0.158507,0.011114,0.016094,0.040987,1.274
2025-06-04 19:00:00,0.104035,0.51502,0.021804,0.082231,0.004943,0.006632,0.033312,1.192
2025-06-04 20:00:00,0.083265,0.603364,0.016002,0.067263,0.002674,0.005036,0.029674,0.618
2025-06-04 21:00:00,0.120161,0.411512,0.026674,0.093487,0.004179,0.005591,0.027543,0.623
2025-06-04 22:00:00,0.813847,6.1655,0.218835,0.595012,0.016904,0.03018,0.047839,3.907
2025-06-04 23:00:00,0.113775,1.62538,0.009596,0.104179,0.005291,0.004767,0.027755,0.596
2025-06-05 00:00:00,0.205144,4.10288,0.016341,0.188803,0.004034,0.008409,0.026758,0.985
2025-06-05 01:00:00,0.04562,0.844836,0.00425,0.04137,0.000722,0.001985,0.020268,0.244
2025-06-05 02:00:00,0.001682,0.01026,0.000559,0.001123,0.00034,0.000463,0.019568,0.088
2025-06-05 03:00:00,0.044549,0.25901,0.002167,0.042382,0.000636,0.001495,0.019528,0.108
2025-06-05 04:00:00,0.006852,0.030057,0.00162,0.005232,0.000985,0.000458,0.019712,0.087
2025-06-05 05:00:00,0.004401,0.095679,0.000278,0.004123,0.000129,0.000119,0.018618,0.021
2025-06-05 06:00:00,0.003925,0.046723,0.001593,0.002332,0.000726,0.000535,0.021014,0.105
2025-06-05 07:00:00,0.191649,1.40917,0.008528,0.183121,0.003452,0.00742,0.027661,0.523
2025-06-05 08:00:00,0.245743,1.49842,0.016018,0.229725,0.002842,0.00827,0.030832,0.808
2025-06-05 09:00:00,0.385066,1.26666,0.033426,0.35164,0.00508,0.009067,0.034104,1.191
2025-06-05 10:00:00,0.19219,1.43425,0.064304,0.127886,0.005723,0.003807,0.030121,0.581
2025-06-05 11:00:00,0.241652,1.23292,0.064047,0.177605,0.010535,0.010742,0.041319,1.555
2025-06-05 12:00:00,0.548725,2.54039,0.068335,0.48039,0.009763,0.014734,0.048278,3.942
2025-06-05 13:00:00,0.139726,0.5137,0.031089,0.108637,0.004485,0.004268,0.030705,1.278
2025-06-05 14:00:00,0.418945,1.77519,0.05779,0.361155,0.007262,0.00821,0.034662,1.394
2025-06-05 15:00:00,0.28393,1.35205,0.025626,0.258304,0.006168,0.008304,0.037412,2.606
2025-06-05 16:00:00,1.10282,5.80433,0.12352,0.979303,0.008802,0.028938,0.043919,1.816
2025-06-05 17:00:00,0.175207,1.39054,0.013069,0.162138,0.003581,0.004536,0.031346,0.622
2025-06-05 18:00:00,0.247632,1.1792,0.034826,0.212806,0.005696,0.012882,0.035714,1.345
2025-06-05 19:00:00,0.221354,0.937935,0.028047,0.193307,0.005892,0.008566,0.035091,1.289
2025-06-05 20:00:00,0.666399,4.38422,0.105827,0.560572,0.006814,0.01561,0.033376,1.385
2025-06-05 21:00:00,0.126258,0.864781,0.013363,0.112895,0.004249,0.008264,0.030826,0.875
2025-06-05 22:00:00,0.253325,1.75921,0.030067,0.223258,0.008239,0.01951,0.046176,4.249
2025-06-05 23:00:00,0.674061,7.32674,0.038928,0.635133,0.009741,0.03236,0.048753,5.378
2025-06-06 00:00:00,1.19526,27.165,0.036972,1.15829,0.007455,0.028357,0.045623,4.843
2025-06-06 01:00:00,0.253983,1.98423,0.014141,0.239842,0.001265,0.005007,0.022436,0.62
2025-06-06 02:00:00,0.169185,4.22964,0.006185,0.163,0.007166,0.002984,0.024423,0.263
2025-06-06 03:00:00,0.566224,10.1111,0.016807,0.549417,0.007479,0.010463,0.028648,1.299
2025-06-06 04:00:00,0.118319,1.51692,0.005801,0.112518,0.000653,0.002526,0.020231,0.348
2025-06-06 05:00:00,0.003103,0.077609,0.000419,0.002684,0.0002,0.000229,0.018752,0.037
2025-06-06 06:00:00,0.44434,6.94281,0.051695,0.392645,0.002982,0.005928,0.024328,0.711
2025-06-06 07:00:00,0.165517,1.2732,0.009765,0.155752,0.003109,0.007203,0.028347,0.552
2025-06-06 08:00:00,0.327332,2.97574,0.025146,0.302186,0.002736,0.008576,0.032075,0.847
2025-06-06 09:00:00,0.480783,1.65787,0.082657,0.398126,0.014155,0.013131,0.040907,1.685
2025-06-06 10:00:00,0.674031,3.70347,0.036916,0.637115,0.009163,0.0208,0.042151,2.235
2025-06-06 11:00:00,0.641533,2.78928,0.053342,0.588191,0.010553,0.024714,0.047854,2.11
2025-06-06 12:00:00,1.4965,7.48252,0.078258,1.41825,0.01346,0.035568,0.097094,5.063
2025-06-06 13:00:00,0.841778,4.62515,0.068443,0.773335,0.009059,0.017142,0.067311,3.34
2025-06-06 14:00:00,1.26234,3.09396,0.121678,1.14066,0.014718,0.029029,0.054155,3.154
2025-06-06 15:00:00,0.492523,2.34536,0.05204,0.440483,0.010834,0.021308,0.058298,3.758
2025-06-06 16:00:00,0.084128,0.43816,0.014435,0.069693,0.00722,0.003489,0.036123,0.885
2025-06-06 17:00:00,0.101492,0.305699,0.013138,0.088354,0.003988,0.005002,0.032327,0.608
2025-06-06 18:00:00,0.283078,0.96285,0.032612,0.250466,0.005626,0.014018,0.038171,1.548
2025-06-06 19:00:00,0.242232,0.77144,0.026829,0.215403,0.014004,0.016895,0.04379,2.231
2025-06-06 20:00:00,0.797469,5.95125,0.040083,0.757386,0.00643,0.026721,0.041855,1.815
2025-06-06 21:00:00,0.678098,3.60691,0.039239,0.638859,0.011239,0.024089,0.044125,2.523
2025-06-06 22:00:00,1.59646,5.82649,0.280437,1.31602,0.026428,0.059588,0.066494,5.878
2025-06-06 23:00:00,0.987741,12.0456,0.034064,0.953677,0.004869,0.025766,0.03905,2.541
2025-06-07 00:00:00,0.405721,6.5439,0.013682,0.392039,0.001604,0.010252,0.023839,0.656
2025-06-07 01:00:00,0.033539,0.578264,0.008247,0.025292,0.001546,0.001249,0.020298,0.176
2025-06-07 02:00:00,0.0448,0.622234,0.009504,0.035296,0.002421,0.001213,0.0213,0.176
2025-06-07 03:00:00,0.001479,0.028425,0.000554,0.000925,0.000127,0.000117,0.018492,0.038
2025-06-07 04:00:00,0.004318,0.058366,0.000418,0.0039,0.000405,0.000243,0.019179,0.044
2025-06-07 05:00:00,0.005352,0.099103,0.000682,0.00467,0.000245,0.000243,0.019108,0.073
2025-06-07 06:00:00,0.014276,0.356924,0.002957,0.011319,0.001033,0.000439,0.02063,0.165
2025-06-07 07:00:00,0.078186,1.08591,0.007338,0.070848,0.001228,0.00212,0.023479,0.242
2025-06-07 08:00:00,0.088083,0.344078,0.027691,0.060392,0.004672,0.005143,0.029168,0.483
2025-06-07 09:00:00,0.198663,1.22632,0.013557,0.185106,0.002637,0.006368,0.028598,0.594
2025-06-07 10:00:00,0.276321,1.21194,0.031378,0.244943,0.00417,0.009495,0.034525,1.313
2025-06-07 11:00:00,1.16729,8.22035,0.078019,1.08927,0.00908,0.036121,0.044405,2.897
2025-06-07 12:00:00,0.042622,0.284153,0.005716,0.036906,0.005823,0.003156,0.030016,0.428
2025-06-07 13:00:00,0.622439,2.41255,0.022736,0.599703,0.004969,0.011511,0.037171,1.535
2025-06-07 14:00:00,0.155147,0.852456,0.012422,0.142725,0.005544,0.007627,0.035937,0.642
2025-06-07 15:00:00,0.123332,1.10118,0.010357,0.112975,0.002175,0.005126,0.029903,0.683
2025-06-07 16:00:00,0.170332,1.6069,0.018231,0.152101,0.003259,0.004673,0.029515,0.893
2025-06-07 17:00:00,0.25903,1.56041,0.019443,0.239587,0.003377,0.013567,0.032746,1.098
2025-06-07 18:00:00,0.68328,3.05036,0.053645,0.629635,0.009374,0.029047,0.060918,3.461
2025-06-07 19:00:00,0.24006,1.53885,0.064105,0.175955,0.010102,0.017108,0.03656,1.053
2025-06-07 20:00:00,0.153641,1.25935,0.028997,0.124644,0.003696,0.008341,0.028398,0.791
2025-06-07 21:00:00,0.148556,1.68815,0.022952,0.125604,0.006678,0.010604,0.035204,1.743
2025-06-07 22:00:00,0.51658,3.85507,0.263764,0.252816,0.019551,0.010734,0.03411,1.476
2025-06-07 23:00:00,0.463414,6.81491,0.020916,0.442498,0.002932,0.011716,0.027397,0.99
2025-06-08 00:00:00,0.074925,1.56091,0.004065,0.07086,0.001037,0.00193,0.021519,0.199
2025-06-08 01:00:00,0.04283,0.856607,0.005489,0.037341,0.001252,0.001657,0.020914,0.185
2025-06-08 02:00:00,0.891781,27.8682,0.033031,0.85875,0.00382,0.014707,0.029628,1.312
2025-06-08 03:00:00,0.00115,0.022111,0.00066,0.00049,0.00022,0.000145,0.018913,0.034
2025-06-08 04:00:00,0.024012,0.57171,0.004743,0.019269,0.001261,0.001887,0.022138,0.148
2025-06-08 05:00:00,0.004212,0.150417,0.001084,0.003128,0.000139,0.000359,0.01874,0.037
2025-06-08 06:00:00,0.00518,0.038094,0.00188,0.0033,0.000366,0.00022,0.020136,0.065
2025-06-08 07:00:00,0.019518,0.232345,0.004618,0.0149,0.001013,0.000892,0.022336,0.198
2025-06-08 08:00:00,0.03704,0.324908,0.003298,0.033742,0.001156,0.006204,0.024925,0.258
2025-06-08 09:00:00,0.309208,1.81887,0.044374,0.264834,0.005226,0.006402,0.028993,0.667
2025-06-08 10:00:00,1.67481,9.40906,0.061779,1.61303,0.013503,0.05958,0.047584,2.979
2025-06-08 11:00:00,0.427403,1.9972,0.028669,0.398734,0.007159,0.019603,0.03771,1.645
2025-06-08 12:00:00,0.498137,4.2215,0.027351,0.470786,0.005905,0.016819,0.034519,1.246
2025-06-08 13:00:00,0.988364,8.82467,0.083507,0.904857,0.017778,0.027263,0.043197,2.62
2025-06-08 14:00:00,0.319698,2.90635,0.020002,0.299696,0.003042,0.007929,0.029853,0.99
2025-06-08 15:00:00,0.360416,2.86044,0.025927,0.334489,0.003769,0.009112,0.033835,1.245
2025-06-08 16:00:00,0.188562,1.14977,0.027974,0.160588,0.004272,0.005007,0.029576,0.969
2025-06-08 17:00:00,0.384663,3.00517,0.025267,0.359396,0.002978,0.016625,0.031317,1.335
2025-06-08 18:00:00,0.070363,0.50259,0.009899,0.060464,0.003396,0.006725,0.035635,0.376
2025-06-08 19:00:00,0.501453,1.74115,0.042545,0.458908,0.005156,0.018138,0.03361,1.361
2025-06-08 20:00:00,0.134872,0.832535,0.044531,0.090341,0.010315,0.005464,0.030174,0.91
2025-06-08 21:00:00,0.111001,0.956913,0.017794,0.093207,0.005996,0.016063,0.039548,1.17
2025-06-08 22:00:00,0.060901,0.801325,0.01325,0.047651,0.002128,0.003658,0.02479,0.477
2025-06-08 23:00:00,0.123377,1.66726,0.03292,0.090457,0.002255,0.00554,0.023963,0.449
2025-06-09 00:00:00,0.012759,0.130201,0.003473,0.009286,0.001863,0.002068,0.029638,1.149
2025-06-09 01:00:00,0.192843,2.67839,0.008181,0.184662,0.001235,0.004185,0.02253,0.526
2025-06-09 02:00:00,0.048155,0.573273,0.003453,0.044702,0.000723,0.001914,0.019987,0.15
2025-06-09 03:00:00,0.001199,0.024975,0.000757,0.000442,0.000196,0.000147,0.018566,0.063
2025-06-09 04:00:00,0.016471,0.235317,0.008379,0.008092,0.00131,0.000523,0.019894,0.381
2025-06-09 05:00:00,0.008816,0.077327,0.004025,0.004791,0.001389,0.00136,0.02178,0.382
2025-06-09 06:00:00,0.02969,0.315863,0.002082,0.027608,0.000558,0.000937,0.021777,0.125
2025-06-09 07:00:00,0.100891,0.741857,0.00829,0.092601,0.001967,0.003919,0.026675,0.509
2025-06-09 08:00:00,0.090644,0.638336,0.010978,0.079666,0.002305,0.004384,0.030842,0.624
2025-06-09 09:00:00,0.215784,0.963322,0.043476,0.172308,0.009369,0.005969,0.035277,0.942
2025-06-09 10:00:00,0.131941,1.01494,0.010174,0.121767,0.001555,0.005661,0.030148,0.572
2025-06-09 11:00:00,0.114506,0.681586,0.03026,0.084246,0.005739,0.009221,0.035003,0.874
2025-06-09 12:00:00,0.178662,1.41795,0.018445,0.160217,0.002653,0.007312,0.031278,1.231
2025-06-09 13:00:00,0.112843,0.910024,0.020549,0.092294,0.003948,0.004344,0.032647,0.869
2025-06-09 14:00:00,0.413284,1.21554,0.037824,0.37546,0.004664,0.01063,0.035585,1.333
2025-06-09 15:00:00,0.284924,1.36982,0.017227,0.267697,0.002236,0.00771,0.030713,0.83
2025-06-09 16:00:00,0.191888,0.999412,0.019112,0.172776,0.003868,0.006692,0.035907,2.355
2025-06-09 17:00:00,0.279528,1.72547,0.026489,0.253039,0.004492,0.00935,0.040255,1.822
2025-06-09 18:00:00,0.166383,0.831915,0.014357,0.152026,0.003934,0.010525,0.035975,0.824
2025-06-09 19:00:00,0.318029,1.50013,0.041567,0.276462,0.005432,0.014916,0.035864,1.252
2025-06-09 20:00:00,0.374852,3.1767,0.02435,0.350502,0.003739,0.018869,0.034518,1.185
2025-06-09 21:00:00,0.425066,2.2853,0.026441,0.398625,0.005563,0.020823,0.039622,1.96
2025-06-09 22:00:00,0.806267,7.07251,0.132685,0.673582,0.011745,0.023529,0.036591,2.667
2025-06-09 23:00:00,0.275254,4.30086,0.01307,0.262184,0.001415,0.007362,0.022972,0.575
2025-06-10 00:00:00,0.07194,2.39804,0.007463,0.064477,0.001379,0.003512,0.020908,0.308
2025-06-10 01:00:00,0.010825,0.164021,0.002421,0.008404,0.001046,0.000921,0.020084,0.112
2025-06-10 02:00:00,0.010085,0.20171,0.000929,0.009156,0.000248,0.00029,0.018441,0.038
2025-06-10 03:00:00,0.002972,0.165138,0.00145,0.001522,0.000142,0.000312,0.018309,0.037
2025-06-10 04:00:00,0.407207,10.716,0.015953,0.391254,0.001616,0.006436,0.022009,0.749
2025-06-10 05:00:00,0.01218,0.209979,0.004215,0.007965,0.000441,0.000419,0.01919,0.149
2025-06-10 06:00:00,0.180419,3.22176,0.007665,0.172754,0.00117,0.004242,0.021875,0.335
2025-06-10 07:00:00,1.16925,10.0798,0.048494,1.12076,0.005071,0.031036,0.035691,2.087
2025-06-10 08:00:00,0.171672,0.416678,0.015503,0.156169,0.003369,0.006862,0.034036,0.716
2025-06-10 09:00:00,0.171874,0.795715,0.011312,0.160562,0.001949,0.005677,0.03198,0.693
2025-06-10 10:00:00,0.063226,0.47898,0.012605,0.050621,0.001427,0.003544,0.028686,0.299
2025-06-10 11:00:00,0.415098,1.19971,0.027816,0.387282,0.003817,0.011566,0.038019,1.081
2025-06-10 12:00:00,0.45404,1.86082,0.035692,0.418348,0.009445,0.014805,0.089508,4.681
2025-06-10 13:00:00,0.42909,2.024,0.028012,0.401078,0.003381,0.010227,0.033576,1.516
2025-06-10 14:00:00,0.516195,3.63518,0.028274,0.487921,0.003441,0.010934,0.035474,1.586
2025-06-10 15:00:00,0.052503,0.328142,0.014817,0.037686,0.004062,0.002998,0.034575,2.189
2025-06-10 16:00:00,0.205943,1.63447,0.026505,0.179438,0.005908,0.007676,0.040103,3.247
2025-06-10 17:00:00,0.179667,1.16667,0.012761,0.166906,0.002427,0.006897,0.034257,1.053
2025-06-10 18:00:00,0.289988,2.16409,0.051937,0.238051,0.005075,0.009258,0.033637,1.121
2025-06-10 19:00:00,0.208171,1.23912,0.054701,0.15347,0.009317,0.008104,0.031898,0.915
2025-06-10 20:00:00,0.208059,1.42506,0.014259,0.1938,0.009402,0.01233,0.03348,0.892
2025-06-10 21:00:00,0.524639,3.3205,0.037377,0.487262,0.004299,0.014344,0.03232,1.539
2025-06-10 22:00:00,0.368202,1.95852,0.136229,0.231973,0.006181,0.009877,0.028489,0.938
2025-06-10 23:00:00,0.094237,1.38583,0.00474,0.089497,0.000991,0.003219,0.02212,0.208
2025-06-11 00:00:00,0.154867,2.97819,0.01087,0.143997,0.00141,0.006503,0.024192,0.582
2025-06-11 01:00:00,0.00823,0.228612,0.001811,0.006419,0.000562,0.000569,0.019436,0.102
2025-06-11 02:00:00,0.028595,1.19144,0.003848,0.024747,0.000562,0.001746,0.020249,0.255
2025-06-11 03:00:00,0.001023,0.051205,0.000313,0.00071,0.00014,0.000128,0.018339,0.019
2025-06-11 04:00:00,0.000787,0.019668,0.000181,0.000606,0.000177,9e-05,0.018768,0.03
2025-06-11 05:00:00,0.000679,0.022591,0.000182,0.000497,0.000118,9.3e-05,0.018559,0.028
2025-06-11 06:00:00,0.022882,0.440072,0.002898,0.019984,0.000735,0.002376,0.021577,0.181
2025-06-11 07:00:00,0.084035,0.763958,0.010278,0.073757,0.00206,0.00421,0.026835,0.543
2025-06-11 08:00:00,0.077815,0.926366,0.007748,0.070067,0.001357,0.003382,0.027896,0.404
2025-06-11 09:00:00,0.025375,0.134967,0.005103,0.020272,0.001098,0.001629,0.027441,0.258
2025-06-11 10:00:00,0.106971,0.629241,0.008655,0.098316,0.001655,0.004908,0.029192,0.312
2025-06-11 11:00:00,0.883265,5.73548,0.025112,0.858153,0.006619,0.038216,0.040825,0.984
2025-06-11 12:00:00,0.63572,4.35425,0.025293,0.610427,0.005055,0.02454,0.043414,2.453
2025-06-11 13:00:00,0.342314,2.19432,0.050234,0.29208,0.007339,0.009629,0.058283,3.201
2025-06-11 14:00:00,0.08726,0.739493,0.030179,0.057081,0.003039,0.004261,0.028861,0.497
2025-06-11 15:00:00,0.095802,0.352217,0.048732,0.04707,0.005833,0.00485,0.030415,0.377
2025-06-11 16:00:00,0.046369,0.194824,0.012933,0.033436,0.002107,0.001787,0.02884,0.516
2025-06-11 17:00:00,0.201596,1.46083,0.024169,0.177427,0.003569,0.007838,0.032452,0.92
2025-06-11 18:00:00,0.649306,3.12166,0.077648,0.571658,0.008728,0.02073,0.063217,3.233
2025-06-11 19:00:00,0.142885,0.744194,0.015093,0.127792,0.004815,0.007125,0.031479,0.838
2025-06-11 20:00:00,0.627492,2.72822,0.060392,0.5671,0.010658,0.02479,0.049686,2.667
2025-06-11 21:00:00,0.187948,1.87948,0.029093,0.158855,0.003404,0.009201,0.030119,1.18
2025-06-11 22:00:00,0.679145,5.65954,0.036564,0.642581,0.00535,0.036185,0.0384,1.839
2025-06-11 23:00:00,0.040428,0.459407,0.005634,0.034794,0.001152,0.003231,0.021963,0.252
2025-06-12 00:00:00,0.006251,0.148828,0.000759,0.005492,0.00046,0.000344,0.019323,0.093
2025-06-12 01:00:00,0.12626,5.7391,0.033378,0.092882,0.005093,0.004551,0.024691,1.325
2025-06-12 02:00:00,0.020368,1.01833,0.012741,0.007627,0.003612,0.003059,0.026478,1.214
2025-06-12 03:00:00,0.103773,1.99565,0.003016,0.100757,0.001172,0.00225,0.021227,0.426
2025-06-12 04:00:00,0.000993,0.018412,0.000214,0.000779,0.000335,0.000147,0.01965,0.026
2025-06-12 05:00:00,0.013131,0.243172,0.000978,0.012153,0.000406,0.001206,0.019283,0.098
2025-06-12 06:00:00,0.065042,0.813036,0.001666,0.063376,0.000504,0.001512,0.021077,0.095
2025-06-12 07:00:00,0.171155,1.15646,0.012257,0.158898,0.00231,0.006217,0.028821,0.661
2025-06-12 08:00:00,0.32142,2.20151,0.020146,0.301274,0.004415,0.006945,0.032823,1.01
2025-06-12 09:00:00,0.053226,0.28013,0.012413,0.040813,0.003218,0.006035,0.032425,0.608
2025-06-12 10:00:00,0.052059,0.667413,0.016033,0.036026,0.001941,0.003081,0.029274,0.743
2025-06-12 11:00:00,0.052184,0.395316,0.008977,0.043207,0.001469,0.00537,0.029615,0.473
2025-06-12 12:00:00,0.353976,3.47037,0.036654,0.317322,0.004284,0.010049,0.033149,1.383
2025-06-12 13:00:00,0.293147,2.87398,0.022986,0.270161,0.002612,0.010401,0.031047,0.788
2025-06-12 14:00:00,0.568211,2.23705,0.039363,0.528848,0.004457,0.012932,0.034328,1.535
2025-06-12 15:00:00,0.156899,1.24523,0.040743,0.116156,0.002596,0.003235,0.028342,0.529
2025-06-12 16:00:00,0.202282,2.59337,0.014844,0.187438,0.001598,0.004661,0.031114,0.751
2025-06-12 17:00:00,0.15918,1.4739,0.043833,0.115347,0.005074,0.007479,0.033818,1.473
2025-06-12 18:00:00,0.169056,0.754712,0.026679,0.142377,0.005148,0.008336,0.035558,1.079
2025-06-12 19:00:00,0.429372,2.35919,0.071214,0.358158,0.006783,0.016003,0.036148,1.217
2025-06-12 20:00:00,0.860296,4.48071,0.043259,0.817037,0.00763,0.034167,0.040122,2.23
2025-06-12 21:00:00,1.02882,5.59142,0.05115,0.977671,0.007424,0.025712,0.037742,2.474
2025-06-12 22:00:00,0.253079,2.94277,0.01829,0.234789,0.003817,0.03619,0.033669,0.693
2025-06-12 23:00:00,0.183596,3.67191,0.013509,0.170087,0.00153,0.006224,0.022996,0.477
2025-06-13 00:00:00,0.001908,0.079518,0.000973,0.000935,0.000312,0.000364,0.019525,0.096
2025-06-13 01:00:00,0.014209,0.888101,0.001358,0.012851,0.000238,0.000792,0.019063,0.08
2025-06-13 02:00:00,0.012036,0.401199,0.000725,0.011311,0.000251,0.000475,0.01949,0.06
2025-06-13 03:00:00,0.024989,0.624702,0.003185,0.021804,0.000494,0.000702,0.019426,0.186
2025-06-13 04:00:00,0.004338,0.114155,0.002501,0.001837,0.000507,0.000395,0.01932,0.241
2025-06-13 05:00:00,0.000521,0.01044,0.0003,0.000221,0.000173,8e-05,0.018941,0.048
2025-06-13 06:00:00,0.010006,0.151607,0.001158,0.008848,0.000379,0.000365,0.020566,0.08
2025-06-13 07:00:00,0.088835,0.653198,0.01336,0.075475,0.002355,0.003413,0.027046,1.025
2025-06-13 08:00:00,0.220147,1.34236,0.017064,0.203083,0.002717,0.006914,0.031749,1.031
2025-06-13 09:00:00,0.134637,0.470762,0.075639,0.058998,0.005521,0.004688,0.031681,0.456
2025-06-13 10:00:00,0.317076,1.02283,0.020508,0.296568,0.002363,0.008179,0.032188,0.813
2025-06-13 11:00:00,0.279201,0.883549,0.022296,0.256905,0.003664,0.012661,0.036975,1.641
2025-06-13 12:00:00,0.485432,1.35595,0.028248,0.457184,0.004631,0.014776,0.037144,1.931
2025-06-13 13:00:00,0.300454,1.23137,0.022329,0.278125,0.003621,0.007551,0.032507,1.229
2025-06-13 14:00:00,0.356253,3.18083,0.01971,0.336543,0.004622,0.017097,0.038708,1.448
2025-06-13 15:00:00,0.172714,0.909025,0.013198,0.159516,0.002753,0.003999,0.029647,0.763
2025-06-13 16:00:00,0.039407,0.231812,0.005333,0.034074,0.001241,0.002675,0.028712,0.418
2025-06-13 17:00:00,0.07455,0.497003,0.010141,0.064409,0.002072,0.004338,0.031164,0.682
2025-06-13 18:00:00,0.221623,1.08639,0.02065,0.200973,0.005541,0.022246,0.04036,0.965
2025-06-13 19:00:00,0.182692,1.15627,0.026403,0.156289,0.005541,0.014358,0.036646,0.824
2025-06-13 20:00:00,0.370335,2.40477,0.024395,0.34594,0.005739,0.024905,0.041294,1.81
2025-06-13 21:00:00,0.215565,1.39978,0.026707,0.188858,0.006163,0.011019,0.037434,1.982
2025-06-13 22:00:00,0.068551,0.646717,0.012294,0.056257,0.001971,0.002854,0.025122,0.435
2025-06-13 23:00:00,0.110966,2.05493,0.008347,0.102619,0.001075,0.002885,0.021821,0.314
2025-06-14 00:00:00,0.838833,8.55951,0.360156,0.478677,0.011139,0.011585,0.02632,0.768
2025-06-14 01:00:00,0.129027,3.39545,0.007456,0.121571,0.000913,0.002985,0.021219,0.249
2025-06-14 02:00:00,0.001256,0.026193,0.000628,0.000628,0.000266,0.000295,0.018855,0.049
2025-06-14 03:00:00,0.004495,0.106984,0.000423,0.004072,0.000184,0.000229,0.018706,0.047
2025-06-14 04:00:00,3.9e-05,0.001314,2.1e-05,1.8e-05,8.2e-05,5.1e-05,0.018286,0.009
2025-06-14 05:00:00,0.007547,0.209648,0.003283,0.004264,0.000457,0.000344,0.019447,0.171
2025-06-14 06:00:00,0.017733,0.354687,0.004172,0.013561,0.000762,0.000444,0.02004,0.093
2025-06-14 07:00:00,0.110918,1.49888,0.006027,0.104891,0.001295,0.003221,0.023435,0.26
2025-06-14 08:00:00,0.262301,1.77231,0.012702,0.249599,0.002027,0.005817,0.027714,0.794
2025-06-14 09:00:00,0.074382,0.459154,0.00725,0.067132,0.002219,0.002441,0.027626,0.366
2025-06-14 10:00:00,0.322297,1.81066,0.021083,0.301214,0.003659,0.009214,0.035693,1.022
2025-06-14 11:00:00,0.581802,4.27795,0.031812,0.54999,0.005316,0.017234,0.036513,1.486
2025-06-14 12:00:00,0.344916,1.72458,0.060736,0.28418,0.006497,0.016776,0.040969,2.219
2025-06-14 13:00:00,0.363873,2.45859,0.040028,0.323845,0.006858,0.011233,0.040168,1.652
2025-06-14 14:00:00,0.768527,3.59125,0.030046,0.738481,0.003795,0.013363,0.034329,1.405
2025-06-14 15:00:00,0.269494,1.95286,0.033791,0.235703,0.003599,0.035203,0.035761,1.678
2025-06-14 16:00:00,0.209645,1.74705,0.015511,0.194134,0.002379,0.005482,0.029082,0.854
2025-06-14 17:00:00,0.175584,0.691277,0.0181,0.157484,0.003183,0.008734,0.031336,0.948
2025-06-14 18:00:00,0.125049,0.601198,0.033008,0.092041,0.004966,0.007664,0.032329,1.075
2025-06-14 19:00:00,0.778538,4.47436,0.074748,0.70379,0.006955,0.023864,0.041396,2.421
2025-06-14 20:00:00,1.4129,7.84945,0.082754,1.33014,0.008291,0.034119,0.04624,3.58
2025-06-14 21:00:00,0.825517,6.06998,0.059354,0.766163,0.007865,0.031882,0.044765,2.546
2025-06-14 22:00:00,1.30512,11.4484,0.069925,1.23519,0.007647,0.031183,0.04263,3.737
2025-06-14 23:00:00,0.177552,1.77552,0.022169,0.155383,0.00261,0.005207,0.02516,0.699
2025-06-15 00:00:00,0.160131,2.42621,0.016109,0.144022,0.001931,0.005231,0.024853,0.842
2025-06-15 01:00:00,0.597585,15.7259,0.017794,0.579791,0.002009,0.008995,0.025299,1.008
2025-06-15 02:00:00,0.116429,3.0639,0.002412,0.114017,0.000575,0.002918,0.020525,0.216
2025-06-15 03:00:00,0.533084,17.7694,0.016391,0.516693,0.002118,0.008664,0.025172,1.18
2025-06-15 04:00:00,0.026175,0.934843,0.000719,0.025456,0.000212,0.000509,0.018967,0.04
2025-06-15 05:00:00,0.005097,0.182082,0.000458,0.004639,0.000251,0.000322,0.018901,0.044
2025-06-15 06:00:00,0.104475,4.35316,0.00453,0.099945,0.000844,0.002907,0.020917,0.193
2025-06-15 07:00:00,0.04925,0.52393,0.003137,0.046113,0.002582,0.0052,0.026115,0.212
2025-06-15 08:00:00,0.368886,3.29364,0.022668,0.346218,0.002939,0.015371,0.030674,1.049
2025-06-15 09:00:00,0.163804,0.589222,0.016059,0.147745,0.002463,0.007302,0.028805,0.496
2025-06-15 10:00:00,0.13685,0.743757,0.023891,0.112959,0.003995,0.006952,0.033088,1.01
2025-06-15 11:00:00,0.083495,0.496988,0.012795,0.0707,0.002974,0.006124,0.034387,0.592
2025-06-15 12:00:00,0.144736,0.709485,0.029286,0.11545,0.003811,0.006137,0.032294,1.071
2025-06-15 13:00:00,0.534936,1.56414,0.051205,0.483731,0.005917,0.015083,0.039118,2.362
2025-06-15 14:00:00,0.492269,1.61931,0.04043,0.451839,0.007378,0.012792,0.038144,1.783
2025-06-15 15:00:00,0.503148,1.40544,0.040152,0.462996,0.005973,0.011033,0.034542,1.5
2025-06-15 16:00:00,0.955091,3.363,0.057802,0.897289,0.007043,0.02067,0.043223,3.097
2025-06-15 17:00:00,0.870091,3.02115,0.046567,0.823524,0.005991,0.023747,0.039274,2.174
2025-06-15 18:00:00,0.130042,0.411527,0.023081,0.106961,0.004503,0.006703,0.031167,0.907
2025-06-15 19:00:00,0.761,1.50992,0.05736,0.70364,0.011804,0.034979,0.04979,1.847
2025-06-15 20:00:00,0.343377,1.80725,0.041851,0.301526,0.006071,0.013282,0.036026,2.578
2025-06-15 21:00:00,0.672342,4.54285,0.067551,0.604791,0.006644,0.026255,0.036857,1.977
2025-06-15 22:00:00,0.317488,3.77962,0.016164,0.301324,0.003071,0.018996,0.032766,1.332
2025-06-15 23:00:00,0.115527,0.99592,0.011045,0.104482,0.001914,0.003937,0.024486,0.405
2025-06-16 00:00:00,0.006137,0.113669,0.00228,0.003857,0.001013,0.00147,0.020634,0.102
2025-06-16 01:00:00,0.0022,0.043977,0.000759,0.001441,0.000297,0.000224,0.018985,0.053
2025-06-16 02:00:00,0.001031,0.02454,0.000552,0.000479,0.000412,0.000462,0.019864,0.014
2025-06-16 03:00:00,0.000127,0.002354,6.4e-05,6.3e-05,0.000252,9.2e-05,0.018698,0.029
2025-06-16 04:00:00,0.003562,0.068524,0.000119,0.003443,0.000209,0.000235,0.018532,0.023
2025-06-16 05:00:00,0.000881,0.017638,0.000381,0.0005,0.001175,0.004298,0.022053,0.046
2025-06-16 06:00:00,0.035893,0.618827,0.003478,0.032415,0.000531,0.001107,0.021208,0.114
2025-06-16 07:00:00,0.077011,0.527469,0.007727,0.069284,0.002189,0.002981,0.026002,0.433
2025-06-16 08:00:00,0.074336,0.516228,0.010162,0.064174,0.001816,0.003533,0.029752,0.538
2025-06-16 09:00:00,0.064379,0.699779,0.00665,0.057729,0.000917,0.003547,0.027353,0.244
2025-06-16 10:00:00,0.399297,4.24784,0.02043,0.378867,0.002455,0.011287,0.031945,1.11
2025-06-16 11:00:00,0.967531,7.11419,0.039715,0.927816,0.004336,0.027604,0.038672,2.011
2025-06-16 12:00:00,0.678192,5.29836,0.033709,0.644483,0.004871,0.025834,0.0385,1.12
2025-06-16 13:00:00,0.431145,3.36833,0.02426,0.406885,0.003421,0.015846,0.032295,0.972
2025-06-16 14:00:00,0.439649,2.498,0.03025,0.409399,0.004441,0.017605,0.036017,1.346
2025-06-16 15:00:00,0.345597,4.01857,0.032793,0.312804,0.004293,0.011658,0.039672,2
2025-06-16 16:00:00,0.865634,6.45997,0.029167,0.836467,0.003996,0.016685,0.03767,1.552
2025-06-16 17:00:00,0.25459,1.63198,0.018004,0.236586,0.002809,0.007541,0.034028,0.913
2025-06-16 18:00:00,0.832552,4.62529,0.091563,0.740989,0.009346,0.061375,0.052492,2.016
2025-06-16 19:00:00,0.406158,2.86026,0.033884,0.372274,0.00432,0.019589,0.036704,1.872
2025-06-16 20:00:00,0.401873,2.5435,0.028359,0.373514,0.004523,0.017616,0.033692,1.471
2025-06-16 21:00:00,0.33265,2.27843,0.062153,0.270497,0.005177,0.0131,0.028796,0.782
2025-06-16 22:00:00,0.107332,0.825625,0.020188,0.087144,0.004513,0.010751,0.034996,2.02
2025-06-16 23:00:00,0.17109,2.59226,0.010983,0.160107,0.002023,0.007694,0.024239,0.751
2025-06-17 00:00:00,0.078663,1.87291,0.004041,0.074622,0.000519,0.002223,0.01985,0.121
2025-06-17 01:00:00,0.037392,1.24642,0.005264,0.032128,0.001004,0.001158,0.020114,0.14
2025-06-17 02:00:00,0.210598,5.26494,0.00652,0.204078,0.000644,0.002959,0.02011,0.21
2025-06-17 03:00:00,0.046503,1.05689,0.00256,0.043943,0.000416,0.0014,0.018878,0.104
2025-06-17 04:00:00,0.054304,1.59719,0.00242,0.051884,0.00022,0.001014,0.018488,0.057
2025-06-17 05:00:00,0.006887,0.430454,0.000445,0.006442,0.000247,0.0002,0.018851,0.045
2025-06-17 06:00:00,0.056759,0.978599,0.005935,0.050824,0.000574,0.001554,0.021094,0.137
2025-06-17 07:00:00,0.167792,0.93218,0.011504,0.156288,0.002449,0.006248,0.027181,0.647
2025-06-17 08:00:00,0.27871,1.63947,0.021635,0.257075,0.003682,0.01159,0.03163,0.93
2025-06-17 09:00:00,0.115748,0.498915,0.010248,0.1055,0.002264,0.005919,0.031299,1.112
2025-06-17 10:00:00,0.057131,0.484161,0.006432,0.050699,0.001581,0.002801,0.029201,0.355
2025-06-17 11:00:00,0.099462,0.578267,0.011299,0.088163,0.005857,0.013106,0.036095,0.722
2025-06-17 12:00:00,0.108296,0.773551,0.00847,0.099826,0.003548,0.008098,0.03323,0.64
2025-06-17 13:00:00,0.200969,1.18216,0.010999,0.18997,0.006796,0.023009,0.038369,0.759
2025-06-17 14:00:00,0.307015,2.22473,0.012036,0.294979,0.005887,0.019616,0.037121,0.445
2025-06-17 15:00:00,0.07334,0.7052,0.012103,0.061237,0.001627,0.002401,0.028077,0.533
2025-06-17 16:00:00,0.484369,4.10482,0.037536,0.446833,0.005132,0.014509,0.038219,2.178
2025-06-17 17:00:00,0.340083,1.71759,0.02392,0.316163,0.005112,0.014927,0.037917,1.256
2025-06-17 18:00:00,0.232206,0.866439,0.052439,0.179767,0.012574,0.021049,0.043685,1.114
2025-06-17 19:00:00,0.324614,1.67327,0.067992,0.256622,0.007951,0.019118,0.039167,1.311
2025-06-17 20:00:00,0.37777,2.09872,0.024479,0.353291,0.004279,0.021812,0.037367,1.445
2025-06-17 21:00:00,0.237261,1.24874,0.125031,0.11223,0.00433,0.018229,0.029572,0.639
2025-06-17 22:00:00,0.590004,5.90004,0.194414,0.39559,0.00887,0.01943,0.028004,0.775
2025-06-17 23:00:00,0.019634,0.377602,0.005126,0.014508,0.001106,0.002876,0.021714,0.228
2025-06-18 00:00:00,0.015513,0.242381,0.003555,0.011958,0.000738,0.00224,0.021074,0.209
2025-06-18 01:00:00,0.071424,1.62326,0.001967,0.069457,0.000312,0.001639,0.019375,0.11
2025-06-18 02:00:00,0.041902,1.16392,0.004156,0.037746,0.000563,0.000922,0.019422,0.208
2025-06-18 03:00:00,0.010908,0.227233,0.000988,0.00992,0.000164,0.000308,0.018496,0.046
2025-06-18 04:00:00,0.084025,1.61586,0.00165,0.082375,0.000172,0.002116,0.018975,0.063
2025-06-18 05:00:00,0.00433,0.080167,0.000319,0.004011,8.8e-05,9.6e-05,0.018667,0.022
2025-06-18 06:00:00,0.054775,0.944397,0.001863,0.052912,0.000443,0.001543,0.021461,0.247
2025-06-18 07:00:00,0.230843,1.26836,0.021625,0.209218,0.004042,0.007053,0.02823,0.817
2025-06-18 08:00:00,0.179605,1.16626,0.012914,0.166691,0.002896,0.006306,0.031152,0.636
2025-06-18 09:00:00,0.169919,0.923479,0.018174,0.151745,0.002193,0.006103,0.030111,0.535
2025-06-18 10:00:00,0.053228,0.436285,0.004659,0.048569,0.00151,0.006718,0.030042,0.38
2025-06-18 11:00:00,0.192731,1.21983,0.027242,0.165489,0.004366,0.010845,0.034322,1.057
2025-06-18 12:00:00,0.130582,0.777284,0.014677,0.115905,0.003195,0.005035,0.031466,0.666
2025-06-18 13:00:00,0.334235,2.35377,0.016126,0.318109,0.004621,0.014,0.038738,1.097
2025-06-18 14:00:00,0.154668,1.45915,0.010199,0.144469,0.00197,0.004968,0.031007,0.706
2025-06-18 15:00:00,0.050684,0.436924,0.025561,0.025123,0.003115,0.001904,0.028418,0.767
2025-06-18 16:00:00,0.197867,1.09925,0.02521,0.172657,0.00366,0.009791,0.036487,1.321
2025-06-18 17:00:00,0.14589,0.597914,0.038156,0.107734,0.007427,0.008777,0.042247,0.862
2025-06-18 18:00:00,0.33434,1.06478,0.025301,0.309039,0.004442,0.016309,0.037456,1.443
2025-06-18 19:00:00,0.690345,2.92519,0.116921,0.573424,0.009323,0.023038,0.042466,2.952
2025-06-18 20:00:00,0.638759,2.6615,0.112302,0.526457,0.012811,0.035591,0.050625,2.546
2025-06-18 21:00:00,0.710826,4.61575,0.049884,0.660942,0.00994,0.032166,0.041272,2.756
2025-06-18 22:00:00,0.230999,1.92498,0.049351,0.181648,0.007436,0.007677,0.031751,1.556
2025-06-18 23:00:00,0.122381,0.422001,0.008877,0.113504,0.009149,0.010147,0.03345,0.621
2025-06-19 00:00:00,0.0234,0.068026,0.009358,0.014042,0.003048,0.001813,0.02513,0.747
2025-06-19 01:00:00,0.055375,0.110749,0.013111,0.042264,0.003518,0.00219,0.025951,0.999
2025-06-19 02:00:00,0.529107,1.52921,0.113651,0.415456,0.006535,0.007995,0.028254,1.654
2025-06-19 03:00:00,0.867256,2.21239,0.020545,0.846711,0.002789,0.009227,0.026224,0.944
2025-06-19 04:00:00,0.085455,0.174394,0.004192,0.081263,0.001441,0.001416,0.022315,0.343
2025-06-19 05:00:00,0.025465,0.231503,0.00732,0.018145,0.001323,0.000862,0.020073,0.172
2025-06-19 06:00:00,0.177998,1.71151,0.005425,0.172573,0.000721,0.003036,0.02171,0.243
2025-06-19 07:00:00,0.17322,0.973143,0.009,0.16422,0.002084,0.005213,0.026374,0.345
2025-06-19 08:00:00,0.166113,0.761986,0.016982,0.149131,0.003491,0.006859,0.032379,0.661
2025-06-19 09:00:00,0.12041,0.67646,0.018119,0.102291,0.003514,0.007753,0.034825,0.745
2025-06-19 10:00:00,0.02991,0.267056,0.004199,0.025711,0.000964,0.002476,0.027192,0.213
2025-06-19 11:00:00,0.117516,0.773126,0.008081,0.109435,0.00338,0.007711,0.034545,0.523
2025-06-19 12:00:00,0.20726,1.85053,0.010841,0.196419,0.002239,0.006929,0.03159,0.685
2025-06-19 13:00:00,0.215485,2.19883,0.010609,0.204876,0.001604,0.004376,0.027149,0.506
2025-06-19 14:00:00,0.066256,1.1831,0.007557,0.058699,0.001867,0.005637,0.029179,0.284
2025-06-19 15:00:00,0.063517,0.705756,0.00669,0.056827,0.002695,0.004876,0.032574,0.51
2025-06-19 16:00:00,0.242769,2.29028,0.012107,0.230662,0.004118,0.020743,0.03614,0.679
2025-06-19 17:00:00,0.18962,1.37406,0.037317,0.152303,0.005388,0.020169,0.040784,1.103
2025-06-19 18:00:00,0.317383,1.91195,0.056287,0.261096,0.008219,0.023188,0.043363,1.777
2025-06-19 19:00:00,0.607398,4.89837,0.102973,0.504425,0.014996,0.027602,0.043772,1.985
2025-06-19 20:00:00,2.75237,21.8442,0.026714,2.72566,0.003475,0.042146,0.034387,0.966
2025-06-19 21:00:00,0.956752,3.85787,0.032724,0.924028,0.004416,0.032647,0.039724,1.337
2025-06-19 22:00:00,0.49716,3.3144,0.062181,0.434979,0.012449,0.042435,0.048362,1.887
2025-06-19 23:00:00,0.620549,7.75686,0.037391,0.583158,0.005684,0.018397,0.031802,1.966
2025-06-20 00:00:00,0.035214,0.32012,0.014359,0.020855,0.003058,0.001814,0.025266,1.243
2025-06-20 01:00:00,0.014795,0.295888,0.008735,0.00606,0.001935,0.00076,0.021278,0.68
2025-06-20 02:00:00,0.054697,0.828758,0.01047,0.044227,0.002353,0.001666,0.022478,0.758
2025-06-20 03:00:00,0.059966,0.967183,0.00467,0.055296,0.001097,0.001973,0.020929,0.603
2025-06-20 04:00:00,0.00201,0.017333,0.000889,0.001121,0.000693,0.000484,0.020463,0.3
2025-06-20 05:00:00,0.053279,0.451521,0.002872,0.050407,0.001059,0.00174,0.02183,0.578
2025-06-20 06:00:00,0.00758,0.08239,0.002285,0.005295,0.000823,0.000563,0.021581,0.245
2025-06-20 07:00:00,0.475093,4.39901,0.019922,0.455171,0.003024,0.014919,0.029253,0.998
2025-06-20 08:00:00,0.142082,0.845724,0.013516,0.128566,0.003329,0.008073,0.033535,0.627
2025-06-20 09:00:00,0.190927,0.984154,0.078439,0.112488,0.003987,0.005926,0.032833,0.977
2025-06-20 10:00:00,0.521282,5.11061,0.048548,0.472734,0.005222,0.020132,0.035864,1.408
2025-06-20 11:00:00,0.384104,2.86645,0.021542,0.362562,0.003368,0.014558,0.035528,1.331
2025-06-20 12:00:00,0.159081,1.24283,0.021221,0.13786,0.006059,0.010722,0.060751,2.369
2025-06-20 13:00:00,0.330424,3.59155,0.039869,0.290555,0.007702,0.007828,0.059589,2.354
2025-06-20 14:00:00,0.157835,1.0249,0.01645,0.141385,0.002782,0.004219,0.032719,0.804
2025-06-20 15:00:00,0.070809,0.753285,0.00885,0.061959,0.001659,0.002478,0.027578,0.344
2025-06-20 16:00:00,0.067688,0.663598,0.012289,0.055399,0.002364,0.005045,0.029886,0.622
2025-06-20 17:00:00,1.16123,10.1862,0.044795,1.11643,0.00817,0.030536,0.045894,2.585
2025-06-20 18:00:00,0.653212,2.45568,0.177232,0.47598,0.039895,0.020759,0.062194,4.191
2025-06-20 19:00:00,0.310841,2.07227,0.03197,0.278871,0.004009,0.015421,0.035976,1.333
2025-06-20 20:00:00,0.14802,0.860576,0.051759,0.096261,0.005603,0.007861,0.030498,0.888
2025-06-20 21:00:00,0.270541,2.08108,0.049782,0.220759,0.007845,0.009124,0.034068,1.959
2025-06-20 22:00:00,0.310973,2.72785,0.03526,0.275713,0.009966,0.011614,0.038081,3.323
2025-06-20 23:00:00,0.226881,2.41363,0.022738,0.204143,0.006898,0.010099,0.030317,1.488
2025-06-21 00:00:00,0.375541,4.47072,0.019636,0.355905,0.004219,0.008329,0.026894,0.938
2025-06-21 01:00:00,0.661719,10.3394,0.026418,0.635301,0.003505,0.013821,0.029809,1.434
2025-06-21 02:00:00,0.062145,0.839798,0.005446,0.056699,0.000764,0.001152,0.021012,0.183
2025-06-21 03:00:00,0.022884,0.357569,0.005387,0.017497,0.001603,0.001156,0.02149,0.235
2025-06-21 04:00:00,0.015471,0.257828,0.000908,0.014563,0.000284,0.000493,0.018684,0.058
2025-06-21 05:00:00,0.040832,0.551787,0.008063,0.032769,0.000668,0.000931,0.01977,0.172
2025-06-21 06:00:00,0.008152,0.094785,0.001119,0.007033,0.00041,0.000557,0.020413,0.054
2025-06-21 07:00:00,0.038965,0.475186,0.011228,0.027737,0.00149,0.001073,0.02322,0.202
2025-06-21 08:00:00,0.100602,0.852559,0.018696,0.081906,0.008518,0.004111,0.027919,0.513
2025-06-21 09:00:00,0.20246,0.698138,0.020528,0.181932,0.003203,0.007822,0.031939,0.997
2025-06-21 10:00:00,0.328054,1.37837,0.048877,0.279177,0.006375,0.009975,0.03688,1.773
2025-06-21 11:00:00,0.339802,1.18812,0.027275,0.312527,0.005191,0.012695,0.035814,1.256
2025-06-21 12:00:00,0.201424,1.36098,0.045438,0.155986,0.005914,0.011541,0.036921,1.143
2025-06-21 13:00:00,1.13936,6.26024,0.058132,1.08123,0.006866,0.030421,0.046339,2.798
2025-06-21 14:00:00,0.905754,5.26601,0.098224,0.80753,0.014762,0.026518,0.049395,2.838
2025-06-21 15:00:00,0.858238,3.2509,0.07591,0.782328,0.011106,0.020565,0.046502,2.74
2025-06-21 16:00:00,0.430891,1.67012,0.040763,0.390128,0.005589,0.013691,0.036605,1.302
2025-06-21 17:00:00,0.254971,1.61374,0.042197,0.212774,0.007107,0.009235,0.036256,1.017
2025-06-21 18:00:00,0.186111,0.861623,0.020863,0.165248,0.006444,0.015778,0.037977,0.988
2025-06-21 19:00:00,0.570552,2.57006,0.036305,0.534247,0.006645,0.015483,0.03706,1.722
2025-06-21 20:00:00,0.112633,0.761033,0.052069,0.060564,0.006719,0.006788,0.031141,0.509
2025-06-21 21:00:00,0.287318,2.14417,0.019487,0.267831,0.003334,0.013617,0.031694,0.914
2025-06-21 22:00:00,0.20623,1.98298,0.023257,0.182973,0.004,0.010501,0.03008,0.769
2025-06-21 23:00:00,0.078783,1.06464,0.00706,0.071723,0.001398,0.003559,0.023554,0.372
2025-06-22 00:00:00,0.920735,12.788,0.040601,0.880134,0.004585,0.020233,0.037099,2.459
2025-06-22 01:00:00,1.62847,31.3168,0.047385,1.58109,0.005555,0.035824,0.04344,2.821
2025-06-22 02:00:00,0.231519,3.40472,0.007147,0.224372,0.001972,0.00483,0.022835,0.402
2025-06-22 03:00:00,7.8e-05,0.001542,5.4e-05,2.4e-05,0.000927,0.000996,0.019475,0.01
2025-06-22 04:00:00,0.014757,0.245965,0.001406,0.013351,0.000368,0.000341,0.018743,0.066
2025-06-22 05:00:00,0.009466,0.1753,0.001232,0.008234,0.000908,0.000411,0.019447,0.062
2025-06-22 06:00:00,0.025495,0.344535,0.018515,0.00698,0.000877,0.00047,0.020333,0.039
2025-06-22 07:00:00,0.036151,0.334738,0.00638,0.029771,0.001816,0.001496,0.023687,0.248
2025-06-22 08:00:00,0.071864,0.552798,0.010872,0.060992,0.001692,0.002934,0.025736,0.496
2025-06-22 09:00:00,0.081549,0.647205,0.015991,0.065558,0.002583,0.003683,0.027984,0.741
2025-06-22 10:00:00,0.280029,1.66684,0.027567,0.252462,0.004139,0.008807,0.03388,1.12
2025-06-22 11:00:00,0.328428,1.40354,0.052143,0.276285,0.006329,0.012949,0.035724,0.94
2025-06-22 12:00:00,0.15501,0.094173,0.019926,0.135084,0.006718,0.007496,0.041572,1.053
2025-06-22 13:00:00,0.628127,0.485416,0.044143,0.583984,0.007975,0.019657,0.044906,1.865
2025-06-22 14:00:00,0.45166,1.16407,0.033546,0.418114,0.00651,0.011405,0.038757,1.802
2025-06-22 15:00:00,0.636999,0.549138,0.048837,0.588162,0.007798,0.012276,0.043502,1.835
2025-06-22 16:00:00,0.548749,1.24151,0.379821,0.168928,0.01981,0.009432,0.036938,1.886
2025-06-22 17:00:00,1.6794,3.24208,1.05666,0.62274,0.054392,0.027661,0.062304,5.7
2025-06-22 18:00:00,0.941699,4.5274,0.520471,0.421228,0.030595,0.0171,0.04585,2.826
2025-06-22 19:00:00,0.347066,1.75286,0.033688,0.313378,0.005356,0.011569,0.034824,1.725
2025-06-22 20:00:00,0.316451,1.30764,0.040865,0.275586,0.006233,0.008441,0.033612,1.46
2025-06-22 21:00:00,0.325575,1.93795,0.016944,0.308631,0.004286,0.011732,0.029388,0.906
2025-06-22 22:00:00,0.833662,7.44342,0.045151,0.788511,0.004717,0.015839,0.031683,1.934
2025-06-22 23:00:00,0.976253,10.6114,0.035534,0.940719,0.004701,0.021469,0.033531,2.235
2025-06-23 00:00:00,1.23259,18.1263,0.023512,1.20908,0.004435,0.032631,0.038912,3.227
2025-06-23 01:00:00,0.92499,9.84031,0.039309,0.885681,0.005701,0.03247,0.039843,2.668
2025-06-23 02:00:00,0.629494,6.17151,0.02193,0.607564,0.003298,0.016203,0.028267,1.314
2025-06-23 03:00:00,0.0987,1.05001,0.005081,0.093619,0.001762,0.006694,0.023857,0.607
2025-06-23 04:00:00,0.094835,0.987869,0.00539,0.089445,0.000867,0.00206,0.020398,0.351
2025-06-23 05:00:00,0.111098,1.42433,0.01719,0.093908,0.001629,0.002912,0.021218,0.422
2025-06-23 06:00:00,0.025639,0.2564,0.001886,0.023753,0.001494,0.000819,0.021163,0.134
2025-06-23 07:00:00,0.304052,2.1718,0.023446,0.280606,0.008039,0.00741,0.033133,1.121
2025-06-23 08:00:00,0.385271,3.50246,0.050661,0.33461,0.008763,0.014994,0.037136,1.233
2025-06-23 09:00:00,0.041215,0.242456,0.007536,0.033679,0.001591,0.00421,0.030027,0.397
2025-06-23 10:00:00,0.838946,5.99246,0.049869,0.789077,0.007078,0.015071,0.036539,2.002
2025-06-23 11:00:00,0.907327,10.0814,0.487536,0.419791,0.030965,0.019009,0.046457,3.265
2025-06-23 12:00:00,1.54313,9.76666,0.914234,0.6289,0.052974,0.036147,0.062,5.853
2025-06-23 13:00:00,0.34542,3.83799,0.047477,0.297943,0.007291,0.009407,0.036686,2.211
2025-06-23 14:00:00,0.135735,0.983587,0.010407,0.125328,0.004356,0.004027,0.031588,0.762
2025-06-23 15:00:00,0.479627,3.42591,0.270862,0.208765,0.012829,0.008078,0.03289,0.972
2025-06-23 16:00:00,0.216638,2.25665,0.141761,0.074877,0.008314,0.022008,0.039011,1.047
2025-06-23 17:00:00,0.065501,0.467861,0.008464,0.057037,0.002694,0.00283,0.030964,1.297
2025-06-23 18:00:00,0.45433,2.31802,0.030473,0.423857,0.006752,0.012384,0.038421,1.801
2025-06-23 19:00:00,0.222314,1.05864,0.026701,0.195613,0.007774,0.011928,0.037861,1.201
2025-06-23 20:00:00,0.453586,3.54365,0.030792,0.422794,0.0068,0.014052,0.037533,1.797
2025-06-23 21:00:00,0.171625,0.794562,0.028178,0.143447,0.017553,0.010843,0.036867,1.581
2025-06-23 22:00:00,0.546487,5.15555,0.103029,0.443458,0.019886,0.022782,0.042508,1.998
2025-06-23 23:00:00,0.072888,0.743753,0.01218,0.060708,0.009755,0.002499,0.023284,0.714
2025-06-24 00:00:00,0.082715,2.7572,0.011583,0.071132,0.005949,0.003422,0.022802,0.822
2025-06-24 01:00:00,0.012059,0.194504,0.007143,0.004916,0.001242,0.000949,0.020584,0.215
2025-06-24 02:00:00,0.000957,0.009974,0.00066,0.000297,0.000191,0.00011,0.018818,0.035
2025-06-24 03:00:00,0.002668,0.018785,0.001325,0.001343,0.000331,0.000264,0.019005,0.052
2025-06-24 04:00:00,0.001847,0.016196,0.000582,0.001265,0.000374,0.000154,0.018764,0.043
2025-06-24 05:00:00,0.001607,0.015761,0.000726,0.000881,0.001036,0.010408,0.021875,0.052
2025-06-24 06:00:00,0.027092,0.322518,0.002909,0.024183,0.006221,0.012142,0.031221,0.251
2025-06-24 07:00:00,0.083927,0.37805,0.009399,0.074528,0.002711,0.002777,0.027171,0.372
2025-06-24 08:00:00,0.229221,1.1461,0.03217,0.197051,0.004592,0.006544,0.035746,1.015
2025-06-24 09:00:00,0.306558,1.64817,0.021511,0.285047,0.003186,0.008399,0.033527,1.211
2025-06-24 10:00:00,0.227761,2.47567,0.012831,0.21493,0.002522,0.006151,0.031125,0.816
2025-06-24 11:00:00,0.542653,3.7168,0.027155,0.515498,0.005286,0.020495,0.043675,0.95
2025-06-24 12:00:00,0.420619,4.04442,0.135302,0.285317,0.011063,0.014775,0.042239,1.467
2025-06-24 13:00:00,0.230035,1.5543,0.07081,0.159225,0.007582,0.006885,0.03573,1.243
2025-06-24 14:00:00,0.143154,1.30141,0.012395,0.130759,0.002022,0.005141,0.02898,0.668
2025-06-24 15:00:00,0.254678,1.95906,0.023095,0.231583,0.003388,0.006626,0.030267,0.872
2025-06-24 16:00:00,0.10513,0.796444,0.033159,0.071971,0.002714,0.003288,0.029229,0.54
2025-06-24 17:00:00,0.513582,2.05433,0.055506,0.458076,0.007141,0.0161,0.036838,1.867
2025-06-24 18:00:00,0.51073,2.0267,0.03419,0.47654,0.009562,0.0145,0.040461,1.697
2025-06-24 19:00:00,0.228283,1.06674,0.023916,0.204367,0.005921,0.010654,0.033036,0.996
2025-06-24 20:00:00,0.248502,0.776571,0.066908,0.181594,0.012415,0.012922,0.041084,1.712
2025-06-24 21:00:00,0.51374,2.98686,0.079438,0.434302,0.010479,0.014481,0.039421,1.918
2025-06-24 22:00:00,0.40576,2.0288,0.052933,0.352827,0.009264,0.012747,0.040994,3.381
2025-06-24 23:00:00,0.166197,1.29841,0.013094,0.153103,0.002917,0.006008,0.025389,1.148
2025-06-25 00:00:00,0.039557,1.41274,0.011348,0.028209,0.001134,0.001537,0.020321,0.116
2025-06-25 01:00:00,0.015467,0.309352,0.004676,0.010791,0.000843,0.000665,0.02096,0.349
2025-06-25 02:00:00,0.004574,0.099462,0.00211,0.002464,0.000922,0.00056,0.020271,0.413
2025-06-25 03:00:00,0.006659,0.208088,0.001796,0.004863,0.000513,0.000337,0.019522,0.325
2025-06-25 04:00:00,0.004371,0.104072,0.000745,0.003626,0.000209,0.000116,0.018386,0.033
2025-06-25 05:00:00,0.034701,1.3347,0.003689,0.031012,0.00074,0.001059,0.019875,0.214
2025-06-25 06:00:00,0.017315,0.262359,0.001953,0.015362,0.001227,0.000579,0.02135,0.109
2025-06-25 07:00:00,0.043964,0.343469,0.00524,0.038724,0.002274,0.002435,0.025101,0.242
2025-06-25 08:00:00,0.242337,1.24916,0.011054,0.231283,0.003179,0.007996,0.031978,0.683
2025-06-25 09:00:00,0.088003,0.478281,0.013652,0.074351,0.00313,0.00529,0.032919,0.519
2025-06-25 10:00:00,0.102204,0.762725,0.010052,0.092152,0.002592,0.003904,0.031107,0.56
2025-06-25 11:00:00,0.15567,1.34198,0.015158,0.140512,0.004003,0.00796,0.035216,0.858
2025-06-25 12:00:00,0.188131,1.56776,0.012656,0.175475,0.002815,0.009512,0.032041,0.696
2025-06-25 13:00:00,0.50567,4.86222,0.020738,0.484932,0.003841,0.022034,0.034369,1.103
2025-06-25 14:00:00,0.416262,2.21416,0.05481,0.361452,0.007092,0.014958,0.036831,1.53
2025-06-25 15:00:00,0.184936,1.54114,0.033049,0.151887,0.004409,0.006041,0.035073,1.041
2025-06-25 16:00:00,0.72625,2.53934,0.048052,0.678198,0.008388,0.021487,0.043956,2.385
2025-06-25 17:00:00,0.2337,1.21718,0.040955,0.192745,0.005397,0.010425,0.037595,1.472
2025-06-25 18:00:00,0.62586,2.03201,0.041163,0.584697,0.009774,0.020519,0.045193,2.227
2025-06-25 19:00:00,0.680462,2.70024,0.039566,0.640896,0.007271,0.019064,0.042622,1.644
2025-06-25 20:00:00,0.128166,0.854451,0.02058,0.107586,0.005256,0.008098,0.032995,1.12
2025-06-25 21:00:00,0.450175,3.46289,0.05579,0.394385,0.006402,0.014817,0.035142,1.7
2025-06-25 22:00:00,0.639247,2.55699,0.20822,0.431027,0.02904,0.015681,0.04227,2.617
2025-06-25 23:00:00,0.36028,5.62937,0.05445,0.30583,0.007533,0.014874,0.030322,1.137
2025-06-26 00:00:00,0.780133,27.8619,0.045046,0.735087,0.006785,0.021142,0.032787,2.619
2025-06-26 01:00:00,0.106161,1.6085,0.013307,0.092854,0.002536,0.004921,0.023764,0.815
2025-06-26 02:00:00,0.009016,0.214689,0.003216,0.0058,0.001775,0.00136,0.020551,0.093
2025-06-26 03:00:00,0.004815,0.150496,0.00362,0.001195,0.001677,0.000152,0.019458,0.123
2025-06-26 04:00:00,0.002377,0.084923,0.000887,0.00149,0.000427,0.000153,0.019005,0.161
2025-06-26 05:00:00,0.000812,0.025403,0.00043,0.000382,0.000348,0.000167,0.019598,0.194
2025-06-26 06:00:00,0.941208,13.0723,0.017571,0.923637,0.003268,0.013528,0.027451,1.183
2025-06-26 07:00:00,0.154577,0.849328,0.008323,0.146254,0.002816,0.003058,0.027191,0.477
2025-06-26 08:00:00,0.045984,0.264282,0.010587,0.035397,0.003032,0.002526,0.031748,0.607
2025-06-26 09:00:00,0.209433,0.960706,0.017867,0.191566,0.004507,0.006014,0.03287,1.005
2025-06-26 10:00:00,0.098038,0.980382,0.011187,0.086851,0.002341,0.003354,0.028866,0.524
2025-06-26 11:00:00,0.231164,1.40954,0.037429,0.193735,0.010875,0.007685,0.034971,0.957
2025-06-26 12:00:00,0.14238,0.733916,0.045072,0.097308,0.007144,0.041822,0.036522,1.144
2025-06-26 13:00:00,0.508406,4.79628,0.162062,0.346344,0.014273,0.011238,0.059904,1.887
2025-06-26 14:00:00,0.076471,0.27909,0.01057,0.065901,0.003026,0.007281,0.031707,0.598
2025-06-26 15:00:00,0.125131,1.02566,0.013127,0.112004,0.004534,0.014073,0.035743,0.986
2025-06-26 16:00:00,0.147074,0.835641,0.018122,0.128952,0.004321,0.01708,0.03676,0.804
2025-06-26 17:00:00,0.571561,2.598,0.066716,0.504845,0.009789,0.018399,0.053752,2.854
2025-06-26 18:00:00,0.911916,4.65262,0.059082,0.852834,0.013491,0.036732,0.087969,4.959
2025-06-26 19:00:00,0.466964,2.51056,0.037408,0.429556,0.00976,0.025623,0.048386,2.422
2025-06-26 20:00:00,0.156686,0.775672,0.040241,0.116445,0.00617,0.006932,0.031542,0.797
2025-06-26 21:00:00,0.209171,1.41331,0.015277,0.193894,0.005082,0.008156,0.03293,1.052
2025-06-26 22:00:00,0.738275,3.69137,0.084198,0.654077,0.011837,0.017041,0.040006,2.823
2025-06-26 23:00:00,0.220309,0.659601,0.020124,0.200185,0.004369,0.008323,0.029193,1.431
2025-06-27 00:00:00,0.134086,3.04739,0.012632,0.121454,0.003224,0.00708,0.025245,1.054
2025-06-27 01:00:00,0.320609,7.63355,0.016088,0.304521,0.004031,0.009085,0.028572,2.546
2025-06-27 02:00:00,0.004042,0.096222,0.003639,0.000403,0.000973,0.000575,0.019551,0.26
2025-06-27 03:00:00,0.001619,0.038559,0.000508,0.001111,0.001236,0.000419,0.019245,0.027
2025-06-27 04:00:00,0.976775,21.2343,0.006377,0.970398,0.000859,0.008922,0.020938,0.389
2025-06-27 05:00:00,0.001772,0.052111,0.000906,0.000866,0.000176,0.000108,0.019141,0.048
2025-06-27 06:00:00,0.031111,0.536398,0.003195,0.027916,0.002564,0.000965,0.021398,0.073
2025-06-27 07:00:00,0.083782,0.504712,0.011272,0.07251,0.003228,0.004008,0.027808,0.497
2025-06-27 08:00:00,0.562934,5.21235,0.049527,0.513407,0.007483,0.012794,0.040313,2.224
2025-06-27 09:00:00,0.06884,0.661934,0.011753,0.057087,0.003104,0.006936,0.030822,0.549
2025-06-27 10:00:00,0.109526,0.912724,0.010748,0.098778,0.003611,0.012047,0.03423,0.68
2025-06-27 11:00:00,0.16621,1.539,0.015887,0.150323,0.005166,0.015082,0.036229,0.555
2025-06-27 12:00:00,0.295564,2.02441,0.01606,0.279504,0.004736,0.010001,0.036837,0.739
2025-06-27 13:00:00,0.133644,1.33644,0.014758,0.118886,0.005036,0.006604,0.032473,0.947
2025-06-27 14:00:00,0.188017,1.67871,0.048172,0.139845,0.010093,0.008102,0.037319,0.963
2025-06-27 15:00:00,0.374485,2.837,0.02744,0.347045,0.004983,0.016625,0.033159,0.648
2025-06-27 16:00:00,0.15364,1.23903,0.011143,0.142497,0.002203,0.003863,0.030022,0.565
2025-06-27 17:00:00,0.160162,1.57022,0.030287,0.129875,0.007253,0.008885,0.043411,3.233
2025-06-27 18:00:00,0.449988,1.79996,0.051001,0.398987,0.00953,0.01707,0.053297,3.759
2025-06-27 19:00:00,0.329597,1.49817,0.088036,0.241561,0.010393,0.010217,0.038182,1.893
2025-06-27 20:00:00,0.377861,1.11793,0.055659,0.322202,0.008443,0.012205,0.037828,1.431
2025-06-27 21:00:00,0.266231,1.43136,0.030552,0.235679,0.007319,0.01003,0.040797,1.941
2025-06-27 22:00:00,0.917774,4.4989,0.079408,0.838366,0.008862,0.024322,0.043098,3.115
2025-06-27 23:00:00,0.534154,5.80603,0.029883,0.504271,0.003071,0.011524,0.028628,1.288
2025-06-28 00:00:00,0.048526,0.475739,0.004027,0.044499,0.001542,0.00241,0.021664,0.19
2025-06-28 01:00:00,0.055035,1.44829,0.004539,0.050496,0.000586,0.001854,0.020243,0.224
2025-06-28 02:00:00,0.287455,5.52798,0.015336,0.272119,0.001244,0.005581,0.022391,0.372
2025-06-28 03:00:00,0.071835,1.33029,0.002654,0.069181,0.000834,0.001535,0.020034,0.124
2025-06-28 04:00:00,0.000822,0.012439,0.000417,0.000405,0.000216,8.8e-05,0.018725,0.029
2025-06-28 05:00:00,0.002555,0.039954,0.000584,0.001971,0.000229,0.000165,0.019111,0.045
2025-06-28 06:00:00,0.016019,0.170428,0.000768,0.015251,0.000528,0.001206,0.02098,0.071
2025-06-28 07:00:00,0.069269,0.58703,0.004533,0.064736,0.001384,0.001306,0.024119,0.203
2025-06-28 08:00:00,0.095093,0.633964,0.013344,0.081749,0.002938,0.003628,0.028383,0.464
2025-06-28 09:00:00,0.087277,0.474334,0.009264,0.078013,0.003541,0.003188,0.029205,0.389
2025-06-28 10:00:00,0.228642,1.20338,0.02006,0.208582,0.005123,0.009146,0.034538,0.884
2025-06-28 11:00:00,0.27991,0.902934,0.042026,0.237884,0.006376,0.010351,0.035678,1.343
2025-06-28 12:00:00,0.081524,0.391938,0.01426,0.067264,0.002817,0.004684,0.031346,0.799
2025-06-28 13:00:00,0.226764,1.13382,0.031091,0.195673,0.004916,0.00975,0.037219,1.631
2025-06-28 14:00:00,0.431052,1.32225,0.034193,0.396859,0.006848,0.014341,0.039296,2.009
2025-06-28 15:00:00,0.790644,3.40795,0.038613,0.752031,0.007942,0.018626,0.043115,2.341
2025-06-28 16:00:00,1.19005,5.61344,0.052523,1.13753,0.008466,0.028745,0.046913,4.327
2025-06-28 17:00:00,1.0867,6.79185,0.053365,1.03333,0.00736,0.026354,0.039853,2.243
2025-06-28 18:00:00,0.253822,1.11326,0.036366,0.217456,0.006654,0.010501,0.038431,1.813
2025-06-28 19:00:00,0.221596,1.19137,0.02409,0.197506,0.005269,0.008724,0.03411,1.132
2025-06-28 20:00:00,0.240892,1.48699,0.027219,0.213673,0.004172,0.011077,0.033772,1.104
2025-06-28 21:00:00,0.36156,4.88594,0.081512,0.280048,0.008739,0.012514,0.032075,0.87
2025-06-28 22:00:00,1.13378,4.80414,0.051822,1.08196,0.008572,0.016897,0.034378,1.527
2025-06-28 23:00:00,0.197448,1.47348,0.031908,0.16554,0.011965,0.009754,0.042952,3.437
2025-06-29 00:00:00,0.275591,3.13172,0.051881,0.22371,0.011082,0.008986,0.035144,2.237
2025-06-29 01:00:00,0.143586,3.41872,0.005566,0.13802,0.00096,0.003161,0.021221,0.406
2025-06-29 02:00:00,0.354927,10.4391,0.012233,0.342694,0.002124,0.006892,0.025118,0.674
2025-06-29 03:00:00,0.000687,0.028612,0.000167,0.00052,0.002045,8.9e-05,0.019448,0.012
2025-06-29 04:00:00,0.00118,0.05916,0.000435,0.000745,9.6e-05,8.6e-05,0.018341,0.028
2025-06-29 05:00:00,0.002302,0.067672,0.000286,0.002016,0.000121,0.000167,0.018719,0.019
2025-06-29 06:00:00,0.00396,0.116476,0.000708,0.003252,0.000238,0.000533,0.020013,0.064
2025-06-29 07:00:00,0.043427,0.60316,0.003719,0.039708,0.001099,0.001265,0.022545,0.221
2025-06-29 08:00:00,0.061767,0.321695,0.006904,0.054863,0.002374,0.002687,0.026579,0.385
2025-06-29 09:00:00,0.066386,0.238796,0.011661,0.054725,0.002587,0.004049,0.028992,0.584
2025-06-29 10:00:00,0.361508,1.46954,0.046872,0.314636,0.004851,0.011221,0.033932,1.407
2025-06-29 11:00:00,0.129768,0.453735,0.018703,0.111065,0.005607,0.00766,0.033117,0.791
2025-06-29 12:00:00,0.167486,0.837432,0.014129,0.153357,0.003907,0.006939,0.031852,0.663
2025-06-29 13:00:00,0.18079,0.602636,0.028824,0.151966,0.008247,0.025402,0.049801,1.046
2025-06-29 14:00:00,0.886199,3.28222,0.039858,0.846341,0.005627,0.018999,0.036894,2.049
2025-06-29 15:00:00,0.281718,0.741363,0.023868,0.25785,0.008123,0.01203,0.048395,0.903
2025-06-29 16:00:00,0.504952,1.9127,0.056337,0.448615,0.008904,0.015653,0.04219,2.527
2025-06-29 17:00:00,0.345397,0.938581,0.024849,0.320548,0.008247,0.012327,0.03683,1.51
2025-06-29 18:00:00,1.43021,4.49752,0.054222,1.37599,0.009734,0.035101,0.051092,2.483
2025-06-29 19:00:00,0.588444,2.97194,0.065527,0.522917,0.011277,0.020297,0.046491,2.601
2025-06-29 20:00:00,0.348393,2.02554,0.020152,0.328241,0.006053,0.023996,0.040268,0.847
2025-06-29 21:00:00,0.21159,1.92354,0.018485,0.193105,0.005029,0.008346,0.029508,0.775
2025-06-29 22:00:00,1.45844,12.7933,0.064471,1.39397,0.012185,0.031335,0.06223,3.818
2025-06-29 23:00:00,0.358647,4.48308,0.030759,0.327888,0.004905,0.013858,0.028722,1.059
2025-06-30 00:00:00,0.148977,2.48294,0.007694,0.141283,0.00373,0.011427,0.029149,0.463
2025-06-30 01:00:00,0.440731,7.59879,0.016623,0.424108,0.004724,0.013761,0.032813,1.263
2025-06-30 02:00:00,0.047471,1.07887,0.004954,0.042517,0.003121,0.007663,0.027242,0.835
2025-06-30 03:00:00,0.00978,0.407512,0.002966,0.006814,0.007665,0.014067,0.032008,0.639
2025-06-30 04:00:00,0.07234,1.80849,0.004666,0.067674,0.004144,0.01032,0.028332,0.537
2025-06-30 05:00:00,0.000249,0.009594,4.8e-05,0.000201,5.7e-05,5.2e-05,0.018571,0.011
2025-06-30 06:00:00,0.027278,0.545553,0.002021,0.025257,0.012899,0.001248,0.026726,0.073
2025-06-30 07:00:00,0.121539,1.26602,0.007507,0.114032,0.005198,0.003265,0.027705,0.392
2025-06-30 08:00:00,0.376071,1.7251,0.029591,0.34648,0.004584,0.008504,0.033168,1.168
2025-06-30 09:00:00,0.554009,2.14732,0.065355,0.488654,0.010283,0.013015,0.042683,2.056
2025-06-30 10:00:00,0.152479,0.896931,0.021137,0.131342,0.003416,0.008776,0.034864,1.2
2025-06-30 11:00:00,0.16971,0.823836,0.023625,0.146085,0.004609,0.009281,0.041434,0.989
2025-06-30 12:00:00,0.672265,4.00157,0.058652,0.613613,0.008878,0.021957,0.059369,2.299
2025-06-30 13:00:00,0.155028,1.21116,0.026003,0.129025,0.003984,0.007822,0.03363,1.344
2025-06-30 14:00:00,0.17014,0.691627,0.031442,0.138698,0.004951,0.005427,0.034686,1.872
2025-06-30 15:00:00,0.513186,1.49182,0.055678,0.457508,0.006904,0.012434,0.039844,1.666
2025-06-30 16:00:00,0.223125,1.12689,0.089957,0.133168,0.007495,0.009593,0.038343,1.109
2025-06-30 17:00:00,0.670747,3.28797,0.046182,0.624565,0.007149,0.023569,0.0438,2.138
2025-06-30 18:00:00,0.233815,1.40852,0.028616,0.205199,0.004997,0.008677,0.034711,1.157
2025-06-30 19:00:00,0.165473,0.880177,0.023468,0.142005,0.011955,0.0107,0.040419,1.016
2025-06-30 20:00:00,0.064576,0.750878,0.020486,0.04409,0.005352,0.003814,0.029166,0.743
2025-06-30 21:00:00,0.112759,1.15058,0.039975,0.072784,0.00411,0.002755,0.025658,0.489
2025-06-30 22:00:00,0.01837,0.241725,0.003815,0.014555,0.001065,0.001492,0.023404,0.22
2025-06-30 23:00:00,0.017904,0.131646,0.001889,0.016015,0.001324,0.001199,0.02163,0.132
2025-07-01 00:00:00,0.094266,0.252046,0.010485,0.083781,0.006245,0.021816,0.039551,0.651
2025-07-01 01:00:00,0.088865,0.216743,0.006601,0.082264,0.003031,0.003262,0.026406,0.658
2025-07-01 02:00:00,0.122434,0.637677,0.005111,0.117323,0.001576,0.003564,0.023164,0.65
2025-07-01 03:00:00,0.025596,0.063357,0.005596,0.02,0.00326,0.001585,0.025518,1.058
2025-07-01 04:00:00,0.000112,0.00257,7.4e-05,3.8e-05,0.000428,5.9e-05,0.018757,0.028
2025-07-01 05:00:00,7.6e-05,0.001019,3.7e-05,3.9e-05,0.000122,5.4e-05,0.019022,0.02
2025-07-01 06:00:00,0.035345,0.327266,0.003876,0.031469,0.000873,0.001007,0.021643,0.101
2025-07-01 07:00:00,0.065989,0.589186,0.006089,0.0599,0.001926,0.001896,0.025574,0.248
2025-07-01 08:00:00,0.058141,0.531497,0.007,0.051141,0.002784,0.003926,0.030373,0.560333
2025-07-01 09:00:00,0.050293,0.473809,0.007911,0.042382,0.003641,0.005956,0.035172,0.872667
2025-07-01 10:00:00,0.042445,0.41612,0.008822,0.033623,0.004499,0.007986,0.039971,1.185
2025-07-01 11:00:00,0.162586,1.14497,0.114219,0.048367,0.007288,0.004575,0.031934,0.495
2025-07-01 12:00:00,0.175251,0.58417,0.021843,0.153408,0.005537,0.017327,0.037024,1.385
2025-07-01 13:00:00,0.109779,0.871258,0.020963,0.088816,0.005447,0.007434,0.03195,0.681
2025-07-01 14:00:00,0.992629,5.83899,0.050829,0.9418,0.006078,0.020816,0.042462,2.504
2025-07-01 15:00:00,0.221316,1.24335,0.091345,0.129971,0.005934,0.005314,0.032143,0.872
2025-07-01 16:00:00,0.493635,1.13741,0.069371,0.424264,0.023048,0.019967,0.054331,3.291
2025-07-01 17:00:00,0.494712,2.31174,0.093211,0.401501,0.013969,0.021801,0.050007,2.193
2025-07-01 18:00:00,0.411193,2.21071,0.111945,0.299248,0.01399,0.017421,0.043686,1.116
2025-07-01 19:00:00,0.202917,0.852595,0.022906,0.180011,0.009456,0.020013,0.042827,1.41
2025-07-01 20:00:00,0.058346,0.24723,0.014679,0.043667,0.004154,0.002997,0.029407,0.794
2025-07-01 21:00:00,0.092868,0.386946,0.012107,0.080761,0.006957,0.003923,0.029128,0.718
2025-07-01 22:00:00,0.114367,0.364228,0.025561,0.088806,0.004871,0.0048,0.031417,1.742
2025-07-01 23:00:00,0.439472,3.72433,0.014873,0.424599,0.004003,0.011383,0.030011,1.295
2025-07-02 00:00:00,0.671989,7.99987,0.01167,0.660319,0.002227,0.01897,0.028318,0.903
2025-07-02 01:00:00,0.045741,0.601847,0.002865,0.042876,0.001093,0.001219,0.01954,0.102
2025-07-02 02:00:00,0.046465,0.346753,0.002439,0.044026,0.001174,0.001582,0.020847,0.215
2025-07-02 03:00:00,0.138649,1.77754,0.007504,0.131145,0.002344,0.001689,0.021244,0.242
2025-07-02 04:00:00,0.114298,1.26997,0.012917,0.101381,0.001493,0.002111,0.02154,0.436
2025-07-02 05:00:00,0.002854,0.059423,0.000108,0.002746,9.8e-05,0.000222,0.01878,0.013
2025-07-02 06:00:00,0.041835,0.836722,0.005876,0.035959,0.001381,0.001466,0.024853,0.318
2025-07-02 07:00:00,0.038231,0.303412,0.005054,0.033177,0.001411,0.001957,0.025192,0.248
2025-07-02 08:00:00,0.116382,0.684604,0.015734,0.100648,0.003207,0.00376,0.031375,0.331
2025-07-02 09:00:00,0.098628,0.298873,0.011878,0.08675,0.004368,0.003647,0.0347,0.681
2025-07-02 10:00:00,0.096082,0.632122,0.01796,0.078122,0.002868,0.003514,0.030262,0.627
2025-07-02 11:00:00,0.162926,0.590309,0.025541,0.137385,0.01148,0.009744,0.039917,0.955
2025-07-02 12:00:00,0.314137,1.37779,0.02714,0.286997,0.01002,0.023737,0.040316,0.958
2025-07-02 13:00:00,0.276198,1.34077,0.024038,0.25216,0.00689,0.011432,0.037341,1.308
2025-07-02 14:00:00,0.279791,0.768659,0.022073,0.257718,0.006572,0.009668,0.03667,0.996
2025-07-02 15:00:00,0.274245,1.22431,0.014718,0.259527,0.003193,0.008046,0.031373,0.766
2025-07-02 16:00:00,0.16213,1.3075,0.017257,0.144873,0.004235,0.004839,0.031503,1.025
2025-07-02 17:00:00,0.49633,1.77261,0.064003,0.432327,0.007212,0.014068,0.038123,2.158
2025-07-02 18:00:00,0.287532,1.29519,0.029734,0.257798,0.009635,0.010136,0.037228,1.462
2025-07-02 19:00:00,0.414518,0.929411,0.042068,0.37245,0.014099,0.018161,0.055932,1.801
2025-07-02 20:00:00,0.190964,0.686925,0.029976,0.160988,0.005961,0.006192,0.033218,1.253
2025-07-02 21:00:00,0.244023,1.96793,0.013302,0.230721,0.003348,0.006715,0.030325,0.407
2025-07-02 22:00:00,0.023707,0.320373,0.005681,0.018026,0.001122,0.001441,0.022917,0.187
2025-07-02 23:00:00,0.324571,4.63673,0.025836,0.298735,0.003266,0.006924,0.027473,0.646
2025-07-03 00:00:00,0.092133,1.5885,0.006836,0.085297,0.001787,0.003111,0.021401,0.227
2025-07-03 01:00:00,0.737032,8.98819,0.03157,0.705462,0.004363,0.016737,0.028246,1.134
2025-07-03 02:00:00,0.448889,12.4692,0.023523,0.425366,0.002823,0.008795,0.024019,0.81
2025-07-03 03:00:00,0.161977,3.23955,0.005304,0.156673,0.000714,0.003238,0.020328,0.364
2025-07-03 04:00:00,0.001859,0.046499,0.001005,0.000854,0.00038,0.000106,0.018677,0.055
2025-07-03 05:00:00,0.027718,0.815197,0.003678,0.02404,0.000282,0.000487,0.019404,0.092
2025-07-03 06:00:00,0.025094,0.369052,0.002719,0.022375,0.000547,0.000636,0.021492,0.173
2025-07-03 07:00:00,0.120808,0.875408,0.006858,0.11395,0.002133,0.004118,0.029294,0.456
2025-07-03 08:00:00,0.15086,0.954813,0.010407,0.140453,0.003236,0.005899,0.0321,0.816
2025-07-03 09:00:00,0.198558,0.855846,0.018456,0.180102,0.002475,0.00564,0.030887,0.666
2025-07-03 10:00:00,0.11035,0.362991,0.026667,0.083683,0.004505,0.0035,0.032225,0.781
2025-07-03 11:00:00,0.210019,1.07153,0.051066,0.158953,0.006415,0.008219,0.035298,0.901
2025-07-03 12:00:00,0.09166,0.436474,0.015856,0.075804,0.013176,0.019599,0.052237,2.309
2025-07-03 13:00:00,0.270336,1.17538,0.020657,0.249679,0.003441,0.006772,0.032268,1.04
2025-07-03 14:00:00,0.37927,1.30783,0.033705,0.345565,0.008942,0.027391,0.045843,1.311
2025-07-03 15:00:00,0.290371,1.72841,0.014863,0.275508,0.002832,0.009148,0.032062,1.13
2025-07-03 16:00:00,0.512312,1.48928,0.050787,0.461525,0.006591,0.018931,0.040469,1.895
2025-07-03 17:00:00,0.18077,1.14412,0.037247,0.143523,0.006661,0.005926,0.040808,1.58
2025-07-03 18:00:00,0.262097,1.45609,0.036522,0.225575,0.005075,0.011568,0.034724,1.272
2025-07-03 19:00:00,0.297407,1.00476,0.058855,0.238552,0.009187,0.013217,0.04461,2.206
2025-07-03 20:00:00,0.23704,1.53922,0.033823,0.203217,0.007406,0.009836,0.03539,1.385
2025-07-03 21:00:00,0.224942,1.81405,0.027598,0.197344,0.006188,0.011585,0.031273,0.822
2025-07-03 22:00:00,0.067115,0.409236,0.009019,0.058096,0.003386,0.004706,0.025351,0.481
2025-07-03 23:00:00,0.42916,3.25121,0.03401,0.39515,0.003884,0.012803,0.02959,1.144
2025-07-04 00:00:00,0.189158,3.15265,0.039959,0.149199,0.002867,0.004697,0.023923,0.505
2025-07-04 01:00:00,0.816589,18.5588,0.064126,0.752463,0.006109,0.019604,0.026956,1.184
2025-07-04 02:00:00,0.132126,3.67014,0.004038,0.128088,0.000423,0.001727,0.019484,0.147
2025-07-04 03:00:00,0.222544,5.29869,0.011763,0.210781,0.001026,0.00334,0.020573,0.416
2025-07-04 04:00:00,0.14139,2.94561,0.023191,0.118199,0.001931,0.002578,0.020648,0.378
2025-07-04 05:00:00,0.008966,0.14009,0.000352,0.008614,0.000385,0.000179,0.019134,0.078
2025-07-04 06:00:00,0.081043,1.84187,0.006571,0.074472,0.000585,0.002022,0.021393,0.152
2025-07-04 07:00:00,0.029481,0.156809,0.00361,0.025871,0.001735,0.002303,0.025625,0.216
2025-07-04 08:00:00,0.343007,1.58799,0.030958,0.312049,0.005251,0.009991,0.033589,0.938
2025-07-04 09:00:00,0.611679,2.03893,0.035673,0.576006,0.010062,0.013707,0.037048,1.113
2025-07-04 10:00:00,0.230709,0.470835,0.036922,0.193787,0.008243,0.006303,0.037117,1
2025-07-04 11:00:00,0.098265,0.229588,0.019648,0.078617,0.005831,0.007461,0.038315,1.399
2025-07-04 12:00:00,0.120275,0.53219,0.012651,0.107624,0.003632,0.006044,0.03354,0.735
2025-07-04 13:00:00,0.198749,0.788685,0.035816,0.162933,0.00604,0.00832,0.034758,1.392
2025-07-04 14:00:00,0.177476,1.12326,0.018228,0.159248,0.002928,0.006155,0.031203,0.613
2025-07-04 15:00:00,0.099265,0.577117,0.012499,0.086766,0.003216,0.004262,0.031583,0.725
2025-07-04 16:00:00,0.080608,0.584113,0.013454,0.067154,0.002523,0.0041,0.030248,0.272
2025-07-04 17:00:00,0.123581,0.630514,0.010588,0.112993,0.003394,0.004828,0.036551,0.971
2025-07-04 18:00:00,0.429766,1.27906,0.10886,0.320906,0.011872,0.014447,0.080492,4.229
2025-07-04 19:00:00,0.639538,2.85509,0.125756,0.513782,0.011185,0.016544,0.042688,2.473
2025-07-04 20:00:00,0.131185,0.762699,0.02582,0.105365,0.005048,0.007901,0.033154,0.671
2025-07-04 21:00:00,0.565019,4.21655,0.027103,0.537916,0.005121,0.016418,0.042861,1.882
2025-07-04 22:00:00,0.401082,3.18319,0.015746,0.385336,0.003967,0.013612,0.039467,0.701
2025-07-04 23:00:00,0.616649,7.34106,0.02792,0.588729,0.002685,0.013015,0.027642,0.851
2025-07-05 00:00:00,0.319324,4.83825,0.008348,0.310976,0.001386,0.008853,0.023629,0.488
2025-07-05 01:00:00,0.001634,0.034026,0.000651,0.000983,0.000356,0.000993,0.019244,0.035
2025-07-05 02:00:00,0.26207,5.03981,0.015562,0.246508,0.003181,0.0058,0.024571,0.523
2025-07-05 03:00:00,0.007239,0.190521,0.0011,0.006139,0.00066,0.000481,0.019548,0.269
2025-07-05 04:00:00,0.413116,12.9099,0.074017,0.339099,0.003607,0.005693,0.022273,0.648
2025-07-05 05:00:00,0.032774,0.963934,0.00236,0.030414,0.000369,0.000628,0.019421,0.129
2025-07-05 06:00:00,0.252189,6.30474,0.007154,0.245035,0.000582,0.003204,0.02262,0.227
2025-07-05 07:00:00,0.180304,1.528,0.021355,0.158949,0.005949,0.002888,0.027451,0.585
2025-07-05 08:00:00,0.114385,0.805539,0.014588,0.099797,0.001988,0.002677,0.027094,0.494
2025-07-05 09:00:00,0.076537,0.267612,0.007352,0.069185,0.003474,0.003149,0.028569,0.393
2025-07-05 10:00:00,0.241828,1.31428,0.022802,0.219026,0.005843,0.013504,0.045018,1.207
2025-07-05 11:00:00,0.313602,1.29587,0.039049,0.274553,0.004846,0.026965,0.035963,1.284
2025-07-05 12:00:00,0.145479,0.982959,0.027012,0.118467,0.003852,0.003085,0.029873,0.642
2025-07-05 13:00:00,0.093889,0.617686,0.020362,0.073527,0.003521,0.004267,0.030312,1.169
2025-07-05 14:00:00,0.329334,2.31925,0.021474,0.30786,0.003814,0.008836,0.03337,1.901
2025-07-05 15:00:00,0.487141,1.79096,0.07552,0.411621,0.007954,0.010902,0.034939,0.813
2025-07-05 16:00:00,0.55169,2.10569,0.027175,0.524515,0.005345,0.012505,0.038518,1.997
2025-07-05 17:00:00,0.174491,0.484698,0.019005,0.155486,0.003432,0.005261,0.033136,0.811
2025-07-05 18:00:00,0.133778,0.352047,0.018977,0.114801,0.006049,0.009992,0.039689,0.829
2025-07-05 19:00:00,0.207797,1.14174,0.027367,0.18043,0.004417,0.009747,0.034166,1.124
2025-07-05 20:00:00,0.084979,0.590124,0.006236,0.078743,0.001499,0.007319,0.027451,0.361
2025-07-05 21:00:00,0.134516,1.0848,0.013062,0.121454,0.002084,0.004477,0.026833,0.467
2025-07-05 22:00:00,0.205183,1.48683,0.071792,0.133391,0.006144,0.007708,0.03383,1.459
2025-07-05 23:00:00,0.332241,3.39022,0.030426,0.301815,0.005317,0.016992,0.035347,1.365
2025-07-06 00:00:00,0.508675,5.08675,0.028566,0.480109,0.006745,0.01693,0.032363,1.331
2025-07-06 01:00:00,0.097562,1.39373,0.004264,0.093298,0.015436,0.012002,0.031939,0.2
2025-07-06 02:00:00,0.060389,1.0412,0.002356,0.058033,0.001573,0.001284,0.020419,0.19
2025-07-06 03:00:00,0.001885,0.031412,0.000647,0.001238,0.000513,0.000483,0.018938,0.029
2025-07-06 04:00:00,0.000278,0.005791,0.000153,0.000125,9e-05,5.9e-05,0.018365,0.023
2025-07-06 05:00:00,0.000227,0.005942,9.9e-05,0.000128,0.00042,0.000321,0.01897,0.027
2025-07-06 06:00:00,0.008042,0.091398,0.00557,0.002472,0.001536,0.0005,0.021352,0.313
2025-07-06 07:00:00,0.054436,0.544354,0.015758,0.038678,0.002814,0.001853,0.025094,0.78
2025-07-06 08:00:00,0.05713,0.48415,0.024537,0.032593,0.001856,0.001888,0.02475,0.302
2025-07-06 09:00:00,0.200549,1.04452,0.018607,0.181942,0.003863,0.006601,0.031133,1.021
2025-07-06 10:00:00,0.326,1.44248,0.019422,0.306578,0.00332,0.007143,0.030601,1.102
2025-07-06 11:00:00,0.066089,0.295038,0.015696,0.050393,0.005008,0.01296,0.034558,0.808
2025-07-06 12:00:00,0.108814,0.499146,0.021798,0.087016,0.006151,0.008455,0.036529,0.864
2025-07-06 13:00:00,0.328743,1.76744,0.021464,0.307279,0.003567,0.008711,0.031898,1.611
2025-07-06 14:00:00,0.284879,0.975607,0.038819,0.24606,0.007976,0.009155,0.04129,2.181
2025-07-06 15:00:00,0.414066,1.13133,0.075746,0.33832,0.011384,0.01053,0.037089,1.558
2025-07-06 16:00:00,0.450137,1.2788,0.026125,0.424012,0.004624,0.009403,0.034687,1.263
2025-07-06 17:00:00,0.125681,0.566131,0.018523,0.107158,0.005087,0.006041,0.031299,0.658
2025-07-06 18:00:00,0.224717,1.08037,0.026538,0.198179,0.006611,0.00668,0.031794,0.761
2025-07-06 19:00:00,0.237319,1.04087,0.033438,0.203881,0.011016,0.010606,0.038744,1.03
2025-07-06 20:00:00,0.493746,2.32899,0.048614,0.445132,0.008929,0.013548,0.035192,1.343
2025-07-06 21:00:00,0.357042,1.8596,0.139838,0.217204,0.023766,0.018262,0.043413,1.618
2025-07-06 22:00:00,0.221881,1.23268,0.054079,0.167802,0.017308,0.007432,0.030025,1.386
2025-07-06 23:00:00,0.318365,1.62431,0.019243,0.299122,0.003628,0.007133,0.026622,0.86
2025-07-07 00:00:00,0.255232,2.23888,0.030198,0.225034,0.004259,0.011163,0.029197,2.187
2025-07-07 01:00:00,0.012804,0.164151,0.002192,0.010612,0.000584,0.000462,0.019879,0.124
2025-07-07 02:00:00,0.019584,0.222554,0.001794,0.01779,0.000582,0.000722,0.020472,0.121
2025-07-07 03:00:00,0.016513,0.229349,0.003276,0.013237,0.000305,0.000482,0.019222,0.082
2025-07-07 04:00:00,3.8e-05,0.000619,2e-05,1.8e-05,0.00024,4.1e-05,0.018792,0.014
2025-07-07 05:00:00,0.031491,0.384043,0.001272,0.030219,0.001026,0.000529,0.020246,0.107
2025-07-07 06:00:00,0.057099,0.594792,0.011874,0.045225,0.001783,0.000735,0.021332,0.12
2025-07-07 07:00:00,0.096915,0.654827,0.013504,0.083411,0.001869,0.002147,0.025912,0.405
2025-07-07 08:00:00,0.404106,1.6427,0.020111,0.383995,0.004484,0.00864,0.03366,0.839
2025-07-07 09:00:00,0.616323,1.8564,0.037029,0.579294,0.006731,0.011795,0.038901,1.566
2025-07-07 10:00:00,0.151647,0.695631,0.014288,0.137359,0.004555,0.006477,0.037184,0.84
2025-07-07 11:00:00,0.44752,1.58695,0.034279,0.413241,0.008211,0.017666,0.039192,1.471
2025-07-07 12:00:00,0.110942,0.436782,0.030841,0.080101,0.006641,0.005236,0.033338,0.612
2025-07-07 13:00:00,0.063125,0.237305,0.019916,0.043209,0.002695,0.002879,0.029033,0.585
2025-07-07 14:00:00,0.08856,0.325586,0.023476,0.065084,0.003766,0.003217,0.031267,0.62
2025-07-07 15:00:00,0.068589,0.32051,0.013085,0.055504,0.003647,0.002317,0.029318,0.422
2025-07-07 16:00:00,0.065106,0.396993,0.005629,0.059477,0.002021,0.003283,0.029991,0.776
2025-07-07 17:00:00,1.2419,4.16746,0.05719,1.18471,0.007334,0.023015,0.040621,1.966
2025-07-07 18:00:00,0.333693,1.11978,0.055072,0.278621,0.011989,0.01044,0.041158,1.403
2025-07-07 19:00:00,0.555867,1.73708,0.065441,0.490426,0.012986,0.018928,0.045276,2.403
2025-07-07 20:00:00,0.132743,0.706076,0.022478,0.110265,0.006062,0.008746,0.039994,2.158
2025-07-07 21:00:00,0.204727,1.55096,0.015906,0.188821,0.003111,0.006899,0.028621,0.999
2025-07-07 22:00:00,0.058382,0.45612,0.018366,0.040016,0.005756,0.010251,0.030107,0.511
2025-07-07 23:00:00,0.056717,0.525145,0.003599,0.053118,0.00128,0.004249,0.023368,0.18
2025-07-08 00:00:00,0.0943,0.252,0.0105,0.0838,0.0062,0.0218,0.0396,0.651
2025-07-08 01:00:00,0.160522,2.67538,0.022417,0.138105,0.003486,0.002924,0.025748,1.394
2025-07-08 02:00:00,0.100844,1.48302,0.006776,0.094068,0.001147,0.002609,0.022416,0.685
2025-07-08 03:00:00,0.014377,0.184311,0.001166,0.013211,0.00042,0.001383,0.019188,0.052
2025-07-08 04:00:00,0.012362,0.193143,0.003927,0.008435,0.001272,0.000351,0.01943,0.153
2025-07-08 05:00:00,0.019258,0.300909,0.002806,0.016452,0.001168,0.000431,0.019804,0.138
2025-07-08 06:00:00,0.005736,0.092531,0.001146,0.00459,0.002546,0.000556,0.021354,0.076
2025-07-08 07:00:00,0.235729,1.51109,0.059105,0.176624,0.005692,0.004736,0.028339,0.746
2025-07-08 08:00:00,0.593776,2.8824,0.110061,0.483715,0.008218,0.010122,0.038464,2.024
2025-07-08 09:00:00,0.246268,0.954528,0.061093,0.185175,0.011382,0.008932,0.043426,2.062
2025-07-08 10:00:00,0.543867,3.09016,0.066712,0.477155,0.007865,0.00866,0.038886,2.771
2025-07-08 11:00:00,0.228697,1.12107,0.095551,0.133146,0.017891,0.009056,0.050254,1.887
2025-07-08 12:00:00,0.278972,1.25663,0.07568,0.203292,0.011443,0.009434,0.046904,3.102
2025-07-08 13:00:00,0.241019,2.11421,0.046266,0.194753,0.005126,0.005501,0.031915,1.628
2025-07-08 14:00:00,0.395242,1.52016,0.064121,0.331121,0.006389,0.008356,0.036192,2.102
2025-07-08 15:00:00,0.221531,1.70408,0.034724,0.186807,0.004612,0.006613,0.033222,1.376
2025-07-08 16:00:00,0.370121,1.17127,0.029301,0.34082,0.004931,0.010641,0.038411,1.256
2025-07-08 17:00:00,0.366211,1.04038,0.023997,0.342214,0.006244,0.011791,0.041142,2.631
2025-07-08 18:00:00,0.517333,2.19209,0.055906,0.461427,0.01887,0.022334,0.062476,3.764
2025-07-08 19:00:00,0.651958,1.88427,0.069037,0.582921,0.009732,0.017018,0.043213,2.441
2025-07-08 20:00:00,0.148113,0.587751,0.017349,0.130764,0.004971,0.006897,0.032786,0.892
2025-07-08 21:00:00,0.218064,1.1724,0.017766,0.200298,0.003477,0.007762,0.029876,0.976
2025-07-08 22:00:00,0.03313,0.285606,0.007033,0.026097,0.032022,0.003164,0.034324,0.739
2025-07-08 23:00:00,0.15926,1.39703,0.019544,0.139716,0.003365,0.005988,0.030464,1.409
2025-07-09 00:00:00,0.144639,3.28722,0.006658,0.137981,0.002215,0.003953,0.022842,0.351
2025-07-09 01:00:00,0.033697,0.468005,0.004616,0.029081,0.000893,0.001151,0.020902,0.205
2025-07-09 02:00:00,0.002817,0.039122,0.001176,0.001641,0.000593,0.000425,0.019559,0.06
2025-07-09 03:00:00,0.006939,0.108414,0.002449,0.00449,0.000635,0.00041,0.019997,0.112
2025-07-09 04:00:00,0.009712,0.202328,0.000435,0.009277,0.000224,0.000359,0.019056,0.059
2025-07-09 05:00:00,0.03098,0.968165,0.001641,0.029339,0.000468,0.00202,0.019972,0.043
2025-07-09 06:00:00,0.159818,1.53671,0.008687,0.151131,0.001772,0.002301,0.024149,1.109
2025-07-09 07:00:00,0.067153,0.550439,0.003887,0.063266,0.001195,0.003178,0.025661,0.263
2025-07-09 08:00:00,0.203228,0.715589,0.026341,0.176887,0.005055,0.007024,0.035009,0.851
2025-07-09 09:00:00,0.154995,0.600757,0.028348,0.126647,0.004055,0.00442,0.034367,1.103
2025-07-09 10:00:00,0.074041,0.398073,0.033841,0.0402,0.005115,0.002921,0.032887,1.363
2025-07-09 11:00:00,0.314777,0.81973,0.054811,0.259966,0.007967,0.009728,0.041449,3.196
2025-07-09 12:00:00,0.050103,0.301823,0.023794,0.026309,0.003011,0.002081,0.029966,0.538
2025-07-09 13:00:00,0.191705,0.538498,0.025372,0.166333,0.005408,0.006176,0.035378,0.867
2025-07-09 14:00:00,0.380818,0.729535,0.044843,0.335975,0.007913,0.00978,0.038537,1.98
2025-07-09 15:00:00,0.188149,1.01155,0.011957,0.176192,0.003274,0.004594,0.030936,0.608
2025-07-09 16:00:00,0.865945,4.009,0.048536,0.817409,0.00696,0.01629,0.038873,2.081
2025-07-09 17:00:00,0.358635,1.69168,0.042444,0.316191,0.009239,0.014477,0.040804,1.754
2025-07-09 18:00:00,0.310815,1.11804,0.040626,0.270189,0.01797,0.010859,0.046163,2.015
2025-07-09 19:00:00,0.638863,1.30915,0.082502,0.556361,0.01438,0.018146,0.050776,2.265
2025-07-09 20:00:00,0.319507,0.992257,0.029307,0.2902,0.007902,0.011601,0.039749,1.923
2025-07-09 21:00:00,0.137682,0.583405,0.017029,0.120653,0.004876,0.00549,0.030704,0.901
2025-07-09 22:00:00,0.369264,1.39873,0.051782,0.317482,0.006174,0.011117,0.031986,0.693
2025-07-09 23:00:00,0.274585,2.74585,0.027662,0.246923,0.004039,0.006362,0.025624,1.015
2025-07-10 00:00:00,0.341837,3.63657,0.018539,0.323298,0.003203,0.006084,0.026739,1.257
2025-07-10 01:00:00,0.110946,2.41188,0.011546,0.0994,0.002002,0.003069,0.022588,0.764
2025-07-10 02:00:00,0.026995,0.321372,0.002831,0.024164,0.001025,0.000948,0.019948,0.264
2025-07-10 03:00:00,0.035287,0.569139,0.002547,0.03274,0.001581,0.000927,0.020219,0.244
2025-07-10 04:00:00,0.099488,1.42128,0.021178,0.07831,0.006825,0.004215,0.031533,2.249
2025-07-10 05:00:00,0.209713,6.16803,0.063769,0.145944,0.009689,0.00461,0.031691,2.256
2025-07-10 06:00:00,0.054777,0.720759,0.003613,0.051164,0.000991,0.001032,0.021798,0.409
2025-07-10 07:00:00,0.124706,0.51531,0.012112,0.112594,0.002228,0.003098,0.02625,0.413
2025-07-10 08:00:00,0.080034,0.35102,0.015614,0.06442,0.003674,0.004507,0.030085,0.632
2025-07-10 09:00:00,0.101656,0.558549,0.023841,0.077815,0.003261,0.002522,0.029499,0.812
2025-07-10 10:00:00,0.098723,0.483939,0.035011,0.063712,0.007459,0.004566,0.033477,1.224
2025-07-10 11:00:00,0.324916,1.45052,0.050814,0.274102,0.00649,0.016565,0.040066,1.854
2025-07-10 12:00:00,0.848481,3.59526,0.270119,0.578362,0.021813,0.01791,0.049128,4.289
2025-07-10 13:00:00,0.146748,0.67315,0.016572,0.130176,0.003041,0.004795,0.028025,0.532
2025-07-10 14:00:00,0.9265,2.84203,0.278497,0.648003,0.019646,0.019634,0.04773,3.311
2025-07-10 15:00:00,2.32868,7.32289,0.192207,2.13647,0.025498,0.06592,0.081501,7.854
2025-07-10 16:00:00,0.529354,1.65423,0.04912,0.480234,0.010418,0.021042,0.049078,3.156
2025-07-10 17:00:00,0.525335,1.27509,0.070282,0.455053,0.016568,0.013656,0.046874,2.555
2025-07-10 18:00:00,0.419407,1.48726,0.061818,0.357589,0.008934,0.015205,0.047918,2.056
2025-07-10 19:00:00,0.68901,2.26648,0.240586,0.448424,0.039268,0.018886,0.046129,1.854
2025-07-10 20:00:00,0.355269,1.60031,0.029291,0.325978,0.006172,0.011643,0.036436,1.19
2025-07-10 21:00:00,0.168045,1.09121,0.024844,0.143201,0.007422,0.011134,0.038346,2.596
2025-07-10 22:00:00,0.226814,1.14552,0.021625,0.205189,0.004896,0.010378,0.032084,1.849
2025-07-10 23:00:00,0.737202,3.76123,0.03281,0.704392,0.006495,0.013047,0.034761,2.207
2025-07-11 00:00:00,0.190542,2.57489,0.015249,0.175293,0.002973,0.004094,0.02502,1.018
2025-07-11 01:00:00,0.071208,0.659346,0.007413,0.063795,0.001405,0.001724,0.022292,0.385
2025-07-11 02:00:00,0.840451,10.775,0.084325,0.756126,0.005468,0.013153,0.026553,1.335
2025-07-11 03:00:00,0.003734,0.042431,0.000644,0.00309,0.000502,0.000556,0.019266,0.119
2025-07-11 04:00:00,0.002713,0.033916,0.001942,0.000771,0.000412,0.000396,0.019254,0.093
2025-07-11 05:00:00,0.028292,0.362726,0.002855,0.025437,0.000527,0.000618,0.020251,0.241
2025-07-11 06:00:00,0.04333,0.460956,0.001598,0.041732,0.000423,0.000569,0.021084,0.109
2025-07-11 07:00:00,0.048232,0.248621,0.010303,0.037929,0.00282,0.002069,0.02731,0.29
2025-07-11 08:00:00,0.087933,0.58623,0.029033,0.0589,0.005471,0.00445,0.031623,0.566
2025-07-11 09:00:00,0.15983,1.17522,0.022135,0.137695,0.003041,0.005316,0.033119,1.105
2025-07-11 10:00:00,0.201314,0.699012,0.022945,0.178369,0.004716,0.004876,0.034031,1.467
2025-07-11 11:00:00,0.439793,1.71794,0.032318,0.407475,0.005376,0.010334,0.036999,1.505
2025-07-11 12:00:00,0.3596,1.31241,0.043676,0.315924,0.006491,0.019481,0.04025,1.247
2025-07-11 13:00:00,0.118817,0.393432,0.023616,0.095201,0.004794,0.010698,0.035819,0.974
2025-07-11 14:00:00,0.738188,2.79617,0.040806,0.697382,0.006978,0.016485,0.037924,1.819
2025-07-11 15:00:00,0.619759,1.83361,0.046359,0.5734,0.011222,0.029304,0.043297,1.773
2025-07-11 16:00:00,0.100157,0.468027,0.044432,0.055725,0.006481,0.004746,0.032225,0.738
2025-07-11 17:00:00,0.134263,0.447537,0.022356,0.111907,0.00431,0.005325,0.032895,0.855
2025-07-11 18:00:00,0.557663,1.54051,0.072244,0.485419,0.010096,0.017134,0.045024,2.539
2025-07-11 19:00:00,0.804788,2.04261,0.112958,0.69183,0.012098,0.02355,0.044627,2.286
2025-07-11 20:00:00,0.74818,2.22673,0.1398,0.60838,0.018356,0.022594,0.052005,2.895
2025-07-11 21:00:00,0.200692,0.760194,0.022091,0.178601,0.00332,0.005977,0.030725,0.84
2025-07-11 22:00:00,0.181189,1.43801,0.019429,0.16176,0.0027,0.012797,0.028818,0.591
2025-07-11 23:00:00,0.546216,3.33059,0.160054,0.386162,0.012769,0.015483,0.031407,1.167
2025-07-12 00:00:00,0.169722,1.92865,0.05153,0.118192,0.003641,0.004346,0.023026,0.405
2025-07-12 01:00:00,0.203454,2.54317,0.01218,0.191274,0.0018,0.00536,0.023862,0.482
2025-07-12 02:00:00,0.015996,0.115913,0.001339,0.014657,0.000603,0.001264,0.020614,0.111
2025-07-12 03:00:00,0.000141,0.001633,6.7e-05,7.4e-05,0.000176,0.000101,0.019111,0.017
2025-07-12 04:00:00,0.000561,0.00584,0.000226,0.000335,0.000394,0.000223,0.019911,0.053
2025-07-12 05:00:00,0.005478,0.0637,0.00041,0.005068,0.000228,0.000234,0.019583,0.047
2025-07-12 06:00:00,0.054901,0.610005,0.001661,0.05324,0.000811,0.000877,0.025255,0.12
2025-07-12 07:00:00,0.120498,0.547714,0.012623,0.107875,0.004968,0.003117,0.031362,0.551
2025-07-12 08:00:00,0.112826,0.633849,0.012737,0.100089,0.00296,0.003733,0.030618,1.279
2025-07-12 09:00:00,0.218854,1.0624,0.018359,0.200495,0.003865,0.007867,0.030857,0.997
2025-07-12 10:00:00,0.266544,1.24553,0.031317,0.235227,0.006653,0.00902,0.040395,1.836
2025-07-12 11:00:00,0.170349,0.715754,0.043253,0.127096,0.005974,0.008304,0.041343,1.505
2025-07-12 12:00:00,0.298061,1.02076,0.055696,0.242365,0.013138,0.029023,0.055165,1.87
2025-07-12 13:00:00,0.180058,0.535882,0.030201,0.149857,0.011093,0.010547,0.042566,2.482
2025-07-12 14:00:00,0.38419,0.897637,0.054151,0.330039,0.010793,0.01198,0.043366,2.034
2025-07-12 15:00:00,0.844241,2.25733,0.087837,0.756404,0.013843,0.025264,0.04683,2.945
2025-07-12 16:00:00,0.20795,0.881147,0.028789,0.179161,0.003617,0.007516,0.032722,0.907
2025-07-12 17:00:00,0.646373,2.2921,0.049521,0.596852,0.009197,0.016718,0.041199,1.664
2025-07-12 18:00:00,0.326465,1.00761,0.027345,0.29912,0.005862,0.008982,0.034548,0.983
2025-07-12 19:00:00,0.460299,1.06551,0.071047,0.389252,0.00958,0.012269,0.036172,1.142
2025-07-12 20:00:00,0.181531,0.965595,0.037348,0.144183,0.004662,0.009031,0.032461,0.944
2025-07-12 21:00:00,0.164495,1.06815,0.059557,0.104938,0.005124,0.008145,0.034718,1.013
2025-07-12 22:00:00,0.115209,0.720051,0.045585,0.069624,0.005322,0.003581,0.025605,0.484
2025-07-12 23:00:00,0.427989,2.60969,0.023435,0.404554,0.003479,0.017213,0.030251,1.28
2025-07-13 00:00:00,0.328508,1.9554,0.026126,0.302382,0.003395,0.015122,0.026504,0.637
2025-07-13 01:00:00,0.038209,0.707614,0.007999,0.03021,0.001125,0.001606,0.022009,0.168
2025-07-13 02:00:00,0.039598,0.707114,0.006786,0.032812,0.000824,0.001244,0.020166,0.254
2025-07-13 03:00:00,0.001651,0.074999,0.000991,0.00066,0.000189,0.000145,0.018817,0.041
2025-07-13 04:00:00,0.023193,0.610318,0.001658,0.021535,0.000468,0.001279,0.01964,0.113
2025-07-13 05:00:00,0.020599,0.367833,0.001569,0.01903,0.000465,0.00058,0.019329,0.072
2025-07-13 06:00:00,0.06313,0.362811,0.006802,0.056328,0.0016,0.002081,0.022015,0.228
2025-07-13 07:00:00,0.027433,0.123572,0.004243,0.02319,0.000898,0.001166,0.023249,0.254
2025-07-13 08:00:00,0.110526,0.708492,0.012154,0.098372,0.002571,0.00539,0.028159,0.541
2025-07-13 09:00:00,0.134351,0.463275,0.011167,0.123184,0.004443,0.006425,0.033083,0.984
2025-07-13 10:00:00,0.148524,0.412563,0.041556,0.106968,0.006955,0.008656,0.037959,1.175
2025-07-13 11:00:00,0.739683,2.48216,0.049957,0.689726,0.009126,0.021337,0.044907,2.068
2025-07-13 12:00:00,0.258659,0.818539,0.028065,0.230594,0.003791,0.00668,0.032131,1.441
2025-07-13 13:00:00,0.298395,1.49198,0.027724,0.270671,0.004423,0.008814,0.036926,2.222
2025-07-13 14:00:00,0.270292,0.889118,0.017653,0.252639,0.006124,0.01112,0.039625,1.453
2025-07-13 15:00:00,0.228022,1.25286,0.044739,0.183283,0.005723,0.005408,0.031135,0.765
2025-07-13 16:00:00,0.329878,1.63306,0.077381,0.252497,0.010289,0.011698,0.046428,2.256
2025-07-13 17:00:00,0.21864,0.881616,0.017356,0.201284,0.005002,0.006802,0.032889,1.026
2025-07-13 18:00:00,0.438817,1.28309,0.052955,0.385862,0.011801,0.018183,0.050452,1.881
2025-07-13 19:00:00,0.242238,0.720943,0.042133,0.200105,0.011219,0.025302,0.053518,1.399
2025-07-13 20:00:00,0.30459,1.14508,0.03037,0.27422,0.007271,0.012611,0.038043,1.46
2025-07-13 21:00:00,0.18401,1.05753,0.017411,0.166599,0.00468,0.007158,0.030253,1.011
2025-07-13 22:00:00,0.066301,0.625486,0.011377,0.054924,0.002119,0.007162,0.026916,0.519
2025-07-13 23:00:00,0.097054,0.822491,0.005087,0.091967,0.001194,0.018437,0.026452,0.38
2025-07-14 00:00:00,0.018947,0.242914,0.003234,0.015713,0.00094,0.001314,0.02077,0.107
2025-07-14 01:00:00,0.148231,3.22243,0.031171,0.11706,0.003928,0.005607,0.045294,1.564
2025-07-14 02:00:00,0.001759,0.04626,0.000398,0.001361,0.00016,0.000122,0.018947,0.037
2025-07-14 03:00:00,0.013958,0.436176,0.007432,0.006526,0.000958,0.001158,0.019603,0.102
2025-07-14 04:00:00,0.001709,0.038862,0.000297,0.001412,0.0001,9e-05,0.018561,0.023
2025-07-14 05:00:00,0.023725,0.382667,0.001955,0.02177,0.000393,0.000593,0.019906,0.17
2025-07-14 06:00:00,0.021313,0.444052,0.003863,0.01745,0.000613,0.001319,0.021185,0.089
2025-07-14 07:00:00,0.217163,1.55117,0.009317,0.207846,0.002447,0.005044,0.02826,0.513
2025-07-14 08:00:00,0.074733,0.479055,0.037251,0.037482,0.003011,0.002374,0.029957,0.7
2025-07-14 09:00:00,0.132448,0.860048,0.031012,0.101436,0.004921,0.003765,0.030619,0.748
2025-07-14 10:00:00,0.10402,0.866836,0.013403,0.090617,0.002987,0.003737,0.030212,0.818
2025-07-14 11:00:00,4.62491,24.8651,3.0513,1.5736,0.181748,0.061707,0.063745,2.203
2025-07-14 12:00:00,0.875554,5.99695,0.414999,0.460555,0.037953,0.021628,0.0398,1.659
2025-07-14 13:00:00,0.149083,1.0803,0.048859,0.100224,0.005534,0.007012,0.030693,0.707
2025-07-14 14:00:00,0.132263,0.688877,0.012693,0.11957,0.003449,0.004712,0.032637,0.881
2025-07-14 15:00:00,0.164882,0.48495,0.027814,0.137068,0.006301,0.004652,0.03459,0.894
2025-07-14 16:00:00,0.139971,0.744524,0.042057,0.097914,0.007656,0.004783,0.033203,1.01
2025-07-14 17:00:00,0.095178,0.643104,0.023742,0.071436,0.003746,0.004123,0.031862,0.624
2025-07-14 18:00:00,0.444522,2.29135,0.030474,0.414048,0.007214,0.012289,0.039995,2.322
2025-07-14 19:00:00,0.105283,0.752014,0.016248,0.089035,0.004371,0.004805,0.03181,0.81
2025-07-14 20:00:00,0.16067,0.873205,0.025575,0.135095,0.008587,0.009198,0.044501,2.956
2025-07-14 21:00:00,0.155734,1.5268,0.024019,0.131715,0.003368,0.005451,0.029386,1.078
2025-07-14 22:00:00,0.202358,2.19955,0.068543,0.133815,0.006168,0.006267,0.02779,1.186
2025-07-14 23:00:00,0.037586,0.671178,0.008665,0.028921,0.0031,0.002618,0.023421,0.669
2025-07-15 00:00:00,0.021085,0.55485,0.013634,0.007451,0.003347,0.00126,0.023319,0.66
2025-07-15 01:00:00,0.010349,0.2156,0.004822,0.005527,0.001011,0.000891,0.021171,0.301
2025-07-15 02:00:00,0.152274,2.92836,0.003533,0.148741,0.001619,0.004477,0.021004,0.165
2025-07-15 03:00:00,0.004064,0.061565,0.002258,0.001806,0.00108,0.000231,0.01961,0.122
2025-07-15 04:00:00,0.014459,0.219082,0.00171,0.012749,0.000319,0.000345,0.018979,0.078
2025-07-15 05:00:00,0.000142,0.001512,9.1e-05,5.1e-05,0.000217,8.3e-05,0.019272,0.04
2025-07-15 06:00:00,0.032954,0.316849,0.002425,0.030529,0.000535,0.000976,0.021039,0.115
2025-07-15 07:00:00,0.040141,0.12784,0.00706,0.033081,0.002007,0.001436,0.025781,0.264
2025-07-15 08:00:00,0.152891,0.764462,0.016714,0.136177,0.003614,0.006811,0.031916,0.719
2025-07-15 09:00:00,0.160897,0.38492,0.02474,0.136157,0.006579,0.007136,0.0335,0.965
2025-07-15 10:00:00,0.177469,0.620519,0.013276,0.164193,0.002714,0.004986,0.030785,1.097
2025-07-15 11:00:00,0.528755,2.01815,0.047132,0.481623,0.005561,0.015324,0.037511,1.261
2025-07-15 12:00:00,0.392598,2.08829,0.133104,0.259494,0.012175,0.011737,0.039189,1.904
2025-07-15 13:00:00,0.626249,3.51825,0.048213,0.578036,0.006979,0.015988,0.038691,1.945
2025-07-15 14:00:00,0.167233,1.1149,0.017871,0.149362,0.003215,0.00438,0.031346,0.747
2025-07-15 15:00:00,0.113016,0.974283,0.013163,0.099853,0.003408,0.005143,0.035559,0.647
2025-07-15 16:00:00,0.258212,2.26501,0.00943,0.248782,0.002672,0.005605,0.031849,0.649
2025-07-15 17:00:00,1.11452,6.87978,0.048423,1.0661,0.005972,0.02658,0.041792,2.041
2025-07-15 18:00:00,0.27818,1.58057,0.036444,0.241736,0.005602,0.009977,0.03558,1.269
2025-07-15 19:00:00,0.108764,0.464799,0.029338,0.079426,0.009429,0.008638,0.037937,1.066
2025-07-15 20:00:00,0.195669,0.865791,0.019341,0.176328,0.007765,0.00871,0.034525,0.951
2025-07-15 21:00:00,0.221227,1.43654,0.023555,0.197672,0.004966,0.010015,0.032499,0.911
2025-07-15 22:00:00,0.125294,1.42381,0.0291,0.096194,0.004303,0.006696,0.029721,1.069
2025-07-15 23:00:00,0.529255,3.57605,0.031129,0.498126,0.007491,0.018974,0.034368,0.724
2025-07-16 00:00:00,0.081939,0.375868,0.007426,0.074513,0.003068,0.008943,0.027998,0.404
2025-07-16 01:00:00,0.003612,0.047534,0.000184,0.003428,0.000362,0.000551,0.019545,0.04
2025-07-16 02:00:00,0.333016,4.62521,0.012795,0.320221,0.001844,0.007598,0.023875,0.779
2025-07-16 03:00:00,0.000261,0.00399,0.000155,0.000106,0.000168,7.8e-05,0.01901,0.043
2025-07-16 04:00:00,0.006949,0.0939,0.001681,0.005268,0.000458,0.000283,0.019,0.065
2025-07-16 05:00:00,0.005988,0.099814,0.00157,0.004418,0.000724,0.000394,0.019436,0.116
2025-07-16 06:00:00,0.048935,0.414718,0.00248,0.046455,0.000855,0.001112,0.021534,0.169
2025-07-16 07:00:00,0.036402,0.325022,0.002161,0.034241,0.001823,0.002533,0.025612,0.134
2025-07-16 08:00:00,0.066304,0.517998,0.008986,0.057318,0.002311,0.002494,0.028296,0.449
2025-07-16 09:00:00,0.127072,1.47758,0.016283,0.110789,0.002375,0.004115,0.028634,0.443
2025-07-16 10:00:00,0.082381,0.675262,0.011308,0.071073,0.002083,0.003612,0.030255,0.995
2025-07-16 11:00:00,0.168199,0.914123,0.023909,0.14429,0.00435,0.006466,0.03403,0.994
2025-07-16 12:00:00,0.252133,2.13671,0.031063,0.22107,0.006289,0.012735,0.039933,1.791
2025-07-16 13:00:00,0.09631,1.11989,0.017281,0.079029,0.003214,0.00417,0.028428,0.902
2025-07-16 14:00:00,0.135977,0.715668,0.013603,0.122374,0.004599,0.005633,0.031668,0.831
2025-07-16 15:00:00,0.015935,0.194332,0.005943,0.009992,0.001386,0.001,0.026492,0.342
2025-07-16 16:00:00,0.030935,0.441948,0.007645,0.02329,0.001599,0.00353,0.028083,0.417
2025-07-16 17:00:00,0.342992,1.88457,0.033401,0.309591,0.006232,0.011165,0.040236,1.822
2025-07-16 18:00:00,0.309533,1.53234,0.042944,0.266589,0.007817,0.011958,0.041522,1.431
2025-07-16 19:00:00,0.352948,2.84635,0.020241,0.332707,0.005709,0.012599,0.037979,1.38
2025-07-16 20:00:00,0.175024,1.68294,0.047321,0.127703,0.004655,0.007129,0.029668,0.807
2025-07-16 21:00:00,0.287338,1.35537,0.07135,0.215988,0.008421,0.010539,0.032835,1.088
2025-07-16 22:00:00,0.106914,0.55111,0.008131,0.098783,0.002669,0.007043,0.027447,0.354
2025-07-16 23:00:00,0.119124,0.504764,0.066676,0.052448,0.004676,0.007918,0.027826,0.714
2025-07-17 00:00:00,0.319968,2.58039,0.010015,0.309953,0.00365,0.009974,0.026576,0.273
2025-07-17 01:00:00,0.127907,1.42119,0.002912,0.124995,0.001181,0.002893,0.024009,0.196
2025-07-17 02:00:00,0.620869,9.13042,0.004092,0.616777,0.003354,0.03516,0.031068,0.229
2025-07-17 03:00:00,0.005849,0.088606,0.002133,0.003716,0.000261,0.000266,0.018878,0.011
2025-07-17 04:00:00,0.001752,0.025024,0.000331,0.001421,0.000136,0.000462,0.018748,0.025
2025-07-17 05:00:00,0.000424,0.007843,5.8e-05,0.000366,0.000124,0.000149,0.019015,0.025
2025-07-17 06:00:00,0.071895,0.58931,0.006031,0.065864,0.000739,0.001139,0.02127,0.126
2025-07-17 07:00:00,0.074285,0.546218,0.008213,0.066072,0.003488,0.003972,0.028012,0.482
2025-07-17 08:00:00,0.145477,1.1732,0.011914,0.133563,0.003022,0.004403,0.030145,0.661
2025-07-17 09:00:00,0.270453,1.60985,0.022664,0.247789,0.005021,0.007588,0.032304,0.675
2025-07-17 10:00:00,0.0799,0.713382,0.022481,0.057419,0.002664,0.003469,0.029194,0.505
2025-07-17 11:00:00,0.059584,1.064,0.032085,0.027499,0.004299,0.004629,0.030936,0.362
2025-07-17 12:00:00,0.353527,2.76194,0.033307,0.32022,0.004585,0.016405,0.061981,2.352
2025-07-17 13:00:00,0.068032,0.694199,0.017666,0.050366,0.003047,0.003963,0.029399,0.608
2025-07-17 14:00:00,0.060476,0.512498,0.017708,0.042768,0.004354,0.007788,0.034442,0.791
2025-07-17 15:00:00,2.3287,7.3229,0.1922,2.1365,0.0255,0.0659,0.0815,7.854
2025-07-17 16:00:00,0.087889,1.29249,0.007767,0.080122,0.001977,0.005154,0.033544,0.78
2025-07-17 17:00:00,0.190891,1.38326,0.02507,0.165821,0.003299,0.008983,0.030673,0.548
2025-07-17 18:00:00,0.100054,1.11171,0.022262,0.077792,0.007304,0.007225,0.036057,0.91
2025-07-17 19:00:00,0.118288,0.29871,0.010554,0.107734,0.004605,0.012043,0.037013,0.732
2025-07-17 20:00:00,0.117015,1.19402,0.013315,0.1037,0.003334,0.008771,0.033258,0.726
2025-07-17 21:00:00,0.349548,4.48137,0.079072,0.270476,0.008797,0.032492,0.045516,1.382
2025-07-17 22:00:00,0.238025,5.17445,0.041152,0.196873,0.003816,0.019415,0.034066,0.757
2025-07-17 23:00:00,0.045638,0.340588,0.005374,0.040264,0.001655,0.010394,0.026166,0.404
2025-07-18 00:00:00,0.093698,1.0895,0.006018,0.08768,0.002564,0.009539,0.029427,0.344
2025-07-18 01:00:00,0.058562,2.09151,0.005806,0.052756,0.002177,0.010792,0.026455,0.259
2025-07-18 02:00:00,0.001541,0.128357,0.000859,0.000682,0.000163,0.000665,0.018676,0.058
2025-07-18 03:00:00,0.003824,0.147093,0.002532,0.001292,0.000306,0.000406,0.018867,0.069
2025-07-18 04:00:00,0.000128,0.002217,5.1e-05,7.7e-05,0.000323,0.001396,0.019014,0.006
2025-07-18 05:00:00,0.002531,0.028137,0.00087,0.001661,0.000263,0.000246,0.019518,0.115
2025-07-18 06:00:00,0.057435,0.957228,0.005095,0.05234,0.000957,0.001451,0.021355,0.113
2025-07-18 07:00:00,0.171794,0.505279,0.028346,0.143448,0.003107,0.005483,0.029041,0.449
2025-07-18 08:00:00,0.093167,0.950687,0.010503,0.082664,0.001667,0.004985,0.029664,0.328
2025-07-18 09:00:00,0.151425,1.84666,0.012309,0.139116,0.003252,0.009989,0.030483,0.528
2025-07-18 10:00:00,0.059197,0.896927,0.008832,0.050365,0.001768,0.003359,0.02813,0.62
2025-07-18 11:00:00,0.046865,0.781102,0.004114,0.042751,0.001177,0.002425,0.026963,0.234
2025-07-18 12:00:00,0.1781,1.64908,0.035781,0.142319,0.009688,0.011876,0.040793,1.393
2025-07-18 13:00:00,0.048356,0.493428,0.007688,0.040668,0.001797,0.004581,0.028238,0.514
2025-07-18 14:00:00,0.063167,0.410185,0.0222,0.040967,0.002794,0.003067,0.028167,0.358
2025-07-18 15:00:00,0.092089,0.630745,0.019678,0.072411,0.003068,0.006163,0.033188,1.108
2025-07-18 16:00:00,0.013165,0.13165,0.004793,0.008372,0.001745,0.001533,0.027984,0.256
2025-07-18 17:00:00,0.097816,0.708801,0.013404,0.084412,0.003879,0.007498,0.034964,0.641
2025-07-18 18:00:00,0.552658,3.25093,0.039417,0.513241,0.009509,0.028045,0.048185,2.34
2025-07-18 19:00:00,0.168139,1.4749,0.019407,0.148732,0.004537,0.013486,0.039745,0.738
2025-07-18 20:00:00,0.065736,0.730406,0.008875,0.056861,0.005245,0.008922,0.035005,0.579
2025-07-18 21:00:00,0.110467,1.2553,0.012237,0.09823,0.002175,0.009785,0.031598,0.656
2025-07-18 22:00:00,0.085632,0.892006,0.01604,0.069592,0.002741,0.005179,0.025662,0.433
2025-07-18 23:00:00,0.688699,6.49718,0.026792,0.661907,0.003123,0.025863,0.031574,1.175
2025-07-19 00:00:00,0.17891,4.06615,0.070908,0.108002,0.005856,0.00727,0.027609,0.88
2025-07-19 01:00:00,0.030721,1.70671,0.001422,0.029299,0.000824,0.001251,0.01991,0.074
2025-07-19 02:00:00,0.002755,0.459167,0.000933,0.001822,0.000389,0.000171,0.018798,0.042
2025-07-19 03:00:00,0.001687,0.084305,0.001085,0.000602,0.000159,0.000606,0.01885,0.06
2025-07-19 04:00:00,0.000218,0.00516,9.1e-05,0.000127,0.000184,8.7e-05,0.019011,0.017
2025-07-19 05:00:00,0.000364,0.012974,4.6e-05,0.000318,0.000197,7.9e-05,0.01928,0.016
2025-07-19 06:00:00,0.221749,5.03975,0.003588,0.218161,0.000614,0.004396,0.021701,0.375
2025-07-19 07:00:00,0.039923,0.554485,0.004859,0.035064,0.000708,0.00137,0.022767,0.189
2025-07-19 08:00:00,0.116056,0.98353,0.064834,0.051222,0.009226,0.004829,0.039118,0.928
2025-07-19 09:00:00,0.383958,3.4282,0.032135,0.351823,0.004217,0.01433,0.036352,1.202
2025-07-19 10:00:00,1.04663,9.02272,0.028255,1.01838,0.003595,0.022489,0.035632,1.299
2025-07-19 11:00:00,0.136224,1.09859,0.0249,0.111324,0.003502,0.008689,0.035341,1.314
2025-07-19 12:00:00,0.200265,1.64152,0.016111,0.184154,0.002358,0.009807,0.029975,0.746
2025-07-19 13:00:00,0.247974,1.93729,0.025622,0.222352,0.004123,0.011423,0.033113,0.747
2025-07-19 14:00:00,0.28569,2.23195,0.026123,0.259567,0.00443,0.017145,0.033999,0.969
2025-07-19 15:00:00,0.221276,1.40047,0.019512,0.201764,0.00371,0.011057,0.034039,0.711
2025-07-19 16:00:00,0.270445,1.87809,0.022037,0.248408,0.004477,0.007859,0.03172,0.879
2025-07-19 17:00:00,0.186218,1.09541,0.023654,0.162564,0.006602,0.008418,0.041348,1.163
2025-07-19 18:00:00,0.325303,2.46441,0.032416,0.292887,0.009604,0.014805,0.041435,0.983
2025-07-19 19:00:00,0.439673,3.48948,0.030558,0.409115,0.008201,0.025459,0.044633,1.185
2025-07-19 20:00:00,0.10274,1.14155,0.013398,0.089342,0.00252,0.005347,0.029756,0.629
2025-07-19 21:00:00,0.674006,4.74653,0.079692,0.594314,0.011644,0.038313,0.053869,2.876
2025-07-19 22:00:00,1.06073,7.57662,0.239387,0.82134,0.032621,0.034871,0.042355,2.42
2025-07-19 23:00:00,0.825027,10.8556,0.054064,0.770963,0.008515,0.043695,0.038515,2.931
2025-07-20 00:00:00,0.196624,5.78305,0.072953,0.123671,0.011804,0.01114,0.030457,1.606
2025-07-20 01:00:00,0.206501,4.30212,0.014822,0.191679,0.002487,0.0117,0.029117,0.408
2025-07-20 02:00:00,0.003009,0.09406,0.000646,0.002363,0.000231,0.000502,0.019357,0.061
2025-07-20 03:00:00,0.001466,0.030575,0.000503,0.000963,0.000101,0.000135,0.018653,0.029
2025-07-20 04:00:00,0.048694,0.676307,0.003364,0.04533,0.000334,0.005597,0.021682,0.115
2025-07-20 05:00:00,0.002769,0.021303,0.001437,0.001332,0.000296,0.000358,0.019815,0.058
2025-07-20 06:00:00,0.081153,1.84438,0.004888,0.076265,0.003037,0.001431,0.021882,0.187
2025-07-20 07:00:00,0.296299,8.23055,0.00783,0.288469,0.000929,0.006872,0.024054,0.418
2025-07-20 08:00:00,0.075269,0.875215,0.005724,0.069545,0.001361,0.003176,0.024768,0.29
2025-07-20 09:00:00,0.06325,0.439237,0.014396,0.048854,0.001956,0.010618,0.029994,0.631
2025-07-20 10:00:00,0.075528,0.80348,0.008742,0.066786,0.00163,0.004149,0.02918,0.541
2025-07-20 11:00:00,0.055664,0.42817,0.012136,0.043528,0.003158,0.005814,0.032018,0.48
2025-07-20 12:00:00,0.065096,0.707561,0.012186,0.05291,0.001948,0.003235,0.027915,0.403
2025-07-20 13:00:00,0.089924,0.881594,0.012437,0.077487,0.002445,0.005742,0.030382,1.44
2025-07-20 14:00:00,0.20379,2.54739,0.015131,0.188659,0.003048,0.006875,0.031186,1.24
2025-07-20 15:00:00,0.281784,2.27246,0.036265,0.245519,0.006689,0.012074,0.037859,1.647
2025-07-20 16:00:00,0.465819,3.23485,0.04253,0.423289,0.005491,0.027179,0.036427,1.476
2025-07-20 17:00:00,0.574865,2.4154,0.113146,0.461719,0.016655,0.027993,0.047582,2.406
2025-07-20 18:00:00,0.248004,1.30528,0.034525,0.213479,0.005644,0.009854,0.035765,1.227
2025-07-20 19:00:00,0.144744,0.657932,0.027472,0.117272,0.004586,0.013434,0.033531,1.051
2025-07-20 20:00:00,0.103974,0.412594,0.017853,0.086121,0.005044,0.014428,0.035013,0.594
2025-07-20 21:00:00,0.789378,3.28907,0.036765,0.752613,0.006993,0.048189,0.04939,2.788
2025-07-20 22:00:00,1.04447,6.78227,0.126954,0.917515,0.015859,0.054781,0.054574,2.104
2025-07-20 23:00:00,0.335274,2.26537,0.031679,0.303595,0.003858,0.014226,0.030716,0.852
2025-07-21 00:00:00,0.103015,1.1446,0.00689,0.096125,0.007321,0.01256,0.029812,0.326
2025-07-21 01:00:00,0.026367,0.299602,0.004882,0.021485,0.001448,0.011826,0.023369,0.129
2025-07-21 02:00:00,0.192644,6.02009,0.006364,0.18628,0.001115,0.012037,0.024514,0.589
2025-07-21 03:00:00,0.002797,0.233163,0.001591,0.001206,0.000248,0.000482,0.019045,0.046
2025-07-21 04:00:00,9.2e-05,0.00563,3.4e-05,5.8e-05,3.4e-05,3.7e-05,0.018248,0.009
2025-07-21 05:00:00,0.043277,1.80324,0.004302,0.038975,0.00045,0.001274,0.019514,0.115
2025-07-21 06:00:00,0.009384,0.312775,0.002163,0.007221,0.000312,0.000331,0.020486,0.114
2025-07-21 07:00:00,0.029614,0.224339,0.005568,0.024046,0.001597,0.001637,0.024901,0.196
2025-07-21 08:00:00,0.102254,1.247,0.015656,0.086598,0.001998,0.005311,0.028561,0.568
2025-07-21 09:00:00,0.146649,1.62942,0.009914,0.136735,0.002283,0.006872,0.029996,0.331
2025-07-21 10:00:00,0.073071,0.664284,0.006904,0.066167,0.002477,0.004945,0.029607,0.426
2025-07-21 11:00:00,0.080517,0.821609,0.012357,0.06816,0.002858,0.005181,0.031685,0.675
2025-07-21 12:00:00,0.129775,0.876863,0.019659,0.110116,0.005754,0.009033,0.032866,0.881
2025-07-21 13:00:00,0.117435,1.15133,0.043261,0.074174,0.006628,0.011202,0.032961,0.653
2025-07-21 14:00:00,0.057121,0.680009,0.013123,0.043998,0.001946,0.003327,0.029379,0.532
2025-07-21 15:00:00,0.056435,0.723521,0.0086,0.047835,0.001716,0.002615,0.029289,0.308
2025-07-21 16:00:00,0.155657,1.17922,0.081114,0.074543,0.005834,0.005494,0.032459,0.618
2025-07-21 17:00:00,0.43039,3.26053,0.035908,0.394482,0.004265,0.013697,0.034164,1.042
2025-07-21 18:00:00,0.252915,1.97589,0.065322,0.187593,0.008382,0.015029,0.037617,1.221
2025-07-21 19:00:00,0.994877,7.53695,0.076087,0.91879,0.009267,0.037033,0.044948,1.817
2025-07-21 20:00:00,1.29848,10.6433,0.024912,1.27357,0.006699,0.022415,0.033003,0.36
2025-07-21 21:00:00,0.157059,1.74509,0.022216,0.134843,0.004707,0.011694,0.030956,1.146
2025-07-21 22:00:00,0.080831,1.0104,0.028749,0.052082,0.00715,0.007682,0.031339,1.633
2025-07-21 23:00:00,0.030477,0.411856,0.002906,0.027571,0.002248,0.018274,0.025744,0.216
2025-07-22 00:00:00,0.004713,0.040625,0.00056,0.004153,0.000715,0.000448,0.020133,0.066
2025-07-22 01:00:00,0.018473,0.243059,0.001814,0.016659,0.000343,0.00265,0.019843,0.071
2025-07-22 02:00:00,0.000723,0.015711,0.00014,0.000583,0.000308,0.000299,0.018776,0.015
2025-07-22 03:00:00,0.000176,0.003308,0.00011,6.6e-05,0.000127,5.7e-05,0.018587,0.02
2025-07-22 04:00:00,0.004377,0.087547,0.001197,0.00318,0.000503,0.000865,0.019216,0.053
2025-07-22 05:00:00,0.000403,0.011207,0.000186,0.000217,5.2e-05,0.000194,0.018504,0.015
2025-07-22 06:00:00,0.086112,1.79402,0.006154,0.079958,0.001224,0.005337,0.023874,0.163
2025-07-22 07:00:00,0.269346,3.20649,0.021161,0.248185,0.004934,0.021936,0.039868,0.7
2025-07-22 08:00:00,0.159345,1.10656,0.020685,0.13866,0.002471,0.007241,0.031338,0.715
2025-07-22 09:00:00,0.060998,0.491923,0.008382,0.052616,0.002088,0.004151,0.029308,0.432
2025-07-22 10:00:00,0.102294,0.929942,0.00899,0.093304,0.002337,0.01007,0.031824,0.654
2025-07-22 11:00:00,0.190954,1.73593,0.014861,0.176093,0.006192,0.03523,0.043868,0.666
2025-07-22 12:00:00,0.092061,0.62204,0.022129,0.069932,0.004079,0.00889,0.032142,0.592
2025-07-22 13:00:00,0.110053,0.932645,0.014375,0.095678,0.002398,0.010394,0.032533,0.652
2025-07-22 14:00:00,0.040106,0.393199,0.00719,0.032916,0.003025,0.002504,0.029527,0.465
2025-07-22 15:00:00,0.095465,0.954652,0.010178,0.085287,0.00251,0.004897,0.028818,0.467
2025-07-22 16:00:00,0.272912,3.49887,0.089549,0.183363,0.004568,0.011855,0.033422,0.743
2025-07-22 17:00:00,0.304584,2.27302,0.083255,0.221329,0.006034,0.011735,0.03449,1.054
2025-07-22 18:00:00,0.369689,2.25421,0.036972,0.332717,0.007511,0.026567,0.050325,1.913
2025-07-22 19:00:00,0.138999,0.902585,0.049044,0.089955,0.009536,0.010405,0.039773,0.446
2025-07-22 20:00:00,0.177722,1.03327,0.027896,0.149826,0.008995,0.007872,0.042286,0.822
2025-07-22 21:00:00,0.231213,1.92678,0.023659,0.207554,0.004939,0.018192,0.038035,0.904
2025-07-22 22:00:00,0.253664,2.75722,0.137942,0.115722,0.012874,0.024367,0.039711,0.861
2025-07-22 23:00:00,0.304565,2.00371,0.118039,0.186526,0.013778,0.03428,0.048455,0.9
2025-07-23 00:00:00,0.663495,6.9114,0.021741,0.641754,0.003308,0.016983,0.028809,1.654
2025-07-23 01:00:00,0.032361,0.521959,0.003089,0.029272,0.000384,0.001924,0.020307,0.137
2025-07-23 02:00:00,0.055472,0.866752,0.007349,0.048123,0.000783,0.002544,0.020097,0.232
2025-07-23 03:00:00,0.01026,0.160301,0.001115,0.009145,0.000324,0.000577,0.019193,0.088
2025-07-23 04:00:00,0.000147,0.002725,7e-05,7.7e-05,0.000389,0.000215,0.018792,0.023
2025-07-23 05:00:00,0.016514,0.393177,0.000421,0.016093,0.000128,0.000693,0.018912,0.041
2025-07-23 06:00:00,0.008556,0.25163,0.000528,0.008028,0.000216,0.000612,0.019978,0.022
2025-07-23 07:00:00,1.29768,14.1052,0.021782,1.2759,0.005935,0.036958,0.073701,3.178
2025-07-23 08:00:00,0.096377,0.777235,0.013373,0.083004,0.0043,0.004851,0.031744,0.491
2025-07-23 09:00:00,0.065014,0.50011,0.010798,0.054216,0.004367,0.004763,0.030737,0.423
2025-07-23 10:00:00,0.215787,2.15787,0.013485,0.202302,0.00219,0.006334,0.032948,1.158
2025-07-23 11:00:00,0.114672,0.819094,0.035179,0.079493,0.006955,0.008542,0.036741,2.053
2025-07-23 12:00:00,0.20558,1.31783,0.051202,0.154378,0.007713,0.021631,0.038245,0.437
2025-07-23 13:00:00,0.0822,0.874457,0.015605,0.066595,0.002681,0.004466,0.030954,0.698
2025-07-23 14:00:00,0.088604,0.681558,0.011656,0.076948,0.00153,0.004244,0.030344,0.516
2025-07-23 15:00:00,0.075744,0.485541,0.012691,0.063053,0.002357,0.004873,0.029533,0.54
2025-07-23 16:00:00,0.329268,3.22812,0.024551,0.304717,0.005043,0.016236,0.034842,0.972
2025-07-23 17:00:00,0.059593,0.496599,0.012123,0.04747,0.003333,0.005618,0.033489,0.695
2025-07-23 18:00:00,0.160031,0.808235,0.019776,0.140255,0.005663,0.015335,0.042149,1.515
2025-07-23 19:00:00,0.123245,1.23246,0.030957,0.092288,0.005648,0.008901,0.037067,2.024
2025-07-23 20:00:00,0.128462,1.4598,0.016442,0.11202,0.003859,0.009011,0.033191,0.892
2025-07-23 21:00:00,0.07464,0.574161,0.010206,0.064434,0.004989,0.006784,0.028174,0.423
2025-07-23 22:00:00,0.359211,5.28253,0.170675,0.188536,0.003754,0.010881,0.026282,0.989
2025-07-23 23:00:00,0.770209,13.2795,0.073348,0.696861,0.012801,0.035497,0.038455,2.45
2025-07-24 00:00:00,0.059745,1.86703,0.01014,0.049605,0.00213,0.002498,0.023881,0.787
2025-07-24 01:00:00,0.013977,0.436767,0.007467,0.00651,0.001873,0.000748,0.021036,0.61
2025-07-24 02:00:00,7.70354,132.82,0.152488,7.55105,0.009875,0.125626,0.037384,1.143
2025-07-24 03:00:00,0.021258,0.287272,0.009398,0.01186,0.001713,0.00079,0.02116,0.814
2025-07-24 04:00:00,0.010231,0.176383,0.000821,0.00941,0.000197,0.000375,0.018764,0.032
2025-07-24 05:00:00,0.000498,0.00555,0.00023,0.000268,0.00014,0.000443,0.019112,0.043
2025-07-24 06:00:00,0.016948,0.197063,0.00139,0.015558,0.000664,0.001034,0.020926,0.116
2025-07-24 07:00:00,0.277246,2.52042,0.149634,0.127612,0.006942,0.004617,0.027919,0.489
2025-07-24 08:00:00,0.186781,1.41502,0.011209,0.175572,0.002476,0.012615,0.034086,0.779
2025-07-24 09:00:00,0.067899,0.265229,0.020207,0.047692,0.005454,0.004309,0.034384,0.927
2025-07-24 10:00:00,0.165616,0.508026,0.028935,0.136681,0.010214,0.011278,0.035836,1.278
2025-07-24 11:00:00,0.763459,3.93535,0.134962,0.628497,0.008423,0.027032,0.041365,1.756
2025-07-24 12:00:00,0.263826,1.80703,0.031067,0.232759,0.004464,0.024643,0.041167,1.004
2025-07-24 13:00:00,0.196322,2.08854,0.015239,0.181083,0.002542,0.008253,0.030442,0.537
2025-07-24 14:00:00,0.034477,0.297223,0.013043,0.021434,0.002008,0.002716,0.028914,0.697
2025-07-24 15:00:00,0.171977,1.22841,0.025818,0.146159,0.003754,0.00787,0.036001,0.949
2025-07-24 16:00:00,0.087017,0.776947,0.026268,0.060749,0.02513,0.00476,0.045118,2.312
2025-07-24 17:00:00,0.138466,0.786739,0.022341,0.116125,0.00451,0.009429,0.033074,1.047
2025-07-24 18:00:00,0.367723,1.95598,0.01918,0.348543,0.006459,0.010417,0.034744,0.828
2025-07-24 19:00:00,0.201971,1.03046,0.025362,0.176609,0.004079,0.011011,0.035612,1.115
2025-07-24 20:00:00,0.113596,0.873818,0.015794,0.097802,0.003259,0.008359,0.032468,0.805
2025-07-24 21:00:00,0.319085,2.84897,0.097869,0.221216,0.020928,0.025006,0.043099,1.017
2025-07-24 22:00:00,0.463441,5.65172,0.037878,0.425563,0.004031,0.020942,0.031599,1.28
2025-07-24 23:00:00,0.126249,1.75346,0.009658,0.116591,0.00227,0.008109,0.027212,0.705
2025-07-25 00:00:00,0.008075,0.288345,0.001916,0.006159,0.000821,0.001912,0.020772,0.104
2025-07-25 01:00:00,0.02788,0.774401,0.00256,0.02532,0.000768,0.005555,0.024656,0.113
2025-07-25 02:00:00,0.069725,3.16937,0.001825,0.0679,0.000439,0.002464,0.019849,0.142
2025-07-25 03:00:00,0.023681,1.07639,0.000497,0.023184,0.000138,0.000632,0.018689,0.045
2025-07-25 04:00:00,0.000174,0.010885,9.3e-05,8.1e-05,0.000103,8.7e-05,0.01838,0.009
2025-07-25 05:00:00,0.000719,0.032706,0.00043,0.000289,7.7e-05,6.2e-05,0.018752,0.029
2025-07-25 06:00:00,0.029002,0.250029,0.003687,0.025315,0.003199,0.000933,0.023127,0.077
2025-07-25 07:00:00,0.155542,0.770014,0.009721,0.145821,0.001915,0.005227,0.026446,0.464
2025-07-25 08:00:00,0.091013,1.05828,0.008427,0.082586,0.00135,0.004441,0.029708,0.316
2025-07-25 09:00:00,0.105108,1.45983,0.033999,0.071109,0.002861,0.004597,0.031557,0.619
2025-07-25 10:00:00,0.106386,1.043,0.025499,0.080887,0.002426,0.004951,0.03141,0.834
2025-07-25 11:00:00,0.102253,0.964651,0.024047,0.078206,0.004145,0.005048,0.033018,0.798
2025-07-25 12:00:00,0.417863,3.5412,0.031764,0.386099,0.005699,0.024558,0.053943,2.176
2025-07-25 13:00:00,0.36042,4.19092,0.022519,0.337901,0.003124,0.016479,0.03322,0.889
2025-07-25 14:00:00,0.053258,0.649472,0.008336,0.044922,0.001356,0.002717,0.028317,0.478
2025-07-25 15:00:00,0.148247,1.17657,0.012937,0.13531,0.002896,0.008753,0.031553,0.752
2025-07-25 16:00:00,0.104838,0.919634,0.007096,0.097742,0.001761,0.00699,0.030379,0.495
2025-07-25 17:00:00,0.108532,0.798016,0.014885,0.093647,0.002564,0.004845,0.029984,0.541
2025-07-25 18:00:00,0.139737,0.812425,0.02652,0.113217,0.005928,0.010695,0.039182,1.899
2025-07-25 19:00:00,1.04704,5.88225,0.519245,0.527793,0.016886,0.022651,0.042105,1.711
2025-07-25 20:00:00,0.104602,1.21631,0.013972,0.09063,0.001996,0.007666,0.030071,0.533
2025-07-25 21:00:00,0.7379,6.47279,0.015436,0.722464,0.003294,0.015628,0.032518,0.864
2025-07-25 22:00:00,0.118683,0.780815,0.01677,0.101913,0.002439,0.007312,0.027291,0.891
2025-07-25 23:00:00,0.6887,6.4972,0.0268,0.6619,0.0031,0.0259,0.0316,1.175
2025-07-26 00:00:00,0.1789,4.0662,0.0709,0.108,0.0059,0.0073,0.0276,0.88
2025-07-26 01:00:00,0.0307,1.7067,0.0014,0.0293,0.0008,0.0013,0.0199,0.074
2025-07-26 02:00:00,0.014131,0.88315,0.001962,0.012169,0.000514,0.004099,0.020407,0.084
2025-07-26 03:00:00,0.008277,0.827786,0.001262,0.007015,0.00042,0.000911,0.01964,0.12
2025-07-26 04:00:00,6.2e-05,0.00447,3.1e-05,3.1e-05,8e-05,6.1e-05,0.018357,0.004
2025-07-26 05:00:00,4.1e-05,0.000844,1.6e-05,2.5e-05,8.5e-05,9.6e-05,0.018931,0.014
2025-07-26 06:00:00,0.009858,0.078246,0.001312,0.008546,0.000375,0.000827,0.021,0.092
2025-07-26 07:00:00,0.101627,0.213503,0.010652,0.090975,0.001741,0.004241,0.026467,0.688
2025-07-26 08:00:00,0.164055,0.953804,0.019628,0.144427,0.003379,0.007652,0.031908,0.826
2025-07-26 09:00:00,0.061212,0.402713,0.011225,0.049987,0.00339,0.004267,0.029276,0.471
2025-07-26 10:00:00,0.092688,0.67165,0.010394,0.082294,0.003657,0.01033,0.037022,0.753
2025-07-26 11:00:00,0.051172,0.624032,0.009048,0.042124,0.002585,0.005723,0.030006,0.598
2025-07-26 12:00:00,0.356012,2.40548,0.056181,0.299831,0.00737,0.015363,0.036932,1.096
2025-07-26 13:00:00,0.164197,2.0024,0.034133,0.130064,0.00603,0.0131,0.035898,1.089
2025-07-26 14:00:00,0.231337,1.99428,0.074616,0.156721,0.009388,0.00873,0.037354,1.649
2025-07-26 15:00:00,0.127934,1.88137,0.024887,0.103047,0.006717,0.010298,0.050053,4.136
2025-07-26 16:00:00,0.069095,0.705053,0.019186,0.049909,0.00432,0.005686,0.036207,0.872
2025-07-26 17:00:00,0.169632,1.73093,0.013444,0.156188,0.002063,0.005469,0.030035,0.5
2025-07-26 18:00:00,0.074917,0.567562,0.012136,0.062781,0.005107,0.004897,0.030871,0.674
2025-07-26 19:00:00,0.185083,0.531845,0.020075,0.165008,0.004722,0.010735,0.035243,0.878
2025-07-26 20:00:00,0.060952,0.692648,0.010609,0.050343,0.002551,0.005869,0.029178,0.319
2025-07-26 21:00:00,0.077255,0.742832,0.013494,0.063761,0.006584,0.006731,0.033464,0.731
2025-07-26 22:00:00,0.116691,0.972424,0.025596,0.091095,0.005162,0.006604,0.029679,0.476
2025-07-26 23:00:00,0.36,3.82978,0.013835,0.346165,0.002345,0.016548,0.0298,0.883
2025-07-27 00:00:00,1.0251,16.0172,0.040609,0.984494,0.014245,0.032502,0.040765,2.449
2025-07-27 01:00:00,0.33565,5.41369,0.011806,0.323844,0.002069,0.009766,0.025936,1.099
2025-07-27 02:00:00,0.010253,0.284829,0.000935,0.009318,0.000337,0.000534,0.01921,0.08
2025-07-27 03:00:00,0.000348,0.0079,6.9e-05,0.000279,4.7e-05,0.000123,0.018488,0.013
2025-07-27 04:00:00,6.3e-05,0.00157,3.2e-05,3.1e-05,4.1e-05,9.6e-05,0.018367,0.008
2025-07-27 05:00:00,5.6e-05,0.0008,3.1e-05,2.5e-05,8.5e-05,5.6e-05,0.019015,0.012
2025-07-27 06:00:00,0.002646,0.037798,0.000305,0.002341,0.000164,0.000154,0.0202,0.048
2025-07-27 07:00:00,0.154113,2.02781,0.02004,0.134073,0.002815,0.004472,0.02489,0.496
2025-07-27 08:00:00,0.024952,0.254587,0.002403,0.022549,0.001176,0.001393,0.024522,0.204
2025-07-27 09:00:00,0.117673,0.997235,0.013613,0.10406,0.002447,0.005503,0.029754,1.112
2025-07-27 10:00:00,0.106123,1.02041,0.017777,0.088346,0.004423,0.006177,0.037319,0.889
2025-07-27 11:00:00,0.098375,0.96446,0.010695,0.08768,0.004386,0.004259,0.029525,0.528
2025-07-27 12:00:00,0.289276,2.62977,0.019976,0.2693,0.004935,0.024157,0.039102,1.303
2025-07-27 13:00:00,0.195612,1.57752,0.015551,0.180061,0.002955,0.012721,0.032132,0.628
2025-07-27 14:00:00,0.188554,1.30941,0.020958,0.167596,0.008986,0.011638,0.034784,1.209
2025-07-27 15:00:00,0.452571,3.05792,0.027048,0.425523,0.005462,0.029816,0.058975,1.617
2025-07-27 16:00:00,0.093322,0.630561,0.015377,0.077945,0.003988,0.006173,0.034525,1.175
2025-07-27 17:00:00,0.164655,0.748434,0.015303,0.149352,0.004622,0.010301,0.039404,0.988
2025-07-27 18:00:00,0.137978,0.594735,0.024345,0.113633,0.004661,0.011191,0.034105,0.705
2025-07-27 19:00:00,0.524975,2.94931,0.106214,0.418761,0.01089,0.033887,0.053749,1.408
2025-07-27 20:00:00,0.434614,2.15155,0.018305,0.416309,0.004754,0.027858,0.042048,1.035
2025-07-27 21:00:00,0.05616,0.653015,0.007059,0.049101,0.002057,0.009925,0.028832,0.389
2025-07-27 22:00:00,0.380818,3.73351,0.047664,0.333154,0.007004,0.021065,0.044931,2.649
2025-07-27 23:00:00,0.206091,2.34194,0.042597,0.163494,0.006493,0.015105,0.044502,3.207
2025-07-28 00:00:00,0.373431,6.22386,0.08962,0.283811,0.00924,0.013734,0.031426,1.222
2025-07-28 01:00:00,0.029505,1.2294,0.017352,0.012153,0.003866,0.002805,0.026441,1.86
2025-07-28 02:00:00,0.004775,0.14041,0.000283,0.004492,0.000363,0.000421,0.019557,0.061
2025-07-28 03:00:00,0.000458,0.019089,0.000255,0.000203,0.005945,0.005092,0.038778,0.017
2025-07-28 04:00:00,0.008098,0.20246,0.000584,0.007514,0.000623,0.000525,0.019676,0.047
2025-07-28 05:00:00,0.00197,0.039393,0.001117,0.000853,0.000192,0.000198,0.019105,0.052
2025-07-28 06:00:00,0.014025,0.194801,0.001224,0.012801,0.000612,0.000777,0.021386,0.11
2025-07-28 07:00:00,0.292703,2.5233,0.125174,0.167529,0.005272,0.006537,0.028256,0.597
2025-07-28 08:00:00,0.124343,0.986853,0.006829,0.117514,0.001869,0.006313,0.032259,0.458
2025-07-28 09:00:00,0.262632,2.62631,0.014672,0.24796,0.002587,0.010179,0.031337,0.724
2025-07-28 10:00:00,0.064382,0.480471,0.015785,0.048597,0.002497,0.006354,0.032802,0.604
2025-07-28 11:00:00,0.110213,1.10215,0.013608,0.096605,0.002581,0.00808,0.033768,0.513
2025-07-28 12:00:00,0.089677,0.896778,0.015592,0.074085,0.004499,0.012297,0.034485,0.74
2025-07-28 13:00:00,0.208767,1.4912,0.014953,0.193814,0.003995,0.009714,0.031554,0.684
2025-07-28 14:00:00,0.116733,1.45917,0.007058,0.109675,0.001974,0.004162,0.028925,0.46
2025-07-28 15:00:00,0.178202,2.17318,0.018764,0.159438,0.00516,0.008999,0.03598,1.193
2025-07-28 16:00:00,0.080401,0.681378,0.023615,0.056786,0.004796,0.004092,0.031498,1.031
2025-07-28 17:00:00,0.140052,1.04516,0.016001,0.124051,0.006415,0.012496,0.036483,0.626
2025-07-28 18:00:00,0.510641,2.83689,0.043666,0.466975,0.010097,0.031473,0.055562,2.178
2025-07-28 19:00:00,0.938401,4.55535,0.052478,0.885923,0.010122,0.055799,0.069066,4.031
2025-07-28 20:00:00,0.595785,3.67769,0.102284,0.493501,0.014593,0.048077,0.071802,2.786
2025-07-28 21:00:00,1.79984,10.8424,0.065087,1.73476,0.009727,0.045988,0.052498,2.629
2025-07-28 22:00:00,0.361036,2.8206,0.042273,0.318763,0.007423,0.026235,0.044648,1.276
2025-07-28 23:00:00,0.783503,30.1347,0.028068,0.755435,0.006292,0.024884,0.03255,1.346
2025-07-29 00:00:00,0.096185,1.09302,0.007705,0.08848,0.001524,0.00501,0.02524,0.395
2025-07-29 01:00:00,0.070538,2.71298,0.003688,0.06685,0.000789,0.003753,0.021258,0.288
2025-07-29 02:00:00,0.02552,0.607643,0.002592,0.022928,0.000581,0.000685,0.019618,0.093
2025-07-29 03:00:00,0.012165,0.868906,0.000822,0.011343,0.000492,0.002327,0.019866,0.039
2025-07-29 04:00:00,0.028427,1.42136,0.000733,0.027694,0.000144,0.000629,0.01883,0.037
2025-07-29 05:00:00,5.9e-05,0.000969,2.8e-05,3.1e-05,0.000102,0.000343,0.01908,0.014
2025-07-29 06:00:00,0.02001,0.333495,0.001588,0.018422,0.000334,0.00078,0.020884,0.091
2025-07-29 07:00:00,0.221006,2.51144,0.015273,0.205733,0.00391,0.01075,0.029141,0.517
2025-07-29 08:00:00,0.154788,1.09005,0.011166,0.143622,0.002913,0.007409,0.033784,0.796
2025-07-29 09:00:00,0.127971,1.4219,0.055016,0.072955,0.004065,0.006745,0.032742,0.407
2025-07-29 10:00:00,0.124242,1.29419,0.009943,0.114299,0.002973,0.007549,0.031035,0.575
2025-07-29 11:00:00,0.270744,2.18343,0.043435,0.227309,0.006344,0.015944,0.03916,0.811
2025-07-29 12:00:00,0.166887,1.814,0.029086,0.137801,0.020708,0.033105,0.044968,0.575
2025-07-29 13:00:00,0.095771,1.04099,0.015377,0.080394,0.002671,0.0047,0.02835,0.409
2025-07-29 14:00:00,0.051455,0.52504,0.0091,0.042355,0.00338,0.00419,0.030485,0.626
2025-07-29 15:00:00,0.09997,1.28168,0.018925,0.081045,0.006045,0.00687,0.034087,0.61
2025-07-29 16:00:00,0.278641,3.7654,0.020758,0.257883,0.002564,0.010992,0.035323,0.622
2025-07-29 17:00:00,0.123392,0.856887,0.0183,0.105092,0.004326,0.007708,0.034781,1.057
2025-07-29 18:00:00,0.360113,1.73131,0.028005,0.332108,0.005055,0.014921,0.039964,1.4
2025-07-29 19:00:00,0.377362,3.19798,0.035735,0.341627,0.005495,0.018572,0.041046,1.298
2025-07-29 20:00:00,0.556664,2.96098,0.038209,0.518455,0.007275,0.027866,0.055822,2.171
2025-07-29 21:00:00,0.662789,5.61685,0.050399,0.61239,0.008278,0.03336,0.051722,2.359
2025-07-29 22:00:00,0.113779,1.96172,0.011686,0.102093,0.001922,0.007825,0.027777,0.397
2025-07-29 23:00:00,0.01746,0.37957,0.001868,0.015592,0.000974,0.006798,0.022232,0.105
2025-07-30 00:00:00,0.034885,3.48846,0.002973,0.031912,0.000486,0.002455,0.020515,0.195
2025-07-30 01:00:00,0.023899,0.796647,0.005969,0.01793,0.00072,0.000877,0.019776,0.124
2025-07-30 02:00:00,0.00441,0.245029,0.0008,0.00361,0.000168,0.000779,0.018871,0.138
2025-07-30 03:00:00,0.04195,4.19516,0.001088,0.040862,0.000189,0.001063,0.018871,0.087
2025-07-30 04:00:00,0.002299,0.383102,0.000633,0.001666,0.000126,0.000107,0.018467,0.045
2025-07-30 05:00:00,0.052241,26.1199,0.003033,0.049208,0.000489,0.001085,0.019952,0.174
2025-07-30 06:00:00,0.005633,0.156472,0.001104,0.004529,0.000433,0.001628,0.020957,0.029
2025-07-30 07:00:00,0.321958,2.87464,0.014227,0.307731,0.003291,0.0078,0.030988,0.68
2025-07-30 08:00:00,0.203588,1.88507,0.015982,0.187606,0.003152,0.009137,0.035285,0.788
2025-07-30 09:00:00,0.035814,0.68871,0.004254,0.03156,0.000757,0.002609,0.027078,0.229
2025-07-30 10:00:00,0.02704,0.221646,0.003897,0.023143,0.001116,0.002091,0.027969,0.379
2025-07-30 11:00:00,0.124095,0.912455,0.02181,0.102285,0.004298,0.008491,0.03549,0.9
2025-07-30 12:00:00,0.405405,3.37837,0.047575,0.35783,0.006333,0.019125,0.042726,1.617
2025-07-30 13:00:00,0.334301,3.09537,0.024334,0.309967,0.003932,0.009249,0.029591,0.739
2025-07-30 14:00:00,0.15455,1.51518,0.015747,0.138803,0.00321,0.008833,0.031424,0.938
2025-07-30 15:00:00,0.233297,3.06969,0.037324,0.195973,0.004849,0.013563,0.042133,1.329
2025-07-30 16:00:00,0.175187,2.24601,0.011439,0.163748,0.002193,0.006809,0.031758,0.774
2025-07-30 17:00:00,0.187852,1.77219,0.014587,0.173265,0.002694,0.009634,0.032126,0.676
2025-07-30 18:00:00,0.135295,0.845592,0.017284,0.118011,0.005873,0.014246,0.037436,0.924
2025-07-30 19:00:00,0.683404,3.52271,0.082276,0.601128,0.010351,0.034262,0.056598,2.761
2025-07-30 20:00:00,0.487096,4.77546,0.051261,0.435835,0.010131,0.022428,0.048739,1.516
2025-07-30 21:00:00,0.028319,0.15733,0.004844,0.023475,0.003054,0.005697,0.031397,0.422
2025-07-30 22:00:00,0.117627,1.06934,0.012009,0.105618,0.00561,0.022236,0.045766,0.506
2025-07-30 23:00:00,0.041931,1.16475,0.003069,0.038862,0.00099,0.006232,0.024458,0.42
2025-07-31 00:00:00,0.056548,1.34637,0.009274,0.047274,0.002323,0.009358,0.026345,0.304
2025-07-31 01:00:00,0.302184,9.44327,0.014456,0.287728,0.002814,0.020161,0.031037,0.886
2025-07-31 02:00:00,0.144606,1.90271,0.005434,0.139172,0.001731,0.012752,0.025958,0.298
2025-07-31 03:00:00,0.003332,0.059497,0.000539,0.002793,0.000207,0.000374,0.01891,0.038
2025-07-31 04:00:00,0.001073,0.0179,0.00054,0.000533,0.000251,0.00025,0.019093,0.043
2025-07-31 05:00:00,0.03144,0.542047,0.00662,0.02482,0.002786,0.00264,0.027655,0.229
2025-07-31 06:00:00,0.007114,0.101608,0.00284,0.004274,0.000448,0.000442,0.021113,0.157
2025-07-31 07:00:00,0.103921,0.94474,0.014898,0.089023,0.001811,0.005616,0.026236,0.553
2025-07-31 08:00:00,0.37613,2.8933,0.058117,0.318013,0.005723,0.01672,0.038438,1.202
2025-07-31 09:00:00,0.092078,0.561453,0.011748,0.08033,0.004073,0.006123,0.03613,0.867
2025-07-31 10:00:00,0.071014,0.348115,0.014834,0.05618,0.004244,0.00763,0.036977,0.754
2025-07-31 11:00:00,0.129669,1.11785,0.016108,0.113561,0.005276,0.009141,0.035569,0.881
2025-07-31 12:00:00,0.066305,0.720707,0.01389,0.052415,0.002846,0.005635,0.033579,1.092
2025-07-31 13:00:00,0.201383,1.89985,0.067431,0.133952,0.005004,0.020044,0.035869,1.297
2025-07-31 14:00:00,0.143209,1.15492,0.040562,0.102647,0.004299,0.008666,0.035391,1.446
2025-07-31 15:00:00,0.400085,4.16756,0.03312,0.366965,0.003978,0.011006,0.033827,1.186
2025-07-31 16:00:00,0.176263,2.51805,0.023803,0.15246,0.00539,0.010177,0.034319,0.817
2025-07-31 17:00:00,0.06459,0.512613,0.010341,0.054249,0.002755,0.005464,0.032266,0.575
2025-07-31 18:00:00,0.827895,5.44668,0.056601,0.771294,0.018625,0.028397,0.05487,3.061
2025-07-31 19:00:00,0.090726,0.581577,0.024094,0.066632,0.009129,0.009846,0.034109,0.676
2025-07-31 20:00:00,0.229797,1.43623,0.029527,0.20027,0.008138,0.018514,0.042903,1.485
2025-07-31 21:00:00,0.21469,1.88325,0.027266,0.187424,0.010585,0.019674,0.044485,1.226
2025-07-31 22:00:00,0.159658,1.4005,0.021878,0.13778,0.00293,0.008325,0.029902,1.152
2025-07-31 23:00:00,0.490853,4.54493,0.047245,0.443608,0.004321,0.021861,0.037739,1.669
2025-08-01 00:00:00,0.069942,0.760222,0.007547,0.062395,0.00244,0.006048,0.032991,1.581
2025-08-01 01:00:00,0.027698,0.271533,0.006613,0.021085,0.002835,0.002508,0.037742,2.363
2025-08-01 02:00:00,0.006808,0.130929,0.002583,0.004225,0.002395,0.001559,0.025836,2.267
2025-08-01 03:00:00,0.011016,0.141215,0.002605,0.008411,0.002475,0.001626,0.025862,2.285
2025-08-01 04:00:00,0.050201,0.36377,0.005632,0.044569,0.002834,0.00359,0.031706,2.538
2025-08-01 05:00:00,0.007156,0.063888,0.002236,0.00492,0.001908,0.001315,0.024649,1.952
2025-08-01 06:00:00,0.003465,0.039385,0.00125,0.002215,0.000527,0.000405,0.021664,0.082
2025-08-01 07:00:00,0.058385,0.550808,0.011055,0.04733,0.003057,0.003624,0.027625,0.247
2025-08-01 08:00:00,0.150885,1.04781,0.014177,0.136708,0.004485,0.010755,0.032698,0.615
2025-08-01 09:00:00,0.36096,2.57829,0.224728,0.136232,0.01322,0.009097,0.034198,0.693
2025-08-01 10:00:00,0.035293,0.205193,0.013865,0.021428,0.002161,0.002296,0.031179,0.468
2025-08-01 11:00:00,0.134857,1.46584,0.028251,0.106606,0.006358,0.009487,0.04518,1.997
2025-08-01 12:00:00,0.142065,1.69125,0.021406,0.120659,0.004461,0.011152,0.04233,2.328
2025-08-01 13:00:00,0.103246,0.645284,0.021159,0.082087,0.00401,0.007676,0.033589,0.735
2025-08-01 14:00:00,0.187657,2.18205,0.015749,0.171908,0.00284,0.007255,0.031019,0.843
2025-08-01 15:00:00,0.09262,1.40332,0.009792,0.082828,0.002305,0.007111,0.032378,0.682
2025-08-01 16:00:00,0.159075,1.55955,0.028034,0.131041,0.005689,0.006887,0.034004,0.946
2025-08-01 17:00:00,0.131389,1.49305,0.015797,0.115592,0.003223,0.011338,0.034221,0.96
2025-08-01 18:00:00,0.181824,0.865826,0.020726,0.161098,0.005683,0.012655,0.040149,0.552
2025-08-01 19:00:00,0.299172,1.71938,0.027304,0.271868,0.005515,0.016255,0.040349,0.897
2025-08-01 20:00:00,0.161494,1.00934,0.017058,0.144436,0.002881,0.009123,0.033397,0.717
2025-08-01 21:00:00,0.274077,1.34351,0.097878,0.176199,0.005922,0.021118,0.043265,1.387
2025-08-01 22:00:00,0.070475,0.880942,0.030279,0.040196,0.003039,0.004781,0.026208,0.542
2025-08-01 23:00:00,0.088362,0.701281,0.00769,0.080672,0.001721,0.005468,0.02695,0.596
2025-08-02 00:00:00,0.081946,0.803395,0.004999,0.076947,0.000822,0.003103,0.022568,0.247
2025-08-02 01:00:00,0.005606,0.045948,0.001632,0.003974,0.00064,0.00079,0.020969,0.095
2025-08-02 02:00:00,0.054361,1.08722,0.028049,0.026312,0.003749,0.001736,0.023194,0.776
2025-08-02 03:00:00,0.031529,0.685432,0.013568,0.017961,0.002121,0.001195,0.022514,0.934
2025-08-02 04:00:00,0.391286,4.44642,0.02597,0.365316,0.002268,0.005476,0.023199,0.676
2025-08-02 05:00:00,0.001062,0.018315,0.000473,0.000589,0.000212,9e-05,0.018968,0.028
2025-08-02 06:00:00,0.12266,1.57256,0.003555,0.119105,0.000903,0.001996,0.022062,0.289
2025-08-02 07:00:00,0.094595,0.622333,0.012048,0.082547,0.001311,0.00274,0.025061,0.364
2025-08-02 08:00:00,0.078685,0.715306,0.009887,0.068798,0.001591,0.006024,0.028039,0.298
2025-08-02 09:00:00,0.1717,1.48017,0.014631,0.157069,0.002205,0.008902,0.032529,0.663
2025-08-02 10:00:00,0.164808,2.06008,0.011684,0.153124,0.003702,0.024022,0.040763,0.873
2025-08-02 11:00:00,0.055995,0.307664,0.011643,0.044352,0.004189,0.004697,0.031984,0.691
2025-08-02 12:00:00,0.29902,3.32243,0.014723,0.284297,0.002008,0.006689,0.028525,0.401
2025-08-02 13:00:00,0.067139,0.508625,0.004077,0.063062,0.001319,0.00384,0.02638,0.357
2025-08-02 14:00:00,0.143126,0.730238,0.032438,0.110688,0.004522,0.00953,0.033811,0.779
2025-08-02 15:00:00,0.034748,0.289567,0.02946,0.005288,0.004533,0.001441,0.027844,0.376
2025-08-02 16:00:00,0.075214,0.482137,0.015171,0.060043,0.003527,0.005221,0.032808,0.716
2025-08-02 17:00:00,0.052687,0.431869,0.005246,0.047441,0.002127,0.00543,0.029057,0.298
2025-08-02 18:00:00,0.354195,2.24175,0.110557,0.243638,0.014646,0.031372,0.053455,1.897
2025-08-02 19:00:00,0.098566,0.631834,0.02049,0.078076,0.003675,0.008608,0.032989,0.549
2025-08-02 20:00:00,2.12548,16.6053,0.042881,2.0826,0.007174,0.026667,0.038368,1.507
2025-08-02 21:00:00,0.526059,2.41311,0.036832,0.489227,0.007652,0.02641,0.049961,2.021
2025-08-02 22:00:00,0.036714,0.266046,0.006005,0.030709,0.001014,0.003775,0.024702,0.255
2025-08-02 23:00:00,0.40524,4.22125,0.015163,0.390077,0.002658,0.011883,0.028286,1.28
2025-08-03 00:00:00,0.128573,1.07144,0.007285,0.121288,0.004193,0.003401,0.028643,1.398
2025-08-03 01:00:00,0.041106,0.604495,0.001603,0.039503,0.001382,0.002552,0.021558,0.159
2025-08-03 02:00:00,0.003903,0.195126,0.001528,0.002375,0.000816,0.000801,0.021118,0.123
2025-08-03 03:00:00,0.001123,0.016029,0.000169,0.000954,0.000104,0.000387,0.018577,0.009
2025-08-03 04:00:00,0.000518,0.011805,0.000431,8.7e-05,0.000337,9.1e-05,0.018708,0.027
2025-08-03 05:00:00,0.000589,0.018427,0.00023,0.000359,0.000518,6.9e-05,0.019043,0.028
2025-08-03 06:00:00,0.010844,0.258193,0.001769,0.009075,0.000252,0.000459,0.020244,0.087
2025-08-03 07:00:00,0.165254,1.4496,0.018313,0.146941,0.001794,0.004561,0.024647,0.541
2025-08-03 08:00:00,0.017875,0.171875,0.00333,0.014545,0.000958,0.002395,0.02439,0.127
2025-08-03 09:00:00,0.044765,0.44764,0.006114,0.038651,0.002593,0.004188,0.027339,0.52
2025-08-03 10:00:00,0.185472,1.5718,0.026994,0.158478,0.005232,0.011973,0.036218,1.132
2025-08-03 11:00:00,0.168644,1.72086,0.026267,0.142377,0.003548,0.015736,0.034998,0.805
2025-08-03 12:00:00,0.258421,2.63694,0.017358,0.241063,0.003189,0.022877,0.035462,0.937
2025-08-03 13:00:00,1.09417,12.4338,0.019612,1.07456,0.002303,0.014191,0.029356,0.875
2025-08-03 14:00:00,0.072313,1.20521,0.015779,0.056534,0.002366,0.003913,0.027772,0.327
2025-08-03 15:00:00,0.046732,0.432702,0.007582,0.03915,0.003104,0.005602,0.029422,0.525
2025-08-03 16:00:00,0.204881,1.73627,0.014384,0.190497,0.003483,0.00911,0.033222,0.546
2025-08-03 17:00:00,0.178061,1.48384,0.012047,0.166014,0.00283,0.015004,0.033827,0.797
2025-08-03 18:00:00,0.292036,1.89633,0.036335,0.255701,0.005139,0.01473,0.035491,1.549
2025-08-03 19:00:00,0.092325,0.756769,0.015845,0.07648,0.003322,0.005481,0.031315,0.864
2025-08-03 20:00:00,0.254501,1.61077,0.056305,0.198196,0.007389,0.015055,0.041225,0.872
2025-08-03 21:00:00,0.776911,10.4988,0.043384,0.733527,0.010725,0.064801,0.071702,2.489
2025-08-03 22:00:00,0.539693,3.45959,0.049707,0.489986,0.004645,0.024129,0.035949,1.248
2025-08-03 23:00:00,0.015673,0.105903,0.005075,0.010598,0.00361,0.004719,0.023971,0.279
2025-08-04 00:00:00,0.381666,3.12842,0.006733,0.374933,0.002754,0.016986,0.027154,1.035
2025-08-04 01:00:00,0.049827,0.566202,0.001256,0.048571,0.000598,0.001105,0.020439,0.154
2025-08-04 02:00:00,0.009028,0.080612,0.003422,0.005606,0.002345,0.001118,0.022587,0.184
2025-08-04 03:00:00,0.001872,0.023405,0.000485,0.001387,0.000236,0.000221,0.01935,0.035
2025-08-04 04:00:00,0.041021,0.297252,0.003111,0.03791,0.000848,0.003508,0.020694,0.111
2025-08-04 05:00:00,0.005843,0.07305,0.001155,0.004688,0.00045,0.000723,0.01965,0.06
2025-08-04 06:00:00,0.004635,0.105353,0.001999,0.002636,0.001032,0.000401,0.021397,0.274
2025-08-04 07:00:00,0.036697,0.482867,0.014495,0.022202,0.001449,0.002339,0.024583,0.371
2025-08-04 08:00:00,0.1081,0.844538,0.017908,0.090192,0.004642,0.011334,0.034435,0.656
2025-08-04 09:00:00,0.111193,1.29292,0.010673,0.10052,0.002456,0.008684,0.031593,0.454
2025-08-04 10:00:00,0.068332,0.644632,0.011634,0.056698,0.002318,0.007408,0.031288,0.558
2025-08-04 11:00:00,0.250377,1.86849,0.020718,0.229659,0.005472,0.027243,0.054636,1.053
2025-08-04 12:00:00,0.250925,1.71866,0.019785,0.23114,0.005731,0.012975,0.037715,0.791
2025-08-04 13:00:00,0.519048,5.40675,0.049169,0.469879,0.005628,0.016477,0.038757,1.733
2025-08-04 14:00:00,0.128823,1.84034,0.015115,0.113708,0.002149,0.005651,0.028505,0.507
2025-08-04 15:00:00,0.099723,1.1332,0.011881,0.087842,0.00264,0.005766,0.030947,0.719
2025-08-04 16:00:00,0.083666,0.73392,0.014119,0.069547,0.002403,0.005399,0.033406,0.593
2025-08-04 17:00:00,0.223886,1.53348,0.040751,0.183135,0.005674,0.009495,0.036358,1.028
2025-08-04 18:00:00,0.359008,2.18907,0.046887,0.312121,0.005785,0.021043,0.043825,1.349
2025-08-04 19:00:00,0.387119,4.30134,0.024998,0.362121,0.007278,0.020896,0.038687,1.155
2025-08-04 20:00:00,1.1912,6.1402,0.084735,1.10647,0.021264,0.101366,0.092114,5.021
2025-08-04 21:00:00,0.269302,1.77171,0.031251,0.238051,0.006975,0.017747,0.045379,0.846
2025-08-04 22:00:00,0.079,0.918594,0.007619,0.071381,0.002557,0.008623,0.026894,0.314
2025-08-04 23:00:00,0.057366,0.869178,0.005475,0.051891,0.001041,0.007523,0.025505,0.278
2025-08-05 00:00:00,0.015395,0.256577,0.001806,0.013589,0.0011,0.002704,0.021239,0.074
2025-08-05 01:00:00,0.028898,0.424987,0.002637,0.026261,0.000817,0.000924,0.020029,0.15
2025-08-05 02:00:00,0.006897,0.090759,0.001658,0.005239,0.000197,0.000785,0.019032,0.027
2025-08-05 03:00:00,0.000167,0.002448,7.6e-05,9.1e-05,0.000107,5.9e-05,0.018629,0.011
2025-08-05 04:00:00,0.00149,0.019607,0.000324,0.001166,0.000279,8.5e-05,0.018747,0.032
2025-08-05 05:00:00,0.002006,0.020073,0.001283,0.000723,0.000397,0.000148,0.019877,0.061
2025-08-05 06:00:00,0.03537,0.491246,0.005124,0.030246,0.000782,0.001508,0.021363,0.122
2025-08-05 07:00:00,0.064493,0.520116,0.009411,0.055082,0.002149,0.003943,0.026663,0.302
2025-08-05 08:00:00,0.136468,0.947703,0.026488,0.10998,0.003364,0.010208,0.032842,0.7
2025-08-05 09:00:00,0.010195,0.19608,0.002998,0.007197,0.001893,0.007209,0.029498,0.443
2025-08-05 10:00:00,0.06914,0.88642,0.01828,0.05086,0.002443,0.005227,0.030036,0.375
2025-08-05 11:00:00,0.038243,0.424918,0.00966,0.028583,0.001815,0.004369,0.030743,0.536
2025-08-05 12:00:00,0.114007,0.826143,0.014355,0.099652,0.00362,0.010192,0.033723,1.171
2025-08-05 13:00:00,0.238026,1.98354,0.050632,0.187394,0.008549,0.01668,0.050535,3.444
2025-08-05 14:00:00,0.101292,1.40683,0.016832,0.08446,0.0025,0.006129,0.036161,0.733
2025-08-05 15:00:00,0.013364,0.954616,0.00552,0.007844,0.001395,0.003261,0.02798,0.229
2025-08-05 16:00:00,0.117757,1.36928,0.008061,0.109696,0.002125,0.006913,0.031415,0.745
2025-08-05 17:00:00,0.321719,2.59451,0.052962,0.268757,0.006907,0.011225,0.037749,1.602
2025-08-05 18:00:00,0.146718,1.16443,0.013352,0.133366,0.005917,0.011534,0.034756,0.668
2025-08-05 19:00:00,0.141004,1.08465,0.012454,0.12855,0.008122,0.015455,0.037978,0.709
2025-08-05 20:00:00,0.116858,1.88481,0.042581,0.074277,0.006333,0.012328,0.034342,0.624
2025-08-05 21:00:00,0.140034,1.16695,0.017541,0.122493,0.002944,0.011682,0.029471,0.731
2025-08-05 22:00:00,0.039186,0.653104,0.00642,0.032766,0.005091,0.01705,0.029563,0.24
2025-08-05 23:00:00,0.006151,0.170889,0.002706,0.003445,0.002732,0.007349,0.022869,0.071
2025-08-06 00:00:00,0.014453,0.903315,0.001303,0.01315,0.000888,0.003487,0.021392,0.333
2025-08-06 01:00:00,0.0239,0.7966,0.006,0.0179,0.0007,0.0009,0.0198,0.124
2025-08-06 02:00:00,0.0044,0.245,0.0008,0.0036,0.0002,0.0008,0.0189,0.138
2025-08-06 03:00:00,0.042,4.1952,0.0011,0.0409,0.0002,0.0011,0.0189,0.087
2025-08-06 04:00:00,0.0023,0.3831,0.0006,0.0017,0.0001,0.0001,0.0185,0.045
2025-08-06 05:00:00,0.0522,26.1199,0.003,0.0492,0.0005,0.0011,0.02,0.174
2025-08-06 06:00:00,0.0056,0.1565,0.0011,0.0045,0.0004,0.0016,0.021,0.029
2025-08-06 07:00:00,0.322,2.8746,0.0142,0.3077,0.0033,0.0078,0.031,0.68
2025-08-06 08:00:00,0.2036,1.8851,0.016,0.1876,0.0032,0.0091,0.0353,0.788
2025-08-06 09:00:00,0.0358,0.6887,0.0043,0.0316,0.0008,0.0026,0.0271,0.229
2025-08-06 10:00:00,0.027,0.2216,0.0039,0.0231,0.0011,0.0021,0.028,0.379
2025-08-06 11:00:00,0.1241,0.9125,0.0218,0.1023,0.0043,0.0085,0.0355,0.9
2025-08-06 12:00:00,0.4054,3.3784,0.0476,0.3578,0.0063,0.0191,0.0427,1.617
2025-08-06 13:00:00,0.3343,3.0954,0.0243,0.31,0.0039,0.0092,0.0296,0.739
2025-08-06 14:00:00,0.1546,1.5152,0.0157,0.1388,0.0032,0.0088,0.0314,0.938
2025-08-06 15:00:00,0.2333,3.0697,0.0373,0.196,0.0048,0.0136,0.0421,1.329
2025-08-06 16:00:00,0.1752,2.246,0.0114,0.1637,0.0022,0.0068,0.0318,0.774
2025-08-06 17:00:00,0.1879,1.7722,0.0146,0.1733,0.0027,0.0096,0.0321,0.676
2025-08-06 18:00:00,0.1353,0.8456,0.0173,0.118,0.0059,0.0142,0.0374,0.924
2025-08-06 19:00:00,0.6834,3.5227,0.0823,0.6011,0.0104,0.0343,0.0566,2.761
2025-08-06 20:00:00,0.4871,4.7755,0.0513,0.4358,0.0101,0.0224,0.0487,1.516
2025-08-06 21:00:00,0.0283,0.1573,0.0048,0.0235,0.0031,0.0057,0.0314,0.422
2025-08-06 22:00:00,0.1176,1.0693,0.012,0.1056,0.0056,0.0222,0.0458,0.506
2025-08-06 23:00:00,0.0419,1.1648,0.0031,0.0389,0.001,0.0062,0.0245,0.42
2025-08-07 00:00:00,0.012538,0.261196,0.003689,0.008849,0.001547,0.003725,0.020939,0.091
2025-08-07 01:00:00,0.332917,7.56629,0.003875,0.329042,0.000734,0.010773,0.025698,0.378
2025-08-07 02:00:00,0.336469,6.72938,0.006123,0.330346,0.001281,0.010381,0.026929,0.503
2025-08-07 03:00:00,0.000354,0.008843,0.000124,0.00023,0.000158,0.000139,0.018983,0.041
2025-08-07 04:00:00,0.015877,0.275422,0.003362,0.012515,0.001479,0.00137,0.023341,0.135
2025-08-07 05:00:00,0.0314,0.542,0.0066,0.0248,0.0028,0.0026,0.0277,0.229
2025-08-07 06:00:00,0.0071,0.1016,0.0028,0.0043,0.0004,0.0004,0.0211,0.157
2025-08-07 07:00:00,0.1039,0.9447,0.0149,0.089,0.0018,0.0056,0.0262,0.553
2025-08-07 08:00:00,0.3761,2.8933,0.0581,0.318,0.0057,0.0167,0.0384,1.202
2025-08-07 09:00:00,0.0921,0.5615,0.0117,0.0803,0.0041,0.0061,0.0361,0.867
2025-08-07 10:00:00,0.071,0.3481,0.0148,0.0562,0.0042,0.0076,0.037,0.754
2025-08-07 11:00:00,0.1297,1.1178,0.0161,0.1136,0.0053,0.0091,0.0356,0.881
2025-08-07 12:00:00,0.0663,0.7207,0.0139,0.0524,0.0028,0.0056,0.0336,1.092
2025-08-07 13:00:00,0.2014,1.8998,0.0674,0.134,0.005,0.02,0.0359,1.297
2025-08-07 14:00:00,0.106445,0.967693,0.01615,0.090295,0.011094,0.014668,0.033601,0.46
2025-08-07 15:00:00,0.036755,0.510503,0.004674,0.032081,0.001511,0.003299,0.029394,0.341
2025-08-07 16:00:00,0.083658,1.19512,0.007234,0.076424,0.001353,0.004572,0.028573,0.372
2025-08-07 17:00:00,0.113604,1.13604,0.015487,0.098117,0.002403,0.006965,0.031895,0.903
2025-08-07 18:00:00,0.8279,5.4467,0.0566,0.7713,0.0186,0.0284,0.0549,3.061
2025-08-07 19:00:00,0.0907,0.5816,0.0241,0.0666,0.0091,0.0098,0.0341,0.676
2025-08-07 20:00:00,0.2298,1.4362,0.0295,0.2003,0.0081,0.0185,0.0429,1.485
2025-08-07 21:00:00,0.285785,2.10135,0.055864,0.229921,0.006102,0.015319,0.038581,1.573
2025-08-07 22:00:00,0.065083,0.677949,0.022337,0.042746,0.002999,0.00509,0.025834,0.936
2025-08-07 23:00:00,0.0314,0.413141,0.003928,0.027472,0.001076,0.003694,0.023705,0.312
2025-08-08 00:00:00,0.012933,0.281155,0.001843,0.01109,0.001332,0.018874,0.028207,0.208
2025-08-08 01:00:00,0.114001,2.03573,0.009249,0.104752,0.001043,0.003523,0.023514,0.482
2025-08-08 02:00:00,0.19916,2.55333,0.022723,0.176437,0.003677,0.008024,0.026786,1.147
2025-08-08 03:00:00,0.004352,0.035094,0.00333,0.001022,0.000172,0.000133,0.018779,0.099
2025-08-08 04:00:00,0.006297,0.054279,0.000231,0.006066,0.000207,0.000292,0.018809,0.021
2025-08-08 05:00:00,0.028583,0.2233,0.002909,0.025674,0.000483,0.002358,0.020888,0.133
2025-08-08 06:00:00,0.027653,0.150283,0.001517,0.026136,0.001219,0.002495,0.021964,0.068
2025-08-08 07:00:00,0.065427,0.629102,0.008398,0.057029,0.002013,0.002799,0.026107,0.335
2025-08-08 08:00:00,0.148813,1.43088,0.01388,0.134933,0.002781,0.007498,0.032272,0.75
2025-08-08 09:00:00,0.059748,0.829851,0.0085,0.051248,0.002048,0.004453,0.029375,0.524
2025-08-08 10:00:00,0.236946,2.36947,0.012956,0.22399,0.002374,0.008104,0.032312,0.991
2025-08-08 11:00:00,1.43756,12.8353,0.090724,1.34684,0.011601,0.046025,0.057444,3.935
2025-08-08 12:00:00,0.333694,1.61988,0.031757,0.301937,0.010009,0.02346,0.040488,1.752
2025-08-08 13:00:00,0.081916,0.758481,0.009206,0.07271,0.004765,0.004482,0.029565,0.338
2025-08-08 14:00:00,0.1373,1.40102,0.015561,0.121739,0.002266,0.007729,0.031253,0.564
2025-08-08 15:00:00,0.103436,1.52112,0.013977,0.089459,0.003274,0.00446,0.030861,0.89
2025-08-08 16:00:00,0.392771,2.51775,0.024687,0.368084,0.01135,0.014609,0.035756,0.891
2025-08-08 17:00:00,0.280845,2.80846,0.025272,0.255573,0.007006,0.020802,0.046961,1.967
2025-08-08 18:00:00,0.353309,1.96283,0.048678,0.304631,0.010523,0.027903,0.055343,2.412
2025-08-08 19:00:00,0.231487,1.92905,0.031323,0.200164,0.008718,0.010757,0.035344,1.202
2025-08-08 20:00:00,0.55613,3.56494,0.02028,0.53585,0.008357,0.025874,0.039275,2.071
2025-08-08 21:00:00,0.474731,3.82848,0.019064,0.455667,0.003242,0.023462,0.039799,1.566
2025-08-08 22:00:00,0.050741,0.650514,0.009921,0.04082,0.006792,0.00484,0.026796,0.432
2025-08-08 23:00:00,0.019609,0.136171,0.00538,0.014229,0.001529,0.004323,0.023664,0.103
2025-08-09 00:00:00,0.0819,0.8034,0.005,0.0769,0.0008,0.0031,0.0226,0.247
2025-08-09 01:00:00,0.0056,0.0459,0.0016,0.004,0.0006,0.0008,0.021,0.095
2025-08-09 02:00:00,0.028623,0.596292,0.006636,0.021987,0.000656,0.001774,0.020456,0.138
2025-08-09 03:00:00,0.000769,0.011631,0.000434,0.000335,0.000393,0.000119,0.01919,0.046
2025-08-09 04:00:00,0.00493,0.082161,0.001979,0.002951,0.000301,0.000247,0.019185,0.101
2025-08-09 05:00:00,0.016292,0.280898,0.00039,0.015902,0.000343,0.000565,0.019359,0.039
2025-08-09 06:00:00,0.000683,0.012662,0.000319,0.000364,0.00017,0.000119,0.020227,0.037
2025-08-09 07:00:00,0.01351,0.182554,0.004558,0.008952,0.000914,0.00087,0.023562,0.248
2025-08-09 08:00:00,0.058816,0.432469,0.014421,0.044395,0.002155,0.00331,0.028221,0.6
2025-08-09 09:00:00,0.17944,1.83102,0.012738,0.166702,0.003033,0.010383,0.034072,0.656
2025-08-09 10:00:00,0.273934,2.40292,0.200683,0.073251,0.006591,0.004163,0.029466,0.525
2025-08-09 11:00:00,0.126602,0.973854,0.03599,0.090612,0.004156,0.010643,0.036352,0.981
2025-08-09 12:00:00,0.314775,1.16584,0.026717,0.288058,0.003852,0.015877,0.034483,0.862
2025-08-09 13:00:00,0.25854,0.710277,0.033585,0.224955,0.008025,0.013957,0.040065,1.681
2025-08-09 14:00:00,0.206182,1.2572,0.015057,0.191125,0.004368,0.018086,0.039677,1.188
2025-08-09 15:00:00,0.235692,1.6598,0.013154,0.222538,0.002327,0.014082,0.035785,1.317
2025-08-09 16:00:00,0.046503,0.375019,0.008872,0.037631,0.003263,0.00365,0.028802,0.481
2025-08-09 17:00:00,0.717647,7.32293,0.032654,0.684993,0.00598,0.031244,0.043925,1.131
2025-08-09 18:00:00,0.193656,0.949293,0.060916,0.13274,0.006086,0.010224,0.037519,0.766
2025-08-09 19:00:00,0.09336,0.496596,0.013487,0.079873,0.007287,0.006069,0.03191,1.054
2025-08-09 20:00:00,0.569459,5.17689,0.024205,0.545254,0.006016,0.058858,0.050785,1.624
2025-08-09 21:00:00,0.824604,4.3862,0.044681,0.779923,0.007943,0.057527,0.049242,2.647
2025-08-09 22:00:00,0.366005,4.94602,0.026566,0.339439,0.003554,0.018158,0.037809,0.959
2025-08-09 23:00:00,0.093683,1.26599,0.01243,0.081253,0.001973,0.005504,0.02616,0.533
2025-08-10 00:00:00,0.011694,0.32482,0.002203,0.009491,0.000879,0.001983,0.021537,0.121
2025-08-10 01:00:00,0.007647,0.205257,0.00138,0.006268,0.000518,0.001096,0.020252,0.0715
2025-08-10 02:00:00,0.0036,0.085694,0.000556,0.003044,0.000156,0.000209,0.018968,0.022
2025-08-10 03:00:00,0.000572,0.010999,0.000412,0.00016,0.000157,0.000166,0.018905,0.042
2025-08-10 04:00:00,0.000311,0.003094,0.000188,0.000123,0.000288,0.000608,0.018935,0.029
2025-08-10 05:00:00,0.000468,0.00558,0.000183,0.000285,0.0004,9.6e-05,0.019061,0.024
2025-08-10 06:00:00,0.001333,0.039188,0.000597,0.000736,0.000739,0.000556,0.020459,0.056
2025-08-10 07:00:00,0.155118,3.37214,0.006748,0.14837,0.002485,0.009595,0.037448,0.497
2025-08-10 08:00:00,0.173622,1.88717,0.094996,0.078626,0.00871,0.004685,0.028545,0.516
2025-08-10 09:00:00,0.37888,3.7888,0.024847,0.354033,0.003582,0.012102,0.033006,1.113
2025-08-10 10:00:00,0.08716,1.08952,0.051398,0.035762,0.003897,0.004858,0.030104,0.866
2025-08-10 11:00:00,2.18706,19.8824,0.207406,1.97966,0.012078,0.080452,0.066865,3.578
2025-08-10 12:00:00,0.333783,4.27927,0.012256,0.321527,0.005409,0.037948,0.042407,0.848
2025-08-10 13:00:00,0.662621,7.88835,0.028084,0.634537,0.005654,0.019592,0.034695,1.502
2025-08-10 14:00:00,0.187052,1.15464,0.027063,0.159989,0.008002,0.01607,0.041007,1.072
2025-08-10 15:00:00,0.43026,5.00301,0.024303,0.405957,0.006714,0.043921,0.053071,1.226
2025-08-10 16:00:00,0.255628,1.57795,0.022044,0.233584,0.006899,0.023513,0.041849,1.196
2025-08-10 17:00:00,0.17289,1.83926,0.012222,0.160668,0.002501,0.015542,0.034562,0.585
2025-08-10 18:00:00,0.334318,2.38799,0.025082,0.309236,0.006733,0.016251,0.037497,1.108
2025-08-10 19:00:00,0.182621,2.28277,0.01762,0.165001,0.004681,0.01853,0.037826,1.499
2025-08-10 20:00:00,0.43464,4.82934,0.055723,0.378917,0.007291,0.011812,0.034311,1.779
2025-08-10 21:00:00,0.057689,0.721111,0.008878,0.048811,0.002671,0.007469,0.029437,0.53
2025-08-10 22:00:00,0.152182,2.81823,0.027732,0.12445,0.003038,0.008993,0.02612,0.423
2025-08-10 23:00:00,0.293748,6.994,0.010719,0.283029,0.002595,0.013327,0.02741,0.492
2025-08-11 00:00:00,0.157639,4.92623,0.013511,0.144128,0.001309,0.00699,0.023459,0.359
2025-08-11 01:00:00,0.329908,16.4954,0.058684,0.271224,0.00284,0.005308,0.021831,0.507
2025-08-11 02:00:00,0.003784,0.315339,0.001706,0.002078,0.000228,0.000668,0.019068,0.093
2025-08-11 03:00:00,0.000935,0.058437,0.000226,0.000709,0.000394,0.001973,0.019278,0.1
2025-08-11 04:00:00,0.000154,0.011006,7.4e-05,8e-05,3.8e-05,3.1e-05,0.018278,0.01
2025-08-11 05:00:00,0.000568,0.007277,0.000136,0.000432,0.000249,7.8e-05,0.019154,0.023
2025-08-11 06:00:00,0.005152,0.078046,0.001658,0.003494,0.000806,0.00055,0.021205,0.105
2025-08-11 07:00:00,0.125481,0.825529,0.020476,0.105005,0.002434,0.005042,0.026917,0.557
2025-08-11 08:00:00,0.643767,9.46717,0.050298,0.593469,0.006322,0.035648,0.045845,1.793
2025-08-11 09:00:00,0.030256,0.756373,0.01784,0.012416,0.002786,0.003449,0.029213,1.198
2025-08-11 10:00:00,0.198303,2.8329,0.024529,0.173774,0.005665,0.011006,0.037324,1.081
2025-08-11 11:00:00,0.178641,2.41406,0.053045,0.125596,0.003104,0.00592,0.034799,0.933
2025-08-11 12:00:00,0.166481,1.51346,0.027616,0.138865,0.004134,0.010375,0.030979,0.88
2025-08-11 13:00:00,0.299242,4.98737,0.025585,0.273657,0.00406,0.035594,0.037581,1.066
2025-08-11 14:00:00,0.583639,4.63206,0.013189,0.57045,0.003079,0.016054,0.032527,0.589
2025-08-11 15:00:00,0.298539,4.39027,0.044875,0.253664,0.006566,0.018298,0.039608,1.607
2025-08-11 16:00:00,0.048036,0.3639,0.010327,0.037709,0.00336,0.007024,0.032597,0.641
2025-08-11 17:00:00,0.712718,4.62804,0.036606,0.676112,0.005744,0.026986,0.042398,1.489
2025-08-11 18:00:00,0.28655,2.04678,0.032365,0.254185,0.005504,0.011285,0.038905,1.386
2025-08-11 19:00:00,0.206633,1.78131,0.08213,0.124503,0.010177,0.024416,0.041381,0.765
2025-08-11 20:00:00,0.227984,2.15079,0.018982,0.209002,0.002972,0.010115,0.031378,1.081
2025-08-11 21:00:00,0.066876,1.5199,0.014018,0.052858,0.002614,0.003923,0.025462,0.528
2025-08-11 22:00:00,0.084548,3.25181,0.012718,0.07183,0.001455,0.004649,0.024629,0.582
2025-08-11 23:00:00,0.208775,2.82127,0.021412,0.187363,0.004206,0.010148,0.030415,1.766
2025-08-12 00:00:00,0.343073,13.1951,0.018073,0.325,0.003107,0.009175,0.026026,0.775
2025-08-12 01:00:00,0.021588,1.19935,0.009388,0.0122,0.001854,0.00127,0.021948,0.769
2025-08-12 02:00:00,0.014242,1.78029,0.000683,0.013559,0.00012,0.000692,0.018643,0.146
2025-08-12 03:00:00,0.000619,0.044137,0.000235,0.000384,8.5e-05,4.4e-05,0.01841,0.014
2025-08-12 04:00:00,0.00404,0.252511,0.00013,0.00391,0.000111,0.001039,0.019436,0.014
2025-08-12 05:00:00,2e-06,0.000313,2e-06,0,2.2e-05,2.6e-05,0.0185,0.003
2025-08-12 06:00:00,0.00468,0.389955,0.000246,0.004434,0.000182,0.000361,0.020149,0.04
2025-08-12 07:00:00,0.122664,1.17944,0.024935,0.097729,0.002628,0.00467,0.026096,0.313
2025-08-12 08:00:00,0.114358,0.92224,0.017226,0.097132,0.003196,0.006486,0.031645,0.497
2025-08-12 09:00:00,0.088265,0.748018,0.006517,0.081748,0.003651,0.016667,0.036331,0.436
2025-08-12 10:00:00,0.045981,0.851516,0.005143,0.040838,0.001253,0.003959,0.027825,0.225
2025-08-12 11:00:00,0.120567,0.972311,0.018047,0.10252,0.004997,0.007947,0.035303,0.492
2025-08-12 12:00:00,0.174537,1.45448,0.01566,0.158877,0.003638,0.013234,0.032571,0.995
2025-08-12 13:00:00,0.189526,1.75488,0.035806,0.15372,0.007436,0.011707,0.043694,1.768
2025-08-12 14:00:00,0.084997,0.745588,0.011155,0.073842,0.003099,0.006378,0.032408,0.401
2025-08-12 15:00:00,0.73271,10.4673,0.045187,0.687523,0.005961,0.023409,0.040099,2.195
2025-08-12 16:00:00,0.134435,1.68042,0.01139,0.123045,0.002606,0.008088,0.030584,0.562
2025-08-12 17:00:00,0.04877,0.286884,0.010307,0.038463,0.00368,0.005896,0.03336,0.799
2025-08-12 18:00:00,0.109744,0.870986,0.012951,0.096793,0.004235,0.01611,0.039111,0.724
2025-08-12 19:00:00,0.267644,2.43312,0.078617,0.189027,0.011799,0.030547,0.050593,0.778
2025-08-12 20:00:00,0.196023,2.17803,0.019434,0.176589,0.007705,0.020165,0.041875,1.169
2025-08-12 21:00:00,0.466021,5.17801,0.033144,0.432877,0.004011,0.025557,0.041008,1.117
2025-08-12 22:00:00,0.083023,1.15309,0.010462,0.072561,0.001956,0.007689,0.027187,0.563
2025-08-12 23:00:00,0.002835,0.283528,0.000207,0.002628,0.000482,0.002022,0.021466,0.118
2025-08-13 00:00:00,0.458293,13.4792,0.016434,0.441859,0.002016,0.012342,0.025514,0.802
2025-08-13 01:00:00,0.109176,6.06537,0.00727,0.101906,0.008022,0.002664,0.040572,0.349
2025-08-13 02:00:00,0.085416,2.37267,0.016531,0.068885,0.007643,0.005831,0.038213,0.215
2025-08-13 03:00:00,0.00106,0.13253,6.4e-05,0.000996,0.00127,0.000172,0.029757,0.055
2025-08-13 04:00:00,4.1e-05,0.004147,2e-05,2.1e-05,0.000313,1.6e-05,0.028397,0.003
2025-08-13 05:00:00,0.002325,0.129167,0.000441,0.001884,0.0034,0.001091,0.034027,0.169
2025-08-13 06:00:00,0.02612,0.362787,0.003548,0.022572,0.006292,0.00074,0.040541,0.264
2025-08-13 07:00:00,0.188485,1.65338,0.015355,0.17313,0.014379,0.007027,0.057374,0.48
2025-08-13 08:00:00,0.058584,0.47246,0.010345,0.048239,0.012174,0.00352,0.060069,0.335
2025-08-13 09:00:00,0.067687,1.30168,0.005824,0.061863,0.012457,0.003553,0.058696,0.414
2025-08-13 10:00:00,0.013764,0.181121,0.00268,0.011084,0.014563,0.003386,0.059389,0.253
2025-08-13 11:00:00,0.143819,1.38289,0.028059,0.11576,0.030941,0.009403,0.094472,2.019
2025-08-13 12:00:00,0.056009,0.451684,0.014423,0.041586,0.0214,0.004539,0.066241,0.382
2025-08-13 13:00:00,0.352949,5.69273,0.019606,0.333343,0.038603,0.018864,0.094936,0.98
2025-08-13 14:00:00,0.083866,1.23332,0.028715,0.055151,0.014294,0.005497,0.058754,0.447
2025-08-13 15:00:00,0.241028,3.09012,0.021279,0.219749,0.031186,0.018561,0.096056,1.234
2025-08-13 16:00:00,0.213841,2.48654,0.040757,0.173084,0.025054,0.016007,0.072437,0.782
2025-08-13 17:00:00,0.161466,1.36835,0.017458,0.144008,0.026344,0.011265,0.086317,1.397
2025-08-13 18:00:00,0.25754,2.11098,0.020264,0.237276,0.024816,0.014037,0.083308,1.236
2025-08-13 19:00:00,0.113814,0.720343,0.011984,0.10183,0.023268,0.011327,0.086386,0.836
2025-08-13 20:00:00,0.111223,0.772386,0.016331,0.094892,0.094056,0.008765,0.112722,0.932
2025-08-13 21:00:00,0.086852,0.86852,0.049543,0.037309,0.041678,0.017402,0.104991,0.848
2025-08-13 22:00:00,0.200252,1.82046,0.066877,0.133375,0.028467,0.020562,0.09456,0.904
2025-08-13 23:00:00,0.056071,1.27433,0.00605,0.050021,0.011242,0.00585,0.049155,0.328
2025-08-14 00:00:00,0.078788,0.937953,0.012498,0.06629,0.029303,0.026206,0.100448,0.323
2025-08-14 01:00:00,0.063124,1.97264,0.002088,0.061036,0.006944,0.002228,0.037772,0.14
2025-08-14 02:00:00,0.048278,2.41391,0.008717,0.039561,0.020037,0.005606,0.084117,0.22
2025-08-14 03:00:00,0.000411,0.041051,0.000241,0.00017,0.008647,0.000879,0.072474,0.025
2025-08-14 04:00:00,0.000578,0.096441,0.000112,0.000466,0.001322,0.00011,0.029705,0.036
2025-08-14 05:00:00,0.001818,0.075788,0.00057,0.001248,0.001344,0.000294,0.030272,0.025
2025-08-14 06:00:00,0.019801,0.550032,0.00291,0.016891,0.006425,0.001457,0.040308,0.278
2025-08-14 07:00:00,0.497992,4.97991,0.022229,0.475763,0.022603,0.030303,0.069547,0.252
2025-08-14 08:00:00,0.027294,0.349926,0.006275,0.021019,0.010448,0.003128,0.055021,0.232
2025-08-14 09:00:00,0.158552,1.55444,0.013037,0.145515,0.017718,0.011015,0.07474,0.548
2025-08-14 10:00:00,0.202633,4.05266,0.136653,0.06598,0.030181,0.005747,0.067481,1.005
2025-08-14 11:00:00,0.059069,0.68685,0.010447,0.048622,0.020005,0.011414,0.077475,1.498
2025-08-14 12:00:00,0.049243,0.512944,0.010106,0.039137,0.018731,0.008979,0.071818,0.538
2025-08-14 13:00:00,0.140183,2.69585,0.034458,0.105725,0.017306,0.00711,0.060896,0.523
2025-08-14 14:00:00,0.088185,2.20462,0.010405,0.07778,0.014232,0.005775,0.05612,0.508
2025-08-14 15:00:00,1.01971,11.5876,0.052985,0.966724,0.040832,0.016864,0.092863,1.068
2025-08-14 16:00:00,0.065375,0.695474,0.00832,0.057055,0.015791,0.006257,0.064598,0.667
2025-08-14 17:00:00,0.369816,2.53299,0.158141,0.211675,0.03968,0.017949,0.107192,1.789
2025-08-14 18:00:00,0.168612,1.23981,0.028035,0.140577,0.023705,0.015883,0.084565,1.033
2025-08-14 19:00:00,0.106245,0.817272,0.018602,0.087643,0.019568,0.012867,0.070821,0.73
2025-08-14 20:00:00,0.571723,4.20384,0.067683,0.50404,0.028633,0.028879,0.092989,2.47
2025-08-14 21:00:00,0.244206,2.14216,0.01066,0.233546,0.033236,0.017557,0.091369,0.748
2025-08-14 22:00:00,0.658591,5.39829,0.029541,0.62905,0.036057,0.059374,0.12146,1.729
2025-08-14 23:00:00,0.317056,2.47701,0.025627,0.291429,0.058782,0.015228,0.103317,1.591
2025-08-15 00:00:00,0.123311,7.70687,0.068771,0.05454,0.075451,0.015537,0.137656,1.134
2025-08-15 01:00:00,0.181726,9.08638,0.01261,0.169116,0.036822,0.028987,0.139253,0.383
2025-08-15 02:00:00,0.012597,0.524868,0.001415,0.011182,0.002759,0.00048,0.032695,0.09
2025-08-15 03:00:00,0.016802,0.700057,0.00787,0.008932,0.002465,0.000374,0.031721,0.075
2025-08-15 04:00:00,0.24157,9.2911,0.006391,0.235179,0.002742,0.003431,0.03311,0.164
2025-08-15 05:00:00,0.000491,0.040895,0.000327,0.000164,0.001185,0.000272,0.03075,0.024
2025-08-15 06:00:00,0.0487,1.73924,0.0053,0.0434,0.003267,0.002379,0.036533,0.142
2025-08-15 07:00:00,0.062335,0.649315,0.011897,0.050438,0.008155,0.002532,0.047336,0.313
2025-08-15 08:00:00,0.085198,0.617381,0.019626,0.065572,0.011515,0.004618,0.060992,0.625
2025-08-15 09:00:00,0.081375,1.56491,0.007213,0.074162,0.017178,0.006378,0.065467,0.683
2025-08-15 10:00:00,0.065435,0.584236,0.006204,0.059231,0.012889,0.004223,0.058331,0.336
2025-08-15 11:00:00,0.050114,0.432025,0.00823,0.041884,0.024267,0.012732,0.078323,0.672
2025-08-15 12:00:00,0.037342,0.69154,0.008836,0.028506,0.018927,0.008455,0.069365,0.709
2025-08-15 13:00:00,0.139834,1.66469,0.03891,0.100924,0.01941,0.008639,0.068178,0.761
2025-08-15 14:00:00,0.15781,1.71534,0.035572,0.122238,0.019088,0.016705,0.072295,0.631
2025-08-15 15:00:00,0.196522,6.14134,0.054693,0.141829,0.022212,0.010801,0.084887,1.056
2025-08-15 16:00:00,0.08854,2.10811,0.00543,0.08311,0.016356,0.0125,0.073835,0.375
2025-08-15 17:00:00,0.176189,1.76189,0.016694,0.159495,0.021154,0.010145,0.080005,0.814
2025-08-15 18:00:00,0.168674,1.13969,0.018383,0.150291,0.025802,0.013258,0.085589,1.431
2025-08-15 19:00:00,0.259161,2.12427,0.075717,0.183444,0.030506,0.016394,0.092928,1.116
2025-08-15 20:00:00,0.183351,1.36829,0.011202,0.172149,0.022885,0.008818,0.07585,0.834
2025-08-15 21:00:00,0.507791,4.53385,0.029451,0.47834,0.048437,0.029802,0.110486,2.256
2025-08-15 22:00:00,0.154241,0.918105,0.01265,0.141591,0.02204,0.01153,0.078644,0.444
2025-08-15 23:00:00,0.196517,6.14115,0.016803,0.179714,0.01204,0.012427,0.059064,0.508
2025-08-16 00:00:00,0.076458,2.12382,0.007384,0.069074,0.006718,0.003166,0.042247,0.201
2025-08-16 01:00:00,0.046799,1.79996,0.002992,0.043807,0.004418,0.00348,0.038465,0.123
2025-08-16 02:00:00,0.08566,2.51946,0.005065,0.080595,0.005834,0.003664,0.045331,0.318
2025-08-16 03:00:00,0.000407,0.020375,0.000224,0.000183,0.00193,0.000198,0.032302,0.025
2025-08-16 04:00:00,0.000207,0.00578,4.9e-05,0.000158,0.002954,0.001569,0.033103,0.017
2025-08-16 05:00:00,0.000892,0.0743,0.00033,0.000562,0.001813,0.000173,0.031973,0.077
2025-08-16 06:00:00,0.152116,5.85065,0.005382,0.146734,0.006578,0.007329,0.042135,0.375
2025-08-16 07:00:00,0.033349,0.641348,0.001585,0.031764,0.003761,0.002201,0.038288,0.108
2025-08-16 08:00:00,0.063489,0.647853,0.005927,0.057562,0.011245,0.005449,0.057175,0.277
2025-08-16 09:00:00,0.101567,0.604577,0.014737,0.08683,0.022737,0.006312,0.070041,0.604
2025-08-16 10:00:00,0.227439,3.44604,0.014995,0.212444,0.019082,0.008762,0.068661,0.563
2025-08-16 11:00:00,0.042355,0.962627,0.008306,0.034049,0.024078,0.007171,0.079467,0.701
2025-08-16 12:00:00,0.256885,1.71258,0.023088,0.233797,0.029858,0.01779,0.097188,1.237
2025-08-16 13:00:00,0.125131,1.13755,0.018341,0.10679,0.024942,0.006159,0.073796,0.743
2025-08-16 14:00:00,0.076991,0.81905,0.012364,0.064627,0.022573,0.010141,0.079007,0.429
2025-08-16 15:00:00,0.107412,1.62745,0.010089,0.097323,0.017474,0.010342,0.072506,0.479
2025-08-16 16:00:00,0.2809,2.98829,0.027627,0.253273,0.025274,0.011206,0.07546,0.964
2025-08-16 17:00:00,0.426854,3.18548,0.068128,0.358726,0.030544,0.018485,0.097791,1.512
2025-08-16 18:00:00,0.232002,3.22223,0.01955,0.212452,0.021159,0.014689,0.081403,0.81
2025-08-16 19:00:00,0.274865,3.43582,0.023703,0.251162,0.026678,0.017863,0.114129,0.554
2025-08-16 20:00:00,0.10757,0.977905,0.032736,0.074834,0.01592,0.011242,0.063681,0.393
2025-08-16 21:00:00,0.069712,0.942049,0.010367,0.059345,0.020137,0.008022,0.065492,0.637
2025-08-16 22:00:00,0.181848,2.67423,0.012937,0.168911,0.023115,0.012993,0.07324,0.873
2025-08-16 23:00:00,0.037052,0.544901,0.003559,0.033493,0.01775,0.006488,0.0727,0.164
2025-08-17 00:00:00,0.461488,8.24086,0.022073,0.439415,0.027348,0.030305,0.086566,1.277
2025-08-17 01:00:00,0.045988,0.522597,0.007123,0.038865,0.011001,0.002571,0.046077,0.402
2025-08-17 02:00:00,2.29091,76.3636,0.036321,2.25459,0.024185,0.030758,0.072737,1.624
2025-08-17 03:00:00,2.2e-05,0.003763,1.2e-05,1e-05,0.001854,0.000292,0.031803,0.062
2025-08-17 04:00:00,0.001419,0.088701,0.000883,0.000536,0.000872,7.6e-05,0.029714,0.031
2025-08-17 05:00:00,0.007137,0.446098,0.00116,0.005977,0.001956,0.000359,0.033798,0.091
2025-08-17 06:00:00,0.000763,0.127211,0.000202,0.000561,0.000983,6.5e-05,0.031189,0.019
2025-08-17 07:00:00,0.03039,1.8994,0.002607,0.027783,0.010621,0.003712,0.046783,0.136
2025-08-17 08:00:00,0.006525,0.135911,0.002075,0.00445,0.017635,0.010634,0.065343,0.117
2025-08-17 09:00:00,0.062996,0.409069,0.005277,0.057719,0.008084,0.006766,0.053587,0.322
2025-08-17 10:00:00,0.286845,3.05154,0.020529,0.266316,0.030707,0.025153,0.088723,1.048
2025-08-17 11:00:00,0.176174,1.42076,0.020366,0.155808,0.026567,0.011053,0.078271,0.899
2025-08-17 12:00:00,0.287167,3.88064,0.026887,0.26028,0.035503,0.019813,0.090388,0.507
2025-08-17 13:00:00,0.136353,1.58548,0.030358,0.105995,0.034997,0.007484,0.078096,0.559
2025-08-17 14:00:00,0.175371,1.32856,0.020496,0.154875,0.023511,0.008983,0.078217,0.843
2025-08-17 15:00:00,0.108054,1.2006,0.013632,0.094422,0.015328,0.005959,0.057389,0.522
2025-08-17 16:00:00,0.306977,2.69279,0.01917,0.287807,0.035316,0.016751,0.088562,1.113
2025-08-17 17:00:00,0.842786,10.0332,0.094949,0.747837,0.111402,0.026907,0.169779,3.827
2025-08-17 18:00:00,0.182283,1.98133,0.05909,0.123193,0.061054,0.036395,0.146079,0.668
2025-08-17 19:00:00,0.086467,1.16847,0.011335,0.075132,0.021381,0.013549,0.069548,0.54
2025-08-17 20:00:00,0.274416,2.98279,0.027369,0.247047,0.026754,0.011022,0.075625,1.052
2025-08-17 21:00:00,0.309233,3.77114,0.019322,0.289911,0.031212,0.024558,0.080221,1.16
2025-08-17 22:00:00,0.462904,6.42922,0.028914,0.43399,0.045502,0.022534,0.159991,1.541
2025-08-17 23:00:00,0.133893,1.8596,0.024936,0.108957,0.051737,0.008664,0.104287,1.511
2025-08-18 00:00:00,0.265595,3.79423,0.028737,0.236858,0.052988,0.013437,0.110717,1.691
2025-08-18 01:00:00,0.065928,1.31853,0.015341,0.050587,0.081484,0.004728,0.22579,2.49
2025-08-18 02:00:00,0.171697,5.72323,0.026752,0.144945,0.039822,0.005603,0.082722,1.204
2025-08-18 03:00:00,0.019541,0.69794,0.001885,0.017656,0.031052,0.000791,0.07642,0.639
2025-08-18 04:00:00,0.037016,0.711826,0.006066,0.03095,0.033284,0.001608,0.074377,0.984
2025-08-18 05:00:00,0.003032,0.168483,0.000588,0.002444,0.002068,0.000197,0.031853,0.063
2025-08-18 06:00:00,0.044119,0.450204,0.003084,0.041035,0.006801,0.002442,0.041458,0.285
2025-08-18 07:00:00,0.46792,5.1991,0.017565,0.450355,0.021668,0.008198,0.06643,0.863
2025-08-18 08:00:00,0.083934,1.10439,0.007216,0.076718,0.017763,0.01006,0.06252,0.437
2025-08-18 09:00:00,0.069041,0.750443,0.006762,0.062279,0.017233,0.00473,0.065386,0.516
2025-08-18 10:00:00,0.152804,3.8201,0.011843,0.140961,0.016406,0.008872,0.064946,0.814
2025-08-18 11:00:00,0.007751,0.64598,0.001591,0.00616,0.035465,0.054698,0.108357,0.093
2025-08-18 12:00:00,0.1665,1.5135,0.0276,0.1389,0.0041,0.0104,0.031,0.88
2025-08-18 13:00:00,0.2992,4.9874,0.0256,0.2737,0.0041,0.0356,0.0376,1.066
2025-08-18 14:00:00,0.362623,5.66596,0.028847,0.333776,0.020371,0.007992,0.072967,1.613
2025-08-18 15:00:00,0.367813,3.53667,0.090274,0.277539,0.030154,0.016345,0.079213,0.865
2025-08-18 16:00:00,0.122706,1.53382,0.014724,0.107982,0.028531,0.015253,0.081186,0.941
2025-08-18 17:00:00,0.060654,0.673923,0.011988,0.048666,0.029462,0.02814,0.095517,0.418
2025-08-18 18:00:00,0.085655,0.679808,0.014272,0.071383,0.027586,0.006612,0.087714,0.644
2025-08-18 19:00:00,0.661514,5.16808,0.194705,0.466809,0.056634,0.037686,0.136606,2.387
2025-08-18 20:00:00,0.142151,0.530412,0.015628,0.126523,0.029672,0.014652,0.090075,1.363
2025-08-18 21:00:00,0.0669,1.5199,0.014,0.0529,0.0026,0.0039,0.0255,0.528
2025-08-18 22:00:00,0.13004,1.01594,0.014281,0.115759,0.020475,0.009294,0.064734,0.415
2025-08-18 23:00:00,0.07637,0.909161,0.007699,0.068671,0.01767,0.007909,0.0623,0.433
2025-08-19 00:00:00,0.429651,3.83617,0.023933,0.405718,0.036679,0.036063,0.09673,1.527
2025-08-19 01:00:00,0.172961,4.11813,0.011581,0.16138,0.023259,0.006578,0.075869,0.789
2025-08-19 02:00:00,0.016664,0.231434,0.003305,0.013359,0.022828,0.002228,0.093366,0.44
2025-08-19 03:00:00,0.017403,0.29007,0.002645,0.014758,0.019281,0.000764,0.061061,0.617
2025-08-19 04:00:00,0.01563,0.339781,0.003398,0.012232,0.018721,0.000627,0.05455,0.609
2025-08-19 05:00:00,0.001524,0.040112,0.000663,0.000861,0.00471,0.000129,0.036229,0.163
2025-08-19 06:00:00,0.003082,0.22019,0.001444,0.001638,0.01239,0.000778,0.053074,0.516
2025-08-19 07:00:00,0.183113,1.79522,0.020087,0.163026,0.022075,0.008593,0.064069,0.779
2025-08-19 08:00:00,0.059399,0.503377,0.009466,0.049933,0.017549,0.006177,0.072927,0.691
2025-08-19 09:00:00,0.188343,2.6159,0.015946,0.172397,0.015206,0.007292,0.070684,0.508
2025-08-19 10:00:00,0.657619,9.67086,0.038546,0.619073,0.038999,0.028063,0.167503,1.827
2025-08-19 11:00:00,0.093941,1.30475,0.011892,0.082049,0.015415,0.009385,0.063622,0.442
2025-08-19 12:00:00,0.109053,1.16015,0.01511,0.093943,0.017841,0.015057,0.075019,0.941
2025-08-19 13:00:00,0.570815,6.63738,0.037037,0.533778,0.030677,0.02544,0.085232,1.196
2025-08-19 14:00:00,0.24822,3.44749,0.026767,0.221453,0.028623,0.014673,0.082541,1.402
2025-08-19 15:00:00,0.209506,2.68598,0.037591,0.171915,0.042851,0.021832,0.126636,1.844
2025-08-19 16:00:00,0.135035,1.43654,0.010583,0.124452,0.015057,0.007384,0.066368,0.638
2025-08-19 17:00:00,0.173991,1.27934,0.015923,0.158068,0.020756,0.009725,0.077323,0.879
2025-08-19 18:00:00,0.1097,0.871,0.013,0.0968,0.0042,0.0161,0.0391,0.724
2025-08-19 19:00:00,0.2676,2.4331,0.0786,0.189,0.0118,0.0305,0.0506,0.778
2025-08-19 20:00:00,0.196,2.178,0.0194,0.1766,0.0077,0.0202,0.0419,1.169
2025-08-19 21:00:00,0.466,5.178,0.0331,0.4329,0.004,0.0256,0.041,1.117
2025-08-19 22:00:00,0.083,1.1531,0.0105,0.0726,0.002,0.0077,0.0272,0.563
2025-08-19 23:00:00,0.0028,0.2835,0.0002,0.0026,0.0005,0.002,0.0215,0.118
2025-08-20 00:00:00,0.4583,13.4792,0.0164,0.4419,0.002,0.0123,0.0255,0.802
2025-08-20 01:00:00,0.1092,6.0654,0.0073,0.1019,0.008,0.0027,0.0406,0.349
2025-08-20 02:00:00,0.264623,3.78031,0.010173,0.25445,0.012613,0.009865,0.048211,0.561
2025-08-20 03:00:00,0.023518,0.317799,0.001137,0.022381,0.005597,0.001369,0.039924,0.127
2025-08-20 04:00:00,0.047017,0.78362,0.02392,0.023097,0.106012,0.027815,0.133422,3.558
2025-08-20 05:00:00,0.002857,0.043281,0.000507,0.00235,0.001689,0.000237,0.031722,0.037
2025-08-20 06:00:00,0.002569,0.036687,0.000207,0.002362,0.002748,0.000313,0.034402,0.055
2025-08-20 07:00:00,0.156387,1.44802,0.011619,0.144768,0.013324,0.006278,0.054866,0.491
2025-08-20 08:00:00,0.144135,1.60151,0.013956,0.130179,0.012671,0.008755,0.060471,0.48
2025-08-20 09:00:00,0.06509,0.904013,0.011147,0.053943,0.016588,0.004782,0.061546,0.554
2025-08-20 10:00:00,0.0535,0.636892,0.006642,0.046858,0.01289,0.003816,0.058717,0.771
2025-08-20 11:00:00,0.207553,1.33046,0.01575,0.191803,0.033095,0.018305,0.107014,1.22
2025-08-20 12:00:00,0.614908,3.45455,0.132562,0.482346,0.069431,0.04434,0.158648,3.035
2025-08-20 13:00:00,0.241799,2.37058,0.026645,0.215154,0.023326,0.006979,0.072351,1.289
2025-08-20 14:00:00,0.1442,1.01548,0.026092,0.118108,0.028417,0.008702,0.082699,1.169
2025-08-20 15:00:00,0.274352,2.91863,0.191561,0.082791,0.028619,0.012401,0.083446,1.254
2025-08-20 16:00:00,0.163081,2.09077,0.022542,0.140539,0.031705,0.012287,0.100738,1.266
2025-08-20 17:00:00,0.513451,5.34845,0.043696,0.469755,0.036511,0.027456,0.151985,1.46
2025-08-20 18:00:00,0.301842,1.86322,0.026981,0.274861,0.030549,0.013929,0.091207,1.106
2025-08-20 19:00:00,0.15246,1.46596,0.017032,0.135428,0.040626,0.024658,0.119858,0.803
2025-08-20 20:00:00,0.183797,2.24142,0.020101,0.163696,0.05013,0.052791,0.156627,0.727
2025-08-20 21:00:00,0.177351,1.43025,0.011611,0.16574,0.048721,0.040315,0.137339,0.704
2025-08-20 22:00:00,0.154787,1.31174,0.010852,0.143935,0.02106,0.01057,0.069971,0.773
2025-08-20 23:00:00,0.153053,2.18646,0.082006,0.071047,0.070151,0.035253,0.103515,1.213
2025-08-21 00:00:00,0.319528,3.99411,0.022945,0.296583,0.049596,0.015427,0.08954,1.428
2025-08-21 01:00:00,0.050766,0.906566,0.003819,0.046947,0.017495,0.007882,0.055172,0.434
2025-08-21 02:00:00,0.095956,1.59925,0.006789,0.089167,0.006967,0.00466,0.040193,0.227
2025-08-21 03:00:00,0.002571,0.08032,0.000152,0.002419,0.003842,0.002382,0.034503,0.042
2025-08-21 04:00:00,0.145973,3.47555,0.006005,0.139968,0.00639,0.005656,0.040049,0.428
2025-08-21 05:00:00,0.000832,0.01732,0.000317,0.000515,0.002036,0.000153,0.032326,0.061
2025-08-21 06:00:00,0.056071,2.15658,0.009566,0.046505,0.002645,0.002124,0.043474,0.339
2025-08-21 07:00:00,0.055787,0.820413,0.006773,0.049014,0.00742,0.003392,0.047195,0.261
2025-08-21 08:00:00,0.050057,0.500579,0.010936,0.039121,0.014469,0.00321,0.062807,0.497
2025-08-21 09:00:00,0.197488,1.41064,0.059153,0.138335,0.024676,0.015834,0.094705,1.029
2025-08-21 10:00:00,1.28917,7.58333,0.061592,1.22758,0.056793,0.0424,0.169596,3.135
2025-08-21 11:00:00,0.094236,1.47243,0.011375,0.082861,0.02458,0.007794,0.083213,0.639
2025-08-21 12:00:00,0.178335,1.74837,0.040216,0.138119,0.027459,0.009737,0.075766,1.045
2025-08-21 13:00:00,0.134923,1.77529,0.028885,0.106038,0.022437,0.012246,0.081731,0.835
2025-08-21 14:00:00,0.134712,1.98104,0.015403,0.119309,0.012647,0.00683,0.059394,0.409
2025-08-21 15:00:00,0.29567,8.21302,0.052528,0.243142,0.044071,0.012903,0.104194,1.764
2025-08-21 16:00:00,0.118414,2.11452,0.011658,0.106756,0.013346,0.004869,0.064144,0.591
2025-08-21 17:00:00,0.358572,4.07469,0.018912,0.33966,0.02819,0.018725,0.084149,1.005
2025-08-21 18:00:00,0.393279,2.18489,0.033488,0.359791,0.050605,0.035268,0.159729,1.789
2025-08-21 19:00:00,0.62448,6.00463,0.137969,0.486511,0.058946,0.050005,0.132417,2.066
2025-08-21 20:00:00,0.260276,2.0334,0.019431,0.240845,0.031447,0.016948,0.088203,0.704
2025-08-21 21:00:00,0.116967,0.556977,0.01438,0.102587,0.02234,0.011003,0.082205,0.745
2025-08-21 22:00:00,0.492958,2.62212,0.047321,0.445637,0.054076,0.038928,0.16327,2.947
2025-08-21 23:00:00,0.175303,2.43477,0.039028,0.136275,0.044275,0.015013,0.086055,1.273
2025-08-22 00:00:00,0.190698,3.53145,0.014126,0.176572,0.041773,0.023848,0.112975,1.227
2025-08-22 01:00:00,0.192004,4.80013,0.006756,0.185248,0.010287,0.004864,0.045494,0.176
2025-08-22 02:00:00,0.026668,0.579768,0.001957,0.024711,0.004429,0.007846,0.047337,0.157
2025-08-22 03:00:00,0.000596,0.016554,0.000178,0.000418,0.002177,0.00021,0.031049,0.034
2025-08-22 04:00:00,0.055354,2.76776,0.009327,0.046027,0.006632,0.00243,0.038154,0.221
2025-08-22 05:00:00,0.025155,0.698774,0.023723,0.001432,0.005674,0.000906,0.037031,0.115
2025-08-22 06:00:00,0.000478,0.014016,0.000118,0.00036,0.004609,0.000717,0.037396,0.029
2025-08-22 07:00:00,0.141426,1.47317,0.018196,0.12323,0.0348,0.010114,0.075772,0.457
2025-08-22 08:00:00,0.036726,0.346469,0.005371,0.031355,0.008722,0.002705,0.053159,0.288
2025-08-22 09:00:00,0.067173,0.533121,0.012812,0.054361,0.018066,0.00464,0.065316,0.731
2025-08-22 10:00:00,0.34333,3.57633,0.027322,0.316008,0.042207,0.052616,0.135516,1.142
2025-08-22 11:00:00,0.07303,0.663909,0.047352,0.025678,0.023601,0.008,0.070738,0.534
2025-08-22 12:00:00,0.145296,2.018,0.028782,0.116514,0.023347,0.014291,0.08286,0.958
2025-08-22 13:00:00,0.228291,3.17069,0.047522,0.180769,0.037368,0.011452,0.115213,1.859
2025-08-22 14:00:00,0.053197,0.782308,0.011598,0.041599,0.020906,0.004368,0.081294,0.624
2025-08-22 15:00:00,0.098842,0.823683,0.040681,0.058161,0.033207,0.008098,0.098966,1.361
2025-08-22 16:00:00,0.140053,1.48991,0.028584,0.111469,0.036036,0.011846,0.092068,1.086
2025-08-22 17:00:00,0.159815,1.28883,0.013559,0.146256,0.036124,0.008863,0.0941,1.149
2025-08-22 18:00:00,0.2101,1.1544,0.058882,0.151218,0.041819,0.025215,0.118674,1.451
2025-08-22 19:00:00,0.096282,0.697696,0.013219,0.083063,0.023965,0.010124,0.077951,0.658
2025-08-22 20:00:00,0.30523,3.17947,0.045073,0.260157,0.045848,0.041661,0.13794,1.109
2025-08-22 21:00:00,0.064648,0.489759,0.01709,0.047558,0.01642,0.009796,0.065244,0.392
2025-08-22 22:00:00,0.339962,2.46349,0.031791,0.308171,0.027235,0.015123,0.093398,1.306
2025-08-22 23:00:00,0.146659,2.36549,0.013017,0.133642,0.016794,0.017203,0.070283,0.545
2025-08-23 00:00:00,0.194523,3.60227,0.007416,0.187107,0.01368,0.019419,0.058116,0.556
2025-08-23 01:00:00,0.087449,1.56161,0.012006,0.075443,0.015368,0.004808,0.052458,0.427
2025-08-23 02:00:00,0.106199,3.79283,0.002086,0.104113,0.028792,0.067043,0.110067,0.179
2025-08-23 03:00:00,0.196533,3.77949,0.002551,0.193982,0.005852,0.004545,0.040259,0.237
2025-08-23 04:00:00,0.008803,0.200082,0.002161,0.006642,0.005589,0.000478,0.037128,0.107
2025-08-23 05:00:00,0.001065,0.023159,0.000449,0.000616,0.002166,0.000124,0.032308,0.046
2025-08-23 06:00:00,0.023448,1.06576,0.001247,0.022201,0.001982,0.001745,0.033513,0.04
2025-08-23 07:00:00,0.027159,0.468252,0.005668,0.021491,0.006808,0.003717,0.042989,0.194
2025-08-23 08:00:00,0.052275,1.00529,0.003632,0.048643,0.008528,0.003072,0.050564,0.246
2025-08-23 09:00:00,0.050684,0.844729,0.009341,0.041343,0.018466,0.004826,0.06869,1.176
2025-08-23 10:00:00,0.176097,2.09638,0.028493,0.147604,0.021446,0.014109,0.072637,0.874
2025-08-23 11:00:00,0.095538,1.32692,0.00676,0.088778,0.013386,0.008233,0.060522,0.495
2025-08-23 12:00:00,0.378554,2.36596,0.031639,0.346915,0.033411,0.026755,0.094832,1.167
2025-08-23 13:00:00,0.120067,2.30896,0.013636,0.106431,0.014337,0.007689,0.058351,0.61
2025-08-23 14:00:00,0.478347,6.13265,0.019207,0.45914,0.039672,0.017952,0.089848,1.392
2025-08-23 15:00:00,0.213999,3.14704,0.0176,0.196399,0.038656,0.017692,0.093343,1.194
2025-08-23 16:00:00,0.087737,1.15443,0.011263,0.076474,0.016834,0.006557,0.062285,0.661
2025-08-23 17:00:00,0.123723,1.47289,0.013988,0.109735,0.02366,0.026772,0.084887,0.61
2025-08-23 18:00:00,0.138159,1.3816,0.010587,0.127572,0.016947,0.009175,0.064679,0.556
2025-08-23 19:00:00,2.50768,18.1716,0.109875,2.3978,0.038663,0.046537,0.104737,1.254
2025-08-23 20:00:00,0.800413,5.13086,0.035484,0.764929,0.021891,0.030801,0.101042,1.02
2025-08-23 21:00:00,0.116825,1.16825,0.016284,0.100541,0.018681,0.010899,0.066611,0.914
2025-08-23 22:00:00,0.286115,2.07329,0.109398,0.176717,0.03945,0.032023,0.127075,1.343
2025-08-23 23:00:00,0.064718,0.89886,0.009277,0.055441,0.015459,0.006716,0.055236,0.474
2025-08-24 00:00:00,0.36508,4.24512,0.01075,0.35433,0.026484,0.02425,0.088811,0.859
2025-08-24 01:00:00,0.045127,0.902569,0.011286,0.033841,0.014453,0.020153,0.063544,0.345
2025-08-24 02:00:00,0.326724,18.1514,0.005579,0.321145,0.013356,0.009586,0.067257,0.566
2025-08-24 03:00:00,0.021404,0.972945,0.001566,0.019838,0.007689,0.005825,0.043447,0.306
2025-08-24 04:00:00,0.000972,0.048597,2.3e-05,0.000949,0.001135,0.000209,0.029884,0.019
2025-08-24 05:00:00,4.6e-05,0.001778,2.4e-05,2.2e-05,0.006716,0.001088,0.037021,0.268
2025-08-24 06:00:00,0.002712,0.042364,0.000355,0.002357,0.003001,0.000282,0.034829,0.137
2025-08-24 07:00:00,0.111633,1.74428,0.006084,0.105549,0.016589,0.00675,0.051637,0.833
2025-08-24 08:00:00,0.046545,0.969667,0.00289,0.043655,0.007169,0.002541,0.045518,0.378
2025-08-24 09:00:00,0.181508,1.39622,0.011496,0.170012,0.021621,0.010716,0.066479,0.661
2025-08-24 10:00:00,0.168156,1.27391,0.020176,0.14798,0.026056,0.012571,0.082443,0.692
2025-08-24 11:00:00,0.328501,2.8319,0.027978,0.300523,0.032545,0.02569,0.122465,1.353
2025-08-24 12:00:00,0.099539,0.7319,0.01177,0.087769,0.02598,0.009723,0.084241,1.002
2025-08-24 13:00:00,0.034703,0.333681,0.010462,0.024241,0.016631,0.008277,0.069485,0.453
2025-08-24 14:00:00,0.292674,2.39896,0.025663,0.267011,0.023368,0.018521,0.082927,0.63
2025-08-24 15:00:00,0.097892,1.39847,0.012318,0.085574,0.021381,0.013379,0.07895,0.68
2025-08-24 16:00:00,0.352568,4.52011,0.028038,0.32453,0.032401,0.036784,0.113553,1.617
2025-08-24 17:00:00,0.249075,2.59453,0.030103,0.218972,0.037495,0.02805,0.128941,1.457
2025-08-24 18:00:00,0.074785,0.747847,0.009891,0.064894,0.021284,0.005397,0.070801,0.604
2025-08-24 19:00:00,0.322056,5.36759,0.042226,0.27983,0.03253,0.02085,0.092382,1.308
2025-08-24 20:00:00,0.389006,4.32228,0.03267,0.356336,0.037231,0.024697,0.110509,1.667
2025-08-24 21:00:00,0.205092,2.84852,0.013381,0.191711,0.040799,0.034163,0.110105,1.108
2025-08-24 22:00:00,0.803855,8.73754,0.029734,0.774121,0.040485,0.042685,0.125947,1.688
2025-08-24 23:00:00,0.364159,4.55198,0.080917,0.283242,0.051988,0.018269,0.098507,1.533
2025-08-25 00:00:00,0.277253,8.15451,0.021176,0.256077,0.041416,0.011428,0.082446,1.381
2025-08-25 01:00:00,0.074664,6.22189,0.002458,0.072206,0.011077,0.003599,0.041765,0.382
2025-08-25 02:00:00,0.002396,0.39928,0.000216,0.00218,0.003532,0.002356,0.034264,0.115
2025-08-25 03:00:00,0.026635,0.665873,0.002196,0.024439,0.005315,0.001306,0.037197,0.125
2025-08-25 04:00:00,0.04805,1.50154,0.001893,0.046157,0.005882,0.001583,0.036521,0.137
2025-08-25 05:00:00,0.003081,0.128373,0.000709,0.002372,0.003646,0.000382,0.0349,0.071
2025-08-25 06:00:00,0.098041,4.08503,0.004612,0.093429,0.009851,0.003995,0.048605,0.423
2025-08-25 07:00:00,0.193215,2.76021,0.016283,0.176932,0.025184,0.012211,0.067622,0.758
2025-08-25 08:00:00,0.062107,0.796228,0.007473,0.054634,0.020687,0.008327,0.070556,0.42
2025-08-25 09:00:00,0.041648,0.594962,0.009769,0.031879,0.011176,0.003651,0.056343,0.38
2025-08-25 10:00:00,0.229113,2.93736,0.045927,0.183186,0.021367,0.010958,0.07216,0.816
2025-08-25 11:00:00,0.316226,2.4325,0.047982,0.268244,0.03636,0.019491,0.104344,1.864
2025-08-25 12:00:00,0.502383,4.73946,0.074963,0.42742,0.044008,0.023111,0.106506,2.616
2025-08-25 13:00:00,0.141433,2.02048,0.049995,0.091438,0.03601,0.013808,0.087343,1.279
2025-08-25 14:00:00,0.179049,2.13155,0.03736,0.141689,0.024415,0.007228,0.076326,0.749
2025-08-25 15:00:00,0.147395,1.67495,0.013958,0.133437,0.022742,0.006059,0.075266,0.867
2025-08-25 16:00:00,0.101683,1.45262,0.034053,0.06763,0.015003,0.006142,0.060722,0.503
2025-08-25 17:00:00,0.189894,2.3158,0.047791,0.142103,0.037073,0.013119,0.094453,0.952
2025-08-25 18:00:00,0.337486,3.59027,0.074285,0.263201,0.038348,0.023047,0.117837,1.296
2025-08-25 19:00:00,0.210097,1.3131,0.065939,0.144158,0.044004,0.018036,0.130336,1.698
2025-08-25 20:00:00,0.794402,8.82669,0.053563,0.740839,0.030985,0.058996,0.111038,2.112
2025-08-25 21:00:00,0.356129,4.14104,0.043038,0.313091,0.05149,0.033265,0.20652,1.998
2025-08-25 22:00:00,0.465935,11.0937,0.167762,0.298173,0.04226,0.042576,0.135676,1.343
2025-08-25 23:00:00,0.129167,2.22701,0.023532,0.105635,0.035252,0.012665,0.084836,0.986
2025-08-26 00:00:00,0.10612,1.5606,0.02068,0.08544,0.032841,0.005855,0.067824,0.946
2025-08-26 01:00:00,0.004722,0.076163,0.001295,0.003427,0.010509,0.000768,0.042647,0.078
2025-08-26 02:00:00,0.036914,0.485702,0.018989,0.017925,0.01782,0.006512,0.071164,0.254
2025-08-26 03:00:00,0.001194,0.020574,0.000505,0.000689,0.020299,0.048586,0.093537,0.081
2025-08-26 04:00:00,0.083565,0.596888,0.003939,0.079626,0.01414,0.003414,0.046176,0.305
2025-08-26 05:00:00,0.002688,0.031258,0.001415,0.001273,0.005354,0.000259,0.036497,0.117
2025-08-26 06:00:00,0.013445,0.137183,0.00326,0.010185,0.016693,0.000854,0.048619,0.32
2025-08-26 07:00:00,0.044274,0.248733,0.007643,0.036631,0.025509,0.004742,0.069918,0.869
2025-08-26 08:00:00,0.1791,1.04128,0.019519,0.159581,0.03826,0.011118,0.111413,0.814
2025-08-26 09:00:00,0.1883,2.6159,0.0159,0.1724,0.0152,0.0073,0.0707,0.508
2025-08-26 10:00:00,0.6576,9.6709,0.0385,0.6191,0.039,0.0281,0.1675,1.827
2025-08-26 11:00:00,0.300648,2.21065,0.11816,0.182488,0.028955,0.010755,0.085954,2.684
2025-08-26 12:00:00,0.301673,2.55656,0.020689,0.280984,0.027762,0.025522,0.107894,1.15
2025-08-26 13:00:00,0.116147,1.29053,0.045113,0.071034,0.026853,0.0111,0.086504,0.726
2025-08-26 14:00:00,0.146807,1.35932,0.044171,0.102636,0.018122,0.009524,0.068595,0.647
2025-08-26 15:00:00,0.252019,4.20031,0.035437,0.216582,0.023401,0.016323,0.084994,0.985
2025-08-26 16:00:00,0.332904,4.1613,0.021164,0.31174,0.025137,0.01526,0.075749,0.959
2025-08-26 17:00:00,0.067783,0.806943,0.012924,0.054859,0.018723,0.006742,0.069361,0.688
2025-08-26 18:00:00,0.309691,3.60106,0.02731,0.282381,0.028043,0.016698,0.084332,1.599
2025-08-26 19:00:00,0.299703,3.65492,0.027964,0.271739,0.043294,0.02025,0.103447,1.54
2025-08-26 20:00:00,0.102822,1.4281,0.016845,0.085977,0.021728,0.012877,0.0962,1.167
2025-08-26 21:00:00,0.237749,1.91734,0.04366,0.194089,0.027906,0.019491,0.085854,1.189
2025-08-26 22:00:00,1.41442,12.6288,0.019594,1.39483,0.038329,0.039906,0.09762,1.382
2025-08-26 23:00:00,0.338538,5.64229,0.065068,0.27347,0.033193,0.044644,0.119449,1.176
2025-08-27 00:00:00,0.054763,0.944145,0.004001,0.050762,0.011471,0.014875,0.053391,0.312
2025-08-27 01:00:00,0.1097,2.1096,0.004747,0.104953,0.006248,0.006722,0.044474,0.262
2025-08-27 02:00:00,0.000867,0.033326,0.000341,0.000526,0.001884,0.000386,0.032768,0.041
2025-08-27 03:00:00,0.003791,0.172344,0.000212,0.003579,0.001589,0.000252,0.030699,0.035
2025-08-27 04:00:00,0.087282,4.3641,0.001821,0.085461,0.002518,0.001844,0.03195,0.077
2025-08-27 05:00:00,0.019914,0.553158,0.003887,0.016027,0.008295,0.000631,0.036622,0.153
2025-08-27 06:00:00,0.031798,1.44535,0.00388,0.027918,0.00334,0.001468,0.035615,0.119
2025-08-27 07:00:00,0.060737,0.572995,0.005755,0.054982,0.01147,0.009204,0.054273,0.431
2025-08-27 08:00:00,0.093523,1.199,0.007854,0.085669,0.016531,0.007537,0.06644,0.694
2025-08-27 09:00:00,0.011597,0.120812,0.002712,0.008885,0.005616,0.000902,0.04893,0.241
2025-08-27 10:00:00,0.05906,0.952574,0.008109,0.050951,0.00949,0.005383,0.05786,0.509
2025-08-27 11:00:00,0.132893,1.51016,0.010219,0.122674,0.01726,0.009837,0.073728,0.625
2025-08-27 12:00:00,0.135437,1.61234,0.023751,0.111686,0.024018,0.020873,0.082419,0.636
2025-08-27 13:00:00,0.075602,0.787525,0.011846,0.063756,0.013403,0.007942,0.058321,0.588
2025-08-27 14:00:00,0.050642,0.666328,0.009515,0.041127,0.012286,0.002992,0.061015,0.509
2025-08-27 15:00:00,0.178148,1.5627,0.023158,0.15499,0.030398,0.010282,0.082902,0.97
2025-08-27 16:00:00,0.12921,1.57574,0.013942,0.115268,0.034817,0.008941,0.08867,2.471
2025-08-27 17:00:00,0.470439,4.43808,0.091763,0.378676,0.039956,0.023242,0.10774,1.56
2025-08-27 18:00:00,0.911009,5.29657,0.19022,0.720789,0.079569,0.042874,0.190483,2.35
2025-08-27 19:00:00,0.364661,2.84891,0.04655,0.318111,0.044042,0.02213,0.10851,1.406
2025-08-27 20:00:00,0.331483,2.20989,0.043534,0.287949,0.050397,0.029021,0.138957,2.324
2025-08-27 21:00:00,0.358688,3.38384,0.032382,0.326306,0.055701,0.031132,0.136317,1.826
2025-08-27 22:00:00,0.331797,3.38568,0.026975,0.304822,0.041213,0.030367,0.10492,1.345
2025-08-27 23:00:00,1.00134,19.2565,0.049056,0.95228,0.067226,0.041953,0.110436,2.249
2025-08-28 00:00:00,0.002658,0.094897,0.000565,0.002093,0.010175,0.007028,0.048767,0.06
2025-08-28 01:00:00,0.031828,0.612074,0.005872,0.025956,0.007405,0.001947,0.041884,0.191
2025-08-28 02:00:00,0.001301,0.03826,0.000413,0.000888,0.002015,0.000139,0.03173,0.046
2025-08-28 03:00:00,2.4e-05,0.001357,1.2e-05,1.2e-05,0.000833,7.9e-05,0.029774,0.011
2025-08-28 04:00:00,9.3e-05,0.003331,5.3e-05,4e-05,0.001629,0.000194,0.032922,0.017
2025-08-28 05:00:00,0.011696,1.46203,0.002288,0.009408,0.002598,0.000707,0.032805,0.094
2025-08-28 06:00:00,0.007771,0.431709,0.001383,0.006388,0.003315,0.000483,0.035842,0.096
2025-08-28 07:00:00,0.138801,2.10305,0.008065,0.130736,0.010275,0.011047,0.05607,0.4
2025-08-28 08:00:00,0.138563,1.13576,0.018955,0.119608,0.020791,0.007635,0.078539,0.767
2025-08-28 09:00:00,0.357707,3.80539,0.021731,0.335976,0.025108,0.017634,0.083821,1.046
2025-08-28 10:00:00,0.153821,1.53823,0.012493,0.141328,0.024543,0.008258,0.073994,0.933
2025-08-28 11:00:00,0.220268,1.89887,0.030313,0.189955,0.032202,0.013046,0.094261,2.649
2025-08-28 12:00:00,0.167892,1.33248,0.021126,0.146766,0.033805,0.011958,0.09219,0.714
2025-08-28 13:00:00,0.150803,2.09447,0.024219,0.126584,0.033879,0.01104,0.088329,1.488
2025-08-28 14:00:00,0.656757,8.00923,0.032184,0.624573,0.040637,0.042092,0.116188,2.242
2025-08-28 15:00:00,0.298026,4.02738,0.029226,0.2688,0.03097,0.020597,0.089452,1.043
2025-08-28 16:00:00,0.330567,2.84972,0.036779,0.293788,0.033422,0.022346,0.104614,1.282
2025-08-28 17:00:00,0.352732,1.85648,0.023951,0.328781,0.044009,0.033449,0.125672,1.405
2025-08-28 18:00:00,0.380098,3.51942,0.044519,0.335579,0.044291,0.048419,0.149985,1.913
2025-08-28 19:00:00,0.439447,3.72412,0.030424,0.409023,0.047684,0.079742,0.168569,1.783
2025-08-28 20:00:00,0.25334,2.14696,0.030187,0.223153,0.043926,0.024432,0.116534,1.542
2025-08-28 21:00:00,0.276969,1.97835,0.054164,0.222805,0.052461,0.025727,0.157862,1.402
2025-08-28 22:00:00,0.040608,0.312376,0.004597,0.036011,0.018249,0.008818,0.068058,0.948
2025-08-28 23:00:00,0.361636,9.04088,0.010752,0.350884,0.030322,0.012445,0.082537,0.784
2025-08-29 00:00:00,0.412387,6.6514,0.009201,0.403186,0.036762,0.020191,0.12909,0.526
2025-08-29 01:00:00,1.97439,82.2665,0.01318,1.96121,0.01834,0.039785,0.081593,0.79
2025-08-29 02:00:00,0.031242,1.30177,0.002971,0.028271,0.008097,0.001436,0.040911,0.288
2025-08-29 03:00:00,0.01313,0.312625,0.00138,0.01175,0.004626,0.001691,0.035473,0.165
2025-08-29 04:00:00,1.33611,27.8356,0.014149,1.32196,0.017951,0.045216,0.083418,1.014
2025-08-29 05:00:00,1.50358,28.9151,0.010602,1.49298,0.017446,0.025991,0.062163,0.569
2025-08-29 06:00:00,0.018567,0.386807,0.00383,0.014737,0.007476,0.00817,0.044572,0.157
2025-08-29 07:00:00,0.199112,1.6874,0.027184,0.171928,0.029569,0.010959,0.091706,1.132
2025-08-29 08:00:00,0.082836,0.575256,0.014059,0.068777,0.025788,0.005659,0.076531,0.478
2025-08-29 09:00:00,0.096299,1.11976,0.011744,0.084555,0.016251,0.005629,0.066188,0.427
2025-08-29 10:00:00,0.047499,0.527771,0.007008,0.040491,0.016137,0.006013,0.062651,0.511
2025-08-29 11:00:00,0.164952,1.64951,0.018243,0.146709,0.020781,0.012241,0.076626,0.958
2025-08-29 12:00:00,0.111413,0.884236,0.018369,0.093044,0.026888,0.00911,0.095975,1.287
2025-08-29 13:00:00,0.610151,14.5274,0.016605,0.593546,0.022697,0.066179,0.075718,0.236
2025-08-29 14:00:00,0.0532,0.7823,0.0116,0.0416,0.0209,0.0044,0.0813,0.624
2025-08-29 15:00:00,0.0988,0.8237,0.0407,0.0582,0.0332,0.0081,0.099,1.361
2025-08-29 16:00:00,0.1401,1.4899,0.0286,0.1115,0.036,0.0118,0.0921,1.086
2025-08-29 17:00:00,0.1598,1.2888,0.0136,0.1463,0.0361,0.0089,0.0941,1.149
2025-08-29 18:00:00,0.243058,1.91907,0.025615,0.217492,0.041157,0.015379,0.111147,1.328
2025-08-29 19:00:00,0.326316,2.54934,0.037631,0.288685,0.046214,0.021858,0.128193,1.507
2025-08-29 20:00:00,1.02263,7.98927,0.282768,0.739859,0.076096,0.069937,0.208514,2.979
2025-08-29 21:00:00,0.287251,3.19169,0.026003,0.261248,0.024895,0.017286,0.078964,1.088
2025-08-29 22:00:00,0.173282,1.2203,0.016839,0.156443,0.021936,0.014877,0.082309,0.939
2025-08-29 23:00:00,0.222505,3.58878,0.012031,0.210474,0.017928,0.014754,0.065257,0.8
2025-08-30 00:00:00,0.197222,2.52847,0.010239,0.186983,0.017594,0.009048,0.064832,0.653
2025-08-30 01:00:00,1.02355,7.75413,0.020112,1.00344,0.022803,0.021227,0.07502,1.136
2025-08-30 02:00:00,0.103671,4.7123,0.004848,0.098823,0.007457,0.003533,0.045238,0.12
2025-08-30 03:00:00,0.023543,1.47146,0.002672,0.020871,0.003195,0.00132,0.034662,0.115
2025-08-30 04:00:00,0.123466,5.61211,0.003138,0.120328,0.007606,0.004081,0.040068,0.324
2025-08-30 05:00:00,0.579373,22.2836,0.014507,0.564866,0.016599,0.010123,0.058499,0.505
2025-08-30 06:00:00,0.000752,0.18807,0.000174,0.000578,0.010417,0.000551,0.047107,0.201
2025-08-30 07:00:00,0.0272,0.4683,0.0057,0.0215,0.0068,0.0037,0.043,0.194
2025-08-30 08:00:00,0.0523,1.0053,0.0036,0.0486,0.0085,0.0031,0.0506,0.246
2025-08-30 09:00:00,0.0507,0.8447,0.0093,0.0413,0.0185,0.0048,0.0687,1.176
2025-08-30 10:00:00,0.1761,2.0964,0.0285,0.1476,0.0214,0.0141,0.0726,0.874
2025-08-30 11:00:00,0.0955,1.3269,0.0068,0.0888,0.0134,0.0082,0.0605,0.495
2025-08-30 12:00:00,0.3786,2.366,0.0316,0.3469,0.0334,0.0268,0.0948,1.167
2025-08-30 13:00:00,0.1201,2.309,0.0136,0.1064,0.0143,0.0077,0.0584,0.61
2025-08-30 14:00:00,0.4783,6.1326,0.0192,0.4591,0.0397,0.018,0.0898,1.392
2025-08-30 15:00:00,0.214,3.147,0.0176,0.1964,0.0387,0.0177,0.0933,1.194
2025-08-30 16:00:00,0.0877,1.1544,0.0113,0.0765,0.0168,0.0066,0.0623,0.661
2025-08-30 17:00:00,0.1237,1.4729,0.014,0.1097,0.0237,0.0268,0.0849,0.61
2025-08-30 18:00:00,0.1382,1.3816,0.0106,0.1276,0.0169,0.0092,0.0647,0.556
2025-08-30 19:00:00,2.5077,18.1716,0.1099,2.3978,0.0387,0.0465,0.1047,1.254
2025-08-30 20:00:00,0.8004,5.1309,0.0355,0.7649,0.0219,0.0308,0.101,1.02
2025-08-30 21:00:00,0.1168,1.1683,0.0163,0.1005,0.0187,0.0109,0.0666,0.914
2025-08-30 22:00:00,0.2861,2.0733,0.1094,0.1767,0.0395,0.032,0.1271,1.343
2025-08-30 23:00:00,0.0647,0.8989,0.0093,0.0554,0.0155,0.0067,0.0552,0.474
2025-08-31 00:00:00,0.3651,4.2451,0.0107,0.3543,0.0265,0.0242,0.0888,0.859
2025-08-31 01:00:00,0.0451,0.9026,0.0113,0.0338,0.0145,0.0202,0.0635,0.345
2025-08-31 02:00:00,0.3267,18.1514,0.0056,0.3211,0.0134,0.0096,0.0673,0.566
2025-08-31 03:00:00,0.0214,0.9729,0.0016,0.0198,0.0077,0.0058,0.0434,0.306
2025-08-31 04:00:00,0.001,0.0486,0,0.0009,0.0011,0.0002,0.0299,0.019
2025-08-31 05:00:00,0,0.0018,0,0,0.0067,0.0011,0.037,0.268
2025-08-31 06:00:00,0.0027,0.0424,0.0004,0.0024,0.003,0.0003,0.0348,0.137
2025-08-31 07:00:00,0.1116,1.7443,0.0061,0.1055,0.0166,0.0068,0.0516,0.833
2025-08-31 08:00:00,0.0465,0.9697,0.0029,0.0437,0.0072,0.0025,0.0455,0.378
2025-08-31 09:00:00,0.1815,1.3962,0.0115,0.17,0.0216,0.0107,0.0665,0.661
2025-08-31 10:00:00,0.1682,1.2739,0.0202,0.148,0.0261,0.0126,0.0824,0.692
2025-08-31 11:00:00,0.3285,2.8319,0.028,0.3005,0.0325,0.0257,0.1225,1.353
2025-08-31 12:00:00,0.0995,0.7319,0.0118,0.0878,0.026,0.0097,0.0842,1.002
2025-08-31 13:00:00,0.0347,0.3337,0.0105,0.0242,0.0166,0.0083,0.0695,0.453
2025-08-31 14:00:00,0.2927,2.399,0.0257,0.267,0.0234,0.0185,0.0829,0.63
2025-08-31 15:00:00,0.0979,1.3985,0.0123,0.0856,0.0214,0.0134,0.0789,0.68
2025-08-31 16:00:00,0.3526,4.5201,0.028,0.3245,0.0324,0.0368,0.1136,1.617
2025-08-31 17:00:00,0.2491,2.5945,0.0301,0.219,0.0375,0.028,0.1289,1.457
2025-08-31 18:00:00,0.0748,0.7478,0.0099,0.0649,0.0213,0.0054,0.0708,0.604
2025-08-31 19:00:00,0.3221,5.3676,0.0422,0.2798,0.0325,0.0208,0.0924,1.308
2025-08-31 20:00:00,0.389,4.3223,0.0327,0.3563,0.0372,0.0247,0.1105,1.667
2025-08-31 21:00:00,0.2051,2.8485,0.0134,0.1917,0.0408,0.0342,0.1101,1.108
2025-08-31 22:00:00,0.8039,8.7375,0.0297,0.7741,0.0405,0.0427,0.1259,1.688
2025-08-31 23:00:00,0.3642,4.552,0.0809,0.2832,0.052,0.0183,0.0985,1.533
2025-09-01 00:00:00,0.2773,8.1545,0.0212,0.2561,0.0414,0.0114,0.0824,1.381
2025-09-01 01:00:00,0.0747,6.2219,0.0025,0.0722,0.0111,0.0036,0.0418,0.382
2025-09-01 02:00:00,0.0024,0.3993,0.0002,0.0022,0.0035,0.0024,0.0343,0.115
2025-09-01 03:00:00,0.0266,0.6659,0.0022,0.0244,0.0053,0.0013,0.0372,0.125
2025-09-01 04:00:00,0.048,1.5015,0.0019,0.0462,0.0059,0.0016,0.0365,0.137
2025-09-01 05:00:00,0.0031,0.1284,0.0007,0.0024,0.0036,0.0004,0.0349,0.071
2025-09-01 06:00:00,0.098,4.085,0.0046,0.0934,0.0099,0.004,0.0486,0.423
2025-09-01 07:00:00,0.1932,2.7602,0.0163,0.1769,0.0252,0.0122,0.0676,0.758
2025-09-01 08:00:00,0.0621,0.7962,0.0075,0.0546,0.0207,0.0083,0.0706,0.42
2025-09-01 09:00:00,0.0416,0.595,0.0098,0.0319,0.0112,0.0037,0.0563,0.38
2025-09-01 10:00:00,0.2291,2.9374,0.0459,0.1832,0.0214,0.011,0.0722,0.816
2025-09-01 11:00:00,0.24466,3.13682,0.034859,0.209801,0.019398,0.010456,0.070824,0.804667
2025-09-01 12:00:00,0.26022,3.33624,0.023817,0.236403,0.017396,0.009912,0.069448,0.793333
2025-09-01 13:00:00,0.27578,3.53566,0.012776,0.263004,0.015394,0.009367,0.068073,0.782
2025-09-01 14:00:00,0.222196,3.00763,0.013484,0.208713,0.016404,0.008272,0.068204,0.706
2025-09-01 15:00:00,0.168613,2.4796,0.014192,0.154421,0.017414,0.007177,0.068335,0.63
2025-09-01 16:00:00,0.094248,0.724988,0.00931,0.084938,0.021902,0.007987,0.07517,0.622
2025-09-01 17:00:00,0.284533,2.00375,0.025976,0.258557,0.029127,0.018767,0.09681,1.102
2025-09-01 18:00:00,0.246375,1.24431,0.056621,0.189754,0.036471,0.016206,0.12045,1.82
2025-09-01 19:00:00,0.325092,2.11099,0.021821,0.303271,0.025653,0.014439,0.080342,1.028
2025-09-01 20:00:00,0.330127,3.17429,0.032032,0.298095,0.0404,0.015635,0.109976,1.325
2025-09-01 21:00:00,0.164313,1.34684,0.016027,0.148286,0.036458,0.02803,0.115815,1.14
2025-09-01 22:00:00,0.240034,2.40035,0.017793,0.222241,0.03807,0.020542,0.123209,1.036
2025-09-01 23:00:00,0.065434,1.25832,0.011266,0.054168,0.02557,0.019331,0.097319,0.524
2025-09-02 00:00:00,0.235548,4.36198,0.015989,0.219559,0.021161,0.008526,0.062418,1.068
2025-09-02 01:00:00,0.150365,1.97848,0.007143,0.143222,0.011972,0.004587,0.046169,0.364
2025-09-02 02:00:00,0.21314,3.13442,0.005584,0.207556,0.007959,0.004316,0.04404,0.361
2025-09-02 03:00:00,0.006104,0.138742,0.000633,0.005471,0.010425,0.001371,0.043276,0.107
2025-09-02 04:00:00,0.024974,0.693729,0.000907,0.024067,0.007555,0.00122,0.039103,0.117
2025-09-02 05:00:00,1.01015,19.426,0.020865,0.989287,0.015635,0.0154,0.057939,1.167
2025-09-02 06:00:00,0.286068,7.15171,0.013667,0.272401,0.016635,0.010546,0.056996,0.698
2025-09-02 07:00:00,0.199182,2.6208,0.013036,0.186146,0.01697,0.011077,0.061934,0.653
2025-09-02 08:00:00,0.256807,2.42271,0.018193,0.238614,0.019584,0.011768,0.074193,1.33
2025-09-02 09:00:00,0.112353,1.05993,0.010992,0.101361,0.017793,0.009793,0.073082,0.543
2025-09-02 10:00:00,0.131562,2.26832,0.011029,0.120533,0.011069,0.005037,0.057441,0.575
2025-09-02 11:00:00,0.201375,3.24797,0.017345,0.18403,0.020771,0.009425,0.070135,0.866
2025-09-02 12:00:00,0.183327,2.696,0.031837,0.15149,0.032468,0.011948,0.081019,0.711
2025-09-02 13:00:00,0.156937,2.30789,0.021971,0.134966,0.018378,0.012887,0.078989,0.793
2025-09-02 14:00:00,0.087552,1.01804,0.032893,0.054659,0.028369,0.006422,0.073891,0.625
2025-09-02 15:00:00,0.155253,2.50409,0.022279,0.132974,0.029587,0.009957,0.085784,1.109
2025-09-02 16:00:00,0.233843,2.48769,0.016894,0.216949,0.021393,0.009496,0.077299,0.76
2025-09-02 17:00:00,0.307745,3.41939,0.03138,0.276365,0.025471,0.016741,0.104074,0.927
2025-09-02 18:00:00,0.123214,1.28348,0.021724,0.10149,0.034738,0.015946,0.096484,0.879
2025-09-02 19:00:00,0.115463,1.17819,0.016077,0.099386,0.022464,0.022458,0.07842,0.726
2025-09-02 20:00:00,0.25127,3.3062,0.022347,0.228923,0.032644,0.016055,0.140982,1.25
2025-09-02 21:00:00,0.172686,3.75405,0.010311,0.162375,0.019327,0.010527,0.072183,0.681
2025-09-02 22:00:00,0.41096,3.4827,0.047837,0.363123,0.039383,0.014594,0.090331,1.555
2025-09-02 23:00:00,0.033518,0.620696,0.004623,0.028895,0.015641,0.016193,0.062098,0.234
2025-09-03 00:00:00,0.04781,0.74705,0.012575,0.035235,0.020113,0.012426,0.066441,0.522
2025-09-03 01:00:00,0.332283,5.0346,0.0111,0.321183,0.022908,0.008738,0.058922,0.453
2025-09-03 02:00:00,0.006357,0.176529,0.001301,0.005056,0.01987,0.032404,0.103234,0.095
2025-09-03 03:00:00,0.03459,0.91026,0.003133,0.031457,0.034263,0.003103,0.080338,0.22
2025-09-03 04:00:00,0.008384,0.131001,0.001823,0.006561,0.029922,0.001654,0.064607,0.222
2025-09-03 05:00:00,0.013087,0.152163,0.00071,0.012377,0.007568,0.001504,0.039785,0.204
2025-09-03 06:00:00,0.078864,0.744006,0.004173,0.074691,0.007279,0.003644,0.041769,0.256
2025-09-03 07:00:00,0.171639,1.19193,0.016896,0.154743,0.021206,0.009523,0.070608,0.633
2025-09-03 08:00:00,0.419996,4.1176,0.045496,0.3745,0.040457,0.033346,0.131911,1.889
2025-09-03 09:00:00,0.0116,0.1208,0.0027,0.0089,0.0056,0.0009,0.0489,0.241
2025-09-03 10:00:00,0.076021,1.58377,0.007064,0.068957,0.018141,0.011266,0.07088,0.253
2025-09-03 11:00:00,0.005945,0.297228,0.001939,0.004006,0.027284,0.010645,0.086127,0.739
2025-09-03 12:00:00,0.1354,1.6123,0.0238,0.1117,0.024,0.0209,0.0824,0.636
2025-09-03 13:00:00,0.146086,1.30434,0.025639,0.120447,0.063109,0.018522,0.124433,2.132
2025-09-03 14:00:00,0.0506,0.6663,0.0095,0.0411,0.0123,0.003,0.061,0.509
2025-09-03 15:00:00,0.1781,1.5627,0.0232,0.155,0.0304,0.0103,0.0829,0.97
2025-09-03 16:00:00,0.1292,1.5757,0.0139,0.1153,0.0348,0.0089,0.0887,2.471
2025-09-03 17:00:00,0.4704,4.4381,0.0918,0.3787,0.04,0.0232,0.1077,1.56
2025-09-03 18:00:00,0.911,5.2966,0.1902,0.7208,0.0796,0.0429,0.1905,2.35
2025-09-03 19:00:00,0.3647,2.8489,0.0466,0.3181,0.044,0.0221,0.1085,1.406
2025-09-03 20:00:00,0.3315,2.2099,0.0435,0.2879,0.0504,0.029,0.139,2.324
2025-09-03 21:00:00,0.3587,3.3838,0.0324,0.3263,0.0557,0.0311,0.1363,1.826
2025-09-03 22:00:00,0.3318,3.3857,0.027,0.3048,0.0412,0.0304,0.1049,1.345
2025-09-03 23:00:00,1.0013,19.2565,0.0491,0.9523,0.0672,0.042,0.1104,2.249
2025-09-04 00:00:00,0.0027,0.0949,0.0006,0.0021,0.0102,0.007,0.0488,0.06
2025-09-04 01:00:00,0.0318,0.6121,0.0059,0.026,0.0074,0.0019,0.0419,0.191
2025-09-04 02:00:00,0.091873,1.58402,0.00038,0.091493,0.002632,0.001521,0.032939,0.07
2025-09-04 03:00:00,0.000953,0.025082,0.00049,0.000463,0.001491,0.000184,0.030554,0.04
2025-09-04 04:00:00,0.000329,0.005476,0.000108,0.000221,0.001616,5.2e-05,0.030133,0.023
2025-09-04 05:00:00,0.001905,0.028873,0.001632,0.000273,0.001825,0.000122,0.037174,0.12
2025-09-04 06:00:00,0.258417,4.61459,0.016851,0.241566,0.014823,0.007497,0.052668,0.592
2025-09-04 07:00:00,0.105211,1.09594,0.009523,0.095688,0.011716,0.005895,0.056692,0.633
2025-09-04 08:00:00,0.150927,1.57216,0.020328,0.130599,0.026549,0.009771,0.080008,1.232
2025-09-04 09:00:00,0.246292,2.36818,0.140866,0.105426,0.030423,0.004814,0.070542,0.997
2025-09-04 10:00:00,0.150697,1.60316,0.041546,0.109151,0.027291,0.009059,0.089835,1.203
2025-09-04 11:00:00,0.082904,1.21919,0.014115,0.068789,0.012338,0.011145,0.062274,0.51
2025-09-04 12:00:00,0.266521,3.17286,0.019637,0.246884,0.025674,0.020705,0.080112,1.042
2025-09-04 13:00:00,0.048807,0.659547,0.010347,0.03846,0.020115,0.00441,0.065908,0.716
2025-09-04 14:00:00,0.195755,2.12778,0.052598,0.143157,0.019809,0.013225,0.069618,0.817
2025-09-04 15:00:00,0.097885,2.03929,0.021756,0.076129,0.016872,0.00473,0.065202,0.407
2025-09-04 16:00:00,0.225292,1.94789,0.022878,0.202464,0.030436,0.019065,0.095451,0.906
2025-09-04 17:00:00,0.3527,1.8565,0.024,0.3288,0.044,0.0334,0.1257,1.405
2025-09-04 18:00:00,0.313961,2.37849,0.045041,0.26892,0.045678,0.031006,0.130944,1.782
2025-09-04 19:00:00,0.151461,1.68291,0.034886,0.116575,0.02349,0.010485,0.078906,0.744
2025-09-04 20:00:00,0.289693,3.14884,0.078507,0.211186,0.029542,0.01444,0.076263,1.148
2025-09-04 21:00:00,0.277,1.9783,0.0542,0.2228,0.0525,0.0257,0.1579,1.402
2025-09-04 22:00:00,0.0406,0.3124,0.0046,0.036,0.0182,0.0088,0.0681,0.948
2025-09-04 23:00:00,0.3616,9.0409,0.0108,0.3509,0.0303,0.0124,0.0825,0.784
2025-09-05 00:00:00,0.4124,6.6514,0.0092,0.4032,0.0368,0.0202,0.1291,0.526
2025-09-05 01:00:00,1.9744,82.2665,0.0132,1.9612,0.0183,0.0398,0.0816,0.79
2025-09-05 02:00:00,0.033724,2.40889,0.012867,0.020857,0.023456,0.002058,0.052447,0.601
2025-09-05 03:00:00,0.053546,0.637464,0.00811,0.045436,0.004681,0.001711,0.035976,0.176
2025-09-05 04:00:00,0.002898,0.025876,0.002279,0.000619,0.002829,0.001409,0.033377,0.097
2025-09-05 05:00:00,0.005694,0.073012,0.000234,0.00546,0.002562,0.000345,0.032873,0.055
2025-09-05 06:00:00,0.003668,0.083378,0.001065,0.002603,0.002097,0.000867,0.035205,0.047
2025-09-05 07:00:00,0.107417,0.880475,0.007482,0.099935,0.022316,0.007788,0.066544,0.374
2025-09-05 08:00:00,0.227714,1.75164,0.026885,0.200829,0.044435,0.018799,0.129713,0.766
2025-09-05 09:00:00,0.275899,2.50817,0.017967,0.257932,0.062164,0.023883,0.311472,1.052
2025-09-05 10:00:00,0.248,2.5306,0.014356,0.233644,0.041976,0.025951,0.132143,1.079
2025-09-05 11:00:00,0.05865,0.598464,0.003348,0.055302,0.011974,0.004525,0.066541,0.301
2025-09-05 12:00:00,0.271627,3.23366,0.029112,0.242515,0.030676,0.015286,0.081224,1.302
2025-09-05 13:00:00,0.223405,2.59773,0.018664,0.204741,0.031203,0.015824,0.088529,1.504
2025-09-05 14:00:00,0.051411,1.83604,0.020062,0.031349,0.019383,0.006372,0.068152,0.737
2025-09-05 15:00:00,0.103545,1.23267,0.021015,0.08253,0.012497,0.006735,0.060421,0.558
2025-09-05 16:00:00,0.214915,2.2387,0.046777,0.168138,0.019668,0.008942,0.073332,0.772
2025-09-05 17:00:00,0.099495,1.30916,0.01386,0.085635,0.029936,0.017361,0.088548,1.649
2025-09-05 18:00:00,0.582423,5.94308,0.258027,0.324396,0.062752,0.021567,0.121907,2.553
2025-09-05 19:00:00,0.807485,8.77702,0.212731,0.594754,0.07257,0.049823,0.191575,2.294
2025-09-05 20:00:00,1.41856,12.6657,0.104554,1.31401,0.027829,0.03451,0.075497,1.177
2025-09-05 21:00:00,0.242069,2.88176,0.032948,0.209121,0.035121,0.016438,0.099398,1.73
2025-09-05 22:00:00,0.077344,1.07423,0.011073,0.066271,0.017347,0.013301,0.076252,0.678
2025-09-05 23:00:00,0.072358,1.00498,0.019487,0.052871,0.011703,0.005873,0.049579,0.362
2025-09-06 00:00:00,0.1972,2.5285,0.0102,0.187,0.0176,0.009,0.0648,0.653
2025-09-06 01:00:00,1.0235,7.7541,0.0201,1.0034,0.0228,0.0212,0.075,1.136
2025-09-06 02:00:00,0.003781,0.051101,0.002441,0.00134,0.037912,0.036424,0.09279,0.181
2025-09-06 03:00:00,0.028499,0.419095,0.001251,0.027248,0.028498,0.028493,0.088449,0.126
2025-09-06 04:00:00,8.1e-05,0.001767,4.4e-05,3.7e-05,0.001337,5e-05,0.030076,0.026
2025-09-06 05:00:00,0.002413,0.04471,0.000739,0.001674,0.003589,0.000322,0.034659,0.092
2025-09-06 06:00:00,0.000599,0.01301,0.000244,0.000355,0.053347,0.011963,0.094799,0.051
2025-09-06 07:00:00,0.201589,2.01588,0.014182,0.187407,0.052308,0.014304,0.096604,0.343
2025-09-06 08:00:00,0.046459,0.464578,0.005663,0.040796,0.01165,0.004589,0.059148,0.408
2025-09-06 09:00:00,0.397147,3.48374,0.033708,0.363439,0.024468,0.01537,0.077755,1.156
2025-09-06 10:00:00,0.339493,2.57193,0.068752,0.270741,0.040767,0.014432,0.132025,1.658
2025-09-06 11:00:00,0.401387,3.08759,0.019251,0.382136,0.030332,0.024675,0.09759,1.184
2025-09-06 12:00:00,0.555246,4.02352,0.072827,0.482419,0.053867,0.030487,0.118621,2.118
2025-09-06 13:00:00,0.055532,0.455187,0.007896,0.047636,0.017015,0.007471,0.063268,0.417
2025-09-06 14:00:00,0.810038,5.06274,0.081171,0.728867,0.099874,0.081595,0.254407,4.385
2025-09-06 15:00:00,0.175903,3.38275,0.012379,0.163524,0.018785,0.011153,0.072706,0.94
2025-09-06 16:00:00,0.136212,2.00312,0.02432,0.111892,0.019482,0.013805,0.075159,1.326
2025-09-06 17:00:00,0.096932,1.07702,0.02256,0.074372,0.016354,0.006231,0.062596,0.586
2025-09-06 18:00:00,0.606849,6.19233,0.175226,0.431623,0.088713,0.059474,0.227448,4.027
2025-09-06 19:00:00,0.228145,3.25921,0.027042,0.201103,0.053613,0.022103,0.133779,1.6
2025-09-06 20:00:00,0.200619,2.86597,0.014894,0.185725,0.050473,0.030399,0.184292,0.93
2025-09-06 21:00:00,0.522358,5.557,0.212574,0.309784,0.046308,0.026868,0.091975,2.027
2025-09-06 22:00:00,0.103602,1.23335,0.015827,0.087775,0.01556,0.010721,0.060156,0.521
2025-09-06 23:00:00,0.070012,1.66695,0.024269,0.045743,0.03555,0.013964,0.100579,0.93
2025-09-07 00:00:00,0.398026,9.04605,0.017556,0.38047,0.036276,0.019218,0.109869,1.383
2025-09-07 01:00:00,0.080489,1.82931,0.013751,0.066738,0.022084,0.005274,0.068854,0.892
2025-09-07 02:00:00,0.095318,1.53739,0.004709,0.090609,0.010825,0.012033,0.056486,0.241
2025-09-07 03:00:00,0.001194,0.019278,0.000661,0.000533,0.002691,0.000258,0.032303,0.068
2025-09-07 04:00:00,0.032058,0.572482,0.001423,0.030635,0.005303,0.001299,0.034997,0.155
2025-09-07 05:00:00,6.4e-05,0.001562,2.9e-05,3.5e-05,0.000725,4e-05,0.029528,0.017
2025-09-07 06:00:00,0.025876,0.404309,0.00584,0.020036,0.005236,0.001793,0.037807,0.191
2025-09-07 07:00:00,0.057781,0.704639,0.00528,0.052501,0.00779,0.001899,0.04197,0.193
2025-09-07 08:00:00,0.152639,1.65912,0.020073,0.132566,0.014146,0.008373,0.057441,0.492
2025-09-07 09:00:00,0.231717,2.75855,0.026278,0.205439,0.038746,0.019172,0.146104,1.197
2025-09-07 10:00:00,0.256654,3.20816,0.067467,0.189187,0.025349,0.021876,0.099179,1.067
2025-09-07 11:00:00,0.325788,4.07236,0.022607,0.303181,0.040379,0.023397,0.100995,2.532
2025-09-07 12:00:00,0.293765,2.67059,0.032338,0.261427,0.042705,0.019507,0.108904,1.315
2025-09-07 13:00:00,0.096036,1.14328,0.014154,0.081882,0.019255,0.008465,0.068734,0.658
2025-09-07 14:00:00,0.074111,1.08987,0.027379,0.046732,0.046014,0.019278,0.099043,0.613
2025-09-07 15:00:00,0.169051,1.43264,0.033412,0.135639,0.051575,0.029078,0.156871,1.766
2025-09-07 16:00:00,0.156321,1.28132,0.029252,0.127069,0.03166,0.016905,0.09896,1.518
2025-09-07 17:00:00,0.223201,1.37779,0.026178,0.197023,0.027623,0.012879,0.081245,0.597
2025-09-07 18:00:00,1.1611,13.5011,0.103222,1.05787,0.07882,0.088833,0.21829,4.49
2025-09-07 19:00:00,0.934561,9.3456,0.040614,0.893947,0.058063,0.065699,0.206404,3.806
2025-09-07 20:00:00,0.122134,1.32755,0.009512,0.112622,0.026919,0.016549,0.090726,0.897
2025-09-07 21:00:00,2.4525,32.2697,0.074089,2.37841,0.085532,0.140175,0.240279,4.448
2025-09-07 22:00:00,0.913303,18.266,0.040088,0.873215,0.041164,0.068338,0.154793,2.404
2025-09-07 23:00:00,0.547267,11.8971,0.040178,0.507089,0.034201,0.029345,0.108522,1.22
2025-09-08 00:00:00,0.2773,8.1545,0.0212,0.2561,0.0414,0.0114,0.0824,1.381
2025-09-08 01:00:00,0.0747,6.2219,0.0025,0.0722,0.0111,0.0036,0.0418,0.382
2025-09-08 02:00:00,0.010209,0.164668,0.002745,0.007464,0.002923,0.001635,0.033105,0.167
2025-09-08 03:00:00,0.127114,1.55018,0.011688,0.115426,0.013608,0.005208,0.047806,0.58
2025-09-08 04:00:00,0.002183,0.023728,0.001469,0.000714,0.020278,0.043708,0.077802,0.083
2025-09-08 05:00:00,0.002363,0.062209,0.00132,0.001043,0.002774,0.00021,0.032281,0.054
2025-09-08 06:00:00,0.039809,0.904718,0.005965,0.033844,0.005354,0.003551,0.039519,0.207
2025-09-08 07:00:00,0.614803,5.30003,0.02431,0.590493,0.042844,0.016332,0.094611,2.067
2025-09-08 08:00:00,0.1869,1.94687,0.027759,0.159141,0.019345,0.012179,0.07513,0.778
2025-09-08 09:00:00,0.422545,7.82491,0.019893,0.402652,0.017132,0.009568,0.065802,0.724
2025-09-08 10:00:00,0.171824,3.06828,0.018378,0.153446,0.017963,0.010528,0.071628,1.07
2025-09-08 11:00:00,0.165929,1.88556,0.029677,0.136252,0.022916,0.009953,0.073868,0.701
2025-09-08 12:00:00,0.116898,1.10281,0.019759,0.097139,0.025676,0.013883,0.083816,0.883
2025-09-08 13:00:00,0.154598,1.6804,0.039407,0.115191,0.031085,0.015272,0.083377,0.894
2025-09-08 14:00:00,0.154595,1.20778,0.039051,0.115544,0.037329,0.028324,0.12232,0.966
2025-09-08 15:00:00,0.071409,0.759678,0.01498,0.056429,0.014136,0.01953,0.074942,0.371
2025-09-08 16:00:00,0.155183,1.46399,0.038382,0.116801,0.02312,0.015908,0.085187,0.895
2025-09-08 17:00:00,0.344867,3.59235,0.024771,0.320096,0.034668,0.020867,0.113736,1.513
2025-09-08 18:00:00,0.29898,2.4915,0.029732,0.269248,0.032781,0.025151,0.112491,1.5
2025-09-08 19:00:00,0.124886,1.32858,0.017023,0.107863,0.031325,0.015175,0.112401,1.585
2025-09-08 20:00:00,0.077909,0.865657,0.013468,0.064441,0.036533,0.018328,0.108133,1.607
2025-09-08 21:00:00,0.111281,1.46422,0.019244,0.092037,0.031655,0.028185,0.106296,0.778
2025-09-08 22:00:00,0.105367,1.64634,0.007401,0.097966,0.023009,0.019432,0.081031,0.634
2025-09-08 23:00:00,0.205934,7.35479,0.012733,0.193201,0.024496,0.021054,0.128009,1.163
2025-09-09 00:00:00,0.213897,3.81957,0.010706,0.203191,0.01636,0.01011,0.060966,0.859
2025-09-09 01:00:00,0.13813,3.13932,0.004474,0.133656,0.011817,0.008683,0.052488,0.137
2025-09-09 02:00:00,0.041758,0.94906,0.005712,0.036046,0.012713,0.027666,0.065276,0.195
2025-09-09 03:00:00,0.744812,11.285,0.015642,0.72917,0.010768,0.025898,0.056392,0.975
2025-09-09 04:00:00,0.002158,0.031738,0.000901,0.001257,0.003886,0.000557,0.036311,0.131
2025-09-09 05:00:00,0.000536,0.010688,0.000394,0.000142,0.002772,0.000909,0.033579,0.097
2025-09-09 06:00:00,0.005955,0.198559,0.000484,0.005471,0.003297,0.000564,0.036771,0.075
2025-09-09 07:00:00,0.049104,0.663583,0.010612,0.038492,0.010958,0.005073,0.055291,0.431
2025-09-09 08:00:00,0.118731,0.742069,0.017029,0.101702,0.020384,0.009761,0.075687,0.735
2025-09-09 09:00:00,0.120054,1.00045,0.008152,0.111902,0.01743,0.01209,0.072974,0.688
2025-09-09 10:00:00,0.078448,0.871626,0.011139,0.067309,0.013486,0.010605,0.079547,0.829
2025-09-09 11:00:00,0.294668,2.37635,0.133053,0.161615,0.028273,0.014609,0.092603,1.237
2025-09-09 12:00:00,0.358959,5.12799,0.203543,0.155416,0.032667,0.017414,0.090526,1.591
2025-09-09 13:00:00,0.240514,4.2949,0.023532,0.216982,0.036831,0.015637,0.090892,1.154
2025-09-09 14:00:00,0.300469,6.82885,0.029399,0.27107,0.029411,0.016323,0.103491,0.986
2025-09-09 15:00:00,0.105729,1.12477,0.026155,0.079574,0.021719,0.011428,0.083773,1.164
2025-09-09 16:00:00,0.330603,4.59171,0.015543,0.31506,0.027864,0.036608,0.114181,0.985
2025-09-09 17:00:00,0.462128,4.62128,0.025515,0.436613,0.058429,0.02187,0.143716,1.761
2025-09-09 18:00:00,0.545121,4.39614,0.072242,0.472879,0.048164,0.03877,0.123335,1.323
2025-09-09 19:00:00,0.396148,2.53942,0.047571,0.348577,0.048955,0.028573,0.119126,1.923
2025-09-09 20:00:00,1.20042,8.00281,0.254283,0.946139,0.069423,0.097429,0.194131,3.524
2025-09-09 21:00:00,1.82032,18.5747,0.110904,1.70942,0.065702,0.074636,0.186058,3.096
2025-09-09 22:00:00,0.252265,2.42563,0.031666,0.220599,0.05359,0.033212,0.155247,1.67
2025-09-09 23:00:00,1.68906,26.3916,0.027991,1.66107,0.071317,0.051915,0.158183,2.171
2025-09-10 00:00:00,0.262988,4.69622,0.019823,0.243165,0.019493,0.013017,0.075161,0.904
2025-09-10 01:00:00,0.067366,1.16148,0.009007,0.058359,0.010044,0.009298,0.049511,0.122
2025-09-10 02:00:00,0.089136,0.968876,0.008817,0.080319,0.019165,0.00566,0.064467,1.093
2025-09-10 03:00:00,0.024162,0.302019,0.002872,0.02129,0.009309,0.001489,0.047226,0.564
2025-09-10 04:00:00,0.000237,0.00228,0.00012,0.000117,0.001608,7.4e-05,0.031201,0.034
2025-09-10 05:00:00,0.002328,0.03879,0.001331,0.000997,0.005353,0.000337,0.045035,0.124
2025-09-10 06:00:00,0.289961,4.83268,0.007668,0.282293,0.013326,0.00752,0.049784,0.441
2025-09-10 07:00:00,0.242359,3.67212,0.022795,0.219564,0.021613,0.011755,0.063138,0.949
2025-09-10 08:00:00,0.160564,1.51476,0.01219,0.148374,0.015852,0.006251,0.066262,0.57
2025-09-10 09:00:00,0.174514,2.49306,0.070457,0.104057,0.02091,0.006969,0.069078,0.64
2025-09-10 10:00:00,0.081622,1.2367,0.010656,0.070966,0.012392,0.005073,0.067751,0.608
2025-09-10 11:00:00,0.192103,1.88336,0.02349,0.168613,0.028429,0.010796,0.09013,1.024
2025-09-10 12:00:00,0.325057,3.18684,0.04495,0.280107,0.043621,0.017494,0.108957,2.013
2025-09-10 13:00:00,0.220692,1.97047,0.022964,0.197728,0.02861,0.01405,0.089142,1.363
2025-09-10 14:00:00,0.098352,1.63921,0.00861,0.089742,0.013763,0.006963,0.071227,0.43
2025-09-10 15:00:00,0.018109,0.411587,0.004263,0.013846,0.008956,0.002253,0.054745,0.404
2025-09-10 16:00:00,0.195775,2.22471,0.017778,0.177997,0.028139,0.024109,0.110978,0.993
2025-09-10 17:00:00,0.549433,4.36058,0.047734,0.501699,0.047968,0.029626,0.147575,2.114
2025-09-10 18:00:00,0.441569,3.2953,0.086172,0.355397,0.060702,0.034678,0.142296,2.624
2025-09-10 19:00:00,0.203952,2.37154,0.113057,0.090895,0.031106,0.016779,0.088674,1.247
2025-09-10 20:00:00,0.164055,2.34365,0.016397,0.147658,0.03274,0.018826,0.103102,1.469
2025-09-10 21:00:00,3.05301,28.2686,0.08402,2.96899,0.062988,0.075653,0.219478,2.977
2025-09-10 22:00:00,0.127283,0.826509,0.037048,0.090235,0.02977,0.011141,0.090143,0.778
2025-09-10 23:00:00,0.182326,4.3411,0.011727,0.170599,0.023683,0.017497,0.093918,0.809
2025-09-11 00:00:00,0.091162,1.51937,0.007654,0.083508,0.023552,0.006935,0.065343,0.748
2025-09-11 01:00:00,0.30485,6.92838,0.017236,0.287614,0.01694,0.009166,0.053009,0.745
2025-09-11 02:00:00,0.042388,0.470974,0.023891,0.018497,0.011767,0.002668,0.042848,0.22
2025-09-11 03:00:00,0.143989,2.24984,0.009182,0.134807,0.081308,0.008729,0.167276,1.905
2025-09-11 04:00:00,0.125342,0.614411,0.015267,0.110075,0.100207,0.006405,0.312965,3.013
2025-09-11 05:00:00,0.014074,0.101989,0.002392,0.011682,0.006224,0.000743,0.038802,0.184
2025-09-11 06:00:00,0.140112,1.07778,0.005584,0.134528,0.009959,0.006421,0.050613,0.286
2025-09-11 07:00:00,0.196921,1.2787,0.01687,0.180051,0.034784,0.008659,0.077387,1.041
2025-09-11 08:00:00,0.428575,4.20172,0.053815,0.37476,0.040277,0.02835,0.130788,1.172
2025-09-11 09:00:00,0.052185,0.483206,0.006375,0.04581,0.014455,0.007285,0.078234,0.419
2025-09-11 10:00:00,0.040827,0.425274,0.009458,0.031369,0.0195,0.013748,0.084762,0.527
2025-09-11 11:00:00,0.269331,2.10415,0.045801,0.22353,0.038278,0.014618,0.106736,1.173
2025-09-11 12:00:00,0.28049,1.94784,0.037076,0.243414,0.034365,0.018935,0.103279,2.092
2025-09-11 13:00:00,0.207794,2.03721,0.027616,0.180178,0.036857,0.015649,0.102687,1.206
2025-09-11 14:00:00,0.268016,4.32284,0.0567,0.211316,0.044474,0.020317,0.120109,1.149
2025-09-11 15:00:00,0.064208,0.944236,0.009336,0.054872,0.024729,0.009923,0.097801,0.731
2025-09-11 16:00:00,0.061534,0.530462,0.009704,0.05183,0.019924,0.014463,0.081763,0.692
2025-09-11 17:00:00,0.304557,1.50771,0.02456,0.279997,0.030741,0.029394,0.125582,1.612
2025-09-11 18:00:00,3.28877,21.0819,0.045827,3.24294,0.048748,0.10138,0.128324,2.059
2025-09-11 19:00:00,0.308063,2.61071,0.042005,0.266058,0.045575,0.021598,0.1082,1.176
2025-09-11 20:00:00,0.430947,3.21602,0.041229,0.389718,0.032676,0.029698,0.109276,1.439
2025-09-11 21:00:00,0.802313,5.89937,0.059,0.743313,0.076667,0.057069,0.178042,4.11
2025-09-11 22:00:00,0.39151,3.2091,0.050814,0.340696,0.067555,0.036405,0.142195,1.21
2025-09-11 23:00:00,1.55643,13.8967,0.340123,1.2163,0.1001,0.08408,0.197326,4.473
2025-09-12 00:00:00,0.773476,7.16182,0.040045,0.733431,0.048984,0.056357,0.146793,1.901
2025-09-12 01:00:00,0.622565,9.15537,0.025694,0.596871,0.028808,0.020051,0.099782,1.344
2025-09-12 02:00:00,0.110477,1.62465,0.01155,0.098927,0.011417,0.003714,0.04751,0.416
2025-09-12 03:00:00,0.249914,1.73551,0.022708,0.227206,0.044333,0.010255,0.131655,1.71
2025-09-12 04:00:00,0.101253,0.657483,0.019862,0.081391,0.039528,0.007919,0.108119,1.635
2025-09-12 05:00:00,0.003038,0.023736,0.002007,0.001031,0.005482,0.000207,0.042986,0.201
2025-09-12 06:00:00,0.148042,1.85052,0.007307,0.140735,0.01356,0.005429,0.048466,0.438
2025-09-12 07:00:00,0.114667,0.910045,0.01723,0.097437,0.025842,0.012711,0.107619,0.517
2025-09-12 08:00:00,0.215399,2.07114,0.011867,0.203532,0.029453,0.017482,0.090054,0.921
2025-09-12 09:00:00,0.254637,2.49644,0.014274,0.240363,0.025494,0.011311,0.092965,0.832
2025-09-12 10:00:00,0.088361,1.10452,0.012929,0.075432,0.018984,0.008597,0.078818,0.82
2025-09-12 11:00:00,0.142497,1.87497,0.013007,0.12949,0.01701,0.008915,0.071312,0.585
2025-09-12 12:00:00,0.492421,3.97115,0.019518,0.472903,0.031398,0.017894,0.108029,1.453
2025-09-12 13:00:00,0.129054,1.57384,0.035065,0.093989,0.019998,0.008986,0.064925,0.659
2025-09-12 14:00:00,0.0514,1.836,0.0201,0.0313,0.0194,0.0064,0.0682,0.737
2025-09-12 15:00:00,0.045619,0.760321,0.004696,0.040923,0.028638,0.014954,0.092235,0.337
2025-09-12 16:00:00,0.094267,1.47294,0.025311,0.068956,0.015706,0.008721,0.069675,0.585
2025-09-12 17:00:00,0.144494,1.85249,0.016317,0.128177,0.028803,0.021793,0.097297,0.804
2025-09-12 18:00:00,0.701018,3.72882,0.049363,0.651655,0.05759,0.056339,0.162836,2.703
2025-09-12 19:00:00,0.506025,2.45643,0.073372,0.432653,0.053965,0.02462,0.136901,1.807
2025-09-12 20:00:00,0.08909,0.571084,0.026388,0.062702,0.020402,0.0084,0.069975,0.699
2025-09-12 21:00:00,0.163058,0.867339,0.039322,0.123736,0.031762,0.013587,0.091711,1.377
2025-09-12 22:00:00,0.117729,0.936169,0.029411,0.088318,0.021731,0.009743,0.070656,0.8695
2025-09-12 23:00:00,0.0724,1.005,0.0195,0.0529,0.0117,0.0059,0.0496,0.362
2025-09-13 00:00:00,0.1972,2.5285,0.0102,0.187,0.0176,0.009,0.0648,0.653
2025-09-13 01:00:00,1.0235,7.7541,0.0201,1.0034,0.0228,0.0212,0.075,1.136
2025-09-13 02:00:00,0.0038,0.0511,0.0024,0.0013,0.0379,0.0364,0.0928,0.181
2025-09-13 03:00:00,0.0285,0.4191,0.0013,0.0272,0.0285,0.0285,0.0884,0.126
2025-09-13 04:00:00,0.0001,0.0018,0,0,0.0013,0.0001,0.0301,0.026
2025-09-13 05:00:00,0.0024,0.0447,0.0007,0.0017,0.0036,0.0003,0.0347,0.092
2025-09-13 06:00:00,0.0006,0.013,0.0002,0.0004,0.0533,0.012,0.0948,0.051
2025-09-13 07:00:00,0.2016,2.0159,0.0142,0.1874,0.0523,0.0143,0.0966,0.343
2025-09-13 08:00:00,0.0465,0.4646,0.0057,0.0408,0.0116,0.0046,0.0591,0.408
2025-09-13 09:00:00,0.3971,3.4837,0.0337,0.3634,0.0245,0.0154,0.0778,1.156
2025-09-13 10:00:00,0.3395,2.5719,0.0688,0.2707,0.0408,0.0144,0.132,1.658
2025-09-13 11:00:00,0.4014,3.0876,0.0193,0.3821,0.0303,0.0247,0.0976,1.184
2025-09-13 12:00:00,0.5552,4.0235,0.0728,0.4824,0.0539,0.0305,0.1186,2.118
2025-09-13 13:00:00,0.0555,0.4552,0.0079,0.0476,0.017,0.0075,0.0633,0.417
2025-09-13 14:00:00,0.81,5.0627,0.0812,0.7289,0.0999,0.0816,0.2544,4.385
2025-09-13 15:00:00,0.1759,3.3828,0.0124,0.1635,0.0188,0.0112,0.0727,0.94
2025-09-13 16:00:00,0.1362,2.0031,0.0243,0.1119,0.0195,0.0138,0.0752,1.326
2025-09-13 17:00:00,0.0969,1.077,0.0226,0.0744,0.0164,0.0062,0.0626,0.586
2025-09-13 18:00:00,0.6068,6.1923,0.1752,0.4316,0.0887,0.0595,0.2274,4.027
2025-09-13 19:00:00,0.2281,3.2592,0.027,0.2011,0.0536,0.0221,0.1338,1.6
2025-09-13 20:00:00,0.2006,2.866,0.0149,0.1857,0.0505,0.0304,0.1843,0.93
2025-09-13 21:00:00,0.5224,5.557,0.2126,0.3098,0.0463,0.0269,0.092,2.027
2025-09-13 22:00:00,0.1036,1.2334,0.0158,0.0878,0.0156,0.0107,0.0602,0.521
2025-09-13 23:00:00,0.07,1.6669,0.0243,0.0457,0.0356,0.014,0.1006,0.93
2025-09-14 00:00:00,0.398,9.0461,0.0176,0.3805,0.0363,0.0192,0.1099,1.383
2025-09-14 01:00:00,0.0805,1.8293,0.0138,0.0667,0.0221,0.0053,0.0689,0.892
2025-09-14 02:00:00,0.0953,1.5374,0.0047,0.0906,0.0108,0.012,0.0565,0.241
2025-09-14 03:00:00,0.0012,0.0193,0.0007,0.0005,0.0027,0.0003,0.0323,0.068
2025-09-14 04:00:00,0.0321,0.5725,0.0014,0.0306,0.0053,0.0013,0.035,0.155
2025-09-14 05:00:00,0.0001,0.0016,0,0,0.0007,0,0.0295,0.017
2025-09-14 06:00:00,0.0259,0.4043,0.0058,0.02,0.0052,0.0018,0.0378,0.191
2025-09-14 07:00:00,0.0578,0.7046,0.0053,0.0525,0.0078,0.0019,0.042,0.193
2025-09-14 08:00:00,0.1526,1.6591,0.0201,0.1326,0.0141,0.0084,0.0574,0.492
2025-09-14 09:00:00,0.2317,2.7585,0.0263,0.2054,0.0387,0.0192,0.1461,1.197
2025-09-14 10:00:00,0.2567,3.2082,0.0675,0.1892,0.0253,0.0219,0.0992,1.067
2025-09-14 11:00:00,0.3258,4.0724,0.0226,0.3032,0.0404,0.0234,0.101,2.532
2025-09-14 12:00:00,0.2938,2.6706,0.0323,0.2614,0.0427,0.0195,0.1089,1.315
2025-09-14 13:00:00,0.096,1.1433,0.0142,0.0819,0.0193,0.0085,0.0687,0.658
2025-09-14 14:00:00,0.0741,1.0899,0.0274,0.0467,0.046,0.0193,0.099,0.613
2025-09-14 15:00:00,0.1691,1.4326,0.0334,0.1356,0.0516,0.0291,0.1569,1.766
2025-09-14 16:00:00,0.1563,1.2813,0.0293,0.1271,0.0317,0.0169,0.099,1.518
2025-09-14 17:00:00,0.2232,1.3778,0.0262,0.197,0.0276,0.0129,0.0812,0.597
2025-09-14 18:00:00,1.1611,13.5011,0.1032,1.0579,0.0788,0.0888,0.2183,4.49
2025-09-14 19:00:00,0.9346,9.3456,0.0406,0.8939,0.0581,0.0657,0.2064,3.806
2025-09-14 20:00:00,0.1221,1.3276,0.0095,0.1126,0.0269,0.0165,0.0907,0.897
2025-09-14 21:00:00,2.4525,32.2697,0.0741,2.3784,0.0855,0.1402,0.2403,4.448
2025-09-14 22:00:00,0.9133,18.266,0.0401,0.8732,0.0412,0.0683,0.1548,2.404
2025-09-14 23:00:00,0.5473,11.8971,0.0402,0.5071,0.0342,0.0293,0.1085,1.22
2025-09-15 00:00:00,0.2773,8.1545,0.0212,0.2561,0.0414,0.0114,0.0824,1.381
2025-09-15 01:00:00,0.0747,6.2219,0.0025,0.0722,0.0111,0.0036,0.0418,0.382
2025-09-15 02:00:00,0.0102,0.1647,0.0027,0.0075,0.0029,0.0016,0.0331,0.167
2025-09-15 03:00:00,0.1271,1.5502,0.0117,0.1154,0.0136,0.0052,0.0478,0.58
2025-09-15 04:00:00,0.0022,0.0237,0.0015,0.0007,0.0203,0.0437,0.0778,0.083
2025-09-15 05:00:00,0.0024,0.0622,0.0013,0.001,0.0028,0.0002,0.0323,0.054
2025-09-15 06:00:00,0.0398,0.9047,0.006,0.0338,0.0054,0.0036,0.0395,0.207
2025-09-15 07:00:00,0.6148,5.3,0.0243,0.5905,0.0428,0.0163,0.0946,2.067
2025-09-15 08:00:00,0.1869,1.9469,0.0278,0.1591,0.0193,0.0122,0.0751,0.778
2025-09-15 09:00:00,0.4225,7.8249,0.0199,0.4027,0.0171,0.0096,0.0658,0.724
2025-09-15 10:00:00,0.1718,3.0683,0.0184,0.1534,0.018,0.0105,0.0716,1.07
2025-09-15 11:00:00,0.1659,1.8856,0.0297,0.1363,0.0229,0.01,0.0739,0.701
2025-09-15 12:00:00,0.1169,1.1028,0.0198,0.0971,0.0257,0.0139,0.0838,0.883
2025-09-15 13:00:00,0.1546,1.6804,0.0394,0.1152,0.0311,0.0153,0.0834,0.894
2025-09-15 14:00:00,0.1546,1.2078,0.0391,0.1155,0.0373,0.0283,0.1223,0.966
2025-09-15 15:00:00,0.0714,0.7597,0.015,0.0564,0.0141,0.0195,0.0749,0.371
2025-09-15 16:00:00,0.1552,1.464,0.0384,0.1168,0.0231,0.0159,0.0852,0.895
2025-09-15 17:00:00,0.3449,3.5924,0.0248,0.3201,0.0347,0.0209,0.1137,1.513
2025-09-15 18:00:00,0.299,2.4915,0.0297,0.2692,0.0328,0.0252,0.1125,1.5
2025-09-15 19:00:00,0.1249,1.3286,0.017,0.1079,0.0313,0.0152,0.1124,1.585
2025-09-15 20:00:00,0.0779,0.8657,0.0135,0.0644,0.0365,0.0183,0.1081,1.607
2025-09-15 21:00:00,0.1113,1.4642,0.0192,0.092,0.0317,0.0282,0.1063,0.778
2025-09-15 22:00:00,0.1054,1.6463,0.0074,0.098,0.023,0.0194,0.081,0.634
2025-09-15 23:00:00,0.2059,7.3548,0.0127,0.1932,0.0245,0.0211,0.128,1.163
2025-09-16 00:00:00,0.2139,3.8196,0.0107,0.2032,0.0164,0.0101,0.061,0.859
2025-09-16 01:00:00,0.1381,3.1393,0.0045,0.1337,0.0118,0.0087,0.0525,0.137
2025-09-16 02:00:00,0.0418,0.9491,0.0057,0.036,0.0127,0.0277,0.0653,0.195
2025-09-16 03:00:00,0.7448,11.285,0.0156,0.7292,0.0108,0.0259,0.0564,0.975
2025-09-16 04:00:00,0.0022,0.0317,0.0009,0.0013,0.0039,0.0006,0.0363,0.131
2025-09-16 05:00:00,0.0005,0.0107,0.0004,0.0001,0.0028,0.0009,0.0336,0.097
2025-09-16 06:00:00,0.006,0.1986,0.0005,0.0055,0.0033,0.0006,0.0368,0.075
2025-09-16 07:00:00,0.0491,0.6636,0.0106,0.0385,0.011,0.0051,0.0553,0.431
2025-09-16 08:00:00,0.1187,0.7421,0.017,0.1017,0.0204,0.0098,0.0757,0.735
2025-09-16 09:00:00,0.1201,1.0005,0.0082,0.1119,0.0174,0.0121,0.073,0.688
2025-09-16 10:00:00,0.0784,0.8716,0.0111,0.0673,0.0135,0.0106,0.0795,0.829
2025-09-16 11:00:00,0.2947,2.3764,0.1331,0.1616,0.0283,0.0146,0.0926,1.237
2025-09-16 12:00:00,0.359,5.128,0.2035,0.1554,0.0327,0.0174,0.0905,1.591
2025-09-16 13:00:00,0.314648,4.4974,0.175522,0.13904,0.033548,0.016975,0.093074,1.49857
2025-09-16 14:00:00,0.270297,3.8668,0.147545,0.122681,0.034396,0.016551,0.095648,1.40614
2025-09-16 15:00:00,0.225945,3.23621,0.119567,0.106321,0.035244,0.016126,0.098222,1.31371
2025-09-16 16:00:00,,,,,,,,
2025-09-16 17:00:00,,,,,,,,
2025-09-16 18:00:00,,,,,,,,
2025-09-16 19:00:00,0.048539,0.713818,0.007657,0.040882,0.038636,0.014428,0.108519,0.944
2025-09-16 20:00:00,0.135902,1.62545,0.016966,0.118936,0.039231,0.014715,0.111482,1.072
2025-09-16 21:00:00,0.223265,2.53709,0.026275,0.19699,0.039826,0.015002,0.114446,1.2
2025-09-16 22:00:00,0.257342,3.78444,0.080321,0.177021,0.04165,0.034743,0.149037,1.133
2025-09-16 23:00:00,0.084273,1.02771,0.007255,0.077018,0.017657,0.025612,0.076966,0.312
2025-09-17 00:00:00,0.012414,0.206887,0.002619,0.009795,0.007774,0.052323,0.063034,0.159
2025-09-17 01:00:00,0.316365,2.36094,0.007111,0.309254,0.018123,0.007524,0.05574,0.723
2025-09-17 02:00:00,0.037379,0.311486,0.003845,0.033534,0.006874,0.001744,0.040573,0.295
2025-09-17 03:00:00,0.218341,2.14059,0.007064,0.211277,0.014691,0.010492,0.06107,0.523
2025-09-17 04:00:00,0.068866,0.662178,0.004471,0.064395,0.008772,0.004067,0.048744,0.285
2025-09-17 05:00:00,0.206839,4.92472,0.006532,0.200307,0.022252,0.0151,0.106549,0.611
2025-09-17 06:00:00,0.251672,3.1459,0.006412,0.24526,0.009082,0.007121,0.044513,0.353
2025-09-17 07:00:00,0.27269,2.035,0.013881,0.258809,0.029033,0.022302,0.08533,0.941
2025-09-17 08:00:00,0.116057,1.00048,0.012291,0.103766,0.018689,0.008249,0.074211,0.603
2025-09-17 09:00:00,0.210657,2.02554,0.015955,0.194702,0.033002,0.015723,0.107799,0.889
2025-09-17 10:00:00,0.082851,2.18029,0.016564,0.066287,0.015159,0.009344,0.068166,1.055
2025-09-17 11:00:00,0.123624,1.37358,0.011285,0.112339,0.021121,0.007715,0.076497,0.7
2025-09-17 12:00:00,0.326899,3.55324,0.025157,0.301742,0.033374,0.021863,0.090962,1.68
2025-09-17 13:00:00,0.199488,3.21754,0.013363,0.186125,0.024176,0.010129,0.086332,0.933
2025-09-17 14:00:00,0.088213,1.10265,0.012784,0.075429,0.015795,0.005526,0.066558,0.616
2025-09-17 15:00:00,0.139965,1.34582,0.021365,0.1186,0.025158,0.010905,0.085647,1.081
2025-09-17 16:00:00,0.574032,3.77654,0.106551,0.467481,0.036062,0.029797,0.100195,1.392
2025-09-17 17:00:00,0.191538,1.95449,0.021287,0.170251,0.026393,0.014797,0.07978,1.316
2025-09-17 18:00:00,0.136038,0.919175,0.021562,0.114476,0.054384,0.045417,0.135962,0.989
2025-09-17 19:00:00,0.998618,6.74741,0.072626,0.925992,0.098009,0.038865,0.187572,3.471
2025-09-17 20:00:00,0.665519,3.69733,0.067363,0.598156,0.072724,0.045389,0.157315,2.636
2025-09-17 21:00:00,0.453291,4.72178,0.030702,0.422589,0.056336,0.036325,0.162859,1.823
2025-09-17 22:00:00,0.652697,7.95972,0.030504,0.622193,0.092664,0.086451,0.200737,1.187
2025-09-17 23:00:00,0.064695,0.539126,0.004853,0.059842,0.035224,0.025459,0.081608,0.467
2025-09-18 00:00:00,0.23911,5.4343,0.014288,0.224822,0.05475,0.052767,0.122552,0.524
2025-09-18 01:00:00,0.011398,0.379933,0.002935,0.008463,0.013038,0.002393,0.053596,0.295
2025-09-18 02:00:00,0.045247,0.514172,0.036414,0.008833,0.048928,0.037496,0.097067,0.353
2025-09-18 03:00:00,0.070679,0.679621,0.012038,0.058641,0.034518,0.012559,0.081049,0.558
2025-09-18 04:00:00,0.001917,0.014529,0.001075,0.000842,0.016635,0.003126,0.051011,0.1
2025-09-18 05:00:00,0.10974,2.61285,0.011047,0.098693,0.011388,0.010007,0.052668,0.475
2025-09-18 06:00:00,0.032274,0.672346,0.003175,0.029099,0.005163,0.001906,0.039574,0.169
2025-09-18 07:00:00,0.097545,0.706856,0.01417,0.083375,0.015616,0.005906,0.057009,0.509
2025-09-18 08:00:00,0.258825,1.79739,0.031021,0.227804,0.035523,0.014225,0.09228,1.014
2025-09-18 09:00:00,0.274162,2.49238,0.019227,0.254935,0.026654,0.023159,0.083228,1.026
2025-09-18 10:00:00,0.068629,0.745974,0.01497,0.053659,0.022421,0.004387,0.080047,1.04
2025-09-18 11:00:00,0.199142,1.68764,0.018229,0.180913,0.021614,0.019784,0.077107,0.912
2025-09-18 12:00:00,0.201085,3.72382,0.013655,0.18743,0.03007,0.014243,0.087734,1.071
2025-09-18 13:00:00,0.158378,1.79975,0.024114,0.134264,0.027147,0.011129,0.07973,1.015
2025-09-18 14:00:00,0.461886,6.41509,0.033534,0.428352,0.043134,0.017301,0.103858,3.233
2025-09-18 15:00:00,0.561838,5.4023,0.034756,0.527082,0.035179,0.02632,0.103621,2.364
2025-09-18 16:00:00,0.068541,0.878737,0.025489,0.043052,0.028187,0.005498,0.12004,0.532
2025-09-18 17:00:00,0.171931,1.06131,0.02767,0.144261,0.034145,0.018684,0.133415,1.102
2025-09-18 18:00:00,0.232306,1.61324,0.030051,0.202255,0.036154,0.018912,0.150217,1.198
2025-09-18 19:00:00,0.498737,2.65285,0.227231,0.271506,0.065102,0.030783,0.159877,2.583
2025-09-18 20:00:00,0.236086,2.74518,0.099884,0.136202,0.057852,0.025935,0.149329,1.428
2025-09-18 21:00:00,0.757131,7.42286,0.16452,0.592611,0.100135,0.09602,0.236629,2.537
2025-09-18 22:00:00,1.2526,24.0884,0.08748,1.16512,0.110178,0.075425,0.276688,3.973
2025-09-18 23:00:00,0.199729,9.98642,0.008187,0.191542,0.037694,0.036961,0.106671,0.701
2025-09-19 00:00:00,0.13327,5.5529,0.003104,0.130166,0.03582,0.063166,0.116529,0.287
2025-09-19 01:00:00,0.115835,6.43525,0.004146,0.111689,0.019065,0.017464,0.078283,0.254
2025-09-19 02:00:00,0.028001,0.875045,0.002366,0.025635,0.005445,0.003022,0.040389,0.161
2025-09-19 03:00:00,0.05167,2.15296,0.006073,0.045597,0.053869,0.037671,0.175554,0.582
2025-09-19 04:00:00,0.01878,0.284556,0.011257,0.007523,0.041405,0.021713,0.145974,0.663
2025-09-19 05:00:00,0.000701,0.01595,0.000143,0.000558,0.001217,0.000176,0.030538,0.026
2025-09-19 06:00:00,0.05553,1.15686,0.001577,0.053953,0.00331,0.002605,0.036829,0.131
2025-09-19 07:00:00,0.124387,2.5914,0.020239,0.104148,0.013745,0.006808,0.058059,0.496
2025-09-19 08:00:00,0.273111,2.57652,0.144294,0.128817,0.028113,0.012477,0.079962,0.938
2025-09-19 09:00:00,0.135791,1.21243,0.01691,0.118881,0.019845,0.008971,0.077226,0.85
2025-09-19 10:00:00,0.316631,2.1394,0.027013,0.289618,0.031725,0.036712,0.168788,1.674
2025-09-19 11:00:00,0.135496,1.5055,0.026034,0.109462,0.023548,0.009069,0.079857,1.488
2025-09-19 12:00:00,0.541693,3.98304,0.03868,0.503013,0.039268,0.027073,0.114499,2.006
2025-09-19 13:00:00,0.272575,2.57145,0.104721,0.167854,0.028105,0.012995,0.080803,0.827
2025-09-19 14:00:00,0.344411,3.13101,0.050443,0.293968,0.045041,0.014699,0.104612,1.644
2025-09-19 15:00:00,0.55548,8.16882,0.03454,0.52094,0.027434,0.020168,0.089227,1.135
2025-09-19 16:00:00,0.053079,0.947834,0.010947,0.042132,0.027972,0.011143,0.081259,1.238
2025-09-19 17:00:00,0.106002,0.85485,0.01376,0.092242,0.023979,0.009227,0.085835,1.083
2025-09-19 18:00:00,0.11152,0.885083,0.013799,0.097721,0.024556,0.013663,0.08445,0.892
2025-09-19 19:00:00,0.135574,0.89194,0.025826,0.109748,0.037444,0.019465,0.10559,0.87
2025-09-19 20:00:00,0.16659,3.3318,0.0549,0.11169,0.047922,0.028987,0.123213,1.32
2025-09-19 21:00:00,0.22938,2.34062,0.024748,0.204632,0.031757,0.019672,0.098225,1.294
2025-09-19 22:00:00,0.41941,3.81282,0.048597,0.370813,0.053484,0.050082,0.161114,2.268
2025-09-19 23:00:00,0.272939,2.48127,0.051221,0.221718,0.058549,0.022995,0.125851,3.66
2025-09-20 00:00:00,0.83863,4.03188,0.043693,0.794937,0.030228,0.025089,0.085779,1.266
2025-09-20 01:00:00,1.50524,6.27181,0.03204,1.4732,0.047511,0.035563,0.09865,2.368
2025-09-20 02:00:00,0.018048,0.115685,0.000954,0.017094,0.019174,0.015045,0.082706,0.112
2025-09-20 03:00:00,0.040136,0.20689,0.008191,0.031945,0.074152,0.075905,0.179535,0.999
2025-09-20 04:00:00,0.041366,0.227282,0.002632,0.038734,0.028595,0.026606,0.082932,0.321
2025-09-20 05:00:00,0.010241,0.182886,0.002639,0.007602,0.0034,0.000708,0.034698,0.133
2025-09-20 06:00:00,0.040936,0.66025,0.005148,0.035788,0.004359,0.006103,0.042588,0.085
2025-09-20 07:00:00,0.036045,0.400504,0.004858,0.031187,0.009775,0.003032,0.048397,0.33
2025-09-20 08:00:00,0.161168,1.75182,0.016629,0.144539,0.016211,0.005924,0.063169,0.815
2025-09-20 09:00:00,0.128529,1.05352,0.013161,0.115368,0.020003,0.007107,0.073239,1.258
2025-09-20 10:00:00,0.096249,0.925475,0.017219,0.07903,0.023031,0.010331,0.080543,1.087
2025-09-20 11:00:00,0.367832,2.48535,0.105197,0.262635,0.08109,0.027238,0.16899,4.084
2025-09-20 12:00:00,0.155452,1.0227,0.013911,0.141541,0.023415,0.010369,0.079487,1.327
2025-09-20 13:00:00,0.162982,1.3812,0.012675,0.150307,0.016279,0.008232,0.065759,0.592
2025-09-20 14:00:00,0.212023,1.63095,0.046083,0.16594,0.027812,0.012377,0.098234,1.614
2025-09-20 15:00:00,0.110634,0.921964,0.017935,0.092699,0.025037,0.012323,0.092372,0.866
2025-09-20 16:00:00,0.245323,2.079,0.028888,0.216435,0.036079,0.016384,0.091007,1.26
2025-09-20 17:00:00,0.298623,1.96462,0.01838,0.280243,0.035187,0.027882,0.098356,1.304
2025-09-20 18:00:00,0.437689,2.40488,0.050128,0.387561,0.042324,0.025962,0.111849,1.481
2025-09-20 19:00:00,0.32033,3.02198,0.036224,0.284106,0.033677,0.022798,0.103485,1.278
2025-09-20 20:00:00,0.469415,3.50309,0.098667,0.370748,0.078528,0.041547,0.205761,4.211
2025-09-20 21:00:00,0.265052,2.24621,0.0345,0.230552,0.027543,0.017764,0.096322,1.398
2025-09-20 22:00:00,0.165506,2.01837,0.026197,0.139309,0.021964,0.011335,0.081123,0.994
2025-09-20 23:00:00,0.55714,8.98614,0.030674,0.526466,0.024113,0.021312,0.079966,1.416
2025-09-21 00:00:00,0.036773,0.766116,0.013364,0.023409,0.01906,0.015606,0.071143,0.455
2025-09-21 01:00:00,0.017407,0.725298,0.001192,0.016215,0.032277,0.033665,0.10418,0.067
2025-09-21 02:00:00,0.014685,0.667466,0.000893,0.013792,0.048862,0.026278,0.117984,0.098
2025-09-21 03:00:00,0.126497,1.58121,0.006105,0.120392,0.036308,0.012065,0.0801,0.451
2025-09-21 04:00:00,0.0343,0.276626,0.003313,0.030987,0.026239,0.004683,0.073955,0.471
2025-09-21 05:00:00,0.001567,0.055966,0.000619,0.000948,0.002597,0.00032,0.033187,0.052
2025-09-21 06:00:00,0.031608,1.317,0.002925,0.028683,0.00586,0.001229,0.038435,0.193
2025-09-21 07:00:00,0.032234,0.424133,0.006977,0.025257,0.009709,0.005881,0.053632,0.399
2025-09-21 08:00:00,0.254932,1.99166,0.020305,0.234627,0.032145,0.016285,0.098843,1.271
2025-09-21 09:00:00,0.232885,1.57355,0.038322,0.194563,0.037057,0.014769,0.100437,1.166
2025-09-21 10:00:00,0.364391,2.46211,0.089395,0.274996,0.047499,0.015007,0.113562,1.998
2025-09-21 11:00:00,0.595733,2.92026,0.311174,0.284559,0.044968,0.030283,0.108823,1.635
2025-09-21 12:00:00,0.553659,2.28784,0.065901,0.487758,0.063029,0.043625,0.146732,2.121
2025-09-21 13:00:00,0.464118,2.12898,0.051761,0.412357,0.051842,0.02872,0.136243,1.073
2025-09-21 14:00:00,0.414389,3.635,0.15822,0.256169,0.041666,0.016329,0.112105,1.285
2025-09-21 15:00:00,0.219682,2.15375,0.026959,0.192723,0.03703,0.016537,0.115906,1.156
2025-09-21 16:00:00,0.225231,2.20814,0.018942,0.206289,0.03031,0.020117,0.108737,1.575
2025-09-21 17:00:00,0.120739,1.07803,0.020855,0.099884,0.027305,0.016638,0.096338,0.773
2025-09-21 18:00:00,0.283734,2.32569,0.037103,0.246631,0.039634,0.021401,0.108707,1.565
2025-09-21 19:00:00,0.432682,3.60568,0.042537,0.390145,0.029838,0.022088,0.092335,1.48
2025-09-21 20:00:00,0.348335,3.28618,0.22251,0.125825,0.034728,0.010505,0.087038,1.529
2025-09-21 21:00:00,0.207616,3.84473,0.132601,0.075015,0.036946,0.012634,0.111044,1.373
2025-09-21 22:00:00,0.384668,4.57938,0.06133,0.323338,0.0403,0.044395,0.106769,1.414
2025-09-21 23:00:00,2.07482,51.8705,0.016766,2.05805,0.024977,0.034717,0.070615,0.762
2025-09-22 00:00:00,0.518076,5.88722,0.026824,0.491252,0.055504,0.0506,0.156597,1.498
2025-09-22 01:00:00,0.302671,6.57979,0.020303,0.282368,0.029731,0.014273,0.085689,0.455
2025-09-22 02:00:00,0.008296,0.197519,0.004548,0.003748,0.008243,0.000536,0.041711,0.246
2025-09-22 03:00:00,0.287288,3.19208,0.007301,0.279987,0.039056,0.029179,0.127965,0.776
2025-09-22 04:00:00,0.062069,0.574722,0.004302,0.057767,0.034931,0.027096,0.094034,0.45
2025-09-22 05:00:00,0.275192,4.58654,0.009932,0.26526,0.022523,0.007152,0.05862,0.82
2025-09-22 06:00:00,0.082971,1.43054,0.006245,0.076726,0.010593,0.0048,0.056184,0.358
2025-09-22 07:00:00,0.161526,3.10629,0.017797,0.143729,0.015619,0.006061,0.06047,0.479
2025-09-22 08:00:00,0.12501,0.880355,0.015168,0.109842,0.021406,0.016814,0.086391,0.733
2025-09-22 09:00:00,0.212093,1.73846,0.085651,0.126442,0.035626,0.023323,0.100195,0.761
2025-09-22 10:00:00,0.088794,0.584169,0.021181,0.067613,0.027069,0.00478,0.076564,1.074
2025-09-22 11:00:00,0.101283,0.733932,0.018097,0.083186,0.024867,0.013792,0.082714,0.802
2025-09-22 12:00:00,0.18249,3.6498,0.028217,0.154273,0.024689,0.01408,0.08648,0.909
2025-09-22 13:00:00,0.178725,1.24114,0.048266,0.130459,0.051941,0.012118,0.106996,1.7
2025-09-22 14:00:00,0.724109,7.38885,0.07857,0.645539,0.079811,0.023475,0.151743,3.349
2025-09-22 15:00:00,0.173929,1.58117,0.01873,0.155199,0.026192,0.014849,0.106381,1.268
2025-09-22 16:00:00,0.178374,1.14342,0.020461,0.157913,0.021914,0.011863,0.077143,0.85
2025-09-22 17:00:00,0.096571,0.985427,0.014915,0.081656,0.028172,0.008422,0.10086,1.471
2025-09-22 18:00:00,0.30892,2.05946,0.033154,0.275766,0.042608,0.027615,0.129603,1.769
2025-09-22 19:00:00,0.2516,2.09668,0.053229,0.198371,0.034557,0.021059,0.115756,1.27
2025-09-22 20:00:00,0.466942,2.74672,0.048729,0.418213,0.034676,0.021262,0.094476,1.392
2025-09-22 21:00:00,0.141555,1.76944,0.014205,0.12735,0.037173,0.022331,0.128551,1.557
2025-09-22 22:00:00,0.091953,0.835942,0.013186,0.078767,0.022196,0.011634,0.071549,0.683
2025-09-22 23:00:00,0.03587,0.664271,0.005099,0.030771,0.014116,0.015108,0.074019,0.222
2025-09-23 00:00:00,0.148173,2.11676,0.015397,0.132776,0.025959,0.02499,0.106449,0.678
2025-09-23 01:00:00,0.236232,4.54294,0.038638,0.197594,0.009559,0.011905,0.048656,0.588
2025-09-23 02:00:00,0.057905,0.933948,0.003269,0.054636,0.00396,0.001048,0.034522,0.115
2025-09-23 03:00:00,0.130383,2.17305,0.006217,0.124166,0.036206,0.046204,0.140572,0.603
2025-09-23 04:00:00,0.004629,0.066119,0.001776,0.002853,0.005946,0.002218,0.046908,0.057
2025-09-23 05:00:00,0.00689,0.202678,0.000429,0.006461,0.001344,0.000516,0.030398,0.032
2025-09-23 06:00:00,0.012064,0.188481,0.002052,0.010012,0.004637,0.000945,0.039656,0.139
2025-09-23 07:00:00,0.355849,3.2949,0.013438,0.342411,0.017024,0.008884,0.062217,0.619
2025-09-23 08:00:00,0.039865,0.538725,0.012298,0.027567,0.015913,0.00698,0.070172,0.514
2025-09-23 09:00:00,0.027987,0.538216,0.00406,0.023927,0.009969,0.003268,0.054082,0.196
2025-09-23 10:00:00,0.16956,2.01856,0.027618,0.141942,0.019456,0.006813,0.074184,1.025
2025-09-23 11:00:00,0.121062,1.00885,0.019459,0.101603,0.024481,0.006214,0.076837,1.144
2025-09-23 12:00:00,0.257749,2.14792,0.026365,0.231384,0.041252,0.036237,0.13247,0.938
2025-09-23 13:00:00,0.373089,3.10906,0.160789,0.2123,0.037795,0.020929,0.098558,1.566
2025-09-23 14:00:00,0.09307,0.91245,0.025235,0.067835,0.021438,0.006689,0.078554,0.477
2025-09-23 15:00:00,0.109128,1.55897,0.013136,0.095992,0.021462,0.007804,0.080948,0.575
2025-09-23 16:00:00,0.368862,2.9747,0.053884,0.314978,0.025849,0.015173,0.084587,1.274
2025-09-23 17:00:00,0.085307,0.65621,0.009112,0.076195,0.01757,0.004968,0.077481,0.839
2025-09-23 18:00:00,0.320702,1.90894,0.028605,0.292097,0.038113,0.022443,0.110532,1.464
2025-09-23 19:00:00,0.142201,1.09386,0.01678,0.125421,0.031104,0.017173,0.097215,0.996
2025-09-23 20:00:00,0.506228,3.46732,0.035207,0.471021,0.066972,0.052778,0.162484,2.639
2025-09-23 21:00:00,0.756512,8.79666,0.042926,0.713586,0.055008,0.04212,0.114388,2.765
2025-09-23 22:00:00,0.862484,14.8704,0.051009,0.811475,0.053853,0.050604,0.154102,2.826
2025-09-23 23:00:00,0.128827,4.02585,0.008122,0.120705,0.015913,0.022526,0.059113,0.564
2025-09-24 00:00:00,0.308503,6.42716,0.071174,0.237329,0.029007,0.021423,0.079041,0.933
2025-09-24 01:00:00,0.061952,1.03253,0.007322,0.05463,0.009343,0.005115,0.0484,0.368
2025-09-24 02:00:00,0.033669,0.400801,0.003761,0.029908,0.032129,0.019629,0.071923,0.307
2025-09-24 03:00:00,0.005234,0.047571,0.002333,0.002901,0.047268,0.02582,0.145303,0.157
2025-09-24 04:00:00,0.00397,0.047256,0.000418,0.003552,0.052624,0.00369,0.120934,0.127
2025-09-24 05:00:00,0.005683,0.078936,0.000429,0.005254,0.010855,0.000603,0.044394,0.06
2025-09-24 06:00:00,0.000604,0.01079,0.000341,0.000263,0.009159,0.004854,0.041084,0.044
2025-09-24 07:00:00,0.234926,1.77976,0.010525,0.224401,0.00994,0.009823,0.05594,0.431
2025-09-24 08:00:00,0.131965,1.17827,0.029862,0.102103,0.021647,0.007053,0.087375,1.013
2025-09-24 09:00:00,0.067304,0.400623,0.011812,0.055492,0.019595,0.00515,0.069013,0.495
2025-09-24 10:00:00,0.064485,0.354311,0.008692,0.055793,0.017748,0.004911,0.076765,1.154
2025-09-24 11:00:00,0.349509,1.98585,0.018742,0.330767,0.027057,0.026993,0.096437,0.866
2025-09-24 12:00:00,0.3222,2.64099,0.017628,0.304572,0.027422,0.018514,0.086525,0.961
2025-09-24 13:00:00,0.109888,0.963931,0.010529,0.099359,0.016449,0.005476,0.063681,0.531
2025-09-24 14:00:00,0.119799,1.2479,0.02688,0.092919,0.027294,0.014948,0.09777,1.513
2025-09-24 15:00:00,0.043533,0.659573,0.008546,0.034987,0.030682,0.006761,0.107609,0.684
2025-09-24 16:00:00,0.574,3.7765,0.1066,0.4675,0.0361,0.0298,0.1002,1.392
2025-09-24 17:00:00,0.604227,5.59471,0.054723,0.549504,0.059323,0.065836,0.209569,3.134
2025-09-24 18:00:00,0.890321,4.78667,0.055441,0.83488,0.050612,0.059813,0.152551,2.889
2025-09-24 19:00:00,0.363363,2.11258,0.039677,0.323686,0.038486,0.021259,0.107735,2.565
2025-09-24 20:00:00,0.326146,2.47081,0.016268,0.309878,0.042296,0.030832,0.112448,2.312
2025-09-24 21:00:00,0.066573,0.616416,0.021952,0.044621,0.023709,0.00836,0.074487,0.566
2025-09-24 22:00:00,0.276777,2.42786,0.022478,0.254299,0.073069,0.09336,0.214004,1.311
2025-09-24 23:00:00,9.5607,199.181,0.09508,9.46562,0.023434,0.152971,0.118943,2.397
2025-09-25 00:00:00,0.09086,1.8172,0.022478,0.068382,0.040108,0.04234,0.139234,0.39
2025-09-25 01:00:00,0.454674,9.09347,0.02994,0.424734,0.057846,0.056548,0.169445,1.045
2025-09-25 02:00:00,0.084548,0.91901,0.004624,0.079924,0.014331,0.008349,0.055634,0.725
2025-09-25 03:00:00,0.012928,0.101003,0.005885,0.007043,0.010392,0.002489,0.044176,0.236
2025-09-25 04:00:00,0.002487,0.016807,0.00102,0.001467,0.017482,0.010074,0.061073,0.264
2025-09-25 05:00:00,0.001077,0.012232,0.000754,0.000323,0.003451,0.000871,0.034047,0.103
2025-09-25 06:00:00,0.001764,0.021018,0.000873,0.000891,0.00345,0.000373,0.036634,0.065
2025-09-25 07:00:00,0.089919,0.505163,0.013544,0.076375,0.01635,0.006241,0.061366,0.574
2025-09-25 08:00:00,0.253497,1.81069,0.050411,0.203086,0.029833,0.0089,0.078716,0.909
2025-09-25 09:00:00,0.185091,1.32208,0.018532,0.166559,0.021467,0.009715,0.071643,0.679
2025-09-25 10:00:00,0.04679,0.33421,0.009626,0.037164,0.012615,0.004788,0.06215,0.513
2025-09-25 11:00:00,0.077047,0.601936,0.019991,0.057056,0.01791,0.009651,0.081252,1.189
2025-09-25 12:00:00,0.107471,1.0747,0.043175,0.064296,0.020231,0.006707,0.083329,1.045
2025-09-25 13:00:00,0.159264,1.47467,0.045016,0.114248,0.027675,0.011199,0.079689,0.706
2025-09-25 14:00:00,0.096432,0.964312,0.013683,0.082749,0.017909,0.005834,0.070313,0.638
2025-09-25 15:00:00,0.295904,3.69881,0.202114,0.09379,0.032008,0.007536,0.080514,1.255
2025-09-25 16:00:00,0.155155,1.55154,0.021903,0.133252,0.019083,0.015264,0.078108,1.01
2025-09-25 17:00:00,0.188697,1.68479,0.057102,0.131595,0.02136,0.019069,0.091792,1.511
2025-09-25 18:00:00,1.40058,8.14292,0.052018,1.34856,0.045078,0.066465,0.130967,2.207
2025-09-25 19:00:00,0.512852,3.66324,0.051343,0.461509,0.030515,0.027544,0.0993,1.214
2025-09-25 20:00:00,0.288838,2.00582,0.051258,0.23758,0.055066,0.034731,0.153671,1.894
2025-09-25 21:00:00,0.452009,3.70499,0.080632,0.371377,0.042598,0.046323,0.151213,1.64
2025-09-25 22:00:00,5.1563,37.3645,0.222888,4.93342,0.099875,0.245432,0.231787,4.199
2025-09-25 23:00:00,0.239688,3.1538,0.045747,0.193941,0.07839,0.015794,0.126009,2.342
2025-09-26 00:00:00,0.250356,2.78175,0.029043,0.221313,0.041085,0.024449,0.120632,1.653
2025-09-26 01:00:00,0.191457,1.87702,0.020428,0.171029,0.024551,0.012679,0.070197,0.586
2025-09-26 02:00:00,0.229355,3.01783,0.009676,0.219679,0.016537,0.010632,0.066843,0.745
2025-09-26 03:00:00,0.369043,2.63603,0.040071,0.328972,0.055673,0.019859,0.161876,1.293
2025-09-26 04:00:00,0.204422,1.6224,0.00282,0.201602,0.048208,0.005196,0.092817,0.381
2025-09-26 05:00:00,0.004279,0.033963,0.00188,0.002399,0.004756,0.000311,0.03724,0.14
2025-09-26 06:00:00,0.00427,0.038832,0.000341,0.003929,0.002913,0.00089,0.03568,0.043
2025-09-26 07:00:00,0.142821,1.15179,0.032515,0.110306,0.026651,0.012821,0.098185,0.957
2025-09-26 08:00:00,0.118057,0.655875,0.023597,0.09446,0.022251,0.006977,0.077286,0.833
2025-09-26 09:00:00,0.080581,0.760206,0.034868,0.045713,0.018101,0.00418,0.069066,0.658
2025-09-26 10:00:00,0.084302,0.569598,0.045585,0.038717,0.023047,0.005251,0.080899,1.057
2025-09-26 11:00:00,0.299881,1.82855,0.055153,0.244728,0.046301,0.019379,0.117226,2.606
2025-09-26 12:00:00,0.077411,0.70373,0.020409,0.057002,0.016418,0.006147,0.0619,0.714
2025-09-26 13:00:00,0.135107,1.40736,0.012016,0.123091,0.020019,0.010355,0.073226,0.664
2025-09-26 14:00:00,0.219518,2.28663,0.047244,0.172274,0.043458,0.02076,0.106593,0.922
2025-09-26 15:00:00,0.123058,1.20644,0.023024,0.100034,0.052255,0.042959,0.132594,0.862
2025-09-26 16:00:00,0.38213,3.89928,0.018092,0.364038,0.037577,0.01649,0.117667,1.296
2025-09-26 17:00:00,0.421243,3.09738,0.02155,0.399693,0.039612,0.029051,0.106165,1.02
2025-09-26 18:00:00,0.296818,2.3937,0.023681,0.273137,0.028843,0.022643,0.095973,0.773
2025-09-26 19:00:00,1.15442,9.62019,0.042487,1.11194,0.041441,0.030026,0.115839,1.799
2025-09-26 20:00:00,0.805685,6.49745,0.183215,0.62247,0.057774,0.036292,0.133437,1.826
2025-09-26 21:00:00,0.250796,2.27997,0.040543,0.210253,0.035734,0.016566,0.12231,1.448
2025-09-26 22:00:00,0.252065,3.00077,0.030512,0.221553,0.056235,0.033399,0.183656,2.169
2025-09-26 23:00:00,0.197915,3.2986,0.021215,0.1767,0.041299,0.026613,0.143974,1.019
2025-09-27 00:00:00,0.42171,7.53055,0.027084,0.394626,0.06648,0.056553,0.16426,1.482
2025-09-27 01:00:00,0.272548,3.40687,0.017613,0.254935,0.027753,0.022375,0.105126,0.953
2025-09-27 02:00:00,0.021483,0.244132,0.002196,0.019287,0.006612,0.002356,0.040225,0.158
2025-09-27 03:00:00,0.047352,0.328829,0.004764,0.042588,0.017234,0.009477,0.070449,0.387
2025-09-27 04:00:00,0.000965,0.006617,0.00057,0.000395,0.021587,0.018213,0.084788,0.079
2025-09-27 05:00:00,0.000643,0.011094,7.5e-05,0.000568,0.001207,0.000105,0.030971,0.016
2025-09-27 06:00:00,0.037083,0.882929,0.002346,0.034737,0.002453,0.002028,0.036443,0.1
2025-09-27 07:00:00,0.126743,2.64045,0.010586,0.116157,0.015206,0.00813,0.064793,0.54
2025-09-27 08:00:00,0.286683,3.87409,0.016763,0.26992,0.031152,0.013069,0.092465,1.145
2025-09-27 09:00:00,0.105235,0.939602,0.011377,0.093858,0.022999,0.010639,0.084895,1.033
2025-09-27 10:00:00,0.142341,1.36868,0.022086,0.120255,0.020649,0.013358,0.079386,1.053
2025-09-27 11:00:00,0.237499,1.97915,0.029678,0.207821,0.049314,0.015134,0.110858,1.506
2025-09-27 12:00:00,0.285507,1.37264,0.055014,0.230493,0.061,0.024675,0.132368,2.587
2025-09-27 13:00:00,0.265128,1.22744,0.139526,0.125602,0.054667,0.03569,0.142265,1.137
2025-09-27 14:00:00,0.119518,0.853701,0.014576,0.104942,0.030664,0.014847,0.100519,1.331
2025-09-27 15:00:00,0.187119,2.12635,0.015207,0.171912,0.024937,0.013011,0.090708,1.107
2025-09-27 16:00:00,0.073959,0.672368,0.009243,0.064716,0.022338,0.007832,0.09182,0.691
2025-09-27 17:00:00,0.147594,1.79994,0.019594,0.128,0.023159,0.013051,0.089343,0.768
2025-09-27 18:00:00,0.311637,2.32565,0.039376,0.272261,0.052089,0.018153,0.115543,1.779
2025-09-27 19:00:00,0.339144,2.49371,0.145406,0.193738,0.042214,0.025705,0.104648,1.069
2025-09-27 20:00:00,0.156124,0.813139,0.030323,0.125801,0.043681,0.029969,0.131554,1.296
2025-09-27 21:00:00,0.711568,6.24182,0.038658,0.67291,0.051305,0.088407,0.217708,1.942
2025-09-27 22:00:00,0.140539,1.71389,0.007686,0.132853,0.016765,0.020823,0.090849,0.808
2025-09-27 23:00:00,0.457348,6.7257,0.022572,0.434776,0.03994,0.049383,0.141582,2.053
2025-09-28 00:00:00,0.408539,7.56554,0.01214,0.396399,0.049167,0.045748,0.166427,1.574
2025-09-28 01:00:00,0.152443,1.55553,0.006302,0.146141,0.01342,0.006118,0.055163,0.655
2025-09-28 02:00:00,0.460119,5.00128,0.013426,0.446693,0.018367,0.025458,0.076902,1.203
2025-09-28 03:00:00,0.918828,6.38075,0.025149,0.893679,0.046365,0.032208,0.118517,2.331
2025-09-28 04:00:00,1.26882,6.74905,0.009707,1.25911,0.0203,0.01696,0.068812,0.368
2025-09-28 05:00:00,0.004411,0.026566,0.002283,0.002128,0.004615,0.00219,0.037057,0.098
2025-09-28 06:00:00,0.038255,0.258483,0.004619,0.033636,0.005985,0.001582,0.041481,0.214
2025-09-28 07:00:00,0.153638,1.08196,0.051483,0.102155,0.021236,0.006276,0.0651,0.642
2025-09-28 08:00:00,0.093007,0.815842,0.013612,0.079395,0.019627,0.016904,0.081322,0.734
2025-09-28 09:00:00,0.086917,0.944758,0.024483,0.062434,0.016282,0.006113,0.066432,0.823
2025-09-28 10:00:00,0.067835,0.75372,0.008274,0.059561,0.013416,0.006483,0.063085,0.524
2025-09-28 11:00:00,0.247932,1.30491,0.042295,0.205637,0.041885,0.017591,0.133238,2.214
2025-09-28 12:00:00,0.525083,2.67898,0.051389,0.473694,0.058458,0.051786,0.16835,2.409
2025-09-28 13:00:00,0.673207,5.25943,0.044637,0.62857,0.052679,0.018749,0.116752,1.907
2025-09-28 14:00:00,0.116245,3.63264,0.022227,0.094018,0.034462,0.007647,0.094164,2.228
2025-09-28 15:00:00,0.095792,2.39475,0.015888,0.079904,0.01492,0.007674,0.061277,0.686
2025-09-28 16:00:00,0.130826,1.63532,0.022973,0.107853,0.027014,0.017801,0.103176,1.197
2025-09-28 17:00:00,0.626633,3.52041,0.087268,0.539365,0.05046,0.068095,0.171411,1.95
2025-09-28 18:00:00,0.222817,1.22427,0.039863,0.182954,0.037968,0.018025,0.112271,1.315
2025-09-28 19:00:00,0.234856,1.72419,0.035371,0.199486,0.035214,0.022939,0.115868,1.3942
2025-09-28 20:00:00,0.246896,2.22411,0.030878,0.216018,0.032459,0.027853,0.119464,1.4734
2025-09-28 21:00:00,0.258935,2.72403,0.026386,0.232549,0.029705,0.032767,0.123061,1.5526
2025-09-28 22:00:00,,,,,,,,
2025-09-28 23:00:00,0.283014,3.72387,0.017401,0.265613,0.024196,0.042595,0.130255,1.711
2025-09-29 00:00:00,0.058712,0.793394,0.015245,0.043467,0.007521,0.003078,0.041629,0.287
2025-09-29 01:00:00,0.456081,4.65388,0.020751,0.43533,0.02618,0.012096,0.06709,1.152
2025-09-29 02:00:00,0.310613,4.70625,0.014509,0.296104,0.040001,0.009119,0.120518,1.237
2025-09-29 03:00:00,0.945758,5.31325,0.031758,0.914,0.067349,0.022234,0.187831,2.327
2025-09-29 04:00:00,0.183889,0.772645,0.015899,0.16799,0.05731,0.013361,0.190844,2.036
2025-09-29 05:00:00,0.000476,0.00595,0.000225,0.000251,0.002714,0.000128,0.032576,0.037
2025-09-29 06:00:00,0.009192,0.120957,0.002354,0.006838,0.00437,0.000885,0.038756,0.16
2025-09-29 07:00:00,0.102233,0.798707,0.011975,0.090258,0.026361,0.006027,0.079583,0.946
2025-09-29 08:00:00,0.118601,1.11888,0.016251,0.10235,0.01614,0.007788,0.071529,0.457
2025-09-29 09:00:00,0.213052,1.90224,0.01658,0.196472,0.026422,0.011278,0.095978,0.995
2025-09-29 10:00:00,0.101676,1.41216,0.02127,0.080406,0.01507,0.009815,0.067874,0.829
2025-09-29 11:00:00,0.134263,1.52573,0.077817,0.056446,0.025546,0.008335,0.075725,1.132
2025-09-29 12:00:00,0.130151,1.97201,0.008574,0.121577,0.013469,0.008258,0.065028,0.62
2025-09-29 13:00:00,0.049521,0.77376,0.006356,0.043165,0.012286,0.003615,0.059668,0.439
2025-09-29 14:00:00,0.158299,2.19858,0.012334,0.145965,0.014447,0.006396,0.065291,0.509
2025-09-29 15:00:00,0.4506,7.26774,0.039153,0.411447,0.040427,0.015288,0.095986,1.534
2025-09-29 16:00:00,0.566178,6.58347,0.04945,0.516728,0.05684,0.023343,0.134591,3.832
2025-09-29 17:00:00,0.559856,4.74454,0.04346,0.516396,0.04546,0.02328,0.116611,2.322
2025-09-29 18:00:00,0.23731,1.64798,0.026316,0.210994,0.035851,0.022969,0.128902,1.216
2025-09-29 19:00:00,0.278322,2.67618,0.032562,0.24576,0.034047,0.032944,0.131922,1.386
2025-09-29 20:00:00,0.427522,3.09799,0.060988,0.366534,0.058201,0.047299,0.175543,1.906
2025-09-29 21:00:00,0.279805,2.25649,0.064703,0.215102,0.046704,0.020488,0.11773,2.303
2025-09-29 22:00:00,0.294296,2.6754,0.030875,0.263421,0.048679,0.036018,0.130892,1.634
2025-09-29 23:00:00,0.104414,1.00398,0.008882,0.095532,0.016793,0.012589,0.064286,0.662
2025-09-30 00:00:00,0.039209,0.576614,0.008255,0.030954,0.011507,0.007528,0.047883,0.403
2025-09-30 01:00:00,0.179272,2.35886,0.007604,0.171668,0.01272,0.008755,0.053627,0.544
2025-09-30 02:00:00,0.001709,0.019875,0.000945,0.000764,0.002651,0.000784,0.033464,0.098
2025-09-30 03:00:00,0.361289,2.12523,0.016205,0.345084,0.035601,0.01435,0.098321,1.047
2025-09-30 04:00:00,0.555055,2.50026,0.040258,0.514797,0.052979,0.016057,0.124516,0.945
2025-09-30 05:00:00,0.008163,0.131658,0.002885,0.005278,0.005861,0.000965,0.037658,0.209
2025-09-30 06:00:00,0.046755,0.834924,0.002951,0.043804,0.005008,0.004185,0.039434,0.199
2025-09-30 07:00:00,0.188716,2.41943,0.020186,0.16853,0.023202,0.013702,0.081105,0.977
2025-09-30 08:00:00,0.566695,4.29315,0.079143,0.487552,0.043845,0.030182,0.133283,1.824
2025-09-30 09:00:00,1.24657,10.3881,0.040475,1.20609,0.071909,0.041675,0.171822,3.167
2025-09-30 10:00:00,0.807873,6.84638,0.025587,0.782286,0.061531,0.028658,0.17151,2.853
2025-09-30 11:00:00,0.422367,3.35212,0.035238,0.387129,0.040076,0.019081,0.132462,1.716
2025-09-30 12:00:00,0.111022,0.881115,0.028361,0.082661,0.037624,0.015375,0.09747,1.084
2025-09-30 13:00:00,0.417405,4.09219,0.051928,0.365477,0.050915,0.035911,0.120465,2.759
2025-09-30 14:00:00,0.224193,1.9327,0.042934,0.181259,0.038425,0.013326,0.099578,1.53
2025-09-30 15:00:00,0.472735,4.37718,0.302425,0.17031,0.027239,0.013774,0.092279,1.081
2025-09-30 16:00:00,0.149742,1.18844,0.022308,0.127434,0.028057,0.009958,0.093341,0.998
2025-09-30 17:00:00,0.567694,4.81097,0.042659,0.525035,0.038474,0.033333,0.10929,1.607
2025-09-30 18:00:00,0.573368,3.45402,0.11165,0.461718,0.051965,0.047982,0.14509,2.213
2025-09-30 19:00:00,0.574875,2.24561,0.041983,0.532892,0.053612,0.046944,0.147488,1.799
2025-09-30 20:00:00,0.149804,0.832245,0.021354,0.12845,0.034078,0.013527,0.092163,0.83
2025-09-30 21:00:00,0.198056,1.80052,0.02213,0.175926,0.027634,0.020447,0.095107,1.246
2025-09-30 22:00:00,0.167688,1.35233,0.023036,0.144652,0.069514,0.027364,0.200487,1.273
2025-09-30 23:00:00,0.264679,3.67608,0.015169,0.24951,0.033083,0.01711,0.11522,0.667
2025-10-01 00:00:00,0.167005,2.31952,0.009473,0.157532,0.015474,0.008353,0.055046,0.601
2025-10-01 01:00:00,1.24642,10.0518,0.052922,1.19349,0.058413,0.039556,0.119978,2.469
2025-10-01 02:00:00,0.329985,4.12482,0.019429,0.310556,0.025563,0.017785,0.075843,0.811
2025-10-01 03:00:00,1.88461,5.29386,0.236478,1.64813,0.213393,0.11124,0.361171,2.843
2025-10-01 04:00:00,0.548884,1.55933,0.021667,0.527217,0.166522,0.070893,0.322688,1.66
2025-10-01 05:00:00,0.007326,0.111003,0.00285,0.004476,0.007789,0.000708,0.041121,0.268
2025-10-01 06:00:00,0.088501,1.30147,0.004387,0.084114,0.034132,0.005003,0.100691,0.282
2025-10-01 07:00:00,0.216035,3.48443,0.021053,0.194982,0.0234,0.010865,0.075719,0.985
2025-10-01 08:00:00,0.121899,1.2968,0.007684,0.114215,0.011119,0.009747,0.064621,0.42
2025-10-01 09:00:00,0.183446,1.05429,0.028195,0.155251,0.025184,0.009692,0.077396,0.983
2025-10-01 10:00:00,0.336409,3.50426,0.212226,0.124183,0.021696,0.008998,0.067839,0.911
2025-10-01 11:00:00,0.367825,3.40579,0.027369,0.340456,0.051223,0.029906,0.133265,2.236
2025-10-01 12:00:00,0.275073,3.05637,0.019355,0.255718,0.021517,0.009729,0.070076,1.029
2025-10-01 13:00:00,0.271935,3.23733,0.02027,0.251665,0.027933,0.018633,0.098963,0.908
2025-10-01 14:00:00,0.504918,5.73773,0.045377,0.459541,0.039739,0.032851,0.136046,1.688
2025-10-01 15:00:00,0.186043,2.81884,0.037334,0.148709,0.019377,0.01395,0.068312,0.815
2025-10-01 16:00:00,0.268976,3.53916,0.02647,0.242506,0.029992,0.015082,0.085847,1.301
2025-10-01 17:00:00,0.316197,3.29372,0.143181,0.173016,0.039235,0.021878,0.091348,1.312
2025-10-01 18:00:00,0.335169,3.64312,0.03578,0.299389,0.042915,0.025802,0.141584,2.155
2025-10-01 19:00:00,0.269614,2.17431,0.023903,0.245711,0.038942,0.020695,0.102671,1.755
2025-10-01 20:00:00,0.320584,3.4846,0.195524,0.12506,0.059499,0.043241,0.142529,2.269
2025-10-01 21:00:00,0.189854,3.79706,0.021528,0.168326,0.028999,0.015632,0.08735,1.014
2025-10-01 22:00:00,0.406327,6.15647,0.149827,0.2565,0.041179,0.045105,0.126065,1.346
2025-10-01 23:00:00,0.085317,2.03133,0.009587,0.07573,0.024701,0.011936,0.098039,0.613
2025-10-02 00:00:00,0.280711,6.37977,0.018757,0.261954,0.021512,0.017298,0.087019,1.668
2025-10-02 01:00:00,0.241009,1.94363,0.029459,0.21155,0.023058,0.027317,0.086445,0.598
2025-10-02 02:00:00,0.287611,4.22958,0.006681,0.28093,0.011082,0.008098,0.044663,0.347
2025-10-02 03:00:00,0.302619,1.62698,0.022866,0.279753,0.052354,0.026724,0.136067,3.074
2025-10-02 04:00:00,0.132828,0.383897,0.00583,0.126998,0.035834,0.024336,0.105377,0.507
2025-10-02 05:00:00,0.000353,0.008415,0.000122,0.000231,0.001497,0.000141,0.030343,0.035
2025-10-02 06:00:00,0.01654,0.68921,0.000999,0.015541,0.003796,0.000923,0.035573,0.057
2025-10-02 07:00:00,0.288994,18.062,0.008651,0.280343,0.012595,0.007447,0.047154,0.526
2025-10-02 08:00:00,0.090753,1.74526,0.005522,0.085231,0.012483,0.008822,0.056052,0.554
2025-10-02 09:00:00,0.126162,1.85533,0.032223,0.093939,0.017152,0.004406,0.054638,0.517
2025-10-02 10:00:00,0.122779,1.33456,0.011866,0.110913,0.016026,0.008722,0.067188,0.709
2025-10-02 11:00:00,0.414719,4.82231,0.019598,0.395121,0.037995,0.019277,0.099513,0.879
2025-10-02 12:00:00,0.129926,1.27379,0.021172,0.108754,0.032005,0.012663,0.088859,0.876
2025-10-02 13:00:00,0.171617,1.14411,0.020908,0.150709,0.025071,0.010857,0.074142,0.859
2025-10-02 14:00:00,0.467754,6.49657,0.037364,0.43039,0.036271,0.015533,0.083994,1.423
2025-10-02 15:00:00,0.243366,3.92526,0.048722,0.194644,0.027748,0.005594,0.071379,1.232
2025-10-02 16:00:00,0.655337,12.6026,0.052271,0.603066,0.05826,0.044844,0.127868,1.341
2025-10-02 17:00:00,0.144252,2.32662,0.063302,0.08095,0.023225,0.011218,0.06937,0.881
2025-10-02 18:00:00,0.151836,1.72543,0.051668,0.100168,0.014339,0.016035,0.064603,0.571
2025-10-02 19:00:00,0.449634,5.91621,0.104928,0.344706,0.052453,0.033519,0.1768,2.283
2025-10-02 20:00:00,0.158648,1.08664,0.021783,0.136865,0.020862,0.011769,0.061335,0.707
2025-10-02 21:00:00,0.153927,1.5091,0.032716,0.121211,0.016065,0.013615,0.062286,0.697
2025-10-02 22:00:00,0.21067,1.44294,0.015984,0.194686,0.041188,0.035809,0.123385,0.98
2025-10-02 23:00:00,0.047286,0.315239,0.017204,0.030082,0.041183,0.016417,0.125667,1.052
2025-10-03 00:00:00,0.051444,0.099314,0.010766,0.040678,0.031094,0.007252,0.0976,0.934
2025-10-03 01:00:00,0.385761,0.722398,0.03475,0.351011,0.05852,0.025211,0.125077,1.545
2025-10-03 02:00:00,0.127397,0.238572,0.031756,0.095641,0.045303,0.022834,0.130701,1.073
2025-10-03 03:00:00,0.301558,1.7331,0.032438,0.26912,0.053269,0.041228,0.163298,1.705
2025-10-03 04:00:00,0.386151,1.20672,0.04335,0.342801,0.068985,0.016941,0.16296,2.414
2025-10-03 05:00:00,0.234425,2.54809,0.017067,0.217358,0.011573,0.005692,0.042735,0.408
2025-10-03 06:00:00,0.052435,0.391297,0.00619,0.046245,0.007581,0.003515,0.041244,0.238
2025-10-03 07:00:00,0.007321,0.079567,0.004751,0.00257,0.00408,0.001642,0.036821,0.102
2025-10-03 08:00:00,0.025354,0.342627,0.008047,0.017307,0.016587,0.00563,0.062416,0.625
2025-10-03 09:00:00,0.128592,1.0716,0.008477,0.120115,0.016359,0.009446,0.068752,0.959
2025-10-03 10:00:00,0.170959,3.41918,0.011479,0.15948,0.015633,0.016993,0.064851,0.658
2025-10-03 11:00:00,0.102401,0.867807,0.018546,0.083855,0.01266,0.008287,0.079708,1.063
2025-10-03 12:00:00,0.302582,3.02583,0.020161,0.282421,0.036979,0.025303,0.102076,1.1
2025-10-03 13:00:00,0.336475,3.82357,0.018142,0.318333,0.024867,0.012271,0.073738,0.801
2025-10-03 14:00:00,0.387398,2.72815,0.032318,0.35508,0.02738,0.017171,0.085196,1.528
2025-10-03 15:00:00,0.291339,2.5556,0.02266,0.268679,0.026293,0.01081,0.077394,1
2025-10-03 16:00:00,0.346046,8.65116,0.030386,0.31566,0.018153,0.017519,0.067896,0.948
2025-10-03 17:00:00,0.059417,1.02444,0.003822,0.055595,0.01001,0.008041,0.052766,0.23
2025-10-03 18:00:00,0.097795,1.43817,0.012632,0.085163,0.023921,0.01219,0.072881,0.547
2025-10-03 19:00:00,0.340181,2.78837,0.029047,0.311134,0.025932,0.017726,0.083979,1.171
2025-10-03 20:00:00,0.150575,1.10717,0.014774,0.135801,0.023331,0.00721,0.075513,1.377
2025-10-03 21:00:00,0.089744,1.18083,0.006612,0.083132,0.021949,0.018296,0.078473,0.654
2025-10-03 22:00:00,0.106549,1.61438,0.039122,0.067427,0.0205,0.012656,0.061089,0.605
2025-10-03 23:00:00,0.044613,1.85886,0.005004,0.039609,0.01752,0.005565,0.065127,0.765
2025-10-04 00:00:00,0.4217,7.5305,0.0271,0.3946,0.0665,0.0566,0.1643,1.482
2025-10-04 01:00:00,0.2725,3.4069,0.0176,0.2549,0.0278,0.0224,0.1051,0.953
2025-10-04 02:00:00,0.0215,0.2441,0.0022,0.0193,0.0066,0.0024,0.0402,0.158
2025-10-04 03:00:00,0.0474,0.3288,0.0048,0.0426,0.0172,0.0095,0.0704,0.387
2025-10-04 04:00:00,0.001,0.0066,0.0006,0.0004,0.0216,0.0182,0.0848,0.079
2025-10-04 05:00:00,0.0006,0.0111,0.0001,0.0006,0.0012,0.0001,0.031,0.016
2025-10-04 06:00:00,0.0371,0.8829,0.0023,0.0347,0.0025,0.002,0.0364,0.1
2025-10-04 07:00:00,0.1267,2.6404,0.0106,0.1162,0.0152,0.0081,0.0648,0.54
2025-10-04 08:00:00,0.2867,3.8741,0.0168,0.2699,0.0312,0.0131,0.0925,1.145
2025-10-04 09:00:00,0.1052,0.9396,0.0114,0.0939,0.023,0.0106,0.0849,1.033
2025-10-04 10:00:00,0.1423,1.3687,0.0221,0.1203,0.0206,0.0134,0.0794,1.053
2025-10-04 11:00:00,0.2375,1.9792,0.0297,0.2078,0.0493,0.0151,0.1109,1.506
2025-10-04 12:00:00,0.2855,1.3726,0.055,0.2305,0.061,0.0247,0.1324,2.587
2025-10-04 13:00:00,0.2651,1.2274,0.1395,0.1256,0.0547,0.0357,0.1423,1.137
2025-10-04 14:00:00,0.1195,0.8537,0.0146,0.1049,0.0307,0.0148,0.1005,1.331
2025-10-04 15:00:00,0.1871,2.1263,0.0152,0.1719,0.0249,0.013,0.0907,1.107
2025-10-04 16:00:00,0.074,0.6724,0.0092,0.0647,0.0223,0.0078,0.0918,0.691
2025-10-04 17:00:00,0.1476,1.7999,0.0196,0.128,0.0232,0.0131,0.0893,0.768
2025-10-04 18:00:00,0.3116,2.3256,0.0394,0.2723,0.0521,0.0182,0.1155,1.779
2025-10-04 19:00:00,0.3391,2.4937,0.1454,0.1937,0.0422,0.0257,0.1046,1.069
2025-10-04 20:00:00,0.1561,0.8131,0.0303,0.1258,0.0437,0.03,0.1316,1.296
2025-10-04 21:00:00,0.7116,6.2418,0.0387,0.6729,0.0513,0.0884,0.2177,1.942
2025-10-04 22:00:00,0.1405,1.7139,0.0077,0.1329,0.0168,0.0208,0.0908,0.808
2025-10-04 23:00:00,0.4573,6.7257,0.0226,0.4348,0.0399,0.0494,0.1416,2.053
2025-10-05 00:00:00,0.4085,7.5655,0.0121,0.3964,0.0492,0.0457,0.1664,1.574
2025-10-05 01:00:00,0.1524,1.5555,0.0063,0.1461,0.0134,0.0061,0.0552,0.655
2025-10-05 02:00:00,0.4601,5.0013,0.0134,0.4467,0.0184,0.0255,0.0769,1.203
2025-10-05 03:00:00,0.9188,6.3808,0.0251,0.8937,0.0464,0.0322,0.1185,2.331
2025-10-05 04:00:00,1.2688,6.7491,0.0097,1.2591,0.0203,0.017,0.0688,0.368
2025-10-05 05:00:00,0.0044,0.0266,0.0023,0.0021,0.0046,0.0022,0.0371,0.098
2025-10-05 06:00:00,0.0383,0.2585,0.0046,0.0336,0.006,0.0016,0.0415,0.214
2025-10-05 07:00:00,0.1536,1.082,0.0515,0.1022,0.0212,0.0063,0.0651,0.642
2025-10-05 08:00:00,0.093,0.8158,0.0136,0.0794,0.0196,0.0169,0.0813,0.734
2025-10-05 09:00:00,0.0869,0.9448,0.0245,0.0624,0.0163,0.0061,0.0664,0.823
2025-10-05 10:00:00,0.0678,0.7537,0.0083,0.0596,0.0134,0.0065,0.0631,0.524
2025-10-05 11:00:00,0.2479,1.3049,0.0423,0.2056,0.0419,0.0176,0.1332,2.214
2025-10-05 12:00:00,0.5251,2.679,0.0514,0.4737,0.0585,0.0518,0.1684,2.409
2025-10-05 13:00:00,0.6732,5.2594,0.0446,0.6286,0.0527,0.0187,0.1168,1.907
2025-10-05 14:00:00,0.1162,3.6326,0.0222,0.094,0.0345,0.0076,0.0942,2.228
2025-10-05 15:00:00,0.0958,2.3948,0.0159,0.0799,0.0149,0.0077,0.0613,0.686
2025-10-05 16:00:00,0.1308,1.6353,0.023,0.1079,0.027,0.0178,0.1032,1.197
2025-10-05 17:00:00,0.6266,3.5204,0.0873,0.5394,0.0505,0.0681,0.1714,1.95
2025-10-05 18:00:00,2.02268,17.1414,0.132338,1.89035,0.08217,0.070227,0.161202,4.097
2025-10-05 19:00:00,0.200017,1.40858,0.047709,0.152308,0.034031,0.011827,0.079704,1.447
2025-10-05 20:00:00,0.16714,3.3428,0.057816,0.109324,0.034742,0.011884,0.085549,0.91
2025-10-05 21:00:00,0.027536,0.417211,0.008895,0.018641,0.009602,0.002681,0.044509,0.403
2025-10-05 22:00:00,0.232788,2.64532,0.041392,0.191396,0.03454,0.011206,0.080171,1.376
2025-10-05 23:00:00,0.283,3.7239,0.0174,0.2656,0.0242,0.0426,0.1303,1.711
2025-10-06 00:00:00,0.0587,0.7934,0.0152,0.0435,0.0075,0.0031,0.0416,0.287
2025-10-06 01:00:00,0.4561,4.6539,0.0208,0.4353,0.0262,0.0121,0.0671,1.152
2025-10-06 02:00:00,0.3106,4.7062,0.0145,0.2961,0.04,0.0091,0.1205,1.237
2025-10-06 03:00:00,0.9458,5.3132,0.0318,0.914,0.0673,0.0222,0.1878,2.327
2025-10-06 04:00:00,0.1839,0.7726,0.0159,0.168,0.0573,0.0134,0.1908,2.036
2025-10-06 05:00:00,0.0005,0.006,0.0002,0.0003,0.0027,0.0001,0.0326,0.037
2025-10-06 06:00:00,0.0092,0.121,0.0024,0.0068,0.0044,0.0009,0.0388,0.16
2025-10-06 07:00:00,0.1022,0.7987,0.012,0.0903,0.0264,0.006,0.0796,0.946
2025-10-06 08:00:00,0.1186,1.1189,0.0163,0.1024,0.0161,0.0078,0.0715,0.457
2025-10-06 09:00:00,0.2131,1.9022,0.0166,0.1965,0.0264,0.0113,0.096,0.995
2025-10-06 10:00:00,0.1017,1.4122,0.0213,0.0804,0.0151,0.0098,0.0679,0.829
2025-10-06 11:00:00,0.1343,1.5257,0.0778,0.0564,0.0255,0.0083,0.0757,1.132
2025-10-06 12:00:00,0.1302,1.972,0.0086,0.1216,0.0135,0.0083,0.065,0.62
2025-10-06 13:00:00,0.0495,0.7738,0.0064,0.0432,0.0123,0.0036,0.0597,0.439
2025-10-06 14:00:00,0.1583,2.1986,0.0123,0.146,0.0144,0.0064,0.0653,0.509
2025-10-06 15:00:00,0.4506,7.2677,0.0392,0.4114,0.0404,0.0153,0.096,1.534
2025-10-06 16:00:00,0.5662,6.5835,0.0495,0.5167,0.0568,0.0233,0.1346,3.832
2025-10-06 17:00:00,0.5599,4.7445,0.0435,0.5164,0.0455,0.0233,0.1166,2.322
2025-10-06 18:00:00,0.2373,1.648,0.0263,0.211,0.0359,0.023,0.1289,1.216
2025-10-06 19:00:00,0.2783,2.6762,0.0326,0.2458,0.034,0.0329,0.1319,1.386
2025-10-06 20:00:00,0.4275,3.098,0.061,0.3665,0.0582,0.0473,0.1755,1.906
2025-10-06 21:00:00,0.2798,2.2565,0.0647,0.2151,0.0467,0.0205,0.1177,2.303
2025-10-06 22:00:00,0.2943,2.6754,0.0309,0.2634,0.0487,0.036,0.1309,1.634
2025-10-06 23:00:00,0.1044,1.004,0.0089,0.0955,0.0168,0.0126,0.0643,0.662
2025-10-07 00:00:00,0.0392,0.5766,0.0083,0.031,0.0115,0.0075,0.0479,0.403
2025-10-07 01:00:00,0.1793,2.3589,0.0076,0.1717,0.0127,0.0088,0.0536,0.544
2025-10-07 02:00:00,0.0017,0.0199,0.0009,0.0008,0.0027,0.0008,0.0335,0.098
2025-10-07 03:00:00,0.3613,2.1252,0.0162,0.3451,0.0356,0.0143,0.0983,1.047
2025-10-07 04:00:00,0.5551,2.5003,0.0403,0.5148,0.053,0.0161,0.1245,0.945
2025-10-07 05:00:00,0.0082,0.1317,0.0029,0.0053,0.0059,0.001,0.0377,0.209
2025-10-07 06:00:00,0.0468,0.8349,0.003,0.0438,0.005,0.0042,0.0394,0.199
2025-10-07 07:00:00,0.1887,2.4194,0.0202,0.1685,0.0232,0.0137,0.0811,0.977
2025-10-07 08:00:00,0.5667,4.2932,0.0791,0.4876,0.0438,0.0302,0.1333,1.824
2025-10-07 09:00:00,1.2466,10.3881,0.0405,1.2061,0.0719,0.0417,0.1718,3.167
2025-10-07 10:00:00,0.8079,6.8464,0.0256,0.7823,0.0615,0.0287,0.1715,2.853
2025-10-07 11:00:00,0.4224,3.3521,0.0352,0.3871,0.0401,0.0191,0.1325,1.716
2025-10-07 12:00:00,0.111,0.8811,0.0284,0.0827,0.0376,0.0154,0.0975,1.084
2025-10-07 13:00:00,0.4174,4.0922,0.0519,0.3655,0.0509,0.0359,0.1205,2.759
2025-10-07 14:00:00,0.2242,1.9327,0.0429,0.1813,0.0384,0.0133,0.0996,1.53
2025-10-07 15:00:00,0.4727,4.3772,0.3024,0.1703,0.0272,0.0138,0.0923,1.081
2025-10-07 16:00:00,0.1497,1.1884,0.0223,0.1274,0.0281,0.01,0.0933,0.998
2025-10-07 17:00:00,0.5677,4.811,0.0427,0.525,0.0385,0.0333,0.1093,1.607
2025-10-07 18:00:00,0.5734,3.454,0.1117,0.4617,0.052,0.048,0.1451,2.213
2025-10-07 19:00:00,0.5749,2.2456,0.042,0.5329,0.0536,0.0469,0.1475,1.799
2025-10-07 20:00:00,0.1498,0.8322,0.0214,0.1285,0.0341,0.0135,0.0922,0.83
2025-10-07 21:00:00,0.1981,1.8005,0.0221,0.1759,0.0276,0.0204,0.0951,1.246
2025-10-07 22:00:00,0.1677,1.3523,0.023,0.1447,0.0695,0.0274,0.2005,1.273
2025-10-07 23:00:00,0.585558,5.42183,0.156519,0.429039,0.039429,0.026071,0.115818,2
2025-10-08 00:00:00,0.232705,2.83787,0.008422,0.224283,0.008755,0.021092,0.052093,0.415
2025-10-08 01:00:00,0.086051,0.935331,0.007274,0.078777,0.004583,0.004602,0.040025,0.271
2025-10-08 02:00:00,0.133504,1.7116,0.012292,0.121212,0.010306,0.003443,0.047132,0.549
2025-10-08 03:00:00,0.153008,0.728613,0.013263,0.139745,0.042222,0.044066,0.124906,0.567
2025-10-08 04:00:00,0.038609,0.196983,0.006196,0.032413,0.01196,0.005244,0.049881,0.239
2025-10-08 05:00:00,0.001009,0.007764,0.000122,0.000887,0.001944,0.000144,0.031992,0.034
2025-10-08 06:00:00,0.012026,0.187904,0.001099,0.010927,0.003823,0.000569,0.036224,0.123
2025-10-08 07:00:00,0.051091,0.370213,0.005033,0.046058,0.012202,0.002535,0.047087,0.232
2025-10-08 08:00:00,0.16545,1.25341,0.022613,0.142837,0.0136,0.006593,0.057075,0.614
2025-10-08 09:00:00,0.100782,0.654418,0.008636,0.092146,0.014962,0.005937,0.058757,0.512
2025-10-08 10:00:00,0.034246,0.16154,0.007695,0.026551,0.019205,0.005739,0.069896,0.553
2025-10-08 11:00:00,0.070116,0.574719,0.019859,0.050257,0.018792,0.003985,0.080966,0.631
2025-10-08 12:00:00,0.150477,1.8351,0.040995,0.109482,0.0256,0.008194,0.089136,1.355
2025-10-08 13:00:00,0.111464,1.13739,0.024242,0.087222,0.01191,0.006504,0.07166,1.037
2025-10-08 14:00:00,0.141256,1.03865,0.013151,0.128105,0.016769,0.01159,0.075266,0.764
2025-10-08 15:00:00,0.135869,1.99808,0.046175,0.089694,0.019012,0.009856,0.072278,0.755
2025-10-08 16:00:00,0.176548,1.60498,0.032486,0.144062,0.023714,0.016181,0.079567,1.025
2025-10-08 17:00:00,0.182702,1.75675,0.020693,0.162009,0.049866,0.086809,0.162379,0.804
2025-10-08 18:00:00,0.430192,5.24624,0.048945,0.381247,0.049179,0.035535,0.1398,1.834
2025-10-08 19:00:00,0.190965,1.8362,0.028764,0.162201,0.04236,0.030674,0.141604,1.239
2025-10-08 20:00:00,0.086449,0.496835,0.016416,0.070033,0.030393,0.012666,0.083443,0.784
2025-10-08 21:00:00,0.081965,0.611681,0.008076,0.073889,0.018537,0.006013,0.062282,0.751
2025-10-08 22:00:00,0.132365,1.10303,0.015339,0.117026,0.012032,0.009265,0.059042,0.662
2025-10-08 23:00:00,0.446997,4.46996,0.051077,0.39592,0.065813,0.02526,0.139937,3.457
2025-10-09 00:00:00,0.5205,7.03377,0.046485,0.474015,0.06292,0.035688,0.117729,2.853
2025-10-09 01:00:00,0.460846,3.33946,0.032339,0.428507,0.058413,0.021781,0.117279,1.734
2025-10-09 02:00:00,0.692361,6.41075,0.048034,0.644327,0.054924,0.028377,0.111682,2.135
2025-10-09 03:00:00,1.06801,3.31679,0.065383,1.00262,0.091259,0.037837,0.171821,3.081
2025-10-09 04:00:00,0.465986,1.50318,0.055254,0.410732,0.062907,0.014014,0.115828,1.711
2025-10-09 05:00:00,0.006421,0.028406,0.00489,0.001531,0.006184,0.000399,0.0398,0.176
2025-10-09 06:00:00,0.029635,0.151201,0.009689,0.019946,0.01112,0.000992,0.047296,0.359
2025-10-09 07:00:00,0.129587,1.0982,0.013883,0.115704,0.017165,0.008847,0.093779,0.691
2025-10-09 08:00:00,0.226733,2.51925,0.016792,0.209941,0.019054,0.014355,0.070397,1.126
2025-10-09 09:00:00,0.175285,3.37086,0.012497,0.162788,0.016785,0.004801,0.060516,0.659
2025-10-09 10:00:00,0.109554,1.95629,0.011136,0.098418,0.019691,0.012986,0.071185,0.483
2025-10-09 11:00:00,0.125811,1.3384,0.011323,0.114488,0.02596,0.013653,0.078387,0.639
2025-10-09 12:00:00,0.020986,0.308615,0.006694,0.014292,0.016441,0.003285,0.06591,0.578
2025-10-09 13:00:00,0.071126,1.27012,0.010497,0.060629,0.014597,0.0103,0.062344,0.499
2025-10-09 14:00:00,0.137164,2.98183,0.010612,0.126552,0.013872,0.007586,0.058954,0.479
2025-10-09 15:00:00,0.029593,0.411023,0.008881,0.020712,0.014369,0.002428,0.070649,0.473
2025-10-09 16:00:00,0.209942,1.87448,0.02499,0.184952,0.036154,0.013038,0.123071,1.242
2025-10-09 17:00:00,0.040705,0.25441,0.008969,0.031736,0.032525,0.023101,0.094039,0.662
2025-10-09 18:00:00,0.261596,1.86855,0.024483,0.237113,0.034377,0.020314,0.117253,1.234
2025-10-09 19:00:00,0.132835,0.840728,0.032543,0.100292,0.039799,0.024217,0.122399,1.482
2025-10-09 20:00:00,0.11386,0.720642,0.021656,0.092204,0.036384,0.011356,0.093153,0.791
2025-10-09 21:00:00,0.188862,1.62813,0.026362,0.1625,0.026316,0.019737,0.092881,0.796
2025-10-09 22:00:00,0.394083,3.64892,0.040996,0.353087,0.05023,0.041965,0.142701,2.238
2025-10-09 23:00:00,0.109936,0.981584,0.011608,0.098328,0.040837,0.032351,0.101438,0.689
2025-10-10 00:00:00,0.135797,1.38568,0.012332,0.123465,0.016588,0.011707,0.061767,0.608
2025-10-10 01:00:00,0.03741,0.296898,0.022132,0.015278,0.006557,0.001984,0.040774,0.356
2025-10-10 02:00:00,0.090604,1.37279,0.004965,0.085639,0.008043,0.004185,0.042299,0.228
2025-10-10 03:00:00,0.127543,0.996427,0.005357,0.122186,0.028818,0.006911,0.072856,1.79
2025-10-10 04:00:00,0.023901,0.127136,0.00116,0.022741,0.008669,0.001015,0.042406,0.171
2025-10-10 05:00:00,0.005553,0.063102,0.000605,0.004948,0.001672,0.000306,0.03119,0.037
2025-10-10 06:00:00,0.003629,0.042194,0.000898,0.002731,0.002449,0.000358,0.034569,0.056
2025-10-10 07:00:00,0.063707,0.468435,0.008955,0.054752,0.017431,0.005261,0.065857,0.92
2025-10-10 08:00:00,0.250599,2.27818,0.042386,0.208213,0.03163,0.012513,0.159882,1.142
2025-10-10 09:00:00,0.171784,1.62061,0.094016,0.077768,0.041549,0.007769,0.223991,1.814
2025-10-10 10:00:00,0.112915,1.37701,0.062672,0.050243,0.037416,0.008821,0.221868,1.137
2025-10-10 11:00:00,0.13528,2.18195,0.064401,0.070879,0.066877,0.006199,0.237197,1.974
2025-10-10 12:00:00,0.084155,0.713181,0.048591,0.035564,0.065727,0.009593,0.244597,1.802
2025-10-10 13:00:00,0.176189,2.14865,0.059037,0.117152,0.060104,0.006473,0.232251,1.874
2025-10-10 14:00:00,0.068727,0.545443,0.041084,0.027643,0.06161,0.007489,0.234851,1.794
2025-10-10 15:00:00,0.177306,1.5026,0.048829,0.128477,0.040525,0.013931,0.234485,1.46
2025-10-10 16:00:00,0.220245,1.57318,0.068688,0.151557,0.046689,0.012311,0.225726,1.883
2025-10-10 17:00:00,0.150554,1.10702,0.056379,0.094175,0.0521,0.017891,0.235592,1.909
2025-10-10 18:00:00,0.217654,1.12193,0.052032,0.165622,0.031422,0.017424,0.113041,1.319
2025-10-10 19:00:00,0.175823,0.915744,0.025768,0.150055,0.040611,0.018293,0.111205,1.154
2025-10-10 20:00:00,0.247492,2.02862,0.029749,0.217743,0.054459,0.044704,0.146424,2.053
2025-10-10 21:00:00,0.251614,1.90617,0.030135,0.221479,0.053162,0.045483,0.219678,1.423
2025-10-10 22:00:00,0.173082,1.13869,0.059365,0.113717,0.028953,0.030449,0.094088,0.642
2025-10-10 23:00:00,0.180315,1.91824,0.01827,0.162045,0.01721,0.020391,0.078872,0.507
2025-10-11 00:00:00,0.214535,1.88188,0.017019,0.197516,0.033892,0.026654,0.110569,1.13
2025-10-11 01:00:00,0.154745,1.35741,0.009894,0.144851,0.03241,0.013362,0.097839,0.661
2025-10-11 02:00:00,0.052891,0.394703,0.005035,0.047856,0.011428,0.007879,0.058181,0.329
2025-10-11 03:00:00,0.461391,2.8837,0.021586,0.439805,0.069851,0.126924,0.173621,1.214
2025-10-11 04:00:00,0.50039,2.77995,0.031862,0.468528,0.037786,0.032592,0.080067,1.643
2025-10-11 05:00:00,0.01372,0.129435,0.001848,0.011872,0.002023,0.00058,0.032218,0.053
2025-10-11 06:00:00,0.06406,0.821264,0.003865,0.060195,0.004614,0.001755,0.038526,0.172
2025-10-11 07:00:00,0.050795,0.302358,0.007394,0.043401,0.012341,0.004508,0.054666,0.5
2025-10-11 08:00:00,0.16613,1.51028,0.045081,0.121049,0.032067,0.024611,0.105353,0.846
2025-10-11 09:00:00,0.094732,0.776495,0.011922,0.08281,0.021528,0.010432,0.077074,0.515
2025-10-11 10:00:00,0.198835,3.01262,0.042842,0.155993,0.024951,0.018969,0.08556,1.686
2025-10-11 11:00:00,0.143706,1.35571,0.028226,0.11548,0.025369,0.012639,0.086629,1.064
2025-10-11 12:00:00,0.138376,1.57247,0.020545,0.117831,0.044544,0.041244,0.163322,0.867
2025-10-11 13:00:00,0.13066,1.39,0.024602,0.106058,0.028358,0.010287,0.103887,1.521
2025-10-11 14:00:00,0.080203,1.17945,0.013806,0.066397,0.022976,0.008165,0.073067,0.893
2025-10-11 15:00:00,0.29406,2.67326,0.019518,0.274542,0.031213,0.01094,0.093759,1.213
2025-10-11 16:00:00,0.101026,0.97141,0.012587,0.088439,0.015504,0.008806,0.067875,0.786
2025-10-11 17:00:00,0.087208,0.80747,0.020496,0.066712,0.024675,0.00827,0.080214,0.849
2025-10-11 18:00:00,0.244157,1.69554,0.028791,0.215366,0.037103,0.019971,0.105567,1.473
2025-10-11 19:00:00,0.081623,0.609135,0.024343,0.05728,0.033048,0.012111,0.104377,0.805
2025-10-11 20:00:00,0.233901,1.79923,0.064841,0.16906,0.031054,0.014389,0.083839,1.365
2025-10-11 21:00:00,0.149465,1.18624,0.022801,0.126664,0.05853,0.049963,0.171266,1.002
2025-10-11 22:00:00,0.233648,1.28378,0.018815,0.214833,0.094719,0.026691,0.182287,1.515
2025-10-11 23:00:00,0.533858,5.2339,0.320077,0.213781,0.083349,0.060542,0.195304,2.92
2025-10-12 00:00:00,0.466755,7.07204,0.041434,0.425321,0.046098,0.040548,0.127767,1.476
2025-10-12 01:00:00,0.746521,8.11436,0.068908,0.677613,0.047448,0.029422,0.129792,1.719
2025-10-12 02:00:00,0.134776,2.10585,0.022412,0.112364,0.010452,0.005679,0.047779,0.67
2025-10-12 03:00:00,0.362751,2.13383,0.015138,0.347613,0.044134,0.023053,0.131604,2.756
2025-10-12 04:00:00,0.063061,0.420416,0.003628,0.059433,0.030396,0.005282,0.080411,1.884
2025-10-12 05:00:00,0.005412,0.06938,0.000581,0.004831,0.00333,0.000407,0.033791,0.07
2025-10-12 06:00:00,0.054592,1.09182,0.002209,0.052383,0.004058,0.002435,0.036117,0.083
2025-10-12 07:00:00,0.058626,0.357473,0.014297,0.044329,0.017852,0.005313,0.072859,0.538
2025-10-12 08:00:00,0.03575,0.297923,0.004909,0.030841,0.021742,0.005039,0.075454,0.8
2025-10-12 09:00:00,0.07552,0.651027,0.006629,0.068891,0.026077,0.018455,0.081124,0.718
2025-10-12 10:00:00,0.403218,3.25175,0.02569,0.377528,0.026518,0.02433,0.103993,1.189
2025-10-12 11:00:00,0.56517,2.74355,0.041496,0.523674,0.073716,0.070267,0.161414,1.768
2025-10-12 12:00:00,0.311871,0.880996,0.065519,0.246352,0.074747,0.051602,0.190087,2.495
2025-10-12 13:00:00,0.438162,1.82568,0.042987,0.395175,0.058287,0.025223,0.147961,1.881
2025-10-12 14:00:00,0.147176,0.427842,0.060358,0.086818,0.04355,0.010343,0.172345,1.747
2025-10-12 15:00:00,0.129744,0.487761,0.02306,0.106684,0.029215,0.011012,0.094948,0.833
2025-10-12 16:00:00,0.191578,0.825767,0.048941,0.142637,0.034822,0.018069,0.123967,1.423
2025-10-12 17:00:00,0.106074,0.509971,0.02925,0.076824,0.034105,0.013854,0.100062,1.318
2025-10-12 18:00:00,0.321668,1.07223,0.039602,0.282066,0.07639,0.04699,0.250281,2.22
2025-10-12 19:00:00,0.397293,1.71247,0.096225,0.301068,0.10097,0.079832,0.273945,2.211
2025-10-12 20:00:00,0.138063,0.595097,0.019686,0.118377,0.036006,0.017711,0.108104,1.1
2025-10-12 21:00:00,0.499908,2.97565,0.031579,0.468329,0.053995,0.029554,0.13399,2.421
2025-10-12 22:00:00,0.651093,4.39928,0.051349,0.599744,0.066237,0.031331,0.202568,2.572
2025-10-12 23:00:00,1.99527,19.9527,0.106526,1.88874,0.085911,0.07469,0.221636,4.406
2025-10-13 00:00:00,2.17811,14.3297,0.086143,2.09196,0.070962,0.077283,0.146141,3.766
2025-10-13 01:00:00,1.38427,6.46854,0.074818,1.30945,0.07298,0.070606,0.170178,3.401
2025-10-13 02:00:00,0.463411,2.66328,0.0145,0.448911,0.01832,0.014774,0.060924,0.886
2025-10-13 03:00:00,0.67211,3.50057,0.017232,0.654878,0.033656,0.019651,0.089004,1.684
2025-10-13 04:00:00,0.129009,0.658211,0.004495,0.124514,0.014461,0.003752,0.054302,0.726
2025-10-13 05:00:00,0.005071,0.032098,0.000764,0.004307,0.00377,0.000521,0.035342,0.086
2025-10-13 06:00:00,0.051831,0.392654,0.003402,0.048429,0.005818,0.003268,0.04129,0.22
2025-10-13 07:00:00,0.222472,1.01123,0.020395,0.202077,0.045544,0.020703,0.103829,1.305
2025-10-13 08:00:00,0.137425,0.755083,0.029131,0.108294,0.031138,0.010669,0.111449,0.964
2025-10-13 09:00:00,0.027645,0.307162,0.006057,0.021588,0.017433,0.003044,0.083397,0.529
2025-10-13 10:00:00,0.184924,2.37084,0.00734,0.177584,0.015832,0.015659,0.077735,0.541
2025-10-13 11:00:00,0.455519,3.79599,0.217067,0.238452,0.041287,0.018814,0.122447,1.541
2025-10-13 12:00:00,0.166665,0.992059,0.023254,0.143411,0.023917,0.014667,0.082894,1.035
2025-10-13 13:00:00,0.19676,1.82185,0.023938,0.172822,0.033394,0.014318,0.099026,1.312
2025-10-13 14:00:00,0.042682,0.402675,0.007962,0.03472,0.014541,0.00592,0.069108,0.401
2025-10-13 15:00:00,0.070518,0.881465,0.008013,0.062505,0.014942,0.012606,0.06989,0.501
2025-10-13 16:00:00,0.105913,0.735506,0.01035,0.095563,0.024789,0.013204,0.092202,0.981
2025-10-13 17:00:00,0.747726,3.77639,0.030258,0.717468,0.030533,0.023246,0.094651,1.632
2025-10-13 18:00:00,0.602958,2.05088,0.070059,0.532899,0.052683,0.034015,0.147173,2.886
2025-10-13 19:00:00,0.154984,0.861018,0.022641,0.132343,0.037314,0.017638,0.097614,1.488
2025-10-13 20:00:00,0.338363,1.7089,0.056582,0.281781,0.049854,0.023264,0.152148,3.106
2025-10-13 21:00:00,0.353478,3.15605,0.063592,0.289886,0.053913,0.061971,0.17616,3.091
2025-10-13 22:00:00,0.762955,7.62956,0.036916,0.726039,0.06019,0.049081,0.152199,1.667
2025-10-13 23:00:00,0.182773,1.98665,0.012494,0.170279,0.028437,0.024446,0.116552,0.873
2025-10-14 00:00:00,0.358635,2.18679,0.040079,0.318556,0.059326,0.070678,0.196695,1.354
2025-10-14 01:00:00,0.979731,6.80367,0.038541,0.94119,0.071112,0.056953,0.203289,2.243
2025-10-14 02:00:00,0.445964,3.84451,0.013042,0.432922,0.02098,0.013737,0.074738,1.198
2025-10-14 03:00:00,1.21843,3.8076,0.438493,0.779938,0.116667,0.088828,0.352017,5.321
2025-10-14 04:00:00,0.761796,2.24058,0.15236,0.609436,0.090967,0.027736,0.230994,3.956
2025-10-14 05:00:00,0.006913,0.061722,0.002945,0.003968,0.012447,0.000349,0.049154,0.362
2025-10-14 06:00:00,0.028043,0.378963,0.002687,0.025356,0.00557,0.002455,0.039954,0.298
2025-10-14 07:00:00,0.251856,1.74901,0.014372,0.237484,0.028406,0.018366,0.087094,0.72
2025-10-14 08:00:00,0.14777,1.25229,0.02123,0.12654,0.025525,0.014783,0.086406,1.002
2025-10-14 09:00:00,0.078695,1.06343,0.008013,0.070682,0.02077,0.00631,0.086067,0.611
2025-10-14 10:00:00,0.225364,1.76065,0.052532,0.172832,0.021938,0.01222,0.071965,0.696
2025-10-14 11:00:00,0.071441,0.396897,0.018495,0.052946,0.019158,0.010368,0.082969,1.092
2025-10-14 12:00:00,0.359366,1.81498,0.025895,0.333471,0.030788,0.031963,0.10762,1.563
2025-10-14 13:00:00,1.17988,11.5675,0.030224,1.14966,0.030704,0.048398,0.108031,1.995
2025-10-14 14:00:00,0.112535,1.00478,0.016681,0.095854,0.023445,0.010478,0.083307,1.189
2025-10-14 15:00:00,0.179456,1.38043,0.009552,0.169904,0.016144,0.00942,0.074585,0.585
2025-10-14 16:00:00,0.21404,2.3265,0.020636,0.193404,0.020609,0.01494,0.07772,0.691
2025-10-14 17:00:00,0.183484,1.39003,0.037957,0.145527,0.033023,0.020141,0.093939,1.201
2025-10-14 18:00:00,0.455907,1.82363,0.065936,0.389971,0.060244,0.039371,0.165474,2.476
2025-10-14 19:00:00,0.333237,2.2516,0.049456,0.283781,0.066555,0.037978,0.186642,2.722
2025-10-14 20:00:00,0.405263,1.74683,0.042297,0.362966,0.063231,0.054285,0.244408,2.7
2025-10-14 21:00:00,0.322921,1.32345,0.043551,0.27937,0.054672,0.058019,0.264177,2.978
2025-10-14 22:00:00,0.971555,6.07222,0.087929,0.883626,0.054676,0.057989,0.214478,3.476
2025-10-14 23:00:00,0.22309,2.18716,0.030152,0.192938,0.05468,0.057958,0.254896,2.501
2025-10-15 00:00:00,0.823855,11.1332,0.047861,0.775994,0.054684,0.057927,0.188809,2.61
2025-10-15 01:00:00,0.500421,2.55317,0.016509,0.483912,,,0.089384,1.041
2025-10-15 02:00:00,0.004108,0.050112,0.002146,0.001962,,,0.04189,0.303
2025-10-15 03:00:00,0.063484,0.317424,0.003981,0.059503,,,0.087805,2.207
2025-10-15 04:00:00,0.018063,0.101478,0.006868,0.011195,,,0.08255,1.283
2025-10-15 05:00:00,0.003477,0.034091,0.000847,0.00263,,,0.039737,0.454
2025-10-15 06:00:00,0.032889,0.200543,0.002861,0.030028,,,0.043793,0.246
2025-10-15 07:00:00,0.145399,0.632161,0.021903,0.123496,,,0.090133,0.714
2025-10-15 08:00:00,0.214788,1.65223,0.06558,0.149208,,,0.099431,1.337
2025-10-15 09:00:00,0.320991,1.91065,0.032515,0.288476,,,0.210878,1.999
2025-10-15 10:00:00,0.077686,0.539484,0.020305,0.057381,,,0.092371,0.839
2025-10-15 11:00:00,0.627637,2.87907,0.071579,0.556058,,,0.162091,2.523
2025-10-15 12:00:00,0.639522,4.56801,0.039852,0.59967,,,0.20415,2.667
2025-10-15 13:00:00,0.330331,2.14502,0.0203,0.310031,,,0.137618,1.507
2025-10-15 14:00:00,0.279889,1.77145,0.033625,0.246264,,,0.086917,0.821
2025-10-15 15:00:00,0.277125,1.92447,0.033684,0.243441,,,0.096207,1.123
2025-10-15 16:00:00,0.455692,2.95904,0.028858,0.426834,,,0.188685,1.434
2025-10-15 17:00:00,0.680652,3.50852,0.037544,0.643108,,,0.184093,2.656
2025-10-15 18:00:00,0.234376,1.04632,0.048281,0.186095,,,0.109025,1.548
2025-10-15 19:00:00,0.565491,2.9149,0.046196,0.519295,,,0.213248,3.145
2025-10-15 20:00:00,0.323375,1.72008,0.129765,0.19361,,,0.173337,1.565
2025-10-15 21:00:00,0.270141,2.07802,0.014656,0.255485,,,0.078964,0.739
2025-10-15 22:00:00,0.291932,3.74271,0.102139,0.189793,,,0.149488,1.075
2025-10-15 23:00:00,1.04712,6.08789,0.459715,0.587405,,,0.246569,2.641
2025-10-16 00:00:00,0.344964,2.7378,0.030169,0.314795,,,0.119447,1.321
2025-10-16 01:00:00,0.005841,0.03436,0.00263,0.003211,,,0.040155,0.19
2025-10-16 02:00:00,0.187489,1.46476,0.003957,0.183532,,,0.046639,0.353
2025-10-16 03:00:00,1.05189,10.7335,0.023702,1.02818,,,0.075616,1.574
2025-10-16 04:00:00,0.47982,3.15671,0.01148,0.46834,,,0.063355,0.766
2025-10-16 05:00:00,0.011337,0.23618,0.000786,0.010551,,,0.031216,0.043
2025-10-16 06:00:00,0.003547,0.052155,0.000352,0.003195,,,0.038651,0.061
2025-10-16 07:00:00,0.223892,1.64626,0.098418,0.125474,,,0.069571,0.759
2025-10-16 08:00:00,0.228424,1.67959,0.013063,0.215361,,,0.082534,0.771
2025-10-16 09:00:00,0.08585,0.613217,0.014038,0.071812,,,0.071701,0.568
2025-10-16 10:00:00,0.032728,0.320854,0.005885,0.026843,,,0.069941,0.939
2025-10-16 11:00:00,0.165357,0.744854,0.02967,0.135687,,,0.12247,1.213
2025-10-16 12:00:00,0.205544,0.960487,0.043636,0.161908,,,0.160957,2.431
2025-10-16 13:00:00,0.65158,5.92345,0.024718,0.626862,,,0.152099,2.493
2025-10-16 14:00:00,0.631446,5.0923,0.031266,0.60018,,,0.132205,1.29
2025-10-16 15:00:00,0.324091,2.8429,0.04044,0.283651,,,0.159807,1.299
2025-10-16 16:00:00,0.083466,0.541978,0.01611,0.067356,,,0.08619,1.109
2025-10-16 17:00:00,0.183088,1.45308,0.023435,0.159653,,,0.106509,1.37
2025-10-16 18:00:00,0.339846,0.954625,0.081631,0.258215,,,0.169937,2.26
2025-10-16 19:00:00,0.612912,2.09902,0.218267,0.394645,,,0.209541,2.775
2025-10-16 20:00:00,0.258071,1.03229,0.038977,0.219094,,,0.15979,1.543
2025-10-16 21:00:00,0.371313,1.34534,0.07908,0.292233,,,0.175178,1.823
2025-10-16 22:00:00,0.090112,0.489745,0.015595,0.074517,,,0.143572,0.979
2025-10-16 23:00:00,0.360728,2.81818,0.077492,0.283236,,,0.148727,1.913
2025-10-17 00:00:00,0.14551,1.45511,0.008536,0.136974,,,0.093864,1.227
2025-10-17 01:00:00,0.081052,0.547652,0.002849,0.078203,,,0.044607,0.241
2025-10-17 02:00:00,0.489533,6.44123,0.064777,0.424756,,,0.089688,2.041
2025-10-17 03:00:00,1.01395,16.3541,0.035992,0.977961,,,0.079368,1.629
2025-10-17 04:00:00,0.410196,4.66132,0.018579,0.391617,,,0.059262,1.013
2025-10-17 05:00:00,0.002884,0.031355,0.000911,0.001973,,,0.032822,0.044
2025-10-17 06:00:00,0.068558,0.561961,0.019925,0.048633,,,0.059041,0.563
2025-10-17 07:00:00,0.092839,0.760984,0.013726,0.079113,,,0.072763,0.509
2025-10-17 08:00:00,0.154811,0.832316,0.018897,0.135914,,,0.087695,1.033
2025-10-17 09:00:00,0.3557,1.93315,0.027118,0.328582,,,0.101801,1.089
2025-10-17 10:00:00,0.10239,0.469683,0.013304,0.089086,,,0.087497,0.869
2025-10-17 11:00:00,0.351301,1.13322,0.027503,0.323798,,,0.110781,1.481
2025-10-17 12:00:00,0.437702,1.42111,0.041612,0.39609,,,0.171928,2.465
2025-10-17 13:00:00,0.42012,2.21116,0.058332,0.361788,,,0.096454,1.512
2025-10-17 14:00:00,0.052232,0.256041,0.014495,0.037737,,,0.09463,0.775
2025-10-17 15:00:00,0.054776,0.263348,0.008087,0.046689,,,0.108803,0.574
2025-10-17 16:00:00,0.163284,0.850441,0.02235,0.140934,,,0.079149,1.094
2025-10-17 17:00:00,0.543386,1.38619,0.088706,0.45468,,,0.171908,2.236
2025-10-17 18:00:00,0.64516,1.95503,0.173038,0.472122,,,0.138733,2.857
2025-10-17 19:00:00,0.719535,2.04413,0.072974,0.646561,,,0.228909,3.024
2025-10-17 20:00:00,0.569197,1.37487,0.084677,0.48452,,,0.219608,2.647
2025-10-17 21:00:00,0.751728,2.25068,0.070065,0.681663,,,0.25134,3.606
2025-10-17 22:00:00,0.678403,4.77748,0.060392,0.618011,,,0.190813,2.368
2025-10-17 23:00:00,0.437418,3.97654,0.143889,0.293529,,,0.146623,1.865
2025-10-18 00:00:00,0.167619,1.86243,0.019602,0.148017,,,0.052753,0.607
2025-10-18 01:00:00,0.042253,0.555968,0.008112,0.034141,,,0.040988,0.158
2025-10-18 02:00:00,0.009688,0.096881,0.002966,0.006722,,,0.062339,0.456
2025-10-18 03:00:00,0.022568,0.201511,0.002134,0.020434,,,0.076719,0.651
2025-10-18 04:00:00,0.014362,0.167016,0.0022,0.012162,,,0.081723,0.292
2025-10-18 05:00:00,0.004951,0.053825,0.001048,0.003903,,,0.112905,0.317
2025-10-18 06:00:00,0.018996,0.186215,0.002487,0.016509,,,0.052087,0.282
2025-10-18 07:00:00,0.034906,0.295828,0.011506,0.0234,,,0.06659,0.642
2025-10-18 08:00:00,0.287577,1.75352,0.022343,0.265234,,,0.099647,1.018
2025-10-18 09:00:00,0.254603,1.15728,0.016691,0.237912,,,0.136125,1.525
2025-10-18 10:00:00,0.332225,1.78616,0.062509,0.269716,,,0.146582,1.621
2025-10-18 11:00:00,0.477619,2.19092,0.049814,0.427805,,,0.174046,1.76
2025-10-18 12:00:00,0.252862,0.854262,0.06276,0.190102,,,0.148174,2.656
2025-10-18 13:00:00,0.568594,2.73363,0.053048,0.515546,,,0.143006,3.076
2025-10-18 14:00:00,0.545456,2.52526,0.053427,0.492029,,,0.14224,2.3
2025-10-18 15:00:00,0.248069,1.00028,0.031093,0.216976,,,0.149353,1.526
2025-10-18 16:00:00,0.395054,1.95572,0.043367,0.351687,,,0.111963,1.542
2025-10-18 17:00:00,0.541417,1.47928,0.060899,0.480518,,,0.148913,1.959
2025-10-18 18:00:00,0.368027,0.825173,0.047552,0.320475,,,0.178751,2.379
2025-10-18 19:00:00,0.761404,1.57967,0.07604,0.685364,,,0.190576,3.584
2025-10-18 20:00:00,0.966279,2.4157,0.18276,0.783519,,,0.186988,3.493
2025-10-18 21:00:00,0.869338,4.1397,0.060821,0.808517,,,0.220186,3.227
2025-10-18 22:00:00,0.59694,2.13193,0.054923,0.542017,,,0.152371,2.571
2025-10-18 23:00:00,0.592694,2.46956,0.063395,0.529299,,,0.17154,3.418
2025-10-19 00:00:00,0.866374,5.77583,0.050845,0.815529,,,0.168239,2.793
2025-10-19 01:00:00,1.1306,6.42388,0.043802,1.0868,,,0.128121,2.35
2025-10-19 02:00:00,0.16017,1.43008,0.035285,0.124885,,,0.089361,1.239
2025-10-19 03:00:00,0.734299,4.83092,0.045579,0.68872,,,0.102649,1.881
2025-10-19 04:00:00,0.053545,0.594933,0.032425,0.02112,,,0.063618,0.802
2025-10-19 05:00:00,0.057647,0.379261,0.051539,0.006108,,,0.059341,0.66
2025-10-19 06:00:00,0.267367,1.42216,0.004994,0.262373,,,0.067391,0.795
2025-10-19 07:00:00,0.109536,0.54768,0.017447,0.092089,,,0.073963,0.772
2025-10-19 08:00:00,0.083136,0.377897,0.012736,0.0704,,,0.098616,0.769
2025-10-19 09:00:00,0.429252,1.62595,0.060645,0.368607,,,0.140538,1.603
2025-10-19 10:00:00,0.280401,0.980421,0.076626,0.203775,,,0.107125,1.191
2025-10-19 11:00:00,0.794284,2.64761,0.077928,0.716356,,,0.23615,3.03
2025-10-19 12:00:00,0.443795,1.46952,0.041173,0.402622,,,0.168214,2.098
2025-10-19 13:00:00,0.499519,2.1166,0.047957,0.451562,,,0.190087,2.289
2025-10-19 14:00:00,0.402747,1.61099,0.046591,0.356156,,,0.114579,1.649
2025-10-19 15:00:00,0.644973,2.64333,0.097135,0.547838,,,0.176326,2.784
2025-10-19 16:00:00,0.642428,2.05907,0.057675,0.584753,,,0.186721,1.973
2025-10-19 17:00:00,0.877037,3.27253,0.064621,0.812416,,,0.138788,2.849
2025-10-19 18:00:00,0.703003,2.97882,0.067175,0.635828,,,0.160387,2.633
2025-10-19 19:00:00,0.668722,1.33744,0.106273,0.562449,,,0.170179,3.001
2025-10-19 20:00:00,1.06732,3.27398,0.354668,0.712648,,,0.298119,6.178
2025-10-19 21:00:00,0.871871,3.69437,0.17724,0.694631,,,0.276054,7.799
2025-10-19 22:00:00,0.402072,1.86144,0.054322,0.34775,,,0.110878,1.804
2025-10-19 23:00:00,0.344206,1.77425,0.024735,0.319471,,,0.116633,2.396
2025-10-20 00:00:00,0.341245,2.84371,0.020707,0.320538,,,0.117968,2.014
2025-10-20 01:00:00,0.375845,3.41678,0.022261,0.353584,,,0.089244,0.831
2025-10-20 02:00:00,0.010942,0.068392,0.003081,0.007861,,,0.054625,0.324
2025-10-20 03:00:00,0.009453,0.068508,0.00382,0.005633,,,0.05676,0.461
2025-10-20 04:00:00,0.012373,0.093743,0.008908,0.003465,,,0.05087,0.299
2025-10-20 05:00:00,0.005999,0.032255,0.001736,0.004263,,,0.05261,0.28
2025-10-20 06:00:00,0.113887,0.654515,0.005365,0.108522,,,0.060287,0.438
2025-10-20 07:00:00,0.060438,0.343403,0.00923,0.051208,,,0.065531,0.595
2025-10-20 08:00:00,0.387422,1.77716,0.082258,0.305164,,,0.115732,1.47
2025-10-20 09:00:00,0.287888,1.82207,0.053663,0.234225,,,0.105353,1.958
2025-10-20 10:00:00,0.130555,1.05287,0.036271,0.094284,,,0.118391,1.342
2025-10-20 11:00:00,0.334434,2.25969,0.049383,0.285051,,,0.14715,1.97
2025-10-20 12:00:00,0.63149,2.13341,0.052674,0.578816,,,0.121514,1.909
2025-10-20 13:00:00,0.322681,1.44054,0.035956,0.286725,,,0.103817,1.418
2025-10-20 14:00:00,0.833372,3.33349,0.104965,0.728407,,,0.18709,3.958
2025-10-20 15:00:00,0.765501,4.61146,0.069062,0.696439,,,0.285202,3.816
2025-10-20 16:00:00,0.758866,3.5461,0.087166,0.6717,,,0.190923,3.349
2025-10-20 17:00:00,1.77844,7.00174,0.134286,1.64416,,,0.228822,4.859
2025-10-20 18:00:00,1.23305,2.97839,0.090152,1.1429,,,0.166252,3.305
2025-10-20 19:00:00,0.45343,1.19324,0.04134,0.41209,,,0.164042,1.846
2025-10-20 20:00:00,0.777882,2.12536,0.102643,0.675239,,,0.317978,2.858
2025-10-20 21:00:00,0.377974,1.36947,0.04865,0.329324,,,0.278957,4.351
2025-10-20 22:00:00,0.890473,3.5058,0.245746,0.644727,,,0.235814,3.262
2025-10-20 23:00:00,1.18958,6.19573,0.187803,1.00178,,,0.225324,3.776
2025-10-21 00:00:00,2.62745,39.8098,0.063212,2.56424,,,0.229615,4.256
2025-10-21 01:00:00,0.881276,8.99261,0.0505,0.830776,,,0.106239,2.454
2025-10-21 02:00:00,0.15429,0.829515,0.020531,0.133759,,,0.085085,1.429
2025-10-21 03:00:00,0.262024,1.81962,0.059654,0.20237,,,0.100132,3.643
2025-10-21 04:00:00,0.014286,0.062661,0.002414,0.011872,,,0.052127,0.792
2025-10-21 05:00:00,0.005131,0.028189,0.001608,0.003523,,,0.040938,0.149
2025-10-21 06:00:00,0.062562,0.269661,0.010755,0.051807,,,0.052821,0.365
2025-10-21 07:00:00,0.110463,0.480274,0.030348,0.080115,,,0.077851,0.738
2025-10-21 08:00:00,0.273797,1.25595,0.029839,0.243958,,,0.089727,1.353
2025-10-21 09:00:00,0.335587,2.12397,0.01548,0.320107,,,0.087216,1.306
2025-10-21 10:00:00,0.371978,2.61957,0.21124,0.160738,,,0.089991,1.232
2025-10-21 11:00:00,0.201243,0.986488,0.032922,0.168321,,,0.098648,2.114
2025-10-21 12:00:00,0.501251,1.40801,0.048069,0.453182,,,0.14214,2.353
2025-10-21 13:00:00,0.642422,3.41714,0.098514,0.543908,,,0.129466,2.255
2025-10-21 14:00:00,0.361671,1.5325,0.085348,0.276323,,,0.123481,2.115
2025-10-21 15:00:00,0.465567,3.10378,0.041073,0.424494,,,0.125455,1.718
2025-10-21 16:00:00,0.527462,2.10984,0.072075,0.455387,,,0.16968,2.385
2025-10-21 17:00:00,0.738435,2.42906,0.088341,0.650094,,,0.160154,3.148
2025-10-21 18:00:00,2.59325,6.93381,0.245137,2.34811,,,0.286563,6.584
2025-10-21 19:00:00,1.36488,4.2126,0.311833,1.05305,,,0.207947,5.611
2025-10-21 20:00:00,0.888259,3.06296,0.082236,0.806023,,,0.177623,3.347
2025-10-21 21:00:00,0.407564,1.11356,0.055937,0.351627,,,0.1612,3.844
2025-10-21 22:00:00,0.492564,2.34555,0.020214,0.47235,,,0.09791,1.708
2025-10-21 23:00:00,0.035375,0.18049,0.00694,0.028435,,,0.058763,0.722
2025-10-22 00:00:00,0.087458,0.583054,0.017605,0.069853,,,0.092602,2.467
2025-10-22 01:00:00,0.255426,2.0599,0.026482,0.228944,,,0.070027,1.1
2025-10-22 02:00:00,0.007871,0.045768,0.00268,0.005191,,,0.042223,0.186
2025-10-22 03:00:00,0.005871,0.038121,0.000683,0.005188,,,0.034798,0.063
2025-10-22 04:00:00,0.000215,0.001837,0.000105,0.00011,,,0.032974,0.041
2025-10-22 05:00:00,0.00629,0.057183,0.00082,0.00547,,,0.034059,0.067
2025-10-22 06:00:00,0.312523,2.23231,0.008961,0.303562,,,0.065314,0.693
2025-10-22 07:00:00,0.172876,0.90988,0.010808,0.162068,,,0.065949,0.596
2025-10-22 08:00:00,0.453562,1.90572,0.043246,0.410316,,,0.110735,0.778
2025-10-22 09:00:00,0.10406,0.5203,0.009383,0.094677,,,0.078071,1.047
2025-10-22 10:00:00,0.190425,1.17547,0.042754,0.147671,,,0.121896,1.074
2025-10-22 11:00:00,0.154509,0.457128,0.052024,0.102485,,,0.1244,2.157
2025-10-22 12:00:00,0.524824,1.70398,0.05328,0.471544,,,0.138537,2.463
2025-10-22 13:00:00,0.144657,0.831363,0.022873,0.121784,,,0.1195,0.761
2025-10-22 14:00:00,0.239419,1.57512,0.023918,0.215501,,,0.101226,1.269
2025-10-22 15:00:00,0.37171,2.44546,0.02071,0.351,,,0.116263,1.019
2025-10-22 16:00:00,0.181794,1.00997,0.015449,0.166345,,,0.09545,0.707
2025-10-22 17:00:00,0.278496,1.05491,0.035894,0.242602,,,0.116129,1.66
2025-10-22 18:00:00,0.633196,2.16848,0.068262,0.564934,,,0.179561,3.384
2025-10-22 19:00:00,0.412541,1.37514,0.183936,0.228605,,,0.149732,2.811
2025-10-22 20:00:00,0.721624,2.69263,0.097811,0.623813,,,0.154344,3.19
2025-10-22 21:00:00,1.73472,7.54225,0.441539,1.29318,,,0.211558,5.407
2025-10-22 22:00:00,0.109705,0.677185,0.018806,0.090899,,,0.098938,1.267
2025-10-22 23:00:00,0.228133,1.65314,0.021409,0.206724,,,0.136228,2.809
2025-10-23 00:00:00,0.222272,2.64608,0.021179,0.201093,,,0.088845,1.446
2025-10-23 01:00:00,0.203536,2.36671,0.018726,0.18481,,,0.0771,1.116
2025-10-23 02:00:00,0.066981,0.881336,0.005567,0.061414,,,0.042939,0.242
2025-10-23 03:00:00,0.205737,1.2545,0.02114,0.184597,,,0.102747,1.148
2025-10-23 04:00:00,0.001806,0.012048,0.000838,0.000968,,,0.039964,0.126
2025-10-23 05:00:00,0.003483,0.026002,0.000771,0.002712,,,0.039251,0.106
2025-10-23 06:00:00,0.303667,2.48908,0.010129,0.293538,,,0.056376,0.672
2025-10-23 07:00:00,0.300346,1.44397,0.037495,0.262851,,,0.088715,1.31
2025-10-23 08:00:00,0.252853,1.17061,0.054639,0.198214,,,0.11312,1.443
2025-10-23 09:00:00,0.093368,0.542834,0.029411,0.063957,,,0.097183,1.214
2025-10-23 10:00:00,0.244396,1.25977,0.036117,0.208279,,,0.144499,1.834
2025-10-23 11:00:00,0.638458,2.3823,0.059113,0.579345,,,0.177816,2.577
2025-10-23 12:00:00,0.670755,1.99629,0.092254,0.578501,,,0.16468,2.437
2025-10-23 13:00:00,0.238119,0.922942,0.020844,0.217275,,,0.101937,1.537
2025-10-23 14:00:00,0.384153,2.63117,0.035747,0.348406,,,0.134324,1.747
2025-10-23 15:00:00,0.413625,2.08902,0.046103,0.367522,,,0.117071,1.33
2025-10-23 16:00:00,0.433417,2.57987,0.030065,0.403352,,,0.132789,1.722
2025-10-23 17:00:00,0.316306,2.0276,0.0766,0.239706,,,0.237256,2.82
2025-10-23 18:00:00,1.03583,4.66591,0.083357,0.952475,,,0.167419,4.266
2025-10-23 19:00:00,0.786418,2.48867,0.085655,0.700763,,,0.150106,3.151
2025-10-23 20:00:00,0.556318,2.00115,0.091915,0.464403,,,0.203148,3.705
2025-10-23 21:00:00,0.302156,1.7168,0.041591,0.260565,,,0.108145,1.405
2025-10-23 22:00:00,0.393988,2.43202,0.11349,0.280498,,,0.142333,1.223
2025-10-23 23:00:00,0.137632,1.0271,0.028957,0.108675,,,0.128578,1.312
2025-10-24 00:00:00,0.304041,1.47592,0.023073,0.280968,,,0.099147,1.366
2025-10-24 01:00:00,0.098348,0.622452,0.011717,0.086631,,,0.105569,0.973
2025-10-24 02:00:00,0.077543,0.605802,0.007712,0.069831,,,0.115558,0.694
2025-10-24 03:00:00,0.259885,1.85631,0.018276,0.241609,,,0.071967,0.738
2025-10-24 04:00:00,0.012094,0.201556,0.003985,0.008109,,,0.039422,0.17
2025-10-24 05:00:00,0.007296,0.152018,0.000291,0.007005,,,0.033925,0.067
2025-10-24 06:00:00,0.010285,0.142838,0.001241,0.009044,,,0.041518,0.096
2025-10-24 07:00:00,0.657489,2.54841,0.118538,0.538951,,,0.112681,1.373
2025-10-24 08:00:00,0.214882,0.746112,0.078934,0.135948,,,0.151486,1.881
2025-10-24 09:00:00,0.259185,1.90578,0.036485,0.2227,,,0.105016,1.395
2025-10-24 10:00:00,0.193799,1.22657,0.038491,0.155308,,,0.11712,1.489
2025-10-24 11:00:00,0.218011,0.756986,0.029698,0.188313,,,0.128068,2.116
2025-10-24 12:00:00,0.123751,0.618752,0.019841,0.10391,,,0.085557,1.089
2025-10-24 13:00:00,0.532617,2.31572,0.15759,0.375027,,,0.109903,2.005
2025-10-24 14:00:00,0.479466,2.88835,0.032544,0.446922,,,0.126559,1.637
2025-10-24 15:00:00,0.285292,1.63961,0.050407,0.234885,,,0.126329,1.323
2025-10-24 16:00:00,0.171557,1.03348,0.021174,0.150383,,,0.081863,0.977
2025-10-24 17:00:00,0.258434,1.45188,0.044075,0.214359,,,0.10274,1.495
2025-10-24 18:00:00,0.748175,3.74088,0.07137,0.676805,,,0.168152,3.582
2025-10-24 19:00:00,1.10693,5.59055,0.329878,0.777052,,,0.214918,4.026
2025-10-24 20:00:00,0.538379,3.6377,0.074936,0.463443,,,0.165421,3.68
2025-10-24 21:00:00,0.161937,1.15669,0.016801,0.145136,,,0.153985,2.826
2025-10-24 22:00:00,0.60949,3.62791,0.040554,0.568936,,,0.176004,1.994
2025-10-24 23:00:00,0.616251,4.46558,0.06391,0.552341,,,0.248991,4.952
2025-10-25 00:00:00,0.174892,2.64988,0.02822,0.146672,,,0.196489,2.414
2025-10-25 01:00:00,0.375494,3.237,0.021239,0.354255,,,0.084021,1.478
2025-10-25 02:00:00,0.05266,0.237208,0.003597,0.049063,,,0.051712,0.371
2025-10-25 03:00:00,0.282063,0.754181,0.012589,0.269474,,,0.079026,0.926
2025-10-25 04:00:00,0.125979,0.251959,0.018659,0.10732,,,0.142569,1.557
2025-10-25 05:00:00,0.064046,0.146894,0.006306,0.05774,,,0.088269,0.675
2025-10-25 06:00:00,0.063423,0.251673,0.004802,0.058621,,,0.06439,0.614
2025-10-25 07:00:00,0.135922,0.514855,0.018876,0.117046,,,0.113494,1.362
2025-10-25 08:00:00,0.109349,0.65089,0.014611,0.094738,,,0.103964,0.915
2025-10-25 09:00:00,0.108546,0.670036,0.015935,0.092611,,,0.0858,0.994
2025-10-25 10:00:00,0.371587,2.73226,0.024581,0.347006,,,0.098467,1.13
2025-10-25 11:00:00,0.382636,1.91318,0.036444,0.346192,,,0.109642,1.774
2025-10-25 12:00:00,0.235931,0.702173,0.049134,0.186797,,,0.120531,1.653
2025-10-25 13:00:00,0.565707,2.39706,0.057989,0.507718,,,0.11787,1.887
2025-10-25 14:00:00,0.208095,1.01016,0.035229,0.172866,,,0.113879,1.401
2025-10-25 15:00:00,0.318498,1.23448,0.018323,0.300175,,,0.151041,1.401
2025-10-25 16:00:00,0.639303,2.29966,0.084727,0.554576,,,0.154,1.758
2025-10-25 17:00:00,0.365025,1.78934,0.026817,0.338208,,,0.101932,1.386
2025-10-25 18:00:00,0.227123,1.67002,0.030901,0.196222,,,0.169037,0.972
2025-10-25 19:00:00,0.453533,1.85874,0.038038,0.415495,,,0.200844,2.06
2025-10-25 20:00:00,0.443489,2.07237,0.039513,0.403976,,,0.203002,2.049
2025-10-25 21:00:00,0.383731,1.81005,0.032059,0.351672,,,0.178398,2.119
2025-10-25 22:00:00,0.622477,3.05135,0.075781,0.546696,,,0.25524,2.956
2025-10-25 23:00:00,0.05935,0.322566,0.01311,0.04624,,,0.103448,1.221
2025-10-26 00:00:00,0.643849,5.74865,0.031521,0.612328,,,0.138865,1.809
2025-10-26 01:00:00,0.034177,0.322427,0.004853,0.029324,,,0.052261,0.459
2025-10-26 02:00:00,0.246997,3.16661,0.013603,0.233394,,,0.055501,0.646
2025-10-26 03:00:00,0.011116,0.092636,0.00124,0.009876,,,0.038152,0.117
2025-10-26 04:00:00,0.004542,0.039841,0.002277,0.002265,,,0.046894,0.148
2025-10-26 05:00:00,0.002758,0.0431,0.000481,0.002277,,,0.035147,0.097
2025-10-26 06:00:00,0.010616,0.160858,0.001807,0.008809,,,0.041888,0.16
2025-10-26 07:00:00,0.016972,0.113147,0.00616,0.010812,,,0.052282,0.498
2025-10-26 08:00:00,0.366513,2.44342,0.039749,0.326764,,,0.121054,1.46
2025-10-26 09:00:00,0.088986,0.367713,0.020001,0.068985,,,0.096123,1.433
2025-10-26 10:00:00,0.331812,1.45531,0.035761,0.296051,,,0.117999,1.292
2025-10-26 11:00:00,0.165747,0.609365,0.050206,0.115541,,,0.135954,1.563
2025-10-26 12:00:00,0.674641,2.3425,0.037489,0.637152,,,0.202549,3.44
2025-10-26 13:00:00,0.366678,1.54067,0.033595,0.333083,,,0.104889,1.941
2025-10-26 14:00:00,0.496394,1.18754,0.151736,0.344658,,,0.285195,3.213
2025-10-26 15:00:00,0.55663,2.50735,0.061125,0.495505,,,0.172297,1.812
2025-10-26 16:00:00,0.304368,1.03527,0.055723,0.248645,,,0.171332,1.773
2025-10-26 17:00:00,0.282371,0.724028,0.077572,0.204799,,,0.12646,2.043
2025-10-26 18:00:00,0.701977,2.16659,0.035257,0.66672,,,0.222674,1.998
2025-10-26 19:00:00,0.509955,1.05363,0.116003,0.393952,,,0.193312,3.042
2025-10-26 20:00:00,0.724604,1.82981,0.101215,0.623389,,,0.180802,2.728
2025-10-26 21:00:00,0.31768,1.14273,0.103512,0.214168,,,0.139221,1.874
2025-10-26 22:00:00,0.606385,3.83788,0.041441,0.564944,,,0.144483,2.111
2025-10-26 23:00:00,0.535387,4.61541,0.096808,0.438579,,,0.368475,7.602
2025-10-27 00:00:00,0.445223,2.89106,0.032577,0.412646,,,0.131373,2.121
2025-10-27 01:00:00,1.09815,10.3599,0.088392,1.00976,,,0.142087,1.901
2025-10-27 02:00:00,0.686672,4.34601,0.030878,0.655794,,,0.079767,1.078
2025-10-27 03:00:00,0.009319,0.063829,0.001694,0.007625,,,0.137902,0.12
2025-10-27 04:00:00,0.000428,0.003238,0.000108,0.00032,,,0.039755,0.047
2025-10-27 05:00:00,0.010174,0.087703,0.001339,0.008835,,,0.077794,0.18
2025-10-27 06:00:00,0.039066,0.320206,0.004961,0.034105,,,0.062975,0.257
2025-10-27 07:00:00,0.161816,0.817256,0.036838,0.124978,,,0.094115,1.483
2025-10-27 08:00:00,0.177652,1.07019,0.062975,0.114677,,,0.1147,1.785
2025-10-27 09:00:00,0.112996,0.706225,0.012694,0.100302,,,0.06937,0.725
2025-10-27 10:00:00,0.217145,1.29253,0.016931,0.200214,,,0.212329,1.05
2025-10-27 11:00:00,0.080458,0.362421,0.008461,0.071997,,,0.122313,0.793
2025-10-27 12:00:00,0.396821,2.54372,0.066969,0.329852,,,0.165375,1.714
2025-10-27 13:00:00,0.299314,2.41381,0.046778,0.252536,,,0.14682,1.926
2025-10-27 14:00:00,0.313676,1.74265,0.082105,0.231571,,,0.155394,1.807
2025-10-27 15:00:00,0.198635,1.05657,0.052027,0.146608,,,0.173644,2.133
2025-10-27 16:00:00,0.592114,4.1119,0.063907,0.528207,,,0.183688,2.459
2025-10-27 17:00:00,0.698456,2.40847,0.078282,0.620174,,,0.177778,3.271
2025-10-27 18:00:00,0.545235,1.61312,0.08032,0.464915,,,0.186703,2.998
2025-10-27 19:00:00,0.585356,3.52625,0.098463,0.486893,,,0.169205,3.606
2025-10-27 20:00:00,1.18986,6.39708,0.150267,1.03959,,,0.185742,4.034
2025-10-27 21:00:00,0.619296,3.15967,0.083658,0.535638,,,0.123904,2.036
2025-10-27 22:00:00,0.20284,1.0142,0.032224,0.170616,,,0.129072,1.674
2025-10-27 23:00:00,0.836969,8.04778,0.049155,0.787814,,,0.199462,3.579
2025-10-28 00:00:00,0.538051,6.25641,0.037077,0.500974,,,0.20532,2.688
2025-10-28 01:00:00,0.11958,1.22021,0.040013,0.079567,,,0.145438,2.478
2025-10-28 02:00:00,0.048854,0.26265,0.026716,0.022138,,,0.099557,1.577
2025-10-28 03:00:00,0.053012,0.500112,0.042997,0.010015,,,0.075681,0.751
2025-10-28 04:00:00,0.032389,0.186152,0.026753,0.005636,,,0.066626,0.923
2025-10-28 05:00:00,0.02733,0.135302,0.025673,0.001657,,,0.050977,0.425
2025-10-28 06:00:00,0.124706,0.64282,0.01278,0.111926,,,0.053822,0.505
2025-10-28 07:00:00,0.345914,1.40616,0.038405,0.307509,,,0.10221,1.014
2025-10-28 08:00:00,0.238543,0.845895,0.039821,0.198722,,,0.113205,1.45
2025-10-28 09:00:00,0.177654,1.021,0.011534,0.16612,,,0.083989,0.666
2025-10-28 10:00:00,0.255687,2.20419,0.019869,0.235818,,,0.079269,0.835
2025-10-28 11:00:00,0.137734,0.604098,0.028128,0.109606,,,0.121683,1.843
2025-10-28 12:00:00,0.972097,3.95161,0.057637,0.91446,,,0.167418,3.456
2025-10-28 13:00:00,0.291193,1.94129,0.016756,0.274437,,,0.105523,1.255
2025-10-28 14:00:00,0.505235,3.50858,0.077383,0.427852,,,0.159147,2.613
2025-10-28 15:00:00,0.10554,0.743251,0.029405,0.076135,,,0.073052,0.949
2025-10-28 16:00:00,0.478473,3.92191,0.012224,0.466249,,,0.072063,0.558
2025-10-28 17:00:00,0.468165,2.72188,0.034124,0.434041,,,0.1112,1.327
2025-10-28 18:00:00,0.563375,2.20068,0.062036,0.501339,,,0.148382,1.867
2025-10-28 19:00:00,0.614542,3.23444,0.058612,0.55593,,,0.151039,2.406
2025-10-28 20:00:00,0.682184,2.5646,0.075278,0.606906,,,0.240352,2.509
2025-10-28 21:00:00,0.210851,0.850209,0.026335,0.184516,,,0.152855,1.184
2025-10-28 22:00:00,0.524488,2.47401,0.032394,0.492094,,,0.111427,1.777
2025-10-28 23:00:00,0.53726,3.95045,0.048917,0.488343,,,0.193446,2.92
2025-10-29 00:00:00,0.115425,1.20236,0.021838,0.093587,,,0.143888,2.406
2025-10-29 01:00:00,0.239533,2.78528,0.013112,0.226421,,,0.069078,0.907
2025-10-29 02:00:00,0.071305,0.660229,0.008396,0.062909,,,0.075227,0.458
2025-10-29 03:00:00,0.49828,4.44893,0.01063,0.48765,,,0.0655,1.229
2025-10-29 04:00:00,0.018426,0.146228,0.009737,0.008689,,,0.040161,0.377
2025-10-29 05:00:00,0.005419,0.048381,0.002005,0.003414,,,0.033042,0.04
2025-10-29 06:00:00,0.034935,0.296052,0.032586,0.002349,,,0.040953,0.278
2025-10-29 07:00:00,0.291248,1.48595,0.057792,0.233456,,,0.107187,1.839
2025-10-29 08:00:00,0.382638,1.87568,0.189859,0.192779,,,0.129788,2.935
2025-10-29 09:00:00,0.140895,0.965033,0.02539,0.115505,,,0.115555,2.959
2025-10-29 10:00:00,0.092528,0.608738,0.011069,0.081459,,,0.073416,0.939
2025-10-29 11:00:00,0.199452,1.17325,0.10567,0.093782,,,0.08673,1.26
2025-10-29 12:00:00,0.46339,1.75526,0.062452,0.400938,,,0.156588,2.659
2025-10-29 13:00:00,0.549441,3.5678,0.053826,0.495615,,,0.143406,2.158
2025-10-29 14:00:00,0.275495,1.72185,0.016645,0.25885,,,0.098861,1.366
2025-10-29 15:00:00,0.285778,1.8557,0.014108,0.27167,,,0.104179,0.943
2025-10-29 16:00:00,0.35978,2.19377,0.059642,0.300138,,,0.141617,2.121
2025-10-29 17:00:00,0.570723,2.54787,0.0635,0.507223,,,0.227359,6.556
2025-10-29 18:00:00,0.3931,1.42427,0.091522,0.301578,,,0.152945,1.879
2025-10-29 19:00:00,0.452921,2.11646,0.04838,0.404541,,,0.28419,2.485
2025-10-29 20:00:00,0.520823,1.2703,0.086873,0.43395,,,0.282595,3.635
2025-10-29 21:00:00,0.711354,3.66677,0.060167,0.651187,,,0.282694,3.458
2025-10-29 22:00:00,0.379563,1.75723,0.028929,0.350634,,,0.189275,1.895
2025-10-29 23:00:00,0.171801,1.32154,0.024315,0.147486,,,0.208395,1.488
2025-10-30 00:00:00,0.142743,1.17002,0.029848,0.112895,,,0.232399,3.344
2025-10-30 01:00:00,0.589341,4.4647,0.110292,0.479049,,,0.086131,1.682
2025-10-30 02:00:00,0.516672,3.15043,0.156862,0.35981,,,0.152558,5.327
2025-10-30 03:00:00,0.067915,0.36125,0.041231,0.026684,,,0.06655,0.934
2025-10-30 04:00:00,0.325491,2.50378,0.305417,0.020074,,,0.091805,3.467
2025-10-30 05:00:00,0.291118,3.03249,0.282261,0.008857,,,0.106029,4.085
2025-10-30 06:00:00,0.224505,1.87087,0.200349,0.024156,,,0.121995,4.17
2025-10-30 07:00:00,0.672188,3.29504,0.238838,0.43335,,,0.221913,7.48
2025-10-30 08:00:00,0.63837,3.12927,0.228688,0.409682,,,0.253335,5.827
2025-10-30 09:00:00,0.356674,2.34653,0.132516,0.224158,,,0.274242,6.192
2025-10-30 10:00:00,0.136405,0.885751,0.08365,0.052755,,,0.142264,2.455
2025-10-30 11:00:00,0.327081,2.68099,0.027653,0.299428,,,0.113563,1.535
2025-10-30 12:00:00,0.600004,3.03032,0.038534,0.56147,,,0.211306,2.229
2025-10-30 13:00:00,0.186727,1.35309,0.04252,0.144207,,,0.203984,0.844
2025-10-30 14:00:00,0.48962,2.91441,0.026909,0.462711,,,0.211233,1.486
2025-10-30 15:00:00,0.728224,3.87352,0.048354,0.67987,,,0.195109,3.068
2025-10-30 16:00:00,0.112426,0.54576,0.01457,0.097856,,,0.114327,0.696
2025-10-30 17:00:00,0.257853,1.0655,0.077949,0.179904,,,0.160309,2.138
2025-10-30 18:00:00,1.63717,6.34562,0.141455,1.49572,,,0.251172,3.122
2025-10-30 19:00:00,1.2984,6.6928,0.484413,0.813991,,,0.232251,4.467
2025-10-30 20:00:00,0.467838,2.99895,0.07666,0.391178,,,0.310161,3.039
2025-10-30 21:00:00,0.178223,0.49783,0.038569,0.139654,,,0.208483,2.95
2025-10-30 22:00:00,0.187672,0.379904,0.035272,0.1524,,,0.218067,4.183
2025-10-30 23:00:00,0.07673,0.280039,0.028571,0.048159,,,0.229444,2.335
2025-10-31 00:00:00,0.138876,0.462915,0.06442,0.074456,,,0.139625,1.281
2025-10-31 01:00:00,0.184958,1.03909,0.014193,0.170765,,,0.074264,1.459
2025-10-31 02:00:00,0.114763,0.699777,0.04362,0.071143,,,0.047653,0.457
2025-10-31 03:00:00,0.008871,0.047179,0.001994,0.006877,,,0.037414,0.103
2025-10-31 04:00:00,0.008302,0.032947,0.003424,0.004878,,,0.096805,0.238
2025-10-31 05:00:00,0.025397,0.195359,0.013127,0.01227,,,0.054701,1.38
2025-10-31 06:00:00,0.058959,0.491329,0.025896,0.033063,,,0.082877,2.366
2025-10-31 07:00:00,0.189918,0.650404,0.020091,0.169827,,,0.111975,1.354
2025-10-31 08:00:00,0.597244,3.14339,0.083416,0.513828,,,0.139649,1.763
2025-10-31 09:00:00,0.456107,2.25795,0.029207,0.4269,,,0.211409,1.7
2025-10-31 10:00:00,0.158065,0.80645,0.067984,0.090081,,,0.170203,1.064
2025-10-31 11:00:00,0.15128,0.635629,0.040174,0.111106,,,0.212866,1.514
2025-10-31 12:00:00,0.852773,2.22076,0.094051,0.758722,,,0.263134,4.134
2025-10-31 13:00:00,0.376582,1.81049,0.097616,0.278966,,,0.233731,2.588
2025-10-31 14:00:00,0.177019,0.842947,0.018189,0.15883,,,0.165696,0.94
2025-10-31 15:00:00,0.296949,1.59651,0.025007,0.271942,,,0.124757,1.188
2025-10-31 16:00:00,0.105632,0.621367,0.010864,0.094768,,,0.101332,0.634
2025-10-31 17:00:00,0.264009,1.01542,0.152874,0.111135,,,0.111504,1.969
2025-10-31 18:00:00,0.437453,1.4203,0.057752,0.379701,,,0.307627,3.365
2025-10-31 19:00:00,1.55064,4.12404,0.189633,1.36101,,,0.374846,3.154
2025-10-31 20:00:00,0.810584,2.72008,0.089694,0.72089,,,0.201347,2.238
2025-10-31 21:00:00,0.359628,1.24871,0.144867,0.214761,,,0.204652,3.848
2025-10-31 22:00:00,0.640583,2.583,0.048825,0.591758,,,0.200777,2.394
2025-10-31 23:00:00,0.291107,0.963929,0.066609,0.224498,,,0.250674,2.168
2025-11-01 00:00:00,0.285004,1.56595,0.037547,0.247457,,,0.305373,2.192
2025-11-01 01:00:00,0.394711,5.19356,0.035092,0.359619,,,0.123995,2.116
2025-11-01 02:00:00,0.292111,2.98073,0.044935,0.247176,,,0.08776,1.478
2025-11-01 03:00:00,0.040678,0.317802,0.03047,0.010208,,,0.071068,1.02
2025-11-01 04:00:00,0.111879,0.588837,0.102977,0.008902,,,0.180674,4.597
2025-11-01 05:00:00,0.040708,0.24523,0.038485,0.002223,,,0.062394,1.233
2025-11-01 06:00:00,0.121815,0.742775,0.035874,0.085941,,,0.106426,1.873
2025-11-01 07:00:00,0.091346,0.531086,0.036173,0.055173,,,0.120696,1.694
2025-11-01 08:00:00,0.537988,2.71711,0.039935,0.498053,,,0.111805,2.023
2025-11-01 09:00:00,0.253126,0.849419,0.035303,0.217823,,,0.136203,1.634
2025-11-01 10:00:00,0.25895,1.52324,0.052386,0.206564,,,0.21569,2.15
2025-11-01 11:00:00,0.418518,1.78854,0.038816,0.379702,,,0.16491,1.995
2025-11-01 12:00:00,0.403165,2.14449,0.061018,0.342147,,,0.166974,2.255
2025-11-01 13:00:00,0.293654,1.81268,0.046805,0.246849,,,0.08942,1.009
2025-11-01 14:00:00,0.458648,1.75057,0.039639,0.419009,,,0.153352,1.991
2025-11-01 15:00:00,0.500866,1.82798,0.06045,0.440416,,,0.184667,2.524
2025-11-01 16:00:00,0.20505,1.02526,0.053609,0.151441,,,0.111027,1.966
2025-11-01 17:00:00,0.355152,1.7937,0.03621,0.318942,,,0.117725,1.814
2025-11-01 18:00:00,0.41923,1.51895,0.043041,0.376189,,,0.163174,2.002
2025-11-01 19:00:00,0.33065,1.50295,0.04096,0.28969,,,0.145653,1.472
2025-11-01 20:00:00,1.02225,4.40624,0.141161,0.881088,,,0.29475,3.802
2025-11-01 21:00:00,1.87305,8.21511,0.310707,1.56234,,,0.316328,5.537
2025-11-01 22:00:00,1.27924,5.61071,0.411852,0.86739,,,0.222228,5.914
2025-11-01 23:00:00,0.397561,2.58156,0.0357,0.361861,,,0.142786,2.43
2025-11-02 00:00:00,0.245083,1.94511,0.046059,0.199024,,,0.119028,1.228
2025-11-02 01:00:00,0.254139,1.89656,0.028925,0.225214,,,0.186621,3.265
2025-11-02 02:00:00,0.140534,1.1711,0.010071,0.130463,,,0.129409,1.247
2025-11-02 03:00:00,0.124239,0.757554,0.007295,0.116944,,,0.070742,0.767
2025-11-02 04:00:00,0.112549,0.827558,0.008458,0.104091,,,0.070289,0.688
2025-11-02 05:00:00,0.026111,0.326392,0.005039,0.021072,,,0.04881,0.284
2025-11-02 06:00:00,0.045369,0.405077,0.002868,0.042501,,,0.047939,0.212
2025-11-02 07:00:00,0.546329,4.70974,0.130256,0.416073,,,0.099421,2.151
2025-11-02 08:00:00,0.076669,0.333346,0.019756,0.056913,,,0.078895,0.588
2025-11-02 09:00:00,0.427847,2.43094,0.048521,0.379326,,,0.118679,2.862
2025-11-02 10:00:00,0.569823,2.45614,0.034628,0.535195,,,0.119932,1.783
2025-11-02 11:00:00,0.527783,1.15742,0.107997,0.419786,,,0.290787,2.237
2025-11-02 12:00:00,0.473581,0.962561,0.04873,0.424851,,,0.167254,2.888
2025-11-02 13:00:00,0.397919,2.0302,0.151437,0.246482,,,0.12605,0.763
2025-11-02 14:00:00,0.405678,2.11291,0.042161,0.363517,,,0.175314,2.075
2025-11-02 15:00:00,0.39136,1.59089,0.044763,0.346597,,,0.142187,1.401
2025-11-02 16:00:00,0.24106,0.906247,0.084312,0.156748,,,0.101606,1.198
2025-11-02 17:00:00,0.777344,3.18584,0.086987,0.690357,,,0.161111,1.847
2025-11-02 18:00:00,1.0346,3.51904,0.095101,0.939497,,,0.228848,2.996
2025-11-02 19:00:00,0.152345,0.396728,0.036992,0.115353,,,0.172142,1.612
2025-11-02 20:00:00,0.652352,2.67357,0.062454,0.589898,,,0.216404,3.683
2025-11-02 21:00:00,0.441917,1.62469,0.129645,0.312272,,,0.186535,1.914
2025-11-02 22:00:00,0.119829,0.637386,0.032499,0.08733,,,0.296403,1.443
2025-11-02 23:00:00,0.328226,2.31145,0.046022,0.282204,,,0.251516,1.974
2025-11-03 00:00:00,0.53915,5.99055,0.06479,0.47436,,,0.194771,2.916
2025-11-03 01:00:00,0.151979,1.68866,0.040015,0.111964,,,0.153185,1.883
2025-11-03 02:00:00,0.21198,2.1198,0.113281,0.098699,,,0.111562,2.656
2025-11-03 03:00:00,0.093862,0.809148,0.05804,0.035822,,,0.089457,1.584
2025-11-03 04:00:00,0.033839,0.319239,0.031238,0.002601,,,0.061089,0.696
2025-11-03 05:00:00,0.027788,0.257296,0.025961,0.001827,,,0.040414,0.268
2025-11-03 06:00:00,0.04786,0.4056,0.002764,0.045096,,,0.042277,0.153
2025-11-03 07:00:00,0.48012,1.71471,0.250007,0.230113,,,0.100973,1.513
2025-11-03 08:00:00,0.342873,1.33935,0.12401,0.218863,,,0.116383,1.864
2025-11-03 09:00:00,0.33733,1.56171,0.04339,0.29394,,,0.121282,2.124
2025-11-03 10:00:00,0.180629,1.43355,0.027991,0.152638,,,0.128831,2.203
2025-11-03 11:00:00,0.209431,1.27702,0.057623,0.151808,,,0.13699,3.391
2025-11-03 12:00:00,0.436339,1.83335,0.037066,0.399273,,,0.13758,1.922
2025-11-03 13:00:00,0.225163,1.18507,0.029883,0.19528,,,0.080851,0.966
2025-11-03 14:00:00,0.416358,3.15422,0.14207,0.274288,,,0.140123,3.88
2025-11-03 15:00:00,0.289395,1.31543,0.018499,0.270896,,,0.102974,1.378
2025-11-03 16:00:00,0.428117,1.33787,0.143794,0.284323,,,0.154963,3.075
2025-11-03 17:00:00,0.496726,1.74903,0.110516,0.38621,,,0.14975,2.567
2025-11-03 18:00:00,0.312615,0.898314,0.079756,0.232859,,,0.145554,2.373
2025-11-03 19:00:00,0.445342,0.649186,0.094587,0.350755,,,0.146753,2.46
2025-11-03 20:00:00,0.986288,1.3221,0.20585,0.780438,,,0.230625,4.375
2025-11-03 21:00:00,0.75383,1.20037,0.096011,0.657819,,,0.181545,2.747
2025-11-03 22:00:00,0.310586,0.507493,0.075417,0.235169,,,0.175115,3.089
2025-11-03 23:00:00,0.388625,0.581774,0.039279,0.349346,,,0.161704,2.594
2025-11-04 00:00:00,0.143268,0.434145,0.015272,0.127996,,,0.135447,1.459
2025-11-04 01:00:00,0.042376,0.218433,0.011624,0.030752,,,0.086283,0.77
2025-11-04 02:00:00,0.02957,0.17192,0.00726,0.02231,,,0.06124,0.722
2025-11-04 03:00:00,0.031349,0.191143,0.010499,0.02085,,,0.148581,0.807
2025-11-04 04:00:00,0.002045,0.014193,0.000825,0.00122,,,0.034721,0.087
2025-11-04 05:00:00,0.000763,0.005608,0.000258,0.000505,,,0.035809,0.065
2025-11-04 06:00:00,0.038263,0.308575,0.003788,0.034475,,,0.042467,0.176
2025-11-04 07:00:00,0.297313,1.01127,0.19717,0.100143,,,0.112424,1.056
2025-11-04 08:00:00,0.373784,1.81449,0.025805,0.347979,,,0.109798,1.714
2025-11-04 09:00:00,0.482961,2.62478,0.02961,0.453351,,,0.121072,1.837
2025-11-04 10:00:00,0.369492,2.60206,0.033172,0.33632,,,0.087983,0.942
2025-11-04 11:00:00,0.24216,1.13159,0.018312,0.223848,,,0.091173,1.409
2025-11-04 12:00:00,0.370469,1.62486,0.053757,0.316712,,,0.113937,2.015
2025-11-04 13:00:00,0.723486,3.22985,0.081242,0.642244,,,0.112723,1.733
2025-11-04 14:00:00,0.053192,0.501791,0.008475,0.044717,,,0.069065,0.468
2025-11-04 15:00:00,0.327212,1.47393,0.027281,0.299931,,,0.09145,1.02
2025-11-04 16:00:00,0.470998,2.47894,0.043318,0.42768,,,0.102757,1.513
2025-11-04 17:00:00,0.801842,3.67817,0.077341,0.724501,,,0.160776,3.308
2025-11-04 18:00:00,0.912056,2.35065,0.206032,0.706024,,,0.246248,7.919
2025-11-04 19:00:00,0.371624,1.41842,0.150824,0.2208,,,0.239852,5.873
2025-11-04 20:00:00,0.629645,1.72034,0.101055,0.52859,,,0.262026,5.512
2025-11-04 21:00:00,0.815922,3.4573,0.140544,0.675378,,,0.214318,4.192
2025-11-04 22:00:00,0.536683,3.19454,0.105806,0.430877,,,0.254981,2.921
2025-11-04 23:00:00,0.182854,1.42855,0.033573,0.149281,,,0.225235,1.963
2025-11-05 00:00:00,0.432123,3.13133,0.05271,0.379413,,,0.217062,4.239
2025-11-05 01:00:00,0.030371,0.202468,0.015148,0.015223,,,0.121411,0.955
2025-11-05 02:00:00,0.061253,0.612526,0.0064,0.054853,,,0.043284,0.259
2025-11-05 03:00:00,0.036509,0.17896,0.004095,0.032414,,,0.049821,0.295
2025-11-05 04:00:00,0.00112,0.007666,0.000684,0.000436,,,0.034985,0.067
2025-11-05 05:00:00,0.003164,0.023976,0.000749,0.002415,,,0.035211,0.083
2025-11-05 06:00:00,0.073285,0.814269,0.004327,0.068958,,,0.057721,0.233
2025-11-05 07:00:00,0.314248,1.55569,0.133293,0.180955,,,0.078008,0.872
2025-11-05 08:00:00,0.353872,1.21189,0.037292,0.31658,,,0.092799,1.426
2025-11-05 09:00:00,0.50842,3.34487,0.022432,0.485988,,,0.104566,1.78
2025-11-05 10:00:00,0.129392,1.07827,0.025085,0.104307,,,0.096871,0.461
2025-11-05 11:00:00,0.422924,1.30532,0.051172,0.371752,,,0.179939,2.765
2025-11-05 12:00:00,0.331057,1.19948,0.044007,0.28705,,,0.12821,2.191
2025-11-05 13:00:00,0.488574,2.44287,0.037302,0.451272,,,0.121973,1.777
2025-11-05 14:00:00,0.98428,5.78988,0.042166,0.942114,,,0.130799,2.294
2025-11-05 15:00:00,0.392761,2.06717,0.021472,0.371289,,,0.121484,1.748
2025-11-05 16:00:00,0.293483,1.46741,0.048413,0.24507,,,0.107256,1.676
2025-11-05 17:00:00,0.627157,2.02309,0.114141,0.513016,,,0.140848,2.313
2025-11-05 18:00:00,0.820487,1.65421,0.088348,0.732139,,,0.155488,3.123
2025-11-05 19:00:00,0.888309,3.70129,0.090264,0.798045,,,0.150521,2.798
2025-11-05 20:00:00,1.04791,4.36629,0.161894,0.886017,,,0.230662,3.887
2025-11-05 21:00:00,1.00056,3.49846,0.131621,0.868938,,,0.311362,4.103
2025-11-05 22:00:00,0.3796,1.7572,0.0289,0.3506,,,0.1893,1.895
2025-11-05 23:00:00,0.279206,1.74505,0.019827,0.259379,,,0.10571,0.838
2025-11-06 00:00:00,0.286052,1.88191,0.01343,0.272622,,,0.106806,0.559
2025-11-06 01:00:00,0.544754,3.36268,0.013297,0.531457,,,0.152167,0.793
2025-11-06 02:00:00,0.091213,0.747648,0.001588,0.089625,,,0.082703,0.174
2025-11-06 03:00:00,0.300478,3.19657,0.009562,0.290916,,,0.096924,0.483
2025-11-06 04:00:00,0.012788,0.096869,0.001454,0.011334,,,0.05031,0.12
2025-11-06 05:00:00,0.000217,0.001861,0.000125,9.2e-05,,,0.048881,0.052
2025-11-06 06:00:00,0.011318,0.076482,0.001022,0.010296,,,0.059143,0.109
2025-11-06 07:00:00,0.264541,1.30961,0.121155,0.143386,,,0.10112,0.943
2025-11-06 08:00:00,0.135129,0.785629,0.067984,0.067145,,,0.079092,0.581
2025-11-06 09:00:00,0.134544,0.87366,0.017082,0.117462,,,0.077913,1.36
2025-11-06 10:00:00,0.076118,0.761181,0.012017,0.064101,,,0.058918,0.377
2025-11-06 11:00:00,0.05623,0.425983,0.012445,0.043785,,,0.066364,0.569
2025-11-06 12:00:00,0.256302,2.00236,0.01377,0.242532,,,0.084095,0.428
2025-11-06 13:00:00,0.220355,2.97776,0.017612,0.202743,,,0.074252,0.875
2025-11-06 14:00:00,0.097705,1.06203,0.013524,0.084181,,,0.087775,1.215
2025-11-06 15:00:00,0.036038,0.295395,0.006238,0.0298,,,0.098124,0.715
2025-11-06 16:00:00,0.114632,0.603324,0.021595,0.093037,,,0.147393,1.013
2025-11-06 17:00:00,0.789097,4.58777,0.153885,0.635212,,,0.189996,3.298
2025-11-06 18:00:00,0.622454,2.43146,0.148704,0.47375,,,0.201771,3.178
2025-11-06 19:00:00,0.406674,1.61379,0.124999,0.281675,,,0.15724,1.541
2025-11-06 20:00:00,0.465556,1.87724,0.0591,0.406456,,,0.209568,2.447
2025-11-06 21:00:00,0.162732,0.847564,0.044597,0.118135,,,0.131339,1.23
2025-11-06 22:00:00,0.847781,4.28172,0.06061,0.787171,,,0.190469,2.615
2025-11-06 23:00:00,0.216365,1.44244,0.024121,0.192244,,,0.125379,1.429
2025-11-07 00:00:00,0.051907,0.455329,0.016133,0.035774,,,0.075303,0.899
2025-11-07 01:00:00,0.031687,0.511083,0.00803,0.023657,,,0.071057,0.471
2025-11-07 02:00:00,0.054713,0.683908,0.012268,0.042445,,,0.067533,0.815
2025-11-07 03:00:00,0.034985,0.416497,0.002637,0.032348,,,0.047338,0.251
2025-11-07 04:00:00,0.023557,0.256058,0.006076,0.017481,,,0.069625,0.259
2025-11-07 05:00:00,0.005248,0.05467,0.002007,0.003241,,,0.061187,0.194
2025-11-07 06:00:00,0.132984,1.51119,0.005274,0.12771,,,0.053288,0.356
2025-11-07 07:00:00,0.198568,1.04509,0.089192,0.109376,,,0.061332,0.509
2025-11-07 08:00:00,0.444957,2.02253,0.15253,0.292427,,,0.113835,1.825
2025-11-07 09:00:00,0.223155,1.26793,0.065436,0.157719,,,0.094839,1.142
2025-11-07 10:00:00,0.293793,1.39901,0.014303,0.27949,,,0.08182,1.358
2025-11-07 11:00:00,0.335739,1.71296,0.030505,0.305234,,,0.087059,1.101
2025-11-07 12:00:00,0.218767,0.88212,0.029223,0.189544,,,0.130899,1.841
2025-11-07 13:00:00,0.309098,1.48604,0.047739,0.261359,,,0.149013,1.734
2025-11-07 14:00:00,0.155174,0.891794,0.016746,0.138428,,,0.139631,0.801
2025-11-07 15:00:00,0.563713,2.71016,0.053705,0.510008,,,0.12854,2.246
2025-11-07 16:00:00,1.37113,6.99555,0.082557,1.28857,,,0.150407,2.382
2025-11-07 17:00:00,0.888206,4.00093,0.066018,0.822188,,,0.137703,2.285
2025-11-07 18:00:00,0.500988,1.5274,0.073781,0.427207,,,0.168,3.635
2025-11-07 19:00:00,0.371236,1.22926,0.07771,0.293526,,,0.179632,3.298
2025-11-07 20:00:00,5.18229,20.4027,0.082605,5.09968,,,0.174348,3.938
2025-11-07 21:00:00,0.549264,1.86824,0.116561,0.432703,,,0.142973,2.511
2025-11-07 22:00:00,0.160767,0.705119,0.019206,0.141561,,,0.102292,0.807
2025-11-07 23:00:00,0.558111,2.56014,0.028834,0.529277,,,0.229427,3.248
2025-11-08 00:00:00,0.12101,0.728981,0.010287,0.110723,,,0.067969,1.278
2025-11-08 01:00:00,0.166587,1.02831,0.008084,0.158503,,,0.060946,0.458
2025-11-08 02:00:00,0.016015,0.114393,0.001928,0.014087,,,0.039259,0.139
2025-11-08 03:00:00,0.065145,0.357938,0.044076,0.021069,,,0.049359,0.424
2025-11-08 04:00:00,0.086968,0.550422,0.004056,0.082912,,,0.051045,0.295
2025-11-08 05:00:00,0.003815,0.021192,0.001557,0.002258,,,0.047603,0.089
2025-11-08 06:00:00,0.03324,0.178709,0.004427,0.028813,,,0.058558,0.215
2025-11-08 07:00:00,0.100541,0.332916,0.009445,0.091096,,,0.065977,0.513
2025-11-08 08:00:00,0.090469,0.389953,0.00933,0.081139,,,0.068866,0.463
2025-11-08 09:00:00,0.316626,1.16406,0.019497,0.297129,,,0.098456,1.372
2025-11-08 10:00:00,0.124463,0.641561,0.01162,0.112843,,,0.106064,0.763
2025-11-08 11:00:00,0.286122,1.01461,0.037803,0.248319,,,0.162106,2.688
2025-11-08 12:00:00,0.573606,1.78139,0.149541,0.424065,,,0.220182,3.431
2025-11-08 13:00:00,0.508736,1.92703,0.048203,0.460533,,,0.152953,3.141
2025-11-08 14:00:00,0.679221,2.5728,0.045632,0.633589,,,0.156077,2.283
2025-11-08 15:00:00,0.39567,1.64863,0.037105,0.358565,,,0.214685,2.706
2025-11-08 16:00:00,0.125604,0.502417,0.02952,0.096084,,,0.145094,1.087
2025-11-08 17:00:00,0.277263,1.16497,0.033636,0.243627,,,0.126968,1.658
2025-11-08 18:00:00,0.612087,2.18603,0.051437,0.56065,,,0.17363,2.866
2025-11-08 19:00:00,0.288665,1.56883,0.1359,0.152765,,,0.126001,1.273
2025-11-08 20:00:00,0.429681,1.56818,0.043534,0.386147,,,0.154789,1.874
2025-11-08 21:00:00,0.28269,1.0957,0.039078,0.243612,,,0.10846,1.638
2025-11-08 22:00:00,0.282915,1.33451,0.052035,0.23088,,,0.182191,5.46
2025-11-08 23:00:00,1.51477,7.49886,0.500859,1.01391,,,0.278849,4.626
2025-11-09 00:00:00,0.608033,4.00022,0.016956,0.591077,,,0.122468,1.27
2025-11-09 01:00:00,0.034155,0.243958,0.003335,0.03082,,,0.059996,0.246
2025-11-09 02:00:00,0.132279,0.958545,0.008436,0.123843,,,0.057739,0.447
2025-11-09 03:00:00,0.145319,1.19115,0.004406,0.140913,,,0.049476,0.299
2025-11-09 04:00:00,0.029217,0.503745,0.001679,0.027538,,,0.068104,0.135
2025-11-09 05:00:00,0.0261,0.3264,0.005,0.0211,,,0.0488,0.284
2025-11-09 06:00:00,0.0454,0.4051,0.0029,0.0425,,,0.0479,0.212
2025-11-09 07:00:00,0.5463,4.7097,0.1303,0.4161,,,0.0994,2.151
2025-11-09 08:00:00,0.0767,0.3333,0.0198,0.0569,,,0.0789,0.588
2025-11-09 09:00:00,0.4278,2.4309,0.0485,0.3793,,,0.1187,2.862
2025-11-09 10:00:00,0.5698,2.4561,0.0346,0.5352,,,0.1199,1.783
2025-11-09 11:00:00,0.5278,1.1574,0.108,0.4198,,,0.2908,2.237
2025-11-09 12:00:00,0.4736,0.9626,0.0487,0.4249,,,0.1673,2.888
2025-11-09 13:00:00,0.3979,2.0302,0.1514,0.2465,,,0.126,0.763
2025-11-09 14:00:00,0.4057,2.1129,0.0422,0.3635,,,0.1753,2.075
2025-11-09 15:00:00,0.3914,1.5909,0.0448,0.3466,,,0.1422,1.401
2025-11-09 16:00:00,0.2411,0.9062,0.0843,0.1567,,,0.1016,1.198
2025-11-09 17:00:00,0.7773,3.1858,0.087,0.6904,,,0.1611,1.847
2025-11-09 18:00:00,1.0346,3.519,0.0951,0.9395,,,0.2288,2.996
2025-11-09 19:00:00,0.1523,0.3967,0.037,0.1154,,,0.1721,1.612
2025-11-09 20:00:00,0.6524,2.6736,0.0625,0.5899,,,0.2164,3.683
2025-11-09 21:00:00,0.4419,1.6247,0.1296,0.3123,,,0.1865,1.914
2025-11-09 22:00:00,0.1198,0.6374,0.0325,0.0873,,,0.2964,1.443
2025-11-09 23:00:00,0.3282,2.3114,0.046,0.2822,,,0.2515,1.974
2025-11-10 00:00:00,0.5392,5.9906,0.0648,0.4744,,,0.1948,2.916
2025-11-10 01:00:00,0.152,1.6887,0.04,0.112,,,0.1532,1.883
2025-11-10 02:00:00,0.212,2.1198,0.1133,0.0987,,,0.1116,2.656
2025-11-10 03:00:00,0.0939,0.8091,0.058,0.0358,,,0.0895,1.584
2025-11-10 04:00:00,0.0338,0.3192,0.0312,0.0026,,,0.0611,0.696
2025-11-10 05:00:00,0.0278,0.2573,0.026,0.0018,,,0.0404,0.268
2025-11-10 06:00:00,0.0479,0.4056,0.0028,0.0451,,,0.0423,0.153
2025-11-10 07:00:00,0.4801,1.7147,0.25,0.2301,,,0.101,1.513
2025-11-10 08:00:00,0.513571,1.79493,0.206984,0.306586,,,0.123123,1.9364
2025-11-10 09:00:00,0.547042,1.87516,0.163969,0.383073,,,0.145246,2.3598
2025-11-10 10:00:00,0.580512,1.9554,0.120953,0.459559,,,0.16737,2.7832
2025-11-10 11:00:00,,,,,,,,
2025-11-10 12:00:00,0.647454,2.11586,0.034922,0.612532,,,0.211616,3.63
2025-11-10 13:00:00,0.190489,1.23694,0.026184,0.164305,,,0.11749,1.285
2025-11-10 14:00:00,0.222826,0.801535,0.053465,0.169361,,,0.143032,1.434
2025-11-10 15:00:00,0.370946,1.7334,0.090999,0.279947,,,0.145884,1.416
2025-11-10 16:00:00,0.317043,1.40284,0.03211,0.284933,,,0.118288,1.641
2025-11-10 17:00:00,0.391767,1.67422,0.103136,0.288631,,,0.117312,1.712
2025-11-10 18:00:00,0.746691,2.55716,0.053274,0.693417,,,0.171087,2.788
2025-11-10 19:00:00,0.77058,1.87946,0.099742,0.670838,,,0.174764,2.906
2025-11-10 20:00:00,0.753232,3.03722,0.150662,0.60257,,,0.242482,3.996
2025-11-10 21:00:00,1.05987,4.9994,0.228062,0.831811,,,0.205814,4.774
2025-11-10 22:00:00,0.215038,1.14383,0.060817,0.154221,,,0.140598,1.667
2025-11-10 23:00:00,0.242076,1.92125,0.082518,0.159558,,,0.144607,1.486
2025-11-11 00:00:00,0.755479,4.72175,0.321026,0.434453,,,0.22603,3.767
2025-11-11 01:00:00,0.059308,0.357273,0.036362,0.022946,,,0.176006,1.379
2025-11-11 02:00:00,0.184207,2.36162,0.043031,0.141176,,,0.091646,1.017
2025-11-11 03:00:00,0.072451,0.770756,0.029591,0.04286,,,0.087771,0.823
2025-11-11 04:00:00,0.081064,1.30747,0.041979,0.039085,,,0.106018,1.17
2025-11-11 05:00:00,0.028957,0.517066,0.014258,0.014699,,,0.060187,0.348
2025-11-11 06:00:00,0.010939,0.16576,0.00214,0.008799,,,0.056279,0.143
2025-11-11 07:00:00,0.826208,4.2588,0.060921,0.765287,,,0.134965,1.232
2025-11-11 08:00:00,0.518714,2.1086,0.154646,0.364068,,,0.183111,2.42
2025-11-11 09:00:00,0.729654,3.28673,0.052898,0.676756,,,0.143477,1.623
2025-11-11 10:00:00,0.147962,0.754912,0.016113,0.131849,,,0.156546,0.682
2025-11-11 11:00:00,0.512223,1.48042,0.067313,0.44491,,,0.266454,2.692
2025-11-11 12:00:00,0.136887,0.465599,0.025104,0.111783,,,0.093514,1.054
2025-11-11 13:00:00,0.26018,0.897173,0.036553,0.223627,,,0.107144,1.071
2025-11-11 14:00:00,0.411212,1.95815,0.036941,0.374271,,,0.172917,1.999
2025-11-11 15:00:00,0.359581,1.54992,0.107664,0.251917,,,0.099638,0.861
2025-11-11 16:00:00,0.527716,2.2173,0.068265,0.459451,,,0.160294,2.378
2025-11-11 17:00:00,0.50433,1.6811,0.065372,0.438958,,,0.142934,2.319
2025-11-11 18:00:00,1.21224,3.34874,0.522349,0.689893,,,0.222698,4.694
2025-11-11 19:00:00,0.464666,1.27656,0.036738,0.427928,,,0.259503,2.22
2025-11-11 20:00:00,1.28019,4.38421,0.101922,1.17827,,,0.209415,4.453
2025-11-11 21:00:00,1.00642,4.30094,0.443533,0.562887,,,0.212276,3.882
2025-11-11 22:00:00,0.256791,1.66748,0.032577,0.224214,,,0.169072,1.067
2025-11-11 23:00:00,0.191166,1.16564,0.02054,0.170626,,,0.07402,0.831
2025-11-12 00:00:00,0.099388,0.637104,0.015035,0.084353,,,0.058837,0.642
2025-11-12 01:00:00,0.090187,0.60125,0.016038,0.074149,,,0.104646,3.995
2025-11-12 02:00:00,0.179836,1.49864,0.017575,0.162261,,,0.083901,1.926
2025-11-12 03:00:00,0.094222,0.888889,0.007484,0.086738,,,0.060748,0.582
2025-11-12 04:00:00,0.044717,0.475726,0.001783,0.042934,,,0.043719,0.198
2025-11-12 05:00:00,0.04345,0.505249,0.002939,0.040511,,,0.048043,0.181
2025-11-12 06:00:00,0.049334,0.432753,0.009678,0.039656,,,0.055578,0.359
2025-11-12 07:00:00,0.440256,2.03823,0.034382,0.405874,,,0.080261,1.038
2025-11-12 08:00:00,0.492581,2.59253,0.112465,0.380116,,,0.097702,1.381
2025-11-12 09:00:00,0.541951,4.04441,0.02355,0.518401,,,0.115045,1.386
2025-11-12 10:00:00,0.329533,2.99576,0.015801,0.313732,,,0.081788,1.043
2025-11-12 11:00:00,0.408869,1.79328,0.081485,0.327384,,,0.129152,1.408
2025-11-12 12:00:00,0.357682,1.45399,0.043016,0.314666,,,0.130859,2.465
2025-11-12 13:00:00,0.319804,1.99877,0.018578,0.301226,,,0.140182,1.841
2025-11-12 14:00:00,0.609703,3.17554,0.033692,0.576011,,,0.110299,1.598
2025-11-12 15:00:00,0.361284,2.23016,0.022514,0.33877,,,0.094319,1.011
2025-11-12 16:00:00,0.614822,3.89127,0.083188,0.531634,,,0.130227,1.768
2025-11-12 17:00:00,0.378774,2.15212,0.03943,0.339344,,,0.114452,2.105
2025-11-12 18:00:00,1.48863,5.90726,0.108872,1.37976,,,0.162068,3.54
2025-11-12 19:00:00,0.590798,2.14057,0.079102,0.511696,,,0.165409,3.85
2025-11-12 20:00:00,0.84788,3.28636,0.12116,0.72672,,,0.181776,2.995
2025-11-12 21:00:00,0.856244,3.6907,0.102123,0.754121,,,0.188492,3.056
2025-11-12 22:00:00,1.21763,5.74354,0.056443,1.16119,,,0.159699,2.63
2025-11-12 23:00:00,0.207489,2.11723,0.02004,0.187449,,,0.097425,0.701
2025-11-13 00:00:00,0.491836,4.63996,0.037711,0.454125,,,0.15249,2.674
2025-11-13 01:00:00,0.317914,3.61266,0.037416,0.280498,,,0.164946,1.76
2025-11-13 02:00:00,0.058624,0.532942,0.017452,0.041172,,,0.08963,2.201
2025-11-13 03:00:00,0.159604,1.59605,0.00831,0.151294,,,0.053495,0.552
2025-11-13 04:00:00,0.029844,0.191311,0.004803,0.025041,,,0.100674,0.681
2025-11-13 05:00:00,0.03284,0.210511,0.001129,0.031711,,,0.04222,0.182
2025-11-13 06:00:00,0.031892,0.209817,0.004822,0.02707,,,0.041441,0.187
2025-11-13 07:00:00,0.130748,0.947445,0.013479,0.117269,,,0.071616,0.885
2025-11-13 08:00:00,0.294913,1.45996,0.025495,0.269418,,,0.1499,2.072
2025-11-13 09:00:00,0.359652,3.15485,0.030531,0.329121,,,0.093163,1.451
2025-11-13 10:00:00,0.389474,3.1924,0.027051,0.362423,,,0.091377,1.607
2025-11-13 11:00:00,0.459292,2.03226,0.034796,0.424496,,,0.12461,2.487
2025-11-13 12:00:00,0.459575,1.85313,0.053358,0.406217,,,0.145746,3.153
2025-11-13 13:00:00,2.67941,16.7463,0.071092,2.60832,,,0.114794,2.626
2025-11-13 14:00:00,0.345332,1.64444,0.026389,0.318943,,,0.102274,1.984
2025-11-13 15:00:00,0.230029,1.35311,0.029473,0.200556,,,0.097591,1.253
2025-11-13 16:00:00,0.468239,2.75435,0.203859,0.26438,,,0.112009,1.578
2025-11-13 17:00:00,0.679574,4.35625,0.098302,0.581272,,,0.132198,2.045
2025-11-13 18:00:00,0.653145,1.7009,0.124103,0.529042,,,0.163319,2.905
2025-11-13 19:00:00,0.576392,1.85933,0.097275,0.479117,,,0.196875,3.329
2025-11-13 20:00:00,1.48872,5.90761,0.297655,1.19106,,,0.151241,3.348
2025-11-13 21:00:00,0.939502,3.37951,0.251168,0.688334,,,0.167348,3.442
2025-11-13 22:00:00,0.685662,2.50241,0.048634,0.637028,,,0.147749,2.466
2025-11-13 23:00:00,0.149672,0.935456,0.017348,0.132324,,,0.11118,1.199
2025-11-14 00:00:00,0.290363,1.81477,0.020078,0.270285,,,0.113586,2.706
2025-11-14 01:00:00,0.14044,0.961934,0.021479,0.118961,,,0.080709,2.519
2025-11-14 02:00:00,0.181194,1.33231,0.004253,0.176941,,,0.050251,0.414
2025-11-14 03:00:00,0.00731,0.045685,0.003863,0.003447,,,0.051528,0.196
2025-11-14 04:00:00,0.00259,0.018243,0.000379,0.002211,,,0.033163,0.065
2025-11-14 05:00:00,0.00353,0.030971,0.000901,0.002629,,,0.039205,0.103
2025-11-14 06:00:00,0.05005,0.481249,0.004202,0.045848,,,0.047356,0.291
2025-11-14 07:00:00,0.141562,0.434239,0.017015,0.124547,,,0.104657,0.953
2025-11-14 08:00:00,0.383989,1.09088,0.124638,0.259351,,,0.1049,1.455
2025-11-14 09:00:00,0.469482,1.44902,0.020099,0.449383,,,0.130614,1.424
2025-11-14 10:00:00,0.164435,0.814044,0.017875,0.14656,,,0.094781,1.695
2025-11-14 11:00:00,0.287322,0.915041,0.024588,0.262734,,,0.121041,1.58
2025-11-14 12:00:00,0.274998,0.996371,0.032139,0.242859,,,0.121062,1.754
2025-11-14 13:00:00,0.353201,1.66605,0.041548,0.311653,,,0.108192,1.682
2025-11-14 14:00:00,0.166218,1.00131,0.019824,0.146394,,,0.115017,1.841
2025-11-14 15:00:00,0.173649,0.652815,0.062249,0.1114,,,0.103795,1.384
2025-11-14 16:00:00,0.398591,1.58171,0.228793,0.169798,,,0.119353,2.541
2025-11-14 17:00:00,0.52532,2.26431,0.049023,0.476297,,,0.159066,2.096
2025-11-14 18:00:00,0.150813,0.608117,0.043995,0.106818,,,0.142028,1.338
2025-11-14 19:00:00,0.859413,3.23087,0.248702,0.610711,,,0.196295,4.762
2025-11-14 20:00:00,1.03516,4.34941,0.083607,0.951552,,,0.271763,3.796
2025-11-14 21:00:00,0.884969,3.78192,0.098438,0.786531,,,0.229429,2.112
2025-11-14 22:00:00,0.500728,2.72135,0.056774,0.443954,,,0.195221,2.23
2025-11-14 23:00:00,0.407456,1.819,0.02501,0.382446,,,0.209818,1.734
2025-11-15 00:00:00,0.34465,2.10152,0.024587,0.320063,,,0.118745,2.136
2025-11-15 01:00:00,0.227408,1.17221,0.023392,0.204016,,,0.096588,1.412
2025-11-15 02:00:00,0.567,2.7,0.323839,0.243161,,,0.11039,3.321
2025-11-15 03:00:00,0.030975,0.193591,0.005175,0.0258,,,0.081393,0.406
2025-11-15 04:00:00,0.013787,0.089531,0.003244,0.010543,,,0.060027,0.388
2025-11-15 05:00:00,0.001731,0.014911,0.000816,0.000915,,,0.041687,0.128
2025-11-15 06:00:00,0.014329,0.098151,0.002933,0.011396,,,0.053168,0.316
2025-11-15 07:00:00,0.192671,0.935296,0.013116,0.179555,,,0.087562,0.806
2025-11-15 08:00:00,0.156776,0.505725,0.019955,0.136821,,,0.146301,1.16
2025-11-15 09:00:00,0.31642,1.11415,0.060787,0.255633,,,0.108806,1.291
2025-11-15 10:00:00,0.321634,1.65791,0.026014,0.29562,,,0.095483,1.153
2025-11-15 11:00:00,0.386751,1.07431,0.049964,0.336787,,,0.178246,2.555
2025-11-15 12:00:00,0.684985,1.06696,0.155941,0.529044,,,0.167564,2.681
2025-11-15 13:00:00,0.523426,2.49251,0.035297,0.488129,,,0.134223,1.836
2025-11-15 14:00:00,0.439668,1.44628,0.059963,0.379705,,,0.139854,2.559
2025-11-15 15:00:00,0.367062,1.11909,0.028535,0.338527,,,0.118514,1.258
2025-11-15 16:00:00,0.263134,1.06965,0.045972,0.217162,,,0.103812,1.481
2025-11-15 17:00:00,0.383114,1.87801,0.142961,0.240153,,,0.126279,2.731
2025-11-15 18:00:00,1.01671,4.13295,0.075529,0.941178,,,0.158554,2.801
2025-11-15 19:00:00,0.907885,3.54643,0.070339,0.837546,,,0.211231,4.995
2025-11-15 20:00:00,0.613242,2.28822,0.148179,0.465063,,,0.14771,2.335
2025-11-15 21:00:00,0.756369,2.82227,0.084333,0.672036,,,0.226974,3.76
2025-11-15 22:00:00,0.941173,3.26796,0.03585,0.905323,,,0.198368,1.988
2025-11-15 23:00:00,0.499789,2.49894,0.072138,0.427651,,,0.186308,2.012
2025-11-16 00:00:00,0.621578,2.5685,0.028559,0.593019,,,0.133004,2.255
2025-11-16 01:00:00,0.204797,0.747435,0.033646,0.171151,,,0.117864,0.903
2025-11-16 02:00:00,0.214056,0.733063,0.063872,0.150184,,,0.075729,0.534
2025-11-16 03:00:00,0.126068,0.504273,0.004214,0.121854,,,0.050955,0.343
2025-11-16 04:00:00,0.003737,0.018144,0.001927,0.00181,,,0.041268,0.134
2025-11-16 05:00:00,0.058357,0.374077,0.008993,0.049364,,,0.048641,0.542
2025-11-16 06:00:00,0.002876,0.022832,0.001126,0.00175,,,0.036962,0.092
2025-11-16 07:00:00,0.093753,0.422308,0.012222,0.081531,,,0.073782,0.405
2025-11-16 08:00:00,0.30477,1.20941,0.026027,0.278743,,,0.112936,1.815
2025-11-16 09:00:00,0.642713,2.8951,0.031268,0.611445,,,0.217409,1.773
2025-11-16 10:00:00,0.46768,1.48943,0.11292,0.35476,,,0.316834,2.772
2025-11-16 11:00:00,0.684067,3.52612,0.078585,0.605482,,,0.274621,2.884
2025-11-16 12:00:00,0.804888,3.90722,0.04897,0.755918,,,0.213687,2.795
2025-11-16 13:00:00,0.964363,4.77408,0.045952,0.918411,,,0.150906,1.758
2025-11-16 14:00:00,1.13813,5.26914,0.082203,1.05593,,,0.209196,2.155
2025-11-16 15:00:00,0.331975,1.43093,0.078961,0.253014,,,0.135011,1.974
2025-11-16 16:00:00,0.274631,1.12554,0.063311,0.21132,,,0.177077,1.65
2025-11-16 17:00:00,1.32559,3.28117,0.554926,0.770665,,,0.190588,3.056
2025-11-16 18:00:00,0.37557,1.605,0.074394,0.301176,,,0.185555,1.651
2025-11-16 19:00:00,0.335041,1.27878,0.024359,0.310682,,,0.120513,1.233
2025-11-16 20:00:00,0.414763,1.10309,0.069871,0.344892,,,0.136195,2.675
2025-11-16 21:00:00,0.498511,1.74304,0.060583,0.437928,,,0.190127,2.006
2025-11-16 22:00:00,0.542337,2.08591,0.029998,0.512339,,,0.185642,1.69
2025-11-16 23:00:00,1.46694,7.40878,0.039305,1.42763,,,0.143844,2.835
2025-11-17 00:00:00,0.103869,0.5645,0.009036,0.094833,,,0.092096,0.506
2025-11-17 01:00:00,0.368276,1.70498,0.024439,0.343837,,,0.155409,1.687
2025-11-17 02:00:00,0.460195,2.42208,0.031611,0.428584,,,0.107197,4.102
2025-11-17 03:00:00,0.049426,0.163662,0.014099,0.035327,,,0.076027,2.024
2025-11-17 04:00:00,0.005002,0.021557,0.001204,0.003798,,,0.055183,0.161
2025-11-17 05:00:00,0.107933,0.469269,0.003468,0.104465,,,0.047648,0.246
2025-11-17 06:00:00,0.029878,0.194012,0.00289,0.026988,,,0.049476,0.179
2025-11-17 07:00:00,0.526764,2.71528,0.040076,0.486688,,,0.110774,1.435
2025-11-17 08:00:00,0.278247,1.78364,0.028523,0.249724,,,0.098116,1.311
2025-11-17 09:00:00,0.727201,6.37895,0.029489,0.697712,,,0.104966,1.149
2025-11-17 10:00:00,0.926814,8.74353,0.247622,0.679192,,,0.108408,1.166
2025-11-17 11:00:00,0.520996,2.68554,0.032308,0.488688,,,0.139195,1.511
2025-11-17 12:00:00,0.424539,1.96546,0.040814,0.383725,,,0.174101,2.46
2025-11-17 13:00:00,0.428828,2.30553,0.030947,0.397881,,,0.166068,2.153
2025-11-17 14:00:00,0.683488,3.67468,0.057443,0.626045,,,0.166323,2.575
2025-11-17 15:00:00,0.339508,1.75004,0.030892,0.308616,,,0.135194,2.11
2025-11-17 16:00:00,0.162616,0.893497,0.080352,0.082264,,,0.120836,1.352
2025-11-17 17:00:00,0.336392,1.43756,0.057719,0.278673,,,0.165994,1.78
2025-11-17 18:00:00,0.732101,2.17888,0.180195,0.551906,,,0.190521,2.904
2025-11-17 19:00:00,0.391198,1.36783,0.04733,0.343868,,,0.163433,2.683
2025-11-17 20:00:00,0.659756,1.85325,0.082503,0.577253,,,0.162021,2.975
2025-11-17 21:00:00,0.471848,1.98255,0.071143,0.400705,,,0.166848,1.872
2025-11-17 22:00:00,0.895936,3.82878,0.035024,0.860912,,,0.142749,3.024
2025-11-17 23:00:00,0.358214,2.10714,0.029185,0.329029,,,0.111782,1.572
2025-11-18 00:00:00,0.728743,1.28753,0.061242,0.667501,,,0.257294,5.349
2025-11-18 01:00:00,0.079048,0.11102,0.009379,0.069669,,,0.072561,0.642
2025-11-18 02:00:00,0.535214,3.04099,0.014555,0.520659,,,0.072699,1.068
2025-11-18 03:00:00,0.043925,0.300857,0.002621,0.041304,,,0.043102,0.177
2025-11-18 04:00:00,0.008728,0.060606,0.00148,0.007248,,,0.035697,0.078
2025-11-18 05:00:00,0.00022,0.001834,0.000103,0.000117,,,0.040834,0.043
2025-11-18 06:00:00,0.009402,0.068123,0.000846,0.008556,,,0.035885,0.061
2025-11-18 07:00:00,0.115179,0.757758,0.016854,0.098325,,,0.065618,0.791
2025-11-18 08:00:00,0.20885,1.13506,0.06853,0.14032,,,0.077609,1.022
2025-11-18 09:00:00,0.321596,2.0615,0.02692,0.294676,,,0.081695,1.036
2025-11-18 10:00:00,0.118133,0.757254,0.011079,0.107054,,,0.074214,0.657
2025-11-18 11:00:00,0.31538,2.19014,0.054252,0.261128,,,0.088751,1.362
2025-11-18 12:00:00,0.495026,2.69035,0.138088,0.356938,,,0.131059,1.56
2025-11-18 13:00:00,0.367808,1.68719,0.124452,0.243356,,,0.093066,2.151
2025-11-18 14:00:00,0.166148,1.20396,0.019398,0.14675,,,0.072036,2.36
2025-11-18 15:00:00,0.313272,1.6148,0.02038,0.292892,,,0.087201,0.933
2025-11-18 16:00:00,0.095184,1.44217,0.011274,0.08391,,,0.066635,0.547
2025-11-18 17:00:00,0.119778,0.893861,0.01473,0.105048,,,0.088578,0.785
2025-11-18 18:00:00,0.253193,0.557693,0.069826,0.183367,,,0.197184,1.767
2025-11-18 19:00:00,0.628324,2.53356,0.262881,0.365443,,,0.150911,2.163
2025-11-18 20:00:00,0.555401,1.83908,0.066116,0.489285,,,0.137542,2.306
2025-11-18 21:00:00,1.21778,3.51959,0.276772,0.941008,,,0.292196,4.462
2025-11-18 22:00:00,1.25983,3.62019,0.081859,1.17797,,,0.291042,5.333
2025-11-18 23:00:00,0.946134,4.26187,0.076894,0.86924,,,0.262389,4.507
2025-11-19 00:00:00,0.047455,0.27273,0.018958,0.028497,,,0.09307,0.804
2025-11-19 01:00:00,0.334765,1.64101,0.037686,0.297079,,,0.142451,2.663
2025-11-19 02:00:00,0.063628,0.314993,0.029315,0.034313,,,0.087507,0.657
2025-11-19 03:00:00,0.289145,1.43141,0.046135,0.24301,,,0.11391,0.93
2025-11-19 04:00:00,0.169966,0.913798,0.045795,0.124171,,,0.131733,1.344
2025-11-19 05:00:00,0.078512,0.509815,0.023186,0.055326,,,0.059685,0.527
2025-11-19 06:00:00,0.082535,0.625261,0.006126,0.076409,,,0.066918,0.295
2025-11-19 07:00:00,0.130731,0.742791,0.031383,0.099348,,,0.068024,0.723
2025-11-19 08:00:00,0.226071,1.37848,0.035783,0.190288,,,0.083546,1.143
2025-11-19 09:00:00,0.09186,0.596493,0.00988,0.08198,,,0.072121,0.689
2025-11-19 10:00:00,0.262918,1.96207,0.022276,0.240642,,,0.102644,1.275
2025-11-19 11:00:00,0.76242,4.14358,0.060488,0.701932,,,0.116764,1.699
2025-11-19 12:00:00,0.375566,1.82314,0.027978,0.347588,,,0.10821,1.198
2025-11-19 13:00:00,0.167201,1.12973,0.019631,0.14757,,,0.113331,0.959
2025-11-19 14:00:00,0.366529,2.58118,0.016709,0.34982,,,0.108745,0.87
2025-11-19 15:00:00,0.227049,1.08119,0.027898,0.199151,,,0.108809,1.371
2025-11-19 16:00:00,0.319663,1.18394,0.039265,0.280398,,,0.108182,1.404
2025-11-19 17:00:00,0.367779,1.51975,0.082974,0.284805,,,0.119081,2.961
2025-11-19 18:00:00,0.419233,1.95903,0.048369,0.370864,,,0.131414,2.696
2025-11-19 19:00:00,0.658759,3.36102,0.043214,0.615545,,,0.264694,2.733
2025-11-19 20:00:00,0.180785,0.772581,0.0578,0.122985,,,0.188021,1.521
2025-11-19 21:00:00,0.758321,2.3405,0.071058,0.687263,,,0.222561,2.719
2025-11-19 22:00:00,2.87308,10.1165,0.517481,2.3556,,,0.34407,7.487
2025-11-19 23:00:00,0.968091,2.68914,0.033725,0.934366,,,0.218329,3.148
2025-11-20 00:00:00,0.346004,0.387028,0.035334,0.31067,,,0.144694,2.899
2025-11-20 01:00:00,0.151387,0.244173,0.016511,0.134876,,,0.103193,1.323
2025-11-20 02:00:00,0.447686,1.30902,0.043556,0.40413,,,0.144511,2.118
2025-11-20 03:00:00,0.197465,0.320562,0.021002,0.176463,,,0.096774,1.171
2025-11-20 04:00:00,0.052216,0.078639,0.002756,0.04946,,,0.105798,0.289
2025-11-20 05:00:00,0.011076,0.051282,0.001746,0.00933,,,0.059178,0.238
2025-11-20 06:00:00,0.058302,0.283018,0.007423,0.050879,,,0.066525,0.454
2025-11-20 07:00:00,0.099969,0.567995,0.019297,0.080672,,,0.082643,1.05
2025-11-20 08:00:00,0.610701,3.31902,0.043131,0.56757,,,0.10756,1.925
2025-11-20 09:00:00,0.132494,1.40951,0.008789,0.123705,,,0.087584,0.556
2025-11-20 10:00:00,0.161621,1.07748,0.045169,0.116452,,,0.096549,1.08
2025-11-20 11:00:00,0.299622,1.1524,0.037977,0.261645,,,0.125767,1.6
2025-11-20 12:00:00,0.662488,3.24749,0.415574,0.246914,,,0.151307,1.907
2025-11-20 13:00:00,0.439597,3.01093,0.029625,0.409972,,,0.14505,1.635
2025-11-20 14:00:00,1.05708,4.47915,0.170102,0.886979,,,0.261218,4.241
2025-11-20 15:00:00,1.49814,7.41652,0.118222,1.37992,,,0.208845,3.603
2025-11-20 16:00:00,0.52246,2.63869,0.062797,0.459663,,,0.172825,2.339
2025-11-20 17:00:00,0.510791,1.55729,0.047657,0.463134,,,0.207606,2.634
2025-11-20 18:00:00,0.836449,3.4564,0.113028,0.723421,,,0.247824,3.37
2025-11-20 19:00:00,0.524568,1.53382,0.298146,0.226422,,,0.218815,3.261
2025-11-20 20:00:00,0.183448,0.804594,0.050785,0.132663,,,0.129376,1.905
2025-11-20 21:00:00,0.186263,0.870384,0.022535,0.163728,,,0.120967,1.165
2025-11-20 22:00:00,0.319252,1.54977,0.034368,0.284884,,,0.175336,1.518
2025-11-20 23:00:00,0.281143,2.60316,0.031661,0.249482,,,0.150314,1.737
2025-11-21 00:00:00,0.250922,2.09101,0.052206,0.198716,,,0.125606,1.453
2025-11-21 01:00:00,0.24913,1.70636,0.052093,0.197037,,,0.114343,1.049
2025-11-21 02:00:00,0.29855,2.10247,0.050199,0.248351,,,0.100508,1.08
2025-11-21 03:00:00,0.038885,0.273838,0.011025,0.02786,,,0.045228,0.204
2025-11-21 04:00:00,0.026515,0.118374,0.013547,0.012968,,,0.062948,0.763
2025-11-21 05:00:00,0.056383,0.356856,0.007834,0.048549,,,0.053116,0.473
2025-11-21 06:00:00,0.104536,0.746681,0.009081,0.095455,,,0.192604,0.633
2025-11-21 07:00:00,0.078904,0.33434,0.02539,0.053514,,,0.122383,0.862
2025-11-21 08:00:00,0.574206,2.09564,0.030719,0.543487,,,0.122769,1.783
2025-11-21 09:00:00,0.360356,2.1973,0.042999,0.317357,,,0.134615,2.431
2025-11-21 10:00:00,0.275615,1.64056,0.167496,0.108119,,,0.106145,1.619
2025-11-21 11:00:00,0.398738,1.42406,0.035275,0.363463,,,0.189489,1.799
2025-11-21 12:00:00,0.426254,1.65215,0.052438,0.373816,,,0.236553,2.84
2025-11-21 13:00:00,1.21086,4.51814,0.0601,1.15076,,,0.2075,2.789
2025-11-21 14:00:00,1.06358,4.25432,0.318109,0.745472,,,0.147685,2.503
2025-11-21 15:00:00,0.365633,1.1285,0.030753,0.33488,,,0.132289,1.479
2025-11-21 16:00:00,0.164293,0.651951,0.01719,0.147103,,,0.096413,1.038
2025-11-21 17:00:00,0.307899,1.19341,0.046714,0.261185,,,0.165552,1.519
2025-11-21 18:00:00,0.550005,1.99277,0.047935,0.50207,,,0.268352,2.707
2025-11-21 19:00:00,1.5251,4.21298,0.126807,1.39829,,,0.256329,4.921
2025-11-21 20:00:00,1.23669,3.37893,0.139815,1.09687,,,0.290411,6.971
2025-11-21 21:00:00,0.448703,1.68685,0.037445,0.411258,,,0.181014,3.035
2025-11-21 22:00:00,0.369243,1.19111,0.032736,0.336507,,,0.152155,1.793
2025-11-21 23:00:00,0.307777,1.49406,0.020359,0.287418,,,0.132201,1.369
2025-11-22 00:00:00,0.083562,0.459127,0.014049,0.069513,,,0.153984,1.449
2025-11-22 01:00:00,0.233167,1.18963,0.030525,0.202642,,,0.099403,1.392
2025-11-22 02:00:00,0.014295,0.094041,0.007448,0.006847,,,0.058945,0.589
2025-11-22 03:00:00,0.061062,0.343049,0.025325,0.035737,,,0.04195,0.204
2025-11-22 04:00:00,0.029744,0.169,0.007387,0.022357,,,0.100657,0.873
2025-11-22 05:00:00,0.016817,0.095554,0.005939,0.010878,,,0.039649,0.151
2025-11-22 06:00:00,0.06882,0.419633,0.006032,0.062788,,,0.043691,0.261
2025-11-22 07:00:00,0.507579,2.85157,0.015892,0.491687,,,0.071842,0.689
2025-11-22 08:00:00,0.228572,0.879128,0.01654,0.212032,,,0.101318,0.924
2025-11-22 09:00:00,0.146392,0.580922,0.019,0.127392,,,0.139802,0.948
2025-11-22 10:00:00,0.523274,1.33489,0.029461,0.493813,,,0.13566,1.576
2025-11-22 11:00:00,0.514181,1.78535,0.042334,0.471847,,,0.159992,2.095
2025-11-22 12:00:00,0.854384,4.64339,0.048579,0.805805,,,0.13775,2.555
2025-11-22 13:00:00,0.464278,2.2984,0.136919,0.327359,,,0.109049,1.985
2025-11-22 14:00:00,0.328697,1.61127,0.025391,0.303306,,,0.132523,1.073
2025-11-22 15:00:00,0.586089,2.66404,0.059543,0.526546,,,0.14513,1.846
2025-11-22 16:00:00,0.673125,2.58895,0.054479,0.618646,,,0.174572,3.369
2025-11-22 17:00:00,0.422523,2.03136,0.032775,0.389748,,,0.158155,1.621
2025-11-22 18:00:00,0.854705,2.03501,0.11396,0.740745,,,0.229793,3.003
2025-11-22 19:00:00,0.345269,0.943356,0.040266,0.305003,,,0.202485,2.042
2025-11-22 20:00:00,0.626621,2.22206,0.072946,0.553675,,,0.276839,2.297
2025-11-22 21:00:00,1.38642,5.68205,1.11615,0.270274,,,0.256467,1.661
2025-11-22 22:00:00,0.226168,0.739112,0.08711,0.139058,,,0.202087,1.24
2025-11-22 23:00:00,0.525862,2.82722,0.229335,0.296527,,,0.174292,2.51
2025-11-23 00:00:00,0.469835,3.13224,0.030712,0.439123,,,0.133476,1.799
2025-11-23 01:00:00,0.149268,1.13083,0.029426,0.119842,,,0.096084,1.348
2025-11-23 02:00:00,0.054231,0.2102,0.017869,0.036362,,,0.082959,1.146
2025-11-23 03:00:00,0.975797,7.28207,0.022184,0.953613,,,0.101594,1.768
2025-11-23 04:00:00,0.020339,0.199396,0.002173,0.018166,,,0.039242,0.162
2025-11-23 05:00:00,0.013694,0.139743,0.001179,0.012515,,,0.035932,0.096
2025-11-23 06:00:00,0.109944,1.27842,0.007136,0.102808,,,0.045419,0.377
2025-11-23 07:00:00,0.262688,1.79924,0.00863,0.254058,,,0.067274,0.684
2025-11-23 08:00:00,0.308946,1.48531,0.021419,0.287527,,,0.09589,1.019
2025-11-23 09:00:00,0.101132,0.477033,0.026975,0.074157,,,0.076308,0.944
2025-11-23 10:00:00,0.466904,2.51024,0.044444,0.42246,,,0.154345,1.773
2025-11-23 11:00:00,0.646467,2.91201,0.038369,0.608098,,,0.189659,2.283
2025-11-23 12:00:00,0.255569,1.17233,0.033986,0.221583,,,0.160505,2.881
2025-11-23 13:00:00,1.02348,4.1946,0.082035,0.941446,,,0.162933,2.739
2025-11-23 14:00:00,0.149588,0.639262,0.018271,0.131317,,,0.102773,0.886
2025-11-23 15:00:00,0.873118,3.38418,0.238106,0.635012,,,0.154008,2.532
2025-11-23 16:00:00,0.340427,1.44249,0.031067,0.30936,,,0.123984,1.304
2025-11-23 17:00:00,0.726513,3.00212,0.125763,0.60075,,,0.166842,2.611
2025-11-23 18:00:00,0.685319,1.78468,0.079097,0.606222,,,0.154877,2.224
2025-11-23 19:00:00,0.486124,1.29979,0.096711,0.389413,,,0.190302,2.374
2025-11-23 20:00:00,0.469291,1.15589,0.045774,0.423517,,,0.177946,2.297
2025-11-23 21:00:00,0.585624,1.75336,0.079064,0.50656,,,0.177401,2.643
2025-11-23 22:00:00,0.590873,2.61448,0.04968,0.541193,,,0.132887,1.72
2025-11-23 23:00:00,0.02553,0.123929,0.004834,0.020696,,,0.080317,0.292
2025-11-24 00:00:00,0.022647,0.251633,0.002657,0.01999,,,0.071758,0.131
2025-11-24 01:00:00,0.077821,0.335433,0.005659,0.072162,,,0.047833,0.647
2025-11-24 02:00:00,0.02534,0.143979,0.003163,0.022177,,,0.042499,0.23
2025-11-24 03:00:00,0.029259,0.182871,0.002236,0.027023,,,0.042404,0.169
2025-11-24 04:00:00,0.016057,0.113074,0.001093,0.014964,,,0.038415,0.11
2025-11-24 05:00:00,0.00059,0.004687,0.000145,0.000445,,,0.032259,0.034
2025-11-24 06:00:00,0.029622,0.235092,0.005751,0.023871,,,0.046557,0.222
2025-11-24 07:00:00,0.319816,1.24928,0.047948,0.271868,,,0.116262,1.341
2025-11-24 08:00:00,0.222456,0.919241,0.044179,0.178277,,,0.125198,1.545
2025-11-24 09:00:00,0.095542,0.508206,0.012001,0.083541,,,0.084328,0.999
2025-11-24 10:00:00,0.244281,0.891539,0.018195,0.226086,,,0.123687,1.176
2025-11-24 11:00:00,1.13373,4.16814,0.139121,0.994613,,,0.173532,2.607
2025-11-24 12:00:00,0.352737,1.22478,0.022632,0.330105,,,0.118922,1.056
2025-11-24 13:00:00,0.234279,0.830777,0.02742,0.206859,,,0.101091,1.475
2025-11-24 14:00:00,0.547012,2.79088,0.025294,0.521718,,,0.131876,1.947
2025-11-24 15:00:00,0.474552,2.30364,0.043702,0.43085,,,0.1962,1.484
2025-11-24 16:00:00,0.392268,1.78303,0.031144,0.361124,,,0.140399,1.626
2025-11-24 17:00:00,0.789568,2.92433,0.08728,0.702288,,,0.150991,2.377
2025-11-24 18:00:00,0.430393,1.68122,0.089432,0.340961,,,0.219904,2.533
2025-11-24 19:00:00,0.477471,1.63517,0.113249,0.364222,,,0.167346,3.073
2025-11-24 20:00:00,0.228689,1.20363,0.029967,0.198722,,,0.139759,1.496
2025-11-24 21:00:00,0.314321,1.2183,0.035622,0.278699,,,0.159023,2.353
2025-11-24 22:00:00,0.155199,0.497428,0.018071,0.137128,,,0.127364,1.466
2025-11-24 23:00:00,0.656832,3.56974,0.033662,0.62317,,,0.154693,2.144
2025-11-25 00:00:00,0.06544,0.564128,0.012189,0.053251,,,0.079074,0.658
2025-11-25 01:00:00,0.128934,0.907992,0.016964,0.11197,,,0.064338,0.887
2025-11-25 02:00:00,0.071676,0.702694,0.001889,0.069787,,,0.039957,0.209
2025-11-25 03:00:00,0.144499,1.03213,0.004338,0.140161,,,0.035517,0.16
2025-11-25 04:00:00,0.001744,0.018157,0.00034,0.001404,,,0.031251,0.042
2025-11-25 05:00:00,0.011517,0.095964,0.000446,0.011071,,,0.031532,0.033
2025-11-25 06:00:00,0.038215,0.214697,0.003335,0.03488,,,0.042098,0.213
2025-11-25 07:00:00,0.109812,0.419132,0.012869,0.096943,,,0.074084,0.792
2025-11-25 08:00:00,0.102108,0.593647,0.023887,0.078221,,,0.081466,0.973
2025-11-25 09:00:00,0.238283,1.52746,0.013624,0.224659,,,0.06589,0.625
2025-11-25 10:00:00,0.402054,3.9417,0.030466,0.371588,,,0.099473,1.185
2025-11-25 11:00:00,0.512218,4.49313,0.025456,0.486762,,,0.102026,0.951
2025-11-25 12:00:00,0.617484,2.48985,0.04532,0.572164,,,0.176085,2.077
2025-11-25 13:00:00,0.154157,0.963488,0.049476,0.104681,,,0.10029,0.982
2025-11-25 14:00:00,0.277067,1.42818,0.05014,0.226927,,,0.116993,1.65
2025-11-25 15:00:00,0.561015,4.06533,0.142932,0.418083,,,0.203508,3.751
2025-11-25 16:00:00,0.506041,2.25911,0.154655,0.351386,,,0.172078,1.39
2025-11-25 17:00:00,0.358102,1.51738,0.099485,0.258617,,,0.131359,2.109
2025-11-25 18:00:00,0.862612,2.59823,0.09917,0.763442,,,0.19816,2.658
2025-11-25 19:00:00,0.520997,2.03514,0.084299,0.436698,,,0.144028,1.575
2025-11-25 20:00:00,0.921126,2.77448,0.302101,0.619025,,,0.196276,4.026
2025-11-25 21:00:00,0.264725,1.5214,0.016921,0.247804,,,0.122075,1.272
2025-11-25 22:00:00,0.734337,5.24527,0.023942,0.710395,,,0.106192,2.174
2025-11-25 23:00:00,0.339998,2.74191,0.030002,0.309996,,,0.085305,1.504
2025-11-26 00:00:00,0.051484,0.343225,0.007126,0.044358,,,0.069272,0.34
2025-11-26 01:00:00,0.141996,1.14513,0.01221,0.129786,,,0.104616,0.685
2025-11-26 02:00:00,0.078947,0.744796,0.002441,0.076506,,,0.058701,0.175
2025-11-26 03:00:00,0.119633,1.2727,0.003798,0.115835,,,0.04253,0.232
2025-11-26 04:00:00,0.008768,0.082714,0.001344,0.007424,,,0.049332,0.323
2025-11-26 05:00:00,0.260428,3.02822,0.005587,0.254841,,,0.041394,0.333
2025-11-26 06:00:00,0.044469,0.326987,0.003732,0.040737,,,0.043607,0.208
2025-11-26 07:00:00,0.18771,0.97766,0.028411,0.159299,,,0.067221,0.647
2025-11-26 08:00:00,0.724049,2.99194,0.135132,0.588917,,,0.13557,2.923
2025-11-26 09:00:00,1.03586,4.66605,0.611346,0.424517,,,0.10149,1.285
2025-11-26 10:00:00,0.152032,0.618012,0.017064,0.134968,,,0.119261,1.898
2025-11-26 11:00:00,0.361549,1.18153,0.067002,0.294547,,,0.114365,1.987
2025-11-26 12:00:00,0.956628,3.82651,0.118651,0.837977,,,0.151935,2.796
2025-11-26 13:00:00,1.04101,4.03491,0.576642,0.464365,,,0.166465,2.729
2025-11-26 14:00:00,0.755266,3.93368,0.08895,0.666316,,,0.143175,1.668
2025-11-26 15:00:00,0.326064,2.43332,0.021002,0.305062,,,0.110201,1.155
2025-11-26 16:00:00,0.603613,2.93017,0.085774,0.517839,,,0.126325,1.878
2025-11-26 17:00:00,0.586698,1.79968,0.360296,0.226402,,,0.161041,1.982
2025-11-26 18:00:00,0.98863,1.77811,0.07428,0.91435,,,0.198477,4.465
2025-11-26 19:00:00,0.613076,0.82625,0.068836,0.54424,,,0.19522,3.635
2025-11-26 20:00:00,1.4486,5.8886,0.516269,0.932327,,,0.208997,4.471
2025-11-26 21:00:00,1.0126,6.02738,0.100206,0.912394,,,0.135843,3.338
2025-11-26 22:00:00,1.34368,6.65187,0.348273,0.995405,,,0.294968,5.461
2025-11-26 23:00:00,1.60784,6.13679,0.991697,0.61614,,,0.247691,5.737
2025-11-27 00:00:00,1.74716,9.92701,1.44169,0.30546,,,0.19503,5.176
2025-11-27 01:00:00,0.121824,0.801489,0.029051,0.092773,,,0.112279,1.504
2025-11-27 02:00:00,0.079058,0.434386,0.029054,0.050004,,,0.083979,1.064
2025-11-27 03:00:00,0.035399,0.268178,0.031673,0.003726,,,0.097081,0.873
2025-11-27 04:00:00,0.043509,0.213289,0.03131,0.012199,,,0.073588,0.815
2025-11-27 05:00:00,0.017993,0.09087,0.016896,0.001097,,,0.041364,0.203
2025-11-27 06:00:00,0.023851,0.112503,0.002633,0.021218,,,0.048884,0.203
2025-11-27 07:00:00,0.417083,1.39961,0.033152,0.383931,,,0.092798,1.091
2025-11-27 08:00:00,0.185966,0.939213,0.038218,0.147748,,,0.124311,1.569
2025-11-27 09:00:00,0.132168,1.15936,0.015015,0.117153,,,0.079081,0.959
2025-11-27 10:00:00,0.539889,4.09007,0.069795,0.470094,,,0.124408,1.999
2025-11-27 11:00:00,1.27179,8.04931,0.141631,1.13016,,,0.189322,3.516
2025-11-27 12:00:00,0.732233,4.75476,0.052508,0.679725,,,0.211151,2.613
2025-11-27 13:00:00,0.250351,3.20963,0.018924,0.231427,,,0.108595,1.419
2025-11-27 14:00:00,0.390542,2.16968,0.024682,0.36586,,,0.192707,1.743
2025-11-27 15:00:00,0.546443,3.50284,0.030482,0.515961,,,0.206177,1.987
2025-11-27 16:00:00,0.597637,3.17892,0.063164,0.534473,,,0.127056,2.047
2025-11-27 17:00:00,0.447901,2.21733,0.0326,0.415301,,,0.138926,2.348
2025-11-27 18:00:00,1.36741,4.68291,0.214125,1.15328,,,0.224485,6.668
2025-11-27 19:00:00,0.906093,4.81964,0.15084,0.755253,,,0.222584,3.143
2025-11-27 20:00:00,1.6312,7.48258,0.54449,1.08671,,,0.262716,5.489
2025-11-27 21:00:00,0.225493,0.887766,0.026409,0.199084,,,0.163312,1.695
2025-11-27 22:00:00,0.975474,4.27839,0.073049,0.902425,,,0.40487,2.463
2025-11-27 23:00:00,0.654764,2.70564,0.076962,0.577802,,,0.271464,2.541
2025-11-28 00:00:00,0.331333,1.26463,0.016011,0.315322,,,0.194384,1.247
2025-11-28 01:00:00,0.160178,1.14414,0.011578,0.1486,,,0.148005,1.639
2025-11-28 02:00:00,0.039645,0.319716,0.006352,0.033293,,,0.241371,2.619
2025-11-28 03:00:00,0.024809,0.144233,0.005722,0.019087,,,0.182596,2.083
2025-11-28 04:00:00,0.001418,0.015092,0.000177,0.001241,,,0.071503,0.144
2025-11-28 05:00:00,0.000553,0.006015,0.000372,0.000181,,,0.057429,0.105
2025-11-28 06:00:00,0.017346,0.1606,0.002301,0.015045,,,0.072851,0.275
2025-11-28 07:00:00,0.186992,1.06245,0.02957,0.157422,,,0.116616,1.014
2025-11-28 08:00:00,0.431389,2.59873,0.049158,0.382231,,,0.116233,1.791
2025-11-28 09:00:00,0.359511,1.91229,0.044445,0.315066,,,0.093731,1.244
2025-11-28 10:00:00,0.222049,1.40538,0.026455,0.195594,,,0.104947,1.408
2025-11-28 11:00:00,0.480675,2.61236,0.047888,0.432787,,,0.13143,2.37
2025-11-28 12:00:00,0.485693,1.83975,0.049307,0.436386,,,0.155411,2.115
2025-11-28 13:00:00,0.540826,1.87788,0.073247,0.467579,,,0.150755,2.445
2025-11-28 14:00:00,0.882205,3.2434,0.049757,0.832448,,,0.184583,2.468
2025-11-28 15:00:00,0.527412,1.39527,0.049381,0.478031,,,0.183588,1.592
2025-11-28 16:00:00,0.278345,2.31955,0.032244,0.246101,,,0.091397,1.186
2025-11-28 17:00:00,1.12228,5.14806,0.121063,1.00121,,,0.177252,3.579
2025-11-28 18:00:00,1.11055,2.9536,0.179905,0.930647,,,0.2833,4.446
2025-11-28 19:00:00,1.04286,3.36407,0.212553,0.830308,,,0.194194,4.096
2025-11-28 20:00:00,0.789611,2.07793,0.112053,0.677558,,,0.146411,2.076
2025-11-28 21:00:00,0.289065,1.05498,0.036364,0.252701,,,0.13167,2.613
2025-11-28 22:00:00,1.08128,4.15878,0.068716,1.01256,,,0.184213,2.567
2025-11-28 23:00:00,0.290418,1.13444,0.067421,0.222997,,,0.140306,2.733
2025-11-29 00:00:00,0.309594,1.71997,0.031203,0.278391,,,0.153927,4.325
2025-11-29 01:00:00,0.526202,3.28876,0.025541,0.500661,,,0.125886,2.034
2025-11-29 02:00:00,0.064805,0.531199,0.022875,0.04193,,,0.077489,1.076
2025-11-29 03:00:00,0.133586,1.33584,0.011577,0.122009,,,0.09553,0.957
2025-11-29 04:00:00,0.044917,0.380644,0.007597,0.03732,,,0.061681,0.319
2025-11-29 05:00:00,0.001511,0.014522,0.000784,0.000727,,,0.034581,0.06
2025-11-29 06:00:00,0.063127,0.432371,0.007673,0.055454,,,0.047763,0.36
2025-11-29 07:00:00,0.293344,1.72556,0.020627,0.272717,,,0.068092,0.753
2025-11-29 08:00:00,0.283088,1.29857,0.022563,0.260525,,,0.094915,1.272
2025-11-29 09:00:00,0.401133,1.63062,0.092227,0.308906,,,0.125619,1.533
2025-11-29 10:00:00,0.689688,2.48089,0.063801,0.625887,,,0.12812,2.229
2025-11-29 11:00:00,0.674788,2.31092,0.066449,0.608339,,,0.168088,2.955
2025-11-29 12:00:00,1.47462,3.98545,0.065627,1.40899,,,0.21929,4.105
2025-11-29 13:00:00,1.28049,3.46079,0.061728,1.21876,,,0.202341,2.684
2025-11-29 14:00:00,0.354907,1.19097,0.035419,0.319488,,,0.114536,1.332
2025-11-29 15:00:00,0.7214,1.96033,0.064663,0.656737,,,0.167376,3.415
2025-11-29 16:00:00,0.673169,1.94557,0.120474,0.552695,,,0.200631,3.95
2025-11-29 17:00:00,0.257037,0.665901,0.062229,0.194808,,,0.153373,2.947
2025-11-29 18:00:00,1.54072,3.95058,0.137254,1.40347,,,0.31084,6.841
2025-11-29 19:00:00,1.30177,4.39788,0.097094,1.20468,,,0.188469,4.145
2025-11-29 20:00:00,0.444716,1.3811,0.036832,0.407884,,,0.290385,2.521
2025-11-29 21:00:00,0.337255,1.01583,0.054562,0.282693,,,0.23509,1.951
2025-11-29 22:00:00,0.518868,1.9076,0.075321,0.443547,,,0.259172,2.343
2025-11-29 23:00:00,0.770715,2.73304,0.121112,0.649603,,,0.323514,3.968
2025-11-30 00:00:00,2.18341,3.52162,1.53347,0.649935,,,0.300229,5.357
2025-11-30 01:00:00,0.73497,1.01235,0.247092,0.487878,,,0.166746,3.168
2025-11-30 02:00:00,0.554207,0.996774,0.057901,0.496306,,,0.163291,2.469
2025-11-30 03:00:00,0.103508,0.47049,0.027731,0.075777,,,0.145019,2.759
2025-11-30 04:00:00,0.125088,0.496378,0.016582,0.108506,,,0.091071,2.193
2025-11-30 05:00:00,0.014857,0.096471,0.001031,0.013826,,,0.035243,0.082
2025-11-30 06:00:00,0.004825,0.029067,0.000696,0.004129,,,0.043198,0.129
2025-11-30 07:00:00,0.059641,0.298206,0.005325,0.054316,,,0.053321,0.332
2025-11-30 08:00:00,0.22921,1.06116,0.015748,0.213462,,,0.093274,1.089
2025-11-30 09:00:00,0.476524,1.79145,0.049629,0.426895,,,0.122304,1.946
2025-11-30 10:00:00,0.316611,1.16401,0.03717,0.279441,,,0.129096,1.154
2025-11-30 11:00:00,0.701982,2.01719,0.055928,0.646054,,,0.134963,2.208
2025-11-30 12:00:00,1.39958,3.97607,0.153857,1.24572,,,0.26794,5.401
2025-11-30 13:00:00,1.05502,2.98029,0.070911,0.984111,,,0.185402,2.93
2025-11-30 14:00:00,1.17928,3.10335,0.078314,1.10096,,,0.322407,3.345
2025-11-30 15:00:00,1.10534,3.19463,0.107003,0.998339,,,0.270296,3.821
2025-11-30 16:00:00,0.893508,2.38906,0.20989,0.683618,,,0.220575,3.196
2025-11-30 17:00:00,1.5576,3.11519,0.245093,1.3125,,,0.324456,5.96
2025-11-30 18:00:00,0.797053,3.62297,0.081076,0.715977,,,0.180132,2.884
2025-11-30 19:00:00,1.01876,4.80549,0.111628,0.907137,,,0.199615,3.507
2025-11-30 20:00:00,0.988126,3.45499,0.090617,0.897509,,,0.231178,2.729
2025-11-30 21:00:00,0.914069,2.89262,0.521721,0.392348,,,0.273638,3.149
2025-11-30 22:00:00,2.17932,9.23439,1.8086,0.370714,,,0.302019,4.811
2025-11-30 23:00:00,2.54051,9.34012,1.90999,0.630527,,,0.330388,7.352
2025-12-01 00:00:00,3.06766,17.6302,1.9532,1.11446,,,0.285522,6.032
2025-12-01 01:00:00,0.336292,1.86829,0.036312,0.29998,,,0.128257,2.093
2025-12-01 02:00:00,0.032956,0.225724,0.030685,0.002271,,,0.087446,1.201
2025-12-01 03:00:00,0.091746,0.573413,0.033177,0.058569,,,0.105554,1.505
2025-12-01 04:00:00,0.140601,0.91299,0.0477,0.092901,,,0.078746,1.065
2025-12-01 05:00:00,0.02105,0.108504,0.016035,0.005015,,,0.039432,0.198
2025-12-01 06:00:00,0.018247,0.103671,0.002404,0.015843,,,0.045284,0.332
2025-12-01 07:00:00,0.180339,0.570695,0.034338,0.146001,,,0.105494,1.708
2025-12-01 08:00:00,0.550702,2.07031,0.068186,0.482516,,,0.106106,1.501
2025-12-01 09:00:00,0.240573,1.35154,0.021338,0.219235,,,0.087854,0.853
2025-12-01 10:00:00,0.519993,2.73681,0.076465,0.443528,,,0.17442,1.486
2025-12-01 11:00:00,0.618283,2.47313,0.115698,0.502585,,,0.243168,2.099
2025-12-01 12:00:00,0.505452,1.74294,0.068119,0.437333,,,0.241201,3.344
2025-12-01 13:00:00,0.325232,1.08411,0.094306,0.230926,,,0.236657,2.679
2025-12-01 14:00:00,0.302397,1.11999,0.025773,0.276624,,,0.144013,2.208
2025-12-01 15:00:00,0.369331,2.42982,0.025112,0.344219,,,0.111202,2.3
2025-12-01 16:00:00,1.14861,4.07308,0.127022,1.02159,,,0.191052,3.237
2025-12-01 17:00:00,1.39883,4.6014,0.162094,1.23673,,,0.233366,5.324
2025-12-01 18:00:00,0.701054,1.85464,0.099192,0.601862,,,0.210293,4.886
2025-12-01 19:00:00,0.462102,1.57178,0.073004,0.389098,,,0.251495,3.253
2025-12-01 20:00:00,0.234417,1.03724,0.039073,0.195344,,,0.175996,1.207
2025-12-01 21:00:00,0.651845,2.39648,0.122235,0.52961,,,0.232482,2.085
2025-12-01 22:00:00,0.613277,3.00626,0.108003,0.505274,,,0.184257,1.713
2025-12-01 23:00:00,0.310281,1.78322,0.029481,0.2808,,,0.184998,1.628
2025-12-02 00:00:00,0.255365,1.37292,0.043578,0.211787,,,0.112161,1.563
2025-12-02 01:00:00,0.026622,0.158462,0.007966,0.018656,,,0.062017,0.62
2025-12-02 02:00:00,0.011744,0.062472,0.008417,0.003327,,,0.072734,0.71
2025-12-02 03:00:00,0.033648,0.218497,0.008289,0.025359,,,0.069972,0.683
2025-12-02 04:00:00,0.265709,1.54483,0.009195,0.256514,,,0.077211,1.071
2025-12-02 05:00:00,0.111623,0.808856,0.002766,0.108857,,,0.041912,0.174
2025-12-02 06:00:00,0.030405,0.304062,0.003048,0.027357,,,0.045118,0.264
2025-12-02 07:00:00,0.046569,0.207893,0.016678,0.029891,,,0.085193,0.459
2025-12-02 08:00:00,1.02787,4.24738,0.200504,0.827363,,,0.197289,2.81
2025-12-02 09:00:00,0.183266,1.32803,0.017001,0.166265,,,0.093763,1.025
2025-12-02 10:00:00,0.347322,3.40511,0.027456,0.319866,,,0.092816,1.037
2025-12-02 11:00:00,0.307063,1.61612,0.032452,0.274611,,,0.104337,1.437
2025-12-02 12:00:00,0.498088,2.30596,0.076622,0.421466,,,0.13507,2.35
2025-12-02 13:00:00,0.233426,1.25499,0.100291,0.133135,,,0.098066,1.835
2025-12-02 14:00:00,0.334882,2.01736,0.025556,0.309326,,,0.123608,1.262
2025-12-02 15:00:00,0.184485,0.781714,0.021457,0.163028,,,0.148163,1.32
2025-12-02 16:00:00,0.469363,1.92362,0.034152,0.435211,,,0.134904,2.267
2025-12-02 17:00:00,0.913103,4.00484,0.075826,0.837277,,,0.149361,3.338
2025-12-02 18:00:00,0.411224,1.72784,0.054819,0.356405,,,0.150787,2.042
2025-12-02 19:00:00,1.13008,2.94291,0.134945,0.995132,,,0.249339,3.715
2025-12-02 20:00:00,1.64582,5.11123,0.147932,1.49788,,,0.348984,5.574
2025-12-02 21:00:00,1.34432,6.1666,0.271358,1.07296,,,0.317417,7.917
2025-12-02 22:00:00,1.85639,8.75658,0.102839,1.75355,,,0.276508,4.019
2025-12-02 23:00:00,1.44419,9.62791,0.906679,0.537509,,,0.218201,3.609
2025-12-03 00:00:00,1.48929,8.86481,1.25548,0.233807,,,0.158264,4.366
2025-12-03 01:00:00,0.616561,3.90228,0.303733,0.312828,,,0.133019,1.673
2025-12-03 02:00:00,0.273943,1.67039,0.082611,0.191332,,,0.18388,0.584
2025-12-03 03:00:00,0.1415,0.680283,0.108453,0.033047,,,0.141851,0.493
2025-12-03 04:00:00,0.443287,2.54763,0.02456,0.418727,,,0.152097,1.047
2025-12-03 05:00:00,0.019383,0.130961,0.001903,0.01748,,,0.081994,0.175
2025-12-03 06:00:00,0.028249,0.190879,0.002652,0.025597,,,0.04468,0.194
2025-12-03 07:00:00,0.926983,3.62103,0.042548,0.884435,,,0.09442,1.975
2025-12-03 08:00:00,1.19386,5.32975,0.065839,1.12803,,,0.112722,1.763
2025-12-03 09:00:00,0.159102,0.837377,0.013007,0.146095,,,0.079293,0.969
2025-12-03 10:00:00,1.02122,5.49045,0.048053,0.973169,,,0.142509,2.061
2025-12-03 11:00:00,0.386597,1.63812,0.0334,0.353197,,,0.100548,1.66
2025-12-03 12:00:00,0.293388,1.063,0.039561,0.253827,,,0.120384,2.758
2025-12-03 13:00:00,0.801016,3.85103,0.389407,0.411609,,,0.147609,2.577
2025-12-03 14:00:00,0.249195,1.33976,0.050727,0.198468,,,0.119193,3.192
2025-12-03 15:00:00,0.228217,1.32684,0.024712,0.203505,,,0.135103,1.198
2025-12-03 16:00:00,0.293079,1.08548,0.031105,0.261974,,,0.141046,1.597
2025-12-03 17:00:00,0.662283,2.05678,0.073666,0.588617,,,0.168213,2.798
2025-12-03 18:00:00,1.38663,5.21288,0.103332,1.2833,,,0.186666,3.365
2025-12-03 19:00:00,0.238576,0.82268,0.034387,0.204189,,,0.144296,2.176
2025-12-03 20:00:00,1.85251,4.58543,0.319195,1.53332,,,0.279344,6.611
2025-12-03 21:00:00,1.83023,6.26791,0.749777,1.08045,,,0.205188,4.345
2025-12-03 22:00:00,0.673814,2.356,0.227686,0.446128,,,0.227679,2.703
2025-12-03 23:00:00,0.258767,1.12507,0.02501,0.233757,,,0.230163,1.676
2025-12-04 00:00:00,0.275289,1.34945,0.012381,0.262908,,,0.125901,1.232
2025-12-04 01:00:00,0.097991,0.49995,0.009621,0.08837,,,0.082393,0.871
2025-12-04 02:00:00,0.018713,0.106324,0.00754,0.011173,,,0.062863,0.696
2025-12-04 03:00:00,0.019231,0.103401,0.010313,0.008918,,,0.048169,0.147
2025-12-04 04:00:00,0.003909,0.015152,0.000854,0.003055,,,0.088299,0.554
2025-12-04 05:00:00,0.003624,0.021317,0.002162,0.001462,,,0.037486,0.125
2025-12-04 06:00:00,0.006386,0.040426,0.001541,0.004845,,,0.040813,0.121
2025-12-04 07:00:00,0.132093,0.617258,0.087894,0.044199,,,0.069576,0.596
2025-12-04 08:00:00,0.301486,1.07674,0.065911,0.235575,,,0.117566,1.769
2025-12-04 09:00:00,0.633121,3.07341,0.061535,0.571586,,,0.113001,1.879
2025-12-04 10:00:00,0.297058,1.90421,0.019049,0.278009,,,0.120094,0.879
2025-12-04 11:00:00,0.321209,1.33837,0.055222,0.265987,,,0.136005,2.255
2025-12-04 12:00:00,0.968298,5.83312,0.145681,0.822617,,,0.175535,2.541
2025-12-04 13:00:00,0.325228,1.69389,0.02788,0.297348,,,0.167395,1.231
2025-12-04 14:00:00,0.493595,1.78839,0.144857,0.348738,,,0.126347,1.777
2025-12-04 15:00:00,0.285141,0.891068,0.031099,0.254042,,,0.126237,1.846
2025-12-04 16:00:00,0.5976,3.1789,0.0632,0.5345,,,0.1271,2.047
2025-12-04 17:00:00,0.983676,3.59005,0.094161,0.889515,,,0.161595,3.548
2025-12-04 18:00:00,0.367934,1.15703,0.042821,0.325113,,,0.149106,2.14
2025-12-04 19:00:00,1.05533,2.28428,0.169222,0.886113,,,0.318165,5.001
2025-12-04 20:00:00,0.427699,0.902321,0.119502,0.308197,,,0.200849,2.904
2025-12-04 21:00:00,1.16282,3.17712,0.153915,1.00891,,,0.217297,5.625
2025-12-04 22:00:00,0.464637,1.30516,0.059726,0.404911,,,0.171606,3.377
2025-12-04 23:00:00,0.259224,1.22275,0.021479,0.237745,,,0.127753,1.919
2025-12-05 00:00:00,0.044931,0.401173,0.004524,0.040407,,,0.077343,0.406
2025-12-05 01:00:00,0.06578,0.996663,0.006319,0.059461,,,0.093547,0.348
2025-12-05 02:00:00,0.077518,0.569989,0.010842,0.066676,,,0.048702,0.367
2025-12-05 03:00:00,0.124797,0.65683,0.008411,0.116386,,,0.062976,1.198
2025-12-05 04:00:00,0.017446,0.121158,0.002451,0.014995,,,0.042272,0.168
2025-12-05 05:00:00,0.013417,0.115672,0.000815,0.012602,,,0.042102,0.13
2025-12-05 06:00:00,0.00307,0.020198,0.001826,0.001244,,,0.047324,0.117
2025-12-05 07:00:00,0.400318,1.71076,0.036682,0.363636,,,0.105066,1.223
2025-12-05 08:00:00,0.247089,1.05593,0.084279,0.16281,,,0.137061,1.718
2025-12-05 09:00:00,0.043132,0.317143,0.015715,0.027417,,,0.116153,0.691
2025-12-05 10:00:00,0.427231,3.05165,0.027004,0.400227,,,0.101481,1.393
2025-12-05 11:00:00,0.272926,1.56853,0.034814,0.238112,,,0.129584,1.216
2025-12-05 12:00:00,0.383649,1.74386,0.029866,0.353783,,,0.186333,2.216
2025-12-05 13:00:00,0.755176,3.81402,0.142829,0.612347,,,0.1813,4.953
2025-12-05 14:00:00,0.364513,1.87893,0.033713,0.3308,,,0.103002,1.523
2025-12-05 15:00:00,0.606147,3.56558,0.05535,0.550797,,,0.114417,1.701
2025-12-05 16:00:00,0.45684,1.78453,0.104841,0.351999,0.059714,0.01966,0.128296,1.972
2025-12-05 17:00:00,1.13211,4.2883,0.065608,1.0665,0.097374,0.042933,0.18991,5.55
2025-12-05 18:00:00,0.339783,1.01125,0.065678,0.274105,0.077394,0.025961,0.156776,2.801
2025-12-05 19:00:00,0.737246,2.69068,0.117569,0.619677,0.121508,0.055404,0.235018,4.051
2025-12-05 20:00:00,0.73974,2.73978,0.327192,0.412548,0.123449,0.041313,0.220195,2.963
2025-12-05 21:00:00,1.35035,3.66945,0.089623,1.26073,0.130543,0.05411,0.237458,3.59
2025-12-05 22:00:00,1.88995,6.79838,0.087271,1.80268,0.116826,0.075538,0.280558,4.811
2025-12-05 23:00:00,0.507222,2.06188,0.052532,0.45469,0.06502,0.050084,0.166226,1.105
2025-12-06 00:00:00,0.398193,2.31507,0.043562,0.354631,0.120567,0.054013,0.260839,4.548
2025-12-06 01:00:00,0.494537,2.7783,0.037663,0.456874,0.089688,0.018825,0.210205,5.068
2025-12-06 02:00:00,0.308537,1.35323,0.017552,0.290985,0.039454,0.007698,0.102119,1.545
2025-12-06 03:00:00,0.181332,0.87179,0.010598,0.170734,0.032318,0.004392,0.074105,0.772
2025-12-06 04:00:00,0.054429,0.289522,0.008304,0.046125,0.013222,0.001149,0.051065,0.329
2025-12-06 05:00:00,0.015255,0.08973,0.002256,0.012999,0.01436,0.001113,0.05127,0.268
2025-12-06 06:00:00,0.302222,1.66056,0.00483,0.297392,0.014176,0.007004,0.054075,0.571
2025-12-06 07:00:00,0.222456,1.12351,0.046395,0.176061,0.027217,0.007332,0.074932,0.827
2025-12-06 08:00:00,0.615445,2.0792,0.050663,0.564782,0.050575,0.0181,0.122236,3.221
2025-12-06 09:00:00,0.307704,1.52329,0.045352,0.262352,0.036505,0.010718,0.095081,1.238
2025-12-06 10:00:00,0.975695,5.02936,0.255748,0.719947,0.059854,0.031648,0.144752,3.049
2025-12-06 11:00:00,0.85214,4.53267,0.41613,0.43601,0.082255,0.022182,0.155612,2.449
2025-12-06 12:00:00,0.303851,2.05305,0.039759,0.264092,0.044674,0.01912,0.102609,1.466
2025-12-06 13:00:00,1.53285,4.76041,0.241604,1.29125,0.079721,0.04662,0.151038,2.752
2025-12-06 14:00:00,0.385485,2.47106,0.080399,0.305086,0.051259,0.015936,0.112767,3.087
2025-12-06 15:00:00,0.546573,2.37641,0.036904,0.509669,0.062606,0.025117,0.140224,3.549
2025-12-06 16:00:00,1.28177,5.47767,0.339928,0.941846,0.105991,0.031339,0.179605,3.913
2025-12-06 17:00:00,0.488792,1.38077,0.081398,0.407394,0.078919,0.026625,0.169632,2.849
2025-12-06 18:00:00,0.824102,2.65839,0.153667,0.670435,0.129997,0.040843,0.257826,5.423
2025-12-06 19:00:00,1.13944,4.22014,0.109615,1.02982,0.127398,0.055617,0.250357,5.289
2025-12-06 20:00:00,0.70807,2.26945,0.255387,0.452683,0.133412,0.027829,0.234124,3.118
2025-12-06 21:00:00,0.698481,1.68715,0.051167,0.647314,0.103984,0.038674,0.2003,3.06
2025-12-06 22:00:00,0.465084,1.18644,0.100928,0.364156,0.07386,0.025313,0.142222,1.831
2025-12-06 23:00:00,1.69158,10.0689,0.980595,0.710985,0.158568,0.035672,0.229731,5.369
2025-12-07 00:00:00,4.77231,23.6253,1.02146,3.75085,0.166893,0.053172,0.226213,5.009
2025-12-07 01:00:00,0.161052,0.634067,0.034824,0.126228,0.071226,0.005158,0.153201,1.9
2025-12-07 02:00:00,0.113811,0.552483,0.030902,0.082909,0.044712,0.010284,0.094672,1.276
2025-12-07 03:00:00,0.123199,0.641659,0.03022,0.092979,0.039997,0.002836,0.074279,0.925
2025-12-07 04:00:00,0.041221,0.254449,0.037598,0.003623,0.032964,0.001043,0.062717,0.778
2025-12-07 05:00:00,0.286458,1.72564,0.022301,0.264157,0.03669,0.00628,0.076155,1.297
2025-12-07 06:00:00,0.255084,1.25042,0.002704,0.25238,0.018582,0.007355,0.058149,0.836
2025-12-07 07:00:00,0.070592,0.299118,0.060728,0.009864,0.029008,0.00163,0.106819,0.666
2025-12-07 08:00:00,0.447433,2.28283,0.03838,0.409053,0.052148,0.010902,0.230902,1.992
2025-12-07 09:00:00,0.474286,2.21629,0.020522,0.453764,0.037692,0.014585,0.116627,1.431
2025-12-07 10:00:00,0.231449,0.814962,0.023385,0.208064,0.037195,0.009977,0.100741,2.212
2025-12-07 11:00:00,0.807698,2.9478,0.042993,0.764705,0.080003,0.033749,0.160866,2.873
2025-12-07 12:00:00,1.76578,6.39776,0.078531,1.68725,0.087936,0.073035,0.19581,3.969
2025-12-07 13:00:00,2.78366,10.3868,0.042608,2.74105,0.062496,0.079235,0.200492,2.424
2025-12-07 14:00:00,0.785,2.00256,0.560756,0.224244,0.076245,0.017583,0.12007,1.876
2025-12-07 15:00:00,0.472822,1.40721,0.072423,0.400399,0.078368,0.024368,0.200466,3.306
2025-12-07 16:00:00,0.434044,1.65665,0.028983,0.405061,0.069563,0.027631,0.172626,2.566
2025-12-07 17:00:00,0.589021,1.58339,0.200548,0.388473,0.134711,0.064955,0.261503,3.918
2025-12-07 18:00:00,0.334761,1.11587,0.076295,0.258466,0.079684,0.021746,0.165704,2.976
2025-12-07 19:00:00,0.483019,1.39601,0.079265,0.403754,0.09042,0.026021,0.183015,2.787
2025-12-07 20:00:00,0.221016,1.09414,0.038659,0.182357,0.099872,0.031008,0.244697,2.896
2025-12-07 21:00:00,0.310059,1.44887,0.059136,0.250923,0.099855,0.025167,0.204179,2.147
2025-12-07 22:00:00,0.337015,1.89334,0.049164,0.287851,0.073341,0.025544,0.15864,1.668
2025-12-07 23:00:00,1.15431,7.0385,0.030583,1.12373,0.078433,0.0447,0.234745,2.063
2025-12-08 00:00:00,0.297188,1.88094,0.044935,0.252253,0.073101,0.034059,0.218006,3.505
2025-12-08 01:00:00,0.330741,2.20494,0.060005,0.270736,0.073762,0.012552,0.160434,4.307
2025-12-08 02:00:00,0.452129,2.00057,0.036885,0.415244,0.062011,0.028372,0.1329,2.412
2025-12-08 03:00:00,0.020885,0.113501,0.003471,0.017414,0.009764,0.000962,0.043749,0.187
2025-12-08 04:00:00,0.049507,0.278135,0.003716,0.045791,0.009366,0.00161,0.04289,0.22
2025-12-08 05:00:00,0.002629,0.023056,0.001468,0.001161,0.007207,0.001162,0.039444,0.121
2025-12-08 06:00:00,0.280808,2.12735,0.008646,0.272162,0.022133,0.00702,0.059827,0.829
2025-12-08 07:00:00,0.218101,0.807783,0.031074,0.187027,0.032228,0.005465,0.081403,0.822
2025-12-08 08:00:00,0.115141,0.39704,0.021504,0.093637,0.031863,0.005695,0.091728,0.875
2025-12-08 09:00:00,0.129112,0.978129,0.010869,0.118243,0.037865,0.005612,0.098181,1.286
2025-12-08 10:00:00,0.141373,0.785416,0.023867,0.117506,0.071811,0.00723,0.135652,1.58
2025-12-08 11:00:00,0.315555,1.2724,0.027667,0.287888,0.048833,0.016761,0.116125,2.021
2025-12-08 12:00:00,0.57422,3.12075,0.040348,0.533872,0.060365,0.022856,0.126966,2.208
2025-12-08 13:00:00,1.09355,5.52296,0.03901,1.05454,0.095131,0.104315,0.248294,2.121
2025-12-08 14:00:00,1.74121,4.41931,0.095761,1.64545,0.165749,0.062761,0.263674,3.118
2025-12-08 15:00:00,0.340854,1.62311,0.022442,0.318412,0.077797,0.028528,0.178531,1.754
2025-12-08 16:00:00,0.301978,1.26882,0.059678,0.2423,0.134819,0.067226,0.351341,3.337
2025-12-08 17:00:00,0.385165,1.50455,0.062723,0.322442,0.06596,0.028332,0.155587,2.2
2025-12-08 18:00:00,0.290984,1.16393,0.111945,0.179039,0.047439,0.012563,0.109073,1.773
2025-12-08 19:00:00,0.240448,0.946643,0.030477,0.209971,0.071782,0.015279,0.122871,2.074
2025-12-08 20:00:00,0.548249,2.63581,0.051938,0.496311,0.071729,0.038171,0.175033,2.966
2025-12-08 21:00:00,0.244203,1.28528,0.054762,0.189441,0.129883,0.036422,0.220713,2.571
2025-12-08 22:00:00,0.430228,2.36388,0.037546,0.392682,0.063332,0.042263,0.153247,2.219
2025-12-08 23:00:00,0.825089,4.43596,0.048769,0.77632,0.088821,0.07138,0.237777,2.137
2025-12-09 00:00:00,1.02585,8.40863,0.806489,0.219364,0.062681,0.012335,0.089942,1.756
2025-12-09 01:00:00,2.07796,17.3163,1.58988,0.488072,0.104607,0.014803,0.121657,3.168
2025-12-09 02:00:00,0.273689,2.0734,0.096623,0.177066,0.026271,0.004395,0.060396,0.626
2025-12-09 03:00:00,0.048316,0.350117,0.005567,0.042749,0.013606,0.001563,0.049585,0.281
2025-12-09 04:00:00,0.270894,1.99187,0.017774,0.25312,0.010159,0.007133,0.048216,0.45
2025-12-09 05:00:00,0.03341,0.309346,0.002607,0.030803,0.008043,0.001578,0.039837,0.17
2025-12-09 06:00:00,0.013239,0.10677,0.00208,0.011159,0.009043,0.000847,0.043681,0.177
2025-12-09 07:00:00,0.162262,0.711677,0.03124,0.131022,0.020712,0.006099,0.071589,0.687
2025-12-09 08:00:00,0.494735,2.18909,0.199952,0.294783,0.050458,0.013878,0.107151,1.609
2025-12-09 09:00:00,0.189237,1.4122,0.011951,0.177286,0.02697,0.008241,0.080416,1.563
2025-12-09 10:00:00,0.063521,0.423477,0.0164,0.047121,0.023708,0.008294,0.078674,0.567
2025-12-09 11:00:00,0.195475,0.997318,0.022893,0.172582,0.039542,0.011396,0.095303,0.842
2025-12-09 12:00:00,0.40401,2.1721,0.022115,0.381895,0.046421,0.023456,0.105931,1.317
2025-12-09 13:00:00,0.234421,1.92149,0.023525,0.210896,0.073848,0.016365,0.171917,3.269
2025-12-09 14:00:00,0.367827,1.87667,0.025593,0.342234,0.041914,0.02273,0.153389,1.869
2025-12-09 15:00:00,1.15773,5.12272,0.063162,1.09457,0.075514,0.065568,0.246893,2.922
2025-12-09 16:00:00,0.517624,2.19332,0.162695,0.354929,0.060672,0.018266,0.138171,2.113
2025-12-09 17:00:00,1.22215,4.30334,0.182285,1.03986,0.108752,0.040528,0.185976,3.49
2025-12-09 18:00:00,0.819811,3.01401,0.072925,0.746886,0.09701,0.036685,0.174673,3.33
2025-12-09 19:00:00,0.259635,1.3665,0.028821,0.230814,0.059105,0.027436,0.135622,2.496
2025-12-09 20:00:00,0.306845,1.46117,0.025569,0.281276,0.099258,0.037284,0.20277,1.424
2025-12-09 21:00:00,0.539016,1.84595,0.062012,0.477004,0.167656,0.055483,0.313564,2.987
2025-12-09 22:00:00,0.919418,4.99683,0.10922,0.810198,0.181982,0.059982,0.39098,3.523
2025-12-09 23:00:00,0.260379,1.49643,0.027461,0.232918,0.123543,0.053546,0.258074,1.981
2025-12-10 00:00:00,0.753208,3.48707,0.072137,0.681071,0.115554,0.048129,0.256246,4.315
2025-12-10 01:00:00,0.270374,0.919639,0.013879,0.256495,0.044135,0.00715,0.098215,1.429
2025-12-10 02:00:00,0.042189,0.111608,0.008206,0.033983,0.030316,0.001803,0.076151,0.739
2025-12-10 03:00:00,0.003148,0.012494,0.001035,0.002113,0.006737,0.000832,0.039975,0.205
2025-12-10 04:00:00,0.000821,0.003636,0.000291,0.00053,0.004506,0.000181,0.036953,0.063
2025-12-10 05:00:00,0.003201,0.01702,0.000891,0.00231,0.005487,0.000274,0.037266,0.111
2025-12-10 06:00:00,0.005374,0.022969,0.001979,0.003395,0.008426,0.000474,0.043394,0.161
2025-12-10 07:00:00,0.153066,0.47536,0.02336,0.129706,0.030288,0.006929,0.081651,0.751
2025-12-10 08:00:00,0.35417,1.19652,0.067257,0.286913,0.0469,0.014249,0.119846,1.587
2025-12-10 09:00:00,0.160262,1.14472,0.022737,0.137525,0.028526,0.008762,0.087821,1.532
2025-12-10 10:00:00,0.175612,0.895978,0.049545,0.126067,0.035239,0.009446,0.09584,0.93
2025-12-10 11:00:00,0.386148,1.55705,0.031539,0.354609,0.063922,0.018727,0.134996,1.956
2025-12-10 12:00:00,0.625267,2.24916,0.075574,0.549693,0.070548,0.030282,0.157754,2.809
2025-12-10 13:00:00,1.74229,9.46897,1.16983,0.572459,0.176503,0.032523,0.174207,3.451
2025-12-10 14:00:00,1.08516,3.82098,0.208039,0.877119,0.058229,0.024081,0.105202,1.081
2025-12-10 15:00:00,0.504693,2.77304,0.021814,0.482879,0.0599,0.032139,0.170959,1.778
2025-12-10 16:00:00,0.488723,2.80875,0.202614,0.286109,0.040446,0.015584,0.103278,1.262
2025-12-10 17:00:00,0.247672,0.982827,0.028529,0.219143,0.043623,0.017082,0.118787,1.882
2025-12-10 18:00:00,0.754472,1.84018,0.072925,0.681547,0.063798,0.034059,0.155435,2.48
2025-12-10 19:00:00,0.877409,1.60111,0.072202,0.805207,0.12348,0.054945,0.284389,4.632
2025-12-10 20:00:00,0.534239,1.17157,0.077864,0.456375,0.099776,0.028096,0.180553,2.907
2025-12-10 21:00:00,0.853934,2.05272,0.453952,0.399982,0.097687,0.038373,0.19857,1.983
2025-12-10 22:00:00,3.16023,13.7401,0.123611,3.03662,0.139917,0.129787,0.355845,2.635
2025-12-10 23:00:00,0.57278,1.66506,0.049739,0.523041,0.117305,0.058094,0.249698,4.609
2025-12-11 00:00:00,0.239329,0.787267,0.025672,0.213657,0.05499,0.026178,0.151891,2.724
2025-12-11 01:00:00,0.31406,1.65295,0.01933,0.29473,0.04792,0.01335,0.107974,1.431
2025-12-11 02:00:00,0.005134,0.02213,0.001714,0.00342,0.015323,0.001113,0.050836,0.265
2025-12-11 03:00:00,0.275605,0.931099,0.013197,0.262408,0.040564,0.007269,0.127522,1.522
2025-12-11 04:00:00,0.134718,0.413245,0.00548,0.129238,0.048346,0.007486,0.204762,0.813
2025-12-11 05:00:00,0.011551,0.075013,0.001935,0.009616,0.004811,0.001498,0.036993,0.186
2025-12-11 06:00:00,0.052505,0.247659,0.007149,0.045356,0.010545,0.00176,0.047963,0.28
2025-12-11 07:00:00,0.457812,1.80241,0.030679,0.427133,0.029376,0.015299,0.08608,0.991
2025-12-11 08:00:00,0.282814,1.06321,0.056468,0.226346,0.046008,0.02052,0.126071,1.671
2025-12-11 09:00:00,0.175378,0.904007,0.013071,0.162307,0.046602,0.017245,0.100236,0.647
2025-12-11 10:00:00,0.223395,1.4893,0.030137,0.193258,0.034208,0.008294,0.092641,0.77
2025-12-11 11:00:00,0.198852,0.887732,0.031272,0.16758,0.066463,0.025469,0.147876,1.483
2025-12-11 12:00:00,0.761322,2.8838,0.255211,0.506111,0.080009,0.023361,0.132498,2.457
2025-12-11 13:00:00,0.23133,1.0515,0.051743,0.179587,0.080649,0.029257,0.181321,1.421
2025-12-11 14:00:00,0.217041,1.39129,0.023693,0.193348,0.055561,0.020379,0.140135,1.128
2025-12-11 15:00:00,0.331949,1.86488,0.021402,0.310547,0.068554,0.033326,0.174967,1.501
2025-12-11 16:00:00,0.887134,5.54458,0.049619,0.837515,0.113637,0.055938,0.267371,3.043
2025-12-11 17:00:00,0.858716,2.5865,0.078173,0.780543,0.085665,0.02643,0.184071,3.122
2025-12-11 18:00:00,1.46507,7.2528,0.144644,1.32042,0.13389,0.060898,0.275822,4.795
2025-12-11 19:00:00,1.33711,5.71415,0.173669,1.16344,0.149015,0.063148,0.267978,5.351
2025-12-11 20:00:00,0.582376,1.70285,0.063353,0.519023,0.114643,0.031775,0.201996,2.99
2025-12-11 21:00:00,0.373001,0.711832,0.11205,0.260951,0.125527,0.039907,0.225821,2.611
2025-12-11 22:00:00,0.835374,2.47152,0.047067,0.788307,0.172731,0.072963,0.28798,2.542
2025-12-11 23:00:00,0.482553,1.42767,0.047135,0.435418,0.091173,0.035116,0.185472,2.198
2025-12-12 00:00:00,0.360274,0.497618,0.052627,0.307647,0.089064,0.03178,0.222287,3.247
2025-12-12 01:00:00,0.467612,0.593416,0.028951,0.438661,0.042492,0.027376,0.117445,2.207
2025-12-12 02:00:00,1.05915,1.4122,0.041283,1.01786,0.064756,0.032383,0.125352,2.155
2025-12-12 03:00:00,0.037538,0.07164,0.00598,0.031558,0.019435,0.001791,0.061447,0.422
2025-12-12 04:00:00,0.010401,0.035618,0.001302,0.009099,0.011355,0.000795,0.047636,0.218
2025-12-12 05:00:00,0.444135,1.68233,0.019613,0.424522,0.02757,0.008317,0.067891,1.218
2025-12-12 06:00:00,0.415432,1.31466,0.024766,0.390666,0.045867,0.01215,0.103647,1.206
2025-12-12 07:00:00,0.225078,0.559897,0.020913,0.204165,0.039314,0.008929,0.09861,1.383
2025-12-12 08:00:00,0.213376,0.642698,0.060716,0.15266,0.03531,0.013941,0.095005,1.206
2025-12-12 09:00:00,0.575255,2.50111,0.027621,0.547634,0.071371,0.021543,0.16137,2.571
2025-12-12 10:00:00,1.1194,5.54161,0.359294,0.760111,0.095623,0.028099,0.187148,2.339
2025-12-12 11:00:00,0.298041,1.33054,0.053026,0.245015,0.059271,0.014678,0.143065,2.382
2025-12-12 12:00:00,0.733467,2.01502,0.07819,0.655277,0.107153,0.029839,0.209434,4.072
2025-12-12 13:00:00,0.341527,0.964771,0.058582,0.282945,0.068221,0.018876,0.160849,1.697
2025-12-12 14:00:00,0.336801,1.16138,0.030256,0.306545,0.03572,0.013497,0.099313,1.844
2025-12-12 15:00:00,0.504405,2.74133,0.093242,0.411163,0.060948,0.019057,0.168816,2.232
2025-12-12 16:00:00,0.538174,2.22386,0.073265,0.464909,0.064089,0.02076,0.15942,2.686
2025-12-12 17:00:00,0.706273,3.39554,0.102508,0.603765,0.068935,0.023585,0.150584,3.436
2025-12-12 18:00:00,2.14123,9.073,0.361368,1.77986,0.146835,0.078944,0.26522,6.43
2025-12-12 19:00:00,0.786142,2.65589,0.082313,0.703829,0.117435,0.046166,0.22509,3.604
2025-12-12 20:00:00,1.39101,3.53048,0.329899,1.06111,0.148288,0.046479,0.2286,3.501
2025-12-12 21:00:00,0.345783,0.678006,0.039039,0.306744,0.130255,0.055206,0.273228,2.143
2025-12-12 22:00:00,0.196128,0.527223,0.033131,0.162997,0.120632,0.049591,0.248877,2.57
2025-12-12 23:00:00,0.684824,2.32934,0.066975,0.617849,0.08849,0.024908,0.188401,4.316
2025-12-13 00:00:00,0.548341,0.901877,0.075191,0.47315,0.163919,0.038892,0.290855,5.945
2025-12-13 01:00:00,0.291077,1.03956,0.050532,0.240545,0.097667,0.013891,0.214974,5.131
2025-12-13 02:00:00,0.763558,1.76749,0.193824,0.569734,0.098546,0.016635,0.198962,5.128
2025-12-13 03:00:00,0.086035,0.313998,0.029919,0.056116,0.07495,0.00949,0.169006,4.159
2025-12-13 04:00:00,0.071169,0.312138,0.022788,0.048381,0.025271,0.00178,0.068609,1.543
2025-12-13 05:00:00,0.150643,0.666564,0.012758,0.137885,0.035548,0.006205,0.086298,0.953
2025-12-13 06:00:00,0.143542,0.491581,0.008348,0.135194,0.027409,0.004275,0.075129,0.736
2025-12-13 07:00:00,0.535542,2.52614,0.024083,0.511459,0.037265,0.009411,0.087094,1.079
2025-12-13 08:00:00,0.43754,1.16989,0.03907,0.39847,0.056998,0.017923,0.122962,1.716
2025-12-13 09:00:00,0.343314,1.02177,0.031565,0.311749,0.047506,0.01228,0.120443,1.775
2025-12-13 10:00:00,0.378971,0.873203,0.085048,0.293923,0.073121,0.022541,0.149419,2.588
2025-12-13 11:00:00,0.725068,2.58953,0.080418,0.64465,0.095657,0.025277,0.170256,2.847
2025-12-13 12:00:00,0.871544,2.62514,0.350243,0.521301,0.103104,0.038425,0.19408,2.594
2025-12-13 13:00:00,0.663806,2.78911,0.050179,0.613627,0.075459,0.026334,0.160621,2.385
2025-12-13 14:00:00,0.27196,0.79058,0.031472,0.240488,0.060513,0.031653,0.129785,2.168
2025-12-13 15:00:00,0.485832,1.51823,0.034442,0.45139,0.053714,0.021261,0.140828,3.218
2025-12-13 16:00:00,0.325675,0.83937,0.050985,0.27469,0.056123,0.023846,0.146876,1.951
2025-12-13 17:00:00,0.448815,1.45719,0.055038,0.393777,0.089732,0.021685,0.173289,3.253
2025-12-13 18:00:00,0.375995,1.41352,0.029253,0.346742,0.078259,0.029353,0.155866,1.841
2025-12-13 19:00:00,1.41056,3.81233,0.11061,1.29995,0.090862,0.041353,0.188509,2.415
2025-12-13 20:00:00,1.00224,3.94583,0.069608,0.932633,0.126184,0.033262,0.238652,5.479
2025-12-13 21:00:00,1.44366,4.10131,0.079824,1.36384,0.118234,0.044441,0.229629,5.858
2025-12-13 22:00:00,1.62379,3.84891,0.083232,1.54056,0.119465,0.049312,0.224931,5.56225
2025-12-13 23:00:00,1.80392,3.5965,0.08664,1.71728,0.120697,0.054184,0.220233,5.2665
2025-12-14 00:00:00,1.98405,3.3441,0.090047,1.89401,0.121928,0.059055,0.215536,4.97075
2025-12-14 01:00:00,2.16418,3.09169,0.093455,2.07073,0.12316,0.063926,0.210838,4.675
2025-12-14 02:00:00,0.190427,0.263748,0.038131,0.152296,0.060697,0.007551,0.107539,1.488
2025-12-14 03:00:00,0.156519,0.309324,0.025977,0.130542,0.080192,0.005479,0.12482,1.635
2025-12-14 04:00:00,0.028456,0.646745,0.027469,0.000987,0.035033,0.00082,0.065953,0.585
2025-12-14 05:00:00,0.069827,0.872841,0.020655,0.049172,0.022553,0.004467,0.058464,0.521
2025-12-14 06:00:00,0.2551,1.2504,0.0027,0.2524,0.0186,0.0074,0.0581,0.836
2025-12-14 07:00:00,0.0706,0.2991,0.0607,0.0099,0.029,0.0016,0.1068,0.666
2025-12-14 08:00:00,0.4474,2.2828,0.0384,0.4091,0.0521,0.0109,0.2309,1.992
2025-12-14 09:00:00,0.4743,2.2163,0.0205,0.4538,0.0377,0.0146,0.1166,1.431
2025-12-14 10:00:00,0.2314,0.815,0.0234,0.2081,0.0372,0.01,0.1007,2.212
2025-12-14 11:00:00,0.8077,2.9478,0.043,0.7647,0.08,0.0337,0.1609,2.873
2025-12-14 12:00:00,1.7658,6.3978,0.0785,1.6873,0.0879,0.073,0.1958,3.969
2025-12-14 13:00:00,2.7837,10.3868,0.0426,2.741,0.0625,0.0792,0.2005,2.424
2025-12-14 14:00:00,0.785,2.0026,0.5608,0.2242,0.0762,0.0176,0.1201,1.876
2025-12-14 15:00:00,0.4728,1.4072,0.0724,0.4004,0.0784,0.0244,0.2005,3.306
2025-12-14 16:00:00,0.434,1.6567,0.029,0.4051,0.0696,0.0276,0.1726,2.566
2025-12-14 17:00:00,0.589,1.5834,0.2005,0.3885,0.1347,0.065,0.2615,3.918
2025-12-14 18:00:00,0.3348,1.1159,0.0763,0.2585,0.0797,0.0217,0.1657,2.976
2025-12-14 19:00:00,0.483,1.396,0.0793,0.4038,0.0904,0.026,0.183,2.787
2025-12-14 20:00:00,0.221,1.0941,0.0387,0.1824,0.0999,0.031,0.2447,2.896
2025-12-14 21:00:00,0.3101,1.4489,0.0591,0.2509,0.0999,0.0252,0.2042,2.147
2025-12-14 22:00:00,0.337,1.8933,0.0492,0.2879,0.0733,0.0255,0.1586,1.668
2025-12-14 23:00:00,1.1543,7.0385,0.0306,1.1237,0.0784,0.0447,0.2347,2.063
2025-12-15 00:00:00,0.2972,1.8809,0.0449,0.2523,0.0731,0.0341,0.218,3.505
2025-12-15 01:00:00,0.3307,2.2049,0.06,0.2707,0.0738,0.0126,0.1604,4.307
2025-12-15 02:00:00,0.4521,2.0006,0.0369,0.4152,0.062,0.0284,0.1329,2.412
2025-12-15 03:00:00,0.0209,0.1135,0.0035,0.0174,0.0098,0.001,0.0437,0.187
2025-12-15 04:00:00,0.0495,0.2781,0.0037,0.0458,0.0094,0.0016,0.0429,0.22
2025-12-15 05:00:00,0.0026,0.0231,0.0015,0.0012,0.0072,0.0012,0.0394,0.121
2025-12-15 06:00:00,0.2808,2.1273,0.0086,0.2722,0.0221,0.007,0.0598,0.829
2025-12-15 07:00:00,0.2181,0.8078,0.0311,0.187,0.0322,0.0055,0.0814,0.822
2025-12-15 08:00:00,0.261024,1.06107,0.042116,0.218908,0.049369,0.011616,0.113149,1.543
2025-12-15 09:00:00,0.211761,0.87505,0.022013,0.189748,0.056577,0.009046,0.127704,1.948
2025-12-15 10:00:00,0.53563,2.34926,0.054404,0.481226,0.10045,0.021686,0.177967,2.94
2025-12-15 11:00:00,0.225131,1.09287,0.028517,0.196614,0.049116,0.015028,0.115814,1.928
2025-12-15 12:00:00,0.849179,4.6151,0.111077,0.738102,0.068855,0.029216,0.131371,3.586
2025-12-15 13:00:00,1.0574,3.22376,0.071894,0.985501,0.129337,0.068582,0.286098,7.17
2025-12-15 14:00:00,0.301071,1.08299,0.065074,0.235997,0.093391,0.027004,0.212016,4.011
2025-12-15 15:00:00,0.759341,3.19051,0.075336,0.684005,0.092379,0.030834,0.232917,4.019
2025-12-15 16:00:00,1.16694,3.60166,0.125681,1.04126,0.092425,0.035431,0.190806,3.7
2025-12-15 17:00:00,0.312327,0.82626,0.063317,0.24901,0.05154,0.018525,0.124941,2.416
2025-12-15 18:00:00,0.774574,1.62725,0.07581,0.698764,0.067446,0.039528,0.164473,2.785
2025-12-15 19:00:00,0.573071,1.00188,0.060336,0.512735,0.10175,0.03489,0.203366,3.733
2025-12-15 20:00:00,0.486859,1.00591,0.085896,0.400963,0.094922,0.027701,0.166063,2.804
2025-12-15 21:00:00,0.614576,2.2932,0.1583,0.456276,0.115798,0.049766,0.217877,2.262
2025-12-15 22:00:00,0.495515,1.83524,0.059336,0.436179,0.108603,0.026695,0.169203,1.94
2025-12-15 23:00:00,0.90896,5.47566,0.070498,0.838462,0.155804,0.04618,0.23915,3.194
2025-12-16 00:00:00,0.612113,3.25592,0.032447,0.579666,0.068714,0.025178,0.154265,2.175
2025-12-16 01:00:00,0.157623,1.19411,0.004521,0.153102,0.050289,0.020911,0.092113,0.378
2025-12-16 02:00:00,0.37118,2.26329,0.010117,0.361063,0.029181,0.016305,0.076667,0.49
2025-12-16 03:00:00,0.102905,0.791582,0.002745,0.10016,0.012353,0.004811,0.047155,0.205
2025-12-16 04:00:00,0.340412,2.43151,0.009712,0.3307,0.030446,0.006473,0.070556,0.668
2025-12-16 05:00:00,0.070136,0.715668,0.005146,0.06499,0.032254,0.002139,0.06978,0.562
2025-12-16 06:00:00,0.007474,0.051184,0.002078,0.005396,0.023083,0.000907,0.059523,0.379
2025-12-16 07:00:00,0.24599,0.819965,0.049775,0.196215,0.026244,0.00686,0.077097,0.75
2025-12-16 08:00:00,0.19679,0.928253,0.066027,0.130763,0.048806,0.009765,0.108935,1.272
2025-12-16 09:00:00,0.158704,0.639929,0.011483,0.147221,0.031432,0.006922,0.08763,0.625
2025-12-16 10:00:00,0.159029,0.65715,0.022174,0.136855,0.055469,0.016725,0.127967,1.41
2025-12-16 11:00:00,0.455619,1.52893,0.0265,0.429119,0.083962,0.031349,0.188093,2.536
2025-12-16 12:00:00,0.553095,2.58455,0.07603,0.477065,0.061851,0.022233,0.139422,1.661
2025-12-16 13:00:00,1.24585,5.61195,0.069282,1.17657,0.136849,0.037462,0.221949,4.486
2025-12-16 14:00:00,1.06281,3.82307,0.040628,1.02219,0.115129,0.057071,0.234371,4.516
2025-12-16 15:00:00,0.412096,1.51506,0.030383,0.381713,0.044906,0.014748,0.10533,1.744
2025-12-16 16:00:00,0.240772,0.912016,0.064626,0.176146,0.040055,0.011995,0.1086,1.067
2025-12-16 17:00:00,0.283737,0.824819,0.024643,0.259094,0.081558,0.019916,0.161673,2.01
2025-12-16 18:00:00,0.38265,0.991323,0.046097,0.336553,0.065235,0.041529,0.170467,2.387
2025-12-16 19:00:00,0.592008,1.56616,0.035884,0.556124,0.052226,0.032907,0.149227,1.76
2025-12-16 20:00:00,0.440824,1.1724,0.046416,0.394408,0.086945,0.03597,0.202445,1.875
2025-12-16 21:00:00,0.306644,0.786268,0.03372,0.272924,0.080963,0.029258,0.182344,1.589
2025-12-16 22:00:00,1.64584,4.47239,0.30706,1.33878,0.174846,0.062989,0.28666,4.785
2025-12-16 23:00:00,2.2333,8.27148,1.02736,1.20594,0.190428,0.050023,0.27814,5.436
2025-12-17 00:00:00,1.16804,4.52729,0.056796,1.11125,0.106365,0.039178,0.178087,2.688
2025-12-17 01:00:00,0.736553,4.13794,0.028965,0.707588,0.038688,0.017825,0.093839,1.123
2025-12-17 02:00:00,0.460769,1.936,0.03401,0.426759,0.052365,0.016903,0.107446,1.258
2025-12-17 03:00:00,0.266122,1.03953,0.013939,0.252183,0.026349,0.007412,0.06161,0.577
2025-12-17 04:00:00,0.240968,0.919731,0.016617,0.224351,0.036798,0.009405,0.076481,0.562
2025-12-17 05:00:00,0.008235,0.03998,0.001829,0.006406,0.010569,0.000958,0.045496,0.183
2025-12-17 06:00:00,0.013882,0.065482,0.001932,0.01195,0.012815,0.001215,0.051042,0.209
2025-12-17 07:00:00,0.225304,0.766344,0.018001,0.207303,0.032351,0.008624,0.087142,0.867
2025-12-17 08:00:00,0.559409,1.90275,0.142735,0.416674,0.07956,0.021989,0.182719,3.199
2025-12-17 09:00:00,0.310537,1.42448,0.062933,0.247604,0.033521,0.013485,0.097397,1.116
2025-12-17 10:00:00,0.441172,2.14161,0.049361,0.391811,0.076559,0.016138,0.146699,2.956
2025-12-17 11:00:00,0.13148,0.517636,0.01487,0.11661,0.041529,0.01264,0.105827,1.2
2025-12-17 12:00:00,0.374101,2.05551,0.046566,0.327535,0.048968,0.017206,0.11475,2.565
2025-12-17 13:00:00,0.325455,2.66766,0.045207,0.280248,0.074668,0.013655,0.142189,2.246
2025-12-17 14:00:00,0.470655,1.65724,0.03203,0.438625,0.072812,0.025037,0.163307,1.775
2025-12-17 15:00:00,0.179008,0.573744,0.033619,0.145389,0.034488,0.007024,0.099981,1.201
2025-12-17 16:00:00,0.568055,2.40701,0.107681,0.460374,0.076877,0.030968,0.14535,2.025
2025-12-17 17:00:00,0.502339,1.63097,0.044497,0.457842,0.055017,0.024322,0.146573,1.929
2025-12-17 18:00:00,0.805674,2.75915,0.067103,0.738571,0.075269,0.038062,0.161465,3.086
2025-12-17 19:00:00,0.848079,2.82694,0.078751,0.769328,0.129165,0.061231,0.320903,6.366
2025-12-17 20:00:00,0.241122,0.996369,0.044884,0.196238,0.144747,0.085953,0.325432,3.924
2025-12-17 21:00:00,0.316075,1.17939,0.049418,0.266657,0.101985,0.042492,0.230643,1.944
2025-12-17 22:00:00,0.625354,1.95423,0.111607,0.513747,0.099525,0.059826,0.208631,2.252
2025-12-17 23:00:00,0.489562,1.79986,0.030044,0.459518,0.064879,0.034448,0.143379,1.863
2025-12-18 00:00:00,0.382586,2.22434,0.016515,0.366071,0.071703,0.052544,0.180229,1.798
2025-12-18 01:00:00,0.039983,0.235189,0.005918,0.034065,0.01503,0.002734,0.05289,0.317
2025-12-18 02:00:00,0.113939,0.606055,0.021739,0.0922,0.022426,0.004654,0.067849,0.461
2025-12-18 03:00:00,0.08313,0.52614,0.007587,0.075543,0.018437,0.002722,0.056574,0.438
2025-12-18 04:00:00,0.006915,0.038415,0.001537,0.005378,0.006296,0.002818,0.03949,0.09
2025-12-18 05:00:00,0.004907,0.027571,0.000714,0.004193,0.011132,0.000652,0.04533,0.12
2025-12-18 06:00:00,0.042945,0.258704,0.003791,0.039154,0.018412,0.003212,0.06107,0.242
2025-12-18 07:00:00,0.175722,0.764009,0.026233,0.149489,0.034543,0.007494,0.090297,0.934
2025-12-18 08:00:00,0.35147,1.88963,0.054216,0.297254,0.051428,0.019765,0.123603,1.605
2025-12-18 09:00:00,0.493805,2.18498,0.032059,0.461746,0.049682,0.019637,0.131236,1.965
2025-12-18 10:00:00,0.422275,1.97324,0.063034,0.359241,0.098464,0.02514,0.184555,2.596
2025-12-18 11:00:00,1.82559,8.00696,0.092071,1.73352,0.110384,0.060715,0.209822,2.919
2025-12-18 12:00:00,0.865532,3.97033,0.109643,0.755889,0.130479,0.031895,0.206298,4.535
2025-12-18 13:00:00,0.363748,1.66857,0.074168,0.28958,0.109344,0.018396,0.176211,2.607
2025-12-18 14:00:00,0.24304,1.41302,0.066211,0.176829,0.097528,0.027229,0.187574,1.938
2025-12-18 15:00:00,0.91672,2.97636,0.117063,0.799657,0.10382,0.029138,0.258489,3.935
2025-12-18 16:00:00,1.12872,4.55127,0.109289,1.01943,0.113587,0.030315,0.311591,4.45
2025-12-18 17:00:00,0.295976,0.865426,0.045778,0.250198,0.110304,0.024192,0.204348,2.964
2025-12-18 18:00:00,0.886147,2.408,0.027609,0.858538,0.088155,0.046217,0.199308,2.47
2025-12-18 19:00:00,0.720487,2.21008,0.047903,0.672584,0.121646,0.062878,0.28119,2.992
2025-12-18 20:00:00,0.273181,0.916713,0.032378,0.240803,0.133132,0.079215,0.326916,2.064
2025-12-18 21:00:00,2.24778,7.02432,0.38389,1.86389,0.19764,0.093963,0.291291,6.488
2025-12-18 22:00:00,1.52799,5.05958,0.124591,1.4034,0.168376,0.067154,0.271625,4.328
2025-12-18 23:00:00,0.140742,0.639733,0.022838,0.117904,0.071134,0.031275,0.186855,1.475
2025-12-19 00:00:00,1.00859,4.84901,0.035751,0.972842,0.062244,0.025821,0.141871,2.745
2025-12-19 01:00:00,1.37418,6.3036,0.022607,1.35158,0.05349,0.025699,0.130053,1.889
2025-12-19 02:00:00,0.953767,5.48142,0.824255,0.129512,0.040405,0.00662,0.063203,0.648
2025-12-19 03:00:00,0.185975,1.01073,0.007436,0.178539,0.024817,0.011595,0.070195,0.51
2025-12-19 04:00:00,0.069525,0.620757,0.006954,0.062571,0.010702,0.003696,0.045875,0.324
2025-12-19 05:00:00,0.019633,0.213398,0.001332,0.018301,0.012629,0.002842,0.051229,0.132
2025-12-19 06:00:00,0.036839,0.312204,0.005186,0.031653,0.040581,0.005822,0.088983,0.332
2025-12-19 07:00:00,0.28837,1.02989,0.037966,0.250404,0.036874,0.008478,0.091578,0.973
2025-12-19 08:00:00,0.516478,1.68784,0.094465,0.422013,0.056821,0.016626,0.131012,1.818
2025-12-19 09:00:00,0.609049,2.5377,0.046916,0.562133,0.068587,0.018597,0.166717,2.959
2025-12-19 10:00:00,0.493283,3.20314,0.027378,0.465905,0.045444,0.018326,0.123075,1.552
2025-12-19 11:00:00,1.40459,4.23069,0.051821,1.35277,0.081357,0.041885,0.189365,3.634
2025-12-19 12:00:00,1.13435,4.88945,0.07462,1.05973,0.089389,0.041651,0.194696,3.457
2025-12-19 13:00:00,0.460195,1.57601,0.032963,0.427232,0.090685,0.028134,0.17904,2.176
2025-12-19 14:00:00,0.31876,0.821543,0.066242,0.252518,0.083869,0.023646,0.154948,2.213
2025-12-19 15:00:00,0.850532,3.86605,0.04476,0.805772,0.067643,0.034618,0.145639,2.965
2025-12-19 16:00:00,0.336392,1.37865,0.044431,0.291961,0.093367,0.03303,0.195569,2.347
2025-12-19 17:00:00,0.520211,1.87126,0.075059,0.445152,0.065282,0.033047,0.166794,3.284
2025-12-19 18:00:00,0.913245,2.60927,0.100694,0.812551,0.09067,0.058268,0.199634,3.411
2025-12-19 19:00:00,0.464835,1.33574,0.070405,0.39443,0.077324,0.026323,0.164798,2.999
2025-12-19 20:00:00,0.511014,1.29699,0.045531,0.465483,0.08519,0.025019,0.172272,2.619
2025-12-19 21:00:00,0.841586,2.4899,0.090358,0.751228,0.115157,0.048132,0.220741,4.135
2025-12-19 22:00:00,0.483017,1.55812,0.049233,0.433784,0.101964,0.031754,0.184637,3.006
2025-12-19 23:00:00,1.18564,3.92597,0.069857,1.11579,0.137677,0.070296,0.2916,3.707
2025-12-20 00:00:00,1.07959,4.61363,0.077474,1.00211,0.111234,0.03729,0.214717,3.946
2025-12-20 01:00:00,1.13575,6.7604,0.03661,1.09914,0.103892,0.029672,0.202675,2.73
2025-12-20 02:00:00,0.204774,1.27983,0.057743,0.147031,0.03071,0.008884,0.104323,1.879
2025-12-20 03:00:00,0.027477,0.254417,0.014999,0.012478,0.01953,0.001962,0.077112,1.002
2025-12-20 04:00:00,0.005383,0.041417,0.002111,0.003272,0.01252,0.001244,0.048412,0.218
2025-12-20 05:00:00,0.079235,1.04255,0.004124,0.075111,0.019532,0.005052,0.05758,0.458
2025-12-20 06:00:00,0.154397,1.57547,0.006384,0.148013,0.017351,0.00493,0.056399,0.445
2025-12-20 07:00:00,0.56964,3.56025,0.020045,0.549595,0.079074,0.032758,0.167951,2.033
2025-12-20 08:00:00,0.370787,1.85394,0.043348,0.327439,0.04969,0.020848,0.114553,1.435
2025-12-20 09:00:00,0.812059,5.41373,0.042804,0.769255,0.044074,0.022758,0.109231,1.712
2025-12-20 10:00:00,0.570388,2.94015,0.044408,0.52598,0.060399,0.021705,0.133097,2.498
2025-12-20 11:00:00,0.604633,2.72358,0.075223,0.52941,0.094614,0.025796,0.158087,3.065
2025-12-20 12:00:00,0.494308,1.57423,0.065975,0.428333,0.113091,0.027863,0.199239,2.264
2025-12-20 13:00:00,0.788136,2.89755,0.07271,0.715426,0.091365,0.027467,0.177116,3.393
2025-12-20 14:00:00,1.04089,4.30121,0.047371,0.993522,0.127641,0.061841,0.300493,2.582
2025-12-20 15:00:00,1.31213,4.20556,0.135514,1.17662,0.067795,0.042881,0.1774,3.428
2025-12-20 16:00:00,1.79029,6.13114,0.615623,1.17467,0.101968,0.047203,0.195609,4.182
2025-12-20 17:00:00,0.373379,1.38288,0.055989,0.31739,0.120771,0.049352,0.247002,2.05
2025-12-20 18:00:00,0.581478,1.82854,0.061854,0.519624,0.10824,0.071996,0.264153,2.166
2025-12-20 19:00:00,1.49216,3.58691,0.580065,0.912092,0.149724,0.047854,0.251696,3.967
2025-12-20 20:00:00,0.18126,0.588504,0.025373,0.155887,0.072027,0.026717,0.149485,1.807
2025-12-20 21:00:00,0.495741,1.4164,0.061829,0.433912,0.151122,0.048568,0.218909,3.401
2025-12-20 22:00:00,0.584417,2.00143,0.055607,0.52881,0.079479,0.035903,0.159258,2.827
2025-12-20 23:00:00,0.181133,0.599774,0.030947,0.150186,0.071712,0.016848,0.122057,1.725
2025-12-21 00:00:00,0.250949,1.09108,0.033353,0.217596,0.079695,0.025021,0.164354,1.49
2025-12-21 01:00:00,0.159853,0.644569,0.030761,0.129092,0.077563,0.011308,0.146518,1.863
2025-12-21 02:00:00,0.565907,2.46047,0.063655,0.502252,0.05479,0.023007,0.120134,1.619
2025-12-21 03:00:00,0.121629,0.68331,0.055015,0.066614,0.043022,0.003812,0.081275,2.008
2025-12-21 04:00:00,0.06427,0.118578,0.043408,0.020862,0.046397,0.00504,0.110661,1.296
2025-12-21 05:00:00,0.041972,0.066412,0.015863,0.026109,0.020752,0.00135,0.059743,0.469
2025-12-21 06:00:00,0.079603,0.137248,0.006331,0.073272,0.019212,0.002851,0.058066,0.441
2025-12-21 07:00:00,0.082877,0.120112,0.008697,0.07418,0.021382,0.003075,0.069041,0.547
2025-12-21 08:00:00,0.162383,0.268847,0.025618,0.136765,0.037319,0.00574,0.095886,1.055
2025-12-21 09:00:00,0.67131,1.7482,0.08385,0.58746,0.07197,0.037775,0.170714,2.611
2025-12-21 10:00:00,0.556754,1.83143,0.16725,0.389504,0.081553,0.023916,0.152608,1.937
2025-12-21 11:00:00,0.566042,2.16046,0.064732,0.50131,0.101863,0.040107,0.183219,2.905
2025-12-21 12:00:00,0.609898,2.40118,0.135327,0.474571,0.094835,0.021428,0.173868,3.224
2025-12-21 13:00:00,0.665409,2.29451,0.103624,0.561785,0.119476,0.025634,0.199428,4.467
2025-12-21 14:00:00,2.23376,7.1139,0.068178,2.16559,0.122369,0.060289,0.260277,4.666
2025-12-21 15:00:00,0.295396,1.46236,0.030041,0.265355,0.045959,0.025193,0.126873,1.708
2025-12-21 16:00:00,0.138748,0.754067,0.026751,0.111997,0.039476,0.022854,0.123556,1.396
2025-12-21 17:00:00,0.242296,1.02668,0.031426,0.21087,0.059976,0.019517,0.138325,2.649
2025-12-21 18:00:00,0.306838,0.971006,0.037009,0.269829,0.048011,0.016648,0.111528,1.44
2025-12-21 19:00:00,0.879155,2.36332,0.509624,0.369531,0.104824,0.024657,0.178424,2.366
2025-12-21 20:00:00,4.53414,14.6263,3.51816,1.01598,0.236201,0.051886,0.259193,3.682
2025-12-21 21:00:00,0.660744,2.94975,0.051002,0.609742,0.069489,0.050302,0.19229,1.911
2025-12-21 22:00:00,0.630338,2.82248,0.048811,0.581526,0.067467,0.047423,0.185835,1.88233
2025-12-21 23:00:00,0.599931,2.6952,0.046621,0.55331,0.065446,0.044544,0.17938,1.85367
2025-12-22 00:00:00,0.569525,2.56792,0.04443,0.525095,0.063425,0.041664,0.172926,1.825
2025-12-22 01:00:00,,,,,,,,
2025-12-22 02:00:00,,,,,,,,
2025-12-22 03:00:00,,,,,,,,
2025-12-22 04:00:00,,,,,,,,
2025-12-22 05:00:00,,,,,,,,
2025-12-22 06:00:00,,,,,,,,
2025-12-22 07:00:00,,,,,,,,
2025-12-22 08:00:00,,,,,,,,
2025-12-22 09:00:00,0.295867,1.42244,0.024714,0.271153,0.045234,0.015753,0.114833,1.567
2025-12-22 10:00:00,0.300599,2.00399,0.020813,0.279786,0.056778,0.014099,0.161784,2.583
2025-12-22 11:00:00,0.478983,2.04693,0.050377,0.428606,0.09219,0.02939,0.205698,3.058
2025-12-22 12:00:00,0.808675,3.70952,0.047955,0.76072,0.065644,0.034884,0.149157,2.308
2025-12-22 13:00:00,0.212718,1.19505,0.09692,0.115798,0.058958,0.01565,0.137971,1.343
2025-12-22 14:00:00,0.348727,2.38854,0.019765,0.328962,0.089034,0.027174,0.172516,1.355
2025-12-22 15:00:00,0.095291,0.523581,0.018049,0.077242,0.033108,0.009054,0.087492,0.803
2025-12-22 16:00:00,12.9405,71.8917,12.6143,0.326181,0.359876,0.019957,0.20481,4.267
2025-12-22 17:00:00,0.880653,2.97518,0.192694,0.687959,0.088582,0.041722,0.192853,3.844
2025-12-22 18:00:00,0.602003,2.42743,0.059791,0.542212,0.092136,0.052675,0.2073,3.579
2025-12-22 19:00:00,0.562837,1.29091,0.073054,0.489783,0.101537,0.034714,0.208865,3.53
2025-12-22 20:00:00,0.75752,2.50834,0.062758,0.694762,0.108016,0.04402,0.215617,3.443
2025-12-22 21:00:00,1.17599,6.12495,0.057632,1.11836,0.126421,0.096593,0.265525,2.893
2025-12-22 22:00:00,0.260659,1.05104,0.028216,0.232443,0.095026,0.040345,0.193077,2.402
2025-12-22 23:00:00,0.282918,3.14354,0.036215,0.246703,0.044098,0.012381,0.115053,2.032
2025-12-23 00:00:00,0.141495,1.05594,0.018243,0.123252,0.045061,0.025459,0.134411,1.266
2025-12-23 01:00:00,0.439596,2.93064,0.022475,0.417121,0.045271,0.017976,0.112327,1.964
2025-12-23 02:00:00,0.577811,8.49723,0.016793,0.561018,0.071747,0.025522,0.119315,1.357
2025-12-23 03:00:00,0.230073,2.34768,0.004177,0.225896,0.023574,0.018655,0.065884,0.25
2025-12-23 04:00:00,0.004089,0.044444,0.002298,0.001791,0.005377,0.00053,0.038237,0.12
2025-12-23 05:00:00,0.009702,0.124372,0.001181,0.008521,0.00677,0.000872,0.038586,0.105
2025-12-23 06:00:00,0.053387,1.02666,0.003671,0.049716,0.007953,0.007704,0.043437,0.229
2025-12-23 07:00:00,0.225374,1.46348,0.041795,0.183579,0.033367,0.007711,0.088919,1.116
2025-12-23 08:00:00,0.291082,1.77489,0.071105,0.219977,0.055286,0.012609,0.129196,1.638
2025-12-23 09:00:00,0.827075,5.04314,0.426517,0.400558,0.057595,0.016957,0.137208,2.008
2025-12-23 10:00:00,0.132189,1.34885,0.021746,0.110443,0.034487,0.007395,0.086345,0.767
2025-12-23 11:00:00,1.66821,6.89343,0.04501,1.6232,0.087979,0.069684,0.198523,2.278
2025-12-23 12:00:00,0.543251,2.49198,0.067092,0.476159,0.088856,0.028462,0.177333,2.716
2025-12-23 13:00:00,0.290174,2.5015,0.03648,0.253694,0.095537,0.05953,0.222455,2.68
2025-12-23 14:00:00,0.409965,2.53064,0.042152,0.367813,0.069586,0.025848,0.148036,1.227
2025-12-23 15:00:00,0.212183,2.65228,0.018152,0.194031,0.052138,0.01488,0.107151,1.692
2025-12-23 16:00:00,0.307732,2.26274,0.056102,0.25163,0.057066,0.013317,0.121238,1.62
2025-12-23 17:00:00,0.269543,1.51428,0.046278,0.223265,0.054341,0.017139,0.128229,2.203
2025-12-23 18:00:00,0.614499,1.92031,0.068511,0.545988,0.081088,0.028026,0.163371,3.91
2025-12-23 19:00:00,0.593169,2.79796,0.056267,0.536902,0.077592,0.033357,0.186203,3.233
2025-12-23 20:00:00,0.383983,1.4014,0.045565,0.338418,0.077352,0.016754,0.152789,1.773
2025-12-23 21:00:00,0.250234,1.6249,0.030059,0.220175,0.052922,0.01754,0.108227,1.588
2025-12-23 22:00:00,0.846635,3.88365,0.059029,0.787606,0.108565,0.043822,0.231123,3.375
2025-12-23 23:00:00,1.22091,9.84602,0.053998,1.16691,0.092418,0.065071,0.251413,5.662
2025-12-24 00:00:00,0.653188,4.24148,0.058583,0.594605,0.080968,0.030104,0.173902,2.263
2025-12-24 01:00:00,0.061173,0.443285,0.018146,0.043027,0.090812,0.011834,0.16296,1.63
2025-12-24 02:00:00,0.167631,2.04428,0.019875,0.147756,0.077029,0.030133,0.12714,2.396
2025-12-24 03:00:00,0.069119,0.7053,0.015588,0.053531,0.052474,0.004218,0.09414,1.56
2025-12-24 04:00:00,0.065777,0.67118,0.035825,0.029952,0.052766,0.004148,0.090702,1.743
2025-12-24 05:00:00,0.057617,0.514432,0.003569,0.054048,0.010463,0.003059,0.045874,0.298
2025-12-24 06:00:00,0.161777,1.44443,0.012423,0.149354,0.017912,0.004419,0.056143,0.659
2025-12-24 07:00:00,0.1154,0.560196,0.022659,0.092741,0.025147,0.004389,0.074913,0.704
2025-12-24 08:00:00,0.542989,2.53733,0.043212,0.499777,0.056683,0.020426,0.124793,2.301
2025-12-24 09:00:00,0.275493,1.07614,0.039541,0.235952,0.044383,0.01045,0.106314,1.693
2025-12-24 10:00:00,0.582834,2.67355,0.03525,0.547584,0.05999,0.025099,0.14002,2.422
2025-12-24 11:00:00,0.680851,2.63896,0.087038,0.593813,0.069801,0.024897,0.16531,2.718
2025-12-24 12:00:00,0.678722,3.20152,0.074175,0.604547,0.076518,0.027918,0.150242,3.061
2025-12-24 13:00:00,0.413946,2.15598,0.074393,0.339553,0.04294,0.014663,0.103329,1.591
2025-12-24 14:00:00,0.549212,2.47393,0.036208,0.513004,0.059285,0.020588,0.146887,1.748
2025-12-24 15:00:00,2.2468,11.5814,2.05468,0.192117,0.10742,0.020561,0.144249,1.688
2025-12-24 16:00:00,2.14068,10.2917,2.02088,0.119795,0.091448,0.017194,0.114425,1.351
2025-12-24 17:00:00,0.321681,1.31837,0.035035,0.286646,0.055922,0.017343,0.132034,3.17
2025-12-24 18:00:00,0.534022,1.54342,0.05164,0.482382,0.071963,0.035349,0.184025,3.325
2025-12-24 19:00:00,0.412779,1.19301,0.119785,0.292994,0.08676,0.034594,0.179349,2.416
2025-12-24 20:00:00,0.951565,2.71876,0.357832,0.593733,0.14047,0.05032,0.249276,5.537
2025-12-24 21:00:00,0.309069,0.646591,0.052893,0.256176,0.11003,0.027957,0.199606,2.408
2025-12-24 22:00:00,0.767981,2.1452,0.065094,0.702887,0.124465,0.056549,0.26678,3.464
2025-12-24 23:00:00,0.252096,1.53716,0.021797,0.230299,0.09498,0.04485,0.21475,1.619
2025-12-25 00:00:00,1.49625,10.2483,0.033184,1.46307,0.08201,0.054958,0.187435,1.677
2025-12-25 01:00:00,0.287933,2.1813,0.015526,0.272407,0.039605,0.012061,0.086189,1.087
2025-12-25 02:00:00,0.109378,0.289361,0.010737,0.098641,0.045408,0.026431,0.093363,1.192
2025-12-25 03:00:00,0.064481,0.085521,0.008538,0.055943,0.020792,0.003163,0.039962,0.477
2025-12-25 04:00:00,0.109822,0.238746,0.006476,0.103346,0.013674,0.003166,0.03171,0.463
2025-12-25 05:00:00,0.014143,0.087304,0.002217,0.011926,0.007595,0.001372,0.020334,0.125
2025-12-25 06:00:00,0.007224,0.042491,0.001215,0.006009,0.00689,0.000846,0.021053,0.096
2025-12-25 07:00:00,0.317747,1.4988,0.033264,0.284483,0.040189,0.041485,0.074362,1.164
2025-12-25 08:00:00,0.8974,4.39901,0.096694,0.800706,0.056908,0.033686,0.108101,2.048
2025-12-25 09:00:00,0.112296,0.968063,0.016749,0.095547,0.034609,0.010582,0.064653,0.745
2025-12-25 10:00:00,0.416535,2.16945,0.24635,0.170185,0.049312,0.012704,0.081208,1.763
2025-12-25 11:00:00,0.222941,1.05161,0.045816,0.177125,0.059096,0.015994,0.097347,1.752
2025-12-25 12:00:00,0.84948,3.5395,0.118856,0.730624,0.055828,0.038257,0.106155,2.741
2025-12-25 13:00:00,0.356356,1.97975,0.035566,0.32079,0.046403,0.020155,0.088126,1.417
2025-12-25 14:00:00,0.779015,3.14119,0.165178,0.613837,0.082184,0.033475,0.151845,3.262
2025-12-25 15:00:00,0.689104,2.99611,0.172694,0.51641,0.074032,0.031931,0.145459,3.157
2025-12-25 16:00:00,0.40839,2.52092,0.047629,0.360761,0.048558,0.020941,0.098116,1.594
2025-12-25 17:00:00,0.374644,1.97181,0.080212,0.294432,0.053648,0.020403,0.116204,2.554
2025-12-25 18:00:00,0.740606,3.52669,0.082971,0.657635,0.056643,0.039747,0.112152,2.766
2025-12-25 19:00:00,0.958713,5.84581,0.139322,0.819391,0.079244,0.041894,0.149489,4.646
2025-12-25 20:00:00,0.979765,4.11666,0.163014,0.816751,0.097283,0.059768,0.187274,3.735
2025-12-25 21:00:00,0.451592,2.53704,0.148789,0.302803,0.068083,0.038167,0.13975,1.781
2025-12-25 22:00:00,0.769654,3.03013,0.120565,0.649089,0.07755,0.049973,0.15102,2.247
2025-12-25 23:00:00,0.726395,3.45902,0.627635,0.09876,0.090513,0.018137,0.168968,2.437
2025-12-26 00:00:00,1.8103,2.63892,0.601996,1.20831,0.122904,0.065083,0.284818,4.219
2025-12-26 01:00:00,0.706695,1.15473,0.029239,0.677456,0.079201,0.026813,0.12974,2.562
2025-12-26 02:00:00,0.101005,0.182318,0.010249,0.090756,0.056045,0.006438,0.074644,1.158
2025-12-26 03:00:00,0.123616,0.624327,0.009961,0.113655,0.035169,0.017822,0.066735,0.47
2025-12-26 04:00:00,0.05136,0.244573,0.005886,0.045474,0.014442,0.004208,0.032046,0.452
2025-12-26 05:00:00,0.016758,0.082147,0.003107,0.013651,0.006753,0.001218,0.018991,0.167
2025-12-26 06:00:00,0.177827,1.11142,0.009845,0.167982,0.014233,0.005399,0.031573,0.438
2025-12-26 07:00:00,0.311169,1.28583,0.05287,0.258299,0.037703,0.019084,0.074587,1.13
2025-12-26 08:00:00,0.308111,1.31672,0.049787,0.258324,0.048177,0.014837,0.087066,1.176
2025-12-26 09:00:00,0.248814,1.3823,0.024168,0.224646,0.033183,0.010797,0.072675,1.163
2025-12-26 10:00:00,0.531199,2.95111,0.023704,0.507495,0.047041,0.023364,0.09817,1.851
2025-12-26 11:00:00,0.379764,1.93757,0.055212,0.324552,0.063368,0.022634,0.123831,2.337
2025-12-26 12:00:00,1.0075,4.34267,0.110991,0.896507,0.07805,0.085907,0.18912,3.866
2025-12-26 13:00:00,0.595223,2.65724,0.040633,0.55459,0.088992,0.034904,0.145161,1.607
2025-12-26 14:00:00,0.463951,2.34319,0.080549,0.383402,0.048156,0.026488,0.099895,2.112
2025-12-26 15:00:00,1.22079,5.98424,0.291284,0.929501,0.094754,0.04468,0.114163,2.699
2025-12-26 16:00:00,0.432593,3.00412,0.154381,0.278212,0.056316,0.023877,0.102046,2.618
2025-12-26 17:00:00,0.672589,3.14294,0.210502,0.462087,0.060961,0.029215,0.113147,3.405
2025-12-26 18:00:00,0.911637,3.23275,0.069023,0.842614,0.06306,0.050021,0.122317,3.17
2025-12-26 19:00:00,0.791144,3.06645,0.09102,0.700124,0.076267,0.040935,0.137819,3.909
2025-12-26 20:00:00,0.557466,2.40287,0.086212,0.471254,0.077551,0.045519,0.143306,2.667
2025-12-26 21:00:00,1.09275,4.96703,0.157148,0.9356,0.0855,0.057405,0.152833,3.783
2025-12-26 22:00:00,2.6857,11.5763,0.548248,2.13745,0.095785,0.042205,0.140992,4.077
2025-12-26 23:00:00,1.61358,9.72036,0.948698,0.664883,0.11911,0.051523,0.204725,6.27
2025-12-27 00:00:00,3.04845,12.1938,1.43401,1.61444,0.095693,0.036653,0.118278,5.366
2025-12-27 01:00:00,1.4748,11.5219,0.967229,0.507573,0.065735,0.02931,0.103987,3.899
2025-12-27 02:00:00,0.00948,0.100849,0.004537,0.004943,0.007101,0.004589,0.018525,0.118
2025-12-27 03:00:00,0.083234,0.705369,0.006084,0.07715,0.015335,0.003202,0.034035,0.523
2025-12-27 04:00:00,1.88188,13.8373,1.84679,0.035092,0.090672,0.004284,0.036459,0.741
2025-12-27 05:00:00,1.43471,11.5703,1.34723,0.087484,0.074029,0.006299,0.045367,0.762
2025-12-27 06:00:00,0.009214,0.070878,0.002186,0.007028,0.008251,0.000842,0.021851,0.137
2025-12-27 07:00:00,0.48347,4.3167,0.024662,0.458808,0.035369,0.015511,0.065057,1.349
2025-12-27 08:00:00,1.60076,9.41624,1.40043,0.200332,0.082481,0.014502,0.075902,1.453
2025-12-27 09:00:00,0.625485,2.9504,0.370731,0.254754,0.062578,0.019491,0.102701,2.588
2025-12-27 10:00:00,0.407954,2.0814,0.038642,0.369312,0.035962,0.021352,0.087436,1.965
2025-12-27 11:00:00,0.586357,2.99162,0.177523,0.408834,0.049011,0.025791,0.092614,2.039
2025-12-27 12:00:00,0.788802,4.43148,0.30319,0.485612,0.049894,0.026381,0.080988,2.201
2025-12-27 13:00:00,0.323248,1.30342,0.050358,0.27289,0.052387,0.019169,0.114269,2.242
2025-12-27 14:00:00,0.375533,2.3181,0.100193,0.27534,0.040217,0.022521,0.089157,1.858
2025-12-27 15:00:00,0.464764,2.37124,0.045638,0.419126,0.046711,0.023336,0.096051,2.167
2025-12-27 16:00:00,0.408078,1.77426,0.074639,0.333439,0.066126,0.018751,0.10314,2.137
2025-12-27 17:00:00,0.786403,3.47966,0.160374,0.626029,0.063717,0.035676,0.120686,2.636
2025-12-27 18:00:00,0.69314,2.75055,0.077426,0.615714,0.082597,0.052976,0.150556,2.484
2025-12-27 19:00:00,0.777863,3.63487,0.097056,0.680807,0.063495,0.04773,0.138351,2.78
2025-12-27 20:00:00,0.490629,2.2506,0.064497,0.426132,0.086075,0.073439,0.205395,2.704
2025-12-27 21:00:00,0.316679,1.97924,0.05328,0.263399,0.056252,0.076796,0.170412,1.743
2025-12-27 22:00:00,0.853639,5.20512,0.051832,0.801807,0.04671,0.043376,0.090503,2.254
2025-12-27 23:00:00,0.536939,4.19484,0.277307,0.259632,0.047508,0.01899,0.067454,1.741
2025-12-28 00:00:00,1.28694,8.04336,0.494276,0.792662,0.078468,0.032501,0.119334,3.417
2025-12-28 01:00:00,0.6055,2.422,0.268029,0.337471,0.037108,0.013575,0.052176,1.002
2025-12-28 02:00:00,0.015076,0.062809,0.003042,0.012034,0.011166,0.005101,0.025867,0.219
2025-12-28 03:00:00,0.009881,0.049912,0.00134,0.008541,0.008187,0.000613,0.019815,0.145
2025-12-28 04:00:00,0.0428,0.169843,0.005576,0.037224,0.009966,0.001343,0.023792,0.283
2025-12-28 05:00:00,0.002166,0.015042,0.000369,0.001797,0.004716,0.000934,0.015682,0.049
2025-12-28 06:00:00,0.037082,0.210695,0.004967,0.032115,0.009468,0.002642,0.023031,0.223
2025-12-28 07:00:00,0.116873,0.859369,0.024331,0.092542,0.022057,0.00782,0.041792,0.7
2025-12-28 08:00:00,1.31683,10.2877,0.328588,0.988238,0.054425,0.053949,0.101074,4.45
2025-12-28 09:00:00,0.320867,1.98066,0.034201,0.286666,0.043946,0.020678,0.078466,1.139
2025-12-28 10:00:00,0.728695,3.75616,0.049647,0.679048,0.05532,0.052127,0.120056,1.834
2025-12-28 11:00:00,1.04933,4.48434,0.138877,0.910458,0.072229,0.039061,0.124067,3.019
2025-12-28 12:00:00,1.35966,7.72534,0.24694,1.11272,0.085225,0.053513,0.156894,4.435
2025-12-28 13:00:00,0.718538,3.45451,0.051895,0.666643,0.065291,0.041239,0.123606,2.281
2025-12-28 14:00:00,0.529156,2.59391,0.076564,0.452592,0.056536,0.024324,0.10411,2.103
2025-12-28 15:00:00,1.45053,5.25554,0.121998,1.32853,0.080936,0.052663,0.162054,4.189
2025-12-28 16:00:00,0.75944,3.30192,0.133355,0.626085,0.056086,0.030169,0.11245,2.184
2025-12-28 17:00:00,0.823687,3.46086,0.078317,0.74537,0.077901,0.038203,0.144161,3.056
2025-12-28 18:00:00,0.631018,2.39021,0.064707,0.566311,0.071107,0.037674,0.138715,2.883
2025-12-28 19:00:00,1.15073,5.27858,0.374002,0.776727,0.147371,0.074433,0.238231,5.265
2025-12-28 20:00:00,1.13258,5.39326,0.304202,0.828381,0.093126,0.087319,0.183951,3.63
2025-12-28 21:00:00,1.22585,6.45184,0.083387,1.14246,0.055437,0.061728,0.137804,4.236
2025-12-28 22:00:00,1.01741,8.33941,0.580218,0.437191,0.096551,0.080531,0.150849,3.38
2025-12-28 23:00:00,0.242124,1.92162,0.044053,0.198071,0.10998,0.084631,0.166768,3.026
2025-12-29 00:00:00,0.289121,2.62838,0.06066,0.228461,0.064886,0.009321,0.095201,1.281
2025-12-29 01:00:00,0.174379,1.58527,0.021098,0.153281,0.064057,0.006092,0.067629,0.981
2025-12-29 02:00:00,0.171883,1.8683,0.033986,0.137897,0.058843,0.011139,0.060819,0.963
2025-12-29 03:00:00,0.055755,0.663741,0.040237,0.015518,0.060289,0.00324,0.060448,0.921
2025-12-29 04:00:00,0.186417,2.45285,0.038078,0.148339,0.054158,0.010275,0.060386,1.125
2025-12-29 05:00:00,0.02755,0.215227,0.023153,0.004397,0.017271,0.001407,0.028401,0.31
2025-12-29 06:00:00,0.001486,0.0128,0.0009,0.000586,0.005264,0.001046,0.019111,0.126
2025-12-29 07:00:00,0.176556,0.929246,0.068414,0.108142,0.042766,0.01268,0.072983,0.923
2025-12-29 08:00:00,0.243828,1.48676,0.020675,0.223153,0.033235,0.013853,0.07346,1.244
2025-12-29 09:00:00,0.233586,1.40714,0.047851,0.185735,0.041943,0.008498,0.086784,1.457
2025-12-29 10:00:00,0.184987,1.26704,0.034207,0.15078,0.050696,0.011643,0.090613,1.359
2025-12-29 11:00:00,0.51784,3.54685,0.06191,0.45593,0.054402,0.026643,0.115555,2.545
2025-12-29 12:00:00,0.435198,3.0222,0.054588,0.38061,0.043877,0.034186,0.087274,1.759
2025-12-29 13:00:00,0.157893,1.1783,0.030605,0.127288,0.029829,0.008895,0.056775,0.738
2025-12-29 14:00:00,1.19132,11.455,0.04614,1.14518,0.051592,0.042053,0.118198,3.393
2025-12-29 15:00:00,0.675241,5.11546,0.057312,0.617929,0.057239,0.025964,0.157091,2.779
2025-12-29 16:00:00,0.374265,2.33916,0.081653,0.292612,0.071416,0.021493,0.224857,2.868
2025-12-29 17:00:00,0.595793,2.78408,0.178475,0.417318,0.086559,0.022669,0.187343,3.952
2025-12-29 18:00:00,0.631152,2.79271,0.211181,0.419971,0.078754,0.047885,0.173667,4.1
2025-12-29 19:00:00,1.19393,4.3574,0.081381,1.11255,0.11392,0.123487,0.270873,5.144
2025-12-29 20:00:00,0.406953,2.14185,0.083799,0.323154,0.073653,0.024186,0.159112,3.144
2025-12-29 21:00:00,1.26557,5.75257,0.11191,1.15366,0.110243,0.090174,0.237184,5.714
2025-12-29 22:00:00,0.64587,3.58816,0.088545,0.557325,0.12786,0.035887,0.181422,5.298
2025-12-29 23:00:00,0.983461,7.02472,0.224976,0.758485,0.080386,0.036856,0.140643,4.686
2025-12-30 00:00:00,1.49197,8.19763,0.788837,0.703131,0.108366,0.04097,0.131688,3.423
2025-12-30 01:00:00,1.14064,12.3982,0.857132,0.283506,0.109218,0.018346,0.098231,2.791
2025-12-30 02:00:00,0.148236,1.90046,0.034358,0.113878,0.027387,0.003929,0.048726,1.087
2025-12-30 03:00:00,0.073965,0.840509,0.024716,0.049249,0.028117,0.003644,0.039298,0.577
2025-12-30 04:00:00,0.057761,0.614466,0.017974,0.039787,0.025744,0.002874,0.040511,0.717
2025-12-30 05:00:00,0.03644,0.222193,0.010256,0.026184,0.020653,0.00248,0.03155,0.462
2025-12-30 06:00:00,0.068777,0.477616,0.010641,0.058136,0.010834,0.001871,0.027334,0.412
2025-12-30 07:00:00,0.15033,0.548658,0.02965,0.12068,0.039443,0.023022,0.081605,1.097
2025-12-30 08:00:00,0.278123,1.52814,0.100506,0.177617,0.046489,0.011348,0.076533,1.315
2025-12-30 09:00:00,0.994253,5.40355,0.055546,0.938707,0.03323,0.017018,0.07182,1.122
2025-12-30 10:00:00,0.148843,0.875552,0.015728,0.133115,0.031886,0.008319,0.062846,0.681
2025-12-30 11:00:00,0.642461,2.63303,0.091675,0.550786,0.063607,0.037857,0.128669,2.977
2025-12-30 12:00:00,0.708669,2.6247,0.081103,0.627566,0.057171,0.05098,0.127559,2.805
2025-12-30 13:00:00,0.191893,0.896693,0.017611,0.174282,0.033707,0.014006,0.074972,0.997
2025-12-30 14:00:00,0.243256,1.81534,0.033849,0.209407,0.038143,0.017265,0.079576,1.209
2025-12-30 15:00:00,0.45951,3.70574,0.067329,0.392181,0.039305,0.025574,0.078719,1.414
2025-12-30 16:00:00,0.395994,3.66661,0.1113,0.284694,0.04898,0.01947,0.082691,1.7
2025-12-30 17:00:00,0.581262,2.76792,0.07198,0.509282,0.057138,0.028593,0.104158,2.285
2025-12-30 18:00:00,1.22134,5.40414,0.183347,1.03799,0.097777,0.068144,0.18039,4.805
2025-12-30 19:00:00,0.997191,3.21674,0.219533,0.777658,0.144011,0.081147,0.23692,3.674
2025-12-30 20:00:00,1.22886,4.99534,0.123446,1.10541,0.115498,0.087987,0.25322,5.085
2025-12-30 21:00:00,0.701345,3.21717,0.07161,0.629735,0.093814,0.035128,0.130843,2.399
2025-12-30 22:00:00,0.371875,2.95139,0.036236,0.335639,0.052583,0.050183,0.116558,1.612
2025-12-30 23:00:00,0.652572,4.40927,0.055953,0.596619,0.058204,0.053704,0.149127,2.272
2025-12-31 00:00:00,0.503875,5.59861,0.052126,0.451749,0.052817,0.030422,0.138186,2.841
2025-12-31 01:00:00,0.302923,4.58974,0.067491,0.235432,0.012392,0.008783,0.030429,0.668
2025-12-31 02:00:00,0.077384,0.899812,0.013163,0.064221,0.019511,0.006643,0.040357,0.567
2025-12-31 03:00:00,0.025944,0.332604,0.002115,0.023829,0.006642,0.006261,0.018813,0.12
2025-12-31 04:00:00,0.122057,1.29848,0.005531,0.116526,0.008621,0.003931,0.022958,0.275
2025-12-31 05:00:00,0.008238,0.079204,0.006537,0.001701,0.006225,0.000838,0.015676,0.147
2025-12-31 06:00:00,0.129084,1.09393,0.021319,0.107765,0.017268,0.003979,0.032662,0.545
2025-12-31 07:00:00,0.052939,0.290878,0.014676,0.038263,0.054289,0.00796,0.09661,0.786
2025-12-31 08:00:00,0.556535,2.50691,0.143422,0.413113,0.095484,0.028113,0.197685,3.037
2025-12-31 09:00:00,0.802119,4.50629,0.042662,0.759457,0.051791,0.060178,0.179851,3.24
2025-12-31 10:00:00,0.509198,5.41701,0.024696,0.484502,0.070396,0.043857,0.146284,2.334
2025-12-31 11:00:00,0.636679,4.24452,0.0921,0.544579,0.068802,0.034448,0.117426,2.136
2025-12-31 12:00:00,0.813919,4.67769,0.314345,0.499574,0.072666,0.029971,0.10444,2.984
2025-12-31 13:00:00,0.368496,1.48587,0.032673,0.335823,0.052238,0.041118,0.141846,1.713
2025-12-31 14:00:00,0.58853,3.0027,0.079991,0.508539,0.085578,0.061942,0.164624,2.082
2025-12-31 15:00:00,0.477989,2.56983,0.044066,0.433923,0.082076,0.035217,0.136341,2.092
2025-12-31 16:00:00,0.554659,2.31108,0.062722,0.491937,0.088078,0.038703,0.15846,2.346
2025-12-31 17:00:00,0.977849,2.67172,0.141606,0.836243,0.135057,0.052565,0.259527,5.235
2025-12-31 18:00:00,0.233103,1.01349,0.086149,0.146954,0.063721,0.025031,0.137245,3.359
2025-12-31 19:00:00,1.35616,9.04108,0.092975,1.26319,0.07168,0.077407,0.13177,2.242
2025-12-31 20:00:00,0.274172,1.443,0.040262,0.23391,0.089672,0.071647,0.197415,2.067
2025-12-31 21:00:00,0.456032,2.74719,0.083055,0.372977,0.086682,0.061256,0.156485,2.279
2025-12-31 22:00:00,1.41823,9.58263,0.577198,0.841032,0.105442,0.053758,0.175418,2.862
2025-12-31 23:00:00,0.722684,4.01491,0.203207,0.519477,0.060349,0.064682,0.123919,1.832
2026-01-01 00:00:00,0.553133,3.1428,0.068536,0.484597,0.059641,0.060644,0.130659,1.893
2026-01-01 01:00:00,0.711749,5.01232,0.046994,0.664755,0.032258,0.02173,0.069029,1.818
2026-01-01 02:00:00,0.188011,1.34294,0.091712,0.096299,0.020919,0.007342,0.039935,0.467
2026-01-01 03:00:00,0.087257,0.641594,0.010664,0.076593,0.014461,0.007734,0.037353,0.376
2026-01-01 04:00:00,0.251071,1.90204,0.018535,0.232536,0.016288,0.014887,0.034479,0.641
2026-01-01 05:00:00,0.035238,0.298623,0.002702,0.032536,0.007209,0.00401,0.019851,0.12
2026-01-01 06:00:00,0.060223,0.579052,0.006511,0.053712,0.013042,0.002849,0.031036,0.711
2026-01-01 07:00:00,0.065221,0.494108,0.00709,0.058131,0.014151,0.00242,0.028992,0.34
2026-01-01 08:00:00,0.315837,1.92583,0.03176,0.284077,0.031758,0.014639,0.068402,1.005
2026-01-01 09:00:00,0.665172,3.19793,0.046448,0.618724,0.042638,0.023489,0.083379,1.553
2026-01-01 10:00:00,1.38798,7.22909,0.074173,1.31381,0.060377,0.064069,0.161508,3.661
2026-01-01 11:00:00,1.07674,5.66707,0.209242,0.867502,0.12218,0.04287,0.192603,5.596
2026-01-01 12:00:00,0.728298,4.38735,0.10774,0.620558,0.091799,0.04785,0.152825,3.882
2026-01-01 13:00:00,1.79263,5.53282,0.290767,1.50187,0.087561,0.077411,0.177795,4.65
2026-01-01 14:00:00,2.83687,8.97744,0.134815,2.70206,0.104152,0.096084,0.220199,6.614
2026-01-01 15:00:00,1.66781,7.31495,0.166421,1.50139,0.073392,0.05197,0.140275,3.842
2026-01-01 16:00:00,2.25941,8.82583,0.107506,2.15191,0.064908,0.083573,0.154421,5.273
2026-01-01 17:00:00,1.1499,4.87246,0.130243,1.01966,0.100607,0.049158,0.170141,3.702
2026-01-01 18:00:00,0.804319,4.62252,0.145215,0.659104,0.061417,0.035695,0.109749,3.151
2026-01-01 19:00:00,1.1526,6.13085,0.168999,0.983601,0.119544,0.069685,0.205977,3.793
2026-01-01 20:00:00,1.32447,8.71364,0.10093,1.22354,0.080808,0.064732,0.163232,4.265
2026-01-01 21:00:00,0.584196,2.4546,0.058714,0.525482,0.076149,0.059566,0.142254,2.327
2026-01-01 22:00:00,0.717561,3.98645,0.103535,0.614026,0.094787,0.081125,0.191323,2.578
2026-01-01 23:00:00,0.638735,2.80147,0.110491,0.528244,0.055907,0.053135,0.112322,2.079
2026-01-02 00:00:00,0.588184,4.74342,0.038502,0.549682,0.040483,0.035092,0.082842,1.926
2026-01-02 01:00:00,0.052062,0.338062,0.005995,0.046067,0.01771,0.006712,0.035607,0.416
2026-01-02 02:00:00,0.064912,0.559579,0.030043,0.034869,0.014922,0.005739,0.027137,0.382
2026-01-02 03:00:00,0.013113,0.136585,0.001829,0.011284,0.006164,0.001402,0.016577,0.148
2026-01-02 04:00:00,0.020127,0.228726,0.002977,0.01715,0.009264,0.002453,0.020604,0.217
2026-01-02 05:00:00,0.02764,0.255925,0.003235,0.024405,0.003711,0.001561,0.014641,0.128
2026-01-02 06:00:00,0.009407,0.078393,0.00093,0.008477,0.004135,0.001209,0.016295,0.097
2026-01-02 07:00:00,0.727013,4.22682,0.054966,0.672047,0.026244,0.023259,0.056754,2.033
2026-01-02 08:00:00,0.557868,2.53577,0.096216,0.461652,0.03574,0.015833,0.063973,1.195
2026-01-02 09:00:00,0.834575,2.56004,0.105792,0.728783,0.060424,0.024851,0.101755,2.028
2026-01-02 10:00:00,0.680068,4.14676,0.177975,0.502093,0.052421,0.024049,0.098539,2.286
2026-01-02 11:00:00,0.359565,1.49819,0.042904,0.316661,0.084627,0.03852,0.153347,2.171
2026-01-02 12:00:00,0.519368,1.90943,0.07021,0.449158,0.084168,0.04529,0.190213,2.522
2026-01-02 13:00:00,1.64769,6.69793,0.110026,1.53766,0.125996,0.127783,0.285827,6.622
2026-01-02 14:00:00,0.895412,3.44389,0.101602,0.79381,0.076784,0.102506,0.178,2.992
2026-01-02 15:00:00,0.298394,1.71491,0.023464,0.27493,0.052147,0.093719,0.132428,1.184
2026-01-02 16:00:00,0.187015,1.10008,0.0369,0.150115,0.03261,0.018177,0.068975,0.983
2026-01-02 17:00:00,0.217526,1.3944,0.022803,0.194723,0.049497,0.025017,0.100075,1.234
2026-01-02 18:00:00,0.341265,1.65662,0.058603,0.282662,0.077757,0.040848,0.145527,1.941
2026-01-02 19:00:00,0.394795,2.56361,0.047659,0.347136,0.069663,0.061313,0.154784,1.717
2026-01-02 20:00:00,0.477511,2.38755,0.085044,0.392467,0.061821,0.025493,0.094602,2.014
2026-01-02 21:00:00,0.46377,2.76053,0.078955,0.384815,0.060173,0.028122,0.105021,1.731
2026-01-02 22:00:00,0.691841,3.06124,0.086255,0.605586,0.05793,0.127081,0.134464,2.6
2026-01-02 23:00:00,0.300151,1.45704,0.036354,0.263797,0.038022,0.040788,0.08815,1.252
2026-01-03 00:00:00,0.143392,0.696077,0.058449,0.084943,0.020949,0.012039,0.038737,0.741
2026-01-03 01:00:00,0.062698,0.412489,0.006092,0.056606,0.019487,0.008788,0.040014,0.588
2026-01-03 02:00:00,0.814927,4.96907,0.028434,0.786493,0.012201,0.029121,0.042843,2.302
2026-01-03 03:00:00,0.313312,2.37358,0.0155,0.297812,0.008423,0.012244,0.027666,0.899
2026-01-03 04:00:00,0.134695,0.910099,0.006291,0.128404,0.008428,0.004502,0.020623,0.274
2026-01-03 05:00:00,0.11934,0.978188,0.003152,0.116188,0.007047,0.003239,0.020351,0.314
2026-01-03 06:00:00,0.230694,1.24029,0.014975,0.215719,0.024478,0.007813,0.047892,0.943
2026-01-03 07:00:00,0.101315,0.516912,0.017244,0.084071,0.017923,0.004477,0.038057,0.571
2026-01-03 08:00:00,0.129214,0.504745,0.019951,0.109263,0.023275,0.006475,0.048039,0.598
2026-01-03 09:00:00,0.658019,1.97012,0.037838,0.620181,0.051994,0.033141,0.100379,1.695
2026-01-03 10:00:00,0.523739,1.39292,0.031261,0.492478,0.044099,0.029709,0.114771,2.234
2026-01-03 11:00:00,0.532608,1.70707,0.046656,0.485952,0.049437,0.03501,0.098398,2.295
2026-01-03 12:00:00,0.594284,1.98095,0.092944,0.50134,0.079048,0.03441,0.136121,3.018
2026-01-03 13:00:00,0.443182,1.60573,0.040582,0.4026,0.097491,0.027776,0.188501,2.717
2026-01-03 14:00:00,0.711204,4.04094,0.057637,0.653567,0.075301,0.034314,0.14218,3.471
2026-01-03 15:00:00,1.01006,4.85608,0.080745,0.92932,0.082573,0.036963,0.181238,5.877
2026-01-03 16:00:00,0.939998,3.45587,0.121299,0.818699,0.070308,0.033766,0.134275,2.629
2026-01-03 17:00:00,1.40552,4.41988,0.503998,0.901524,0.092382,0.049043,0.156427,3.717
2026-01-03 18:00:00,1.42674,4.57287,0.538254,0.888481,0.134399,0.060315,0.243913,6.507
2026-01-03 19:00:00,0.738688,3.07787,0.122007,0.616681,0.088638,0.035774,0.134976,2.812
2026-01-03 20:00:00,0.54192,2.23934,0.062163,0.479757,0.095378,0.037445,0.157507,4.148
2026-01-03 21:00:00,1.04435,5.67581,0.116827,0.927522,0.110861,0.063108,0.183456,3.785
2026-01-03 22:00:00,2.01746,11.5946,0.270991,1.74647,0.100966,0.090743,0.168552,4.434
2026-01-03 23:00:00,0.52884,4.26485,0.052243,0.476597,0.06248,0.023991,0.12356,2.205
2026-01-04 00:00:00,0.327418,3.63797,0.056873,0.270545,0.070309,0.01319,0.087343,1.518
2026-01-04 01:00:00,0.087591,1.04275,0.023756,0.063835,0.048554,0.004758,0.063186,0.914
2026-01-04 02:00:00,0.121276,0.978038,0.038792,0.082484,0.05158,0.004704,0.066508,0.885
2026-01-04 03:00:00,0.094194,0.47097,0.021709,0.072485,0.025897,0.002511,0.038729,0.519
2026-01-04 04:00:00,0.193292,1.20807,0.035609,0.157683,0.011454,0.006596,0.024798,0.367
2026-01-04 05:00:00,0.037249,0.206942,0.006284,0.030965,0.011613,0.001742,0.027679,0.534
2026-01-04 06:00:00,0.144331,0.721658,0.010514,0.133817,0.011837,0.005156,0.03,0.426
2026-01-04 07:00:00,0.136001,0.641515,0.04068,0.095321,0.02685,0.006914,0.049789,0.661
2026-01-04 08:00:00,0.266451,1.28102,0.108526,0.157925,0.040537,0.011481,0.074833,1.138
2026-01-04 09:00:00,0.463048,2.54422,0.043698,0.41935,0.061384,0.018416,0.106758,2.656
2026-01-04 10:00:00,0.318653,1.89675,0.063449,0.255204,0.064913,0.023096,0.124846,3.013
2026-01-04 11:00:00,0.27852,1.71926,0.022925,0.255595,0.059329,0.022936,0.115501,2.222
2026-01-04 12:00:00,0.976281,4.28193,0.041667,0.934614,0.065996,0.060784,0.159517,2.297
2026-01-04 13:00:00,0.18223,1.38053,0.019957,0.162273,0.078669,0.025981,0.145598,3.06
2026-01-04 14:00:00,0.297834,1.48917,0.129795,0.168039,0.042087,0.050587,0.101348,1.24
2026-01-04 15:00:00,0.581556,2.85076,0.02631,0.555246,0.026797,0.02345,0.069617,2.131
2026-01-04 16:00:00,0.67449,3.27423,0.084786,0.589704,0.053614,0.02381,0.096782,2.328
2026-01-04 17:00:00,0.648161,2.86797,0.091238,0.556923,0.055228,0.028294,0.104368,2.457
2026-01-04 18:00:00,1.03219,3.82292,0.147782,0.884406,0.083037,0.096587,0.214975,3.817
2026-01-04 19:00:00,0.372503,1.16407,0.067242,0.305261,0.137805,0.173589,0.351517,3.482
2026-01-04 20:00:00,0.729033,3.08912,0.087444,0.641589,0.077784,0.062446,0.175847,3.171
2026-01-04 21:00:00,0.841068,2.71312,0.131482,0.709586,0.077927,0.050933,0.145711,2.817
2026-01-04 22:00:00,1.16899,5.31359,0.07954,1.08945,0.092254,0.086428,0.152021,5.072
2026-01-04 23:00:00,1.60919,9.57851,0.114013,1.49518,0.088995,0.070655,0.172088,4.636
2026-01-05 00:00:00,0.722288,2.98466,0.02981,0.692478,0.035604,0.027357,0.079386,2.179
2026-01-05 01:00:00,0.482211,1.81282,0.019232,0.462979,0.043376,0.017778,0.129431,1.545
2026-01-05 02:00:00,0.013202,0.098528,0.000946,0.012256,0.004271,0.001443,0.014697,0.098
2026-01-05 03:00:00,0.002317,0.018684,0.00076,0.001557,0.007159,0.009771,0.02229,0.075
2026-01-05 04:00:00,0.022843,0.154346,0.006728,0.016115,0.004379,0.001088,0.014757,0.107
2026-01-05 05:00:00,0.00263,0.016858,0.001009,0.001621,0.003762,0.000415,0.014669,0.055
2026-01-05 06:00:00,0.008848,0.107901,0.001272,0.007576,0.013609,0.001743,0.024763,0.072
2026-01-05 07:00:00,0.141666,0.580598,0.0214,0.120266,0.030409,0.006139,0.058654,0.843
2026-01-05 08:00:00,0.184984,1.11436,0.038522,0.146462,0.031202,0.01153,0.066099,0.886
2026-01-05 09:00:00,0.180846,0.951815,0.065052,0.115794,0.042708,0.008412,0.076344,1.476
2026-01-05 10:00:00,0.395301,2.53398,0.047135,0.348166,0.063626,0.024831,0.134742,2.052
2026-01-05 11:00:00,0.402835,2.26311,0.032191,0.370644,0.04411,0.028747,0.089074,1.549
2026-01-05 12:00:00,0.488431,3.64501,0.034628,0.453803,0.052802,0.03762,0.102518,2.287
2026-01-05 13:00:00,0.379979,2.49986,0.02895,0.351029,0.053137,0.047242,0.118193,1.175
2026-01-05 14:00:00,0.355723,1.66225,0.06293,0.292793,0.050159,0.041621,0.096595,1.661
2026-01-05 15:00:00,0.437866,1.85536,0.052863,0.385003,0.06355,0.021912,0.112445,2.84
2026-01-05 16:00:00,0.274912,1.96365,0.048839,0.226073,0.059745,0.016238,0.108415,1.823
2026-01-05 17:00:00,0.422711,1.854,0.053756,0.368955,0.056526,0.022825,0.106046,2.236
2026-01-05 18:00:00,0.558904,2.32877,0.218308,0.340596,0.116853,0.077119,0.174184,2.397
2026-01-05 19:00:00,0.423013,1.13713,0.056574,0.366439,0.085835,0.06299,0.187104,3.041
2026-01-05 20:00:00,1.78255,6.1894,0.171768,1.61078,0.167265,0.09529,0.258477,5.618
2026-01-05 21:00:00,0.228446,1.03839,0.030162,0.198284,0.080635,0.074918,0.210734,1.357
2026-01-05 22:00:00,0.448913,2.33809,0.039638,0.409275,0.083577,0.091393,0.170353,2.713
2026-01-05 23:00:00,0.285781,2.01254,0.061594,0.224187,0.0224,0.022199,0.05184,1.18
2026-01-06 00:00:00,0.480343,3.29002,0.025003,0.45534,0.020846,0.025447,0.049237,0.966
2026-01-06 01:00:00,0.092908,0.553016,0.007645,0.085263,0.011573,0.004273,0.025717,0.266
2026-01-06 02:00:00,0.358922,1.85012,0.012611,0.346311,0.013669,0.014044,0.031769,0.644
2026-01-06 03:00:00,0.086714,0.677463,0.004234,0.08248,0.020305,0.004718,0.042045,0.29
2026-01-06 04:00:00,0.00467,0.040971,0.001884,0.002786,0.00348,0.002508,0.013917,0.117
2026-01-06 05:00:00,0.001539,0.013512,0.000808,0.000731,0.003507,0.000362,0.013693,0.052
2026-01-06 06:00:00,0.031871,0.209676,0.004155,0.027716,0.009327,0.00346,0.023732,0.313
2026-01-06 07:00:00,0.09601,0.452878,0.015934,0.080076,0.032153,0.008488,0.057945,0.822
2026-01-06 08:00:00,0.396929,2.15721,0.072165,0.324764,0.069302,0.018073,0.206557,1.812
2026-01-06 09:00:00,0.331732,2.04773,0.045819,0.285913,0.067238,0.017159,0.236928,1.876
2026-01-06 10:00:00,0.62203,5.27144,0.070068,0.551962,0.076305,0.039943,0.259532,2.925
2026-01-06 11:00:00,0.740464,6.73147,0.050706,0.689758,0.072303,0.054564,0.243014,2.856
2026-01-06 12:00:00,0.278087,2.31738,0.026928,0.251159,0.049247,0.075402,0.112643,1.248
2026-01-06 13:00:00,2.52623,16.8416,0.058017,2.46821,0.087748,0.083816,0.191042,2.938
2026-01-06 14:00:00,1.36717,8.43932,0.142468,1.2247,0.126636,0.055388,0.254131,5.889
2026-01-06 15:00:00,0.474185,1.91204,0.060996,0.413189,0.057172,0.044856,0.179212,2.185
2026-01-06 16:00:00,1.60808,7.44483,0.091805,1.51628,0.110398,0.062238,0.298109,4.147
2026-01-06 17:00:00,0.95523,4.63704,0.123003,0.832227,0.098078,0.108669,0.252561,3.017
2026-01-06 18:00:00,1.98049,7.1757,0.263412,1.71708,0.142869,0.219603,0.360337,3.286
2026-01-06 19:00:00,3.50582,8.76456,0.116197,3.38963,0.185038,0.255483,0.476731,5.582
2026-01-06 20:00:00,0.391435,1.54108,0.067125,0.32431,0.109338,0.232216,0.36358,1.865
2026-01-06 21:00:00,1.22916,4.32804,0.045707,1.18346,0.099925,0.080988,0.235916,2.334
2026-01-06 22:00:00,0.933221,7.17862,0.04481,0.888411,0.050392,0.042442,0.106695,1.785
2026-01-06 23:00:00,2.66125,21.121,0.039222,2.62203,0.055316,0.057736,0.128785,2.365
2026-01-07 00:00:00,1.45236,9.55502,0.046299,1.40606,0.028204,0.063685,0.088976,3.745
2026-01-07 01:00:00,0.296467,2.74507,0.020778,0.275689,0.019212,0.009136,0.037897,0.71
2026-01-07 02:00:00,0.647204,7.35458,0.02084,0.626364,0.011648,0.014363,0.032874,1.04
2026-01-07 03:00:00,0.040917,0.552933,0.028806,0.012111,0.005168,0.001368,0.016395,0.19
2026-01-07 04:00:00,0.011253,0.175851,0.003054,0.008199,0.005177,0.000818,0.016596,0.143
2026-01-07 05:00:00,0.019251,0.223853,0.003037,0.016214,0.006397,0.002045,0.018514,0.177
2026-01-07 06:00:00,0.035734,0.248149,0.003935,0.031799,0.011531,0.003728,0.028986,0.445
2026-01-07 07:00:00,0.236971,0.7011,0.022023,0.214948,0.03338,0.008242,0.062205,1.182
2026-01-07 08:00:00,0.666144,2.313,0.175452,0.490692,0.072741,0.040946,0.112597,1.978
2026-01-07 09:00:00,0.155238,0.982517,0.019288,0.13595,0.030731,0.012726,0.065798,0.888
2026-01-07 10:00:00,0.250232,1.34533,0.04346,0.206772,0.056238,0.018677,0.094075,2.56
2026-01-07 11:00:00,0.246704,1.46847,0.037042,0.209662,0.037565,0.015926,0.074888,1.391
2026-01-07 12:00:00,0.339899,1.49079,0.058086,0.281813,0.054016,0.021101,0.110181,2.574
2026-01-07 13:00:00,0.213539,1.50379,0.051662,0.161877,0.050045,0.014634,0.11916,1.806
2026-01-07 14:00:00,0.492044,4.03315,0.070814,0.42123,0.078432,0.02152,0.159186,4.559
2026-01-07 15:00:00,1.61382,10.9042,0.068841,1.54498,0.065373,0.036083,0.147569,3.812
2026-01-07 16:00:00,0.515688,3.58116,0.095291,0.420397,0.065932,0.035853,0.132306,2.667
2026-01-07 17:00:00,0.377461,1.71573,0.046318,0.331143,0.075484,0.030361,0.140565,2.659
2026-01-07 18:00:00,0.642497,2.97452,0.096128,0.546369,0.110571,0.064623,0.210494,5.007
2026-01-07 19:00:00,0.833266,4.08463,0.08465,0.748616,0.146838,0.092271,0.196303,3.277
2026-01-07 20:00:00,0.841954,3.89794,0.1099,0.732054,0.116609,0.097743,0.228928,4.491
2026-01-07 21:00:00,0.552824,3.00447,0.082599,0.470225,0.091996,0.066819,0.219804,2.602
2026-01-07 22:00:00,0.281409,1.59891,0.058023,0.223386,0.054702,0.052528,0.156608,1.114
2026-01-07 23:00:00,0.127583,1.32899,0.017754,0.109829,0.025646,0.023737,0.064237,0.611
2026-01-08 00:00:00,0.048072,0.387675,0.011851,0.036221,0.025775,0.04206,0.095062,0.999
2026-01-08 01:00:00,0.09609,1.06765,0.016028,0.080062,0.013631,0.004439,0.030942,0.39
2026-01-08 02:00:00,2.49266,25.4353,0.071198,2.42146,0.023171,0.039097,0.049117,1.519
2026-01-08 03:00:00,0.197833,1.90224,0.009806,0.188027,0.014446,0.005047,0.033944,0.45
2026-01-08 04:00:00,0.135564,1.16865,0.007453,0.128111,0.034335,0.00491,0.055402,0.821
2026-01-08 05:00:00,0.231328,1.70095,0.003673,0.227655,0.02271,0.003878,0.043011,0.465
2026-01-08 06:00:00,0.019206,0.160056,0.00456,0.014646,0.030848,0.001302,0.053393,0.615
2026-01-08 07:00:00,0.342996,1.92695,0.035824,0.307172,0.069154,0.02496,0.120021,1.792
2026-01-08 08:00:00,0.288916,1.90076,0.04502,0.243896,0.076232,0.015557,0.176699,2.024
2026-01-08 09:00:00,0.451331,3.22379,0.044537,0.406794,0.097869,0.024995,0.308754,2.683
2026-01-08 10:00:00,0.692684,5.87021,0.043512,0.649172,0.056368,0.034052,0.125731,2.304
2026-01-08 11:00:00,0.296067,1.52611,0.023433,0.272634,0.041872,0.017414,0.141789,1.358
2026-01-08 12:00:00,1.10858,6.02488,0.447713,0.660865,0.056955,0.035492,0.089897,2.304
2026-01-08 13:00:00,0.493453,3.08408,0.040065,0.453388,0.055108,0.024005,0.127392,2.79
2026-01-08 14:00:00,0.82678,4.54274,0.053386,0.773394,0.045838,0.030573,0.10188,2.672
2026-01-08 15:00:00,0.53866,2.22587,0.143889,0.394771,0.055931,0.01664,0.098248,2.39
2026-01-08 16:00:00,0.429058,2.89904,0.046672,0.382386,0.027552,0.034887,0.070206,1.419
2026-01-08 17:00:00,0.675147,2.96117,0.065488,0.609659,0.067537,0.058501,0.14351,2.211
2026-01-08 18:00:00,0.775626,3.0063,0.118746,0.65688,0.077667,0.05915,0.148443,2.757
2026-01-08 19:00:00,0.556598,1.57231,0.140826,0.415772,0.090048,0.063413,0.172996,1.969
2026-01-08 20:00:00,0.917077,3.85327,0.105838,0.811239,0.098545,0.052122,0.173735,3.762
2026-01-08 21:00:00,0.397354,1.16869,0.110621,0.286733,0.095703,0.047686,0.153351,1.952
2026-01-08 22:00:00,0.129718,0.518868,0.020418,0.1093,0.071645,0.04144,0.115658,1.067
2026-01-08 23:00:00,0.76944,4.27467,0.06012,0.70932,0.04521,0.032164,0.076533,1.843
2026-01-09 00:00:00,1.0822,3.12773,0.057122,1.02507,0.071776,0.041434,0.121773,4.194
2026-01-09 01:00:00,0.488326,0.69562,0.019277,0.469049,0.024669,0.014394,0.05289,1.282
2026-01-09 02:00:00,0.020568,0.031742,0.004179,0.016389,0.018225,0.005765,0.037793,0.322
2026-01-09 03:00:00,0.005489,0.010128,0.003071,0.002418,0.015135,0.001583,0.03299,0.422
2026-01-09 04:00:00,0.003486,0.007116,0.002061,0.001425,0.01162,0.001607,0.028139,0.257
2026-01-09 05:00:00,0.01715,0.117462,0.000986,0.016164,0.004574,0.001378,0.01641,0.091
2026-01-09 06:00:00,0.014415,0.110891,0.001733,0.012682,0.007233,0.001362,0.020319,0.168
2026-01-09 07:00:00,0.282147,1.34356,0.038834,0.243313,0.032288,0.009101,0.064944,1.314
2026-01-09 08:00:00,0.677103,3.16403,0.066498,0.610605,0.059055,0.040711,0.159223,2.75
2026-01-09 09:00:00,0.68691,4.64128,0.061833,0.625077,0.07148,0.037862,0.257987,3.336
2026-01-09 10:00:00,0.757111,3.53791,0.08803,0.669081,0.082708,0.035321,0.228531,2.899
2026-01-09 11:00:00,0.570667,2.59395,0.118889,0.451778,0.057773,0.030311,0.133325,2.977
2026-01-09 12:00:00,0.985543,4.32256,0.119452,0.866091,0.052403,0.039851,0.109676,3.355
2026-01-09 13:00:00,0.777111,4.98148,0.18261,0.594501,0.077641,0.039908,0.172094,3.913
2026-01-09 14:00:00,0.39321,2.62139,0.040826,0.352384,0.04391,0.019524,0.102413,1.934
2026-01-09 15:00:00,0.692681,5.24759,0.049527,0.643154,0.040395,0.027893,0.105746,2.329
2026-01-09 16:00:00,1.04641,4.75642,0.283283,0.76313,0.086471,0.042248,0.197219,5.281
2026-01-09 17:00:00,0.757013,2.91159,0.086336,0.670677,0.059022,0.036443,0.164907,3.957
2026-01-09 18:00:00,0.287108,1.23753,0.055593,0.231515,0.039201,0.017859,0.085869,1.501
2026-01-09 19:00:00,0.821217,4.18987,0.082491,0.738726,0.080028,0.037145,0.132568,3.151
2026-01-09 20:00:00,0.431946,2.29759,0.067476,0.36447,0.085249,0.038962,0.132284,2.803
2026-01-09 21:00:00,0.245533,1.4111,0.057734,0.187799,0.088698,0.059394,0.165761,3.244
2026-01-09 22:00:00,1.42424,6.24667,1.12708,0.297162,0.130617,0.038241,0.15676,3.819
2026-01-09 23:00:00,2.24035,7.88856,1.80019,0.440164,0.160466,0.049227,0.186484,4.653
2026-01-10 00:00:00,1.83319,2.83775,1.51727,0.315913,0.134705,0.023755,0.16239,4.092
2026-01-10 01:00:00,0.43689,0.684781,0.321652,0.115238,0.054654,0.004869,0.071219,0.949
2026-01-10 02:00:00,0.146454,0.203407,0.010519,0.135935,0.027249,0.006078,0.051524,0.702
2026-01-10 03:00:00,0.040757,0.175684,0.005567,0.03519,0.010648,0.001309,0.025029,0.265
2026-01-10 04:00:00,0.12295,0.661033,0.008519,0.114431,0.007207,0.003043,0.020222,0.271
2026-01-10 05:00:00,0.004051,0.024707,0.001889,0.002162,0.00383,0.000188,0.014844,0.057
2026-01-10 06:00:00,0.012752,0.053128,0.002759,0.009993,0.008314,0.000678,0.023135,0.167
2026-01-10 07:00:00,0.203777,1.30625,0.013554,0.190223,0.015979,0.00747,0.037925,0.624
2026-01-10 08:00:00,0.167842,0.922205,0.029317,0.138525,0.030793,0.011097,0.067407,0.973
2026-01-10 09:00:00,0.307771,1.67266,0.020402,0.287369,0.038094,0.012411,0.077936,1.449
2026-01-10 10:00:00,0.248854,1.13116,0.028458,0.220396,0.031215,0.012373,0.069512,1.132
2026-01-10 11:00:00,0.351787,1.77671,0.087726,0.264061,0.115773,0.046383,0.174339,2.746
2026-01-10 12:00:00,0.862596,3.53523,0.061671,0.800925,0.07873,0.059663,0.152884,3.473
2026-01-10 13:00:00,0.539846,2.3887,0.063331,0.476515,0.049493,0.024061,0.09389,1.66
2026-01-10 14:00:00,0.395918,2.15173,0.031609,0.364309,0.040754,0.014483,0.087192,1.321
2026-01-10 15:00:00,0.55303,3.45644,0.052677,0.500353,0.036016,0.032165,0.079059,1.876
2026-01-10 16:00:00,1.01594,4.88432,0.052464,0.963476,0.054065,0.050516,0.132379,2.827
2026-01-10 17:00:00,1.05017,6.64665,0.120157,0.930013,0.07569,0.05273,0.153736,3.923
2026-01-10 18:00:00,0.761299,2.37906,0.09244,0.668859,0.114759,0.088756,0.238682,3.234
2026-01-10 19:00:00,2.28361,9.67633,1.25691,1.02671,0.161683,0.093236,0.220164,4.436
2026-01-10 20:00:00,1.49192,7.03738,0.494648,0.997275,0.169038,0.100583,0.275514,4.919
2026-01-10 21:00:00,0.550918,2.3953,0.158525,0.392393,0.089519,0.031712,0.139851,2.774
2026-01-10 22:00:00,0.406935,2.01453,0.075485,0.33145,0.070785,0.04574,0.116038,1.777
2026-01-10 23:00:00,0.405697,2.93982,0.044231,0.361466,0.053543,0.044718,0.113275,1.796
2026-01-11 00:00:00,0.29302,1.95347,0.038614,0.254406,0.060509,0.01595,0.098971,2.881
2026-01-11 01:00:00,0.397024,5.224,0.021158,0.375866,0.028625,0.00949,0.048607,0.821
2026-01-11 02:00:00,0.551075,5.62321,0.018459,0.532616,0.019018,0.013295,0.038198,0.702
2026-01-11 03:00:00,0.063005,0.431542,0.012112,0.050893,0.014368,0.003715,0.027455,0.336
2026-01-11 04:00:00,0.456856,3.40938,0.010761,0.446095,0.008029,0.015861,0.028801,0.76
2026-01-11 05:00:00,0.045855,0.375855,0.001937,0.043918,0.005695,0.002654,0.017269,0.151
2026-01-11 06:00:00,0.028163,0.361046,0.001949,0.026214,0.003885,0.001605,0.015509,0.088
2026-01-11 07:00:00,0.240919,1.72085,0.035822,0.205097,0.01985,0.008027,0.042028,0.6
2026-01-11 08:00:00,0.59441,3.9106,0.020816,0.573594,0.0332,0.024162,0.070604,1.704
2026-01-11 09:00:00,0.685823,4.03424,0.069823,0.616,0.032728,0.030003,0.077151,1.131
2026-01-11 10:00:00,0.690663,3.32049,0.037604,0.653059,0.049742,0.041336,0.11709,2.191
2026-01-11 11:00:00,0.803434,3.68548,0.086492,0.716942,0.077876,0.047539,0.149468,2.467
2026-01-11 12:00:00,1.06686,5.49929,0.289158,0.777704,0.124153,0.097154,0.254234,3.804
2026-01-11 13:00:00,0.482395,2.4612,0.102158,0.380237,0.084865,0.040287,0.168431,2.664
2026-01-11 14:00:00,0.531992,3.09298,0.040637,0.491355,0.058028,0.029147,0.101617,1.803
2026-01-11 15:00:00,0.942799,5.1239,0.116536,0.826263,0.067022,0.046669,0.127652,2.835
2026-01-11 16:00:00,0.418635,2.01267,0.038453,0.380182,0.065565,0.026688,0.117387,1.504
2026-01-11 17:00:00,0.479063,1.91626,0.104959,0.374104,0.056632,0.01817,0.110465,2.27
2026-01-11 18:00:00,0.423999,1.68253,0.076637,0.347362,0.076726,0.029577,0.129426,2.26
2026-01-11 19:00:00,1.09579,5.26823,0.139621,0.956171,0.091105,0.093039,0.167641,4.109
2026-01-11 20:00:00,2.76085,11.1325,0.262157,2.4987,0.150676,0.139707,0.287747,6.731
2026-01-11 21:00:00,1.04593,4.58741,0.115449,0.930479,0.081547,0.076022,0.146926,3.535
2026-01-11 22:00:00,1.19307,7.36464,0.054913,1.13816,0.047013,0.054372,0.102696,3.283
2026-01-11 23:00:00,1.22806,8.41136,0.139059,1.089,0.07257,0.062575,0.208298,4.561
2026-01-12 00:00:00,1.82673,12.6856,0.098739,1.72799,0.07952,0.07086,0.198975,6.308
2026-01-12 01:00:00,1.55633,10.9601,0.078632,1.4777,0.056355,0.045706,0.157737,5.54
2026-01-12 02:00:00,0.684573,5.26595,0.070871,0.613702,0.020387,0.026514,0.098181,2.086
2026-01-12 03:00:00,0.047491,0.402468,0.031439,0.016052,0.024824,0.002728,0.069626,0.886
2026-01-12 04:00:00,0.035969,0.304825,0.02765,0.008319,0.003326,0.00104,0.044778,0.613
2026-01-12 05:00:00,0.037096,0.331219,0.01263,0.024466,0.006015,0.002066,0.01755,0.174
2026-01-12 06:00:00,0.049307,0.397639,0.017524,0.031783,0.008861,0.001905,0.023187,0.265
2026-01-12 07:00:00,0.335072,1.74517,0.027151,0.307921,0.029007,0.012581,0.059201,1.103
2026-01-12 08:00:00,0.610132,2.19472,0.208365,0.401767,0.097556,0.021312,0.145529,2.565
2026-01-12 09:00:00,0.239055,1.4941,0.019729,0.219326,0.031518,0.015544,0.069433,1.162
2026-01-12 10:00:00,0.534954,2.21055,0.193526,0.341428,0.047093,0.022503,0.090478,2.161
2026-01-12 11:00:00,0.947245,3.70018,0.090568,0.856677,0.092723,0.109677,0.209762,2.837
2026-01-12 12:00:00,1.30504,5.01937,0.071486,1.23355,0.100537,0.118438,0.225208,2.984
2026-01-12 13:00:00,1.45208,7.97844,0.095144,1.35693,0.085637,0.085632,0.227085,4.11
2026-01-12 14:00:00,0.354147,1.98959,0.070834,0.283313,0.057777,0.027795,0.116176,1.705
2026-01-12 15:00:00,0.23957,2.30356,0.022934,0.216636,0.043999,0.017547,0.094945,1.594
2026-01-12 16:00:00,0.73094,3.6547,0.127972,0.602968,0.054777,0.029116,0.10395,2.349
2026-01-12 17:00:00,0.596242,2.92275,0.182038,0.414204,0.086989,0.032381,0.156772,3.929
2026-01-12 18:00:00,0.814118,3.76907,0.170194,0.643924,0.067687,0.027509,0.129707,3.296
2026-01-12 19:00:00,0.714286,3.43407,0.323229,0.391057,0.185013,0.065089,0.311855,5.574
2026-01-12 20:00:00,0.61501,4.73085,0.276027,0.338983,0.136222,0.046586,0.24029,6.002
2026-01-12 21:00:00,1.12601,7.50676,0.093478,1.03253,0.101456,0.079021,0.207809,5.717
2026-01-12 22:00:00,1.60146,9.88558,0.144227,1.45724,0.092608,0.091676,0.251865,6.577
2026-01-12 23:00:00,1.10562,5.41971,0.069613,1.03601,0.087824,0.054633,0.157756,4.062
2026-01-13 00:00:00,0.538469,4.07931,0.123942,0.414527,0.081505,0.02958,0.117756,2.379
2026-01-13 01:00:00,0.570483,4.91797,0.028742,0.541741,0.03442,0.023524,0.070499,2.045
2026-01-13 02:00:00,0.043468,0.443563,0.00326,0.040208,0.007304,0.006146,0.02188,0.226
2026-01-13 03:00:00,0.016168,0.112286,0.006895,0.009273,0.012426,0.006016,0.027135,0.221
2026-01-13 04:00:00,0.019978,0.151343,0.002475,0.017503,0.007456,0.001363,0.020526,0.169
2026-01-13 05:00:00,0.072656,0.726556,0.00415,0.068506,0.005059,0.003154,0.018256,0.176
2026-01-13 06:00:00,0.086148,0.957209,0.010135,0.076013,0.010781,0.004058,0.027994,0.424
2026-01-13 07:00:00,0.095145,0.517095,0.027717,0.067428,0.033796,0.004665,0.057891,0.915
2026-01-13 08:00:00,0.627436,3.56498,0.189208,0.438228,0.058497,0.024679,0.097127,2.155
2026-01-13 09:00:00,0.505852,2.7794,0.027673,0.478179,0.033793,0.039777,0.094916,1.468
2026-01-13 10:00:00,0.173162,1.06891,0.037746,0.135416,0.044246,0.035929,0.108522,1.015
2026-01-13 11:00:00,1.13625,4.98356,0.177933,0.958319,0.120693,0.06101,0.235282,4.044
2026-01-13 12:00:00,0.775805,4.04065,0.069589,0.706216,0.064629,0.083536,0.160339,2.172
2026-01-13 13:00:00,0.487464,2.67838,0.05222,0.435244,0.074111,0.038925,0.142164,1.628
2026-01-13 14:00:00,0.700511,4.73318,0.143762,0.556749,0.081467,0.032781,0.209371,2.848
2026-01-13 15:00:00,1.04987,4.8605,0.063486,0.986382,0.129667,0.028315,0.330334,2.757
2026-01-13 16:00:00,0.618793,3.22288,0.083756,0.535037,0.111805,0.046513,0.337234,5.062
2026-01-13 17:00:00,1.02452,4.13112,0.140028,0.88449,0.090262,0.042419,0.273762,3.426
2026-01-13 18:00:00,0.871646,3.54327,0.114742,0.756904,0.068564,0.047715,0.138491,3.255
2026-01-13 19:00:00,0.338258,1.24359,0.043757,0.294501,0.083221,0.023974,0.135945,2.065
2026-01-13 20:00:00,1.126,4.02141,0.122199,1.0038,0.113941,0.068811,0.168307,3.473
2026-01-13 21:00:00,0.407649,2.01807,0.058102,0.349547,0.108156,0.039161,0.158713,2.089
2026-01-13 22:00:00,1.17408,4.28497,0.079486,1.09459,0.066837,0.051472,0.155612,2.596
2026-01-13 23:00:00,0.685608,2.50222,0.042566,0.643042,0.051787,0.034196,0.099428,2.505
2026-01-14 00:00:00,0.332945,1.6987,0.012645,0.3203,0.015501,0.016191,0.044971,0.749
2026-01-14 01:00:00,0.138274,0.81337,0.009782,0.128492,0.009876,0.005813,0.024879,0.408
2026-01-14 02:00:00,0.223399,1.66716,0.010628,0.212771,0.010932,0.006386,0.027601,0.511
2026-01-14 03:00:00,0.310286,2.18511,0.012147,0.298139,0.017184,0.010518,0.03488,0.769
2026-01-14 04:00:00,0.000155,0.001145,8.5e-05,7e-05,0.002724,0.000433,0.01232,0.042
2026-01-14 05:00:00,0.023753,0.215933,0.000885,0.022868,0.017856,0.001237,0.032861,0.178
2026-01-14 06:00:00,0.035504,0.322755,0.003163,0.032341,0.006139,0.001658,0.019382,0.154
2026-01-14 07:00:00,0.402843,2.12023,0.048492,0.354351,0.041477,0.015036,0.072776,1.331
2026-01-14 08:00:00,0.93761,4.98729,0.091859,0.845751,0.060826,0.03898,0.120139,2.812
2026-01-14 09:00:00,0.125488,0.995941,0.020154,0.105334,0.034347,0.009288,0.067604,0.941
2026-01-14 10:00:00,2.19551,15.2466,0.071799,2.12371,0.079649,0.060712,0.171794,3.649
2026-01-14 11:00:00,0.746842,3.36415,0.080756,0.666086,0.076799,0.038711,0.147309,3.237
2026-01-14 12:00:00,0.802414,4.0526,0.088289,0.714125,0.075421,0.046546,0.149482,2.506
2026-01-14 13:00:00,3.56315,18.1793,3.2933,0.269846,0.195171,0.026882,0.134962,2.73
2026-01-14 14:00:00,1.09909,5.72442,0.977469,0.12162,0.08372,0.019282,0.096971,1.349
2026-01-14 15:00:00,0.348747,2.52715,0.019139,0.329608,0.033164,0.01891,0.087596,1.034
2026-01-14 16:00:00,0.936167,5.20093,0.175348,0.760819,0.059095,0.035669,0.093779,2.239
2026-01-14 17:00:00,0.450731,2.29965,0.113511,0.33722,0.061176,0.05389,0.139624,1.982
2026-01-14 18:00:00,0.888266,3.49711,0.074885,0.813381,0.048828,0.049426,0.124112,3.067
2026-01-14 19:00:00,0.65234,2.67352,0.07256,0.57978,0.074697,0.136,0.179591,2.669
2026-01-14 20:00:00,0.223681,0.972519,0.029542,0.194139,0.060736,0.063247,0.137579,1.484
2026-01-14 21:00:00,0.509715,2.60059,0.157624,0.352091,0.074525,0.052532,0.134888,1.746
2026-01-14 22:00:00,1.03555,7.2926,0.062952,0.972598,0.090199,0.056376,0.160526,4.41
2026-01-14 23:00:00,2.28715,17.8683,1.28836,0.998787,0.117987,0.063793,0.160173,7.204
2026-01-15 00:00:00,1.75581,17.2139,1.53135,0.224468,0.085163,0.019199,0.086173,4.309
2026-01-15 01:00:00,2.22104,20.9532,1.82251,0.398534,0.086606,0.020033,0.080154,2.158
2026-01-15 02:00:00,0.165262,1.35459,0.009346,0.155916,0.011311,0.005478,0.029999,0.465
2026-01-15 03:00:00,0.261531,3.18941,0.008509,0.253022,0.01036,0.008171,0.027324,0.38
2026-01-15 04:00:00,0.003584,0.044796,0.001818,0.001766,0.003802,0.001434,0.014457,0.185
2026-01-15 05:00:00,0.040885,0.757125,0.006642,0.034243,0.005069,0.002263,0.020602,0.546
2026-01-15 06:00:00,0.041692,0.434288,0.003257,0.038435,0.00603,0.003143,0.023838,0.324
2026-01-15 07:00:00,0.173015,1.12346,0.017202,0.155813,0.027283,0.008827,0.059262,0.951
2026-01-15 08:00:00,0.317901,2.1774,0.043268,0.274633,0.040279,0.017317,0.092893,2.684
2026-01-15 09:00:00,0.322443,2.60035,0.041358,0.281085,0.030551,0.017741,0.068887,1.239
2026-01-15 10:00:00,0.479852,4.3623,0.047896,0.431956,0.053443,0.025943,0.112595,1.96
2026-01-15 11:00:00,0.464891,3.14116,0.150646,0.314245,0.050914,0.025852,0.10902,1.534
2026-01-15 12:00:00,0.637991,5.59641,0.075934,0.562057,0.058009,0.045978,0.131401,2.395
2026-01-15 13:00:00,0.201989,1.38349,0.029206,0.172783,0.04621,0.018851,0.129527,1.361
2026-01-15 14:00:00,0.254323,2.49337,0.025765,0.228558,0.041781,0.01751,0.105286,1.089
2026-01-15 15:00:00,0.566001,6.90246,0.084739,0.481262,0.035238,0.021006,0.078051,2.216
2026-01-15 16:00:00,0.245486,2.36044,0.066159,0.179327,0.052967,0.018311,0.088228,1.156
2026-01-15 17:00:00,0.503074,2.46605,0.050956,0.452118,0.042764,0.02465,0.088765,2.728
2026-01-15 18:00:00,1.94108,5.88204,0.152724,1.78835,0.074541,0.07477,0.155962,5.735
2026-01-15 19:00:00,1.29472,5.99406,0.166596,1.12812,0.077535,0.064564,0.149262,4.636
2026-01-15 20:00:00,0.580605,2.68799,0.068702,0.511903,0.069992,0.026873,0.12579,2.258
2026-01-15 21:00:00,0.524724,2.08223,0.06807,0.456654,0.061712,0.106715,0.136658,1.836
2026-01-15 22:00:00,0.332272,1.97781,0.027712,0.30456,0.055729,0.037551,0.120482,1.576
2026-01-15 23:00:00,0.277765,1.98402,0.033831,0.243934,0.033042,0.020038,0.064795,1.011
2026-01-16 00:00:00,0.601537,4.6272,0.060363,0.541174,0.03789,0.022365,0.075789,1.921
2026-01-16 01:00:00,1.54352,13.3062,0.140189,1.40333,0.031946,0.044333,0.077749,2.82
2026-01-16 02:00:00,0.390759,5.74645,0.033057,0.357702,0.009148,0.008389,0.026217,0.763
2026-01-16 03:00:00,4.51022,90.2045,0.093282,4.41694,0.060453,0.05425,0.102131,5.236
2026-01-16 04:00:00,0.184454,3.6891,0.00589,0.178564,0.017973,0.007416,0.030741,1.231
2026-01-16 05:00:00,0.085457,2.13642,0.002448,0.083009,0.004447,0.004946,0.015649,0.193
2026-01-16 06:00:00,0.039237,0.613071,0.006484,0.032753,0.010164,0.001367,0.025933,0.366
2026-01-16 07:00:00,0.335527,3.28948,0.048645,0.286882,0.035009,0.015003,0.060146,1.014
2026-01-16 08:00:00,0.236099,1.68642,0.042534,0.193565,0.042055,0.012672,0.084902,1.263
2026-01-16 09:00:00,0.048319,0.652971,0.007492,0.040827,0.020211,0.004965,0.048632,0.743
2026-01-16 10:00:00,0.103445,0.87665,0.013332,0.090113,0.029687,0.018662,0.064183,1.057
2026-01-16 11:00:00,0.177494,1.64346,0.031664,0.14583,0.052179,0.015275,0.094895,1.673
2026-01-16 12:00:00,0.284585,3.23392,0.043811,0.240774,0.069982,0.024372,0.104891,1.371
2026-01-16 13:00:00,0.598389,8.54842,0.452242,0.146147,0.089966,0.019178,0.088958,1.537
2026-01-16 14:00:00,0.16061,1.82512,0.015896,0.144714,0.032481,0.014186,0.062701,0.738
2026-01-16 15:00:00,0.109353,1.24264,0.013918,0.095435,0.022375,0.008278,0.052546,0.844
2026-01-16 16:00:00,0.648111,4.62936,0.040449,0.607662,0.0288,0.019076,0.068873,1.44
2026-01-16 17:00:00,0.622982,4.32626,0.055094,0.567888,0.073408,0.023,0.10807,2.01
2026-01-16 18:00:00,0.623584,3.66814,0.062936,0.560648,0.070871,0.042185,0.120923,3.275
2026-01-16 19:00:00,0.70671,2.1812,0.091229,0.615481,0.154174,0.060013,0.226831,4.23
2026-01-16 20:00:00,0.723215,2.80316,0.110971,0.612244,0.084649,0.036067,0.143004,2.571
2026-01-16 21:00:00,0.522837,1.81541,0.075534,0.447303,0.057772,0.026962,0.107496,2.172
2026-01-16 22:00:00,0.107206,0.837537,0.036473,0.070733,0.044117,0.022651,0.078908,1.708
2026-01-16 23:00:00,0.454737,3.34364,0.034879,0.419858,0.054078,0.037848,0.111922,2.343
2026-01-17 00:00:00,0.479619,3.9313,0.073708,0.405911,0.032058,0.029665,0.064915,1.387
2026-01-17 01:00:00,0.411703,4.57447,0.080126,0.331577,0.043657,0.018092,0.07717,3.006
2026-01-17 02:00:00,0.094532,0.859381,0.00692,0.087612,0.056982,0.011077,0.127312,1.247
2026-01-17 03:00:00,0.110539,0.969643,0.018549,0.09199,0.029494,0.007541,0.061729,1.686
2026-01-17 04:00:00,0.006676,0.046351,0.00116,0.005516,0.011329,0.001212,0.029608,0.313
2026-01-17 05:00:00,0.081451,0.969669,0.003293,0.078158,0.002907,0.002732,0.018714,0.187
2026-01-17 06:00:00,0.009579,0.145124,0.000678,0.008901,0.002939,0.001758,0.014449,0.05
2026-01-17 07:00:00,0.159765,1.35395,0.05082,0.108945,0.025298,0.00429,0.045408,0.805
2026-01-17 08:00:00,1.22761,5.4319,0.072215,1.15539,0.057344,0.026929,0.10937,3.048
2026-01-17 09:00:00,0.377071,2.07182,0.064011,0.31306,0.049387,0.014729,0.10638,1.723
2026-01-17 10:00:00,0.265289,1.23967,0.041717,0.223572,0.051885,0.019377,0.119033,1.891
2026-01-17 11:00:00,0.42891,1.88118,0.135108,0.293802,0.082599,0.021448,0.167694,3.259
2026-01-17 12:00:00,0.505369,2.74656,0.078139,0.42723,0.060448,0.022631,0.133056,3.278
2026-01-17 13:00:00,0.726741,4.17667,0.069054,0.657687,0.053554,0.029388,0.121021,2.676
2026-01-17 14:00:00,0.498994,3.41776,0.065795,0.433199,0.054953,0.022725,0.109743,2.174
2026-01-17 15:00:00,0.230547,2.09589,0.057168,0.173379,0.038461,0.010206,0.09066,1.917
2026-01-17 16:00:00,0.336422,2.33626,0.040273,0.296149,0.052824,0.028879,0.124132,2.272
2026-01-17 17:00:00,0.8163,4.97744,0.140336,0.675964,0.050048,0.031899,0.120245,3.407
2026-01-17 18:00:00,0.450859,3.22042,0.072825,0.378034,0.060681,0.028464,0.137616,2.95
2026-01-17 19:00:00,1.05892,6.01659,0.157438,0.901483,0.089901,0.052447,0.196276,4.76
2026-01-17 20:00:00,0.375739,1.97757,0.087128,0.288611,0.071819,0.027718,0.194615,3.933
2026-01-17 21:00:00,0.489003,3.88098,0.121335,0.367668,0.074532,0.025208,0.137555,4.186
2026-01-17 22:00:00,0.529179,3.14988,0.098207,0.430972,0.093321,0.029092,0.139986,3.784
2026-01-17 23:00:00,1.76274,10.2485,0.09593,1.66681,0.07132,0.074918,0.164616,3.355
2026-01-18 00:00:00,1.53658,14.2276,0.083754,1.45283,0.048447,0.061802,0.155296,4.43
2026-01-18 01:00:00,0.26122,1.74147,0.008792,0.252428,0.030714,0.014458,0.064499,0.763
2026-01-18 02:00:00,0.018467,0.078255,0.002919,0.015548,0.011659,0.003104,0.030118,0.224
2026-01-18 03:00:00,0.229503,0.972471,0.006267,0.223236,0.008577,0.009324,0.026335,0.384
2026-01-18 04:00:00,0.135406,0.690847,0.009264,0.126142,0.010186,0.00655,0.024558,0.3
2026-01-18 05:00:00,0.003988,0.030678,0.00067,0.003318,0.007264,0.00055,0.01985,0.171
2026-01-18 06:00:00,0.005311,0.041498,0.001666,0.003645,0.013961,0.001189,0.028893,0.394
2026-01-18 07:00:00,0.049109,0.206342,0.008094,0.041015,0.027005,0.003021,0.048121,0.615
2026-01-18 08:00:00,0.184163,1.13681,0.051076,0.133087,0.028495,0.00617,0.054748,1.141
2026-01-18 09:00:00,0.282775,2.43773,0.028612,0.254163,0.033697,0.028102,0.079195,1.164
2026-01-18 10:00:00,1.21358,6.81785,0.104314,1.10926,0.057886,0.067148,0.144539,3.211
2026-01-18 11:00:00,0.292469,1.52328,0.033395,0.259074,0.057092,0.046615,0.112371,1.705
2026-01-18 12:00:00,0.3517,1.93242,0.042265,0.309435,0.059478,0.071077,0.14601,1.788
2026-01-18 13:00:00,0.563305,2.6571,0.096228,0.467077,0.068496,0.042954,0.159639,2.534
2026-01-18 14:00:00,2.69881,9.30625,0.11775,2.58106,0.107509,0.090549,0.210359,5.545
2026-01-18 15:00:00,0.595055,2.254,0.056502,0.538553,0.048669,0.048477,0.133702,1.672
2026-01-18 16:00:00,0.980044,3.31096,0.114312,0.865732,0.056814,0.056298,0.128641,2.631
2026-01-18 17:00:00,0.984826,3.17686,0.071536,0.91329,0.051506,0.052009,0.128837,3.306
2026-01-18 18:00:00,0.649956,1.91163,0.092741,0.557215,0.072268,0.030078,0.137965,2.636
2026-01-18 19:00:00,0.617886,2.41361,0.15675,0.461136,0.075676,0.029439,0.109289,2.729
2026-01-18 20:00:00,0.268667,0.973427,0.058373,0.210294,0.061355,0.023648,0.093361,1.663
2026-01-18 21:00:00,0.764518,3.05807,0.143345,0.621173,0.05214,0.05035,0.101675,1.981
2026-01-18 22:00:00,0.550295,3.09154,0.079594,0.470701,0.04184,0.047842,0.100542,2.423
2026-01-18 23:00:00,0.377863,2.27628,0.041438,0.336425,0.063341,0.020447,0.091214,1.638
2026-01-19 00:00:00,0.157375,0.904449,0.029056,0.128319,0.070192,0.017134,0.09286,2.431
2026-01-19 01:00:00,0.312737,3.90922,0.030719,0.282018,0.048396,0.011795,0.06417,1.607
2026-01-19 02:00:00,0.099774,1.01811,0.055925,0.043849,0.042581,0.005622,0.053123,0.977
2026-01-19 03:00:00,0.064725,0.610608,0.051719,0.013006,0.046043,0.008699,0.062141,0.988
2026-01-19 04:00:00,0.029806,0.201391,0.019488,0.010318,0.0154,0.002915,0.027304,0.365
2026-01-19 05:00:00,0.002267,0.015527,0.000975,0.001292,0.008765,0.000664,0.021121,0.144
2026-01-19 06:00:00,0.845614,5.49101,0.028078,0.817536,0.022265,0.01822,0.057191,1.715
2026-01-19 07:00:00,0.473073,2.65772,0.038111,0.434962,0.033221,0.011282,0.06191,1.364
2026-01-19 08:00:00,0.506394,1.6768,0.042439,0.463955,0.048766,0.016751,0.086482,1.49
2026-01-19 09:00:00,0.156666,1.15194,0.081024,0.075642,0.083876,0.011697,0.125349,3.417
2026-01-19 10:00:00,0.307403,0.839896,0.089655,0.217748,0.049617,0.011528,0.083671,1.637
2026-01-19 11:00:00,0.70793,1.22904,0.254055,0.453875,0.084451,0.043306,0.162975,3.029
2026-01-19 12:00:00,0.340159,0.872204,0.044879,0.29528,0.075465,0.046581,0.155844,1.612
2026-01-19 13:00:00,0.369254,1.67842,0.039535,0.329719,0.054113,0.021568,0.113583,1.759
2026-01-19 14:00:00,0.561797,4.68165,0.117744,0.444053,0.050651,0.024411,0.095552,1.495
2026-01-19 15:00:00,0.640031,3.72111,0.062843,0.577188,0.058759,0.021778,0.124927,2.394
2026-01-19 16:00:00,0.67167,3.35836,0.109842,0.561828,0.054766,0.033928,0.103082,1.701
2026-01-19 17:00:00,0.828532,3.90817,0.13159,0.696942,0.074354,0.040216,0.142526,3.063
2026-01-19 18:00:00,0.622117,2.57073,0.059741,0.562376,0.082168,0.044704,0.160212,2.371
2026-01-19 19:00:00,0.749695,3.43897,0.086488,0.663207,0.076652,0.031907,0.143318,2.953
2026-01-19 20:00:00,0.559769,1.71708,0.175104,0.384665,0.091069,0.033691,0.150016,3.204
2026-01-19 21:00:00,0.71059,2.24871,0.181474,0.529116,0.101065,0.047035,0.176985,2.835
2026-01-19 22:00:00,1.04856,3.7718,0.056252,0.992311,0.080968,0.066584,0.133296,2.89
2026-01-19 23:00:00,0.61301,2.81197,0.073852,0.539158,0.081419,0.061437,0.169179,2.78
2026-01-20 00:00:00,0.75923,3.54781,0.045243,0.713987,0.079482,0.027858,0.148267,5.122
2026-01-20 01:00:00,0.068876,0.465383,0.013188,0.055688,0.052876,0.006544,0.073082,1.922
2026-01-20 02:00:00,0.045098,0.609443,0.012196,0.032902,0.030569,0.001864,0.042486,0.678
2026-01-20 03:00:00,0.072666,0.648805,0.023899,0.048767,0.031491,0.004008,0.041731,0.727
2026-01-20 04:00:00,0.027365,0.258165,0.001,0.026365,0.004246,0.001661,0.014886,0.093
2026-01-20 05:00:00,0.022891,0.190763,0.002297,0.020594,0.004136,0.001016,0.015592,0.161
2026-01-20 06:00:00,0.310791,2.3907,0.017717,0.293074,0.012352,0.010399,0.029481,0.602
2026-01-20 07:00:00,0.198084,1.17907,0.021526,0.176558,0.023511,0.008331,0.056193,0.996
2026-01-20 08:00:00,0.245571,1.04945,0.058714,0.186857,0.053708,0.013995,0.092654,1.692
2026-01-20 09:00:00,0.138057,0.821774,0.012374,0.125683,0.028764,0.007822,0.060387,0.8
2026-01-20 10:00:00,0.43871,2.77664,0.029111,0.409599,0.033633,0.020948,0.078543,1.576
2026-01-20 11:00:00,0.287901,1.56468,0.021488,0.266413,0.033676,0.014667,0.076462,1.182
2026-01-20 12:00:00,0.23402,1.56014,0.025574,0.208446,0.037679,0.018459,0.080812,1.311
2026-01-20 13:00:00,0.125611,0.923617,0.016515,0.109096,0.033375,0.009586,0.067881,1.094
2026-01-20 14:00:00,0.312577,2.40444,0.047785,0.264792,0.036627,0.017694,0.076837,1.451
2026-01-20 15:00:00,0.907429,10.8027,0.067341,0.840088,0.040646,0.045759,0.127187,2.81
2026-01-20 16:00:00,0.600632,3.66239,0.057366,0.543266,0.053741,0.028133,0.105243,2.281
2026-01-20 17:00:00,1.06329,6.04144,0.105005,0.958288,0.059122,0.043867,0.128466,3.432
2026-01-20 18:00:00,0.383084,1.59618,0.178307,0.204777,0.047585,0.013547,0.081113,1.482
2026-01-20 19:00:00,0.412715,2.06358,0.076631,0.336084,0.057077,0.026507,0.098747,1.771
2026-01-20 20:00:00,0.458252,2.20313,0.077232,0.38102,0.096794,0.058217,0.166631,3.497
2026-01-20 21:00:00,1.06594,5.92189,0.099703,0.966238,0.088451,0.071008,0.187839,4.99
2026-01-20 22:00:00,0.674288,2.57362,0.040867,0.633421,0.052116,0.032946,0.112769,2.402
2026-01-20 23:00:00,0.107743,0.579264,0.022358,0.085385,0.038868,0.013727,0.078568,1.572
2026-01-21 00:00:00,0.757358,6.88506,0.046426,0.710932,0.046627,0.037018,0.113031,2.764
2026-01-21 01:00:00,1.03497,7.18727,0.05635,0.978618,0.055773,0.038461,0.099122,3.327
2026-01-21 02:00:00,0.487219,3.16376,0.035127,0.452092,0.045551,0.021448,0.084545,1.944
2026-01-21 03:00:00,0.043812,0.317471,0.005193,0.038619,0.014324,0.002982,0.029816,0.745
2026-01-21 04:00:00,0.012117,0.029845,0.003181,0.008936,0.018195,0.003233,0.035909,0.709
2026-01-21 05:00:00,0.004073,0.027517,0.001399,0.002674,0.007661,0.00047,0.019092,0.21
2026-01-21 06:00:00,0.049438,0.561789,0.002364,0.047074,0.01402,0.001537,0.030323,0.2
2026-01-21 07:00:00,0.193301,1.00678,0.047209,0.146092,0.0372,0.006257,0.063304,0.73
2026-01-21 08:00:00,0.154003,0.733347,0.03564,0.118363,0.045725,0.015125,0.080356,1.053
2026-01-21 09:00:00,0.087637,0.684663,0.025078,0.062559,0.025664,0.011528,0.059259,0.666
2026-01-21 10:00:00,0.292444,2.92444,0.032847,0.259597,0.047202,0.016196,0.087119,1.545
2026-01-21 11:00:00,0.271178,1.61416,0.019795,0.251383,0.061029,0.014226,0.125833,1.643
2026-01-21 12:00:00,0.36682,1.22273,0.069241,0.297579,0.047739,0.014722,0.088746,1.777
2026-01-21 13:00:00,0.396817,1.52622,0.034351,0.362466,0.049753,0.016016,0.090213,1.486
2026-01-21 14:00:00,0.291024,1.75315,0.024365,0.266659,0.063652,0.034905,0.114958,2.874
2026-01-21 15:00:00,0.871914,9.90812,0.042336,0.829578,0.041407,0.012667,0.080528,3.002
2026-01-21 16:00:00,0.160222,1.16104,0.039506,0.120716,0.038061,0.017808,0.073649,0.933
2026-01-21 17:00:00,0.236827,1.1386,0.035222,0.201605,0.046747,0.014149,0.092569,2.02
2026-01-21 18:00:00,0.565767,2.45985,0.078943,0.486824,0.050463,0.027086,0.096376,2.42
2026-01-21 19:00:00,0.884855,3.91529,0.093506,0.791349,0.084569,0.040704,0.141497,3.32
2026-01-21 20:00:00,1.23376,4.85733,0.094554,1.13921,0.099863,0.078141,0.20083,4.142
2026-01-21 21:00:00,1.27598,6.19408,0.279825,0.996158,0.151757,0.068882,0.243453,7.083
2026-01-21 22:00:00,0.234091,1.64853,0.02251,0.211581,0.049195,0.031949,0.10906,1.281
2026-01-21 23:00:00,0.384804,3.31729,0.039952,0.344852,0.042747,0.034741,0.102478,2.375
2026-01-22 00:00:00,0.170018,2.93134,0.020141,0.149877,0.038912,0.01437,0.079811,1.965
2026-01-22 01:00:00,0.490598,3.89364,0.036633,0.453965,0.045679,0.019001,0.085095,1.945
2026-01-22 02:00:00,0.473297,7.39526,0.021859,0.451438,0.028961,0.010473,0.056011,0.987
2026-01-22 03:00:00,0.010965,0.228461,0.007808,0.003157,0.018695,0.003673,0.035899,0.515
2026-01-22 04:00:00,0.050417,0.614836,0.000946,0.049471,0.004211,0.00436,0.015732,0.074
2026-01-22 05:00:00,0.004772,0.076942,0.000686,0.004086,0.00546,0.0028,0.019586,0.13
2026-01-22 06:00:00,0.044238,0.632001,0.00201,0.042228,0.007347,0.001596,0.019851,0.141
2026-01-22 07:00:00,0.23683,0.99508,0.0502,0.18663,0.043513,0.01163,0.079185,1.312
2026-01-22 08:00:00,1.06582,5.98777,0.083182,0.982641,0.042991,0.039322,0.105577,2.738
2026-01-22 09:00:00,0.11282,1.12819,0.01538,0.09744,0.03,0.010241,0.063617,1.264
2026-01-22 10:00:00,0.102017,1.06267,0.03355,0.068467,0.03485,0.009432,0.061222,1.247
2026-01-22 11:00:00,0.29296,1.95306,0.023167,0.269793,0.042197,0.018406,0.076407,1.095
2026-01-22 12:00:00,0.673389,4.54992,0.056385,0.617004,0.065362,0.026273,0.110556,2.171
2026-01-22 13:00:00,0.595536,3.30853,0.058929,0.536607,0.06496,0.024769,0.12227,3.964
2026-01-22 14:00:00,0.344227,2.32585,0.037903,0.306324,0.049116,0.018754,0.089535,1.766
2026-01-22 15:00:00,0.578815,3.36521,0.028182,0.550633,0.031276,0.025689,0.088675,1.552
2026-01-22 16:00:00,0.695007,5.03628,0.036818,0.658189,0.039747,0.027129,0.082659,1.794
2026-01-22 17:00:00,0.50516,3.36773,0.144856,0.360304,0.067521,0.026794,0.122546,2.046
2026-01-22 18:00:00,0.728183,2.44357,0.056057,0.672126,0.097689,0.043764,0.20069,2.475
2026-01-22 19:00:00,1.15254,5.4883,0.167477,0.985065,0.080685,0.055564,0.151485,4.42
2026-01-22 20:00:00,0.345477,0.928701,0.048703,0.296774,0.085428,0.0509,0.149983,2.444
2026-01-22 21:00:00,0.401237,2.04713,0.063492,0.337745,0.053396,0.032537,0.106204,2.393
2026-01-22 22:00:00,0.870374,4.94531,0.160204,0.71017,0.088958,0.043804,0.157014,4.701
2026-01-22 23:00:00,0.789919,7.31406,0.05786,0.732059,0.093926,0.037869,0.167641,4.621
2026-01-23 00:00:00,0.21788,2.79333,0.029985,0.187895,0.03735,0.013172,0.075684,1.808
2026-01-23 01:00:00,1.41941,14.4838,0.051916,1.36749,0.07372,0.034915,0.11559,2.712
2026-01-23 02:00:00,0.047308,0.463806,0.01743,0.029878,0.030273,0.002615,0.056805,1.082
2026-01-23 03:00:00,0.024548,0.240664,0.005988,0.01856,0.012784,0.00248,0.027563,0.32
2026-01-23 04:00:00,0.182619,3.04367,0.005876,0.176743,0.013505,0.009755,0.047209,0.486
2026-01-23 05:00:00,0.021623,0.317995,0.005791,0.015832,0.003655,0.000558,0.014239,0.124
2026-01-23 06:00:00,0.026382,0.248881,0.006872,0.01951,0.009431,0.002156,0.023288,0.259
2026-01-23 07:00:00,0.070059,0.361126,0.014021,0.056038,0.0216,0.00588,0.048534,0.576
2026-01-23 08:00:00,0.235133,1.58874,0.08314,0.151993,0.043714,0.013361,0.081637,1.348
2026-01-23 09:00:00,0.23647,1.79144,0.03875,0.19772,0.044236,0.013208,0.103233,1.775
2026-01-23 10:00:00,0.20052,1.28539,0.027049,0.173471,0.041789,0.011605,0.09035,1.57
2026-01-23 11:00:00,0.58607,3.90713,0.048967,0.537103,0.052185,0.028065,0.106035,1.87
2026-01-23 12:00:00,0.621373,3.0761,0.059852,0.561521,0.073958,0.030138,0.127707,2.407
2026-01-23 13:00:00,0.999467,6.84567,0.467043,0.532424,0.124216,0.029675,0.195383,4.175
2026-01-23 14:00:00,1.48634,14.0221,0.968277,0.518065,0.115545,0.034899,0.137564,3.212
2026-01-23 15:00:00,0.406693,3.44656,0.033151,0.373542,0.052623,0.054949,0.129953,1.426
2026-01-23 16:00:00,0.510826,4.18709,0.038317,0.472509,0.071342,0.036359,0.137073,1.908
2026-01-23 17:00:00,0.844584,3.6721,0.098446,0.746138,0.088358,0.029886,0.139409,3.336
2026-01-23 18:00:00,0.409669,2.20252,0.046124,0.363545,0.062117,0.02106,0.136185,3.491
2026-01-23 19:00:00,1.07739,4.27535,0.106574,0.970816,0.102363,0.047238,0.197227,5.013
2026-01-23 20:00:00,0.503276,2.1146,0.068663,0.434613,0.097398,0.026694,0.157952,3.404
2026-01-23 21:00:00,0.587833,2.55579,0.175884,0.411949,0.134053,0.040541,0.202034,2.698
2026-01-23 22:00:00,0.578312,3.6602,0.165131,0.413181,0.105187,0.03966,0.141584,3.006
2026-01-23 23:00:00,0.718625,4.7278,0.096054,0.622571,0.136218,0.050891,0.192661,3.527
2026-01-24 00:00:00,0.793138,3.05053,0.046149,0.746989,0.079973,0.032666,0.111445,2.233
2026-01-24 01:00:00,1.04768,7.37803,0.065085,0.982594,0.069823,0.02844,0.101605,2.462
2026-01-24 02:00:00,0.255779,4.91883,0.031273,0.224506,0.054684,0.010279,0.072106,2.281
2026-01-24 03:00:00,0.196433,4.27027,0.021926,0.174507,0.041325,0.006,0.052787,0.853
2026-01-24 04:00:00,0.320887,4.71894,0.140112,0.180775,0.062449,0.013534,0.066279,1.716
2026-01-24 05:00:00,0.047362,0.550705,0.010958,0.036404,0.017477,0.002175,0.030763,0.396
2026-01-24 06:00:00,0.032495,0.361053,0.004382,0.028113,0.008609,0.002017,0.021201,0.171
2026-01-24 07:00:00,0.204081,1.64581,0.021072,0.183009,0.021213,0.012233,0.045202,0.46
2026-01-24 08:00:00,0.374438,1.99169,0.020979,0.353459,0.035602,0.020511,0.070459,1.129
2026-01-24 09:00:00,0.362737,2.18516,0.031251,0.331486,0.036668,0.014037,0.076867,1.393
2026-01-24 10:00:00,1.23274,6.04287,0.09819,1.13455,0.051821,0.039479,0.103461,2.314
2026-01-24 11:00:00,1.0949,3.99599,0.144066,0.950835,0.080702,0.047717,0.154022,3.32
2026-01-24 12:00:00,0.332799,1.51272,0.038098,0.294701,0.060943,0.052239,0.117176,1.749
2026-01-24 13:00:00,2.52945,8.66251,0.168519,2.36093,0.122044,0.07687,0.220972,5.663
2026-01-24 14:00:00,1.11103,6.24172,0.058408,1.05262,0.05965,0.044807,0.132472,3.248
2026-01-24 15:00:00,0.267764,1.71643,0.043533,0.224231,0.054792,0.027992,0.107439,1.804
2026-01-24 16:00:00,0.527521,2.93067,0.045268,0.482253,0.051036,0.028144,0.097876,2.023
2026-01-24 17:00:00,1.04098,4.48698,0.078264,0.962714,0.081375,0.049775,0.173758,3.672
2026-01-24 18:00:00,0.813775,3.83856,0.1056,0.708175,0.099124,0.070628,0.179982,3.007
2026-01-24 19:00:00,0.892344,5.12842,0.098818,0.793526,0.104497,0.046536,0.192879,3.567
2026-01-24 20:00:00,1.02213,4.52271,0.086026,0.936106,0.093858,0.049859,0.205781,3.71
2026-01-24 21:00:00,1.13161,5.44044,0.08858,1.04303,0.063343,0.09137,0.151026,3.059
2026-01-24 22:00:00,1.47278,5.66454,0.129083,1.3437,0.077743,0.067102,0.170249,4.176
2026-01-24 23:00:00,0.601897,1.88093,0.115448,0.486449,0.089165,0.053957,0.165574,2.909
2026-01-25 00:00:00,0.65081,1.78794,0.121844,0.528966,0.056907,0.030319,0.099119,1.698
2026-01-25 01:00:00,0.881591,4.45248,0.021265,0.860326,0.029762,0.03332,0.086743,1.24
2026-01-25 02:00:00,0.09372,0.538612,0.007549,0.086171,0.015822,0.003262,0.036771,0.396
2026-01-25 03:00:00,0.082873,0.440818,0.005077,0.077796,0.011224,0.004819,0.026113,0.321
2026-01-25 04:00:00,0.019786,0.131908,0.000631,0.019155,0.004057,0.002784,0.015447,0.1
2026-01-25 05:00:00,0.006611,0.047911,0.003711,0.0029,0.005612,0.001314,0.017282,0.183
2026-01-25 06:00:00,0.116073,0.795013,0.030486,0.085587,0.031029,0.00611,0.054328,1.408
2026-01-25 07:00:00,0.143983,0.712793,0.018152,0.125831,0.018013,0.005509,0.038471,0.608
2026-01-25 08:00:00,0.276704,1.52034,0.016751,0.259953,0.028255,0.037971,0.075352,0.736
2026-01-25 09:00:00,0.163608,0.659704,0.018721,0.144887,0.032971,0.010068,0.066062,0.89
2026-01-25 10:00:00,0.302634,1.16398,0.025496,0.277138,0.041178,0.016686,0.08415,1.229
2026-01-25 11:00:00,11.3311,47.2129,0.197105,11.134,0.088568,0.128345,0.175396,3.191
2026-01-25 12:00:00,0.789613,2.74171,0.210519,0.579094,0.098727,0.055648,0.161197,2.943
2026-01-25 13:00:00,2.52632,11.1784,0.175224,2.3511,0.071368,0.139957,0.190355,4.051
2026-01-25 14:00:00,0.524034,2.13022,0.0443,0.479734,0.098275,0.029702,0.174282,3.319
2026-01-25 15:00:00,0.44347,1.74594,0.037735,0.405735,0.123606,0.028896,0.171792,3.743
2026-01-25 16:00:00,1.1332,4.13576,0.078488,1.05471,0.066098,0.033598,0.140921,3.152
2026-01-25 17:00:00,1.06961,3.34252,0.076106,0.993503,0.0881,0.050368,0.179725,3.596
2026-01-25 18:00:00,0.465387,2.28131,0.07012,0.395267,0.080313,0.025374,0.149042,3.3
2026-01-25 19:00:00,0.473901,2.32304,0.086835,0.387066,0.081472,0.030345,0.143442,1.978
2026-01-25 20:00:00,0.684002,3.16668,0.079114,0.604888,0.057952,0.048489,0.127241,2.814
2026-01-25 21:00:00,0.206869,0.854835,0.030428,0.176441,0.046952,0.024772,0.098788,1.701
2026-01-25 22:00:00,1.11234,5.8544,0.054604,1.05773,0.07673,0.051319,0.150461,4.148
2026-01-25 23:00:00,0.594218,4.87064,0.062045,0.532173,0.062328,0.057841,0.145284,3.022
2026-01-26 00:00:00,1.28062,11.8576,0.058964,1.22166,0.060197,0.059374,0.133706,3.974
2026-01-26 01:00:00,0.082218,0.721202,0.005383,0.076835,0.012292,0.007456,0.030311,0.321
2026-01-26 02:00:00,0.008151,0.078391,0.003143,0.005008,0.006794,0.002506,0.017694,0.132
2026-01-26 03:00:00,0.177332,1.52872,0.052618,0.124714,0.013024,0.008293,0.026663,0.536
2026-01-26 04:00:00,0.054655,0.581431,0.003163,0.051492,0.006052,0.006572,0.018625,0.302
2026-01-26 05:00:00,1.59493,17.3362,0.019521,1.57541,0.009972,0.013742,0.027262,0.669
2026-01-26 06:00:00,0.32148,3.2148,0.008968,0.312512,0.013346,0.003907,0.030723,0.435
2026-01-26 07:00:00,0.207648,1.04873,0.113969,0.093679,0.027482,0.005946,0.053229,0.762
2026-01-26 08:00:00,0.222792,1.18507,0.039417,0.183375,0.036373,0.008123,0.072708,1.302
2026-01-26 09:00:00,0.209617,1.12698,0.052572,0.157045,0.07688,0.017621,0.135169,1.047
2026-01-26 10:00:00,0.138438,1.00318,0.01148,0.126958,0.040898,0.011033,0.092251,0.658
2026-01-26 11:00:00,0.735506,4.90337,0.042405,0.693101,0.037425,0.02679,0.087194,2.076
2026-01-26 12:00:00,0.357792,2.08018,0.033389,0.324403,0.040846,0.016313,0.08173,1.723
2026-01-26 13:00:00,1.17926,8.18928,0.531162,0.648096,0.043023,0.028387,0.080193,2.027
2026-01-26 14:00:00,0.296195,2.31402,0.026894,0.269301,0.027696,0.019547,0.070186,1.385
2026-01-26 15:00:00,0.21042,1.84578,0.0342,0.17622,0.039789,0.014466,0.07827,1.185
2026-01-26 16:00:00,0.34129,2.40345,0.105287,0.236003,0.046778,0.013051,0.08142,1.692
2026-01-26 17:00:00,0.510817,2.24043,0.105595,0.405222,0.053555,0.02113,0.106379,2.458
2026-01-26 18:00:00,0.709077,3.25265,0.162722,0.546355,0.08349,0.027576,0.144073,3.347
2026-01-26 19:00:00,0.754998,3.34071,0.075313,0.679685,0.073698,0.031932,0.132546,4.018
2026-01-26 20:00:00,0.531231,1.6396,0.061811,0.46942,0.10433,0.028216,0.1763,4.251
2026-01-26 21:00:00,0.542392,2.22292,0.127466,0.414926,0.100798,0.072917,0.196015,2.473
2026-01-26 22:00:00,1.16653,6.55351,0.069674,1.09685,0.073139,0.085477,0.164648,4.318
2026-01-26 23:00:00,0.535494,3.04259,0.100772,0.434722,0.05642,0.048353,0.114529,2.512
2026-01-27 00:00:00,0.354028,2.85507,0.03227,0.321758,0.031612,0.016779,0.058691,1.026
2026-01-27 01:00:00,0.358743,3.38436,0.020315,0.338428,0.029284,0.038641,0.06844,1.004
2026-01-27 02:00:00,0.327226,3.80497,0.010874,0.316352,0.035885,0.016253,0.070778,1.424
2026-01-27 03:00:00,0.273098,2.48271,0.015487,0.257611,0.025051,0.01045,0.057604,0.933
2026-01-27 04:00:00,0.088713,1.19882,0.00574,0.082973,0.00786,0.003466,0.021272,0.294
2026-01-27 05:00:00,0.013159,0.101223,0.002859,0.0103,0.007346,0.000869,0.020529,0.183
2026-01-27 06:00:00,0.026176,0.195347,0.006855,0.019321,0.015604,0.001908,0.029636,0.179
2026-01-27 07:00:00,0.584939,2.89574,0.040508,0.544431,0.040561,0.018108,0.081921,1.65
2026-01-27 08:00:00,0.848864,3.85847,0.098196,0.750668,0.05614,0.026735,0.094585,2.479
2026-01-27 09:00:00,0.763664,5.69898,0.043684,0.71998,0.043962,0.027417,0.098435,2.138
2026-01-27 10:00:00,0.317193,1.74282,0.023431,0.293762,0.037987,0.024213,0.100302,2.037
2026-01-27 11:00:00,0.237897,1.3517,0.028412,0.209485,0.031626,0.030274,0.07478,1.311
2026-01-27 12:00:00,0.343204,1.95003,0.09689,0.246314,0.066799,0.021646,0.111886,1.909
2026-01-27 13:00:00,0.156734,0.824919,0.027088,0.129646,0.032239,0.013379,0.067738,0.967
2026-01-27 14:00:00,0.369309,2.67616,0.02761,0.341699,0.044215,0.017293,0.07815,1.155
2026-01-27 15:00:00,0.313564,1.5523,0.054567,0.258997,0.039494,0.022711,0.084234,2.095
2026-01-27 16:00:00,0.269736,1.41967,0.07901,0.190726,0.051309,0.018933,0.091575,1.495
2026-01-27 17:00:00,1.03372,3.80044,0.477029,0.556691,0.119359,0.037538,0.168915,4.47
2026-01-27 18:00:00,0.937499,3.69095,0.113257,0.824242,0.08051,0.034731,0.132428,4.085
2026-01-27 19:00:00,0.443867,1.96402,0.059294,0.384573,0.065112,0.021906,0.116799,2.282
2026-01-27 20:00:00,0.437404,1.76373,0.071013,0.366391,0.10198,0.044664,0.155898,2.52
2026-01-27 21:00:00,1.05037,4.81823,0.108695,0.941679,0.127994,0.054901,0.215489,5.724
2026-01-27 22:00:00,0.88414,5.32615,0.052778,0.831362,0.105637,0.115581,0.247448,4.588
2026-01-27 23:00:00,0.297011,2.00683,0.044773,0.252238,0.049309,0.021588,0.089131,1.811
2026-01-28 00:00:00,0.845434,6.92979,0.02914,0.816294,0.042837,0.026289,0.087617,2.365
2026-01-28 01:00:00,0.26025,2.40972,0.010563,0.249687,0.021836,0.009935,0.043486,1.149
2026-01-28 02:00:00,0.578658,5.07594,0.011837,0.566821,0.013027,0.016745,0.039303,0.825
2026-01-28 03:00:00,0.793003,5.14937,0.021966,0.771037,0.047825,0.026009,0.077517,0.905
2026-01-28 04:00:00,0.174559,1.22927,0.006312,0.168247,0.016064,0.022977,0.038974,0.421
2026-01-28 05:00:00,0.09419,0.811982,0.007551,0.086639,0.010811,0.003189,0.022643,0.301
2026-01-28 06:00:00,0.235809,2.56314,0.010848,0.224961,0.020199,0.006629,0.038771,0.53
2026-01-28 07:00:00,0.202028,1.4855,0.020807,0.181221,0.027756,0.015827,0.064508,0.937
2026-01-28 08:00:00,0.351054,2.40448,0.04616,0.304894,0.040925,0.01681,0.081839,1.602
2026-01-28 09:00:00,0.143615,1.43616,0.011592,0.132023,0.022511,0.013804,0.056849,0.699
2026-01-28 10:00:00,0.69336,4.17686,0.028465,0.664895,0.025952,0.023116,0.067073,1.297
2026-01-28 11:00:00,0.938259,4.18866,0.403994,0.534265,0.084925,0.052173,0.157997,2.928
2026-01-28 12:00:00,0.924902,3.18932,0.074534,0.850368,0.079846,0.034179,0.151429,3.406
2026-01-28 13:00:00,0.838627,2.9951,0.080878,0.757749,0.071292,0.041554,0.13501,3.922
2026-01-28 14:00:00,0.377223,1.77936,0.043641,0.333582,0.038563,0.017508,0.08721,1.964
2026-01-28 15:00:00,0.382367,1.63405,0.042836,0.339531,0.055235,0.107978,0.141379,2.4
2026-01-28 16:00:00,1.21818,5.58796,0.070584,1.14759,0.075825,0.045067,0.154614,3.634
2026-01-28 17:00:00,0.56582,2.57191,0.081137,0.484683,0.05938,0.026286,0.117797,2.871
2026-01-28 18:00:00,0.906494,3.21451,0.192485,0.714009,0.097774,0.046211,0.210215,5.832
2026-01-28 19:00:00,1.18216,3.69423,0.188553,0.993602,0.134899,0.097811,0.271445,7.101
2026-01-28 20:00:00,1.15367,5.01595,0.171846,0.981823,0.140206,0.096969,0.291558,6.844
2026-01-28 21:00:00,1.54249,5.04083,0.078252,1.46424,0.093624,0.077898,0.204176,5.564
2026-01-28 22:00:00,0.805064,3.98546,0.0418,0.763264,0.092648,0.066379,0.186739,2.627
2026-01-28 23:00:00,1.59634,8.3143,0.093365,1.50298,0.048258,0.083214,0.149748,3.652
2026-01-29 00:00:00,1.06335,7.2832,0.079308,0.984039,0.046725,0.030047,0.081721,2.43
2026-01-29 01:00:00,0.594521,3.06454,0.043429,0.551092,0.069437,0.024753,0.108374,4.134
2026-01-29 02:00:00,0.28263,1.68232,0.018833,0.263797,0.05371,0.01521,0.094386,3.224
2026-01-29 03:00:00,0.742317,4.88366,0.02988,0.712437,0.033651,0.026901,0.06131,1.91
2026-01-29 04:00:00,0.260364,1.43058,0.012476,0.247888,0.040907,0.011554,0.064793,1.54
2026-01-29 05:00:00,0.063689,0.393138,0.003198,0.060491,0.006594,0.001902,0.019768,0.219
2026-01-29 06:00:00,0.089192,0.490075,0.014407,0.074785,0.013059,0.007183,0.031506,0.636
2026-01-29 07:00:00,1.66299,6.15921,0.069149,1.59384,0.045833,0.024855,0.084688,1.848
2026-01-29 08:00:00,0.360179,1.334,0.033273,0.326906,0.053132,0.030253,0.10953,1.464
2026-01-29 09:00:00,0.401024,2.35897,0.042121,0.358903,0.031046,0.018584,0.073028,1.758
2026-01-29 10:00:00,0.646033,4.0377,0.041436,0.604597,0.048669,0.024248,0.11774,2.58
2026-01-29 11:00:00,0.602814,2.62093,0.057438,0.545376,0.063877,0.026675,0.124082,3.108
2026-01-29 12:00:00,1.09541,4.52647,0.104693,0.990713,0.094586,0.054065,0.155251,3.971
2026-01-29 13:00:00,0.397986,1.79273,0.081969,0.316017,0.062934,0.031748,0.116917,2.079
2026-01-29 14:00:00,0.599514,2.58411,0.063399,0.536115,0.052566,0.024413,0.100116,2.099
2026-01-29 15:00:00,0.842136,4.83987,0.057934,0.784202,0.05039,0.035614,0.105362,2.993
2026-01-29 16:00:00,0.870647,4.06844,0.133763,0.736884,0.065296,0.049719,0.135748,2.779
2026-01-29 17:00:00,0.435901,1.46276,0.078148,0.357753,0.057483,0.0278,0.112612,2.517
2026-01-29 18:00:00,1.06592,2.53791,0.112245,0.953678,0.08832,0.045981,0.168589,5.068
2026-01-29 19:00:00,1.4492,4.76711,0.096648,1.35255,0.100895,0.071775,0.213189,5.096
2026-01-29 20:00:00,1.03422,3.56629,0.17269,0.861534,0.125352,0.056001,0.198335,5.55
2026-01-29 21:00:00,0.888871,2.69355,0.092017,0.796854,0.112454,0.054338,0.215428,4.877
2026-01-29 22:00:00,0.944146,3.65948,0.089872,0.854274,0.080592,0.070618,0.160836,3.315
2026-01-29 23:00:00,0.937093,6.24729,0.106937,0.830156,0.090777,0.041745,0.203449,4.194
2026-01-30 00:00:00,2.21736,16.3041,0.317819,1.89954,0.181006,0.084091,0.273424,7.414
2026-01-30 01:00:00,0.75649,3.43859,0.034668,0.721822,0.074138,0.030353,0.162982,2.786
2026-01-30 02:00:00,0.594755,3.5402,0.481073,0.113682,0.043973,0.008973,0.062035,1.195
2026-01-30 03:00:00,0.396551,2.08712,0.014714,0.381837,0.021531,0.019528,0.045649,1.224
2026-01-30 04:00:00,0.354725,1.03117,0.018922,0.335803,0.023229,0.008624,0.045683,0.769
2026-01-30 05:00:00,0.019074,0.0867,0.00107,0.018004,0.010091,0.001327,0.022247,0.128
2026-01-30 06:00:00,0.044218,0.150401,0.003227,0.040991,0.017102,0.002437,0.032178,0.311
2026-01-30 07:00:00,0.099358,0.385114,0.01152,0.087838,0.022532,0.004489,0.046802,0.57
2026-01-30 08:00:00,1.27109,4.9652,0.06156,1.20953,0.057053,0.054616,0.127255,2.614
2026-01-30 09:00:00,0.532624,3.75087,0.033626,0.498998,0.034303,0.028283,0.078003,1.361
2026-01-30 10:00:00,0.141706,0.730446,0.025703,0.116003,0.05344,0.015446,0.088879,1.406
2026-01-30 11:00:00,0.647582,3.80931,0.054404,0.593178,0.050786,0.034251,0.105299,2.121
2026-01-30 12:00:00,0.923191,3.49694,0.105322,0.817869,0.088901,0.052291,0.147109,3.049
2026-01-30 13:00:00,0.428499,2.10049,0.06271,0.365789,0.06881,0.033701,0.128658,3.217
2026-01-30 14:00:00,0.568227,2.78542,0.050791,0.517436,0.050671,0.034272,0.110246,2.956
2026-01-30 15:00:00,0.394624,2.07697,0.044119,0.350505,0.047672,0.021942,0.090155,1.917
2026-01-30 16:00:00,0.543757,2.4943,0.043401,0.500356,0.087384,0.028208,0.141572,2.368
2026-01-30 17:00:00,0.903746,3.79725,0.39035,0.513396,0.080174,0.028471,0.120882,2.674
2026-01-30 18:00:00,0.875803,2.91934,0.087426,0.788377,0.084716,0.037274,0.150098,3.524
2026-01-30 19:00:00,1.00836,4.34639,0.122384,0.885979,0.139667,0.080425,0.257091,4.83
2026-01-30 20:00:00,0.662499,1.96005,0.279179,0.38332,0.128008,0.035726,0.17008,3.341
2026-01-30 21:00:00,0.450395,1.5216,0.075402,0.374993,0.142299,0.041154,0.1987,3.274
2026-01-30 22:00:00,1.33054,4.685,0.12745,1.20309,0.137968,0.103478,0.248408,4.988
2026-01-30 23:00:00,2.10959,7.69923,0.318986,1.7906,0.130238,0.088533,0.251339,6.073
2026-01-31 00:00:00,0.491908,2.32032,0.035956,0.455952,0.047135,0.02495,0.128533,2.116
2026-01-31 01:00:00,0.08978,0.444449,0.03538,0.0544,0.04419,0.007061,0.164095,1.93
2026-01-31 02:00:00,2.23684,7.40674,0.077249,2.15959,0.055478,0.090935,0.23453,2.942
2026-01-31 03:00:00,0.258031,1.01587,0.01013,0.247901,0.01859,0.008311,0.039361,0.562
2026-01-31 04:00:00,0.71545,2.79473,0.033251,0.682199,0.024767,0.0129,0.049298,1.394
2026-01-31 05:00:00,0.480793,1.90791,0.019632,0.461161,0.021669,0.00695,0.034159,0.606
2026-01-31 06:00:00,0.402029,1.46726,0.00812,0.393909,0.02055,0.004955,0.038088,0.6
2026-01-31 07:00:00,0.16645,0.676624,0.007291,0.159159,0.021693,0.018375,0.05566,0.515
2026-01-31 08:00:00,1.00307,2.75569,0.092847,0.910223,0.07198,0.057646,0.174978,3.118
2026-01-31 09:00:00,0.347703,1.36891,0.091865,0.255838,0.053133,0.023051,0.11867,2.46
2026-01-31 10:00:00,0.548323,2.38402,0.060621,0.487702,0.076581,0.02618,0.128113,2.697
2026-01-31 11:00:00,0.476016,1.64143,0.122685,0.353331,0.132192,0.03288,0.23419,3.675
2026-01-31 12:00:00,1.28818,3.78877,0.153832,1.13435,0.139022,0.048162,0.300454,5.455
2026-01-31 13:00:00,1.14623,2.45971,0.172204,0.974021,0.191027,0.058419,0.354767,4.81
2026-01-31 14:00:00,1.30537,2.77738,0.125216,1.18015,0.187512,0.068182,0.333123,5.789
2026-01-31 15:00:00,0.87027,1.91689,0.10019,0.77008,0.136165,0.073249,0.250105,4.015
2026-01-31 16:00:00,1.21335,2.60376,0.128707,1.08465,0.118016,0.081424,0.230314,3.344
2026-01-31 17:00:00,1.37048,3.91566,0.089925,1.28056,0.093882,0.078156,0.188009,3.991
2026-01-31 18:00:00,2.21078,2.52372,0.197615,2.01317,0.146197,0.083059,0.250848,5.938
2026-01-31 19:00:00,2.04507,2.35066,0.170017,1.87505,0.169568,0.087654,0.280458,8.011
2026-01-31 20:00:00,0.856604,1.09261,0.084964,0.77164,0.146509,0.058011,0.301146,4.975
2026-01-31 21:00:00,1.27176,2.89036,0.231064,1.04069,0.162289,0.057049,0.241647,6.469
2026-01-31 22:00:00,1.23013,3.22023,0.122427,1.1077,0.136723,0.073303,0.297075,6.738
2026-01-31 23:00:00,0.599399,2.0114,0.054022,0.545377,0.114211,0.053807,0.231403,7.213
2026-02-01 00:00:00,1.18601,6.51655,0.052299,1.13371,0.061858,0.065416,0.166787,4.717
2026-02-01 01:00:00,1.1434,5.83369,0.066675,1.07673,0.093796,0.043222,0.195038,5.525
2026-02-01 02:00:00,0.347274,1.10596,0.014948,0.332326,0.062688,0.023928,0.099952,1.729
2026-02-01 03:00:00,0.147523,0.888692,0.014462,0.133061,0.045685,0.017322,0.070407,1.791
2026-02-01 04:00:00,0.26035,1.06701,0.017323,0.243027,0.031576,0.013007,0.05066,0.961
2026-02-01 05:00:00,0.07274,0.281937,0.003523,0.069217,0.012508,0.002626,0.033585,0.352
2026-02-01 06:00:00,0.080816,0.336728,0.015466,0.06535,0.02266,0.002935,0.034572,0.527
2026-02-01 07:00:00,0.448664,1.52607,0.033566,0.415098,0.043624,0.015185,0.087318,1.723
2026-02-01 08:00:00,0.621816,2.2694,0.054144,0.567672,0.059707,0.029389,0.10805,2.03
2026-02-01 09:00:00,1.41243,4.10589,0.09661,1.31581,0.108489,0.086506,0.202513,4.316
2026-02-01 10:00:00,1.46529,3.62696,0.121766,1.34353,0.097478,0.07533,0.178013,5.028
2026-02-01 11:00:00,1.45839,4.4463,0.122184,1.3362,0.12762,0.062238,0.199267,4.569
2026-02-01 12:00:00,0.84486,2.60759,0.099846,0.745014,0.118796,0.057057,0.297515,5.377
2026-02-01 13:00:00,0.489471,1.14899,0.062029,0.427442,0.099423,0.046308,0.21997,3.88
2026-02-01 14:00:00,0.823942,1.99986,0.093878,0.730064,0.092414,0.046809,0.15321,4.189
2026-02-01 15:00:00,1.16941,2.25755,0.094502,1.07491,0.10897,0.076665,0.201396,3.885
2026-02-01 16:00:00,1.40986,1.78463,0.12096,1.28889,0.115734,0.054557,0.21929,4.833
2026-02-01 17:00:00,1.33792,1.70653,0.128365,1.20956,0.13763,0.055693,0.292938,6.448
2026-02-01 18:00:00,2.44772,2.99966,0.171701,2.27602,0.143811,0.098523,0.33114,8.427
2026-02-01 19:00:00,2.58402,3.33852,0.378674,2.20534,0.185928,0.091058,0.310065,7.412
2026-02-01 20:00:00,1.39363,1.71629,0.138993,1.25463,0.163683,0.082737,0.285577,6.816
2026-02-01 21:00:00,1.51972,3.7993,0.198179,1.32154,0.178267,0.072873,0.275259,7.712
2026-02-01 22:00:00,1.31348,4.62494,0.107987,1.2055,0.143947,0.098219,0.26328,5.625
2026-02-01 23:00:00,2.34521,9.23311,0.146989,2.19822,0.16427,0.091373,0.262631,7.274
2026-02-02 00:00:00,2.69484,12.7115,0.690593,2.00425,0.211388,0.080347,0.35736,8.348
2026-02-02 01:00:00,1.11374,4.75959,0.078078,1.03567,0.085774,0.03179,0.155511,3.776
2026-02-02 02:00:00,0.314513,1.23824,0.009346,0.305167,0.016528,0.013278,0.040662,0.66
2026-02-02 03:00:00,0.469412,1.93972,0.166374,0.303038,0.052282,0.016137,0.078278,1.514
2026-02-02 04:00:00,0.039493,0.171709,0.006117,0.033376,0.016957,0.005259,0.03414,0.351
2026-02-02 05:00:00,0.124864,0.511744,0.038966,0.085898,0.012583,0.004981,0.027619,0.329
2026-02-02 06:00:00,0.495315,1.76898,0.021692,0.473623,0.020329,0.015204,0.047389,1.166
2026-02-02 07:00:00,0.680871,2.12772,0.157624,0.523247,0.077481,0.021633,0.127197,2.901
2026-02-02 08:00:00,1.3875,3.19701,0.275485,1.11201,0.106783,0.035463,0.176318,4.035
2026-02-02 09:00:00,0.579515,1.9063,0.08824,0.491275,0.073898,0.031714,0.13418,4.02
2026-02-02 10:00:00,0.299372,1.01827,0.070223,0.229149,0.040432,0.020124,0.088217,1.145
2026-02-02 11:00:00,0.928183,2.72995,0.180992,0.747191,0.10248,0.039365,0.178992,3.732
2026-02-02 12:00:00,1.06028,2.61152,0.149779,0.910499,0.088798,0.064581,0.190535,5.005
2026-02-02 13:00:00,0.727423,2.23136,0.059323,0.6681,0.078237,0.034647,0.155621,3.106
2026-02-02 14:00:00,0.662672,2.28508,0.06192,0.600752,0.066663,0.058634,0.14273,2.781
2026-02-02 15:00:00,0.902612,4.06582,0.061823,0.840789,0.055109,0.03903,0.120034,2.402
2026-02-02 16:00:00,1.24316,4.43988,0.234456,1.00871,0.087335,0.053202,0.151879,3.883
2026-02-02 17:00:00,0.751006,1.55167,0.070245,0.680761,0.094226,0.032532,0.171085,3.688
2026-02-02 18:00:00,0.935517,2.5701,0.109186,0.826331,0.106511,0.036007,0.177426,4.211
2026-02-02 19:00:00,1.36437,3.24849,0.276969,1.0874,0.187311,0.059855,0.289089,7.565
2026-02-02 20:00:00,0.710652,2.03044,0.131411,0.579241,0.145998,0.041659,0.274324,5.286
2026-02-02 21:00:00,0.696863,1.74216,0.14531,0.551553,0.206974,0.054452,0.415669,10.648
2026-02-02 22:00:00,1.13692,2.66883,0.161647,0.975271,0.154293,0.082886,0.29968,5.63
2026-02-02 23:00:00,0.406628,2.03314,0.049076,0.357552,0.117032,0.036275,0.22359,3.537
2026-02-03 00:00:00,2.03861,9.52619,0.108875,1.92973,0.135326,0.071292,0.29052,6.774
2026-02-03 01:00:00,0.75149,5.60813,0.044096,0.707394,0.086372,0.022729,0.16831,3.706
2026-02-03 02:00:00,0.419356,3.67856,0.032589,0.386767,0.103696,0.015109,0.186195,5.228
2026-02-03 03:00:00,0.230804,1.58085,0.025857,0.204947,0.047294,0.016234,0.072673,1.136
2026-02-03 04:00:00,0.086882,0.529769,0.006596,0.080286,0.052244,0.021876,0.117072,0.535
2026-02-03 05:00:00,0.07014,0.515726,0.006331,0.063809,0.06006,0.004369,0.117726,0.925
2026-02-03 06:00:00,0.079449,0.389454,0.009588,0.069861,0.056269,0.004186,0.122267,0.529
2026-02-03 07:00:00,0.343032,1.35052,0.042717,0.300315,0.086496,0.013833,0.285513,1.328
2026-02-03 08:00:00,0.928444,2.71475,0.068568,0.859876,0.082767,0.033011,0.176921,2.97
2026-02-03 09:00:00,0.396297,1.37603,0.061988,0.334309,0.064362,0.019322,0.114519,2.188
2026-02-03 10:00:00,1.44819,6.29648,0.450139,0.998052,0.08646,0.035541,0.141064,3.519
2026-02-03 11:00:00,1.40643,4.06482,0.126149,1.28028,0.099497,0.052629,0.171893,6.291
2026-02-03 12:00:00,3.35596,11.1125,1.36532,1.99064,0.199091,0.105869,0.264934,8.971
2026-02-03 13:00:00,1.5009,5.07062,0.196009,1.30489,0.151062,0.090085,0.276645,7.813
2026-02-03 14:00:00,0.828279,5.37844,0.05752,0.770759,0.060863,0.089013,0.147079,2.736
2026-02-03 15:00:00,1.2543,5.75367,0.067581,1.18672,0.066761,0.040929,0.134108,2.828
2026-02-03 16:00:00,2.38081,5.19828,0.217765,2.16304,0.11454,0.066991,0.208878,6.218
2026-02-03 17:00:00,1.96391,4.65382,0.250029,1.71388,0.124348,0.063538,0.241083,6.836
2026-02-03 18:00:00,2.73695,5.28369,0.852517,1.88443,0.209377,0.091312,0.360908,11.365
2026-02-03 19:00:00,1.61742,2.72294,0.174404,1.44302,0.185241,0.092825,0.310708,7.391
2026-02-03 20:00:00,1.20182,2.27618,0.196627,1.0052,0.159016,0.040936,0.264034,8.096
2026-02-03 21:00:00,2.33864,4.53226,0.224276,2.11437,0.179123,0.068619,0.314375,8.967
2026-02-03 22:00:00,0.894864,2.13063,0.136342,0.758522,0.128223,0.070479,0.226509,4.594
2026-02-03 23:00:00,1.73185,6.05543,0.367859,1.36399,0.154306,0.082214,0.284628,6.28
2026-02-04 00:00:00,0.727909,3.71383,0.070546,0.657363,0.058968,0.052767,0.140352,3.588
2026-02-04 01:00:00,0.120679,0.663074,0.030139,0.09054,0.050367,0.008555,0.103783,1.831
2026-02-04 02:00:00,0.075073,0.507256,0.028781,0.046292,0.080698,0.051725,0.147807,1.66
2026-02-04 03:00:00,0.123561,0.611695,0.021755,0.101806,0.067468,0.012241,0.090044,1.019
2026-02-04 04:00:00,0.051988,0.295391,0.018008,0.03398,0.023243,0.00365,0.044629,0.877
2026-02-04 05:00:00,0.09355,0.531541,0.021677,0.071873,0.025243,0.003528,0.044459,1.057
2026-02-04 06:00:00,0.606355,2.40617,0.034423,0.571932,0.02547,0.014972,0.055119,1.58
2026-02-04 07:00:00,2.1298,5.98259,0.081293,2.04851,0.067293,0.054486,0.129669,2.699
2026-02-04 08:00:00,0.422118,0.913673,0.067515,0.354603,0.098007,0.023718,0.166643,2.806
2026-02-04 09:00:00,0.754306,2.69395,0.221452,0.532854,0.099409,0.023496,0.15114,2.917
2026-02-04 10:00:00,1.02806,4.71588,0.104143,0.923919,0.07214,0.046085,0.144559,3.761
2026-02-04 11:00:00,1.07558,3.20113,0.112335,0.963246,0.109672,0.05331,0.228658,4.319
2026-02-04 12:00:00,0.807425,2.80356,0.065902,0.741523,0.068262,0.047687,0.145687,3.092
2026-02-04 13:00:00,0.942369,3.0399,0.139599,0.80277,0.072349,0.045995,0.144876,3.131
2026-02-04 14:00:00,1.10339,3.77873,0.058951,1.04444,0.061977,0.034917,0.127392,2.945
2026-02-04 15:00:00,1.83598,6.07942,0.187799,1.64819,0.110401,0.066744,0.206038,5.079
2026-02-04 16:00:00,2.14869,9.02812,0.206845,1.94185,0.129139,0.084923,0.276667,6.021
2026-02-04 17:00:00,0.887925,2.43935,0.105151,0.782774,0.101743,0.036658,0.198397,5.356
2026-02-04 18:00:00,1.38724,3.18175,0.607134,0.780109,0.163779,0.080271,0.223363,5.403
2026-02-04 19:00:00,1.20466,3.02677,0.318245,0.886411,0.18857,0.075271,0.287051,5.275
2026-02-04 20:00:00,1.24053,2.55254,0.237389,1.00315,0.176847,0.101362,0.369411,9.021
2026-02-04 21:00:00,1.00375,2.11763,0.179338,0.824416,0.137297,0.07221,0.253226,4.666
2026-02-04 22:00:00,1.06418,3.02324,0.219433,0.844749,0.135359,0.042983,0.195715,7.083
2026-02-04 23:00:00,1.50946,6.56285,0.22201,1.28745,0.122796,0.070096,0.191759,6.51
2026-02-05 00:00:00,1.19112,6.20373,0.080229,1.11089,0.110447,0.041687,0.204895,5.714
2026-02-05 01:00:00,0.607499,2.68805,0.31231,0.295189,0.121117,0.020073,0.199675,5.17
2026-02-05 02:00:00,0.432484,1.74389,0.235284,0.1972,0.117579,0.013229,0.172172,5.032
2026-02-05 03:00:00,0.197714,0.803717,0.072919,0.124795,0.108852,0.012149,0.205265,4.635
2026-02-05 04:00:00,0.394674,1.50639,0.061172,0.333502,0.066549,0.012993,0.154786,4.021
2026-02-05 05:00:00,0.812543,4.18837,0.027825,0.784718,0.050939,0.017224,0.120813,3.609
2026-02-05 06:00:00,0.502735,2.06039,0.02289,0.479845,0.041265,0.018939,0.123834,3.131
2026-02-05 07:00:00,0.549676,1.46972,0.073834,0.475842,0.057927,0.024155,0.181291,3.401
2026-02-05 08:00:00,0.51189,1.35421,0.074535,0.437355,0.07527,0.034996,0.134383,2.41
2026-02-05 09:00:00,0.686343,1.57418,0.060993,0.62535,0.08372,0.027035,0.163138,3.573
2026-02-05 10:00:00,0.236439,0.875694,0.138459,0.09798,0.061917,0.009883,0.105653,2.11
2026-02-05 11:00:00,0.457683,1.61156,0.072127,0.385556,0.072888,0.028331,0.146665,2.172
2026-02-05 12:00:00,0.882624,1.69085,0.070477,0.812147,0.104243,0.047879,0.194091,3.357
2026-02-05 13:00:00,1.52274,3.15922,0.203511,1.31923,0.108796,0.072054,0.202626,4.755
2026-02-05 14:00:00,0.644847,3.66391,0.065437,0.57941,0.06086,0.030172,0.118664,2.494
2026-02-05 15:00:00,0.269312,0.922298,0.066292,0.20302,0.053642,0.01825,0.104213,1.794
2026-02-05 16:00:00,0.8777,3.48293,0.093654,0.784046,0.108892,0.049476,0.161728,3.593
2026-02-05 17:00:00,0.455981,1.24585,0.066385,0.389596,0.132405,0.049548,0.186363,3.229
2026-02-05 18:00:00,1.08508,2.60836,0.132182,0.952896,0.146989,0.058586,0.249932,8.763
2026-02-05 19:00:00,0.969321,2.15404,0.120828,0.848493,0.111876,0.05135,0.185329,5.832
2026-02-05 20:00:00,2.52139,6.39947,0.095618,2.42577,0.128442,0.07426,0.225351,7.323
2026-02-05 21:00:00,1.68136,4.31118,0.091232,1.59013,0.103771,0.086759,0.186973,3.328
2026-02-05 22:00:00,1.60274,3.94763,0.222969,1.37977,0.108169,0.07641,0.199815,5.569
2026-02-05 23:00:00,1.08586,2.0488,0.182704,0.903157,0.11557,0.050853,0.215667,5.579
2026-02-06 00:00:00,0.918746,1.2725,0.087529,0.831217,0.106903,0.054826,0.342874,6.619
2026-02-06 01:00:00,0.3901,0.520134,0.11778,0.27232,0.096736,0.034385,0.228791,4.641
2026-02-06 02:00:00,0.14233,0.19659,0.024697,0.117633,0.060461,0.012663,0.202996,3.067
2026-02-06 03:00:00,0.353269,0.569791,0.033334,0.319935,0.060494,0.011269,0.236748,3.338
2026-02-06 04:00:00,0.14179,0.379118,0.013097,0.128693,0.032036,0.015043,0.106897,2.378
2026-02-06 05:00:00,0.459217,1.75274,0.025953,0.433264,0.049877,0.01618,0.171403,3.044
2026-02-06 06:00:00,0.525022,1.6305,0.024688,0.500334,0.040516,0.01784,0.169865,3.069
2026-02-06 07:00:00,0.826765,2.32238,0.043238,0.783527,0.063786,0.024652,0.200769,3.444
2026-02-06 08:00:00,0.371963,1.02752,0.064097,0.307866,0.060319,0.02323,0.144235,2.511
2026-02-06 09:00:00,0.457608,1.18551,0.058957,0.398651,0.058143,0.019207,0.122245,2.785
2026-02-06 10:00:00,0.660541,1.89811,0.070842,0.589699,0.068741,0.040497,0.155917,3.69
2026-02-06 11:00:00,0.985862,3.33061,0.137103,0.848759,0.073049,0.052056,0.162717,3.5
2026-02-06 12:00:00,1.04725,3.51425,0.143726,0.903522,0.067357,0.045823,0.139859,3.307
2026-02-06 13:00:00,1.56652,4.83494,0.123598,1.44292,0.102906,0.058367,0.195194,5.802
2026-02-06 14:00:00,0.49042,1.80302,0.062517,0.427903,0.066526,0.024874,0.130482,2.747
2026-02-06 15:00:00,0.711932,1.90356,0.064775,0.647157,0.087383,0.045739,0.144229,2.767
2026-02-06 16:00:00,0.706515,2.59748,0.087838,0.618677,0.067749,0.026117,0.119709,3.062
2026-02-06 17:00:00,1.35017,3.97109,0.232795,1.11738,0.111433,0.049116,0.182613,4.915
2026-02-06 18:00:00,2.32117,4.37957,0.207254,2.11392,0.113094,0.073707,0.195824,5.374
2026-02-06 19:00:00,0.576367,1.32804,0.107399,0.468968,0.105539,0.038774,0.174641,4.505
2026-02-06 20:00:00,1.85955,4.34475,0.145384,1.71417,0.138824,0.075536,0.253563,5.488
2026-02-06 21:00:00,2.65556,5.41951,0.324265,2.3313,0.160158,0.130008,0.335876,7.585
2026-02-06 22:00:00,1.23863,2.658,0.09408,1.14455,0.13445,0.088614,0.317495,6.007
2026-02-06 23:00:00,0.996174,2.84621,0.078951,0.917223,0.086362,0.067886,0.189892,3.793
2026-02-07 00:00:00,0.658086,1.18788,0.05669,0.601396,0.097807,0.051924,0.263137,4.263
2026-02-07 01:00:00,0.748798,1.75774,0.055216,0.693582,0.079721,0.032276,0.215125,5.332
2026-02-07 02:00:00,0.296943,0.976786,0.025971,0.270972,0.065639,0.013105,0.188699,3.505
2026-02-07 03:00:00,0.146153,0.646686,0.01282,0.133333,0.045013,0.0081,0.181788,2.724
2026-02-07 04:00:00,0.083469,0.280098,0.010367,0.073102,0.058678,0.014787,0.178343,1.838
2026-02-07 05:00:00,0.139768,0.587258,0.011205,0.128563,0.028048,0.007322,0.091414,1.528
2026-02-07 06:00:00,0.051637,0.198606,0.009709,0.041928,0.02823,0.00271,0.09868,1.895
2026-02-07 07:00:00,0.149993,0.401054,0.012715,0.137278,0.035903,0.008771,0.096968,1.646
2026-02-07 08:00:00,0.51291,1.07754,0.10054,0.41237,0.070268,0.024397,0.183323,3.245
2026-02-07 09:00:00,1.43191,3.95554,0.090584,1.34132,0.075766,0.047964,0.163209,3.809
2026-02-07 10:00:00,0.968209,2.83102,0.086426,0.881783,0.107717,0.051633,0.213394,4.407
2026-02-07 11:00:00,0.645086,0.945875,0.177865,0.467221,0.11528,0.037336,0.225948,3.864
2026-02-07 12:00:00,1.42871,1.6848,0.160477,1.26823,0.132205,0.0573,0.224716,5.083
2026-02-07 13:00:00,1.11224,2.83733,0.17219,0.940046,0.103776,0.049609,0.184539,3.96
2026-02-07 14:00:00,1.32305,3.21128,0.079189,1.24386,0.092534,0.051727,0.178969,3.985
2026-02-07 15:00:00,1.1159,3.92922,0.102332,1.01357,0.069286,0.043548,0.140674,3.393
2026-02-07 16:00:00,1.83544,5.56195,0.158625,1.67682,0.104171,0.064613,0.175329,5.292
2026-02-07 17:00:00,3.30939,7.69627,0.149135,3.16026,0.122932,0.093032,0.224959,7.178
2026-02-07 18:00:00,1.56663,3.97622,0.19964,1.36699,0.167888,0.066878,0.258562,7.082
2026-02-07 19:00:00,0.888111,2.38739,0.152084,0.736027,0.1111,0.03456,0.156746,3.558
2026-02-07 20:00:00,0.826895,2.247,0.094153,0.732742,0.135835,0.050525,0.211359,4.102
2026-02-07 21:00:00,2.81699,6.83735,0.208468,2.60852,0.145967,0.113059,0.266346,8.085
2026-02-07 22:00:00,0.865111,2.4577,0.148992,0.716119,0.096317,0.035022,0.142636,5.158
2026-02-07 23:00:00,1.73735,5.7528,0.1572,1.58015,0.102003,0.077512,0.204288,4.026
2026-02-08 00:00:00,1.12062,5.65968,0.148371,0.972246,0.073728,0.081135,0.177581,4.107
2026-02-08 01:00:00,0.451949,2.05432,0.018814,0.433135,0.03011,0.023215,0.062234,1.107
2026-02-08 02:00:00,0.148447,0.273888,0.05176,0.096687,0.043301,0.012535,0.089126,2.632
2026-02-08 03:00:00,0.600729,2.54546,0.087124,0.513605,0.063544,0.022214,0.10599,3.684
2026-02-08 04:00:00,0.010873,0.043494,0.001847,0.009026,0.042048,0.029064,0.066697,0.219
2026-02-08 05:00:00,0.001921,0.007875,0.000634,0.001287,0.010181,0.002804,0.021985,0.086
2026-02-08 06:00:00,0.380101,2.02181,0.00801,0.372091,0.008923,0.007283,0.025057,0.438
2026-02-08 07:00:00,0.120406,0.50169,0.045006,0.0754,0.023486,0.005276,0.04518,0.564
2026-02-08 08:00:00,1.38085,3.92287,0.075868,1.30498,0.091073,0.037915,0.159967,3.866
2026-02-08 09:00:00,0.735917,2.01071,0.062971,0.672946,0.065623,0.045636,0.147231,3.195
2026-02-08 10:00:00,0.979968,3.0624,0.239284,0.740684,0.145033,0.05463,0.232935,5.333
2026-02-08 11:00:00,1.94268,5.58242,0.60979,1.33289,0.19035,0.057148,0.265091,6.928
2026-02-08 12:00:00,2.27987,4.97789,0.719568,1.5603,0.24577,0.109317,0.34996,9.852
2026-02-08 13:00:00,1.37848,2.81322,0.164641,1.21384,0.170072,0.060914,0.264975,6.357
2026-02-08 14:00:00,1.36648,3.55855,0.149887,1.2166,0.128324,0.050667,0.212815,5.153
2026-02-08 15:00:00,1.85406,5.17892,0.331996,1.52206,0.168559,0.06719,0.270941,7.303
2026-02-08 16:00:00,1.60061,4.21214,0.193482,1.40713,0.170522,0.088485,0.285745,6.992
2026-02-08 17:00:00,0.969376,2.9375,0.120595,0.848781,0.130291,0.045348,0.205411,5.2
2026-02-08 18:00:00,3.57674,8.39609,0.171457,3.40528,0.214747,0.095412,0.343964,7.443
2026-02-08 19:00:00,3.29036,5.09344,0.252382,3.03798,0.200394,0.123072,0.379449,10.553
2026-02-08 20:00:00,2.89118,4.38057,0.288815,2.60236,0.173689,0.091065,0.345139,9.748
2026-02-08 21:00:00,1.1064,2.63427,0.124945,0.98145,0.155338,0.073497,0.397144,6.126
2026-02-08 22:00:00,1.30569,3.28062,0.120212,1.18548,0.137455,0.059273,0.350888,9.146
2026-02-08 23:00:00,1.81591,5.7104,0.099354,1.71655,0.14388,0.112011,0.430241,7.856
2026-02-09 00:00:00,0.661436,2.43174,0.047182,0.614254,0.071348,0.031954,0.227184,3.782
2026-02-09 01:00:00,1.05058,5.30595,0.042132,1.00845,0.042661,0.032429,0.150284,3.336
2026-02-09 02:00:00,0.164587,0.435415,0.082316,0.082271,0.054071,0.017648,0.119922,3.178
2026-02-09 03:00:00,0.046627,0.328345,0.01661,0.030017,0.05323,0.00732,0.172428,3.462
2026-02-09 04:00:00,0.19897,1.1178,0.016869,0.182101,0.05153,0.007133,0.245347,3.119
2026-02-09 05:00:00,0.092368,0.733072,0.013447,0.078921,0.025053,0.00535,0.1203,2.13
2026-02-09 06:00:00,0.218275,1.41738,0.011903,0.206372,0.033155,0.007,0.142722,2.318
2026-02-09 07:00:00,0.282014,1.08466,0.056852,0.225162,0.072978,0.023354,0.186726,2.845
2026-02-09 08:00:00,0.687079,1.77999,0.100093,0.586986,0.139005,0.028909,0.218386,3.381
2026-02-09 09:00:00,0.466174,1.38742,0.092686,0.373488,0.134675,0.027279,0.221363,4.718
2026-02-09 10:00:00,0.394138,1.39765,0.097833,0.296305,0.103626,0.022238,0.182333,5.092
2026-02-09 11:00:00,0.579819,1.83487,0.136616,0.443203,0.07644,0.029158,0.133603,2.472
2026-02-09 12:00:00,1.34342,4.50812,0.142626,1.20079,0.12009,0.086703,0.237064,4.607
2026-02-09 13:00:00,1.52259,3.39864,0.160115,1.36248,0.123173,0.071837,0.202557,4.603
2026-02-09 14:00:00,0.463957,1.37266,0.09523,0.368727,0.098827,0.061003,0.228761,4.494
2026-02-09 15:00:00,0.82486,2.90444,0.070279,0.754581,0.059534,0.026834,0.112441,2.733
2026-02-09 16:00:00,0.67721,1.93489,0.101939,0.575271,0.101861,0.031646,0.171374,4.668
2026-02-09 17:00:00,1.07642,2.2614,0.115713,0.960712,0.093571,0.038739,0.163886,3.77
2026-02-09 18:00:00,1.57962,3.52593,0.224123,1.35549,0.154737,0.053509,0.253563,6.349
2026-02-09 19:00:00,2.59927,4.54417,0.280334,2.31893,0.169327,0.086201,0.299009,8.698
2026-02-09 20:00:00,1.79181,3.18828,0.264785,1.52703,0.169343,0.063811,0.257273,6.159
2026-02-09 21:00:00,1.66644,3.09748,0.153272,1.51317,0.165905,0.07911,0.291235,7.015
2026-02-09 22:00:00,1.28889,3.60026,0.098318,1.19058,0.162332,0.044716,0.263244,6.547
2026-02-09 23:00:00,0.44483,1.88487,0.065619,0.379211,0.112142,0.05879,0.193883,2.131
2026-02-10 00:00:00,0.364489,1.37026,0.047133,0.317356,0.082977,0.032248,0.134825,2.133
2026-02-10 01:00:00,0.21818,1.17301,0.024572,0.193608,0.050289,0.00933,0.062224,1.056
2026-02-10 02:00:00,1.13811,4.15367,0.092373,1.04573,0.115933,0.045996,0.170269,3.891
2026-02-10 03:00:00,0.462388,1.7922,0.040331,0.422057,0.068736,0.01261,0.115597,2.235
2026-02-10 04:00:00,0.255621,0.893781,0.022385,0.233236,0.029556,0.011431,0.056727,0.917
2026-02-10 05:00:00,0.128339,0.497438,0.011879,0.11646,0.027795,0.002924,0.046809,0.763
2026-02-10 06:00:00,0.24106,0.98795,0.014155,0.226905,0.028244,0.016544,0.055381,0.458
2026-02-10 07:00:00,0.561465,1.88411,0.03271,0.528755,0.033321,0.017365,0.076004,1.289
2026-02-10 08:00:00,1.15045,4.26092,0.067193,1.08325,0.060957,0.034486,0.133739,3.182
2026-02-10 09:00:00,0.37259,0.945657,0.080194,0.292396,0.050842,0.01314,0.103597,3.041
2026-02-10 10:00:00,0.659167,1.91618,0.086168,0.572999,0.069392,0.025393,0.132126,3.256
2026-02-10 11:00:00,0.788076,1.88535,0.094027,0.694049,0.114088,0.045569,0.19107,3.903
2026-02-10 12:00:00,1.94305,2.42881,0.205916,1.73713,0.179685,0.081593,0.29465,6.769
2026-02-10 13:00:00,1.3661,1.62245,0.099939,1.26616,0.099175,0.0524,0.183922,5.589
2026-02-10 14:00:00,2.17021,2.68591,0.112961,2.05725,0.108023,0.065809,0.191323,4.851
2026-02-10 15:00:00,1.32731,4.2542,0.096852,1.23046,0.100943,0.052251,0.208507,6.04
2026-02-10 16:00:00,1.00266,3.43377,0.104218,0.898442,0.07743,0.041502,0.148404,4.355
2026-02-10 17:00:00,1.00426,2.26185,0.167721,0.836542,0.161041,0.043292,0.250909,8.561
2026-02-10 18:00:00,0.844465,1.7593,0.128027,0.716438,0.140738,0.045161,0.233934,7.119
2026-02-10 19:00:00,1.30177,2.63516,0.197158,1.10461,0.165174,0.052078,0.247191,5.978
2026-02-10 20:00:00,1.80127,4.54865,0.255103,1.54616,0.186253,0.076663,0.263073,6.635
2026-02-10 21:00:00,2.13894,6.68419,0.231532,1.90741,0.172363,0.077853,0.249602,6.868
2026-02-10 22:00:00,2.33426,7.43395,0.232136,2.10212,0.186395,0.101707,0.306501,8.96
2026-02-10 23:00:00,1.1867,4.70911,0.062199,1.1245,0.078209,0.08373,0.176961,4.148
2026-02-11 00:00:00,0.712104,2.19785,0.034299,0.677805,0.062535,0.072729,0.117131,2.404
2026-02-11 01:00:00,0.407109,1.95726,0.029629,0.37748,0.044293,0.015025,0.076764,1.81
2026-02-11 02:00:00,0.32149,1.35079,0.031243,0.290247,0.034527,0.011334,0.066508,1.262
2026-02-11 03:00:00,0.012516,0.045022,0.005061,0.007455,0.0111,0.001309,0.027468,0.261
2026-02-11 04:00:00,0.035911,0.172645,0.004198,0.031713,0.007838,0.001683,0.022139,0.264
2026-02-11 05:00:00,0.039786,0.234033,0.006189,0.033597,0.022047,0.018317,0.049421,0.347
2026-02-11 06:00:00,0.379056,2.39909,0.018571,0.360485,0.026847,0.010693,0.050972,0.97
2026-02-11 07:00:00,0.426519,1.77717,0.080854,0.345665,0.05284,0.022432,0.094254,1.707
2026-02-11 08:00:00,0.947058,2.41596,0.072691,0.874367,0.087217,0.037377,0.159112,3.763
2026-02-11 09:00:00,0.727817,3.05805,0.098773,0.629044,0.089662,0.025859,0.144875,2.673
2026-02-11 10:00:00,0.48311,1.48193,0.084086,0.399024,0.113018,0.047642,0.202398,3.409
2026-02-11 11:00:00,1.2252,3.19063,0.232155,0.993046,0.116898,0.041468,0.200148,4.134
2026-02-11 12:00:00,1.53723,4.2001,0.2344,1.30283,0.152058,0.05789,0.255683,5.805
2026-02-11 13:00:00,1.33554,3.19506,0.127155,1.20838,0.098321,0.042547,0.174072,5.163
2026-02-11 14:00:00,0.435875,1.09517,0.070057,0.365818,0.091874,0.041242,0.180319,3.74
2026-02-11 15:00:00,0.402103,0.922258,0.102734,0.299369,0.115852,0.023822,0.262492,5.602
2026-02-11 16:00:00,1.20841,3.49252,0.077987,1.13042,0.084726,0.048614,0.146405,2.738
2026-02-11 17:00:00,0.417243,1.04835,0.076024,0.341219,0.136894,0.065906,0.246799,2.255
2026-02-11 18:00:00,1.97495,4.67999,0.160054,1.8149,0.126977,0.102647,0.227472,6.996
2026-02-11 19:00:00,1.57866,3.5396,0.166769,1.41189,0.19233,0.08655,0.313717,7.929
2026-02-11 20:00:00,1.89599,3.83804,0.265063,1.63093,0.202861,0.072211,0.309362,8.762
2026-02-11 21:00:00,1.95451,5.25406,0.271324,1.68319,0.171865,0.094811,0.296125,7.568
2026-02-11 22:00:00,1.19033,2.88916,0.085282,1.10505,0.146926,0.063331,0.254204,5.207
2026-02-11 23:00:00,1.0967,2.91675,0.123867,0.972832,0.100201,0.08576,0.222068,3.024
2026-02-12 00:00:00,2.02307,6.52605,0.064595,1.95848,0.074961,0.061464,0.161536,3.038
2026-02-12 01:00:00,0.571041,2.66841,0.025008,0.546033,0.024029,0.018311,0.052956,0.975
2026-02-12 02:00:00,0.61237,3.60218,0.026429,0.585941,0.016275,0.015356,0.044754,1.51
2026-02-12 03:00:00,0.214952,1.51374,0.016112,0.19884,0.029676,0.012437,0.052118,0.826
2026-02-12 04:00:00,0.04726,0.315065,0.010148,0.037112,0.010083,0.004602,0.025227,0.526
2026-02-12 05:00:00,0.752956,5.08753,0.017482,0.735474,0.01903,0.025443,0.066554,0.755
2026-02-12 06:00:00,0.080491,0.536599,0.010698,0.069793,0.061528,0.005347,0.060121,0.49
2026-02-12 07:00:00,1.30821,5.07056,0.113698,1.19451,0.044941,0.046728,0.094801,2.639
2026-02-12 08:00:00,1.59163,4.57365,0.099341,1.49229,0.057976,0.057631,0.135438,3.805
2026-02-12 09:00:00,1.45125,4.2182,0.094367,1.35688,0.057668,0.055377,0.133861,3.55029
2026-02-12 10:00:00,1.31087,3.86274,0.089394,1.22147,0.057359,0.053124,0.132284,3.29557
2026-02-12 11:00:00,1.17048,3.50729,0.08442,1.08607,0.057051,0.05087,0.130707,3.04086
2026-02-12 12:00:00,,,,,,,,
2026-02-12 13:00:00,,,,,,,,
2026-02-12 14:00:00,,,,,,,,
2026-02-12 15:00:00,0.608962,2.08549,0.064525,0.544437,0.055818,0.041856,0.124399,2.022
2026-02-12 16:00:00,0.529101,2.05078,0.097669,0.431432,0.06498,0.032478,0.139624,2.334
2026-02-12 17:00:00,1.65754,5.48854,0.173362,1.48418,0.096081,0.065764,0.175251,4.242
2026-02-12 18:00:00,1.02754,3.07646,0.164401,0.863138,0.128928,0.063791,0.218491,4.345
2026-02-12 19:00:00,1.04809,2.96072,0.280082,0.768013,0.131228,0.053279,0.219787,4.015
2026-02-12 20:00:00,1.34646,3.1168,0.327004,1.01945,0.143493,0.053366,0.24314,6.129
2026-02-12 21:00:00,1.27531,3.91201,0.269802,1.00551,0.153424,0.061713,0.27094,8.68
2026-02-12 22:00:00,1.55307,5.24685,0.098859,1.45421,0.126974,0.066172,0.224736,8.395
2026-02-12 23:00:00,0.854984,3.50403,0.080205,0.774779,0.109563,0.045402,0.178163,5.188
2026-02-13 00:00:00,1.01994,5.15119,0.058451,0.961484,0.056336,0.038589,0.106847,3.918
2026-02-13 01:00:00,1.78016,9.36927,0.056955,1.72321,0.088559,0.05045,0.162927,3.305
2026-02-13 02:00:00,0.239396,1.68589,0.009415,0.229981,0.033117,0.010917,0.055364,0.668
2026-02-13 03:00:00,0.361953,2.70115,0.008834,0.353119,0.018107,0.007043,0.033461,0.472
2026-02-13 04:00:00,0.080934,0.110265,0.005463,0.075471,0.019074,0.003293,0.039992,0.366
2026-02-13 05:00:00,0.452722,3.48248,0.012477,0.440245,0.027519,0.010782,0.040152,0.915
2026-02-13 06:00:00,0.094723,0.717602,0.006972,0.087751,0.018868,0.005726,0.040416,0.312
2026-02-13 07:00:00,0.633637,2.23112,0.08311,0.550527,0.061286,0.020574,0.109707,2.496
2026-02-13 08:00:00,1.15282,4.26969,0.12,1.03282,0.059731,0.037244,0.125037,3.859
2026-02-13 09:00:00,1.02961,2.81314,0.091747,0.937863,0.071387,0.041222,0.149663,3.505
2026-02-13 10:00:00,0.785074,2.72595,0.223985,0.561089,0.07476,0.024611,0.123208,3.467
2026-02-13 11:00:00,0.619878,1.81251,0.139754,0.480124,0.096917,0.027552,0.170176,3.284
2026-02-13 12:00:00,0.519219,1.3736,0.07229,0.446929,0.067812,0.0291,0.131101,3.844
2026-02-13 13:00:00,1.19015,2.82027,0.113474,1.07668,0.085503,0.038412,0.161144,4.183
2026-02-13 14:00:00,0.479156,1.02384,0.04949,0.429666,0.083205,0.06062,0.168931,2.432
2026-02-13 15:00:00,0.287372,0.876132,0.120485,0.166887,0.045942,0.012385,0.08297,1.6
2026-02-13 16:00:00,0.706197,2.59631,0.067674,0.638523,0.098334,0.042837,0.167667,4.078
2026-02-13 17:00:00,0.72556,2.26738,0.086907,0.638653,0.105574,0.039252,0.168685,4.206
2026-02-13 18:00:00,1.49218,4.46761,0.191636,1.30055,0.099989,0.067559,0.188984,4.276
2026-02-13 19:00:00,1.48921,3.70451,0.369103,1.12011,0.128517,0.061414,0.196335,3.417
2026-02-13 20:00:00,1.4553,3.80969,0.231598,1.2237,0.091672,0.050116,0.165706,4.598
2026-02-13 21:00:00,1.06234,1.90383,0.109804,0.952535,0.109693,0.049213,0.176065,4.472
2026-02-13 22:00:00,0.422469,0.930546,0.03758,0.384889,0.060533,0.014987,0.094264,2.136
2026-02-13 23:00:00,0.876389,2.46177,0.050213,0.826176,0.079064,0.058049,0.175734,3.445
2026-02-14 00:00:00,1.32269,3.63377,0.1422,1.18049,0.086522,0.05212,0.156618,3.859
2026-02-14 01:00:00,0.209987,0.541203,0.016093,0.193894,0.044044,0.03303,0.093502,1.098
2026-02-14 02:00:00,0.284511,0.618503,0.023269,0.261242,0.025171,0.008394,0.049852,1.041
2026-02-14 03:00:00,0.368007,0.736013,0.018418,0.349589,0.030677,0.0095,0.054872,1.035
2026-02-14 04:00:00,0.009465,0.020226,0.002527,0.006938,0.016141,0.00294,0.033449,0.298
2026-02-14 05:00:00,0.003083,0.016228,0.000268,0.002815,0.00799,0.00056,0.020692,0.134
2026-02-14 06:00:00,0.04083,0.1535,0.013297,0.027533,0.019518,0.001231,0.037405,0.193
2026-02-14 07:00:00,0.393985,1.728,0.041718,0.352267,0.042232,0.013238,0.076964,1.81
2026-02-14 08:00:00,0.694356,2.34579,0.074249,0.620107,0.079983,0.025514,0.146142,3.214
2026-02-14 09:00:00,0.711693,2.45412,0.066209,0.645484,0.092087,0.023927,0.155737,3.3
2026-02-14 10:00:00,0.295017,1.15241,0.046371,0.248646,0.087274,0.013525,0.143003,2.159
2026-02-14 11:00:00,0.577608,2.32906,0.089495,0.488113,0.102712,0.027351,0.1601,3.561
2026-02-14 12:00:00,0.615372,2.95852,0.081874,0.533498,0.092397,0.028523,0.163548,2.42
2026-02-14 13:00:00,0.858454,3.66861,0.076485,0.781969,0.094147,0.038067,0.165137,3.429
2026-02-14 14:00:00,0.367909,1.9995,0.072576,0.295333,0.077143,0.017204,0.129545,2.27
2026-02-14 15:00:00,0.968336,3.93632,0.278544,0.689792,0.115056,0.029636,0.198656,3.896
2026-02-14 16:00:00,2.39673,7.26282,0.966021,1.43071,0.163179,0.053252,0.242507,6.261
2026-02-14 17:00:00,0.372769,1.39093,0.089776,0.282993,0.078502,0.014427,0.11192,2.535
2026-02-14 18:00:00,0.742229,2.39428,0.09383,0.648399,0.071778,0.032438,0.114816,2.285
2026-02-14 19:00:00,0.411043,1.12924,0.047168,0.363875,0.0677,0.023252,0.108142,1.693
2026-02-14 20:00:00,0.336377,1.24584,0.035258,0.301119,0.048174,0.015459,0.089673,1.422
2026-02-14 21:00:00,0.629406,1.99179,0.155507,0.473899,0.066731,0.029609,0.104999,2.783
2026-02-14 22:00:00,0.49482,1.73014,0.084614,0.410206,0.043316,0.032659,0.08979,1.715
2026-02-14 23:00:00,0.463595,2.66434,0.07976,0.383835,0.106396,0.017137,0.143099,4.292
2026-02-15 00:00:00,0.821263,5.54908,0.106492,0.714771,0.136439,0.028231,0.219216,5.927
2026-02-15 01:00:00,0.373467,2.45703,0.049145,0.324322,0.093096,0.01306,0.126883,4.268
2026-02-15 02:00:00,0.287789,2.18022,0.073944,0.213845,0.106705,0.010383,0.134126,5.153
2026-02-15 03:00:00,0.364959,3.80166,0.033262,0.331697,0.079073,0.009133,0.097366,2.047
2026-02-15 04:00:00,0.083102,0.944352,0.030721,0.052381,0.058254,0.004831,0.110508,1.172
2026-02-15 05:00:00,0.044801,0.221793,0.014518,0.030283,0.037871,0.002598,0.102525,0.822
2026-02-15 06:00:00,0.023744,0.144789,0.003476,0.020268,0.008274,0.001091,0.019976,0.162
2026-02-15 07:00:00,0.066769,0.321005,0.033331,0.033438,0.015164,0.002105,0.032082,0.543
2026-02-15 08:00:00,0.07632,0.300477,0.010115,0.066205,0.02222,0.007505,0.050773,0.509
2026-02-15 09:00:00,0.34341,0.798626,0.112342,0.231068,0.044857,0.011012,0.084314,1.715
2026-02-15 10:00:00,1.04758,1.37118,0.095098,0.952481,0.065583,0.031919,0.18886,4.286
2026-02-15 11:00:00,0.843778,1.21933,0.159047,0.684731,0.068673,0.026287,0.157892,3.024
2026-02-15 12:00:00,0.527929,1.0075,0.065996,0.461933,0.053046,0.018569,0.120204,3.099
2026-02-15 13:00:00,0.263736,1.12708,0.109333,0.154403,0.040923,0.019578,0.086415,1.461
2026-02-15 14:00:00,0.169556,0.724603,0.061467,0.108089,0.03065,0.007285,0.05644,0.921
2026-02-15 15:00:00,0.426505,1.26936,0.030938,0.395567,0.039188,0.017138,0.080345,1.207
2026-02-15 16:00:00,0.619718,1.5264,0.051678,0.56804,0.045553,0.027849,0.096127,3.644
2026-02-15 17:00:00,0.324156,0.835449,0.027526,0.29663,0.032267,0.014588,0.062912,1.555
2026-02-15 18:00:00,0.974016,2.57676,0.271756,0.70226,0.055561,0.021069,0.081819,2.065
2026-02-15 19:00:00,0.133633,0.325936,0.03321,0.100423,0.035967,0.005197,0.061519,1.209
2026-02-15 20:00:00,0.193856,0.412462,0.033147,0.160709,0.036184,0.00857,0.062695,1.168
2026-02-15 21:00:00,0.161991,0.311521,0.016507,0.145484,0.032983,0.006812,0.056526,1.117
2026-02-15 22:00:00,0.099401,0.20286,0.012456,0.086945,0.03978,0.009985,0.06921,1.997
2026-02-15 23:00:00,0.503701,1.28495,0.019564,0.484137,0.026878,0.022122,0.058631,0.912
2026-02-16 00:00:00,0.070763,0.330667,0.005327,0.065436,0.013473,0.004701,0.028643,0.356
2026-02-16 01:00:00,0.182888,1.15752,0.012488,0.1704,0.012776,0.005292,0.02557,0.444
2026-02-16 02:00:00,0.004019,0.028707,0.001798,0.002221,0.020564,0.000874,0.037833,1.076
2026-02-16 03:00:00,0.003311,0.021229,0.001324,0.001987,0.009044,0.000349,0.020783,0.265
2026-02-16 04:00:00,0.008491,0.052418,0.007692,0.000799,0.015589,0.000515,0.034846,0.541
2026-02-16 05:00:00,0.000743,0.004893,0.000454,0.000289,0.005539,0.000956,0.017276,0.171
2026-02-16 06:00:00,0.0202,0.148528,0.001947,0.018253,0.004188,0.000891,0.014605,0.116
2026-02-16 07:00:00,0.303923,1.65176,0.074098,0.229825,0.028945,0.008461,0.060216,1.188
2026-02-16 08:00:00,0.183965,0.821273,0.019704,0.164261,0.038197,0.010679,0.06636,0.823
2026-02-16 09:00:00,0.107953,0.418423,0.021178,0.086775,0.028446,0.006325,0.053917,0.686
2026-02-16 10:00:00,0.528569,1.91511,0.100714,0.427855,0.03823,0.012184,0.065921,1.81
2026-02-16 11:00:00,0.192392,0.899028,0.059204,0.133188,0.04535,0.006956,0.074686,1.745
2026-02-16 12:00:00,0.106508,0.887558,0.0187,0.087808,0.032267,0.004282,0.054813,1.099
2026-02-16 13:00:00,0.094267,0.826906,0.028248,0.066019,0.04142,0.009461,0.071478,1.239
2026-02-16 14:00:00,0.735272,7.82205,0.057831,0.677441,0.03358,0.021099,0.073375,2.823
2026-02-16 15:00:00,0.383259,3.48418,0.061678,0.321581,0.025536,0.010008,0.048569,1.259
2026-02-16 16:00:00,0.252365,1.34237,0.03259,0.219775,0.037657,0.008474,0.066712,1.956
2026-02-16 17:00:00,0.120113,0.682458,0.033323,0.08679,0.022297,0.005393,0.046448,1.187
2026-02-16 18:00:00,0.490229,5.9784,0.107186,0.383043,0.049457,0.024814,0.067627,1.237
2026-02-16 19:00:00,0.17837,1.7837,0.038254,0.140116,0.06179,0.025798,0.084755,0.645
2026-02-16 20:00:00,0.12587,0.899066,0.02564,0.10023,0.018724,0.007628,0.039211,0.656
2026-02-16 21:00:00,0.153653,0.914606,0.060093,0.09356,0.03822,0.025929,0.062538,0.889
2026-02-16 22:00:00,0.247905,1.63095,0.014934,0.232971,0.014363,0.008531,0.033849,0.7
2026-02-16 23:00:00,0.012057,0.073516,0.004769,0.007288,0.014693,0.003431,0.030053,0.441
2026-02-17 00:00:00,0.052234,0.384071,0.014857,0.037377,0.015446,0.003212,0.028072,0.352
2026-02-17 01:00:00,0.02626,0.195976,0.001061,0.025199,0.006888,0.001627,0.017255,0.182
2026-02-17 02:00:00,0.00578,0.038528,0.001999,0.003781,0.005741,0.001608,0.015631,0.166
2026-02-17 03:00:00,0.001772,0.01704,0.00092,0.000852,0.003087,0.000206,0.011262,0.062
2026-02-17 04:00:00,0.000786,0.008349,0.00037,0.000416,0.002537,0.000153,0.011032,0.068
2026-02-17 05:00:00,9.8e-05,0.000968,5e-05,4.8e-05,0.001599,0.000116,0.009085,0.028
2026-02-17 06:00:00,0.003418,0.030515,0.000295,0.003123,0.002269,0.000245,0.010536,0.041
2026-02-17 07:00:00,0.050228,0.196204,0.006875,0.043353,0.013025,0.00435,0.030909,0.21
2026-02-17 08:00:00,0.149591,0.473386,0.090971,0.05862,0.017374,0.002713,0.033435,0.35
2026-02-17 09:00:00,0.886989,5.91327,0.025714,0.861275,0.014507,0.020626,0.040494,1.063
2026-02-17 10:00:00,0.248724,1.42945,0.103819,0.144905,0.044949,0.006175,0.064737,1.867
2026-02-17 11:00:00,0.273953,2.5366,0.069133,0.20482,0.059109,0.010961,0.10486,3.52
2026-02-17 12:00:00,0.14947,1.31115,0.032708,0.116762,0.033238,0.003714,0.052458,1.137
2026-02-17 13:00:00,0.027038,0.204845,0.011254,0.015784,0.026908,0.002396,0.040679,0.597
2026-02-17 14:00:00,0.296645,2.03181,0.115073,0.181572,0.025974,0.018077,0.049052,0.839
2026-02-17 15:00:00,0.03794,0.327083,0.005122,0.032818,0.009342,0.010645,0.028493,0.389
2026-02-17 16:00:00,0.064045,0.653524,0.006002,0.058043,0.011483,0.021615,0.034788,0.402
2026-02-17 17:00:00,0.293131,1.64681,0.132673,0.160458,0.024714,0.008569,0.044767,0.678
2026-02-17 18:00:00,0.19627,1.22669,0.007963,0.188307,0.012795,0.005049,0.030867,0.517
2026-02-17 19:00:00,0.072946,0.419226,0.031132,0.041814,0.02928,0.005316,0.04704,1.231
2026-02-17 20:00:00,0.159708,0.614261,0.006033,0.153675,0.017793,0.004468,0.036968,0.654
2026-02-17 21:00:00,0.086598,0.534551,0.015486,0.071112,0.032089,0.004241,0.059624,2.276
2026-02-17 22:00:00,0.17559,0.9755,0.009459,0.166131,0.031591,0.007903,0.04168,0.451
2026-02-17 23:00:00,0.026716,0.153541,0.007635,0.019081,0.03442,0.018859,0.053194,0.283
2026-02-18 00:00:00,0.097094,0.485475,0.008939,0.088155,0.017793,0.003484,0.034953,0.603
2026-02-18 01:00:00,0.543859,3.53156,0.020128,0.523731,0.025607,0.00997,0.045775,0.977
2026-02-18 02:00:00,0.225425,1.19907,0.006522,0.218903,0.020621,0.005062,0.039187,0.697
2026-02-18 03:00:00,0.007036,0.054966,0.000387,0.006649,0.002839,0.000257,0.011555,0.037
2026-02-18 04:00:00,0.000234,0.001605,0.000133,0.000101,0.002578,0.000105,0.011192,0.043
2026-02-18 05:00:00,0.017472,0.132363,0.001667,0.015805,0.005829,0.000474,0.015479,0.149
2026-02-18 06:00:00,0.003016,0.020951,0.000393,0.002623,0.00323,0.000762,0.012444,0.058
2026-02-18 07:00:00,0.014455,0.085029,0.003501,0.010954,0.009113,0.003173,0.025312,0.174
2026-02-18 08:00:00,0.033331,0.238082,0.002977,0.030354,0.009252,0.002281,0.022109,0.203
2026-02-18 09:00:00,0.0841,0.378827,0.011903,0.072197,0.010984,0.003402,0.028823,0.495
2026-02-18 10:00:00,0.328962,1.78784,0.029363,0.299599,0.027084,0.007634,0.051525,1.413
2026-02-18 11:00:00,0.254205,1.36669,0.04772,0.206485,0.02525,0.006532,0.045387,0.828
2026-02-18 12:00:00,0.053303,0.397789,0.012542,0.040761,0.020362,0.01126,0.045611,0.379
2026-02-18 13:00:00,0.090641,0.326047,0.017476,0.073165,0.020768,0.004844,0.048337,0.613
2026-02-18 14:00:00,0.265342,1.17408,0.02444,0.240902,0.026376,0.011759,0.046946,1.203
2026-02-18 15:00:00,0.067112,0.345943,0.010338,0.056774,0.015912,0.002391,0.034871,0.513
2026-02-18 16:00:00,0.066691,0.211047,0.023569,0.043122,0.017967,0.002383,0.037171,0.505
2026-02-18 17:00:00,0.171384,0.911626,0.016458,0.154926,0.025744,0.006303,0.049649,0.934
2026-02-18 18:00:00,0.127083,0.56733,0.017958,0.109125,0.028427,0.008376,0.058302,1.439
2026-02-18 19:00:00,0.200408,1.43149,0.032345,0.168063,0.038856,0.010618,0.057833,1.075
2026-02-18 20:00:00,0.090973,0.554713,0.012448,0.078525,0.013045,0.003389,0.030603,0.542
2026-02-18 21:00:00,0.783116,3.69395,0.073919,0.709197,0.052338,0.033081,0.099512,2.713
2026-02-18 22:00:00,0.179701,0.998343,0.022114,0.157587,0.026156,0.038086,0.070835,1.273
2026-02-18 23:00:00,0.369561,2.30976,0.021651,0.34791,0.020751,0.014722,0.051755,1.2
2026-02-19 00:00:00,0.026947,0.168413,0.005813,0.021134,0.007376,0.001724,0.020074,0.252
2026-02-19 01:00:00,0.014533,0.111789,0.003353,0.01118,0.005205,0.000838,0.01491,0.167
2026-02-19 02:00:00,0.018196,0.094766,0.006502,0.011694,0.017474,0.003336,0.033681,1.132
2026-02-19 03:00:00,0.000395,0.001923,0.000201,0.000194,0.004131,0.000568,0.014414,0.053
2026-02-19 04:00:00,0.001599,0.007542,0.00052,0.001079,0.004075,0.000245,0.014055,0.079
2026-02-19 05:00:00,0.002831,0.01646,0.000771,0.00206,0.00403,0.000685,0.015312,0.152
2026-02-19 06:00:00,0.076279,0.459514,0.003228,0.073051,0.010583,0.001582,0.023478,0.27
2026-02-19 07:00:00,0.339737,1.73335,0.020734,0.319003,0.037429,0.007878,0.07172,1.293
2026-02-19 08:00:00,0.234403,1.42929,0.016114,0.218289,0.017415,0.006561,0.038505,0.606
2026-02-19 09:00:00,0.417793,2.67816,0.159624,0.258169,0.02907,0.010991,0.05031,1.086
2026-02-19 10:00:00,0.198025,1.25331,0.015141,0.182884,0.018566,0.006611,0.045613,1.073
2026-02-19 11:00:00,0.333194,1.55698,0.033851,0.299343,0.02531,0.012266,0.081321,1.929
2026-02-19 12:00:00,0.089852,0.467973,0.015804,0.074048,0.022717,0.005596,0.082419,1.473
2026-02-19 13:00:00,0.078666,0.427531,0.010856,0.06781,0.019989,0.006378,0.068271,1.289
2026-02-19 14:00:00,0.558133,2.56024,0.037266,0.520867,0.037706,0.021872,0.123979,3.691
2026-02-19 15:00:00,0.632052,2.72436,0.032225,0.599827,0.030479,0.017343,0.091437,1.793
2026-02-19 16:00:00,0.286891,1.18549,0.017316,0.269575,0.029488,0.012908,0.102523,1.981
2026-02-19 17:00:00,0.442155,1.99169,0.061187,0.380968,0.042615,0.012841,0.127333,2.436
2026-02-19 18:00:00,0.222528,0.84935,0.017256,0.205272,0.030347,0.009707,0.087217,1.609
2026-02-19 19:00:00,0.051282,0.237414,0.013253,0.038029,0.019832,0.005735,0.061299,0.957
2026-02-19 20:00:00,0.350879,1.51241,0.028407,0.322472,0.022705,0.012648,0.070473,1.583
2026-02-19 21:00:00,0.545832,2.48106,0.177246,0.368586,0.035186,0.017628,0.102989,2.135
2026-02-19 22:00:00,0.249161,0.902757,0.04527,0.203891,0.032807,0.013163,0.09938,1.996
2026-02-19 23:00:00,0.291741,1.14859,0.03617,0.255571,0.039706,0.013686,0.151232,3.053
2026-02-20 00:00:00,0.033346,0.208413,0.011536,0.02181,0.035317,0.018319,0.217467,2.704
2026-02-20 01:00:00,0.04027,0.254868,0.012412,0.027858,0.030829,0.004578,0.15641,2.425
2026-02-20 02:00:00,0.048699,0.368927,0.00854,0.040159,0.035144,0.003839,0.182757,2.497
2026-02-20 03:00:00,0.06834,0.455604,0.014349,0.053991,0.048758,0.004437,0.201776,3.055
2026-02-20 04:00:00,0.040055,0.294512,0.005838,0.034217,0.021793,0.002733,0.119194,2.235
2026-02-20 05:00:00,0.016474,0.068644,0.008152,0.008322,0.035249,0.002556,0.149333,2.268
2026-02-20 06:00:00,0.059896,0.299481,0.008105,0.051791,0.029983,0.003153,0.128641,2.168
2026-02-20 07:00:00,0.051777,0.221275,0.023334,0.028443,0.030231,0.004546,0.124418,2.279
2026-02-20 08:00:00,0.21145,0.997401,0.019614,0.191836,0.030961,0.010807,0.08595,1.519
2026-02-20 09:00:00,0.331784,1.48118,0.026668,0.305116,0.03266,0.01081,0.134141,2.678
2026-02-20 10:00:00,0.601547,2.97796,0.126265,0.475282,0.031353,0.018514,0.077949,1.941
2026-02-20 11:00:00,0.213687,0.962549,0.067788,0.145899,0.040388,0.010414,0.12201,2.157
2026-02-20 12:00:00,0.174703,1.14936,0.026558,0.148145,0.032822,0.010479,0.112026,1.858
2026-02-20 13:00:00,0.303519,1.343,0.026403,0.277116,0.036292,0.042017,0.208853,2.989
2026-02-20 14:00:00,0.234696,1.31851,0.046207,0.188489,0.055319,0.017795,0.228919,5.315
2026-02-20 15:00:00,0.403171,1.76829,0.037909,0.365262,0.045427,0.017456,0.120704,2.439
2026-02-20 16:00:00,0.529008,2.01912,0.065667,0.463341,0.060169,0.020186,0.174329,2.992
2026-02-20 17:00:00,0.695424,2.30272,0.110318,0.585106,0.045253,0.031178,0.135763,2.981
2026-02-20 18:00:00,0.071831,0.34869,0.011064,0.060767,0.028639,0.00924,0.087593,1.703
2026-02-20 19:00:00,0.324335,1.50155,0.03549,0.288845,0.03849,0.014914,0.138267,2.902
2026-02-20 20:00:00,0.553773,2.30738,0.04063,0.513143,0.073772,0.027113,0.236945,5.092
2026-02-20 21:00:00,0.485213,2.12813,0.242569,0.242644,0.072051,0.035114,0.230443,3.797
2026-02-20 22:00:00,0.904432,3.32511,0.068001,0.836431,0.080358,0.073066,0.41554,5.806
2026-02-20 23:00:00,1.01015,5.31658,0.062282,0.947866,0.082953,0.048681,0.352331,4.539
2026-02-21 00:00:00,0.692722,2.20613,0.03294,0.659782,0.058787,0.055036,0.205912,3.841
2026-02-21 01:00:00,0.077832,0.540508,0.011319,0.066513,0.032023,0.006043,0.119869,2.046
2026-02-21 02:00:00,0.194881,1.07078,0.012607,0.182274,0.031586,0.004958,0.116228,3.241
2026-02-21 03:00:00,0.170666,0.948145,0.011067,0.159599,0.020093,0.008706,0.089603,2.249
2026-02-21 04:00:00,0.066054,0.471815,0.007787,0.058267,0.019402,0.00287,0.088174,2.103
2026-02-21 05:00:00,0.103433,0.66303,0.009966,0.093467,0.028126,0.003549,0.107891,2.456
2026-02-21 06:00:00,0.302638,1.91543,0.025137,0.277501,0.027789,0.010903,0.105059,2.728
2026-02-21 07:00:00,0.059439,0.316163,0.015375,0.044064,0.028723,0.00353,0.107088,2.359
2026-02-21 08:00:00,0.196145,0.891565,0.03316,0.162985,0.041014,0.015883,0.095988,2.145
2026-02-21 09:00:00,0.7168,2.91383,0.054823,0.661977,0.057763,0.025971,0.214236,4.885
2026-02-21 10:00:00,2.12404,9.48232,0.132618,1.99142,0.083811,0.055727,0.329795,4.777
2026-02-21 11:00:00,2.06321,6.40748,0.101718,1.96149,0.087505,0.055234,0.305746,4.998
2026-02-21 12:00:00,4.18,25.4878,0.125952,4.05405,0.09131,0.112586,0.311885,6.102
2026-02-21 13:00:00,2.81294,9.97495,0.095189,2.71775,0.083464,0.108515,0.30607,4.536
2026-02-21 14:00:00,0.268348,1.05648,0.07831,0.190038,0.060755,0.016653,0.193473,4.381
2026-02-21 15:00:00,0.617688,3.357,0.136843,0.480845,0.065761,0.020493,0.249161,4.799
2026-02-21 16:00:00,0.440265,1.65513,0.073236,0.367029,0.065899,0.026146,0.234457,4.608
2026-02-21 17:00:00,1.25478,4.97928,0.1312,1.12358,0.063261,0.04813,0.214386,5.584
2026-02-21 18:00:00,0.381364,2.84601,0.053165,0.328199,0.039327,0.016519,0.146987,2.634
2026-02-21 19:00:00,1.39794,4.88792,0.250187,1.14776,0.083128,0.034645,0.282925,5.93
2026-02-21 20:00:00,1.9315,8.86012,0.163779,1.76772,0.090084,0.050817,0.271815,6.847
2026-02-21 21:00:00,0.65187,2.43235,0.058467,0.593403,0.082497,0.030847,0.248201,4.353
2026-02-21 22:00:00,1.23385,6.6336,0.065581,1.16827,0.079937,0.050888,0.282563,4.768
2026-02-21 23:00:00,0.889219,3.90009,0.06337,0.825849,0.067192,0.057573,0.261595,3.582
2026-02-22 00:00:00,0.359704,1.93389,0.05729,0.302414,0.032846,0.014269,0.079606,1.493
2026-02-22 01:00:00,0.336755,2.44026,0.011616,0.325139,0.04005,0.014491,0.13408,1.822
2026-02-22 02:00:00,0.844182,5.94493,0.025926,0.818256,0.051504,0.020345,0.259901,3.284
2026-02-22 03:00:00,0.009729,0.067554,0.00482,0.004909,0.019137,0.001792,0.095224,1.951
2026-02-22 04:00:00,0.02919,0.1946,0.006134,0.023056,0.065023,0.007712,0.122515,1.973
2026-02-22 05:00:00,0.033694,0.276186,0.009099,0.024595,0.02899,0.008384,0.092814,1.951
2026-02-22 06:00:00,0.044113,0.227399,0.009497,0.034616,0.021541,0.00323,0.078876,1.889
2026-02-22 07:00:00,0.365351,1.3735,0.097699,0.267652,0.040447,0.008807,0.126425,2.723
2026-02-22 08:00:00,0.578709,2.1756,0.075257,0.503452,0.055131,0.017045,0.13677,2.885
2026-02-22 09:00:00,0.420023,1.25007,0.06437,0.355653,0.095151,0.03334,0.320763,4.219
2026-02-22 10:00:00,0.495635,2.31605,0.066092,0.429543,0.095881,0.034275,0.32772,4.077
2026-02-22 11:00:00,0.685963,2.36539,0.090748,0.595215,0.112662,0.020977,0.382646,5.205
2026-02-22 12:00:00,0.801039,2.86085,0.0728,0.728239,0.082556,0.028723,0.306957,5.095
2026-02-22 13:00:00,0.659403,2.11348,0.176915,0.482488,0.076214,0.035652,0.257503,3.445
2026-02-22 14:00:00,0.474153,1.38641,0.126951,0.347202,0.114894,0.021564,0.415318,7.199
2026-02-22 15:00:00,0.311861,1.14655,0.070317,0.241544,0.09821,0.017546,0.356276,4.904
2026-02-22 16:00:00,0.208251,0.743751,0.064983,0.143268,0.092815,0.028196,0.291321,2.843
2026-02-22 17:00:00,0.62976,1.12457,0.094059,0.535701,0.114374,0.027538,0.385625,6.706
2026-02-22 18:00:00,1.63603,3.66822,0.119905,1.51612,0.116495,0.058818,0.371064,8.158
2026-02-22 19:00:00,0.993764,2.16036,0.186809,0.806955,0.095932,0.047747,0.287048,5.924
2026-02-22 20:00:00,2.79254,5.72241,0.181337,2.6112,0.131554,0.076698,0.382038,10.291
2026-02-22 21:00:00,1.69141,4.29291,0.296129,1.39528,0.119671,0.051379,0.317461,7.696
2026-02-22 22:00:00,0.799519,1.82539,0.11473,0.684789,0.097166,0.036577,0.282085,5.489
2026-02-22 23:00:00,1.24241,3.48991,0.0903,1.15211,0.101259,0.052212,0.320434,7.326
2026-02-23 00:00:00,0.624993,1.79596,0.036811,0.588182,0.070542,0.029372,0.13306,3.455
2026-02-23 01:00:00,0.185244,0.456266,0.026038,0.159206,0.060376,0.010814,0.135231,3.752
2026-02-23 02:00:00,0.715635,1.99898,0.036739,0.678896,0.084004,0.081547,0.193152,4.703
2026-02-23 03:00:00,0.113629,0.389136,0.010885,0.102744,0.053405,0.041257,0.127148,1.927
2026-02-23 04:00:00,0.042582,0.13475,0.005271,0.037311,0.024964,0.001903,0.086266,1.452
2026-02-23 05:00:00,0.007765,0.027732,0.003227,0.004538,0.015087,0.001428,0.061746,1.142
2026-02-23 06:00:00,0.012963,0.051441,0.004872,0.008091,0.021075,0.00184,0.08276,1.696
2026-02-23 07:00:00,0.431902,1.59964,0.014045,0.417857,0.043556,0.013382,0.070363,1.436
2026-02-23 08:00:00,0.966863,2.61315,0.089651,0.877212,0.083071,0.026981,0.171577,4.231
2026-02-23 09:00:00,0.63836,0.922484,0.073299,0.565061,0.091675,0.024635,0.184269,5.083
2026-02-23 10:00:00,1.84592,4.03039,0.107679,1.73824,0.081875,0.060925,0.249089,5.896
2026-02-23 11:00:00,0.921676,2.30419,0.082285,0.839391,0.057624,0.031085,0.161724,4.142
2026-02-23 12:00:00,0.361809,0.99398,0.05023,0.311579,0.05323,0.015857,0.120846,2.291
2026-02-23 13:00:00,2.15841,4.29962,0.130061,2.02835,0.122346,0.081238,0.377258,10.009
2026-02-23 14:00:00,1.55139,2.92716,0.091398,1.45999,0.110698,0.032004,0.395084,6.439
2026-02-23 15:00:00,0.696867,1.37179,0.14593,0.550937,0.089717,0.033272,0.315401,5.984
2026-02-23 16:00:00,0.905776,1.72858,0.07392,0.831856,0.104282,0.03116,0.338767,6.212
2026-02-23 17:00:00,1.3433,2.66528,0.350642,0.992661,0.122884,0.038803,0.324539,6.008
2026-02-23 18:00:00,0.842602,1.39043,0.225937,0.616665,0.123069,0.039021,0.326221,7.32
2026-02-23 19:00:00,1.60211,2.68811,0.210925,1.39119,0.163907,0.052889,0.356025,8.241
2026-02-23 20:00:00,1.07852,2.14845,0.082116,0.996409,0.147031,0.041069,0.294083,7.134
2026-02-23 21:00:00,1.51365,3.14036,0.115234,1.39842,0.137508,0.051174,0.216008,8.074
2026-02-23 22:00:00,1.79614,4.44588,0.176405,1.61973,0.172261,0.083125,0.21776,4.815
2026-02-23 23:00:00,5.66084,8.7629,0.612914,5.04792,0.218904,0.173028,0.306094,10.316
2026-02-24 00:00:00,1.55269,4.06462,0.080914,1.47177,0.107495,0.087384,0.180372,5.382
2026-02-24 01:00:00,0.028939,0.078637,0.005633,0.023306,0.020267,0.002262,0.038003,0.409
2026-02-24 02:00:00,0.032306,0.087315,0.010754,0.021552,0.038397,0.004052,0.053801,0.457
2026-02-24 03:00:00,0.006302,0.013295,0.001003,0.005299,0.010982,0.000698,0.026187,0.136
2026-02-24 04:00:00,0.706101,2.52179,0.028101,0.678,0.031586,0.01484,0.055931,1.282
2026-02-24 05:00:00,0.714416,2.44663,0.016109,0.698307,0.011122,0.014579,0.034428,1.044
2026-02-24 06:00:00,2.49088,9.88445,0.039086,2.4518,0.014403,0.05706,0.044682,1.285
2026-02-24 07:00:00,0.891554,1.65716,0.032347,0.859207,0.039785,0.024391,0.093295,1.572
2026-02-24 08:00:00,0.614589,1.37185,0.079409,0.53518,0.072893,0.021941,0.121096,2.626
2026-02-24 09:00:00,0.505064,1.48548,0.049676,0.455388,0.056284,0.019302,0.105158,3.48
2026-02-24 10:00:00,0.560219,1.40055,0.102432,0.457787,0.053371,0.020938,0.147914,3.115
2026-02-24 11:00:00,0.970724,2.82187,0.077909,0.892815,0.057516,0.031194,0.119156,3.01
2026-02-24 12:00:00,1.37787,2.48713,0.124384,1.25349,0.082305,0.041319,0.144614,3.7
2026-02-24 13:00:00,0.463138,1.20609,0.050178,0.41296,0.052716,0.016971,0.101546,2.085
2026-02-24 14:00:00,0.454283,1.11344,0.12883,0.325453,0.068418,0.020951,0.123507,2.555
2026-02-24 15:00:00,0.91577,2.30093,0.112797,0.802973,0.068759,0.030561,0.150393,4.197
2026-02-24 16:00:00,1.02852,1.85653,0.118917,0.909602,0.089105,0.043423,0.191968,4.654
2026-02-24 17:00:00,0.900605,1.53687,0.173889,0.726716,0.083534,0.036527,0.148883,3.293
2026-02-24 18:00:00,1.5757,3.15141,0.144372,1.43133,0.122106,0.059708,0.206629,6.011
2026-02-24 19:00:00,1.20372,1.96686,0.156008,1.04771,0.147364,0.05018,0.227092,5.314
2026-02-24 20:00:00,1.08436,1.53592,0.181734,0.902624,0.131156,0.051068,0.295093,8.053
2026-02-24 21:00:00,1.06599,1.80066,0.310992,0.754997,0.150418,0.055173,0.236109,7.4
2026-02-24 22:00:00,1.98917,4.23227,0.244351,1.74482,0.121737,0.068257,0.218763,6.302
2026-02-24 23:00:00,0.664436,1.47652,0.064452,0.599984,0.110371,0.024473,0.189884,4.84
2026-02-25 00:00:00,0.381663,0.798459,0.056159,0.325504,0.06787,0.020179,0.123592,2.315
2026-02-25 01:00:00,0.659547,1.55553,0.03265,0.626897,0.055729,0.012916,0.101926,1.945
2026-02-25 02:00:00,0.298898,0.916868,0.0379,0.260998,0.066793,0.008097,0.111144,2.121
2026-02-25 03:00:00,0.379893,1.22546,0.03757,0.342323,0.065068,0.014238,0.100985,1.522
2026-02-25 04:00:00,0.334142,0.879321,0.031917,0.302225,0.053257,0.010322,0.092673,1.856
2026-02-25 05:00:00,0.125764,0.284535,0.021899,0.103865,0.041673,0.00409,0.072668,1.014
2026-02-25 06:00:00,0.238099,0.531472,0.013024,0.225075,0.061407,0.008194,0.137864,1.533
2026-02-25 07:00:00,0.505242,1.00646,0.028276,0.476966,0.057717,0.013819,0.111122,1.617
2026-02-25 08:00:00,0.933905,1.79597,0.137329,0.796576,0.093268,0.041722,0.160408,3.578
2026-02-25 09:00:00,0.815445,1.76503,0.069864,0.745581,0.088464,0.026587,0.150358,3.604
2026-02-25 10:00:00,0.610123,1.99386,0.071606,0.538517,0.072099,0.022317,0.123575,2.942
2026-02-25 11:00:00,0.852008,2.25399,0.062631,0.789377,0.072194,0.03227,0.14267,4.72
2026-02-25 12:00:00,0.438562,0.660485,0.065414,0.373148,0.103288,0.031708,0.165043,3.86
2026-02-25 13:00:00,0.608885,1.16644,0.096943,0.511942,0.080093,0.032798,0.146237,4.495
2026-02-25 14:00:00,1.98866,5.28899,0.223796,1.76486,0.089839,0.048505,0.166856,6.134
2026-02-25 15:00:00,1.55376,3.237,0.152926,1.40083,0.092552,0.046516,0.22735,6.512
2026-02-25 16:00:00,1.95316,2.92389,0.181384,1.77178,0.111417,0.061746,0.281901,7.853
2026-02-25 17:00:00,0.602944,0.939166,0.069331,0.533613,0.087613,0.03078,0.197084,4.505
2026-02-25 18:00:00,1.44021,2.48313,0.329427,1.11079,0.140178,0.059425,0.258029,6.248
2026-02-25 19:00:00,1.79386,2.66944,0.258624,1.53524,0.156164,0.081332,0.34432,9.213
2026-02-25 20:00:00,1.83793,1.62649,0.324159,1.51377,0.140577,0.06862,0.313391,7.827
2026-02-25 21:00:00,2.02116,3.04392,0.14412,1.87704,0.167835,0.083501,0.360224,12.156
2026-02-25 22:00:00,2.14025,4.11587,0.231717,1.90853,0.123917,0.070819,0.256846,6.242
2026-02-25 23:00:00,0.987869,2.235,0.134286,0.853583,0.128806,0.046632,0.351301,6.331
2026-02-26 00:00:00,0.402027,0.84459,0.049562,0.352465,0.083033,0.014609,0.117542,2.867
2026-02-26 01:00:00,0.172957,0.428109,0.027266,0.145691,0.078444,0.008213,0.102262,2.106
2026-02-26 02:00:00,0.811335,2.30493,0.10676,0.704575,0.109855,0.025695,0.17828,3.364
2026-02-26 03:00:00,0.12568,0.408052,0.039616,0.086064,0.093903,0.015775,0.118103,1.507
2026-02-26 04:00:00,0.028899,0.085002,0.011432,0.017467,0.036461,0.009249,0.076248,1.019
2026-02-26 05:00:00,0.015074,0.030517,0.006292,0.008782,0.022561,0.002551,0.084281,1.573
2026-02-26 06:00:00,0.119322,0.248588,0.007457,0.111865,0.022436,0.003658,0.049792,0.742
2026-02-26 07:00:00,0.506342,0.95177,0.038782,0.46756,0.053649,0.015935,0.092276,1.747
2026-02-26 08:00:00,0.410655,0.941868,0.179234,0.231421,0.067216,0.01313,0.114642,2.228
2026-02-26 09:00:00,0.344903,0.8212,0.093692,0.251211,0.045276,0.012488,0.089754,1.707
2026-02-26 10:00:00,0.417802,0.822444,0.037002,0.3808,0.061896,0.023285,0.182828,3.153
2026-02-26 11:00:00,0.358238,1.05987,0.063072,0.295166,0.086738,0.017587,0.178778,3.128
2026-02-26 12:00:00,0.61997,1.89016,0.145444,0.474526,0.109029,0.039712,0.262427,4.437
2026-02-26 13:00:00,0.473713,1.4355,0.129148,0.344565,0.125331,0.030285,0.344328,7.339
2026-02-26 14:00:00,0.27517,0.989821,0.058188,0.216982,0.082678,0.031592,0.26236,5.933
2026-02-26 15:00:00,0.982417,3.03215,0.230877,0.75154,0.101317,0.037789,0.308102,6.186
2026-02-26 16:00:00,1.5844,4.28216,0.073949,1.51045,0.094419,0.071615,0.301694,6.424
2026-02-26 17:00:00,0.857497,1.6748,0.069222,0.788275,0.098832,0.053291,0.265125,4.418
2026-02-26 18:00:00,1.24646,2.01692,0.184448,1.06201,0.132878,0.066014,0.251277,5.634
2026-02-26 19:00:00,1.19175,2.35524,0.100213,1.09154,0.136076,0.068482,0.243963,5.239
2026-02-26 20:00:00,2.27842,3.79737,0.24997,2.02845,0.173863,0.079358,0.353846,8.017
2026-02-26 21:00:00,1.664,3.01449,0.440831,1.22317,0.178329,0.068594,0.423705,7.206
2026-02-26 22:00:00,0.793311,1.83637,0.089497,0.703814,0.114732,0.068479,0.337598,5.304
2026-02-26 23:00:00,1.1874,2.42327,0.146247,1.04116,0.136514,0.053135,0.399141,6.868
2026-02-27 00:00:00,0.552902,1.69602,0.03488,0.518022,0.034874,0.027894,0.085665,1.658
2026-02-27 01:00:00,0.160839,0.595696,0.006385,0.154454,0.021144,0.007268,0.039383,0.636
2026-02-27 02:00:00,0.643162,2.38208,0.024925,0.618237,0.029636,0.020032,0.05354,1.191
2026-02-27 03:00:00,0.552464,1.64424,0.025383,0.527081,0.062128,0.025322,0.089592,2.254
2026-02-27 04:00:00,0.01359,0.047187,0.004681,0.008909,0.011053,0.001477,0.025763,0.381
2026-02-27 05:00:00,0.134679,0.724086,0.00945,0.125229,0.020189,0.008152,0.038056,0.411
2026-02-27 06:00:00,0.849327,2.8501,0.048657,0.80067,0.033595,0.020271,0.06608,1.699
2026-02-27 07:00:00,0.300153,0.789879,0.036314,0.263839,0.051006,0.011832,0.101563,2.601
2026-02-27 08:00:00,0.557163,1.42133,0.082866,0.474297,0.056028,0.022847,0.135562,3.09
2026-02-27 09:00:00,0.5849,2.01689,0.057962,0.526938,0.059793,0.023582,0.108991,3.766
2026-02-27 10:00:00,0.56246,2.40367,0.065367,0.497093,0.057574,0.03555,0.109424,2.391
2026-02-27 11:00:00,0.572555,1.92133,0.065389,0.507166,0.049119,0.023623,0.097856,2.149
2026-02-27 12:00:00,0.796541,2.6202,0.127897,0.668644,0.072156,0.031317,0.130161,3.54
2026-02-27 13:00:00,0.489607,1.78689,0.080672,0.408935,0.117439,0.030287,0.2268,6.139
2026-02-27 14:00:00,0.796738,2.26346,0.068304,0.728434,0.087822,0.062058,0.296168,5.554
2026-02-27 15:00:00,0.894322,3.04191,0.084681,0.809641,0.092753,0.049618,0.286741,5.648
2026-02-27 16:00:00,1.21793,3.75905,0.232896,0.985035,0.105899,0.051792,0.188562,6.953
2026-02-27 17:00:00,1.27932,2.92083,0.182612,1.09671,0.100588,0.057625,0.179033,5.132
2026-02-27 18:00:00,0.563467,0.917702,0.127533,0.435934,0.120029,0.038533,0.214523,7.993
2026-02-27 19:00:00,0.503808,0.995666,0.053692,0.450116,0.106451,0.022036,0.166662,4.632
2026-02-27 20:00:00,0.598896,1.37361,0.176048,0.422848,0.126383,0.030804,0.190266,3.513
2026-02-27 21:00:00,0.967339,2.91367,0.075743,0.891596,0.160755,0.061607,0.232259,5.935
2026-02-27 22:00:00,1.52037,4.72165,0.096984,1.42339,0.178763,0.068807,0.322285,7.206
2026-02-27 23:00:00,0.715098,2.02005,0.093865,0.621233,0.11397,0.045429,0.213367,2.16
2026-02-28 00:00:00,0.765037,1.97175,0.050991,0.714046,0.058726,0.032418,0.106653,1.601
2026-02-28 01:00:00,0.646604,0.848563,0.023273,0.623331,0.038524,0.024349,0.072002,1.325
2026-02-28 02:00:00,0.321795,1.38705,0.014822,0.306973,0.01727,0.008232,0.036011,0.518
2026-02-28 03:00:00,0.057252,0.349104,0.005472,0.05178,0.012868,0.002025,0.028576,0.333
2026-02-28 04:00:00,0.453405,1.74386,0.015822,0.437583,0.033889,0.020953,0.068872,2.042
2026-02-28 05:00:00,0.228232,1.03742,0.02417,0.204062,0.021157,0.005602,0.055152,1.203
2026-02-28 06:00:00,0.316708,1.53742,0.014572,0.302136,0.019002,0.010493,0.044426,0.795
2026-02-28 07:00:00,0.155012,0.578401,0.018252,0.13676,0.028694,0.009202,0.058743,1.058
2026-02-28 08:00:00,1.4709,5.40772,0.380676,1.09022,0.089309,0.051931,0.155721,3.324
2026-02-28 09:00:00,0.485231,2.47567,0.086454,0.398777,0.068832,0.020721,0.117749,2.547
2026-02-28 10:00:00,0.416424,2.02148,0.044621,0.371803,0.050106,0.015694,0.08693,2.411
2026-02-28 11:00:00,0.714329,3.079,0.15943,0.554899,0.077822,0.036541,0.122109,2.676
2026-02-28 12:00:00,1.48429,2.26956,0.151759,1.33253,0.130815,0.067947,0.235251,5.727
2026-02-28 13:00:00,1.15519,1.56107,0.139107,1.01609,0.122954,0.04388,0.212266,6.119
2026-02-28 14:00:00,1.08288,1.59497,0.13167,0.951206,0.114758,0.041191,0.200205,5.69846
2026-02-28 15:00:00,1.01056,1.62886,0.124233,0.886326,0.106562,0.038502,0.188145,5.27791
2026-02-28 16:00:00,0.938241,1.66275,0.116796,0.821445,0.098367,0.035813,0.176084,4.85736
2026-02-28 17:00:00,,,,,,,,
2026-02-28 18:00:00,,,,,,,,
2026-02-28 19:00:00,,,,,,,,
2026-02-28 20:00:00,,,,,,,,
2026-02-28 21:00:00,,,,,,,,
2026-02-28 22:00:00,,,,,,,,
2026-02-28 23:00:00,,,,,,,,
2026-03-01 00:00:00,0.3597,1.9339,0.0573,0.3024,0.0328,0.0143,0.0796,1.493
2026-03-01 01:00:00,0.3368,2.4403,0.0116,0.3251,0.04,0.0145,0.1341,1.822
2026-03-01 02:00:00,0.8442,5.9449,0.0259,0.8183,0.0515,0.0203,0.2599,3.284
2026-03-01 03:00:00,0.0097,0.0676,0.0048,0.0049,0.0191,0.0018,0.0952,1.951
2026-03-01 04:00:00,0.0292,0.1946,0.0061,0.0231,0.065,0.0077,0.1225,1.973
2026-03-01 05:00:00,0.0337,0.2762,0.0091,0.0246,0.029,0.0084,0.0928,1.951
2026-03-01 06:00:00,0.0441,0.2274,0.0095,0.0346,0.0215,0.0032,0.0789,1.889
2026-03-01 07:00:00,0.3654,1.3735,0.0977,0.2677,0.0404,0.0088,0.1264,2.723
2026-03-01 08:00:00,0.5787,2.1756,0.0753,0.5035,0.0551,0.017,0.1368,2.885
2026-03-01 09:00:00,0.42,1.2501,0.0644,0.3557,0.0952,0.0333,0.3208,4.219
2026-03-01 10:00:00,0.4956,2.316,0.0661,0.4295,0.0959,0.0343,0.3277,4.077
2026-03-01 11:00:00,0.686,2.3654,0.0907,0.5952,0.1127,0.021,0.3826,5.205
2026-03-01 12:00:00,0.801,2.8609,0.0728,0.7282,0.0826,0.0287,0.307,5.095
2026-03-01 13:00:00,0.6594,2.1135,0.1769,0.4825,0.0762,0.0357,0.2575,3.445
2026-03-01 14:00:00,0.4742,1.3864,0.127,0.3472,0.1149,0.0216,0.4153,7.199
2026-03-01 15:00:00,0.3119,1.1465,0.0703,0.2415,0.0982,0.0175,0.3563,4.904
2026-03-01 16:00:00,0.2083,0.7438,0.065,0.1433,0.0928,0.0282,0.2913,2.843
2026-03-01 17:00:00,1.89139,3.78278,0.21572,1.67567,0.154161,0.079101,0.26106,8.401
2026-03-01 18:00:00,1.55239,3.032,0.145187,1.4072,0.179434,0.06344,0.294728,6.078
2026-03-01 19:00:00,0.887297,1.76051,0.122357,0.76494,0.186451,0.049426,0.252016,5.927
2026-03-01 20:00:00,0.779859,1.83929,0.169097,0.610762,0.172644,0.036258,0.207238,5.644
2026-03-01 21:00:00,1.02692,2.58019,0.135347,0.891569,0.166247,0.049127,0.218076,7.449
2026-03-01 22:00:00,1.38721,3.35074,0.160404,1.2268,0.178676,0.100021,0.296054,6.002
2026-03-01 23:00:00,3.56888,10.3746,0.221293,3.34759,0.17114,0.168171,0.365605,10.422
2026-03-02 00:00:00,1.93151,7.60435,0.094731,1.83678,0.105497,0.068693,0.198168,4.418
2026-03-02 01:00:00,0.8669,3.4676,0.199367,0.667533,0.110861,0.030359,0.148341,5.169
2026-03-02 02:00:00,0.631311,2.86959,0.109065,0.522246,0.066883,0.023962,0.103967,2.738
2026-03-02 03:00:00,0.390139,1.43433,0.025344,0.364795,0.019613,0.012461,0.041555,0.932
2026-03-02 04:00:00,0.076765,0.328054,0.002117,0.074648,0.00891,0.002481,0.023672,0.198
2026-03-02 05:00:00,0.045295,0.195239,0.003684,0.041611,0.009091,0.001917,0.024462,0.27
2026-03-02 06:00:00,0.094395,0.458228,0.013905,0.08049,0.021447,0.003156,0.041718,0.609
2026-03-02 07:00:00,0.277427,0.963285,0.061866,0.215561,0.052188,0.010535,0.10111,2.029
2026-03-02 08:00:00,0.355578,1.05827,0.115709,0.239869,0.061629,0.015218,0.116771,2.08
2026-03-02 09:00:00,0.446539,1.53979,0.1744,0.272139,0.080517,0.019072,0.150119,2.289
2026-03-02 10:00:00,0.461326,2.00577,0.202881,0.258445,0.05518,0.021495,0.127052,1.67
2026-03-02 11:00:00,0.611178,2.36891,0.070347,0.540831,0.123452,0.039888,0.216056,3.067
2026-03-02 12:00:00,1.39674,3.83722,0.185879,1.21087,0.13412,0.053219,0.227107,5.777
2026-03-02 13:00:00,0.775754,3.07839,0.143496,0.632258,0.12276,0.028232,0.185773,5.019
2026-03-02 14:00:00,2.99924,14.9962,0.531906,2.46733,0.094464,0.079526,0.149286,4.766
2026-03-02 15:00:00,3.18352,15.0166,0.919788,2.26373,0.11375,0.095073,0.159147,4.488
2026-03-02 16:00:00,1.21557,5.15071,0.342551,0.873017,0.098032,0.037647,0.153212,5.86
2026-03-02 17:00:00,1.69002,4.08217,0.130091,1.55993,0.127096,0.065967,0.239978,5.649
2026-03-02 18:00:00,1.45923,2.17795,0.450049,1.00918,0.161535,0.062944,0.216711,4.893
2026-03-02 19:00:00,1.05171,2.02251,0.19971,0.851996,0.157326,0.044953,0.274067,7.03
2026-03-02 20:00:00,0.65306,1.56986,0.090584,0.562476,0.139608,0.03814,0.257186,5.581
2026-03-02 21:00:00,2.94712,6.49144,0.345856,2.60126,0.197678,0.124848,0.320936,8.012
2026-03-02 22:00:00,1.87894,5.69377,0.07826,1.80068,0.162467,0.091088,0.284054,5.727
2026-03-02 23:00:00,0.431604,1.71271,0.040398,0.391206,0.067351,0.052913,0.144061,1.795
2026-03-03 00:00:00,0.718507,3.04452,0.079372,0.639135,0.11007,0.039083,0.209108,2.394
2026-03-03 01:00:00,0.329409,2.7916,0.024486,0.304923,0.097865,0.017836,0.146041,1.453
2026-03-03 02:00:00,0.073979,0.321654,0.008879,0.0651,0.053562,0.011296,0.083164,0.807
2026-03-03 03:00:00,0.093036,0.456062,0.023159,0.069877,0.054187,0.007369,0.078029,1.325
2026-03-03 04:00:00,0.19547,1.33883,0.014641,0.180829,0.048188,0.007058,0.072309,1.451
2026-03-03 05:00:00,0.342416,2.55535,0.011606,0.33081,0.04024,0.008575,0.061366,1.118
2026-03-03 06:00:00,0.109429,0.607933,0.010983,0.098446,0.044377,0.003006,0.071443,1.28
2026-03-03 07:00:00,0.359922,0.810634,0.034941,0.324981,0.081226,0.016167,0.178153,2.776
2026-03-03 08:00:00,0.661528,1.60565,0.051577,0.609951,0.065707,0.019156,0.115166,2.39
2026-03-03 09:00:00,1.70391,5.07117,0.138294,1.56562,0.088658,0.058441,0.150558,3.307
2026-03-03 10:00:00,0.778686,2.94957,0.082663,0.696023,0.058179,0.025702,0.116167,3.01
2026-03-03 11:00:00,1.25128,3.68022,0.092784,1.15849,0.101317,0.038951,0.170663,3.985
2026-03-03 12:00:00,0.896783,2.82008,0.063587,0.833196,0.108492,0.046605,0.199558,4.037
2026-03-03 13:00:00,0.793986,1.76441,0.100284,0.693702,0.113815,0.032312,0.183751,4.167
2026-03-03 14:00:00,0.249625,0.800077,0.037614,0.212011,0.080274,0.01582,0.13814,3.18
2026-03-03 15:00:00,0.195196,0.879265,0.019335,0.175861,0.039208,0.010702,0.079756,1.604
2026-03-03 16:00:00,0.722283,2.12436,0.176676,0.545607,0.073129,0.03131,0.127298,2.522
2026-03-03 17:00:00,0.979893,2.96937,0.252891,0.727002,0.080346,0.036057,0.142443,4.369
2026-03-03 18:00:00,1.89681,4.2721,0.521997,1.37481,0.158258,0.077078,0.240743,6.662
2026-03-03 19:00:00,1.23835,3.00571,0.188198,1.05015,0.155066,0.076821,0.24698,5.857
2026-03-03 20:00:00,0.961772,2.01208,0.185609,0.776163,0.209876,0.073728,0.327551,6.795
2026-03-03 21:00:00,1.56412,4.1379,0.15189,1.41223,0.135124,0.071844,0.27039,6.791
2026-03-03 22:00:00,1.64189,5.22894,0.153263,1.48863,0.117732,0.060442,0.229934,4.986
2026-03-03 23:00:00,2.88706,7.76091,0.169373,2.71769,0.129728,0.098994,0.297257,10.059
2026-03-04 00:00:00,0.509187,2.31449,0.078763,0.430424,0.060263,0.020819,0.122937,3.855
2026-03-04 01:00:00,0.034397,0.272995,0.007844,0.026553,0.013851,0.002136,0.032782,0.567
2026-03-04 02:00:00,0.045778,0.305179,0.017014,0.028764,0.028298,0.003932,0.063844,1.501
2026-03-04 03:00:00,0.067045,0.620787,0.014306,0.052739,0.059907,0.017121,0.111486,1.847
2026-03-04 04:00:00,0.341737,2.47636,0.022708,0.319029,0.011198,0.00972,0.027306,0.51
2026-03-04 05:00:00,0.100485,0.966207,0.002973,0.097512,0.00916,0.004853,0.024059,0.27
2026-03-04 06:00:00,0.118539,1.16215,0.008896,0.109643,0.009762,0.003691,0.0252,0.318
2026-03-04 07:00:00,0.298127,1.01404,0.061165,0.236962,0.063947,0.010075,0.12265,2.601
2026-03-04 08:00:00,0.357164,0.884069,0.083612,0.273552,0.054447,0.015423,0.108479,2.058
2026-03-04 09:00:00,0.417906,1.57107,0.16508,0.252826,0.091998,0.015662,0.124962,3.615
2026-03-04 10:00:00,0.888651,4.07638,0.184106,0.704545,0.116597,0.042205,0.170602,5.429
2026-03-04 11:00:00,1.40642,5.71715,0.203924,1.2025,0.162813,0.067891,0.286286,8.013
2026-03-04 12:00:00,1.90109,6.05444,0.142789,1.75831,0.099924,0.056572,0.172608,5.016
2026-03-04 13:00:00,1.58757,4.8999,0.271384,1.31618,0.126324,0.045862,0.234327,5.576
2026-03-04 14:00:00,0.503186,1.83644,0.061734,0.441452,0.080351,0.028599,0.139026,2.512
2026-03-04 15:00:00,1.24527,4.32387,0.106209,1.13907,0.090126,0.073519,0.184866,4.185
2026-03-04 16:00:00,1.50186,3.93156,0.225065,1.27679,0.117063,0.070734,0.240835,4.514
2026-03-04 17:00:00,1.15662,2.27682,0.292272,0.864352,0.140825,0.061056,0.249576,5.596
2026-03-04 18:00:00,1.28656,2.10222,0.182151,1.10441,0.135424,0.061173,0.214142,8.42
2026-03-04 19:00:00,1.04516,1.8934,0.227315,0.817844,0.142708,0.039609,0.218754,6.985
2026-03-04 20:00:00,1.13333,2.68561,0.380673,0.752653,0.16268,0.062138,0.244294,6.641
2026-03-04 21:00:00,1.07994,3.37481,0.108548,0.97139,0.127021,0.042363,0.212588,5.463
2026-03-04 22:00:00,1.48718,4.39993,0.208792,1.27838,0.118074,0.06843,0.210877,5.581
2026-03-04 23:00:00,1.35928,4.53094,0.183552,1.17573,0.123722,0.052785,0.197612,5.42
2026-03-05 00:00:00,1.18834,5.25814,0.070371,1.11797,0.075072,0.042258,0.117544,2.682
2026-03-05 01:00:00,0.993804,4.07297,0.045571,0.948233,0.047878,0.029092,0.100742,2.619
2026-03-05 02:00:00,0.076866,0.392176,0.009407,0.067459,0.022001,0.005453,0.052003,0.809
2026-03-05 03:00:00,0.055429,0.214842,0.00737,0.048059,0.021443,0.002715,0.040372,0.497
2026-03-05 04:00:00,0.071189,0.317802,0.001991,0.069198,0.010961,0.002516,0.027016,0.351
2026-03-05 05:00:00,0.027223,0.144799,0.001405,0.025818,0.005592,0.001078,0.018332,0.136
2026-03-05 06:00:00,0.039404,0.151549,0.004767,0.034637,0.015502,0.002074,0.032386,0.258
2026-03-05 07:00:00,0.930578,2.64369,0.162816,0.767762,0.069621,0.026467,0.112054,2.653
2026-03-05 08:00:00,0.824799,2.5775,0.133179,0.69162,0.065131,0.031742,0.125875,2.619
2026-03-05 09:00:00,1.47297,4.57443,0.126372,1.34659,0.081841,0.044932,0.182501,4.078
2026-03-05 10:00:00,0.417064,1.33674,0.076161,0.340903,0.079176,0.021146,0.166633,3.174
2026-03-05 11:00:00,0.496789,1.98715,0.074087,0.422702,0.076083,0.031748,0.13711,2.478
2026-03-05 12:00:00,3.3559,9.64338,0.276503,3.07939,0.165436,0.110923,0.346085,8.628
2026-03-05 13:00:00,0.826474,2.33467,0.128206,0.698268,0.121698,0.065041,0.241551,4.152
2026-03-05 14:00:00,0.813558,2.71186,0.126355,0.687203,0.102107,0.049062,0.198816,3.932
2026-03-05 15:00:00,0.508535,1.69512,0.043187,0.465348,0.061654,0.033458,0.122817,2.914
2026-03-05 16:00:00,0.735919,1.90653,0.170327,0.565592,0.097138,0.045454,0.155743,2.705
2026-03-05 17:00:00,0.709747,1.65057,0.201557,0.50819,0.115129,0.036331,0.17153,3.154
2026-03-05 18:00:00,0.875798,1.80205,0.100611,0.775187,0.101735,0.053474,0.187031,4.262
2026-03-05 19:00:00,1.61456,4.48488,0.108984,1.50557,0.147346,0.088596,0.242185,5.122
2026-03-05 20:00:00,2.20547,5.54139,0.176557,2.02891,0.141776,0.115498,0.292612,7.171
2026-03-05 21:00:00,1.20529,3.01322,0.128599,1.07669,0.11532,0.086607,0.19212,3.717
2026-03-05 22:00:00,0.923057,2.49475,0.108825,0.814232,0.073726,0.09749,0.164461,5.324
2026-03-05 23:00:00,0.858634,2.78777,0.06061,0.798024,0.069227,0.047737,0.156957,3.299
2026-03-06 00:00:00,1.94881,7.06092,0.126412,1.8224,0.077708,0.06443,0.183396,5.555
2026-03-06 01:00:00,1.45213,7.48519,0.062183,1.38994,0.047219,0.029942,0.165609,3.08
2026-03-06 02:00:00,0.231159,1.2563,0.061565,0.169594,0.058972,0.009535,0.21294,3.333
2026-03-06 03:00:00,0.421767,2.48098,0.022694,0.399073,0.070943,0.012769,0.223968,3.707
2026-03-06 04:00:00,0.043525,0.231514,0.006082,0.037443,0.034418,0.003991,0.127526,2.466
2026-03-06 05:00:00,0.161212,0.719705,0.016003,0.145209,0.053973,0.008087,0.219957,2.701
2026-03-06 06:00:00,0.08744,0.291467,0.014486,0.072954,0.048011,0.00449,0.124346,2.283
2026-03-06 07:00:00,0.839865,1.8747,0.187836,0.652029,0.071634,0.020972,0.148758,3.951
2026-03-06 08:00:00,0.619272,1.59606,0.147241,0.472031,0.074063,0.023702,0.1313,2.817
2026-03-06 09:00:00,0.548667,1.98793,0.091037,0.45763,0.045888,0.019396,0.0908,2.108
2026-03-06 10:00:00,0.473527,1.43493,0.044697,0.42883,0.050975,0.0216,0.096494,1.726
2026-03-06 11:00:00,0.498926,1.23497,0.088514,0.410412,0.12102,0.035276,0.219992,6.574
2026-03-06 12:00:00,1.75046,4.18771,0.229269,1.5212,0.108666,0.080974,0.185456,5.696
2026-03-06 13:00:00,0.54587,1.8567,0.205842,0.340028,0.061958,0.027805,0.112255,1.951
2026-03-06 14:00:00,0.7967,2.2635,0.0683,0.7284,0.0878,0.0621,0.2962,5.554
2026-03-06 15:00:00,0.893083,2.70631,0.057729,0.835354,0.099623,0.116578,0.209099,2.138
2026-03-06 16:00:00,0.630837,1.57709,0.140796,0.490041,0.08587,0.028094,0.145336,3.103
2026-03-06 17:00:00,0.876673,1.75335,0.133733,0.74294,0.101987,0.040022,0.196367,4.117
2026-03-06 18:00:00,1.00457,1.74405,0.101473,0.903102,0.11705,0.054494,0.259925,6.331
2026-03-06 19:00:00,0.888624,1.35875,0.315135,0.573489,0.11391,0.045123,0.33707,5.809
2026-03-06 20:00:00,0.403184,0.796805,0.077787,0.325397,0.107,0.033431,0.362003,5.264
2026-03-06 21:00:00,1.97852,4.15655,0.832818,1.1457,0.203398,0.082613,0.384589,7.688
2026-03-06 22:00:00,1.24494,2.60449,0.174664,1.07028,0.106948,0.071665,0.36076,6.005
2026-03-06 23:00:00,2.17831,4.55713,0.487455,1.69085,0.152926,0.086461,0.440496,9.645
2026-03-07 00:00:00,1.65175,5.58022,0.080092,1.57165,0.105713,0.074885,0.287369,6.954
2026-03-07 01:00:00,0.707779,3.15973,0.042817,0.664962,0.101174,0.02564,0.231518,4.51
2026-03-07 02:00:00,0.696857,3.25634,0.051673,0.645184,0.067502,0.026203,0.210702,3.575
2026-03-07 03:00:00,0.056052,0.43791,0.033352,0.0227,0.06596,0.025618,0.280769,2.643
2026-03-07 04:00:00,0.151956,1.24554,0.031312,0.120644,0.049776,0.021433,0.171455,1.963
2026-03-07 05:00:00,0.242002,1.53164,0.044796,0.197206,0.009505,0.005129,0.022692,0.417
2026-03-07 06:00:00,0.893688,4.29658,0.024734,0.868954,0.039945,0.023117,0.064578,1.844
2026-03-07 07:00:00,0.641568,2.3587,0.082601,0.558967,0.050393,0.016353,0.078024,1.682
2026-03-07 08:00:00,0.603564,2.1711,0.044765,0.558799,0.063083,0.023515,0.107782,2.414
2026-03-07 09:00:00,0.475702,1.09609,0.073827,0.401875,0.066821,0.035461,0.238522,4.214
2026-03-07 10:00:00,0.811744,1.77237,0.078496,0.733248,0.072835,0.040114,0.233878,3.743
2026-03-07 11:00:00,1.48522,3.09422,0.107888,1.37733,0.089379,0.051671,0.215923,4.208
2026-03-07 12:00:00,1.26968,2.40833,0.11555,1.15413,0.11862,0.053427,0.283857,5.333
2026-03-07 13:00:00,1.05413,1.72244,0.123213,0.93092,0.147862,0.055183,0.35179,6.458
2026-03-07 14:00:00,0.662691,1.29939,0.085413,0.577278,0.117929,0.034931,0.236362,4.263
2026-03-07 15:00:00,1.65493,2.71299,0.118681,1.53625,0.117281,0.064,0.228044,4.639
2026-03-07 16:00:00,2.17919,4.39353,0.224835,1.95436,0.091307,0.075426,0.211074,4.287
2026-03-07 17:00:00,1.25479,2.42238,0.183516,1.07128,0.112787,0.051953,0.22334,5.704
2026-03-07 18:00:00,1.54377,2.93492,0.243812,1.29996,0.145897,0.098082,0.313635,7.556
2026-03-07 19:00:00,1.96413,3.76269,0.355879,1.60825,0.119134,0.070586,0.27046,6.582
2026-03-07 20:00:00,2.19867,3.95444,0.308857,1.88981,0.132004,0.095174,0.277271,8.159
2026-03-07 21:00:00,1.81627,4.77964,0.209804,1.60646,0.113054,0.085438,0.259014,8.565
2026-03-07 22:00:00,0.947269,2.26619,0.109902,0.837367,0.104334,0.060724,0.26757,8.18
2026-03-07 23:00:00,1.73771,3.81076,0.132584,1.60512,0.14203,0.083118,0.357521,10.893
2026-03-08 00:00:00,2.7397,4.02896,0.13825,2.60145,0.173144,0.091219,0.388416,13.02
2026-03-08 01:00:00,1.59722,2.25596,0.117957,1.47927,0.102825,0.054733,0.233272,6.688
2026-03-08 02:00:00,0.249094,0.326894,0.048939,0.200155,0.04529,0.01325,0.142685,3.139
2026-03-08 03:00:00,0.079547,0.120892,0.033627,0.04592,0.039291,0.00642,0.134568,2.497
2026-03-08 04:00:00,0.096583,0.160435,0.052557,0.044026,0.017563,0.005074,0.04286,0.881
2026-03-08 05:00:00,0.043025,0.177787,0.005365,0.03766,0.01169,0.001693,0.027435,0.429
2026-03-08 06:00:00,0.054634,0.205393,0.003356,0.051278,0.010905,0.002189,0.027248,0.243
2026-03-08 07:00:00,0.268601,0.91987,0.020233,0.248368,0.03956,0.008822,0.066028,1.111
2026-03-08 08:00:00,0.511147,1.63829,0.056824,0.454323,0.062771,0.028478,0.118283,3.257
2026-03-08 09:00:00,0.648503,1.39164,0.075619,0.572884,0.084751,0.027474,0.157963,3.37
2026-03-08 10:00:00,1.55366,3.23678,0.241495,1.31216,0.157589,0.048627,0.243526,7.072
2026-03-08 11:00:00,1.18191,2.51471,0.301597,0.880317,0.128454,0.038662,0.183886,4.166
2026-03-08 12:00:00,0.976803,1.6226,0.148756,0.828047,0.164671,0.077446,0.324274,6.791
2026-03-08 13:00:00,0.93884,1.50939,0.128358,0.810482,0.157205,0.117794,0.308462,5.337
2026-03-08 14:00:00,0.964496,2.20204,0.143033,0.821463,0.087277,0.052851,0.210388,3.803
2026-03-08 15:00:00,0.596231,1.32496,0.074889,0.521342,0.081927,0.034983,0.177108,4.236
2026-03-08 16:00:00,1.235,3.15052,0.117313,1.11769,0.084803,0.047261,0.172558,4.267
2026-03-08 17:00:00,2.17143,4.09703,0.198345,1.97308,0.152146,0.09523,0.268547,7.705
2026-03-08 18:00:00,1.27596,2.91315,0.097754,1.1782,0.093923,0.046421,0.167429,4.585
2026-03-08 19:00:00,1.01283,2.10131,0.08226,0.930572,0.12709,0.060323,0.216732,4.878
2026-03-08 20:00:00,0.779826,1.6592,0.063054,0.716772,0.105961,0.046728,0.17361,3.141
2026-03-08 21:00:00,1.12087,2.37472,0.094753,1.02611,0.128638,0.048843,0.234994,6.106
2026-03-08 22:00:00,1.45337,3.10549,0.210955,1.24241,0.184333,0.062451,0.274165,8.551
2026-03-08 23:00:00,0.991355,3.05974,0.078783,0.912572,0.082532,0.080527,0.235897,3.417
2026-03-09 00:00:00,0.637054,2.65439,0.054865,0.582189,0.040066,0.062326,0.09341,2.531
2026-03-09 01:00:00,1.42994,4.03939,0.057637,1.37231,0.040087,0.052294,0.234168,4.171
2026-03-09 02:00:00,0.431218,1.60902,0.024127,0.407091,0.031029,0.013659,0.11221,1.898
2026-03-09 03:00:00,0.030001,0.107917,0.00802,0.021981,0.014574,0.008511,0.035544,0.536
2026-03-09 04:00:00,0.025902,0.106157,0.003417,0.022485,0.007162,0.001574,0.020992,0.163
2026-03-09 05:00:00,0.03271,0.112022,0.024103,0.008607,0.015853,0.001899,0.034803,1.041
2026-03-09 06:00:00,0.04667,0.180894,0.009785,0.036885,0.015754,0.002865,0.042991,0.508
2026-03-09 07:00:00,0.682089,1.64756,0.180731,0.501358,0.065375,0.018696,0.117536,2.711
2026-03-09 08:00:00,0.76671,2.06105,0.181738,0.584972,0.095228,0.028349,0.183614,3.286
2026-03-09 09:00:00,0.714728,2.4817,0.085792,0.628936,0.090073,0.024366,0.197463,3.537
2026-03-09 10:00:00,0.393451,1.43596,0.070148,0.323303,0.085291,0.016494,0.168125,2.944
2026-03-09 11:00:00,1.09056,3.51794,0.107744,0.982819,0.112983,0.043641,0.222546,4.748
2026-03-09 12:00:00,1.36017,4.30435,0.12141,1.23876,0.105844,0.061753,0.216037,5.646
2026-03-09 13:00:00,0.97943,2.66149,0.21177,0.76766,0.176575,0.069087,0.330097,5.403
2026-03-09 14:00:00,1.01783,3.28332,0.066272,0.951559,0.139428,0.043609,0.237684,3.661
2026-03-09 15:00:00,2.49825,5.22647,0.101454,2.3968,0.117958,0.116327,0.263958,6.016
2026-03-09 16:00:00,0.524535,1.00102,0.112448,0.412087,0.131516,0.02949,0.298551,4.386
2026-03-09 17:00:00,2.0183,6.3072,0.266239,1.75207,0.138632,0.074464,0.29174,6.785
2026-03-09 18:00:00,1.20053,2.59855,0.189369,1.01116,0.108857,0.057105,0.196345,6.262
2026-03-09 19:00:00,2.71349,3.97873,0.191064,2.52243,0.208176,0.112381,0.318271,8.286
2026-03-09 20:00:00,2.16126,4.01721,0.142524,2.01873,0.244008,0.149708,0.398355,6.974
2026-03-09 21:00:00,1.72153,3.14147,0.240586,1.48094,0.204825,0.068403,0.322161,11.64
2026-03-09 22:00:00,1.62922,4.09352,0.262748,1.36647,0.186782,0.068021,0.302714,11.041
2026-03-09 23:00:00,1.64337,5.04102,0.227324,1.41605,0.149884,0.097772,0.261223,5.836
2026-03-10 00:00:00,2.13734,3.23839,0.486663,1.65067,0.176599,0.084128,0.249558,9.008
2026-03-10 01:00:00,0.681578,0.962681,0.063641,0.617937,0.090595,0.032098,0.165172,5.58
2026-03-10 02:00:00,0.252544,0.334938,0.022623,0.229921,0.03168,0.009929,0.061991,0.973
2026-03-10 03:00:00,0.852603,1.37961,0.016261,0.836342,0.033953,0.024811,0.062676,1.1
2026-03-10 04:00:00,0.139151,0.317696,0.00708,0.132071,0.016001,0.003974,0.033672,0.485
2026-03-10 05:00:00,0.12934,0.621815,0.003125,0.126215,0.00507,0.002995,0.019039,0.3
2026-03-10 06:00:00,0.094876,0.408945,0.005185,0.089691,0.008389,0.003215,0.025211,0.284
2026-03-10 07:00:00,1.00055,2.63304,0.060238,0.940316,0.054222,0.024078,0.100969,2.162
2026-03-10 08:00:00,1.44236,3.96253,0.180967,1.2614,0.118597,0.060569,0.255145,5.15
2026-03-10 09:00:00,0.398011,1.09948,0.070115,0.327896,0.089759,0.021186,0.222963,3.936
2026-03-10 10:00:00,0.796451,1.81838,0.076835,0.719616,0.096246,0.039792,0.257556,4.042
2026-03-10 11:00:00,1.30738,3.55268,0.216713,1.09067,0.118895,0.045344,0.284143,4.299
2026-03-10 12:00:00,1.1514,3.69038,0.131184,1.02021,0.141919,0.064848,0.25059,6.552
2026-03-10 13:00:00,0.805506,2.89751,0.124773,0.680733,0.181945,0.034368,0.333777,6.055
2026-03-10 14:00:00,1.18476,4.70144,0.098126,1.08664,0.101926,0.039529,0.278278,3.92
2026-03-10 15:00:00,0.682494,2.54662,0.068712,0.613782,0.084417,0.031008,0.243591,2.933
2026-03-10 16:00:00,0.950572,2.84602,0.133013,0.817559,0.118476,0.037236,0.25469,5.117
2026-03-10 17:00:00,1.63814,3.66791,0.260662,1.37748,0.138865,0.065425,0.267334,6.613
2026-03-10 18:00:00,2.32571,4.48979,0.38831,1.9374,0.159254,0.093615,0.279977,8.109
2026-03-10 19:00:00,0.9533,2.77122,0.179958,0.773342,0.11929,0.076042,0.198464,5.244
2026-03-10 20:00:00,1.1009,3.21901,0.126683,0.974217,0.161725,0.055936,0.277384,6.64
2026-03-10 21:00:00,0.894634,2.01494,0.217479,0.677155,0.142348,0.039601,0.201178,5.666
2026-03-10 22:00:00,1.13858,2.49688,0.101696,1.03688,0.079764,0.056181,0.156944,3.826
2026-03-10 23:00:00,1.96541,5.74682,0.152268,1.81314,0.1391,0.069975,0.244011,7.001
2026-03-11 00:00:00,1.69438,2.33386,0.106293,1.58809,0.123424,0.064344,0.222596,6.675
2026-03-11 01:00:00,0.12771,0.171193,0.02261,0.1051,0.064691,0.009042,0.100694,1.526
2026-03-11 02:00:00,0.043301,0.067237,0.031757,0.011544,0.066065,0.0072,0.08593,1.381
2026-03-11 03:00:00,0.031954,0.045259,0.021233,0.010721,0.056383,0.006002,0.070364,0.898
2026-03-11 04:00:00,0.080906,0.112998,0.032978,0.047928,0.037942,0.003579,0.05363,0.809
2026-03-11 05:00:00,0.013013,0.053771,0.007999,0.005014,0.007725,0.000676,0.021174,0.225
2026-03-11 06:00:00,0.199539,0.860085,0.012239,0.1873,0.017631,0.006316,0.039338,0.539
2026-03-11 07:00:00,0.507877,1.40297,0.091864,0.416013,0.087294,0.01896,0.15514,3.01
2026-03-11 08:00:00,1.02253,3.02523,0.119115,0.903412,0.102967,0.039833,0.249237,3.722
2026-03-11 09:00:00,0.60337,1.76424,0.075897,0.527473,0.076171,0.033426,0.208569,2.689
2026-03-11 10:00:00,0.850741,3.63564,0.084507,0.766234,0.082357,0.043734,0.235303,3.972
2026-03-11 11:00:00,1.33159,4.52923,0.14785,1.18374,0.12396,0.054039,0.289923,5.139
2026-03-11 12:00:00,1.20765,4.16431,0.127483,1.08017,0.154129,0.061879,0.287116,5.081
2026-03-11 13:00:00,1.19423,3.87737,0.194967,0.999262,0.122926,0.067343,0.318369,3.979
2026-03-11 14:00:00,1.49223,4.81365,0.158743,1.33349,0.140863,0.084059,0.30036,4.549
2026-03-11 15:00:00,1.84016,7.48031,0.122531,1.71762,0.107107,0.048469,0.276566,4.052
2026-03-11 16:00:00,2.37946,6.91704,0.292471,2.08699,0.176673,0.057516,0.30418,7.646
2026-03-11 17:00:00,1.68582,3.83141,0.232373,1.45345,0.148138,0.076727,0.336021,8.312
2026-03-11 18:00:00,1.27702,2.11427,0.302294,0.974727,0.135664,0.067829,0.246669,7.023
2026-03-11 19:00:00,0.977461,2.59963,0.112477,0.864984,0.120753,0.055914,0.249768,4.728
2026-03-11 20:00:00,1.45531,3.56694,0.284684,1.17063,0.129274,0.065288,0.230585,5.787
2026-03-11 21:00:00,1.78052,4.10258,0.599454,1.18107,0.240792,0.071283,0.311608,10.656
2026-03-11 22:00:00,0.972193,2.27148,0.163516,0.808677,0.161821,0.054422,0.225453,8.461
2026-03-11 23:00:00,0.841547,2.37725,0.098028,0.743519,0.086291,0.039261,0.169771,6.04
2026-03-12 00:00:00,1.34503,1.89441,0.290535,1.0545,0.131951,0.039072,0.177623,6.812
2026-03-12 01:00:00,0.468484,0.770536,0.07893,0.389554,0.051517,0.024609,0.096994,2.073
2026-03-12 02:00:00,0.738891,1.14026,0.035981,0.70291,0.086966,0.021575,0.147798,1.804
2026-03-12 03:00:00,0.092768,0.215737,0.012716,0.080052,0.056274,0.004437,0.092797,1
2026-03-12 04:00:00,0.004368,0.022985,0.002755,0.001613,0.006978,0.000787,0.020248,0.193
2026-03-12 05:00:00,0.181902,0.909512,0.010515,0.171387,0.029017,0.006081,0.048116,0.84
2026-03-12 06:00:00,0.267688,1.09708,0.020226,0.247462,0.083459,0.009633,0.10037,1.346
2026-03-12 07:00:00,0.411032,1.39807,0.084287,0.326745,0.092645,0.012091,0.141291,1.6
2026-03-12 08:00:00,0.862821,2.81968,0.137135,0.725686,0.086145,0.026499,0.203733,3.177
2026-03-12 09:00:00,0.24313,0.779265,0.028621,0.214509,0.048196,0.015622,0.097894,1.703
2026-03-12 10:00:00,0.585699,2.23549,0.145501,0.440198,0.062039,0.024966,0.124794,3.063
2026-03-12 11:00:00,0.94147,2.40171,0.093365,0.848105,0.110016,0.051047,0.224201,4.879
2026-03-12 12:00:00,1.40287,3.69177,0.23833,1.16454,0.129527,0.069399,0.24396,5.539
2026-03-12 13:00:00,0.947751,2.32292,0.284667,0.663084,0.155921,0.052423,0.258757,4.563
2026-03-12 14:00:00,1.60009,5.97047,0.175549,1.42454,0.170263,0.100248,0.278131,5.555
2026-03-12 15:00:00,0.915971,3.07373,0.333174,0.582797,0.098898,0.02895,0.178576,3.593
2026-03-12 16:00:00,0.426685,1.61624,0.080362,0.346323,0.0873,0.023556,0.185511,2.951
2026-03-12 17:00:00,1.16998,2.9545,0.2396,0.930382,0.095261,0.042253,0.161208,4.944
2026-03-12 18:00:00,0.899614,1.79923,0.156153,0.743461,0.079381,0.049642,0.162769,4.084
2026-03-12 19:00:00,0.942992,1.46427,0.129053,0.813939,0.113545,0.07401,0.221692,5.656
2026-03-12 20:00:00,0.668345,1.4404,0.112268,0.556077,0.127367,0.098128,0.222106,3.771
2026-03-12 21:00:00,0.550697,0.874123,0.091783,0.458914,0.173467,0.078659,0.235003,4.875
2026-03-12 22:00:00,1.69608,3.27429,0.297256,1.39883,0.132612,0.091286,0.211377,5.226
2026-03-12 23:00:00,1.04479,2.63837,0.073819,0.970975,0.109585,0.067767,0.194494,4.627
2026-03-13 00:00:00,0.809083,2.67908,0.034315,0.774768,0.062105,0.04334,0.133038,3.157
2026-03-13 01:00:00,0.270577,0.861709,0.024521,0.246056,0.04912,0.007588,0.083568,1.347
2026-03-13 02:00:00,0.359665,1.26642,0.024242,0.335423,0.095862,0.032319,0.098578,1.555
2026-03-13 03:00:00,0.147688,0.559428,0.007023,0.140665,0.014074,0.007517,0.040851,0.639
2026-03-13 04:00:00,0.098601,0.359859,0.028452,0.070149,0.017324,0.004153,0.031664,0.47
2026-03-13 05:00:00,0.296929,1.05294,0.022784,0.274145,0.020703,0.00941,0.046006,0.874
2026-03-13 06:00:00,0.135825,0.432561,0.011932,0.123893,0.015092,0.006038,0.035373,0.319
2026-03-13 07:00:00,0.409518,0.922338,0.047086,0.362432,0.060165,0.01565,0.097577,1.737
2026-03-13 08:00:00,0.787389,2.34342,0.27259,0.514799,0.129385,0.031186,0.188526,2.869
2026-03-13 09:00:00,0.671422,1.43466,0.060286,0.611136,0.125311,0.02535,0.194512,3.425
2026-03-13 10:00:00,0.414183,1.44819,0.049544,0.364639,0.099111,0.014944,0.1635,2.116
2026-03-13 11:00:00,0.665789,1.87019,0.082089,0.5837,0.094762,0.026778,0.213616,4.347
2026-03-13 12:00:00,1.0583,2.51975,0.137687,0.92061,0.102906,0.045557,0.205186,5.023
2026-03-13 13:00:00,0.835676,2.17624,0.096958,0.738718,0.118219,0.038622,0.244162,3.739
2026-03-13 14:00:00,0.909287,2.80645,0.085385,0.823902,0.092265,0.036195,0.215102,4.222
2026-03-13 15:00:00,0.796683,2.47417,0.100689,0.695994,0.107274,0.028529,0.251576,3.48
2026-03-13 16:00:00,0.810619,2.23928,0.242349,0.56827,0.12042,0.040304,0.271308,4.77
2026-03-13 17:00:00,1.28661,2.89776,0.340321,0.946285,0.115243,0.051543,0.256461,6.04
2026-03-13 18:00:00,1.09271,1.67594,0.251324,0.841387,0.108967,0.051358,0.195822,6.248
2026-03-13 19:00:00,1.94036,3.38041,0.228298,1.71206,0.129927,0.067867,0.237212,6.546
2026-03-13 20:00:00,1.69889,4.0258,0.239266,1.45962,0.141953,0.05682,0.222427,6.046
2026-03-13 21:00:00,0.715826,1.82609,0.069452,0.646374,0.110898,0.035925,0.199837,4.346
2026-03-13 22:00:00,0.603396,1.98486,0.054423,0.548973,0.080406,0.032362,0.209372,3.626
2026-03-13 23:00:00,1.01696,3.36743,0.129162,0.887803,0.100236,0.051435,0.212326,4.323
2026-03-14 00:00:00,0.738105,2.63609,0.044253,0.693852,0.075704,0.048813,0.155687,3.317
2026-03-14 01:00:00,0.361281,1.75379,0.02643,0.334851,0.031722,0.026423,0.072606,0.947
2026-03-14 02:00:00,0.511269,1.95141,0.034978,0.476291,0.039364,0.015789,0.079369,1.503
2026-03-14 03:00:00,0.17489,0.865793,0.021379,0.153511,0.024377,0.011651,0.04873,1.009
2026-03-14 04:00:00,0.01086,0.072398,0.00115,0.00971,0.008001,0.001939,0.022395,0.124
2026-03-14 05:00:00,0.000473,0.003079,0.000172,0.000301,0.004341,0.000796,0.016487,0.065
2026-03-14 06:00:00,0.065223,0.30479,0.007766,0.057457,0.012183,0.003414,0.029298,0.387
2026-03-14 07:00:00,0.489421,1.69938,0.031237,0.458184,0.025563,0.012159,0.060723,1.187
2026-03-14 08:00:00,0.754247,2.37184,0.057289,0.696958,0.049952,0.025246,0.100203,1.886
2026-03-14 09:00:00,0.97314,2.40877,0.104244,0.868896,0.088228,0.04881,0.178092,3.643
2026-03-14 10:00:00,1.73663,4.01999,0.326116,1.41052,0.11653,0.063589,0.200467,7.029
2026-03-14 11:00:00,0.572771,0.99786,0.088441,0.48433,0.099227,0.039687,0.181525,3.504
2026-03-14 12:00:00,2.15256,4.69991,0.226417,1.92614,0.142131,0.0839,0.231257,8.402
2026-03-14 13:00:00,1.35807,2.91432,0.114912,1.24316,0.104327,0.056159,0.227455,5.094
2026-03-14 14:00:00,0.58458,1.60599,0.139638,0.444942,0.098187,0.025245,0.15162,3.373
2026-03-14 15:00:00,1.3887,2.56218,0.126892,1.26181,0.107352,0.061307,0.206877,4.034
2026-03-14 16:00:00,1.51873,2.58287,0.224464,1.29426,0.131912,0.064894,0.26894,6.653
2026-03-14 17:00:00,1.33399,1.77865,0.10983,1.22416,0.127774,0.075518,0.249371,5.816
2026-03-14 18:00:00,1.13728,2.17869,0.204734,0.932541,0.128069,0.078906,0.244642,5.889
2026-03-14 19:00:00,0.932277,2.31909,0.203511,0.728766,0.145611,0.084428,0.254648,4.685
2026-03-14 20:00:00,1.61201,3.78407,0.161255,1.45076,0.167777,0.163674,0.362183,6.543
2026-03-14 21:00:00,0.995266,2.01471,0.081776,0.91349,0.217422,0.145182,0.370695,5.422
2026-03-14 22:00:00,1.0041,2.6013,0.085923,0.918178,0.119186,0.065794,0.188979,3.299
2026-03-14 23:00:00,0.595205,1.65334,0.086366,0.508839,0.071875,0.070238,0.131861,2.186
2026-03-15 00:00:00,0.827981,2.58744,0.042408,0.785573,0.065365,0.144721,0.147848,1.816
2026-03-15 01:00:00,0.17523,0.984444,0.022568,0.152662,0.038731,0.036347,0.085917,0.696
2026-03-15 02:00:00,0.493341,2.59653,0.049569,0.443772,0.068079,0.015926,0.093363,1.299
2026-03-15 03:00:00,0.046211,0.262563,0.012108,0.034103,0.012742,0.003154,0.029215,0.456
2026-03-15 04:00:00,0.447232,1.81802,0.020863,0.426369,0.016537,0.013896,0.051432,1.139
2026-03-15 05:00:00,0.026982,0.114331,0.002951,0.024031,0.016302,0.001289,0.039615,0.268
2026-03-15 06:00:00,0.042012,0.159137,0.010889,0.031123,0.01811,0.002461,0.038757,0.38
2026-03-15 07:00:00,0.260958,0.559996,0.019297,0.241661,0.031366,0.009022,0.067201,0.85
2026-03-15 08:00:00,0.253663,0.48409,0.035482,0.218181,0.07166,0.014112,0.138342,2.25
2026-03-15 09:00:00,0.598903,1.21728,0.050355,0.548548,0.082209,0.035026,0.163758,2.406
2026-03-15 10:00:00,1.30363,3.03171,0.102813,1.20082,0.086056,0.044991,0.162211,3.705
2026-03-15 11:00:00,0.900925,2.334,0.140011,0.760914,0.123282,0.041576,0.19714,5.392
2026-03-15 12:00:00,1.75263,4.21306,0.164458,1.58818,0.129111,0.078515,0.256034,5.471
2026-03-15 13:00:00,1.17308,2.10985,0.133587,1.03949,0.136863,0.05513,0.254539,5.385
2026-03-15 14:00:00,0.794905,1.54052,0.145576,0.649329,0.086129,0.041035,0.151724,3.374
2026-03-15 15:00:00,0.910873,2.24353,0.129914,0.780959,0.079086,0.032674,0.139568,3.552
2026-03-15 16:00:00,0.332739,1.2509,0.077012,0.255727,0.09891,0.056996,0.176631,2.797
2026-03-15 17:00:00,0.691369,1.52284,0.11222,0.579149,0.120527,0.051114,0.203277,5.154
2026-03-15 18:00:00,0.721623,1.37191,0.122239,0.599384,0.109153,0.124642,0.255373,4.258
2026-03-15 19:00:00,3.63609,6.08042,0.900324,2.73577,0.193464,0.18876,0.344028,7.926
2026-03-15 20:00:00,0.799851,1.242,0.079223,0.720628,0.14736,0.07303,0.294609,5.48
2026-03-15 21:00:00,1.00722,2.02252,0.197283,0.809934,0.129898,0.058497,0.210195,4.813
2026-03-15 22:00:00,0.598229,1.12874,0.06941,0.528819,0.106124,0.043741,0.180351,3.75
2026-03-15 23:00:00,1.05261,1.88641,0.121582,0.931032,0.136675,0.064381,0.309176,3.891
2026-03-16 00:00:00,2.02688,2.43031,0.092179,1.9347,0.112407,0.061278,0.253756,5.108
2026-03-16 01:00:00,0.195412,0.24611,0.037042,0.15837,0.098228,0.013109,0.199253,3.409
2026-03-16 02:00:00,0.045998,0.05463,0.021519,0.024479,0.047689,0.003291,0.118118,2.101
2026-03-16 03:00:00,0.114331,0.171669,0.031116,0.083215,0.028532,0.004629,0.098727,2.065
2026-03-16 04:00:00,0.014892,0.025589,0.007587,0.007305,0.026707,0.004278,0.135347,2.328
2026-03-16 05:00:00,0.007677,0.020527,0.003163,0.004514,0.014546,0.001699,0.070081,1.363
2026-03-16 06:00:00,0.071117,0.149404,0.007513,0.063604,0.056107,0.007615,0.111218,1.483
2026-03-16 07:00:00,0.237195,0.399318,0.031944,0.205251,0.054647,0.019213,0.13267,1.638
2026-03-16 08:00:00,0.596915,1.3324,0.135227,0.461688,0.115812,0.03062,0.270762,3.639
2026-03-16 09:00:00,0.704863,1.8549,0.091985,0.612878,0.108386,0.023308,0.314254,4.206
2026-03-16 10:00:00,0.494074,1.41975,0.100782,0.393292,0.106523,0.023995,0.294212,3.914
2026-03-16 11:00:00,1.14181,2.95806,0.105569,1.03624,0.159291,0.046021,0.394528,5.298
2026-03-16 12:00:00,1.27128,3.29348,0.160858,1.11043,0.117332,0.07873,0.252749,5.954
2026-03-16 13:00:00,1.03115,3.20233,0.153591,0.877557,0.134775,0.036575,0.364306,5.91
2026-03-16 14:00:00,0.505584,1.47831,0.177299,0.328285,0.099046,0.028721,0.325132,3.544
2026-03-16 15:00:00,0.459079,1.1197,0.166784,0.292295,0.119549,0.031063,0.319198,4.211
2026-03-16 16:00:00,0.720363,1.63719,0.183556,0.536807,0.108793,0.025823,0.277591,3.553
2026-03-16 17:00:00,0.894821,2.48561,0.269259,0.625562,0.104315,0.045286,0.3121,3.956
2026-03-16 18:00:00,2.61274,6.37255,0.689245,1.9235,0.141064,0.099873,0.229085,6.793
2026-03-16 19:00:00,1.92735,3.32303,0.18361,1.74375,0.124063,0.091477,0.268495,8.687
2026-03-16 20:00:00,2.28744,4.38208,0.27157,2.01587,0.181554,0.096631,0.332237,11.002
2026-03-16 21:00:00,1.34504,2.59661,0.305071,1.03997,0.148243,0.068251,0.232361,6.873
2026-03-16 22:00:00,0.954234,1.81414,0.202236,0.751998,0.123729,0.067403,0.200918,6.006
2026-03-16 23:00:00,0.651419,2.12882,0.055359,0.59606,0.100419,0.03017,0.154554,3.735
2026-03-17 00:00:00,0.467174,1.53676,0.052397,0.414777,0.07549,0.055671,0.134475,2.211
2026-03-17 01:00:00,0.445535,2.32049,0.042702,0.402833,0.057484,0.015811,0.094107,2.144
2026-03-17 02:00:00,1.30621,7.33827,1.09199,0.214219,0.126958,0.016604,0.14103,2.575
2026-03-17 03:00:00,0.300683,1.17454,0.05068,0.250003,0.06765,0.008995,0.10636,2.454
2026-03-17 04:00:00,0.23951,0.647322,0.046111,0.193399,0.05792,0.009721,0.089733,2.211
2026-03-17 05:00:00,0.080851,0.276886,0.024934,0.055917,0.026009,0.00451,0.048279,0.838
2026-03-17 06:00:00,0.231562,0.756738,0.015157,0.216405,0.027646,0.01105,0.06165,1.49
2026-03-17 07:00:00,0.962072,2.61433,0.07739,0.884682,0.057847,0.031921,0.138622,2.616
2026-03-17 08:00:00,1.0118,2.63491,0.195228,0.816576,0.084831,0.035262,0.250471,3.458
2026-03-17 09:00:00,0.977559,3.23696,0.080422,0.897137,0.093619,0.037928,0.248335,3.578
2026-03-17 10:00:00,2.0451,7.7466,0.137057,1.90804,0.104201,0.089974,0.294681,5.655
2026-03-17 11:00:00,1.4883,4.37735,0.246117,1.24218,0.122355,0.053188,0.287534,5.872
2026-03-17 12:00:00,1.53605,2.66676,0.183057,1.35299,0.107442,0.067131,0.260538,8.231
2026-03-17 13:00:00,0.970521,2.75716,0.201037,0.769484,0.153476,0.046352,0.293781,5.872
2026-03-17 14:00:00,1.14898,2.62325,0.198267,0.950716,0.130179,0.037834,0.287615,4.56
2026-03-17 15:00:00,1.39315,5.90317,0.292405,1.10074,0.141937,0.058758,0.326921,6.516
2026-03-17 16:00:00,1.07337,3.01508,0.196883,0.876484,0.117539,0.052088,0.280561,6.043
2026-03-17 17:00:00,1.13018,2.92792,0.34881,0.781368,0.1237,0.052382,0.229531,6.241
2026-03-17 18:00:00,1.39584,2.89593,0.130814,1.26503,0.098532,0.049369,0.160637,6.08
2026-03-17 19:00:00,1.60594,3.03007,0.580852,1.02509,0.120676,0.06573,0.188712,6.108
2026-03-17 20:00:00,1.22989,2.6057,0.303612,0.926277,0.149658,0.108165,0.245008,5.625
2026-03-17 21:00:00,1.048,2.4717,0.163902,0.884101,0.117847,0.088315,0.213531,4.722
2026-03-17 22:00:00,0.762877,2.39899,0.13246,0.630417,0.088649,0.048437,0.143395,3.075
2026-03-17 23:00:00,1.76542,6.68718,0.19199,1.57343,0.100369,0.075078,0.20343,6.264
2026-03-18 00:00:00,0.584172,2.89194,0.169149,0.415023,0.036797,0.019206,0.065236,1.613
2026-03-18 01:00:00,0.589941,2.20127,0.031527,0.558414,0.032815,0.020865,0.069609,2.065
2026-03-18 02:00:00,0.245402,0.818009,0.033035,0.212367,0.043486,0.026437,0.088602,1.379
2026-03-18 03:00:00,0.051746,0.241806,0.006128,0.045618,0.011634,0.002786,0.027601,0.326
2026-03-18 04:00:00,0.013219,0.057972,0.000941,0.012278,0.005548,0.000853,0.017526,0.127
2026-03-18 05:00:00,0.031613,0.171805,0.000876,0.030737,0.005346,0.001567,0.01805,0.062
2026-03-18 06:00:00,0.321426,1.67409,0.018875,0.302551,0.023005,0.009171,0.04877,1.008
2026-03-18 07:00:00,0.393143,1.32818,0.062958,0.330185,0.044767,0.01254,0.084607,1.57
2026-03-18 08:00:00,0.633476,1.83085,0.203658,0.429818,0.087109,0.027575,0.167071,2.918
2026-03-18 09:00:00,0.375483,1.82273,0.057944,0.317539,0.073157,0.022993,0.128488,2.117
2026-03-18 10:00:00,1.46355,6.09812,0.097171,1.36638,0.092745,0.049217,0.189492,4.906
2026-03-18 11:00:00,1.17141,4.12467,0.167371,1.00404,0.122469,0.043442,0.21525,6.005
2026-03-18 12:00:00,1.07016,3.36528,0.130319,0.939841,0.130758,0.062919,0.289339,5.898
2026-03-18 13:00:00,1.97732,5.07006,0.232912,1.74441,0.153716,0.072557,0.300321,6.931
2026-03-18 14:00:00,0.505646,1.87276,0.063407,0.442239,0.07485,0.03688,0.170402,2.503
2026-03-18 15:00:00,0.875512,2.68562,0.357903,0.517609,0.103627,0.035427,0.16943,3.294
2026-03-18 16:00:00,0.424746,1.51695,0.135021,0.289725,0.082648,0.021998,0.147157,3.108
2026-03-18 17:00:00,0.810378,2.13257,0.12723,0.683148,0.090697,0.048664,0.194842,4.161
2026-03-18 18:00:00,1.63884,3.48689,0.365785,1.27305,0.094374,0.057203,0.166548,5.604
2026-03-18 19:00:00,2.26521,6.08927,0.359732,1.90548,0.133876,0.082213,0.227401,5.756
2026-03-18 20:00:00,0.911081,1.78643,0.080218,0.830863,0.113296,0.049181,0.194282,3.934
2026-03-18 21:00:00,1.39397,1.82935,0.625009,0.768957,0.296859,0.067757,0.288203,6.157
2026-03-18 22:00:00,1.01371,1.49515,0.274989,0.738722,0.167794,0.069662,0.223419,4.187
2026-03-18 23:00:00,0.494859,0.833094,0.056105,0.438754,0.122416,0.033128,0.205248,3.49
2026-03-19 00:00:00,0.470069,0.697433,0.044836,0.425233,0.097214,0.021605,0.153006,3.565
2026-03-19 01:00:00,0.309545,0.404105,0.032645,0.2769,0.04765,0.02687,0.095913,1.483
2026-03-19 02:00:00,0.141286,0.189899,0.007672,0.133614,0.019669,0.005393,0.046228,0.63
2026-03-19 03:00:00,0.034947,0.072503,0.004489,0.030458,0.013789,0.002996,0.035093,0.379
2026-03-19 04:00:00,0.106001,0.373245,0.007088,0.098913,0.053133,0.042445,0.103662,0.423
2026-03-19 05:00:00,0.010039,0.040485,0.001829,0.00821,0.037227,0.025084,0.084056,0.196
2026-03-19 06:00:00,0.03699,0.106907,0.005467,0.031523,0.011722,0.003499,0.031723,0.351
2026-03-19 07:00:00,0.280854,0.568529,0.059271,0.221583,0.047073,0.010999,0.089677,1.525
2026-03-19 08:00:00,0.846713,1.98759,0.084774,0.761939,0.093732,0.045683,0.171714,3.235
2026-03-19 09:00:00,1.20456,2.73764,0.144258,1.06031,0.114692,0.041761,0.232484,4.38
2026-03-19 10:00:00,0.599445,1.9213,0.098331,0.501114,0.091201,0.022531,0.158336,3.09
2026-03-19 11:00:00,1.05036,2.86985,0.313027,0.737337,0.129331,0.038427,0.198729,5.755
2026-03-19 12:00:00,1.1375,3.6932,0.270939,0.866565,0.103986,0.051856,0.180623,5.702
2026-03-19 13:00:00,0.754849,2.69589,0.178017,0.576832,0.129728,0.035068,0.202126,3.795
2026-03-19 14:00:00,1.29661,4.66408,0.121123,1.17549,0.112188,0.05379,0.189797,3.847
2026-03-19 15:00:00,0.453547,1.34186,0.085386,0.368161,0.100734,0.041362,0.167412,3.084
2026-03-19 16:00:00,0.736505,2.61172,0.08651,0.649995,0.131845,0.034345,0.221322,4.3
2026-03-19 17:00:00,1.39605,3.92149,0.139231,1.25682,0.110398,0.054225,0.203022,5.518
2026-03-19 18:00:00,2.18653,6.24722,0.497471,1.68905,0.11317,0.064934,0.176069,5.779
2026-03-19 19:00:00,1.12416,2.97397,0.290429,0.833731,0.13534,0.117133,0.210267,6.549
2026-03-19 20:00:00,2.12194,5.67363,0.595907,1.52603,0.172845,0.104116,0.286066,9.403
2026-03-19 21:00:00,0.73261,1.89796,0.135326,0.597284,0.120223,0.03657,0.179523,5.763
2026-03-19 22:00:00,2.13501,4.30445,0.26461,1.8704,0.179596,0.106996,0.293281,7.995
2026-03-19 23:00:00,0.970543,2.1958,0.081552,0.888991,0.154914,0.046982,0.242025,8.377
2026-03-20 00:00:00,0.622549,0.6458,0.032646,0.589903,0.087053,0.03045,0.150186,2.893
2026-03-20 01:00:00,0.207281,0.208113,0.016506,0.190775,0.039802,0.00867,0.072758,1.194
2026-03-20 02:00:00,0.160061,0.216298,0.010464,0.149597,0.032283,0.010143,0.062828,1.006
2026-03-20 03:00:00,0.049793,0.063031,0.006305,0.043488,0.034411,0.022954,0.069243,0.603
2026-03-20 04:00:00,0.13105,0.187214,0.005547,0.125503,0.064976,0.003623,0.100327,0.839
2026-03-20 05:00:00,0.009579,0.02956,0.002144,0.007435,0.086798,0.003545,0.268885,0.494
2026-03-20 06:00:00,0.054194,0.241936,0.008209,0.045985,0.066748,0.003843,0.179183,0.836
2026-03-20 07:00:00,0.235164,0.602986,0.042299,0.192865,0.07308,0.014458,0.130488,1.583
2026-03-20 08:00:00,1.03717,2.5546,0.111422,0.925747,0.119185,0.034982,0.246651,4.594
2026-03-20 09:00:00,0.305474,1.40126,0.056272,0.249202,0.087387,0.017395,0.228067,2.679
2026-03-20 10:00:00,1.11804,4.54488,0.274301,0.843739,0.13169,0.061398,0.184838,3.26
2026-03-20 11:00:00,1.05577,3.45023,0.344169,0.7116,0.144658,0.051609,0.194597,4.182
2026-03-20 12:00:00,0.736828,2.10522,0.11525,0.621578,0.050051,0.031381,0.110121,4.12
2026-03-20 13:00:00,1.40901,2.7846,0.108769,1.30024,0.116488,0.069163,0.205091,4.464
2026-03-20 14:00:00,1.64919,4.82219,0.121119,1.52807,0.084027,0.052434,0.162943,4.398
2026-03-20 15:00:00,0.749857,2.3433,0.179534,0.570323,0.100352,0.039189,0.166435,4.652
2026-03-20 16:00:00,1.61702,5.18275,0.215342,1.40168,0.09811,0.053363,0.176078,4.551
2026-03-20 17:00:00,1.14426,3.25075,0.290162,0.8541,0.077781,0.054074,0.142387,4.097
2026-03-20 18:00:00,1.74884,5.23605,0.421397,1.32744,0.106232,0.068936,0.160717,5.862
2026-03-20 19:00:00,1.78585,5.34687,0.705134,1.08072,0.165413,0.089393,0.232791,8.457
2026-03-20 20:00:00,1.03305,2.33722,0.397067,0.635983,0.146611,0.048171,0.211242,8.01
2026-03-20 21:00:00,1.40565,2.82259,0.305372,1.10028,0.188832,0.071643,0.28238,8.631
2026-03-20 22:00:00,2.73726,6.0828,0.212977,2.52428,0.10833,0.081373,0.198414,6.008
2026-03-20 23:00:00,1.40607,4.01734,0.138702,1.26737,0.108487,0.070438,0.235366,6.334
2026-03-21 00:00:00,1.47382,2.15471,0.162475,1.31135,0.099442,0.090484,0.300632,5.603
2026-03-21 01:00:00,0.706691,1.89971,0.038738,0.667953,0.056161,0.028216,0.215631,4.934
2026-03-21 02:00:00,0.389449,1.38102,0.0235,0.365949,0.045329,0.029619,0.144929,3.209
2026-03-21 03:00:00,0.590009,2.13771,0.025887,0.564122,0.026474,0.016523,0.133691,2.762
2026-03-21 04:00:00,0.47218,1.48484,0.028601,0.443579,0.043213,0.015649,0.137544,3.305
2026-03-21 05:00:00,0.230662,0.694769,0.01519,0.215472,0.038405,0.00808,0.111422,2.229
2026-03-21 06:00:00,0.062869,0.23635,0.019059,0.04381,0.029561,0.003947,0.11715,1.918
2026-03-21 07:00:00,0.487518,1.263,0.047981,0.439537,0.055104,0.020147,0.155735,3.027
2026-03-21 08:00:00,2.09448,3.96682,0.225233,1.86925,0.075377,0.059131,0.168621,3.665
2026-03-21 09:00:00,1.74276,3.86318,0.268571,1.47418,0.091469,0.055711,0.180193,4.486
2026-03-21 10:00:00,1.39103,3.75955,0.31191,1.07912,0.107561,0.052291,0.191764,5.307
2026-03-21 11:00:00,1.44971,2.83147,0.37111,1.0786,0.11124,0.058343,0.200136,5.594
2026-03-21 12:00:00,1.05109,2.26529,0.08891,0.962182,0.068063,0.049827,0.17278,4.856
2026-03-21 13:00:00,1.22863,3.3206,0.112559,1.11607,0.071866,0.08201,0.240257,5.304
2026-03-21 14:00:00,0.770938,2.11796,0.058757,0.712181,0.096015,0.075101,0.224925,3.796
2026-03-21 15:00:00,0.840127,2.23438,0.121418,0.718709,0.086708,0.052032,0.172908,4.017
2026-03-21 16:00:00,1.45535,3.65667,0.306401,1.14895,0.088413,0.051889,0.164148,4.523
2026-03-21 17:00:00,2.10232,6.14714,0.175317,1.92701,0.12007,0.084834,0.211435,5.602
2026-03-21 18:00:00,1.80425,4.92964,0.476795,1.32745,0.136722,0.067842,0.217448,8.406
2026-03-21 19:00:00,0.667544,1.86465,0.093336,0.574208,0.069094,0.037588,0.13234,3.474
2026-03-21 20:00:00,0.645439,1.97988,0.080316,0.565123,0.109396,0.035366,0.180909,3.443
2026-03-21 21:00:00,1.44221,4.42394,0.156393,1.28581,0.163742,0.138763,0.306372,5.329
2026-03-21 22:00:00,0.951147,3.89814,0.222871,0.728276,0.139459,0.082812,0.217822,5.685
2026-03-21 23:00:00,0.741665,2.70681,0.102192,0.639473,0.104117,0.048428,0.168981,3.8
2026-03-22 00:00:00,0.914335,1.69951,0.071609,0.842726,0.112043,0.054065,0.189002,3.688
2026-03-22 01:00:00,0.905415,1.56646,0.050455,0.85496,0.056592,0.032142,0.108592,2.366
2026-03-22 02:00:00,0.549472,1.17912,0.028813,0.520659,0.030203,0.018464,0.059767,1.265
2026-03-22 03:00:00,0.108551,0.366726,0.054169,0.054382,0.059602,0.008218,0.099333,2.799
2026-03-22 04:00:00,0.691043,2.46801,0.05111,0.639933,0.064354,0.018561,0.108454,3.21
2026-03-22 05:00:00,0.157269,0.56982,0.036739,0.12053,0.049785,0.005025,0.07764,1.918
2026-03-22 06:00:00,0.18125,0.549238,0.056159,0.125091,0.055465,0.008275,0.092686,2.515
2026-03-22 07:00:00,0.174238,0.66503,0.033696,0.140542,0.034742,0.007314,0.06198,1.075
2026-03-22 08:00:00,0.32487,1.34244,0.040671,0.284199,0.062977,0.047462,0.14501,1.659
2026-03-22 09:00:00,0.846124,2.13667,0.101669,0.744455,0.112783,0.076863,0.281568,3.915
2026-03-22 10:00:00,1.98336,4.65578,0.249846,1.73352,0.150103,0.094432,0.314494,6.204
2026-03-22 11:00:00,0.980114,2.4876,0.217021,0.763093,0.114976,0.105759,0.22715,4.767
2026-03-22 12:00:00,1.34173,4.53287,0.14832,1.19341,0.101572,0.086761,0.217178,5.606
2026-03-22 13:00:00,1.86964,3.96109,0.115255,1.75438,0.175551,0.105875,0.372467,9.187
2026-03-22 14:00:00,1.80631,4.24018,0.135424,1.67089,0.234677,0.118837,0.409807,8.679
2026-03-22 15:00:00,2.61399,6.772,0.133583,2.48041,0.182721,0.178316,0.321465,7.485
2026-03-22 16:00:00,3.19505,8.72964,0.286057,2.90899,0.237112,0.135959,0.33709,9.002
2026-03-22 17:00:00,1.46093,4.56541,0.165689,1.29524,0.191186,0.086259,0.30778,9.424
2026-03-22 18:00:00,2.46975,8.51638,0.288208,2.18154,0.151692,0.118151,0.278639,9.644
2026-03-22 19:00:00,2.35094,6.18668,0.24205,2.10889,0.137784,0.092583,0.237731,8.729
2026-03-22 20:00:00,1.46686,3.12098,0.160232,1.30663,0.175452,0.159633,0.310435,7.16
2026-03-22 21:00:00,1.40352,4.0331,0.2505,1.15302,0.179918,0.135378,0.335628,7.833
2026-03-22 22:00:00,1.22263,3.55414,0.11087,1.11176,0.178476,0.113258,0.307595,4.372
2026-03-22 23:00:00,0.595407,2.61144,0.075355,0.520052,0.109168,0.125781,0.244412,3.367
2026-03-23 00:00:00,0.942898,1.37049,0.128154,0.814744,0.060041,0.038671,0.128586,3.402
2026-03-23 01:00:00,1.22815,1.7495,0.06774,1.16041,0.066029,0.038893,0.135828,4.191
2026-03-23 02:00:00,0.575788,0.786594,0.051211,0.524577,0.04294,0.024183,0.089646,2.03
2026-03-23 03:00:00,0.58002,0.9206,0.035966,0.544054,0.036327,0.019576,0.082151,1.8205
2026-03-23 04:00:00,0.584253,1.05461,0.020721,0.563532,0.029715,0.014969,0.074657,1.611
2026-03-23 05:00:00,0.029794,0.173224,0.00307,0.026724,0.011112,0.001922,0.028602,0.286
2026-03-23 06:00:00,0.130459,0.815366,0.010214,0.120245,0.016047,0.004354,0.034889,0.533
2026-03-23 07:00:00,0.405239,1.51208,0.061036,0.344203,0.042819,0.013978,0.080391,1.483
2026-03-23 08:00:00,0.880357,3.1897,0.147768,0.732589,0.072931,0.032655,0.1371,3.069
2026-03-23 09:00:00,0.508866,2.15622,0.066196,0.44267,0.07753,0.024189,0.179889,2.533
2026-03-23 10:00:00,1.58844,7.35388,0.078995,1.50944,0.116668,0.038592,0.27969,3.641
2026-03-23 11:00:00,2.0968,9.89055,0.216454,1.88034,0.094842,0.071032,0.236223,7.858
2026-03-23 12:00:00,1.16081,3.60499,0.17184,0.988968,0.081466,0.034175,0.165898,5.61
2026-03-23 13:00:00,1.70517,6.45898,0.170736,1.53443,0.163496,0.061004,0.352032,6.947
2026-03-23 14:00:00,1.54892,4.93288,0.102042,1.44688,0.098035,0.047623,0.213953,5.576
2026-03-23 15:00:00,1.95455,10.2871,0.171331,1.78321,0.102748,0.066599,0.21531,5.266
2026-03-23 16:00:00,0.674287,2.34127,0.227212,0.447075,0.097744,0.0319,0.183827,3.505
2026-03-23 17:00:00,1.02926,3.11897,0.251899,0.77736,0.098455,0.042023,0.179217,3.918
2026-03-23 18:00:00,0.374249,0.745516,0.05584,0.318409,0.058589,0.034139,0.121184,4.612
2026-03-23 19:00:00,0.773556,1.88672,0.187532,0.586024,0.090041,0.0427,0.142641,7.761
2026-03-23 20:00:00,1.16086,2.24105,0.416349,0.744515,0.128984,0.04908,0.165987,5.427
2026-03-23 21:00:00,1.38272,2.90487,0.291889,1.09083,0.149993,0.069685,0.23627,5.749
2026-03-23 22:00:00,1.47815,4.29693,0.088183,1.38996,0.142699,0.071024,0.259084,6.191
2026-03-23 23:00:00,1.53422,4.91737,0.105201,1.42902,0.130342,0.079129,0.202413,6.012
2026-03-24 00:00:00,0.90003,2.63166,0.065229,0.834801,0.098816,0.03995,0.180102,4.654
2026-03-24 01:00:00,1.44423,4.7197,0.07593,1.3683,0.071757,0.040299,0.122672,4.344
2026-03-24 02:00:00,0.308524,1.126,0.040245,0.268279,0.056049,0.010619,0.071006,1.495
2026-03-24 03:00:00,0.080477,0.346878,0.041098,0.039379,0.051483,0.005345,0.067948,1
2026-03-24 04:00:00,0.082912,0.316459,0.027027,0.055885,0.048825,0.003431,0.064295,0.9
2026-03-24 05:00:00,0.082863,0.274386,0.022145,0.060718,0.025426,0.003354,0.040879,0.696
2026-03-24 06:00:00,1.16157,3.67584,0.040082,1.12148,0.032323,0.020512,0.059635,1.284
2026-03-24 07:00:00,0.46464,1.056,0.166782,0.297858,0.061534,0.017668,0.10576,1.922
2026-03-24 08:00:00,1.22671,3.27999,0.167018,1.0597,0.078643,0.048652,0.15286,3.224
2026-03-24 09:00:00,0.538708,2.40495,0.04047,0.498238,0.060225,0.02717,0.122655,2.54
2026-03-24 10:00:00,0.2578,1.14071,0.03701,0.22079,0.085726,0.025613,0.147546,1.551
2026-03-24 11:00:00,1.21859,4.00853,0.073379,1.14521,0.077309,0.054165,0.153028,3.825
2026-03-24 12:00:00,1.62939,9.15386,0.124715,1.50467,0.066446,0.067716,0.127605,3.911
2026-03-24 13:00:00,1.21792,4.25848,0.222421,0.995503,0.086268,0.043204,0.159756,3.655
2026-03-24 14:00:00,0.511011,2.34408,0.085587,0.425424,0.06711,0.03712,0.14181,2.351
2026-03-24 15:00:00,1.33984,5.98142,0.123531,1.21631,0.078046,0.054386,0.155927,4.883
2026-03-24 16:00:00,3.01048,11.5788,0.279638,2.73084,0.124963,0.083408,0.224533,6.97
2026-03-24 17:00:00,1.31498,3.51598,0.251861,1.06312,0.105695,0.043346,0.186897,5.245
2026-03-24 18:00:00,1.71289,2.65977,0.117043,1.59585,0.102374,0.111308,0.193192,4.669
2026-03-24 19:00:00,2.13321,3.96507,0.469882,1.66333,0.159993,0.10115,0.264579,8.107
2026-03-24 20:00:00,1.23805,2.97607,0.08417,1.15387,0.114005,0.066702,0.200376,4.525
2026-03-24 21:00:00,0.879422,2.4028,0.107164,0.772258,0.147844,0.042082,0.200033,8.205
2026-03-24 22:00:00,0.928541,3.59899,0.111625,0.816916,0.162043,0.056595,0.255086,6.772
2026-03-24 23:00:00,1.11421,4.38667,0.318666,0.795549,0.146274,0.089231,0.356864,7.977
2026-03-25 00:00:00,0.255968,1.34719,0.062432,0.193536,0.057584,0.013419,0.122292,2.604
2026-03-25 01:00:00,1.21326,5.01348,0.064006,1.14925,0.051406,0.040234,0.137212,3.17
2026-03-25 02:00:00,0.32982,0.9061,0.025165,0.304655,0.066161,0.009754,0.119677,2.116
2026-03-25 03:00:00,0.098415,0.282805,0.022549,0.075866,0.058858,0.005528,0.088729,2.41
2026-03-25 04:00:00,0.832995,2.91256,0.062856,0.770139,0.077739,0.02599,0.11845,4.793
2026-03-25 05:00:00,0.368831,1.79044,0.06682,0.302011,0.057074,0.014277,0.090718,4.599
2026-03-25 06:00:00,0.38112,1.191,0.069357,0.311763,0.091536,0.020133,0.119907,4.941
2026-03-25 07:00:00,0.477248,1.33309,0.066634,0.410614,0.070596,0.024269,0.116283,3.048
2026-03-25 08:00:00,1.16824,3.47692,0.096664,1.07158,0.071864,0.050008,0.149955,3.824
2026-03-25 09:00:00,0.962388,4.37449,0.096444,0.865944,0.067816,0.037264,0.130996,2.542
2026-03-25 10:00:00,1.75457,9.53571,0.12019,1.63438,0.079767,0.05411,0.144349,3.456
2026-03-25 11:00:00,1.17989,4.40258,0.154785,1.02511,0.114309,0.045316,0.229552,5.398
2026-03-25 12:00:00,2.02621,6.21536,0.246374,1.77983,0.090898,0.073889,0.210889,6.08
2026-03-25 13:00:00,1.21243,6.18588,0.079739,1.13269,0.097469,0.061765,0.18863,5.283
2026-03-25 14:00:00,0.677307,2.64573,0.098851,0.578456,0.080442,0.027621,0.132316,3.205
2026-03-25 15:00:00,1.20501,4.63466,0.146539,1.05847,0.087579,0.040913,0.148094,3.844
2026-03-25 16:00:00,0.752298,4.17944,0.093308,0.65899,0.074802,0.035942,0.13766,3.762
2026-03-25 17:00:00,1.1238,3.90209,0.108594,1.01521,0.085513,0.058835,0.166871,3.918
2026-03-25 18:00:00,1.69666,5.30207,0.166032,1.53063,0.120375,0.082473,0.199552,4.988
2026-03-25 19:00:00,1.78595,5.16172,0.201183,1.58477,0.166388,0.084251,0.243999,5.326
2026-03-25 20:00:00,1.28003,4.0001,0.354299,0.925735,0.154232,0.056729,0.222347,5.47
2026-03-25 21:00:00,1.41795,3.77113,0.416506,1.00144,0.148447,0.073154,0.250611,5.126
2026-03-25 22:00:00,1.61375,6.66839,0.334156,1.27959,0.155269,0.094915,0.262581,6.014
2026-03-25 23:00:00,0.780432,2.28196,0.22144,0.558992,0.133688,0.060735,0.27329,5.542
2026-03-26 00:00:00,1.1605,1.66739,0.132577,1.02792,0.100192,0.040303,0.194692,4.575
2026-03-26 01:00:00,0.312886,0.449548,0.083445,0.229441,0.073614,0.024449,0.123483,2.737
2026-03-26 02:00:00,0.375199,0.599356,0.072751,0.302448,0.058726,0.028613,0.113146,2.492
2026-03-26 03:00:00,0.024711,0.046101,0.021064,0.003647,0.026418,0.003134,0.06031,0.805
2026-03-26 04:00:00,0.1987,0.764228,0.026706,0.171994,0.027939,0.005249,0.056689,1.212
2026-03-26 05:00:00,0.36894,1.88235,0.030719,0.338221,0.033864,0.009608,0.066784,1.382
2026-03-26 06:00:00,0.096222,0.566014,0.023767,0.072455,0.032783,0.004036,0.060611,0.996
2026-03-26 07:00:00,0.268925,0.996025,0.045564,0.223361,0.05605,0.015627,0.114155,1.918
2026-03-26 08:00:00,0.803606,2.27007,0.230972,0.572634,0.095396,0.03535,0.177005,3.969
2026-03-26 09:00:00,0.845022,3.84101,0.090792,0.75423,0.087805,0.037364,0.175635,3.611
2026-03-26 10:00:00,0.4884,1.96935,0.0742,0.4142,0.071739,0.034175,0.15962,3.311
2026-03-26 11:00:00,0.752932,1.20662,0.105051,0.647881,0.085508,0.03916,0.166009,3.675
2026-03-26 12:00:00,0.841183,2.48871,0.18878,0.652403,0.069673,0.057873,0.140147,3.207
2026-03-26 13:00:00,1.5089,6.44831,0.107015,1.40189,0.108125,0.05326,0.204228,5.21
2026-03-26 14:00:00,1.80423,10.2513,0.224973,1.57926,0.07849,0.049673,0.141977,4.573
2026-03-26 15:00:00,0.616659,3.46438,0.157349,0.45931,0.052537,0.031519,0.116983,1.722
2026-03-26 16:00:00,1.14841,3.26252,0.072098,1.07631,0.11521,0.056024,0.205952,4.039
2026-03-26 17:00:00,1.44077,4.31367,0.246621,1.19415,0.087099,0.052679,0.164847,5.438
2026-03-26 18:00:00,1.55753,5.12346,0.340652,1.21688,0.093875,0.06469,0.16503,6
2026-03-26 19:00:00,1.36151,2.71217,0.226023,1.13549,0.128058,0.060784,0.225971,5.538
2026-03-26 20:00:00,1.25058,2.37753,0.152199,1.09838,0.161082,0.07924,0.277538,7.8
2026-03-26 21:00:00,1.73461,3.59877,0.14019,1.59442,0.122066,0.101505,0.255855,7.256
2026-03-26 22:00:00,0.452477,0.754128,0.080435,0.372042,0.076076,0.03387,0.158218,3.878
2026-03-26 23:00:00,0.89075,2.06192,0.128187,0.762563,0.12348,0.069372,0.271498,6.137
2026-03-27 00:00:00,1.2281,2.47602,0.211926,1.01618,0.148729,0.04454,0.299479,4.243
2026-03-27 01:00:00,0.318592,1.08364,0.038895,0.279697,0.09131,0.042107,0.193669,3.012
2026-03-27 02:00:00,0.058992,0.175567,0.018973,0.040019,0.043441,0.004007,0.087421,2.343
2026-03-27 03:00:00,0.926615,2.37594,0.047309,0.879306,0.045143,0.02022,0.09293,2.566
2026-03-27 04:00:00,0.117456,0.428667,0.022466,0.09499,0.020577,0.003927,0.04231,0.744
2026-03-27 05:00:00,0.010803,0.034626,0.00401,0.006793,0.011773,0.001099,0.03394,0.479
2026-03-27 06:00:00,0.139376,0.553083,0.007852,0.131524,0.011999,0.006365,0.036144,0.549
2026-03-27 07:00:00,0.804407,2.22212,0.183824,0.620583,0.051735,0.02431,0.096735,2.059
2026-03-27 08:00:00,1.56249,5.42531,0.286018,1.27647,0.089041,0.051291,0.168715,4.851
2026-03-27 09:00:00,0.543724,1.7316,0.143076,0.400648,0.076164,0.024882,0.152055,4.928
2026-03-27 10:00:00,0.341589,1.19437,0.185154,0.156435,0.09655,0.019586,0.158436,4.19
2026-03-27 11:00:00,0.74094,3.36791,0.128712,0.612228,0.0916,0.040945,0.179588,4.137
2026-03-27 12:00:00,1.11558,2.70771,0.174609,0.940967,0.075419,0.041639,0.152592,4.882
2026-03-27 13:00:00,0.395096,1.58039,0.117272,0.277824,0.105212,0.039683,0.209951,3.454
2026-03-27 14:00:00,0.296305,1.13963,0.084105,0.2122,0.10602,0.028137,0.214582,2.973
2026-03-27 15:00:00,0.648916,2.26894,0.080886,0.56803,0.09334,0.049036,0.223879,3.533
2026-03-27 16:00:00,0.511757,2.04703,0.093344,0.418413,0.086741,0.025385,0.217274,3.682
2026-03-27 17:00:00,0.926816,2.37645,0.254532,0.672284,0.095412,0.045633,0.20671,5.145
2026-03-27 18:00:00,1.04796,2.3185,0.140147,0.907817,0.075365,0.0471,0.137808,4.812
2026-03-27 19:00:00,2.00974,3.83538,0.588063,1.42167,0.14562,0.06494,0.20662,6.687
2026-03-27 20:00:00,2.04695,3.4694,0.290472,1.75647,0.204831,0.08492,0.326798,11.65
2026-03-27 21:00:00,2.39208,4.70882,0.340915,2.05117,0.200633,0.11381,0.344011,9.781
2026-03-27 22:00:00,1.64169,5.26183,0.422231,1.21946,0.133434,0.068713,0.280445,6.357
2026-03-27 23:00:00,3.24896,14.1259,0.129388,3.11957,0.101624,0.112475,0.271411,7.592
2026-03-28 00:00:00,0.967403,7.92953,0.055586,0.911817,0.068644,0.046405,0.150996,4.215
2026-03-28 01:00:00,1.01381,4.44654,0.080905,0.932905,0.063186,0.030265,0.13113,3.256
2026-03-28 02:00:00,0.460256,2.5014,0.080307,0.379949,0.042504,0.018663,0.071628,1.505
2026-03-28 03:00:00,0.090847,0.622239,0.024748,0.066099,0.025029,0.007774,0.046836,0.609
2026-03-28 04:00:00,0.420539,2.69576,0.107563,0.312976,0.049614,0.01879,0.074284,1.57
2026-03-28 05:00:00,0.272972,2.20139,0.014247,0.258725,0.044558,0.012946,0.076678,1.642
2026-03-28 06:00:00,0.140202,0.687268,0.017803,0.122399,0.021269,0.005531,0.0447,0.705
2026-03-28 07:00:00,0.276504,1.03173,0.070204,0.2063,0.045871,0.010106,0.082303,1.099
2026-03-28 08:00:00,0.836896,2.16812,0.048396,0.7885,0.074645,0.037404,0.136171,2.111
2026-03-28 09:00:00,0.775154,1.58195,0.279271,0.495883,0.096666,0.027214,0.149801,3.056
2026-03-28 10:00:00,1.26891,2.57909,0.162256,1.10666,0.097906,0.051527,0.209231,5.773
2026-03-28 11:00:00,0.896528,2.59112,0.089457,0.807071,0.093727,0.080957,0.170069,3.906
2026-03-28 12:00:00,1.37295,3.20783,0.127488,1.24546,0.068204,0.073149,0.151605,4.937
2026-03-28 13:00:00,0.956651,3.02737,0.194492,0.762159,0.099201,0.03506,0.165576,4.021
2026-03-28 14:00:00,1.62398,5.41325,0.308494,1.31548,0.140456,0.081356,0.258961,8.835
2026-03-28 15:00:00,1.85666,4.99102,0.203272,1.65339,0.140353,0.075197,0.249198,7.568
2026-03-28 16:00:00,4.71076,10.9045,0.326274,4.38449,0.164171,0.145695,0.298218,9.702
2026-03-28 17:00:00,10.8212,26.2649,0.383279,10.4379,0.131617,0.337038,0.302665,8.287
2026-03-28 18:00:00,1.84878,5.13551,0.214623,1.63416,0.131138,0.069586,0.212018,7.955
2026-03-28 19:00:00,4.06856,9.59567,0.46146,3.6071,0.152157,0.15576,0.298705,8.408
2026-03-28 20:00:00,1.8228,3.94544,0.380431,1.44236,0.166026,0.079411,0.296152,7.952
2026-03-28 21:00:00,2.16917,4.51909,0.280172,1.88899,0.184684,0.097839,0.331011,12.401
2026-03-28 22:00:00,0.752471,2.28022,0.079818,0.672653,0.208267,0.09043,0.363033,9.859
2026-03-28 23:00:00,2.93916,11.0495,0.236716,2.70244,0.207845,0.119017,0.334051,7.99
2026-03-29 00:00:00,1.54879,5.73624,0.136663,1.41212,0.282981,0.077703,0.384066,12.348
2026-03-29 01:00:00,1.93706,8.42199,0.123713,1.81334,0.174231,0.06326,0.280831,7.338
2026-03-29 02:00:00,0.210754,0.885523,0.058662,0.152092,0.102624,0.037519,0.162115,4.851
2026-03-29 03:00:00,0.215856,0.93042,0.098145,0.117711,0.087202,0.019154,0.126867,4.019
2026-03-29 04:00:00,0.057403,0.186373,0.013866,0.043537,0.068152,0.004477,0.101378,3.642
2026-03-29 05:00:00,0.110435,0.59374,0.072514,0.037921,0.059013,0.006042,0.087738,3.162
2026-03-29 06:00:00,0.149479,0.685681,0.027093,0.122386,0.079796,0.007006,0.105216,3.813
2026-03-29 07:00:00,1.05104,4.20415,0.104804,0.946234,0.10716,0.052343,0.1626,5.675
2026-03-29 08:00:00,1.55513,6.12256,0.140773,1.41436,0.131643,0.049556,0.183,7.123
2026-03-29 09:00:00,5.68559,17.7675,0.268921,5.41667,0.164728,0.147511,0.258232,7.633
2026-03-29 10:00:00,8.20988,19.3629,0.364808,7.84507,0.206352,0.241471,0.36344,10.635
2026-03-29 11:00:00,1.69394,5.88173,0.569347,1.12459,0.188167,0.065011,0.244416,8.571
2026-03-29 12:00:00,1.85224,5.75228,0.166599,1.68564,0.129714,0.073534,0.217629,7.587
2026-03-29 13:00:00,1.63516,4.8093,0.161701,1.47346,0.169821,0.068839,0.261524,7.419
2026-03-29 14:00:00,0.994401,2.56289,0.097377,0.897024,0.086039,0.039487,0.15683,3.63
2026-03-29 15:00:00,0.492374,1.31651,0.050232,0.442142,0.077136,0.029174,0.134581,3.705
2026-03-29 16:00:00,0.692324,1.76613,0.069491,0.622833,0.110388,0.038835,0.202076,4.461
2026-03-29 17:00:00,1.41814,3.65499,0.115163,1.30297,0.09678,0.077921,0.200501,7.131
2026-03-29 18:00:00,1.49613,4.29924,0.180173,1.31596,0.111284,0.080544,0.208954,7.715
2026-03-29 19:00:00,2.40451,5.95176,0.168744,2.23577,0.152508,0.089668,0.294629,7.506
2026-03-29 20:00:00,2.36776,4.62453,0.220517,2.14724,0.113445,0.072902,0.21475,6.654
2026-03-29 21:00:00,0.926958,2.20704,0.124164,0.802794,0.111927,0.041556,0.169412,4.182
2026-03-29 22:00:00,1.19426,3.77929,0.108291,1.08597,0.104918,0.06316,0.176722,5.313
2026-03-29 23:00:00,0.896932,3.44974,0.090995,0.805937,0.149057,0.052546,0.219241,6.058
2026-03-30 00:00:00,1.25161,4.85119,0.129715,1.12189,0.103861,0.042052,0.165094,3.131
2026-03-30 01:00:00,0.278933,2.53576,0.02638,0.252553,0.057254,0.010104,0.079182,1.738
2026-03-30 02:00:00,0.033408,0.327511,0.023663,0.009745,0.048302,0.004805,0.063008,0.591
2026-03-30 03:00:00,0.093481,0.719079,0.066465,0.027016,0.101296,0.00741,0.135169,4.882
2026-03-30 04:00:00,0.110197,1.08035,0.065534,0.044663,0.083969,0.005416,0.110297,4.479
2026-03-30 05:00:00,0.096194,0.874475,0.066155,0.030039,0.065507,0.011831,0.098706,4.055
2026-03-30 06:00:00,0.182301,1.08513,0.034229,0.148072,0.066646,0.008196,0.100567,4.628
2026-03-30 07:00:00,0.45789,1.68342,0.05532,0.40257,0.121847,0.030326,0.177315,4.538
2026-03-30 08:00:00,1.34141,4.75677,0.494109,0.847299,0.149813,0.057169,0.246052,4.509
2026-03-30 09:00:00,0.711265,3.14719,0.088773,0.622492,0.106057,0.022809,0.200847,3.942
2026-03-30 10:00:00,0.853606,3.49839,0.08497,0.768636,0.088372,0.028433,0.18055,4.38
2026-03-30 11:00:00,1.01679,3.50616,0.197369,0.819417,0.123638,0.046043,0.255516,5.045
2026-03-30 12:00:00,0.934718,2.93937,0.107342,0.827376,0.095743,0.056059,0.180519,5.968
2026-03-30 13:00:00,0.952457,2.50647,0.124353,0.828104,0.115808,0.036714,0.222027,3.848
2026-03-30 14:00:00,0.602848,3.17288,0.075964,0.526884,0.093593,0.022341,0.274257,3.466
2026-03-30 15:00:00,0.973289,5.72524,0.082195,0.891094,0.087337,0.031693,0.287315,3.412
2026-03-30 16:00:00,0.657119,3.15923,0.210253,0.446866,0.087186,0.027612,0.287824,3.69
2026-03-30 17:00:00,1.73198,4.55784,0.283709,1.44827,0.127091,0.073555,0.32501,6.827
2026-03-30 18:00:00,1.74636,4.98958,0.29005,1.4563,0.098987,0.087261,0.186044,5.502
2026-03-30 19:00:00,1.80076,4.89336,0.229339,1.57142,0.124547,0.073699,0.223465,7.022
2026-03-30 20:00:00,3.30026,8.54989,0.348947,2.95131,0.173591,0.131955,0.360801,14.173
2026-03-30 21:00:00,2.05855,6.55587,0.467527,1.59102,0.201862,0.077824,0.330707,12.671
2026-03-30 22:00:00,1.21253,5.01044,0.295481,0.917045,0.139383,0.056249,0.223545,8.024
2026-03-30 23:00:00,2.78069,14.1872,0.379662,2.40103,0.206311,0.097885,0.342192,10.238
2026-03-31 00:00:00,0.772769,2.75989,0.077918,0.694851,0.133276,0.041454,0.231363,6.298
2026-03-31 01:00:00,1.04568,3.58109,0.086198,0.95948,0.125095,0.038986,0.204658,6.385
2026-03-31 02:00:00,0.266833,0.952973,0.038062,0.228771,0.081497,0.021984,0.12551,4.408
2026-03-31 03:00:00,0.103144,0.412573,0.027704,0.07544,0.058069,0.007852,0.089541,4.041
2026-03-31 04:00:00,0.058006,0.219718,0.024339,0.033667,0.05535,0.005851,0.088573,4.05
2026-03-31 05:00:00,0.046123,0.202295,0.014703,0.03142,0.053601,0.004034,0.084163,3.111
2026-03-31 06:00:00,0.131962,0.390424,0.035263,0.096699,0.070235,0.005236,0.102784,3.281
2026-03-31 07:00:00,0.917162,2.65076,0.075051,0.842111,0.073047,0.031194,0.130162,3.184
2026-03-31 08:00:00,0.86296,2.95534,0.237721,0.625239,0.060243,0.026689,0.118068,2.716
2026-03-31 09:00:00,0.42692,1.5581,0.052332,0.374588,0.066408,0.021577,0.122348,2.658
2026-03-31 10:00:00,1.0227,3.06199,0.103043,0.919662,0.084939,0.035524,0.136962,3.39
2026-03-31 11:00:00,0.973559,3.18157,0.080284,0.893275,0.071908,0.050666,0.14651,3.033
2026-03-31 12:00:00,1.28533,2.57066,0.150778,1.13455,0.083215,0.072653,0.169773,3.958
2026-03-31 13:00:00,1.88607,4.26714,0.287666,1.59841,0.122843,0.07455,0.213623,5.165
2026-03-31 14:00:00,0.623572,2.75917,0.096545,0.527027,0.077053,0.068904,0.180838,2.387
2026-03-31 15:00:00,0.676031,2.38039,0.059267,0.616764,0.059619,0.033786,0.115445,3.064
2026-03-31 16:00:00,1.58765,6.78483,0.195135,1.39251,0.127253,0.078016,0.25474,6.865
2026-03-31 17:00:00,1.3287,3.63033,0.166039,1.16266,0.117413,0.076769,0.236107,7.803
2026-03-31 18:00:00,1.1341,3.52205,0.181788,0.952311,0.108503,0.077418,0.214793,4.596
2026-03-31 19:00:00,1.26435,3.69694,0.29997,0.964385,0.097227,0.059031,0.175004,4.586
2026-03-31 20:00:00,1.23161,3.00393,0.232199,0.999415,0.104742,0.060135,0.196948,7.221
2026-03-31 21:00:00,1.13892,4.03873,0.202066,0.936856,0.139167,0.099665,0.25362,4.858
2026-03-31 22:00:00,2.90244,9.73974,0.14025,2.76219,0.198119,0.131618,0.364928,11.382
2026-03-31 23:00:00,7.75755,40.8292,0.228856,7.52869,0.089162,0.108371,0.171701,4.964
2026-04-01 00:00:00,2.0492,13.8459,0.0346,2.01459,0.044144,0.088719,0.107388,2.172
2026-04-01 01:00:00,0.394708,3.65469,0.027727,0.366981,0.064113,0.016261,0.10851,1.818
2026-04-01 02:00:00,0.129417,1.13524,0.012355,0.117062,0.033452,0.00444,0.061474,0.747
2026-04-01 03:00:00,0.25562,3.36341,0.016318,0.239302,0.029132,0.014866,0.06219,1.155
2026-04-01 04:00:00,0.396048,3.19393,0.01662,0.379428,0.051491,0.019999,0.077811,2.291
2026-04-01 05:00:00,0.188183,1.84492,0.007501,0.180682,0.030067,0.005949,0.050613,1.618
2026-04-01 06:00:00,0.193518,1.0079,0.024659,0.168859,0.017693,0.006432,0.037198,0.519
2026-04-01 07:00:00,4.47323,13.6379,0.208651,4.26458,0.150595,0.134064,0.232508,7.114
2026-04-01 08:00:00,2.07296,7.24813,0.169859,1.90311,0.098614,0.068862,0.171888,4.251
2026-04-01 09:00:00,0.392025,2.17792,0.063799,0.328226,0.069858,0.019153,0.135368,2.531
2026-04-01 10:00:00,1.37116,6.40728,0.125039,1.24612,0.086213,0.056206,0.175016,5.551
2026-04-01 11:00:00,0.889312,3.00443,0.097084,0.792228,0.100078,0.042156,0.170818,4.432
2026-04-01 12:00:00,2.92164,9.67429,0.139112,2.78252,0.086422,0.134943,0.209461,7.705
2026-04-01 13:00:00,1.07268,5.82975,0.108791,0.963885,0.070905,0.050035,0.146422,4.563
2026-04-01 14:00:00,0.864978,2.82673,0.075686,0.789292,0.071179,0.038817,0.151204,4.335
2026-04-01 15:00:00,1.44376,6.01567,0.235405,1.20835,0.090223,0.042924,0.159541,3.618
2026-04-01 16:00:00,0.588784,3.03497,0.115641,0.473143,0.087057,0.02704,0.138842,3.48
2026-04-01 17:00:00,0.708575,2.13426,0.124465,0.58411,0.081431,0.049789,0.151157,5.556
2026-04-01 18:00:00,0.969166,2.1537,0.15042,0.818746,0.095212,0.043787,0.180845,4.632
2026-04-01 19:00:00,0.809587,1.90044,0.125064,0.684523,0.119605,0.063423,0.216006,5.081
2026-04-01 20:00:00,0.702531,1.24562,0.098785,0.603746,0.138852,0.046447,0.227984,6.251
2026-04-01 21:00:00,1.94682,5.5943,0.350485,1.59633,0.233785,0.068942,0.32951,11.557
2026-04-01 22:00:00,2.45124,6.96375,0.196111,2.25513,0.192669,0.094236,0.339316,10.614
2026-04-01 23:00:00,2.43875,8.29507,0.719927,1.71882,0.182965,0.08268,0.232542,9.898
2026-04-02 00:00:00,0.268577,1.65788,0.045702,0.222875,0.132209,0.019912,0.164136,7.835
2026-04-02 01:00:00,0.355903,1.58885,0.041419,0.314484,0.104157,0.013372,0.144491,5.642
2026-04-02 02:00:00,2.13544,9.97872,0.040268,2.09518,0.078584,0.041338,0.125925,2.386
2026-04-02 03:00:00,0.370998,1.91236,0.030942,0.340056,0.081936,0.01896,0.157122,4.828
2026-04-02 04:00:00,2.21988,7.39959,1.97999,0.239883,0.310552,0.030006,0.234972,5.997
2026-04-02 05:00:00,0.425276,2.9533,0.024992,0.400284,0.078266,0.009939,0.111992,3.013
2026-04-02 06:00:00,0.280719,1.77669,0.027312,0.253407,0.099121,0.012799,0.151731,3.681
2026-04-02 07:00:00,0.711091,2.32383,0.095255,0.615836,0.115497,0.045395,0.256147,4.812
2026-04-02 08:00:00,0.78554,2.03508,0.221563,0.563977,0.157066,0.032125,0.255815,5.507
2026-04-02 09:00:00,0.49574,1.29099,0.086952,0.408788,0.139638,0.027362,0.248035,4.327
2026-04-02 10:00:00,1.44791,3.77061,0.126446,1.32147,0.17763,0.054107,0.361368,7.482
2026-04-02 11:00:00,1.06187,2.62838,0.128536,0.933331,0.124056,0.040832,0.232499,5.171
2026-04-02 12:00:00,1.62622,5.76675,0.148987,1.47724,0.099321,0.052181,0.207877,6.761
2026-04-02 13:00:00,1.73176,4.58137,0.386766,1.34499,0.202772,0.071124,0.39038,7.713
2026-04-02 14:00:00,1.15922,4.99664,0.138944,1.02028,0.136955,0.045826,0.294729,4.947
2026-04-02 15:00:00,1.80086,5.66308,0.264973,1.53589,0.145435,0.061253,0.239025,6.094
2026-04-02 16:00:00,2.31255,8.02969,0.138987,2.17356,0.131764,0.110375,0.265088,5.933
2026-04-02 17:00:00,2.24872,7.11622,0.199173,2.04955,0.096085,0.103636,0.236975,7.955
2026-04-02 18:00:00,0.910918,2.58783,0.354323,0.556595,0.096789,0.053884,0.203422,4.973
2026-04-02 19:00:00,1.28927,3.74789,0.23387,1.0554,0.177667,0.099438,0.282058,7.479
2026-04-02 20:00:00,0.770556,1.88862,0.135355,0.635201,0.131719,0.04271,0.23007,5.855
2026-04-02 21:00:00,1.00528,3.37344,0.118586,0.886699,0.113375,0.049283,0.213742,5.809
2026-04-02 22:00:00,1.04095,3.51674,0.105045,0.935909,0.131228,0.072839,0.273824,5.354
2026-04-02 23:00:00,1.60352,7.4931,0.069619,1.5339,0.127381,0.074612,0.271124,4.911
2026-04-03 00:00:00,1.32401,4.41337,0.201426,1.12259,0.065494,0.048197,0.16548,7.266
2026-04-03 01:00:00,2.22207,8.48119,0.340688,1.88138,0.057648,0.080372,0.193752,9.922
2026-04-03 02:00:00,0.269171,1.05973,0.025621,0.24355,0.008805,0.014637,0.045205,4.636
2026-04-03 03:00:00,0.188052,0.764435,0.019378,0.168674,0.006571,0.009214,0.037376,2.923
2026-04-03 04:00:00,0.09739,0.38043,0.012244,0.085146,0.004911,0.005369,0.029668,3.577
2026-04-03 05:00:00,0.235916,1.01688,0.012454,0.223462,0.00458,0.014299,0.030471,3.462
2026-04-03 06:00:00,0.310348,1.59974,0.020789,0.289559,0.005633,0.010007,0.03603,3.751
2026-04-03 07:00:00,3.18761,10.555,0.14484,3.04277,0.019946,0.095947,0.095222,6.1
2026-04-03 08:00:00,1.18103,4.21795,0.173396,1.00763,0.027085,0.040961,0.072466,3.232
2026-04-03 09:00:00,0.820061,2.90802,0.058294,0.761767,0.011587,0.029521,0.060169,2.521
2026-04-03 10:00:00,0.432874,2.10133,0.063042,0.369832,0.02912,0.042094,0.088372,3.197
2026-04-03 11:00:00,0.72951,3.03963,0.117145,0.612365,0.017037,0.030035,0.075608,4.223
2026-04-03 12:00:00,2.04141,6.89664,0.235316,1.80609,0.025724,0.072488,0.10194,7.507
2026-04-03 13:00:00,1.27894,5.60939,0.104904,1.17404,0.017026,0.056579,0.084026,4.683
2026-04-03 14:00:00,1.32686,5.92349,0.126193,1.20067,0.017862,0.043637,0.077846,4.705
2026-04-03 15:00:00,1.11775,3.9082,0.115769,1.00198,0.016992,0.048994,0.077234,4.053
2026-04-03 16:00:00,1.50959,5.76179,0.159491,1.3501,0.017438,0.051488,0.079311,3.557
2026-04-03 17:00:00,1.57106,4.22329,0.159988,1.41108,0.030426,0.064074,0.098155,5.755
2026-04-03 18:00:00,1.19835,2.99588,0.279042,0.91931,0.035637,0.052869,0.103265,6.357
2026-04-03 19:00:00,2.11349,3.61899,0.552603,1.56089,0.067566,0.082591,0.159333,10.959
2026-04-03 20:00:00,1.91873,4.99668,0.620751,1.29797,0.06611,0.070779,0.160131,10.746
2026-04-03 21:00:00,5.08712,14.7027,0.311582,4.77554,0.045312,0.179677,0.223981,12.717
2026-04-03 22:00:00,2.76463,9.5332,0.247116,2.51751,0.036371,0.128482,0.181532,8.471
2026-04-03 23:00:00,1.71343,8.23765,0.371025,1.34241,0.043076,0.079418,0.137567,9.501
2026-04-04 00:00:00,3.63145,15.1311,0.397009,3.23444,0.045764,0.161558,0.154969,9.158
2026-04-04 01:00:00,0.851723,4.43605,0.044415,0.807308,0.008749,0.028247,0.045154,2.964
2026-04-04 02:00:00,0.632773,3.43898,0.031584,0.601189,0.00696,0.01942,0.036456,2.997
2026-04-04 03:00:00,0.44169,2.48141,0.022181,0.419509,0.00707,0.022058,0.039117,1.823
2026-04-04 04:00:00,0.070736,0.552624,0.007735,0.063001,0.002185,0.004562,0.016592,0.43
2026-04-04 05:00:00,0.115283,0.76855,0.005441,0.109842,0.003199,0.012159,0.027552,0.331
2026-04-04 06:00:00,0.432383,1.6759,0.070889,0.361494,0.0065,0.015064,0.031993,1.463
2026-04-04 07:00:00,0.34163,1.00479,0.039656,0.301974,0.00555,0.011611,0.031042,1.432
2026-04-04 08:00:00,0.607248,1.79659,0.059961,0.547287,0.009686,0.027057,0.048749,2.638
2026-04-04 09:00:00,1.54056,2.90671,0.115072,1.42549,0.019973,0.057516,0.076634,4.934
2026-04-04 10:00:00,1.46485,4.02432,0.116614,1.34824,0.021495,0.056252,0.08476,4.79
2026-04-04 11:00:00,1.48297,4.18918,0.1878,1.29517,0.032305,0.102272,0.120436,6.031
2026-04-04 12:00:00,1.72308,5.45277,0.180044,1.54303,0.025298,0.064938,0.100281,5.812
2026-04-04 13:00:00,1.33839,4.88464,0.145261,1.19313,0.016678,0.055073,0.069209,4.459
2026-04-04 14:00:00,2.33207,8.2115,0.556725,1.77534,0.048228,0.094983,0.110988,5.579
2026-04-04 15:00:00,7.0005,22.8774,0.540039,6.46046,0.043152,0.195707,0.142005,7.422
2026-04-04 16:00:00,3.10944,10.5763,0.222754,2.88668,0.027517,0.109983,0.129577,9.089
2026-04-04 17:00:00,1.95497,6.22602,0.355076,1.59989,0.041448,0.078675,0.126682,8.648
2026-04-04 18:00:00,0.649662,2.66255,0.164125,0.485537,0.026846,0.045333,0.103672,5.986
2026-04-04 19:00:00,1.87822,8.94389,0.197617,1.6806,0.023835,0.076668,0.114001,8.138
2026-04-04 20:00:00,2.52224,10.1703,0.378142,2.1441,0.040835,0.104683,0.142658,10.567
2026-04-04 21:00:00,2.8115,10.7309,0.366373,2.44512,0.04911,0.126749,0.17737,11.436
2026-04-04 22:00:00,1.9207,6.85965,0.644529,1.27617,0.060521,0.07506,0.15096,9.637
2026-04-04 23:00:00,2.06514,6.66173,0.367049,1.69809,0.048194,0.076822,0.134371,9.508
2026-04-05 00:00:00,1.45389,5.81558,0.101703,1.35219,0.01745,0.070369,0.087482,6.022
2026-04-05 01:00:00,0.336374,1.44989,0.030382,0.305992,0.006417,0.017847,0.032747,1.764
2026-04-05 02:00:00,0.31009,1.4356,0.017948,0.292142,0.007942,0.024707,0.036559,1.119
2026-04-05 03:00:00,0.195413,0.857075,0.010756,0.184657,0.002936,0.010297,0.022631,0.708
2026-04-05 04:00:00,0.222572,0.951164,0.133765,0.088807,0.015442,0.00806,0.042757,0.506
2026-04-05 05:00:00,0.372671,1.98229,0.020947,0.351724,0.004344,0.010645,0.019928,0.739
2026-04-05 06:00:00,0.499723,1.75959,0.023193,0.47653,0.004683,0.016145,0.024925,1.041
2026-04-05 07:00:00,1.90312,6.74864,0.053211,1.84991,0.010844,0.041663,0.051175,2.669
2026-04-05 08:00:00,1.30248,4.68517,0.070194,1.23228,0.012651,0.047161,0.064357,3.257
2026-04-05 09:00:00,0.821078,2.45832,0.100657,0.720421,0.047213,0.074262,0.107631,3.557
2026-04-05 10:00:00,1.28894,5.15574,0.073895,1.21504,0.018443,0.060942,0.081319,3.745
2026-04-05 11:00:00,1.85606,6.31312,0.163086,1.69297,0.035187,0.09544,0.125027,5.743
2026-04-05 12:00:00,1.74242,3.82109,0.198597,1.54382,0.034557,0.104684,0.130574,6.158
2026-04-05 13:00:00,1.09086,4.19563,0.12277,0.968093,0.020077,0.05926,0.086525,3.885
2026-04-05 14:00:00,0.748543,3.59877,0.156043,0.5925,0.01531,0.034622,0.065575,2.822
2026-04-05 15:00:00,1.81385,7.55771,0.447132,1.36672,0.039255,0.059164,0.089276,5.708
2026-04-05 16:00:00,1.71854,7.47192,0.137001,1.58154,0.022764,0.068298,0.09141,4.829
2026-04-05 17:00:00,1.4619,4.10647,0.20266,1.25924,0.029571,0.06304,0.105792,6.535
2026-04-05 18:00:00,1.59873,5.55114,0.21051,1.38822,0.032442,0.083125,0.141716,8.067
2026-04-05 19:00:00,1.61936,3.73123,0.25701,1.36234,0.03382,0.064329,0.138052,9.669
2026-04-05 20:00:00,1.24546,4.29469,0.437661,0.8078,0.044797,0.066676,0.12748,8.536
2026-04-05 21:00:00,2.09914,4.9508,0.331612,1.76752,0.041933,0.086778,0.134612,8.511
2026-04-05 22:00:00,1.59443,3.81442,0.197795,1.39663,0.031944,0.074382,0.134723,7.99
2026-04-05 23:00:00,4.49008,20.9817,0.520004,3.97007,0.049042,0.140602,0.160666,12.052
2026-04-06 00:00:00,1.66173,7.22492,0.09407,1.56766,0.019176,0.069739,0.072047,3.523
2026-04-06 01:00:00,0.413305,1.41543,0.048675,0.36463,0.012601,0.038264,0.05317,1.624
2026-04-06 02:00:00,0.137446,0.494409,0.047345,0.090101,0.00612,0.017138,0.027253,0.521
2026-04-06 03:00:00,0.667553,2.60763,0.025324,0.642229,0.004191,0.016934,0.026984,1.432
2026-04-06 04:00:00,0.205003,0.820012,0.049158,0.155845,0.004551,0.005172,0.017523,0.959
2026-04-06 05:00:00,0.073016,0.372528,0.002632,0.070384,0.002692,0.009726,0.020144,0.166
2026-04-06 06:00:00,0.116717,0.494557,0.015222,0.101495,0.003854,0.005097,0.019926,0.561
2026-04-06 07:00:00,0.183163,0.64494,0.024364,0.158799,0.004157,0.005288,0.023306,0.887
2026-04-06 08:00:00,0.227867,0.890107,0.021113,0.206754,0.004795,0.009285,0.032826,1.118
2026-04-06 09:00:00,1.47773,5.68359,0.354372,1.12336,0.034653,0.054563,0.090553,4.591
2026-04-06 10:00:00,1.37649,4.65029,0.146641,1.22985,0.027896,0.0658,0.096903,4.825
2026-04-06 11:00:00,1.18906,4.87319,0.45278,0.736279,0.024736,0.03878,0.072862,4.056
2026-04-06 12:00:00,1.87641,4.73841,0.30909,1.56732,0.048053,0.112373,0.131242,6.989
2026-04-06 13:00:00,0.843197,2.20732,0.141813,0.701384,0.017449,0.048297,0.078498,3.959
2026-04-06 14:00:00,0.987689,3.63121,0.189876,0.797813,0.020894,0.050141,0.071476,3.861
2026-04-06 15:00:00,1.75552,6.09554,0.104641,1.65088,0.01806,0.068625,0.096821,5.161
2026-04-06 16:00:00,0.738292,2.00623,0.088303,0.649989,0.020669,0.080324,0.096865,3.745
2026-04-06 17:00:00,3.25283,6.89159,0.174141,3.07869,0.028745,0.126449,0.136341,8.986
2026-04-06 18:00:00,3.51687,7.00572,0.325092,3.19178,0.038019,0.10781,0.164561,13.152
2026-04-06 19:00:00,1.96831,5.26286,0.282224,1.68609,0.043071,0.073691,0.136893,9.235
2026-04-06 20:00:00,2.39864,6.24645,0.312255,2.08638,0.041617,0.105914,0.150648,11.357
2026-04-06 21:00:00,3.39736,10.1112,0.448656,2.9487,0.049813,0.159326,0.163868,10.201
2026-04-06 22:00:00,1.80698,5.44271,0.199938,1.60704,0.036103,0.144358,0.158576,7.951
2026-04-06 23:00:00,1.56812,7.12781,0.11489,1.45323,0.037913,0.065778,0.077121,4.938
2026-04-07 00:00:00,1.54093,5.9726,0.095204,1.44573,0.015315,0.045884,0.069188,6.439
2026-04-07 01:00:00,1.24169,5.91281,0.070852,1.17084,0.015888,0.041927,0.082542,7.35
2026-04-07 02:00:00,1.11646,5.21711,0.077266,1.0392,0.089164,0.054008,0.163458,7.595
2026-04-07 03:00:00,0.339834,1.90918,0.054393,0.285441,0.015904,0.017987,0.074543,4.379
2026-04-07 04:00:00,0.049826,0.193126,0.024929,0.024897,0.006419,0.00485,0.035218,4.496
2026-04-07 05:00:00,0.134485,0.513306,0.077871,0.056614,0.006667,0.004015,0.030416,3.599
2026-04-07 06:00:00,0.718967,3.45657,0.039124,0.679843,0.007237,0.02028,0.037861,2.242
2026-04-07 07:00:00,0.95004,2.96887,0.127003,0.823037,0.014426,0.02951,0.054036,3.156
2026-04-07 08:00:00,0.627066,2.61278,0.059937,0.567129,0.011588,0.027329,0.058806,2.737
2026-04-07 09:00:00,0.294493,1.50251,0.028217,0.266276,0.008609,0.017276,0.045541,1.584
2026-04-07 10:00:00,0.535489,2.50229,0.053708,0.481781,0.012313,0.024222,0.08151,4.362
2026-04-07 11:00:00,0.897919,3.07506,0.132028,0.765891,0.016078,0.03683,0.066676,3.731
2026-04-07 12:00:00,0.905027,3.35195,0.148242,0.756785,0.019619,0.039501,0.075522,4.408
2026-04-07 13:00:00,1.24654,5.56489,0.167779,1.07876,0.019418,0.041407,0.071583,3.951
2026-04-07 14:00:00,1.06298,4.62167,0.076431,0.986551,0.017926,0.044365,0.091941,6.064
2026-04-07 15:00:00,2.45779,9.10292,0.209944,2.24784,0.023701,0.076304,0.090343,3.719
2026-04-07 16:00:00,0.837014,3.51686,0.120987,0.716027,0.019097,0.056572,0.079241,2.856
2026-04-07 17:00:00,3.73595,11.7483,2.76345,0.972502,0.156492,0.062496,0.10741,4.571
2026-04-07 18:00:00,8.04915,17.8079,4.49307,3.55608,0.335071,0.148729,0.205507,9.936
2026-04-07 19:00:00,1.43418,2.93889,0.302503,1.13167,0.060881,0.074608,0.119002,5.677
2026-04-07 20:00:00,1.77553,4.11002,0.423751,1.35178,0.038607,0.057803,0.095924,7.371
2026-04-07 21:00:00,1.81836,3.8362,0.473275,1.34509,0.051648,0.114936,0.187007,8.355
2026-04-07 22:00:00,1.84993,4.64807,0.101307,1.74863,0.026102,0.08852,0.106499,5.8
2026-04-07 23:00:00,1.81767,4.86008,0.134238,1.68343,0.022827,0.069847,0.095412,7.872
2026-04-08 00:00:00,0.35678,0.474442,0.05059,0.30619,0.011002,0.016886,0.046354,3.328
2026-04-08 01:00:00,0.847669,1.10952,0.033124,0.814545,0.009375,0.025997,0.044017,2.688
2026-04-08 02:00:00,1.15594,1.42709,0.072433,1.08351,0.010342,0.02669,0.047437,3.053
2026-04-08 03:00:00,1.14587,1.90343,0.040881,1.10499,0.009417,0.024693,0.044468,3.028
2026-04-08 04:00:00,0.624515,1.56129,0.023314,0.601201,0.004779,0.013422,0.02755,1.713
2026-04-08 05:00:00,0.038837,0.107286,0.007237,0.0316,0.002653,0.003527,0.021024,1.644
2026-04-08 06:00:00,0.141127,0.452329,0.019342,0.121785,0.003314,0.006608,0.023135,1.186
2026-04-08 07:00:00,0.49143,1.42032,0.062302,0.429128,0.010906,0.027218,0.050149,1.761
2026-04-08 08:00:00,0.827064,2.77538,0.160686,0.666378,0.016181,0.036113,0.070102,3.547
2026-04-08 09:00:00,0.389238,1.75332,0.103307,0.285931,0.010893,0.020543,0.0522,1.997
2026-04-08 10:00:00,0.61922,3.06545,0.046398,0.572822,0.016745,0.031868,0.07359,3.934
2026-04-08 11:00:00,0.475191,2.69995,0.091403,0.383788,0.014661,0.028862,0.071052,3.26
2026-04-08 12:00:00,0.537855,1.16925,0.082958,0.454897,0.015546,0.041369,0.081772,3.763
2026-04-08 13:00:00,0.855377,2.43005,0.119203,0.736174,0.021954,0.045984,0.082639,3.482
2026-04-08 14:00:00,0.487869,2.3683,0.099937,0.387932,0.013426,0.036071,0.069025,2.449
2026-04-08 15:00:00,0.443697,2.46499,0.056806,0.386891,0.011257,0.029711,0.056312,2.428
2026-04-08 16:00:00,1.00729,3.67625,0.084525,0.922767,0.016766,0.066408,0.087884,4.23
2026-04-08 17:00:00,1.13088,3.07304,0.16143,0.969449,0.02987,0.068887,0.101787,5.412
2026-04-08 18:00:00,1.13989,1.83854,0.114394,1.0255,0.02219,0.071439,0.099892,5.151
2026-04-08 19:00:00,1.3454,2.88712,0.156996,1.1884,0.024932,0.057729,0.096946,6.588
2026-04-08 20:00:00,5.2211,16.0156,0.371902,4.84919,0.053827,0.132822,0.150728,10.177
2026-04-08 21:00:00,1.84744,4.99308,0.233905,1.61353,0.036577,0.087405,0.115155,8.23
2026-04-08 22:00:00,1.36709,3.99735,0.200964,1.16613,0.03856,0.07733,0.11846,6.445
2026-04-08 23:00:00,2.67003,7.25551,0.580608,2.08942,0.066053,0.115425,0.140479,10.647
2026-04-09 00:00:00,0.918682,1.28667,0.093508,0.825174,0.01832,0.047664,0.076903,5.393
2026-04-09 01:00:00,0.239561,0.346186,0.030698,0.208863,0.006194,0.004441,0.024691,1.294
2026-04-09 02:00:00,1.60685,8.11541,0.026747,1.5801,0.004778,0.027449,0.028508,1.466
2026-04-09 03:00:00,0.175959,0.935957,0.014355,0.161604,0.003298,0.005327,0.020659,1.036
2026-04-09 04:00:00,0.135543,0.868864,0.01059,0.124953,0.002093,0.004207,0.016445,0.788
2026-04-09 05:00:00,0.069834,0.406017,0.007158,0.062676,0.001614,0.004259,0.014464,0.6
2026-04-09 06:00:00,0.241323,1.1602,0.017507,0.223816,0.003127,0.009761,0.020837,0.749
2026-04-09 07:00:00,0.903644,2.87785,0.136242,0.767402,0.015227,0.031238,0.057888,3.238
2026-04-09 08:00:00,1.43541,3.71867,0.102187,1.33322,0.016359,0.051856,0.081998,4.43
2026-04-09 09:00:00,0.51447,1.58787,0.071008,0.443462,0.010257,0.019531,0.053003,2.509
2026-04-09 10:00:00,1.29675,7.04755,0.277661,1.01909,0.018288,0.033477,0.062638,2.512
2026-04-09 11:00:00,3.50545,10.5586,0.147156,3.3583,0.024416,0.094589,0.114362,6.554
2026-04-09 12:00:00,2.9969,10.1247,0.308556,2.68834,0.044325,0.096267,0.134519,7.964
2026-04-09 13:00:00,2.56648,9.23193,1.0693,1.49718,0.118167,0.067711,0.148305,7.8
2026-04-09 14:00:00,0.634362,2.62133,0.092923,0.541439,0.01233,0.023834,0.055807,2.992
2026-04-09 15:00:00,0.673043,2.85188,0.066031,0.607012,0.015262,0.032941,0.083614,3.681
2026-04-09 16:00:00,0.514617,2.27707,0.176159,0.338458,0.027032,0.039196,0.084805,4.448
2026-04-09 17:00:00,0.820059,1.88087,0.270474,0.549585,0.026055,0.03397,0.077045,4.783
2026-04-09 18:00:00,1.44664,2.70906,0.105003,1.34163,0.018246,0.056714,0.082519,5.33
2026-04-09 19:00:00,2.25456,5.368,0.495143,1.75942,0.076285,0.083901,0.131742,8.229
2026-04-09 20:00:00,2.50214,5.43944,0.655996,1.84615,0.106311,0.114682,0.179991,10.782
2026-04-09 21:00:00,1.11087,2.79114,0.375609,0.735264,0.066722,0.067216,0.14068,7.973
2026-04-09 22:00:00,3.56753,10.8766,0.559018,3.00851,0.068074,0.144149,0.217382,10.595
2026-04-09 23:00:00,2.1816,7.52278,0.185381,1.99622,0.02815,0.085319,0.104712,8.999
2026-04-10 00:00:00,2.69096,3.70656,0.08867,2.60229,0.022785,0.106122,0.125729,9.849
2026-04-10 01:00:00,1.48504,4.61193,0.060966,1.42408,0.012958,0.035535,0.064869,5.715
2026-04-10 02:00:00,0.062371,0.243636,0.006425,0.055946,0.004149,0.013112,0.023614,0.499
2026-04-10 03:00:00,0.013281,0.052698,0.002806,0.010475,0.002034,0.009731,0.015779,0.326
2026-04-10 04:00:00,0.126575,0.801111,0.013719,0.112856,0.003016,0.005531,0.018959,0.789
2026-04-10 05:00:00,0.017848,0.094937,0.003075,0.014773,0.003247,0.00317,0.018882,1.07
2026-04-10 06:00:00,0.087788,0.418038,0.016326,0.071462,0.004824,0.004053,0.025176,2.124
2026-04-10 07:00:00,0.505145,1.85715,0.070959,0.434186,0.008822,0.017746,0.043686,2.91
2026-04-10 08:00:00,0.752272,1.8438,0.107758,0.644514,0.015874,0.035632,0.070433,3.815
2026-04-10 09:00:00,0.824815,3.32587,0.253003,0.571812,0.023837,0.036312,0.077713,4.097
2026-04-10 10:00:00,0.471185,1.68281,0.05971,0.411475,0.012209,0.020449,0.065811,2.611
2026-04-10 11:00:00,1.01072,4.85923,0.129241,0.881478,0.023543,0.041124,0.070701,3.053
2026-04-10 12:00:00,0.605781,1.69213,0.099739,0.506042,0.017459,0.043394,0.074721,4.497
2026-04-10 13:00:00,0.794234,4.46199,0.063723,0.730511,0.016032,0.066401,0.080187,3.178
2026-04-10 14:00:00,0.659012,2.76896,0.104253,0.554759,0.011804,0.023401,0.053955,2.823
2026-04-10 15:00:00,1.55802,6.43809,0.108891,1.44913,0.013721,0.041591,0.062676,3.307
2026-04-10 16:00:00,0.44072,1.51972,0.098124,0.342596,0.019348,0.047857,0.07331,3.35
2026-04-10 17:00:00,1.0422,2.84755,0.116586,0.925618,0.022247,0.048796,0.083068,4.802
2026-04-10 18:00:00,1.6696,2.63343,0.202574,1.46702,0.024747,0.065559,0.097451,8.17
2026-04-10 19:00:00,0.979854,3.02424,0.165387,0.814467,0.024508,0.056395,0.10974,6.321
2026-04-10 20:00:00,1.55292,4.10826,0.150424,1.4025,0.041661,0.067144,0.110548,7.517
2026-04-10 21:00:00,1.88451,4.40305,0.371976,1.51253,0.044842,0.071031,0.130306,8.325
2026-04-10 22:00:00,1.50671,4.86035,0.330245,1.17646,0.039956,0.082039,0.126521,7.533
2026-04-10 23:00:00,3.26666,9.22784,0.234446,3.03221,0.03264,0.153259,0.149894,9.915
2026-04-11 00:00:00,1.33531,1.87018,0.119443,1.21587,0.020102,0.064601,0.086335,6.297
2026-04-11 01:00:00,0.651961,1.35825,0.055911,0.59605,0.009334,0.019585,0.041304,2.641
2026-04-11 02:00:00,0.445062,1.79461,0.057475,0.387587,0.01016,0.01472,0.042815,2.727
2026-04-11 03:00:00,0.099682,0.470195,0.035419,0.064263,0.005448,0.004426,0.024189,1.391
2026-04-11 04:00:00,0.049854,0.273934,0.029687,0.020167,0.004599,0.003179,0.02104,1.233
2026-04-11 05:00:00,0.045117,0.250648,0.007663,0.037454,0.001159,0.00275,0.012109,0.442
2026-04-11 06:00:00,0.913476,4.56738,0.028564,0.884912,0.004723,0.02361,0.03113,1.893
2026-04-11 07:00:00,0.462173,1.76402,0.034025,0.428148,0.005839,0.015052,0.032274,1.563
2026-04-11 08:00:00,0.802619,2.55611,0.069768,0.732851,0.013379,0.035153,0.064657,2.223
2026-04-11 09:00:00,0.993356,2.17841,0.076188,0.917168,0.015568,0.057155,0.090987,3.449
2026-04-11 10:00:00,1.06678,1.90496,0.107809,0.958972,0.022138,0.054651,0.113172,3.67
2026-04-11 11:00:00,1.56964,2.40742,0.161803,1.40783,0.019505,0.058787,0.080982,4.64
2026-04-11 12:00:00,11.8153,25.3547,0.320887,11.4944,0.026127,0.197776,0.132169,7.282
2026-04-11 13:00:00,2.49582,5.75073,0.117283,2.37853,0.016162,0.065761,0.088431,7.287
2026-04-11 14:00:00,1.85525,4.78157,0.226915,1.62833,0.025392,0.063924,0.093125,6.329
2026-04-11 15:00:00,1.17778,3.52628,0.097164,1.08061,0.013927,0.050746,0.068624,3.7
2026-04-11 16:00:00,1.14818,3.1894,0.115119,1.03306,0.01889,0.054578,0.10031,3.984
2026-04-11 17:00:00,1.65296,4.46745,0.14948,1.50348,0.022294,0.058986,0.098502,4.894
2026-04-11 18:00:00,1.80766,4.24333,0.517381,1.29028,0.06181,0.076462,0.113843,6.456
2026-04-11 19:00:00,1.39126,4.11615,0.179973,1.21129,0.0258,0.0823,0.101663,6.169
2026-04-11 20:00:00,3.30988,7.0724,0.467248,2.84263,0.080265,0.138477,0.191486,8.692
2026-04-11 21:00:00,1.44136,3.95977,0.266016,1.17534,0.045879,0.069121,0.095302,4.996
2026-04-11 22:00:00,2.81817,10.1373,1.63172,1.18645,0.108798,0.07784,0.120609,6.376
2026-04-11 23:00:00,2.46286,12.1924,0.431241,2.03162,0.053261,0.10314,0.151727,10.587
2026-04-12 00:00:00,2.51671,11.2353,0.303579,2.21313,0.037136,0.121451,0.144524,11.39
2026-04-12 01:00:00,0.672765,3.65633,0.067192,0.605573,0.024745,0.041839,0.107037,7.634
2026-04-12 02:00:00,0.249354,1.19882,0.076344,0.17301,0.010548,0.011047,0.04677,4.77
2026-04-12 03:00:00,0.169633,0.673151,0.021594,0.148039,0.005454,0.008929,0.033473,3.19
2026-04-12 04:00:00,0.302005,1.00669,0.054596,0.247409,0.00916,0.012079,0.038456,4.124
2026-04-12 05:00:00,0.135775,0.611598,0.020819,0.114956,0.005745,0.006362,0.031761,3.48
2026-04-12 06:00:00,0.184695,0.513042,0.031094,0.153601,0.007337,0.008392,0.039155,3.822
2026-04-12 07:00:00,0.485668,1.04221,0.064081,0.421587,0.012101,0.021514,0.05429,4.84
2026-04-12 08:00:00,2.1492,5.02148,0.177023,1.97217,0.025244,0.078214,0.107375,7.338
2026-04-12 09:00:00,2.00311,4.55252,0.113305,1.8898,0.025561,0.10777,0.13669,6.009
2026-04-12 10:00:00,2.32099,7.43907,0.186729,2.13426,0.028485,0.081284,0.115752,7.895
2026-04-12 11:00:00,3.36298,8.44971,0.631365,2.73162,0.066631,0.103337,0.141525,7.11
2026-04-12 12:00:00,1.99032,4.34567,0.296761,1.69356,0.042205,0.104244,0.139951,9.783
2026-04-12 13:00:00,3.10888,9.25261,0.76148,2.3474,0.056446,0.100127,0.134386,8.537
2026-04-12 14:00:00,3.04299,10.2804,1.46671,1.57628,0.09657,0.080525,0.127271,7.687
2026-04-12 15:00:00,3.36623,8.01483,0.880796,2.48543,0.071985,0.09562,0.146378,8.975
2026-04-12 16:00:00,2.52645,5.95861,0.210952,2.3155,0.026768,0.086962,0.116748,7.557
2026-04-12 17:00:00,0.852066,2.39344,0.140091,0.711975,0.020499,0.049381,0.084267,4.795
2026-04-12 18:00:00,1.11366,2.16665,0.295405,0.818254,0.028769,0.04183,0.08408,4.888
2026-04-12 19:00:00,2.27568,5.89553,0.664738,1.61094,0.080185,0.094823,0.175663,9.031
2026-04-12 20:00:00,0.910428,2.60122,0.121876,0.788552,0.023715,0.050048,0.107403,8.662
2026-04-12 21:00:00,1.1666,4.02274,0.134029,1.03257,0.019454,0.047522,0.078851,5.432
2026-04-12 22:00:00,1.98784,7.09943,0.169014,1.81882,0.025971,0.092956,0.10714,6.977
2026-04-12 23:00:00,1.16574,3.44894,0.070797,1.09495,0.012231,0.045043,0.054756,3.173
2026-04-13 00:00:00,1.19026,5.51045,0.083476,1.10678,0.018196,0.075099,0.08302,3.294
2026-04-13 01:00:00,2.57075,18.9026,0.092804,2.47795,0.019876,0.102557,0.101771,4.368
2026-04-13 02:00:00,0.893209,5.25416,0.039923,0.853286,0.010243,0.035666,0.054598,2.395
2026-04-13 03:00:00,0.126663,0.791652,0.03707,0.089593,0.009835,0.010278,0.05451,4.847
2026-04-13 04:00:00,0.04773,0.458948,0.012082,0.035648,0.00633,0.008387,0.038239,3.013
2026-04-13 05:00:00,0.145148,1.29596,0.011238,0.13391,0.00595,0.007584,0.035108,2.3
2026-04-13 06:00:00,0.620236,3.82861,0.04512,0.575116,0.009488,0.020725,0.053432,3.422
2026-04-13 07:00:00,0.552325,2.32069,0.162576,0.389749,0.014385,0.022879,0.063006,2.774
2026-04-13 08:00:00,0.469739,1.39803,0.052213,0.417526,0.009829,0.021526,0.051534,1.946
2026-04-13 09:00:00,0.880781,3.55154,0.058987,0.821794,0.010422,0.029545,0.061317,2.93
2026-04-13 10:00:00,0.758679,3.99305,0.09748,0.661199,0.014111,0.029522,0.070989,4.99
2026-04-13 11:00:00,0.95616,3.95107,0.133808,0.822352,0.015017,0.034364,0.069834,3.27
2026-04-13 12:00:00,0.575323,1.70214,0.065357,0.509966,0.015638,0.043907,0.078861,3.747
2026-04-13 13:00:00,1.17278,4.69111,0.086484,1.0863,0.01254,0.03947,0.064795,3.617
2026-04-13 14:00:00,2.37012,12.8811,0.641798,1.72832,0.048132,0.087552,0.114613,5.928
2026-04-13 15:00:00,1.88677,10.036,0.156693,1.73007,0.016019,0.063102,0.072038,4.368
2026-04-13 16:00:00,2.27448,9.55662,0.168576,2.1059,0.025961,0.098631,0.125193,6.185
2026-04-13 17:00:00,1.10244,3.67481,0.111612,0.990829,0.018464,0.059274,0.087852,5.239
2026-04-13 18:00:00,2.08058,4.24609,0.255325,1.82526,0.029401,0.078534,0.111482,7.75
2026-04-13 19:00:00,2.74538,7.14944,0.370637,2.37475,0.039979,0.092651,0.112405,6.447
2026-04-13 20:00:00,2.71499,9.55984,0.375722,2.33927,0.03426,0.098069,0.105045,5.928
2026-04-13 21:00:00,2.48398,8.11758,0.26032,2.22366,0.051705,0.1345,0.151598,7.652
2026-04-13 22:00:00,1.00171,4.20888,0.083084,0.91863,0.027334,0.095078,0.115657,4.262
2026-04-13 23:00:00,0.629377,2.00439,0.086793,0.542584,0.018899,0.064258,0.09929,5.288
2026-04-14 00:00:00,1.69378,7.84155,0.137295,1.55648,0.01932,0.080124,0.086719,6.153
2026-04-14 01:00:00,0.726571,4.1757,0.077612,0.648959,0.015221,0.036539,0.058141,4.05
2026-04-14 02:00:00,0.387008,2.01567,0.056012,0.330996,0.012676,0.013136,0.050364,3.747
2026-04-14 03:00:00,0.427106,1.63017,0.043743,0.383363,0.006868,0.018104,0.036429,3.338
2026-04-14 04:00:00,1.63553,7.50245,0.092158,1.54338,0.010672,0.024975,0.047903,4.429
2026-04-14 05:00:00,0.395899,2.08367,0.039628,0.356271,0.008783,0.014497,0.047475,4.712
2026-04-14 06:00:00,0.089328,0.551402,0.027053,0.062275,0.007029,0.007405,0.043522,4.143
2026-04-14 07:00:00,0.945923,3.63817,0.106265,0.839658,0.014516,0.034103,0.077528,6.398
2026-04-14 08:00:00,2.01661,5.47991,0.130345,1.88626,0.019864,0.063823,0.092845,6.131
2026-04-14 09:00:00,1.14756,3.85087,0.212036,0.935524,0.020865,0.0394,0.072274,3.624
2026-04-14 10:00:00,0.708922,2.4113,0.097411,0.611511,0.013868,0.030949,0.065851,2.514
2026-04-14 11:00:00,1.02481,2.75486,0.186799,0.838009,0.027999,0.047777,0.082731,4.194
2026-04-14 12:00:00,1.31401,6.02757,0.170346,1.14366,0.022005,0.089377,0.094866,5.006
2026-04-14 13:00:00,0.456959,1.96965,0.056226,0.400733,0.008922,0.02384,0.048437,2.292
2026-04-14 14:00:00,0.593706,2.19891,0.053898,0.539808,0.009959,0.024649,0.054167,2.298
2026-04-14 15:00:00,0.587696,2.57761,0.084972,0.502724,0.012837,0.032296,0.066909,3.499
2026-04-14 16:00:00,0.405363,1.94886,0.048521,0.356842,0.016099,0.033504,0.063571,2.649
2026-04-14 17:00:00,3.736,11.7483,2.7634,0.9725,0.1565,0.0625,0.1074,4.571
2026-04-14 18:00:00,8.0491,17.8079,4.4931,3.5561,0.3351,0.1487,0.2055,9.936
2026-04-14 19:00:00,1.4342,2.9389,0.3025,1.1317,0.0609,0.0746,0.119,5.677
2026-04-14 20:00:00,1.7755,4.11,0.4238,1.3518,0.0386,0.0578,0.0959,7.371
2026-04-14 21:00:00,1.8184,3.8362,0.4733,1.3451,0.0516,0.1149,0.187,8.355
2026-04-14 22:00:00,1.8499,4.6481,0.1013,1.7486,0.0261,0.0885,0.1065,5.8
2026-04-14 23:00:00,1.8177,4.8601,0.1342,1.6834,0.0228,0.0698,0.0954,7.872
2026-04-15 00:00:00,0.3568,0.4744,0.0506,0.3062,0.011,0.0169,0.0464,3.328
2026-04-15 01:00:00,0.8477,1.1095,0.0331,0.8145,0.0094,0.026,0.044,2.688
2026-04-15 02:00:00,1.1559,1.4271,0.0724,1.0835,0.0103,0.0267,0.0474,3.053
2026-04-15 03:00:00,1.1459,1.9034,0.0409,1.105,0.0094,0.0247,0.0445,3.028
2026-04-15 04:00:00,0.6245,1.5613,0.0233,0.6012,0.0048,0.0134,0.0275,1.713
2026-04-15 05:00:00,0.0388,0.1073,0.0072,0.0316,0.0027,0.0035,0.021,1.644
2026-04-15 06:00:00,0.1411,0.4523,0.0193,0.1218,0.0033,0.0066,0.0231,1.186
2026-04-15 07:00:00,0.4914,1.4203,0.0623,0.4291,0.0109,0.0272,0.0501,1.761
2026-04-15 08:00:00,0.8271,2.7754,0.1607,0.6664,0.0162,0.0361,0.0701,3.547
2026-04-15 09:00:00,0.3892,1.7533,0.1033,0.2859,0.0109,0.0205,0.0522,1.997
2026-04-15 10:00:00,0.6192,3.0654,0.0464,0.5728,0.0167,0.0319,0.0736,3.934
2026-04-15 11:00:00,0.4752,2.6999,0.0914,0.3838,0.0147,0.0289,0.0711,3.26
2026-04-15 12:00:00,0.5379,1.1692,0.083,0.4549,0.0155,0.0414,0.0818,3.763
2026-04-15 13:00:00,0.8554,2.43,0.1192,0.7362,0.022,0.046,0.0826,3.482
2026-04-15 14:00:00,0.4879,2.3683,0.0999,0.3879,0.0134,0.0361,0.069,2.449
2026-04-15 15:00:00,0.4437,2.465,0.0568,0.3869,0.0113,0.0297,0.0563,2.428
2026-04-15 16:00:00,1.0073,3.6763,0.0845,0.9228,0.0168,0.0664,0.0879,4.23
2026-04-15 17:00:00,1.1309,3.073,0.1614,0.9694,0.0299,0.0689,0.1018,5.412
2026-04-15 18:00:00,1.1399,1.8385,0.1144,1.0255,0.0222,0.0714,0.0999,5.151
2026-04-15 19:00:00,1.3454,2.8871,0.157,1.1884,0.0249,0.0577,0.0969,6.588
2026-04-15 20:00:00,5.2211,16.0156,0.3719,4.8492,0.0538,0.1328,0.1507,10.177
2026-04-15 21:00:00,1.8474,4.9931,0.2339,1.6135,0.0366,0.0874,0.1152,8.23
2026-04-15 22:00:00,1.3671,3.9973,0.201,1.1661,0.0386,0.0773,0.1185,6.445
2026-04-15 23:00:00,2.67,7.2555,0.5806,2.0894,0.0661,0.1154,0.1405,10.647
2026-04-16 00:00:00,0.9187,1.2867,0.0935,0.8252,0.0183,0.0477,0.0769,5.393
2026-04-16 01:00:00,0.2396,0.3462,0.0307,0.2089,0.0062,0.0044,0.0247,1.294
2026-04-16 02:00:00,1.6069,8.1154,0.0267,1.5801,0.0048,0.0274,0.0285,1.466
2026-04-16 03:00:00,0.176,0.936,0.0144,0.1616,0.0033,0.0053,0.0207,1.036
2026-04-16 04:00:00,0.1355,0.8689,0.0106,0.125,0.0021,0.0042,0.0164,0.788
2026-04-16 05:00:00,0.0698,0.406,0.0072,0.0627,0.0016,0.0043,0.0145,0.6
2026-04-16 06:00:00,0.2413,1.1602,0.0175,0.2238,0.0031,0.0098,0.0208,0.749
2026-04-16 07:00:00,0.9036,2.8778,0.1362,0.7674,0.0152,0.0312,0.0579,3.238
2026-04-16 08:00:00,1.4354,3.7187,0.1022,1.3332,0.0164,0.0519,0.082,4.43
2026-04-16 09:00:00,0.5145,1.5879,0.071,0.4435,0.0103,0.0195,0.053,2.509
2026-04-16 10:00:00,1.2967,7.0476,0.2777,1.0191,0.0183,0.0335,0.0626,2.512
2026-04-16 11:00:00,3.5055,10.5586,0.1472,3.3583,0.0244,0.0946,0.1144,6.554
2026-04-16 12:00:00,2.9969,10.1247,0.3086,2.6883,0.0443,0.0963,0.1345,7.964
2026-04-16 13:00:00,2.5665,9.2319,1.0693,1.4972,0.1182,0.0677,0.1483,7.8
2026-04-16 14:00:00,0.6344,2.6213,0.0929,0.5414,0.0123,0.0238,0.0558,2.992
2026-04-16 15:00:00,0.673,2.8519,0.066,0.607,0.0153,0.0329,0.0836,3.681
2026-04-16 16:00:00,0.5146,2.2771,0.1762,0.3385,0.027,0.0392,0.0848,4.448
2026-04-16 17:00:00,0.8201,1.8809,0.2705,0.5496,0.0261,0.034,0.077,4.783
2026-04-16 18:00:00,1.4466,2.7091,0.105,1.3416,0.0182,0.0567,0.0825,5.33
2026-04-16 19:00:00,2.2546,5.368,0.4951,1.7594,0.0763,0.0839,0.1317,8.229
2026-04-16 20:00:00,2.5021,5.4394,0.656,1.8461,0.1063,0.1147,0.18,10.782
2026-04-16 21:00:00,1.1109,2.7911,0.3756,0.7353,0.0667,0.0672,0.1407,7.973
2026-04-16 22:00:00,3.5675,10.8766,0.559,3.0085,0.0681,0.1441,0.2174,10.595
2026-04-16 23:00:00,2.1816,7.5228,0.1854,1.9962,0.0281,0.0853,0.1047,8.999
2026-04-17 00:00:00,2.691,3.7066,0.0887,2.6023,0.0228,0.1061,0.1257,9.849
2026-04-17 01:00:00,1.485,4.6119,0.061,1.4241,0.013,0.0355,0.0649,5.715
2026-04-17 02:00:00,0.0624,0.2436,0.0064,0.0559,0.0041,0.0131,0.0236,0.499
2026-04-17 03:00:00,0.0133,0.0527,0.0028,0.0105,0.002,0.0097,0.0158,0.326
2026-04-17 04:00:00,0.1266,0.8011,0.0137,0.1129,0.003,0.0055,0.019,0.789
2026-04-17 05:00:00,0.0178,0.0949,0.0031,0.0148,0.0032,0.0032,0.0189,1.07
2026-04-17 06:00:00,0.0878,0.418,0.0163,0.0715,0.0048,0.0041,0.0252,2.124
2026-04-17 07:00:00,0.5051,1.8571,0.071,0.4342,0.0088,0.0177,0.0437,2.91
2026-04-17 08:00:00,0.7523,1.8438,0.1078,0.6445,0.0159,0.0356,0.0704,3.815
2026-04-17 09:00:00,0.8248,3.3259,0.253,0.5718,0.0238,0.0363,0.0777,4.097
2026-04-17 10:00:00,0.4712,1.6828,0.0597,0.4115,0.0122,0.0204,0.0658,2.611
2026-04-17 11:00:00,1.0107,4.8592,0.1292,0.8815,0.0235,0.0411,0.0707,3.053
2026-04-17 12:00:00,0.6058,1.6921,0.0997,0.506,0.0175,0.0434,0.0747,4.497
2026-04-17 13:00:00,0.7942,4.462,0.0637,0.7305,0.016,0.0664,0.0802,3.178
2026-04-17 14:00:00,0.659,2.769,0.1043,0.5548,0.0118,0.0234,0.054,2.823
2026-04-17 15:00:00,1.558,6.4381,0.1089,1.4491,0.0137,0.0416,0.0627,3.307
2026-04-17 16:00:00,0.4407,1.5197,0.0981,0.3426,0.0193,0.0479,0.0733,3.35
2026-04-17 17:00:00,1.0422,2.8476,0.1166,0.9256,0.0222,0.0488,0.0831,4.802
2026-04-17 18:00:00,1.6696,2.6334,0.2026,1.467,0.0247,0.0656,0.0975,8.17
2026-04-17 19:00:00,0.9799,3.0242,0.1654,0.8145,0.0245,0.0564,0.1097,6.321
2026-04-17 20:00:00,1.5529,4.1083,0.1504,1.4025,0.0417,0.0671,0.1105,7.517
2026-04-17 21:00:00,1.8845,4.403,0.372,1.5125,0.0448,0.071,0.1303,8.325
2026-04-17 22:00:00,1.5067,4.8603,0.3302,1.1765,0.04,0.082,0.1265,7.533
2026-04-17 23:00:00,3.2667,9.2278,0.2344,3.0322,0.0326,0.1533,0.1499,9.915
2026-04-18 00:00:00,1.3353,1.8702,0.1194,1.2159,0.0201,0.0646,0.0863,6.297
2026-04-18 01:00:00,0.652,1.3583,0.0559,0.5961,0.0093,0.0196,0.0413,2.641
2026-04-18 02:00:00,0.4451,1.7946,0.0575,0.3876,0.0102,0.0147,0.0428,2.727
2026-04-18 03:00:00,0.0997,0.4702,0.0354,0.0643,0.0054,0.0044,0.0242,1.391
2026-04-18 04:00:00,0.0499,0.2739,0.0297,0.0202,0.0046,0.0032,0.021,1.233
2026-04-18 05:00:00,0.0451,0.2506,0.0077,0.0375,0.0012,0.0027,0.0121,0.442
2026-04-18 06:00:00,0.9135,4.5674,0.0286,0.8849,0.0047,0.0236,0.0311,1.893
2026-04-18 07:00:00,0.4622,1.764,0.034,0.4281,0.0058,0.0151,0.0323,1.563
2026-04-18 08:00:00,0.8026,2.5561,0.0698,0.7329,0.0134,0.0352,0.0647,2.223
2026-04-18 09:00:00,0.9934,2.1784,0.0762,0.9172,0.0156,0.0572,0.091,3.449
2026-04-18 10:00:00,1.0668,1.905,0.1078,0.959,0.0221,0.0547,0.1132,3.67
2026-04-18 11:00:00,1.5696,2.4074,0.1618,1.4078,0.0195,0.0588,0.081,4.64
2026-04-18 12:00:00,11.8153,25.3547,0.3209,11.4944,0.0261,0.1978,0.1322,7.282
2026-04-18 13:00:00,2.4958,5.7507,0.1173,2.3785,0.0162,0.0658,0.0884,7.287
2026-04-18 14:00:00,1.8552,4.7816,0.2269,1.6283,0.0254,0.0639,0.0931,6.329
2026-04-18 15:00:00,1.1778,3.5263,0.0972,1.0806,0.0139,0.0507,0.0686,3.7
2026-04-18 16:00:00,1.1482,3.1894,0.1151,1.0331,0.0189,0.0546,0.1003,3.984
2026-04-18 17:00:00,1.653,4.4675,0.1495,1.5035,0.0223,0.059,0.0985,4.894
2026-04-18 18:00:00,1.8077,4.2433,0.5174,1.2903,0.0618,0.0765,0.1138,6.456
2026-04-18 19:00:00,1.3913,4.1162,0.18,1.2113,0.0258,0.0823,0.1017,6.169
2026-04-18 20:00:00,3.3099,7.0724,0.4672,2.8426,0.0803,0.1385,0.1915,8.692
2026-04-18 21:00:00,1.4414,3.9598,0.266,1.1753,0.0459,0.0691,0.0953,4.996
2026-04-18 22:00:00,2.8182,10.1373,1.6317,1.1865,0.1088,0.0778,0.1206,6.376
2026-04-18 23:00:00,2.4629,12.1924,0.4312,2.0316,0.0533,0.1031,0.1517,10.587
2026-04-19 00:00:00,2.5167,11.2353,0.3036,2.2131,0.0371,0.1215,0.1445,11.39
2026-04-19 01:00:00,0.6728,3.6563,0.0672,0.6056,0.0247,0.0418,0.107,7.634
2026-04-19 02:00:00,0.2494,1.1988,0.0763,0.173,0.0105,0.011,0.0468,4.77
2026-04-19 03:00:00,0.1696,0.6732,0.0216,0.148,0.0055,0.0089,0.0335,3.19
2026-04-19 04:00:00,0.302,1.0067,0.0546,0.2474,0.0092,0.0121,0.0385,4.124
2026-04-19 05:00:00,0.1358,0.6116,0.0208,0.115,0.0057,0.0064,0.0318,3.48
2026-04-19 06:00:00,0.1847,0.513,0.0311,0.1536,0.0073,0.0084,0.0392,3.822
2026-04-19 07:00:00,0.4857,1.0422,0.0641,0.4216,0.0121,0.0215,0.0543,4.84
2026-04-19 08:00:00,2.1492,5.0215,0.177,1.9722,0.0252,0.0782,0.1074,7.338
2026-04-19 09:00:00,2.0031,4.5525,0.1133,1.8898,0.0256,0.1078,0.1367,6.009
2026-04-19 10:00:00,2.321,7.4391,0.1867,2.1343,0.0285,0.0813,0.1158,7.895
2026-04-19 11:00:00,3.363,8.4497,0.6314,2.7316,0.0666,0.1033,0.1415,7.11
2026-04-19 12:00:00,1.9903,4.3457,0.2968,1.6936,0.0422,0.1042,0.14,9.783
2026-04-19 13:00:00,3.1089,9.2526,0.7615,2.3474,0.0564,0.1001,0.1344,8.537
2026-04-19 14:00:00,3.043,10.2804,1.4667,1.5763,0.0966,0.0805,0.1273,7.687
2026-04-19 15:00:00,3.3662,8.0148,0.8808,2.4854,0.072,0.0956,0.1464,8.975
2026-04-19 16:00:00,2.5264,5.9586,0.211,2.3155,0.0268,0.087,0.1167,7.557
2026-04-19 17:00:00,0.8521,2.3934,0.1401,0.712,0.0205,0.0494,0.0843,4.795
2026-04-19 18:00:00,1.1137,2.1667,0.2954,0.8183,0.0288,0.0418,0.0841,4.888
2026-04-19 19:00:00,2.2757,5.8955,0.6647,1.6109,0.0802,0.0948,0.1757,9.031
2026-04-19 20:00:00,0.9104,2.6012,0.1219,0.7886,0.0237,0.05,0.1074,8.662
2026-04-19 21:00:00,1.1666,4.0227,0.134,1.0326,0.0195,0.0475,0.0789,5.432
2026-04-19 22:00:00,1.9878,7.0994,0.169,1.8188,0.026,0.093,0.1071,6.977
2026-04-19 23:00:00,1.1657,3.4489,0.0708,1.0949,0.0122,0.045,0.0548,3.173
2026-04-20 00:00:00,1.1903,5.5104,0.0835,1.1068,0.0182,0.0751,0.083,3.294
2026-04-20 01:00:00,2.5708,18.9026,0.0928,2.4779,0.0199,0.1026,0.1018,4.368
2026-04-20 02:00:00,0.8932,5.2542,0.0399,0.8533,0.0102,0.0357,0.0546,2.395
2026-04-20 03:00:00,0.1267,0.7917,0.0371,0.0896,0.0098,0.0103,0.0545,4.847
2026-04-20 04:00:00,0.0477,0.4589,0.0121,0.0356,0.0063,0.0084,0.0382,3.013
2026-04-20 05:00:00,0.1451,1.296,0.0112,0.1339,0.006,0.0076,0.0351,2.3
2026-04-20 06:00:00,0.6202,3.8286,0.0451,0.5751,0.0095,0.0207,0.0534,3.422
2026-04-20 07:00:00,0.5523,2.3207,0.1626,0.3897,0.0144,0.0229,0.063,2.774
2026-04-20 08:00:00,0.4697,1.398,0.0522,0.4175,0.0098,0.0215,0.0515,1.946
2026-04-20 09:00:00,0.8808,3.5515,0.059,0.8218,0.0104,0.0295,0.0613,2.93
2026-04-20 10:00:00,0.7587,3.9931,0.0975,0.6612,0.0141,0.0295,0.071,4.99
2026-04-20 11:00:00,0.9562,3.9511,0.1338,0.8224,0.015,0.0344,0.0698,3.27
2026-04-20 12:00:00,0.5753,1.7021,0.0654,0.51,0.0156,0.0439,0.0789,3.747
2026-04-20 13:00:00,1.1728,4.6911,0.0865,1.0863,0.0125,0.0395,0.0648,3.617
2026-04-20 14:00:00,2.3701,12.8811,0.6418,1.7283,0.0481,0.0876,0.1146,5.928
2026-04-20 15:00:00,1.8868,10.036,0.1567,1.7301,0.016,0.0631,0.072,4.368
2026-04-20 16:00:00,2.2745,9.5566,0.1686,2.1059,0.026,0.0986,0.1252,6.185
2026-04-20 17:00:00,1.1024,3.6748,0.1116,0.9908,0.0185,0.0593,0.0879,5.239
2026-04-20 18:00:00,2.0806,4.2461,0.2553,1.8253,0.0294,0.0785,0.1115,7.75
2026-04-20 19:00:00,2.7454,7.1494,0.3706,2.3747,0.04,0.0927,0.1124,6.447
2026-04-20 20:00:00,2.715,9.5598,0.3757,2.3393,0.0343,0.0981,0.105,5.928
2026-04-20 21:00:00,2.484,8.1176,0.2603,2.2237,0.0517,0.1345,0.1516,7.652
2026-04-20 22:00:00,1.0017,4.2089,0.0831,0.9186,0.0273,0.0951,0.1157,4.262
2026-04-20 23:00:00,0.6294,2.0044,0.0868,0.5426,0.0189,0.0643,0.0993,5.288
2026-04-21 00:00:00,1.6938,7.8415,0.1373,1.5565,0.0193,0.0801,0.0867,6.153
2026-04-21 01:00:00,0.7266,4.1757,0.0776,0.649,0.0152,0.0365,0.0581,4.05
2026-04-21 02:00:00,0.387,2.0157,0.056,0.331,0.0127,0.0131,0.0504,3.747
2026-04-21 03:00:00,0.4271,1.6302,0.0437,0.3834,0.0069,0.0181,0.0364,3.338
2026-04-21 04:00:00,1.6355,7.5025,0.0922,1.5434,0.0107,0.025,0.0479,4.429
2026-04-21 05:00:00,0.3959,2.0837,0.0396,0.3563,0.0088,0.0145,0.0475,4.712
2026-04-21 06:00:00,0.0893,0.5514,0.0271,0.0623,0.007,0.0074,0.0435,4.143
2026-04-21 07:00:00,0.9459,3.6382,0.1063,0.8397,0.0145,0.0341,0.0775,6.398
2026-04-21 08:00:00,2.0166,5.4799,0.1303,1.8863,0.0199,0.0638,0.0928,6.131
2026-04-21 09:00:00,1.1476,3.8509,0.212,0.9355,0.0209,0.0394,0.0723,3.624
2026-04-21 10:00:00,0.7089,2.4113,0.0974,0.6115,0.0139,0.0309,0.0659,2.514
2026-04-21 11:00:00,1.0248,2.7549,0.1868,0.838,0.028,0.0478,0.0827,4.194
2026-04-21 12:00:00,1.314,6.0276,0.1703,1.1437,0.022,0.0894,0.0949,5.006
2026-04-21 13:00:00,0.457,1.9697,0.0562,0.4007,0.0089,0.0238,0.0484,2.292
2026-04-21 14:00:00,0.5937,2.1989,0.0539,0.5398,0.01,0.0246,0.0542,2.298
2026-04-21 15:00:00,0.5877,2.5776,0.085,0.5027,0.0128,0.0323,0.0669,3.499
2026-04-21 16:00:00,0.4054,1.9489,0.0485,0.3568,0.0161,0.0335,0.0636,2.649
2026-04-21 17:00:00,3.736,11.7483,2.7634,0.9725,0.1565,0.0625,0.1074,4.571
2026-04-21 18:00:00,8.0491,17.8079,4.4931,3.5561,0.3351,0.1487,0.2055,9.936
2026-04-21 19:00:00,1.4342,2.9389,0.3025,1.1317,0.0609,0.0746,0.119,5.677
2026-04-21 20:00:00,1.7755,4.11,0.4238,1.3518,0.0386,0.0578,0.0959,7.371
2026-04-21 21:00:00,1.8184,3.8362,0.4733,1.3451,0.0516,0.1149,0.187,8.355
2026-04-21 22:00:00,1.8499,4.6481,0.1013,1.7486,0.0261,0.0885,0.1065,5.8
2026-04-21 23:00:00,1.8177,4.8601,0.1342,1.6834,0.0228,0.0698,0.0954,7.872
2026-04-22 00:00:00,0.3568,0.4744,0.0506,0.3062,0.011,0.0169,0.0464,3.328
2026-04-22 01:00:00,0.8477,1.1095,0.0331,0.8145,0.0094,0.026,0.044,2.688
2026-04-22 02:00:00,1.1559,1.4271,0.0724,1.0835,0.0103,0.0267,0.0474,3.053
2026-04-22 03:00:00,1.1459,1.9034,0.0409,1.105,0.0094,0.0247,0.0445,3.028
2026-04-22 04:00:00,0.6245,1.5613,0.0233,0.6012,0.0048,0.0134,0.0275,1.713
2026-04-22 05:00:00,0.0388,0.1073,0.0072,0.0316,0.0027,0.0035,0.021,1.644
2026-04-22 06:00:00,0.1411,0.4523,0.0193,0.1218,0.0033,0.0066,0.0231,1.186
2026-04-22 07:00:00,0.4914,1.4203,0.0623,0.4291,0.0109,0.0272,0.0501,1.761
2026-04-22 08:00:00,0.8271,2.7754,0.1607,0.6664,0.0162,0.0361,0.0701,3.547
2026-04-22 09:00:00,0.3892,1.7533,0.1033,0.2859,0.0109,0.0205,0.0522,1.997
2026-04-22 10:00:00,0.6192,3.0654,0.0464,0.5728,0.0167,0.0319,0.0736,3.934
2026-04-22 11:00:00,0.4752,2.6999,0.0914,0.3838,0.0147,0.0289,0.0711,3.26
2026-04-22 12:00:00,0.5379,1.1692,0.083,0.4549,0.0155,0.0414,0.0818,3.763
2026-04-22 13:00:00,0.8554,2.43,0.1192,0.7362,0.022,0.046,0.0826,3.482
2026-04-22 14:00:00,0.4879,2.3683,0.0999,0.3879,0.0134,0.0361,0.069,2.449
2026-04-22 15:00:00,0.4437,2.465,0.0568,0.3869,0.0113,0.0297,0.0563,2.428
2026-04-22 16:00:00,1.0073,3.6763,0.0845,0.9228,0.0168,0.0664,0.0879,4.23
2026-04-22 17:00:00,1.1309,3.073,0.1614,0.9694,0.0299,0.0689,0.1018,5.412
2026-04-22 18:00:00,1.1399,1.8385,0.1144,1.0255,0.0222,0.0714,0.0999,5.151
2026-04-22 19:00:00,1.3454,2.8871,0.157,1.1884,0.0249,0.0577,0.0969,6.588
2026-04-22 20:00:00,5.2211,16.0156,0.3719,4.8492,0.0538,0.1328,0.1507,10.177
2026-04-22 21:00:00,1.8474,4.9931,0.2339,1.6135,0.0366,0.0874,0.1152,8.23
2026-04-22 22:00:00,1.3671,3.9973,0.201,1.1661,0.0386,0.0773,0.1185,6.445
2026-04-22 23:00:00,2.67,7.2555,0.5806,2.0894,0.0661,0.1154,0.1405,10.647
2026-04-23 00:00:00,0.9187,1.2867,0.0935,0.8252,0.0183,0.0477,0.0769,5.393
2026-04-23 01:00:00,0.2396,0.3462,0.0307,0.2089,0.0062,0.0044,0.0247,1.294
2026-04-23 02:00:00,1.6069,8.1154,0.0267,1.5801,0.0048,0.0274,0.0285,1.466
2026-04-23 03:00:00,0.176,0.936,0.0144,0.1616,0.0033,0.0053,0.0207,1.036
2026-04-23 04:00:00,0.1355,0.8689,0.0106,0.125,0.0021,0.0042,0.0164,0.788
2026-04-23 05:00:00,0.0698,0.406,0.0072,0.0627,0.0016,0.0043,0.0145,0.6
2026-04-23 06:00:00,0.2413,1.1602,0.0175,0.2238,0.0031,0.0098,0.0208,0.749
2026-04-23 07:00:00,0.9036,2.8778,0.1362,0.7674,0.0152,0.0312,0.0579,3.238
2026-04-23 08:00:00,1.4354,3.7187,0.1022,1.3332,0.0164,0.0519,0.082,4.43
2026-04-23 09:00:00,0.5145,1.5879,0.071,0.4435,0.0103,0.0195,0.053,2.509
2026-04-23 10:00:00,1.2967,7.0476,0.2777,1.0191,0.0183,0.0335,0.0626,2.512
2026-04-23 11:00:00,3.5055,10.5586,0.1472,3.3583,0.0244,0.0946,0.1144,6.554
2026-04-23 12:00:00,2.9969,10.1247,0.3086,2.6883,0.0443,0.0963,0.1345,7.964
2026-04-23 13:00:00,2.5665,9.2319,1.0693,1.4972,0.1182,0.0677,0.1483,7.8
2026-04-23 14:00:00,0.6344,2.6213,0.0929,0.5414,0.0123,0.0238,0.0558,2.992
2026-04-23 15:00:00,0.673,2.8519,0.066,0.607,0.0153,0.0329,0.0836,3.681
2026-04-23 16:00:00,0.5146,2.2771,0.1762,0.3385,0.027,0.0392,0.0848,4.448
2026-04-23 17:00:00,0.8201,1.8809,0.2705,0.5496,0.0261,0.034,0.077,4.783
2026-04-23 18:00:00,1.4466,2.7091,0.105,1.3416,0.0182,0.0567,0.0825,5.33
2026-04-23 19:00:00,2.2546,5.368,0.4951,1.7594,0.0763,0.0839,0.1317,8.229
2026-04-23 20:00:00,2.5021,5.4394,0.656,1.8461,0.1063,0.1147,0.18,10.782
2026-04-23 21:00:00,1.1109,2.7911,0.3756,0.7353,0.0667,0.0672,0.1407,7.973
2026-04-23 22:00:00,3.5675,10.8766,0.559,3.0085,0.0681,0.1441,0.2174,10.595
2026-04-23 23:00:00,2.1816,7.5228,0.1854,1.9962,0.0281,0.0853,0.1047,8.999
2026-04-24 00:00:00,2.691,3.7066,0.0887,2.6023,0.0228,0.1061,0.1257,9.849
2026-04-24 01:00:00,1.485,4.6119,0.061,1.4241,0.013,0.0355,0.0649,5.715
2026-04-24 02:00:00,0.0624,0.2436,0.0064,0.0559,0.0041,0.0131,0.0236,0.499
2026-04-24 03:00:00,0.0133,0.0527,0.0028,0.0105,0.002,0.0097,0.0158,0.326
2026-04-24 04:00:00,0.1266,0.8011,0.0137,0.1129,0.003,0.0055,0.019,0.789
2026-04-24 05:00:00,0.0178,0.0949,0.0031,0.0148,0.0032,0.0032,0.0189,1.07
2026-04-24 06:00:00,0.0878,0.418,0.0163,0.0715,0.0048,0.0041,0.0252,2.124
2026-04-24 07:00:00,0.5051,1.8571,0.071,0.4342,0.0088,0.0177,0.0437,2.91
2026-04-24 08:00:00,0.7523,1.8438,0.1078,0.6445,0.0159,0.0356,0.0704,3.815
2026-04-24 09:00:00,0.8248,3.3259,0.253,0.5718,0.0238,0.0363,0.0777,4.097
2026-04-24 10:00:00,0.4712,1.6828,0.0597,0.4115,0.0122,0.0204,0.0658,2.611
2026-04-24 11:00:00,1.0107,4.8592,0.1292,0.8815,0.0235,0.0411,0.0707,3.053
2026-04-24 12:00:00,0.6058,1.6921,0.0997,0.506,0.0175,0.0434,0.0747,4.497
2026-04-24 13:00:00,0.7942,4.462,0.0637,0.7305,0.016,0.0664,0.0802,3.178
2026-04-24 14:00:00,0.659,2.769,0.1043,0.5548,0.0118,0.0234,0.054,2.823
2026-04-24 15:00:00,1.558,6.4381,0.1089,1.4491,0.0137,0.0416,0.0627,3.307
2026-04-24 16:00:00,0.4407,1.5197,0.0981,0.3426,0.0193,0.0479,0.0733,3.35
2026-04-24 17:00:00,1.0422,2.8476,0.1166,0.9256,0.0222,0.0488,0.0831,4.802
2026-04-24 18:00:00,1.6696,2.6334,0.2026,1.467,0.0247,0.0656,0.0975,8.17
2026-04-24 19:00:00,0.9799,3.0242,0.1654,0.8145,0.0245,0.0564,0.1097,6.321
2026-04-24 20:00:00,1.5529,4.1083,0.1504,1.4025,0.0417,0.0671,0.1105,7.517
2026-04-24 21:00:00,1.8845,4.403,0.372,1.5125,0.0448,0.071,0.1303,8.325
2026-04-24 22:00:00,1.5067,4.8603,0.3302,1.1765,0.04,0.082,0.1265,7.533
2026-04-24 23:00:00,3.2667,9.2278,0.2344,3.0322,0.0326,0.1533,0.1499,9.915
2026-04-25 00:00:00,1.3353,1.8702,0.1194,1.2159,0.0201,0.0646,0.0863,6.297
2026-04-25 01:00:00,0.652,1.3583,0.0559,0.5961,0.0093,0.0196,0.0413,2.641
2026-04-25 02:00:00,0.4451,1.7946,0.0575,0.3876,0.0102,0.0147,0.0428,2.727
2026-04-25 03:00:00,0.0997,0.4702,0.0354,0.0643,0.0054,0.0044,0.0242,1.391
2026-04-25 04:00:00,0.0499,0.2739,0.0297,0.0202,0.0046,0.0032,0.021,1.233
2026-04-25 05:00:00,0.0451,0.2506,0.0077,0.0375,0.0012,0.0027,0.0121,0.442
2026-04-25 06:00:00,0.9135,4.5674,0.0286,0.8849,0.0047,0.0236,0.0311,1.893
2026-04-25 07:00:00,0.4622,1.764,0.034,0.4281,0.0058,0.0151,0.0323,1.563
2026-04-25 08:00:00,0.8026,2.5561,0.0698,0.7329,0.0134,0.0352,0.0647,2.223
2026-04-25 09:00:00,0.9934,2.1784,0.0762,0.9172,0.0156,0.0572,0.091,3.449
2026-04-25 10:00:00,1.0668,1.905,0.1078,0.959,0.0221,0.0547,0.1132,3.67
2026-04-25 11:00:00,1.5696,2.4074,0.1618,1.4078,0.0195,0.0588,0.081,4.64
2026-04-25 12:00:00,11.8153,25.3547,0.3209,11.4944,0.0261,0.1978,0.1322,7.282
2026-04-25 13:00:00,2.4958,5.7507,0.1173,2.3785,0.0162,0.0658,0.0884,7.287
2026-04-25 14:00:00,1.8552,4.7816,0.2269,1.6283,0.0254,0.0639,0.0931,6.329
2026-04-25 15:00:00,1.1778,3.5263,0.0972,1.0806,0.0139,0.0507,0.0686,3.7
2026-04-25 16:00:00,1.1482,3.1894,0.1151,1.0331,0.0189,0.0546,0.1003,3.984
2026-04-25 17:00:00,1.653,4.4675,0.1495,1.5035,0.0223,0.059,0.0985,4.894
2026-04-25 18:00:00,1.8077,4.2433,0.5174,1.2903,0.0618,0.0765,0.1138,6.456
2026-04-25 19:00:00,1.3913,4.1162,0.18,1.2113,0.0258,0.0823,0.1017,6.169
2026-04-25 20:00:00,3.3099,7.0724,0.4672,2.8426,0.0803,0.1385,0.1915,8.692
2026-04-25 21:00:00,1.4414,3.9598,0.266,1.1753,0.0459,0.0691,0.0953,4.996
2026-04-25 22:00:00,2.8182,10.1373,1.6317,1.1865,0.1088,0.0778,0.1206,6.376
2026-04-25 23:00:00,2.4629,12.1924,0.4312,2.0316,0.0533,0.1031,0.1517,10.587
2026-04-26 00:00:00,2.5167,11.2353,0.3036,2.2131,0.0371,0.1215,0.1445,11.39
2026-04-26 01:00:00,0.6728,3.6563,0.0672,0.6056,0.0247,0.0418,0.107,7.634
2026-04-26 02:00:00,0.2494,1.1988,0.0763,0.173,0.0105,0.011,0.0468,4.77
2026-04-26 03:00:00,0.1696,0.6732,0.0216,0.148,0.0055,0.0089,0.0335,3.19
2026-04-26 04:00:00,0.302,1.0067,0.0546,0.2474,0.0092,0.0121,0.0385,4.124
2026-04-26 05:00:00,0.1358,0.6116,0.0208,0.115,0.0057,0.0064,0.0318,3.48
2026-04-26 06:00:00,0.1847,0.513,0.0311,0.1536,0.0073,0.0084,0.0392,3.822
2026-04-26 07:00:00,0.4857,1.0422,0.0641,0.4216,0.0121,0.0215,0.0543,4.84
2026-04-26 08:00:00,2.1492,5.0215,0.177,1.9722,0.0252,0.0782,0.1074,7.338
2026-04-26 09:00:00,2.0031,4.5525,0.1133,1.8898,0.0256,0.1078,0.1367,6.009
2026-04-26 10:00:00,2.321,7.4391,0.1867,2.1343,0.0285,0.0813,0.1158,7.895
2026-04-26 11:00:00,3.363,8.4497,0.6314,2.7316,0.0666,0.1033,0.1415,7.11
2026-04-26 12:00:00,1.9903,4.3457,0.2968,1.6936,0.0422,0.1042,0.14,9.783
2026-04-26 13:00:00,3.1089,9.2526,0.7615,2.3474,0.0564,0.1001,0.1344,8.537
2026-04-26 14:00:00,3.043,10.2804,1.4667,1.5763,0.0966,0.0805,0.1273,7.687
2026-04-26 15:00:00,3.3662,8.0148,0.8808,2.4854,0.072,0.0956,0.1464,8.975
2026-04-26 16:00:00,2.5264,5.9586,0.211,2.3155,0.0268,0.087,0.1167,7.557
2026-04-26 17:00:00,0.8521,2.3934,0.1401,0.712,0.0205,0.0494,0.0843,4.795
2026-04-26 18:00:00,1.1137,2.1667,0.2954,0.8183,0.0288,0.0418,0.0841,4.888
2026-04-26 19:00:00,2.2757,5.8955,0.6647,1.6109,0.0802,0.0948,0.1757,9.031
2026-04-26 20:00:00,0.9104,2.6012,0.1219,0.7886,0.0237,0.05,0.1074,8.662
2026-04-26 21:00:00,1.1666,4.0227,0.134,1.0326,0.0195,0.0475,0.0789,5.432
2026-04-26 22:00:00,1.9878,7.0994,0.169,1.8188,0.026,0.093,0.1071,6.977
2026-04-26 23:00:00,1.1657,3.4489,0.0708,1.0949,0.0122,0.045,0.0548,3.173
2026-04-27 00:00:00,1.1903,5.5104,0.0835,1.1068,0.0182,0.0751,0.083,3.294
2026-04-27 01:00:00,2.5708,18.9026,0.0928,2.4779,0.0199,0.1026,0.1018,4.368
2026-04-27 02:00:00,0.8932,5.2542,0.0399,0.8533,0.0102,0.0357,0.0546,2.395
2026-04-27 03:00:00,0.1267,0.7917,0.0371,0.0896,0.0098,0.0103,0.0545,4.847
2026-04-27 04:00:00,0.0477,0.4589,0.0121,0.0356,0.0063,0.0084,0.0382,3.013
2026-04-27 05:00:00,0.1451,1.296,0.0112,0.1339,0.006,0.0076,0.0351,2.3
2026-04-27 06:00:00,0.6202,3.8286,0.0451,0.5751,0.0095,0.0207,0.0534,3.422
2026-04-27 07:00:00,0.5523,2.3207,0.1626,0.3897,0.0144,0.0229,0.063,2.774
2026-04-27 08:00:00,0.4697,1.398,0.0522,0.4175,0.0098,0.0215,0.0515,1.946
2026-04-27 09:00:00,0.8808,3.5515,0.059,0.8218,0.0104,0.0295,0.0613,2.93
2026-04-27 10:00:00,0.7587,3.9931,0.0975,0.6612,0.0141,0.0295,0.071,4.99
2026-04-27 11:00:00,0.9562,3.9511,0.1338,0.8224,0.015,0.0344,0.0698,3.27
2026-04-27 12:00:00,0.5753,1.7021,0.0654,0.51,0.0156,0.0439,0.0789,3.747
2026-04-27 13:00:00,1.1728,4.6911,0.0865,1.0863,0.0125,0.0395,0.0648,3.617
2026-04-27 14:00:00,2.3701,12.8811,0.6418,1.7283,0.0481,0.0876,0.1146,5.928
2026-04-27 15:00:00,1.8868,10.036,0.1567,1.7301,0.016,0.0631,0.072,4.368
2026-04-27 16:00:00,2.2745,9.5566,0.1686,2.1059,0.026,0.0986,0.1252,6.185
2026-04-27 17:00:00,1.1024,3.6748,0.1116,0.9908,0.0185,0.0593,0.0879,5.239
2026-04-27 18:00:00,2.0806,4.2461,0.2553,1.8253,0.0294,0.0785,0.1115,7.75
2026-04-27 19:00:00,2.7454,7.1494,0.3706,2.3747,0.04,0.0927,0.1124,6.447
2026-04-27 20:00:00,2.715,9.5598,0.3757,2.3393,0.0343,0.0981,0.105,5.928
2026-04-27 21:00:00,2.484,8.1176,0.2603,2.2237,0.0517,0.1345,0.1516,7.652
2026-04-27 22:00:00,1.0017,4.2089,0.0831,0.9186,0.0273,0.0951,0.1157,4.262
2026-04-27 23:00:00,0.6294,2.0044,0.0868,0.5426,0.0189,0.0643,0.0993,5.288
2026-04-28 00:00:00,1.6938,7.8415,0.1373,1.5565,0.0193,0.0801,0.0867,6.153
2026-04-28 01:00:00,0.7266,4.1757,0.0776,0.649,0.0152,0.0365,0.0581,4.05
2026-04-28 02:00:00,0.387,2.0157,0.056,0.331,0.0127,0.0131,0.0504,3.747
2026-04-28 03:00:00,0.4271,1.6302,0.0437,0.3834,0.0069,0.0181,0.0364,3.338
2026-04-28 04:00:00,1.6355,7.5025,0.0922,1.5434,0.0107,0.025,0.0479,4.429
2026-04-28 05:00:00,0.3959,2.0837,0.0396,0.3563,0.0088,0.0145,0.0475,4.712
2026-04-28 06:00:00,0.0893,0.5514,0.0271,0.0623,0.007,0.0074,0.0435,4.143
2026-04-28 07:00:00,0.9459,3.6382,0.1063,0.8397,0.0145,0.0341,0.0775,6.398
2026-04-28 08:00:00,2.0166,5.4799,0.1303,1.8863,0.0199,0.0638,0.0928,6.131
2026-04-28 09:00:00,1.1476,3.8509,0.212,0.9355,0.0209,0.0394,0.0723,3.624
2026-04-28 10:00:00,0.7089,2.4113,0.0974,0.6115,0.0139,0.0309,0.0659,2.514
2026-04-28 11:00:00,1.0248,2.7549,0.1868,0.838,0.028,0.0478,0.0827,4.194
2026-04-28 12:00:00,1.314,6.0276,0.1703,1.1437,0.022,0.0894,0.0949,5.006
2026-04-28 13:00:00,0.457,1.9697,0.0562,0.4007,0.0089,0.0238,0.0484,2.292
2026-04-28 14:00:00,0.5937,2.1989,0.0539,0.5398,0.01,0.0246,0.0542,2.298
2026-04-28 15:00:00,0.5877,2.5776,0.085,0.5027,0.0128,0.0323,0.0669,3.499
2026-04-28 16:00:00,0.4054,1.9489,0.0485,0.3568,0.0161,0.0335,0.0636,2.649
2026-04-28 17:00:00,3.736,11.7483,2.7634,0.9725,0.1565,0.0625,0.1074,4.571
2026-04-28 18:00:00,8.0491,17.8079,4.4931,3.5561,0.3351,0.1487,0.2055,9.936
2026-04-28 19:00:00,1.4342,2.9389,0.3025,1.1317,0.0609,0.0746,0.119,5.677
2026-04-28 20:00:00,1.7755,4.11,0.4238,1.3518,0.0386,0.0578,0.0959,7.371
2026-04-28 21:00:00,1.8184,3.8362,0.4733,1.3451,0.0516,0.1149,0.187,8.355
2026-04-28 22:00:00,1.8499,4.6481,0.1013,1.7486,0.0261,0.0885,0.1065,5.8
2026-04-28 23:00:00,1.8177,4.8601,0.1342,1.6834,0.0228,0.0698,0.0954,7.872
2026-04-29 00:00:00,0.3568,0.4744,0.0506,0.3062,0.011,0.0169,0.0464,3.328
2026-04-29 01:00:00,0.8477,1.1095,0.0331,0.8145,0.0094,0.026,0.044,2.688
2026-04-29 02:00:00,1.1559,1.4271,0.0724,1.0835,0.0103,0.0267,0.0474,3.053
2026-04-29 03:00:00,1.1459,1.9034,0.0409,1.105,0.0094,0.0247,0.0445,3.028
2026-04-29 04:00:00,0.6245,1.5613,0.0233,0.6012,0.0048,0.0134,0.0275,1.713
2026-04-29 05:00:00,0.0388,0.1073,0.0072,0.0316,0.0027,0.0035,0.021,1.644
2026-04-29 06:00:00,0.1411,0.4523,0.0193,0.1218,0.0033,0.0066,0.0231,1.186
2026-04-29 07:00:00,0.4914,1.4203,0.0623,0.4291,0.0109,0.0272,0.0501,1.761
2026-04-29 08:00:00,0.8271,2.7754,0.1607,0.6664,0.0162,0.0361,0.0701,3.547
2026-04-29 09:00:00,0.3892,1.7533,0.1033,0.2859,0.0109,0.0205,0.0522,1.997
2026-04-29 10:00:00,0.6192,3.0654,0.0464,0.5728,0.0167,0.0319,0.0736,3.934
2026-04-29 11:00:00,0.4752,2.6999,0.0914,0.3838,0.0147,0.0289,0.0711,3.26
2026-04-29 12:00:00,0.5379,1.1692,0.083,0.4549,0.0155,0.0414,0.0818,3.763
2026-04-29 13:00:00,0.8554,2.43,0.1192,0.7362,0.022,0.046,0.0826,3.482
2026-04-29 14:00:00,0.4879,2.3683,0.0999,0.3879,0.0134,0.0361,0.069,2.449
2026-04-29 15:00:00,0.4437,2.465,0.0568,0.3869,0.0113,0.0297,0.0563,2.428
2026-04-29 16:00:00,1.0073,3.6763,0.0845,0.9228,0.0168,0.0664,0.0879,4.23
2026-04-29 17:00:00,1.1309,3.073,0.1614,0.9694,0.0299,0.0689,0.1018,5.412
2026-04-29 18:00:00,1.1399,1.8385,0.1144,1.0255,0.0222,0.0714,0.0999,5.151
2026-04-29 19:00:00,1.3454,2.8871,0.157,1.1884,0.0249,0.0577,0.0969,6.588
2026-04-29 20:00:00,5.2211,16.0156,0.3719,4.8492,0.0538,0.1328,0.1507,10.177
2026-04-29 21:00:00,1.8474,4.9931,0.2339,1.6135,0.0366,0.0874,0.1152,8.23
2026-04-29 22:00:00,1.3671,3.9973,0.201,1.1661,0.0386,0.0773,0.1185,6.445
2026-04-29 23:00:00,2.67,7.2555,0.5806,2.0894,0.0661,0.1154,0.1405,10.647
2026-04-30 00:00:00,0.9187,1.2867,0.0935,0.8252,0.0183,0.0477,0.0769,5.393
2026-04-30 01:00:00,0.2396,0.3462,0.0307,0.2089,0.0062,0.0044,0.0247,1.294
2026-04-30 02:00:00,1.6069,8.1154,0.0267,1.5801,0.0048,0.0274,0.0285,1.466
2026-04-30 03:00:00,0.176,0.936,0.0144,0.1616,0.0033,0.0053,0.0207,1.036
2026-04-30 04:00:00,0.1355,0.8689,0.0106,0.125,0.0021,0.0042,0.0164,0.788
2026-04-30 05:00:00,0.0698,0.406,0.0072,0.0627,0.0016,0.0043,0.0145,0.6
2026-04-30 06:00:00,0.2413,1.1602,0.0175,0.2238,0.0031,0.0098,0.0208,0.749
2026-04-30 07:00:00,0.9036,2.8778,0.1362,0.7674,0.0152,0.0312,0.0579,3.238
2026-04-30 08:00:00,1.4354,3.7187,0.1022,1.3332,0.0164,0.0519,0.082,4.43
2026-04-30 09:00:00,0.5145,1.5879,0.071,0.4435,0.0103,0.0195,0.053,2.509
2026-04-30 10:00:00,1.2967,7.0476,0.2777,1.0191,0.0183,0.0335,0.0626,2.512
2026-04-30 11:00:00,3.5055,10.5586,0.1472,3.3583,0.0244,0.0946,0.1144,6.554
2026-04-30 12:00:00,2.9969,10.1247,0.3086,2.6883,0.0443,0.0963,0.1345,7.964
2026-04-30 13:00:00,2.5665,9.2319,1.0693,1.4972,0.1182,0.0677,0.1483,7.8
2026-04-30 14:00:00,0.6344,2.6213,0.0929,0.5414,0.0123,0.0238,0.0558,2.992
2026-04-30 15:00:00,0.673,2.8519,0.066,0.607,0.0153,0.0329,0.0836,3.681
2026-04-30 16:00:00,0.5146,2.2771,0.1762,0.3385,0.027,0.0392,0.0848,4.448
2026-04-30 17:00:00,0.8201,1.8809,0.2705,0.5496,0.0261,0.034,0.077,4.783
2026-04-30 18:00:00,1.4466,2.7091,0.105,1.3416,0.0182,0.0567,0.0825,5.33
2026-04-30 19:00:00,2.2546,5.368,0.4951,1.7594,0.0763,0.0839,0.1317,8.229
2026-04-30 20:00:00,2.5021,5.4394,0.656,1.8461,0.1063,0.1147,0.18,10.782
2026-04-30 21:00:00,1.1109,2.7911,0.3756,0.7353,0.0667,0.0672,0.1407,7.973
2026-04-30 22:00:00,3.5675,10.8766,0.559,3.0085,0.0681,0.1441,0.2174,10.595
2026-04-30 23:00:00,2.1816,7.5228,0.1854,1.9962,0.0281,0.0853,0.1047,8.999
